[
{
"kids":[],
"uid":"2716231931",
"parent":"yFJmJ6IoX",
"text":"",
"mid":"z7eyV0dMh",
"date":"2012-11-28 07:38:05"
},
{
"kids":[],
"uid":"1793725315",
"parent":"",
"text":"如果这是真实情况，请大家俭鄫層悻的帮忙转发一下这条微博，感谢！[爱心传递]",
"mid":"yFOEr8YDY",
"date":"2012-10-10 19:16:37"
},
{
"kids":[],
"uid":"2430124367",
"parent":"yFFjcbGzE",
"text":"[蜡烛][蜡烛][蜡烛]",
"mid":"yFNRc56IT",
"date":"2012-10-10 17:15:16"
},
{
"kids":[],
"uid":"1662112037",
"parent":"",
"text":"",
"mid":"yFNpwsf6c",
"date":"2012-10-10 16:07:08"
},
{
"kids":[],
"uid":"yellowyet",
"parent":"yFModqENZ",
"text":"@輝煌虎王大輝狼 :[蜡烛]虽然我身边没人认识。但请节哀",
"mid":"yFMstAfli",
"date":"2012-10-10 13:41:39"
},
{
"kids":[
"yFMstAfli"
],
"uid":"beichouchupin",
"parent":"yFGg6btzp",
"text":"[蜡烛]虽然我身边没人认识。但请节哀",
"mid":"yFModqENZ",
"date":"2012-10-10 13:31:11"
},
{
"kids":[],
"uid":"2627614294",
"parent":"",
"text":"",
"mid":"yFLJC7pKi",
"date":"2012-10-10 11:51:06"
},
{
"kids":[],
"uid":"chenaileen",
"parent":"yFGvQd22N",
"text":"扩散",
"mid":"yFKLNpODl",
"date":"2012-10-10 09:23:45"
},
{
"kids":[],
"uid":"panchul",
"parent":"yFG888ZVC",
"text":"",
"mid":"yFKFw0Fhs",
"date":"2012-10-10 09:08:18"
},
{
"kids":[],
"uid":"1280473373",
"parent":"",
"text":"",
"mid":"yFKibfWlp",
"date":"2012-10-10 08:10:47"
},
{
"kids":[
"z7eyV0dMh"
],
"uid":"1581670254",
"parent":"yFGOwuTRQ",
"text":"",
"mid":"yFJmJ6IoX",
"date":"2012-10-10 05:49:14"
},
{
"kids":[],
"uid":"2790020812",
"parent":"yFFNR6i7z",
"text":"",
"mid":"yFHHDjDfO",
"date":"2012-10-10 01:35:16"
},
{
"kids":[],
"uid":"2919348394",
"parent":"yFFNR6i7z",
"text":"",
"mid":"yFHHDi6Am",
"date":"2012-10-10 01:35:16"
},
{
"kids":[],
"uid":"1007070922",
"parent":"",
"text":"",
"mid":"yFHG3uJMI",
"date":"2012-10-10 01:31:23"
},
{
"kids":[],
"uid":"1588413962",
"parent":"",
"text":"",
"mid":"yFHv2Cc07",
"date":"2012-10-10 01:04:15"
},
{
"kids":[],
"uid":"2804733454",
"parent":"",
"text":"",
"mid":"yFHv2ASni",
"date":"2012-10-10 01:04:15"
},
{
"kids":[],
"uid":"2022531211",
"parent":"",
"text":"",
"mid":"yFHlxn4TY",
"date":"2012-10-10 00:40:50"
},
{
"kids":[],
"uid":"1798519390",
"parent":"",
"text":"转发微博。",
"mid":"yFHgI3MNR",
"date":"2012-10-10 00:28:56"
},
{
"kids":[],
"uid":"2642770440",
"parent":"",
"text":"",
"mid":"yFHfGgqKh",
"date":"2012-10-10 00:26:24"
},
{
"kids":[],
"uid":"shanshan1979",
"parent":"yFH9S0vH5",
"text":"佩服你们这些人，这也信，别说假的，即使是真的也没必要管，家里人都联系不上 ，有什么好找的",
"mid":"yFHe0vwKE",
"date":"2012-10-10 00:22:17"
},
{
"kids":[
"yFHe0vwKE"
],
"uid":"1214506031",
"parent":"",
"text":"[蜡烛]@SI张鑫明 @daniel的天马行空 @卡酷七色光蒋帅 快回家吧",
"mid":"yFH9S0vH5",
"date":"2012-10-10 00:12:02"
},
{
"kids":[],
"uid":"2350691017",
"parent":"yFFNR6i7z",
"text":"",
"mid":"yFH1cxNu2",
"date":"2012-10-09 23:50:45"
},
{
"kids":[],
"uid":"yifanwudao",
"parent":"",
"text":"",
"mid":"yFGXzDPZc",
"date":"2012-10-09 23:41:47"
},
{
"kids":[],
"uid":"2037797211",
"parent":"",
"text":"",
"mid":"yFGQT3DU9",
"date":"2012-10-09 23:25:20"
},
{
"kids":[
"yFJmJ6IoX"
],
"uid":"2716231931",
"parent":"yFFIQvlTj",
"text":"一起转发吧！",
"mid":"yFGOwuTRQ",
"date":"2012-10-09 23:19:30"
},
{
"kids":[],
"uid":"2215045655",
"parent":"",
"text":"",
"mid":"yFGOnlkho",
"date":"2012-10-09 23:19:04"
},
{
"kids":[],
"uid":"2017571147",
"parent":"yFG888ZVC",
"text":"[爱心传递][爱心传递][爱心传递]",
"mid":"yFGKark2A",
"date":"2012-10-09 23:08:44"
},
{
"kids":[],
"uid":"2125199163",
"parent":"",
"text":"",
"mid":"yFGI3wrQD",
"date":"2012-10-09 23:03:34"
},
{
"kids":[],
"uid":"2648953315",
"parent":"",
"text":"",
"mid":"yFGFOkN42",
"date":"2012-10-09 22:58:02"
},
{
"kids":[],
"uid":"2784869552",
"parent":"yFFIQvlTj",
"text":"",
"mid":"yFGDs4EnC",
"date":"2012-10-09 22:52:13"
},
{
"kids":[],
"uid":"xiahou1992",
"parent":"",
"text":"[围观][围观][蜡烛][蜡烛]",
"mid":"yFGDoxp7C",
"date":"2012-10-09 22:52:05"
},
{
"kids":[],
"uid":"2938534602",
"parent":"yFFIQvlTj",
"text":"",
"mid":"yFGyjdmXY",
"date":"2012-10-09 22:39:32"
},
{
"kids":[],
"uid":"534551299",
"parent":"",
"text":"悲剧啊…",
"mid":"yFGyc9OKe",
"date":"2012-10-09 22:39:16"
},
{
"kids":[],
"uid":"1571190904",
"parent":"",
"text":"",
"mid":"yFGweoJjT",
"date":"2012-10-09 22:34:23"
},
{
"kids":[
"yFKLNpODl"
],
"uid":"1916794123",
"parent":"yFFWOhSmA",
"text":"接力",
"mid":"yFGvQd22N",
"date":"2012-10-09 22:33:27"
},
{
"kids":[],
"uid":"2848092970",
"parent":"yFG888ZVC",
"text":"转",
"mid":"yFGsQlJ1B",
"date":"2012-10-09 22:26:01"
},
{
"kids":[],
"uid":"1827830782",
"parent":"",
"text":"我觉得电视，广播更好吧，不过不知道收费不！他上网吗？微博吗",
"mid":"yFGmmttaU",
"date":"2012-10-09 22:10:08"
},
{
"kids":[],
"uid":"315364443",
"parent":"",
"text":"",
"mid":"yFGlgbuuM",
"date":"2012-10-09 22:07:25"
},
{
"kids":[
"yFModqENZ"
],
"uid":"2265864760",
"parent":"",
"text":"",
"mid":"yFGg6btzp",
"date":"2012-10-09 21:54:39"
},
{
"kids":[],
"uid":"2736263827",
"parent":"yFFIQvlTj",
"text":"",
"mid":"yFGfob3DL",
"date":"2012-10-09 21:52:56"
},
{
"kids":[],
"uid":"2957171135",
"parent":"",
"text":"",
"mid":"yFGdhhn6E",
"date":"2012-10-09 21:47:44"
},
{
"kids":[
"yFKFw0Fhs",
"yFGKark2A",
"yFGsQlJ1B"
],
"uid":"2160165510",
"parent":"",
"text":"大家多转转！！快！！",
"mid":"yFG888ZVC",
"date":"2012-10-09 21:35:01"
},
{
"kids":[],
"uid":"316668760",
"parent":"",
"text":"回复@玛洁阿米:是不是假的啊……转了才看到你的这条评论……",
"mid":"yFG3T9W81",
"date":"2012-10-09 21:24:34"
},
{
"kids":[],
"uid":"2047904330",
"parent":"yFFA3jX1D",
"text":"",
"mid":"yFG2dpvbc",
"date":"2012-10-09 21:20:28"
},
{
"kids":[],
"uid":"1647521275",
"parent":"",
"text":"",
"mid":"yFG1v5JHk",
"date":"2012-10-09 21:18:43"
},
{
"kids":[],
"uid":"2143111472",
"parent":"yFFS2emDd",
"text":"",
"mid":"yFG0LzMr0",
"date":"2012-10-09 21:16:55"
},
{
"kids":[],
"uid":"1833238935",
"parent":"",
"text":"",
"mid":"yFG0uaMSy",
"date":"2012-10-09 21:16:13"
},
{
"kids":[],
"uid":"1972726463",
"parent":"yFFWOhSmA",
"text":"",
"mid":"yFFY3r4QK",
"date":"2012-10-09 21:10:14"
},
{
"kids":[],
"uid":"1848512680",
"parent":"",
"text":"",
"mid":"yFFXvsUNr",
"date":"2012-10-09 21:08:53"
},
{
"kids":[],
"uid":"zhaiwenlong",
"parent":"",
"text":"请大家帮忙扩散！",
"mid":"yFFWYDsfc",
"date":"2012-10-09 21:07:35"
},
{
"kids":[
"yFGvQd22N",
"yFFY3r4QK"
],
"uid":"716478998",
"parent":"",
"text":"",
"mid":"yFFWOhSmA",
"date":"2012-10-09 21:07:07"
},
{
"kids":[],
"uid":"1678464814",
"parent":"yFFA3jX1D",
"text":"+1",
"mid":"yFFWI8B7p",
"date":"2012-10-09 21:06:54"
},
{
"kids":[],
"uid":"1280180422",
"parent":"yFFV0ktKX",
"text":"",
"mid":"yFFVs7r7X",
"date":"2012-10-09 21:03:49"
},
{
"kids":[
"yFFVs7r7X"
],
"uid":"danford1982",
"parent":"yFFNR6i7z",
"text":"",
"mid":"yFFV0ktKX",
"date":"2012-10-09 21:02:41"
},
{
"kids":[],
"uid":"2135124791",
"parent":"yFFPF4Kkb",
"text":"",
"mid":"yFFSboYRg",
"date":"2012-10-09 20:55:46"
},
{
"kids":[
"yFG0LzMr0"
],
"uid":"2197369173",
"parent":"",
"text":"",
"mid":"yFFS2emDd",
"date":"2012-10-09 20:55:24"
},
{
"kids":[
"yFFSboYRg"
],
"uid":"2479728871",
"parent":"",
"text":"",
"mid":"yFFPF4Kkb",
"date":"2012-10-09 20:49:32"
},
{
"kids":[
"yFHHDjDfO",
"yFHHDi6Am",
"yFH1cxNu2",
"yFFV0ktKX"
],
"uid":"1869776554",
"parent":"yFEZ5eqKX",
"text":"",
"mid":"yFFNR6i7z",
"date":"2012-10-09 20:45:05"
},
{
"kids":[],
"uid":"1951899354",
"parent":"yFF0nyTs2",
"text":"",
"mid":"yFFK5nxwQ",
"date":"2012-10-09 20:35:47"
},
{
"kids":[],
"uid":"2090601051",
"parent":"yFFIQvlTj",
"text":"扩",
"mid":"yFFJEcefm",
"date":"2012-10-09 20:34:45"
},
{
"kids":[],
"uid":"2358242641",
"parent":"yFFIQvlTj",
"text":"",
"mid":"yFFJyyP3U",
"date":"2012-10-09 20:34:31"
},
{
"kids":[],
"uid":"2754237581",
"parent":"",
"text":"",
"mid":"yFFJwt4c5",
"date":"2012-10-09 20:34:27"
},
{
"kids":[
"yFGOwuTRQ",
"yFGDs4EnC",
"yFGyjdmXY",
"yFGfob3DL",
"yFFJEcefm",
"yFFJyyP3U"
],
"uid":"2013653444",
"parent":"yFFk13tSV",
"text":"",
"mid":"yFFIQvlTj",
"date":"2012-10-09 20:32:43"
},
{
"kids":[],
"uid":"haotianbanjia",
"parent":"",
"text":"",
"mid":"yFFI2xC0H",
"date":"2012-10-09 20:30:46"
},
{
"kids":[],
"uid":"kaopua",
"parent":"",
"text":"",
"mid":"yFFDu7mM0",
"date":"2012-10-09 20:19:33"
},
{
"kids":[],
"uid":"2276102361",
"parent":"",
"text":"",
"mid":"yFFDs4rPb",
"date":"2012-10-09 20:19:25"
},
{
"kids":[],
"uid":"1909876253",
"parent":"yFFzvCOkR",
"text":"帮忙转",
"mid":"yFFBQsqWy",
"date":"2012-10-09 20:15:31"
},
{
"kids":[
"yFG2dpvbc",
"yFFWI8B7p"
],
"uid":"1663181617",
"parent":"",
"text":"[话筒]",
"mid":"yFFA3jX1D",
"date":"2012-10-09 20:11:06"
},
{
"kids":[
"yFFBQsqWy"
],
"uid":"2000964115",
"parent":"",
"text":"转起来",
"mid":"yFFzvCOkR",
"date":"2012-10-09 20:09:45"
},
{
"kids":[],
"uid":"1980757341",
"parent":"",
"text":"[蜡烛]",
"mid":"yFFyM9G0n",
"date":"2012-10-09 20:07:56"
},
{
"kids":[],
"uid":"yokagamesnjust",
"parent":"",
"text":"",
"mid":"yFFxH76lN",
"date":"2012-10-09 20:05:17"
},
{
"kids":[],
"uid":"2233866001",
"parent":"",
"text":"转",
"mid":"yFFxEFq51",
"date":"2012-10-09 20:05:12"
},
{
"kids":[],
"uid":"1941486201",
"parent":"",
"text":"帮帮忙，转起来！～",
"mid":"yFFxkzMDV",
"date":"2012-10-09 20:04:23"
},
{
"kids":[],
"uid":"cy1015",
"parent":"",
"text":"",
"mid":"yFFwPguTN",
"date":"2012-10-09 20:03:08"
},
{
"kids":[],
"uid":"2696140542",
"parent":"",
"text":"",
"mid":"yFFugk1Bg",
"date":"2012-10-09 19:56:50"
},
{
"kids":[],
"uid":"1838430625",
"parent":"yFFgybpIn",
"text":"@Apple频道 @CONVERSE中国",
"mid":"yFFnc4Pxj",
"date":"2012-10-09 19:39:24"
},
{
"kids":[],
"uid":"2276518503",
"parent":"",
"text":"",
"mid":"yFFlNdbni",
"date":"2012-10-09 19:35:58"
},
{
"kids":[
"yFFIQvlTj"
],
"uid":"1880557113",
"parent":"",
"text":"",
"mid":"yFFk13tSV",
"date":"2012-10-09 19:31:35"
},
{
"kids":[
"yFNRc56IT"
],
"uid":"2321640475",
"parent":"",
"text":"",
"mid":"yFFjcbGzE",
"date":"2012-10-09 19:29:34"
},
{
"kids":[],
"uid":"2425645935",
"parent":"yFFgybpIn",
"text":"[蜡烛]",
"mid":"yFFi2FB4K",
"date":"2012-10-09 19:26:43"
},
{
"kids":[
"yFFnc4Pxj",
"yFFi2FB4K"
],
"uid":"chinamiaomiao",
"parent":"",
"text":"@周小纸 @阿迪达斯训练",
"mid":"yFFgybpIn",
"date":"2012-10-09 19:23:02"
},
{
"kids":[],
"uid":"2779402143",
"parent":"",
"text":"转起来",
"mid":"yFF8tlSzy",
"date":"2012-10-09 19:03:09"
},
{
"kids":[],
"uid":"2688447190",
"parent":"",
"text":"",
"mid":"yFF8bAywz",
"date":"2012-10-09 19:02:28"
},
{
"kids":[],
"uid":"1959796117",
"parent":"",
"text":"",
"mid":"yFF7txB32",
"date":"2012-10-09 19:00:43"
},
{
"kids":[],
"uid":"bingbingjixian",
"parent":"yFEZ5eqKX",
"text":"",
"mid":"yFF1IkdjK",
"date":"2012-10-09 18:46:30"
},
{
"kids":[],
"uid":"bigshake",
"parent":"",
"text":"",
"mid":"yFF1DjTlN",
"date":"2012-10-09 18:46:18"
},
{
"kids":[
"yFFK5nxwQ"
],
"uid":"wangyangyoga",
"parent":"",
"text":"",
"mid":"yFF0nyTs2",
"date":"2012-10-09 18:43:13"
},
{
"kids":[
"yFFNR6i7z",
"yFF1IkdjK"
],
"uid":"2172088414",
"parent":"",
"text":"",
"mid":"yFEZ5eqKX",
"date":"2012-10-09 18:40:01"
},
{
"kids":[],
"uid":"2697852805",
"parent":"",
"text":"",
"mid":"yFEHGm2rH",
"date":"2012-10-09 17:57:09"
},
{
"kids":[],
"uid":"888zhangyuexin",
"parent":"",
"text":"",
"mid":"yFEFnk3ux",
"date":"2012-10-09 17:51:26"
},
{
"kids":[],
"uid":"2049209601",
"parent":"",
"text":"",
"mid":"yFDDVsV4X",
"date":"2012-10-09 15:15:09"
},
{
"kids":[],
"uid":"2127315303",
"parent":"",
"text":"转发微博。",
"mid":"yFDmm0gdk",
"date":"2012-10-09 14:31:51"
},
{
"kids":[],
"uid":"1760001117",
"parent":"",
"text":"",
"mid":"yFCPBFOct",
"date":"2012-10-09 13:11:10"
},
{
"kids":[],
"uid":"zsilviya",
"parent":"",
"text":"",
"mid":"yFCN81SEO",
"date":"2012-10-09 13:05:03"
},
{
"kids":[],
"uid":"1849891164",
"parent":"",
"text":"转起",
"mid":"yFCMgg0EL",
"date":"2012-10-09 13:02:55"
},
{
"kids":[],
"uid":"2705431391",
"parent":"",
"text":"[话筒]",
"mid":"yFCL9CSe7",
"date":"2012-10-09 13:00:13"
},
{
"kids":[],
"uid":"1769079321",
"parent":"",
"text":"",
"mid":"yFCEZC7Hn",
"date":"2012-10-09 12:45:02"
},
{
"kids":[],
"uid":"2106362287",
"parent":"",
"text":"",
"mid":"yFCE136yL",
"date":"2012-10-09 12:42:36"
},
{
"kids":[],
"uid":"1324576425",
"parent":"",
"text":"",
"mid":"yFCDQ8b8U",
"date":"2012-10-09 12:42:10"
},
{
"kids":[],
"uid":"2117522902",
"parent":"",
"text":"[飞机]",
"mid":"yFCDA9q2e",
"date":"2012-10-09 12:41:33"
},
{
"kids":[],
"uid":"2977859072",
"parent":"",
"text":"",
"mid":"yFCBWdZJL",
"date":"2012-10-09 12:37:30"
},
{
"kids":[],
"uid":"2071279071",
"parent":"",
"text":"",
"mid":"yFCBh86QW",
"date":"2012-10-09 12:35:52"
},
{
"kids":[],
"uid":"2243798140",
"parent":"",
"text":"",
"mid":"yFCvQ04rK",
"date":"2012-10-09 12:22:27"
},
{
"kids":[],
"uid":"2387989331",
"parent":"",
"text":"",
"mid":"yFCuL9e6t",
"date":"2012-10-09 12:19:49"
},
{
"kids":[],
"uid":"2557655377",
"parent":"",
"text":"",
"mid":"yFCuos8Rp",
"date":"2012-10-09 12:18:54"
},
{
"kids":[],
"uid":"829430080",
"parent":"",
"text":"转发微博。",
"mid":"yFCugssJT",
"date":"2012-10-09 12:18:36"
}
]