[
{
"kids":[],
"uid":"1965341025",
"parent":"",
"text":"",
"mid":"A67IAdnuZ",
"date":"2013-08-23 23:06:41"
},
{
"kids":[],
"uid":"1915303704",
"parent":"zsx8Ix0Jq",
"text":"[蜡烛]",
"mid":"zsBaFkhfb",
"date":"2013-04-17 19:47:55"
},
{
"kids":[],
"uid":"2255287955",
"parent":"",
"text":"[蜡烛]",
"mid":"zsyDYbPUA",
"date":"2013-04-17 13:21:52"
},
{
"kids":[],
"uid":"2098969755",
"parent":"",
"text":"",
"mid":"zsygUyiPv",
"date":"2013-04-17 12:25:02"
},
{
"kids":[
"zsBaFkhfb"
],
"uid":"1603732327",
"parent":"",
"text":"[泪][泪][抓狂][抓狂]",
"mid":"zsx8Ix0Jq",
"date":"2013-04-17 09:32:08"
},
{
"kids":[],
"uid":"2746862553",
"parent":"",
"text":"[蜡烛]",
"mid":"zswJMzgVp",
"date":"2013-04-17 08:30:41"
},
{
"kids":[],
"uid":"dereklu1010",
"parent":"zssLbbYLO",
"text":"这照片，觉得抱这男的抱得是个儿童，只能说配图有问题。",
"mid":"zswGhlofB",
"date":"2013-04-17 08:22:02"
},
{
"kids":[],
"uid":"beyondxlk",
"parent":"",
"text":"",
"mid":"zswwd0kHk",
"date":"2013-04-17 07:57:15"
},
{
"kids":[],
"uid":"1557601150",
"parent":"zst8V1Pr3",
"text":"[泪]",
"mid":"zswfVikm6",
"date":"2013-04-17 07:17:08"
},
{
"kids":[],
"uid":"3239493697",
"parent":"",
"text":"",
"mid":"zsweRESn4",
"date":"2013-04-17 07:14:32"
},
{
"kids":[],
"uid":"2729662313",
"parent":"zstaZyydN",
"text":"",
"mid":"zswc63iTI",
"date":"2013-04-17 07:07:41"
},
{
"kids":[],
"uid":"2655230771",
"parent":"",
"text":"[沙尘暴][沙尘暴]",
"mid":"zswaOvhz1",
"date":"2013-04-17 07:04:32"
},
{
"kids":[],
"uid":"4never4ever",
"parent":"",
"text":"",
"mid":"zsw7kdVoX",
"date":"2013-04-17 06:55:57"
},
{
"kids":[],
"uid":"2283487835",
"parent":"zstiH7AfZ",
"text":"",
"mid":"zsvVgAsAc",
"date":"2013-04-17 06:26:14"
},
{
"kids":[],
"uid":"alittlefaith0410",
"parent":"",
"text":"看评论，国人对这样事件的态度之狭隘可见一斑。",
"mid":"zsuDJaHD4",
"date":"2013-04-17 03:10:17"
},
{
"kids":[],
"uid":"609361230",
"parent":"",
"text":"再美的想法都是空的了 。再美的计划都实现不了了 ，活在 当下 、",
"mid":"zsu4Kfcto",
"date":"2013-04-17 01:44:06"
},
{
"kids":[],
"uid":"1565452534",
"parent":"zstaZyydN",
"text":"今天真是满屏的负能量，哎。往逝者安息。",
"mid":"zsu2In6A6",
"date":"2013-04-17 01:39:06"
},
{
"kids":[],
"uid":"2337874023",
"parent":"",
"text":"",
"mid":"zstYzAiMD",
"date":"2013-04-17 01:28:54"
},
{
"kids":[],
"uid":"torontobaishui",
"parent":"zstaZyydN",
"text":"假新闻，明摆着欺负中国人上不了twitter吗，那个YourGentleman的最后一个Tweet是三月25号，好不好？真有这样的煽情故事，CNN早就报了。",
"mid":"zstzI1FYc",
"date":"2013-04-17 00:27:38"
},
{
"kids":[],
"uid":"1056012787",
"parent":"",
"text":"",
"mid":"zstrlourf",
"date":"2013-04-17 00:07:02"
},
{
"kids":[],
"uid":"3272694641",
"parent":"",
"text":"",
"mid":"zstpMwsT7",
"date":"2013-04-17 00:03:09"
},
{
"kids":[],
"uid":"2463470853",
"parent":"zstaZyydN",
"text":"[伤心]",
"mid":"zstpq2Qsm",
"date":"2013-04-17 00:02:17"
},
{
"kids":[],
"uid":"2682740683",
"parent":"zsthP3FXT",
"text":"",
"mid":"zstnrpx3Q",
"date":"2013-04-16 23:57:25"
},
{
"kids":[],
"uid":"2770961492",
"parent":"",
"text":"[浮云]",
"mid":"zstkHcGDB",
"date":"2013-04-16 23:50:39"
},
{
"kids":[],
"uid":"2158594090",
"parent":"",
"text":"",
"mid":"zstkAF8f3",
"date":"2013-04-16 23:50:21"
},
{
"kids":[],
"uid":"aigehz",
"parent":"zstiH7AfZ",
"text":"太残酷了[泪][泪]",
"mid":"zstkxuilx",
"date":"2013-04-16 23:50:16"
},
{
"kids":[],
"uid":"3239936480",
"parent":"",
"text":"祭奠！！！",
"mid":"zstk1hxZq",
"date":"2013-04-16 23:48:59"
},
{
"kids":[],
"uid":"2303254205",
"parent":"",
"text":"",
"mid":"zstjL2n77",
"date":"2013-04-16 23:48:20"
},
{
"kids":[],
"uid":"dlteee5",
"parent":"",
"text":"终点线",
"mid":"zstiKlO2w",
"date":"2013-04-16 23:45:49"
},
{
"kids":[
"zsvVgAsAc",
"zstkxuilx"
],
"uid":"hyigang",
"parent":"zstaZyydN",
"text":"永远无法抵达的爱情[伤心]",
"mid":"zstiH7AfZ",
"date":"2013-04-16 23:45:42"
},
{
"kids":[
"zstnrpx3Q"
],
"uid":"2741723211",
"parent":"",
"text":"",
"mid":"zsthP3FXT",
"date":"2013-04-16 23:43:32"
},
{
"kids":[],
"uid":"3052864854",
"parent":"zstaZyydN",
"text":"[傷心][蠟燭]",
"mid":"zsthqt5Uv",
"date":"2013-04-16 23:42:36"
},
{
"kids":[],
"uid":"2385098681",
"parent":"",
"text":"拥有时，请珍惜。",
"mid":"zsthp1PDW",
"date":"2013-04-16 23:42:31"
},
{
"kids":[],
"uid":"3296929635",
"parent":"zstaZyydN",
"text":"",
"mid":"zstgDauNB",
"date":"2013-04-16 23:40:37"
},
{
"kids":[],
"uid":"zuijudianlideyayi87",
"parent":"",
"text":"该死的恐怖袭击！",
"mid":"zstgwD47I",
"date":"2013-04-16 23:40:23"
},
{
"kids":[],
"uid":"3214017427",
"parent":"",
"text":"",
"mid":"zstgsemj8",
"date":"2013-04-16 23:40:12"
},
{
"kids":[],
"uid":"1613096620",
"parent":"zsteg2cW5",
"text":"",
"mid":"zstgpxyUA",
"date":"2013-04-16 23:40:07"
},
{
"kids":[],
"uid":"2356784863",
"parent":"",
"text":"人间悲剧！[可怜][伤心][蜡烛]",
"mid":"zstfCucw1",
"date":"2013-04-16 23:38:08"
},
{
"kids":[],
"uid":"1889282022",
"parent":"",
"text":"节哀",
"mid":"zstfw2eyl",
"date":"2013-04-16 23:37:53"
},
{
"kids":[],
"uid":"1698842412",
"parent":"",
"text":"天人两隔[蜡烛][蜡烛][蜡烛]",
"mid":"zstfqqyMm",
"date":"2013-04-16 23:37:40"
},
{
"kids":[],
"uid":"2463624272",
"parent":"",
"text":"[蜡烛][泪]",
"mid":"zstfg2Rdd",
"date":"2013-04-16 23:37:15"
},
{
"kids":[],
"uid":"james6",
"parent":"",
"text":"从此阴阳两相隔",
"mid":"zsteYCbvY",
"date":"2013-04-16 23:36:34"
},
{
"kids":[],
"uid":"2825614387",
"parent":"",
"text":"[伤心][伤心][伤心][微风][蜡烛][蜡烛][蜡烛]",
"mid":"zsteLDlgG",
"date":"2013-04-16 23:36:04"
},
{
"kids":[
"zstgpxyUA"
],
"uid":"enzowang",
"parent":"",
"text":"[泪]",
"mid":"zsteg2cW5",
"date":"2013-04-16 23:34:46"
},
{
"kids":[],
"uid":"lukas628",
"parent":"zstaZyydN",
"text":"人生有时很无常。",
"mid":"zstdU8lmm",
"date":"2013-04-16 23:33:55"
},
{
"kids":[],
"uid":"2867865062",
"parent":"",
"text":"",
"mid":"zstdy18uW",
"date":"2013-04-16 23:33:02"
},
{
"kids":[],
"uid":"2169839021",
"parent":"",
"text":"[蜡烛][蜡烛]",
"mid":"zstcYbX9c",
"date":"2013-04-16 23:31:36"
},
{
"kids":[],
"uid":"207050523",
"parent":"",
"text":"国外人玩爆破，我们国内玩投毒。。。。搞笑死了~~~~~",
"mid":"zstcwaKZF",
"date":"2013-04-16 23:30:28"
},
{
"kids":[],
"uid":"fengruichun",
"parent":"zstaZyydN",
"text":"[蜡烛]",
"mid":"zstbVuTSz",
"date":"2013-04-16 23:29:00"
},
{
"kids":[],
"uid":"2041761932",
"parent":"zstaZyydN",
"text":"",
"mid":"zstbsxF7M",
"date":"2013-04-16 23:27:54"
},
{
"kids":[],
"uid":"2647396933",
"parent":"zstaZyydN",
"text":"",
"mid":"zstbqavYk",
"date":"2013-04-16 23:27:50"
},
{
"kids":[],
"uid":"1838001461",
"parent":"",
"text":"[泪][泪][蜡烛]",
"mid":"zstbm3KTs",
"date":"2013-04-16 23:27:35"
},
{
"kids":[],
"uid":"234584127",
"parent":"zstaZyydN",
"text":"",
"mid":"zstbl96cQ",
"date":"2013-04-16 23:27:36"
},
{
"kids":[],
"uid":"2896254505",
"parent":"",
"text":"[蜡烛][蜡烛][蜡烛][蜡烛]",
"mid":"zstbhldk4",
"date":"2013-04-16 23:27:26"
},
{
"kids":[],
"uid":"2851290731",
"parent":"",
"text":"",
"mid":"zstb8rz9U",
"date":"2013-04-16 23:27:06"
},
{
"kids":[],
"uid":"1887455655",
"parent":"",
"text":"",
"mid":"zstb70HXv",
"date":"2013-04-16 23:27:00"
},
{
"kids":[],
"uid":"3167926594",
"parent":"",
"text":"[蜡烛][蜡烛][蜡烛][蜡烛]",
"mid":"zstb2yt3r",
"date":"2013-04-16 23:26:50"
},
{
"kids":[],
"uid":"2433245681",
"parent":"",
"text":"不论搞爆炸的是谁，为了什么，都是不可原谅的。",
"mid":"zstb0uatN",
"date":"2013-04-16 23:26:46"
},
{
"kids":[
"zswc63iTI",
"zsu2In6A6",
"zstzI1FYc",
"zstpq2Qsm",
"zstiH7AfZ",
"zsthqt5Uv",
"zstgDauNB",
"zstdU8lmm",
"zstbVuTSz",
"zstbsxF7M",
"zstbqavYk",
"zstbl96cQ"
],
"uid":"wenjun6668",
"parent":"",
"text":"[伤心]",
"mid":"zstaZyydN",
"date":"2013-04-16 23:26:42"
},
{
"kids":[],
"uid":"sarah19890422",
"parent":"",
"text":"好可怜哦[泪][蜡烛]",
"mid":"zstaSt34a",
"date":"2013-04-16 23:26:28"
},
{
"kids":[],
"uid":"1766048530",
"parent":"",
"text":"[蜡烛]",
"mid":"zstaBmVrN",
"date":"2013-04-16 23:25:44"
},
{
"kids":[],
"uid":"3219298345",
"parent":"",
"text":"@黄金射手2013",
"mid":"zstaz1dVV",
"date":"2013-04-16 23:25:42"
},
{
"kids":[],
"uid":"3219298345",
"parent":"",
"text":"@瓦力爱吃饭",
"mid":"zstav8spt",
"date":"2013-04-16 23:25:32"
},
{
"kids":[],
"uid":"1683188882",
"parent":"",
"text":"心碎",
"mid":"zstapxxmU",
"date":"2013-04-16 23:25:20"
},
{
"kids":[],
"uid":"2117671641",
"parent":"",
"text":"[伤心]",
"mid":"zstacfGix",
"date":"2013-04-16 23:24:45"
},
{
"kids":[],
"uid":"2693919253",
"parent":"",
"text":"No",
"mid":"zst9VFv7N",
"date":"2013-04-16 23:24:06"
},
{
"kids":[],
"uid":"1957261825",
"parent":"",
"text":"[抓狂]",
"mid":"zst9TBpEv",
"date":"2013-04-16 23:24:03"
},
{
"kids":[],
"uid":"2566314111",
"parent":"",
"text":"[泪]",
"mid":"zst9A7nRT",
"date":"2013-04-16 23:23:16"
},
{
"kids":[],
"uid":"wuwencheng",
"parent":"",
"text":"[蜡烛][蜡烛][蜡烛]",
"mid":"zst9zgcaE",
"date":"2013-04-16 23:23:14"
},
{
"kids":[],
"uid":"1937676425",
"parent":"",
"text":"",
"mid":"zst8VBZZR",
"date":"2013-04-16 23:21:40"
},
{
"kids":[
"zswfVikm6"
],
"uid":"1523061024",
"parent":"",
"text":"[蜡烛]",
"mid":"zst8V1Pr3",
"date":"2013-04-16 23:21:39"
},
{
"kids":[],
"uid":"2827290062",
"parent":"",
"text":"",
"mid":"zst8JxShX",
"date":"2013-04-16 23:21:09"
},
{
"kids":[],
"uid":"2763059551",
"parent":"zssFDeUQJ",
"text":"无语转发",
"mid":"zst7fAPGi",
"date":"2013-04-16 23:17:29"
},
{
"kids":[],
"uid":"2620508523",
"parent":"",
"text":"",
"mid":"zst6s0ZIP",
"date":"2013-04-16 23:15:31"
},
{
"kids":[],
"uid":"mtlo1119",
"parent":"zssIeyJkT",
"text":"天人永隔[蜡烛]",
"mid":"zst6rqv1c",
"date":"2013-04-16 23:15:32"
},
{
"kids":[],
"uid":"1784680865",
"parent":"",
"text":"[伤心]",
"mid":"zst3TBZZk",
"date":"2013-04-16 23:09:14"
},
{
"kids":[],
"uid":"2808901282",
"parent":"",
"text":"",
"mid":"zssZ9BRbZ",
"date":"2013-04-16 22:57:35"
},
{
"kids":[],
"uid":"haruhismile",
"parent":"zssVulDUp",
"text":"[泪][蜡烛]",
"mid":"zssYX9tmh",
"date":"2013-04-16 22:57:05"
},
{
"kids":[
"zssYX9tmh"
],
"uid":"2397533011",
"parent":"zssL3uwwN",
"text":"",
"mid":"zssVulDUp",
"date":"2013-04-16 22:48:32"
},
{
"kids":[],
"uid":"2680404353",
"parent":"",
"text":"一声叹息。。。愿死者安息，生者坚强！[蜡烛] 其实世上最遥远的距离还是生与死。",
"mid":"zssV6q2X9",
"date":"2013-04-16 22:47:36"
},
{
"kids":[],
"uid":"1739324171",
"parent":"",
"text":"",
"mid":"zssUui53P",
"date":"2013-04-16 22:46:05"
},
{
"kids":[],
"uid":"2360536072",
"parent":"",
"text":"[伤心][伤心][伤心][蜡烛]",
"mid":"zssTsv2De",
"date":"2013-04-16 22:43:31"
},
{
"kids":[],
"uid":"1998018094",
"parent":"",
"text":"sorry my love",
"mid":"zssRqB3Rq",
"date":"2013-04-16 22:38:34"
},
{
"kids":[],
"uid":"201280131",
"parent":"",
"text":"此时此刻，世上最遥远的距离就是生离死别。",
"mid":"zssP7x3Zu",
"date":"2013-04-16 22:32:50"
},
{
"kids":[],
"uid":"1773418414",
"parent":"",
"text":"[伤心][伤心][伤心][心[蜡烛][蜡烛][蜡烛]",
"mid":"zssLSELJu",
"date":"2013-04-16 22:24:53"
},
{
"kids":[
"zswGhlofB"
],
"uid":"2817910042",
"parent":"zssIlpcBv",
"text":"[伤心]",
"mid":"zssLbbYLO",
"date":"2013-04-16 22:23:07"
},
{
"kids":[
"zssVulDUp"
],
"uid":"mrkilow",
"parent":"",
"text":"R.I.P.[蜡烛]",
"mid":"zssL3uwwN",
"date":"2013-04-16 22:22:51"
},
{
"kids":[
"zssLbbYLO"
],
"uid":"alphalee",
"parent":"",
"text":"oh s**t [泪][泪]",
"mid":"zssIlpcBv",
"date":"2013-04-16 22:16:08"
},
{
"kids":[
"zst6rqv1c"
],
"uid":"lilylikemimita",
"parent":"",
"text":"[蜡烛]",
"mid":"zssIeyJkT",
"date":"2013-04-16 22:15:54"
},
{
"kids":[],
"uid":"3077802357",
"parent":"",
"text":"轉發微博",
"mid":"zssHg06g1",
"date":"2013-04-16 22:13:27"
},
{
"kids":[],
"uid":"1724252375",
"parent":"",
"text":"心碎了.........[泪][泪][泪]",
"mid":"zssH79O78",
"date":"2013-04-16 22:13:08"
},
{
"kids":[],
"uid":"2953108725",
"parent":"",
"text":"已经辟谣了，假的！",
"mid":"zssGLhdXj",
"date":"2013-04-16 22:12:18"
},
{
"kids":[],
"uid":"2387939380",
"parent":"",
"text":"这个据说是假新闻，国内媒体自己杜撰的....[思考]",
"mid":"zssGa1UBy",
"date":"2013-04-16 22:10:47"
},
{
"kids":[],
"uid":"1376871022",
"parent":"",
"text":"[蜡烛][蜡烛][蜡烛]@指尖诱惑-2011",
"mid":"zssFM81yc",
"date":"2013-04-16 22:09:49"
},
{
"kids":[
"zst7fAPGi"
],
"uid":"2778290611",
"parent":"",
"text":"",
"mid":"zssFDeUQJ",
"date":"2013-04-16 22:09:29"
},
{
"kids":[],
"uid":"2397417405",
"parent":"",
"text":"@杨杨love波波 享受我们所拥有的奢侈！",
"mid":"zssFgtlYd",
"date":"2013-04-16 22:08:34"
},
{
"kids":[],
"uid":"2266032421",
"parent":"",
"text":"[蜡烛][蜡烛][蜡烛]",
"mid":"zssEX1pW4",
"date":"2013-04-16 22:07:49"
},
{
"kids":[],
"uid":"1686543425",
"parent":"zssvV3zfz",
"text":"[蜡烛][蜡烛][蜡烛][钟][伤心]",
"mid":"zssEbopMf",
"date":"2013-04-16 22:05:53"
},
{
"kids":[],
"uid":"2819588274",
"parent":"",
"text":"有花堪折直须折，莫待无花空折枝。",
"mid":"zssCOhTxr",
"date":"2013-04-16 22:02:31"
},
{
"kids":[],
"uid":"1662045165",
"parent":"",
"text":"当你不能够再拥有的时候，你唯一可以做的，就是令自己不要忘记。",
"mid":"zssCFsmHe",
"date":"2013-04-16 22:02:09"
},
{
"kids":[],
"uid":"akakisuzuki",
"parent":"zssvyhRHe",
"text":"",
"mid":"zssBYCa09",
"date":"2013-04-16 22:00:29"
},
{
"kids":[],
"uid":"1732478393",
"parent":"",
"text":"哎，只能表示遗憾",
"mid":"zssBJfd1A",
"date":"2013-04-16 21:59:49"
},
{
"kids":[],
"uid":"1773021630",
"parent":"",
"text":"[泪]",
"mid":"zssAK3OZu",
"date":"2013-04-16 21:57:25"
},
{
"kids":[],
"uid":"yangaue",
"parent":"",
"text":"是吗，真悲剧",
"mid":"zsszI03OX",
"date":"2013-04-16 21:54:53"
},
{
"kids":[],
"uid":"1816922227",
"parent":"",
"text":"可恶的恐怖袭击！！",
"mid":"zsszkAimx",
"date":"2013-04-16 21:53:57"
},
{
"kids":[],
"uid":"1782586623",
"parent":"",
"text":"[泪]",
"mid":"zsszdxkRm",
"date":"2013-04-16 21:53:39"
},
{
"kids":[],
"uid":"clydezhao",
"parent":"",
"text":"[蜡烛][蜡烛][蜡烛][蜡烛]",
"mid":"zssyW7i6k",
"date":"2013-04-16 21:52:59"
},
{
"kids":[],
"uid":"zzz82",
"parent":"",
"text":"[蜡烛]",
"mid":"zssyLqokQ",
"date":"2013-04-16 21:52:34"
},
{
"kids":[],
"uid":"715005148",
"parent":"",
"text":"",
"mid":"zssyrlNcm",
"date":"2013-04-16 21:51:46"
},
{
"kids":[],
"uid":"1917722427",
"parent":"",
"text":"",
"mid":"zssylq44G",
"date":"2013-04-16 21:51:30"
},
{
"kids":[],
"uid":"2476951234",
"parent":"",
"text":"[泪]",
"mid":"zssyjo4dH",
"date":"2013-04-16 21:51:27"
},
{
"kids":[],
"uid":"1911390551",
"parent":"",
"text":"",
"mid":"zssxq6oC3",
"date":"2013-04-16 21:49:15"
},
{
"kids":[],
"uid":"1293227837",
"parent":"",
"text":"[蜡烛]",
"mid":"zssxi9oD9",
"date":"2013-04-16 21:48:55"
},
{
"kids":[],
"uid":"2269145584",
"parent":"",
"text":"",
"mid":"zsswX8JHK",
"date":"2013-04-16 21:48:06"
},
{
"kids":[],
"uid":"liangshaoking",
"parent":"",
"text":"这个惨痛的故事告诉我们，求婚要趁早！有些事情是不需要任何形式化的修饰的。简简单单才最真实。谁说求婚分得如何如何呢？我觉得只要有一颗真诚爱她的心，其他的皆为[浮云]",
"mid":"zsswQlRyJ",
"date":"2013-04-16 21:47:49"
},
{
"kids":[],
"uid":"2685151835",
"parent":"",
"text":"😶",
"mid":"zsswK8zuB",
"date":"2013-04-16 21:47:35"
},
{
"kids":[],
"uid":"2020316023",
"parent":"",
"text":"",
"mid":"zsswaEC5p",
"date":"2013-04-16 21:46:11"
},
{
"kids":[],
"uid":"2049246993",
"parent":"",
"text":"",
"mid":"zssw1fRow",
"date":"2013-04-16 21:45:45"
},
{
"kids":[
"zssEbopMf"
],
"uid":"2245723930",
"parent":"",
"text":"[伤心][绿丝带][绿丝带][绿丝带]",
"mid":"zssvV3zfz",
"date":"2013-04-16 21:45:31"
},
{
"kids":[],
"uid":"johannesbolter",
"parent":"",
"text":"",
"mid":"zssvQilWR",
"date":"2013-04-16 21:45:21"
},
{
"kids":[
"zssBYCa09"
],
"uid":"2341820455",
"parent":"",
"text":"[淚]",
"mid":"zssvyhRHe",
"date":"2013-04-16 21:44:36"
}
]