[
{
"kids":[],
"uid":"2809423112",
"parent":"yBJ323qcR",
"text":"",
"mid":"z58QTDAHI",
"date":"2012-11-14 13:25:19"
},
{
"kids":[],
"uid":"1581739585",
"parent":"yBJ323qcR",
"text":"",
"mid":"z58QTDAGt",
"date":"2012-11-14 13:25:19"
},
{
"kids":[],
"uid":"2789914900",
"parent":"yBJ323qcR",
"text":"",
"mid":"z1JTR77sU",
"date":"2012-10-23 04:23:00"
},
{
"kids":[],
"uid":"2920145024",
"parent":"yBJ323qcR",
"text":"",
"mid":"z1JTQvtMF",
"date":"2012-10-23 04:23:00"
},
{
"kids":[],
"uid":"2919785824",
"parent":"yBJ323qcR",
"text":"",
"mid":"z1B4bwo39",
"date":"2012-10-22 05:53:45"
},
{
"kids":[],
"uid":"2920193540",
"parent":"yBJ323qcR",
"text":"",
"mid":"z0NX6DjA2",
"date":"2012-10-17 00:51:44"
},
{
"kids":[],
"uid":"2804621014",
"parent":"yBJ323qcR",
"text":"",
"mid":"z0NX6CeuY",
"date":"2012-10-17 00:51:42"
},
{
"kids":[],
"uid":"1581695124",
"parent":"yBJ323qcR",
"text":"",
"mid":"z0G2dyvUw",
"date":"2012-10-16 04:42:19"
},
{
"kids":[],
"uid":"2803480810",
"parent":"yBJ323qcR",
"text":"",
"mid":"z0G2dfkMS",
"date":"2012-10-16 04:42:19"
},
{
"kids":[],
"uid":"2803471090",
"parent":"yBJ323qcR",
"text":"",
"mid":"yFRMSjLtx",
"date":"2012-10-11 03:15:39"
},
{
"kids":[],
"uid":"2919613764",
"parent":"yBJ323qcR",
"text":"",
"mid":"yFRMSjLsZ",
"date":"2012-10-11 03:15:39"
},
{
"kids":[],
"uid":"2789877320",
"parent":"yBJ323qcR",
"text":"",
"mid":"yFMsXbrM9",
"date":"2012-10-10 13:42:48"
},
{
"kids":[],
"uid":"2919744762",
"parent":"yBJ323qcR",
"text":"",
"mid":"yFMsWzrMQ",
"date":"2012-10-10 13:42:49"
},
{
"kids":[],
"uid":"1226808634",
"parent":"yBJEP4rqc",
"text":"还敢吃鱼吗？",
"mid":"yDlhU21hz",
"date":"2012-09-24 12:50:50"
},
{
"kids":[],
"uid":"2235886431",
"parent":"yBJHXuDXj",
"text":"临死high一把",
"mid":"yCto90D6j",
"date":"2012-09-18 19:37:53"
},
{
"kids":[],
"uid":"2805003690",
"parent":"",
"text":"",
"mid":"yCliYiaaU",
"date":"2012-09-17 23:03:07"
},
{
"kids":[],
"uid":"2397977814",
"parent":"",
"text":"",
"mid":"yC8kf2GWA",
"date":"2012-09-16 14:00:35"
},
{
"kids":[],
"uid":"1281687614",
"parent":"",
"text":"",
"mid":"yC7YnAO3F",
"date":"2012-09-16 13:06:44"
},
{
"kids":[],
"uid":"1825617290",
"parent":"",
"text":"转走，为了你和大家的健康速度扩散",
"mid":"yC7UNopFr",
"date":"2012-09-16 12:57:55"
},
{
"kids":[],
"uid":"chealone",
"parent":"",
"text":"",
"mid":"yC7REEUmx",
"date":"2012-09-16 12:50:09"
},
{
"kids":[],
"uid":"2280045820",
"parent":"",
"text":"无语了，无良商贩。",
"mid":"yC7QMkimB",
"date":"2012-09-16 12:48:00"
},
{
"kids":[],
"uid":"1935699137",
"parent":"",
"text":"转发微博。",
"mid":"yC0f9zYg1",
"date":"2012-09-15 17:26:03"
},
{
"kids":[],
"uid":"2911436475",
"parent":"",
"text":"",
"mid":"yC0dOvmEl",
"date":"2012-09-15 17:22:44"
},
{
"kids":[],
"uid":"2108787242",
"parent":"",
"text":"我爱吃滴鱼鱼……",
"mid":"yBZM4cTsB",
"date":"2012-09-15 16:14:26"
},
{
"kids":[],
"uid":"1733765104",
"parent":"yBYuIvBB9",
"text":"我的天啊。。。",
"mid":"yBZEycH06",
"date":"2012-09-15 15:55:54"
},
{
"kids":[],
"uid":"1777483682",
"parent":"",
"text":"大家一定小心，记得告诉家里啊",
"mid":"yBZxoFRxn",
"date":"2012-09-15 15:38:17"
},
{
"kids":[],
"uid":"qiuyueyishui",
"parent":"",
"text":"太活跃的鱼千万别买！！太可怕啦！",
"mid":"yBZx1BTFc",
"date":"2012-09-15 15:37:21"
},
{
"kids":[],
"uid":"1047940375",
"parent":"",
"text":"在中国真是无奇不有！",
"mid":"yBZvbgiyP",
"date":"2012-09-15 15:32:49"
},
{
"kids":[],
"uid":"1937542377",
"parent":"",
"text":"",
"mid":"yBZrE2gJl",
"date":"2012-09-15 15:24:06"
},
{
"kids":[],
"uid":"1693587295",
"parent":"",
"text":"",
"mid":"yBZpaEgyZ",
"date":"2012-09-15 15:18:01"
},
{
"kids":[],
"uid":"gentlerain0510",
"parent":"",
"text":"",
"mid":"yBZp7qb95",
"date":"2012-09-15 15:17:53"
},
{
"kids":[],
"uid":"533801220",
"parent":"",
"text":"",
"mid":"yBZin0z3m",
"date":"2012-09-15 15:01:15"
},
{
"kids":[],
"uid":"2219648200",
"parent":"",
"text":"",
"mid":"yBZgOnZA2",
"date":"2012-09-15 14:57:25"
},
{
"kids":[],
"uid":"2813106783",
"parent":"",
"text":"",
"mid":"yBZ3ztBVf",
"date":"2012-09-15 14:24:46"
},
{
"kids":[],
"uid":"shinhwakyj",
"parent":"",
"text":"恐怖",
"mid":"yBYIJhjQI",
"date":"2012-09-15 13:33:27"
},
{
"kids":[
"yBZEycH06"
],
"uid":"2074159673",
"parent":"",
"text":"",
"mid":"yBYuIvBB9",
"date":"2012-09-15 12:58:56"
},
{
"kids":[],
"uid":"2102064563",
"parent":"",
"text":"太活跃的不能买，不活跃的也不能，[抓狂]",
"mid":"yBYgWzmVX",
"date":"2012-09-15 12:25:00"
},
{
"kids":[],
"uid":"1001720410",
"parent":"",
"text":"爰吃鲜鱼的亲们一定关注哦，该死的商贩良心何在[怒][怒][怒]",
"mid":"yBYcoF0jT",
"date":"2012-09-15 12:13:48"
},
{
"kids":[],
"uid":"2119167894",
"parent":"",
"text":"",
"mid":"yBY9P8iht",
"date":"2012-09-15 12:07:27"
},
{
"kids":[],
"uid":"2919617512",
"parent":"",
"text":"",
"mid":"yBRyT1xD8",
"date":"2012-09-14 19:19:59"
},
{
"kids":[],
"uid":"ruoyan2010",
"parent":"",
"text":"",
"mid":"yBQnikzEo",
"date":"2012-09-14 16:18:37"
},
{
"kids":[],
"uid":"2272386485",
"parent":"",
"text":"@王思Michelle这个时间我在忙",
"mid":"yBOIFdZbl",
"date":"2012-09-14 12:05:50"
},
{
"kids":[],
"uid":"2272386485",
"parent":"",
"text":"@王思Michelle这个时间我在忙",
"mid":"yBOImiaC5",
"date":"2012-09-14 12:05:04"
},
{
"kids":[],
"uid":"1803013745",
"parent":"yBJda12Sz",
"text":"黑心商販   通通去死",
"mid":"yBOv3xc2l",
"date":"2012-09-14 11:32:18"
},
{
"kids":[],
"uid":"2180145784",
"parent":"",
"text":"[哼]",
"mid":"yBOniw58b",
"date":"2012-09-14 11:13:11"
},
{
"kids":[],
"uid":"2954380442",
"parent":"",
"text":"还有可以吃的东西吗？",
"mid":"yBO5r12o6",
"date":"2012-09-14 10:29:10"
},
{
"kids":[],
"uid":"2807277874",
"parent":"",
"text":"",
"mid":"yBO02eHts",
"date":"2012-09-14 10:15:52"
},
{
"kids":[],
"uid":"1706426260",
"parent":"",
"text":"[吃惊][吃惊][吃惊]",
"mid":"yBNZY5z7i",
"date":"2012-09-14 10:15:42"
},
{
"kids":[],
"uid":"1730039351",
"parent":"",
"text":"[汗]",
"mid":"yBNx5pqhu",
"date":"2012-09-14 09:04:33"
},
{
"kids":[],
"uid":"houlaideganlanshu",
"parent":"yBJyivahm",
"text":"为了钱，真是什么招都出了！",
"mid":"yBKtRt4Cy",
"date":"2012-09-14 01:18:22"
},
{
"kids":[],
"uid":"2173584991",
"parent":"",
"text":"现在这些人还有那么一点点良心么？",
"mid":"yBK9St0sE",
"date":"2012-09-14 00:29:08"
},
{
"kids":[],
"uid":"1733466312",
"parent":"",
"text":"我们什么都缺安全感！为什么，我们的国人？",
"mid":"yBJTrBW6A",
"date":"2012-09-13 23:48:38"
},
{
"kids":[],
"uid":"2326763025",
"parent":"",
"text":"奸商无处不在",
"mid":"yBJLqjAni",
"date":"2012-09-13 23:28:53"
},
{
"kids":[],
"uid":"1920083545",
"parent":"",
"text":"大家注意",
"mid":"yBJKhEB4c",
"date":"2012-09-13 23:26:02"
},
{
"kids":[
"yCto90D6j"
],
"uid":"2843500472",
"parent":"",
"text":"现在的东西太烫了![怒]",
"mid":"yBJHXuDXj",
"date":"2012-09-13 23:20:21"
},
{
"kids":[],
"uid":"2578273131",
"parent":"",
"text":"唉，悲催，如果不让我知道或许会更好;(但这就是事实存在的",
"mid":"yBJGWwLQ8",
"date":"2012-09-13 23:17:51"
},
{
"kids":[
"yDlhU21hz"
],
"uid":"1803518457",
"parent":"",
"text":"到底吃死鱼还是活鱼吗。",
"mid":"yBJEP4rqc",
"date":"2012-09-13 23:12:34"
},
{
"kids":[],
"uid":"1649420800",
"parent":"",
"text":"现在还有啥子可以吃哦！[疑问][打哈气]",
"mid":"yBJDMBLC9",
"date":"2012-09-13 23:10:04"
},
{
"kids":[
"yBKtRt4Cy"
],
"uid":"1946113313",
"parent":"",
"text":"",
"mid":"yBJyivahm",
"date":"2012-09-13 22:56:32"
},
{
"kids":[],
"uid":"1772946774",
"parent":"",
"text":"哎呀~妈呀~[衰]",
"mid":"yBJtoto87",
"date":"2012-09-13 22:44:25"
},
{
"kids":[],
"uid":"1749681404",
"parent":"",
"text":"到底吃啥子嘛！我想移民了，阿富汗。",
"mid":"yBJp5jIcg",
"date":"2012-09-13 22:33:51"
},
{
"kids":[],
"uid":"327171511",
"parent":"",
"text":"在中国，撒子都不能吃",
"mid":"yBJnxAq54",
"date":"2012-09-13 22:30:02"
},
{
"kids":[],
"uid":"2527483163",
"parent":"",
"text":"@勇哥笑傲江湖 喜欢吃鱼的，注意哈",
"mid":"yBJiO9Og3",
"date":"2012-09-13 22:18:23"
},
{
"kids":[],
"uid":"2595024707",
"parent":"yBIxwBxo5",
"text":"转发微博。",
"mid":"yBJiws6hf",
"date":"2012-09-13 22:17:41"
},
{
"kids":[],
"uid":"2249489262",
"parent":"",
"text":"有一新增化学元素上食谱",
"mid":"yBJeYisKH",
"date":"2012-09-13 22:08:56"
},
{
"kids":[
"yBOv3xc2l"
],
"uid":"1803301257",
"parent":"",
"text":"大家注意了",
"mid":"yBJda12Sz",
"date":"2012-09-13 22:04:28"
},
{
"kids":[],
"uid":"1883384777",
"parent":"",
"text":"这个世界肿么了？",
"mid":"yBJ6g7CQ0",
"date":"2012-09-13 21:47:28"
},
{
"kids":[],
"uid":"2001448667",
"parent":"",
"text":"@威尼斯猴 @hi茜茜020 @尛兎-婷 @hi-璇兔子 @反射弧很长的喵 @刘小黑80后 @-淡-淡-的-风- @小宝妈妈2943716023 @早安晴朗",
"mid":"yBJ590odF",
"date":"2012-09-13 21:44:40"
},
{
"kids":[],
"uid":"1659914977",
"parent":"",
"text":"吓死人了~",
"mid":"yBJ50981q",
"date":"2012-09-13 21:44:21"
},
{
"kids":[
"z58QTDAHI",
"z58QTDAGt",
"z1JTR77sU",
"z1JTQvtMF",
"z1B4bwo39",
"z0NX6DjA2",
"z0NX6CeuY",
"z0G2dyvUw",
"z0G2dfkMS",
"yFRMSjLtx",
"yFRMSjLsZ",
"yFMsXbrM9",
"yFMsWzrMQ"
],
"uid":"cx57911",
"parent":"",
"text":"",
"mid":"yBJ323qcR",
"date":"2012-09-13 21:39:31"
},
{
"kids":[],
"uid":"1909118943",
"parent":"",
"text":"我日，啥子都吃不的了",
"mid":"yBJ2z6VjA",
"date":"2012-09-13 21:38:22"
},
{
"kids":[],
"uid":"missqziyan",
"parent":"",
"text":"死鱼活鱼都买不得，是要搞哪样！",
"mid":"yBJ0Ab2Om",
"date":"2012-09-13 21:33:26"
},
{
"kids":[],
"uid":"2622008975",
"parent":"",
"text":"",
"mid":"yBIVR6vhp",
"date":"2012-09-13 21:21:47"
},
{
"kids":[],
"uid":"1831298275",
"parent":"",
"text":"还能吃啥呢？[抓狂]",
"mid":"yBIULnWnf",
"date":"2012-09-13 21:19:09"
},
{
"kids":[],
"uid":"christychung163",
"parent":"",
"text":"我操",
"mid":"yBIS6c7hU",
"date":"2012-09-13 21:12:35"
},
{
"kids":[],
"uid":"206061717",
"parent":"yBIwIDawH",
"text":"",
"mid":"yBIQF1gum",
"date":"2012-09-13 21:09:02"
},
{
"kids":[],
"uid":"2095231927",
"parent":"",
"text":"我日！",
"mid":"yBIKaxMu7",
"date":"2012-09-13 20:53:03"
},
{
"kids":[],
"uid":"junelee82",
"parent":"",
"text":"",
"mid":"yBIJeAVhQ",
"date":"2012-09-13 20:50:46"
},
{
"kids":[],
"uid":"2404776341",
"parent":"",
"text":"[吃惊]@成都云天 @田妞宝宝",
"mid":"yBII9gsAZ",
"date":"2012-09-13 20:48:02"
},
{
"kids":[],
"uid":"1661274530",
"parent":"",
"text":"[怒][鄙视]@菲机姐 @愤怒的狮子妹 @远葶 @润妈咪513 @星辰细雨 @beauty珺",
"mid":"yBIHSFW2e",
"date":"2012-09-13 20:47:24"
},
{
"kids":[],
"uid":"xiayan2010",
"parent":"",
"text":"@Puresm-cc [微风]",
"mid":"yBIH1dFu8",
"date":"2012-09-13 20:45:13"
},
{
"kids":[],
"uid":"2706587531",
"parent":"",
"text":"如果是真的。。。。",
"mid":"yBIGOdrpE",
"date":"2012-09-13 20:44:44"
},
{
"kids":[],
"uid":"2871826841",
"parent":"",
"text":"请问现在还有什么东西能放心吃，太坑了[怒][怒][晕]@oprah伍娜",
"mid":"yBIFKkqQB",
"date":"2012-09-13 20:42:09"
},
{
"kids":[],
"uid":"1406350474",
"parent":"",
"text":"现在就没有不致癌的东西了",
"mid":"yBIEmAZzv",
"date":"2012-09-13 20:38:45"
},
{
"kids":[],
"uid":"2238146295",
"parent":"",
"text":"@小宝的吃货生活 可恶的商人",
"mid":"yBIDMznhD",
"date":"2012-09-13 20:37:19"
},
{
"kids":[],
"uid":"2283274287",
"parent":"",
"text":"太可怕了。防不胜防啊！",
"mid":"yBIAqgJV6",
"date":"2012-09-13 20:29:02"
},
{
"kids":[],
"uid":"xukunzhong",
"parent":"yBIzumgQV",
"text":"要逮倒死不活的买了看来！",
"mid":"yBIA8cE0v",
"date":"2012-09-13 20:28:20"
},
{
"kids":[
"yBIA8cE0v"
],
"uid":"2022461031",
"parent":"",
"text":"",
"mid":"yBIzumgQV",
"date":"2012-09-13 20:26:44"
},
{
"kids":[],
"uid":"1475585781",
"parent":"",
"text":"@神气的大吴",
"mid":"yBIyWluFp",
"date":"2012-09-13 20:25:23"
},
{
"kids":[],
"uid":"1926682415",
"parent":"",
"text":"",
"mid":"yBIynu6su",
"date":"2012-09-13 20:23:59"
},
{
"kids":[],
"uid":"1647308682",
"parent":"",
"text":"谣言！！ 已经辟谣了，这根本不是什么 致癌剂，只是提供氧气！ 自己看http:",
"mid":"yBIy8qfhR",
"date":"2012-09-13 20:23:22"
},
{
"kids":[
"yBJiws6hf"
],
"uid":"1058592510",
"parent":"",
"text":"这个需要关注！[晕]",
"mid":"yBIxwBxo5",
"date":"2012-09-13 20:21:52"
},
{
"kids":[],
"uid":"zcyls",
"parent":"",
"text":"",
"mid":"yBIxiqtm0",
"date":"2012-09-13 20:21:17"
},
{
"kids":[
"yBIQF1gum"
],
"uid":"619861212",
"parent":"",
"text":"这个要赶快转转~！",
"mid":"yBIwIDawH",
"date":"2012-09-13 20:19:56"
}
]