[
{
"kids":[],
"uid":"1809087081",
"parent":"",
"text":"[蜡烛]",
"mid":"A8oFx1LQ1",
"date":"2013-09-07 21:56:27"
},
{
"kids":[],
"uid":"1715231164",
"parent":"",
"text":"",
"mid":"zoKMvrl7u",
"date":"2013-03-23 12:54:39"
},
{
"kids":[],
"uid":"1715231164",
"parent":"",
"text":"",
"mid":"zoEWLl4bF",
"date":"2013-03-22 22:03:26"
},
{
"kids":[],
"uid":"1715231164",
"parent":"zokWcvf6P",
"text":"",
"mid":"zol0ofnYp",
"date":"2013-03-20 19:17:26"
},
{
"kids":[],
"uid":"1715231164",
"parent":"zokWcvf6P",
"text":"",
"mid":"zokYtsd9C",
"date":"2013-03-20 19:12:41"
},
{
"kids":[
"zol0ofnYp",
"zokYtsd9C"
],
"uid":"1715231164",
"parent":"znTGTlRvw",
"text":"",
"mid":"zokWcvf6P",
"date":"2013-03-20 19:07:06"
},
{
"kids":[
"zokWcvf6P"
],
"uid":"1715231164",
"parent":"znTEn3GtD",
"text":"",
"mid":"znTGTlRvw",
"date":"2013-03-17 21:45:13"
},
{
"kids":[
"znTGTlRvw"
],
"uid":"1715231164",
"parent":"znK7e1bwD",
"text":"",
"mid":"znTEn3GtD",
"date":"2013-03-17 21:38:59"
},
{
"kids":[
"znTEn3GtD"
],
"uid":"1715231164",
"parent":"",
"text":"来自地狱的消息[偷笑]",
"mid":"znK7e1bwD",
"date":"2013-03-16 21:22:36"
},
{
"kids":[],
"uid":"1715231164",
"parent":"znp5Hq7si",
"text":"",
"mid":"znK706tzH",
"date":"2013-03-16 21:22:05"
},
{
"kids":[],
"uid":"1715231164",
"parent":"",
"text":"[话筒]",
"mid":"znJdb0ubx",
"date":"2013-03-16 19:04:32"
},
{
"kids":[],
"uid":"1715231164",
"parent":"",
"text":"回复@paixuejinwu拍雪进屋:[偷笑]",
"mid":"znJcPo9Gg",
"date":"2013-03-16 19:03:41"
},
{
"kids":[],
"uid":"1715231164",
"parent":"",
"text":"",
"mid":"znpUlz9e0",
"date":"2013-03-14 17:55:59"
},
{
"kids":[
"znK706tzH"
],
"uid":"1715231164",
"parent":"znoXb5vTK",
"text":"",
"mid":"znp5Hq7si",
"date":"2013-03-14 15:51:10"
},
{
"kids":[
"znp5Hq7si"
],
"uid":"1715231164",
"parent":"",
"text":"[话筒]",
"mid":"znoXb5vTK",
"date":"2013-03-14 15:30:11"
},
{
"kids":[],
"uid":"1715231164",
"parent":"",
"text":"回复@水芸闲客:[偷笑]",
"mid":"znhj73tuo",
"date":"2013-03-13 20:02:16"
},
{
"kids":[],
"uid":"1715231164",
"parent":"zlK0mhFdR",
"text":"",
"mid":"znhiyv377",
"date":"2013-03-13 20:00:52"
},
{
"kids":[],
"uid":"1715231164",
"parent":"",
"text":"好消息,要跟博友分享[哈哈]",
"mid":"znhih6tYd",
"date":"2013-03-13 20:00:10"
},
{
"kids":[],
"uid":"1715231164",
"parent":"",
"text":"地球人都在传@孔庆东 死了",
"mid":"znhhVcQ9j",
"date":"2013-03-13 19:59:20"
},
{
"kids":[],
"uid":"1715231164",
"parent":"",
"text":"[偷笑]",
"mid":"znhgYqCQv",
"date":"2013-03-13 19:57:00"
},
{
"kids":[],
"uid":"1715231164",
"parent":"",
"text":"[话筒][话筒][话筒][话筒][话筒]",
"mid":"znhg11ii0",
"date":"2013-03-13 19:54:37"
},
{
"kids":[],
"uid":"1715231164",
"parent":"zmPNUsS0R",
"text":"@孔庆东 真的死了,还是怎么滴?求证@没羽箭张清微博",
"mid":"zmPRjalFW",
"date":"2013-03-10 22:09:36"
},
{
"kids":[
"zmPRjalFW"
],
"uid":"1715231164",
"parent":"zmEEmw10K",
"text":"求证",
"mid":"zmPNUsS0R",
"date":"2013-03-10 22:01:13"
},
{
"kids":[
"zmPNUsS0R"
],
"uid":"1715231164",
"parent":"",
"text":"",
"mid":"zmEEmw10K",
"date":"2013-03-09 17:37:28"
},
{
"kids":[],
"uid":"1715231164",
"parent":"",
"text":"向@没羽箭张清微博 求证,@孔庆东 现在死了吗",
"mid":"zmwUqv1KU",
"date":"2013-03-08 21:55:04"
},
{
"kids":[],
"uid":"1715231164",
"parent":"zmd6UpRIK",
"text":"每天一转",
"mid":"zmwRFq8BA",
"date":"2013-03-08 21:48:18"
},
{
"kids":[
"zmwRFq8BA"
],
"uid":"1715231164",
"parent":"",
"text":"[偷笑]",
"mid":"zmd6UpRIK",
"date":"2013-03-06 19:30:55"
},
{
"kids":[],
"uid":"1715231164",
"parent":"zm4P37i57",
"text":"每天一转",
"mid":"zm4PitS9O",
"date":"2013-03-05 22:25:31"
},
{
"kids":[
"zm4PitS9O"
],
"uid":"1715231164",
"parent":"",
"text":"[哈哈]",
"mid":"zm4P37i57",
"date":"2013-03-05 22:24:52"
},
{
"kids":[],
"uid":"2919449640",
"parent":"zlt1fvlKo",
"text":"",
"mid":"zlZUv8fYM",
"date":"2013-03-05 09:54:37"
},
{
"kids":[],
"uid":"abarifyurivikyii",
"parent":"",
"text":"[哈哈]",
"mid":"zlWlZzZS2",
"date":"2013-03-05 00:51:24"
},
{
"kids":[],
"uid":"1715231164",
"parent":"",
"text":"安息吧,乌有屌@孔庆东",
"mid":"zlVvJ0ntC",
"date":"2013-03-04 22:42:36"
},
{
"kids":[],
"uid":"1715231164",
"parent":"zlVuUsKiA",
"text":"[偷笑]",
"mid":"zlVv2pXSe",
"date":"2013-03-04 22:40:55"
},
{
"kids":[
"zlVv2pXSe"
],
"uid":"1715231164",
"parent":"",
"text":"大快人心,举国欢庆",
"mid":"zlVuUsKiA",
"date":"2013-03-04 22:40:36"
},
{
"kids":[],
"uid":"1711134590",
"parent":"",
"text":"那应该真的去世了！",
"mid":"zlV39umcp",
"date":"2013-03-04 21:32:11"
},
{
"kids":[],
"uid":"2075575913",
"parent":"",
"text":"眼睛好了？",
"mid":"zlUx4eGmN",
"date":"2013-03-04 20:13:10"
},
{
"kids":[],
"uid":"2786373577",
"parent":"",
"text":"快死",
"mid":"zlUtSwKXV",
"date":"2013-03-04 20:05:19"
},
{
"kids":[],
"uid":"1785544840",
"parent":"",
"text":"[哈哈][哈哈][哈哈]永錘不朽?火化唄！",
"mid":"zlUqDlesj",
"date":"2013-03-04 19:57:17"
},
{
"kids":[],
"uid":"horaintom",
"parent":"",
"text":"險些去世=未去世=不實消息=[蠟燭][蠟燭][蠟燭]",
"mid":"zlUmF9X61",
"date":"2013-03-04 19:47:32"
},
{
"kids":[],
"uid":"1715231164",
"parent":"",
"text":"",
"mid":"zlLHQoj8w",
"date":"2013-03-03 21:45:00"
},
{
"kids":[],
"uid":"hiteeno",
"parent":"",
"text":"[蜡烛][鼓掌][鼓掌][鼓掌]",
"mid":"zlLm0bPhY",
"date":"2013-03-03 20:51:11"
},
{
"kids":[],
"uid":"1486948673",
"parent":"zlLeCaoFp",
"text":"[哈哈]",
"mid":"zlLlJALCF",
"date":"2013-03-03 20:50:32"
},
{
"kids":[],
"uid":"1459750235",
"parent":"zlLhObliV",
"text":"[哈哈]",
"mid":"zlLl2cuAL",
"date":"2013-03-03 20:48:48"
},
{
"kids":[
"zlLl2cuAL"
],
"uid":"2148056730",
"parent":"",
"text":"此消息如果不实，应该反向思维，“险些去世”不实，那就是死了？？",
"mid":"zlLhObliV",
"date":"2013-03-03 20:40:51"
},
{
"kids":[],
"uid":"272339936",
"parent":"",
"text":"[蜡烛]走就走吧[蜡烛]",
"mid":"zlLgZ1KWD",
"date":"2013-03-03 20:38:49"
},
{
"kids":[],
"uid":"2450065707",
"parent":"",
"text":"",
"mid":"zlLfIq4gb",
"date":"2013-03-03 20:35:42"
},
{
"kids":[
"zlLlJALCF"
],
"uid":"zhaliangjun",
"parent":"",
"text":"新浪特别提醒：此内容为不实消息，已处理。这个提醒啥意思？险些二字不实吗？",
"mid":"zlLeCaoFp",
"date":"2013-03-03 20:32:58"
},
{
"kids":[],
"uid":"515828678",
"parent":"",
"text":"，，，，，，",
"mid":"zlL4zgnuB",
"date":"2013-03-03 20:08:12"
},
{
"kids":[
"znhiyv377"
],
"uid":"2869600560",
"parent":"",
"text":"[蜡烛]",
"mid":"zlK0mhFdR",
"date":"2013-03-03 17:25:07"
},
{
"kids":[],
"uid":"1895416170",
"parent":"zlJ7T6nE6",
"text":"[蜡烛]",
"mid":"zlJiqchZd",
"date":"2013-03-03 15:36:51"
},
{
"kids":[
"zlJiqchZd"
],
"uid":"52000807",
"parent":"zlJ7EnN2L",
"text":"下辈子大朝鲜",
"mid":"zlJ7T6nE6",
"date":"2013-03-03 15:10:54"
},
{
"kids":[
"zlJ7T6nE6"
],
"uid":"huangxingtu",
"parent":"zlJ6TkBQt",
"text":"[蜡烛] 下辈子大朝鲜",
"mid":"zlJ7EnN2L",
"date":"2013-03-03 15:10:21"
},
{
"kids":[],
"uid":"1154153087",
"parent":"zlJ6TkBQt",
"text":"这条微博肯定会火。不信就等着看吧[哈哈]",
"mid":"zlJ7ke7ZR",
"date":"2013-03-03 15:09:30"
},
{
"kids":[
"zlJ7EnN2L",
"zlJ7ke7ZR"
],
"uid":"1802072051",
"parent":"zlJ5X7NTN",
"text":"看来不是险些，是真去世了",
"mid":"zlJ6TkBQt",
"date":"2013-03-03 15:08:27"
},
{
"kids":[
"zlJ6TkBQt"
],
"uid":"1154153087",
"parent":"",
"text":"回覆@上海新闻资讯评论:这条微博笑死了。被定性为不实消息 难道已经死了吗？",
"mid":"zlJ5X7NTN",
"date":"2013-03-03 15:06:09"
},
{
"kids":[],
"uid":"1713576134",
"parent":"",
"text":"不太信。",
"mid":"zlIuR1tpz",
"date":"2013-03-03 13:34:44"
},
{
"kids":[],
"uid":"rosrosll",
"parent":"zlEtuz5OK",
"text":"险些去世，被挂出消息不属实，博主智才也！",
"mid":"zlH0BvOZw",
"date":"2013-03-03 09:47:29"
},
{
"kids":[
"zlH0BvOZw"
],
"uid":"1497506630",
"parent":"",
"text":"回复@上海新闻资讯评论:同问",
"mid":"zlEtuz5OK",
"date":"2013-03-03 03:20:25"
},
{
"kids":[],
"uid":"2920022604",
"parent":"zlsYja8r0",
"text":"",
"mid":"zlDoFux0P",
"date":"2013-03-03 00:35:47"
},
{
"kids":[],
"uid":"2809655692",
"parent":"",
"text":"",
"mid":"zlDkpj1WV",
"date":"2013-03-03 00:25:16"
},
{
"kids":[],
"uid":"1923731317",
"parent":"",
"text":"与畜类，早死早好！",
"mid":"zlCTXCtbC",
"date":"2013-03-02 23:20:05"
},
{
"kids":[],
"uid":"2252096311",
"parent":"zlClPjAPd",
"text":"",
"mid":"zlCNU5kZX",
"date":"2013-03-02 23:05:12"
},
{
"kids":[],
"uid":"1715231164",
"parent":"zlCKIohb8",
"text":"@孔庆东  的死讯讣告要等清明节才发布，对他盖棺定论，要征求毛主席的意思",
"mid":"zlCMRFp8Q",
"date":"2013-03-02 23:02:38"
},
{
"kids":[
"zlCMRFp8Q"
],
"uid":"2912400784",
"parent":"",
"text":"这信息被新浪证实为不实信息，看来是真挂了？",
"mid":"zlCKIohb8",
"date":"2013-03-02 22:57:22"
},
{
"kids":[],
"uid":"277511338",
"parent":"",
"text":"[蜡烛]",
"mid":"zlCBfz6xx",
"date":"2013-03-02 22:34:02"
},
{
"kids":[],
"uid":"liujianwi",
"parent":"zlCw73DFi",
"text":"小秘书也太蠢，博主都说是险些去世，又没真的死了[哈哈]",
"mid":"zlCxmr6th",
"date":"2013-03-02 22:24:26"
},
{
"kids":[],
"uid":"809078931",
"parent":"zlCvLsX6s",
"text":"[哈哈]",
"mid":"zlCxleDda",
"date":"2013-03-02 22:24:21"
},
{
"kids":[],
"uid":"2706169953",
"parent":"zlCvLsX6s",
"text":"这是你们哈尔滨人民的杰出的优秀的代表。",
"mid":"zlCwGt1iz",
"date":"2013-03-02 22:22:47"
},
{
"kids":[],
"uid":"2287264302",
"parent":"",
"text":"[哈哈]",
"mid":"zlCwF0zdW",
"date":"2013-03-02 22:22:43"
},
{
"kids":[],
"uid":"yuzhigan",
"parent":"zlCv37d5x",
"text":"没死。新浪微博核实了。只不过是心基本都坏了。",
"mid":"zlCwb7T3L",
"date":"2013-03-02 22:21:32"
},
{
"kids":[
"zlCxmr6th"
],
"uid":"2545195900",
"parent":"zlCv37d5x",
"text":"[偷笑]",
"mid":"zlCw73DFi",
"date":"2013-03-02 22:21:21"
},
{
"kids":[
"zlCxleDda",
"zlCwGt1iz"
],
"uid":"338661919",
"parent":"",
"text":"噗[偷笑]",
"mid":"zlCvLsX6s",
"date":"2013-03-02 22:20:30"
},
{
"kids":[
"zlCwb7T3L",
"zlCw73DFi"
],
"uid":"2906116601",
"parent":"zlCit3sGp",
"text":"[哈哈] 右边精彩。",
"mid":"zlCv37d5x",
"date":"2013-03-02 22:18:46"
},
{
"kids":[],
"uid":"338661919",
"parent":"",
"text":"光看眼睛就知道这消息张冠李戴，来源不实！造谣也不用留这么大的破绽吧？[酷]",
"mid":"zlCuzzxfg",
"date":"2013-03-02 22:17:35"
},
{
"kids":[],
"uid":"2681794571",
"parent":"zlC8vaiBI",
"text":"",
"mid":"zlCoxumOD",
"date":"2013-03-02 22:02:41"
},
{
"kids":[
"zlCNU5kZX"
],
"uid":"1010566455",
"parent":"zlxfwqPoc",
"text":"享年险些50岁。",
"mid":"zlClPjAPd",
"date":"2013-03-02 21:56:02"
},
{
"kids":[
"zlCv37d5x"
],
"uid":"2406746274",
"parent":"zlydzikn7",
"text":"享年五岁------因为剩下的岁月都白活了。",
"mid":"zlCit3sGp",
"date":"2013-03-02 21:47:43"
},
{
"kids":[],
"uid":"zj196911",
"parent":"zlC8vaiBI",
"text":"英国统治时留下的余孽是不甘心的，不做中国人去做外国养的狗，对于博主来说是荣耀吧？：@你就是瞎扯吧。",
"mid":"zlCe8qBXe",
"date":"2013-03-02 21:37:05"
},
{
"kids":[],
"uid":"2293532371",
"parent":"zlC8vaiBI",
"text":"",
"mid":"zlCcs5lot",
"date":"2013-03-02 21:32:55"
},
{
"kids":[],
"uid":"1700653141",
"parent":"",
"text":"",
"mid":"zlCa5ebso",
"date":"2013-03-02 21:27:04"
},
{
"kids":[
"zlCoxumOD",
"zlCe8qBXe",
"zlCcs5lot"
],
"uid":"1911034145",
"parent":"",
"text":"博主小人[弱]",
"mid":"zlC8vaiBI",
"date":"2013-03-02 21:23:09"
},
{
"kids":[],
"uid":"2096426025",
"parent":"",
"text":"[笑哈哈]",
"mid":"zlBZhDMsM",
"date":"2013-03-02 21:00:30"
},
{
"kids":[],
"uid":"1930059033",
"parent":"",
"text":"",
"mid":"zlBAtj2sG",
"date":"2013-03-02 19:59:23"
},
{
"kids":[],
"uid":"2119883895",
"parent":"",
"text":"有的人活着，其实已经死了。",
"mid":"zlBixoXfH",
"date":"2013-03-02 19:15:11"
},
{
"kids":[],
"uid":"1400753091",
"parent":"",
"text":"记得多报几次",
"mid":"zlBiknppw",
"date":"2013-03-02 19:14:40"
},
{
"kids":[],
"uid":"315000797",
"parent":"zlBgjponB",
"text":"",
"mid":"zlBhGf4GB",
"date":"2013-03-02 19:13:04"
},
{
"kids":[
"zlBhGf4GB"
],
"uid":"2253821502",
"parent":"",
"text":"死了？",
"mid":"zlBgjponB",
"date":"2013-03-02 19:09:40"
},
{
"kids":[],
"uid":"2101094487",
"parent":"",
"text":"二狗教授千古[蜡烛]",
"mid":"zlAYLmopR",
"date":"2013-03-02 18:26:27"
},
{
"kids":[],
"uid":"1781722183",
"parent":"",
"text":"死后若干年还得弄出来鞭尸！",
"mid":"zlAGnnVGP",
"date":"2013-03-02 17:41:10"
},
{
"kids":[],
"uid":"1622050721",
"parent":"zlzvjb3sK",
"text":"确实真新闻 人家写的是(险些去世)",
"mid":"zlAEwaPO9",
"date":"2013-03-02 17:36:35"
},
{
"kids":[],
"uid":"jiantan5825740",
"parent":"",
"text":"小秘书居然说是不消息",
"mid":"zlAxw4aQn",
"date":"2013-03-02 17:19:21"
},
{
"kids":[],
"uid":"1915883185",
"parent":"",
"text":"",
"mid":"zlAvA7cDd",
"date":"2013-03-02 17:14:33"
},
{
"kids":[],
"uid":"1949758703",
"parent":"",
"text":"险些去世...艾玛吓特么人家一跳嘿",
"mid":"zlAjkDPBV",
"date":"2013-03-02 16:44:24"
},
{
"kids":[],
"uid":"1715231164",
"parent":"",
"text":"",
"mid":"zlAcTuqtK",
"date":"2013-03-02 16:28:30"
},
{
"kids":[],
"uid":"1889333887",
"parent":"",
"text":"[笑哈哈]险些去世",
"mid":"zlAaUAgZa",
"date":"2013-03-02 16:23:36"
},
{
"kids":[],
"uid":"1931833057",
"parent":"zlzvjb3sK",
"text":"",
"mid":"zlA5gngGQ",
"date":"2013-03-02 16:09:42"
},
{
"kids":[],
"uid":"2174430545",
"parent":"",
"text":"",
"mid":"zlA1w6R1k",
"date":"2013-03-02 16:00:29"
},
{
"kids":[],
"uid":"1711264422",
"parent":"zlyb5p1Bi",
"text":"[哈哈]",
"mid":"zlzWxDePj",
"date":"2013-03-02 15:48:15"
},
{
"kids":[],
"uid":"1145216863",
"parent":"zlzFkjDAF",
"text":"太遺憾了",
"mid":"zlzVW74Ot",
"date":"2013-03-02 15:46:45"
},
{
"kids":[],
"uid":"1617122032",
"parent":"",
"text":"失望，害俺白高兴了！[挖鼻屎]",
"mid":"zlzVBpO2e",
"date":"2013-03-02 15:45:54"
},
{
"kids":[],
"uid":"3212311363",
"parent":"",
"text":"",
"mid":"zlzOXgmuw",
"date":"2013-03-02 15:29:31"
},
{
"kids":[],
"uid":"jf6339",
"parent":"",
"text":"哈哈[笑哈哈]",
"mid":"zlzMRsPRl",
"date":"2013-03-02 15:24:24"
},
{
"kids":[],
"uid":"1783975180",
"parent":"",
"text":"险些去世...不实消息",
"mid":"zlzHl3fhk",
"date":"2013-03-02 15:10:45"
},
{
"kids":[],
"uid":"1017747742",
"parent":"",
"text":"“险些去世”是“不实消息”？那真实消息就是“已经去世”，不知道这样理解对不对？",
"mid":"zlzHjfxxO",
"date":"2013-03-02 15:10:42"
},
{
"kids":[
"zlzVW74Ot"
],
"uid":"2390882742",
"parent":"",
"text":"险些去世",
"mid":"zlzFkjDAF",
"date":"2013-03-02 15:05:49"
},
{
"kids":[],
"uid":"lucky7days",
"parent":"",
"text":"真遗憾！",
"mid":"zlzBaDDTg",
"date":"2013-03-02 14:55:37"
},
{
"kids":[],
"uid":"opethxu",
"parent":"zlzAleJgd",
"text":"险些去世",
"mid":"zlzAFiUlk",
"date":"2013-03-02 14:54:21"
},
{
"kids":[
"zlzAFiUlk"
],
"uid":"hanshanson",
"parent":"",
"text":"[偷笑]",
"mid":"zlzAleJgd",
"date":"2013-03-02 14:53:32"
},
{
"kids":[],
"uid":"bizhang",
"parent":"",
"text":"就知道是不实消息，但是俺转一乐子！",
"mid":"zlzvCnrsu",
"date":"2013-03-02 14:41:53"
},
{
"kids":[],
"uid":"207891139",
"parent":"",
"text":"",
"mid":"zlzvxoYgU",
"date":"2013-03-02 14:41:41"
},
{
"kids":[
"zlAEwaPO9",
"zlA5gngGQ"
],
"uid":"shengguoqiang",
"parent":"",
"text":"[哈哈]",
"mid":"zlzvjb3sK",
"date":"2013-03-02 14:41:07"
},
{
"kids":[],
"uid":"1857188607",
"parent":"",
"text":"",
"mid":"zlzu2A1lT",
"date":"2013-03-02 14:38:02"
},
{
"kids":[],
"uid":"gupiaotz",
"parent":"",
"text":"",
"mid":"zlzshfTr3",
"date":"2013-03-02 14:33:40"
},
{
"kids":[],
"uid":"1715231164",
"parent":"",
"text":"[话筒][话筒][话筒][话筒][话筒]",
"mid":"zlzeovsIn",
"date":"2013-03-02 13:59:28"
},
{
"kids":[],
"uid":"1432565910",
"parent":"",
"text":"孔在桂林污染着山水，刚才还吃粉屎的痰。",
"mid":"zlzdLdjLD",
"date":"2013-03-02 13:57:56"
},
{
"kids":[],
"uid":"1829641873",
"parent":"zlxfwqPoc",
"text":"",
"mid":"zlyXR8Oiz",
"date":"2013-03-02 13:18:43"
},
{
"kids":[],
"uid":"2043597903",
"parent":"zlydzikn7",
"text":"死了多不好玩啊，发朝鲜挖煤还可以多为金三胖做贡献。",
"mid":"zlyxLzI1g",
"date":"2013-03-02 12:14:29"
},
{
"kids":[],
"uid":"537945689",
"parent":"zlyb5p1Bi",
"text":"[阴险]小秘书摊上大事了。。",
"mid":"zlywEaEnN",
"date":"2013-03-02 12:11:40"
},
{
"kids":[],
"uid":"1748358425",
"parent":"",
"text":"这样不道德吧",
"mid":"zlyuJ7m7R",
"date":"2013-03-02 12:06:58"
},
{
"kids":[],
"uid":"lj102400",
"parent":"",
"text":"看来@孔庆东  是真死了。[蜡烛]",
"mid":"zlys30rec",
"date":"2013-03-02 12:00:22"
},
{
"kids":[],
"uid":"2185375580",
"parent":"zlydzikn7",
"text":"死了最好！",
"mid":"zlykgaVYO",
"date":"2013-03-02 11:41:11"
},
{
"kids":[],
"uid":"2970946642",
"parent":"zlydzikn7",
"text":"别咒人家死嘛！留下他有用的。[哼][哈哈]",
"mid":"zlyhi4Rry",
"date":"2013-03-02 11:33:52"
},
{
"kids":[],
"uid":"3199304941",
"parent":"",
"text":"‘险些去世’是不实消息？？难道真死了？？",
"mid":"zlyfA13aS",
"date":"2013-03-02 11:29:39"
},
{
"kids":[],
"uid":"gh25112",
"parent":"",
"text":"[阴险]",
"mid":"zlyexzepz",
"date":"2013-03-02 11:27:06"
},
{
"kids":[
"zlCit3sGp",
"zlyxLzI1g",
"zlykgaVYO",
"zlyhi4Rry"
],
"uid":"2906116601",
"parent":"",
"text":"[哈哈] 虽然极度鄙视这个人，但咱们不能直接判他死刑啊。",
"mid":"zlydzikn7",
"date":"2013-03-02 11:24:42"
},
{
"kids":[],
"uid":"3037508533",
"parent":"",
"text":"有些恶搞",
"mid":"zlydicsoV",
"date":"2013-03-02 11:24:00"
},
{
"kids":[
"zlzWxDePj",
"zlywEaEnN"
],
"uid":"2341488280",
"parent":"",
"text":"人家说险些去世。难道真去了？[哈哈]",
"mid":"zlyb5p1Bi",
"date":"2013-03-02 11:18:35"
},
{
"kids":[],
"uid":"1457187094",
"parent":"",
"text":"转发的不一定是真相，但是种希望。。。",
"mid":"zlyaJtZuR",
"date":"2013-03-02 11:17:43"
},
{
"kids":[],
"uid":"66liliang",
"parent":"",
"text":"造谣是不很爽？你应有底线，你把博友都当傻子，唯有你聪明。",
"mid":"zly6DmTY4",
"date":"2013-03-02 11:07:37"
},
{
"kids":[],
"uid":"2153152824",
"parent":"",
"text":"[哈哈][哈哈]",
"mid":"zly6utwnJ",
"date":"2013-03-02 11:07:15"
},
{
"kids":[],
"uid":"1715231164",
"parent":"",
"text":"",
"mid":"zlxXM493M",
"date":"2013-03-02 10:45:47"
},
{
"kids":[],
"uid":"1715231164",
"parent":"zlxB4463H",
"text":"@孔庆东 永远活在乌有屌的心中",
"mid":"zlxW5camL",
"date":"2013-03-02 10:41:37"
},
{
"kids":[],
"uid":"1715231164",
"parent":"",
"text":"@孔庆东 一路走好[哈哈]",
"mid":"zlxV34whg",
"date":"2013-03-02 10:39:02"
},
{
"kids":[],
"uid":"1715231164",
"parent":"",
"text":"@孔庆东 真的挂了[偷笑]",
"mid":"zlxTzsJBP",
"date":"2013-03-02 10:35:26"
},
{
"kids":[],
"uid":"1715231164",
"parent":"",
"text":"@孔庆东 挂了",
"mid":"zlxSS1etA",
"date":"2013-03-02 10:33:41"
},
{
"kids":[],
"uid":"wang37463278",
"parent":"",
"text":"祝贺孔叫兽逢凶化吉。[嘻嘻]",
"mid":"zlxSvyBtY",
"date":"2013-03-02 10:32:48"
},
{
"kids":[],
"uid":"1785460601",
"parent":"zlxfVwt23",
"text":"？",
"mid":"zlxP4dRLN",
"date":"2013-03-02 10:24:18"
},
{
"kids":[],
"uid":"sunsetpriest",
"parent":"zlwNuAve0",
"text":"死不死一样点",
"mid":"zlxNObMjb",
"date":"2013-03-02 10:21:12"
},
{
"kids":[],
"uid":"1987623915",
"parent":"",
"text":"靠，我以为则真挂了那！！！",
"mid":"zlxNM6ipg",
"date":"2013-03-02 10:21:08"
},
{
"kids":[],
"uid":"2837283452",
"parent":"zlxG71H2w",
"text":"回覆@譚公浩銘:[熊貓] SHIT IS SHIT !!!! [草泥馬]",
"mid":"zlxGXeZsy",
"date":"2013-03-02 10:04:20"
},
{
"kids":[],
"uid":"2046753957",
"parent":"zlxG71H2w",
"text":"[哈哈][哈哈]",
"mid":"zlxGtrKfz",
"date":"2013-03-02 10:03:09"
},
{
"kids":[],
"uid":"xuhaibo",
"parent":"",
"text":"这种恶意造谣的帖子不删了啊，浪浪失职[怒]",
"mid":"zlxGkzKGK",
"date":"2013-03-02 10:02:48"
},
{
"kids":[
"zlxGXeZsy",
"zlxGtrKfz"
],
"uid":"2837283452",
"parent":"zlxDnFfGa",
"text":"[熊貓]SORRY !!! U ARE FUCKING RIGHT , MAN !!! [草泥馬][草泥馬]",
"mid":"zlxG71H2w",
"date":"2013-03-02 10:02:15"
},
{
"kids":[],
"uid":"1705250907",
"parent":"zlxfwqPoc",
"text":"差点看错了",
"mid":"zlxDth678",
"date":"2013-03-02 09:55:45"
},
{
"kids":[
"zlxG71H2w"
],
"uid":"2046753957",
"parent":"zlxzUAkIT",
"text":"齋主不宜醜化那男主角，他別孔好多了。",
"mid":"zlxDnFfGa",
"date":"2013-03-02 09:55:33"
},
{
"kids":[],
"uid":"xudk",
"parent":"zlxfwqPoc",
"text":"险些",
"mid":"zlxBIfrDh",
"date":"2013-03-02 09:51:27"
},
{
"kids":[
"zlxW5camL"
],
"uid":"itang0",
"parent":"zludulEPq",
"text":"你看那新闻报的，太有才了。[哈哈]",
"mid":"zlxB4463H",
"date":"2013-03-02 09:49:49"
},
{
"kids":[],
"uid":"2354903074",
"parent":"",
"text":"险些去世，享年50岁！！！！！！！！！！！！！！！！！！！",
"mid":"zlxAM1aUn",
"date":"2013-03-02 09:49:07"
},
{
"kids":[
"zlxDnFfGa"
],
"uid":"2837283452",
"parent":"zlxy32GDN",
"text":"[熊貓]看他真像「底俗喜劇」中的男角主角！！！[草泥馬]",
"mid":"zlxzUAkIT",
"date":"2013-03-02 09:46:59"
},
{
"kids":[
"zlxzUAkIT"
],
"uid":"2046753957",
"parent":"zluGLCORl",
"text":"不可能心臟病。應是被斬殺才合天理",
"mid":"zlxy32GDN",
"date":"2013-03-02 09:42:23"
},
{
"kids":[],
"uid":"neulyang",
"parent":"zlxtucjK7",
"text":"博主也险些去世啊",
"mid":"zlxv3ri3U",
"date":"2013-03-02 09:35:02"
},
{
"kids":[],
"uid":"2713643134",
"parent":"zlxsk7exv",
"text":"孔东西，对子女教育很重要，搞不好会变魔王、会坑爹，虽然他很爱戴拥护你",
"mid":"zlxuYpS8X",
"date":"2013-03-02 09:34:49"
},
{
"kids":[],
"uid":"2770684893",
"parent":"",
"text":"/@飚哥漫画:唉！平时要多积点儿德",
"mid":"zlxu8ESLY",
"date":"2013-03-02 09:32:45"
},
{
"kids":[],
"uid":"2989538731",
"parent":"",
"text":"估计博猪在“下”面看见老孔了，所以就赶紧发个微博[哈哈]",
"mid":"zlxtX9CVj",
"date":"2013-03-02 09:32:18"
},
{
"kids":[],
"uid":"1769488325",
"parent":"",
"text":"险些去世",
"mid":"zlxtT4Bdw",
"date":"2013-03-02 09:32:09"
},
{
"kids":[
"zlxv3ri3U"
],
"uid":"river0089",
"parent":"",
"text":"",
"mid":"zlxtucjK7",
"date":"2013-03-02 09:31:09"
},
{
"kids":[],
"uid":"a77a25",
"parent":"zluc5cob6",
"text":"險些，享年。。。。。。老紙笑醒了！",
"mid":"zlxsX83qw",
"date":"2013-03-02 09:29:50"
},
{
"kids":[
"zlxuYpS8X"
],
"uid":"2313501883",
"parent":"zlxpZE5Or",
"text":"造谣的",
"mid":"zlxsk7exv",
"date":"2013-03-02 09:28:18"
},
{
"kids":[],
"uid":"12010086",
"parent":"",
"text":"险些去世。。。哪儿来的享年。。恶俗",
"mid":"zlxs53kuV",
"date":"2013-03-02 09:27:42"
},
{
"kids":[
"zlxsk7exv"
],
"uid":"1619161030",
"parent":"zlxfyax5s",
"text":"险些去世、呵呵呵",
"mid":"zlxpZE5Or",
"date":"2013-03-02 09:22:33"
},
{
"kids":[],
"uid":"2256188060",
"parent":"",
"text":"@孔庆东 这是逗你玩。",
"mid":"zlxpY9Ah8",
"date":"2013-03-02 09:22:29"
},
{
"kids":[],
"uid":"2521930204",
"parent":"",
"text":"@孔庆东 又来了！",
"mid":"zlxpY6ZRH",
"date":"2013-03-02 09:22:29"
},
{
"kids":[],
"uid":"1167222707",
"parent":"",
"text":"Good[挖鼻屎]",
"mid":"zlxoqoEOq",
"date":"2013-03-02 09:18:41"
},
{
"kids":[],
"uid":"2313501883",
"parent":"",
"text":"老孔在桂林旅游呢？",
"mid":"zlxocclkm",
"date":"2013-03-02 09:18:07"
},
{
"kids":[],
"uid":"feimaobaobao",
"parent":"",
"text":"上帝有麻烦了。",
"mid":"zlxnYAz48",
"date":"2013-03-02 09:17:36"
},
{
"kids":[],
"uid":"2741825687",
"parent":"",
"text":"造谣谨防你家遭报应!!!",
"mid":"zlxnwwcTA",
"date":"2013-03-02 09:16:29"
},
{
"kids":[],
"uid":"2528408064",
"parent":"",
"text":"博猪这猪舌头学说人话：“险些”，是“享年”？",
"mid":"zlxlGtGCy",
"date":"2013-03-02 09:11:56"
},
{
"kids":[],
"uid":"1351161072",
"parent":"zlx0s3gCb",
"text":"",
"mid":"zlxk89J1S",
"date":"2013-03-02 09:08:06"
},
{
"kids":[],
"uid":"laohuhushuo",
"parent":"",
"text":"比较适合",
"mid":"zlxk0ulgS",
"date":"2013-03-02 09:07:49"
},
{
"kids":[],
"uid":"1833061850",
"parent":"zlwXhiVUi",
"text":"又有人在瞎编了！这种玩笑不开为好！",
"mid":"zlxjLq6xL",
"date":"2013-03-02 09:07:13"
},
{
"kids":[],
"uid":"2234983327",
"parent":"",
"text":"",
"mid":"zlxjFc83m",
"date":"2013-03-02 09:06:57"
},
{
"kids":[],
"uid":"2768256145",
"parent":"",
"text":"给病魔加油[哈哈]",
"mid":"zlxjxf6Im",
"date":"2013-03-02 09:06:39"
},
{
"kids":[],
"uid":"1405677891",
"parent":"",
"text":"强烈谴责炮制谣言、恶毒攻击优秀共产党员、爱国知识分子的卑鄙无耻行径！！！",
"mid":"zlxj10ACB",
"date":"2013-03-02 09:05:21"
},
{
"kids":[],
"uid":"2713643134",
"parent":"",
"text":"没人会盼自己爹早死，希望孔东西不死的人，都是孔的血亲，尽管是私生的！",
"mid":"zlxiA7mNj",
"date":"2013-03-02 09:04:18"
},
{
"kids":[],
"uid":"1926037037",
"parent":"zlxfwqPoc",
"text":"真遗憾，把险些去掉就完美了",
"mid":"zlxibzfn7",
"date":"2013-03-02 09:03:18"
},
{
"kids":[],
"uid":"1771425705",
"parent":"",
"text":"“險些去世”……你就去世得了唄",
"mid":"zlxhYhNJo",
"date":"2013-03-02 09:02:48"
},
{
"kids":[],
"uid":"wyymsfd",
"parent":"zlxfwqPoc",
"text":"第一次听到“险些去世，享年……”[哈哈]",
"mid":"zlxhS5ym0",
"date":"2013-03-02 09:02:32"
},
{
"kids":[],
"uid":"1846302841",
"parent":"",
"text":"",
"mid":"zlxh3115F",
"date":"2013-03-02 09:00:30"
},
{
"kids":[],
"uid":"206278980",
"parent":"",
"text":"呵呵呵，是“险些”",
"mid":"zlxguoHVm",
"date":"2013-03-02 08:59:09"
},
{
"kids":[
"zlxP4dRLN"
],
"uid":"2108603405",
"parent":"",
"text":"谣言吧",
"mid":"zlxfVwt23",
"date":"2013-03-02 08:57:46"
},
{
"kids":[],
"uid":"yirenjiuxiao",
"parent":"",
"text":"博主要想吸引眼球，自爆裸照比较有效。另外，博主应该是孑然一身，要不然就是和他家户口本有仇[汗]",
"mid":"zlxfP1ekP",
"date":"2013-03-02 08:57:30"
},
{
"kids":[
"zlxpZE5Or"
],
"uid":"2313501883",
"parent":"",
"text":"我早就举报给@老沉 @微博客服 @微博管理员 了。新浪的人根本不理咱们",
"mid":"zlxfyax5s",
"date":"2013-03-02 08:56:49"
},
{
"kids":[
"zlClPjAPd",
"zlyXR8Oiz",
"zlxDth678",
"zlxBIfrDh",
"zlxibzfn7",
"zlxhS5ym0"
],
"uid":"2757062653",
"parent":"zlxfclbf1",
"text":"[哈哈]",
"mid":"zlxfwqPoc",
"date":"2013-03-02 08:56:45"
},
{
"kids":[
"zlxfwqPoc"
],
"uid":"2767425741",
"parent":"",
"text":"[哈哈]",
"mid":"zlxfclbf1",
"date":"2013-03-02 08:55:58"
},
{
"kids":[],
"uid":"1004332862",
"parent":"zlx0s3gCb",
"text":"",
"mid":"zlxeatZF1",
"date":"2013-03-02 08:53:25"
},
{
"kids":[],
"uid":"1926133905",
"parent":"",
"text":"没事儿干了啊！谁的家人能允许你这样造谣？你没有家人啊！孔老师踩你尾巴了啊！编这瞎话有意思吗？",
"mid":"zlxcAnhse",
"date":"2013-03-02 08:49:32"
},
{
"kids":[],
"uid":"2687316311",
"parent":"",
"text":"造谣者会得到报应的，为了你及你的的后代自己积点德吧。",
"mid":"zlxaX3kMn",
"date":"2013-03-02 08:45:30"
},
{
"kids":[],
"uid":"1441479937",
"parent":"",
"text":"",
"mid":"zlx9RnVQz",
"date":"2013-03-02 08:42:48"
},
{
"kids":[],
"uid":"2686281151",
"parent":"",
"text":"央视尽出他妈的混蛋败类！",
"mid":"zlx9wqkAm",
"date":"2013-03-02 08:41:59"
},
{
"kids":[],
"uid":"mingjianlee",
"parent":"zlt50CtbL",
"text":"",
"mid":"zlx6VCHpl",
"date":"2013-03-02 08:35:36"
},
{
"kids":[],
"uid":"2042093335",
"parent":"zludA0Fbi",
"text":"额",
"mid":"zlx5F4J3K",
"date":"2013-03-02 08:32:27"
},
{
"kids":[],
"uid":"2834785081",
"parent":"zlus6mR6M",
"text":"报纸:[哈哈]险些去世",
"mid":"zlx4u54Y4",
"date":"2013-03-02 08:29:34"
},
{
"kids":[],
"uid":"1869967952",
"parent":"",
"text":"好一个险些…[偷笑]",
"mid":"zlx44Dn3t",
"date":"2013-03-02 08:28:34"
},
{
"kids":[],
"uid":"1541349192",
"parent":"zlt50CtbL",
"text":"",
"mid":"zlx3lqJMj",
"date":"2013-03-02 08:26:45"
},
{
"kids":[],
"uid":"2713643134",
"parent":"",
"text":"总希望这消息是真实的。",
"mid":"zlx2L7V58",
"date":"2013-03-02 08:25:19"
},
{
"kids":[],
"uid":"2717116757",
"parent":"",
"text":"建议尽快自杀，迎接2会召开",
"mid":"zlx127IP1",
"date":"2013-03-02 08:21:03"
},
{
"kids":[
"zlxk89J1S",
"zlxeatZF1"
],
"uid":"laocun",
"parent":"zlwXhiVUi",
"text":"此消息，让我……烦，干脆说没死成不得了!",
"mid":"zlx0s3gCb",
"date":"2013-03-02 08:19:37"
},
{
"kids":[],
"uid":"3guang",
"parent":"",
"text":"瞎扯说丫险些去世，节哀",
"mid":"zlx0ofOHj",
"date":"2013-03-02 08:19:29"
},
{
"kids":[],
"uid":"xuzaifei",
"parent":"",
"text":"三妈叫兽是哪门子的知名学者？[疑问]",
"mid":"zlx0aDPV6",
"date":"2013-03-02 08:18:57"
},
{
"kids":[],
"uid":"2196233117",
"parent":"",
"text":"我还以为现在的这个是托生出来的一条狗。原来这猪还喘气。",
"mid":"zlwZgc38P",
"date":"2013-03-02 08:16:42"
},
{
"kids":[],
"uid":"1216716853",
"parent":"zlwXhiVUi",
"text":"求实",
"mid":"zlwYz6eM8",
"date":"2013-03-02 08:14:58"
},
{
"kids":[],
"uid":"2533583580",
"parent":"",
"text":"[蜡烛]",
"mid":"zlwYrmnu8",
"date":"2013-03-02 08:14:40"
},
{
"kids":[
"zlxjLq6xL",
"zlx0s3gCb",
"zlwYz6eM8"
],
"uid":"209373779",
"parent":"",
"text":"[吃惊]",
"mid":"zlwXhiVUi",
"date":"2013-03-02 08:11:49"
},
{
"kids":[],
"uid":"stonejun",
"parent":"zlwNuAve0",
"text":"就差没放高升了",
"mid":"zlwS1ke90",
"date":"2013-03-02 07:58:52"
},
{
"kids":[
"zlxNObMjb",
"zlwS1ke90"
],
"uid":"kdstfer",
"parent":"zlwMujpDa",
"text":"我险些激动的掉出泪来",
"mid":"zlwNuAve0",
"date":"2013-03-02 07:47:42"
},
{
"kids":[],
"uid":"qpchenchao",
"parent":"zlwMujpDa",
"text":"不管真假[蜡烛]",
"mid":"zlwNdw2ya",
"date":"2013-03-02 07:47:02"
},
{
"kids":[
"zlwNuAve0",
"zlwNdw2ya"
],
"uid":"2185179550",
"parent":"zlwEprPK7",
"text":"真的假的?",
"mid":"zlwMujpDa",
"date":"2013-03-02 07:45:14"
},
{
"kids":[],
"uid":"2566331060",
"parent":"zlsOq0RUQ",
"text":"险些？为啥不是已经？",
"mid":"zlwMoF2Vw",
"date":"2013-03-02 07:45:01"
},
{
"kids":[],
"uid":"1638613775",
"parent":"",
"text":"同右",
"mid":"zlwKl0zlS",
"date":"2013-03-02 07:39:55"
},
{
"kids":[],
"uid":"2804213222",
"parent":"zlsYja8r0",
"text":"",
"mid":"zlwJVzwuQ",
"date":"2013-03-02 07:38:56"
},
{
"kids":[],
"uid":"1977907591",
"parent":"",
"text":"",
"mid":"zlwIKAx5V",
"date":"2013-03-02 07:36:01"
},
{
"kids":[],
"uid":"2141302261",
"parent":"zlwGcd43B",
"text":"博主不造谣会死？",
"mid":"zlwHcBCol",
"date":"2013-03-02 07:32:12"
},
{
"kids":[
"zlwHcBCol"
],
"uid":"2816362087",
"parent":"zlwF9eKLS",
"text":"[吃惊]不会吧。",
"mid":"zlwGcd43B",
"date":"2013-03-02 07:29:43"
},
{
"kids":[],
"uid":"1865936565",
"parent":"",
"text":"哎",
"mid":"zlwG09PbF",
"date":"2013-03-02 07:29:15"
},
{
"kids":[
"zlwGcd43B"
],
"uid":"2656720513",
"parent":"zlwAi5E6M",
"text":"[汗]",
"mid":"zlwF9eKLS",
"date":"2013-03-02 07:27:09"
},
{
"kids":[],
"uid":"1055866577",
"parent":"",
"text":"",
"mid":"zlwEsnOXK",
"date":"2013-03-02 07:25:28"
},
{
"kids":[
"zlwMujpDa"
],
"uid":"2532109681",
"parent":"",
"text":"真的假的！",
"mid":"zlwEprPK7",
"date":"2013-03-02 07:25:20"
},
{
"kids":[],
"uid":"3166858051",
"parent":"",
"text":"孔和尚一路走好！！",
"mid":"zlwDJrZ7U",
"date":"2013-03-02 07:23:39"
},
{
"kids":[
"zlwF9eKLS"
],
"uid":"3114748797",
"parent":"zlwsmnYsL",
"text":"[钟]",
"mid":"zlwAi5E6M",
"date":"2013-03-02 07:15:11"
},
{
"kids":[],
"uid":"jinlvshi",
"parent":"zlutGs3lY",
"text":"看着这嘴脸就觉得恶心！听他在电视媒体上发表对 @李庄 案的评论更是觉得这人怎么会厚颜无耻到这个程度。大败孔子名声，还自称其传人。",
"mid":"zlwveCvGl",
"date":"2013-03-02 07:02:43"
},
{
"kids":[],
"uid":"2886228182",
"parent":"",
"text":"",
"mid":"zlwv2ui9k",
"date":"2013-03-02 07:02:15"
},
{
"kids":[
"zlwAi5E6M"
],
"uid":"wangligui1",
"parent":"",
"text":"表示也恨恨",
"mid":"zlwsmnYsL",
"date":"2013-03-02 06:55:39"
},
{
"kids":[],
"uid":"2126725211",
"parent":"",
"text":"吓了我一跳，不带这么玩的，这是我的偶像",
"mid":"zlwogxUia",
"date":"2013-03-02 06:45:34"
},
{
"kids":[],
"uid":"2504429447",
"parent":"",
"text":"哈哈哈~让啥给刺激啦~有本事别花我们纳税人的钱看病啊",
"mid":"zlwdrgjrc",
"date":"2013-03-02 06:18:53"
},
{
"kids":[],
"uid":"2919653850",
"parent":"",
"text":"",
"mid":"zlvT88sWi",
"date":"2013-03-02 05:28:50"
},
{
"kids":[],
"uid":"2772524727",
"parent":"",
"text":"[酷]",
"mid":"zlvNTFGwa",
"date":"2013-03-02 05:15:57"
},
{
"kids":[],
"uid":"1742421011",
"parent":"zludTsGjW",
"text":"险些！",
"mid":"zlvExEB1n",
"date":"2013-03-02 04:52:55"
},
{
"kids":[],
"uid":"2812007237",
"parent":"",
"text":"没有丑角，还真不热闹，一",
"mid":"zlvD7fQaX",
"date":"2013-03-02 04:49:23"
},
{
"kids":[],
"uid":"2298231102",
"parent":"zlutgqrFh",
"text":"",
"mid":"zlvp3z8Bp",
"date":"2013-03-02 04:14:46"
},
{
"kids":[],
"uid":"th169",
"parent":"",
"text":"1，咒人死不好。2，@孔庆东 等人留着做反面教材也好。不然很多人还不知道现在中国有这样的疯狗。",
"mid":"zlvgpgNli",
"date":"2013-03-02 03:53:27"
},
{
"kids":[],
"uid":"2161345425",
"parent":"",
"text":"[偷笑]",
"mid":"zlvck4vjE",
"date":"2013-03-02 03:43:23"
},
{
"kids":[],
"uid":"1357942470",
"parent":"zluJtpli3",
"text":"",
"mid":"zlvbZCgnf",
"date":"2013-03-02 03:42:35"
},
{
"kids":[],
"uid":"1154153087",
"parent":"",
"text":"这个消息太振奋人心了[哈哈][陰險]",
"mid":"zlv4Rk7Lb",
"date":"2013-03-02 03:24:59"
},
{
"kids":[],
"uid":"2693368004",
"parent":"",
"text":"",
"mid":"zlv48CLyY",
"date":"2013-03-02 03:23:14"
},
{
"kids":[],
"uid":"173874377",
"parent":"",
"text":"2013年度最可恶词语【险些】",
"mid":"zlv118yMp",
"date":"2013-03-02 03:15:32"
},
{
"kids":[],
"uid":"1079550163",
"parent":"zlubEkLjz",
"text":"赶紧死去吧[哈哈][哈哈][哈哈][哈哈]",
"mid":"zlv0SeP7R",
"date":"2013-03-02 03:15:11"
},
{
"kids":[],
"uid":"xudongyue",
"parent":"",
"text":"[哈哈]",
"mid":"zluYtjKaD",
"date":"2013-03-02 03:09:15"
},
{
"kids":[],
"uid":"1980233563",
"parent":"zlun915PF",
"text":"哈哈哈",
"mid":"zluXVCmno",
"date":"2013-03-02 03:07:56"
},
{
"kids":[],
"uid":"wgchinese",
"parent":"",
"text":"",
"mid":"zluXijmnE",
"date":"2013-03-02 03:06:22"
},
{
"kids":[],
"uid":"2106550772",
"parent":"zlun915PF",
"text":"死的太痛快了",
"mid":"zluUfd8av",
"date":"2013-03-02 02:58:51"
},
{
"kids":[],
"uid":"1658347225",
"parent":"",
"text":"别险些啊，要死赶紧的",
"mid":"zluN6xp3X",
"date":"2013-03-02 02:41:16"
},
{
"kids":[],
"uid":"2350830673",
"parent":"",
"text":"/三鞠躬！/@Z_燕小云:下辈子投胎到走狗界也是流氓狗",
"mid":"zluKTadsK",
"date":"2013-03-02 02:35:48"
},
{
"kids":[
"zlvbZCgnf"
],
"uid":"libolibo",
"parent":"",
"text":"这都是预兆，但愿下次司马坐电梯时电梯再准一些，但愿下次孔三妈犯病再猛一些，但愿下次吴法天约架时对方再狠一些，但愿下次韩德强装逼时再现眼一些，但愿下次胡锡进、阮次山出门时……",
"mid":"zluJtpli3",
"date":"2013-03-02 02:32:18"
},
{
"kids":[
"zlxy32GDN"
],
"uid":"2837283452",
"parent":"zluF1chn6",
"text":"[熊貓]是地府都不想收的貨式！！！[草泥馬][草泥馬][草泥馬]",
"mid":"zluGLCORl",
"date":"2013-03-02 02:25:38"
},
{
"kids":[],
"uid":"gaoxu0083",
"parent":"",
"text":"孔老二自己都觉得丢脸了！收了他吧！",
"mid":"zluFkkeQd",
"date":"2013-03-02 02:22:05"
},
{
"kids":[
"zluGLCORl"
],
"uid":"stefanovikgelb",
"parent":"zluCFcQSS",
"text":"頂！臨門一腳都撻Q，死極都死唔去。",
"mid":"zluF1chn6",
"date":"2013-03-02 02:21:19"
},
{
"kids":[
"zluF1chn6"
],
"uid":"2837283452",
"parent":"zluuRq1dC",
"text":"[熊貓]該死的不死！！失望！！！[草泥馬][草泥馬][草泥馬]",
"mid":"zluCFcQSS",
"date":"2013-03-02 02:15:32"
},
{
"kids":[],
"uid":"2605473381",
"parent":"",
"text":"听说••••••是猪冥邪者吧！另一说法称之为叫兽；请孔叫兽一路走好",
"mid":"zluBAnWa8",
"date":"2013-03-02 02:12:53"
},
{
"kids":[],
"uid":"2574042107",
"parent":"",
"text":"阎王才不稀罕收走狗",
"mid":"zluA5iVRm",
"date":"2013-03-02 02:09:11"
},
{
"kids":[],
"uid":"1589680253",
"parent":"zlu9utBU6",
"text":"",
"mid":"zluzngvhN",
"date":"2013-03-02 02:07:25"
},
{
"kids":[],
"uid":"olive007",
"parent":"zluuRq1dC",
"text":"[偷笑]",
"mid":"zluzie2eq",
"date":"2013-03-02 02:07:14"
},
{
"kids":[],
"uid":"1236828537",
"parent":"",
"text":"[笑哈哈]",
"mid":"zluz94tnA",
"date":"2013-03-02 02:06:52"
},
{
"kids":[],
"uid":"2462764051",
"parent":"zluuRq1dC",
"text":"这一险些，空欢喜一场",
"mid":"zluyQ9HXb",
"date":"2013-03-02 02:06:07"
},
{
"kids":[],
"uid":"lovingfung",
"parent":"zlurZyMdM",
"text":"真的假的？[疑問]",
"mid":"zluxRzUY4",
"date":"2013-03-02 02:03:43"
},
{
"kids":[],
"uid":"heipaoer",
"parent":"",
"text":"[哈哈][哈哈][哈哈]",
"mid":"zluxRk98I",
"date":"2013-03-02 02:03:42"
},
{
"kids":[],
"uid":"3172422320",
"parent":"",
"text":"[哈哈][哈哈]",
"mid":"zlux7e4zU",
"date":"2013-03-02 02:01:52"
},
{
"kids":[],
"uid":"bhtraum",
"parent":"zluuRq1dC",
"text":"哈哈",
"mid":"zluw0lhCy",
"date":"2013-03-02 01:59:08"
},
{
"kids":[],
"uid":"2366257484",
"parent":"",
"text":"[喜]",
"mid":"zluvOeoT0",
"date":"2013-03-02 01:58:39"
},
{
"kids":[
"zluCFcQSS",
"zluzie2eq",
"zluyQ9HXb",
"zluw0lhCy"
],
"uid":"huangxinquan",
"parent":"zlutBpikX",
"text":"什么叫险些去世呀",
"mid":"zluuRq1dC",
"date":"2013-03-02 01:56:18"
},
{
"kids":[
"zlwveCvGl"
],
"uid":"yangwenbin866",
"parent":"",
"text":"活着也是一堆臭肉。",
"mid":"zlutGs3lY",
"date":"2013-03-02 01:53:25"
},
{
"kids":[
"zluuRq1dC"
],
"uid":"2462764051",
"parent":"zlun915PF",
"text":"十五之后是不是不许放鞭炮啊[爱你]",
"mid":"zlutBpikX",
"date":"2013-03-02 01:53:13"
},
{
"kids":[
"zlvp3z8Bp"
],
"uid":"2605887734",
"parent":"zlurZyMdM",
"text":"呢条贴好7屌鸠hi ，既毒，又不是造谣，笑鸠死！这个险些可以成体。",
"mid":"zlutgqrFh",
"date":"2013-03-02 01:52:23"
},
{
"kids":[
"zlx4u54Y4"
],
"uid":"lixiwen20070105",
"parent":"",
"text":"[哈哈]险些去世",
"mid":"zlus6mR6M",
"date":"2013-03-02 01:49:30"
},
{
"kids":[
"zluxRzUY4",
"zlutgqrFh"
],
"uid":"2605887734",
"parent":"",
"text":"我很小市民的，我很实在的：如果他花的是自己的钱，跟我们一样的医保，那还是别死好，得闲骂骂他也热闹，咒他死不算爷们。但如果是高干待遇，那还是死了吧，就别险些了。",
"mid":"zlurZyMdM",
"date":"2013-03-02 01:49:15"
},
{
"kids":[],
"uid":"208282603",
"parent":"",
"text":"[吃惊][鼓掌]",
"mid":"zlurAa8uX",
"date":"2013-03-02 01:48:13"
},
{
"kids":[],
"uid":"niushawn",
"parent":"",
"text":"[蜡烛][蜡烛][蜡烛]",
"mid":"zluqHtQtK",
"date":"2013-03-02 01:46:04"
},
{
"kids":[],
"uid":"1642775191",
"parent":"",
"text":"孔三妈长帅了..........[吃惊]",
"mid":"zluqHcfe1",
"date":"2013-03-02 01:46:03"
},
{
"kids":[],
"uid":"xian9362",
"parent":"",
"text":"太可惜了，只是险些啊。。。",
"mid":"zluqFnx6e",
"date":"2013-03-02 01:45:58"
},
{
"kids":[],
"uid":"3107660895",
"parent":"zluiKh5ld",
"text":"好人坏人看评论。",
"mid":"zluqhaQdR",
"date":"2013-03-02 01:45:01"
},
{
"kids":[],
"uid":"lvrenwu",
"parent":"",
"text":"",
"mid":"zluq8zoEu",
"date":"2013-03-02 01:44:41"
},
{
"kids":[],
"uid":"gdom",
"parent":"zlumIscmr",
"text":"一般是坏人长寿",
"mid":"zlupf3rVK",
"date":"2013-03-02 01:42:28"
},
{
"kids":[],
"uid":"1464682271",
"parent":"",
"text":"？",
"mid":"zluoP7mLz",
"date":"2013-03-02 01:41:26"
},
{
"kids":[],
"uid":"djlara",
"parent":"",
"text":"害我险些去买鞭炮[哈哈]",
"mid":"zlunT82LG",
"date":"2013-03-02 01:39:08"
},
{
"kids":[
"zluXVCmno",
"zluUfd8av",
"zlutBpikX"
],
"uid":"1497506630",
"parent":"",
"text":"",
"mid":"zlun915PF",
"date":"2013-03-02 01:37:18"
},
{
"kids":[],
"uid":"streetlightman",
"parent":"",
"text":"",
"mid":"zlumJ1VlM",
"date":"2013-03-02 01:36:16"
},
{
"kids":[
"zlupf3rVK"
],
"uid":"1770420100",
"parent":"",
"text":"请病魔君再坚持下去，很多人都希望为孔叫兽点蜡烛。",
"mid":"zlumIscmr",
"date":"2013-03-02 01:36:15"
},
{
"kids":[],
"uid":"nzuan",
"parent":"",
"text":"险些去世！[哈哈][嘻嘻][哈哈][嘻嘻][哈哈]",
"mid":"zlumFuS3U",
"date":"2013-03-02 01:36:07"
},
{
"kids":[],
"uid":"1072732903",
"parent":"",
"text":"一惊！在看，险些",
"mid":"zlumufjEr",
"date":"2013-03-02 01:35:41"
},
{
"kids":[],
"uid":"1937912650",
"parent":"",
"text":"311医院真缺德！[嘻嘻]",
"mid":"zlumpvvQ6",
"date":"2013-03-02 01:35:29"
},
{
"kids":[],
"uid":"1498313821",
"parent":"",
"text":"咳，连下面都烦丫的，真是人神共愤[蜡烛]",
"mid":"zlum8EP5L",
"date":"2013-03-02 01:34:50"
},
{
"kids":[],
"uid":"1189612635",
"parent":"zlukgigNk",
"text":"[围观]",
"mid":"zlulv6l26",
"date":"2013-03-02 01:33:14"
},
{
"kids":[],
"uid":"1629654075",
"parent":"",
"text":"看右边，就知此人RP",
"mid":"zlul0lbMS",
"date":"2013-03-02 01:32:02"
},
{
"kids":[],
"uid":"erdan40",
"parent":"",
"text":"死条疯狗不值得点蜡烛！",
"mid":"zlukTyopA",
"date":"2013-03-02 01:31:46"
},
{
"kids":[],
"uid":"2875112762",
"parent":"zlueDAFAP",
"text":"造谣全家死信谣是傻逼传謠死全家",
"mid":"zlukN5aRq",
"date":"2013-03-02 01:31:30"
},
{
"kids":[
"zlulv6l26"
],
"uid":"609234478",
"parent":"",
"text":"[哈哈][哈哈]",
"mid":"zlukgigNk",
"date":"2013-03-02 01:30:12"
},
{
"kids":[],
"uid":"208088789",
"parent":"",
"text":"险些去世啊！本来想给他点起蜡烛的，可惜了。",
"mid":"zlukb17bY",
"date":"2013-03-02 01:29:59"
},
{
"kids":[],
"uid":"2790114284",
"parent":"",
"text":"",
"mid":"zlujSj8EQ",
"date":"2013-03-02 01:29:15"
},
{
"kids":[],
"uid":"2016260243",
"parent":"",
"text":"可惜只是险些",
"mid":"zlujP5PwF",
"date":"2013-03-02 01:29:06"
},
{
"kids":[
"zluqhaQdR"
],
"uid":"jhsdjm1978",
"parent":"",
"text":"",
"mid":"zluiKh5ld",
"date":"2013-03-02 01:26:27"
},
{
"kids":[],
"uid":"1904544671",
"parent":"",
"text":"[耶][耶][鼓掌][鼓掌][鼓掌]",
"mid":"zluhrBFMv",
"date":"2013-03-02 01:23:15"
},
{
"kids":[],
"uid":"1778656765",
"parent":"",
"text":"[哈哈]",
"mid":"zluhcyN5q",
"date":"2013-03-02 01:22:40"
},
{
"kids":[],
"uid":"2161955884",
"parent":"",
"text":"平复的心，居然有想喝一杯的感觉！",
"mid":"zluhciuaH",
"date":"2013-03-02 01:22:39"
},
{
"kids":[],
"uid":"yuzhigan",
"parent":"",
"text":"它死了没有？它死了给北大去掉一个祸害，给中国去掉一个孽种。这个野兽如若得逞，就是人类灾难。张宏良、司马南不是说也得了癌症了吗？真的假的？",
"mid":"zluh2bXAx",
"date":"2013-03-02 01:22:15"
},
{
"kids":[],
"uid":"2118756593",
"parent":"",
"text":"是吗？",
"mid":"zlugUvVza",
"date":"2013-03-02 01:21:57"
},
{
"kids":[],
"uid":"2283793704",
"parent":"",
"text":"转发微博。",
"mid":"zlugtm47c",
"date":"2013-03-02 01:20:52"
},
{
"kids":[],
"uid":"1947313011",
"parent":"",
"text":"",
"mid":"zlug349lN",
"date":"2013-03-02 01:19:49"
},
{
"kids":[],
"uid":"2130148964",
"parent":"",
"text":"死了吗[嘻嘻]",
"mid":"zlug06OUn",
"date":"2013-03-02 01:19:42"
},
{
"kids":[],
"uid":"2281978817",
"parent":"",
"text":"还险些去世，kao",
"mid":"zluf04EHO",
"date":"2013-03-02 01:17:14"
},
{
"kids":[
"zlukN5aRq"
],
"uid":"zhouhz1969",
"parent":"zludA0Fbi",
"text":"[吃惊]孔“叫兽”走鸟？！不可能吧？",
"mid":"zlueDAFAP",
"date":"2013-03-02 01:16:21"
},
{
"kids":[],
"uid":"superhkwan",
"parent":"",
"text":"来一根[蜡烛]",
"mid":"zluel1bSX",
"date":"2013-03-02 01:15:36"
},
{
"kids":[],
"uid":"3060652355",
"parent":"",
"text":"[哈哈]",
"mid":"zluec7U9e",
"date":"2013-03-02 01:15:15"
},
{
"kids":[
"zlvExEB1n"
],
"uid":"208012785",
"parent":"zluayBnQL",
"text":"回覆@香奈儿45度:[挖鼻屎]人还没死呢，别乱发，小心孔和尚举报你",
"mid":"zludTsGjW",
"date":"2013-03-02 01:14:31"
},
{
"kids":[],
"uid":"410051503",
"parent":"zluayBnQL",
"text":"险些！",
"mid":"zludMENke",
"date":"2013-03-02 01:14:14"
},
{
"kids":[
"zlx5F4J3K",
"zlueDAFAP"
],
"uid":"sgzshyl",
"parent":"zlubEkLjz",
"text":"昨天糯康伏法了！[威武]",
"mid":"zludA0Fbi",
"date":"2013-03-02 01:13:44"
},
{
"kids":[
"zlxB4463H"
],
"uid":"105478231",
"parent":"",
"text":"千夫所指，无疾而终。",
"mid":"zludulEPq",
"date":"2013-03-02 01:13:31"
},
{
"kids":[],
"uid":"133827633",
"parent":"zlubEkLjz",
"text":"死了好……还多点肥料，不像活着就是个祸害",
"mid":"zludltGN2",
"date":"2013-03-02 01:13:10"
},
{
"kids":[],
"uid":"gdom",
"parent":"",
"text":"学者？他学了什么？",
"mid":"zludgshFA",
"date":"2013-03-02 01:12:58"
},
{
"kids":[],
"uid":"2394287090",
"parent":"zluc5cob6",
"text":"险些，享年？这句话是病句吧。到底死了没有？",
"mid":"zlucU0YPV",
"date":"2013-03-02 01:12:03"
},
{
"kids":[],
"uid":"2982799521",
"parent":"zlubEkLjz",
"text":"这个人的仇恨值有这么高吗？何方人物？",
"mid":"zlucSxXLm",
"date":"2013-03-02 01:12:01"
},
{
"kids":[],
"uid":"2574500265",
"parent":"",
"text":"是不是真的[挖鼻屎]",
"mid":"zlucJ6LSw",
"date":"2013-03-02 01:11:38"
},
{
"kids":[],
"uid":"1041229690",
"parent":"",
"text":"真的吗？",
"mid":"zlucCkawH",
"date":"2013-03-02 01:11:22"
},
{
"kids":[
"zlxsX83qw",
"zlucU0YPV"
],
"uid":"aifong",
"parent":"",
"text":"可惜是“险些”。尼玛 下次真的才发微博不行啊？",
"mid":"zluc5cob6",
"date":"2013-03-02 01:10:03"
},
{
"kids":[],
"uid":"1658549022",
"parent":"zlu5g2xtB",
"text":"险些去世？受惊了？[哈哈]",
"mid":"zlubT4oEY",
"date":"2013-03-02 01:09:34"
},
{
"kids":[],
"uid":"2728387371",
"parent":"",
"text":"弄成植物人也行啊[思考]",
"mid":"zlubRACfT",
"date":"2013-03-02 01:09:31"
},
{
"kids":[
"zlv0SeP7R",
"zludA0Fbi",
"zludltGN2",
"zlucSxXLm"
],
"uid":"3219958245",
"parent":"",
"text":"又学司马南，装死，没人可怜他。",
"mid":"zlubEkLjz",
"date":"2013-03-02 01:08:59"
},
{
"kids":[],
"uid":"714234118",
"parent":"",
"text":"[哈哈]",
"mid":"zlubnu1wt",
"date":"2013-03-02 01:08:18"
},
{
"kids":[],
"uid":"yaoxuchen",
"parent":"",
"text":"擦，差一点就举国同庆了。",
"mid":"zluazuCLq",
"date":"2013-03-02 01:06:20"
},
{
"kids":[
"zludTsGjW",
"zludMENke"
],
"uid":"208012785",
"parent":"",
"text":"[哈哈]这不是乱来嘛。。。等下就被人举报啦。。。一定得举报啦[好激動]",
"mid":"zluayBnQL",
"date":"2013-03-02 01:06:18"
},
{
"kids":[],
"uid":"2739759105",
"parent":"zlu7kixKD",
"text":"[哈哈]",
"mid":"zluar0AJX",
"date":"2013-03-02 01:05:59"
},
{
"kids":[
"zluzngvhN"
],
"uid":"000xyz",
"parent":"",
"text":"怎么都是幸灾乐祸的呀。不去捐点啥？",
"mid":"zlu9utBU6",
"date":"2013-03-02 01:03:40"
},
{
"kids":[],
"uid":"2167906484",
"parent":"",
"text":"",
"mid":"zlu8Epk2b",
"date":"2013-03-02 01:01:36"
},
{
"kids":[],
"uid":"2527383853",
"parent":"",
"text":"",
"mid":"zlu8hntP1",
"date":"2013-03-02 01:00:41"
},
{
"kids":[
"zluar0AJX"
],
"uid":"1431593064",
"parent":"zlu5g2xtB",
"text":"何时伏法?",
"mid":"zlu7kixKD",
"date":"2013-03-02 00:58:19"
},
{
"kids":[],
"uid":"yogifish",
"parent":"",
"text":"“险些去世”……[偷笑]",
"mid":"zlu78tfoZ",
"date":"2013-03-02 00:57:53"
},
{
"kids":[],
"uid":"1404035270",
"parent":"",
"text":"哈哈，好个险些去世。坏个险些去世。孔庆东可谓当代萧何否？",
"mid":"zlu6Uksc9",
"date":"2013-03-02 00:57:18"
},
{
"kids":[],
"uid":"1342539890",
"parent":"zlu4A7rcx",
"text":"没死成？惨！",
"mid":"zlu64jKj7",
"date":"2013-03-02 00:55:11"
},
{
"kids":[],
"uid":"ysh999",
"parent":"",
"text":"哈哈，虽则是大快人心，但估计是恶搞吧。",
"mid":"zlu5saxXu",
"date":"2013-03-02 00:53:44"
},
{
"kids":[
"zlubT4oEY",
"zlu7kixKD"
],
"uid":"2709366843",
"parent":"",
"text":"[嘻嘻]",
"mid":"zlu5g2xtB",
"date":"2013-03-02 00:53:15"
},
{
"kids":[],
"uid":"223454231",
"parent":"zlu4A7rcx",
"text":"",
"mid":"zlu58lphX",
"date":"2013-03-02 00:52:56"
},
{
"kids":[
"zlu64jKj7",
"zlu58lphX"
],
"uid":"1823836391",
"parent":"zlu30jxmD",
"text":"[哈哈]险些！",
"mid":"zlu4A7rcx",
"date":"2013-03-02 00:51:34"
},
{
"kids":[],
"uid":"2346226130",
"parent":"zlu2u6Ttu",
"text":"显显？",
"mid":"zlu4tyvpn",
"date":"2013-03-02 00:51:19"
},
{
"kids":[],
"uid":"parwaz",
"parent":"",
"text":"他死了朝鲜失去一条忠实的狗。",
"mid":"zlu4p9QSI",
"date":"2013-03-02 00:51:09"
},
{
"kids":[],
"uid":"ganzhichunqiu",
"parent":"",
"text":"你的梦想是什么？",
"mid":"zlu449RRn",
"date":"2013-03-02 00:50:18"
},
{
"kids":[],
"uid":"2276600401",
"parent":"zltBQ0WJl",
"text":"",
"mid":"zlu42ouTq",
"date":"2013-03-02 00:50:11"
},
{
"kids":[],
"uid":"2818381601",
"parent":"",
"text":"",
"mid":"zlu3Mr211",
"date":"2013-03-02 00:49:36"
},
{
"kids":[
"zlu4A7rcx"
],
"uid":"209991560",
"parent":"",
"text":"",
"mid":"zlu30jxmD",
"date":"2013-03-02 00:47:41"
},
{
"kids":[],
"uid":"2394790841",
"parent":"zlsO28QTr",
"text":"笑死我了",
"mid":"zlu2U4MRD",
"date":"2013-03-02 00:47:26"
},
{
"kids":[],
"uid":"andy2139",
"parent":"",
"text":"[可怜]",
"mid":"zlu2LvyRn",
"date":"2013-03-02 00:47:05"
},
{
"kids":[
"zlu4tyvpn"
],
"uid":"1823514781",
"parent":"zlu2dvnTt",
"text":"",
"mid":"zlu2u6Ttu",
"date":"2013-03-02 00:46:22"
},
{
"kids":[],
"uid":"1439207697",
"parent":"zltOWAEkZ",
"text":"很多人的小学语文老师要生气了。",
"mid":"zlu2k1FW8",
"date":"2013-03-02 00:46:01"
},
{
"kids":[
"zlu2u6Ttu"
],
"uid":"1849072753",
"parent":"",
"text":"[嘻嘻]",
"mid":"zlu2dvnTt",
"date":"2013-03-02 00:45:46"
},
{
"kids":[],
"uid":"1102457865",
"parent":"",
"text":"有的人活着，他已经死了！",
"mid":"zlu2azaOL",
"date":"2013-03-02 00:45:38"
},
{
"kids":[],
"uid":"1872288850",
"parent":"",
"text":"能把险些去掉吗？",
"mid":"zlu1if2F1",
"date":"2013-03-02 00:43:28"
},
{
"kids":[],
"uid":"1100709075",
"parent":"",
"text":"",
"mid":"zlu091O03",
"date":"2013-03-02 00:40:37"
},
{
"kids":[],
"uid":"1801643330",
"parent":"",
"text":"这则短讯，险些笑疼我肚子。[哈哈]",
"mid":"zltZb3mgC",
"date":"2013-03-02 00:38:13"
},
{
"kids":[],
"uid":"baory",
"parent":"",
"text":"险些送上[蜡烛]",
"mid":"zltZ2rEcJ",
"date":"2013-03-02 00:37:53"
},
{
"kids":[],
"uid":"2232972590",
"parent":"",
"text":"我恨险些",
"mid":"zltXW9v2Q",
"date":"2013-03-02 00:35:13"
},
{
"kids":[],
"uid":"1527318174",
"parent":"",
"text":"[偷笑]",
"mid":"zltXfBcwt",
"date":"2013-03-02 00:33:32"
},
{
"kids":[],
"uid":"1527318174",
"parent":"",
"text":"[哈哈]",
"mid":"zltXa1I4Z",
"date":"2013-03-02 00:33:17"
},
{
"kids":[],
"uid":"lxnf",
"parent":"",
"text":"估计是老毛想他了…",
"mid":"zltVfwZB7",
"date":"2013-03-02 00:28:35"
},
{
"kids":[],
"uid":"2489237204",
"parent":"zltOWAEkZ",
"text":"前几天说司马南死了，今天又到同类孔较瘦死，，不信！[晕]",
"mid":"zltTS9VyK",
"date":"2013-03-02 00:25:09"
},
{
"kids":[],
"uid":"2830850030",
"parent":"zltOWAEkZ",
"text":"骂香港人是狗的狗日的北大较瘦,老天终于安排他扦队轮回做狗去了,报应![亲亲]",
"mid":"zltTtBXuK",
"date":"2013-03-02 00:24:13"
},
{
"kids":[],
"uid":"176188001",
"parent":"",
"text":"",
"mid":"zltTam9r7",
"date":"2013-03-02 00:23:26"
},
{
"kids":[],
"uid":"1400761390",
"parent":"zltOWAEkZ",
"text":"允许有不同声音，真理越辩越明",
"mid":"zltSk6Ozf",
"date":"2013-03-02 00:21:22"
},
{
"kids":[],
"uid":"1736082553",
"parent":"zltOWAEkZ",
"text":"罚款也要烧烟花",
"mid":"zltRwrfjW",
"date":"2013-03-02 00:19:25"
},
{
"kids":[],
"uid":"lawyerzsh",
"parent":"zltOWAEkZ",
"text":"[哈哈]",
"mid":"zltRi05v6",
"date":"2013-03-02 00:18:46"
},
{
"kids":[],
"uid":"ljcsmart",
"parent":"",
"text":"",
"mid":"zltP8FLgP",
"date":"2013-03-02 00:13:33"
},
{
"kids":[
"zlu2k1FW8",
"zltTS9VyK",
"zltTtBXuK",
"zltSk6Ozf",
"zltRwrfjW",
"zltRi05v6"
],
"uid":"uncleb",
"parent":"zltJXvZVQ",
"text":"做人要厚道。",
"mid":"zltOWAEkZ",
"date":"2013-03-02 00:13:01"
},
{
"kids":[],
"uid":"1756745875",
"parent":"",
"text":"瞎扯吧？[吃惊]",
"mid":"zltMK5BdB",
"date":"2013-03-02 00:07:37"
},
{
"kids":[],
"uid":"3217082557",
"parent":"",
"text":"真的吗？？？",
"mid":"zltKv9Tt6",
"date":"2013-03-02 00:02:06"
},
{
"kids":[
"zltOWAEkZ"
],
"uid":"qianleibank",
"parent":"zltHK4V6G",
"text":"险些，呵呵。咱不能学他嘴贱，祝叫兽康复就好",
"mid":"zltJXvZVQ",
"date":"2013-03-02 00:00:43"
},
{
"kids":[],
"uid":"1876705187",
"parent":"",
"text":"真的？假的？",
"mid":"zltJCd372",
"date":"2013-03-01 23:59:55"
},
{
"kids":[],
"uid":"1498280727",
"parent":"zltHK4V6G",
"text":"娛乐圈又少一人/@林学明shermanlxm: 文化大革命时他还穿开档裤。",
"mid":"zltJ6zGSP",
"date":"2013-03-01 23:58:38"
},
{
"kids":[],
"uid":"2562177417",
"parent":"zltD8lkix",
"text":"[给力][给力]",
"mid":"zltIXrYMO",
"date":"2013-03-01 23:58:19"
},
{
"kids":[
"zltJXvZVQ",
"zltJ6zGSP"
],
"uid":"shermanlxm",
"parent":"zltGltCRj",
"text":"文化大革命时他还穿开档裤。",
"mid":"zltHK4V6G",
"date":"2013-03-01 23:55:19"
},
{
"kids":[],
"uid":"535501282",
"parent":"",
"text":"",
"mid":"zltHqAQnW",
"date":"2013-03-01 23:54:33"
},
{
"kids":[],
"uid":"2353302493",
"parent":"zltGltCRj",
"text":"提前祝他家38节快乐",
"mid":"zltH0iLQq",
"date":"2013-03-01 23:53:30"
},
{
"kids":[
"zltHK4V6G",
"zltH0iLQq"
],
"uid":"rybfujun",
"parent":"zltfZbDoZ",
"text":"真的假的？逗人开心•••",
"mid":"zltGltCRj",
"date":"2013-03-01 23:51:52"
},
{
"kids":[],
"uid":"2684515661",
"parent":"",
"text":"疯了。。。",
"mid":"zltDB0fJA",
"date":"2013-03-01 23:45:05"
},
{
"kids":[
"zltIXrYMO"
],
"uid":"2706197394",
"parent":"zltBQ0WJl",
"text":"这又是报应！活该！@西安张显 下一个就是你这个畜牲了！[鼓掌][鼓掌][鼓掌][鼓掌][鼓掌]",
"mid":"zltD8lkix",
"date":"2013-03-01 23:43:53"
},
{
"kids":[
"zlu42ouTq",
"zltD8lkix"
],
"uid":"2261148931",
"parent":"",
"text":"双眼皆闭无阴阳，从此无人喊三妈。",
"mid":"zltBQ0WJl",
"date":"2013-03-01 23:40:43"
},
{
"kids":[],
"uid":"2862737104",
"parent":"zltuEmqfu",
"text":"你就是瞎扯吧[挖鼻屎]",
"mid":"zltz9kw1e",
"date":"2013-03-01 23:34:08"
},
{
"kids":[
"zltz9kw1e"
],
"uid":"1720962780",
"parent":"",
"text":"",
"mid":"zltuEmqfu",
"date":"2013-03-01 23:23:02"
},
{
"kids":[],
"uid":"334974741",
"parent":"",
"text":"[汗]",
"mid":"zltpAgCSH",
"date":"2013-03-01 23:10:34"
},
{
"kids":[],
"uid":"2708906814",
"parent":"",
"text":"",
"mid":"zltm0Ei0w",
"date":"2013-03-01 23:01:45"
},
{
"kids":[],
"uid":"1881272760",
"parent":"",
"text":"可惜啊[嘻嘻]",
"mid":"zltkF0AkE",
"date":"2013-03-01 22:58:27"
},
{
"kids":[],
"uid":"jw3178",
"parent":"",
"text":"这么急着见老髦？",
"mid":"zltiBF7S0",
"date":"2013-03-01 22:53:23"
},
{
"kids":[],
"uid":"beckjianlu",
"parent":"",
"text":"[哈哈]",
"mid":"zltiq9cfd",
"date":"2013-03-01 22:52:55"
},
{
"kids":[],
"uid":"1617622962",
"parent":"",
"text":"",
"mid":"zlti5tqiG",
"date":"2013-03-01 22:52:03"
},
{
"kids":[],
"uid":"2772112673",
"parent":"",
"text":"万幸啊！[哈哈][哈哈][哈哈]",
"mid":"zlthsb7NW",
"date":"2013-03-01 22:50:33"
},
{
"kids":[],
"uid":"journalistzheng",
"parent":"zltgaofoU",
"text":"一看医院不是安定，果断判断是假新闻。",
"mid":"zlthkry6e",
"date":"2013-03-01 22:50:15"
},
{
"kids":[],
"uid":"BeYourKnight",
"parent":"zltew8E3Z",
"text":"那么。。去世没",
"mid":"zlthey0A6",
"date":"2013-03-01 22:50:01"
},
{
"kids":[],
"uid":"2610289162",
"parent":"",
"text":"真假？？？[偷笑]",
"mid":"zlth7ro8y",
"date":"2013-03-01 22:49:44"
},
{
"kids":[
"zlthkry6e"
],
"uid":"2194018554",
"parent":"zlt4C5UQw",
"text":"孔被骂惯了，心脏强大无比，怎么会心脏病呢，莫非是主子飞盘扔太猛了？[哈哈][哈哈]",
"mid":"zltgaofoU",
"date":"2013-03-01 22:47:23"
},
{
"kids":[
"zltGltCRj"
],
"uid":"536786911",
"parent":"zltc88WUH",
"text":"回复@Freeman_shen86:[哈哈][哈哈]",
"mid":"zltfZbDoZ",
"date":"2013-03-01 22:46:55"
},
{
"kids":[],
"uid":"parrot99",
"parent":"zlsA1FdqQ",
"text":"真的？",
"mid":"zltfOx5ru",
"date":"2013-03-01 22:46:30"
},
{
"kids":[],
"uid":"uc43009019",
"parent":"",
"text":"不是常说，虽然不同意他的观点，可是捍卫他说话的权力。我绝对反感孔的观点，不过，不能用这种幸灾乐祸的消息消遣吧？",
"mid":"zltfqhsKg",
"date":"2013-03-01 22:45:32"
},
{
"kids":[],
"uid":"1914947641",
"parent":"",
"text":"",
"mid":"zlteAypZw",
"date":"2013-03-01 22:43:26"
},
{
"kids":[
"zlthey0A6"
],
"uid":"oncealegend",
"parent":"",
"text":"[哈哈][话筒]",
"mid":"zltew8E3Z",
"date":"2013-03-01 22:43:18"
},
{
"kids":[],
"uid":"2748710703",
"parent":"",
"text":"险些……[哈哈][哈哈]",
"mid":"zltdrCX1r",
"date":"2013-03-01 22:40:39"
},
{
"kids":[],
"uid":"freeman314",
"parent":"zltc88WUH",
"text":"[哈哈]拿五毛钱折个纸鹤以示祝福也好～孔胖子可别死那么早，太便宜了～",
"mid":"zltdhz04J",
"date":"2013-03-01 22:40:16"
},
{
"kids":[],
"uid":"meikuangjixie",
"parent":"",
"text":"真的假的？",
"mid":"zltcT5Mg0",
"date":"2013-03-01 22:39:17"
},
{
"kids":[],
"uid":"lns326zbt",
"parent":"",
"text":"险些 这词用的到位 不过后面的享年就显得不伦不类了",
"mid":"zltcJ1Pev",
"date":"2013-03-01 22:38:50"
},
{
"kids":[
"zltfZbDoZ",
"zltdhz04J"
],
"uid":"536786911",
"parent":"",
"text":"险些去世[偷笑][偷笑]",
"mid":"zltc88WUH",
"date":"2013-03-01 22:37:25"
},
{
"kids":[],
"uid":"bestcrab",
"parent":"",
"text":"[吃惊]",
"mid":"zltaTwTtX",
"date":"2013-03-01 22:34:23"
},
{
"kids":[],
"uid":"1926855184",
"parent":"",
"text":"不会吧！",
"mid":"zlt8AwdFn",
"date":"2013-03-01 22:28:42"
},
{
"kids":[],
"uid":"1764982530",
"parent":"zlt50CtbL",
"text":"[哈哈]",
"mid":"zlt6Y3UFl",
"date":"2013-03-01 22:24:43"
},
{
"kids":[],
"uid":"zj1005346364",
"parent":"",
"text":"到底死没死啊？",
"mid":"zlt6CwQKd",
"date":"2013-03-01 22:23:51"
},
{
"kids":[],
"uid":"2455654975",
"parent":"",
"text":"",
"mid":"zlt6d5NVB",
"date":"2013-03-01 22:22:51"
},
{
"kids":[],
"uid":"pqsd",
"parent":"",
"text":"[衰]",
"mid":"zlt53AvHm",
"date":"2013-03-01 22:19:59"
},
{
"kids":[
"zlx6VCHpl",
"zlx3lqJMj",
"zlt6Y3UFl"
],
"uid":"wanzhaochuanbo",
"parent":"",
"text":"这条微博就跟博主的名字一样：你就是瞎扯吧[嘻嘻]",
"mid":"zlt50CtbL",
"date":"2013-03-01 22:19:53"
},
{
"kids":[
"zltgaofoU"
],
"uid":"2455654975",
"parent":"",
"text":"[嘻嘻][哈哈]",
"mid":"zlt4C5UQw",
"date":"2013-03-01 22:18:54"
},
{
"kids":[],
"uid":"2681810601",
"parent":"",
"text":"我草，差点开啤酒与人把酒问青天",
"mid":"zlt4ygsFw",
"date":"2013-03-01 22:18:45"
},
{
"kids":[],
"uid":"2616712515",
"parent":"zlt1fvlKo",
"text":"尼玛",
"mid":"zlt1XfTZ1",
"date":"2013-03-01 22:12:20"
},
{
"kids":[],
"uid":"1431593064",
"parent":"",
"text":"眼睛不一大一小了?",
"mid":"zlt1B3n80",
"date":"2013-03-01 22:11:29"
},
{
"kids":[],
"uid":"2620169147",
"parent":"",
"text":"险些去世!!![哈哈][哈哈][哈哈]",
"mid":"zlt1kwN4e",
"date":"2013-03-01 22:10:48"
},
{
"kids":[
"zlZUv8fYM",
"zlt1XfTZ1"
],
"uid":"2152296234",
"parent":"zlsQbl7ed",
"text":"险些[汗]",
"mid":"zlt1fvlKo",
"date":"2013-03-01 22:10:37"
},
{
"kids":[],
"uid":"2962381910",
"parent":"",
"text":"[哈哈]这个————",
"mid":"zlt02uyi6",
"date":"2013-03-01 22:07:36"
},
{
"kids":[],
"uid":"1736702003",
"parent":"",
"text":"还是活着好，我会想念这副嘴脸的。",
"mid":"zlsZaC5L8",
"date":"2013-03-01 22:05:31"
},
{
"kids":[],
"uid":"2119994901",
"parent":"",
"text":"[偷笑]",
"mid":"zlsYTcaaU",
"date":"2013-03-01 22:04:50"
},
{
"kids":[
"zlDoFux0P",
"zlwJVzwuQ"
],
"uid":"uucnbear",
"parent":"zlsT8fsay",
"text":"险些去世就是没死咯，那谈什么享年噢",
"mid":"zlsYja8r0",
"date":"2013-03-01 22:03:22"
},
{
"kids":[],
"uid":"1372665803",
"parent":"",
"text":"“险些”显得多余。",
"mid":"zlsY5xdU4",
"date":"2013-03-01 22:02:50"
},
{
"kids":[],
"uid":"2354234861",
"parent":"",
"text":"[嘻嘻][嘻嘻][嘻嘻][嘻嘻][嘻嘻][嘻嘻]",
"mid":"zlsY21O34",
"date":"2013-03-01 22:02:40"
},
{
"kids":[],
"uid":"1647359372",
"parent":"zlsOq0RUQ",
"text":"如果你唱红，也许免单",
"mid":"zlsXTaV9x",
"date":"2013-03-01 22:02:20"
},
{
"kids":[],
"uid":"1655278335",
"parent":"",
"text":"真的假的。。。",
"mid":"zlsWC02wW",
"date":"2013-03-01 21:59:11"
},
{
"kids":[],
"uid":"1909442421",
"parent":"",
"text":"差点去世，[嘻嘻]",
"mid":"zlsWm1DIJ",
"date":"2013-03-01 21:58:31"
},
{
"kids":[],
"uid":"cizhaoxin",
"parent":"",
"text":"哪有311啊",
"mid":"zlsVW1kkP",
"date":"2013-03-01 21:57:31"
},
{
"kids":[],
"uid":"2180813423",
"parent":"",
"text":"[抱抱]",
"mid":"zlsVKvjUh",
"date":"2013-03-01 21:57:01"
},
{
"kids":[],
"uid":"ampereufo",
"parent":"",
"text":"这张照片上嘴怎么正了？眼睛怎么一边大了？心脏病的后遗症？",
"mid":"zlsV7vzTL",
"date":"2013-03-01 21:55:31"
},
{
"kids":[],
"uid":"wxbsh87",
"parent":"",
"text":"[哈哈]",
"mid":"zlsUBgzf6",
"date":"2013-03-01 21:54:15"
},
{
"kids":[],
"uid":"1457187094",
"parent":"",
"text":"",
"mid":"zlsUfEUAl",
"date":"2013-03-01 21:53:23"
},
{
"kids":[],
"uid":"y2kdi",
"parent":"",
"text":"[蜡烛]",
"mid":"zlsU5mHdW",
"date":"2013-03-01 21:52:56"
},
{
"kids":[],
"uid":"1854238154",
"parent":"zlsOq0RUQ",
"text":"",
"mid":"zlsTZu4us",
"date":"2013-03-01 21:52:44"
},
{
"kids":[],
"uid":"1227568955",
"parent":"",
"text":"[哈哈]",
"mid":"zlsTqh1zy",
"date":"2013-03-01 21:51:20"
},
{
"kids":[
"zlsYja8r0"
],
"uid":"tianquake",
"parent":"zlsOq0RUQ",
"text":"[得意地笑]",
"mid":"zlsT8fsay",
"date":"2013-03-01 21:50:38"
},
{
"kids":[],
"uid":"3089093624",
"parent":"",
"text":"唉，没死",
"mid":"zlsSSBnA5",
"date":"2013-03-01 21:50:00"
},
{
"kids":[],
"uid":"1934333863",
"parent":"",
"text":"50？",
"mid":"zlsSDePVc",
"date":"2013-03-01 21:49:20"
},
{
"kids":[],
"uid":"2639306151",
"parent":"",
"text":"听说后来险些活过来，令人虚惊一场！",
"mid":"zlsSepmTr",
"date":"2013-03-01 21:48:24"
},
{
"kids":[],
"uid":"2859041984",
"parent":"",
"text":"",
"mid":"zlsSdw7M6",
"date":"2013-03-01 21:48:21"
},
{
"kids":[],
"uid":"zhanghaons",
"parent":"",
"text":"[偷乐]",
"mid":"zlsRQbxlA",
"date":"2013-03-01 21:47:23"
},
{
"kids":[],
"uid":"2821293074",
"parent":"",
"text":"险些！就是还没挂咯。[挖鼻屎]",
"mid":"zlsRKjcWU",
"date":"2013-03-01 21:47:12"
},
{
"kids":[],
"uid":"1108077047",
"parent":"",
"text":"[哈哈][哈哈][哈哈][哈哈][哈哈][哈哈][哈哈][哈哈][哈哈][哈哈][哈哈]",
"mid":"zlsRHCxrp",
"date":"2013-03-01 21:47:06"
},
{
"kids":[],
"uid":"2817201761",
"parent":"",
"text":"前薄都热泪盈眶，感慨曰：此死士也！我未亡斯已殉我！",
"mid":"zlsRHB9xv",
"date":"2013-03-01 21:47:06"
},
{
"kids":[],
"uid":"1879407050",
"parent":"zlsOq0RUQ",
"text":"",
"mid":"zlsRpzA92",
"date":"2013-03-01 21:46:20"
},
{
"kids":[],
"uid":"2950875293",
"parent":"",
"text":"孔先生一路走好[蜡烛][蜡烛][蜡烛][蜡烛]",
"mid":"zlsRnvuMv",
"date":"2013-03-01 21:46:18"
},
{
"kids":[
"zlt1fvlKo"
],
"uid":"1145920875",
"parent":"",
"text":"虽然因他的流氓言论极度讨厌他，但也不希望他嗝屁，只有一种声音总归不好！",
"mid":"zlsQbl7ed",
"date":"2013-03-01 21:43:22"
},
{
"kids":[],
"uid":"2388014570",
"parent":"",
"text":"",
"mid":"zlsQ9jTUA",
"date":"2013-03-01 21:43:13"
},
{
"kids":[],
"uid":"1471708850",
"parent":"",
"text":"真的假的？",
"mid":"zlsQ90xy4",
"date":"2013-03-01 21:43:15"
},
{
"kids":[],
"uid":"2076494967",
"parent":"zlsq5wRy9",
"text":"我也是心里一动",
"mid":"zlsPOCuw6",
"date":"2013-03-01 21:42:25"
},
{
"kids":[],
"uid":"1693212514",
"parent":"",
"text":"我也差的开香宾",
"mid":"zlsPOkT75",
"date":"2013-03-01 21:42:23"
},
{
"kids":[],
"uid":"1444366757",
"parent":"",
"text":"",
"mid":"zlsPN7hVt",
"date":"2013-03-01 21:42:23"
},
{
"kids":[],
"uid":"1286642602",
"parent":"zlsnGzsyR",
"text":"",
"mid":"zlsPk9ECS",
"date":"2013-03-01 21:41:10"
},
{
"kids":[],
"uid":"1707182852",
"parent":"",
"text":"孔先生大难不死？有后福？",
"mid":"zlsP3mwMl",
"date":"2013-03-01 21:40:31"
},
{
"kids":[],
"uid":"2481190823",
"parent":"zlsOq0RUQ",
"text":"",
"mid":"zlsOHrUhP",
"date":"2013-03-01 21:39:42"
},
{
"kids":[],
"uid":"1041751751",
"parent":"",
"text":"哈哈。",
"mid":"zlsOv5GTe",
"date":"2013-03-01 21:39:12"
},
{
"kids":[
"zlwMoF2Vw",
"zlsXTaV9x",
"zlsTZu4us",
"zlsT8fsay",
"zlsRpzA92",
"zlsOHrUhP"
],
"uid":"1651654791",
"parent":"",
"text":"收费太高...弄不起...",
"mid":"zlsOq0RUQ",
"date":"2013-03-01 21:39:00"
},
{
"kids":[],
"uid":"2809316802",
"parent":"",
"text":"天毒淫才呀[泪][泪][泪]",
"mid":"zlsOdjquv",
"date":"2013-03-01 21:38:30"
},
{
"kids":[
"zlu2U4MRD"
],
"uid":"1446884975",
"parent":"",
"text":"[哈哈]",
"mid":"zlsO28QTr",
"date":"2013-03-01 21:38:00"
},
{
"kids":[],
"uid":"1715231164",
"parent":"zlsJrh8Bt",
"text":"那是@司马南 替@孔庆东 发的",
"mid":"zlsKO5iud",
"date":"2013-03-01 21:30:05"
},
{
"kids":[],
"uid":"1817312302",
"parent":"",
"text":"这个可以玩",
"mid":"zlsKNc3iK",
"date":"2013-03-01 21:30:02"
},
{
"kids":[],
"uid":"1715231164",
"parent":"",
"text":"",
"mid":"zlsK5rybg",
"date":"2013-03-01 21:28:20"
},
{
"kids":[],
"uid":"1878987980",
"parent":"",
"text":"擦 险些去世！你大爷！",
"mid":"zlsJUvqun",
"date":"2013-03-01 21:27:52"
},
{
"kids":[],
"uid":"2178132833",
"parent":"",
"text":"险些笑了",
"mid":"zlsJSomLb",
"date":"2013-03-01 21:27:50"
},
{
"kids":[],
"uid":"1878987980",
"parent":"zlsvZ6Mn3",
"text":"",
"mid":"zlsJB1juI",
"date":"2013-03-01 21:27:07"
},
{
"kids":[
"zlsKO5iud"
],
"uid":"3161390214",
"parent":"zlsm1b0bu",
"text":"险些",
"mid":"zlsJrh8Bt",
"date":"2013-03-01 21:26:41"
},
{
"kids":[],
"uid":"1715231164",
"parent":"",
"text":"[嘻嘻]",
"mid":"zlsHr8Knf",
"date":"2013-03-01 21:21:48"
},
{
"kids":[],
"uid":"1028192432",
"parent":"",
"text":"真的假的？？？？",
"mid":"zlsGW7Y0s",
"date":"2013-03-01 21:20:34"
},
{
"kids":[],
"uid":"1811617365",
"parent":"",
"text":"[哈哈]",
"mid":"zlsGxyX0D",
"date":"2013-03-01 21:19:36"
},
{
"kids":[],
"uid":"jasonxholmes",
"parent":"",
"text":"",
"mid":"zlsE84MX3",
"date":"2013-03-01 21:13:39"
},
{
"kids":[
"zltfOx5ru"
],
"uid":"edwardljill",
"parent":"",
"text":"够劲爆",
"mid":"zlsA1FdqQ",
"date":"2013-03-01 21:03:33"
},
{
"kids":[],
"uid":"820815000",
"parent":"zlsq5wRy9",
"text":"[哈哈]",
"mid":"zlszGlAZ7",
"date":"2013-03-01 21:02:42"
},
{
"kids":[],
"uid":"2464237424",
"parent":"",
"text":"太突然'求证",
"mid":"zlswSjhub",
"date":"2013-03-01 20:55:47"
},
{
"kids":[],
"uid":"2729611675",
"parent":"",
"text":"没死[哈哈][哈哈][哈哈][哈哈]",
"mid":"zlswtcdTb",
"date":"2013-03-01 20:54:47"
},
{
"kids":[
"zlsJB1juI"
],
"uid":"jiantan5825740",
"parent":"",
"text":"",
"mid":"zlsvZ6Mn3",
"date":"2013-03-01 20:53:35"
},
{
"kids":[],
"uid":"nacken",
"parent":"zlsnGzsyR",
"text":"[左]",
"mid":"zlsvp0D6N",
"date":"2013-03-01 20:52:10"
},
{
"kids":[],
"uid":"1973268307",
"parent":"",
"text":"好一个险些！不然多少人喝彩啊！",
"mid":"zlsvmEAWs",
"date":"2013-03-01 20:52:02"
},
{
"kids":[],
"uid":"1777776563",
"parent":"zlsnGzsyR",
"text":"下次没那么好运了。",
"mid":"zlsuXwxFX",
"date":"2013-03-01 20:51:02"
},
{
"kids":[],
"uid":"1715231164",
"parent":"zlstzhBMe",
"text":"老耄叫它慢慢走",
"mid":"zlsunuRPQ",
"date":"2013-03-01 20:49:37"
},
{
"kids":[],
"uid":"1715231164",
"parent":"zlstzhBMe",
"text":"",
"mid":"zlsu92cH2",
"date":"2013-03-01 20:49:03"
},
{
"kids":[],
"uid":"2912400784",
"parent":"zlsti8t2f",
"text":"毛左都快了",
"mid":"zlsu87zYx",
"date":"2013-03-01 20:48:59"
},
{
"kids":[],
"uid":"1715231164",
"parent":"",
"text":"",
"mid":"zlstZfB7F",
"date":"2013-03-01 20:48:40"
},
{
"kids":[
"zlsunuRPQ",
"zlsu92cH2"
],
"uid":"erdeba",
"parent":"zlsojCfJH",
"text":"笑喷啦。。。",
"mid":"zlstzhBMe",
"date":"2013-03-01 20:47:35"
},
{
"kids":[
"zlsu87zYx"
],
"uid":"1715231164",
"parent":"",
"text":"缺个黑框,请高手PS 一下",
"mid":"zlsti8t2f",
"date":"2013-03-01 20:46:55"
},
{
"kids":[],
"uid":"1715231164",
"parent":"",
"text":"@孔庆东 同志安息吧,你永远活在乌有邪屌们的心中.",
"mid":"zlssV5okJ",
"date":"2013-03-01 20:46:02"
},
{
"kids":[],
"uid":"1715231164",
"parent":"",
"text":"绝对号外",
"mid":"zlssyjUO1",
"date":"2013-03-01 20:45:07"
},
{
"kids":[],
"uid":"1715231164",
"parent":"",
"text":"@孔庆东 治丧委员会名单:主席@司马南 副主席@张宏良 @韩德强微博 @哈囉李敖 (台湾伪立法委员).秘书长@没羽箭张清微博.@哈囉李敖 之子@李戡 于今天晚上前往医院太平间吊唁了孔庆东",
"mid":"zlsshtRfL",
"date":"2013-03-01 20:44:28"
},
{
"kids":[],
"uid":"ash23",
"parent":"zlsnGzsyR",
"text":"同右",
"mid":"zlsrobham",
"date":"2013-03-01 20:42:15"
},
{
"kids":[],
"uid":"2714959255",
"parent":"",
"text":"",
"mid":"zlsrbtPWg",
"date":"2013-03-01 20:41:44"
},
{
"kids":[],
"uid":"1910477837",
"parent":"",
"text":"孔庆东这傻逼赶紧死了，省得在这里祸害民族",
"mid":"zlsr8dNEj",
"date":"2013-03-01 20:41:38"
},
{
"kids":[],
"uid":"eqg8905",
"parent":"",
"text":"求证？",
"mid":"zlsqSjmtD",
"date":"2013-03-01 20:40:59"
},
{
"kids":[],
"uid":"1715231164",
"parent":"",
"text":"[偷笑]",
"mid":"zlsqCE8WY",
"date":"2013-03-01 20:40:21"
},
{
"kids":[],
"uid":"1085429590",
"parent":"",
"text":"",
"mid":"zlsq7AWPp",
"date":"2013-03-01 20:39:09"
},
{
"kids":[
"zlsPOCuw6",
"zlszGlAZ7"
],
"uid":"sammertan",
"parent":"",
"text":"[抓狂] 看漏了2个字，白高兴。",
"mid":"zlsq5wRy9",
"date":"2013-03-01 20:39:02"
},
{
"kids":[],
"uid":"2628021481",
"parent":"",
"text":"",
"mid":"zlspElIPt",
"date":"2013-03-01 20:37:59"
},
{
"kids":[],
"uid":"1696812462",
"parent":"zlsnGzsyR",
"text":"同右",
"mid":"zlspEkC2q",
"date":"2013-03-01 20:37:56"
},
{
"kids":[],
"uid":"yunezine",
"parent":"zlsnGzsyR",
"text":"@無幻mugen @不再卷了 @ZHANGQINYA 你们自己说像哪个",
"mid":"zlspvb25l",
"date":"2013-03-01 20:37:37"
},
{
"kids":[],
"uid":"1855251610",
"parent":"",
"text":"",
"mid":"zlspoofqB",
"date":"2013-03-01 20:37:21"
},
{
"kids":[],
"uid":"1820542680",
"parent":"",
"text":"",
"mid":"zlsoWAmaw",
"date":"2013-03-01 20:36:13"
},
{
"kids":[],
"uid":"2535871363",
"parent":"",
"text":"险些去世[哈哈][哈哈][哈哈]",
"mid":"zlsoBn0nE",
"date":"2013-03-01 20:35:25"
},
{
"kids":[
"zlstzhBMe"
],
"uid":"331222398",
"parent":"",
"text":"有多少人忽略了去世前面的形容词？",
"mid":"zlsojCfJH",
"date":"2013-03-01 20:34:39"
},
{
"kids":[],
"uid":"yiwanrenmin",
"parent":"",
"text":"",
"mid":"zlsodnEGi",
"date":"2013-03-01 20:34:27"
},
{
"kids":[],
"uid":"1188143827",
"parent":"",
"text":"真死了才是喜讯。",
"mid":"zlso9zoeh",
"date":"2013-03-01 20:34:18"
},
{
"kids":[
"zlsPk9ECS",
"zlsvp0D6N",
"zlsuXwxFX",
"zlsrobham",
"zlspEkC2q",
"zlspvb25l"
],
"uid":"shouwenzi",
"parent":"",
"text":"看漏俩字，白兴奋了。",
"mid":"zlsnGzsyR",
"date":"2013-03-01 20:33:09"
},
{
"kids":[],
"uid":"niuniu63",
"parent":"",
"text":"謠言！這麼著名的賴皮狗怎麼會輕易死掉！",
"mid":"zlsnBC0Iw",
"date":"2013-03-01 20:32:56"
},
{
"kids":[],
"uid":"2729611675",
"parent":"",
"text":"好，这个墙头草，文革余孽助手",
"mid":"zlsn7rBeg",
"date":"2013-03-01 20:31:45"
},
{
"kids":[],
"uid":"1806758593",
"parent":"",
"text":"操，在他床头放红歌就行了，不要抢救的",
"mid":"zlsn6eJFa",
"date":"2013-03-01 20:31:42"
},
{
"kids":[],
"uid":"1419008471",
"parent":"",
"text":"险些，哈哈",
"mid":"zlsm1sBom",
"date":"2013-03-01 20:29:03"
},
{
"kids":[
"zlsJrh8Bt"
],
"uid":"yyy1197057448",
"parent":"",
"text":"你在瞎扯叭？前一会孔和尚都发了新浪微博的。",
"mid":"zlsm1b0bu",
"date":"2013-03-01 20:29:00"
},
{
"kids":[],
"uid":"2057734433",
"parent":"",
"text":"？",
"mid":"zlslQgCbG",
"date":"2013-03-01 20:28:36"
},
{
"kids":[],
"uid":"1551085837",
"parent":"",
"text":"[嘻嘻]看看这条“新闻”，就知道人们多么喜欢这位“大仙儿”了 [din推撞]",
"mid":"zlskujoF3",
"date":"2013-03-01 20:25:16"
},
{
"kids":[],
"uid":"1400518870",
"parent":"",
"text":"哦！好事？",
"mid":"zlsknvv7d",
"date":"2013-03-01 20:24:57"
},
{
"kids":[],
"uid":"2710905951",
"parent":"",
"text":"[吃惊][吃惊]求证！",
"mid":"zlsklswvS",
"date":"2013-03-01 20:24:52"
}
]