[
{
"kids":[],
"uid":"2919312552",
"parent":"",
"text":"",
"mid":"z3EDRCNOL",
"date":"2012-11-04 18:40:30"
},
{
"kids":[],
"uid":"1728128212",
"parent":"",
"text":"",
"mid":"z3p9GkeOP",
"date":"2012-11-03 03:14:56"
},
{
"kids":[],
"uid":"2919279392",
"parent":"",
"text":"",
"mid":"z3p9G1D00",
"date":"2012-11-03 03:14:55"
},
{
"kids":[],
"uid":"2919981494",
"parent":"yBh1Va9Lr",
"text":"",
"mid":"z2QvfeO5b",
"date":"2012-10-30 11:01:55"
},
{
"kids":[],
"uid":"2920189914",
"parent":"yBh1Va9Lr",
"text":"",
"mid":"z2QvfeO3B",
"date":"2012-10-30 11:01:53"
},
{
"kids":[],
"uid":"2920273754",
"parent":"",
"text":"",
"mid":"z2LIcoGz2",
"date":"2012-10-29 22:50:03"
},
{
"kids":[],
"uid":"2789863350",
"parent":"",
"text":"",
"mid":"z2DInblvH",
"date":"2012-10-29 02:28:33"
},
{
"kids":[],
"uid":"1727838043",
"parent":"",
"text":"",
"mid":"z2DInblum",
"date":"2012-10-29 02:28:32"
},
{
"kids":[],
"uid":"2919637840",
"parent":"",
"text":"",
"mid":"z1JhZr2RI",
"date":"2012-10-23 02:49:44"
},
{
"kids":[],
"uid":"1778356224",
"parent":"",
"text":"",
"mid":"z1DZz4NwP",
"date":"2012-10-22 13:20:34"
},
{
"kids":[],
"uid":"1581717911",
"parent":"",
"text":"",
"mid":"z1DZyt9PH",
"date":"2012-10-22 13:20:34"
},
{
"kids":[],
"uid":"2919518504",
"parent":"yBhjtra1l",
"text":"",
"mid":"yDoacEQkT",
"date":"2012-09-24 20:10:07"
},
{
"kids":[],
"uid":"1778225314",
"parent":"yBhjtra1l",
"text":"",
"mid":"yDoacEQfS",
"date":"2012-09-24 20:10:07"
},
{
"kids":[],
"uid":"2182191860",
"parent":"yBgRo7rwR",
"text":"[吃惊]伐能再吃了",
"mid":"yCDCiBL8s",
"date":"2012-09-19 21:40:14"
},
{
"kids":[],
"uid":"2919635310",
"parent":"yBgAqrX0Q",
"text":"",
"mid":"yC1t9d1PQ",
"date":"2012-09-15 20:33:18"
},
{
"kids":[],
"uid":"1967360653",
"parent":"",
"text":"@sharon_肖肖 @小阿莉julie",
"mid":"yBJMaDxxb",
"date":"2012-09-13 23:30:44"
},
{
"kids":[],
"uid":"2804508260",
"parent":"yBgvneKde",
"text":"",
"mid":"yBx9mqvLR",
"date":"2012-09-12 15:22:07"
},
{
"kids":[],
"uid":"2920211690",
"parent":"yBmIHsSY3",
"text":"",
"mid":"yBwzD80Xl",
"date":"2012-09-12 13:54:06"
},
{
"kids":[],
"uid":"1994104485",
"parent":"",
"text":"@Espresso是一种生活",
"mid":"yBuHMxRXU",
"date":"2012-09-12 09:08:42"
},
{
"kids":[],
"uid":"1487713975",
"parent":"yBh99pch8",
"text":"",
"mid":"yBrmwwGX9",
"date":"2012-09-12 00:38:03"
},
{
"kids":[],
"uid":"2652434534",
"parent":"yBpP50SZB",
"text":"少吃一点，少想一点，少争一点，平淡就好。",
"mid":"yBq7NpaSO",
"date":"2012-09-11 21:29:03"
},
{
"kids":[],
"uid":"1631117913",
"parent":"yBpQEbio9",
"text":"@HR也可以是女中音  怪不得你一直…",
"mid":"yBpYOFzaY",
"date":"2012-09-11 21:06:56"
},
{
"kids":[
"yBpYOFzaY"
],
"uid":"zly714",
"parent":"yBpP50SZB",
"text":"額。。。丹麥大腸桿菌，送禮體面過人[衰]",
"mid":"yBpQEbio9",
"date":"2012-09-11 20:46:49"
},
{
"kids":[
"yBq7NpaSO",
"yBpQEbio9"
],
"uid":"2037086574",
"parent":"",
"text":"",
"mid":"yBpP50SZB",
"date":"2012-09-11 20:42:57"
},
{
"kids":[],
"uid":"1572612285",
"parent":"",
"text":"我今天还吃了蓝罐曲奇...",
"mid":"yBpJMqzCd",
"date":"2012-09-11 20:29:52"
},
{
"kids":[],
"uid":"2184183744",
"parent":"",
"text":"",
"mid":"yBpeqEhSo",
"date":"2012-09-11 19:12:38"
},
{
"kids":[],
"uid":"1762894725",
"parent":"",
"text":"蓝罐[抓狂]",
"mid":"yBoY0EGEK",
"date":"2012-09-11 18:32:13"
},
{
"kids":[],
"uid":"2795480430",
"parent":"",
"text":"TUT怎么什么都不能吃了",
"mid":"yBoUDrPlo",
"date":"2012-09-11 18:23:53"
},
{
"kids":[],
"uid":"martinlz",
"parent":"",
"text":"[围观]",
"mid":"yBoSy3ptU",
"date":"2012-09-11 18:18:45"
},
{
"kids":[],
"uid":"ieieieie",
"parent":"yBk2xab6d",
"text":"[吃惊]",
"mid":"yBnWS2Z6b",
"date":"2012-09-11 15:56:39"
},
{
"kids":[],
"uid":"2261011635",
"parent":"yBhbVnQyt",
"text":"",
"mid":"yBmUfp8HK",
"date":"2012-09-11 13:17:27"
},
{
"kids":[],
"uid":"2099845924",
"parent":"yBlv87q8g",
"text":"@Yiou188",
"mid":"yBmQkghOV",
"date":"2012-09-11 13:07:47"
},
{
"kids":[
"yBwzD80Xl"
],
"uid":"1741093337",
"parent":"yBih3FyHe",
"text":"最近阿其少爷很喜欢吃蓝罐曲奇啊，星期天才买了一大盒，咋办[可怜]",
"mid":"yBmIHsSY3",
"date":"2012-09-11 12:49:00"
},
{
"kids":[],
"uid":"1750749904",
"parent":"",
"text":"@小孟斯密达",
"mid":"yBmxBgjP3",
"date":"2012-09-11 12:21:38"
},
{
"kids":[],
"uid":"xiayinxi",
"parent":"yBiojqjqJ",
"text":"我的又一个最爱阵亡了[泪]",
"mid":"yBlYmoykI",
"date":"2012-09-11 10:54:50"
},
{
"kids":[],
"uid":"1057039340",
"parent":"yBlC2yUTR",
"text":"国产的更差没发觉吗?",
"mid":"yBlWUzOof",
"date":"2012-09-11 10:51:16"
},
{
"kids":[],
"uid":"207284949",
"parent":"",
"text":"",
"mid":"yBlFriuvT",
"date":"2012-09-11 10:08:13"
},
{
"kids":[],
"uid":"2439488707",
"parent":"yBlC2yUTR",
"text":"不是吧。我早几天还买了",
"mid":"yBlCvykCA",
"date":"2012-09-11 10:01:00"
},
{
"kids":[
"yBlWUzOof",
"yBlCvykCA"
],
"uid":"2604910672",
"parent":"",
"text":"常买进口食品的亲们要注意食品安全了，洋食品也“入乡随俗”了哎。。。[话筒][汗]http:",
"mid":"yBlC2yUTR",
"date":"2012-09-11 09:59:50"
},
{
"kids":[],
"uid":"yumean",
"parent":"",
"text":"。。。蓝罐。。瓦桑心了",
"mid":"yBlBRoKKY",
"date":"2012-09-11 09:59:24"
},
{
"kids":[],
"uid":"sophievol",
"parent":"",
"text":"蓝罐。。。",
"mid":"yBlzxurBr",
"date":"2012-09-11 09:53:41"
},
{
"kids":[
"yBmQkghOV"
],
"uid":"2123634005",
"parent":"yBgRHk0xb",
"text":"丹麦蓝罐，大肠菌群超标，求证实！消费者该醒醒了，不是号称国外进口的就更好！@DenisDong @KEIRAinBLUE @养膘的蚊子",
"mid":"yBlv87q8g",
"date":"2012-09-11 09:42:48"
},
{
"kids":[],
"uid":"2393412792",
"parent":"yBgUfq0il",
"text":"",
"mid":"yBllclpd5",
"date":"2012-09-11 09:18:20"
},
{
"kids":[],
"uid":"2652136264",
"parent":"",
"text":"",
"mid":"yBlkicrXb",
"date":"2012-09-11 09:16:07"
},
{
"kids":[],
"uid":"521601293",
"parent":"yBlaFAEvQ",
"text":"不知道有多久没吃过了。。好多好多年了。。- -",
"mid":"yBlbCq6jJ",
"date":"2012-09-11 08:54:44"
},
{
"kids":[
"yBlbCq6jJ"
],
"uid":"2510844112",
"parent":"yBgwnA5PL",
"text":"丹麦蓝灌曲奇…",
"mid":"yBlaFAEvQ",
"date":"2012-09-11 08:52:24"
},
{
"kids":[],
"uid":"2230518072",
"parent":"",
"text":"这款曲奇饼我吃不少了",
"mid":"yBl6JvIeL",
"date":"2012-09-11 08:42:43"
},
{
"kids":[],
"uid":"2142794555",
"parent":"yBjleBcpN",
"text":"鲑鱼也有啊吃了很多啊oMG",
"mid":"yBl5p6QQW",
"date":"2012-09-11 08:39:25"
},
{
"kids":[],
"uid":"2809706382",
"parent":"yBi3rbH5E",
"text":"",
"mid":"yBkUz9STz",
"date":"2012-09-11 08:12:43"
},
{
"kids":[],
"uid":"1835873811",
"parent":"yBgjYp6eo",
"text":"我都不太吃的",
"mid":"yBkKu8nZE",
"date":"2012-09-11 07:47:53"
},
{
"kids":[],
"uid":"2563553370",
"parent":"yBgCm8Kif",
"text":"[吃惊]看来以后只好吃野菜了[偷笑]",
"mid":"yBkAioiai",
"date":"2012-09-11 07:22:47"
},
{
"kids":[
"yBnWS2Z6b"
],
"uid":"1866777813",
"parent":"",
"text":"三文鱼[泪]蓝罐[泪]",
"mid":"yBk2xab6d",
"date":"2012-09-11 05:59:37"
},
{
"kids":[
"yBl5p6QQW"
],
"uid":"miojie",
"parent":"",
"text":"[汗]到处都是大肠杆菌",
"mid":"yBjleBcpN",
"date":"2012-09-11 04:12:56"
},
{
"kids":[
"yBlYmoykI"
],
"uid":"1759115963",
"parent":"",
"text":"@夏尹玺",
"mid":"yBiojqjqJ",
"date":"2012-09-11 01:47:47"
},
{
"kids":[
"yBmIHsSY3"
],
"uid":"happygirlmosi",
"parent":"yBgjM0vWU",
"text":"",
"mid":"yBih3FyHe",
"date":"2012-09-11 01:29:55"
},
{
"kids":[
"yBkUz9STz"
],
"uid":"1880085142",
"parent":"",
"text":"转发微博。",
"mid":"yBi3rbH5E",
"date":"2012-09-11 00:56:18"
},
{
"kids":[],
"uid":"xiaolesama",
"parent":"",
"text":"都是爱吃的呀....",
"mid":"yBhYWeABN",
"date":"2012-09-11 00:45:13"
},
{
"kids":[],
"uid":"supercicy",
"parent":"",
"text":"洋垃圾",
"mid":"yBhN3xCR2",
"date":"2012-09-11 00:16:01"
},
{
"kids":[],
"uid":"xljj",
"parent":"",
"text":"@dalamar",
"mid":"yBhIV4RMu",
"date":"2012-09-11 00:05:47"
},
{
"kids":[],
"uid":"2043236447",
"parent":"",
"text":"",
"mid":"yBhHQgxDN",
"date":"2012-09-11 00:03:10"
},
{
"kids":[],
"uid":"1910004912",
"parent":"yBhCQCWlx",
"text":"",
"mid":"yBhH9sbPW",
"date":"2012-09-11 00:01:25"
},
{
"kids":[],
"uid":"1674113420",
"parent":"",
"text":"这种消息，以后转给我，我来帮你们解答，水太深，别深信",
"mid":"yBhH7n0GX",
"date":"2012-09-11 00:01:22"
},
{
"kids":[],
"uid":"1883573845",
"parent":"yBhwnmgsZ",
"text":"@夏包包_心系c罗托托 它都不等我飞黄腾达[可怜]",
"mid":"yBhEsuswj",
"date":"2012-09-10 23:54:50"
},
{
"kids":[
"yBhH9sbPW"
],
"uid":"1824167651",
"parent":"",
"text":"@哈ping @暮色jose@清水徐来  不能再吃了",
"mid":"yBhCQCWlx",
"date":"2012-09-10 23:50:51"
},
{
"kids":[],
"uid":"jlovelforver",
"parent":"",
"text":"[泪]",
"mid":"yBhzG78tq",
"date":"2012-09-10 23:43:02"
},
{
"kids":[],
"uid":"2367282472",
"parent":"yBhwnmgsZ",
"text":"这年头啥都吃了不好，饿死算了",
"mid":"yBhzh1QrL",
"date":"2012-09-10 23:41:59"
},
{
"kids":[],
"uid":"2262384127",
"parent":"",
"text":"",
"mid":"yBhytCQzd",
"date":"2012-09-10 23:40:05"
},
{
"kids":[],
"uid":"2008868295",
"parent":"",
"text":"[怒]",
"mid":"yBhyarFV7",
"date":"2012-09-10 23:39:20"
},
{
"kids":[],
"uid":"1425152487",
"parent":"",
"text":"",
"mid":"yBhxGBD7a",
"date":"2012-09-10 23:38:09"
},
{
"kids":[
"yBhEsuswj",
"yBhzh1QrL"
],
"uid":"1684850745",
"parent":"",
"text":"@杨洁Tracy @-Delphine- @5组那些没有微博的组员 @chloe_ttm 蓝罐啊[泪]也不能吃了[泪][泪][泪]",
"mid":"yBhwnmgsZ",
"date":"2012-09-10 23:34:53"
},
{
"kids":[],
"uid":"2323461730",
"parent":"",
"text":"还是自己做饼干吃最好",
"mid":"yBhwdAYb8",
"date":"2012-09-10 23:34:28"
},
{
"kids":[],
"uid":"2581085631",
"parent":"",
"text":"[衰]",
"mid":"yBhrOwNXo",
"date":"2012-09-10 23:23:37"
},
{
"kids":[],
"uid":"1967521975",
"parent":"yBgCm8Kif",
"text":"作孽~~~绝食算了[可怜]",
"mid":"yBhpYuUfy",
"date":"2012-09-10 23:19:08"
},
{
"kids":[],
"uid":"2106261987",
"parent":"",
"text":"洋食品这是入乡随俗了[来]",
"mid":"yBhp68eWl",
"date":"2012-09-10 23:16:56"
},
{
"kids":[],
"uid":"138611996",
"parent":"",
"text":"转发微博。",
"mid":"yBho9CXgW",
"date":"2012-09-10 23:14:39"
},
{
"kids":[],
"uid":"snowxxf",
"parent":"",
"text":"呜呜呜，一直吃蓝罐曲奇的。[泪]",
"mid":"yBhkQxckj",
"date":"2012-09-10 23:06:29"
},
{
"kids":[
"yDoacEQkT",
"yDoacEQfS"
],
"uid":"1867985537",
"parent":"",
"text":"",
"mid":"yBhjtra1l",
"date":"2012-09-10 23:03:07"
},
{
"kids":[],
"uid":"1999984661",
"parent":"",
"text":"@萨满米",
"mid":"yBhjel0LG",
"date":"2012-09-10 23:02:32"
},
{
"kids":[],
"uid":"krisken",
"parent":"yBglOsGVm",
"text":"",
"mid":"yBhhG2W4V",
"date":"2012-09-10 22:58:40"
},
{
"kids":[],
"uid":"1763237770",
"parent":"",
"text":"个你还么死。",
"mid":"yBhg0lwpp",
"date":"2012-09-10 22:54:30"
},
{
"kids":[],
"uid":"1956362162",
"parent":"",
"text":"是不是made in china出口转内销的啊？",
"mid":"yBhdW5nsO",
"date":"2012-09-10 22:49:28"
},
{
"kids":[],
"uid":"1763237770",
"parent":"",
"text":"还不都是中国制造的",
"mid":"yBhdg5Tvi",
"date":"2012-09-10 22:47:48"
},
{
"kids":[],
"uid":"2712758463",
"parent":"",
"text":"@是个搬砖的 好像咱也有吧？",
"mid":"yBhcrhzGj",
"date":"2012-09-10 22:45:45"
},
{
"kids":[
"yBmUfp8HK"
],
"uid":"queen1s7ing",
"parent":"",
"text":"",
"mid":"yBhbVnQyt",
"date":"2012-09-10 22:44:31"
},
{
"kids":[],
"uid":"autuwing",
"parent":"",
"text":"",
"mid":"yBhbO0Ghy",
"date":"2012-09-10 22:44:09"
},
{
"kids":[],
"uid":"foxmok",
"parent":"yBh8j8zvs",
"text":"我也照吃",
"mid":"yBhb1vuJ9",
"date":"2012-09-10 22:42:17"
},
{
"kids":[
"yBrmwwGX9"
],
"uid":"1856443590",
"parent":"yBh4gwIW8",
"text":"啊啊啊啊，乐天巧克力粒是我的七夕节礼物啊，几箱子呢，靠！",
"mid":"yBh99pch8",
"date":"2012-09-10 22:37:41"
},
{
"kids":[
"yBhb1vuJ9"
],
"uid":"1107843457",
"parent":"yBgURxwW5",
"text":"检出有老鼠药我也吃",
"mid":"yBh8j8zvs",
"date":"2012-09-10 22:35:33"
},
{
"kids":[],
"uid":"2744589820",
"parent":"",
"text":"转发微博。",
"mid":"yBh6B3oke",
"date":"2012-09-10 22:31:23"
},
{
"kids":[],
"uid":"1882504903",
"parent":"yBh1TDDDb",
"text":"洋产品也不安全了，危险无处不在啊",
"mid":"yBh5wfEtK",
"date":"2012-09-10 22:28:44"
},
{
"kids":[],
"uid":"2627491695",
"parent":"",
"text":"",
"mid":"yBh53Akn0",
"date":"2012-09-10 22:27:35"
},
{
"kids":[
"yBh99pch8"
],
"uid":"lucianannan",
"parent":"yBgEmgm52",
"text":"",
"mid":"yBh4gwIW8",
"date":"2012-09-10 22:25:39"
},
{
"kids":[],
"uid":"1994315792",
"parent":"",
"text":"有本事毒死我们",
"mid":"yBh46uMRp",
"date":"2012-09-10 22:25:15"
},
{
"kids":[],
"uid":"feuillecloche",
"parent":"",
"text":"反正挺贵的，也不经常吃",
"mid":"yBh3ZFPoK",
"date":"2012-09-10 22:24:57"
},
{
"kids":[],
"uid":"2544975507",
"parent":"",
"text":"[泪]我爱的曲奇饼干",
"mid":"yBh3Xl7ek",
"date":"2012-09-10 22:24:52"
},
{
"kids":[
"z2QvfeO5b",
"z2QvfeO3B"
],
"uid":"2587898031",
"parent":"",
"text":"我也曾钟情于蓝罐[汗]",
"mid":"yBh1Va9Lr",
"date":"2012-09-10 22:19:52"
},
{
"kids":[
"yBh5wfEtK"
],
"uid":"1867431753",
"parent":"",
"text":"",
"mid":"yBh1TDDDb",
"date":"2012-09-10 22:19:50"
},
{
"kids":[],
"uid":"2492203834",
"parent":"",
"text":"外国食品到我囯也入乡随俗了",
"mid":"yBh12sdzT",
"date":"2012-09-10 22:17:42"
},
{
"kids":[],
"uid":"1777752802",
"parent":"",
"text":"",
"mid":"yBh0rhe7A",
"date":"2012-09-10 22:16:11"
},
{
"kids":[],
"uid":"2791550451",
"parent":"",
"text":"",
"mid":"yBgYh6sc8",
"date":"2012-09-10 22:10:53"
},
{
"kids":[],
"uid":"1911659905",
"parent":"",
"text":"外国的月亮比较圆？呵呵",
"mid":"yBgXZDWeh",
"date":"2012-09-10 22:10:09"
},
{
"kids":[],
"uid":"1867941882",
"parent":"yBgm6dMXG",
"text":"刚买好蓝罐[汗][汗]",
"mid":"yBgWmBgYy",
"date":"2012-09-10 22:06:11"
},
{
"kids":[
"yBh8j8zvs"
],
"uid":"2324952301",
"parent":"",
"text":"@埃飞翔",
"mid":"yBgURxwW5",
"date":"2012-09-10 22:02:28"
},
{
"kids":[],
"uid":"1686072822",
"parent":"",
"text":"",
"mid":"yBgUFFihS",
"date":"2012-09-10 22:02:01"
},
{
"kids":[
"yBllclpd5"
],
"uid":"zhuxiaoyun007",
"parent":"yBgKWjWdX",
"text":"",
"mid":"yBgUfq0il",
"date":"2012-09-10 22:00:58"
},
{
"kids":[],
"uid":"1086779853",
"parent":"",
"text":"有能吃的吗",
"mid":"yBgTFDbAv",
"date":"2012-09-10 21:59:34"
},
{
"kids":[],
"uid":"1978350503",
"parent":"",
"text":"",
"mid":"yBgTgfpQt",
"date":"2012-09-10 21:58:33"
},
{
"kids":[],
"uid":"2640800871",
"parent":"",
"text":"注意了",
"mid":"yBgSQeTzT",
"date":"2012-09-10 21:57:30"
},
{
"kids":[],
"uid":"1345218374",
"parent":"",
"text":"[吃驚][怒]",
"mid":"yBgRQqW6p",
"date":"2012-09-10 21:55:02"
},
{
"kids":[
"yBlv87q8g"
],
"uid":"yingtiffany",
"parent":"yBgHQeLJ0",
"text":"今年过年就送奥利奥趣多多礼听了哈哈哈哈",
"mid":"yBgRHk0xb",
"date":"2012-09-10 21:54:41"
},
{
"kids":[
"yCDCiBL8s"
],
"uid":"2712639920",
"parent":"",
"text":"",
"mid":"yBgRo7rwR",
"date":"2012-09-10 21:53:53"
},
{
"kids":[],
"uid":"1904502257",
"parent":"",
"text":"@Jessica徐佳 你还打算带回去吗",
"mid":"yBgP7bU9B",
"date":"2012-09-10 21:48:16"
},
{
"kids":[],
"uid":"2102512544",
"parent":"",
"text":"",
"mid":"yBgOn4Cz8",
"date":"2012-09-10 21:46:29"
},
{
"kids":[],
"uid":"jincuixia",
"parent":"",
"text":"",
"mid":"yBgO0BExT",
"date":"2012-09-10 21:45:34"
},
{
"kids":[],
"uid":"2205847901",
"parent":"",
"text":"@姑娘求翘唇 以后不许吃了",
"mid":"yBgNbu0xb",
"date":"2012-09-10 21:43:31"
},
{
"kids":[],
"uid":"2545494063",
"parent":"",
"text":"不是吧，我最爱的",
"mid":"yBgMGasBi",
"date":"2012-09-10 21:42:17"
},
{
"kids":[],
"uid":"2720094671",
"parent":"",
"text":"不是吧 蓝罐曲奇诶",
"mid":"yBgLkgl5U",
"date":"2012-09-10 21:38:59"
},
{
"kids":[
"yBgUfq0il"
],
"uid":"2307082960",
"parent":"yBgkDch3s",
"text":"最右",
"mid":"yBgKWjWdX",
"date":"2012-09-10 21:38:02"
},
{
"kids":[],
"uid":"2719076191",
"parent":"yBgBhCFy1",
"text":"还好小时候吃多了现在不吃了···哇咔咔···我们那还一大堆人喜欢吃呢！！！",
"mid":"yBgKlF0F8",
"date":"2012-09-10 21:36:35"
},
{
"kids":[],
"uid":"rivamm",
"parent":"",
"text":"@Max尛龍 你爱吃的丹麦蓝罐曲奇[挖鼻屎]",
"mid":"yBgJX9piV",
"date":"2012-09-10 21:35:36"
},
{
"kids":[],
"uid":"2143945535",
"parent":"yBgIZbGYE",
"text":"靠！昨兒個和今天次了很多[泪][泪]",
"mid":"yBgJEx2HB",
"date":"2012-09-10 21:34:52"
},
{
"kids":[],
"uid":"infancytian",
"parent":"yBgs5mqUM",
"text":"[生病]",
"mid":"yBgJamf2b",
"date":"2012-09-10 21:33:40"
},
{
"kids":[
"yBgJEx2HB"
],
"uid":"2217319232",
"parent":"yBgoTnQU7",
"text":"[怒]",
"mid":"yBgIZbGYE",
"date":"2012-09-10 21:33:14"
},
{
"kids":[
"yBgRHk0xb"
],
"uid":"1738146484",
"parent":"yBgtdnVIO",
"text":"",
"mid":"yBgHQeLJ0",
"date":"2012-09-10 21:30:24"
},
{
"kids":[],
"uid":"1870874127",
"parent":"",
"text":"不能送礼了",
"mid":"yBgH21nuR",
"date":"2012-09-10 21:28:24"
},
{
"kids":[],
"uid":"slinery0317",
"parent":"yBgBhCFy1",
"text":"从小的最爱啊...",
"mid":"yBgGU3zCo",
"date":"2012-09-10 21:28:03"
},
{
"kids":[],
"uid":"lichujun1988",
"parent":"yBgoD6tsH",
"text":"丹麦蓝罐！！！！[囧][囧][囧]",
"mid":"yBgGC0SU7",
"date":"2012-09-10 21:27:21"
},
{
"kids":[],
"uid":"sbsbdsb",
"parent":"yBglMmiSW",
"text":"。。原来这个也是shi我们公司还每年都发。。[泪][泪]",
"mid":"yBgGla2UZ",
"date":"2012-09-10 21:26:42"
},
{
"kids":[],
"uid":"1662904785",
"parent":"yBgjYp6eo",
"text":"[囧][囧][囧]家里有一罐还没拆 叫我情何以堪",
"mid":"yBgFECptn",
"date":"2012-09-10 21:25:01"
},
{
"kids":[],
"uid":"1785860917",
"parent":"",
"text":"兰罐。。。",
"mid":"yBgF91gLc",
"date":"2012-09-10 21:23:45"
},
{
"kids":[],
"uid":"2660956887",
"parent":"",
"text":"原来老外也知道中国人百毒不侵拉",
"mid":"yBgEy1mRS",
"date":"2012-09-10 21:22:14"
},
{
"kids":[],
"uid":"2710151062",
"parent":"",
"text":"不管是国货还是洋货,只要在中国的就别提什么食品安全可言！",
"mid":"yBgExboNG",
"date":"2012-09-10 21:22:16"
},
{
"kids":[
"yBh4gwIW8"
],
"uid":"yaya083",
"parent":"",
"text":"啊啊啊啊啊啊啊啊",
"mid":"yBgEmgm52",
"date":"2012-09-10 21:21:50"
},
{
"kids":[],
"uid":"2081162697",
"parent":"",
"text":"进口的比国产的还毒啊？作孽",
"mid":"yBgEjABRw",
"date":"2012-09-10 21:21:42"
},
{
"kids":[],
"uid":"1922125654",
"parent":"",
"text":"别再害人了",
"mid":"yBgEipLhh",
"date":"2012-09-10 21:21:38"
},
{
"kids":[],
"uid":"blwang",
"parent":"",
"text":"骨折？怎么弄得？",
"mid":"yBgEbBOyP",
"date":"2012-09-10 21:21:23"
},
{
"kids":[],
"uid":"baybaylove",
"parent":"yBgCPo4Jf",
"text":"丹麦大肠杆菌，送礼体面过人[可怜]",
"mid":"yBgDY1nc7",
"date":"2012-09-10 21:20:52"
},
{
"kids":[],
"uid":"1147888194",
"parent":"",
"text":"求真相[疑问]",
"mid":"yBgDOg5mv",
"date":"2012-09-10 21:20:28"
},
{
"kids":[],
"uid":"2307011672",
"parent":"",
"text":"注意注意！",
"mid":"yBgDAEc7c",
"date":"2012-09-10 21:19:53"
},
{
"kids":[],
"uid":"1642103002",
"parent":"",
"text":"提个醒",
"mid":"yBgDweoDD",
"date":"2012-09-10 21:19:46"
},
{
"kids":[],
"uid":"738901201",
"parent":"",
"text":"",
"mid":"yBgDgwZkR",
"date":"2012-09-10 21:19:06"
},
{
"kids":[
"yBgDY1nc7"
],
"uid":"1863818380",
"parent":"",
"text":"[衰]",
"mid":"yBgCPo4Jf",
"date":"2012-09-10 21:18:01"
},
{
"kids":[
"yBkAioiai",
"yBhpYuUfy"
],
"uid":"1970192411",
"parent":"",
"text":"@Gordon_wjw 现在还有什么是能吃的吗？",
"mid":"yBgCm8Kif",
"date":"2012-09-10 21:16:53"
},
{
"kids":[],
"uid":"2706655987",
"parent":"",
"text":"",
"mid":"yBgBPCVqe",
"date":"2012-09-10 21:15:36"
},
{
"kids":[],
"uid":"blwang",
"parent":"yBgAo7fG7",
"text":"前两天才啃过几块[衰]有批次之分吗？蓝罐~~~~@夏小末秋老初 @happy樱花之恋 @虎酱酱 @COCO_天晴了",
"mid":"yBgBE6Ayq",
"date":"2012-09-10 21:15:09"
},
{
"kids":[
"yBgKlF0F8",
"yBgGU3zCo"
],
"uid":"ruqiking",
"parent":"yBgxxobTA",
"text":"这个。。。很好吃啊[淚]@sute1004",
"mid":"yBgBhCFy1",
"date":"2012-09-10 21:14:13"
},
{
"kids":[],
"uid":"2213245157",
"parent":"yBgutoejD",
"text":"还有撒是能次饿~洋人只会把要销毁的东西卖给我门，百毒不侵了！",
"mid":"yBgAOpkHm",
"date":"2012-09-10 21:13:05"
},
{
"kids":[],
"uid":"janeruian",
"parent":"",
"text":"",
"mid":"yBgAIaLrR",
"date":"2012-09-10 21:12:50"
},
{
"kids":[],
"uid":"angelaruru",
"parent":"",
"text":"巧克力也出问题了！！！我吃什么！！！",
"mid":"yBgAzBAZh",
"date":"2012-09-10 21:12:29"
},
{
"kids":[
"yC1t9d1PQ"
],
"uid":"1599451180",
"parent":"",
"text":"真的假的",
"mid":"yBgAqrX0Q",
"date":"2012-09-10 21:12:08"
},
{
"kids":[
"yBgBE6Ayq"
],
"uid":"1852888830",
"parent":"",
"text":"@猪的第六感",
"mid":"yBgAo7fG7",
"date":"2012-09-10 21:12:02"
},
{
"kids":[],
"uid":"2435071560",
"parent":"",
"text":"",
"mid":"yBgA5cjHh",
"date":"2012-09-10 21:11:16"
},
{
"kids":[],
"uid":"2299612143",
"parent":"",
"text":"没少吃",
"mid":"yBgA4AFKc",
"date":"2012-09-10 21:11:16"
},
{
"kids":[],
"uid":"boboygu",
"parent":"yBgp36JZE",
"text":"总比国内食品安全",
"mid":"yBgA07DnN",
"date":"2012-09-10 21:11:04"
},
{
"kids":[],
"uid":"2005747005",
"parent":"",
"text":"这三种又不能吃了[汗]",
"mid":"yBgzKch3Y",
"date":"2012-09-10 21:10:24"
},
{
"kids":[],
"uid":"lindy",
"parent":"",
"text":"不知什么时候中招，这些商贩拉出去卡特[衰]",
"mid":"yBgz8Cdit",
"date":"2012-09-10 21:08:58"
},
{
"kids":[],
"uid":"1791145414",
"parent":"",
"text":"@布兰达爱小米 曹百度，大西洋鲑鱼是不是我们买的那种？",
"mid":"yBgyl3kVY",
"date":"2012-09-10 21:06:59"
},
{
"kids":[],
"uid":"2478514654",
"parent":"yBgsogkNj",
"text":"拉死你变八戒",
"mid":"yBgxD2iap",
"date":"2012-09-10 21:05:13"
},
{
"kids":[
"yBgBhCFy1"
],
"uid":"deerhan0420",
"parent":"yBgwsz4Ua",
"text":"[bed凌乱]高中时候的早点。。。我要挂了么",
"mid":"yBgxxobTA",
"date":"2012-09-10 21:05:02"
},
{
"kids":[],
"uid":"1529476624",
"parent":"",
"text":"",
"mid":"yBgxwsMRe",
"date":"2012-09-10 21:04:59"
},
{
"kids":[],
"uid":"1871877287",
"parent":"",
"text":"擦，我最近吃了很多丹麦蓝罐曲奇。。。",
"mid":"yBgxkFyEp",
"date":"2012-09-10 21:04:31"
},
{
"kids":[],
"uid":"2704529885",
"parent":"",
"text":"。。。这。。[泪][泪][泪] 不能这样阿",
"mid":"yBgx7nIoJ",
"date":"2012-09-10 21:03:56"
},
{
"kids":[],
"uid":"1529476624",
"parent":"",
"text":"",
"mid":"yBgx7lYs5",
"date":"2012-09-10 21:03:58"
},
{
"kids":[],
"uid":"zhushengjia0116",
"parent":"",
"text":"@陈小唯V 巧克力，曲奇我今天都吃了[抓狂]",
"mid":"yBgwtcavK",
"date":"2012-09-10 21:02:23"
},
{
"kids":[
"yBgxxobTA"
],
"uid":"zhangxiaotuaner",
"parent":"yBgoD6tsH",
"text":"这个从小就喜欢吃来着==",
"mid":"yBgwsz4Ua",
"date":"2012-09-10 21:02:21"
},
{
"kids":[],
"uid":"139169722",
"parent":"yBgkmE6fE",
"text":"尼玛 都是我的最爱",
"mid":"yBgws1jDP",
"date":"2012-09-10 21:02:17"
},
{
"kids":[
"yBlaFAEvQ"
],
"uid":"shundedreamcastle",
"parent":"",
"text":"[衰] 都吃完了……",
"mid":"yBgwnA5PL",
"date":"2012-09-10 21:02:07"
},
{
"kids":[
"yBx9mqvLR"
],
"uid":"1958371885",
"parent":"",
"text":"[汗]",
"mid":"yBgvneKde",
"date":"2012-09-10 20:59:40"
},
{
"kids":[],
"uid":"2023575677",
"parent":"",
"text":"丹麦蓝罐啊??哎~",
"mid":"yBguXwTlS",
"date":"2012-09-10 20:58:40"
},
{
"kids":[
"yBgAOpkHm"
],
"uid":"1739100682",
"parent":"",
"text":"@luozhenbiao 这个大西洋鲑鱼我们刚吃过[汗][汗]",
"mid":"yBgutoejD",
"date":"2012-09-10 20:57:28"
},
{
"kids":[],
"uid":"1233176184",
"parent":"",
"text":"我最喜欢蓝罐，这是故意陷害，因囯内食品安全的问题没法解决",
"mid":"yBgu37gon",
"date":"2012-09-10 20:56:25"
},
{
"kids":[],
"uid":"234850409",
"parent":"",
"text":"",
"mid":"yBgtJzFMb",
"date":"2012-09-10 20:55:36"
},
{
"kids":[],
"uid":"2618550993",
"parent":"",
"text":"真的假的啊？我儿子最喜欢吃蓝罐曲奇了，家里刚拆封一盒[疑问]",
"mid":"yBgtFsuYx",
"date":"2012-09-10 20:55:29"
},
{
"kids":[
"yBgHQeLJ0"
],
"uid":"2553001025",
"parent":"",
"text":"今年过年送礼只有卡夫了[哈哈]",
"mid":"yBgtdnVIO",
"date":"2012-09-10 20:54:22"
},
{
"kids":[],
"uid":"2508314204",
"parent":"",
"text":"蓝罐也被销毁？是该学烘焙了么？",
"mid":"yBgsXEGQZ",
"date":"2012-09-10 20:53:45"
},
{
"kids":[],
"uid":"2516210822",
"parent":"yBgsoyXDW",
"text":"@black-娇 @",
"mid":"yBgsVletw",
"date":"2012-09-10 20:53:39"
},
{
"kids":[],
"uid":"1692199797",
"parent":"yBgq9n6av",
"text":"@巨蟹座的猪妈 为了生存只好嘎紧练内功。[嘻嘻]",
"mid":"yBgsBx4jf",
"date":"2012-09-10 20:52:53"
},
{
"kids":[],
"uid":"1995754797",
"parent":"",
"text":"[怒]",
"mid":"yBgszbmMt",
"date":"2012-09-10 20:52:46"
},
{
"kids":[],
"uid":"2426018304",
"parent":"yBgrEb7yK",
"text":"这次乐天也中招了,还好我不次的",
"mid":"yBgsrdGb6",
"date":"2012-09-10 20:52:27"
},
{
"kids":[
"yBgsVletw"
],
"uid":"2516210822",
"parent":"",
"text":"骗人的吧？ ！刚刚还看到广告在播诶，被查出问题还播广告？？[围观][围观][围观]",
"mid":"yBgsoyXDW",
"date":"2012-09-10 20:52:18"
},
{
"kids":[
"yBgxD2iap"
],
"uid":"2145552277",
"parent":"",
"text":"大肠杆菌我不怕，放在我肚子里销毁就行了，总比路边摊干净。",
"mid":"yBgsogkNj",
"date":"2012-09-10 20:52:19"
},
{
"kids":[],
"uid":"xiehuahua",
"parent":"",
"text":"转发微博。",
"mid":"yBgsa6h6i",
"date":"2012-09-10 20:51:47"
},
{
"kids":[],
"uid":"208083733",
"parent":"",
"text":"晕 还有能吃滴么",
"mid":"yBgs819wv",
"date":"2012-09-10 20:51:40"
},
{
"kids":[
"yBgJamf2b"
],
"uid":"1894738175",
"parent":"",
"text":"@infancytian 你最爱的蓝罐",
"mid":"yBgs5mqUM",
"date":"2012-09-10 20:51:32"
},
{
"kids":[],
"uid":"2234281010",
"parent":"yBgkmE6fE",
"text":"",
"mid":"yBgs53Ogo",
"date":"2012-09-10 20:51:34"
},
{
"kids":[],
"uid":"1702854942",
"parent":"",
"text":"....哎....我还买了一大盒...",
"mid":"yBgs3enXZ",
"date":"2012-09-10 20:51:30"
},
{
"kids":[],
"uid":"boboygu",
"parent":"yBgjBCfNQ",
"text":"回复@不小心砸牛顿:[汗][汗]",
"mid":"yBgrUqiE0",
"date":"2012-09-10 20:51:07"
},
{
"kids":[],
"uid":"xiaoheibang",
"parent":"",
"text":"",
"mid":"yBgrIAV4n",
"date":"2012-09-10 20:50:41"
},
{
"kids":[],
"uid":"2317171992",
"parent":"",
"text":"我最爱的蓝罐曲奇 ！！！",
"mid":"yBgrFDzJ7",
"date":"2012-09-10 20:50:34"
},
{
"kids":[
"yBgsrdGb6"
],
"uid":"celandine4u",
"parent":"yBgl3dLnp",
"text":"呜呜呜呜。不敢次了",
"mid":"yBgrEb7yK",
"date":"2012-09-10 20:50:30"
},
{
"kids":[],
"uid":"2516210822",
"parent":"",
"text":"姐刚收了一罐哎……怎么那么背……",
"mid":"yBgri0e3a",
"date":"2012-09-10 20:49:36"
},
{
"kids":[],
"uid":"2043517114",
"parent":"",
"text":"完蛋了！",
"mid":"yBgrf1DHV",
"date":"2012-09-10 20:49:30"
},
{
"kids":[],
"uid":"1795484371",
"parent":"yBgphzGVj",
"text":"纳尼！",
"mid":"yBgrbtTze",
"date":"2012-09-10 20:49:20"
},
{
"kids":[],
"uid":"1869136612",
"parent":"yBgq160vW",
"text":"百毒都可以当清肠对么？",
"mid":"yBgrahPIr",
"date":"2012-09-10 20:49:19"
},
{
"kids":[],
"uid":"2513572370",
"parent":"",
"text":"",
"mid":"yBgqDbRPP",
"date":"2012-09-10 20:48:01"
},
{
"kids":[],
"uid":"lpy0530",
"parent":"",
"text":"今天差点买了。。不知道真的假的！",
"mid":"yBgqu4vDC",
"date":"2012-09-10 20:47:38"
},
{
"kids":[],
"uid":"1917933964",
"parent":"",
"text":"[怒]@霓东东-好好笑",
"mid":"yBgqpkFNC",
"date":"2012-09-10 20:47:28"
},
{
"kids":[],
"uid":"shuyunbb",
"parent":"",
"text":"天啊，这是什么食品安全和卫生啊，还是自己DIY的东西靠谱。",
"mid":"yBgqe7Xz2",
"date":"2012-09-10 20:47:01"
},
{
"kids":[],
"uid":"ronnydongforever",
"parent":"",
"text":"几百年吃一次曲奇还中枪",
"mid":"yBgqaeh2w",
"date":"2012-09-10 20:46:50"
},
{
"kids":[
"yBgsBx4jf"
],
"uid":"2687421093",
"parent":"yBgmA4PRd",
"text":"那侬讲还有啥额么事好吃啊 [衰][泪][奥特曼]",
"mid":"yBgq9n6av",
"date":"2012-09-10 20:46:50"
},
{
"kids":[],
"uid":"2480464172",
"parent":"",
"text":"@陶纸陶纸 @日满西堤月满沙 看到蓝罐曲奇了[bed凌乱]难道说我最后的存货是那个印度尼西亚的丹麦曲奇是冥冥中有理由的~~·",
"mid":"yBgq9l28t",
"date":"2012-09-10 20:46:50"
},
{
"kids":[
"yBgrahPIr"
],
"uid":"2369359742",
"parent":"yBgoDo4CR",
"text":"中国人百毒不清，怕啥？",
"mid":"yBgq160vW",
"date":"2012-09-10 20:46:26"
},
{
"kids":[],
"uid":"1636965765",
"parent":"",
"text":"曝光一下洋垃圾食品",
"mid":"yBgq0bsE2",
"date":"2012-09-10 20:46:24"
},
{
"kids":[],
"uid":"abroadw",
"parent":"",
"text":"@我在等待我的新名字 ,你家那个是什么牌子的= =",
"mid":"yBgpT7Vw1",
"date":"2012-09-10 20:46:10"
},
{
"kids":[],
"uid":"1304015931",
"parent":"",
"text":"",
"mid":"yBgpSwhCg",
"date":"2012-09-10 20:46:10"
},
{
"kids":[],
"uid":"1428091691",
"parent":"",
"text":"",
"mid":"yBgpAuC1i",
"date":"2012-09-10 20:45:26"
},
{
"kids":[],
"uid":"1934893365",
"parent":"",
"text":"嘴里正嚼着呢，要吐出来么[衰]",
"mid":"yBgpw4kwo",
"date":"2012-09-10 20:45:15"
},
{
"kids":[],
"uid":"yuer621",
"parent":"yBgnrx6qr",
"text":"[汗][汗][汗]",
"mid":"yBgpitXR9",
"date":"2012-09-10 20:44:43"
},
{
"kids":[
"yBgrbtTze"
],
"uid":"1264233287kk",
"parent":"yBgoD6tsH",
"text":"尼玛我刚收到一盒蓝罐[委屈]!吃不吃好!",
"mid":"yBgphzGVj",
"date":"2012-09-10 20:44:41"
},
{
"kids":[
"yBgA07DnN"
],
"uid":"nic0le0yy",
"parent":"yBgjBCfNQ",
"text":"[握手][握手]",
"mid":"yBgp36JZE",
"date":"2012-09-10 20:44:06"
},
{
"kids":[
"yBgIZbGYE"
],
"uid":"2170093555",
"parent":"",
"text":"@神仙姐姐--cjatc 中午刚说起[抓狂][抓狂][抓狂]",
"mid":"yBgoTnQU7",
"date":"2012-09-10 20:43:41"
},
{
"kids":[],
"uid":"1836566147",
"parent":"",
"text":"",
"mid":"yBgoQFO0C",
"date":"2012-09-10 20:43:37"
},
{
"kids":[],
"uid":"2719253002",
"parent":"",
"text":"呜…还要不要活了啊？",
"mid":"yBgoOAqb5",
"date":"2012-09-10 20:43:31"
},
{
"kids":[],
"uid":"1964957043",
"parent":"yBgoB3ybP",
"text":"@小财迷Orz",
"mid":"yBgoNs8vi",
"date":"2012-09-10 20:43:29"
},
{
"kids":[],
"uid":"dollyfiona",
"parent":"",
"text":"国产的进口的都不合格。。。",
"mid":"yBgoMyT86",
"date":"2012-09-10 20:43:26"
},
{
"kids":[],
"uid":"2207794807",
"parent":"yBgo0oyWf",
"text":"天啊，这个以前经常吃",
"mid":"yBgoHeDyj",
"date":"2012-09-10 20:43:14"
},
{
"kids":[
"yBgq160vW"
],
"uid":"1869136612",
"parent":"",
"text":"@没牙齿的小老虎 [衰]昨天你爸刚买来今天就上榜了。",
"mid":"yBgoDo4CR",
"date":"2012-09-10 20:43:05"
},
{
"kids":[
"yBgGC0SU7",
"yBgwsz4Ua",
"yBgphzGVj"
],
"uid":"313497666",
"parent":"yBgoccY1E",
"text":"今天还想买来着....我去= =",
"mid":"yBgoD6tsH",
"date":"2012-09-10 20:43:05"
},
{
"kids":[
"yBgoNs8vi"
],
"uid":"1964957043",
"parent":"",
"text":"乐天牌巧克力力粒[囧]",
"mid":"yBgoB3ybP",
"date":"2012-09-10 20:42:59"
},
{
"kids":[],
"uid":"1882037732",
"parent":"",
"text":"",
"mid":"yBgoynOj1",
"date":"2012-09-10 20:42:54"
},
{
"kids":[],
"uid":"2371359555",
"parent":"",
"text":"蓝罐曲奇也出事啦，我还能吃什么[怒]",
"mid":"yBgookVsq",
"date":"2012-09-10 20:42:27"
},
{
"kids":[],
"uid":"1308619861",
"parent":"",
"text":"@老王的忧桑你们都不懂 我们今天还在吃的[吃惊]",
"mid":"yBgolE8v7",
"date":"2012-09-10 20:42:23"
},
{
"kids":[],
"uid":"1878146297",
"parent":"",
"text":"[泪][衰]",
"mid":"yBgoi8Dai",
"date":"2012-09-10 20:42:11"
},
{
"kids":[
"yBgoD6tsH"
],
"uid":"1815370447",
"parent":"",
"text":"[吃惊]",
"mid":"yBgoccY1E",
"date":"2012-09-10 20:41:57"
},
{
"kids":[],
"uid":"2682892870",
"parent":"",
"text":"喔！我亲爱的蓝罐，你怎么啦？！[泪][泪]",
"mid":"yBgo8nlH4",
"date":"2012-09-10 20:41:51"
},
{
"kids":[],
"uid":"2230984327",
"parent":"",
"text":"洋毒食——国家质检总局进口不合格食品黑榜",
"mid":"yBgo7u6oE",
"date":"2012-09-10 20:41:49"
},
{
"kids":[
"yBgoHeDyj"
],
"uid":"wangqi2011",
"parent":"",
"text":"转",
"mid":"yBgo0oyWf",
"date":"2012-09-10 20:41:32"
},
{
"kids":[
"yBgpitXR9"
],
"uid":"mield",
"parent":"",
"text":"",
"mid":"yBgnrx6qr",
"date":"2012-09-10 20:40:09"
},
{
"kids":[],
"uid":"2040054625",
"parent":"",
"text":"转发微博。",
"mid":"yBgnmf9EN",
"date":"2012-09-10 20:39:56"
},
{
"kids":[],
"uid":"zhumingqing",
"parent":"",
"text":"哎呀卧槽。。。",
"mid":"yBgn7ovST",
"date":"2012-09-10 20:39:22"
},
{
"kids":[],
"uid":"333430717",
"parent":"",
"text":"丹麦蓝罐曲奇嘛[汗]",
"mid":"yBgmZsCfP",
"date":"2012-09-10 20:39:03"
},
{
"kids":[],
"uid":"2070194937",
"parent":"",
"text":"我靠 送礼体面过人的蓝罐都不行了= =|||",
"mid":"yBgmTv8Fg",
"date":"2012-09-10 20:38:46"
},
{
"kids":[],
"uid":"208084348",
"parent":"",
"text":"AUW",
"mid":"yBgmJv2UA",
"date":"2012-09-10 20:38:22"
},
{
"kids":[],
"uid":"2616990281",
"parent":"",
"text":"完了，买了好多。曲奇还刚吃过。@奇诺的兔子 @梧桐青幽",
"mid":"yBgmGg5WW",
"date":"2012-09-10 20:38:15"
},
{
"kids":[],
"uid":"2463526591",
"parent":"",
"text":"@橙橙滴草帽小白兔 @Zee-Zee",
"mid":"yBgmGeHxR",
"date":"2012-09-10 20:38:16"
},
{
"kids":[
"yBgq9n6av"
],
"uid":"1692199797",
"parent":"",
"text":"不查不知道，一查都是问题！哎，国人百毒不浸。",
"mid":"yBgmA4PRd",
"date":"2012-09-10 20:37:58"
},
{
"kids":[],
"uid":"1817771784",
"parent":"",
"text":"中国人的肠胃百毒不侵[挖鼻屎]",
"mid":"yBgmq1X6R",
"date":"2012-09-10 20:37:37"
},
{
"kids":[
"yBgWmBgYy"
],
"uid":"mic028",
"parent":"",
"text":"都是喜欢吃的",
"mid":"yBgm6dMXG",
"date":"2012-09-10 20:36:49"
},
{
"kids":[],
"uid":"2469641243",
"parent":"",
"text":"",
"mid":"yBgm0gYyg",
"date":"2012-09-10 20:36:33"
},
{
"kids":[
"yBhhG2W4V"
],
"uid":"2314839222",
"parent":"",
"text":"",
"mid":"yBglOsGVm",
"date":"2012-09-10 20:36:05"
},
{
"kids":[
"yBgGla2UZ"
],
"uid":"1749245530",
"parent":"",
"text":"不是吧，我昨天还吃了",
"mid":"yBglMmiSW",
"date":"2012-09-10 20:35:59"
},
{
"kids":[],
"uid":"1980359422",
"parent":"",
"text":"",
"mid":"yBglClIpH",
"date":"2012-09-10 20:35:39"
},
{
"kids":[],
"uid":"2052435607",
"parent":"",
"text":"@恩佐的怪癖 丹麦蓝罐曲奇喔",
"mid":"yBglvzUMF",
"date":"2012-09-10 20:35:23"
},
{
"kids":[],
"uid":"1483388000",
"parent":"",
"text":"天哪，除了那个挪威的，其他都吃过[闭嘴]",
"mid":"yBglcnoQC",
"date":"2012-09-10 20:34:37"
},
{
"kids":[
"yBgrEb7yK"
],
"uid":"2426018304",
"parent":"",
"text":"@大大大人Cel被GD一口小白牙萌死 黑巧克力",
"mid":"yBgl3dLnp",
"date":"2012-09-10 20:34:15"
},
{
"kids":[],
"uid":"1893390314",
"parent":"",
"text":"",
"mid":"yBgl16RHU",
"date":"2012-09-10 20:34:10"
},
{
"kids":[],
"uid":"1235678377",
"parent":"",
"text":"[吃惊]曲奇？我吃了不少嘿",
"mid":"yBgkZ4wNd",
"date":"2012-09-10 20:34:02"
},
{
"kids":[],
"uid":"1405303601",
"parent":"",
"text":"好了，以后出去又不知道送人家什么了",
"mid":"yBgkXgiIX",
"date":"2012-09-10 20:34:01"
},
{
"kids":[],
"uid":"1966285772",
"parent":"",
"text":"洋人一样不靠谱@yingying--淡定",
"mid":"yBgkVtORp",
"date":"2012-09-10 20:33:57"
},
{
"kids":[],
"uid":"2270690352",
"parent":"",
"text":"",
"mid":"yBgkVdW8k",
"date":"2012-09-10 20:33:56"
},
{
"kids":[],
"uid":"2057496307",
"parent":"",
"text":"转发微博。",
"mid":"yBgkUkGQV",
"date":"2012-09-10 20:33:51"
},
{
"kids":[],
"uid":"1943821627",
"parent":"",
"text":"[吃惊]是真的？还是成心的？",
"mid":"yBgkSzeB4",
"date":"2012-09-10 20:33:50"
},
{
"kids":[],
"uid":"2399787230",
"parent":"",
"text":"kao，今天刚想吃来着",
"mid":"yBgkIeKIT",
"date":"2012-09-10 20:33:25"
},
{
"kids":[],
"uid":"shouhuhangeng",
"parent":"",
"text":"",
"mid":"yBgkH2Ruu",
"date":"2012-09-10 20:33:21"
},
{
"kids":[],
"uid":"2270054051",
"parent":"",
"text":"[吃惊]",
"mid":"yBgkDuUSk",
"date":"2012-09-10 20:33:14"
},
{
"kids":[
"yBgKWjWdX"
],
"uid":"2837575725",
"parent":"",
"text":"以毒攻毒 土洋结合 中西互补 强生健体",
"mid":"yBgkDch3s",
"date":"2012-09-10 20:33:13"
},
{
"kids":[],
"uid":"1945614191",
"parent":"",
"text":"！！！！！",
"mid":"yBgkybS3M",
"date":"2012-09-10 20:33:01"
},
{
"kids":[],
"uid":"pengchenyan",
"parent":"",
"text":"赶紧销毁厕所角落一盒…",
"mid":"yBgkyaPvE",
"date":"2012-09-10 20:33:01"
},
{
"kids":[],
"uid":"1881341224",
"parent":"",
"text":"[围观]",
"mid":"yBgkvw88X",
"date":"2012-09-10 20:32:55"
},
{
"kids":[],
"uid":"karenhoney42",
"parent":"",
"text":"会隐形的大表哥骗人",
"mid":"yBgko8ZC3",
"date":"2012-09-10 20:32:37"
},
{
"kids":[
"yBgws1jDP",
"yBgs53Ogo"
],
"uid":"534538998",
"parent":"",
"text":"[汗][汗]藍罐曲奇以前很愛吃呢",
"mid":"yBgkmE6fE",
"date":"2012-09-10 20:32:31"
},
{
"kids":[],
"uid":"kiki55",
"parent":"",
"text":"吓人啊[吃惊][吃惊][吃惊]",
"mid":"yBgkjo73p",
"date":"2012-09-10 20:32:26"
},
{
"kids":[],
"uid":"1746224700",
"parent":"",
"text":"[吃惊]蓝罐曲奇。。。。。",
"mid":"yBgkgad0e",
"date":"2012-09-10 20:32:19"
},
{
"kids":[
"yBkKu8nZE",
"yBgFECptn"
],
"uid":"2219711234",
"parent":"",
"text":"",
"mid":"yBgjYp6eo",
"date":"2012-09-10 20:31:35"
},
{
"kids":[],
"uid":"2076317325",
"parent":"",
"text":"转发微博。",
"mid":"yBgjSupDg",
"date":"2012-09-10 20:31:22"
},
{
"kids":[
"yBih3FyHe"
],
"uid":"1560762704",
"parent":"",
"text":"好多不合格啊，自己做的放心",
"mid":"yBgjM0vWU",
"date":"2012-09-10 20:31:06"
},
{
"kids":[],
"uid":"xiaoxiaojing89",
"parent":"",
"text":"@两个拉不等于拉拉 @芥末jj [浮云][浮云][浮云]",
"mid":"yBgjHyho4",
"date":"2012-09-10 20:30:56"
},
{
"kids":[
"yBgrUqiE0",
"yBgp36JZE"
],
"uid":"boboygu",
"parent":"",
"text":"MD，吃了一卡车了",
"mid":"yBgjBCfNQ",
"date":"2012-09-10 20:30:42"
},
{
"kids":[],
"uid":"2231905392",
"parent":"",
"text":"",
"mid":"yBgjrCQNj",
"date":"2012-09-10 20:30:16"
}
]