[
{
"kids":[],
"uid":"mido2010817",
"parent":"",
"text":"大家都还是注意点好",
"mid":"A0ljbAQoR",
"date":"2013-07-16 22:40:42"
},
{
"kids":[],
"uid":"1131849647",
"parent":"A0946eQn8",
"text":"回复@邱秀桐:耶鲁女孩又来武汉了。关注。",
"mid":"A0gzPpm6v",
"date":"2013-07-16 10:38:01"
},
{
"kids":[],
"uid":"1733576705",
"parent":"A09z0bywT",
"text":"",
"mid":"A0bxHDP0a",
"date":"2013-07-15 21:49:02"
},
{
"kids":[],
"uid":"234196499",
"parent":"",
"text":"经查，“小女孩在大润发走丢”一事发生于赣州，且小女孩于7月12日已被找到，详情：http:",
"mid":"A0afMA12f",
"date":"2013-07-15 18:32:07"
},
{
"kids":[],
"uid":"2676424113",
"parent":"A084kF5rp",
"text":"",
"mid":"A0a1H42gr",
"date":"2013-07-15 17:57:24"
},
{
"kids":[],
"uid":"2175252250",
"parent":"A02FwmTql",
"text":"",
"mid":"A0a1C5AMx",
"date":"2013-07-15 17:57:14"
},
{
"kids":[
"A0bxHDP0a"
],
"uid":"wushihp",
"parent":"A05WA3yRA",
"text":"",
"mid":"A09z0bywT",
"date":"2013-07-15 16:46:45"
},
{
"kids":[],
"uid":"1077696904",
"parent":"A06sP3TB5",
"text":"",
"mid":"A09qP8kTI",
"date":"2013-07-15 16:26:34"
},
{
"kids":[],
"uid":"whqxt",
"parent":"A0946eQn8",
"text":"假消息，已有记者证实",
"mid":"A09dQcZdR",
"date":"2013-07-15 15:54:37"
},
{
"kids":[],
"uid":"2234782775",
"parent":"",
"text":"'警惕!",
"mid":"A09a7sKc9",
"date":"2013-07-15 15:45:26"
},
{
"kids":[
"A0gzPpm6v",
"A09dQcZdR"
],
"uid":"1131849647",
"parent":"A08PQsdzp",
"text":"@黄-小-艳 ：求证、跟踪。",
"mid":"A0946eQn8",
"date":"2013-07-15 15:30:38"
},
{
"kids":[
"A0gzPpm6v",
"A09dQcZdR",
"A0946eQn8"
],
"uid":"2841675092",
"parent":"A06sP3TB5",
"text":"",
"mid":"A08PQsdzp",
"date":"2013-07-15 14:55:30"
},
{
"kids":[],
"uid":"2161360472",
"parent":"A06sP3TB5",
"text":"[怒]",
"mid":"A08yDo2gU",
"date":"2013-07-15 14:13:06"
},
{
"kids":[],
"uid":"1270315194",
"parent":"A08jpAvKB",
"text":"",
"mid":"A08uZm7SQ",
"date":"2013-07-15 14:04:05"
},
{
"kids":[],
"uid":"1888341425",
"parent":"A08jpAvKB",
"text":"",
"mid":"A08svmvmh",
"date":"2013-07-15 13:58:00"
},
{
"kids":[
"A08uZm7SQ",
"A08svmvmh"
],
"uid":"1728283054",
"parent":"A084kF5rp",
"text":"",
"mid":"A08jpAvKB",
"date":"2013-07-15 13:35:37"
},
{
"kids":[],
"uid":"yumiko52016",
"parent":"A06sP3TB5",
"text":"",
"mid":"A08hwxA3Q",
"date":"2013-07-15 13:30:55"
},
{
"kids":[],
"uid":"1652843865",
"parent":"A06sP3TB5",
"text":"打击犯罪！",
"mid":"A08hbCnSy",
"date":"2013-07-15 13:30:06"
},
{
"kids":[],
"uid":"Jeeny518",
"parent":"A07VZf6yR",
"text":"",
"mid":"A08gN4frS",
"date":"2013-07-15 13:29:08"
},
{
"kids":[],
"uid":"1407171427",
"parent":"A06sP3TB5",
"text":"谣言还在传？！@平安武汉",
"mid":"A08gs7RnC",
"date":"2013-07-15 13:28:17"
},
{
"kids":[],
"uid":"317811191",
"parent":"A06sP3TB5",
"text":"@楚天都市报 @武汉晚报 @927事事关心",
"mid":"A08fD3lOw",
"date":"2013-07-15 13:26:15"
},
{
"kids":[],
"uid":"yezong821115",
"parent":"",
"text":"注意呀，可恶的人贩子",
"mid":"A08fqAliv",
"date":"2013-07-15 13:25:47"
},
{
"kids":[],
"uid":"234196499",
"parent":"",
"text":"散步谣言的公安机关将依照刑法的有关规定追究造谣者的刑事责任。",
"mid":"A08fdA7W7",
"date":"2013-07-15 13:25:16"
},
{
"kids":[],
"uid":"234196499",
"parent":"",
"text":"散步谣言构成犯罪的，公安机关将依照刑法有关规定依法追究造谣者的刑事责任。",
"mid":"A08eKCmzE",
"date":"2013-07-15 13:24:06"
},
{
"kids":[
"A0a1H42gr",
"A08uZm7SQ",
"A08svmvmh",
"A08jpAvKB"
],
"uid":"2827225894",
"parent":"A083qxaBO",
"text":"",
"mid":"A084kF5rp",
"date":"2013-07-15 12:58:26"
},
{
"kids":[
"A0a1H42gr",
"A08uZm7SQ",
"A08svmvmh",
"A08jpAvKB",
"A084kF5rp"
],
"uid":"1923748737",
"parent":"A02Po2bTZ",
"text":"大家提高警惕",
"mid":"A083qxaBO",
"date":"2013-07-15 12:56:11"
},
{
"kids":[],
"uid":"2933257935",
"parent":"A07QyEYWL",
"text":"拐卖真是罪大恶极，就应该抓一个枪毙一个。",
"mid":"A082uyTDn",
"date":"2013-07-15 12:53:55"
},
{
"kids":[],
"uid":"eavin1986",
"parent":"A07UDADod",
"text":"",
"mid":"A07Y68PwN",
"date":"2013-07-15 12:43:05"
},
{
"kids":[
"A08gN4frS"
],
"uid":"3536786272",
"parent":"A07QyEYWL",
"text":"",
"mid":"A07VZf6yR",
"date":"2013-07-15 12:37:53"
},
{
"kids":[],
"uid":"2711796905",
"parent":"A07QyEYWL",
"text":"@武汉公安 @湖北公安 @宝贝回家",
"mid":"A07VzxqC6",
"date":"2013-07-15 12:36:52"
},
{
"kids":[
"A07Y68PwN"
],
"uid":"aq1u",
"parent":"A07QyEYWL",
"text":"[话筒][话筒]@N1an丶 以后去关山小心点..",
"mid":"A07UDADod",
"date":"2013-07-15 12:34:34"
},
{
"kids":[],
"uid":"fengshao0520",
"parent":"A07QyEYWL",
"text":"",
"mid":"A07R38RnD",
"date":"2013-07-15 12:25:42"
},
{
"kids":[
"A08gN4frS",
"A082uyTDn",
"A07Y68PwN",
"A07VZf6yR",
"A07VzxqC6",
"A07UDADod",
"A07R38RnD"
],
"uid":"336268666",
"parent":"A07NVznAs",
"text":"",
"mid":"A07QyEYWL",
"date":"2013-07-15 12:24:31"
},
{
"kids":[
"A08gN4frS",
"A082uyTDn",
"A07Y68PwN",
"A07VZf6yR",
"A07VzxqC6",
"A07UDADod",
"A07R38RnD",
"A07QyEYWL"
],
"uid":"2254049585",
"parent":"A02Ehegm7",
"text":"",
"mid":"A07NVznAs",
"date":"2013-07-15 12:18:01"
},
{
"kids":[],
"uid":"1774721035",
"parent":"A06VRdwho",
"text":"就在我家附近[衰][衰][衰][吃惊]",
"mid":"A07K6CjO6",
"date":"2013-07-15 12:08:37"
},
{
"kids":[],
"uid":"1293048751",
"parent":"A06WEhbaC",
"text":"转",
"mid":"A07xztKZ1",
"date":"2013-07-15 11:37:43"
},
{
"kids":[
"A07xztKZ1"
],
"uid":"2269757864",
"parent":"A06VRdwho",
"text":"转发",
"mid":"A06WEhbaC",
"date":"2013-07-15 10:06:45"
},
{
"kids":[],
"uid":"27875767",
"parent":"A06QfpGrw",
"text":"就地剁jb[怒]",
"mid":"A06Warjjz",
"date":"2013-07-15 10:05:35"
},
{
"kids":[
"A07K6CjO6",
"A07xztKZ1",
"A06WEhbaC"
],
"uid":"3288875234",
"parent":"A02Po2bTZ",
"text":"请知道的朋友帮帮忙 太能理解做妈妈的心了[泪]",
"mid":"A06VRdwho",
"date":"2013-07-15 10:04:49"
},
{
"kids":[
"A06Warjjz"
],
"uid":"1041441960",
"parent":"A02Po2bTZ",
"text":"拐卖儿童的判无期，多的枪毙！",
"mid":"A06QfpGrw",
"date":"2013-07-15 09:51:00"
},
{
"kids":[],
"uid":"1941487690",
"parent":"A06Cu2ge8",
"text":"",
"mid":"A06PJuE6k",
"date":"2013-07-15 09:49:44"
},
{
"kids":[],
"uid":"2003028983",
"parent":"A05Hm1VWs",
"text":"",
"mid":"A06Poe5K4",
"date":"2013-07-15 09:48:53"
},
{
"kids":[],
"uid":"1950107315",
"parent":"",
"text":"@冰冰山_i6r 冰冰山_i6r",
"mid":"A06M6BrOW",
"date":"2013-07-15 09:40:48"
},
{
"kids":[
"A06PJuE6k"
],
"uid":"2036634923",
"parent":"A064xgsBQ",
"text":"@楚天金报 @楚天都市报 @武汉晚报 @武汉晨报 @武汉新浪乐居",
"mid":"A06Cu2ge8",
"date":"2013-07-15 09:17:05"
},
{
"kids":[],
"uid":"2804016140",
"parent":"A02Ehegm7",
"text":"",
"mid":"A06wQakPu",
"date":"2013-07-15 09:03:11"
},
{
"kids":[
"A0gzPpm6v",
"A09qP8kTI",
"A09dQcZdR",
"A0946eQn8",
"A08PQsdzp",
"A08yDo2gU",
"A08hwxA3Q",
"A08hbCnSy",
"A08gs7RnC",
"A08fD3lOw"
],
"uid":"lawyerwangyang",
"parent":"A05Hm1VWs",
"text":"",
"mid":"A06sP3TB5",
"date":"2013-07-15 08:53:17"
},
{
"kids":[],
"uid":"1260272783",
"parent":"A05Hm1VWs",
"text":"",
"mid":"A06eTEcJl",
"date":"2013-07-15 08:18:59"
},
{
"kids":[
"A06PJuE6k",
"A06Cu2ge8"
],
"uid":"1880518115",
"parent":"A05Hm1VWs",
"text":"",
"mid":"A064xgsBQ",
"date":"2013-07-15 07:53:27"
},
{
"kids":[
"A0bxHDP0a",
"A09z0bywT"
],
"uid":"justsoso2020",
"parent":"A05Hm1VWs",
"text":"",
"mid":"A05WA3yRA",
"date":"2013-07-15 07:33:51"
},
{
"kids":[],
"uid":"falv120",
"parent":"A05Hm1VWs",
"text":"锁定那个四十岁的男人。",
"mid":"A05Mpv51c",
"date":"2013-07-15 07:08:48"
},
{
"kids":[
"A0gzPpm6v",
"A0bxHDP0a",
"A09z0bywT",
"A09qP8kTI",
"A09dQcZdR",
"A0946eQn8",
"A08PQsdzp",
"A08yDo2gU",
"A08hwxA3Q",
"A08hbCnSy",
"A08gs7RnC",
"A08fD3lOw",
"A06PJuE6k",
"A06Poe5K4",
"A06Cu2ge8",
"A06sP3TB5",
"A06eTEcJl",
"A064xgsBQ",
"A05WA3yRA",
"A05Mpv51c"
],
"uid":"zhangshaoming",
"parent":"A02T99tdO",
"text":"",
"mid":"A05Hm1VWs",
"date":"2013-07-15 06:56:20"
},
{
"kids":[],
"uid":"3164904681",
"parent":"A02EUf1ay",
"text":"",
"mid":"A05t75yAQ",
"date":"2013-07-15 06:21:15"
},
{
"kids":[],
"uid":"ncflysnow",
"parent":"A02uaa9ki",
"text":"转，希望宝宝尽快回家",
"mid":"A03A1q0ku",
"date":"2013-07-15 01:32:46"
},
{
"kids":[],
"uid":"2154181651",
"parent":"A02Po2bTZ",
"text":"",
"mid":"A03gC8Xvo",
"date":"2013-07-15 00:44:54"
},
{
"kids":[],
"uid":"2852390087",
"parent":"A02FPgngi",
"text":"",
"mid":"A03dT9tID",
"date":"2013-07-15 00:38:12"
},
{
"kids":[],
"uid":"2676990065",
"parent":"A02Po2bTZ",
"text":"",
"mid":"A039Rs8ly",
"date":"2013-07-15 00:28:21"
},
{
"kids":[],
"uid":"2635710357",
"parent":"A02Eyl56Y",
"text":"",
"mid":"A038VdcZW",
"date":"2013-07-15 00:26:01"
},
{
"kids":[],
"uid":"2050070634",
"parent":"A02Po2bTZ",
"text":"我操。。",
"mid":"A038rDXQP",
"date":"2013-07-15 00:24:49"
},
{
"kids":[],
"uid":"2615401554",
"parent":"A02RYuGr7",
"text":"",
"mid":"A02YNjBvj",
"date":"2013-07-15 00:01:01"
},
{
"kids":[],
"uid":"hh6812",
"parent":"A02RYuGr7",
"text":"",
"mid":"A02XyrJ7r",
"date":"2013-07-14 23:58:04"
},
{
"kids":[],
"uid":"mdb7198",
"parent":"A02FwmTql",
"text":"",
"mid":"A02Xtarkr",
"date":"2013-07-14 23:57:48"
},
{
"kids":[],
"uid":"1158257634",
"parent":"A02Uw0jkq",
"text":"",
"mid":"A02WMDFsH",
"date":"2013-07-14 23:56:07"
},
{
"kids":[],
"uid":"2793191775",
"parent":"A02RYuGr7",
"text":"",
"mid":"A02Whze6L",
"date":"2013-07-14 23:54:53"
},
{
"kids":[],
"uid":"2006859497",
"parent":"A02RYuGr7",
"text":"@平安武汉",
"mid":"A02V7ewLu",
"date":"2013-07-14 23:52:00"
},
{
"kids":[
"A02WMDFsH"
],
"uid":"1979603157",
"parent":"A02RYuGr7",
"text":"",
"mid":"A02Uw0jkq",
"date":"2013-07-14 23:50:29"
},
{
"kids":[],
"uid":"1961676483",
"parent":"A02RYuGr7",
"text":"[转发]",
"mid":"A02U3hEE2",
"date":"2013-07-14 23:49:23"
},
{
"kids":[
"A0gzPpm6v",
"A0bxHDP0a",
"A09z0bywT",
"A09qP8kTI",
"A09dQcZdR",
"A0946eQn8",
"A08PQsdzp",
"A08yDo2gU",
"A08hwxA3Q",
"A08hbCnSy",
"A08gs7RnC",
"A08fD3lOw",
"A06PJuE6k",
"A06Poe5K4",
"A06Cu2ge8",
"A06sP3TB5",
"A06eTEcJl",
"A064xgsBQ",
"A05WA3yRA",
"A05Mpv51c",
"A05Hm1VWs"
],
"uid":"2160831847",
"parent":"",
"text":"",
"mid":"A02T99tdO",
"date":"2013-07-14 23:47:09"
},
{
"kids":[
"A02YNjBvj",
"A02XyrJ7r",
"A02WMDFsH",
"A02Whze6L",
"A02V7ewLu",
"A02Uw0jkq",
"A02U3hEE2"
],
"uid":"570077241",
"parent":"A02Eyl56Y",
"text":"小心了家长",
"mid":"A02RYuGr7",
"date":"2013-07-14 23:44:13"
},
{
"kids":[
"A0a1H42gr",
"A08uZm7SQ",
"A08svmvmh",
"A08jpAvKB",
"A084kF5rp",
"A083qxaBO",
"A07K6CjO6",
"A07xztKZ1",
"A06WEhbaC",
"A06Warjjz",
"A06VRdwho",
"A06QfpGrw",
"A03gC8Xvo",
"A039Rs8ly",
"A038rDXQP"
],
"uid":"theredstoneroom",
"parent":"",
"text":"微信转了！微博再转！希望宝贝平安回家！",
"mid":"A02Po2bTZ",
"date":"2013-07-14 23:37:52"
},
{
"kids":[],
"uid":"2804011594",
"parent":"A02DIEpdB",
"text":"假的？？[吃惊]",
"mid":"A02Kj3UzR",
"date":"2013-07-14 23:25:22"
},
{
"kids":[],
"uid":"401228449",
"parent":"A02Ehegm7",
"text":"[心]",
"mid":"A02J2o0Kl",
"date":"2013-07-14 23:22:16"
},
{
"kids":[],
"uid":"1032373174",
"parent":"A02DzuKsv",
"text":"提高警惕",
"mid":"A02ITy7vi",
"date":"2013-07-14 23:21:51"
},
{
"kids":[],
"uid":"applesong",
"parent":"A02EtC1zN",
"text":"帮转！",
"mid":"A02HazRm3",
"date":"2013-07-14 23:17:36"
},
{
"kids":[],
"uid":"zjtcbw",
"parent":"A02EUf1ay",
"text":"",
"mid":"A02GeFegb",
"date":"2013-07-14 23:15:19"
},
{
"kids":[
"A03dT9tID"
],
"uid":"3298530930",
"parent":"A02Ehegm7",
"text":"",
"mid":"A02FPgngi",
"date":"2013-07-14 23:14:20"
},
{
"kids":[],
"uid":"3132880103",
"parent":"A02EUf1ay",
"text":"",
"mid":"A02FFdt2s",
"date":"2013-07-14 23:13:54"
},
{
"kids":[],
"uid":"1931286800",
"parent":"A02DzuKsv",
"text":"祈祷",
"mid":"A02FAtuvn",
"date":"2013-07-14 23:13:42"
},
{
"kids":[
"A0a1C5AMx",
"A02Xtarkr"
],
"uid":"800800177",
"parent":"A02Eyl56Y",
"text":"",
"mid":"A02FwmTql",
"date":"2013-07-14 23:13:35"
},
{
"kids":[],
"uid":"2278784930",
"parent":"A02Eyl56Y",
"text":"",
"mid":"A02FoFkcE",
"date":"2013-07-14 23:13:15"
},
{
"kids":[
"A05t75yAQ",
"A02GeFegb",
"A02FFdt2s"
],
"uid":"djdaikui",
"parent":"A02Ehegm7",
"text":"",
"mid":"A02EUf1ay",
"date":"2013-07-14 23:12:04"
},
{
"kids":[],
"uid":"742194734",
"parent":"A02Ehegm7",
"text":"[话筒]",
"mid":"A02EEgw1G",
"date":"2013-07-14 23:11:26"
},
{
"kids":[
"A0a1C5AMx",
"A038VdcZW",
"A02YNjBvj",
"A02XyrJ7r",
"A02Xtarkr",
"A02WMDFsH",
"A02Whze6L",
"A02V7ewLu",
"A02Uw0jkq",
"A02U3hEE2",
"A02RYuGr7",
"A02FwmTql",
"A02FoFkcE"
],
"uid":"578484182",
"parent":"A02DzuKsv",
"text":"",
"mid":"A02Eyl56Y",
"date":"2013-07-14 23:11:12"
},
{
"kids":[
"A02HazRm3"
],
"uid":"wangruigooner",
"parent":"A02Ehegm7",
"text":"",
"mid":"A02EtC1zN",
"date":"2013-07-14 23:11:01"
},
{
"kids":[
"A08gN4frS",
"A082uyTDn",
"A07Y68PwN",
"A07VZf6yR",
"A07VzxqC6",
"A07UDADod",
"A07R38RnD",
"A07QyEYWL",
"A07NVznAs",
"A06wQakPu",
"A05t75yAQ",
"A03dT9tID",
"A02J2o0Kl",
"A02HazRm3",
"A02GeFegb",
"A02FPgngi",
"A02FFdt2s",
"A02EUf1ay",
"A02EEgw1G",
"A02EtC1zN"
],
"uid":"shengyuzhong",
"parent":"A02DzuKsv",
"text":"",
"mid":"A02Ehegm7",
"date":"2013-07-14 23:10:30"
},
{
"kids":[
"A02Kj3UzR"
],
"uid":"2812238890",
"parent":"A02DzuKsv",
"text":"",
"mid":"A02DIEpdB",
"date":"2013-07-14 23:09:09"
},
{
"kids":[
"A0a1C5AMx",
"A08gN4frS",
"A082uyTDn",
"A07Y68PwN",
"A07VZf6yR",
"A07VzxqC6",
"A07UDADod",
"A07R38RnD",
"A07QyEYWL",
"A07NVznAs",
"A06wQakPu",
"A05t75yAQ",
"A03dT9tID",
"A038VdcZW",
"A02YNjBvj",
"A02XyrJ7r",
"A02Xtarkr",
"A02WMDFsH",
"A02Whze6L",
"A02V7ewLu",
"A02Uw0jkq",
"A02U3hEE2",
"A02RYuGr7",
"A02Kj3UzR",
"A02J2o0Kl",
"A02ITy7vi",
"A02HazRm3",
"A02GeFegb",
"A02FPgngi",
"A02FFdt2s",
"A02FAtuvn",
"A02FwmTql",
"A02FoFkcE",
"A02EUf1ay",
"A02EEgw1G",
"A02Eyl56Y",
"A02EtC1zN",
"A02Ehegm7",
"A02DIEpdB"
],
"uid":"3091438591",
"parent":"A02AxzRL6",
"text":"",
"mid":"A02DzuKsv",
"date":"2013-07-14 23:08:44"
},
{
"kids":[
"A0a1C5AMx",
"A08gN4frS",
"A082uyTDn",
"A07Y68PwN",
"A07VZf6yR",
"A07VzxqC6",
"A07UDADod",
"A07R38RnD",
"A07QyEYWL",
"A07NVznAs",
"A06wQakPu",
"A05t75yAQ",
"A03dT9tID",
"A038VdcZW",
"A02YNjBvj",
"A02XyrJ7r",
"A02Xtarkr",
"A02WMDFsH",
"A02Whze6L",
"A02V7ewLu",
"A02Uw0jkq",
"A02U3hEE2",
"A02RYuGr7",
"A02Kj3UzR",
"A02J2o0Kl",
"A02ITy7vi",
"A02HazRm3",
"A02GeFegb",
"A02FPgngi",
"A02FFdt2s",
"A02FAtuvn",
"A02FwmTql",
"A02FoFkcE",
"A02EUf1ay",
"A02EEgw1G",
"A02Eyl56Y",
"A02EtC1zN",
"A02Ehegm7",
"A02DIEpdB",
"A02DzuKsv"
],
"uid":"2804011594",
"parent":"A02uaa9ki",
"text":"",
"mid":"A02AxzRL6",
"date":"2013-07-14 23:01:17"
},
{
"kids":[],
"uid":"ysq8887",
"parent":"A02uaa9ki",
"text":"",
"mid":"A02wnklZL",
"date":"2013-07-14 22:51:04"
},
{
"kids":[
"A0a1C5AMx",
"A08gN4frS",
"A082uyTDn",
"A07Y68PwN",
"A07VZf6yR",
"A07VzxqC6",
"A07UDADod",
"A07R38RnD",
"A07QyEYWL",
"A07NVznAs",
"A06wQakPu",
"A05t75yAQ",
"A03A1q0ku",
"A03dT9tID",
"A038VdcZW",
"A02YNjBvj",
"A02XyrJ7r",
"A02Xtarkr",
"A02WMDFsH",
"A02Whze6L",
"A02V7ewLu",
"A02Uw0jkq",
"A02U3hEE2",
"A02RYuGr7",
"A02Kj3UzR",
"A02J2o0Kl",
"A02ITy7vi",
"A02HazRm3",
"A02GeFegb",
"A02FPgngi",
"A02FFdt2s",
"A02FAtuvn",
"A02FwmTql",
"A02FoFkcE",
"A02EUf1ay",
"A02EEgw1G",
"A02Eyl56Y",
"A02EtC1zN",
"A02Ehegm7",
"A02DIEpdB",
"A02DzuKsv",
"A02AxzRL6",
"A02wnklZL"
],
"uid":"1393256001",
"parent":"",
"text":"也给南昌人提个醒",
"mid":"A02uaa9ki",
"date":"2013-07-14 22:45:36"
},
{
"kids":[],
"uid":"1851997870",
"parent":"",
"text":"对这些人一定要杀无赦斩立决！谁不为人父母啊[抓狂][抓狂]",
"mid":"A02rTfSrS",
"date":"2013-07-14 22:39:59"
},
{
"kids":[],
"uid":"fanlin1234567",
"parent":"",
"text":"我靠，这女孩惹谁了，一晚上被从武汉、无锡、广州、宁波、苏州等多地大润发超市反复拐卖",
"mid":"A02rP5bJc",
"date":"2013-07-14 22:39:51"
},
{
"kids":[],
"uid":"dierlan",
"parent":"",
"text":"",
"mid":"A02rL0fgn",
"date":"2013-07-14 22:39:40"
},
{
"kids":[],
"uid":"1426361432",
"parent":"",
"text":"今晚朋友圈在传是在长沙大润发，真的假的？这种微博太多了，难辨",
"mid":"A02r47Rt0",
"date":"2013-07-14 22:37:59"
}
]