[
{
"kids":[],
"uid":"207191966",
"parent":"",
"text":"右边的黄先生对传销还不了解，任何东西都可以用作传销的道具，包括电商平台。现在操作的有富迪易富宝，已经抓起来的有太平洋直购。",
"mid":"AiPrzcWws",
"date":"2013-11-15 12:29:16"
},
{
"kids":[],
"uid":"207191966",
"parent":"",
"text":"请@刘作云 不要听信谣言，陈观田早就死了。",
"mid":"Aiuj1FLrb",
"date":"2013-11-13 06:40:33"
},
{
"kids":[],
"uid":"jmfft",
"parent":"",
"text":"不吃就不会死？",
"mid":"AhWVJwbgP",
"date":"2013-11-09 17:42:31"
},
{
"kids":[],
"uid":"2093167957",
"parent":"Aiuj1FLrb",
"text":"邪恶的人，上了邪恶的船……[嘻嘻]",
"mid":"AiPM0gQaV",
"date":"2013-11-15 13:19:37"
},
{
"kids":[],
"uid":"2093167957",
"parent":"AiPrzcWws",
"text":"[呵呵]",
"mid":"AiPGsAmAL",
"date":"2013-11-15 13:06:01"
},
{
"kids":[],
"uid":"2920095870",
"parent":"Ai2UnkzlF",
"text":"",
"mid":"AiPAXyRtt",
"date":"2013-11-15 12:52:24"
},
{
"kids":[
"AiPGsAmAL"
],
"uid":"207191966",
"parent":"AhXCVwZA3",
"text":"右边的黄先生对传销还不了解，任何东西都可以用作传销的道具，包括电商平台。现在操作的有富迪易富宝，已经抓起来的有太平洋直购。",
"mid":"AiPrzcWws",
"date":"2013-11-15 12:29:16"
},
{
"kids":[],
"uid":"2919754140",
"parent":"Ai2UnkzlF",
"text":"",
"mid":"AiEwUor3n",
"date":"2013-11-14 08:42:13"
},
{
"kids":[],
"uid":"baddaddy",
"parent":"",
"text":"陈观田不是2010年死过了吗？",
"mid":"AivgfsSjT",
"date":"2013-11-13 09:06:26"
},
{
"kids":[],
"uid":"baddaddy",
"parent":"",
"text":"坐等环宇领导人病逝，哈哈哈！",
"mid":"Aiuqk4OoT",
"date":"2013-11-13 06:58:31"
},
{
"kids":[
"AiPM0gQaV"
],
"uid":"207191966",
"parent":"Ais130jQT",
"text":"请@刘作云 不要听信谣言，陈观田早就死了。",
"mid":"Aiuj1FLrb",
"date":"2013-11-13 06:40:33"
},
{
"kids":[],
"uid":"1008180554",
"parent":"",
"text":"[吃惊]",
"mid":"Ait5sFe5e",
"date":"2013-11-13 03:34:23"
},
{
"kids":[],
"uid":"maggievivi",
"parent":"Ais130jQT",
"text":"没有买卖就没有伤害！",
"mid":"Ais52y9Gm",
"date":"2013-11-13 01:00:36"
},
{
"kids":[
"AiPM0gQaV",
"Aiuj1FLrb",
"Ais52y9Gm"
],
"uid":"wohexiaoyudejia",
"parent":"",
"text":"一直觉得安利在中国就是不实宣传，包括那些洗涤用品，真的没那么神奇。保健品本来就是给有需要的人吃，适可而止，哪有说当饭似的每天每顿都不拉下！来了美国后遍地都不见安利的影子[奥特曼]",
"mid":"Ais130jQT",
"date":"2013-11-13 00:50:45"
},
{
"kids":[],
"uid":"fyyy1016",
"parent":"",
"text":"",
"mid":"Aipx1fvhg",
"date":"2013-11-12 18:31:15"
},
{
"kids":[],
"uid":"1257308903",
"parent":"",
"text":"不吃了",
"mid":"Aip5Ey7a8",
"date":"2013-11-12 17:23:52"
},
{
"kids":[],
"uid":"z06714",
"parent":"",
"text":"安利保健品主要靠无知的中老年妇女养着",
"mid":"Aip5ggUcS",
"date":"2013-11-12 17:22:54"
},
{
"kids":[],
"uid":"3166795765",
"parent":"",
"text":"最不喜歡他們信仰一樣的賣東西",
"mid":"AioygkP4Y",
"date":"2013-11-12 16:01:35"
},
{
"kids":[],
"uid":"2938981291",
"parent":"Ai2UBgspy",
"text":"",
"mid":"AiiCVhHs2",
"date":"2013-11-12 00:56:37"
},
{
"kids":[],
"uid":"1893077631",
"parent":"",
"text":"真的吗",
"mid":"Aiiuj3SNz",
"date":"2013-11-12 00:35:20"
},
{
"kids":[],
"uid":"1365309065",
"parent":"",
"text":"",
"mid":"AigYynOsx",
"date":"2013-11-11 20:44:24"
},
{
"kids":[],
"uid":"13592421",
"parent":"",
"text":"好讽刺！",
"mid":"AigT63xhp",
"date":"2013-11-11 20:30:58"
},
{
"kids":[],
"uid":"1750566101",
"parent":"",
"text":"",
"mid":"AifLIxP1c",
"date":"2013-11-11 17:40:01"
},
{
"kids":[],
"uid":"hebshb",
"parent":"",
"text":"[哈哈]，真是莫大的讽刺。好好吃饭不偏食胜过任何补品保健品。",
"mid":"AiftQci37",
"date":"2013-11-11 16:56:00"
},
{
"kids":[],
"uid":"2309104960",
"parent":"",
"text":"[哈哈]",
"mid":"Aieu5dilE",
"date":"2013-11-11 14:23:49"
},
{
"kids":[],
"uid":"1804648933",
"parent":"AidE9xNYL",
"text":"",
"mid":"Aie69gxvC",
"date":"2013-11-11 13:24:52"
},
{
"kids":[
"Aie69gxvC"
],
"uid":"2461403822",
"parent":"",
"text":"[衰]",
"mid":"AidE9xNYL",
"date":"2013-11-11 12:15:53"
},
{
"kids":[],
"uid":"2142382533",
"parent":"",
"text":"转发微博。",
"mid":"Aid2ZiIS7",
"date":"2013-11-11 10:44:19"
},
{
"kids":[],
"uid":"2105110302",
"parent":"AhWSrjVTr",
"text":"",
"mid":"AicSJ3Gd6",
"date":"2013-11-11 10:19:02"
},
{
"kids":[],
"uid":"1747620875",
"parent":"",
"text":"这个是广告都做不了的效果啊，[哈哈]",
"mid":"AicOws8KQ",
"date":"2013-11-11 10:08:41"
},
{
"kids":[],
"uid":"drj01",
"parent":"",
"text":"",
"mid":"AicoaD0F7",
"date":"2013-11-11 09:03:47"
},
{
"kids":[],
"uid":"1633609533",
"parent":"",
"text":"那些年我们吃过的安利 ！[汗]",
"mid":"AicnaDlEc",
"date":"2013-11-11 09:01:18"
},
{
"kids":[],
"uid":"3320083217",
"parent":"Ai2UBgspy",
"text":"",
"mid":"AibB31YtG",
"date":"2013-11-11 07:02:45"
},
{
"kids":[],
"uid":"1785902312",
"parent":"",
"text":"[围观]",
"mid":"AibfHxzSm",
"date":"2013-11-11 06:10:10"
},
{
"kids":[],
"uid":"2195497887",
"parent":"",
"text":"李阳才刚刚进入安利，不知听到这个消息啊什么反应",
"mid":"Ai8pRk0d6",
"date":"2013-11-10 22:56:57"
},
{
"kids":[],
"uid":"1935510830",
"parent":"",
"text":"",
"mid":"Ai8j12zdh",
"date":"2013-11-10 22:40:03"
},
{
"kids":[],
"uid":"2182898904",
"parent":"",
"text":"",
"mid":"Ai8cY5pZe",
"date":"2013-11-10 22:25:11"
},
{
"kids":[],
"uid":"2131730767",
"parent":"Ai85SFnQ4",
"text":"",
"mid":"Ai8cTDb2z",
"date":"2013-11-10 22:25:01"
},
{
"kids":[],
"uid":"jody526",
"parent":"Ai85SFnQ4",
"text":"",
"mid":"Ai89IvaRw",
"date":"2013-11-10 22:17:08"
},
{
"kids":[
"Ai8cTDb2z",
"Ai89IvaRw"
],
"uid":"1846005462",
"parent":"",
"text":"哦！",
"mid":"Ai85SFnQ4",
"date":"2013-11-10 22:07:43"
},
{
"kids":[],
"uid":"gongzhuxiaomao",
"parent":"",
"text":"",
"mid":"Ai7R88VN0",
"date":"2013-11-10 21:31:22"
},
{
"kids":[],
"uid":"319419995",
"parent":"",
"text":"",
"mid":"Ai7mS3DEo",
"date":"2013-11-10 20:16:48"
},
{
"kids":[],
"uid":"1295261931",
"parent":"",
"text":"",
"mid":"Ai6m6oJOD",
"date":"2013-11-10 17:42:09"
},
{
"kids":[],
"uid":"cy31502",
"parent":"",
"text":"从来就没有相信过保健品,科学自然饮食才是真道理[哈哈][哈哈][哈哈][哈哈]",
"mid":"Ai6hHE6n7",
"date":"2013-11-10 17:31:23"
},
{
"kids":[],
"uid":"monicachieh",
"parent":"",
"text":"@西天",
"mid":"Ai64QFfb7",
"date":"2013-11-10 16:59:41"
},
{
"kids":[],
"uid":"conan296",
"parent":"",
"text":"方舟子应该多吃点安利，听说都是转基因的大豆，适合他。",
"mid":"Ai4iB5WCL",
"date":"2013-11-10 12:28:04"
},
{
"kids":[
"AiiCVhHs2",
"AibB31YtG"
],
"uid":"cissylyy",
"parent":"Ai2iQ58do",
"text":"",
"mid":"Ai2UBgspy",
"date":"2013-11-10 08:56:11"
},
{
"kids":[
"AiPAXyRtt",
"AiEwUor3n"
],
"uid":"2375418817",
"parent":"AhWSrjVTr",
"text":"",
"mid":"Ai2UnkzlF",
"date":"2013-11-10 08:55:39"
},
{
"kids":[],
"uid":"sunsky",
"parent":"Ai2iQ58do",
"text":"安利得粉丝出来PK一下",
"mid":"Ai2LHfn2G",
"date":"2013-11-10 08:34:16"
},
{
"kids":[],
"uid":"3816503336",
"parent":"",
"text":"这是报应啊，害了多少平民百姓",
"mid":"Ai2k4Bfxh",
"date":"2013-11-10 07:26:13"
},
{
"kids":[
"AiiCVhHs2",
"AibB31YtG",
"Ai2UBgspy",
"Ai2LHfn2G"
],
"uid":"babyfish",
"parent":"Ai1Tl8LxF",
"text":"",
"mid":"Ai2iQ58do",
"date":"2013-11-10 07:23:10"
},
{
"kids":[],
"uid":"2092787801",
"parent":"AhZhR0Lki",
"text":"实践是检验真理的唯一标准！",
"mid":"Ai2et3POm",
"date":"2013-11-10 07:12:24"
},
{
"kids":[
"AiiCVhHs2",
"AibB31YtG",
"Ai2UBgspy",
"Ai2LHfn2G",
"Ai2iQ58do"
],
"uid":"lixunyang",
"parent":"AhWfxvLye",
"text":"",
"mid":"Ai1Tl8LxF",
"date":"2013-11-10 06:20:21"
},
{
"kids":[],
"uid":"1773350295",
"parent":"AhX9Qb4cC",
"text":"",
"mid":"AhZzPhqAp",
"date":"2013-11-10 00:26:48"
},
{
"kids":[],
"uid":"lnl002",
"parent":"AhXqu3uL8",
"text":"",
"mid":"AhZyl8vpA",
"date":"2013-11-10 00:23:08"
},
{
"kids":[],
"uid":"1805376377",
"parent":"AhX9Qb4cC",
"text":"@小小蜗牛kkyt 看看",
"mid":"AhZxQo4Eg",
"date":"2013-11-10 00:21:54"
},
{
"kids":[],
"uid":"2718236037",
"parent":"",
"text":"",
"mid":"AhZvYgWTA",
"date":"2013-11-10 00:17:17"
},
{
"kids":[
"Ai2et3POm"
],
"uid":"1840327871",
"parent":"AhWy3d0R3",
"text":"",
"mid":"AhZhR0Lki",
"date":"2013-11-09 23:42:30"
},
{
"kids":[],
"uid":"3195943475",
"parent":"",
"text":"",
"mid":"AhZdhkhQu",
"date":"2013-11-09 23:31:14"
},
{
"kids":[],
"uid":"1638539050",
"parent":"AhWVJwbgP",
"text":"",
"mid":"AhZ5q7fu6",
"date":"2013-11-09 23:11:52"
},
{
"kids":[],
"uid":"3874691084",
"parent":"",
"text":"",
"mid":"AhZ2w7Gtp",
"date":"2013-11-09 23:04:46"
},
{
"kids":[],
"uid":"1729482110",
"parent":"",
"text":"[xkl转圈]",
"mid":"AhYXDx8fe",
"date":"2013-11-09 22:52:42"
},
{
"kids":[],
"uid":"2132317172",
"parent":"",
"text":"人傻钱多",
"mid":"AhYUZxH2l",
"date":"2013-11-09 22:46:11"
},
{
"kids":[],
"uid":"1371354450",
"parent":"",
"text":"",
"mid":"AhYTD3taz",
"date":"2013-11-09 22:42:49"
},
{
"kids":[],
"uid":"3703598760",
"parent":"AhWHia8Uh",
"text":"",
"mid":"AhYS4oIRz",
"date":"2013-11-09 22:38:57"
},
{
"kids":[],
"uid":"2908504173",
"parent":"AhWVJwbgP",
"text":"",
"mid":"AhYEscL3d",
"date":"2013-11-09 22:05:24"
},
{
"kids":[],
"uid":"1048862565",
"parent":"AhWy3d0R3",
"text":"",
"mid":"AhYra3vKA",
"date":"2013-11-09 21:32:41"
},
{
"kids":[],
"uid":"1740890242",
"parent":"",
"text":"",
"mid":"AhYkbqJR7",
"date":"2013-11-09 21:15:30"
},
{
"kids":[],
"uid":"238653789",
"parent":"",
"text":"不管人怎么吃这些延年益寿的保健品，最终都脱离不了死亡。死是每个人罪的工价。主耶稣为人类的罪钉死在十字架上，叫信他的因他得救，不致灭亡，反的永生。",
"mid":"AhYjB76YR",
"date":"2013-11-09 21:14:02"
},
{
"kids":[],
"uid":"210005651",
"parent":"AhXCVwZA3",
"text":"",
"mid":"AhYb81rIv",
"date":"2013-11-09 20:53:13"
},
{
"kids":[],
"uid":"1989529057",
"parent":"AhX9Qb4cC",
"text":"",
"mid":"AhXYs0qGq",
"date":"2013-11-09 20:21:59"
},
{
"kids":[],
"uid":"2821265722",
"parent":"AhWy3d0R3",
"text":"",
"mid":"AhXO9re8t",
"date":"2013-11-09 19:56:35"
},
{
"kids":[],
"uid":"1711502963",
"parent":"",
"text":"不能太迷信保健品[偷笑]",
"mid":"AhXJcb9GO",
"date":"2013-11-09 19:44:22"
},
{
"kids":[],
"uid":"2202737250",
"parent":"",
"text":"",
"mid":"AhXINjWUD",
"date":"2013-11-09 19:43:20"
},
{
"kids":[],
"uid":"416912395",
"parent":"",
"text":"",
"mid":"AhXFBBs3j",
"date":"2013-11-09 19:35:31"
},
{
"kids":[],
"uid":"2787964925",
"parent":"",
"text":"@野鹤的天空",
"mid":"AhXF8EWv0",
"date":"2013-11-09 19:34:23"
},
{
"kids":[
"AiPGsAmAL",
"AiPrzcWws",
"AhYb81rIv"
],
"uid":"m119",
"parent":"AhWfxvLye",
"text":"",
"mid":"AhXCVwZA3",
"date":"2013-11-09 19:28:56"
},
{
"kids":[],
"uid":"1645262427",
"parent":"",
"text":"",
"mid":"AhXyd29A7",
"date":"2013-11-09 19:17:18"
},
{
"kids":[],
"uid":"luyasi0518",
"parent":"AhWVJwbgP",
"text":"",
"mid":"AhXvzidWj",
"date":"2013-11-09 19:10:47"
},
{
"kids":[],
"uid":"shyhow",
"parent":"AhWy3d0R3",
"text":"唉！",
"mid":"AhXrerxIO",
"date":"2013-11-09 19:00:07"
},
{
"kids":[
"AhZyl8vpA"
],
"uid":"lynnwu23",
"parent":"AhWWQ66wI",
"text":"",
"mid":"AhXqu3uL8",
"date":"2013-11-09 18:58:16"
},
{
"kids":[],
"uid":"2033465402",
"parent":"AhX9Qb4cC",
"text":"不信保健品",
"mid":"AhXmjuh8k",
"date":"2013-11-09 18:47:58"
},
{
"kids":[],
"uid":"1874787987",
"parent":"",
"text":"死的无声无息，李阳的动静倒挺大。@河南交通广播 @都市报道扩大版",
"mid":"AhXjIrFa1",
"date":"2013-11-09 18:41:35"
},
{
"kids":[],
"uid":"theresawyj",
"parent":"AhWWbikgx",
"text":"吃安利吃的",
"mid":"AhXiy2qB1",
"date":"2013-11-09 18:38:43"
},
{
"kids":[],
"uid":"2703713053",
"parent":"AhWWQ66wI",
"text":"怎么看都觉得这条言论很碍眼呢，是不是该为安利声讨一下，我吃这么久怎么没死呢@剑悬秋水2011: 动辄给美国人挣钱，给美国人挣钱怎么了？难道要把所有的外资都赶出去？这么低劣的爱国忽悠，这么弱智的言论好意思拿出来晒吗？",
"mid":"AhXcb12yN",
"date":"2013-11-09 18:22:59"
},
{
"kids":[
"AhZzPhqAp",
"AhZxQo4Eg",
"AhXYs0qGq",
"AhXmjuh8k"
],
"uid":"2643906210",
"parent":"AhWWQ66wI",
"text":"我可以@狐狸大人的酸奶酪  你吗?[害羞]",
"mid":"AhX9Qb4cC",
"date":"2013-11-09 18:17:16"
},
{
"kids":[],
"uid":"1443421272",
"parent":"",
"text":"",
"mid":"AhX9AxzJz",
"date":"2013-11-09 18:16:39"
},
{
"kids":[],
"uid":"2054836532",
"parent":"AhX7ao2ni",
"text":"",
"mid":"AhX8keEuX",
"date":"2013-11-09 18:13:32"
},
{
"kids":[],
"uid":"1420379737",
"parent":"AhWWQ66wI",
"text":"",
"mid":"AhX7zv7pa",
"date":"2013-11-09 18:11:40"
},
{
"kids":[
"AhX8keEuX"
],
"uid":"271344990",
"parent":"AhWWQ66wI",
"text":"一开始就不相信安利。",
"mid":"AhX7ao2ni",
"date":"2013-11-09 18:10:44"
},
{
"kids":[],
"uid":"3023750482",
"parent":"AhWVJwbgP",
"text":"",
"mid":"AhX6NkrhP",
"date":"2013-11-09 18:09:46"
},
{
"kids":[],
"uid":"2116362602",
"parent":"",
"text":"呵呵！",
"mid":"AhX4MFK7g",
"date":"2013-11-09 18:04:50"
},
{
"kids":[],
"uid":"lcr05",
"parent":"AhWy3d0R3",
"text":"",
"mid":"AhX2ol7QS",
"date":"2013-11-09 17:58:54"
},
{
"kids":[],
"uid":"komoyang",
"parent":"AhWVJwbgP",
"text":"",
"mid":"AhWXo5fJb",
"date":"2013-11-09 17:46:34"
},
{
"kids":[
"AhZzPhqAp",
"AhZyl8vpA",
"AhZxQo4Eg",
"AhXYs0qGq",
"AhXqu3uL8",
"AhXmjuh8k",
"AhXcb12yN",
"AhX9Qb4cC",
"AhX8keEuX",
"AhX7zv7pa",
"AhX7ao2ni"
],
"uid":"2801656655",
"parent":"AhWHia8Uh",
"text":"自淘宝之后安利直销模利模式已没市场，淘宝就是最好的直销！",
"mid":"AhWWQ66wI",
"date":"2013-11-09 17:45:13"
},
{
"kids":[],
"uid":"1010170691",
"parent":"AhWSrjVTr",
"text":"[泪][泪][泪][嘻嘻][嘻嘻][嘻嘻][怒][怒][怒]",
"mid":"AhWWhvjLL",
"date":"2013-11-09 17:43:50"
},
{
"kids":[
"AhXiy2qB1"
],
"uid":"xiaohuji",
"parent":"AhWyBc18h",
"text":"[酷]",
"mid":"AhWWbikgx",
"date":"2013-11-09 17:43:37"
},
{
"kids":[
"AhZ5q7fu6",
"AhYEscL3d",
"AhXvzidWj",
"AhX6NkrhP",
"AhWXo5fJb"
],
"uid":"jmfft",
"parent":"AhWSrjVTr",
"text":"不吃就不会死？",
"mid":"AhWVJwbgP",
"date":"2013-11-09 17:42:31"
},
{
"kids":[
"AiPAXyRtt",
"AiEwUor3n",
"AicSJ3Gd6",
"Ai2UnkzlF",
"AhZ5q7fu6",
"AhYEscL3d",
"AhXvzidWj",
"AhX6NkrhP",
"AhWXo5fJb",
"AhWWhvjLL",
"AhWVJwbgP"
],
"uid":"1779759615",
"parent":"",
"text":"",
"mid":"AhWSrjVTr",
"date":"2013-11-09 17:34:24"
},
{
"kids":[],
"uid":"2150139294",
"parent":"AhWy3d0R3",
"text":"",
"mid":"AhWS4yAa4",
"date":"2013-11-09 17:33:30"
},
{
"kids":[],
"uid":"2709048780",
"parent":"AhWHia8Uh",
"text":"",
"mid":"AhWQvCzxr",
"date":"2013-11-09 17:29:39"
},
{
"kids":[],
"uid":"1956481737",
"parent":"AhWHia8Uh",
"text":"让人感觉也欺骗了别人27年",
"mid":"AhWOVg1QS",
"date":"2013-11-09 17:25:44"
},
{
"kids":[],
"uid":"576344221",
"parent":"AhWHia8Uh",
"text":"",
"mid":"AhWOguRqt",
"date":"2013-11-09 17:24:07"
},
{
"kids":[],
"uid":"3307709775",
"parent":"",
"text":"报应来的很快嘛。",
"mid":"AhWN1FE6i",
"date":"2013-11-09 17:21:04"
},
{
"kids":[],
"uid":"3148770782",
"parent":"AhWy3d0R3",
"text":"",
"mid":"AhWMmh3XB",
"date":"2013-11-09 17:19:26"
},
{
"kids":[],
"uid":"3216949731",
"parent":"AhWHia8Uh",
"text":"",
"mid":"AhWKDzSv3",
"date":"2013-11-09 17:15:11"
},
{
"kids":[],
"uid":"235675520",
"parent":"AhWy3d0R3",
"text":"",
"mid":"AhWJHECLR",
"date":"2013-11-09 17:12:54"
},
{
"kids":[],
"uid":"2113841402",
"parent":"AhWy3d0R3",
"text":"",
"mid":"AhWIc4qKz",
"date":"2013-11-09 17:09:07"
},
{
"kids":[
"AhZzPhqAp",
"AhZyl8vpA",
"AhZxQo4Eg",
"AhYS4oIRz",
"AhXYs0qGq",
"AhXqu3uL8",
"AhXmjuh8k",
"AhXcb12yN",
"AhX9Qb4cC",
"AhX8keEuX",
"AhX7zv7pa",
"AhX7ao2ni",
"AhWWQ66wI",
"AhWQvCzxr",
"AhWOVg1QS",
"AhWOguRqt",
"AhWKDzSv3"
],
"uid":"3199398221",
"parent":"AhWBg83Rd",
"text":"",
"mid":"AhWHia8Uh",
"date":"2013-11-09 17:06:56"
},
{
"kids":[],
"uid":"2581100207",
"parent":"AhWy3d0R3",
"text":"",
"mid":"AhWFMuCvg",
"date":"2013-11-09 17:03:13"
},
{
"kids":[],
"uid":"2918055745",
"parent":"AhWy3d0R3",
"text":"",
"mid":"AhWE6vwmN",
"date":"2013-11-09 16:59:05"
},
{
"kids":[],
"uid":"2642455263",
"parent":"AhWy3d0R3",
"text":"",
"mid":"AhWDK1Us4",
"date":"2013-11-09 16:58:10"
},
{
"kids":[],
"uid":"2307546221",
"parent":"AhWy3d0R3",
"text":"忽悠？",
"mid":"AhWDJbYwL",
"date":"2013-11-09 16:58:09"
},
{
"kids":[],
"uid":"martin6000",
"parent":"AhWy3d0R3",
"text":"",
"mid":"AhWDpm5rJ",
"date":"2013-11-09 16:57:21"
},
{
"kids":[],
"uid":"2111674811",
"parent":"",
"text":"安利纽崔莱，吃不死，吃不好，坑你钱，哦也",
"mid":"AhWCWEE7I",
"date":"2013-11-09 16:56:13"
},
{
"kids":[],
"uid":"2165458960",
"parent":"AhWBg83Rd",
"text":"@哈哈婧forever",
"mid":"AhWC8trLX",
"date":"2013-11-09 16:54:14"
},
{
"kids":[],
"uid":"1066809374",
"parent":"",
"text":"",
"mid":"AhWBL62ec",
"date":"2013-11-09 16:53:18"
},
{
"kids":[
"AhZzPhqAp",
"AhZyl8vpA",
"AhZxQo4Eg",
"AhYS4oIRz",
"AhXYs0qGq",
"AhXqu3uL8",
"AhXmjuh8k",
"AhXcb12yN",
"AhX9Qb4cC",
"AhX8keEuX",
"AhX7zv7pa",
"AhX7ao2ni",
"AhWWQ66wI",
"AhWQvCzxr",
"AhWOVg1QS",
"AhWOguRqt",
"AhWKDzSv3",
"AhWHia8Uh",
"AhWC8trLX"
],
"uid":"2298588975",
"parent":"AhWyBc18h",
"text":"",
"mid":"AhWBg83Rd",
"date":"2013-11-09 16:52:03"
},
{
"kids":[
"AhZzPhqAp",
"AhZyl8vpA",
"AhZxQo4Eg",
"AhYS4oIRz",
"AhXYs0qGq",
"AhXqu3uL8",
"AhXmjuh8k",
"AhXiy2qB1",
"AhXcb12yN",
"AhX9Qb4cC",
"AhX8keEuX",
"AhX7zv7pa",
"AhX7ao2ni",
"AhWWQ66wI",
"AhWWbikgx",
"AhWQvCzxr",
"AhWOVg1QS",
"AhWOguRqt",
"AhWKDzSv3",
"AhWHia8Uh",
"AhWC8trLX",
"AhWBg83Rd"
],
"uid":"1951784471",
"parent":"AhWy3d0R3",
"text":"",
"mid":"AhWyBc18h",
"date":"2013-11-09 16:45:32"
},
{
"kids":[
"Ai2et3POm",
"AhZzPhqAp",
"AhZyl8vpA",
"AhZxQo4Eg",
"AhZhR0Lki",
"AhYS4oIRz",
"AhYra3vKA",
"AhXYs0qGq",
"AhXO9re8t",
"AhXrerxIO",
"AhXqu3uL8",
"AhXmjuh8k",
"AhXiy2qB1",
"AhXcb12yN",
"AhX9Qb4cC",
"AhX8keEuX",
"AhX7zv7pa",
"AhX7ao2ni",
"AhX2ol7QS",
"AhWWQ66wI",
"AhWWbikgx",
"AhWS4yAa4",
"AhWQvCzxr",
"AhWOVg1QS",
"AhWOguRqt",
"AhWMmh3XB",
"AhWKDzSv3",
"AhWJHECLR",
"AhWIc4qKz",
"AhWHia8Uh",
"AhWFMuCvg",
"AhWE6vwmN",
"AhWDK1Us4",
"AhWDJbYwL",
"AhWDpm5rJ",
"AhWC8trLX",
"AhWBg83Rd",
"AhWyBc18h"
],
"uid":"2182722855",
"parent":"AhWwSfp1z",
"text":"忽悠，总有一天现原形。无论是经济上，还是政治上。时间让一切都暴露在阳光下。[哈哈]",
"mid":"AhWy3d0R3",
"date":"2013-11-09 16:44:10"
},
{
"kids":[
"Ai2et3POm",
"AhZzPhqAp",
"AhZyl8vpA",
"AhZxQo4Eg",
"AhZhR0Lki",
"AhYS4oIRz",
"AhYra3vKA",
"AhXYs0qGq",
"AhXO9re8t",
"AhXrerxIO",
"AhXqu3uL8",
"AhXmjuh8k",
"AhXiy2qB1",
"AhXcb12yN",
"AhX9Qb4cC",
"AhX8keEuX",
"AhX7zv7pa",
"AhX7ao2ni",
"AhX2ol7QS",
"AhWWQ66wI",
"AhWWbikgx",
"AhWS4yAa4",
"AhWQvCzxr",
"AhWOVg1QS",
"AhWOguRqt",
"AhWMmh3XB",
"AhWKDzSv3",
"AhWJHECLR",
"AhWIc4qKz",
"AhWHia8Uh",
"AhWFMuCvg",
"AhWE6vwmN",
"AhWDK1Us4",
"AhWDJbYwL",
"AhWDpm5rJ",
"AhWC8trLX",
"AhWBg83Rd",
"AhWyBc18h",
"AhWy3d0R3"
],
"uid":"usagimaakun",
"parent":"AhWfxvLye",
"text":"",
"mid":"AhWwSfp1z",
"date":"2013-11-09 16:41:15"
},
{
"kids":[],
"uid":"1906875917",
"parent":"AhWg6n13w",
"text":"",
"mid":"AhWuXpLGr",
"date":"2013-11-09 16:36:33"
},
{
"kids":[],
"uid":"1930312843",
"parent":"AhWfxvLye",
"text":"",
"mid":"AhWge49ov",
"date":"2013-11-09 16:00:15"
},
{
"kids":[
"AhWuXpLGr"
],
"uid":"s635186268",
"parent":"AhWfxvLye",
"text":"安利终于可以闭嘴了，下来就是如新了",
"mid":"AhWg6n13w",
"date":"2013-11-09 15:59:58"
},
{
"kids":[
"AiPGsAmAL",
"AiPrzcWws",
"AiiCVhHs2",
"AibB31YtG",
"Ai2UBgspy",
"Ai2LHfn2G",
"Ai2iQ58do",
"Ai2et3POm",
"Ai1Tl8LxF",
"AhZzPhqAp",
"AhZyl8vpA",
"AhZxQo4Eg",
"AhZhR0Lki",
"AhYS4oIRz",
"AhYra3vKA",
"AhYb81rIv",
"AhXYs0qGq",
"AhXO9re8t",
"AhXCVwZA3",
"AhXrerxIO",
"AhXqu3uL8",
"AhXmjuh8k",
"AhXiy2qB1",
"AhXcb12yN",
"AhX9Qb4cC",
"AhX8keEuX",
"AhX7zv7pa",
"AhX7ao2ni",
"AhX2ol7QS",
"AhWWQ66wI",
"AhWWbikgx",
"AhWS4yAa4",
"AhWQvCzxr",
"AhWOVg1QS",
"AhWOguRqt",
"AhWMmh3XB",
"AhWKDzSv3",
"AhWJHECLR",
"AhWIc4qKz",
"AhWHia8Uh",
"AhWFMuCvg",
"AhWE6vwmN",
"AhWDK1Us4",
"AhWDJbYwL",
"AhWDpm5rJ",
"AhWC8trLX",
"AhWBg83Rd",
"AhWyBc18h",
"AhWy3d0R3",
"AhWwSfp1z",
"AhWuXpLGr",
"AhWge49ov",
"AhWg6n13w"
],
"uid":"333165595",
"parent":"",
"text":"",
"mid":"AhWfxvLye",
"date":"2013-11-09 15:58:34"
},
{
"kids":[],
"uid":"1677447935",
"parent":"",
"text":"传销[劲能样]",
"mid":"AhW7xnD6A",
"date":"2013-11-09 15:38:54"
},
{
"kids":[],
"uid":"13827233",
"parent":"AhVUCj1be",
"text":"[吃惊]",
"mid":"AhW1AB6kT",
"date":"2013-11-09 15:24:11"
},
{
"kids":[
"AhW1AB6kT"
],
"uid":"money111",
"parent":"",
"text":"神话变经典笑话",
"mid":"AhVUCj1be",
"date":"2013-11-09 15:07:01"
},
{
"kids":[],
"uid":"1586289244",
"parent":"",
"text":"",
"mid":"AhVAwvnbT",
"date":"2013-11-09 14:17:31"
},
{
"kids":[],
"uid":"1840634781",
"parent":"",
"text":"",
"mid":"AhVtBthe9",
"date":"2013-11-09 14:00:27"
},
{
"kids":[],
"uid":"1946315871",
"parent":"",
"text":"",
"mid":"AhVqrzunb",
"date":"2013-11-09 13:52:39"
},
{
"kids":[],
"uid":"1990090140",
"parent":"",
"text":"安利的人烦死了。卖保健品的人真恶心",
"mid":"AhVnR8t3m",
"date":"2013-11-09 13:46:18"
},
{
"kids":[],
"uid":"agstalker",
"parent":"",
"text":"",
"mid":"AhVmOqcrN",
"date":"2013-11-09 13:43:43"
},
{
"kids":[],
"uid":"tryit",
"parent":"",
"text":"转起来，不能乱吃保健品！食物才是健康之王！",
"mid":"AhVhC2gQ1",
"date":"2013-11-09 13:30:54"
},
{
"kids":[],
"uid":"1654008392",
"parent":"",
"text":"",
"mid":"AhVh70seg",
"date":"2013-11-09 13:29:40"
},
{
"kids":[],
"uid":"512510125",
"parent":"",
"text":"",
"mid":"AhUPbFtxC",
"date":"2013-11-09 12:20:54"
},
{
"kids":[],
"uid":"601312313",
"parent":"",
"text":"[蜡烛]",
"mid":"AhUH8AyCK",
"date":"2013-11-09 12:01:04"
}
]