[
{
"kids":[],
"uid":"3281840344",
"parent":"zmEpfvIAU",
"text":"",
"mid":"A57vWDOty",
"date":"2013-08-17 08:45:15"
},
{
"kids":[],
"uid":"3281840344",
"parent":"zmEpfvIAU",
"text":"",
"mid":"A4OrUd98G",
"date":"2013-08-15 08:13:06"
},
{
"kids":[],
"uid":"2920091620",
"parent":"zmFXTg2QC",
"text":"",
"mid":"zoJeq1aVa",
"date":"2013-03-23 08:57:56"
},
{
"kids":[],
"uid":"1440669263",
"parent":"zmFXTg2QC",
"text":"",
"mid":"zoJeq1aSy",
"date":"2013-03-23 08:57:54"
},
{
"kids":[],
"uid":"2789969854",
"parent":"zmFXTg2QC",
"text":"",
"mid":"znCTg4fyg",
"date":"2013-03-16 02:59:00"
},
{
"kids":[],
"uid":"2919960104",
"parent":"zmFXTg2QC",
"text":"",
"mid":"zntJXkMak",
"date":"2013-03-15 03:41:22"
},
{
"kids":[],
"uid":"2628771741",
"parent":"",
"text":"好一个“费城76人”队！",
"mid":"zmW93zLpp",
"date":"2013-03-11 14:09:49"
},
{
"kids":[],
"uid":"2404210941",
"parent":"",
"text":"以后再有轮奸的肯定都争第一个！！",
"mid":"zmQtkfJrJ",
"date":"2013-03-10 23:43:15"
},
{
"kids":[],
"uid":"1853766530",
"parent":"zmDCA19GJ",
"text":"看来，在中国什么事都可以运作",
"mid":"zmPr49o6f",
"date":"2013-03-10 21:04:56"
},
{
"kids":[],
"uid":"3207359314",
"parent":"",
"text":"",
"mid":"zmOaig9MZ",
"date":"2013-03-10 17:50:50"
},
{
"kids":[],
"uid":"ckyizyx",
"parent":"zmJxK7LZE",
"text":"父爱好伟大[泪][泪]法律之上！！",
"mid":"zmLrBzwlY",
"date":"2013-03-10 10:55:18"
},
{
"kids":[],
"uid":"2976336320",
"parent":"",
"text":"狗和犬不是同类吗？如果律师不清楚法官一定清楚。[威武]",
"mid":"zmKPDrVn4",
"date":"2013-03-10 09:21:44"
},
{
"kids":[],
"uid":"1808311902",
"parent":"zmGBf7uLN",
"text":"",
"mid":"zmKw03ks0",
"date":"2013-03-10 08:33:21"
},
{
"kids":[],
"uid":"1975297523",
"parent":"zmGuSiZn1",
"text":"第一个……顺序很重要！",
"mid":"zmJKQpY1E",
"date":"2013-03-10 06:37:11"
},
{
"kids":[
"zmLrBzwlY"
],
"uid":"2785390862",
"parent":"",
"text":"",
"mid":"zmJxK7LZE",
"date":"2013-03-10 06:04:55"
},
{
"kids":[],
"uid":"qiuyan1106",
"parent":"zmJ84zPLu",
"text":"还是人么》？？、",
"mid":"zmJqYcNx1",
"date":"2013-03-10 05:48:13"
},
{
"kids":[],
"uid":"2805491784",
"parent":"zmFXTg2QC",
"text":"",
"mid":"zmJbqjdH2",
"date":"2013-03-10 05:09:56"
},
{
"kids":[
"zmJqYcNx1"
],
"uid":"1746501170",
"parent":"zmDJAnXBg",
"text":"牛！！！",
"mid":"zmJ84zPLu",
"date":"2013-03-10 05:01:41"
},
{
"kids":[],
"uid":"1457662237",
"parent":"",
"text":"",
"mid":"zmIeHeT1X",
"date":"2013-03-10 02:45:15"
},
{
"kids":[],
"uid":"1778823832",
"parent":"",
"text":"你自己都是媒体人出身，不晓得现在的媒体都没节操所",
"mid":"zmHHd7jvd",
"date":"2013-03-10 01:22:45"
},
{
"kids":[],
"uid":"1778823832",
"parent":"",
"text":"你娃是法盲哦，二天关于法律的帖子问哈我再发",
"mid":"zmHEX4f0x",
"date":"2013-03-10 01:17:11"
},
{
"kids":[],
"uid":"2318435671",
"parent":"",
"text":"以后轮奸一定要第一个上。",
"mid":"zmH9ptyDz",
"date":"2013-03-09 23:59:29"
},
{
"kids":[],
"uid":"2889197420",
"parent":"",
"text":"世界那么美好！实在是不想看见这些东西",
"mid":"zmH5b4XLY",
"date":"2013-03-09 23:49:04"
},
{
"kids":[],
"uid":"zhouguojun0127",
"parent":"zmGK71ItI",
"text":"过街老鼠，看他老子死后怎么生存。",
"mid":"zmGRRdbyW",
"date":"2013-03-09 23:16:14"
},
{
"kids":[],
"uid":"1286010127",
"parent":"",
"text":"",
"mid":"zmGKk10vH",
"date":"2013-03-09 22:57:40"
},
{
"kids":[
"zmGRRdbyW"
],
"uid":"1980739733",
"parent":"zmGDQ9NHp",
"text":"让党、军队和国家都因为他儿子的恶劣行为而丢脸的李家，应该勒令他孩子立刻自尽以报党国并以谢人民。",
"mid":"zmGK71ItI",
"date":"2013-03-09 22:57:09"
},
{
"kids":[
"zmGK71ItI"
],
"uid":"caroshi",
"parent":"zmGBVmVgv",
"text":"转发也备注下嘛~",
"mid":"zmGDQ9NHp",
"date":"2013-03-09 22:41:39"
},
{
"kids":[],
"uid":"1704019655",
"parent":"zmGts0FJB",
"text":"[哈哈][赞][赞]",
"mid":"zmGDdbsi4",
"date":"2013-03-09 22:40:09"
},
{
"kids":[],
"uid":"1701678177",
"parent":"",
"text":"小畜生，简直荒唐",
"mid":"zmGCd8zHY",
"date":"2013-03-09 22:37:38"
},
{
"kids":[
"zmGDQ9NHp"
],
"uid":"1794724193",
"parent":"zmGBf7uLN",
"text":"世界",
"mid":"zmGBVmVgv",
"date":"2013-03-09 22:36:57"
},
{
"kids":[
"zmKw03ks0",
"zmGBVmVgv"
],
"uid":"1794724193",
"parent":"zmGsWm75s",
"text":"莫伸手，伸手必被做。想要好处又不想承担后果，这个时间哪里有那么多便宜。",
"mid":"zmGBf7uLN",
"date":"2013-03-09 22:35:18"
},
{
"kids":[],
"uid":"2779533113",
"parent":"",
"text":"",
"mid":"zmGwf9VDO",
"date":"2013-03-09 22:22:59"
},
{
"kids":[
"zmJKQpY1E"
],
"uid":"1351636682",
"parent":"zmGgSctkZ",
"text":"cao 这就么\"糟践\"了汉语",
"mid":"zmGuSiZn1",
"date":"2013-03-09 22:19:36"
},
{
"kids":[],
"uid":"xfqian1976",
"parent":"zmE1lCzjg",
"text":"辛普森的律师那是会笑死的",
"mid":"zmGtuBXvm",
"date":"2013-03-09 22:16:10"
},
{
"kids":[
"zmGDdbsi4"
],
"uid":"jang0125",
"parent":"zmDJLk3kc",
"text":"哈哈  今天律师说了  他是强奸后协助轮奸，属于共犯，两罪并罚，走了远了~~[酷]",
"mid":"zmGts0FJB",
"date":"2013-03-09 22:16:04"
},
{
"kids":[
"zmGBf7uLN"
],
"uid":"caroshi",
"parent":"zmGdIjein",
"text":"",
"mid":"zmGsWm75s",
"date":"2013-03-09 22:14:48"
},
{
"kids":[],
"uid":"2440598901",
"parent":"",
"text":"",
"mid":"zmGqOhu7G",
"date":"2013-03-09 22:09:36"
},
{
"kids":[],
"uid":"cafez",
"parent":"zmG8S50vx",
"text":"体现现在的多数国人病态观：一切都得争第一…",
"mid":"zmGpcnwz5",
"date":"2013-03-09 22:05:36"
},
{
"kids":[],
"uid":"junchen52",
"parent":"",
"text":"假消息：要76个律师干嘛？打群架？",
"mid":"zmGottcte",
"date":"2013-03-09 22:03:51"
},
{
"kids":[],
"uid":"1734245050",
"parent":"",
"text":"辛普森案吗？两会还在开啊！！！！",
"mid":"zmGng8eYg",
"date":"2013-03-09 22:00:48"
},
{
"kids":[],
"uid":"1734245050",
"parent":"",
"text":"",
"mid":"zmGmY6ET2",
"date":"2013-03-09 22:00:08"
},
{
"kids":[
"zmGuSiZn1"
],
"uid":"delcaimushroom",
"parent":"zmGbcz1H4",
"text":"第一个。。。",
"mid":"zmGgSctkZ",
"date":"2013-03-09 21:45:07"
},
{
"kids":[],
"uid":"1419918615",
"parent":"",
"text":"有这将军的军队，宇宙无敌！",
"mid":"zmGes4tY1",
"date":"2013-03-09 21:39:06"
},
{
"kids":[
"zmGsWm75s"
],
"uid":"wgt1962",
"parent":"",
"text":"炜格尔中国第一老实人，只是犯了一个小错误，不该把其它网站和其他作者的博文占为己有署上自己的名就上新浪微博了，后果却是躺着中枪，可怜的炜格尔。",
"mid":"zmGdIjein",
"date":"2013-03-09 21:37:20"
},
{
"kids":[
"zmGgSctkZ"
],
"uid":"echobelle",
"parent":"zmG8S50vx",
"text":"这是法律漏洞吧，律师是牛逼律师",
"mid":"zmGbcz1H4",
"date":"2013-03-09 21:31:09"
},
{
"kids":[],
"uid":"2714212873",
"parent":"",
"text":"",
"mid":"zmGafqK96",
"date":"2013-03-09 21:28:49"
},
{
"kids":[
"zmGpcnwz5",
"zmGbcz1H4"
],
"uid":"1912388422",
"parent":"zmFCyi2Yk",
"text":"",
"mid":"zmG8S50vx",
"date":"2013-03-09 21:25:24"
},
{
"kids":[],
"uid":"2756978527",
"parent":"",
"text":"背景雄厚，律师团强大死的也能说成活的",
"mid":"zmG8dhPk5",
"date":"2013-03-09 21:23:45"
},
{
"kids":[],
"uid":"2357039161",
"parent":"",
"text":"哪来的这么多钱，彻查李双江！",
"mid":"zmG53C1IL",
"date":"2013-03-09 21:16:02"
},
{
"kids":[],
"uid":"2460687524",
"parent":"zmDMB5a58",
"text":"充分显示了我国法律的灵活性[嘻嘻][嘻嘻]",
"mid":"zmG4Uvm88",
"date":"2013-03-09 21:15:38"
},
{
"kids":[],
"uid":"1672920207",
"parent":"zmEueDksn",
"text":"还真是活到死学到死啊[蜡烛]",
"mid":"zmG3RtxMt",
"date":"2013-03-09 21:13:04"
},
{
"kids":[],
"uid":"1671854480",
"parent":"",
"text":"",
"mid":"zmG2tt4dF",
"date":"2013-03-09 21:09:40"
},
{
"kids":[],
"uid":"1303081395",
"parent":"",
"text":"李双江真有钱，中国的将军都有钱吗?在中国做官真好!不知道有多少贪官?李将军不知道有多少财富?敢公布吗?",
"mid":"zmG1M4HLC",
"date":"2013-03-09 21:07:55"
},
{
"kids":[
"zoJeq1aVa",
"zoJeq1aSy",
"znCTg4fyg",
"zntJXkMak",
"zmJbqjdH2"
],
"uid":"2092123531",
"parent":"zmDS8sZnd",
"text":"混蛋！！！",
"mid":"zmFXTg2QC",
"date":"2013-03-09 20:58:20"
},
{
"kids":[],
"uid":"3168709655",
"parent":"",
"text":"",
"mid":"zmFMCnTHm",
"date":"2013-03-09 20:30:32"
},
{
"kids":[],
"uid":"1988741565",
"parent":"",
"text":"网站的原始说法：“李的76人律师团领队、法律大学副校长张爱国教授对媒体表示，李天一因第一个与被害女子发生性关系，不构成轮奸罪，只是以判罚较轻的强奸罪批捕，这是律师团所有成员共同努力的结果。”稍有常识的中国人也知道中国没有所谓“法律大学”，为什么要不加分辨地相信？",
"mid":"zmFFzDaKb",
"date":"2013-03-09 20:13:14"
},
{
"kids":[
"zmG8S50vx"
],
"uid":"edwardwei",
"parent":"",
"text":"围观右边，右边的右边，右边的右边的右边",
"mid":"zmFCyi2Yk",
"date":"2013-03-09 20:05:45"
},
{
"kids":[],
"uid":"312031777",
"parent":"zmFjvwiVg",
"text":"右边的右边 你说得不是你自己麽？？",
"mid":"zmFz1345m",
"date":"2013-03-09 19:57:04"
},
{
"kids":[],
"uid":"1988741565",
"parent":"",
"text":"一个资深新闻媒体人连“法律大学”这种说法都相信。只是因为别人说了，有人传了，自己就可以传谣？别人传谣要追究，这不妨碍自己有责任。",
"mid":"zmFw24KdM",
"date":"2013-03-09 19:49:43"
},
{
"kids":[],
"uid":"1406149500",
"parent":"zmEdFdW7F",
"text":"第一个和最后一个应该是判的最重的。",
"mid":"zmFq3dKGB",
"date":"2013-03-09 19:34:57"
},
{
"kids":[],
"uid":"2260312514",
"parent":"",
"text":"",
"mid":"zmFoT9COa",
"date":"2013-03-09 19:32:06"
},
{
"kids":[],
"uid":"worldking111",
"parent":"",
"text":"",
"mid":"zmFlEu1o9",
"date":"2013-03-09 19:24:08"
},
{
"kids":[],
"uid":"1711708977",
"parent":"",
"text":"荒唐之极~~~",
"mid":"zmFkJbvPu",
"date":"2013-03-09 19:21:50"
},
{
"kids":[
"zmFz1345m"
],
"uid":"1734222505",
"parent":"zmET1cbzb",
"text":"右边说右边的右边可以当受害人 但是右边是怎么知道的呢？啊...难道...",
"mid":"zmFjvwiVg",
"date":"2013-03-09 19:18:52"
},
{
"kids":[],
"uid":"2119814212",
"parent":"",
"text":"永争第一！",
"mid":"zmFiR2IlV",
"date":"2013-03-09 19:17:15"
},
{
"kids":[],
"uid":"3095216163",
"parent":"",
"text":"",
"mid":"zmFgcqzlq",
"date":"2013-03-09 19:10:43"
},
{
"kids":[],
"uid":"1644860374",
"parent":"",
"text":"",
"mid":"zmFfXo8cV",
"date":"2013-03-09 19:10:05"
},
{
"kids":[],
"uid":"1133814463",
"parent":"",
"text":"",
"mid":"zmFdqbvQn",
"date":"2013-03-09 19:03:50"
},
{
"kids":[],
"uid":"3146946594",
"parent":"",
"text":"",
"mid":"zmFcXdcu2",
"date":"2013-03-09 19:02:43"
},
{
"kids":[],
"uid":"1988741565",
"parent":"",
"text":"你当然是在传播不是内容！律师辟谣：我国无轮奸罪 李天一76人律师团不成立。http:",
"mid":"zmFci9mrS",
"date":"2013-03-09 19:01:05"
},
{
"kids":[],
"uid":"2411275493",
"parent":"",
"text":"果然神奇[怒]",
"mid":"zmF4FE3tQ",
"date":"2013-03-09 18:42:20"
},
{
"kids":[],
"uid":"2902558914",
"parent":"",
"text":"",
"mid":"zmF2Xy7Lj",
"date":"2013-03-09 18:38:05"
},
{
"kids":[],
"uid":"2949656525",
"parent":"",
"text":"",
"mid":"zmF2P2ZXR",
"date":"2013-03-09 18:37:45"
},
{
"kids":[],
"uid":"2044957683",
"parent":"zmF1pe5iB",
"text":"",
"mid":"zmF2yuw49",
"date":"2013-03-09 18:37:04"
},
{
"kids":[],
"uid":"1883620240",
"parent":"",
"text":"一个戏子，竟能如此猖狂，悲哀",
"mid":"zmF1Mh3fD",
"date":"2013-03-09 18:35:11"
},
{
"kids":[
"zmF2yuw49"
],
"uid":"2319003902",
"parent":"",
"text":"",
"mid":"zmF1pe5iB",
"date":"2013-03-09 18:34:15"
},
{
"kids":[],
"uid":"234968878",
"parent":"",
"text":"",
"mid":"zmF0Aq6wj",
"date":"2013-03-09 18:32:15"
},
{
"kids":[],
"uid":"1951525961",
"parent":"zmDCZ7P1E",
"text":"",
"mid":"zmEZXp015",
"date":"2013-03-09 18:30:40"
},
{
"kids":[],
"uid":"3021232617",
"parent":"",
"text":"",
"mid":"zmEXUD7lk",
"date":"2013-03-09 18:25:40"
},
{
"kids":[],
"uid":"2067467517",
"parent":"zmDJXFAUk",
"text":"恶心~",
"mid":"zmEVXxc0o",
"date":"2013-03-09 18:20:50"
},
{
"kids":[
"zmFjvwiVg"
],
"uid":"1866783197",
"parent":"zmDEa4py9",
"text":"右边可以当受害人 有房有车有户口",
"mid":"zmET1cbzb",
"date":"2013-03-09 18:13:35"
},
{
"kids":[],
"uid":"2289543840",
"parent":"",
"text":"记住了以后再有轮奸的肯定都争第一个了[怒骂]这个够特色",
"mid":"zmEQW6t26",
"date":"2013-03-09 18:08:28"
},
{
"kids":[],
"uid":"1431631062",
"parent":"",
"text":"是么？强奸了女人还还嫌古够，还要强奸法律？！",
"mid":"zmEMRcgWF",
"date":"2013-03-09 17:58:23"
},
{
"kids":[],
"uid":"1431631062",
"parent":"",
"text":"是么？强奸了女人还不够，还要强奸法律？！",
"mid":"zmEMflMKp",
"date":"2013-03-09 17:56:55"
},
{
"kids":[],
"uid":"3074284985",
"parent":"",
"text":"",
"mid":"zmEM8f7Np",
"date":"2013-03-09 17:56:37"
},
{
"kids":[],
"uid":"snsoso",
"parent":"zmE8RFlK4",
"text":"我是爹直接打死，轮奸什么的最不能容忍了",
"mid":"zmEJ273ZX",
"date":"2013-03-09 17:49:01"
},
{
"kids":[],
"uid":"2686556332",
"parent":"",
"text":"狗日的",
"mid":"zmEI30lH1",
"date":"2013-03-09 17:46:31"
},
{
"kids":[],
"uid":"3205381061",
"parent":"",
"text":"",
"mid":"zmEDBgY6B",
"date":"2013-03-09 17:35:36"
},
{
"kids":[],
"uid":"2696095663",
"parent":"",
"text":"是不是判了死刑才能泄公愤啊。。。。自认为请律师团属于合法合理，辩护也是无可厚非。三一重工和奥巴马打官司还注定要输呢，你去职责奥巴马动用国家机器为自己争取利益？？泄愤？泄粪耳！",
"mid":"zmECOvjxq",
"date":"2013-03-09 17:33:41"
},
{
"kids":[],
"uid":"tigertbag",
"parent":"zmDCNyVg7",
"text":"",
"mid":"zmECrtZQ9",
"date":"2013-03-09 17:32:46"
},
{
"kids":[],
"uid":"3146881331",
"parent":"",
"text":"无语",
"mid":"zmECetxGN",
"date":"2013-03-09 17:32:15"
},
{
"kids":[],
"uid":"3146881331",
"parent":"zmDCNyVg7",
"text":"随他去吧！早晚会翻船",
"mid":"zmEC0jS6H",
"date":"2013-03-09 17:31:42"
},
{
"kids":[],
"uid":"2019486942",
"parent":"zmDCX4bY5",
"text":"",
"mid":"zmEzUhKHe",
"date":"2013-03-09 17:26:31"
},
{
"kids":[],
"uid":"2947868264",
"parent":"",
"text":"这都行'天朝果真是只有想不到没有做不到",
"mid":"zmEx1canc",
"date":"2013-03-09 17:19:24"
},
{
"kids":[],
"uid":"3024308333",
"parent":"",
"text":"",
"mid":"zmEwwd4at",
"date":"2013-03-09 17:18:07"
},
{
"kids":[],
"uid":"officenote",
"parent":"",
"text":"",
"mid":"zmEvC1IYO",
"date":"2013-03-09 17:15:55"
},
{
"kids":[],
"uid":"officenote",
"parent":"",
"text":"",
"mid":"zmEuJlqqV",
"date":"2013-03-09 17:13:47"
},
{
"kids":[],
"uid":"345153119",
"parent":"",
"text":"",
"mid":"zmEuGFHvA",
"date":"2013-03-09 17:13:41"
},
{
"kids":[
"zmG3RtxMt"
],
"uid":"1959525585",
"parent":"",
"text":"擦德勒 这玩意儿也得争着尝鲜儿啊[挖鼻屎]@躺树上嗑瓜子儿",
"mid":"zmEueDksn",
"date":"2013-03-09 17:12:33"
},
{
"kids":[],
"uid":"1670577312",
"parent":"",
"text":"",
"mid":"zmEsdkO8O",
"date":"2013-03-09 17:07:35"
},
{
"kids":[],
"uid":"2250923994",
"parent":"",
"text":"",
"mid":"zmEq8udqc",
"date":"2013-03-09 17:02:28"
},
{
"kids":[
"A57vWDOty",
"A4OrUd98G"
],
"uid":"victorgxf",
"parent":"",
"text":"",
"mid":"zmEpfvIAU",
"date":"2013-03-09 17:00:17"
},
{
"kids":[],
"uid":"2933758247",
"parent":"",
"text":"",
"mid":"zmEoO4GtF",
"date":"2013-03-09 16:59:10"
},
{
"kids":[],
"uid":"2942858003",
"parent":"",
"text":"",
"mid":"zmEnT10pv",
"date":"2013-03-09 16:56:52"
},
{
"kids":[],
"uid":"didiersong",
"parent":"zmEnkqlka",
"text":"",
"mid":"zmEnI8wLR",
"date":"2013-03-09 16:56:27"
},
{
"kids":[
"zmEnI8wLR"
],
"uid":"greatericliu",
"parent":"",
"text":"将军真牛逼...",
"mid":"zmEnkqlka",
"date":"2013-03-09 16:55:30"
},
{
"kids":[],
"uid":"2481378657",
"parent":"",
"text":"",
"mid":"zmEn4bgSB",
"date":"2013-03-09 16:54:53"
},
{
"kids":[],
"uid":"2670869920",
"parent":"",
"text":"",
"mid":"zmElwd5Y0",
"date":"2013-03-09 16:51:03"
},
{
"kids":[],
"uid":"ivyduanduan",
"parent":"zmDJ5jlBw",
"text":"",
"mid":"zmEkXhGN5",
"date":"2013-03-09 16:49:41"
},
{
"kids":[],
"uid":"277551677",
"parent":"",
"text":"你妈什么逻辑，第一个上不叫轮奸，管他的不管轮奸强奸把他的鸡鸡割了算了。",
"mid":"zmEiY490H",
"date":"2013-03-09 16:44:47"
},
{
"kids":[],
"uid":"2803607661",
"parent":"",
"text":"",
"mid":"zmEi6iM1g",
"date":"2013-03-09 16:42:38"
},
{
"kids":[],
"uid":"1972137992",
"parent":"zmDKl22Ih",
"text":"勇争第一吧！[鄙视][鄙视]",
"mid":"zmEhhsskj",
"date":"2013-03-09 16:40:36"
},
{
"kids":[],
"uid":"3017980881",
"parent":"",
"text":"狗日的",
"mid":"zmEf2B1V2",
"date":"2013-03-09 16:35:07"
},
{
"kids":[],
"uid":"1965168467",
"parent":"",
"text":"",
"mid":"zmEeFgbcJ",
"date":"2013-03-09 16:34:10"
},
{
"kids":[],
"uid":"2482363270",
"parent":"",
"text":"在美国，李天一会被重判；在中国，李天一会被轻判。道理谁都明白。",
"mid":"zmEekAaBt",
"date":"2013-03-09 16:33:22"
},
{
"kids":[
"zmFq3dKGB"
],
"uid":"doally7810",
"parent":"zmDxp5vAc",
"text":"",
"mid":"zmEdFdW7F",
"date":"2013-03-09 16:31:42"
},
{
"kids":[],
"uid":"2099161493",
"parent":"zmDAufetU",
"text":"",
"mid":"zmEdezbyX",
"date":"2013-03-09 16:30:40"
},
{
"kids":[],
"uid":"1681395404",
"parent":"",
"text":"溺爱到死",
"mid":"zmEaSjNkm",
"date":"2013-03-09 16:24:48"
},
{
"kids":[],
"uid":"2089498843",
"parent":"",
"text":"法盲发的假消息可笑但更可怕，因为有更多不懂法的人更信权力大于法律，表明作为公权力代表的法律被质疑，人们宁可信传言，这是法律和身为政法人的悲哀。纠正谣言的力量是微小的，但我们至少可以不传谣，不信谣。",
"mid":"zmEaOtefk",
"date":"2013-03-09 16:24:40"
},
{
"kids":[],
"uid":"3017102711",
"parent":"zmDJ4pyEL",
"text":"",
"mid":"zmE9PDJYv",
"date":"2013-03-09 16:22:17"
},
{
"kids":[],
"uid":"xyw66",
"parent":"",
"text":"看来有钱有势是永恒的真理。。。",
"mid":"zmE90dqKA",
"date":"2013-03-09 16:20:15"
},
{
"kids":[
"zmEJ273ZX"
],
"uid":"1093807984",
"parent":"",
"text":"危害社会",
"mid":"zmE8RFlK4",
"date":"2013-03-09 16:19:54"
},
{
"kids":[],
"uid":"1881988637",
"parent":"zmDN9of5o",
"text":"常识：够不够成轮奸，都以判罚较轻的最高可判处死刑的强奸罪批捕的",
"mid":"zmE8e3qw9",
"date":"2013-03-09 16:18:18"
},
{
"kids":[],
"uid":"123663988",
"parent":"zmE6a5wcc",
"text":"有钱的主儿总是一次次的挑战中国的法律底线，而且每次都能挑战成功。",
"mid":"zmE86DTpZ",
"date":"2013-03-09 16:18:01"
},
{
"kids":[],
"uid":"1564406344",
"parent":"",
"text":"",
"mid":"zmE7qFzun",
"date":"2013-03-09 16:16:22"
},
{
"kids":[],
"uid":"2658798595",
"parent":"zmDJ9sIgC",
"text":"",
"mid":"zmE6bgVLE",
"date":"2013-03-09 16:13:16"
},
{
"kids":[
"zmE86DTpZ"
],
"uid":"pgzjlw",
"parent":"",
"text":"",
"mid":"zmE6a5wcc",
"date":"2013-03-09 16:13:14"
},
{
"kids":[],
"uid":"2186223255",
"parent":"",
"text":"法律被践踏的！~~[弱]",
"mid":"zmE5DyWDo",
"date":"2013-03-09 16:11:55"
},
{
"kids":[],
"uid":"2191704807",
"parent":"zmE0hr1sb",
"text":"编造这个段子的更是傻逼",
"mid":"zmE5BdPC0",
"date":"2013-03-09 16:11:51"
},
{
"kids":[],
"uid":"1900834663",
"parent":"",
"text":"狗日的爹",
"mid":"zmE5sCT41",
"date":"2013-03-09 16:11:31"
},
{
"kids":[],
"uid":"2422078532",
"parent":"zmDFApFMz",
"text":"",
"mid":"zmE4Lxt3F",
"date":"2013-03-09 16:09:48"
},
{
"kids":[],
"uid":"2448068554",
"parent":"",
"text":"。。。",
"mid":"zmE4F2KLY",
"date":"2013-03-09 16:09:31"
},
{
"kids":[],
"uid":"3156078782",
"parent":"",
"text":"",
"mid":"zmE3w7bVk",
"date":"2013-03-09 16:06:42"
},
{
"kids":[],
"uid":"2164248597",
"parent":"",
"text":"[疑问]",
"mid":"zmE2ZizWr",
"date":"2013-03-09 16:05:25"
},
{
"kids":[],
"uid":"1820731300",
"parent":"",
"text":"",
"mid":"zmE2NbG7j",
"date":"2013-03-09 16:04:55"
},
{
"kids":[],
"uid":"2168034342",
"parent":"zmDJD0dfH",
"text":"轮奸中第一个与女子发生性关系的应是轮奸集团的主犯,更应重罪判罚!其它人都是从犯,也就是协从,应比主犯轻判.照律师团的理论:第一个轮奸的主犯为强奸,协从强奸的为轮奸,第一个轻判,其它人重判.请问这是哪家的法律?真是王子犯法与庶民不同罪吗?",
"mid":"zmE1y3vwY",
"date":"2013-03-09 16:01:50"
},
{
"kids":[
"zmGtuBXvm"
],
"uid":"1261121514",
"parent":"zmDXLqZQQ",
"text":"希望不是下一个辛普森",
"mid":"zmE1lCzjg",
"date":"2013-03-09 16:01:21"
},
{
"kids":[],
"uid":"2152878550",
"parent":"",
"text":"",
"mid":"zmE155TZa",
"date":"2013-03-09 16:00:43"
},
{
"kids":[],
"uid":"1904463320",
"parent":"",
"text":"",
"mid":"zmE0Gh1Bg",
"date":"2013-03-09 15:59:44"
},
{
"kids":[
"zmE5BdPC0"
],
"uid":"2191704807",
"parent":"",
"text":"相信这个段子的都是傻逼",
"mid":"zmE0hr1sb",
"date":"2013-03-09 15:58:44"
},
{
"kids":[],
"uid":"2189358784",
"parent":"",
"text":"轉發微博",
"mid":"zmDZSjYT7",
"date":"2013-03-09 15:57:44"
},
{
"kids":[],
"uid":"2995089417",
"parent":"",
"text":"晕",
"mid":"zmDZiBHSF",
"date":"2013-03-09 15:56:21"
},
{
"kids":[],
"uid":"2618618667",
"parent":"zmDWFsY3O",
"text":"",
"mid":"zmDZ8hfZT",
"date":"2013-03-09 15:55:55"
},
{
"kids":[],
"uid":"1399376723",
"parent":"",
"text":"这个一看就是假消息，伟哥别转了",
"mid":"zmDYW7aAn",
"date":"2013-03-09 15:55:26"
},
{
"kids":[],
"uid":"3300812803",
"parent":"",
"text":"",
"mid":"zmDYHEuBN",
"date":"2013-03-09 15:54:52"
},
{
"kids":[],
"uid":"2525437533",
"parent":"",
"text":"第一个与女子发生性关系，就不算轮奸？",
"mid":"zmDYqtQaa",
"date":"2013-03-09 15:54:12"
},
{
"kids":[],
"uid":"1442949983",
"parent":"",
"text":"敢为人先、用作第一！[怒]真的无语了[闭嘴]好强大的76人。",
"mid":"zmDXTawfJ",
"date":"2013-03-09 15:52:50"
},
{
"kids":[],
"uid":"2016426203",
"parent":"",
"text":"",
"mid":"zmDXSySrv",
"date":"2013-03-09 15:52:48"
},
{
"kids":[
"zmE1lCzjg"
],
"uid":"xfqian1976",
"parent":"",
"text":"",
"mid":"zmDXLqZQQ",
"date":"2013-03-09 15:52:31"
},
{
"kids":[],
"uid":"3126946631",
"parent":"",
"text":"跟在大哥后面的小兄弟惨了",
"mid":"zmDXlt03o",
"date":"2013-03-09 15:51:31"
},
{
"kids":[],
"uid":"2795126437",
"parent":"zmDBrkbr3",
"text":"回复@风华旧时歌:要讲文明[哈哈]",
"mid":"zmDXfw47f",
"date":"2013-03-09 15:51:14"
},
{
"kids":[],
"uid":"2086535811",
"parent":"",
"text":"轮奸就要第一个上...双江又给我们上了一课",
"mid":"zmDXb8yfW",
"date":"2013-03-09 15:51:05"
},
{
"kids":[],
"uid":"2582560165",
"parent":"",
"text":"我真心希望这孩子不是李双江亲生的！别什么都贴上＂京＂字头，李双江是哈尔滨人！",
"mid":"zmDX7heyw",
"date":"2013-03-09 15:50:55"
},
{
"kids":[],
"uid":"lzwang2010",
"parent":"",
"text":"",
"mid":"zmDWVsDxZ",
"date":"2013-03-09 15:50:28"
},
{
"kids":[],
"uid":"2650810051",
"parent":"zmDzryk6q",
"text":"轮奸还分先后？",
"mid":"zmDWPxYka",
"date":"2013-03-09 15:50:14"
},
{
"kids":[],
"uid":"2410909492",
"parent":"",
"text":"多好的爹啊，神都哭了",
"mid":"zmDWNrHyQ",
"date":"2013-03-09 15:50:11"
},
{
"kids":[],
"uid":"2117634252",
"parent":"",
"text":"[泪]",
"mid":"zmDWNbxOH",
"date":"2013-03-09 15:50:07"
},
{
"kids":[
"zmDZ8hfZT"
],
"uid":"2084357681",
"parent":"",
"text":"",
"mid":"zmDWFsY3O",
"date":"2013-03-09 15:49:49"
},
{
"kids":[],
"uid":"niyadayin",
"parent":"",
"text":"亮了",
"mid":"zmDWBmdaB",
"date":"2013-03-09 15:49:41"
},
{
"kids":[],
"uid":"2406762080",
"parent":"zmDEofot5",
"text":"应追究谁插的次数多才合理。",
"mid":"zmDWypBRW",
"date":"2013-03-09 15:49:34"
},
{
"kids":[],
"uid":"2020915713",
"parent":"",
"text":"姓李的就是厉害......",
"mid":"zmDWwAZEJ",
"date":"2013-03-09 15:49:29"
},
{
"kids":[],
"uid":"2204326693",
"parent":"",
"text":"第一个上！",
"mid":"zmDWi9Luy",
"date":"2013-03-09 15:48:55"
},
{
"kids":[],
"uid":"2104245427",
"parent":"",
"text":"[怒]",
"mid":"zmDWezrC0",
"date":"2013-03-09 15:48:48"
},
{
"kids":[],
"uid":"2819304697",
"parent":"",
"text":"",
"mid":"zmDVX9xj5",
"date":"2013-03-09 15:48:04"
},
{
"kids":[],
"uid":"xinshijiebiaoshi",
"parent":"",
"text":"律师厉害啊",
"mid":"zmDV8BpIA",
"date":"2013-03-09 15:46:05"
},
{
"kids":[],
"uid":"3188269684",
"parent":"",
"text":"",
"mid":"zmDUZsXBX",
"date":"2013-03-09 15:45:43"
},
{
"kids":[],
"uid":"2644359644",
"parent":"",
"text":"华夏语言文化被发挥的淋漓尽致",
"mid":"zmDUq1owl",
"date":"2013-03-09 15:44:18"
},
{
"kids":[],
"uid":"culmings",
"parent":"zmDLq8YZQ",
"text":"我还有个问题，第一个不算轮奸，那就没开始，那第二个也是轮奸的第一个，又不是轮奸，那就没轮奸了吧。",
"mid":"zmDUgzxWX",
"date":"2013-03-09 15:43:56"
},
{
"kids":[],
"uid":"1932344545",
"parent":"",
"text":"",
"mid":"zmDUes7Gp",
"date":"2013-03-09 15:43:52"
},
{
"kids":[],
"uid":"xusheng2010",
"parent":"",
"text":"",
"mid":"zmDUdhhv7",
"date":"2013-03-09 15:43:49"
},
{
"kids":[],
"uid":"3302031473",
"parent":"",
"text":"",
"mid":"zmDU77E8l",
"date":"2013-03-09 15:43:32"
},
{
"kids":[],
"uid":"littleh",
"parent":"zmDO5keAQ",
"text":"太不要脸了。好希望有绿箭侠出现，一箭射死他。",
"mid":"zmDTSipqQ",
"date":"2013-03-09 15:42:59"
},
{
"kids":[],
"uid":"xxsxyz",
"parent":"",
"text":"",
"mid":"zmDTQfZ6w",
"date":"2013-03-09 15:42:51"
},
{
"kids":[],
"uid":"vencle",
"parent":"",
"text":"",
"mid":"zmDTBuUMz",
"date":"2013-03-09 15:42:16"
},
{
"kids":[],
"uid":"2742960347",
"parent":"",
"text":"",
"mid":"zmDTjq9K6",
"date":"2013-03-09 15:41:35"
},
{
"kids":[],
"uid":"2688276564",
"parent":"",
"text":"",
"mid":"zmDTgvYU3",
"date":"2013-03-09 15:41:29"
},
{
"kids":[],
"uid":"2185530943",
"parent":"",
"text":"",
"mid":"zmDTguupd",
"date":"2013-03-09 15:41:28"
},
{
"kids":[],
"uid":"1223497357",
"parent":"",
"text":"",
"mid":"zmDTf231J",
"date":"2013-03-09 15:41:24"
},
{
"kids":[],
"uid":"1663110484",
"parent":"",
"text":"啥么玩意儿？！",
"mid":"zmDT8xe1A",
"date":"2013-03-09 15:41:09"
},
{
"kids":[],
"uid":"2133226357",
"parent":"",
"text":"什么逻辑，第一个是带头大哥，应重处。",
"mid":"zmDT6bwVr",
"date":"2013-03-09 15:41:02"
},
{
"kids":[],
"uid":"527656234",
"parent":"",
"text":"靠",
"mid":"zmDSGpJPK",
"date":"2013-03-09 15:40:00"
},
{
"kids":[],
"uid":"pure3613",
"parent":"zmDCIz7EM",
"text":"这世道……",
"mid":"zmDSw5k6G",
"date":"2013-03-09 15:39:37"
},
{
"kids":[],
"uid":"kexin66",
"parent":"",
"text":"",
"mid":"zmDSt9EGI",
"date":"2013-03-09 15:39:30"
},
{
"kids":[],
"uid":"234023428",
"parent":"",
"text":"",
"mid":"zmDSpj5Bh",
"date":"2013-03-09 15:39:21"
},
{
"kids":[],
"uid":"zhangying920",
"parent":"",
"text":"",
"mid":"zmDSkhGlI",
"date":"2013-03-09 15:39:07"
},
{
"kids":[],
"uid":"3217250253",
"parent":"",
"text":"红星罩儿支去轮奸！",
"mid":"zmDSfAgCW",
"date":"2013-03-09 15:38:56"
},
{
"kids":[
"zmFXTg2QC"
],
"uid":"chenlusha",
"parent":"zmDO5keAQ",
"text":"红星闪闪放光彩〜红星闪闪暖胸怀〜红星伤咱老百姓的心〜党的光辉罩后代！！[good][温暖帽子]",
"mid":"zmDS8sZnd",
"date":"2013-03-09 15:38:40"
},
{
"kids":[],
"uid":"2804076810",
"parent":"",
"text":"不想说什么了，物极必反",
"mid":"zmDS8qJ8J",
"date":"2013-03-09 15:38:41"
},
{
"kids":[],
"uid":"liuzhengcuc",
"parent":"",
"text":"",
"mid":"zmDS6Efcy",
"date":"2013-03-09 15:38:36"
},
{
"kids":[],
"uid":"bvb9",
"parent":"",
"text":"",
"mid":"zmDRZApp1",
"date":"2013-03-09 15:38:17"
},
{
"kids":[],
"uid":"xsyan",
"parent":"",
"text":"荒唐至极",
"mid":"zmDRXwU85",
"date":"2013-03-09 15:38:14"
},
{
"kids":[],
"uid":"3039519882",
"parent":"",
"text":"问世间可有天理？",
"mid":"zmDRt4CQA",
"date":"2013-03-09 15:37:02"
},
{
"kids":[],
"uid":"2647480421",
"parent":"zmDCNyVg7",
"text":"",
"mid":"zmDRe0p2L",
"date":"2013-03-09 15:36:25"
},
{
"kids":[],
"uid":"2425532690",
"parent":"",
"text":"",
"mid":"zmDQZgWbM",
"date":"2013-03-09 15:35:51"
},
{
"kids":[],
"uid":"2821019325",
"parent":"",
"text":"回复@学学元芳:好比行贿和受贿一个样子，一进一出[转发]",
"mid":"zmDQWz9Ly",
"date":"2013-03-09 15:35:45"
},
{
"kids":[],
"uid":"1743790513",
"parent":"zmDKl22Ih",
"text":"有结论了？",
"mid":"zmDQWhyyU",
"date":"2013-03-09 15:35:41"
},
{
"kids":[],
"uid":"1588053724",
"parent":"zmDHybicB",
"text":"这案子整体是不是轮奸案？如果是，则第一个就应该是首犯！",
"mid":"zmDQSrxUf",
"date":"2013-03-09 15:35:35"
},
{
"kids":[],
"uid":"du1101",
"parent":"",
"text":"草",
"mid":"zmDQGk5SN",
"date":"2013-03-09 15:35:05"
},
{
"kids":[],
"uid":"davixblog",
"parent":"",
"text":"",
"mid":"zmDQtlV4w",
"date":"2013-03-09 15:34:33"
},
{
"kids":[],
"uid":"2006603694",
"parent":"",
"text":"最后一个苦逼啊…最后一个上，判刑却最重~",
"mid":"zmDQksxgJ",
"date":"2013-03-09 15:34:13"
},
{
"kids":[],
"uid":"2582560165",
"parent":"zmDJgigD5",
"text":"回复@北京煮夫在宁波:中国的语言、中国的文化、中国的寓意使得中国的法律无所不能！",
"mid":"zmDQkcXuC",
"date":"2013-03-09 15:34:12"
},
{
"kids":[],
"uid":"freedfromworld",
"parent":"",
"text":"估计是想说，从犯罪构成看，李的主观方面是强奸，至于轮奸的行为，是之后几个强奸的小混蛋做的，他们的主观方面才是轮奸。但如果李和那几个小混蛋一开始就把那个受害者一起带到酒店开了一个房间，然后李先强奸了受害者，之后等待或是＂陪同＂其他人轮奸，那即便是这个说辞也很难成立了。",
"mid":"zmDQd5rxc",
"date":"2013-03-09 15:33:54"
},
{
"kids":[],
"uid":"ruoxiaobaihappy",
"parent":"",
"text":"无语了~有个有权有势的爹妈就是无敌啊……",
"mid":"zmDQ4eO53",
"date":"2013-03-09 15:33:34"
},
{
"kids":[],
"uid":"cipherlew",
"parent":"zmDCX4bY5",
"text":"怪不得电影电视剧里都争着先上，原来还有这么个道理[挖鼻屎]",
"mid":"zmDPSoaCp",
"date":"2013-03-09 15:33:07"
},
{
"kids":[],
"uid":"1289044622",
"parent":"",
"text":"以后必定杀人放火[哼]",
"mid":"zmDPByIAU",
"date":"2013-03-09 15:32:26"
},
{
"kids":[],
"uid":"2215763940",
"parent":"",
"text":"首恶必须严惩！！",
"mid":"zmDPowLFj",
"date":"2013-03-09 15:31:56"
},
{
"kids":[],
"uid":"pksnail",
"parent":"",
"text":"中国法律貌似没有轮奸罪，轮奸只影响强奸罪的量刑！",
"mid":"zmDPgyAxt",
"date":"2013-03-09 15:31:35"
},
{
"kids":[],
"uid":"1256469700",
"parent":"zmDO5keAQ",
"text":"其实想想这件事要反思的真的很多，愿中纪委好好查查李双江！",
"mid":"zmDP806gD",
"date":"2013-03-09 15:31:16"
},
{
"kids":[],
"uid":"2707112865",
"parent":"",
"text":"[怒]",
"mid":"zmDP5knmz",
"date":"2013-03-09 15:31:07"
},
{
"kids":[],
"uid":"1739654104",
"parent":"",
"text":"中国法律对某些人群总是最有人情味儿",
"mid":"zmDOS2DhL",
"date":"2013-03-09 15:30:38"
},
{
"kids":[],
"uid":"2377861577",
"parent":"",
"text":"76人。。。NBA么〜",
"mid":"zmDOQB8Z9",
"date":"2013-03-09 15:30:35"
},
{
"kids":[],
"uid":"2626535633",
"parent":"",
"text":"",
"mid":"zmDOx3KZz",
"date":"2013-03-09 15:29:48"
},
{
"kids":[],
"uid":"yuansgq",
"parent":"zmDNU4ZaU",
"text":"有此事？",
"mid":"zmDOws7aY",
"date":"2013-03-09 15:29:45"
},
{
"kids":[],
"uid":"2191160912",
"parent":"",
"text":"第一个[哈哈]",
"mid":"zmDOv0e5B",
"date":"2013-03-09 15:29:40"
},
{
"kids":[],
"uid":"2271872021",
"parent":"",
"text":"在中国再一次证明权力的重要性，权啊，钱啊，法律在你目前是无力的。",
"mid":"zmDOqxsWp",
"date":"2013-03-09 15:29:33"
},
{
"kids":[],
"uid":"2798462395",
"parent":"zmDMXwtDa",
"text":"败类呀[鄙视]",
"mid":"zmDOalEGq",
"date":"2013-03-09 15:28:52"
},
{
"kids":[
"zmDTSipqQ",
"zmDS8sZnd",
"zmDP806gD"
],
"uid":"coolziv",
"parent":"",
"text":"这样的父母，迟早儿子出更大的事情！",
"mid":"zmDO5keAQ",
"date":"2013-03-09 15:28:41"
},
{
"kids":[],
"uid":"2247630835",
"parent":"",
"text":"回复@警惕浙江移动消费陷阱:轮奸是强奸方式的一一种，细节决定强奸罪的情节轻重。",
"mid":"zmDO3wa0C",
"date":"2013-03-09 15:28:36"
},
{
"kids":[],
"uid":"1931900241",
"parent":"",
"text":"",
"mid":"zmDNZFAVL",
"date":"2013-03-09 15:28:29"
},
{
"kids":[
"zmDOws7aY"
],
"uid":"simacixue",
"parent":"",
"text":"",
"mid":"zmDNU4ZaU",
"date":"2013-03-09 15:28:15"
},
{
"kids":[],
"uid":"3130916711",
"parent":"",
"text":"",
"mid":"zmDNivlO6",
"date":"2013-03-09 15:26:45"
},
{
"kids":[],
"uid":"2556118421",
"parent":"",
"text":"",
"mid":"zmDNbrvRv",
"date":"2013-03-09 15:26:29"
},
{
"kids":[
"zmE8e3qw9"
],
"uid":"1921759095",
"parent":"zmDDV3FCM",
"text":"目测不实",
"mid":"zmDN9of5o",
"date":"2013-03-09 15:26:23"
},
{
"kids":[],
"uid":"forbenq",
"parent":"",
"text":"什么傻B律师呀，这是带头轮奸。",
"mid":"zmDN15rxR",
"date":"2013-03-09 15:26:05"
},
{
"kids":[
"zmDOalEGq"
],
"uid":"2057516710",
"parent":"",
"text":"以后再有轮奸的肯定都争第一个！！",
"mid":"zmDMXwtDa",
"date":"2013-03-09 15:25:54"
},
{
"kids":[],
"uid":"1816658327",
"parent":"",
"text":"",
"mid":"zmDMP0cdY",
"date":"2013-03-09 15:25:35"
},
{
"kids":[],
"uid":"2830708535",
"parent":"",
"text":"",
"mid":"zmDMNtF36",
"date":"2013-03-09 15:25:32"
},
{
"kids":[],
"uid":"3025181332",
"parent":"",
"text":"",
"mid":"zmDMHhpCE",
"date":"2013-03-09 15:25:17"
},
{
"kids":[
"zmG4Uvm88"
],
"uid":"2242954297",
"parent":"",
"text":"",
"mid":"zmDMB5a58",
"date":"2013-03-09 15:25:01"
},
{
"kids":[],
"uid":"2939481685",
"parent":"",
"text":"有喜欢男人的哥们请用尽全身力气搞这种人",
"mid":"zmDMt6qM8",
"date":"2013-03-09 15:24:43"
},
{
"kids":[],
"uid":"tony1971",
"parent":"",
"text":"兄弟威武！支持！[威武]",
"mid":"zmDMt6qK0",
"date":"2013-03-09 15:24:41"
},
{
"kids":[],
"uid":"1895454307",
"parent":"",
"text":"",
"mid":"zmDMiane5",
"date":"2013-03-09 15:24:16"
},
{
"kids":[],
"uid":"1324852120",
"parent":"",
"text":"",
"mid":"zmDMhyJuo",
"date":"2013-03-09 15:24:16"
},
{
"kids":[],
"uid":"2128575573",
"parent":"",
"text":"又提供了一条法律意见 以后轮奸都争第一个上 我能骂人吗？",
"mid":"zmDMg7Wyv",
"date":"2013-03-09 15:24:10"
},
{
"kids":[],
"uid":"3202201122",
"parent":"",
"text":"换个马甲又可以发",
"mid":"zmDM7vURj",
"date":"2013-03-09 15:23:53"
},
{
"kids":[],
"uid":"2083085997",
"parent":"zmDD4FAjJ",
"text":"擦",
"mid":"zmDLsuFNn",
"date":"2013-03-09 15:22:12"
},
{
"kids":[
"zmDUgzxWX"
],
"uid":"culmings",
"parent":"",
"text":"戴套不算强奸，第一不算轮奸。逻辑很清晰啊。",
"mid":"zmDLq8YZQ",
"date":"2013-03-09 15:22:06"
},
{
"kids":[],
"uid":"1401513617",
"parent":"",
"text":"在双黄蛋普及的今天，应该有并列第一，呵呵",
"mid":"zmDLmgOAW",
"date":"2013-03-09 15:21:59"
},
{
"kids":[],
"uid":"1292066892",
"parent":"",
"text":"",
"mid":"zmDL57XkR",
"date":"2013-03-09 15:21:17"
},
{
"kids":[],
"uid":"yanghangO2Oyingxiao",
"parent":"zmDFiFIZn",
"text":"给跪了 ！！！！！！真是有水平呀",
"mid":"zmDL076dB",
"date":"2013-03-09 15:21:05"
},
{
"kids":[],
"uid":"2392421007",
"parent":"",
"text":"遗臭万年！男盗女娼！非奸即盗！人尽可夫！",
"mid":"zmDKUu3ct",
"date":"2013-03-09 15:20:53"
},
{
"kids":[],
"uid":"1654086523",
"parent":"zmDJ5jlBw",
"text":"我觉得这属于偷换概念",
"mid":"zmDKsp8kZ",
"date":"2013-03-09 15:19:47"
},
{
"kids":[
"zmEhhsskj",
"zmDQWhyyU"
],
"uid":"2234139181",
"parent":"",
"text":"第一个是主犯吧！",
"mid":"zmDKl22Ih",
"date":"2013-03-09 15:19:27"
},
{
"kids":[],
"uid":"2695902184",
"parent":"zmDJwe8x2",
"text":"有实力的都 第一个上",
"mid":"zmDKioh1h",
"date":"2013-03-09 15:19:21"
},
{
"kids":[],
"uid":"2011725503",
"parent":"zmDAufetU",
"text":"@popo-littleps",
"mid":"zmDKhbtzX",
"date":"2013-03-09 15:19:19"
},
{
"kids":[],
"uid":"2821019325",
"parent":"",
"text":"双江老人不惜为了养子，把老本都豁出去了[转发]",
"mid":"zmDKfoZHm",
"date":"2013-03-09 15:19:15"
},
{
"kids":[],
"uid":"haqi",
"parent":"zmDFApFMz",
"text":"[感冒]北京真脏",
"mid":"zmDKa7UOU",
"date":"2013-03-09 15:19:00"
},
{
"kids":[],
"uid":"2016561811",
"parent":"zmDwE69zG",
"text":"没话可说，这也算理由！！…",
"mid":"zmDK5896m",
"date":"2013-03-09 15:18:50"
},
{
"kids":[],
"uid":"1924345800",
"parent":"zmDEofot5",
"text":"最后一个苦逼啊，等的时间最长，量刑最重。",
"mid":"zmDJYheET",
"date":"2013-03-09 15:18:34"
},
{
"kids":[
"zmEVXxc0o"
],
"uid":"1969897865",
"parent":"",
"text":"龌龊一家。",
"mid":"zmDJXFAUk",
"date":"2013-03-09 15:18:32"
},
{
"kids":[],
"uid":"2832151552",
"parent":"",
"text":"我佩服律师的说法……",
"mid":"zmDJVlfAQ",
"date":"2013-03-09 15:18:27"
},
{
"kids":[],
"uid":"2703595053",
"parent":"",
"text":"权势之下黑白颠倒",
"mid":"zmDJOfJRT",
"date":"2013-03-09 15:18:11"
},
{
"kids":[
"zmGts0FJB"
],
"uid":"1704019655",
"parent":"",
"text":"普法了。",
"mid":"zmDJLk3kc",
"date":"2013-03-09 15:18:02"
},
{
"kids":[],
"uid":"2403636552",
"parent":"",
"text":"没有轮奸罪，只有强奸罪，轮奸是强奸罪的法定加重情节！",
"mid":"zmDJIjdMP",
"date":"2013-03-09 15:17:57"
},
{
"kids":[
"zmE1y3vwY"
],
"uid":"2821019325",
"parent":"",
"text":"第一个是主犯，更应当重判；现如今的法律不是人民的法律不能够代表人民的利益，合法地打击犯罪；第一个是一奸、第二个是二奸、第三个就是三奸。。。。。哪谁是主犯哪？[转发]",
"mid":"zmDJD0dfH",
"date":"2013-03-09 15:17:44"
},
{
"kids":[
"zmJ84zPLu"
],
"uid":"peacelily419",
"parent":"",
"text":"",
"mid":"zmDJAnXBg",
"date":"2013-03-09 15:17:37"
},
{
"kids":[],
"uid":"2818770305",
"parent":"",
"text":"哈哈哈哈哈哈哈哈哈哈哈哈哈哈哈哈哈哈哈哈哈哈哈哈哈哈哈哈哈哈哈哈哈哈哈哈哈哈哈哈哈",
"mid":"zmDJzuIxX",
"date":"2013-03-09 15:17:35"
},
{
"kids":[],
"uid":"1788247983",
"parent":"zmDCNyVg7",
"text":"这种人拖出去打靶都不过分",
"mid":"zmDJxFjp9",
"date":"2013-03-09 15:17:29"
},
{
"kids":[
"zmDKioh1h"
],
"uid":"shaoyechen",
"parent":"",
"text":"[鄙视]第一名！多好…[鄙视]",
"mid":"zmDJwe8x2",
"date":"2013-03-09 15:17:26"
},
{
"kids":[],
"uid":"zi00",
"parent":"",
"text":"",
"mid":"zmDJs4HHO",
"date":"2013-03-09 15:17:18"
},
{
"kids":[
"zmDQkcXuC"
],
"uid":"2582560165",
"parent":"zmDBXhLzQ",
"text":"请问，如果在轮奸案中第一个人不构成轮奸而是以强奸论处！那么，后面的每一个嫌疑人都可以表示没有看到受害人与前一嫌疑人发生性行为！我操他妈，事实就是这样呀，谁他妈轮奸了，充其量就是受害人在没来得及穿裤子的情况下被多人强奸而已嘛！闪闪红星请全国人大提议撤销轮奸这一法律名词！",
"mid":"zmDJgigD5",
"date":"2013-03-09 15:16:49"
},
{
"kids":[
"zmE6bgVLE"
],
"uid":"2183304113",
"parent":"",
"text":"有钱能使鬼推磨，76个耍嘴皮子的律师也不是好东西。",
"mid":"zmDJ9sIgC",
"date":"2013-03-09 15:16:32"
},
{
"kids":[],
"uid":"2275968271",
"parent":"",
"text":"",
"mid":"zmDJ7nqPg",
"date":"2013-03-09 15:16:27"
},
{
"kids":[
"zmEkXhGN5",
"zmDKsp8kZ"
],
"uid":"wmomo",
"parent":"zmDBXhLzQ",
"text":"",
"mid":"zmDJ5jlBw",
"date":"2013-03-09 15:16:21"
},
{
"kids":[
"zmE9PDJYv"
],
"uid":"2532921910",
"parent":"",
"text":"第一个带头，应该罪加一等！[弱]",
"mid":"zmDJ4pyEL",
"date":"2013-03-09 15:16:19"
},
{
"kids":[],
"uid":"2839792552",
"parent":"",
"text":"。。。",
"mid":"zmDJ2n7Hx",
"date":"2013-03-09 15:16:16"
},
{
"kids":[],
"uid":"2213475693",
"parent":"",
"text":"[衰]",
"mid":"zmDIIxrrw",
"date":"2013-03-09 15:15:29"
},
{
"kids":[],
"uid":"2440959073",
"parent":"",
"text":"",
"mid":"zmDIywh1s",
"date":"2013-03-09 15:15:05"
},
{
"kids":[],
"uid":"nickhu1209",
"parent":"",
"text":"",
"mid":"zmDIxBnRl",
"date":"2013-03-09 15:15:01"
},
{
"kids":[],
"uid":"3102700442",
"parent":"",
"text":"看着他们全家都恶心",
"mid":"zmDInjFQb",
"date":"2013-03-09 15:14:35"
},
{
"kids":[],
"uid":"1577244320",
"parent":"",
"text":"",
"mid":"zmDI8vZyK",
"date":"2013-03-09 15:14:01"
},
{
"kids":[],
"uid":"windknife",
"parent":"",
"text":"假的，竟然还有人在传，悲哀[鄙视]",
"mid":"zmDI7B6ob",
"date":"2013-03-09 15:14:02"
},
{
"kids":[],
"uid":"1847671420",
"parent":"",
"text":"钱通天下！",
"mid":"zmDI4DMgl",
"date":"2013-03-09 15:13:54"
},
{
"kids":[],
"uid":"yangsong211",
"parent":"",
"text":"震惊，这76人家中没有女人吗[怒]",
"mid":"zmDHSfhfX",
"date":"2013-03-09 15:13:25"
},
{
"kids":[],
"uid":"2511461694",
"parent":"",
"text":"",
"mid":"zmDHR4r0L",
"date":"2013-03-09 15:13:21"
},
{
"kids":[],
"uid":"2612293961",
"parent":"",
"text":"@带霜寒 鑫鑫，下次记得要第一个上，判的少阿。",
"mid":"zmDHMnecm",
"date":"2013-03-09 15:13:10"
},
{
"kids":[],
"uid":"3197689005",
"parent":"",
"text":"天理何在",
"mid":"zmDHC2Mpe",
"date":"2013-03-09 15:12:45"
},
{
"kids":[
"zmDQSrxUf"
],
"uid":"2354930597",
"parent":"",
"text":"[衰]",
"mid":"zmDHybicB",
"date":"2013-03-09 15:12:36"
},
{
"kids":[],
"uid":"2598807951",
"parent":"",
"text":"",
"mid":"zmDHtpPUx",
"date":"2013-03-09 15:12:25"
},
{
"kids":[],
"uid":"3033880390",
"parent":"",
"text":"坚决不能以钱权践踏庄严的法律。如果李天一轻判那将是中国司法的倒退。如果那样，中国的法律何用？天理何在？。。。。。。",
"mid":"zmDHpDqsr",
"date":"2013-03-09 15:12:15"
},
{
"kids":[],
"uid":"1977538524",
"parent":"",
"text":"静观",
"mid":"zmDHm6T2J",
"date":"2013-03-09 15:12:05"
},
{
"kids":[],
"uid":"2373573662",
"parent":"",
"text":"原来解放军就是这堆烂货组成的啊",
"mid":"zmDHjn1j3",
"date":"2013-03-09 15:12:01"
},
{
"kids":[],
"uid":"2527328717",
"parent":"",
"text":"性福的一家人",
"mid":"zmDHelC2D",
"date":"2013-03-09 15:11:50"
},
{
"kids":[],
"uid":"1993512734",
"parent":"zmDGeBu3y",
"text":"",
"mid":"zmDHcjaY1",
"date":"2013-03-09 15:11:44"
},
{
"kids":[],
"uid":"2373573662",
"parent":"",
"text":"天下狗男女，一对黑夫妻",
"mid":"zmDH1n7wU",
"date":"2013-03-09 15:11:17"
},
{
"kids":[],
"uid":"2497142013",
"parent":"",
"text":"有红星罩啥也不怕",
"mid":"zmDGQrQA1",
"date":"2013-03-09 15:10:52"
},
{
"kids":[],
"uid":"2133395640",
"parent":"",
"text":"律师为雇主谋求利益，无可厚非！虽然，这一家人很丑恶！",
"mid":"zmDGw6a4A",
"date":"2013-03-09 15:10:03"
},
{
"kids":[],
"uid":"2476872657",
"parent":"",
"text":"这事儿太完美了，第一个以强奸入罪，后面的以从犯入罪。女的以协助配合实施入罪，绝了！！照顾到各个方面。",
"mid":"zmDGrBCIL",
"date":"2013-03-09 15:09:53"
},
{
"kids":[],
"uid":"3122186812",
"parent":"",
"text":"",
"mid":"zmDGnu9Q5",
"date":"2013-03-09 15:09:42"
},
{
"kids":[],
"uid":"2607043872",
"parent":"",
"text":"",
"mid":"zmDGmgY7Z",
"date":"2013-03-09 15:09:40"
},
{
"kids":[],
"uid":"1262557451",
"parent":"",
"text":"",
"mid":"zmDGlpne1",
"date":"2013-03-09 15:09:37"
},
{
"kids":[],
"uid":"2256298004",
"parent":"",
"text":"我擦！这还有没有天理？？！！",
"mid":"zmDGi9U0R",
"date":"2013-03-09 15:09:30"
},
{
"kids":[
"zmDHcjaY1"
],
"uid":"1904117685",
"parent":"zmDD2mL0g",
"text":"天朝无力让我吐槽",
"mid":"zmDGeBu3y",
"date":"2013-03-09 15:09:20"
},
{
"kids":[],
"uid":"1549603507",
"parent":"",
"text":"其他的犯人呢？",
"mid":"zmDG4h4eU",
"date":"2013-03-09 15:08:56"
},
{
"kids":[],
"uid":"2127674561",
"parent":"",
"text":"我可以说脏话吗？",
"mid":"zmDG1jchV",
"date":"2013-03-09 15:08:50"
},
{
"kids":[],
"uid":"lj102400",
"parent":"zmDCNyVg7",
"text":"可能性不大吧[思考]",
"mid":"zmDFSaawi",
"date":"2013-03-09 15:08:26"
},
{
"kids":[],
"uid":"703345115",
"parent":"",
"text":"",
"mid":"zmDFS9CDI",
"date":"2013-03-09 15:08:28"
},
{
"kids":[],
"uid":"1693884875",
"parent":"",
"text":"",
"mid":"zmDFQnGAD",
"date":"2013-03-09 15:08:25"
},
{
"kids":[],
"uid":"1799021115",
"parent":"zmDCNyVg7",
"text":"[汗]",
"mid":"zmDFHe6Te",
"date":"2013-03-09 15:08:02"
},
{
"kids":[],
"uid":"2826280580",
"parent":"",
"text":"我靠靠靠",
"mid":"zmDFGE9k1",
"date":"2013-03-09 15:08:02"
},
{
"kids":[],
"uid":"2304275963",
"parent":"",
"text":"",
"mid":"zmDFBB3Rp",
"date":"2013-03-09 15:07:47"
},
{
"kids":[],
"uid":"2140594081",
"parent":"",
"text":"唱二代威武",
"mid":"zmDFBjsDb",
"date":"2013-03-09 15:07:49"
},
{
"kids":[
"zmE4Lxt3F",
"zmDKa7UOU"
],
"uid":"1752573964",
"parent":"",
"text":"我去！你大爷！",
"mid":"zmDFApFMz",
"date":"2013-03-09 15:07:46"
},
{
"kids":[],
"uid":"2092236880",
"parent":"",
"text":"",
"mid":"zmDFzz8fa",
"date":"2013-03-09 15:07:42"
},
{
"kids":[],
"uid":"2574128934",
"parent":"",
"text":"天理何在!",
"mid":"zmDFyohW2",
"date":"2013-03-09 15:07:41"
},
{
"kids":[],
"uid":"feimaobaobao",
"parent":"",
"text":"争第一个也没用呀，除非你爹是双江！",
"mid":"zmDFl4oyJ",
"date":"2013-03-09 15:07:07"
},
{
"kids":[
"zmDL076dB"
],
"uid":"1013919713",
"parent":"",
"text":"看来建国以来的轮奸犯首犯们都得重判了，轮奸犯首犯们集体感谢双江将军，您将永远活在强奸犯们的心中",
"mid":"zmDFiFIZn",
"date":"2013-03-09 15:07:04"
},
{
"kids":[],
"uid":"berjinlou",
"parent":"",
"text":"可笑，这还是法制社会？这律师还是为有钱有势的专制人使用，像我们这些穷二代，摊上这事，早就枪毙几分钟了！",
"mid":"zmDFbCRwt",
"date":"2013-03-09 15:06:46"
},
{
"kids":[],
"uid":"2659424793",
"parent":"",
"text":"",
"mid":"zmDFbiDl3",
"date":"2013-03-09 15:06:46"
},
{
"kids":[],
"uid":"3198476345",
"parent":"zmDBXhLzQ",
"text":"靠，以后当第一个",
"mid":"zmDF8lR0J",
"date":"2013-03-09 15:06:39"
},
{
"kids":[],
"uid":"2195629837",
"parent":"",
"text":"",
"mid":"zmDF8ljce",
"date":"2013-03-09 15:06:39"
},
{
"kids":[],
"uid":"2106245841",
"parent":"",
"text":"",
"mid":"zmDF83HWJ",
"date":"2013-03-09 15:06:37"
},
{
"kids":[],
"uid":"3127732132",
"parent":"",
"text":"",
"mid":"zmDEL2OpD",
"date":"2013-03-09 15:05:43"
},
{
"kids":[],
"uid":"2423096485",
"parent":"",
"text":"建议没收小畜生的作案工具，以后再有轮奸的肯定都争第一个！！无耻，党人死光啦![哼][哼][哼]",
"mid":"zmDEIl1Lq",
"date":"2013-03-09 15:05:38"
},
{
"kids":[],
"uid":"2485358840",
"parent":"",
"text":"",
"mid":"zmDEADTv6",
"date":"2013-03-09 15:05:19"
},
{
"kids":[],
"uid":"reipeng0502",
"parent":"",
"text":"",
"mid":"zmDEyAm6e",
"date":"2013-03-09 15:05:14"
},
{
"kids":[],
"uid":"2118033592",
"parent":"zmDCNyVg7",
"text":"真的吗？",
"mid":"zmDEy2Djz",
"date":"2013-03-09 15:05:12"
},
{
"kids":[],
"uid":"1625464372",
"parent":"",
"text":"这国家。有钱搞定一切！",
"mid":"zmDEwe7Xg",
"date":"2013-03-09 15:05:07"
},
{
"kids":[],
"uid":"lcbarca",
"parent":"zmDEa4py9",
"text":"放着我来",
"mid":"zmDEvkSXj",
"date":"2013-03-09 15:05:05"
},
{
"kids":[],
"uid":"ouyangdaxia",
"parent":"zmDxp5vAc",
"text":"我不信 这个结果",
"mid":"zmDEthlCu",
"date":"2013-03-09 15:05:01"
},
{
"kids":[],
"uid":"3162081092",
"parent":"",
"text":"轮奸只是强奸的加重情节。法律上轮奸不单独构成罪名。以强奸罪批捕有轮奸行为的嫌疑人，完全是依法。愤慨不能掩盖对法律的无知，无根据猜疑谣传只会让正义黯然。社会需要围观，但更需要理性思考的勇者。",
"mid":"zmDEs7XTU",
"date":"2013-03-09 15:04:57"
},
{
"kids":[
"zmDWypBRW",
"zmDJYheET"
],
"uid":"alanlaw",
"parent":"",
"text":"最后一个上的情何以堪？！",
"mid":"zmDEofot5",
"date":"2013-03-09 15:04:49"
},
{
"kids":[],
"uid":"1411509067",
"parent":"",
"text":"看来以后轮奸应该解释为轮到了才能奸。按说第一个强奸的起了头，应该判的最重才行。",
"mid":"zmDEharQs",
"date":"2013-03-09 15:04:32"
},
{
"kids":[],
"uid":"2738616527",
"parent":"",
"text":"[吃惊]证据呢？",
"mid":"zmDEdBtZT",
"date":"2013-03-09 15:04:22"
},
{
"kids":[
"zmET1cbzb",
"zmDEvkSXj"
],
"uid":"312031777",
"parent":"",
"text":"哈哈 右边",
"mid":"zmDEa4py9",
"date":"2013-03-09 15:04:13"
},
{
"kids":[],
"uid":"fangwandong",
"parent":"",
"text":"这也可以……",
"mid":"zmDE7qDpi",
"date":"2013-03-09 15:04:09"
},
{
"kids":[],
"uid":"2085718134",
"parent":"",
"text":"我就要他们的女儿的第一次[花心]",
"mid":"zmDE6vZsj",
"date":"2013-03-09 15:04:07"
},
{
"kids":[],
"uid":"rjcswy",
"parent":"",
"text":"",
"mid":"zmDE5mxMR",
"date":"2013-03-09 15:04:04"
},
{
"kids":[],
"uid":"2804330511",
"parent":"",
"text":"",
"mid":"zmDE1uA9i",
"date":"2013-03-09 15:03:53"
},
{
"kids":[],
"uid":"2041455427",
"parent":"",
"text":"",
"mid":"zmDDXDtfU",
"date":"2013-03-09 15:03:46"
},
{
"kids":[
"zmDN9of5o"
],
"uid":"1790041652",
"parent":"",
"text":"",
"mid":"zmDDV3FCM",
"date":"2013-03-09 15:03:39"
},
{
"kids":[],
"uid":"1816961997",
"parent":"",
"text":"新版的＂伍子胥过昭关＂，真心很强大!",
"mid":"zmDDV26dD",
"date":"2013-03-09 15:03:38"
},
{
"kids":[],
"uid":"1672935713",
"parent":"",
"text":"",
"mid":"zmDDNCxVO",
"date":"2013-03-09 15:03:22"
},
{
"kids":[],
"uid":"1788143361",
"parent":"",
"text":"",
"mid":"zmDDK4FUY",
"date":"2013-03-09 15:03:11"
},
{
"kids":[],
"uid":"hejinhaohao",
"parent":"zmDyakr4K",
"text":"主任明鉴",
"mid":"zmDDIzfqS",
"date":"2013-03-09 15:03:10"
},
{
"kids":[],
"uid":"1442780147",
"parent":"zmDAMhk0q",
"text":"带头犯罪应判重刑",
"mid":"zmDDF3gDp",
"date":"2013-03-09 15:03:01"
},
{
"kids":[],
"uid":"2796724822",
"parent":"",
"text":"",
"mid":"zmDDCmZWt",
"date":"2013-03-09 15:02:55"
},
{
"kids":[],
"uid":"1218902101",
"parent":"",
"text":"上梁不正下梁歪，如此做法，天理难容 。这就是共和国的红星唱将吗？国之哀。",
"mid":"zmDDBxb7F",
"date":"2013-03-09 15:02:51"
},
{
"kids":[],
"uid":"2168561882",
"parent":"",
"text":"在这个神奇特色的国度我一点也没有安全感 有钱有权的人要想弄死个人就像捏死一只蚂蚁",
"mid":"zmDDpmReE",
"date":"2013-03-09 15:02:24"
},
{
"kids":[],
"uid":"2349406751",
"parent":"",
"text":"",
"mid":"zmDDn4ykg",
"date":"2013-03-09 15:02:17"
},
{
"kids":[],
"uid":"tony1971",
"parent":"",
"text":"把他小雞雞頭切下來就可以了，頭先進的，後半根不算強姦！",
"mid":"zmDDij0Dy",
"date":"2013-03-09 15:02:07"
},
{
"kids":[
"zmDLsuFNn"
],
"uid":"idreamer7",
"parent":"",
"text":"李天一轮奸的不是女孩，是法律。",
"mid":"zmDD4FAjJ",
"date":"2013-03-09 15:01:35"
},
{
"kids":[
"zmDGeBu3y"
],
"uid":"1715290355",
"parent":"",
"text":"建议没收小畜生的作案工具",
"mid":"zmDD2mL0g",
"date":"2013-03-09 15:01:29"
},
{
"kids":[
"zmEZXp015"
],
"uid":"1105342763",
"parent":"",
"text":"什么都要争第一，轮奸也要抜头筹",
"mid":"zmDCZ7P1E",
"date":"2013-03-09 15:01:20"
},
{
"kids":[],
"uid":"1835025407",
"parent":"",
"text":"",
"mid":"zmDCXDowm",
"date":"2013-03-09 15:01:18"
},
{
"kids":[
"zmEzUhKHe",
"zmDPSoaCp"
],
"uid":"1184281610",
"parent":"",
"text":"天朝换了哪个皇帝都白搭[怒]",
"mid":"zmDCX4bY5",
"date":"2013-03-09 15:01:15"
},
{
"kids":[],
"uid":"1003286091",
"parent":"",
"text":"",
"mid":"zmDCQfP0k",
"date":"2013-03-09 15:00:59"
},
{
"kids":[],
"uid":"1028777820",
"parent":"",
"text":"",
"mid":"zmDCP4YGu",
"date":"2013-03-09 15:00:55"
},
{
"kids":[
"zmECrtZQ9",
"zmEC0jS6H",
"zmDRe0p2L",
"zmDJxFjp9",
"zmDFSaawi",
"zmDFHe6Te",
"zmDEy2Djz"
],
"uid":"1132307321",
"parent":"",
"text":"此事当真？红星照我去战斗！[牛]",
"mid":"zmDCNyVg7",
"date":"2013-03-09 15:00:54"
},
{
"kids":[
"zmDSw5k6G"
],
"uid":"2758826811",
"parent":"",
"text":"你妈！这都能想出！草！第一个草你妈！",
"mid":"zmDCIz7EM",
"date":"2013-03-09 15:00:42"
},
{
"kids":[],
"uid":"1941231482",
"parent":"",
"text":"",
"mid":"zmDCH6dIW",
"date":"2013-03-09 15:00:37"
},
{
"kids":[],
"uid":"1959763157",
"parent":"",
"text":"",
"mid":"zmDCAAmqy",
"date":"2013-03-09 15:00:24"
},
{
"kids":[],
"uid":"2085718134",
"parent":"",
"text":"我先来、你后到，我强奸你轮奸[怒]",
"mid":"zmDCAyMrj",
"date":"2013-03-09 15:00:22"
},
{
"kids":[
"zmPr49o6f"
],
"uid":"2832462395",
"parent":"",
"text":"转！",
"mid":"zmDCA19GJ",
"date":"2013-03-09 15:00:20"
},
{
"kids":[],
"uid":"411231077",
"parent":"",
"text":"",
"mid":"zmDCyt3ne",
"date":"2013-03-09 15:00:18"
},
{
"kids":[],
"uid":"1405480957",
"parent":"zmDzK9Rjd",
"text":"",
"mid":"zmDCuFGPP",
"date":"2013-03-09 15:00:08"
},
{
"kids":[],
"uid":"2811643284",
"parent":"zmDzryk6q",
"text":"看来什么都得争取第一！",
"mid":"zmDCuCug2",
"date":"2013-03-09 15:00:09"
},
{
"kids":[],
"uid":"2625008127",
"parent":"",
"text":"难怪叫\"天一“,敢为天下先才是笫一哦!为什么说他起了带头作用呢?",
"mid":"zmDCobmPc",
"date":"2013-03-09 14:59:53"
},
{
"kids":[],
"uid":"1251836071",
"parent":"",
"text":"儿子因打人，爸就说“我真想让你们也打我一顿”，儿子因轮奸人，妈就说“真希望你们也把我..........”",
"mid":"zmDC9DC48",
"date":"2013-03-09 14:59:19"
},
{
"kids":[
"zmDJgigD5",
"zmDJ5jlBw",
"zmDF8lR0J"
],
"uid":"2028437944",
"parent":"",
"text":"",
"mid":"zmDBXhLzQ",
"date":"2013-03-09 14:58:49"
},
{
"kids":[
"zmDXfw47f"
],
"uid":"2795126437",
"parent":"",
"text":"希望熱血青年們將夢鴿鎖定為輪姦目標，以此推廣！",
"mid":"zmDBrkbr3",
"date":"2013-03-09 14:57:32"
},
{
"kids":[],
"uid":"2303442973",
"parent":"",
"text":"",
"mid":"zmDBqaZ4g",
"date":"2013-03-09 14:57:30"
},
{
"kids":[],
"uid":"1954507310",
"parent":"",
"text":"有钱真好使 手眼通天啊",
"mid":"zmDBitQSE",
"date":"2013-03-09 14:57:11"
},
{
"kids":[],
"uid":"2632884943",
"parent":"",
"text":"天朝法律可任由权钱解读。",
"mid":"zmDB12iRr",
"date":"2013-03-09 14:56:29"
},
{
"kids":[],
"uid":"2558505620",
"parent":"",
"text":"回复@0寒山湖0:[给力]",
"mid":"zmDAYqA6d",
"date":"2013-03-09 14:56:22"
},
{
"kids":[],
"uid":"2183534862",
"parent":"",
"text":"",
"mid":"zmDAPyzTs",
"date":"2013-03-09 14:56:03"
},
{
"kids":[],
"uid":"lzzjp124",
"parent":"",
"text":"无语",
"mid":"zmDAODO4c",
"date":"2013-03-09 14:55:59"
},
{
"kids":[],
"uid":"1738360917",
"parent":"",
"text":"首恶严惩。恶讼必究。",
"mid":"zmDAMi7k2",
"date":"2013-03-09 14:55:54"
},
{
"kids":[
"zmDDF3gDp"
],
"uid":"1442780147",
"parent":"",
"text":"谬论，明明是团伙作案",
"mid":"zmDAMhk0q",
"date":"2013-03-09 14:55:56"
},
{
"kids":[],
"uid":"1311971424",
"parent":"",
"text":"",
"mid":"zmDADplB4",
"date":"2013-03-09 14:55:33"
},
{
"kids":[],
"uid":"2085718134",
"parent":"",
"text":"我要第一个来",
"mid":"zmDAw2fUk",
"date":"2013-03-09 14:55:13"
},
{
"kids":[
"zmEdezbyX",
"zmDKhbtzX"
],
"uid":"laodaan",
"parent":"",
"text":"之前官员带套不算强奸的案子，岂不更让人啼笑皆非!",
"mid":"zmDAufetU",
"date":"2013-03-09 14:55:13"
},
{
"kids":[],
"uid":"1949274215",
"parent":"",
"text":"是不是该抓李shuangjiang？怎么一个文艺少将能有那么多钱去养犬子？",
"mid":"zmDAoCIUZ",
"date":"2013-03-09 14:54:57"
},
{
"kids":[],
"uid":"2441865407",
"parent":"",
"text":"",
"mid":"zmDAlq2lr",
"date":"2013-03-09 14:54:50"
},
{
"kids":[],
"uid":"candyxjr",
"parent":"",
"text":"我靠！",
"mid":"zmDAhfDe3",
"date":"2013-03-09 14:54:42"
},
{
"kids":[],
"uid":"1692500277",
"parent":"",
"text":"如果真是出重金聘请76名律师来洗刷罪名，这无疑是利益集团公然挑战民意、民心的恶例!!!",
"mid":"zmDAarcs7",
"date":"2013-03-09 14:54:25"
},
{
"kids":[],
"uid":"2441809554",
"parent":"zmDzK9Rjd",
"text":"",
"mid":"zmDA61Yve",
"date":"2013-03-09 14:54:15"
},
{
"kids":[],
"uid":"mildsevenmildseven",
"parent":"",
"text":"好爸爸",
"mid":"zmDA0oVnr",
"date":"2013-03-09 14:54:01"
},
{
"kids":[
"zmDCuFGPP",
"zmDA61Yve"
],
"uid":"2909516532",
"parent":"",
"text":"法律[弱][弱]",
"mid":"zmDzK9Rjd",
"date":"2013-03-09 14:53:21"
},
{
"kids":[],
"uid":"2245970825",
"parent":"",
"text":"",
"mid":"zmDzA8IJR",
"date":"2013-03-09 14:52:58"
},
{
"kids":[],
"uid":"kjyy0217",
"parent":"",
"text":"当心社会公愤。",
"mid":"zmDzt1yc8",
"date":"2013-03-09 14:52:41"
},
{
"kids":[],
"uid":"206309222",
"parent":"",
"text":"真是太难为李老太爷和他的76人的律师团了，想尽办法，白头发也想出来了，才整了个强奸，革命尚未成功，同志们还需努力啊，向通奸方向前进啊！加油！",
"mid":"zmDzt10K9",
"date":"2013-03-09 14:52:41"
},
{
"kids":[],
"uid":"lshang",
"parent":"",
"text":"犯罪力度按指数增长，下次不知道能不能搞定了。",
"mid":"zmDzspn2a",
"date":"2013-03-09 14:52:39"
},
{
"kids":[
"zmDWPxYka",
"zmDCuCug2"
],
"uid":"201289811",
"parent":"",
"text":"都不容易！",
"mid":"zmDzryk6q",
"date":"2013-03-09 14:52:38"
},
{
"kids":[],
"uid":"1846755535",
"parent":"",
"text":"第一个该枪毙，如果谁都不做第一个就没有此案，所以第一个绝对应该枪毙。支持的请转发！@袁裕来律师 @何兵",
"mid":"zmDzrgIUn",
"date":"2013-03-09 14:52:37"
},
{
"kids":[],
"uid":"3139438807",
"parent":"",
"text":"[闭嘴][鄙视]",
"mid":"zmDz5oxSn",
"date":"2013-03-09 14:51:45"
},
{
"kids":[],
"uid":"chinasunyingjian",
"parent":"",
"text":"",
"mid":"zmDz03p7Q",
"date":"2013-03-09 14:51:31"
},
{
"kids":[],
"uid":"2793465894",
"parent":"",
"text":"",
"mid":"zmDyPpuaC",
"date":"2013-03-09 14:51:07"
},
{
"kids":[],
"uid":"sunlihe",
"parent":"",
"text":"[怒]",
"mid":"zmDyOe6xX",
"date":"2013-03-09 14:51:04"
},
{
"kids":[],
"uid":"2620033902",
"parent":"",
"text":"其他公子哥轮奸了没？",
"mid":"zmDyHcaLW",
"date":"2013-03-09 14:50:47"
},
{
"kids":[
"zmDDIzfqS"
],
"uid":"guowei19860603",
"parent":"",
"text":"@小榆东 @EnsionJ @Jobsteve 有些事儿不能先上，有些事儿可以先上。",
"mid":"zmDyakr4K",
"date":"2013-03-09 14:49:29"
},
{
"kids":[],
"uid":"206353789",
"parent":"",
"text":"信息源？",
"mid":"zmDxV0fst",
"date":"2013-03-09 14:48:52"
},
{
"kids":[],
"uid":"qq373388976",
"parent":"",
"text":"额，，，",
"mid":"zmDxSkNNG",
"date":"2013-03-09 14:48:46"
},
{
"kids":[
"zmEdFdW7F",
"zmDEthlCu"
],
"uid":"1729158844",
"parent":"",
"text":"李公子第一个与女子发生性关系？他爹娘向全社会勒索儿子的初夜费[懒得理你]",
"mid":"zmDxp5vAc",
"date":"2013-03-09 14:47:36"
},
{
"kids":[
"zmDK5896m"
],
"uid":"ChrisHot",
"parent":"",
"text":"[good]",
"mid":"zmDwE69zG",
"date":"2013-03-09 14:45:43"
}
]