[
{
"kids":[],
"uid":"2919529664",
"parent":"zmbll4ZT2",
"text":"",
"mid":"znlGp4Ygd",
"date":"2013-03-14 07:10:37"
},
{
"kids":[],
"uid":"1584019182",
"parent":"zmbll4ZT2",
"text":"",
"mid":"zmqZr0fTW",
"date":"2013-03-08 06:50:57"
},
{
"kids":[],
"uid":"lmf999",
"parent":"",
"text":"",
"mid":"zmkJGFtFm",
"date":"2013-03-07 14:55:41"
},
{
"kids":[],
"uid":"2919925462",
"parent":"zmbll4ZT2",
"text":"",
"mid":"zmhRZeSmC",
"date":"2013-03-07 07:37:53"
},
{
"kids":[],
"uid":"1080818041",
"parent":"",
"text":"[鄙视]",
"mid":"zmhBFc5hK",
"date":"2013-03-07 06:57:40"
},
{
"kids":[
"znlGp4Ygd",
"zmqZr0fTW",
"zmhRZeSmC"
],
"uid":"2030185997",
"parent":"zm8a68oRe",
"text":"",
"mid":"zmbll4ZT2",
"date":"2013-03-06 15:00:58"
},
{
"kids":[
"zmbll4ZT2"
],
"uid":"2804319882",
"parent":"zlKMVlkpj",
"text":"",
"mid":"zm8a68oRe",
"date":"2013-03-06 06:55:02"
},
{
"kids":[],
"uid":"2790060632",
"parent":"",
"text":"",
"mid":"zm7oHtzU0",
"date":"2013-03-06 04:58:15"
},
{
"kids":[],
"uid":"2456913342",
"parent":"",
"text":"都靠不住，缝合嘴巴！",
"mid":"zm1Cp1H3m",
"date":"2013-03-05 14:15:31"
},
{
"kids":[],
"uid":"1879418940",
"parent":"zlWYBptPx",
"text":"@sharrysue 怎么老出问题",
"mid":"zlYZ0DAIL",
"date":"2013-03-05 07:32:59"
},
{
"kids":[],
"uid":"1583636714",
"parent":"",
"text":"",
"mid":"zlYnYkwKR",
"date":"2013-03-05 06:01:45"
},
{
"kids":[],
"uid":"2804883650",
"parent":"zlKMVlkpj",
"text":"",
"mid":"zlXU3fHf4",
"date":"2013-03-05 04:48:02"
},
{
"kids":[
"zlYZ0DAIL"
],
"uid":"1051331943",
"parent":"zlWPFnvDY",
"text":"",
"mid":"zlWYBptPx",
"date":"2013-03-05 02:26:30"
},
{
"kids":[
"zlWYBptPx"
],
"uid":"1915632293",
"parent":"zlVypiAYK",
"text":"啥也不说，眼泪汪汪的，感谢蒙牛帮全世界人民争取了两天",
"mid":"zlWPFnvDY",
"date":"2013-03-05 02:04:29"
},
{
"kids":[
"zlWPFnvDY"
],
"uid":"2172658391",
"parent":"zlJw8ygX1",
"text":"果然是猛牛!",
"mid":"zlVypiAYK",
"date":"2013-03-04 22:49:12"
},
{
"kids":[],
"uid":"1705222961",
"parent":"zlUAXlJ01",
"text":"回复@蒙牛微客服:真是不实信息那围脖小秘书早删除了吧，看来你们公关不行哪[哈哈]",
"mid":"zlUDarAOF",
"date":"2013-03-04 20:28:12"
},
{
"kids":[],
"uid":"1705222961",
"parent":"zlUAXlJ01",
"text":"回复@蒙牛微客服:反正又不是第一次见到你们这样",
"mid":"zlUCE0lCi",
"date":"2013-03-04 20:26:54"
},
{
"kids":[
"zlUDarAOF",
"zlUCE0lCi"
],
"uid":"1705222961",
"parent":"zlUz7jrxY",
"text":"",
"mid":"zlUAXlJ01",
"date":"2013-03-04 20:22:44"
},
{
"kids":[
"zlUAXlJ01"
],
"uid":"pennkwok",
"parent":"zlUwa5Vt7",
"text":"洒家只喝光明和香满楼。或者纯进口。从不喝蒙牛伊利。所以不怕被盯梢[偷笑]",
"mid":"zlUz7jrxY",
"date":"2013-03-04 20:18:11"
},
{
"kids":[
"zlUz7jrxY"
],
"uid":"wyaj0416",
"parent":"zlLPDvYV0",
"text":"回复@蒙牛微客服:坏了，乌鸦被盯上了[泪]",
"mid":"zlUwa5Vt7",
"date":"2013-03-04 20:10:56"
},
{
"kids":[],
"uid":"2665082702",
"parent":"zlJJeixHR",
"text":"",
"mid":"zlRkHwgDx",
"date":"2013-03-04 12:04:27"
},
{
"kids":[],
"uid":"2503173982",
"parent":"",
"text":"",
"mid":"zlRb3rZJO",
"date":"2013-03-04 11:40:41"
},
{
"kids":[],
"uid":"1628063544",
"parent":"zlMm72Q3W",
"text":"伟大的蒙牛居然改变了历史纪元……",
"mid":"zlQnR8qHD",
"date":"2013-03-04 09:39:28"
},
{
"kids":[],
"uid":"2016718103",
"parent":"",
"text":"Kao！",
"mid":"zlQcTbZxQ",
"date":"2013-03-04 09:12:28"
},
{
"kids":[],
"uid":"1212420550",
"parent":"zlJRR8xxg",
"text":"回复@盛清水的杯子:[挖鼻屎]胸部大小和奶水量是否成正比，二位自行辩论即可，别拉老婆下水好哇？",
"mid":"zlQ4oiECd",
"date":"2013-03-04 08:51:32"
},
{
"kids":[],
"uid":"2809782213",
"parent":"",
"text":"蒙牛，让我怎么信任你[挖鼻屎]",
"mid":"zlQ2Pp4B7",
"date":"2013-03-04 08:47:41"
},
{
"kids":[],
"uid":"1787460511",
"parent":"",
"text":"能蒙到人的就是牛?",
"mid":"zlPU7hkc2",
"date":"2013-03-04 08:26:12"
},
{
"kids":[],
"uid":"pazixu",
"parent":"",
"text":"[呵呵]",
"mid":"zlPqohtSa",
"date":"2013-03-04 07:12:59"
},
{
"kids":[],
"uid":"2093062477",
"parent":"",
"text":"谁喝蒙牛谁犯傻！！！！",
"mid":"zlMKBiebt",
"date":"2013-03-04 00:24:28"
},
{
"kids":[],
"uid":"lemon507",
"parent":"zlKv6emc0",
"text":"",
"mid":"zlMFKcXty",
"date":"2013-03-04 00:12:32"
},
{
"kids":[],
"uid":"1700721731",
"parent":"",
"text":"这也太那个了吧？乳制品国货让我怎能相信你？@史上第一内涵图 @头条新闻 @南方都市报 @网络新闻联播",
"mid":"zlMsjcZg0",
"date":"2013-03-03 23:39:26"
},
{
"kids":[],
"uid":"1912158943",
"parent":"",
"text":"蒙牛必须死",
"mid":"zlMqUCjg6",
"date":"2013-03-03 23:36:02"
},
{
"kids":[],
"uid":"1723202284",
"parent":"zlLal8C1F",
"text":"[囧]",
"mid":"zlMq87VKU",
"date":"2013-03-03 23:34:04"
},
{
"kids":[
"zlQnR8qHD"
],
"uid":"wbjok",
"parent":"zlKgqoy1M",
"text":"",
"mid":"zlMm72Q3W",
"date":"2013-03-03 23:24:08"
},
{
"kids":[],
"uid":"2627196707",
"parent":"zlMbv07c7",
"text":"一定要存一盒留着31号当早点喝[威武]",
"mid":"zlMew2MU1",
"date":"2013-03-03 23:05:29"
},
{
"kids":[
"zlMew2MU1"
],
"uid":"2192827074",
"parent":"zlLJytDNF",
"text":"[威武]",
"mid":"zlMbv07c7",
"date":"2013-03-03 22:58:04"
},
{
"kids":[],
"uid":"1894056463",
"parent":"",
"text":"天哪，蒙牛家的人真是实在的勤奋",
"mid":"zlM3Uh4Vr",
"date":"2013-03-03 22:39:21"
},
{
"kids":[],
"uid":"208121456",
"parent":"zlK44v5Ki",
"text":"[围观]",
"mid":"zlM0K1YKh",
"date":"2013-03-03 22:31:33"
},
{
"kids":[],
"uid":"2196335720",
"parent":"",
"text":"",
"mid":"zlM0kmwfX",
"date":"2013-03-03 22:30:32"
},
{
"kids":[],
"uid":"1850160837",
"parent":"",
"text":"....操",
"mid":"zlLZAvY6V",
"date":"2013-03-03 22:28:40"
},
{
"kids":[],
"uid":"1636275542",
"parent":"",
"text":"早就不喝牛奶了。",
"mid":"zlLYr4Wzh",
"date":"2013-03-03 22:25:50"
},
{
"kids":[],
"uid":"1497603382",
"parent":"zlLSlo3Rt",
"text":"不是放假3天吗，蒙牛没放假呀？@放那儿吧",
"mid":"zlLUfhEgY",
"date":"2013-03-03 22:15:33"
},
{
"kids":[
"zlLUfhEgY"
],
"uid":"2320680237",
"parent":"",
"text":"",
"mid":"zlLSlo3Rt",
"date":"2013-03-03 22:10:51"
},
{
"kids":[],
"uid":"1749694567",
"parent":"zlKipA7eq",
"text":"无语",
"mid":"zlLRQD4RP",
"date":"2013-03-03 22:09:37"
},
{
"kids":[],
"uid":"100202810",
"parent":"zlLqLnCOq",
"text":"嗯哪，连我们这种辛苦的银29、30号都放假两天了，轮家还在加班，咱们深表钦佩啊[泪]@糊涂老太",
"mid":"zlLQc7wRB",
"date":"2013-03-03 22:05:31"
},
{
"kids":[
"zlUwa5Vt7"
],
"uid":"wyaj0416",
"parent":"",
"text":"真心道一句，辛苦了！[鼓掌]",
"mid":"zlLPDvYV0",
"date":"2013-03-03 22:04:11"
},
{
"kids":[],
"uid":"2509610857",
"parent":"",
"text":"不是吧，不是休假，是全世界人民都没过上这一天，蒙牛人民过上了。。",
"mid":"zlLNcxs9H",
"date":"2013-03-03 21:58:11"
},
{
"kids":[],
"uid":"2728658585",
"parent":"zlLJytDNF",
"text":"@安徽网 @ 人民网",
"mid":"zlLK3eChE",
"date":"2013-03-03 21:50:26"
},
{
"kids":[
"zlMbv07c7",
"zlLK3eChE"
],
"uid":"pengtong0309",
"parent":"zlLEF2f8B",
"text":"",
"mid":"zlLJytDNF",
"date":"2013-03-03 21:49:12"
},
{
"kids":[],
"uid":"mi12an",
"parent":"zlKv6emc0",
"text":"真心感动了",
"mid":"zlLIeC8il",
"date":"2013-03-03 21:45:55"
},
{
"kids":[],
"uid":"1640152465",
"parent":"zlL3B1AMu",
"text":"蒙牛又亮了！",
"mid":"zlLGnojPM",
"date":"2013-03-03 21:41:23"
},
{
"kids":[
"zlLJytDNF"
],
"uid":"larryzhu2012",
"parent":"zlLnj8WSh",
"text":"谁喝蒙牛谁傻逼",
"mid":"zlLEF2f8B",
"date":"2013-03-03 21:37:09"
},
{
"kids":[],
"uid":"1657348487",
"parent":"",
"text":"",
"mid":"zlLCpfJt3",
"date":"2013-03-03 21:31:34"
},
{
"kids":[],
"uid":"1995530137",
"parent":"zlLpt0aDA",
"text":"“此精神值得发扬”",
"mid":"zlLBGkBWP",
"date":"2013-03-03 21:29:50"
},
{
"kids":[],
"uid":"1964944127",
"parent":"zlK7ngEtJ",
"text":"2月30日出的奶？要作假也要聪明点吧！",
"mid":"zlLuI4Zp6",
"date":"2013-03-03 21:12:38"
},
{
"kids":[],
"uid":"1918454352",
"parent":"zlLnj8WSh",
"text":"真他妈的牛，蒙牛公司员工发了两天六倍工资没？没有的话赶紧爬脚手架讨薪去！",
"mid":"zlLtwuXUr",
"date":"2013-03-03 21:09:43"
},
{
"kids":[
"zlLQc7wRB"
],
"uid":"2606384991",
"parent":"",
"text":"加班好辛苦！",
"mid":"zlLqLnCOq",
"date":"2013-03-03 21:02:53"
},
{
"kids":[
"zlLBGkBWP"
],
"uid":"1571388241",
"parent":"zlLjZbKsm",
"text":"每天一斤蒙牛牛奶，强壮中国人！！",
"mid":"zlLpt0aDA",
"date":"2013-03-03 20:59:40"
},
{
"kids":[
"zlLEF2f8B",
"zlLtwuXUr"
],
"uid":"1806518493",
"parent":"zlLhVdvhM",
"text":"谁喝蒙牛谁傻逼",
"mid":"zlLnj8WSh",
"date":"2013-03-03 20:54:25"
},
{
"kids":[],
"uid":"1777551925",
"parent":"zlJPuhwDP",
"text":"全地球人都在蜜月哇…蒙牛是火星纪元 不懂了吧",
"mid":"zlLmZmhlM",
"date":"2013-03-03 20:53:37"
},
{
"kids":[
"zlLpt0aDA"
],
"uid":"1942758421",
"parent":"",
"text":"能把2月活生生的增加一天为人民做牛奶是不容易的~~",
"mid":"zlLjZbKsm",
"date":"2013-03-03 20:46:13"
},
{
"kids":[],
"uid":"2552125224",
"parent":"",
"text":"",
"mid":"zlLiLvHkr",
"date":"2013-03-03 20:43:13"
},
{
"kids":[
"zlLnj8WSh"
],
"uid":"1052601432",
"parent":"zlKDE3b0O",
"text":"@狗鼠一窝 @kittynj @鬼脚妮儿 @那是一一 @南蒙paladin @一一老娘 @",
"mid":"zlLhVdvhM",
"date":"2013-03-03 20:41:08"
},
{
"kids":[],
"uid":"1933479343",
"parent":"",
"text":"辛苦辛苦",
"mid":"zlLgMAOfU",
"date":"2013-03-03 20:38:20"
},
{
"kids":[],
"uid":"2091942727",
"parent":"",
"text":"蒙牛辟谣了，但我依然不信任它",
"mid":"zlLg8pwt8",
"date":"2013-03-03 20:36:42"
},
{
"kids":[],
"uid":"1282135175",
"parent":"zlLbysifr",
"text":"",
"mid":"zlLfLmyi7",
"date":"2013-03-03 20:35:49"
},
{
"kids":[],
"uid":"2963388404",
"parent":"",
"text":"",
"mid":"zlLeccLln",
"date":"2013-03-03 20:31:56"
},
{
"kids":[],
"uid":"2685803264",
"parent":"zlKO4fAGK",
"text":"[衰]",
"mid":"zlLdTesEc",
"date":"2013-03-03 20:31:09"
},
{
"kids":[],
"uid":"sam1011",
"parent":"",
"text":"[衰]",
"mid":"zlLcraPnA",
"date":"2013-03-03 20:27:36"
},
{
"kids":[
"zlLfLmyi7"
],
"uid":"1737302800",
"parent":"",
"text":"",
"mid":"zlLbysifr",
"date":"2013-03-03 20:25:27"
},
{
"kids":[
"zlMq87VKU"
],
"uid":"yuqianna821",
"parent":"zlKgeB2Xu",
"text":"@香港",
"mid":"zlLal8C1F",
"date":"2013-03-03 20:22:25"
},
{
"kids":[],
"uid":"weierguo",
"parent":"",
"text":"[黑线]好久没喝过这些防腐剂一堆的牛奶了",
"mid":"zlL88yxbm",
"date":"2013-03-03 20:17:02"
},
{
"kids":[],
"uid":"liuqing1103",
"parent":"",
"text":"蒙牛又亮了[黑线]",
"mid":"zlL6P2dPW",
"date":"2013-03-03 20:13:47"
},
{
"kids":[],
"uid":"lovemaizezay",
"parent":"",
"text":"",
"mid":"zlL3EftTU",
"date":"2013-03-03 20:05:55"
},
{
"kids":[
"zlLGnojPM"
],
"uid":"1832301564",
"parent":"",
"text":"良心奶啊",
"mid":"zlL3B1AMu",
"date":"2013-03-03 20:05:48"
},
{
"kids":[],
"uid":"2490233057",
"parent":"zlKeN5MSf",
"text":"辛苦了！",
"mid":"zlL0gtlJh",
"date":"2013-03-03 19:57:39"
},
{
"kids":[],
"uid":"1864948372",
"parent":"zlJtLoAjr",
"text":"",
"mid":"zlKRRtRqa",
"date":"2013-03-03 19:36:54"
},
{
"kids":[],
"uid":"1917205321",
"parent":"zlKv6emc0",
"text":"@伊藤美孒 @小阿美美美 @叮子瑚2893137171 @锅魁包粉蒸牛肉 良心奶，我开始相信了！",
"mid":"zlKPg8hRY",
"date":"2013-03-03 19:30:29"
},
{
"kids":[],
"uid":"virgle26",
"parent":"zlK2gbTOI",
"text":"Fuck",
"mid":"zlKOxguU0",
"date":"2013-03-03 19:28:44"
},
{
"kids":[
"zlLdTesEc"
],
"uid":"1990985172",
"parent":"zlKN86SXP",
"text":"[衰]",
"mid":"zlKO4fAGK",
"date":"2013-03-03 19:27:35"
},
{
"kids":[
"zlKO4fAGK"
],
"uid":"1871969734",
"parent":"zlKgqoy1M",
"text":"[衰]",
"mid":"zlKN86SXP",
"date":"2013-03-03 19:25:14"
},
{
"kids":[
"zm8a68oRe",
"zlXU3fHf4"
],
"uid":"3145923077",
"parent":"",
"text":"2012国人之痛＂乳＂＂房＂",
"mid":"zlKMVlkpj",
"date":"2013-03-03 19:24:44"
},
{
"kids":[],
"uid":"1955933395",
"parent":"zlKcKAqbK",
"text":"",
"mid":"zlKJ1lYvp",
"date":"2013-03-03 19:15:09"
},
{
"kids":[],
"uid":"1671186362",
"parent":"",
"text":"",
"mid":"zlKHVnWbX",
"date":"2013-03-03 19:12:27"
},
{
"kids":[],
"uid":"2364321457",
"parent":"",
"text":"晕！",
"mid":"zlKFpnT21",
"date":"2013-03-03 19:06:15"
},
{
"kids":[],
"uid":"1762079923",
"parent":"",
"text":"[哼][怒][衰][吃惊]",
"mid":"zlKFovTlL",
"date":"2013-03-03 19:06:13"
},
{
"kids":[
"zlLhVdvhM"
],
"uid":"1764840537",
"parent":"",
"text":"蒙牛!真TM牛!!!",
"mid":"zlKDE3b0O",
"date":"2013-03-03 19:01:54"
},
{
"kids":[],
"uid":"2396394192",
"parent":"zlJRR8xxg",
"text":"你是光明的吧",
"mid":"zlKxz1ymQ",
"date":"2013-03-03 18:46:55"
},
{
"kids":[
"zlMFKcXty",
"zlLIeC8il",
"zlKPg8hRY"
],
"uid":"2400509731",
"parent":"zlK9ppx3o",
"text":"我只能说是火星奶牛，这种企业就该让它到火星去开",
"mid":"zlKv6emc0",
"date":"2013-03-03 18:40:51"
},
{
"kids":[],
"uid":"2660943385",
"parent":"zlKj9oqlW",
"text":"厉害",
"mid":"zlKuh5hih",
"date":"2013-03-03 18:38:47"
},
{
"kids":[],
"uid":"liubin100200",
"parent":"",
"text":"",
"mid":"zlKtEqiIK",
"date":"2013-03-03 18:37:14"
},
{
"kids":[],
"uid":"2010635170",
"parent":"zlK0cwrRk",
"text":"[汗]",
"mid":"zlKsH1fkG",
"date":"2013-03-03 18:34:55"
},
{
"kids":[],
"uid":"1059395181",
"parent":"",
"text":"哈哈，这又能让天朝那工商总局长泪流满面了",
"mid":"zlKrJ31fz",
"date":"2013-03-03 18:32:32"
},
{
"kids":[],
"uid":"2313412005",
"parent":"",
"text":"",
"mid":"zlKp6sDVZ",
"date":"2013-03-03 18:26:05"
},
{
"kids":[],
"uid":"thomasryan",
"parent":"",
"text":"",
"mid":"zlKjsk3rs",
"date":"2013-03-03 18:12:07"
},
{
"kids":[
"zlKuh5hih"
],
"uid":"1261789554",
"parent":"zlKi0dq45",
"text":"辛苦了，亲",
"mid":"zlKj9oqlW",
"date":"2013-03-03 18:11:26"
},
{
"kids":[
"zlLRQD4RP"
],
"uid":"1246275842",
"parent":"zlKgqoy1M",
"text":"中国好良心",
"mid":"zlKipA7eq",
"date":"2013-03-03 18:09:36"
},
{
"kids":[
"zlKj9oqlW"
],
"uid":"2738858422",
"parent":"",
"text":"[吃惊]",
"mid":"zlKi0dq45",
"date":"2013-03-03 18:08:35"
},
{
"kids":[
"zlMm72Q3W",
"zlKN86SXP",
"zlKipA7eq"
],
"uid":"huzejin",
"parent":"",
"text":"",
"mid":"zlKgqoy1M",
"date":"2013-03-03 18:04:41"
},
{
"kids":[
"zlLal8C1F"
],
"uid":"2545055003",
"parent":"",
"text":"[怒]",
"mid":"zlKgeB2Xu",
"date":"2013-03-03 18:04:14"
},
{
"kids":[],
"uid":"2692743690",
"parent":"zlKbIbbeu",
"text":"能不能稍有点技术含量啊[黑线]",
"mid":"zlKgeB2VT",
"date":"2013-03-03 18:04:12"
},
{
"kids":[
"zlL0gtlJh"
],
"uid":"2756176623",
"parent":"",
"text":"辛苦了!",
"mid":"zlKeN5MSf",
"date":"2013-03-03 18:00:39"
},
{
"kids":[],
"uid":"2815428502",
"parent":"",
"text":"从此，我再也不买不吃蒙牛的产品。@王很圆 @下辈子就做蒲公英 @无论怎样记得要微笑 @湖北高校达人秀 @湖北中医药大学论坛",
"mid":"zlKdFCFZL",
"date":"2013-03-03 17:57:54"
},
{
"kids":[],
"uid":"1970372635",
"parent":"zlK7ngEtJ",
"text":"[good]",
"mid":"zlKdAhdR6",
"date":"2013-03-03 17:57:41"
},
{
"kids":[
"zlKJ1lYvp"
],
"uid":"osmundalaomao",
"parent":"",
"text":"",
"mid":"zlKcKAqbK",
"date":"2013-03-03 17:55:40"
},
{
"kids":[],
"uid":"statzm",
"parent":"",
"text":"",
"mid":"zlKbYpmTf",
"date":"2013-03-03 17:53:43"
},
{
"kids":[],
"uid":"2083757601",
"parent":"",
"text":"",
"mid":"zlKbMitiA",
"date":"2013-03-03 17:53:13"
},
{
"kids":[
"zlKgeB2VT"
],
"uid":"1966311835",
"parent":"",
"text":"",
"mid":"zlKbIbbeu",
"date":"2013-03-03 17:53:06"
},
{
"kids":[],
"uid":"1263844324",
"parent":"",
"text":"",
"mid":"zlKaKrLT5",
"date":"2013-03-03 17:50:43"
},
{
"kids":[
"zlKv6emc0"
],
"uid":"1751143060",
"parent":"zlJX19w4d",
"text":"哇靠",
"mid":"zlK9ppx3o",
"date":"2013-03-03 17:47:23"
},
{
"kids":[],
"uid":"2129657932",
"parent":"",
"text":"[晕]",
"mid":"zlK9ex5J7",
"date":"2013-03-03 17:46:57"
},
{
"kids":[],
"uid":"2512996861",
"parent":"",
"text":"关注一下@Elaine不会飞  @徐京杭",
"mid":"zlK8VhVSV",
"date":"2013-03-03 17:46:12"
},
{
"kids":[],
"uid":"1960896127",
"parent":"",
"text":"太TM良心了",
"mid":"zlK85iIVM",
"date":"2013-03-03 17:44:08"
},
{
"kids":[],
"uid":"1761876144",
"parent":"",
"text":"[哈哈]",
"mid":"zlK7UljTB",
"date":"2013-03-03 17:43:43"
},
{
"kids":[
"zlLuI4Zp6",
"zlKdAhdR6"
],
"uid":"1921976327",
"parent":"zlJXfkuSb",
"text":"",
"mid":"zlK7ngEtJ",
"date":"2013-03-03 17:42:24"
},
{
"kids":[],
"uid":"2637218250",
"parent":"",
"text":"愤怒！！",
"mid":"zlK720bgr",
"date":"2013-03-03 17:41:33"
},
{
"kids":[],
"uid":"1948467482",
"parent":"",
"text":"哎",
"mid":"zlK5r0toJ",
"date":"2013-03-03 17:37:36"
},
{
"kids":[],
"uid":"2332204717",
"parent":"",
"text":"[怒骂][怒骂][怒骂]",
"mid":"zlK507Lbf",
"date":"2013-03-03 17:36:33"
},
{
"kids":[],
"uid":"xiangzhu321",
"parent":"zlJCdmIod",
"text":"实在是可怕！！",
"mid":"zlK4ewa7M",
"date":"2013-03-03 17:34:40"
},
{
"kids":[
"zlM0K1YKh"
],
"uid":"2189267785",
"parent":"",
"text":"[浮云]",
"mid":"zlK44v5Ki",
"date":"2013-03-03 17:34:14"
},
{
"kids":[],
"uid":"2236612255",
"parent":"",
"text":"",
"mid":"zlK3QzY3I",
"date":"2013-03-03 17:33:43"
},
{
"kids":[],
"uid":"1102028904",
"parent":"zlJYvC5KY",
"text":"回复@蒙牛微客服:只转不评",
"mid":"zlK3Q0LAv",
"date":"2013-03-03 17:33:40"
},
{
"kids":[
"zlKOxguU0"
],
"uid":"2810610034",
"parent":"",
"text":"蒙牛！猛！牛！",
"mid":"zlK2gbTOI",
"date":"2013-03-03 17:29:48"
},
{
"kids":[],
"uid":"2766773320",
"parent":"",
"text":"不管是否是加的，没有常识能不露馅吗？蒙牛不喝了",
"mid":"zlK1ZBXgc",
"date":"2013-03-03 17:29:09"
},
{
"kids":[],
"uid":"2027424112",
"parent":"",
"text":"蒙牛，矇牛",
"mid":"zlK1fxZeS",
"date":"2013-03-03 17:27:18"
},
{
"kids":[
"zlKsH1fkG"
],
"uid":"1403031145",
"parent":"",
"text":"蒙牛的品质大家都知道！",
"mid":"zlK0cwrRk",
"date":"2013-03-03 17:24:44"
},
{
"kids":[],
"uid":"yingyingzang",
"parent":"",
"text":"蒙牛员工真辛苦啊，他们的孩纸都不喝奶",
"mid":"zlJZGCmk0",
"date":"2013-03-03 17:23:28"
},
{
"kids":[],
"uid":"lezoepaddylm",
"parent":"",
"text":"0230前面的数字是个2，怎么证明显示的是生产日期不过其他编号？脑残端子么",
"mid":"zlJZkrObS",
"date":"2013-03-03 17:22:35"
},
{
"kids":[],
"uid":"litycn",
"parent":"",
"text":"[哈哈]",
"mid":"zlJZjhO1l",
"date":"2013-03-03 17:22:32"
},
{
"kids":[
"zlK3Q0LAv"
],
"uid":"1102028904",
"parent":"",
"text":"如果是假的。提供给蒙牛一个千载难逢的危机攻关机会！",
"mid":"zlJYvC5KY",
"date":"2013-03-03 17:20:34"
},
{
"kids":[],
"uid":"nalgon",
"parent":"",
"text":"什么情况？",
"mid":"zlJYhtRVt",
"date":"2013-03-03 17:20:00"
},
{
"kids":[
"zlK7ngEtJ"
],
"uid":"nexavar",
"parent":"",
"text":"良心奶，放心喝，锻炼胃肠功能啊",
"mid":"zlJXfkuSb",
"date":"2013-03-03 17:17:25"
},
{
"kids":[],
"uid":"2261037591",
"parent":"",
"text":"蒙人",
"mid":"zlJX46QaA",
"date":"2013-03-03 17:16:59"
},
{
"kids":[
"zlK9ppx3o"
],
"uid":"leiruirui319",
"parent":"zlJw8ygX1",
"text":"穿越吗？",
"mid":"zlJX19w4d",
"date":"2013-03-03 17:16:53"
},
{
"kids":[],
"uid":"1872235980",
"parent":"zlJPW5OjP",
"text":"真有良心啊[哈哈]",
"mid":"zlJSC9HxR",
"date":"2013-03-03 17:06:02"
},
{
"kids":[],
"uid":"joymorning",
"parent":"",
"text":"",
"mid":"zlJS1s7ff",
"date":"2013-03-03 17:04:34"
},
{
"kids":[
"zlQ4oiECd",
"zlKxz1ymQ"
],
"uid":"2930672881",
"parent":"",
"text":"年青人，找老婆一定要找胸大的啊！",
"mid":"zlJRR8xxg",
"date":"2013-03-03 17:04:12"
},
{
"kids":[],
"uid":"2211948472",
"parent":"",
"text":"",
"mid":"zlJRKCfrx",
"date":"2013-03-03 17:03:55"
},
{
"kids":[
"zlJSC9HxR"
],
"uid":"1718357015",
"parent":"",
"text":"",
"mid":"zlJPW5OjP",
"date":"2013-03-03 16:59:26"
},
{
"kids":[],
"uid":"goodqi",
"parent":"",
"text":"NB",
"mid":"zlJPBECoM",
"date":"2013-03-03 16:58:37"
},
{
"kids":[
"zlLmZmhlM"
],
"uid":"yyandylin",
"parent":"",
"text":"是可有，孰不可有？",
"mid":"zlJPuhwDP",
"date":"2013-03-03 16:58:19"
},
{
"kids":[],
"uid":"2526338813",
"parent":"",
"text":"问题大了蒙牛",
"mid":"zlJKJDg45",
"date":"2013-03-03 16:46:37"
},
{
"kids":[],
"uid":"1735736047",
"parent":"",
"text":"[悲伤]",
"mid":"zlJKFxu8A",
"date":"2013-03-03 16:46:28"
},
{
"kids":[],
"uid":"2143851592",
"parent":"",
"text":"这个要合规！",
"mid":"zlJKis8KZ",
"date":"2013-03-03 16:45:32"
},
{
"kids":[
"zlRkHwgDx"
],
"uid":"2820370383",
"parent":"zlJHHr0nn",
"text":"",
"mid":"zlJJeixHR",
"date":"2013-03-03 16:42:54"
},
{
"kids":[],
"uid":"2599872520",
"parent":"",
"text":"政协发言人表示，内地奶制品99%都是安全的，恩",
"mid":"zlJHOxwVj",
"date":"2013-03-03 16:39:24"
},
{
"kids":[
"zlJJeixHR"
],
"uid":"2567827207",
"parent":"",
"text":"[围观]",
"mid":"zlJHHr0nn",
"date":"2013-03-03 16:39:09"
},
{
"kids":[],
"uid":"1904528463",
"parent":"",
"text":"超额收益！",
"mid":"zlJHh8ipY",
"date":"2013-03-03 16:38:06"
},
{
"kids":[],
"uid":"1498591595",
"parent":"zlJtLoAjr",
"text":"可真有良心加勤劳。",
"mid":"zlJFLsrfT",
"date":"2013-03-03 16:34:23"
},
{
"kids":[],
"uid":"1015872084",
"parent":"",
"text":"加油蒙牛！[哈哈]",
"mid":"zlJFIv78H",
"date":"2013-03-03 16:34:16"
},
{
"kids":[],
"uid":"1654950831",
"parent":"",
"text":"",
"mid":"zlJF9EvXH",
"date":"2013-03-03 16:32:50"
},
{
"kids":[],
"uid":"2285892352",
"parent":"",
"text":"@helong_yang @来自北方的浪 @薛蛮子 你们敢喝么？我是不敢！",
"mid":"zlJCLiBem",
"date":"2013-03-03 16:26:57"
},
{
"kids":[
"zlK4ewa7M"
],
"uid":"2303043041",
"parent":"",
"text":"",
"mid":"zlJCdmIod",
"date":"2013-03-03 16:25:38"
},
{
"kids":[],
"uid":"2111275267",
"parent":"",
"text":"还是蒙牛给力，穿越生产！[给力][神马][围观]",
"mid":"zlJzeFB8C",
"date":"2013-03-03 16:18:17"
},
{
"kids":[],
"uid":"2009044301",
"parent":"",
"text":"",
"mid":"zlJyUh9ai",
"date":"2013-03-03 16:17:29"
},
{
"kids":[],
"uid":"1942141325",
"parent":"",
"text":"蒙牛怎么还没倒毙，真牛",
"mid":"zlJwOepPM",
"date":"2013-03-03 16:12:19"
},
{
"kids":[],
"uid":"1911132655",
"parent":"",
"text":"",
"mid":"zlJwA3qYx",
"date":"2013-03-03 16:11:45"
},
{
"kids":[
"zlVypiAYK",
"zlJX19w4d"
],
"uid":"hellboy1978",
"parent":"",
"text":"良心奶，我开始相信了！",
"mid":"zlJw8ygX1",
"date":"2013-03-03 16:10:39"
},
{
"kids":[],
"uid":"2785509530",
"parent":"",
"text":"",
"mid":"zlJvNhNLB",
"date":"2013-03-03 16:09:49"
},
{
"kids":[],
"uid":"1884032560",
"parent":"",
"text":"坚决抵制！",
"mid":"zlJuqbtZ2",
"date":"2013-03-03 16:06:24"
},
{
"kids":[
"zlKRRtRqa",
"zlJFLsrfT"
],
"uid":"1871880677",
"parent":"",
"text":"",
"mid":"zlJtLoAjr",
"date":"2013-03-03 16:04:49"
},
{
"kids":[],
"uid":"fyvictor",
"parent":"",
"text":"禽兽",
"mid":"zlJsjklew",
"date":"2013-03-03 16:01:15"
},
{
"kids":[],
"uid":"1352661377",
"parent":"",
"text":"",
"mid":"zlJqocCXR",
"date":"2013-03-03 15:56:29"
},
{
"kids":[],
"uid":"17487720",
"parent":"",
"text":"悲催的，恶心的蒙牛。",
"mid":"zlJpXDKNB",
"date":"2013-03-03 15:55:26"
},
{
"kids":[],
"uid":"2363657047",
"parent":"",
"text":"来自火星的蒙牛",
"mid":"zlJpS0VVo",
"date":"2013-03-03 15:55:13"
}
]