[
{
"kids":[],
"uid":"2802932940",
"parent":"yAtGUuxVu",
"text":"",
"mid":"z1s75A9Rr",
"date":"2012-10-21 07:06:10"
},
{
"kids":[],
"uid":"1584035277",
"parent":"yAtGUuxVu",
"text":"",
"mid":"z1s75zgyT",
"date":"2012-10-21 07:06:11"
},
{
"kids":[],
"uid":"2865715434",
"parent":"yB6zvbfSQ",
"text":"",
"mid":"yB6XAhzhL",
"date":"2012-09-09 20:41:43"
},
{
"kids":[
"yB6XAhzhL"
],
"uid":"2571892372",
"parent":"yAt2sFbjY",
"text":"",
"mid":"yB6zvbfSQ",
"date":"2012-09-09 19:42:22"
},
{
"kids":[],
"uid":"1581710575",
"parent":"yArCFqkzW",
"text":"",
"mid":"yB4SibafI",
"date":"2012-09-09 15:23:09"
},
{
"kids":[],
"uid":"1581710647",
"parent":"yArCFqkzW",
"text":"",
"mid":"yAVuDrZT8",
"date":"2012-09-08 15:30:09"
},
{
"kids":[],
"uid":"1777529180",
"parent":"",
"text":"",
"mid":"yAFZVBsiN",
"date":"2012-09-07 00:03:20"
},
{
"kids":[],
"uid":"applexiao",
"parent":"yAzHNfHOE",
"text":"",
"mid":"yAzXJEmoS",
"date":"2012-09-06 08:41:27"
},
{
"kids":[
"yAzXJEmoS"
],
"uid":"stefaniezj",
"parent":"yAzHe5cL9",
"text":"",
"mid":"yAzHNfHOE",
"date":"2012-09-06 08:02:10"
},
{
"kids":[
"yAzHNfHOE"
],
"uid":"1887380650",
"parent":"yAt5B7W3b",
"text":"",
"mid":"yAzHe5cL9",
"date":"2012-09-06 08:00:45"
},
{
"kids":[],
"uid":"1878998460",
"parent":"yAt2sFbjY",
"text":"趕緊幫忙轉，這麼可愛的小孩，現在的人怎麼都這樣啊，連小孩都不放過。",
"mid":"yAvna7yqo",
"date":"2012-09-05 21:00:19"
},
{
"kids":[],
"uid":"1589691631",
"parent":"yAs9S8RUY",
"text":"",
"mid":"yAvaaiFLy",
"date":"2012-09-05 20:28:17"
},
{
"kids":[],
"uid":"2429195994",
"parent":"",
"text":"",
"mid":"yAv6CaP6b",
"date":"2012-09-05 20:19:35"
},
{
"kids":[],
"uid":"2422593920",
"parent":"yAt2sFbjY",
"text":"",
"mid":"yAuMM3yq9",
"date":"2012-09-05 19:30:41"
},
{
"kids":[],
"uid":"1914165410",
"parent":"yAsHlCcnD",
"text":"",
"mid":"yAuEf6OS0",
"date":"2012-09-05 19:09:39"
},
{
"kids":[],
"uid":"1814782830",
"parent":"",
"text":"",
"mid":"yAugIibvT",
"date":"2012-09-05 18:11:42"
},
{
"kids":[],
"uid":"2291486717",
"parent":"",
"text":"",
"mid":"yAu9CyHdB",
"date":"2012-09-05 17:54:15"
},
{
"kids":[],
"uid":"2554134060",
"parent":"",
"text":"[爱心传递]",
"mid":"yAtXBlRB9",
"date":"2012-09-05 17:24:38"
},
{
"kids":[],
"uid":"1588709642",
"parent":"yAtFZtFUF",
"text":"",
"mid":"yAtWqjqg7",
"date":"2012-09-05 17:21:44"
},
{
"kids":[],
"uid":"2360814622",
"parent":"yAt2sFbjY",
"text":"",
"mid":"yAtVV3El9",
"date":"2012-09-05 17:20:30"
},
{
"kids":[],
"uid":"1564070203",
"parent":"yAtyxlZ7g",
"text":"那么可爱的小朋友...大家转转吧",
"mid":"yAtTRn5kv",
"date":"2012-09-05 17:15:25"
},
{
"kids":[],
"uid":"1612710883",
"parent":"yAt2sFbjY",
"text":"",
"mid":"yAtTtqwII",
"date":"2012-09-05 17:14:27"
},
{
"kids":[],
"uid":"2320095762",
"parent":"",
"text":"",
"mid":"yAtSm10D3",
"date":"2012-09-05 17:11:42"
},
{
"kids":[],
"uid":"1662829111",
"parent":"yAt5B7W3b",
"text":"好可爱的小男孩，一定要找回来",
"mid":"yAtQv5pgr",
"date":"2012-09-05 17:07:08"
},
{
"kids":[],
"uid":"1944226040",
"parent":"yAtyxlZ7g",
"text":"",
"mid":"yAtOszV3w",
"date":"2012-09-05 17:02:07"
},
{
"kids":[],
"uid":"1802623895",
"parent":"",
"text":"好阳光的宝贝，自动转发昂！！",
"mid":"yAtN9lMmV",
"date":"2012-09-05 16:58:53"
},
{
"kids":[],
"uid":"ppdr55",
"parent":"yAsvIDKOB",
"text":"",
"mid":"yAtLOAD4b",
"date":"2012-09-05 16:55:36"
},
{
"kids":[],
"uid":"2437223112",
"parent":"yAtbQcJAt",
"text":"",
"mid":"yAtLfp8Uy",
"date":"2012-09-05 16:54:12"
},
{
"kids":[
"z1s75A9Rr",
"z1s75zgyT"
],
"uid":"2230207554",
"parent":"",
"text":"",
"mid":"yAtGUuxVu",
"date":"2012-09-05 16:43:30"
},
{
"kids":[],
"uid":"2682298510",
"parent":"yArI6096F",
"text":"",
"mid":"yAtG7tYvA",
"date":"2012-09-05 16:41:32"
},
{
"kids":[
"yAtWqjqg7"
],
"uid":"1472536672",
"parent":"",
"text":"",
"mid":"yAtFZtFUF",
"date":"2012-09-05 16:41:16"
},
{
"kids":[],
"uid":"2369527287",
"parent":"yAt2sFbjY",
"text":"",
"mid":"yAtAjhMkZ",
"date":"2012-09-05 16:27:13"
},
{
"kids":[
"yAtTRn5kv",
"yAtOszV3w"
],
"uid":"2098529787",
"parent":"",
"text":"多转转吧",
"mid":"yAtyxlZ7g",
"date":"2012-09-05 16:22:53"
},
{
"kids":[],
"uid":"2118301091",
"parent":"yAt2sFbjY",
"text":"扩！",
"mid":"yAtvhetdL",
"date":"2012-09-05 16:14:48"
},
{
"kids":[],
"uid":"2470982630",
"parent":"",
"text":"",
"mid":"yAtuAoKJJ",
"date":"2012-09-05 16:13:06"
},
{
"kids":[],
"uid":"1731659025",
"parent":"yAt2sFbjY",
"text":"必须转",
"mid":"yAtoT0Azl",
"date":"2012-09-05 15:59:05"
},
{
"kids":[],
"uid":"luguangbin",
"parent":"yArKpAxdM",
"text":"",
"mid":"yAtgbmKTn",
"date":"2012-09-05 15:37:39"
},
{
"kids":[],
"uid":"1279200880",
"parent":"yAt2sFbjY",
"text":"林希爸爸，这条微博我也转发了，不过后来证明是虚假的。真不知道那个发布者居心何在 难道是觉着自己儿子长得可爱 借微博界炒作吗[弱]",
"mid":"yAtcWtoe1",
"date":"2012-09-05 15:29:39"
},
{
"kids":[
"yAtLfp8Uy"
],
"uid":"2370054523",
"parent":"yAt2sFbjY",
"text":"",
"mid":"yAtbQcJAt",
"date":"2012-09-05 15:26:58"
},
{
"kids":[
"yAzHe5cL9",
"yAtQv5pgr"
],
"uid":"1786163607",
"parent":"yAsI8pRHh",
"text":"",
"mid":"yAt5B7W3b",
"date":"2012-09-05 15:11:35"
},
{
"kids":[],
"uid":"2343108721",
"parent":"yAt2sFbjY",
"text":"",
"mid":"yAt3jzedF",
"date":"2012-09-05 15:05:56"
},
{
"kids":[
"yB6zvbfSQ",
"yAvna7yqo",
"yAuMM3yq9",
"yAtVV3El9",
"yAtTtqwII",
"yAtAjhMkZ",
"yAtvhetdL",
"yAtoT0Azl",
"yAtcWtoe1",
"yAtbQcJAt",
"yAt3jzedF"
],
"uid":"2684164257",
"parent":"yAsO08KRl",
"text":"",
"mid":"yAt2sFbjY",
"date":"2012-09-05 15:03:52"
},
{
"kids":[],
"uid":"2208291134",
"parent":"",
"text":"",
"mid":"yAsTHidUL",
"date":"2012-09-05 14:42:16"
},
{
"kids":[],
"uid":"2469897905",
"parent":"",
"text":"转转吧·······",
"mid":"yAsQACYdr",
"date":"2012-09-05 14:34:36"
},
{
"kids":[
"yAt2sFbjY"
],
"uid":"2650069084",
"parent":"yAsKIyhJu",
"text":"转，扩散[围观]",
"mid":"yAsO08KRl",
"date":"2012-09-05 14:28:14"
},
{
"kids":[],
"uid":"2648936960",
"parent":"",
"text":"帮忙，动动手指吧。",
"mid":"yAsNY4FNW",
"date":"2012-09-05 14:28:10"
},
{
"kids":[],
"uid":"1946744483",
"parent":"",
"text":"转发微博。",
"mid":"yAsMVEJ5Q",
"date":"2012-09-05 14:25:36"
},
{
"kids":[],
"uid":"2620266203",
"parent":"",
"text":"",
"mid":"yAsLIkmbU",
"date":"2012-09-05 14:22:36"
},
{
"kids":[
"yAsO08KRl"
],
"uid":"2542089874",
"parent":"yArWK3I7T",
"text":"转 好可爱的小孩",
"mid":"yAsKIyhJu",
"date":"2012-09-05 14:20:09"
},
{
"kids":[],
"uid":"2856430430",
"parent":"",
"text":"转起来吧，赶紧把孩子还给人家！",
"mid":"yAsJZnvX6",
"date":"2012-09-05 14:18:20"
},
{
"kids":[
"yAt5B7W3b"
],
"uid":"1933206187",
"parent":"yAsHlCcnD",
"text":"",
"mid":"yAsI8pRHh",
"date":"2012-09-05 14:13:46"
},
{
"kids":[],
"uid":"qinqinxiaorui1986",
"parent":"yAsHlCcnD",
"text":"",
"mid":"yAsHCvIiW",
"date":"2012-09-05 14:12:31"
},
{
"kids":[
"yAuEf6OS0",
"yAsI8pRHh",
"yAsHCvIiW"
],
"uid":"mylammok",
"parent":"yArI6096F",
"text":"",
"mid":"yAsHlCcnD",
"date":"2012-09-05 14:11:50"
},
{
"kids":[],
"uid":"2161585807",
"parent":"",
"text":"",
"mid":"yAsAV2hIL",
"date":"2012-09-05 13:56:01"
},
{
"kids":[],
"uid":"1440498117",
"parent":"yArCA6l6m",
"text":"",
"mid":"yAsARaOzQ",
"date":"2012-09-05 13:55:52"
},
{
"kids":[],
"uid":"1044569914",
"parent":"yArNf6Jm7",
"text":"",
"mid":"yAsACqFMU",
"date":"2012-09-05 13:55:16"
},
{
"kids":[
"yAtLOAD4b"
],
"uid":"1997359473",
"parent":"",
"text":"大家扩散开来~~~",
"mid":"yAsvIDKOB",
"date":"2012-09-05 13:43:11"
},
{
"kids":[],
"uid":"caozi1103",
"parent":"",
"text":"人犯子该全部凌迟！！！",
"mid":"yAsnHC3P2",
"date":"2012-09-05 13:23:25"
},
{
"kids":[],
"uid":"xzhaohuiy",
"parent":"",
"text":"",
"mid":"yAsnkhvPe",
"date":"2012-09-05 13:22:30"
},
{
"kids":[],
"uid":"qiangwei1912",
"parent":"",
"text":"",
"mid":"yAsl3CHFE",
"date":"2012-09-05 13:16:55"
},
{
"kids":[],
"uid":"2381327763",
"parent":"",
"text":"爱心传递～@不吃猫的澈小鱼",
"mid":"yAsjh8b10",
"date":"2012-09-05 13:12:30"
},
{
"kids":[],
"uid":"209000622",
"parent":"yArA4D56C",
"text":"",
"mid":"yAsiTbPXA",
"date":"2012-09-05 13:11:35"
},
{
"kids":[],
"uid":"1731763337",
"parent":"yArxmuDn8",
"text":"",
"mid":"yAsfL2UFc",
"date":"2012-09-05 13:03:51"
},
{
"kids":[],
"uid":"328536969",
"parent":"yAs1MExFY",
"text":"",
"mid":"yAsevAoit",
"date":"2012-09-05 13:00:48"
},
{
"kids":[],
"uid":"1885531727",
"parent":"yAsbZBsC0",
"text":"",
"mid":"yAseiCLYa",
"date":"2012-09-05 13:00:17"
},
{
"kids":[],
"uid":"2423794465",
"parent":"",
"text":"",
"mid":"yAsdRaX87",
"date":"2012-09-05 12:59:11"
},
{
"kids":[],
"uid":"kyle7xy",
"parent":"yArKpAxdM",
"text":"",
"mid":"yAscU5BXK",
"date":"2012-09-05 12:56:48"
},
{
"kids":[],
"uid":"517101229",
"parent":"",
"text":"回复@韩姨在此:举手之劳",
"mid":"yAscddkkh",
"date":"2012-09-05 12:55:09"
},
{
"kids":[
"yAseiCLYa"
],
"uid":"kyumylove",
"parent":"yArM5Cn4n",
"text":"",
"mid":"yAsbZBsC0",
"date":"2012-09-05 12:54:36"
},
{
"kids":[],
"uid":"517101229",
"parent":"",
"text":"扩～扩～扩……",
"mid":"yAsaUxn1T",
"date":"2012-09-05 12:51:56"
},
{
"kids":[],
"uid":"517101229",
"parent":"",
"text":"",
"mid":"yAsaF9fYZ",
"date":"2012-09-05 12:51:19"
},
{
"kids":[],
"uid":"1908939832",
"parent":"",
"text":"",
"mid":"yAsaugiPR",
"date":"2012-09-05 12:50:51"
},
{
"kids":[],
"uid":"2216757214",
"parent":"yArZM0Ljd",
"text":"",
"mid":"yAsaqpIrG",
"date":"2012-09-05 12:50:42"
},
{
"kids":[],
"uid":"1979612173",
"parent":"",
"text":"",
"mid":"yAs9T0b4R",
"date":"2012-09-05 12:49:24"
},
{
"kids":[
"yAvaaiFLy"
],
"uid":"1869891442",
"parent":"",
"text":"",
"mid":"yAs9S8RUY",
"date":"2012-09-05 12:49:22"
},
{
"kids":[],
"uid":"2505562260",
"parent":"",
"text":"",
"mid":"yAs7M4FaE",
"date":"2012-09-05 12:44:12"
},
{
"kids":[],
"uid":"1807344852",
"parent":"",
"text":"",
"mid":"yAs4HeKq4",
"date":"2012-09-05 12:36:37"
},
{
"kids":[],
"uid":"2640475511",
"parent":"",
"text":"",
"mid":"yAs4Ehp9j",
"date":"2012-09-05 12:36:30"
},
{
"kids":[],
"uid":"2406637124",
"parent":"",
"text":"",
"mid":"yAs4wiCMk",
"date":"2012-09-05 12:36:10"
},
{
"kids":[],
"uid":"2749482260",
"parent":"",
"text":"转发微博。",
"mid":"yAs3muGtE",
"date":"2012-09-05 12:33:19"
},
{
"kids":[],
"uid":"1786193824",
"parent":"",
"text":"",
"mid":"yAs2MqEkR",
"date":"2012-09-05 12:31:52"
},
{
"kids":[],
"uid":"326356565",
"parent":"",
"text":"",
"mid":"yAs2D0988",
"date":"2012-09-05 12:31:30"
},
{
"kids":[],
"uid":"2098220541",
"parent":"",
"text":"必须转",
"mid":"yAs2viYst",
"date":"2012-09-05 12:31:13"
},
{
"kids":[
"yAsevAoit"
],
"uid":"2629827473",
"parent":"",
"text":"请大家都帮忙留意下  [悲伤][悲伤]",
"mid":"yAs1MExFY",
"date":"2012-09-05 12:29:27"
},
{
"kids":[],
"uid":"1345827807",
"parent":"",
"text":"帮转吧！没有买卖就没有拐卖！",
"mid":"yAs1c3P0m",
"date":"2012-09-05 12:27:57"
},
{
"kids":[],
"uid":"1950784671",
"parent":"yArZWjvhS",
"text":"",
"mid":"yAs0Xw3XO",
"date":"2012-09-05 12:27:25"
},
{
"kids":[],
"uid":"1879416450",
"parent":"",
"text":"[围观]",
"mid":"yAs0uxzNu",
"date":"2012-09-05 12:26:15"
},
{
"kids":[],
"uid":"chaoxinyang",
"parent":"",
"text":"",
"mid":"yAs0fvmhw",
"date":"2012-09-05 12:25:40"
},
{
"kids":[],
"uid":"2533464163",
"parent":"",
"text":"",
"mid":"yAs0ftmp7",
"date":"2012-09-05 12:25:40"
},
{
"kids":[
"yAs0Xw3XO"
],
"uid":"sunyouzhi",
"parent":"yArA4D56C",
"text":"",
"mid":"yArZWjvhS",
"date":"2012-09-05 12:24:54"
},
{
"kids":[],
"uid":"1245898865",
"parent":"",
"text":"",
"mid":"yArZTFuU2",
"date":"2012-09-05 12:24:48"
},
{
"kids":[
"yAsaqpIrG"
],
"uid":"wxjj520",
"parent":"yArXdjBha",
"text":"转",
"mid":"yArZM0Ljd",
"date":"2012-09-05 12:24:27"
},
{
"kids":[],
"uid":"1712268372",
"parent":"",
"text":"",
"mid":"yArYKryDX",
"date":"2012-09-05 12:21:58"
},
{
"kids":[],
"uid":"2142650045",
"parent":"",
"text":"",
"mid":"yArXWsZUI",
"date":"2012-09-05 12:19:59"
},
{
"kids":[],
"uid":"2411321844",
"parent":"",
"text":"不要为了利益忽视了孩子！希望早日寻到~",
"mid":"yArXVBAEu",
"date":"2012-09-05 12:19:56"
},
{
"kids":[],
"uid":"2584705480",
"parent":"",
"text":"[爱心传递]",
"mid":"yArXP9nmD",
"date":"2012-09-05 12:19:39"
},
{
"kids":[],
"uid":"2827560742",
"parent":"",
"text":"我们都知道做父母亲的辛苦，可怜的孩子，希望孩子找日回到他父母亲的身份来。",
"mid":"yArXyfdfY",
"date":"2012-09-05 12:19:01"
},
{
"kids":[
"yArZM0Ljd"
],
"uid":"2417503702",
"parent":"",
"text":"",
"mid":"yArXdjBha",
"date":"2012-09-05 12:18:10"
},
{
"kids":[
"yAsKIyhJu"
],
"uid":"2428192554",
"parent":"yArEndsUo",
"text":"",
"mid":"yArWK3I7T",
"date":"2012-09-05 12:17:02"
},
{
"kids":[],
"uid":"2796695170",
"parent":"",
"text":"",
"mid":"yArW9oNSI",
"date":"2012-09-05 12:15:34"
},
{
"kids":[],
"uid":"2374267287",
"parent":"",
"text":"可憐天下父母心[淚]",
"mid":"yArVPhJ4u",
"date":"2012-09-05 12:14:46"
},
{
"kids":[],
"uid":"2505562260",
"parent":"yArTrfZTd",
"text":"",
"mid":"yArUEATN5",
"date":"2012-09-05 12:11:53"
},
{
"kids":[
"yArUEATN5"
],
"uid":"2346997835",
"parent":"",
"text":"好可爱的宝贝，希望早日寻回。",
"mid":"yArTrfZTd",
"date":"2012-09-05 12:08:53"
},
{
"kids":[],
"uid":"tbsmxx",
"parent":"",
"text":"",
"mid":"yArRN2xan",
"date":"2012-09-05 12:04:50"
},
{
"kids":[],
"uid":"2432569375",
"parent":"",
"text":"好心人帮忙找找看[心]",
"mid":"yArQvghq7",
"date":"2012-09-05 12:01:38"
},
{
"kids":[],
"uid":"1017947733",
"parent":"yArz8bltl",
"text":"",
"mid":"yArQnxGs3",
"date":"2012-09-05 12:01:20"
},
{
"kids":[],
"uid":"zhangtingaimei",
"parent":"",
"text":"",
"mid":"yArQ9mDjL",
"date":"2012-09-05 12:00:47"
},
{
"kids":[],
"uid":"1968145461",
"parent":"yArAqw39i",
"text":"",
"mid":"yArPNvvic",
"date":"2012-09-05 11:59:54"
},
{
"kids":[],
"uid":"2010zbj",
"parent":"yArM5Cn4n",
"text":"",
"mid":"yArPLa77k",
"date":"2012-09-05 11:59:48"
},
{
"kids":[],
"uid":"2670192721",
"parent":"",
"text":"",
"mid":"yArPHzkwo",
"date":"2012-09-05 11:59:40"
},
{
"kids":[],
"uid":"jakijin",
"parent":"",
"text":"",
"mid":"yArPom48d",
"date":"2012-09-05 11:58:55"
},
{
"kids":[],
"uid":"2361163660",
"parent":"",
"text":"",
"mid":"yArNzebg6",
"date":"2012-09-05 11:54:25"
},
{
"kids":[],
"uid":"2142178765",
"parent":"",
"text":"最痛恨拐卖小孩的人了@李开复",
"mid":"yArNy1vxL",
"date":"2012-09-05 11:54:22"
},
{
"kids":[
"yAsACqFMU"
],
"uid":"1659547230",
"parent":"yArM5Cn4n",
"text":"",
"mid":"yArNf6Jm7",
"date":"2012-09-05 11:53:37"
},
{
"kids":[
"yAsbZBsC0",
"yArPLa77k",
"yArNf6Jm7"
],
"uid":"1604302954",
"parent":"",
"text":"请大家帮忙转发，可爱的孩子，祝你好运！",
"mid":"yArM5Cn4n",
"date":"2012-09-05 11:50:45"
},
{
"kids":[],
"uid":"2503357814",
"parent":"",
"text":"",
"mid":"yArKVwRHn",
"date":"2012-09-05 11:47:55"
},
{
"kids":[
"yAtgbmKTn",
"yAscU5BXK"
],
"uid":"chinajika",
"parent":"yArI6096F",
"text":"",
"mid":"yArKpAxdM",
"date":"2012-09-05 11:46:37"
},
{
"kids":[],
"uid":"2189294837",
"parent":"",
"text":"[话筒] [话筒]",
"mid":"yArIBA5ms",
"date":"2012-09-05 11:42:11"
},
{
"kids":[],
"uid":"1919567053",
"parent":"",
"text":"",
"mid":"yArIb0CIH",
"date":"2012-09-05 11:41:08"
},
{
"kids":[
"yAtG7tYvA",
"yAsHlCcnD",
"yArKpAxdM"
],
"uid":"1821449882",
"parent":"",
"text":"扩散[可怜]",
"mid":"yArI6096F",
"date":"2012-09-05 11:40:56"
},
{
"kids":[],
"uid":"1403671897",
"parent":"yArBn2Si2",
"text":"",
"mid":"yArH03WVq",
"date":"2012-09-05 11:38:13"
},
{
"kids":[],
"uid":"1938308335",
"parent":"yArAqw39i",
"text":"",
"mid":"yArGgvTUc",
"date":"2012-09-05 11:36:25"
},
{
"kids":[],
"uid":"adlx",
"parent":"",
"text":"虽然我的力量微薄，但也愿尽自己的一份力。转…",
"mid":"yArEWoxzi",
"date":"2012-09-05 11:33:10"
},
{
"kids":[
"yArWK3I7T"
],
"uid":"2375466890",
"parent":"",
"text":"扩散，快点回家！",
"mid":"yArEndsUo",
"date":"2012-09-05 11:31:46"
},
{
"kids":[],
"uid":"2365106682",
"parent":"yAryj4w77",
"text":"",
"mid":"yArDftDKS",
"date":"2012-09-05 11:29:00"
},
{
"kids":[],
"uid":"zhiyebusy",
"parent":"",
"text":"",
"mid":"yArCX9hl1",
"date":"2012-09-05 11:28:15"
},
{
"kids":[
"yB4SibafI",
"yAVuDrZT8"
],
"uid":"1686256875",
"parent":"yArxmuDn8",
"text":"",
"mid":"yArCFqkzW",
"date":"2012-09-05 11:27:33"
},
{
"kids":[
"yAsARaOzQ"
],
"uid":"2270253000",
"parent":"",
"text":"",
"mid":"yArCA6l6m",
"date":"2012-09-05 11:27:20"
},
{
"kids":[],
"uid":"2414272981",
"parent":"",
"text":"",
"mid":"yArC9w8Bw",
"date":"2012-09-05 11:26:18"
},
{
"kids":[
"yArH03WVq"
],
"uid":"sexyleanne",
"parent":"yArAqw39i",
"text":"",
"mid":"yArBn2Si2",
"date":"2012-09-05 11:24:22"
},
{
"kids":[],
"uid":"1995612263",
"parent":"",
"text":"@段林希陕西后援分会 @段林希",
"mid":"yArB7otjE",
"date":"2012-09-05 11:23:45"
},
{
"kids":[],
"uid":"2426996450",
"parent":"",
"text":"大家都帮帮吧！",
"mid":"yArAyw1dl",
"date":"2012-09-05 11:22:21"
},
{
"kids":[
"yArPNvvic",
"yArGgvTUc",
"yArBn2Si2"
],
"uid":"1451820483",
"parent":"yArxmuDn8",
"text":"",
"mid":"yArAqw39i",
"date":"2012-09-05 11:22:03"
},
{
"kids":[
"yAsiTbPXA",
"yArZWjvhS"
],
"uid":"yllerhu",
"parent":"yArxmuDn8",
"text":"找孩子",
"mid":"yArA4D56C",
"date":"2012-09-05 11:21:11"
},
{
"kids":[],
"uid":"xfjiajia",
"parent":"",
"text":"",
"mid":"yArzs0k8O",
"date":"2012-09-05 11:19:38"
},
{
"kids":[
"yArQnxGs3"
],
"uid":"2432375185",
"parent":"",
"text":"",
"mid":"yArz8bltl",
"date":"2012-09-05 11:18:50"
},
{
"kids":[],
"uid":"1839585811",
"parent":"yArxmuDn8",
"text":"",
"mid":"yAryKdoua",
"date":"2012-09-05 11:17:53"
},
{
"kids":[],
"uid":"2278309050",
"parent":"yAryj4w77",
"text":"",
"mid":"yAryDr592",
"date":"2012-09-05 11:17:38"
},
{
"kids":[],
"uid":"wangxuhua",
"parent":"",
"text":"找孩子！",
"mid":"yAryCwgM5",
"date":"2012-09-05 11:17:35"
},
{
"kids":[],
"uid":"333168279",
"parent":"",
"text":"",
"mid":"yArytp0ms",
"date":"2012-09-05 11:17:14"
},
{
"kids":[
"yArDftDKS",
"yAryDr592"
],
"uid":"2416432382",
"parent":"",
"text":"这么可爱的孩子，人贩子太狠了",
"mid":"yAryj4w77",
"date":"2012-09-05 11:16:49"
},
{
"kids":[
"yAsfL2UFc",
"yArCFqkzW",
"yArAqw39i",
"yArA4D56C",
"yAryKdoua"
],
"uid":"renxiangjun",
"parent":"",
"text":"",
"mid":"yArxmuDn8",
"date":"2012-09-05 11:14:30"
},
{
"kids":[],
"uid":"xfjiajia",
"parent":"",
"text":"[围观]@段林希",
"mid":"yArwUcf6f",
"date":"2012-09-05 11:13:22"
},
{
"kids":[],
"uid":"1867694292",
"parent":"",
"text":"",
"mid":"yArvPEggE",
"date":"2012-09-05 11:10:44"
},
{
"kids":[],
"uid":"2325250107",
"parent":"",
"text":"转吧[围观]",
"mid":"yArvwuPwT",
"date":"2012-09-05 11:09:58"
},
{
"kids":[],
"uid":"yayangmodel",
"parent":"",
"text":"大家多多帮忙@明星经纪人揣宝 @解放sunshow @李维嘉 @何炅",
"mid":"yArvwb8LK",
"date":"2012-09-05 11:09:57"
}
]