[
{
"kids":[],
"uid":"oeddyo",
"parent":"",
"text":"test",
"mid":"A7lMzDU0R",
"date":"2013-09-01 00:45:16"
},
{
"kids":[],
"uid":"798dingzihu",
"parent":"zwMwWigxt",
"text":"",
"mid":"zBSdU0RdF",
"date":"2013-06-17 19:45:19"
},
{
"kids":[],
"uid":"2803428700",
"parent":"zwMr31Hxq",
"text":"",
"mid":"zAzYysrob",
"date":"2013-06-09 07:27:45"
},
{
"kids":[],
"uid":"3045110494",
"parent":"zwMr31Hxq",
"text":"",
"mid":"zzGZJkDDD",
"date":"2013-06-03 11:29:35"
},
{
"kids":[],
"uid":"2920469610",
"parent":"zwMr31Hxq",
"text":"",
"mid":"zzFM46cDb",
"date":"2013-06-03 08:23:10"
},
{
"kids":[],
"uid":"2345489754",
"parent":"zwIKC3Juw",
"text":"",
"mid":"zz59LipoC",
"date":"2013-05-30 11:09:54"
},
{
"kids":[],
"uid":"2919785410",
"parent":"zwMr31Hxq",
"text":"",
"mid":"zyVWH8hll",
"date":"2013-05-29 11:42:58"
},
{
"kids":[],
"uid":"2804135900",
"parent":"zwMr31Hxq",
"text":"",
"mid":"zyVg0qb0A",
"date":"2013-05-29 09:57:50"
},
{
"kids":[],
"uid":"3044006994",
"parent":"zwMr31Hxq",
"text":"",
"mid":"zyMIJr8GF",
"date":"2013-05-28 12:13:53"
},
{
"kids":[],
"uid":"2790067564",
"parent":"zwN0I9z4s",
"text":"",
"mid":"zyCjPdTQ4",
"date":"2013-05-27 09:45:02"
},
{
"kids":[],
"uid":"2376491577",
"parent":"",
"text":"值得学习",
"mid":"zxZTnd5tp",
"date":"2013-05-23 07:55:30"
},
{
"kids":[],
"uid":"zxjask",
"parent":"",
"text":"重要的不是知道真相，是官司尽然打赢了。",
"mid":"zxZNHzW3N",
"date":"2013-05-23 07:41:31"
},
{
"kids":[],
"uid":"1901317955",
"parent":"zwH0OmCRo",
"text":"美国就是好",
"mid":"zxZGwyoOC",
"date":"2013-05-23 07:23:50"
},
{
"kids":[],
"uid":"2803875804",
"parent":"zwN0I9z4s",
"text":"",
"mid":"zxSdMAgP3",
"date":"2013-05-22 12:23:49"
},
{
"kids":[],
"uid":"luying2956999",
"parent":"zwHmrxoBM",
"text":"[嘻嘻]",
"mid":"zxL1i1qIw",
"date":"2013-05-21 18:03:48"
},
{
"kids":[],
"uid":"2920305070",
"parent":"zwN0I9z4s",
"text":"",
"mid":"zxIcAtnqq",
"date":"2013-05-21 10:53:24"
},
{
"kids":[],
"uid":"2920442662",
"parent":"zwN0I9z4s",
"text":"",
"mid":"zxHiRgOVQ",
"date":"2013-05-21 08:36:06"
},
{
"kids":[],
"uid":"liward",
"parent":"zwHK7jihR",
"text":"",
"mid":"zxyLAiGvp",
"date":"2013-05-20 10:52:09"
},
{
"kids":[],
"uid":"1626345533",
"parent":"",
"text":"",
"mid":"zxtEgalAV",
"date":"2013-05-19 21:50:25"
},
{
"kids":[],
"uid":"2686232074",
"parent":"",
"text":"@",
"mid":"zxsE9jwdK",
"date":"2013-05-19 19:17:21"
},
{
"kids":[],
"uid":"1409049865",
"parent":"",
"text":"",
"mid":"zxszb6h2K",
"date":"2013-05-19 19:05:04"
},
{
"kids":[],
"uid":"1798285970",
"parent":"zwXb8FRuf",
"text":"",
"mid":"zxrrVAV3Q",
"date":"2013-05-19 16:14:30"
},
{
"kids":[],
"uid":"1926013453",
"parent":"zwJnEqzRN",
"text":"",
"mid":"zxn1svwLA",
"date":"2013-05-19 04:58:17"
},
{
"kids":[],
"uid":"2971286871",
"parent":"",
"text":"",
"mid":"zxkmR7VdD",
"date":"2013-05-18 22:12:44"
},
{
"kids":[],
"uid":"chouchoudawang",
"parent":"zx1d3nk6g",
"text":"[阴险]",
"mid":"zxc5Xbh30",
"date":"2013-05-18 01:09:09"
},
{
"kids":[],
"uid":"3217022740",
"parent":"",
"text":"这都行额",
"mid":"zxbVQ8onH",
"date":"2013-05-18 00:44:13"
},
{
"kids":[],
"uid":"1642353140",
"parent":"zx5cOgfo1",
"text":"",
"mid":"zx74vkgPZ",
"date":"2013-05-17 12:21:49"
},
{
"kids":[],
"uid":"2118834395",
"parent":"",
"text":"还得再看一遍《绿色奇迹》http:",
"mid":"zx6GG9pM7",
"date":"2013-05-17 11:23:09"
},
{
"kids":[],
"uid":"1793356855",
"parent":"zx1uytotm",
"text":"鬼才信！你以为美国政府是傻B？",
"mid":"zx6f8dE9U",
"date":"2013-05-17 10:15:17"
},
{
"kids":[],
"uid":"2319903654",
"parent":"",
"text":"",
"mid":"zx5yzcbqp",
"date":"2013-05-17 08:30:23"
},
{
"kids":[],
"uid":"2109357850",
"parent":"zx1Uozs2F",
"text":"",
"mid":"zx5hC5yQj",
"date":"2013-05-17 07:48:39"
},
{
"kids":[
"zx74vkgPZ"
],
"uid":"2260343177",
"parent":"zx1zw2Wli",
"text":"",
"mid":"zx5cOgfo1",
"date":"2013-05-17 07:36:48"
},
{
"kids":[],
"uid":"warriorsarmin",
"parent":"zx1d3nk6g",
"text":"可恶的美帝国资本主义！",
"mid":"zx2TY6Ccl",
"date":"2013-05-17 01:44:53"
},
{
"kids":[],
"uid":"2649516194",
"parent":"",
"text":"真特么矫情。。美国海外用兵死了多少无辜平民，怎么就你们本国人是命，别的都是草芥？[吐][吐]",
"mid":"zx2fQDbfy",
"date":"2013-05-17 00:06:03"
},
{
"kids":[],
"uid":"1948365683",
"parent":"zx1Uozs2F",
"text":"",
"mid":"zx1ZL4CJG",
"date":"2013-05-16 23:26:24"
},
{
"kids":[],
"uid":"2741789071",
"parent":"zwJAbyeGR",
"text":"一码归一码！",
"mid":"zx1Zp8O8f",
"date":"2013-05-16 23:25:33"
},
{
"kids":[
"zx5hC5yQj",
"zx1ZL4CJG"
],
"uid":"2200419133",
"parent":"zx1zw2Wli",
"text":"在天朝绝对不可能",
"mid":"zx1Uozs2F",
"date":"2013-05-16 23:13:10"
},
{
"kids":[],
"uid":"xiangny",
"parent":"zx1d3nk6g",
"text":"",
"mid":"zx1IbxHwt",
"date":"2013-05-16 22:43:10"
},
{
"kids":[],
"uid":"1057081953",
"parent":"zx1d3nk6g",
"text":"[吃惊][吃惊][吃惊]",
"mid":"zx1GmnYfT",
"date":"2013-05-16 22:38:36"
},
{
"kids":[],
"uid":"veroyqq",
"parent":"zx1dcfjl1",
"text":"有什么奇怪的, 其实真正赔的不是40分钟而是有duty负责囚犯安全却明知会犯病还给喝酒的监管不力.40分钟是到算钱的时候一个factor.原po标题党而已.",
"mid":"zx1AVdAwD",
"date":"2013-05-16 22:25:14"
},
{
"kids":[],
"uid":"1947209387",
"parent":"zwHnPftch",
"text":"",
"mid":"zx1AAyVRT",
"date":"2013-05-16 22:24:22"
},
{
"kids":[],
"uid":"2313503204",
"parent":"zx1uzAIOj",
"text":"好吧，了解自己国家的法律很重要",
"mid":"zx1A1CWDo",
"date":"2013-05-16 22:22:59"
},
{
"kids":[
"zx5cOgfo1",
"zx1Uozs2F"
],
"uid":"1700350481",
"parent":"zx1d3nk6g",
"text":"搞笑",
"mid":"zx1zw2Wli",
"date":"2013-05-16 22:21:47"
},
{
"kids":[],
"uid":"1873265837",
"parent":"zx1v0yTQF",
"text":"",
"mid":"zx1ygkAPm",
"date":"2013-05-16 22:18:40"
},
{
"kids":[],
"uid":"2941297032",
"parent":"zx1d3nk6g",
"text":"",
"mid":"zx1wPprb3",
"date":"2013-05-16 22:15:09"
},
{
"kids":[
"zx1ygkAPm"
],
"uid":"shiyezi",
"parent":"zx1uytotm",
"text":"[话筒]",
"mid":"zx1v0yTQF",
"date":"2013-05-16 22:10:36"
},
{
"kids":[
"zx1A1CWDo"
],
"uid":"2396638897",
"parent":"",
"text":"这种事情也就只有美国有，可悲的是我们还把它当笑话听",
"mid":"zx1uzAIOj",
"date":"2013-05-16 22:09:36"
},
{
"kids":[
"zx6f8dE9U",
"zx1v0yTQF"
],
"uid":"1221133812",
"parent":"zx1d3nk6g",
"text":"估计又是典型的公知体",
"mid":"zx1uytotm",
"date":"2013-05-16 22:09:33"
},
{
"kids":[],
"uid":"2180600784",
"parent":"zwPTDvtfr",
"text":"",
"mid":"zx1t5qDAl",
"date":"2013-05-16 22:05:53"
},
{
"kids":[],
"uid":"shiyezi",
"parent":"zx1mQ6B8p",
"text":"回复@宇宙豪客:[衰]",
"mid":"zx1sNp3bS",
"date":"2013-05-16 22:05:14"
},
{
"kids":[],
"uid":"shiyezi",
"parent":"zx1rGyTkU",
"text":"谣言，是在讽刺天朝吧",
"mid":"zx1sDqgrs",
"date":"2013-05-16 22:04:48"
},
{
"kids":[
"zx1sDqgrs"
],
"uid":"2056092244",
"parent":"zx1dVwICD",
"text":"美国好像没有死刑哦。说是判几百年的有",
"mid":"zx1rGyTkU",
"date":"2013-05-16 22:02:30"
},
{
"kids":[],
"uid":"3223891251",
"parent":"zx1mQ6B8p",
"text":"",
"mid":"zx1qN2RHO",
"date":"2013-05-16 22:00:16"
},
{
"kids":[],
"uid":"1684068114",
"parent":"zx1d3nk6g",
"text":"美帝[酷]",
"mid":"zx1ob60fv",
"date":"2013-05-16 21:53:48"
},
{
"kids":[],
"uid":"2054712467",
"parent":"",
"text":"在天朝死了没人理",
"mid":"zx1nY7gsi",
"date":"2013-05-16 21:53:19"
},
{
"kids":[],
"uid":"1937347300",
"parent":"",
"text":"@u2pop @Pandamazonlalala",
"mid":"zx1nRhPkb",
"date":"2013-05-16 21:53:01"
},
{
"kids":[],
"uid":"3234250314",
"parent":"zx1d3nk6g",
"text":"",
"mid":"zx1niqOsY",
"date":"2013-05-16 21:51:39"
},
{
"kids":[
"zx1sNp3bS",
"zx1qN2RHO"
],
"uid":"shiyezi",
"parent":"zx1maFpvR",
"text":"想想罢了。。。。。",
"mid":"zx1mQ6B8p",
"date":"2013-05-16 21:50:30"
},
{
"kids":[
"zx1mQ6B8p"
],
"uid":"elain1",
"parent":"zx1d3nk6g",
"text":"天朝该1000万呢",
"mid":"zx1maFpvR",
"date":"2013-05-16 21:48:52"
},
{
"kids":[],
"uid":"2509910452",
"parent":"zx1d3nk6g",
"text":"",
"mid":"zx1lZtaE0",
"date":"2013-05-16 21:48:26"
},
{
"kids":[],
"uid":"shiyezi",
"parent":"zx1lhpmf6",
"text":"天朝，谁是老子？？？",
"mid":"zx1lHt3On",
"date":"2013-05-16 21:47:41"
},
{
"kids":[
"zx1lHt3On"
],
"uid":"2464433643",
"parent":"zx1kwpr0Y",
"text":"",
"mid":"zx1lhpmf6",
"date":"2013-05-16 21:46:41"
},
{
"kids":[
"zx1lhpmf6"
],
"uid":"shiyezi",
"parent":"zx1jsdNdN",
"text":"天朝 不传 相反的 算 阿弥陀佛 了哦",
"mid":"zx1kwpr0Y",
"date":"2013-05-16 21:44:47"
},
{
"kids":[
"zx1kwpr0Y"
],
"uid":"raymenjyf",
"parent":"zx1d3nk6g",
"text":"在天朝压根没这消息流出来",
"mid":"zx1jsdNdN",
"date":"2013-05-16 21:42:13"
},
{
"kids":[],
"uid":"shiyezi",
"parent":"zx1iKfCpz",
"text":"哈哈哈哈哈哈哈哈哈哈哈哈哈哈 ，伟大的社会主义。。。。。。。",
"mid":"zx1jifIDH",
"date":"2013-05-16 21:41:47"
},
{
"kids":[],
"uid":"2046734223",
"parent":"zx1d3nk6g",
"text":"",
"mid":"zx1jbEF7W",
"date":"2013-05-16 21:41:34"
},
{
"kids":[
"zx1jifIDH"
],
"uid":"2084757747",
"parent":"zx1d3nk6g",
"text":"万恶的资本主义",
"mid":"zx1iKfCpz",
"date":"2013-05-16 21:40:25"
},
{
"kids":[],
"uid":"maotou88",
"parent":"zx1d3nk6g",
"text":"",
"mid":"zx1hIlWD4",
"date":"2013-05-16 21:37:55"
},
{
"kids":[],
"uid":"shiyezi",
"parent":"zx1h3j7gK",
"text":"正解",
"mid":"zx1hDDS8s",
"date":"2013-05-16 21:37:42"
},
{
"kids":[],
"uid":"shiyezi",
"parent":"zx1f19AxJ",
"text":"是啊",
"mid":"zx1hgAfdb",
"date":"2013-05-16 21:36:49"
},
{
"kids":[],
"uid":"shiyezi",
"parent":"",
"text":"同问",
"mid":"zx1hew9SO",
"date":"2013-05-16 21:36:42"
},
{
"kids":[],
"uid":"shiyezi",
"parent":"zx1g2FP5N",
"text":"同怀疑，但是若是假的，也从侧面讽刺着天朝的某些事",
"mid":"zx1hanZgf",
"date":"2013-05-16 21:36:32"
},
{
"kids":[
"zx1hDDS8s"
],
"uid":"1890960512",
"parent":"zx1g2FP5N",
"text":"符号意义大于现实意义",
"mid":"zx1h3j7gK",
"date":"2013-05-16 21:36:17"
},
{
"kids":[
"zx1hanZgf",
"zx1h3j7gK"
],
"uid":"1743660532",
"parent":"zx1d3nk6g",
"text":"我怀疑这是假新闻，网上搜了一下，全部是来自微博的几乎同一段话。想看美国当地原新闻，想知道该死囚来自哪里，所犯何罪等等，请提供！",
"mid":"zx1g2FP5N",
"date":"2013-05-16 21:33:48"
},
{
"kids":[
"zx1hgAfdb"
],
"uid":"2306873554",
"parent":"zx1d3nk6g",
"text":"这就是对生命的尊重！",
"mid":"zx1f19AxJ",
"date":"2013-05-16 21:31:14"
},
{
"kids":[],
"uid":"shiyezi",
"parent":"zx1eh4SeC",
"text":"正解。。。。。。。。。。。。。。。",
"mid":"zx1eKDfIr",
"date":"2013-05-16 21:30:36"
},
{
"kids":[],
"uid":"shiyezi",
"parent":"zx1dYr9yx",
"text":"是啊，天朝很和谐。。",
"mid":"zx1eAdUdZ",
"date":"2013-05-16 21:30:09"
},
{
"kids":[],
"uid":"shiyezi",
"parent":"zx1e0aLfc",
"text":"哈哈哈",
"mid":"zx1etrHqm",
"date":"2013-05-16 21:29:52"
},
{
"kids":[],
"uid":"shiyezi",
"parent":"",
"text":"怀疑有理！！",
"mid":"zx1ep5fhd",
"date":"2013-05-16 21:29:41"
},
{
"kids":[
"zx1eKDfIr"
],
"uid":"velkynvelve",
"parent":"zx1d3nk6g",
"text":"今天讨论结果，在天朝，监狱方会反过来收饭钱。",
"mid":"zx1eh4SeC",
"date":"2013-05-16 21:29:24"
},
{
"kids":[],
"uid":"2641076774",
"parent":"zx1d3nk6g",
"text":"",
"mid":"zx1e5cb01",
"date":"2013-05-16 21:28:58"
},
{
"kids":[
"zx1etrHqm"
],
"uid":"2795783292",
"parent":"zx1d3nk6g",
"text":"[汗]感觉不太合理啊，要是天朝真赔，我也要抗议的，这不是拿纳税人的钱玩么",
"mid":"zx1e0aLfc",
"date":"2013-05-16 21:28:46"
},
{
"kids":[
"zx1eAdUdZ"
],
"uid":"1706246577",
"parent":"zx1d3nk6g",
"text":"这个不可能发生在天朝",
"mid":"zx1dYr9yx",
"date":"2013-05-16 21:28:40"
},
{
"kids":[
"zx1rGyTkU"
],
"uid":"shiyezi",
"parent":"zx1d3nk6g",
"text":"会不会 更贵？？？哈哈哈哈",
"mid":"zx1dVwICD",
"date":"2013-05-16 21:28:33"
},
{
"kids":[],
"uid":"shiyezi",
"parent":"zx1dcfjl1",
"text":"哈哈哈哈哈哈哈哈哈哈，这也算啊，我活了7854天了，那就是上千亿了，老师！！哈哈哈哈",
"mid":"zx1dM4Wwe",
"date":"2013-05-16 21:28:12"
},
{
"kids":[],
"uid":"shige",
"parent":"zx1d3nk6g",
"text":"[熊貓] ~明知高血压还让喝酒，让死囚丧失本应享受40分钟的美好生命。",
"mid":"zx1dFh4yj",
"date":"2013-05-16 21:27:53"
},
{
"kids":[],
"uid":"2980151895",
"parent":"zx1d3nk6g",
"text":"",
"mid":"zx1dxvOGH",
"date":"2013-05-16 21:27:38"
},
{
"kids":[
"zx1AVdAwD",
"zx1dM4Wwe"
],
"uid":"208453666",
"parent":"",
"text":"下班到现在我已经挥霍了1575万美元的人生了。。。",
"mid":"zx1dcfjl1",
"date":"2013-05-16 21:26:47"
},
{
"kids":[
"zxc5Xbh30",
"zx2TY6Ccl",
"zx1IbxHwt",
"zx1GmnYfT",
"zx1zw2Wli",
"zx1wPprb3",
"zx1uytotm",
"zx1ob60fv",
"zx1niqOsY",
"zx1maFpvR",
"zx1lZtaE0",
"zx1jsdNdN",
"zx1jbEF7W",
"zx1iKfCpz",
"zx1hIlWD4",
"zx1g2FP5N",
"zx1f19AxJ",
"zx1eh4SeC",
"zx1e5cb01",
"zx1e0aLfc",
"zx1dYr9yx",
"zx1dVwICD",
"zx1dFh4yj",
"zx1dxvOGH"
],
"uid":"1496851811",
"parent":"",
"text":"下次哪个家伙要一瓶氰化钾[阴险]",
"mid":"zx1d3nk6g",
"date":"2013-05-16 21:26:24"
},
{
"kids":[],
"uid":"2951579683",
"parent":"",
"text":"",
"mid":"zx1cpcyIY",
"date":"2013-05-16 21:24:49"
},
{
"kids":[],
"uid":"1192131624",
"parent":"zwXb8FRuf",
"text":"",
"mid":"zx1bSnMng",
"date":"2013-05-16 21:23:32"
},
{
"kids":[],
"uid":"shiyezi",
"parent":"zwJIlsARH",
"text":"天啊啊啊啊啊",
"mid":"zx193fueQ",
"date":"2013-05-16 21:16:31"
},
{
"kids":[],
"uid":"1830393651",
"parent":"zwVTXFMu8",
"text":"",
"mid":"zwZANaGGg",
"date":"2013-05-16 17:19:24"
},
{
"kids":[],
"uid":"1286340707",
"parent":"",
"text":"",
"mid":"zwZcOc1GK",
"date":"2013-05-16 16:20:21"
},
{
"kids":[],
"uid":"2605251152",
"parent":"",
"text":"",
"mid":"zwZcqgTil",
"date":"2013-05-16 16:19:22"
},
{
"kids":[],
"uid":"2840037677",
"parent":"",
"text":"",
"mid":"zwXJavlyB",
"date":"2013-05-16 12:34:34"
},
{
"kids":[],
"uid":"1108980481",
"parent":"zwIX0DrFp",
"text":"",
"mid":"zwXDnuJTe",
"date":"2013-05-16 12:20:17"
},
{
"kids":[],
"uid":"521781678",
"parent":"",
"text":"",
"mid":"zwXpS3ttY",
"date":"2013-05-16 11:47:00"
},
{
"kids":[],
"uid":"2371186324",
"parent":"",
"text":"",
"mid":"zwXohFbou",
"date":"2013-05-16 11:43:06"
},
{
"kids":[
"zxrrVAV3Q",
"zx1bSnMng"
],
"uid":"1741907257",
"parent":"zwX008BI6",
"text":"西方世界的现代文明中对人权和生命的尊重、重视在我们听来真是匪夷所思，执政者不断制造美国这个假想敌，加上无知，使得大多数国人还在仇视美国。",
"mid":"zwXb8FRuf",
"date":"2013-05-16 11:10:43"
},
{
"kids":[
"zwXb8FRuf"
],
"uid":"wangyunpeng",
"parent":"zwWYGykrk",
"text":"",
"mid":"zwX008BI6",
"date":"2013-05-16 10:43:16"
},
{
"kids":[
"zwX008BI6"
],
"uid":"wxbo",
"parent":"",
"text":"尊重生命才是法治文明社会的基础！也才是实现走向法治常态社会和文明社会的标志！",
"mid":"zwWYGykrk",
"date":"2013-05-16 10:40:01"
},
{
"kids":[],
"uid":"3044013532",
"parent":"zwN0I9z4s",
"text":"",
"mid":"zwWJ0nWFB",
"date":"2013-05-16 10:01:25"
},
{
"kids":[],
"uid":"lbw7",
"parent":"zwVTXFMu8",
"text":"那是在美国，如果是在。。。。",
"mid":"zwWvJ94Me",
"date":"2013-05-16 09:28:42"
},
{
"kids":[],
"uid":"tee1985",
"parent":"zwWmqDfm7",
"text":"哈哈 厉害！！",
"mid":"zwWp6pBfl",
"date":"2013-05-16 09:12:23"
},
{
"kids":[
"zwWp6pBfl"
],
"uid":"208413535",
"parent":"zwVOQhRE1",
"text":"",
"mid":"zwWmqDfm7",
"date":"2013-05-16 09:05:47"
},
{
"kids":[],
"uid":"1399090244",
"parent":"zwVY17uAn",
"text":"",
"mid":"zwWlVA4c2",
"date":"2013-05-16 09:04:33"
},
{
"kids":[],
"uid":"uc29800599",
"parent":"",
"text":"",
"mid":"zwWjw6Zy9",
"date":"2013-05-16 08:58:37"
},
{
"kids":[],
"uid":"xiayujing",
"parent":"zwVTXFMu8",
"text":":-C",
"mid":"zwWbnnrml",
"date":"2013-05-16 08:38:33"
},
{
"kids":[],
"uid":"2702885121",
"parent":"zwHBvizot",
"text":"",
"mid":"zwW5thOUE",
"date":"2013-05-16 08:24:00"
},
{
"kids":[],
"uid":"2806287702",
"parent":"zwVTXFMu8",
"text":"美国有死刑吗？啥时候的事情？",
"mid":"zwW2XhaNC",
"date":"2013-05-16 08:17:49"
},
{
"kids":[],
"uid":"qinling26",
"parent":"",
"text":"unbelievable",
"mid":"zwW2nxmQc",
"date":"2013-05-16 08:16:23"
},
{
"kids":[],
"uid":"1752304674",
"parent":"zwVTXFMu8",
"text":"求证？出处？",
"mid":"zwW0YEm5N",
"date":"2013-05-16 08:12:56"
},
{
"kids":[],
"uid":"1890886473",
"parent":"",
"text":"[吃惊][吃惊][吃惊]",
"mid":"zwW0a6mI3",
"date":"2013-05-16 08:10:55"
},
{
"kids":[
"zwWlVA4c2"
],
"uid":"libapi",
"parent":"zwVTXFMu8",
"text":"[思考]",
"mid":"zwVY17uAn",
"date":"2013-05-16 08:05:42"
},
{
"kids":[],
"uid":"2427818777",
"parent":"zwVViF5Yo",
"text":"要是在中国[右哼哼][左哼哼]",
"mid":"zwVXBrUWG",
"date":"2013-05-16 08:04:37"
},
{
"kids":[],
"uid":"525123168",
"parent":"zwVTXFMu8",
"text":"",
"mid":"zwVVUgTjv",
"date":"2013-05-16 08:00:27"
},
{
"kids":[
"zwVXBrUWG"
],
"uid":"2123483351",
"parent":"zwVTiivH6",
"text":"",
"mid":"zwVViF5Yo",
"date":"2013-05-16 07:58:58"
},
{
"kids":[],
"uid":"jkp48",
"parent":"zwVTXFMu8",
"text":"[围观]",
"mid":"zwVUA4VBY",
"date":"2013-05-16 07:57:10"
},
{
"kids":[
"zwZANaGGg",
"zwWvJ94Me",
"zwWbnnrml",
"zwW2XhaNC",
"zwW0YEm5N",
"zwVY17uAn",
"zwVVUgTjv",
"zwVUA4VBY"
],
"uid":"ochina",
"parent":"zwVTzameY",
"text":"[汗]",
"mid":"zwVTXFMu8",
"date":"2013-05-16 07:55:40"
},
{
"kids":[
"zwVTXFMu8"
],
"uid":"zj3217",
"parent":"zwVMQbYVJ",
"text":"[汗]",
"mid":"zwVTzameY",
"date":"2013-05-16 07:54:41"
},
{
"kids":[
"zwVViF5Yo"
],
"uid":"2215443037",
"parent":"zwVOQhRE1",
"text":"",
"mid":"zwVTiivH6",
"date":"2013-05-16 07:54:04"
},
{
"kids":[],
"uid":"211230560",
"parent":"zwVMQbYVJ",
"text":"这样可以",
"mid":"zwVRTstwO",
"date":"2013-05-16 07:50:33"
},
{
"kids":[
"zwWmqDfm7",
"zwVTiivH6"
],
"uid":"oo1226",
"parent":"zwVMQbYVJ",
"text":"一刻值千金",
"mid":"zwVOQhRE1",
"date":"2013-05-16 07:43:02"
},
{
"kids":[],
"uid":"3331409002",
"parent":"zwVMh249G",
"text":"",
"mid":"zwVOA3CyD",
"date":"2013-05-16 07:42:24"
},
{
"kids":[
"zwVTzameY",
"zwVRTstwO",
"zwVOQhRE1"
],
"uid":"2309012394",
"parent":"zwVJjhMPo",
"text":"",
"mid":"zwVMQbYVJ",
"date":"2013-05-16 07:38:07"
},
{
"kids":[
"zwVOA3CyD"
],
"uid":"1008556891",
"parent":"zwVJjhMPo",
"text":"",
"mid":"zwVMh249G",
"date":"2013-05-16 07:36:42"
},
{
"kids":[
"zwVMQbYVJ",
"zwVMh249G"
],
"uid":"2530512210",
"parent":"zwRoJ5YDl",
"text":"",
"mid":"zwVJjhMPo",
"date":"2013-05-16 07:29:25"
},
{
"kids":[],
"uid":"1845488807",
"parent":"",
"text":"",
"mid":"zwVl6rwXK",
"date":"2013-05-16 06:29:47"
},
{
"kids":[],
"uid":"flsg",
"parent":"",
"text":"请问这种情况下，如果这个囚犯买了保险，赔不赔？@有想法的L君",
"mid":"zwTox9PhS",
"date":"2013-05-16 01:32:43"
},
{
"kids":[],
"uid":"2806018552",
"parent":"zwSqUarf4",
"text":"",
"mid":"zwSSQC7jn",
"date":"2013-05-16 00:14:40"
},
{
"kids":[],
"uid":"1556968773",
"parent":"zwMG9q2bV",
"text":"",
"mid":"zwSIZBpG3",
"date":"2013-05-15 23:50:24"
},
{
"kids":[],
"uid":"yanyan223",
"parent":"zwQCACZfg",
"text":"我地中国人命贱，绝对唔可能在中国发生。认命吧[浮云][浮云][熊猫][熊猫]",
"mid":"zwSAVBrVH",
"date":"2013-05-15 23:30:32"
},
{
"kids":[],
"uid":"2788098205",
"parent":"zwR108ROW",
"text":"",
"mid":"zwSzp4b8P",
"date":"2013-05-15 23:26:44"
},
{
"kids":[
"zwSSQC7jn"
],
"uid":"1918223413",
"parent":"zwOf4yzYz",
"text":"",
"mid":"zwSqUarf4",
"date":"2013-05-15 23:05:51"
},
{
"kids":[],
"uid":"209696846",
"parent":"",
"text":"[贊]生命本无价",
"mid":"zwSlQqnlq",
"date":"2013-05-15 22:53:18"
},
{
"kids":[],
"uid":"2663646203",
"parent":"",
"text":"",
"mid":"zwSjF1f41",
"date":"2013-05-15 22:47:56"
},
{
"kids":[],
"uid":"2274594564",
"parent":"",
"text":"",
"mid":"zwSdK1e2T",
"date":"2013-05-15 22:33:24"
},
{
"kids":[],
"uid":"2177202712",
"parent":"zwM3gwgjL",
"text":"那里的物价真心＂贵＂！",
"mid":"zwRUR0RVG",
"date":"2013-05-15 21:46:52"
},
{
"kids":[],
"uid":"2964274273",
"parent":"zwH9knOPm",
"text":"",
"mid":"zwRzVefGx",
"date":"2013-05-15 20:55:15"
},
{
"kids":[
"zwVJjhMPo"
],
"uid":"2139630935",
"parent":"zwRffkaIt",
"text":"",
"mid":"zwRoJ5YDl",
"date":"2013-05-15 20:27:43"
},
{
"kids":[],
"uid":"2014774070",
"parent":"",
"text":"",
"mid":"zwRiKv9jG",
"date":"2013-05-15 20:12:57"
},
{
"kids":[
"zwRoJ5YDl"
],
"uid":"2530512210",
"parent":"",
"text":"",
"mid":"zwRffkaIt",
"date":"2013-05-15 20:04:23"
},
{
"kids":[],
"uid":"1248671683",
"parent":"",
"text":"实际是应赔偿700万,因为囚徒也有责任明知自己高血压还喝酒.所以只赔偿了350万.",
"mid":"zwR6d4OLG",
"date":"2013-05-15 19:42:05"
},
{
"kids":[
"zwSzp4b8P"
],
"uid":"3218895312",
"parent":"zwK2apJFg",
"text":"",
"mid":"zwR108ROW",
"date":"2013-05-15 19:29:14"
},
{
"kids":[],
"uid":"2679262913",
"parent":"zwQ79fu1y",
"text":"万恶的资本主义!",
"mid":"zwQRcyCaO",
"date":"2013-05-15 19:05:08"
},
{
"kids":[],
"uid":"3208286660",
"parent":"zwGu3r8rw",
"text":"厉害！",
"mid":"zwQIHrO8X",
"date":"2013-05-15 18:44:10"
},
{
"kids":[],
"uid":"209093154",
"parent":"zwQ79fu1y",
"text":"那一个生命值多少",
"mid":"zwQD9bEOO",
"date":"2013-05-15 18:30:29"
},
{
"kids":[
"zwSAVBrVH"
],
"uid":"queenieyau281",
"parent":"zwQ3LrzMd",
"text":"人权社会[",
"mid":"zwQCACZfg",
"date":"2013-05-15 18:29:06"
},
{
"kids":[],
"uid":"1734051514",
"parent":"zwPN94EvJ",
"text":"",
"mid":"zwQBPk94Y",
"date":"2013-05-15 18:27:15"
},
{
"kids":[],
"uid":"1203857757",
"parent":"zwGWH2xoC",
"text":"[晕]",
"mid":"zwQwvAq7q",
"date":"2013-05-15 18:14:08"
},
{
"kids":[],
"uid":"2822797335",
"parent":"zwORSbKlz",
"text":"",
"mid":"zwQrotXjr",
"date":"2013-05-15 18:01:33"
},
{
"kids":[],
"uid":"2711572572",
"parent":"zwPTDvtfr",
"text":"",
"mid":"zwQkJnsqi",
"date":"2013-05-15 17:45:08"
},
{
"kids":[],
"uid":"1432341381",
"parent":"",
"text":"美国ZF太软弱了",
"mid":"zwQfMnOGp",
"date":"2013-05-15 17:32:56"
},
{
"kids":[],
"uid":"1839901062",
"parent":"zwOVvB36u",
"text":"案例价值，死得其所",
"mid":"zwQeZDkCr",
"date":"2013-05-15 17:30:58"
},
{
"kids":[],
"uid":"2355946224",
"parent":"zwMN29pge",
"text":"",
"mid":"zwQeDsn5Z",
"date":"2013-05-15 17:30:07"
},
{
"kids":[
"zwQRcyCaO",
"zwQD9bEOO"
],
"uid":"kalc",
"parent":"zwQ3LrzMd",
"text":"[吃驚]",
"mid":"zwQ79fu1y",
"date":"2013-05-15 17:11:40"
},
{
"kids":[],
"uid":"1069639927",
"parent":"",
"text":"[钱]",
"mid":"zwQ4wbqsR",
"date":"2013-05-15 17:05:09"
},
{
"kids":[
"zwQCACZfg",
"zwQ79fu1y"
],
"uid":"1730058773",
"parent":"zwOOfArCy",
"text":"紧要",
"mid":"zwQ3LrzMd",
"date":"2013-05-15 17:03:20"
},
{
"kids":[],
"uid":"2457977045",
"parent":"zwPWUgtJ6",
"text":"",
"mid":"zwQ0HqmOx",
"date":"2013-05-15 16:55:47"
},
{
"kids":[],
"uid":"523841888",
"parent":"zwPWUgtJ6",
"text":"",
"mid":"zwPZrpqVl",
"date":"2013-05-15 16:52:41"
},
{
"kids":[],
"uid":"2293009125",
"parent":"zwPWUgtJ6",
"text":"@农民工-盧少",
"mid":"zwPZmo1qc",
"date":"2013-05-15 16:52:29"
},
{
"kids":[],
"uid":"1758287217",
"parent":"zwPTDvtfr",
"text":"2010年，有数百人参加了纪念王佩英诞生95周年和遇难四十周年会，茅于轼在会上发表讲话。",
"mid":"zwPXqrIhM",
"date":"2013-05-15 16:47:42"
},
{
"kids":[
"zwQ0HqmOx",
"zwPZrpqVl",
"zwPZmo1qc"
],
"uid":"1644671235",
"parent":"zwPTDvtfr",
"text":"",
"mid":"zwPWUgtJ6",
"date":"2013-05-15 16:46:25"
},
{
"kids":[
"zx1t5qDAl",
"zwQkJnsqi",
"zwPXqrIhM",
"zwPWUgtJ6"
],
"uid":"1283906035",
"parent":"zwMhJCEYG",
"text":"好像郑州铁路职工王佩英女士也是在执行前就被刽子手活活地勒死的[悲伤][蜡烛]",
"mid":"zwPTDvtfr",
"date":"2013-05-15 16:38:22"
},
{
"kids":[
"zwQBPk94Y"
],
"uid":"2432264200",
"parent":"zwON8r4G8",
"text":"反正是一死。就这样给家人留下350万美元。",
"mid":"zwPN94EvJ",
"date":"2013-05-15 16:22:23"
},
{
"kids":[],
"uid":"2805661523",
"parent":"",
"text":"",
"mid":"zwPL7bbAT",
"date":"2013-05-15 16:17:21"
},
{
"kids":[],
"uid":"2372187484",
"parent":"zwMqPpTVn",
"text":"",
"mid":"zwPG5bEt9",
"date":"2013-05-15 16:04:59"
},
{
"kids":[],
"uid":"1770396717",
"parent":"zwON8r4G8",
"text":"",
"mid":"zwPzdkBFo",
"date":"2013-05-15 15:48:04"
},
{
"kids":[],
"uid":"knightshiki",
"parent":"zwHBvizot",
"text":"",
"mid":"zwPwdvUZI",
"date":"2013-05-15 15:40:40"
},
{
"kids":[],
"uid":"2207053220",
"parent":"zwOOfArCy",
"text":"……",
"mid":"zwPvrkmGR",
"date":"2013-05-15 15:38:44"
},
{
"kids":[],
"uid":"1930673827",
"parent":"zwHNhavPj",
"text":"这也行",
"mid":"zwPnc7Hiw",
"date":"2013-05-15 15:18:27"
},
{
"kids":[],
"uid":"1459864185",
"parent":"zwMMmqDJN",
"text":"",
"mid":"zwPgmFerp",
"date":"2013-05-15 15:01:41"
},
{
"kids":[],
"uid":"1672567107",
"parent":"zwOPS2AaS",
"text":"",
"mid":"zwPbzpa1l",
"date":"2013-05-15 14:49:49"
},
{
"kids":[],
"uid":"1745739113",
"parent":"zwOWgARsG",
"text":"这就是公平和法律！",
"mid":"zwP52gteN",
"date":"2013-05-15 14:33:41"
},
{
"kids":[],
"uid":"baya1106",
"parent":"zwON8r4G8",
"text":"只有在法律真正属于公民的GJ，才能有这样的事情发生！坑爹的TC就算了吧！[怒][怒]",
"mid":"zwOZXC7Vb",
"date":"2013-05-15 14:21:13"
},
{
"kids":[],
"uid":"2657220762",
"parent":"zwON8r4G8",
"text":"死囚病死，家属偿命",
"mid":"zwOZTrx2t",
"date":"2013-05-15 14:21:03"
},
{
"kids":[],
"uid":"huwenq",
"parent":"zwOOfArCy",
"text":"查了下，确有其事。最后家属把钱捐给红十字会了，恩。",
"mid":"zwOZldat4",
"date":"2013-05-15 14:19:41"
},
{
"kids":[],
"uid":"skymit",
"parent":"zwOVvB36u",
"text":"",
"mid":"zwOYMjCUe",
"date":"2013-05-15 14:18:18"
},
{
"kids":[
"zwP52gteN"
],
"uid":"2663659887",
"parent":"zwON8r4G8",
"text":"",
"mid":"zwOWgARsG",
"date":"2013-05-15 14:12:06"
},
{
"kids":[],
"uid":"2588123444",
"parent":"",
"text":"",
"mid":"zwOWamWrD",
"date":"2013-05-15 14:11:51"
},
{
"kids":[],
"uid":"1798794282",
"parent":"zwOhAfBf5",
"text":"[汗]",
"mid":"zwOW0EBJv",
"date":"2013-05-15 14:11:28"
},
{
"kids":[
"zwQeZDkCr",
"zwOYMjCUe"
],
"uid":"345908216",
"parent":"",
"text":"",
"mid":"zwOVvB36u",
"date":"2013-05-15 14:10:13"
},
{
"kids":[
"zwQrotXjr"
],
"uid":"3223910360",
"parent":"",
"text":"造谣，资本主义的国家哪有这么好！",
"mid":"zwORSbKlz",
"date":"2013-05-15 14:01:16"
},
{
"kids":[],
"uid":"2641833922",
"parent":"zwOOfArCy",
"text":"",
"mid":"zwORnppGp",
"date":"2013-05-15 14:00:02"
},
{
"kids":[],
"uid":"1707455691",
"parent":"zwON8r4G8",
"text":"",
"mid":"zwOQnlqQq",
"date":"2013-05-15 13:57:36"
},
{
"kids":[],
"uid":"1981003443",
"parent":"zwON8r4G8",
"text":"40分钟是他全部的余生，当然值钱。",
"mid":"zwOQ8yMQb",
"date":"2013-05-15 13:57:01"
},
{
"kids":[],
"uid":"1883617352",
"parent":"zwON8r4G8",
"text":"40分钟的生命权值多少钱？",
"mid":"zwOQ25pKc",
"date":"2013-05-15 13:56:45"
},
{
"kids":[
"zwPbzpa1l"
],
"uid":"2243507980",
"parent":"zwOMb1KA6",
"text":"这才叫法治",
"mid":"zwOPS2AaS",
"date":"2013-05-15 13:56:20"
},
{
"kids":[
"zwQ3LrzMd",
"zwPvrkmGR",
"zwOZldat4",
"zwORnppGp"
],
"uid":"2380550975",
"parent":"",
"text":"[吃惊]",
"mid":"zwOOfArCy",
"date":"2013-05-15 13:52:20"
},
{
"kids":[
"zwPN94EvJ",
"zwPzdkBFo",
"zwOZXC7Vb",
"zwOZTrx2t",
"zwOWgARsG",
"zwOQnlqQq",
"zwOQ8yMQb",
"zwOQ25pKc"
],
"uid":"1283906035",
"parent":"zwMhJCEYG",
"text":"死囚家属胆子真大！[疑问]",
"mid":"zwON8r4G8",
"date":"2013-05-15 13:49:37"
},
{
"kids":[
"zwOPS2AaS"
],
"uid":"1672567107",
"parent":"zwHBvizot",
"text":"",
"mid":"zwOMb1KA6",
"date":"2013-05-15 13:47:14"
},
{
"kids":[],
"uid":"2122651895",
"parent":"zwMdqvdp1",
"text":"唉～～～",
"mid":"zwOJjqLCa",
"date":"2013-05-15 13:40:12"
},
{
"kids":[],
"uid":"1972504265",
"parent":"zwO9whOMr",
"text":"美国式",
"mid":"zwOscB6EH",
"date":"2013-05-15 12:58:02"
},
{
"kids":[
"zwOW0EBJv"
],
"uid":"2073952131",
"parent":"",
"text":"@作家崔成浩 怎么看这万恶美帝做的荒唐事",
"mid":"zwOhAfBf5",
"date":"2013-05-15 12:31:52"
},
{
"kids":[],
"uid":"1911164293",
"parent":"zwMTWz43C",
"text":"恐怕很多中国人自己，如果作为这个死刑犯的家属，是不会起诉的，甚至不置一词",
"mid":"zwOfCePlY",
"date":"2013-05-15 12:27:02"
},
{
"kids":[
"zwSqUarf4"
],
"uid":"798dingzihu",
"parent":"zwMwWigxt",
"text":"体现了对生命的敬畏，个体人权的尊重",
"mid":"zwOf4yzYz",
"date":"2013-05-15 12:25:42"
},
{
"kids":[
"zwOscB6EH"
],
"uid":"2843393381",
"parent":"zwO3DDLlU",
"text":"万恶的资本主义！",
"mid":"zwO9whOMr",
"date":"2013-05-15 12:11:59"
},
{
"kids":[
"zwO9whOMr"
],
"uid":"1922984817",
"parent":"zwNv5kYx8",
"text":"在国内如听天方夜谭。/@兰妹妹: 美国囚犯真值钱，中国人民如草芥。",
"mid":"zwO3DDLlU",
"date":"2013-05-15 11:57:32"
},
{
"kids":[],
"uid":"menlianzibuliaoqing",
"parent":"zwNv5kYx8",
"text":"心里的话说不出来[泪]",
"mid":"zwNSd5iRH",
"date":"2013-05-15 11:29:22"
},
{
"kids":[],
"uid":"3141620782",
"parent":"",
"text":"太万恶了，耳边又响起了解放全人类的教诲声",
"mid":"zwNNjAaGl",
"date":"2013-05-15 11:17:18"
},
{
"kids":[],
"uid":"2693872534",
"parent":"zwLWLscOP",
"text":"",
"mid":"zwNMWfyAe",
"date":"2013-05-15 11:16:23"
},
{
"kids":[],
"uid":"jeffon",
"parent":"zwHEnhVSP",
"text":"尊重生命的国度，再坏能坏到哪儿去？",
"mid":"zwNG2FLwp",
"date":"2013-05-15 10:59:23"
},
{
"kids":[],
"uid":"sven56",
"parent":"zwHFKjeQE",
"text":"",
"mid":"zwNDGojYI",
"date":"2013-05-15 10:53:35"
},
{
"kids":[],
"uid":"3002367685",
"parent":"zwNv5kYx8",
"text":"",
"mid":"zwNBevZ0L",
"date":"2013-05-15 10:47:33"
},
{
"kids":[],
"uid":"1818763275",
"parent":"zwMNre1bB",
"text":"",
"mid":"zwNzycAdi",
"date":"2013-05-15 10:43:24"
},
{
"kids":[],
"uid":"fanrenart",
"parent":"",
"text":"",
"mid":"zwNxVa2NA",
"date":"2013-05-15 10:39:23"
},
{
"kids":[
"zwO3DDLlU",
"zwNSd5iRH",
"zwNBevZ0L"
],
"uid":"xichiyisheng",
"parent":"zwMTWz43C",
"text":"",
"mid":"zwNv5kYx8",
"date":"2013-05-15 10:32:23"
},
{
"kids":[],
"uid":"1837865574",
"parent":"",
"text":"",
"mid":"zwNsmipxx",
"date":"2013-05-15 10:25:40"
},
{
"kids":[],
"uid":"3192827085",
"parent":"",
"text":"",
"mid":"zwNqT3to5",
"date":"2013-05-15 10:22:02"
},
{
"kids":[],
"uid":"1787526311",
"parent":"zwNpdAoOF",
"text":"@碧水长天@我叫毒毒 @leadtop @doni940",
"mid":"zwNqNnVrM",
"date":"2013-05-15 10:21:50"
},
{
"kids":[
"zwNqNnVrM"
],
"uid":"mokoyang",
"parent":"zwM3IADLZ",
"text":"[吃惊][吃惊][吃惊][怒]他吃住都是纳税人的钱！赔的也是纳税人的钱[怒]",
"mid":"zwNpdAoOF",
"date":"2013-05-15 10:17:55"
},
{
"kids":[],
"uid":"1408774932",
"parent":"",
"text":"万恶的资本主义",
"mid":"zwNo8tCk1",
"date":"2013-05-15 10:15:15"
},
{
"kids":[],
"uid":"hjdsr",
"parent":"zwMYRd9sJ",
"text":"",
"mid":"zwNmy8LYe",
"date":"2013-05-15 10:11:21"
},
{
"kids":[],
"uid":"1723942412",
"parent":"",
"text":"",
"mid":"zwNl2qNSl",
"date":"2013-05-15 10:07:39"
},
{
"kids":[],
"uid":"1779181504",
"parent":"",
"text":"",
"mid":"zwNkkoGc6",
"date":"2013-05-15 10:05:54"
},
{
"kids":[],
"uid":"2609037861",
"parent":"zwMqPpTVn",
"text":"...",
"mid":"zwNhm1Hbo",
"date":"2013-05-15 09:58:34"
},
{
"kids":[],
"uid":"3276006595",
"parent":"zwMxJh3Wz",
"text":"",
"mid":"zwNh7wDxI",
"date":"2013-05-15 09:58:00"
},
{
"kids":[],
"uid":"1916160782",
"parent":"",
"text":"",
"mid":"zwNguyHzg",
"date":"2013-05-15 09:56:26"
},
{
"kids":[],
"uid":"1979968267",
"parent":"",
"text":"白家老号的大爷都能远走高飞，早四分钟还不能自圆其说？美国人傻缺！",
"mid":"zwNdkkYNx",
"date":"2013-05-15 09:48:38"
},
{
"kids":[],
"uid":"2075628727",
"parent":"zwMYRd9sJ",
"text":"",
"mid":"zwNbQbCYA",
"date":"2013-05-15 09:44:59"
},
{
"kids":[],
"uid":"2597681802",
"parent":"zwMqPpTVn",
"text":"[威武]",
"mid":"zwNaxs3UQ",
"date":"2013-05-15 09:41:49"
},
{
"kids":[],
"uid":"longzhuzhibo",
"parent":"zwMN29pge",
"text":"又想做中國夢了",
"mid":"zwN8GfYVs",
"date":"2013-05-15 09:37:12"
},
{
"kids":[],
"uid":"123198624",
"parent":"zwMHUabeF",
"text":"·····",
"mid":"zwN5MxgM2",
"date":"2013-05-15 09:30:03"
},
{
"kids":[],
"uid":"mj13970973060",
"parent":"",
"text":"",
"mid":"zwN5t5Mko",
"date":"2013-05-15 09:29:17"
},
{
"kids":[],
"uid":"vipdb",
"parent":"zwMxJh3Wz",
"text":"",
"mid":"zwN4DnVlv",
"date":"2013-05-15 09:27:14"
},
{
"kids":[],
"uid":"1877236413",
"parent":"zwJEocG30",
"text":"[祈祷][强]",
"mid":"zwN4xtfbm",
"date":"2013-05-15 09:27:00"
},
{
"kids":[],
"uid":"2806209344",
"parent":"",
"text":"",
"mid":"zwN2NhZJb",
"date":"2013-05-15 09:22:42"
},
{
"kids":[],
"uid":"1970031233",
"parent":"",
"text":"",
"mid":"zwN1hC6fN",
"date":"2013-05-15 09:18:58"
},
{
"kids":[
"zyCjPdTQ4",
"zxSdMAgP3",
"zxIcAtnqq",
"zxHiRgOVQ",
"zwWJ0nWFB"
],
"uid":"1523127183",
"parent":"zwMYRd9sJ",
"text":"",
"mid":"zwN0I9z4s",
"date":"2013-05-15 09:17:32"
},
{
"kids":[
"zyCjPdTQ4",
"zwNmy8LYe",
"zwNbQbCYA",
"zwN0I9z4s"
],
"uid":"1949416832",
"parent":"zwJAbyeGR",
"text":"",
"mid":"zwMYRd9sJ",
"date":"2013-05-15 09:13:00"
},
{
"kids":[],
"uid":"2346137957",
"parent":"zwMN29pge",
"text":"",
"mid":"zwMYEwl57",
"date":"2013-05-15 09:12:30"
},
{
"kids":[],
"uid":"1954679861",
"parent":"",
"text":"",
"mid":"zwMWRpDSW",
"date":"2013-05-15 09:08:08"
},
{
"kids":[],
"uid":"iboran",
"parent":"",
"text":"如果这事儿是发生在天朝呢？",
"mid":"zwMVL8V6x",
"date":"2013-05-15 09:05:22"
},
{
"kids":[
"zwOfCePlY",
"zwNv5kYx8"
],
"uid":"haimeimei",
"parent":"zwK2apJFg",
"text":"美国囚犯真值钱，中国人民如草芥。",
"mid":"zwMTWz43C",
"date":"2013-05-15 09:00:54"
},
{
"kids":[],
"uid":"9s966",
"parent":"zwMEjlbRn",
"text":"",
"mid":"zwMTozVRq",
"date":"2013-05-15 08:59:36"
},
{
"kids":[],
"uid":"3196761861",
"parent":"zwHK7jihR",
"text":"",
"mid":"zwMT2rHWN",
"date":"2013-05-15 08:58:39"
},
{
"kids":[],
"uid":"gsp2010",
"parent":"",
"text":"万恶的美帝[汗]",
"mid":"zwMS6xtGM",
"date":"2013-05-15 08:56:22"
},
{
"kids":[],
"uid":"2166789202",
"parent":"zwK2apJFg",
"text":"",
"mid":"zwMS3fOFM",
"date":"2013-05-15 08:56:13"
},
{
"kids":[],
"uid":"1716842542",
"parent":"zwMHUabeF",
"text":"",
"mid":"zwMRizdFh",
"date":"2013-05-15 08:54:22"
},
{
"kids":[],
"uid":"1741524141",
"parent":"zwJzfnjM1",
"text":"",
"mid":"zwMQShfXm",
"date":"2013-05-15 08:53:19"
},
{
"kids":[],
"uid":"yangzq106",
"parent":"zwMNre1bB",
"text":"牛逼大发了，这事绝对不可能发生在天朝",
"mid":"zwMQ4kCbr",
"date":"2013-05-15 08:51:21"
},
{
"kids":[],
"uid":"1599017311",
"parent":"",
"text":"这事只会发生在国外了……",
"mid":"zwMPRjEoZ",
"date":"2013-05-15 08:50:50"
},
{
"kids":[],
"uid":"645498999",
"parent":"zwMN29pge",
"text":"这要在兲朝，完全不可想象。",
"mid":"zwMOLnA9u",
"date":"2013-05-15 08:48:07"
},
{
"kids":[],
"uid":"619880807",
"parent":"zwMnD8Vn0",
"text":"。。。",
"mid":"zwMNX9302",
"date":"2013-05-15 08:46:08"
},
{
"kids":[
"zwNzycAdi",
"zwMQ4kCbr"
],
"uid":"2339591391",
"parent":"",
"text":"",
"mid":"zwMNre1bB",
"date":"2013-05-15 08:44:51"
},
{
"kids":[
"zwQeDsn5Z",
"zwN8GfYVs",
"zwMYEwl57",
"zwMOLnA9u"
],
"uid":"1826087047",
"parent":"",
"text":"转发微博。",
"mid":"zwMN29pge",
"date":"2013-05-15 08:43:51"
},
{
"kids":[],
"uid":"3261195773",
"parent":"zwJAbyeGR",
"text":"",
"mid":"zwMMyxzx0",
"date":"2013-05-15 08:42:42"
},
{
"kids":[],
"uid":"xiuduoduo",
"parent":"zwMJZ00DA",
"text":"",
"mid":"zwMMp7HrZ",
"date":"2013-05-15 08:42:18"
},
{
"kids":[
"zwPgmFerp"
],
"uid":"1403513704",
"parent":"",
"text":"",
"mid":"zwMMmqDJN",
"date":"2013-05-15 08:42:12"
},
{
"kids":[],
"uid":"2093259404",
"parent":"zwMJZ00DA",
"text":"",
"mid":"zwMM7oPDu",
"date":"2013-05-15 08:41:36"
},
{
"kids":[],
"uid":"1735010941",
"parent":"zwMdqvdp1",
"text":"在天朝直接掩埋尸体大家皆大欢喜...",
"mid":"zwMK0tHQt",
"date":"2013-05-15 08:36:25"
},
{
"kids":[
"zwMMp7HrZ",
"zwMM7oPDu"
],
"uid":"2215443037",
"parent":"zwMqVikS1",
"text":"",
"mid":"zwMJZ00DA",
"date":"2013-05-15 08:36:20"
},
{
"kids":[],
"uid":"rjb2012",
"parent":"",
"text":"看了报道我想笑，看了几条评论却有点怒了，中国脑残的真不少。",
"mid":"zwMJ863mc",
"date":"2013-05-15 08:34:15"
},
{
"kids":[],
"uid":"2234305785",
"parent":"",
"text":"人权呀 在天朝 早就躲猫猫死啦",
"mid":"zwMIyFtwB",
"date":"2013-05-15 08:32:51"
},
{
"kids":[
"zwN5MxgM2",
"zwMRizdFh"
],
"uid":"raychan027",
"parent":"zwMqPpTVn",
"text":"万恶的资本主义！",
"mid":"zwMHUabeF",
"date":"2013-05-15 08:31:14"
},
{
"kids":[],
"uid":"3267842923",
"parent":"zwM55FeyE",
"text":"",
"mid":"zwMHmsFM6",
"date":"2013-05-15 08:29:53"
},
{
"kids":[
"zwSIZBpG3"
],
"uid":"guojunli8186",
"parent":"zwM4flIkp",
"text":"人权无价！",
"mid":"zwMG9q2bV",
"date":"2013-05-15 08:26:54"
},
{
"kids":[],
"uid":"1773772491",
"parent":"zwMaD1W7C",
"text":"万恶的社会",
"mid":"zwMFXyZCn",
"date":"2013-05-15 08:26:26"
},
{
"kids":[],
"uid":"1064790771",
"parent":"",
"text":"",
"mid":"zwMFgcDtO",
"date":"2013-05-15 08:24:43"
},
{
"kids":[],
"uid":"zhaoyunshan",
"parent":"",
"text":"",
"mid":"zwMEIbhFH",
"date":"2013-05-15 08:23:22"
},
{
"kids":[
"zwMTozVRq"
],
"uid":"doctorj86",
"parent":"zwMCRg4Xe",
"text":"天朝是社会主义，不能讲金钱的，因为生命是无价的！",
"mid":"zwMEjlbRn",
"date":"2013-05-15 08:22:23"
},
{
"kids":[],
"uid":"2802886761",
"parent":"",
"text":"",
"mid":"zwMEfxqrJ",
"date":"2013-05-15 08:22:14"
},
{
"kids":[],
"uid":"1210132013",
"parent":"zwMqPpTVn",
"text":"美国淫咋不官官相护一下捏？",
"mid":"zwME3FRGr",
"date":"2013-05-15 08:21:46"
},
{
"kids":[],
"uid":"1003846205",
"parent":"",
"text":"",
"mid":"zwMDPuQfu",
"date":"2013-05-15 08:21:12"
},
{
"kids":[
"zwMEjlbRn"
],
"uid":"1780013287",
"parent":"zwMuXhFNK",
"text":"比天朝煤矿工人的命值钱多了",
"mid":"zwMCRg4Xe",
"date":"2013-05-15 08:18:48"
},
{
"kids":[],
"uid":"timmychao",
"parent":"",
"text":"@C2王一竹 @斌子i @供热慈世平春光",
"mid":"zwMCExvtm",
"date":"2013-05-15 08:18:18"
},
{
"kids":[],
"uid":"1105026904",
"parent":"zwM350kEH",
"text":"去美国当律师",
"mid":"zwMBiiXIH",
"date":"2013-05-15 08:14:57"
},
{
"kids":[],
"uid":"tonyan1117",
"parent":"",
"text":"邪恶",
"mid":"zwMzMEkrD",
"date":"2013-05-15 08:11:14"
},
{
"kids":[],
"uid":"zhuyulei2009",
"parent":"zwMxJh3Wz",
"text":"",
"mid":"zwMyolcCs",
"date":"2013-05-15 08:07:47"
},
{
"kids":[],
"uid":"1812633584",
"parent":"",
"text":"雷的十二秒花了多少钱？",
"mid":"zwMy64Hal",
"date":"2013-05-15 08:07:04"
},
{
"kids":[
"zwNh7wDxI",
"zwN4DnVlv",
"zwMyolcCs"
],
"uid":"1904503037",
"parent":"zwMoPhOOv",
"text":"",
"mid":"zwMxJh3Wz",
"date":"2013-05-15 08:06:09"
},
{
"kids":[
"zBSdU0RdF",
"zwOf4yzYz"
],
"uid":"2027049942",
"parent":"zwMk5i50Y",
"text":"",
"mid":"zwMwWigxt",
"date":"2013-05-15 08:04:11"
},
{
"kids":[],
"uid":"3264355745",
"parent":"",
"text":"",
"mid":"zwMvijHIZ",
"date":"2013-05-15 08:00:09"
},
{
"kids":[
"zwMCRg4Xe"
],
"uid":"doctorj86",
"parent":"zwMqJt1a4",
"text":"万恶的资本主义社会，什么都用钱去衡量！生命只值350万美元吗！",
"mid":"zwMuXhFNK",
"date":"2013-05-15 07:59:19"
},
{
"kids":[],
"uid":"dragonfiy",
"parent":"",
"text":"",
"mid":"zwMtzCPyD",
"date":"2013-05-15 07:55:56"
},
{
"kids":[],
"uid":"aleolia",
"parent":"zwJEocG30",
"text":"天朝有医闹，米帝有法闹，不分高下",
"mid":"zwMrx7YnA",
"date":"2013-05-15 07:50:53"
},
{
"kids":[
"zAzYysrob",
"zzGZJkDDD",
"zzFM46cDb",
"zyVWH8hll",
"zyVg0qb0A",
"zyMIJr8GF"
],
"uid":"1282684782",
"parent":"",
"text":"22岁到70岁要赔多少？",
"mid":"zwMr31Hxq",
"date":"2013-05-15 07:49:41"
},
{
"kids":[
"zwMJZ00DA"
],
"uid":"2655853401",
"parent":"zwMnz0Kws",
"text":"",
"mid":"zwMqVikS1",
"date":"2013-05-15 07:49:24"
},
{
"kids":[
"zwPG5bEt9",
"zwNhm1Hbo",
"zwNaxs3UQ",
"zwMHUabeF",
"zwME3FRGr"
],
"uid":"208123487",
"parent":"zwMoo6EJn",
"text":"[脸红]",
"mid":"zwMqPpTVn",
"date":"2013-05-15 07:49:09"
},
{
"kids":[
"zwMuXhFNK"
],
"uid":"2253129661",
"parent":"zwM5XsiNO",
"text":"不能理解。。。。",
"mid":"zwMqJt1a4",
"date":"2013-05-15 07:48:56"
},
{
"kids":[],
"uid":"3196351397",
"parent":"zwMdwnjX7",
"text":"",
"mid":"zwMqxFfg3",
"date":"2013-05-15 07:48:28"
},
{
"kids":[],
"uid":"2012334767",
"parent":"",
"text":"喝酒可降低血压，致死的应该是血栓吧",
"mid":"zwMqf78iV",
"date":"2013-05-15 07:47:42"
},
{
"kids":[],
"uid":"559581",
"parent":"",
"text":"/这样说，大家都是亿万富翁/@歪说正道:",
"mid":"zwMpyuZiX",
"date":"2013-05-15 07:46:02"
},
{
"kids":[],
"uid":"2290682671",
"parent":"",
"text":"万恶",
"mid":"zwMpcleHk",
"date":"2013-05-15 07:45:09"
},
{
"kids":[],
"uid":"3211550650",
"parent":"",
"text":"但律師費可能至少就佔賠償額的三成了[汗]",
"mid":"zwMp5z9sL",
"date":"2013-05-15 07:44:52"
},
{
"kids":[],
"uid":"2350913995",
"parent":"zwMnz0Kws",
"text":"纳税人的钱就用来支付给死刑犯？还是自己吃死的？",
"mid":"zwMp17yEB",
"date":"2013-05-15 07:44:41"
},
{
"kids":[
"zwMxJh3Wz"
],
"uid":"wensuhua",
"parent":"zwMdwnjX7",
"text":"",
"mid":"zwMoPhOOv",
"date":"2013-05-15 07:44:14"
},
{
"kids":[],
"uid":"1400736670",
"parent":"",
"text":"",
"mid":"zwMoAwGTF",
"date":"2013-05-15 07:43:39"
},
{
"kids":[
"zwMqPpTVn"
],
"uid":"shineyear",
"parent":"zwMnD8Vn0",
"text":"",
"mid":"zwMoo6EJn",
"date":"2013-05-15 07:43:09"
},
{
"kids":[],
"uid":"1111081420",
"parent":"zwMnz0Kws",
"text":"刁民",
"mid":"zwMo446Pa",
"date":"2013-05-15 07:42:21"
},
{
"kids":[],
"uid":"1571176033",
"parent":"zwM2u4DxE",
"text":"",
"mid":"zwMnIbXne",
"date":"2013-05-15 07:41:28"
},
{
"kids":[
"zwMNX9302",
"zwMoo6EJn"
],
"uid":"206161916",
"parent":"zwMaD1W7C",
"text":"怎么可以这样！",
"mid":"zwMnD8Vn0",
"date":"2013-05-15 07:41:16"
},
{
"kids":[
"zwMqVikS1",
"zwMp17yEB",
"zwMo446Pa"
],
"uid":"2725572605",
"parent":"zwMbNrkHV",
"text":"",
"mid":"zwMnz0Kws",
"date":"2013-05-15 07:41:07"
},
{
"kids":[],
"uid":"newsxjf",
"parent":"zwMhJCEYG",
"text":"",
"mid":"zwMlHc2Bv",
"date":"2013-05-15 07:36:31"
},
{
"kids":[],
"uid":"1731092450",
"parent":"",
"text":"",
"mid":"zwMlqljxe",
"date":"2013-05-15 07:35:51"
},
{
"kids":[
"zBSdU0RdF",
"zwMwWigxt"
],
"uid":"1720962780",
"parent":"",
"text":"",
"mid":"zwMk5i50Y",
"date":"2013-05-15 07:32:33"
},
{
"kids":[],
"uid":"1790033037",
"parent":"zwJAbyeGR",
"text":"这位大哥故意的吧",
"mid":"zwMiNuCiL",
"date":"2013-05-15 07:29:22"
},
{
"kids":[],
"uid":"1790033037",
"parent":"zwJAbyeGR",
"text":"",
"mid":"zwMiDrMwP",
"date":"2013-05-15 07:28:58"
},
{
"kids":[],
"uid":"2325965234",
"parent":"zwM3IADLZ",
"text":"万恶的资本主义[泪][泪]",
"mid":"zwMiwDSJC",
"date":"2013-05-15 07:28:43"
},
{
"kids":[],
"uid":"1406689444",
"parent":"zwMhJCEYG",
"text":"",
"mid":"zwMhV8hu4",
"date":"2013-05-15 07:27:12"
},
{
"kids":[],
"uid":"sfzfzdbz",
"parent":"zwLT9se8g",
"text":"",
"mid":"zwMhKbSUs",
"date":"2013-05-15 07:26:47"
},
{
"kids":[
"zwPTDvtfr",
"zwON8r4G8",
"zwMlHc2Bv",
"zwMhV8hu4"
],
"uid":"fudaorenjia2010",
"parent":"zwMfMbvSe",
"text":"",
"mid":"zwMhJCEYG",
"date":"2013-05-15 07:26:46"
},
{
"kids":[],
"uid":"1987070755",
"parent":"",
"text":"第一知道人可以这么值钱[吃驚]贱民做久了，真不适应，要上税吗[衰]",
"mid":"zwMgFrR1m",
"date":"2013-05-15 07:24:07"
},
{
"kids":[],
"uid":"2949027044",
"parent":"zwJVf3VBj",
"text":"",
"mid":"zwMga7Ju7",
"date":"2013-05-15 07:22:52"
},
{
"kids":[
"zwMhJCEYG"
],
"uid":"ditiewuqiang",
"parent":"",
"text":"邪路",
"mid":"zwMfMbvSe",
"date":"2013-05-15 07:21:56"
},
{
"kids":[],
"uid":"2646358180",
"parent":"",
"text":"天朝不尊重生命，就无民生、民主、民权[怒]",
"mid":"zwMeyeGpW",
"date":"2013-05-15 07:18:54"
},
{
"kids":[],
"uid":"1921352910",
"parent":"zwM3uEd2A",
"text":"[咖啡]",
"mid":"zwMdwqDZu",
"date":"2013-05-15 07:16:22"
},
{
"kids":[
"zwMqxFfg3",
"zwMoPhOOv"
],
"uid":"tongzhengang",
"parent":"",
"text":"",
"mid":"zwMdwnjX7",
"date":"2013-05-15 07:16:23"
},
{
"kids":[
"zwOJjqLCa",
"zwMK0tHQt"
],
"uid":"yanpanshenchu",
"parent":"zwLNEc9Ms",
"text":"如果在天朝会是什么情况呢？",
"mid":"zwMdqvdp1",
"date":"2013-05-15 07:16:09"
},
{
"kids":[],
"uid":"2266991730",
"parent":"",
"text":"40分钟的价值 ， 是350万美元 。[疑问]",
"mid":"zwMcRCVyI",
"date":"2013-05-15 07:14:45"
},
{
"kids":[],
"uid":"2931741731",
"parent":"",
"text":"",
"mid":"zwMbWgHTj",
"date":"2013-05-15 07:12:29"
},
{
"kids":[
"zwMnz0Kws"
],
"uid":"1909617923",
"parent":"",
"text":"",
"mid":"zwMbNrkHV",
"date":"2013-05-15 07:12:07"
},
{
"kids":[
"zwMFXyZCn",
"zwMnD8Vn0"
],
"uid":"1104880297",
"parent":"",
"text":"邪恶",
"mid":"zwMaD1W7C",
"date":"2013-05-15 07:09:15"
},
{
"kids":[],
"uid":"2729813454",
"parent":"",
"text":"",
"mid":"zwM9djbfp",
"date":"2013-05-15 07:05:45"
},
{
"kids":[],
"uid":"jiajingshu",
"parent":"zwM319Lwz",
"text":"如果发生在中国？猜猜.....估计最多免收家属子弹费[围观]",
"mid":"zwM7UkdSO",
"date":"2013-05-15 07:02:32"
},
{
"kids":[],
"uid":"1084357461",
"parent":"",
"text":"",
"mid":"zwM7x0mhi",
"date":"2013-05-15 07:01:36"
},
{
"kids":[],
"uid":"1378412835",
"parent":"zwM2nwFlJ",
"text":"你知道这是纳税人的钱吗？",
"mid":"zwM6ScHRL",
"date":"2013-05-15 07:00:00"
},
{
"kids":[
"zwMqJt1a4"
],
"uid":"2609394954",
"parent":"zwM3uEd2A",
"text":"人权无价！",
"mid":"zwM5XsiNO",
"date":"2013-05-15 06:57:45"
},
{
"kids":[
"zwMHmsFM6"
],
"uid":"2065560855",
"parent":"zwLLR7afV",
"text":"",
"mid":"zwM55FeyE",
"date":"2013-05-15 06:55:36"
},
{
"kids":[
"zwMG9q2bV"
],
"uid":"338336362",
"parent":"",
"text":"人权无价！",
"mid":"zwM4flIkp",
"date":"2013-05-15 06:53:32"
},
{
"kids":[],
"uid":"3104507230",
"parent":"zwM3uEd2A",
"text":"匪夷所思",
"mid":"zwM40jV6S",
"date":"2013-05-15 06:52:55"
},
{
"kids":[
"zwNpdAoOF",
"zwMiwDSJC"
],
"uid":"1404831561",
"parent":"zwM3gwgjL",
"text":"",
"mid":"zwM3IADLZ",
"date":"2013-05-15 06:52:13"
},
{
"kids":[
"zwMdwqDZu",
"zwM5XsiNO",
"zwM40jV6S"
],
"uid":"2765305234",
"parent":"zwK2apJFg",
"text":"",
"mid":"zwM3uEd2A",
"date":"2013-05-15 06:51:41"
},
{
"kids":[
"zwRUR0RVG",
"zwM3IADLZ"
],
"uid":"heziqin1207",
"parent":"",
"text":"",
"mid":"zwM3gwgjL",
"date":"2013-05-15 06:51:07"
},
{
"kids":[
"zwMBiiXIH"
],
"uid":"2254153912",
"parent":"zwLK2sdqJ",
"text":"估计那丫喝的是中国产的红酒。",
"mid":"zwM350kEH",
"date":"2013-05-15 06:50:39"
},
{
"kids":[
"zwM7UkdSO"
],
"uid":"2044707747",
"parent":"zwK2apJFg",
"text":"",
"mid":"zwM319Lwz",
"date":"2013-05-15 06:50:30"
},
{
"kids":[
"zwMnIbXne"
],
"uid":"1156088654",
"parent":"zwLWLscOP",
"text":"",
"mid":"zwM2u4DxE",
"date":"2013-05-15 06:49:11"
},
{
"kids":[
"zwM6ScHRL"
],
"uid":"3053788527",
"parent":"zwLKa9kYd",
"text":"",
"mid":"zwM2nwFlJ",
"date":"2013-05-15 06:48:56"
},
{
"kids":[],
"uid":"3091508583",
"parent":"zwHgueuK1",
"text":"",
"mid":"zwM2mnuSO",
"date":"2013-05-15 06:48:52"
},
{
"kids":[],
"uid":"1893752043",
"parent":"zwLJaoOlY",
"text":"",
"mid":"zwLYlh67w",
"date":"2013-05-15 06:38:59"
},
{
"kids":[
"zwNMWfyAe",
"zwM2u4DxE"
],
"uid":"1058327157",
"parent":"",
"text":"",
"mid":"zwLWLscOP",
"date":"2013-05-15 06:35:06"
},
{
"kids":[],
"uid":"mindaren",
"parent":"",
"text":"出处？",
"mid":"zwLWE6OUV",
"date":"2013-05-15 06:34:48"
},
{
"kids":[],
"uid":"2108893191",
"parent":"",
"text":"人权。",
"mid":"zwLWh3RqA",
"date":"2013-05-15 06:33:53"
},
{
"kids":[],
"uid":"yzshenlan",
"parent":"zwJEbdoWJ",
"text":"",
"mid":"zwLWacyEt",
"date":"2013-05-15 06:33:37"
},
{
"kids":[],
"uid":"2395567520",
"parent":"zwLRky5fN",
"text":"",
"mid":"zwLVaczGq",
"date":"2013-05-15 06:31:08"
},
{
"kids":[],
"uid":"1829694613",
"parent":"",
"text":"这就是万恶的资本主义啊！",
"mid":"zwLTTzuTu",
"date":"2013-05-15 06:28:01"
},
{
"kids":[],
"uid":"1952833920",
"parent":"zwLOwxnQZ",
"text":"在监狱里养胖了。",
"mid":"zwLTNkCYG",
"date":"2013-05-15 06:27:47"
},
{
"kids":[
"zwMhKbSUs"
],
"uid":"1417138973",
"parent":"",
"text":"老美对内是讲人权的",
"mid":"zwLT9se8g",
"date":"2013-05-15 06:26:12"
},
{
"kids":[],
"uid":"yangnan6816",
"parent":"",
"text":"米国万岁",
"mid":"zwLSS4fL8",
"date":"2013-05-15 06:25:29"
},
{
"kids":[],
"uid":"2706353061",
"parent":"",
"text":"",
"mid":"zwLRNwQFj",
"date":"2013-05-15 06:22:52"
},
{
"kids":[],
"uid":"1923764334",
"parent":"",
"text":"",
"mid":"zwLRMnfWS",
"date":"2013-05-15 06:22:48"
},
{
"kids":[],
"uid":"2790570807",
"parent":"",
"text":"",
"mid":"zwLRvgBYX",
"date":"2013-05-15 06:22:08"
},
{
"kids":[],
"uid":"2673464962",
"parent":"",
"text":"这就是有没有人权的区别",
"mid":"zwLRqdxMX",
"date":"2013-05-15 06:21:55"
},
{
"kids":[
"zwLVaczGq"
],
"uid":"uc14120200",
"parent":"",
"text":"",
"mid":"zwLRky5fN",
"date":"2013-05-15 06:21:43"
},
{
"kids":[],
"uid":"2040850584",
"parent":"",
"text":"换了其他国家也行？",
"mid":"zwLQ5cWQN",
"date":"2013-05-15 06:18:38"
},
{
"kids":[],
"uid":"318064999",
"parent":"",
"text":"万恶的资本主义",
"mid":"zwLQ4fKzc",
"date":"2013-05-15 06:18:35"
},
{
"kids":[],
"uid":"1821740880",
"parent":"",
"text":"[哈哈]",
"mid":"zwLPRfD36",
"date":"2013-05-15 06:18:05"
},
{
"kids":[],
"uid":"1049738292",
"parent":"",
"text":"这也是纳税人的钱嘛",
"mid":"zwLPoi4fM",
"date":"2013-05-15 06:16:56"
},
{
"kids":[
"zwLTNkCYG"
],
"uid":"2176249355",
"parent":"",
"text":"@焦点转播: 万恶的资本主义",
"mid":"zwLOwxnQZ",
"date":"2013-05-15 06:14:48"
},
{
"kids":[
"zwMdqvdp1"
],
"uid":"lsq5186",
"parent":"",
"text":"米国不是取消了死刑了？",
"mid":"zwLNEc9Ms",
"date":"2013-05-15 06:12:38"
},
{
"kids":[],
"uid":"2312030231",
"parent":"",
"text":"",
"mid":"zwLLU23Ya",
"date":"2013-05-15 06:08:20"
},
{
"kids":[
"zwM55FeyE"
],
"uid":"1834876971",
"parent":"",
"text":"",
"mid":"zwLLR7afV",
"date":"2013-05-15 06:08:13"
},
{
"kids":[],
"uid":"2670889957",
"parent":"",
"text":"[嘻嘻]",
"mid":"zwLLM49rD",
"date":"2013-05-15 06:08:01"
},
{
"kids":[],
"uid":"matijin",
"parent":"",
"text":"这就是传说中叫“人权”的东西",
"mid":"zwLLAy3Be",
"date":"2013-05-15 06:07:34"
},
{
"kids":[
"zwM2nwFlJ"
],
"uid":"shgps",
"parent":"",
"text":"",
"mid":"zwLKa9kYd",
"date":"2013-05-15 06:04:06"
},
{
"kids":[
"zwM350kEH"
],
"uid":"2828296915",
"parent":"",
"text":"[浮云]",
"mid":"zwLK2sdqJ",
"date":"2013-05-15 06:03:45"
},
{
"kids":[
"zwLYlh67w"
],
"uid":"handanzhanghui",
"parent":"",
"text":"[哈哈][哈哈]",
"mid":"zwLJaoOlY",
"date":"2013-05-15 06:01:36"
},
{
"kids":[],
"uid":"1066098490",
"parent":"zwJEbdoWJ",
"text":"万恶的资本主义",
"mid":"zwLD3k7E4",
"date":"2013-05-15 05:46:32"
},
{
"kids":[],
"uid":"chenchangcc7",
"parent":"zwIrJ45Vl",
"text":"只说一个字，钱",
"mid":"zwLf3tRgZ",
"date":"2013-05-15 04:47:25"
},
{
"kids":[],
"uid":"szc999",
"parent":"zwJIlsARH",
"text":"",
"mid":"zwLbFmPIx",
"date":"2013-05-15 04:39:04"
},
{
"kids":[],
"uid":"lsdmm",
"parent":"",
"text":"",
"mid":"zwKmsn2TG",
"date":"2013-05-15 02:32:54"
},
{
"kids":[],
"uid":"blueicejay",
"parent":"zwJEx5w2B",
"text":"",
"mid":"zwKdRxoVC",
"date":"2013-05-15 02:11:44"
},
{
"kids":[
"zwR108ROW",
"zwMTWz43C",
"zwMS3fOFM",
"zwM3uEd2A",
"zwM319Lwz"
],
"uid":"1961738844",
"parent":"",
"text":"好价",
"mid":"zwK2apJFg",
"date":"2013-05-15 01:42:55"
},
{
"kids":[],
"uid":"duxl",
"parent":"zwJB2sSck",
"text":"",
"mid":"zwJWEwT9w",
"date":"2013-05-15 01:29:20"
},
{
"kids":[
"zwMga7Ju7"
],
"uid":"qq622005379",
"parent":"zwJEocG30",
"text":"",
"mid":"zwJVf3VBj",
"date":"2013-05-15 01:25:51"
},
{
"kids":[],
"uid":"c666",
"parent":"zwJEbdoWJ",
"text":"/40分钟的生命权值350万美元/@夏日海湾: 兄弟，那是美国。",
"mid":"zwJTWopxT",
"date":"2013-05-15 01:22:38"
},
{
"kids":[],
"uid":"2857866240",
"parent":"zwJEocG30",
"text":"前兩天才看了英國電影「最後的絞刑師」，說的也是這個道理",
"mid":"zwJSPyijp",
"date":"2013-05-15 01:19:55"
},
{
"kids":[],
"uid":"1711869390",
"parent":"",
"text":"还不是笑话，可能觉得有这种想法的人是精神病！",
"mid":"zwJQan6WL",
"date":"2013-05-15 01:13:21"
},
{
"kids":[],
"uid":"2100839102",
"parent":"zwJEocG30",
"text":"",
"mid":"zwJPOv0lK",
"date":"2013-05-15 01:12:29"
},
{
"kids":[],
"uid":"midipy",
"parent":"",
"text":"这价值也只能出现在美…了，天朝…可能相反…",
"mid":"zwJKecLFw",
"date":"2013-05-15 00:58:40"
},
{
"kids":[],
"uid":"transientman",
"parent":"zwHEnhVSP",
"text":"[哈哈]：鸡国无耻地笑了！[good]",
"mid":"zwJJz9e7l",
"date":"2013-05-15 00:57:05"
},
{
"kids":[
"zx193fueQ",
"zwLbFmPIx"
],
"uid":"3042219605",
"parent":"zwJEx5w2B",
"text":"",
"mid":"zwJIlsARH",
"date":"2013-05-15 00:54:05"
},
{
"kids":[],
"uid":"2009340471",
"parent":"",
"text":"[咖啡]这里是美国",
"mid":"zwJH7vR5W",
"date":"2013-05-15 00:51:04"
},
{
"kids":[],
"uid":"jackwen198321",
"parent":"zwJzfnjM1",
"text":"",
"mid":"zwJGBAVFW",
"date":"2013-05-15 00:49:48"
},
{
"kids":[],
"uid":"2631581424",
"parent":"",
"text":"",
"mid":"zwJFUcqBm",
"date":"2013-05-15 00:48:02"
},
{
"kids":[],
"uid":"2560663802",
"parent":"zwJEocG30",
"text":"法治大国。",
"mid":"zwJFMwMZv",
"date":"2013-05-15 00:47:46"
},
{
"kids":[
"zwKdRxoVC",
"zwJIlsARH"
],
"uid":"279119952",
"parent":"",
"text":"这案子如发生在天朝，简直就成笑话。",
"mid":"zwJEx5w2B",
"date":"2013-05-15 00:44:38"
},
{
"kids":[
"zwN4xtfbm",
"zwMrx7YnA",
"zwJVf3VBj",
"zwJSPyijp",
"zwJPOv0lK",
"zwJFMwMZv"
],
"uid":"dengweibiao",
"parent":"",
"text":"对个体生命的尊重，无分尊卑",
"mid":"zwJEocG30",
"date":"2013-05-15 00:44:20"
},
{
"kids":[],
"uid":"1835784500",
"parent":"",
"text":"",
"mid":"zwJEmsJ9h",
"date":"2013-05-15 00:44:16"
},
{
"kids":[
"zwLWacyEt",
"zwLD3k7E4",
"zwJTWopxT"
],
"uid":"318301666",
"parent":"zwJAbyeGR",
"text":"兄弟，那是美国。",
"mid":"zwJEbdoWJ",
"date":"2013-05-15 00:43:49"
},
{
"kids":[],
"uid":"2291481300",
"parent":"zwJzfnjM1",
"text":"法治，人性。",
"mid":"zwJCPkcYN",
"date":"2013-05-15 00:40:29"
},
{
"kids":[],
"uid":"2256437510",
"parent":"",
"text":"真的吗？太像假的了•••",
"mid":"zwJCpjpzV",
"date":"2013-05-15 00:39:26"
},
{
"kids":[],
"uid":"533961238",
"parent":"",
"text":"看来，每分钟都很值钱",
"mid":"zwJC8t027",
"date":"2013-05-15 00:38:45"
},
{
"kids":[],
"uid":"2563037077",
"parent":"",
"text":"",
"mid":"zwJBibFRP",
"date":"2013-05-15 00:36:39"
},
{
"kids":[
"zwJWEwT9w"
],
"uid":"1923220570",
"parent":"zwJzfnjM1",
"text":"",
"mid":"zwJB2sSck",
"date":"2013-05-15 00:36:03"
},
{
"kids":[
"zx1Zp8O8f",
"zwMYRd9sJ",
"zwMMyxzx0",
"zwMiNuCiL",
"zwMiDrMwP",
"zwJEbdoWJ"
],
"uid":"2073050757",
"parent":"",
"text":"40分钟的价值 ， 是350万美元 。[疑问]",
"mid":"zwJAbyeGR",
"date":"2013-05-15 00:33:59"
},
{
"kids":[],
"uid":"2267038800",
"parent":"",
"text":"",
"mid":"zwJzEssdH",
"date":"2013-05-15 00:32:38"
},
{
"kids":[
"zwMQShfXm",
"zwJGBAVFW",
"zwJCPkcYN",
"zwJB2sSck"
],
"uid":"2135811881",
"parent":"zwHxccePr",
"text":"",
"mid":"zwJzfnjM1",
"date":"2013-05-15 00:31:37"
},
{
"kids":[],
"uid":"emir3",
"parent":"",
"text":"极度怀疑这件事的真实性。",
"mid":"zwJqE2X6d",
"date":"2013-05-15 00:10:27"
},
{
"kids":[
"zxn1svwLA"
],
"uid":"hmq3344520",
"parent":"",
"text":"刚才听人说其实跟利亚一起的还有一个女孩被人藏起来了，有两个保安已自首，求真相！",
"mid":"zwJnEqzRN",
"date":"2013-05-15 00:03:06"
},
{
"kids":[],
"uid":"windyuke",
"parent":"",
"text":"",
"mid":"zwJnnjlI5",
"date":"2013-05-15 00:02:25"
},
{
"kids":[],
"uid":"harry36",
"parent":"zwJ7F3aG1",
"text":"",
"mid":"zwJnlggQd",
"date":"2013-05-15 00:02:18"
},
{
"kids":[],
"uid":"1639270955",
"parent":"",
"text":"不知真假。",
"mid":"zwJisDJaE",
"date":"2013-05-14 23:50:19"
},
{
"kids":[],
"uid":"2171580973",
"parent":"zwHFTsPel",
"text":"那是在美国",
"mid":"zwJhjbXDF",
"date":"2013-05-14 23:47:28"
},
{
"kids":[
"zwJnlggQd"
],
"uid":"518567782",
"parent":"",
"text":"",
"mid":"zwJ7F3aG1",
"date":"2013-05-14 23:23:42"
},
{
"kids":[],
"uid":"xdlqp",
"parent":"zwIHIo57e",
"text":"真正的法治国家",
"mid":"zwJ5Sgvxx",
"date":"2013-05-14 23:19:18"
},
{
"kids":[],
"uid":"baiyunshanren",
"parent":"",
"text":"",
"mid":"zwJ358n3K",
"date":"2013-05-14 23:12:22"
},
{
"kids":[],
"uid":"oswardleung",
"parent":"zwIX0DrFp",
"text":"",
"mid":"zwJ2BzTO6",
"date":"2013-05-14 23:11:14"
},
{
"kids":[],
"uid":"xxkkmm2002",
"parent":"",
"text":"",
"mid":"zwJ1LyIIV",
"date":"2013-05-14 23:09:11"
},
{
"kids":[],
"uid":"2336799514",
"parent":"zwIBD6Si0",
"text":"佩服这个国家！难道这是万恶的资本主义国家吗？比万善的国家又如何呢？",
"mid":"zwIZW5Bee",
"date":"2013-05-14 23:04:40"
},
{
"kids":[
"zwXDnuJTe",
"zwJ2BzTO6"
],
"uid":"1927311391",
"parent":"",
"text":"",
"mid":"zwIX0DrFp",
"date":"2013-05-14 22:57:26"
},
{
"kids":[],
"uid":"1375655125",
"parent":"zwICgENO1",
"text":"尊重人权和生命。",
"mid":"zwITAaDPJ",
"date":"2013-05-14 22:48:57"
},
{
"kids":[],
"uid":"279443358",
"parent":"zwIBD6Si0",
"text":"",
"mid":"zwITqcz9p",
"date":"2013-05-14 22:48:36"
},
{
"kids":[],
"uid":"3072478161",
"parent":"",
"text":"",
"mid":"zwISHvtMX",
"date":"2013-05-14 22:46:51"
},
{
"kids":[],
"uid":"2693150040",
"parent":"",
"text":"",
"mid":"zwIP95aL1",
"date":"2013-05-14 22:38:05"
},
{
"kids":[],
"uid":"yaojwshnu",
"parent":"zwHGS4pVC",
"text":"天朝会有这样的事吗",
"mid":"zwILVBn5f",
"date":"2013-05-14 22:30:11"
},
{
"kids":[
"zz59LipoC"
],
"uid":"2240260467",
"parent":"",
"text":"",
"mid":"zwIKC3Juw",
"date":"2013-05-14 22:26:55"
},
{
"kids":[],
"uid":"501320512",
"parent":"",
"text":"相比较自己的法治状况，笑得出来吗？",
"mid":"zwIJNvtDT",
"date":"2013-05-14 22:24:54"
},
{
"kids":[],
"uid":"2186037873",
"parent":"zwHb29hRZ",
"text":"",
"mid":"zwIJyskyj",
"date":"2013-05-14 22:24:19"
},
{
"kids":[],
"uid":"2134739887",
"parent":"zwIxeiSrX",
"text":"",
"mid":"zwIIWm8sG",
"date":"2013-05-14 22:22:45"
},
{
"kids":[],
"uid":"3158060092",
"parent":"zwImaaOA9",
"text":"死的有价值啊！",
"mid":"zwIIP16ft",
"date":"2013-05-14 22:22:28"
},
{
"kids":[
"zwJ5Sgvxx"
],
"uid":"zyf7159",
"parent":"zwICgENO1",
"text":"这才叫人权！",
"mid":"zwIHIo57e",
"date":"2013-05-14 22:19:47"
},
{
"kids":[],
"uid":"1323812847",
"parent":"",
"text":"",
"mid":"zwIH3lTxT",
"date":"2013-05-14 22:18:08"
},
{
"kids":[],
"uid":"2321048145",
"parent":"zwIoVh27R",
"text":"",
"mid":"zwIGs6v72",
"date":"2013-05-14 22:16:40"
},
{
"kids":[],
"uid":"1935292274",
"parent":"",
"text":"",
"mid":"zwIFraOFG",
"date":"2013-05-14 22:14:13"
},
{
"kids":[],
"uid":"2772201143",
"parent":"",
"text":"",
"mid":"zwIE6s6rO",
"date":"2013-05-14 22:10:53"
},
{
"kids":[],
"uid":"1712472417",
"parent":"",
"text":"轉發微博",
"mid":"zwIDpAOcs",
"date":"2013-05-14 22:09:11"
},
{
"kids":[
"zwITAaDPJ",
"zwIHIo57e"
],
"uid":"523400618",
"parent":"",
"text":"生命有尊严",
"mid":"zwICgENO1",
"date":"2013-05-14 22:06:22"
},
{
"kids":[
"zwIZW5Bee",
"zwITqcz9p"
],
"uid":"menglawyer",
"parent":"",
"text":"[给力]",
"mid":"zwIBD6Si0",
"date":"2013-05-14 22:04:46"
},
{
"kids":[],
"uid":"2073724661",
"parent":"zwHFKjeQE",
"text":"",
"mid":"zwIAYhG7k",
"date":"2013-05-14 22:03:11"
},
{
"kids":[],
"uid":"1321252892",
"parent":"",
"text":"",
"mid":"zwIzGvfgD",
"date":"2013-05-14 22:00:00"
},
{
"kids":[],
"uid":"1400052824",
"parent":"",
"text":"",
"mid":"zwIxq8cqR",
"date":"2013-05-14 21:54:25"
},
{
"kids":[
"zwIIWm8sG"
],
"uid":"2329454381",
"parent":"",
"text":"",
"mid":"zwIxeiSrX",
"date":"2013-05-14 21:53:54"
},
{
"kids":[],
"uid":"2131241213",
"parent":"",
"text":"",
"mid":"zwIuTeWIU",
"date":"2013-05-14 21:48:09"
},
{
"kids":[],
"uid":"2367436673",
"parent":"zwIrhhW6x",
"text":"只有笑了",
"mid":"zwIuOf76c",
"date":"2013-05-14 21:47:57"
},
{
"kids":[],
"uid":"3155353057",
"parent":"zwHFKjeQE",
"text":"回复@焦大太爷:转发",
"mid":"zwItfBkL9",
"date":"2013-05-14 21:44:09"
},
{
"kids":[
"zwLf3tRgZ"
],
"uid":"2359874064",
"parent":"zwHmg6co7",
"text":"传说中的人权？[哈哈]",
"mid":"zwIrJ45Vl",
"date":"2013-05-14 21:40:21"
},
{
"kids":[
"zwIuOf76c"
],
"uid":"1961658655",
"parent":"",
"text":"",
"mid":"zwIrhhW6x",
"date":"2013-05-14 21:39:17"
},
{
"kids":[],
"uid":"1900560700",
"parent":"",
"text":"[吃惊][疑问][群体围观]",
"mid":"zwIpLgA8X",
"date":"2013-05-14 21:35:32"
},
{
"kids":[],
"uid":"2288940690",
"parent":"zwHBvizot",
"text":"",
"mid":"zwIpnmHbY",
"date":"2013-05-14 21:34:34"
},
{
"kids":[],
"uid":"3158599713",
"parent":"zwHFTsPel",
"text":"OMG",
"mid":"zwIp4pwzH",
"date":"2013-05-14 21:33:50"
},
{
"kids":[
"zwIGs6v72"
],
"uid":"1012299203",
"parent":"zwI0z0WKm",
"text":"正视生命的尊严@北京青联 @戴小京",
"mid":"zwIoVh27R",
"date":"2013-05-14 21:33:26"
},
{
"kids":[],
"uid":"2278980042",
"parent":"",
"text":"",
"mid":"zwIoJaTV0",
"date":"2013-05-14 21:33:00"
},
{
"kids":[],
"uid":"1105569053",
"parent":"",
"text":"",
"mid":"zwInUErIL",
"date":"2013-05-14 21:31:00"
},
{
"kids":[],
"uid":"1716898840",
"parent":"zwHDyq6HP",
"text":"",
"mid":"zwIn5foWj",
"date":"2013-05-14 21:28:57"
},
{
"kids":[],
"uid":"1955137407",
"parent":"zwHHJg9Hm",
"text":"",
"mid":"zwImZ0CPq",
"date":"2013-05-14 21:28:42"
},
{
"kids":[],
"uid":"1103421680",
"parent":"",
"text":"",
"mid":"zwImOm9i2",
"date":"2013-05-14 21:28:17"
},
{
"kids":[
"zwIIP16ft"
],
"uid":"1758390717",
"parent":"",
"text":"",
"mid":"zwImaaOA9",
"date":"2013-05-14 21:26:38"
},
{
"kids":[],
"uid":"3220480657",
"parent":"",
"text":"",
"mid":"zwIli7bbd",
"date":"2013-05-14 21:24:30"
},
{
"kids":[],
"uid":"273699779",
"parent":"zwHxmh4P8",
"text":"回复@华山SH:朋友晚上好!",
"mid":"zwIkv3R29",
"date":"2013-05-14 21:22:33"
},
{
"kids":[],
"uid":"1984841823",
"parent":"",
"text":"",
"mid":"zwIkghcSN",
"date":"2013-05-14 21:22:00"
},
{
"kids":[],
"uid":"2425118031",
"parent":"zwHFKjeQE",
"text":"警察太傻了，就说是躲猫猫呗",
"mid":"zwIkdmm82",
"date":"2013-05-14 21:21:53"
},
{
"kids":[],
"uid":"2803313782",
"parent":"zwHNhavPj",
"text":"",
"mid":"zwIftkqQM",
"date":"2013-05-14 21:10:10"
},
{
"kids":[],
"uid":"2787528025",
"parent":"zwHxmh4P8",
"text":"",
"mid":"zwIfs9Axx",
"date":"2013-05-14 21:10:10"
},
{
"kids":[],
"uid":"1715921287",
"parent":"",
"text":"",
"mid":"zwIeSpw1x",
"date":"2013-05-14 21:08:44"
},
{
"kids":[],
"uid":"2736162850",
"parent":"",
"text":"",
"mid":"zwIec9aC2",
"date":"2013-05-14 21:07:01"
},
{
"kids":[],
"uid":"jujuzhe",
"parent":"zwHFKjeQE",
"text":"",
"mid":"zwIdihoai",
"date":"2013-05-14 21:04:50"
},
{
"kids":[],
"uid":"1681191870",
"parent":"",
"text":"",
"mid":"zwIcPCvLU",
"date":"2013-05-14 21:03:40"
},
{
"kids":[],
"uid":"328484623",
"parent":"",
"text":"",
"mid":"zwIcKB44l",
"date":"2013-05-14 21:03:28"
},
{
"kids":[],
"uid":"elwinyang",
"parent":"zwI73aoqa",
"text":"去美国犯法吧，说不定还能给家人留比钱财！",
"mid":"zwIcrbbMd",
"date":"2013-05-14 21:02:41"
},
{
"kids":[],
"uid":"2719200973",
"parent":"zwHngnaKR",
"text":"",
"mid":"zwIbg7pTA",
"date":"2013-05-14 20:59:49"
},
{
"kids":[],
"uid":"1054375483",
"parent":"zwHgueuK1",
"text":"浪催的！",
"mid":"zwIaeAYve",
"date":"2013-05-14 20:57:17"
},
{
"kids":[],
"uid":"1930912813",
"parent":"",
"text":"",
"mid":"zwIad6BJ4",
"date":"2013-05-14 20:57:14"
},
{
"kids":[],
"uid":"1870033282",
"parent":"zwHFKjeQE",
"text":"",
"mid":"zwIa0o30E",
"date":"2013-05-14 20:56:41"
},
{
"kids":[],
"uid":"2793452570",
"parent":"",
"text":"你说的4哪里？",
"mid":"zwI9mc8po",
"date":"2013-05-14 20:55:05"
},
{
"kids":[],
"uid":"1989920977",
"parent":"zwHgueuK1",
"text":"这死囚好猖狂，放到我朝来，法律都保护不了你！",
"mid":"zwI8vkC1a",
"date":"2013-05-14 20:53:00"
},
{
"kids":[],
"uid":"x17909",
"parent":"",
"text":"如果这发生在我们这个法制的国家，那家属敢做刁民吗？我觉得遵章守法的小民肯定会选择做顺民！[思考]",
"mid":"zwI89aJOP",
"date":"2013-05-14 20:52:07"
},
{
"kids":[],
"uid":"foodbank",
"parent":"",
"text":"",
"mid":"zwI7M5wnf",
"date":"2013-05-14 20:51:12"
},
{
"kids":[],
"uid":"1697151910",
"parent":"",
"text":"美帝谣言，不可信、不可信...",
"mid":"zwI7Jrsxx",
"date":"2013-05-14 20:51:08"
},
{
"kids":[],
"uid":"2477995963",
"parent":"zwHK7jihR",
"text":"",
"mid":"zwI7mpQhz",
"date":"2013-05-14 20:50:11"
},
{
"kids":[
"zwIcrbbMd"
],
"uid":"3201971945",
"parent":"",
"text":"",
"mid":"zwI73aoqa",
"date":"2013-05-14 20:49:25"
},
{
"kids":[],
"uid":"hehuyq",
"parent":"zwHQP45ku",
"text":"又是万恶的资本主义社会",
"mid":"zwI6lrcON",
"date":"2013-05-14 20:47:42"
},
{
"kids":[],
"uid":"339733368",
"parent":"zwI5111sw",
"text":"[汗]",
"mid":"zwI5R1F4x",
"date":"2013-05-14 20:46:32"
},
{
"kids":[],
"uid":"2958275141",
"parent":"",
"text":"",
"mid":"zwI5Da7Ub",
"date":"2013-05-14 20:45:55"
},
{
"kids":[
"zwI5R1F4x"
],
"uid":"1874377914",
"parent":"zwI139UVJ",
"text":"",
"mid":"zwI5111sw",
"date":"2013-05-14 20:44:25"
},
{
"kids":[],
"uid":"2360449074",
"parent":"",
"text":"",
"mid":"zwI3Q5llK",
"date":"2013-05-14 20:41:32"
},
{
"kids":[],
"uid":"1912296243",
"parent":"zwHEnhVSP",
"text":"",
"mid":"zwI3AEhRr",
"date":"2013-05-14 20:40:56"
},
{
"kids":[],
"uid":"1743095321",
"parent":"",
"text":"",
"mid":"zwI3htuHP",
"date":"2013-05-14 20:40:10"
},
{
"kids":[],
"uid":"124518787",
"parent":"zwI0z0WKm",
"text":"难以想象啊[思考]",
"mid":"zwI2Bcs81",
"date":"2013-05-14 20:38:29"
},
{
"kids":[],
"uid":"3207511814",
"parent":"zwHCK9WnE",
"text":"居委会还能管点事，可是农村村长很多是不管事的，腐败可以。",
"mid":"zwI1vgpnb",
"date":"2013-05-14 20:35:45"
},
{
"kids":[],
"uid":"1622369321",
"parent":"zwHgueuK1",
"text":"",
"mid":"zwI142GfK",
"date":"2013-05-14 20:34:42"
},
{
"kids":[
"zwI5111sw"
],
"uid":"210108578",
"parent":"",
"text":"",
"mid":"zwI139UVJ",
"date":"2013-05-14 20:34:37"
},
{
"kids":[],
"uid":"2947765683",
"parent":"zwHSoyrBZ",
"text":"这才是法治",
"mid":"zwI0O6XcN",
"date":"2013-05-14 20:34:02"
},
{
"kids":[],
"uid":"3207511814",
"parent":"zwHCK9WnE",
"text":"差不多吧，不过很多村长不管事的。",
"mid":"zwI0zBIVb",
"date":"2013-05-14 20:33:30"
},
{
"kids":[
"zwIoVh27R",
"zwI2Bcs81"
],
"uid":"raychak710627",
"parent":"",
"text":"",
"mid":"zwI0z0WKm",
"date":"2013-05-14 20:33:27"
},
{
"kids":[],
"uid":"xudongyue",
"parent":"zwHK7jihR",
"text":"",
"mid":"zwI065UGb",
"date":"2013-05-14 20:32:17"
},
{
"kids":[],
"uid":"1671106200",
"parent":"zwHjNgjpy",
"text":"",
"mid":"zwHYTiQ4p",
"date":"2013-05-14 20:29:24"
},
{
"kids":[],
"uid":"1810936452",
"parent":"zwHnPftch",
"text":"",
"mid":"zwHX9c9Ln",
"date":"2013-05-14 20:25:03"
},
{
"kids":[],
"uid":"2614174157",
"parent":"zwHOqnyc8",
"text":"这是美国。",
"mid":"zwHWTcZjx",
"date":"2013-05-14 20:24:25"
},
{
"kids":[],
"uid":"1747883217",
"parent":"",
"text":"",
"mid":"zwHWMnyD0",
"date":"2013-05-14 20:24:09"
},
{
"kids":[],
"uid":"2398168435",
"parent":"zwHgueuK1",
"text":"",
"mid":"zwHWJrKRm",
"date":"2013-05-14 20:24:02"
},
{
"kids":[],
"uid":"1716284142",
"parent":"zwHJia00X",
"text":"在中国就是吃饭死。呵呵",
"mid":"zwHWH4xC3",
"date":"2013-05-14 20:23:52"
},
{
"kids":[],
"uid":"3065421581",
"parent":"",
"text":"这万恶的资本主义，让社会主义情何以堪[怒]",
"mid":"zwHWDvztw",
"date":"2013-05-14 20:23:48"
},
{
"kids":[],
"uid":"2753527371",
"parent":"",
"text":"",
"mid":"zwHW4lFkY",
"date":"2013-05-14 20:22:25"
},
{
"kids":[],
"uid":"3029892683",
"parent":"zwHFKjeQE",
"text":"",
"mid":"zwHVLsmMg",
"date":"2013-05-14 20:21:40"
},
{
"kids":[],
"uid":"3191757997",
"parent":"",
"text":"",
"mid":"zwHUstGvB",
"date":"2013-05-14 20:18:24"
},
{
"kids":[],
"uid":"1935090442",
"parent":"",
"text":"",
"mid":"zwHTCbsbL",
"date":"2013-05-14 20:16:21"
},
{
"kids":[],
"uid":"1588625753",
"parent":"zwHFKjeQE",
"text":"没法相信，信了没法活下去",
"mid":"zwHSO09V3",
"date":"2013-05-14 20:14:20"
},
{
"kids":[
"zwI0O6XcN"
],
"uid":"2563397684",
"parent":"zwHFKjeQE",
"text":"纳税人的钱是这么败的。呵呵，过犹不及有什么伟光正。",
"mid":"zwHSoyrBZ",
"date":"2013-05-14 20:13:21"
},
{
"kids":[],
"uid":"1805193024",
"parent":"",
"text":"這種官司贏了，只能說美國司法有不完美、有變態的地方。",
"mid":"zwHS6etXG",
"date":"2013-05-14 20:12:34"
},
{
"kids":[],
"uid":"1920738264",
"parent":"",
"text":"生命的价值！",
"mid":"zwHRH9wVh",
"date":"2013-05-14 20:11:36"
},
{
"kids":[],
"uid":"1707494744",
"parent":"zwHJia00X",
"text":"",
"mid":"zwHRizwUp",
"date":"2013-05-14 20:10:40"
},
{
"kids":[],
"uid":"1805193024",
"parent":"",
"text":"不是40分鐘問題，而是沒有讓這個罪犯受到正義的處罰，讓他飽足而死，獄方应受處罰。",
"mid":"zwHRe8iU3",
"date":"2013-05-14 20:10:26"
},
{
"kids":[],
"uid":"3297316845",
"parent":"zwHBvizot",
"text":"",
"mid":"zwHQU5wup",
"date":"2013-05-14 20:09:38"
},
{
"kids":[],
"uid":"1914360450",
"parent":"zwHNIoE6j",
"text":"瞎编的。那要不是死囚，在牢里死了，得赔多少？",
"mid":"zwHQSyRwn",
"date":"2013-05-14 20:09:39"
},
{
"kids":[
"zwI6lrcON"
],
"uid":"1603619682",
"parent":"",
"text":"要在我天朝省了几块子弹钱，屁民还要感恩戴德@绿岛咖啡m",
"mid":"zwHQP45ku",
"date":"2013-05-14 20:09:26"
},
{
"kids":[],
"uid":"2389639465",
"parent":"zwHK7jihR",
"text":"😈",
"mid":"zwHP3o1pF",
"date":"2013-05-14 20:05:06"
},
{
"kids":[],
"uid":"2274271147",
"parent":"zwHgueuK1",
"text":"",
"mid":"zwHONuhcu",
"date":"2013-05-14 20:04:29"
},
{
"kids":[],
"uid":"3460424504",
"parent":"",
"text":"",
"mid":"zwHOMxin0",
"date":"2013-05-14 20:04:28"
},
{
"kids":[
"zwHWTcZjx"
],
"uid":"3258401730",
"parent":"zwHzPipwk",
"text":"",
"mid":"zwHOqnyc8",
"date":"2013-05-14 20:03:33"
},
{
"kids":[],
"uid":"2101236341",
"parent":"zwHwJ03nB",
"text":"",
"mid":"zwHOjjt9o",
"date":"2013-05-14 20:03:16"
},
{
"kids":[],
"uid":"2218982585",
"parent":"zwHKz6ffQ",
"text":"",
"mid":"zwHNUsA9F",
"date":"2013-05-14 20:02:17"
},
{
"kids":[
"zwHQSyRwn"
],
"uid":"limawu",
"parent":"zwHNhavPj",
"text":"",
"mid":"zwHNIoE6j",
"date":"2013-05-14 20:01:49"
},
{
"kids":[
"zwPnc7Hiw",
"zwIftkqQM",
"zwHNIoE6j"
],
"uid":"shenziwuzi5566",
"parent":"zwHpiyb6h",
"text":"无语",
"mid":"zwHNhavPj",
"date":"2013-05-14 20:00:45"
},
{
"kids":[],
"uid":"1995843005",
"parent":"zwHBCpkFj",
"text":"为了中国屈死的人民，转一个[蜡烛]",
"mid":"zwHMRbito",
"date":"2013-05-14 19:59:42"
},
{
"kids":[],
"uid":"1079736681",
"parent":"zwHFKjeQE",
"text":"这种无时间、无地点、无人名的典型“三无”谣言还有人信？",
"mid":"zwHMD0ATO",
"date":"2013-05-14 19:59:08"
},
{
"kids":[],
"uid":"1286404002",
"parent":"zwHDyq6HP",
"text":"",
"mid":"zwHMqi2ln",
"date":"2013-05-14 19:58:36"
},
{
"kids":[],
"uid":"2284821412",
"parent":"zwHFTsPel",
"text":"省子弹钱了！",
"mid":"zwHMlgCD5",
"date":"2013-05-14 19:58:24"
},
{
"kids":[],
"uid":"2188295133",
"parent":"zwHJia00X",
"text":"无论是故事也好，笑话也罢，这充分反应了这个国家的问题。。。",
"mid":"zwHLJtq09",
"date":"2013-05-14 19:56:57"
},
{
"kids":[],
"uid":"paulaliu",
"parent":"",
"text":"",
"mid":"zwHLf1ZVb",
"date":"2013-05-14 19:55:41"
},
{
"kids":[],
"uid":"3067482151",
"parent":"",
"text":"可以比吗？",
"mid":"zwHL3bj5n",
"date":"2013-05-14 19:55:15"
},
{
"kids":[],
"uid":"1416618201",
"parent":"zwHsIq8Le",
"text":"",
"mid":"zwHKUjjX3",
"date":"2013-05-14 19:54:53"
},
{
"kids":[],
"uid":"2484063640",
"parent":"",
"text":"",
"mid":"zwHKDw2QF",
"date":"2013-05-14 19:54:14"
},
{
"kids":[
"zwHNUsA9F"
],
"uid":"2275915193",
"parent":"zwHCTjwIL",
"text":"[哈哈]",
"mid":"zwHKz6ffQ",
"date":"2013-05-14 19:54:01"
},
{
"kids":[],
"uid":"2201554025",
"parent":"zwHpPCTxt",
"text":"",
"mid":"zwHKkxMBd",
"date":"2013-05-14 19:53:29"
},
{
"kids":[],
"uid":"3261233921",
"parent":"zwHgueuK1",
"text":"",
"mid":"zwHKf082x",
"date":"2013-05-14 19:53:14"
},
{
"kids":[],
"uid":"1496910202",
"parent":"",
"text":"",
"mid":"zwHKbrun4",
"date":"2013-05-14 19:53:05"
},
{
"kids":[],
"uid":"2635276357",
"parent":"zwHsIq8Le",
"text":"",
"mid":"zwHKaghRv",
"date":"2013-05-14 19:53:04"
},
{
"kids":[
"zxyLAiGvp",
"zwMT2rHWN",
"zwI7mpQhz",
"zwI065UGb",
"zwHP3o1pF"
],
"uid":"1719727575",
"parent":"",
"text":"",
"mid":"zwHK7jihR",
"date":"2013-05-14 19:52:56"
},
{
"kids":[
"zwHWH4xC3",
"zwHRizwUp",
"zwHLJtq09"
],
"uid":"shengyi673",
"parent":"zwHFKjeQE",
"text":"没有查到该新闻.",
"mid":"zwHJia00X",
"date":"2013-05-14 19:50:53"
},
{
"kids":[],
"uid":"1940804544",
"parent":"zwHFKjeQE",
"text":"",
"mid":"zwHJ0pLZ5",
"date":"2013-05-14 19:50:14"
},
{
"kids":[],
"uid":"1709378713",
"parent":"zwH3gcvkV",
"text":"",
"mid":"zwHIHuXAG",
"date":"2013-05-14 19:49:26"
},
{
"kids":[],
"uid":"2383655807",
"parent":"",
"text":"",
"mid":"zwHIsqIvh",
"date":"2013-05-14 19:48:53"
},
{
"kids":[],
"uid":"1667528643",
"parent":"zwHpPCTxt",
"text":"该死的美帝，我们社会主义天朝污杀的不改正，错判十几年出来也没有这个零头子多",
"mid":"zwHIlFaYp",
"date":"2013-05-14 19:48:36"
},
{
"kids":[],
"uid":"2197858234",
"parent":"",
"text":"",
"mid":"zwHI5nJrs",
"date":"2013-05-14 19:47:55"
},
{
"kids":[],
"uid":"1677398274",
"parent":"zwHgueuK1",
"text":"",
"mid":"zwHHT2QNp",
"date":"2013-05-14 19:47:26"
},
{
"kids":[
"zwImZ0CPq"
],
"uid":"1005223987",
"parent":"",
"text":"[笑哈哈]",
"mid":"zwHHJg9Hm",
"date":"2013-05-14 19:47:02"
},
{
"kids":[],
"uid":"2305941870",
"parent":"zwHFKjeQE",
"text":"[围观]",
"mid":"zwHHyBDhg",
"date":"2013-05-14 19:46:39"
},
{
"kids":[],
"uid":"godlove",
"parent":"",
"text":"",
"mid":"zwHHyhV7U",
"date":"2013-05-14 19:46:40"
},
{
"kids":[],
"uid":"2566529882",
"parent":"",
"text":"",
"mid":"zwHHgin6D",
"date":"2013-05-14 19:45:56"
},
{
"kids":[],
"uid":"qdmg",
"parent":"zwHFKjeQE",
"text":"",
"mid":"zwHHbwxn8",
"date":"2013-05-14 19:45:44"
},
{
"kids":[],
"uid":"1743987555",
"parent":"",
"text":"我朝监狱死了不负责。",
"mid":"zwHH85I5H",
"date":"2013-05-14 19:45:34"
},
{
"kids":[
"zwILVBn5f"
],
"uid":"cowawa",
"parent":"",
"text":"扯吧！",
"mid":"zwHGS4pVC",
"date":"2013-05-14 19:44:57"
},
{
"kids":[],
"uid":"1691984282",
"parent":"zwHFKjeQE",
"text":"",
"mid":"zwHGAlsIT",
"date":"2013-05-14 19:44:13"
},
{
"kids":[
"zwJhjbXDF",
"zwIp4pwzH",
"zwHMlgCD5"
],
"uid":"xudan1818",
"parent":"",
"text":"啧啧啧啧啧啧",
"mid":"zwHFTsPel",
"date":"2013-05-14 19:42:33"
},
{
"kids":[
"zwNDGojYI",
"zwIAYhG7k",
"zwItfBkL9",
"zwIkdmm82",
"zwIdihoai",
"zwIa0o30E",
"zwHVLsmMg",
"zwHSO09V3",
"zwHSoyrBZ",
"zwHMD0ATO",
"zwHJia00X",
"zwHJ0pLZ5",
"zwHHyBDhg",
"zwHHbwxn8",
"zwHGAlsIT"
],
"uid":"duanmucixiang",
"parent":"",
"text":"蝗虫国的人情何以堪呵",
"mid":"zwHFKjeQE",
"date":"2013-05-14 19:42:09"
},
{
"kids":[],
"uid":"3169653532",
"parent":"zwHBvizot",
"text":"",
"mid":"zwHF3aAAL",
"date":"2013-05-14 19:40:27"
},
{
"kids":[],
"uid":"2059994293",
"parent":"",
"text":"",
"mid":"zwHF3anNT",
"date":"2013-05-14 19:40:28"
},
{
"kids":[
"zwNG2FLwp",
"zwJJz9e7l",
"zwI3AEhRr"
],
"uid":"cxt196228",
"parent":"",
"text":"鸡国无耻地笑了！",
"mid":"zwHEnhVSP",
"date":"2013-05-14 19:38:45"
},
{
"kids":[],
"uid":"1849172707",
"parent":"zwHuUE2CA",
"text":"",
"mid":"zwHE38dCC",
"date":"2013-05-14 19:38:00"
},
{
"kids":[
"zwIn5foWj",
"zwHMqi2ln"
],
"uid":"rustumurat",
"parent":"",
"text":"",
"mid":"zwHDyq6HP",
"date":"2013-05-14 19:36:47"
},
{
"kids":[],
"uid":"63025006",
"parent":"",
"text":"",
"mid":"zwHDceT4W",
"date":"2013-05-14 19:35:55"
},
{
"kids":[],
"uid":"1402102191",
"parent":"zwHgueuK1",
"text":"",
"mid":"zwHDaaNaf",
"date":"2013-05-14 19:35:47"
},
{
"kids":[
"zwHKz6ffQ"
],
"uid":"2181236140",
"parent":"",
"text":"",
"mid":"zwHCTjwIL",
"date":"2013-05-14 19:35:07"
},
{
"kids":[
"zwI1vgpnb",
"zwI0zBIVb"
],
"uid":"2181578525",
"parent":"",
"text":"。。。",
"mid":"zwHCK9WnE",
"date":"2013-05-14 19:34:44"
},
{
"kids":[],
"uid":"2038075945",
"parent":"zwHgueuK1",
"text":"米国没有临时工[奥特曼][奥特曼][奥特曼]",
"mid":"zwHCtkCnM",
"date":"2013-05-14 19:34:08"
},
{
"kids":[],
"uid":"1831378122",
"parent":"",
"text":"40分钟的生命权，也要给他，这就是民主与法治！",
"mid":"zwHCc9BM5",
"date":"2013-05-14 19:33:23"
},
{
"kids":[
"zwHMRbito"
],
"uid":"whitereflection",
"parent":"zwHuUE2CA",
"text":"[挖鼻屎]在中国~！一分钱都不值！",
"mid":"zwHBCpkFj",
"date":"2013-05-14 19:31:58"
},
{
"kids":[
"zwW5thOUE",
"zwPwdvUZI",
"zwOMb1KA6",
"zwIpnmHbY",
"zwHQU5wup",
"zwHF3aAAL"
],
"uid":"3397760512",
"parent":"zwHzM3tV6",
"text":"",
"mid":"zwHBvizot",
"date":"2013-05-14 19:31:42"
},
{
"kids":[],
"uid":"2273587217",
"parent":"",
"text":"要是在天朝呢？",
"mid":"zwHBprzgb",
"date":"2013-05-14 19:31:28"
},
{
"kids":[],
"uid":"wangyaoxing",
"parent":"",
"text":"[哈哈]",
"mid":"zwHAf4nns",
"date":"2013-05-14 19:28:37"
},
{
"kids":[
"zwHOqnyc8"
],
"uid":"2949203991",
"parent":"",
"text":"",
"mid":"zwHzPipwk",
"date":"2013-05-14 19:27:36"
},
{
"kids":[
"zwHBvizot"
],
"uid":"2819404410",
"parent":"zwHxccePr",
"text":"",
"mid":"zwHzM3tV6",
"date":"2013-05-14 19:27:28"
},
{
"kids":[],
"uid":"l9521",
"parent":"",
"text":"美国人还真挺讲理的",
"mid":"zwHzkgGkB",
"date":"2013-05-14 19:26:20"
},
{
"kids":[],
"uid":"208123634",
"parent":"zwHxmh4P8",
"text":"[汗]",
"mid":"zwHyziHaw",
"date":"2013-05-14 19:24:28"
},
{
"kids":[],
"uid":"1401797004",
"parent":"",
"text":"[good]",
"mid":"zwHyt7Gh0",
"date":"2013-05-14 19:24:15"
},
{
"kids":[],
"uid":"1761167954",
"parent":"zwHmg6co7",
"text":"",
"mid":"zwHyicPbr",
"date":"2013-05-14 19:23:47"
},
{
"kids":[],
"uid":"fadarenda",
"parent":"",
"text":"",
"mid":"zwHyhh7sQ",
"date":"2013-05-14 19:23:46"
},
{
"kids":[],
"uid":"zhangfeng0798",
"parent":"zwHuUE2CA",
"text":"",
"mid":"zwHxTCue5",
"date":"2013-05-14 19:22:50"
},
{
"kids":[
"zwIkv3R29",
"zwIfs9Axx",
"zwHyziHaw"
],
"uid":"273699779",
"parent":"",
"text":"[转发][围观][思考]",
"mid":"zwHxmh4P8",
"date":"2013-05-14 19:21:28"
},
{
"kids":[
"zwJzfnjM1",
"zwHzM3tV6"
],
"uid":"3200512247",
"parent":"zwHwXsJA8",
"text":"",
"mid":"zwHxccePr",
"date":"2013-05-14 19:21:05"
},
{
"kids":[
"zwHxccePr"
],
"uid":"2707134305",
"parent":"zwHuUE2CA",
"text":"[哈哈]",
"mid":"zwHwXsJA8",
"date":"2013-05-14 19:20:30"
},
{
"kids":[],
"uid":"2394826905",
"parent":"",
"text":"流氓国家！！[怒]",
"mid":"zwHwPtWW1",
"date":"2013-05-14 19:20:14"
},
{
"kids":[
"zwHOjjt9o"
],
"uid":"syhbjs99667",
"parent":"zwHvuooPl",
"text":"法治充分尊重人权!",
"mid":"zwHwJ03nB",
"date":"2013-05-14 19:19:57"
},
{
"kids":[],
"uid":"2337849760",
"parent":"",
"text":"我去",
"mid":"zwHvUrBvx",
"date":"2013-05-14 19:17:56"
},
{
"kids":[],
"uid":"jessyiyi",
"parent":"zwGYEdhmi",
"text":"天朝就不会这样判！",
"mid":"zwHvKEFOU",
"date":"2013-05-14 19:17:33"
},
{
"kids":[
"zwHwJ03nB"
],
"uid":"1815417520",
"parent":"",
"text":"美国不是早已废除死刑了吗？",
"mid":"zwHvuooPl",
"date":"2013-05-14 19:16:53"
},
{
"kids":[
"zwHE38dCC",
"zwHBCpkFj",
"zwHxTCue5",
"zwHwXsJA8"
],
"uid":"tlldxg",
"parent":"zwHtLpP5Y",
"text":"[哈哈][哈哈]",
"mid":"zwHuUE2CA",
"date":"2013-05-14 19:15:33"
},
{
"kids":[],
"uid":"1925042403",
"parent":"",
"text":"",
"mid":"zwHuFiceP",
"date":"2013-05-14 19:14:54"
},
{
"kids":[],
"uid":"2938376583",
"parent":"",
"text":"",
"mid":"zwHubrj9Z",
"date":"2013-05-14 19:13:39"
},
{
"kids":[],
"uid":"2185572741",
"parent":"",
"text":"[思考]",
"mid":"zwHu94s9d",
"date":"2013-05-14 19:13:34"
},
{
"kids":[],
"uid":"2713755794",
"parent":"zwHgueuK1",
"text":"你说天朝哪",
"mid":"zwHtRktR4",
"date":"2013-05-14 19:12:54"
},
{
"kids":[
"zwHuUE2CA"
],
"uid":"wuhong",
"parent":"",
"text":"",
"mid":"zwHtLpP5Y",
"date":"2013-05-14 19:12:44"
},
{
"kids":[],
"uid":"2790778735",
"parent":"",
"text":"这就是法制，这就是人权。",
"mid":"zwHtIaTvF",
"date":"2013-05-14 19:12:32"
},
{
"kids":[],
"uid":"3268424047",
"parent":"",
"text":"",
"mid":"zwHtD9tWO",
"date":"2013-05-14 19:12:20"
},
{
"kids":[],
"uid":"1458454962",
"parent":"",
"text":"没卖你的器官就算不错了",
"mid":"zwHtw595P",
"date":"2013-05-14 19:12:03"
},
{
"kids":[],
"uid":"1636070101",
"parent":"",
"text":"",
"mid":"zwHtnuKYd",
"date":"2013-05-14 19:11:42"
},
{
"kids":[],
"uid":"2288032450",
"parent":"",
"text":"[哈哈]笑死人了。",
"mid":"zwHt9o8vc",
"date":"2013-05-14 19:11:06"
},
{
"kids":[],
"uid":"3226355931",
"parent":"",
"text":"",
"mid":"zwHt0a6Zb",
"date":"2013-05-14 19:10:46"
},
{
"kids":[],
"uid":"1902001930",
"parent":"",
"text":"万恶的美帝",
"mid":"zwHsWjxvf",
"date":"2013-05-14 19:10:38"
},
{
"kids":[],
"uid":"1301827287",
"parent":"zwHqgyuA3",
"text":"如果在中国呢?",
"mid":"zwHsMirMy",
"date":"2013-05-14 19:10:14"
},
{
"kids":[
"zwHKUjjX3",
"zwHKaghRv"
],
"uid":"haodahai",
"parent":"",
"text":"",
"mid":"zwHsIq8Le",
"date":"2013-05-14 19:10:03"
},
{
"kids":[],
"uid":"kingding2009",
"parent":"",
"text":"这就是万恶的资本主义！",
"mid":"zwHs089rv",
"date":"2013-05-14 19:08:18"
},
{
"kids":[],
"uid":"1528252027",
"parent":"",
"text":"有意思！",
"mid":"zwHrjxdSu",
"date":"2013-05-14 19:06:38"
},
{
"kids":[],
"uid":"2532018594",
"parent":"",
"text":"发达啰",
"mid":"zwHrg33eX",
"date":"2013-05-14 19:06:27"
},
{
"kids":[],
"uid":"1447387432",
"parent":"",
"text":"",
"mid":"zwHr0lWpH",
"date":"2013-05-14 19:05:52"
},
{
"kids":[],
"uid":"3031177661",
"parent":"zwHgueuK1",
"text":"人权！",
"mid":"zwHqS5Bb2",
"date":"2013-05-14 19:05:32"
},
{
"kids":[
"zwHsMirMy"
],
"uid":"2137311005",
"parent":"",
"text":"",
"mid":"zwHqgyuA3",
"date":"2013-05-14 19:04:01"
},
{
"kids":[
"zwHKkxMBd",
"zwHIlFaYp"
],
"uid":"2810986145",
"parent":"",
"text":"",
"mid":"zwHpPCTxt",
"date":"2013-05-14 19:02:59"
},
{
"kids":[
"zwHNhavPj"
],
"uid":"xms2012",
"parent":"zwHgueuK1",
"text":"咳，太诚实。",
"mid":"zwHpiyb6h",
"date":"2013-05-14 19:01:40"
},
{
"kids":[],
"uid":"2327993265",
"parent":"",
"text":"@Ellen阿阳 [哈哈][哈哈][哈哈]",
"mid":"zwHpgdBAo",
"date":"2013-05-14 19:01:33"
},
{
"kids":[],
"uid":"2557545523",
"parent":"",
"text":"",
"mid":"zwHoIxFRM",
"date":"2013-05-14 19:00:15"
},
{
"kids":[],
"uid":"1756421255",
"parent":"",
"text":"",
"mid":"zwHovvYeJ",
"date":"2013-05-14 18:59:43"
},
{
"kids":[],
"uid":"2604672605",
"parent":"zwHgueuK1",
"text":"",
"mid":"zwHnRn2s0",
"date":"2013-05-14 18:58:05"
},
{
"kids":[
"zx1AAyVRT",
"zwHX9c9Ln"
],
"uid":"juexing8",
"parent":"zwHjEokrL",
"text":"",
"mid":"zwHnPftch",
"date":"2013-05-14 18:58:02"
},
{
"kids":[],
"uid":"3165092011",
"parent":"",
"text":"[哈哈][哈哈]",
"mid":"zwHnxySIJ",
"date":"2013-05-14 18:57:19"
},
{
"kids":[
"zwIbg7pTA"
],
"uid":"2786724657",
"parent":"",
"text":"",
"mid":"zwHngnaKR",
"date":"2013-05-14 18:56:39"
},
{
"kids":[],
"uid":"2625264861",
"parent":"zwHjLdhnt",
"text":"",
"mid":"zwHmSaqUu",
"date":"2013-05-14 18:55:39"
},
{
"kids":[],
"uid":"3154233800",
"parent":"",
"text":"",
"mid":"zwHmD8cs6",
"date":"2013-05-14 18:55:06"
},
{
"kids":[
"zxL1i1qIw"
],
"uid":"1887068440",
"parent":"",
"text":"我靠，真的假的。",
"mid":"zwHmrxoBM",
"date":"2013-05-14 18:54:38"
},
{
"kids":[
"zwIrJ45Vl",
"zwHyicPbr"
],
"uid":"1427642780",
"parent":"zwHjNgjpy",
"text":"",
"mid":"zwHmg6co7",
"date":"2013-05-14 18:54:10"
},
{
"kids":[],
"uid":"1451010503",
"parent":"",
"text":"求证[嘻嘻]",
"mid":"zwHlXoUZy",
"date":"2013-05-14 18:53:26"
},
{
"kids":[],
"uid":"3213731494",
"parent":"",
"text":"",
"mid":"zwHlMck0N",
"date":"2013-05-14 18:52:56"
},
{
"kids":[],
"uid":"3301697947",
"parent":"zwHgueuK1",
"text":"死得其所了",
"mid":"zwHlL3cnb",
"date":"2013-05-14 18:52:56"
},
{
"kids":[],
"uid":"2265027723",
"parent":"zwHgueuK1",
"text":"",
"mid":"zwHlADxwA",
"date":"2013-05-14 18:52:32"
},
{
"kids":[],
"uid":"2686232074",
"parent":"",
"text":"",
"mid":"zwHly45A8",
"date":"2013-05-14 18:52:25"
},
{
"kids":[],
"uid":"2067991037",
"parent":"",
"text":"",
"mid":"zwHla58or",
"date":"2013-05-14 18:51:28"
},
{
"kids":[],
"uid":"2535932693",
"parent":"zwHgueuK1",
"text":"在咱这就宣布枪毙了",
"mid":"zwHkWcNYi",
"date":"2013-05-14 18:50:52"
},
{
"kids":[],
"uid":"maxiaoluvs1972",
"parent":"zwHgueuK1",
"text":"",
"mid":"zwHjXkc42",
"date":"2013-05-14 18:48:29"
},
{
"kids":[
"zwHYTiQ4p",
"zwHmg6co7"
],
"uid":"roselovesdog",
"parent":"zwHipC8kp",
"text":"",
"mid":"zwHjNgjpy",
"date":"2013-05-14 18:48:05"
},
{
"kids":[
"zwHmSaqUu"
],
"uid":"1431593064",
"parent":"",
"text":"",
"mid":"zwHjLdhnt",
"date":"2013-05-14 18:48:01"
},
{
"kids":[
"zwHnPftch"
],
"uid":"2556407821",
"parent":"",
"text":"",
"mid":"zwHjEokrL",
"date":"2013-05-14 18:47:45"
},
{
"kids":[],
"uid":"2674119911",
"parent":"",
"text":"[嘻嘻][嘻嘻]",
"mid":"zwHjCDWyu",
"date":"2013-05-14 18:47:39"
},
{
"kids":[],
"uid":"2111363807",
"parent":"zwHanngQ6",
"text":"",
"mid":"zwHjzFz2I",
"date":"2013-05-14 18:47:34"
},
{
"kids":[],
"uid":"2368485442",
"parent":"zwHgueuK1",
"text":"法治国家",
"mid":"zwHj20y1Q",
"date":"2013-05-14 18:46:12"
},
{
"kids":[],
"uid":"2690386757",
"parent":"zwHgueuK1",
"text":"法律！",
"mid":"zwHiLbGvl",
"date":"2013-05-14 18:45:31"
},
{
"kids":[],
"uid":"dacque",
"parent":"",
"text":"",
"mid":"zwHix0DOE",
"date":"2013-05-14 18:44:57"
},
{
"kids":[],
"uid":"1401238875",
"parent":"",
"text":"",
"mid":"zwHiqaUL7",
"date":"2013-05-14 18:44:43"
},
{
"kids":[
"zwHjNgjpy"
],
"uid":"1881337561",
"parent":"zwHc9BPHM",
"text":"[给力]",
"mid":"zwHipC8kp",
"date":"2013-05-14 18:44:42"
},
{
"kids":[],
"uid":"2881167912",
"parent":"",
"text":"生命的价格啊！我们的冤假错案都做不到，当成误工费补偿了？让当官的进去看一看？",
"mid":"zwHhuid6U",
"date":"2013-05-14 18:42:25"
},
{
"kids":[],
"uid":"1618677630",
"parent":"",
"text":"在美国，40分钟生命权值350万美元。出生在同一地球的不同的位置，价格为什么差距这么大呀!",
"mid":"zwHhse7hg",
"date":"2013-05-14 18:42:18"
},
{
"kids":[],
"uid":"eatpraylove20110109",
"parent":"zwHgueuK1",
"text":"",
"mid":"zwHhhyxui",
"date":"2013-05-14 18:41:54"
},
{
"kids":[],
"uid":"1863377353",
"parent":"",
"text":"好么",
"mid":"zwHh5rfxM",
"date":"2013-05-14 18:41:26"
},
{
"kids":[],
"uid":"2286965570",
"parent":"zwHgueuK1",
"text":"",
"mid":"zwHh59Eji",
"date":"2013-05-14 18:41:22"
},
{
"kids":[],
"uid":"1887650471",
"parent":"",
"text":"要在兲朝那就，，，，，，",
"mid":"zwHgT42qF",
"date":"2013-05-14 18:40:56"
},
{
"kids":[
"zwM2mnuSO",
"zwIaeAYve",
"zwI8vkC1a",
"zwI142GfK",
"zwHWJrKRm",
"zwHONuhcu",
"zwHKf082x",
"zwHHT2QNp",
"zwHDaaNaf",
"zwHCtkCnM",
"zwHtRktR4",
"zwHqS5Bb2",
"zwHpiyb6h",
"zwHnRn2s0",
"zwHlL3cnb",
"zwHlADxwA",
"zwHkWcNYi",
"zwHjXkc42",
"zwHj20y1Q",
"zwHiLbGvl",
"zwHhhyxui",
"zwHh59Eji"
],
"uid":"2607898175",
"parent":"",
"text":"支持[哈哈]",
"mid":"zwHgueuK1",
"date":"2013-05-14 18:39:54"
},
{
"kids":[],
"uid":"1328551665",
"parent":"",
"text":"限于基本人权",
"mid":"zwHglE4xA",
"date":"2013-05-14 18:39:36"
},
{
"kids":[],
"uid":"2543291043",
"parent":"",
"text":"生命的价值",
"mid":"zwHfRwtbf",
"date":"2013-05-14 18:38:23"
},
{
"kids":[],
"uid":"2956502321",
"parent":"",
"text":"",
"mid":"zwHeKD1LP",
"date":"2013-05-14 18:35:39"
},
{
"kids":[],
"uid":"zhangxu1971",
"parent":"zwH9knOPm",
"text":"",
"mid":"zwHd1Fwqs",
"date":"2013-05-14 18:31:26"
},
{
"kids":[
"zwHipC8kp"
],
"uid":"2207387707",
"parent":"zwH9knOPm",
"text":"[爱你]",
"mid":"zwHc9BPHM",
"date":"2013-05-14 18:29:17"
},
{
"kids":[],
"uid":"2039121237",
"parent":"zwH9knOPm",
"text":"",
"mid":"zwHbFczwe",
"date":"2013-05-14 18:28:04"
},
{
"kids":[
"zwIJyskyj"
],
"uid":"603234128",
"parent":"",
"text":"",
"mid":"zwHb29hRZ",
"date":"2013-05-14 18:26:28"
},
{
"kids":[
"zwHjzFz2I"
],
"uid":"1866983381",
"parent":"zwH9knOPm",
"text":"今天毛思的老师让我们写天朝人权和美国人权，好多人都在书里面找，我看了就笑了",
"mid":"zwHanngQ6",
"date":"2013-05-14 18:24:53"
},
{
"kids":[
"zwRzVefGx",
"zwHd1Fwqs",
"zwHc9BPHM",
"zwHbFczwe",
"zwHanngQ6"
],
"uid":"3065806063",
"parent":"",
"text":"这是民主国家的人权，懂吗？死刑犯也是有人权的。虽然很好笑？[嘻嘻]",
"mid":"zwH9knOPm",
"date":"2013-05-14 18:22:18"
},
{
"kids":[],
"uid":"vargrey",
"parent":"",
"text":"这是…",
"mid":"zwH5qCIja",
"date":"2013-05-14 18:12:42"
},
{
"kids":[],
"uid":"1742474592",
"parent":"zwH3gcvkV",
"text":"",
"mid":"zwH4FEC35",
"date":"2013-05-14 18:10:51"
},
{
"kids":[],
"uid":"szybook",
"parent":"",
"text":"[疑问][思考]",
"mid":"zwH3gcvpr",
"date":"2013-05-14 18:07:22"
},
{
"kids":[
"zwHIHuXAG",
"zwH4FEC35"
],
"uid":"jesusmylord",
"parent":"zwGQDqPoM",
"text":"",
"mid":"zwH3gcvkV",
"date":"2013-05-14 18:07:19"
},
{
"kids":[],
"uid":"1415632941",
"parent":"",
"text":"真特么值钱啊！",
"mid":"zwH3f59bp",
"date":"2013-05-14 18:07:19"
},
{
"kids":[],
"uid":"1064540473",
"parent":"",
"text":"这才是法制社会！",
"mid":"zwH13qWs2",
"date":"2013-05-14 18:01:56"
},
{
"kids":[
"zxZGwyoOC"
],
"uid":"bugjohn",
"parent":"zwGZUeCUA",
"text":"@点子正 求证",
"mid":"zwH0OmCRo",
"date":"2013-05-14 18:01:19"
},
{
"kids":[],
"uid":"2280949865",
"parent":"",
"text":"",
"mid":"zwH0nrd6M",
"date":"2013-05-14 18:00:16"
},
{
"kids":[],
"uid":"3141705982",
"parent":"",
"text":"",
"mid":"zwH04dY7M",
"date":"2013-05-14 17:59:32"
},
{
"kids":[
"zwH0OmCRo"
],
"uid":"henrybull",
"parent":"",
"text":"很有意思的案件。求准确信息，具体人物时间地点。四十分钟的生命权到底价值多少？你知道自己只能生存四十分钟时，打算做点啥？看一级电视剧吗？",
"mid":"zwGZUeCUA",
"date":"2013-05-14 17:59:04"
},
{
"kids":[],
"uid":"yanzaqw1",
"parent":"",
"text":"这才是尊重公民权利的国家。",
"mid":"zwGYVnhlH",
"date":"2013-05-14 17:56:38"
},
{
"kids":[
"zwHvKEFOU"
],
"uid":"2177272964",
"parent":"",
"text":"#我的517，越转越优惠#",
"mid":"zwGYEdhmi",
"date":"2013-05-14 17:55:57"
},
{
"kids":[],
"uid":"279900784",
"parent":"",
"text":"[赞][转发]",
"mid":"zwGXA2p7A",
"date":"2013-05-14 17:53:22"
},
{
"kids":[],
"uid":"2980206731",
"parent":"",
"text":"[阴险]",
"mid":"zwGXvwnXd",
"date":"2013-05-14 17:53:10"
},
{
"kids":[],
"uid":"2453462844",
"parent":"zwGRHEHHt",
"text":"",
"mid":"zwGXm75Qi",
"date":"2013-05-14 17:52:48"
},
{
"kids":[
"zwQwvAq7q"
],
"uid":"2649263491",
"parent":"",
"text":"",
"mid":"zwGWH2xoC",
"date":"2013-05-14 17:51:11"
},
{
"kids":[],
"uid":"tjqihe",
"parent":"",
"text":"剥夺他们生命，触摸屏容易按错，呵呵",
"mid":"zwGWsixzN",
"date":"2013-05-14 17:50:36"
},
{
"kids":[],
"uid":"tjqihe",
"parent":"",
"text":"美国善于宣传这样的故事，他们轰炸中东平民安顿他们生命得罪行，怎么没见他们赔偿？",
"mid":"zwGUy6N2g",
"date":"2013-05-14 17:45:53"
},
{
"kids":[],
"uid":"2001347003",
"parent":"",
"text":"[围观]",
"mid":"zwGTtfCvu",
"date":"2013-05-14 17:43:13"
},
{
"kids":[],
"uid":"2096975684",
"parent":"zwGQDqPoM",
"text":"一些友友们会叹曰：简直天方夜谭哈",
"mid":"zwGSIigm1",
"date":"2013-05-14 17:41:22"
},
{
"kids":[],
"uid":"1406167890",
"parent":"zwGQDqPoM",
"text":"",
"mid":"zwGSe92zx",
"date":"2013-05-14 17:40:11"
},
{
"kids":[],
"uid":"1836621005",
"parent":"",
"text":"",
"mid":"zwGRTu4C3",
"date":"2013-05-14 17:39:21"
},
{
"kids":[
"zwGXm75Qi"
],
"uid":"bdh88",
"parent":"",
"text":"[話筒]",
"mid":"zwGRHEHHt",
"date":"2013-05-14 17:38:52"
},
{
"kids":[],
"uid":"2840668073",
"parent":"",
"text":"",
"mid":"zwGRB8zWY",
"date":"2013-05-14 17:38:37"
},
{
"kids":[],
"uid":"727123885",
"parent":"",
"text":"",
"mid":"zwGRsjvVi",
"date":"2013-05-14 17:38:14"
},
{
"kids":[],
"uid":"210381810",
"parent":"",
"text":"非我族类，必有怪事。",
"mid":"zwGQZiXHT",
"date":"2013-05-14 17:37:08"
},
{
"kids":[],
"uid":"2313501883",
"parent":"",
"text":"要是在我朝会怎么样？@周泽律师 @袁裕来律师",
"mid":"zwGQECoea",
"date":"2013-05-14 17:36:19"
},
{
"kids":[
"zwH3gcvkV",
"zwGSIigm1",
"zwGSe92zx"
],
"uid":"1935594760",
"parent":"",
"text":"",
"mid":"zwGQDqPoM",
"date":"2013-05-14 17:36:17"
},
{
"kids":[],
"uid":"576220071",
"parent":"zwGtO5JsH",
"text":"",
"mid":"zwGMcESqn",
"date":"2013-05-14 17:25:20"
},
{
"kids":[],
"uid":"zhangxiaoyun927",
"parent":"zwGpXgJQn",
"text":"",
"mid":"zwGG2huL7",
"date":"2013-05-14 17:10:07"
},
{
"kids":[],
"uid":"fk1423",
"parent":"zwGonsSfu",
"text":"",
"mid":"zwGD28elv",
"date":"2013-05-14 17:02:49"
},
{
"kids":[],
"uid":"2455706460",
"parent":"",
"text":"[哈哈][哈哈][哈哈]",
"mid":"zwGBR9yNI",
"date":"2013-05-14 16:59:51"
},
{
"kids":[],
"uid":"2937218805",
"parent":"zwGonsSfu",
"text":"",
"mid":"zwGA8bgYf",
"date":"2013-05-14 16:55:37"
},
{
"kids":[],
"uid":"laohuangskate",
"parent":"zwGu3r8rw",
"text":"",
"mid":"zwGyEyzFl",
"date":"2013-05-14 16:51:57"
},
{
"kids":[],
"uid":"647612394",
"parent":"zwGonsSfu",
"text":"",
"mid":"zwGwDjQvr",
"date":"2013-05-14 16:46:57"
},
{
"kids":[
"zwQIHrO8X",
"zwGyEyzFl"
],
"uid":"3174644067",
"parent":"",
"text":"",
"mid":"zwGu3r8rw",
"date":"2013-05-14 16:40:37"
},
{
"kids":[
"zwGMcESqn"
],
"uid":"2382941993",
"parent":"",
"text":"真矫情！中国连器官都没了也没要赔偿",
"mid":"zwGtO5JsH",
"date":"2013-05-14 16:40:00"
},
{
"kids":[],
"uid":"ksgsxtph",
"parent":"zwGonsSfu",
"text":"法制至上！",
"mid":"zwGtb2OFC",
"date":"2013-05-14 16:38:26"
},
{
"kids":[
"zwGG2huL7"
],
"uid":"2569208302",
"parent":"zwGonsSfu",
"text":"俺生前一定要学会打官司[阴险]",
"mid":"zwGpXgJQn",
"date":"2013-05-14 16:30:34"
},
{
"kids":[],
"uid":"2655959552",
"parent":"zwGonsSfu",
"text":"",
"mid":"zwGpPB931",
"date":"2013-05-14 16:30:12"
},
{
"kids":[],
"uid":"1606196382",
"parent":"",
"text":"人权。哎！",
"mid":"zwGpc43Dp",
"date":"2013-05-14 16:28:37"
},
{
"kids":[],
"uid":"3034848171",
"parent":"",
"text":"这也就是发生在国外，国内会有人在乎吗？",
"mid":"zwGp4mSrg",
"date":"2013-05-14 16:28:19"
},
{
"kids":[
"zwGD28elv",
"zwGA8bgYf",
"zwGwDjQvr",
"zwGtb2OFC",
"zwGpXgJQn",
"zwGpPB931"
],
"uid":"3204916464",
"parent":"",
"text":"",
"mid":"zwGonsSfu",
"date":"2013-05-14 16:26:42"
},
{
"kids":[],
"uid":"1361880001",
"parent":"zwG24hWqv",
"text":"",
"mid":"zwG5I3lTl",
"date":"2013-05-14 15:40:37"
},
{
"kids":[
"zwG5I3lTl"
],
"uid":"xm9764",
"parent":"",
"text":"",
"mid":"zwG24hWqv",
"date":"2013-05-14 15:31:41"
},
{
"kids":[],
"uid":"321789456",
"parent":"",
"text":"+1",
"mid":"zwEbTaSB7",
"date":"2013-05-14 10:50:22"
},
{
"kids":[],
"uid":"1201972764",
"parent":"",
"text":"",
"mid":"zwDOm4HXM",
"date":"2013-05-14 09:52:23"
},
{
"kids":[],
"uid":"1799699402",
"parent":"",
"text":"",
"mid":"zwDM4cUz2",
"date":"2013-05-14 09:46:45"
}
]