[
{
"kids":[],
"uid":"315170006",
"parent":"z7UzP6HsP",
"text":"",
"mid":"z8Rvvp7fW",
"date":"2012-12-09 00:37:08"
},
{
"kids":[],
"uid":"2280441265",
"parent":"",
"text":"乱了套！还是人吗？简直是对中国人的侮辱！",
"mid":"z8Ku4mNu7",
"date":"2012-12-08 06:44:22"
},
{
"kids":[],
"uid":"2919447402",
"parent":"",
"text":"",
"mid":"z8z4Zb61b",
"date":"2012-12-07 01:42:20"
},
{
"kids":[],
"uid":"2804136632",
"parent":"z84hndoF4",
"text":"",
"mid":"z8uUpz0O7",
"date":"2012-12-06 15:05:17"
},
{
"kids":[],
"uid":"2803383772",
"parent":"z82ASzPvR",
"text":"",
"mid":"z8rVS793A",
"date":"2012-12-06 07:30:39"
},
{
"kids":[],
"uid":"2808055094",
"parent":"",
"text":"",
"mid":"z8mthtngx",
"date":"2012-12-05 17:36:29"
},
{
"kids":[],
"uid":"2803149444",
"parent":"",
"text":"",
"mid":"z8mthbM6Y",
"date":"2012-12-05 17:36:27"
},
{
"kids":[],
"uid":"2920215862",
"parent":"z8fq8EEYR",
"text":"",
"mid":"z8m8W0Xva",
"date":"2012-12-05 16:46:22"
},
{
"kids":[],
"uid":"2802956682",
"parent":"z8fq8EEYR",
"text":"",
"mid":"z8m8W0Xtb",
"date":"2012-12-05 16:46:22"
},
{
"kids":[],
"uid":"2919528292",
"parent":"z84hndoF4",
"text":"",
"mid":"z8j8Clxd1",
"date":"2012-12-05 09:07:19"
},
{
"kids":[],
"uid":"2789725140",
"parent":"z84hndoF4",
"text":"",
"mid":"z8j8C3W0U",
"date":"2012-12-05 09:07:19"
},
{
"kids":[],
"uid":"1140545494",
"parent":"z82EAsi9O",
"text":"",
"mid":"z8hdojVW0",
"date":"2012-12-05 04:13:37"
},
{
"kids":[
"z8m8W0Xva",
"z8m8W0Xtb"
],
"uid":"819840505",
"parent":"",
"text":"你要我女儿，我就玩你孙女！！",
"mid":"z8fq8EEYR",
"date":"2012-12-04 23:39:32"
},
{
"kids":[],
"uid":"hezhi1977",
"parent":"z826O1LdB",
"text":"这算报仇吗？",
"mid":"z89RyBsCj",
"date":"2012-12-04 09:30:36"
},
{
"kids":[],
"uid":"quanqvan",
"parent":"z889S2dgK",
"text":"这是什么玩意···",
"mid":"z89zZn1ul",
"date":"2012-12-04 08:47:19"
},
{
"kids":[],
"uid":"2741920851",
"parent":"",
"text":"这样也好，亲上加亲。@甘肃刘维忠 @医生哥波子 @政协委员杨海龙 @西西里咖啡 @SKY的鸟 @红黑骑士ing",
"mid":"z89snwkPj",
"date":"2012-12-04 08:28:33"
},
{
"kids":[],
"uid":"2802889134",
"parent":"z7UwymIkc",
"text":"",
"mid":"z88RZFxt6",
"date":"2012-12-04 06:58:56"
},
{
"kids":[],
"uid":"1777090442",
"parent":"z7UwymIkc",
"text":"",
"mid":"z88RZFxsm",
"date":"2012-12-04 06:58:55"
},
{
"kids":[],
"uid":"2809343780",
"parent":"z7VtajVTZ",
"text":"",
"mid":"z88clEomy",
"date":"2012-12-04 05:16:20"
},
{
"kids":[],
"uid":"2810663784",
"parent":"z82EAsi9O",
"text":"",
"mid":"z889SjOpg",
"date":"2012-12-04 05:10:13"
},
{
"kids":[
"z89zZn1ul"
],
"uid":"2920212030",
"parent":"z82EAsi9O",
"text":"",
"mid":"z889S2dgK",
"date":"2012-12-04 05:10:13"
},
{
"kids":[],
"uid":"2114410700",
"parent":"z81VjxMlY",
"text":"[开心]",
"mid":"z84JLcQwz",
"date":"2012-12-03 20:27:40"
},
{
"kids":[
"z8uUpz0O7",
"z8j8Clxd1",
"z8j8C3W0U"
],
"uid":"1437962713",
"parent":"z7VDcFgjO",
"text":"真的假的？完全无语了…",
"mid":"z84hndoF4",
"date":"2012-12-03 19:17:43"
},
{
"kids":[],
"uid":"2611337371",
"parent":"z81WEB7oF",
"text":"杨振宁的孙女出了本书叫《我嫁给了奶奶的老爸》",
"mid":"z846Mn3Ku",
"date":"2012-12-03 18:51:35"
},
{
"kids":[],
"uid":"1897160143",
"parent":"z82QRn5v4",
"text":"高智商曁人确实前卫[馋嘴]",
"mid":"z842Rq59i",
"date":"2012-12-03 18:41:59"
},
{
"kids":[],
"uid":"2276552824",
"parent":"z83yJmeYW",
"text":"这叫一个乱啊",
"mid":"z841e81OL",
"date":"2012-12-03 18:37:56"
},
{
"kids":[],
"uid":"1767277707",
"parent":"z82eX0L7P",
"text":"我凌乱了",
"mid":"z83G6tLCY",
"date":"2012-12-03 17:45:53"
},
{
"kids":[
"z841e81OL"
],
"uid":"1852529681",
"parent":"z81SrEVTF",
"text":"世界之大，无奇不有",
"mid":"z83yJmeYW",
"date":"2012-12-03 17:27:44"
},
{
"kids":[],
"uid":"2616954624",
"parent":"z801txqK6",
"text":"[哈哈][哈哈][哈哈]",
"mid":"z839SmWmY",
"date":"2012-12-03 16:26:30"
},
{
"kids":[],
"uid":"1886066513",
"parent":"z7UEizAMs",
"text":"",
"mid":"z838zFm8P",
"date":"2012-12-03 16:23:18"
},
{
"kids":[
"z842Rq59i"
],
"uid":"tendyee",
"parent":"z82eX0L7P",
"text":"好一个大交叉的关系，我也凌乱了",
"mid":"z82QRn5v4",
"date":"2012-12-03 15:39:37"
},
{
"kids":[],
"uid":"2183454825",
"parent":"",
"text":"",
"mid":"z82LonMZe",
"date":"2012-12-03 15:26:11"
},
{
"kids":[
"z8hdojVW0",
"z889SjOpg",
"z889S2dgK"
],
"uid":"2138410497",
"parent":"z81SrEVTF",
"text":"真的还是假的",
"mid":"z82EAsi9O",
"date":"2012-12-03 15:09:25"
},
{
"kids":[
"z8rVS793A"
],
"uid":"2189173692",
"parent":"",
"text":"为什么不是翁帆68岁的母亲与杨振宁的18岁的孙子喜结连理？",
"mid":"z82ASzPvR",
"date":"2012-12-03 15:00:16"
},
{
"kids":[],
"uid":"2209392257",
"parent":"",
"text":"2007年的恶搞改头换面，又成新闻了。这是典型造谣传谣，广州市诚信建设促进会用胡编乱造的言论吸引公众的关注。伤害别人有意思吗？http:",
"mid":"z82wMb6WC",
"date":"2012-12-03 14:50:10"
},
{
"kids":[
"z83G6tLCY",
"z82QRn5v4"
],
"uid":"2013488733",
"parent":"",
"text":"真的假的？我凌乱了",
"mid":"z82eX0L7P",
"date":"2012-12-03 14:06:13"
},
{
"kids":[
"z89RyBsCj"
],
"uid":"2684516051",
"parent":"z80eKrvEW",
"text":"真的假的？[吃惊]",
"mid":"z826O1LdB",
"date":"2012-12-03 13:46:10"
},
{
"kids":[
"z846Mn3Ku"
],
"uid":"stephaniechenwei",
"parent":"z81SrEVTF",
"text":"这是假的吧？",
"mid":"z81WEB7oF",
"date":"2012-12-03 13:21:11"
},
{
"kids":[
"z84JLcQwz"
],
"uid":"1787463081",
"parent":"z81SrEVTF",
"text":"哇！！！",
"mid":"z81VjxMlY",
"date":"2012-12-03 13:17:53"
},
{
"kids":[],
"uid":"1465178435",
"parent":"",
"text":"怀疑消息的真实性。根据婚姻法的规定，女方应该年满20岁才可以结婚的吧？",
"mid":"z81TBtABJ",
"date":"2012-12-03 13:13:38"
},
{
"kids":[
"z83yJmeYW",
"z82EAsi9O",
"z81WEB7oF",
"z81VjxMlY"
],
"uid":"nicollhou",
"parent":"z80mixWEx",
"text":"",
"mid":"z81SrEVTF",
"date":"2012-12-03 13:10:50"
},
{
"kids":[],
"uid":"1829302307",
"parent":"z7VtajVTZ",
"text":"互换子孙。够前卫。",
"mid":"z81RiuofM",
"date":"2012-12-03 13:07:59"
},
{
"kids":[],
"uid":"2750471943",
"parent":"z801txqK6",
"text":"[抓狂]",
"mid":"z81JX9Aok",
"date":"2012-12-03 12:49:53"
},
{
"kids":[],
"uid":"1879415710",
"parent":"z80K010Io",
"text":"这个是假的吧。。。。",
"mid":"z81t4d8Du",
"date":"2012-12-03 12:08:17"
},
{
"kids":[],
"uid":"1497291520",
"parent":"z7UTJDyM7",
"text":"真的吗",
"mid":"z81rOa6RD",
"date":"2012-12-03 12:05:09"
},
{
"kids":[],
"uid":"2129835147",
"parent":"z803r139t",
"text":"",
"mid":"z813T4ZlS",
"date":"2012-12-03 11:06:15"
},
{
"kids":[],
"uid":"smallriceplus",
"parent":"z80N8s2C0",
"text":"不过十八岁领的出结婚证么？[思考]",
"mid":"z80Nzmfa1",
"date":"2012-12-03 10:26:03"
},
{
"kids":[
"z80Nzmfa1"
],
"uid":"smallriceplus",
"parent":"",
"text":"所以西化了还是有好处的么，直呼其名[嘻嘻]",
"mid":"z80N8s2C0",
"date":"2012-12-03 10:24:58"
},
{
"kids":[],
"uid":"2811049864",
"parent":"z802ICFDr",
"text":"",
"mid":"z80Ld4DJs",
"date":"2012-12-03 10:20:14"
},
{
"kids":[],
"uid":"2789724732",
"parent":"z802ICFDr",
"text":"",
"mid":"z80Ld3ipX",
"date":"2012-12-03 10:20:14"
},
{
"kids":[
"z81t4d8Du"
],
"uid":"mengqingminzi",
"parent":"z803r139t",
"text":"就是那个传说中的神经病院的笑话真实版~",
"mid":"z80K010Io",
"date":"2012-12-03 10:17:15"
},
{
"kids":[],
"uid":"2535765710",
"parent":"",
"text":"这一家子不是瞎搞么@自由夏日骄阳 @拉拉千色色 @秋日裡的花千樹 @宝贝圆球团",
"mid":"z80Jp4Csi",
"date":"2012-12-03 10:15:45"
},
{
"kids":[],
"uid":"1225821770",
"parent":"z7Wa67pKT",
"text":"",
"mid":"z80BT575c",
"date":"2012-12-03 09:57:16"
},
{
"kids":[],
"uid":"1950780377",
"parent":"z7ZZWEDA9",
"text":"[赞]",
"mid":"z80BCxVbR",
"date":"2012-12-03 09:56:37"
},
{
"kids":[],
"uid":"1876420763",
"parent":"",
"text":"@野百合阿有春天 @北辰Spike 真的假的？",
"mid":"z80AYlNHQ",
"date":"2012-12-03 09:54:59"
},
{
"kids":[],
"uid":"1991563634",
"parent":"z7WO6eksW",
"text":"太乱了，爷爷，岳父傻傻分不清楚",
"mid":"z80yc3zzr",
"date":"2012-12-03 09:48:09"
},
{
"kids":[],
"uid":"2827005112",
"parent":"",
"text":"我他妈的笑点低[奥特曼]",
"mid":"z80x67ZPZ",
"date":"2012-12-03 09:45:28"
},
{
"kids":[],
"uid":"2920519750",
"parent":"z7VtajVTZ",
"text":"",
"mid":"z80v60Y9m",
"date":"2012-12-03 09:40:32"
},
{
"kids":[],
"uid":"2809531380",
"parent":"z7VtajVTZ",
"text":"",
"mid":"z80v5FEgF",
"date":"2012-12-03 09:40:32"
},
{
"kids":[],
"uid":"1858298802",
"parent":"z801txqK6",
"text":"不是人",
"mid":"z80rLqMxX",
"date":"2012-12-03 09:32:21"
},
{
"kids":[],
"uid":"hightyy",
"parent":"z8025C8mi",
"text":"有文化的人就是不一样[草泥马]",
"mid":"z80r2gYxp",
"date":"2012-12-03 09:30:31"
},
{
"kids":[],
"uid":"1785777217",
"parent":"",
"text":"这算不算乱伦？",
"mid":"z80o5EWqz",
"date":"2012-12-03 09:23:15"
},
{
"kids":[
"z81SrEVTF"
],
"uid":"subi110",
"parent":"z7Tykwgvo",
"text":"距地穿越翻黎嘎？？",
"mid":"z80mixWEx",
"date":"2012-12-03 09:18:52"
},
{
"kids":[],
"uid":"hullocn",
"parent":"z7ZZWEDA9",
"text":"乱伦。。",
"mid":"z80ioulya",
"date":"2012-12-03 09:09:15"
},
{
"kids":[],
"uid":"lovinglittlesue",
"parent":"z7WuOnZFd",
"text":"真的么？[衰]！！！诺贝尔伦理奖！",
"mid":"z80gSgQpN",
"date":"2012-12-03 09:05:29"
},
{
"kids":[],
"uid":"2611304492",
"parent":"z80eKrvEW",
"text":"这个应该是假新闻吧",
"mid":"z80gt7kac",
"date":"2012-12-03 09:04:30"
},
{
"kids":[
"z826O1LdB",
"z80gt7kac"
],
"uid":"2236029342",
"parent":"z7WWRkEFB",
"text":"好像差了四辈啊[吃惊]",
"mid":"z80eKrvEW",
"date":"2012-12-03 09:00:16"
},
{
"kids":[],
"uid":"zhaodapeng1996",
"parent":"",
"text":"亲上加亲",
"mid":"z803I8kpl",
"date":"2012-12-03 08:33:04"
},
{
"kids":[
"z813T4ZlS",
"z80K010Io"
],
"uid":"1767466990",
"parent":"z801txqK6",
"text":"18岁就能结婚了么？法定婚龄都没到吧！",
"mid":"z803r139t",
"date":"2012-12-03 08:32:23"
},
{
"kids":[
"z80Ld4DJs",
"z80Ld3ipX"
],
"uid":"maggie9621",
"parent":"z7ZZWEDA9",
"text":"发疯的！",
"mid":"z802ICFDr",
"date":"2012-12-03 08:30:38"
},
{
"kids":[
"z80r2gYxp"
],
"uid":"abb0107",
"parent":"",
"text":"怨怨相报",
"mid":"z8025C8mi",
"date":"2012-12-03 08:29:05"
},
{
"kids":[
"z839SmWmY",
"z81JX9Aok",
"z80rLqMxX",
"z803r139t"
],
"uid":"1602416943",
"parent":"",
"text":"到底不是常人呀",
"mid":"z801txqK6",
"date":"2012-12-03 08:27:34"
},
{
"kids":[
"z80BCxVbR",
"z80ioulya",
"z802ICFDr"
],
"uid":"takeshi13",
"parent":"z7WWRkEFB",
"text":"这个。   这个",
"mid":"z7ZZWEDA9",
"date":"2012-12-03 08:23:48"
},
{
"kids":[],
"uid":"2433512990",
"parent":"",
"text":"真的假的？",
"mid":"z7ZSV67Xd",
"date":"2012-12-03 08:06:28"
},
{
"kids":[],
"uid":"xpczq",
"parent":"z7WWRkEFB",
"text":"这个案情错踪复杂，元芳，你怎么看？",
"mid":"z7ZCipI8h",
"date":"2012-12-03 07:25:32"
},
{
"kids":[],
"uid":"2621787205",
"parent":"z7WWRkEFB",
"text":"[吃惊][吃惊][吃惊][偷笑][偷笑][偷笑]",
"mid":"z7ZjvASLj",
"date":"2012-12-03 06:39:15"
},
{
"kids":[],
"uid":"2920141784",
"parent":"",
"text":"",
"mid":"z7Z4TkcXz",
"date":"2012-12-03 06:03:13"
},
{
"kids":[],
"uid":"2803590332",
"parent":"",
"text":"",
"mid":"z7Z4SpSSi",
"date":"2012-12-03 06:03:12"
},
{
"kids":[],
"uid":"2071109321",
"parent":"z7VUyvN2u",
"text":"晕了会，这种算什么心态？",
"mid":"z7YnxhETw",
"date":"2012-12-03 04:16:25"
},
{
"kids":[],
"uid":"1149970384",
"parent":"z7UuVAv2W",
"text":"不是乱伦。该是杂交吧？不懂？",
"mid":"z7XwXmUrV",
"date":"2012-12-03 02:06:53"
},
{
"kids":[],
"uid":"346329146",
"parent":"z7XcEzy3m",
"text":"冤冤相报何时了……",
"mid":"z7XrimbAR",
"date":"2012-12-03 01:52:56"
},
{
"kids":[
"z7XrimbAR"
],
"uid":"1898664937",
"parent":"z7VdUtluk",
"text":"[晕] 这题材不错。。",
"mid":"z7XcEzy3m",
"date":"2012-12-03 01:16:52"
},
{
"kids":[
"z80eKrvEW",
"z7ZZWEDA9",
"z7ZCipI8h",
"z7ZjvASLj"
],
"uid":"summerplus",
"parent":"z7WO6eksW",
"text":"一切皆乱相[晕]",
"mid":"z7WWRkEFB",
"date":"2012-12-03 00:37:57"
},
{
"kids":[],
"uid":"2920534230",
"parent":"z7WO6eksW",
"text":"",
"mid":"z7WUC7B7u",
"date":"2012-12-03 00:32:21"
},
{
"kids":[],
"uid":"2789941462",
"parent":"z7WO6eksW",
"text":"",
"mid":"z7WUBvXqG",
"date":"2012-12-03 00:32:22"
},
{
"kids":[
"z80yc3zzr",
"z7WWRkEFB",
"z7WUC7B7u",
"z7WUBvXqG"
],
"uid":"adonnis",
"parent":"",
"text":"真乱",
"mid":"z7WO6eksW",
"date":"2012-12-03 00:16:22"
},
{
"kids":[],
"uid":"1898065777",
"parent":"z7VR3lbSm",
"text":"",
"mid":"z7WMnfjlP",
"date":"2012-12-03 00:12:06"
},
{
"kids":[],
"uid":"1414416673",
"parent":"z7VBxwrVZ",
"text":"他们都是外星人为了保持血统纯正吧",
"mid":"z7WDby4KT",
"date":"2012-12-02 23:49:27"
},
{
"kids":[],
"uid":"1876041505",
"parent":"",
"text":"哇。。。。",
"mid":"z7Wwzpj30",
"date":"2012-12-02 23:33:08"
},
{
"kids":[
"z80gSgQpN"
],
"uid":"1752182293",
"parent":"",
"text":"完全颠覆世界观人生观价值观！！！",
"mid":"z7WuOnZFd",
"date":"2012-12-02 23:28:51"
},
{
"kids":[],
"uid":"1443482192",
"parent":"z7VSxzdEM",
"text":"我的神",
"mid":"z7WuaraY5",
"date":"2012-12-02 23:27:16"
},
{
"kids":[],
"uid":"2423314522",
"parent":"",
"text":"[汗]",
"mid":"z7Wru4PgX",
"date":"2012-12-02 23:20:40"
},
{
"kids":[],
"uid":"1891589403",
"parent":"z7V04mJnG",
"text":"这样叫出来混迟早要还吗？",
"mid":"z7WndC6a8",
"date":"2012-12-02 23:10:09"
},
{
"kids":[],
"uid":"2142539637",
"parent":"",
"text":"伦理颠倒",
"mid":"z7WmYA03o",
"date":"2012-12-02 23:09:33"
},
{
"kids":[],
"uid":"1752454313",
"parent":"z7UuVAv2W",
"text":"",
"mid":"z7Wlqd6Ne",
"date":"2012-12-02 23:05:43"
},
{
"kids":[],
"uid":"2272701632",
"parent":"",
"text":"[围观]",
"mid":"z7WkXfsde",
"date":"2012-12-02 23:04:31"
},
{
"kids":[],
"uid":"xieguanghang",
"parent":"",
"text":"我擦，这TM就是爱情阿",
"mid":"z7WcLjzoC",
"date":"2012-12-02 22:44:23"
},
{
"kids":[
"z80BT575c"
],
"uid":"1962180673",
"parent":"z7VBxwrVZ",
"text":"真的假的？",
"mid":"z7Wa67pKT",
"date":"2012-12-02 22:37:49"
},
{
"kids":[],
"uid":"1778520072",
"parent":"",
"text":"重新看了下，原博主的粉丝量和身份很可疑[汗]",
"mid":"z7W5upYaS",
"date":"2012-12-02 22:26:28"
},
{
"kids":[],
"uid":"1910173340",
"parent":"z7VJaku7X",
"text":"除了我的发型，连我自己都在风中凌乱了。。",
"mid":"z7W4Gu8gT",
"date":"2012-12-02 22:24:27"
},
{
"kids":[],
"uid":"midan714",
"parent":"z7VSxzdEM",
"text":".......",
"mid":"z7W3Yt0rA",
"date":"2012-12-02 22:22:43"
},
{
"kids":[],
"uid":"1589361303",
"parent":"z7UuVAv2W",
"text":"我勒个去啊，这是赤裸裸的报复吗？",
"mid":"z7VZguC30",
"date":"2012-12-02 22:11:08"
},
{
"kids":[],
"uid":"1841377065",
"parent":"",
"text":"[衰]",
"mid":"z7VYng2JP",
"date":"2012-12-02 22:08:57"
},
{
"kids":[
"z7YnxhETw"
],
"uid":"1369367957",
"parent":"z7VQq5hHd",
"text":"第一，18岁为什么就可以结婚了；第二，这两家人的脑子都是什么长的？",
"mid":"z7VUyvN2u",
"date":"2012-12-02 21:59:32"
},
{
"kids":[],
"uid":"1455678517",
"parent":"z7VQq5hHd",
"text":"OMG!!我彻底凌乱了，别说在中国，搁全世界也是个奇葩之家啊[黑线] 这关系得多考验大脑......",
"mid":"z7VTUmf1S",
"date":"2012-12-02 21:57:56"
},
{
"kids":[
"z7WuaraY5",
"z7W3Yt0rA"
],
"uid":"amandazheng",
"parent":"",
"text":"缺爱？",
"mid":"z7VSxzdEM",
"date":"2012-12-02 21:54:34"
},
{
"kids":[
"z7WMnfjlP"
],
"uid":"1740413527",
"parent":"",
"text":"真的假的啊？太离奇了吧？",
"mid":"z7VR3lbSm",
"date":"2012-12-02 21:50:54"
},
{
"kids":[
"z7VUyvN2u",
"z7VTUmf1S"
],
"uid":"thisischris",
"parent":"z7Vzq2pqw",
"text":"这……",
"mid":"z7VQq5hHd",
"date":"2012-12-02 21:49:19"
},
{
"kids":[
"z7W4Gu8gT"
],
"uid":"1776836895",
"parent":"z7V4900PK",
"text":"牛逼。。",
"mid":"z7VJaku7X",
"date":"2012-12-02 21:31:25"
},
{
"kids":[],
"uid":"1878575331",
"parent":"z7Vzq2pqw",
"text":"难以相信",
"mid":"z7VE3gOOc",
"date":"2012-12-02 21:18:50"
},
{
"kids":[
"z84hndoF4"
],
"uid":"2209062610",
"parent":"z7UuVAv2W",
"text":"",
"mid":"z7VDcFgjO",
"date":"2012-12-02 21:16:45"
},
{
"kids":[],
"uid":"2040310451",
"parent":"",
"text":"当时我就震惊了",
"mid":"z7VCZlC5X",
"date":"2012-12-02 21:16:15"
},
{
"kids":[],
"uid":"1890504925",
"parent":"z7Vzq2pqw",
"text":"",
"mid":"z7VBNdJql",
"date":"2012-12-02 21:13:15"
},
{
"kids":[
"z7WDby4KT",
"z7Wa67pKT"
],
"uid":"zomalin",
"parent":"z7V6Ni9iu",
"text":"[晕]",
"mid":"z7VBxwrVZ",
"date":"2012-12-02 21:12:41"
},
{
"kids":[],
"uid":"1766922703",
"parent":"z7UuVAv2W",
"text":"相当的有才",
"mid":"z7VzSmRcq",
"date":"2012-12-02 21:08:35"
},
{
"kids":[
"z7VQq5hHd",
"z7VE3gOOc",
"z7VBNdJql"
],
"uid":"1946040695",
"parent":"",
"text":"这仇恨深的",
"mid":"z7Vzq2pqw",
"date":"2012-12-02 21:07:28"
},
{
"kids":[],
"uid":"2064195567",
"parent":"z7U1TtSbK",
"text":"",
"mid":"z7VxuDWO1",
"date":"2012-12-02 21:02:40"
},
{
"kids":[],
"uid":"2708242662",
"parent":"z7UDMlykA",
"text":"因为爱情，让一切都变的没有了原则！",
"mid":"z7VuHc3WB",
"date":"2012-12-02 20:55:49"
},
{
"kids":[
"z88clEomy",
"z81RiuofM",
"z80v60Y9m",
"z80v5FEgF"
],
"uid":"2062281655",
"parent":"",
"text":"人才！互相怎么称呼啊？[可爱]",
"mid":"z7VtajVTZ",
"date":"2012-12-02 20:52:00"
},
{
"kids":[],
"uid":"2181086650",
"parent":"",
"text":"@茶茶zyp  瞧瞧这一家！",
"mid":"z7Vqd7Xbh",
"date":"2012-12-02 20:44:46"
},
{
"kids":[],
"uid":"1903614675",
"parent":"",
"text":"他们家太前卫了",
"mid":"z7VodAfOS",
"date":"2012-12-02 20:39:51"
},
{
"kids":[],
"uid":"1703570074",
"parent":"",
"text":"双方该怎么称呼呢?[疑问][疑问]这是一个难题！[囧][囧]大千世界无奇不有啊!@云朵飘飘2702487915",
"mid":"z7Vo56AAU",
"date":"2012-12-02 20:39:31"
},
{
"kids":[],
"uid":"1905704343",
"parent":"z7VheagUR",
"text":"这世道啊!",
"mid":"z7VmHEYsJ",
"date":"2012-12-02 20:36:07"
},
{
"kids":[],
"uid":"1779672255",
"parent":"z7UUiyr1t",
"text":"",
"mid":"z7VlZ3HfU",
"date":"2012-12-02 20:34:17"
},
{
"kids":[
"z7VmHEYsJ"
],
"uid":"ingot",
"parent":"",
"text":"kao，不蛋定了。。。",
"mid":"z7VheagUR",
"date":"2012-12-02 20:22:37"
},
{
"kids":[
"z7XcEzy3m"
],
"uid":"334520057",
"parent":"z7UZXAArF",
"text":"[晕]",
"mid":"z7VdUtluk",
"date":"2012-12-02 20:14:28"
},
{
"kids":[],
"uid":"1792420993",
"parent":"z7V21dxrO",
"text":"差了四辈了[晕]",
"mid":"z7VcTgT89",
"date":"2012-12-02 20:11:54"
},
{
"kids":[
"z7VBxwrVZ"
],
"uid":"2108456627",
"parent":"",
"text":"这是个交易吗?",
"mid":"z7V6Ni9iu",
"date":"2012-12-02 19:56:56"
},
{
"kids":[
"z7VJaku7X"
],
"uid":"2370363001",
"parent":"",
"text":"三观尽毁+10086...",
"mid":"z7V4900PK",
"date":"2012-12-02 19:50:24"
},
{
"kids":[],
"uid":"linghani",
"parent":"",
"text":"这是真的吗？！求否定答案以保三观。",
"mid":"z7V2EeP1p",
"date":"2012-12-02 19:46:37"
},
{
"kids":[
"z7VcTgT89"
],
"uid":"2416283873",
"parent":"z7UWY1RP9",
"text":"[吃惊][吃惊]",
"mid":"z7V21dxrO",
"date":"2012-12-02 19:45:10"
},
{
"kids":[],
"uid":"3165614141",
"parent":"",
"text":"瞎搞",
"mid":"z7V1Kp2ar",
"date":"2012-12-02 19:44:30"
},
{
"kids":[
"z7WndC6a8"
],
"uid":"1980083465",
"parent":"z7UuVAv2W",
"text":"同感[挖鼻屎]",
"mid":"z7V04mJnG",
"date":"2012-12-02 19:40:22"
},
{
"kids":[
"z7VdUtluk"
],
"uid":"shymango",
"parent":"",
"text":"[暈]",
"mid":"z7UZXAArF",
"date":"2012-12-02 19:40:07"
},
{
"kids":[
"z7V21dxrO"
],
"uid":"1804173052",
"parent":"",
"text":"他们的称呼怎么搞？",
"mid":"z7UWY1RP9",
"date":"2012-12-02 19:32:42"
},
{
"kids":[],
"uid":"crystalyu0317",
"parent":"z7UUiyr1t",
"text":"给跪了。。。",
"mid":"z7UWNmPna",
"date":"2012-12-02 19:32:17"
},
{
"kids":[
"z7VlZ3HfU",
"z7UWNmPna"
],
"uid":"1778520072",
"parent":"z7U1TtSbK",
"text":"没法接受。。。我太世俗了",
"mid":"z7UUiyr1t",
"date":"2012-12-02 19:26:09"
},
{
"kids":[
"z81rOa6RD"
],
"uid":"laidianmi",
"parent":"",
"text":"求辟谣",
"mid":"z7UTJDyM7",
"date":"2012-12-02 19:24:46"
},
{
"kids":[],
"uid":"2167192552",
"parent":"z7UDMlykA",
"text":"亲上加亲，哈哈，这杨振宁叫翁帆的爸爸老丈人还是孙女婿呢？",
"mid":"z7UKU9GTL",
"date":"2012-12-02 19:03:01"
},
{
"kids":[],
"uid":"zhongguogangji",
"parent":"",
"text":"杨振宁这个垃圾，欺世盗名的家伙。他们一家可以凭此再次获得若贝尔奖。",
"mid":"z7UG3CyCy",
"date":"2012-12-02 18:51:03"
},
{
"kids":[],
"uid":"1924655287",
"parent":"z7UteouBk",
"text":"",
"mid":"z7UF1bzXb",
"date":"2012-12-02 18:48:30"
},
{
"kids":[
"z838zFm8P"
],
"uid":"2574905685",
"parent":"",
"text":"真的假的？",
"mid":"z7UEizAMs",
"date":"2012-12-02 18:46:44"
},
{
"kids":[
"z7VuHc3WB",
"z7UKU9GTL"
],
"uid":"1409239262",
"parent":"z7Us2yafN",
"text":"回复@张强919:乱伦,因为爱情?",
"mid":"z7UDMlykA",
"date":"2012-12-02 18:45:28"
},
{
"kids":[],
"uid":"3079330485",
"parent":"z7UuVAv2W",
"text":"[怒]什么事啊",
"mid":"z7UCSwGPt",
"date":"2012-12-02 18:43:14"
},
{
"kids":[],
"uid":"1653519320",
"parent":"",
"text":"这一家人乱套了",
"mid":"z7UCFcDVC",
"date":"2012-12-02 18:42:39"
},
{
"kids":[
"z8Rvvp7fW"
],
"uid":"2709154435",
"parent":"z7UuVAv2W",
"text":"世界再次为他们家震惊了[哈哈] @麻美由真FC @宋祖德 @绿色农业进行时 @风起云涌2007 @刘若英 @艾格农业 @爱情电影v @巴勒斯坦国驻华使馆 @版纳联通 @苍井空 @当时俺就笑喷了 @道译_see99 @独自捡破烂的人 @Feelin很无奈 @好果多张列",
"mid":"z7UzP6HsP",
"date":"2012-12-02 18:35:39"
},
{
"kids":[],
"uid":"207771768",
"parent":"",
"text":"[哈哈]",
"mid":"z7UyycdN0",
"date":"2012-12-02 18:32:35"
},
{
"kids":[],
"uid":"2709154435",
"parent":"z7UuVAv2W",
"text":"世界再次为他们家震惊了[哈哈] @南方农村报 @农业市场 @黃秋生 @当时俺就笑喷了 @艾格农业 @爱情电影v @巴勒斯坦国驻华使馆 @版纳联通 @苍井空 @朝鲜商人 @程国强观察 @道译_see99 @独自捡破烂的人 @湖南博野有机农业 @老衲性急 @刘若英 @风起云涌2007 @绿色农业进行时 @宋祖德 @麻美由真FC",
"mid":"z7Uye7Jgz",
"date":"2012-12-02 18:31:43"
},
{
"kids":[],
"uid":"2139756884",
"parent":"z7UuVAv2W",
"text":"求辟谣",
"mid":"z7UxoFdhi",
"date":"2012-12-02 18:29:42"
},
{
"kids":[],
"uid":"21033759",
"parent":"z7UuVAv2W",
"text":"哈哈@麻辣教师Lj",
"mid":"z7Uxe46N0",
"date":"2012-12-02 18:29:17"
},
{
"kids":[
"z88RZFxt6",
"z88RZFxsm"
],
"uid":"2063128057",
"parent":"z7UuVAv2W",
"text":"这一家人咋了？？",
"mid":"z7UwymIkc",
"date":"2012-12-02 18:27:39"
},
{
"kids":[
"z7XwXmUrV",
"z7Wlqd6Ne",
"z7VZguC30",
"z7VDcFgjO",
"z7VzSmRcq",
"z7V04mJnG",
"z7UCSwGPt",
"z7UzP6HsP",
"z7Uye7Jgz",
"z7UxoFdhi",
"z7Uxe46N0",
"z7UwymIkc"
],
"uid":"cm80s",
"parent":"z7Us2yafN",
"text":"诺贝尔不是谁都能得的~[挖鼻屎] 旁边的出租车大姐说他们的脑袋被门挤了~[汗]",
"mid":"z7UuVAv2W",
"date":"2012-12-02 18:23:39"
},
{
"kids":[
"z7UF1bzXb"
],
"uid":"2430051701",
"parent":"z7Us2yafN",
"text":"真的看不懂...",
"mid":"z7UteouBk",
"date":"2012-12-02 18:19:27"
},
{
"kids":[
"z7UDMlykA",
"z7UuVAv2W",
"z7UteouBk"
],
"uid":"1409239262",
"parent":"",
"text":"世界再次为他们家震惊了[哈哈]",
"mid":"z7Us2yafN",
"date":"2012-12-02 18:16:30"
},
{
"kids":[],
"uid":"hujiakun",
"parent":"",
"text":"",
"mid":"z7UoXlgrv",
"date":"2012-12-02 18:08:56"
},
{
"kids":[],
"uid":"2010606703",
"parent":"z7U9Q6pVN",
"text":"艳福不浅[偷笑][偷笑][偷笑]",
"mid":"z7UnyeBOT",
"date":"2012-12-02 18:05:29"
},
{
"kids":[],
"uid":"1418104113",
"parent":"z7U2bg1a8",
"text":"...好纠结",
"mid":"z7UjajIxU",
"date":"2012-12-02 17:54:40"
},
{
"kids":[],
"uid":"1832221800",
"parent":"z7U9Q6pVN",
"text":"[汗]",
"mid":"z7Ue02pth",
"date":"2012-12-02 17:41:53"
},
{
"kids":[
"z7UnyeBOT",
"z7Ue02pth"
],
"uid":"2107439134",
"parent":"",
"text":"[晕]",
"mid":"z7U9Q6pVN",
"date":"2012-12-02 17:31:41"
},
{
"kids":[],
"uid":"gzyamaha",
"parent":"",
"text":"够晒搞野哦孙女嫁太公、前无古人、后暂无来者、真系奇怪！！！",
"mid":"z7U9BzGJP",
"date":"2012-12-02 17:31:07"
},
{
"kids":[],
"uid":"nipangpang",
"parent":"z7TNJ1CJJ",
"text":"过年才累呢，先是女儿女婿给老丈人磕头拜年，然后换过来孙女和孙女婿给爷爷奶奶磕头拜年……",
"mid":"z7U94vrxB",
"date":"2012-12-02 17:29:49"
},
{
"kids":[],
"uid":"1750008365",
"parent":"",
"text":"[吐血]",
"mid":"z7U6HEVcZ",
"date":"2012-12-02 17:23:57"
},
{
"kids":[],
"uid":"yucia",
"parent":"z7U1TtSbK",
"text":"这是...替爷偿债么",
"mid":"z7U4hfOzk",
"date":"2012-12-02 17:17:59"
},
{
"kids":[],
"uid":"1874130873",
"parent":"z7U1TtSbK",
"text":"[衰]够勇。。。",
"mid":"z7U3l2MiA",
"date":"2012-12-02 17:15:39"
},
{
"kids":[
"z7UjajIxU"
],
"uid":"1450004755",
"parent":"",
"text":"魅力无限！[嘻嘻][嘻嘻]",
"mid":"z7U2bg1a8",
"date":"2012-12-02 17:12:47"
},
{
"kids":[
"z7VxuDWO1",
"z7UUiyr1t",
"z7U4hfOzk",
"z7U3l2MiA"
],
"uid":"1829138305",
"parent":"",
"text":"噗……",
"mid":"z7U1TtSbK",
"date":"2012-12-02 17:12:05"
},
{
"kids":[],
"uid":"1741545080",
"parent":"z7TVz3y9q",
"text":"还能再疯狂点不。。。。",
"mid":"z7TYT3FOv",
"date":"2012-12-02 17:04:42"
},
{
"kids":[],
"uid":"306963081",
"parent":"",
"text":"岳父兼任孙女女婿！",
"mid":"z7TYOzB46",
"date":"2012-12-02 17:04:33"
},
{
"kids":[],
"uid":"gzhgauto",
"parent":"",
"text":"[挖鼻屎]",
"mid":"z7TXbxgGs",
"date":"2012-12-02 17:00:29"
},
{
"kids":[
"z7TYT3FOv"
],
"uid":"1904110001",
"parent":"",
"text":"这世界太疯狂，孙女给太爷做新娘",
"mid":"z7TVz3y9q",
"date":"2012-12-02 16:56:32"
},
{
"kids":[],
"uid":"cecehi",
"parent":"",
"text":"真的么？孙女嫁太公[吃惊]",
"mid":"z7TUJmGw9",
"date":"2012-12-02 16:54:28"
},
{
"kids":[],
"uid":"1904110001",
"parent":"z7TAqwApo",
"text":"...",
"mid":"z7TSnFEHE",
"date":"2012-12-02 16:48:41"
},
{
"kids":[
"z7U94vrxB"
],
"uid":"1435738941",
"parent":"z7TuNz1Br",
"text":"[汗]",
"mid":"z7TNJ1CJJ",
"date":"2012-12-02 16:37:12"
},
{
"kids":[],
"uid":"2161205993",
"parent":"",
"text":"年龄不是问题",
"mid":"z7TF19zIg",
"date":"2012-12-02 16:15:45"
},
{
"kids":[],
"uid":"2279217637",
"parent":"",
"text":"",
"mid":"z7TEu3FIM",
"date":"2012-12-02 16:14:26"
},
{
"kids":[
"z7TSnFEHE"
],
"uid":"fxiaom5zone",
"parent":"",
"text":"[吃惊]",
"mid":"z7TAqwApo",
"date":"2012-12-02 16:04:27"
},
{
"kids":[],
"uid":"2199223910",
"parent":"z7Tv0AmMS",
"text":"[吃惊]",
"mid":"z7TzBth9E",
"date":"2012-12-02 16:02:25"
},
{
"kids":[],
"uid":"mryebin",
"parent":"",
"text":"石头给他们摸完了[泪]",
"mid":"z7TyJ6OYY",
"date":"2012-12-02 16:00:15"
},
{
"kids":[
"z80mixWEx"
],
"uid":"2096569043",
"parent":"",
"text":"够晒搞野哦[晕]孙女嫁太公、前无古人、后暂无来者、真系奇怪！！！",
"mid":"z7Tykwgvo",
"date":"2012-12-02 15:59:17"
},
{
"kids":[],
"uid":"annicget",
"parent":"",
"text":"",
"mid":"z7TxmiRXw",
"date":"2012-12-02 15:56:52"
},
{
"kids":[],
"uid":"2172361132",
"parent":"",
"text":"报复？[阴险]",
"mid":"z7Tx2uLse",
"date":"2012-12-02 15:56:06"
},
{
"kids":[],
"uid":"1862180241",
"parent":"",
"text":"有点晕，有木有?[疑问]",
"mid":"z7Twt2ubO",
"date":"2012-12-02 15:54:41"
},
{
"kids":[
"z7TzBth9E"
],
"uid":"319989333",
"parent":"",
"text":"潮州出人才:、，【82&28 68&18】[心]·我开始相信爱情了╮(╯▽╰)╭··祝幸福[心]",
"mid":"z7Tv0AmMS",
"date":"2012-12-02 15:51:06"
},
{
"kids":[
"z7TNJ1CJJ"
],
"uid":"1399361655",
"parent":"z7TtjpLBc",
"text":"[吃惊]",
"mid":"z7TuNz1Br",
"date":"2012-12-02 15:50:33"
},
{
"kids":[
"z7TuNz1Br"
],
"uid":"baojinzhang",
"parent":"",
"text":"人才",
"mid":"z7TtjpLBc",
"date":"2012-12-02 15:46:55"
},
{
"kids":[],
"uid":"2167956774",
"parent":"",
"text":"= =！",
"mid":"z7Tt4EbCo",
"date":"2012-12-02 15:46:18"
}
]