[
{
"kids":[],
"uid":"3284539962",
"parent":"",
"text":"",
"mid":"zD2sX8gsr",
"date":"2013-06-25 11:40:11"
},
{
"kids":[],
"uid":"2503996815",
"parent":"",
"text":"",
"mid":"zCWlCBgfl",
"date":"2013-06-24 20:05:38"
},
{
"kids":[],
"uid":"2057790447",
"parent":"zCK1kA9Ej",
"text":"专黑大银行 唯恐天下不乱么？",
"mid":"zCRMBoP4Q",
"date":"2013-06-24 08:28:22"
},
{
"kids":[],
"uid":"1416926800",
"parent":"zCKueuMfC",
"text":"[思考]真的么？工行网上支付昨天还挺好的呢",
"mid":"zCNRVxshC",
"date":"2013-06-23 22:30:28"
},
{
"kids":[],
"uid":"taoyanhuang",
"parent":"",
"text":"",
"mid":"zCNnSpLAI",
"date":"2013-06-23 21:16:26"
},
{
"kids":[],
"uid":"2580692337",
"parent":"",
"text":"",
"mid":"zCNdFvf3l",
"date":"2013-06-23 20:51:17"
},
{
"kids":[],
"uid":"wy7937",
"parent":"",
"text":"啊？刚刷了信用卡，木发现啥异常哇[害羞]",
"mid":"zCN56tLw4",
"date":"2013-06-23 20:30:13"
},
{
"kids":[],
"uid":"2037580603",
"parent":"zCJqtgKeg",
"text":"",
"mid":"zCMzjgEgV",
"date":"2013-06-23 19:11:54"
},
{
"kids":[],
"uid":"3098741297",
"parent":"zCJDIsO8u",
"text":"[可怜]",
"mid":"zCM2IEIN0",
"date":"2013-06-23 17:51:35"
},
{
"kids":[],
"uid":"3098741297",
"parent":"zCJDIsO8u",
"text":"",
"mid":"zCM2BAlNl",
"date":"2013-06-23 17:51:17"
},
{
"kids":[],
"uid":"1828700927",
"parent":"zCJunyW0L",
"text":"@Ichild_Nico",
"mid":"zCLTkh5tB",
"date":"2013-06-23 17:28:30"
},
{
"kids":[],
"uid":"xialc",
"parent":"zCJQIhhLW",
"text":"这个比较扯",
"mid":"zCLIFj0Mx",
"date":"2013-06-23 17:02:11"
},
{
"kids":[],
"uid":"1170272201",
"parent":"zCJKj5o8D",
"text":"",
"mid":"zCLFDAMuX",
"date":"2013-06-23 16:54:45"
},
{
"kids":[],
"uid":"mctbag",
"parent":"zCJL71XHi",
"text":"确实",
"mid":"zCLxjoAIF",
"date":"2013-06-23 16:34:13"
},
{
"kids":[],
"uid":"1309290112",
"parent":"",
"text":"",
"mid":"zCLthoHHZ",
"date":"2013-06-23 16:24:17"
},
{
"kids":[],
"uid":"1044498145",
"parent":"zCJw0jaU2",
"text":"还真是，昨天刷工行卡显示异常，招行没事",
"mid":"zCLsclxVE",
"date":"2013-06-23 16:21:36"
},
{
"kids":[],
"uid":"nokiasd",
"parent":"zCJL71XHi",
"text":"不是吧，那我上次存钱也存不进去。。。",
"mid":"zCLoV2rmA",
"date":"2013-06-23 16:13:30"
},
{
"kids":[],
"uid":"1939306483",
"parent":"zCJur6Pa9",
"text":"",
"mid":"zCL8bA9Jp",
"date":"2013-06-23 15:32:19"
},
{
"kids":[],
"uid":"freefe1",
"parent":"zCKgZA6N8",
"text":"正要去工行，看看给是",
"mid":"zCL4Fdyq3",
"date":"2013-06-23 15:23:38"
},
{
"kids":[],
"uid":"90889279",
"parent":"zCJLnyFfy",
"text":"同右",
"mid":"zCKSGkI3y",
"date":"2013-06-23 14:54:07"
},
{
"kids":[],
"uid":"1883026777",
"parent":"",
"text":"今天农行也很异常？",
"mid":"zCKPIxaiA",
"date":"2013-06-23 14:46:48"
},
{
"kids":[],
"uid":"1232790765",
"parent":"zCJmcd7TE",
"text":"",
"mid":"zCKJneIfp",
"date":"2013-06-23 14:31:11"
},
{
"kids":[],
"uid":"ks118",
"parent":"zCJLnyFfy",
"text":"我也是几个银行app上不了，可是通过支付宝帮我把这个月账单还了 ，妈的亏了！！",
"mid":"zCKIGoTGx",
"date":"2013-06-23 14:29:27"
},
{
"kids":[],
"uid":"shellna",
"parent":"zCJII95k2",
"text":"什么风暴。怎么觉得自己慢了一拍，错了什么新闻》",
"mid":"zCKBa6JZL",
"date":"2013-06-23 14:10:57"
},
{
"kids":[],
"uid":"sqling",
"parent":"zCKsz3slw",
"text":"想起昨晚刷工行卡，真的刷不到。。。[衰]",
"mid":"zCKAwf9F7",
"date":"2013-06-23 14:09:22"
},
{
"kids":[],
"uid":"dianchinews",
"parent":"zCJL71XHi",
"text":"据说也取不了",
"mid":"zCKzJszgt",
"date":"2013-06-23 14:07:26"
},
{
"kids":[],
"uid":"277116447",
"parent":"",
"text":"据说中国的金融危机来了，难道不是一直在危机中么..",
"mid":"zCKwrhYK7",
"date":"2013-06-23 13:59:18"
},
{
"kids":[
"zCNRVxshC"
],
"uid":"1907255651",
"parent":"",
"text":"他妹儿啊，我的工资还没取呢，手里没钱了啊",
"mid":"zCKueuMfC",
"date":"2013-06-23 13:53:52"
},
{
"kids":[],
"uid":"1868350420",
"parent":"zCJLnyFfy",
"text":"我说昨天买不了票。",
"mid":"zCKu1rPra",
"date":"2013-06-23 13:53:20"
},
{
"kids":[],
"uid":"1651691522",
"parent":"zCKbfwLth",
"text":"求证！",
"mid":"zCKsQu4KZ",
"date":"2013-06-23 13:50:27"
},
{
"kids":[
"zCKAwf9F7"
],
"uid":"zsshane",
"parent":"zCKjajCRG",
"text":"@Handy陈先生 我是不是要把钱全部取出来啦",
"mid":"zCKsz3slw",
"date":"2013-06-23 13:49:47"
},
{
"kids":[],
"uid":"1911213343",
"parent":"zCJs6FfFm",
"text":"美帝黑客攻击啊[晕]",
"mid":"zCKry751Q",
"date":"2013-06-23 13:47:15"
},
{
"kids":[],
"uid":"1569832765",
"parent":"zCJH25niC",
"text":"别吓人啊",
"mid":"zCKr5qGu3",
"date":"2013-06-23 13:46:07"
},
{
"kids":[],
"uid":"2813154530",
"parent":"",
"text":"幹！工行的奇葩還闢謠說關鍵時刻電腦升級！",
"mid":"zCKoxlKzq",
"date":"2013-06-23 13:39:51"
},
{
"kids":[],
"uid":"mingming0707",
"parent":"",
"text":"真的假的？",
"mid":"zCKobs4KM",
"date":"2013-06-23 13:38:59"
},
{
"kids":[],
"uid":"2457803044",
"parent":"zCJLnyFfy",
"text":"注意了。各位。金融风暴会引起社会风暴",
"mid":"zCKmR4FRS",
"date":"2013-06-23 13:35:42"
},
{
"kids":[],
"uid":"ghblusail",
"parent":"zCJJejhsI",
"text":"回复@漂泊的老猪:中行的信用卡，在工行的pose机上消费，无异常。",
"mid":"zCKmR1jBg",
"date":"2013-06-23 13:35:41"
},
{
"kids":[],
"uid":"1401134593",
"parent":"zCJNXaHjU",
"text":"这个不用辟谣，真的崩溃了，到处可见！",
"mid":"zCKl5qQIp",
"date":"2013-06-23 13:31:21"
},
{
"kids":[],
"uid":"2150594354",
"parent":"zCKjajCRG",
"text":"还是信赖大交行把。。。",
"mid":"zCKk1cptg",
"date":"2013-06-23 13:28:44"
},
{
"kids":[
"zCKAwf9F7",
"zCKsz3slw",
"zCKk1cptg"
],
"uid":"2499818760",
"parent":"zCJs6FfFm",
"text":"学校给我发的240元报销都下不来呢，还是信赖 兴业银行好。",
"mid":"zCKjajCRG",
"date":"2013-06-23 13:26:37"
},
{
"kids":[],
"uid":"1706196215",
"parent":"zCJL71XHi",
"text":"真假啊？？？",
"mid":"zCKiFAPLB",
"date":"2013-06-23 13:25:24"
},
{
"kids":[],
"uid":"1801695080",
"parent":"zCKgZA6N8",
"text":"@鼓手李涛 我岂不是没零花钱用",
"mid":"zCKiqxBkd",
"date":"2013-06-23 13:24:47"
},
{
"kids":[],
"uid":"iiii4love",
"parent":"zCK6K1UO9",
"text":"",
"mid":"zCKhJpkAh",
"date":"2013-06-23 13:23:05"
},
{
"kids":[
"zCL4Fdyq3",
"zCKiqxBkd"
],
"uid":"2099928524",
"parent":"zCJL71XHi",
"text":"下午交房租 钱取不出来 哇嚓",
"mid":"zCKgZA6N8",
"date":"2013-06-23 13:21:15"
},
{
"kids":[],
"uid":"1929196081",
"parent":"zCKbfwLth",
"text":"请大家尽量保证自身银行卡安全！取现请去柜台。",
"mid":"zCKgq9voy",
"date":"2013-06-23 13:19:50"
},
{
"kids":[],
"uid":"3239586637",
"parent":"",
"text":"",
"mid":"zCKf0lXLw",
"date":"2013-06-23 13:16:22"
},
{
"kids":[],
"uid":"1932793612",
"parent":"zCJDZglkH",
"text":"系统升级遇trouble，某些重要索引失效。切换备库需要时间。",
"mid":"zCKeOz9Tl",
"date":"2013-06-23 13:15:54"
},
{
"kids":[],
"uid":"2936478031",
"parent":"zCJKj5o8D",
"text":"风起云涌、暴雨真的来了？",
"mid":"zCKcUlrDw",
"date":"2013-06-23 13:11:10"
},
{
"kids":[
"zCKsQu4KZ",
"zCKgq9voy"
],
"uid":"icbcwealth",
"parent":"zCK6K1UO9",
"text":"",
"mid":"zCKbfwLth",
"date":"2013-06-23 13:07:06"
},
{
"kids":[],
"uid":"2274281367",
"parent":"",
"text":"",
"mid":"zCK9WzJS4",
"date":"2013-06-23 13:03:54"
},
{
"kids":[],
"uid":"2282367753",
"parent":"",
"text":"",
"mid":"zCK8esqwl",
"date":"2013-06-23 12:59:41"
},
{
"kids":[],
"uid":"skywow",
"parent":"zCJLPltcb",
"text":"真假难辨呀",
"mid":"zCK7jrSKT",
"date":"2013-06-23 12:57:23"
},
{
"kids":[],
"uid":"eugaghang",
"parent":"zCJur6Pa9",
"text":"法克囉，好像很危險的樣子，要不要把銀行裏的錢全拿出來放家裏呢？",
"mid":"zCK6OpZ3g",
"date":"2013-06-23 12:56:12"
},
{
"kids":[
"zCKsQu4KZ",
"zCKhJpkAh",
"zCKgq9voy",
"zCKbfwLth"
],
"uid":"3409993552",
"parent":"zCJRIjjFa",
"text":"放心吧，系统偶尔出现故障不可避免。",
"mid":"zCK6K1UO9",
"date":"2013-06-23 12:55:58"
},
{
"kids":[],
"uid":"1407767083",
"parent":"zCJzMFNDu",
"text":"有这么恐怖！",
"mid":"zCK6tb5tq",
"date":"2013-06-23 12:55:19"
},
{
"kids":[],
"uid":"2153154313",
"parent":"zCJAv1Wej",
"text":"更幸好我没有工行的卡",
"mid":"zCK3I33J7",
"date":"2013-06-23 12:48:33"
},
{
"kids":[],
"uid":"313026661",
"parent":"zCJs6FfFm",
"text":"@你不知道的潴哥哥丶 你看我说出事了吧[衰]",
"mid":"zCK3HcV5m",
"date":"2013-06-23 12:48:29"
},
{
"kids":[],
"uid":"ghblusail",
"parent":"zCJJejhsI",
"text":"回复@少年的眉:[嘘] 可别让小偷看到这条消息了！",
"mid":"zCK3H9zjD",
"date":"2013-06-23 12:48:30"
},
{
"kids":[],
"uid":"2202642045",
"parent":"",
"text":"山雨欲来风满楼。。。。。。",
"mid":"zCK2I0FCK",
"date":"2013-06-23 12:46:03"
},
{
"kids":[],
"uid":"240338555",
"parent":"zCJLPltcb",
"text":"粗大事了",
"mid":"zCK1zmNYQ",
"date":"2013-06-23 12:43:15"
},
{
"kids":[
"zCRMBoP4Q"
],
"uid":"allenwal",
"parent":"zCJRIjjFa",
"text":"[衰]",
"mid":"zCK1kA9Ej",
"date":"2013-06-23 12:42:40"
},
{
"kids":[],
"uid":"ghblusail",
"parent":"zCJJejhsI",
"text":"回复@凨歌:希望不会出事。即使能追回，那也够恶心的。",
"mid":"zCK17h48e",
"date":"2013-06-23 12:42:08"
},
{
"kids":[],
"uid":"akin8848",
"parent":"",
"text":"",
"mid":"zCK13tpD2",
"date":"2013-06-23 12:42:00"
},
{
"kids":[],
"uid":"ghblusail",
"parent":"zCJJejhsI",
"text":"回复@少年的眉:还不确定事件的真实性和严重程度。。。",
"mid":"zCK0vb9bf",
"date":"2013-06-23 12:40:38"
},
{
"kids":[],
"uid":"1727912207",
"parent":"zCJMWbMhH",
"text":"工行用不成啊",
"mid":"zCK0scuLQ",
"date":"2013-06-23 12:40:30"
},
{
"kids":[],
"uid":"q563475272",
"parent":"zCJKB6Ysg",
"text":"泡沫总得有破灭时候。",
"mid":"zCJZ60m9U",
"date":"2013-06-23 12:37:10"
},
{
"kids":[],
"uid":"1216yoyo",
"parent":"zCJL71XHi",
"text":"@衣者怪兽之童心不死 @ChaO1s 咋回事？！",
"mid":"zCJYRy8q2",
"date":"2013-06-23 12:36:36"
},
{
"kids":[],
"uid":"1766939617",
"parent":"zCJWTe7dW",
"text":"IBM习惯性黒锅，这次是要逆袭还是棱镜。。。",
"mid":"zCJYQmDLC",
"date":"2013-06-23 12:36:32"
},
{
"kids":[],
"uid":"2289516503",
"parent":"zCJur6Pa9",
"text":"",
"mid":"zCJYJhKbb",
"date":"2013-06-23 12:36:16"
},
{
"kids":[],
"uid":"tman16",
"parent":"",
"text":"什么情况?",
"mid":"zCJYgCDuJ",
"date":"2013-06-23 12:35:08"
},
{
"kids":[],
"uid":"wuxinpaco",
"parent":"zCJLPltcb",
"text":"粗大事鸟",
"mid":"zCJXYAXV2",
"date":"2013-06-23 12:34:25"
},
{
"kids":[],
"uid":"2202642045",
"parent":"zCJDarFvo",
"text":"",
"mid":"zCJXygHNp",
"date":"2013-06-23 12:33:22"
},
{
"kids":[
"zCJYQmDLC"
],
"uid":"1957210681",
"parent":"zCJPnxc6T",
"text":"什么情况?都用ibm?ibm被裁员工留下的坑吗?我联想太多了。。",
"mid":"zCJWTe7dW",
"date":"2013-06-23 12:31:43"
},
{
"kids":[],
"uid":"1053463192",
"parent":"zCJT8ocJo",
"text":"我月初刚透完，哈哈，都瘫痪吧！~[偷笑]",
"mid":"zCJWPlyqX",
"date":"2013-06-23 12:31:34"
},
{
"kids":[],
"uid":"chenlianghaorio",
"parent":"zCJLPltcb",
"text":"卧槽，真的来了。。。",
"mid":"zCJVZ5shR",
"date":"2013-06-23 12:29:30"
},
{
"kids":[],
"uid":"xiaonvrenshuotianxia",
"parent":"zCJDIsO8u",
"text":"@辉野  [晕]",
"mid":"zCJUg7qe3",
"date":"2013-06-23 12:25:13"
},
{
"kids":[],
"uid":"1766939617",
"parent":"zCJOntpM3",
"text":"[熊猫] 全中招  缺现金",
"mid":"zCJTjAPPl",
"date":"2013-06-23 12:22:56"
},
{
"kids":[
"zCJWPlyqX"
],
"uid":"100202810",
"parent":"zCJPPfHNa",
"text":"我刚想去取钱啊啊[抓狂][抓狂]",
"mid":"zCJT8ocJo",
"date":"2013-06-23 12:22:28"
},
{
"kids":[],
"uid":"1694299035",
"parent":"",
"text":"",
"mid":"zCJSQ1OQC",
"date":"2013-06-23 12:21:45"
},
{
"kids":[],
"uid":"netlove521",
"parent":"zCJLS4za2",
"text":"什么状况？？",
"mid":"zCJSl32Ig",
"date":"2013-06-23 12:20:30"
},
{
"kids":[],
"uid":"1904443207",
"parent":"",
"text":"",
"mid":"zCJRX3PC2",
"date":"2013-06-23 12:19:34"
},
{
"kids":[
"zCRMBoP4Q",
"zCKsQu4KZ",
"zCKhJpkAh",
"zCKgq9voy",
"zCKbfwLth",
"zCK6K1UO9",
"zCK1kA9Ej"
],
"uid":"279928992",
"parent":"zCJtki1gg",
"text":"工行能倒闭？",
"mid":"zCJRIjjFa",
"date":"2013-06-23 12:18:58"
},
{
"kids":[],
"uid":"2094424213",
"parent":"zCJmcd7TE",
"text":"",
"mid":"zCJRCmw8R",
"date":"2013-06-23 12:18:45"
},
{
"kids":[],
"uid":"3413201330",
"parent":"",
"text":"取款去，要求银行给钱",
"mid":"zCJR5kooz",
"date":"2013-06-23 12:17:25"
},
{
"kids":[],
"uid":"635067850",
"parent":"",
"text":"",
"mid":"zCJR2kAEH",
"date":"2013-06-23 12:17:19"
},
{
"kids":[],
"uid":"206363040",
"parent":"zCJL71XHi",
"text":"什么情况",
"mid":"zCJQZ4q8q",
"date":"2013-06-23 12:17:11"
},
{
"kids":[],
"uid":"1952469731",
"parent":"zCJPnxc6T",
"text":"看来不是工行的问题啊，哈哈，是异常事件哈哈@Sunkist_yj",
"mid":"zCJQQxFNs",
"date":"2013-06-23 12:16:50"
},
{
"kids":[],
"uid":"sunnybush",
"parent":"",
"text":"",
"mid":"zCJQM7SmA",
"date":"2013-06-23 12:16:40"
},
{
"kids":[
"zCLIFj0Mx"
],
"uid":"1547590300",
"parent":"zCJPnxc6T",
"text":"微博真可怕",
"mid":"zCJQIhhLW",
"date":"2013-06-23 12:16:30"
},
{
"kids":[],
"uid":"maxiaoluvs1972",
"parent":"zCJDIsO8u",
"text":"",
"mid":"zCJQC2ECw",
"date":"2013-06-23 12:16:15"
},
{
"kids":[],
"uid":"3413201330",
"parent":"",
"text":"是时候了",
"mid":"zCJQdeJ0x",
"date":"2013-06-23 12:15:15"
},
{
"kids":[],
"uid":"1668369374",
"parent":"zCJK0saok",
"text":"",
"mid":"zCJPZ2axL",
"date":"2013-06-23 12:14:43"
},
{
"kids":[
"zCJWPlyqX",
"zCJT8ocJo"
],
"uid":"1748476640",
"parent":"",
"text":"",
"mid":"zCJPPfHNa",
"date":"2013-06-23 12:14:20"
},
{
"kids":[],
"uid":"haoyanglu",
"parent":"zCJKQveGv",
"text":"连取ATM都够了的钱，又何必去掺和",
"mid":"zCJPHBcaC",
"date":"2013-06-23 12:14:01"
},
{
"kids":[
"zCLIFj0Mx",
"zCJYQmDLC",
"zCJWTe7dW",
"zCJQQxFNs",
"zCJQIhhLW"
],
"uid":"iamlittlecc",
"parent":"zCJOntpM3",
"text":"额",
"mid":"zCJPnxc6T",
"date":"2013-06-23 12:13:12"
},
{
"kids":[],
"uid":"577524499",
"parent":"zCJJejhsI",
"text":"可能有一点问题吧～不过你放心，有中国政府给你撑腰，你既或是损失点钱也补得回来的。[嘻嘻][嘻嘻][嘻嘻]",
"mid":"zCJOD9nPe",
"date":"2013-06-23 12:11:23"
},
{
"kids":[],
"uid":"zta1010",
"parent":"zCJLS4za2",
"text":"还好啊我有600现金啊[嘻嘻]饿了暂时还能买个馍吃",
"mid":"zCJOo27q4",
"date":"2013-06-23 12:10:47"
},
{
"kids":[
"zCLIFj0Mx",
"zCJYQmDLC",
"zCJWTe7dW",
"zCJTjAPPl",
"zCJQQxFNs",
"zCJQIhhLW",
"zCJPnxc6T"
],
"uid":"1805703534",
"parent":"",
"text":"[熊猫]@panda破破腰uju @MAOXTO",
"mid":"zCJOntpM3",
"date":"2013-06-23 12:10:45"
},
{
"kids":[
"zCKl5qQIp"
],
"uid":"311757111",
"parent":"zCJzMFNDu",
"text":"神马事？",
"mid":"zCJNXaHjU",
"date":"2013-06-23 12:09:43"
},
{
"kids":[],
"uid":"2118697474",
"parent":"",
"text":"",
"mid":"zCJNTAMlo",
"date":"2013-06-23 12:09:35"
},
{
"kids":[],
"uid":"1928203404",
"parent":"zCJLS4za2",
"text":"[可怜]不是真的吧",
"mid":"zCJNF89YI",
"date":"2013-06-23 12:08:59"
},
{
"kids":[],
"uid":"2118697474",
"parent":"",
"text":"",
"mid":"zCJNrdxuL",
"date":"2013-06-23 12:08:27"
},
{
"kids":[
"zCK0scuLQ"
],
"uid":"jlk0910",
"parent":"zCJFXi5PN",
"text":"[吃惊]",
"mid":"zCJMWbMhH",
"date":"2013-06-23 12:07:13"
},
{
"kids":[],
"uid":"marsfoever",
"parent":"",
"text":"",
"mid":"zCJMjeLBb",
"date":"2013-06-23 12:05:39"
},
{
"kids":[
"zCJSl32Ig",
"zCJOo27q4",
"zCJNF89YI"
],
"uid":"2691890375",
"parent":"zCJur6Pa9",
"text":"??????",
"mid":"zCJLS4za2",
"date":"2013-06-23 12:04:34"
},
{
"kids":[
"zCK7jrSKT",
"zCK1zmNYQ",
"zCJXYAXV2",
"zCJVZ5shR"
],
"uid":"208884937",
"parent":"zCJL71XHi",
"text":"闹钱荒了",
"mid":"zCJLPltcb",
"date":"2013-06-23 12:04:28"
},
{
"kids":[],
"uid":"372425567",
"parent":"",
"text":"危机？",
"mid":"zCJLMrtUE",
"date":"2013-06-23 12:04:22"
},
{
"kids":[],
"uid":"2148630912",
"parent":"",
"text":"@法匠曾铭",
"mid":"zCJLE9k50",
"date":"2013-06-23 12:04:00"
},
{
"kids":[
"zCKSGkI3y",
"zCKIGoTGx",
"zCKu1rPra",
"zCKmR4FRS"
],
"uid":"nutterpiercing",
"parent":"zCJL71XHi",
"text":"还好卡里没钱了",
"mid":"zCJLnyFfy",
"date":"2013-06-23 12:03:22"
},
{
"kids":[
"zCLxjoAIF",
"zCLoV2rmA",
"zCL4Fdyq3",
"zCKSGkI3y",
"zCKIGoTGx",
"zCKzJszgt",
"zCKu1rPra",
"zCKmR4FRS",
"zCKiFAPLB",
"zCKiqxBkd",
"zCKgZA6N8",
"zCK7jrSKT",
"zCK1zmNYQ",
"zCJYRy8q2",
"zCJXYAXV2",
"zCJVZ5shR",
"zCJQZ4q8q",
"zCJLPltcb",
"zCJLnyFfy"
],
"uid":"210103465",
"parent":"",
"text":"本人亲测，的确如此。",
"mid":"zCJL71XHi",
"date":"2013-06-23 12:02:43"
},
{
"kids":[],
"uid":"7antan",
"parent":"zCJs6FfFm",
"text":"",
"mid":"zCJKXALPV",
"date":"2013-06-23 12:02:21"
},
{
"kids":[
"zCJPHBcaC"
],
"uid":"xiaodixiaowo",
"parent":"zCJHedryE",
"text":"网络信息战，挑动挤兑？",
"mid":"zCJKQveGv",
"date":"2013-06-23 12:02:04"
},
{
"kids":[],
"uid":"1167442624",
"parent":"zCJDIsO8u",
"text":"[思考]",
"mid":"zCJKIfw8n",
"date":"2013-06-23 12:01:42"
},
{
"kids":[
"zCJZ60m9U"
],
"uid":"2498308233",
"parent":"zCJHl1lrX",
"text":"“钱荒”，源于银行的随意扩张！",
"mid":"zCJKB6Ysg",
"date":"2013-06-23 12:01:27"
},
{
"kids":[
"zCLFDAMuX",
"zCKcUlrDw"
],
"uid":"hipihiview",
"parent":"",
"text":"嗯？转发提醒也是好的",
"mid":"zCJKj5o8D",
"date":"2013-06-23 12:00:44"
},
{
"kids":[],
"uid":"2135259083",
"parent":"",
"text":"计算机进病毒？",
"mid":"zCJKdtvwa",
"date":"2013-06-23 12:00:30"
},
{
"kids":[
"zCJPZ2axL"
],
"uid":"2710802181",
"parent":"zCJDIsO8u",
"text":"",
"mid":"zCJK0saok",
"date":"2013-06-23 11:59:59"
},
{
"kids":[],
"uid":"2172638124",
"parent":"zCJIWjtWg",
"text":"@Alex不是神 @chimeraBFH @Vincent须改变",
"mid":"zCJJMillC",
"date":"2013-06-23 11:59:27"
},
{
"kids":[],
"uid":"3215336674",
"parent":"",
"text":"",
"mid":"zCJJJ2eUG",
"date":"2013-06-23 11:59:17"
},
{
"kids":[],
"uid":"riuquan",
"parent":"",
"text":"",
"mid":"zCJJirs7o",
"date":"2013-06-23 11:58:15"
},
{
"kids":[
"zCKmR1jBg",
"zCK3H9zjD",
"zCK17h48e",
"zCK0vb9bf",
"zCJOD9nPe"
],
"uid":"ghblusail",
"parent":"",
"text":"我刚在网上进行了一笔跨行转账，不会出问题吧？[吃惊]",
"mid":"zCJJejhsI",
"date":"2013-06-23 11:58:05"
},
{
"kids":[],
"uid":"2710802181",
"parent":"zCJDStzgw",
"text":"",
"mid":"zCJJ90gs7",
"date":"2013-06-23 11:57:52"
},
{
"kids":[],
"uid":"1594911013",
"parent":"zCJur6Pa9",
"text":"[吃惊]",
"mid":"zCJJ1j7E4",
"date":"2013-06-23 11:57:33"
},
{
"kids":[
"zCJJMillC"
],
"uid":"2172638124",
"parent":"zCJur6Pa9",
"text":"",
"mid":"zCJIWjtWg",
"date":"2013-06-23 11:57:20"
},
{
"kids":[
"zCKBa6JZL"
],
"uid":"123841566",
"parent":"",
"text":"刚刚淘宝充值，也是无法支付，工行怎么回事[汗]？？",
"mid":"zCJII95k2",
"date":"2013-06-23 11:56:47"
},
{
"kids":[],
"uid":"1957907467",
"parent":"",
"text":"空穴来风，未必无因",
"mid":"zCJID7Ec9",
"date":"2013-06-23 11:56:36"
},
{
"kids":[],
"uid":"wakeupsimba",
"parent":"",
"text":"附议右边！",
"mid":"zCJIlmV5d",
"date":"2013-06-23 11:55:52"
},
{
"kids":[],
"uid":"1809321382",
"parent":"zCJBDimzH",
"text":"红色警戒？？？",
"mid":"zCJIcdi2u",
"date":"2013-06-23 11:55:31"
},
{
"kids":[],
"uid":"1410894087",
"parent":"",
"text":"",
"mid":"zCJHV4SQM",
"date":"2013-06-23 11:54:51"
},
{
"kids":[],
"uid":"vboy",
"parent":"zCJCy3Tzv",
"text":"楼下工行和建行都不能取钱了，只有北京银行没问题，还不能取大额",
"mid":"zCJHzbbWb",
"date":"2013-06-23 11:53:59"
},
{
"kids":[],
"uid":"2766540137",
"parent":"zCJGXmIca",
"text":"",
"mid":"zCJHusObt",
"date":"2013-06-23 11:53:48"
},
{
"kids":[
"zCJZ60m9U",
"zCJKB6Ysg"
],
"uid":"q563475272",
"parent":"zCJur6Pa9",
"text":"[吃惊][吃惊]",
"mid":"zCJHl1lrX",
"date":"2013-06-23 11:53:24"
},
{
"kids":[],
"uid":"lslok",
"parent":"zCJGm8Ikx",
"text":"前几天就内部安排今天系统调试，大家别慌。",
"mid":"zCJHhcL9H",
"date":"2013-06-23 11:53:15"
},
{
"kids":[],
"uid":"2723575453",
"parent":"",
"text":"",
"mid":"zCJHfn8oc",
"date":"2013-06-23 11:53:11"
},
{
"kids":[
"zCJPHBcaC",
"zCJKQveGv"
],
"uid":"jydadao",
"parent":"zCJEMA9Cb",
"text":"上海很多可以取现",
"mid":"zCJHedryE",
"date":"2013-06-23 11:53:08"
},
{
"kids":[
"zCKr5qGu3"
],
"uid":"311168711",
"parent":"zCJDIsO8u",
"text":"求证[吃惊]",
"mid":"zCJH25niC",
"date":"2013-06-23 11:52:40"
},
{
"kids":[
"zCJHusObt"
],
"uid":"572901199",
"parent":"zCJEMA9Cb",
"text":"",
"mid":"zCJGXmIca",
"date":"2013-06-23 11:52:29"
},
{
"kids":[],
"uid":"maxiaoluvs1972",
"parent":"zCJDIsO8u",
"text":"",
"mid":"zCJGM7SYU",
"date":"2013-06-23 11:52:00"
},
{
"kids":[],
"uid":"1070644990",
"parent":"zCJDIsO8u",
"text":"",
"mid":"zCJGKE9tP",
"date":"2013-06-23 11:51:59"
},
{
"kids":[
"zCJHhcL9H"
],
"uid":"guangzhouwanzaixian",
"parent":"",
"text":"",
"mid":"zCJGm8Ikx",
"date":"2013-06-23 11:51:00"
},
{
"kids":[
"zCK0scuLQ",
"zCJMWbMhH"
],
"uid":"tyduwei",
"parent":"zCJDIsO8u",
"text":"清华同方楼下工行ATM用不了",
"mid":"zCJFXi5PN",
"date":"2013-06-23 11:50:00"
},
{
"kids":[],
"uid":"shmily880726",
"parent":"",
"text":"",
"mid":"zCJFt9BpG",
"date":"2013-06-23 11:48:48"
},
{
"kids":[],
"uid":"3315909621",
"parent":"zCJyL6FHu",
"text":"",
"mid":"zCJFm46qg",
"date":"2013-06-23 11:48:33"
},
{
"kids":[],
"uid":"2714476731",
"parent":"zCJur6Pa9",
"text":"",
"mid":"zCJFaxwyF",
"date":"2013-06-23 11:48:05"
},
{
"kids":[
"zCJPHBcaC",
"zCJKQveGv",
"zCJHusObt",
"zCJHedryE",
"zCJGXmIca"
],
"uid":"1720962780",
"parent":"zCJDStzgw",
"text":"",
"mid":"zCJEMA9Cb",
"date":"2013-06-23 11:47:06"
},
{
"kids":[],
"uid":"339892000",
"parent":"zCJDIsO8u",
"text":"",
"mid":"zCJEECxK1",
"date":"2013-06-23 11:46:50"
},
{
"kids":[],
"uid":"fuyinlicai",
"parent":"zCJDIsO8u",
"text":"@MilkMouse",
"mid":"zCJEy9MAC",
"date":"2013-06-23 11:46:33"
},
{
"kids":[],
"uid":"1916389255",
"parent":"zCJs6FfFm",
"text":"晕][晕][晕]",
"mid":"zCJEm57ww",
"date":"2013-06-23 11:46:03"
},
{
"kids":[],
"uid":"1929959377",
"parent":"zCJCy3Tzv",
"text":"[吃惊]",
"mid":"zCJEe47hX",
"date":"2013-06-23 11:45:45"
},
{
"kids":[
"zCKeOz9Tl"
],
"uid":"1919378771",
"parent":"",
"text":"真的假的？@carrie冰茶糖糖 @37度的wenrou @希渊菜菜子",
"mid":"zCJDZglkH",
"date":"2013-06-23 11:45:10"
},
{
"kids":[
"zCJPHBcaC",
"zCJKQveGv",
"zCJJ90gs7",
"zCJHusObt",
"zCJHedryE",
"zCJGXmIca",
"zCJEMA9Cb"
],
"uid":"372376125",
"parent":"",
"text":"不破不立！",
"mid":"zCJDStzgw",
"date":"2013-06-23 11:44:54"
},
{
"kids":[
"zCM2IEIN0",
"zCM2BAlNl",
"zCKr5qGu3",
"zCK0scuLQ",
"zCJUg7qe3",
"zCJQC2ECw",
"zCJPZ2axL",
"zCJMWbMhH",
"zCJKIfw8n",
"zCJK0saok",
"zCJH25niC",
"zCJGM7SYU",
"zCJGKE9tP",
"zCJFXi5PN",
"zCJEECxK1",
"zCJEy9MAC"
],
"uid":"1845445053",
"parent":"zCJzDcuDn",
"text":"",
"mid":"zCJDIsO8u",
"date":"2013-06-23 11:44:28"
},
{
"kids":[],
"uid":"1364619861",
"parent":"zCJur6Pa9",
"text":"",
"mid":"zCJDq9xQw",
"date":"2013-06-23 11:43:46"
},
{
"kids":[],
"uid":"blackswordsman",
"parent":"zCJqtgKeg",
"text":"来了？",
"mid":"zCJDe1TEA",
"date":"2013-06-23 11:43:16"
},
{
"kids":[
"zCJXygHNp"
],
"uid":"danglang8855",
"parent":"zCJAnyZuT",
"text":"[挖鼻屎][挖鼻屎]怎么回事自己思考。",
"mid":"zCJDarFvo",
"date":"2013-06-23 11:43:09"
},
{
"kids":[],
"uid":"3284539962",
"parent":"",
"text":"",
"mid":"zCJD7dXBD",
"date":"2013-06-23 11:43:00"
},
{
"kids":[],
"uid":"1737475142",
"parent":"",
"text":"",
"mid":"zCJCzdFxZ",
"date":"2013-06-23 11:41:38"
},
{
"kids":[
"zCJHzbbWb",
"zCJEe47hX"
],
"uid":"2476928055",
"parent":"",
"text":"",
"mid":"zCJCy3Tzv",
"date":"2013-06-23 11:41:36"
},
{
"kids":[],
"uid":"678690506",
"parent":"zCJur6Pa9",
"text":"",
"mid":"zCJC02E47",
"date":"2013-06-23 11:40:16"
},
{
"kids":[],
"uid":"1158525257",
"parent":"zCJr2pzfU",
"text":"",
"mid":"zCJBOfjml",
"date":"2013-06-23 11:39:48"
},
{
"kids":[
"zCJIcdi2u"
],
"uid":"2118756593",
"parent":"zCJur6Pa9",
"text":"",
"mid":"zCJBDimzH",
"date":"2013-06-23 11:39:22"
},
{
"kids":[],
"uid":"1214059112",
"parent":"",
"text":"",
"mid":"zCJB1sIsi",
"date":"2013-06-23 11:37:51"
},
{
"kids":[],
"uid":"2644040910",
"parent":"",
"text":"",
"mid":"zCJB01nkk",
"date":"2013-06-23 11:37:47"
},
{
"kids":[
"zCK3I33J7"
],
"uid":"339398768",
"parent":"zCJzawrig",
"text":"幸好工行里的钱前几天已经全部取出来了！",
"mid":"zCJAv1Wej",
"date":"2013-06-23 11:36:34"
},
{
"kids":[
"zCJXygHNp",
"zCJDarFvo"
],
"uid":"1941659791",
"parent":"",
"text":"",
"mid":"zCJAnyZuT",
"date":"2013-06-23 11:36:17"
},
{
"kids":[],
"uid":"1633567231",
"parent":"zCJzDcuDn",
"text":"太险了！九点买的车票支付成功！",
"mid":"zCJAa2Wf9",
"date":"2013-06-23 11:35:44"
},
{
"kids":[
"zCKl5qQIp",
"zCK6tb5tq",
"zCJNXaHjU"
],
"uid":"benz105",
"parent":"zCJwXpkg5",
"text":"[抓狂]",
"mid":"zCJzMFNDu",
"date":"2013-06-23 11:34:49"
},
{
"kids":[
"zCM2IEIN0",
"zCM2BAlNl",
"zCKr5qGu3",
"zCK0scuLQ",
"zCJUg7qe3",
"zCJQC2ECw",
"zCJPZ2axL",
"zCJMWbMhH",
"zCJKIfw8n",
"zCJK0saok",
"zCJH25niC",
"zCJGM7SYU",
"zCJGKE9tP",
"zCJFXi5PN",
"zCJEECxK1",
"zCJEy9MAC",
"zCJDIsO8u",
"zCJAa2Wf9"
],
"uid":"niuyishun199511",
"parent":"zCJxGks1M",
"text":"真的，当家的刚才回来说超市今天刷不了卡！",
"mid":"zCJzDcuDn",
"date":"2013-06-23 11:34:26"
},
{
"kids":[
"zCK3I33J7",
"zCJAv1Wej"
],
"uid":"1939658350",
"parent":"zCJtki1gg",
"text":"@胖达达达 你的呢",
"mid":"zCJzawrig",
"date":"2013-06-23 11:33:18"
},
{
"kids":[],
"uid":"2149970142",
"parent":"",
"text":"演出开始了！",
"mid":"zCJz7Amxq",
"date":"2013-06-23 11:33:10"
},
{
"kids":[
"zCJFm46qg"
],
"uid":"210109646",
"parent":"zCJxGks1M",
"text":"去网购一下就知道了。另外，你看看哪个ATM能运作",
"mid":"zCJyL6FHu",
"date":"2013-06-23 11:32:16"
},
{
"kids":[],
"uid":"1724626214",
"parent":"zCJxDn7BT",
"text":"不是吧，经济危机别闹",
"mid":"zCJyrAcXS",
"date":"2013-06-23 11:31:31"
},
{
"kids":[],
"uid":"2796136507",
"parent":"zCJur6Pa9",
"text":"",
"mid":"zCJycemfk",
"date":"2013-06-23 11:30:53"
},
{
"kids":[],
"uid":"2640680631",
"parent":"",
"text":"",
"mid":"zCJxXrI5Z",
"date":"2013-06-23 11:30:18"
},
{
"kids":[],
"uid":"3331851560",
"parent":"zCJur6Pa9",
"text":"",
"mid":"zCJxJznMO",
"date":"2013-06-23 11:29:46"
},
{
"kids":[
"zCM2IEIN0",
"zCM2BAlNl",
"zCKr5qGu3",
"zCK0scuLQ",
"zCJUg7qe3",
"zCJQC2ECw",
"zCJPZ2axL",
"zCJMWbMhH",
"zCJKIfw8n",
"zCJK0saok",
"zCJH25niC",
"zCJGM7SYU",
"zCJGKE9tP",
"zCJFXi5PN",
"zCJFm46qg",
"zCJEECxK1",
"zCJEy9MAC",
"zCJDIsO8u",
"zCJAa2Wf9",
"zCJzDcuDn",
"zCJyL6FHu"
],
"uid":"2329435281",
"parent":"zCJxbjNU3",
"text":"[吃惊]有么？！",
"mid":"zCJxGks1M",
"date":"2013-06-23 11:29:37"
},
{
"kids":[
"zCJyrAcXS"
],
"uid":"daota",
"parent":"zCJtki1gg",
"text":"这，。。难道真的来了？",
"mid":"zCJxDn7BT",
"date":"2013-06-23 11:29:31"
},
{
"kids":[],
"uid":"xiaobaishi5",
"parent":"",
"text":"",
"mid":"zCJxtmbI7",
"date":"2013-06-23 11:29:07"
},
{
"kids":[],
"uid":"528819789",
"parent":"zCJur6Pa9",
"text":"我刚在建行柜员机取2W，正常得很",
"mid":"zCJxkbNnl",
"date":"2013-06-23 11:28:44"
},
{
"kids":[
"zCM2IEIN0",
"zCM2BAlNl",
"zCKr5qGu3",
"zCK0scuLQ",
"zCJUg7qe3",
"zCJQC2ECw",
"zCJPZ2axL",
"zCJMWbMhH",
"zCJKIfw8n",
"zCJK0saok",
"zCJH25niC",
"zCJGM7SYU",
"zCJGKE9tP",
"zCJFXi5PN",
"zCJFm46qg",
"zCJEECxK1",
"zCJEy9MAC",
"zCJDIsO8u",
"zCJAa2Wf9",
"zCJzDcuDn",
"zCJyL6FHu",
"zCJxGks1M"
],
"uid":"210109646",
"parent":"zCJqtgKeg",
"text":"网银，ATM都崩盘，是不是柜台也不行？今天还是别动钱了……",
"mid":"zCJxbjNU3",
"date":"2013-06-23 11:28:22"
},
{
"kids":[
"zCKl5qQIp",
"zCK6tb5tq",
"zCJNXaHjU",
"zCJzMFNDu"
],
"uid":"iqod",
"parent":"",
"text":"@倩妹儿VV [偷笑]求辟谣",
"mid":"zCJwXpkg5",
"date":"2013-06-23 11:27:50"
},
{
"kids":[],
"uid":"2149970142",
"parent":"",
"text":"",
"mid":"zCJwLB4OG",
"date":"2013-06-23 11:27:23"
},
{
"kids":[],
"uid":"1930024621",
"parent":"",
"text":"",
"mid":"zCJwL0O6N",
"date":"2013-06-23 11:27:21"
},
{
"kids":[],
"uid":"2160945142",
"parent":"zCJtki1gg",
"text":"暴风雨已经来临！",
"mid":"zCJwCumpC",
"date":"2013-06-23 11:26:59"
},
{
"kids":[
"zCLsclxVE"
],
"uid":"577113826",
"parent":"zCJur6Pa9",
"text":"天天印新钞，不会是因为钱荒吧。技术故障？",
"mid":"zCJw0jaU2",
"date":"2013-06-23 11:25:30"
},
{
"kids":[],
"uid":"1812025993",
"parent":"",
"text":"",
"mid":"zCJvUpzDg",
"date":"2013-06-23 11:25:14"
},
{
"kids":[],
"uid":"2778537661",
"parent":"",
"text":"",
"mid":"zCJvOuUF6",
"date":"2013-06-23 11:25:02"
},
{
"kids":[],
"uid":"2654545192",
"parent":"zCJur6Pa9",
"text":"",
"mid":"zCJvv2WNG",
"date":"2013-06-23 11:24:13"
},
{
"kids":[],
"uid":"1414062251",
"parent":"",
"text":"",
"mid":"zCJvurj49",
"date":"2013-06-23 11:24:13"
},
{
"kids":[],
"uid":"1352090613",
"parent":"",
"text":"",
"mid":"zCJvjbztL",
"date":"2013-06-23 11:23:46"
},
{
"kids":[
"zCLsclxVE",
"zCL8bA9Jp",
"zCK6OpZ3g",
"zCJZ60m9U",
"zCJYJhKbb",
"zCJSl32Ig",
"zCJOo27q4",
"zCJNF89YI",
"zCJLS4za2",
"zCJKB6Ysg",
"zCJJMillC",
"zCJJ1j7E4",
"zCJIWjtWg",
"zCJIcdi2u",
"zCJHl1lrX",
"zCJFaxwyF",
"zCJDq9xQw",
"zCJC02E47",
"zCJBDimzH",
"zCJycemfk",
"zCJxJznMO",
"zCJxkbNnl",
"zCJw0jaU2",
"zCJvv2WNG"
],
"uid":"210005278",
"parent":"",
"text":"钱荒时代来了！",
"mid":"zCJur6Pa9",
"date":"2013-06-23 11:21:37"
},
{
"kids":[
"zCLTkh5tB"
],
"uid":"nippan",
"parent":"",
"text":"阻止存款流失？银行终于逆天了，东莞有没有事？全部钱在工行啊，去提提先",
"mid":"zCJunyW0L",
"date":"2013-06-23 11:21:29"
},
{
"kids":[],
"uid":"1337052720",
"parent":"",
"text":"",
"mid":"zCJtPih9g",
"date":"2013-06-23 11:20:08"
},
{
"kids":[],
"uid":"1759713321",
"parent":"zCJqtgKeg",
"text":"[汗]",
"mid":"zCJtlrnrB",
"date":"2013-06-23 11:18:56"
},
{
"kids":[
"zCRMBoP4Q",
"zCKsQu4KZ",
"zCKhJpkAh",
"zCKgq9voy",
"zCKbfwLth",
"zCK6K1UO9",
"zCK3I33J7",
"zCK1kA9Ej",
"zCJRIjjFa",
"zCJAv1Wej",
"zCJzawrig",
"zCJyrAcXS",
"zCJxDn7BT",
"zCJwCumpC"
],
"uid":"amoiist",
"parent":"zCJs6FfFm",
"text":"",
"mid":"zCJtki1gg",
"date":"2013-06-23 11:18:54"
},
{
"kids":[],
"uid":"1948859123",
"parent":"",
"text":"",
"mid":"zCJsAaxr3",
"date":"2013-06-23 11:17:03"
},
{
"kids":[],
"uid":"1801011251",
"parent":"zCJrL37uc",
"text":"换成外币吧",
"mid":"zCJsoF9fe",
"date":"2013-06-23 11:16:37"
},
{
"kids":[],
"uid":"1426477624",
"parent":"",
"text":"",
"mid":"zCJslnT7M",
"date":"2013-06-23 11:16:28"
},
{
"kids":[
"zCRMBoP4Q",
"zCKAwf9F7",
"zCKsQu4KZ",
"zCKsz3slw",
"zCKry751Q",
"zCKk1cptg",
"zCKjajCRG",
"zCKhJpkAh",
"zCKgq9voy",
"zCKbfwLth",
"zCK6K1UO9",
"zCK3I33J7",
"zCK3HcV5m",
"zCK1kA9Ej",
"zCJRIjjFa",
"zCJKXALPV",
"zCJEm57ww",
"zCJAv1Wej",
"zCJzawrig",
"zCJyrAcXS",
"zCJxDn7BT",
"zCJwCumpC",
"zCJtki1gg"
],
"uid":"2209161467",
"parent":"",
"text":"前两天建行取两百块换了三台ATM，当时没放在心上。只是巧合？",
"mid":"zCJs6FfFm",
"date":"2013-06-23 11:15:54"
},
{
"kids":[],
"uid":"210109646",
"parent":"",
"text":"继续假账",
"mid":"zCJrVF9Yn",
"date":"2013-06-23 11:15:28"
},
{
"kids":[
"zCJsoF9fe"
],
"uid":"2712180680",
"parent":"zCJranivQ",
"text":"那么严重啊",
"mid":"zCJrL37uc",
"date":"2013-06-23 11:15:00"
},
{
"kids":[],
"uid":"2254646790",
"parent":"",
"text":"",
"mid":"zCJrG39K8",
"date":"2013-06-23 11:14:50"
},
{
"kids":[],
"uid":"wakeupsimba",
"parent":"",
"text":"好兆头。。。[阴险]",
"mid":"zCJrFaAAF",
"date":"2013-06-23 11:14:47"
},
{
"kids":[
"zCJsoF9fe",
"zCJrL37uc"
],
"uid":"531156765",
"parent":"zCJoFfFN6",
"text":"[阴险]那我欠信用卡的钱不用还了吧？",
"mid":"zCJranivQ",
"date":"2013-06-23 11:13:33"
},
{
"kids":[
"zCJBOfjml"
],
"uid":"311837000",
"parent":"",
"text":"[吃惊]",
"mid":"zCJr2pzfU",
"date":"2013-06-23 11:13:15"
},
{
"kids":[],
"uid":"123152391",
"parent":"",
"text":"",
"mid":"zCJqK6nSJ",
"date":"2013-06-23 11:12:32"
},
{
"kids":[
"zCMzjgEgV",
"zCM2IEIN0",
"zCM2BAlNl",
"zCKr5qGu3",
"zCK0scuLQ",
"zCJUg7qe3",
"zCJQC2ECw",
"zCJPZ2axL",
"zCJMWbMhH",
"zCJKIfw8n",
"zCJK0saok",
"zCJH25niC",
"zCJGM7SYU",
"zCJGKE9tP",
"zCJFXi5PN",
"zCJFm46qg",
"zCJEECxK1",
"zCJEy9MAC",
"zCJDIsO8u",
"zCJDe1TEA",
"zCJAa2Wf9",
"zCJzDcuDn",
"zCJyL6FHu",
"zCJxGks1M",
"zCJxbjNU3",
"zCJtlrnrB"
],
"uid":"2037079267",
"parent":"zCJoFfFN6",
"text":"刚刚碰上，杭州工行瘫痪[晕]",
"mid":"zCJqtgKeg",
"date":"2013-06-23 11:11:51"
},
{
"kids":[
"zCMzjgEgV",
"zCM2IEIN0",
"zCM2BAlNl",
"zCKr5qGu3",
"zCK0scuLQ",
"zCJUg7qe3",
"zCJQC2ECw",
"zCJPZ2axL",
"zCJMWbMhH",
"zCJKIfw8n",
"zCJK0saok",
"zCJH25niC",
"zCJGM7SYU",
"zCJGKE9tP",
"zCJFXi5PN",
"zCJFm46qg",
"zCJEECxK1",
"zCJEy9MAC",
"zCJDIsO8u",
"zCJDe1TEA",
"zCJAa2Wf9",
"zCJzDcuDn",
"zCJyL6FHu",
"zCJxGks1M",
"zCJxbjNU3",
"zCJtlrnrB",
"zCJsoF9fe",
"zCJrL37uc",
"zCJranivQ",
"zCJqtgKeg"
],
"uid":"djdino",
"parent":"zCJmcd7TE",
"text":"",
"mid":"zCJoFfFN6",
"date":"2013-06-23 11:07:25"
},
{
"kids":[
"zCMzjgEgV",
"zCM2IEIN0",
"zCM2BAlNl",
"zCKJneIfp",
"zCKr5qGu3",
"zCK0scuLQ",
"zCJUg7qe3",
"zCJRCmw8R",
"zCJQC2ECw",
"zCJPZ2axL",
"zCJMWbMhH",
"zCJKIfw8n",
"zCJK0saok",
"zCJH25niC",
"zCJGM7SYU",
"zCJGKE9tP",
"zCJFXi5PN",
"zCJFm46qg",
"zCJEECxK1",
"zCJEy9MAC",
"zCJDIsO8u",
"zCJDe1TEA",
"zCJAa2Wf9",
"zCJzDcuDn",
"zCJyL6FHu",
"zCJxGks1M",
"zCJxbjNU3",
"zCJtlrnrB",
"zCJsoF9fe",
"zCJrL37uc",
"zCJranivQ",
"zCJqtgKeg",
"zCJoFfFN6"
],
"uid":"siren2011",
"parent":"",
"text":"",
"mid":"zCJmcd7TE",
"date":"2013-06-23 11:01:19"
}
]