[
{
"kids":[],
"uid":"2803955214",
"parent":"",
"text":"",
"mid":"zg2Qg8VFa",
"date":"2013-01-25 06:20:36"
},
{
"kids":[],
"uid":"3155689300",
"parent":"z9goJsZI1",
"text":"@城市猎人-乐哥",
"mid":"zfXkHagfo",
"date":"2013-01-24 16:19:06"
},
{
"kids":[],
"uid":"1778153830",
"parent":"",
"text":"",
"mid":"zfUWmu78T",
"date":"2013-01-24 10:13:39"
},
{
"kids":[],
"uid":"2920481064",
"parent":"",
"text":"",
"mid":"zf9Sswiy9",
"date":"2013-01-19 10:24:56"
},
{
"kids":[],
"uid":"2991417681",
"parent":"zbbTfo4DF",
"text":"[围观]",
"mid":"zf9hYzDXg",
"date":"2013-01-19 08:55:04"
},
{
"kids":[],
"uid":"2804561320",
"parent":"",
"text":"",
"mid":"zf1MZqVjk",
"date":"2013-01-18 13:49:29"
},
{
"kids":[
"zf9hYzDXg"
],
"uid":"2277189345",
"parent":"z9n6CFiB2",
"text":"",
"mid":"zbbTfo4DF",
"date":"2012-12-24 08:11:10"
},
{
"kids":[],
"uid":"523468859",
"parent":"z9fdFg9QA",
"text":"昨天公布了是谣言",
"mid":"zaXNQ4UVN",
"date":"2012-12-22 20:19:24"
},
{
"kids":[],
"uid":"smartbuyglasses",
"parent":"z9yNxD3ML",
"text":"[鼓掌]太好了证实不是真实的，但是还请各位家长出门携儿童要谨慎哦!",
"mid":"zaKXRoeWJ",
"date":"2012-12-21 11:38:21"
},
{
"kids":[],
"uid":"1728336060",
"parent":"z9y3ZhE34",
"text":"",
"mid":"zaIMa7Whf",
"date":"2012-12-21 06:04:03"
},
{
"kids":[],
"uid":"2920180360",
"parent":"",
"text":"",
"mid":"zazfh2sBU",
"date":"2012-12-20 05:48:17"
},
{
"kids":[],
"uid":"1583626745",
"parent":"z9hXn8zkL",
"text":"",
"mid":"z9VSHs6zF",
"date":"2012-12-16 01:35:34"
},
{
"kids":[],
"uid":"2818366911",
"parent":"z9eWt8WyI",
"text":"",
"mid":"z9OhF5Vp2",
"date":"2012-12-15 06:15:05"
},
{
"kids":[],
"uid":"beijingzhaoyonggang",
"parent":"z9vpGdmCU",
"text":"",
"mid":"z9I1fnltW",
"date":"2012-12-14 14:18:10"
},
{
"kids":[],
"uid":"2199644955",
"parent":"z9fJynUYr",
"text":"哪个家乐福?@桃子马露果1984",
"mid":"z9AFK1rKX",
"date":"2012-12-13 19:35:57"
},
{
"kids":[
"zaKXRoeWJ"
],
"uid":"smartbuyglasses",
"parent":"",
"text":"小编老清老早看到这个消息，到现在既没有辟谣也没有证实的相关信息，不过还请给位父母当心！希望大家在年底都平平安安啦！[亲亲]",
"mid":"z9yNxD3ML",
"date":"2012-12-13 14:49:41"
},
{
"kids":[
"zaIMa7Whf"
],
"uid":"1015622965",
"parent":"z9n6SlggB",
"text":"@汐汐妈emily  据本人不完全统计地方变换的有：哈尔滨家乐福、青岛家乐福、乌鲁木齐家乐福、珠海家乐福、东莞家乐福、北京家乐福、虎门家乐福、厦门家乐福、苏州家乐福等等，最多的是某超市、听朋友说、听亲戚说！NND你们转之前不能花几分钟时间搜索一下看看是不是假消息？？！！@青岛邱磊",
"mid":"z9y3ZhE34",
"date":"2012-12-13 12:57:25"
},
{
"kids":[],
"uid":"2779445503",
"parent":"z9n6CFiB2",
"text":"",
"mid":"z9vO400zr",
"date":"2012-12-13 07:12:43"
},
{
"kids":[
"z9I1fnltW"
],
"uid":"2919543622",
"parent":"",
"text":"",
"mid":"z9vpGdmCU",
"date":"2012-12-13 06:12:39"
},
{
"kids":[],
"uid":"2805084050",
"parent":"",
"text":"",
"mid":"z9vpGdmCf",
"date":"2012-12-13 06:12:38"
},
{
"kids":[],
"uid":"2013923830",
"parent":"",
"text":"@心情拿铁 [吃惊][吃惊][吃惊]",
"mid":"z9spo1xV3",
"date":"2012-12-12 22:33:41"
},
{
"kids":[],
"uid":"angelfable",
"parent":"z9hXn8zkL",
"text":"管他真假的，还是小心的好~~",
"mid":"z9qfg0ndG",
"date":"2012-12-12 17:03:15"
},
{
"kids":[],
"uid":"kaolaoisland",
"parent":"z9j5ec4kj",
"text":"",
"mid":"z9oMR7mmc",
"date":"2012-12-12 13:20:31"
},
{
"kids":[],
"uid":"2308306414",
"parent":"",
"text":"带孩子的家长注意啦！[话筒][话筒][话筒]",
"mid":"z9osyjlNJ",
"date":"2012-12-12 12:30:30"
},
{
"kids":[],
"uid":"2789773182",
"parent":"",
"text":"",
"mid":"z9orbuscS",
"date":"2012-12-12 12:27:07"
},
{
"kids":[],
"uid":"2168650283",
"parent":"",
"text":"",
"mid":"z9orbus9H",
"date":"2012-12-12 12:27:07"
},
{
"kids":[],
"uid":"2263868501",
"parent":"",
"text":"",
"mid":"z9o9WaiA7",
"date":"2012-12-12 11:44:38"
},
{
"kids":[],
"uid":"2966019110",
"parent":"z9mTys9PV",
"text":"太恐怖了",
"mid":"z9o8Nsym0",
"date":"2012-12-12 11:41:50"
},
{
"kids":[],
"uid":"2698405315",
"parent":"",
"text":"",
"mid":"z9nKi3OEY",
"date":"2012-12-12 10:41:27"
},
{
"kids":[],
"uid":"338335000",
"parent":"z9n3wiHZU",
"text":"施主你又魔怔了~~",
"mid":"z9nenaSg3",
"date":"2012-12-12 09:22:49"
},
{
"kids":[],
"uid":"2248163077",
"parent":"z9n6SlggB",
"text":"",
"mid":"z9nazEeWi",
"date":"2012-12-12 09:13:28"
},
{
"kids":[
"z9y3ZhE34",
"z9nazEeWi"
],
"uid":"1401792084",
"parent":"z9jx79IFc",
"text":"据本人不完全统计地方变换的有：哈尔滨家乐福、青岛家乐福、乌鲁木齐家乐福、珠海家乐福、东莞家乐福、北京家乐福、虎门家乐福、厦门家乐福、苏州家乐福等等，最多的是某超市、听朋友说、听亲戚说！NND你们转之前不能花几分钟时间搜索一下看看是不是假消息？？！！@青岛邱磊",
"mid":"z9n6SlggB",
"date":"2012-12-12 09:04:20"
},
{
"kids":[
"zbbTfo4DF",
"z9vO400zr"
],
"uid":"2358452803",
"parent":"",
"text":"看好咱们的命根子，无时无刻不诅咒这些畜生！@阔阔soldier",
"mid":"z9n6CFiB2",
"date":"2012-12-12 09:03:43"
},
{
"kids":[
"z9nenaSg3"
],
"uid":"1401792084",
"parent":"z9jx79IFc",
"text":"怎么又变成哈尔滨家乐福了，这假消息整天变换地儿场的漫天飞啊！",
"mid":"z9n3wiHZU",
"date":"2012-12-12 08:56:05"
},
{
"kids":[],
"uid":"1769437262",
"parent":"z9hBM2uK2",
"text":"现在这年头，啥都要抢",
"mid":"z9n2giS26",
"date":"2012-12-12 08:52:58"
},
{
"kids":[],
"uid":"2966181015",
"parent":"z9mTys9PV",
"text":"[衰][衰]",
"mid":"z9mZYs14v",
"date":"2012-12-12 08:47:20"
},
{
"kids":[],
"uid":"2848022004",
"parent":"z9jx79IFc",
"text":"",
"mid":"z9mW3BXVp",
"date":"2012-12-12 08:37:42"
},
{
"kids":[
"z9o8Nsym0",
"z9mZYs14v"
],
"uid":"1942723217",
"parent":"",
"text":"",
"mid":"z9mTys9PV",
"date":"2012-12-12 08:31:31"
},
{
"kids":[],
"uid":"rr102",
"parent":"",
"text":"",
"mid":"z9mTycOvO",
"date":"2012-12-12 08:31:30"
},
{
"kids":[],
"uid":"2919801540",
"parent":"z9iSxhMDe",
"text":"",
"mid":"z9lvcpVkB",
"date":"2012-12-12 04:58:47"
},
{
"kids":[
"z9n6SlggB",
"z9n3wiHZU",
"z9mW3BXVp"
],
"uid":"1576432330",
"parent":"",
"text":"太惊人了吧，想想头皮都发麻！",
"mid":"z9jx79IFc",
"date":"2012-12-11 23:57:58"
},
{
"kids":[],
"uid":"2065311435",
"parent":"",
"text":"@陆扬Richard",
"mid":"z9jnWh5xz",
"date":"2012-12-11 23:35:24"
},
{
"kids":[],
"uid":"1778324597",
"parent":"z9goJsZI1",
"text":"",
"mid":"z9jf96Hjm",
"date":"2012-12-11 23:13:45"
},
{
"kids":[
"z9oMR7mmc"
],
"uid":"1867522331",
"parent":"",
"text":"这样的微博新浪也删？你tmd是不是人！@yini126 @清道夫20121212 @银装骑士 @青岛女警",
"mid":"z9j5ec4kj",
"date":"2012-12-11 22:49:18"
},
{
"kids":[
"z9lvcpVkB"
],
"uid":"iamqler",
"parent":"",
"text":"",
"mid":"z9iSxhMDe",
"date":"2012-12-11 22:18:02"
},
{
"kids":[],
"uid":"1046967797",
"parent":"z9eZJfIRh",
"text":"不管是不是真事，一定要提高警惕。抓住人贩子把他的手剁掉！",
"mid":"z9iNCCQif",
"date":"2012-12-11 22:05:56"
},
{
"kids":[],
"uid":"2803136732",
"parent":"z9ffdk0oh",
"text":"",
"mid":"z9iLxukrQ",
"date":"2012-12-11 22:00:48"
},
{
"kids":[],
"uid":"yyy1201",
"parent":"z9ge0ixQZ",
"text":"",
"mid":"z9iI22yhi",
"date":"2012-12-11 21:52:10"
},
{
"kids":[],
"uid":"1770693584",
"parent":"",
"text":"最好是两个大人一起把小孩带出门",
"mid":"z9iFXcTH7",
"date":"2012-12-11 21:47:02"
},
{
"kids":[],
"uid":"3088670897",
"parent":"z9h6SBdZW",
"text":"太可恶了",
"mid":"z9ikKwdHI",
"date":"2012-12-11 20:54:47"
},
{
"kids":[
"z9VSHs6zF",
"z9qfg0ndG"
],
"uid":"1758145237",
"parent":"",
"text":"大家小心 ！",
"mid":"z9hXn8zkL",
"date":"2012-12-11 19:57:13"
},
{
"kids":[],
"uid":"2111054951",
"parent":"",
"text":"",
"mid":"z9hLBhy7c",
"date":"2012-12-11 19:28:12"
},
{
"kids":[
"z9n2giS26"
],
"uid":"2553507924",
"parent":"",
"text":"看紧了都！@阿鱼露露 @煮熟的豆豆 @嘟圆玉润 @庆爱地 @sinky晶",
"mid":"z9hBM2uK2",
"date":"2012-12-11 19:04:00"
},
{
"kids":[],
"uid":"1586734624",
"parent":"",
"text":"警惕警惕再警惕",
"mid":"z9hadaaJC",
"date":"2012-12-11 17:56:03"
},
{
"kids":[
"z9ikKwdHI"
],
"uid":"2422416940",
"parent":"z9flX97MS",
"text":"灭九族！才能平息",
"mid":"z9h6SBdZW",
"date":"2012-12-11 17:47:53"
},
{
"kids":[],
"uid":"2392676740",
"parent":"",
"text":"太吓人了，有娃的都注意啊！",
"mid":"z9gIL8w2q",
"date":"2012-12-11 16:48:25"
},
{
"kids":[],
"uid":"tracyzhou219",
"parent":"z9gtxApQK",
"text":"真可怕",
"mid":"z9gBdFs7y",
"date":"2012-12-11 16:29:53"
},
{
"kids":[
"z9gBdFs7y"
],
"uid":"2163182394",
"parent":"z9g0e2PPR",
"text":"册那，拉出去斩了",
"mid":"z9gtxApQK",
"date":"2012-12-11 16:10:59"
},
{
"kids":[],
"uid":"2304629953",
"parent":"z9ggjCTma",
"text":"杀杀杀杀尽天下人贩子",
"mid":"z9gsP22Wg",
"date":"2012-12-11 16:09:11"
},
{
"kids":[],
"uid":"1767849882",
"parent":"",
"text":"",
"mid":"z9grcd14E",
"date":"2012-12-11 16:05:09"
},
{
"kids":[
"zfXkHagfo",
"z9jf96Hjm"
],
"uid":"yilin529",
"parent":"",
"text":"不管真假都要注意[做鬼脸]",
"mid":"z9goJsZI1",
"date":"2012-12-11 15:59:04"
},
{
"kids":[],
"uid":"2716384022",
"parent":"z9fm3Ba7k",
"text":"人贩子就该判处死刑！！！乱世用重典，这个道理是对的。",
"mid":"z9glirOvN",
"date":"2012-12-11 15:50:38"
},
{
"kids":[],
"uid":"susu0921",
"parent":"z9eRvxjiP",
"text":"太可怕了",
"mid":"z9ggXurD0",
"date":"2012-12-11 15:39:58"
},
{
"kids":[
"z9gsP22Wg"
],
"uid":"djlinfei",
"parent":"",
"text":"尽快增加对人贩子的量刑，其造成的恶劣程度毁掉的是一个家庭甚至是家族！不亚于故意杀人！",
"mid":"z9ggjCTma",
"date":"2012-12-11 15:38:21"
},
{
"kids":[],
"uid":"harry825",
"parent":"z9ge0ixQZ",
"text":"。。。",
"mid":"z9geAlFWE",
"date":"2012-12-11 15:34:07"
},
{
"kids":[
"z9iI22yhi",
"z9geAlFWE"
],
"uid":"1725957587",
"parent":"z9g0e2PPR",
"text":"",
"mid":"z9ge0ixQZ",
"date":"2012-12-11 15:32:42"
},
{
"kids":[],
"uid":"319347776",
"parent":"",
"text":"@戴欧妮兰兰",
"mid":"z9gcDezY3",
"date":"2012-12-11 15:29:17"
},
{
"kids":[],
"uid":"1764953352",
"parent":"z9g0e2PPR",
"text":"@vivi_yuan @Duomoo @Joanna西西 @甲勾 @bear119 @王小玮vv @晴娘Sharry @十二颜色 转给我身边所有有有孩子或者即将有孩子的人，出去千万看好自己的孩子，孩子随时随地都是排在第一位的。",
"mid":"z9gbavPIf",
"date":"2012-12-11 15:25:42"
},
{
"kids":[],
"uid":"2602177500",
"parent":"",
"text":"",
"mid":"z9g8TffeD",
"date":"2012-12-11 15:20:05"
},
{
"kids":[],
"uid":"wanjiaxin",
"parent":"",
"text":"[吃惊][吃惊]",
"mid":"z9g6J6BQt",
"date":"2012-12-11 15:14:45"
},
{
"kids":[],
"uid":"2041302777",
"parent":"",
"text":"不论真假，防患于未然是没错的！这年头要：防偷防抢防人贩，防火防盗防切糕！",
"mid":"z9g6C0ltb",
"date":"2012-12-11 15:14:28"
},
{
"kids":[],
"uid":"319588870",
"parent":"",
"text":"",
"mid":"z9g4F984G",
"date":"2012-12-11 15:09:38"
},
{
"kids":[],
"uid":"1464954561",
"parent":"",
"text":"太吓人则！@oaboab @Candy大白兔奶糖",
"mid":"z9g31sNvC",
"date":"2012-12-11 15:05:38"
},
{
"kids":[
"z9gtxApQK",
"z9ge0ixQZ",
"z9gbavPIf"
],
"uid":"belind113",
"parent":"",
"text":"我真。。。没想到哦 哎 抓住就该凌迟",
"mid":"z9g0e2PPR",
"date":"2012-12-11 14:58:44"
},
{
"kids":[],
"uid":"1434806524",
"parent":"",
"text":"",
"mid":"z9fXI33gA",
"date":"2012-12-11 14:52:33"
},
{
"kids":[],
"uid":"1403207057",
"parent":"",
"text":"恐怖",
"mid":"z9fVZmcZT",
"date":"2012-12-11 14:48:16"
},
{
"kids":[],
"uid":"3178720593",
"parent":"z9fFep26V",
"text":"这年头，人贩子真疯狂的要命！http:",
"mid":"z9fPyqFq4",
"date":"2012-12-11 14:32:26"
},
{
"kids":[],
"uid":"1661997671",
"parent":"",
"text":"虽然不知道是真是假，但是保护好自己的宝贝始终是第一重要@银Ag锡Sn @大路小绿 @路小绿 @憨豆的泰迪熊",
"mid":"z9fNvnxbW",
"date":"2012-12-11 14:27:23"
},
{
"kids":[],
"uid":"1107579433",
"parent":"",
"text":"@玺玺h 到外面千万看紧孩子。强烈要求对人贩子进行凌迟处理。",
"mid":"z9fNbAUGq",
"date":"2012-12-11 14:26:36"
},
{
"kids":[],
"uid":"1926718645",
"parent":"z9fKeE3td",
"text":"妈妈和卖场反应很迅速，不过最好是能看牢",
"mid":"z9fLk2dfA",
"date":"2012-12-11 14:22:01"
},
{
"kids":[
"z9fLk2dfA"
],
"uid":"belind113",
"parent":"",
"text":"孩子就不哭么？？不知道反抗？",
"mid":"z9fKeE3td",
"date":"2012-12-11 14:19:21"
},
{
"kids":[],
"uid":"1873764321",
"parent":"z9eVceK2K",
"text":"人贩子，逮一个，杀一个",
"mid":"z9fJUzveN",
"date":"2012-12-11 14:18:33"
},
{
"kids":[],
"uid":"kathyshi320",
"parent":"",
"text":"",
"mid":"z9fJzABUM",
"date":"2012-12-11 14:17:43"
},
{
"kids":[
"z9AFK1rKX"
],
"uid":"1652816544",
"parent":"",
"text":"转发微博。",
"mid":"z9fJynUYr",
"date":"2012-12-11 14:17:40"
},
{
"kids":[
"z9fPyqFq4"
],
"uid":"1798719233",
"parent":"z9ftuB8JI",
"text":"",
"mid":"z9fFep26V",
"date":"2012-12-11 14:07:01"
},
{
"kids":[],
"uid":"1333473640",
"parent":"",
"text":"减少去人多的地方",
"mid":"z9fDy6cd0",
"date":"2012-12-11 14:02:52"
},
{
"kids":[],
"uid":"zhiyuanyaya",
"parent":"z9f7R4ZbA",
"text":"妈呀，太可怕了！",
"mid":"z9fD4fjv6",
"date":"2012-12-11 14:01:41"
},
{
"kids":[],
"uid":"2020316023",
"parent":"",
"text":"",
"mid":"z9fCs85cQ",
"date":"2012-12-11 14:00:10"
},
{
"kids":[],
"uid":"2089421251",
"parent":"",
"text":"可怕呀@Evita-Judy",
"mid":"z9fBSoD01",
"date":"2012-12-11 13:58:45"
},
{
"kids":[],
"uid":"2217050247",
"parent":"",
"text":"震惊",
"mid":"z9fzVe5Q9",
"date":"2012-12-11 13:53:57"
},
{
"kids":[],
"uid":"1473327774",
"parent":"z9fvgveD5",
"text":"",
"mid":"z9fzGbyke",
"date":"2012-12-11 13:53:20"
},
{
"kids":[],
"uid":"2483257461",
"parent":"",
"text":"处理得当，反映迅速",
"mid":"z9fxCvcYT",
"date":"2012-12-11 13:48:16"
},
{
"kids":[],
"uid":"2309500593",
"parent":"",
"text":"小宝放购物车里，眼皮底下安全些[奥特曼]",
"mid":"z9fxqDSrv",
"date":"2012-12-11 13:47:49"
},
{
"kids":[],
"uid":"2708456827",
"parent":"",
"text":"吓死了@山东大院 @love_ccc2009",
"mid":"z9fwKqka0",
"date":"2012-12-11 13:46:07"
},
{
"kids":[],
"uid":"2287949673",
"parent":"",
"text":"该死滴人贩子！",
"mid":"z9fvrarBk",
"date":"2012-12-11 13:42:53"
},
{
"kids":[],
"uid":"warvillainz",
"parent":"z9foLaQZZ",
"text":"现在这些贩子的手段太可怕了",
"mid":"z9fvhotGl",
"date":"2012-12-11 13:42:30"
},
{
"kids":[
"z9fzGbyke"
],
"uid":"az77",
"parent":"",
"text":"@cancan510",
"mid":"z9fvgveD5",
"date":"2012-12-11 13:42:28"
},
{
"kids":[],
"uid":"1939962400",
"parent":"z9foLaQZZ",
"text":"所有的年轻父母注意了啊.............@青岛孟越: 注意",
"mid":"z9fuVwkz3",
"date":"2012-12-11 13:41:37"
},
{
"kids":[],
"uid":"2047655160",
"parent":"",
"text":"",
"mid":"z9fuckkDA",
"date":"2012-12-11 13:39:50"
},
{
"kids":[
"z9fFep26V"
],
"uid":"1418012755",
"parent":"",
"text":"@哈尔滨公安 @平安哈尔滨   真假？",
"mid":"z9ftuB8JI",
"date":"2012-12-11 13:38:06"
},
{
"kids":[],
"uid":"1594020113",
"parent":"",
"text":"我靠，吓死人了，看样每次去超市把孩子放推车里面是很有必要的@Summer和笑笑 @快乐于逍遥",
"mid":"z9foRnQwc",
"date":"2012-12-11 13:26:42"
},
{
"kids":[],
"uid":"525589123",
"parent":"z9f4a3PAm",
"text":"",
"mid":"z9foRn79G",
"date":"2012-12-11 13:26:41"
},
{
"kids":[
"z9fvhotGl",
"z9fuVwkz3"
],
"uid":"2004129311",
"parent":"",
"text":"注意",
"mid":"z9foLaQZZ",
"date":"2012-12-11 13:26:24"
},
{
"kids":[],
"uid":"manyou2010",
"parent":"z9f3CEExU",
"text":"",
"mid":"z9foj7aIo",
"date":"2012-12-11 13:25:19"
},
{
"kids":[],
"uid":"2249414681",
"parent":"",
"text":"",
"mid":"z9fnXf1fy",
"date":"2012-12-11 13:24:25"
},
{
"kids":[
"z9glirOvN"
],
"uid":"vikan",
"parent":"",
"text":"太可怕了，最好不要一个人带着小孩子出门，尤其是老人@海边的胖嘎喇 @秋思静萍 @杨华bao @郎暖暖",
"mid":"z9fm3Ba7k",
"date":"2012-12-11 13:19:47"
},
{
"kids":[
"z9h6SBdZW"
],
"uid":"326649898",
"parent":"",
"text":"",
"mid":"z9flX97MS",
"date":"2012-12-11 13:19:31"
},
{
"kids":[],
"uid":"1196304065",
"parent":"",
"text":"好恐怖",
"mid":"z9flptmDq",
"date":"2012-12-11 13:18:11"
},
{
"kids":[],
"uid":"2131677737",
"parent":"",
"text":"太吓人了@二二di @小粉粉",
"mid":"z9fk2l9BJ",
"date":"2012-12-11 13:14:48"
},
{
"kids":[],
"uid":"2296693703",
"parent":"",
"text":"只要作为。。。立刻查监控，肯定能查到人贩子。对于人贩子就应该直接活剥了皮",
"mid":"z9fj50GWc",
"date":"2012-12-11 13:12:26"
},
{
"kids":[],
"uid":"2530904767",
"parent":"",
"text":"",
"mid":"z9fgTBlKs",
"date":"2012-12-11 13:07:04"
},
{
"kids":[
"z9iLxukrQ"
],
"uid":"1929610592",
"parent":"",
"text":"人贩子就应该枪毙",
"mid":"z9ffdk0oh",
"date":"2012-12-11 13:02:55"
},
{
"kids":[],
"uid":"1929610592",
"parent":"",
"text":"人贩子就应该",
"mid":"z9ff3wqnd",
"date":"2012-12-11 13:02:30"
},
{
"kids":[],
"uid":"2830449360",
"parent":"",
"text":"可怕啊",
"mid":"z9fezrc9R",
"date":"2012-12-11 13:01:19"
},
{
"kids":[],
"uid":"523418606",
"parent":"z9fcYpMyd",
"text":"",
"mid":"z9fe5AQB4",
"date":"2012-12-11 13:00:09"
},
{
"kids":[],
"uid":"2231214243",
"parent":"z9f7R4ZbA",
"text":"",
"mid":"z9fdZDraS",
"date":"2012-12-11 12:59:55"
},
{
"kids":[],
"uid":"qd19840825yucici",
"parent":"",
"text":"宝宝，还是在麻麻肚里最安全！！！",
"mid":"z9fdSzX7H",
"date":"2012-12-11 12:59:36"
},
{
"kids":[
"zaXNQ4UVN"
],
"uid":"1223015094",
"parent":"",
"text":"人口贩子就该抓一个毙一个，毙之前先让孩子妈妈处置",
"mid":"z9fdFg9QA",
"date":"2012-12-11 12:59:06"
},
{
"kids":[],
"uid":"3038307395",
"parent":"",
"text":"",
"mid":"z9fdc0SNX",
"date":"2012-12-11 12:57:54"
},
{
"kids":[
"z9fe5AQB4"
],
"uid":"2957987593",
"parent":"z9f7R4ZbA",
"text":"",
"mid":"z9fcYpMyd",
"date":"2012-12-11 12:57:23"
},
{
"kids":[],
"uid":"jeep009",
"parent":"z9f7R4ZbA",
"text":"一定不能大意",
"mid":"z9fct5Icb",
"date":"2012-12-11 12:56:09"
},
{
"kids":[],
"uid":"1152414544",
"parent":"z9f3CEExU",
"text":"无",
"mid":"z9fcczYWF",
"date":"2012-12-11 12:55:30"
},
{
"kids":[],
"uid":"qqqqqq0532",
"parent":"z9f7R4ZbA",
"text":"",
"mid":"z9fbJAIuv",
"date":"2012-12-11 12:54:20"
},
{
"kids":[],
"uid":"1963516953",
"parent":"",
"text":"",
"mid":"z9fb08L9w",
"date":"2012-12-11 12:52:32"
},
{
"kids":[],
"uid":"lxc29",
"parent":"",
"text":"突然觉得人贩子是不是应该株连九族？！！",
"mid":"z9faghfN4",
"date":"2012-12-11 12:50:42"
},
{
"kids":[],
"uid":"1950584004",
"parent":"",
"text":"",
"mid":"z9f9F76x9",
"date":"2012-12-11 12:49:14"
},
{
"kids":[],
"uid":"1958138491",
"parent":"z9f7R4ZbA",
"text":"年关已至，平安为上！",
"mid":"z9f96cJew",
"date":"2012-12-11 12:47:51"
},
{
"kids":[
"z9fD4fjv6",
"z9fdZDraS",
"z9fcYpMyd",
"z9fct5Icb",
"z9fbJAIuv",
"z9f96cJew"
],
"uid":"sjcjlb",
"parent":"",
"text":"杀无赦！！！！！！！！！！！！！",
"mid":"z9f7R4ZbA",
"date":"2012-12-11 12:44:47"
},
{
"kids":[
"z9foRn79G"
],
"uid":"1785466137",
"parent":"z9eZGhIsq",
"text":"",
"mid":"z9f4a3PAm",
"date":"2012-12-11 12:35:41"
},
{
"kids":[
"z9foj7aIo",
"z9fcczYWF"
],
"uid":"1891750681",
"parent":"",
"text":"转发微博。",
"mid":"z9f3CEExU",
"date":"2012-12-11 12:34:21"
},
{
"kids":[],
"uid":"stay106770402",
"parent":"z9eQO8e5v",
"text":"",
"mid":"z9f1mhVoA",
"date":"2012-12-11 12:28:47"
},
{
"kids":[],
"uid":"laylakong",
"parent":"",
"text":"",
"mid":"z9f0Q77fd",
"date":"2012-12-11 12:27:30"
},
{
"kids":[
"z9iNCCQif"
],
"uid":"1764206265",
"parent":"",
"text":"@饼干2497 @八月海萍",
"mid":"z9eZJfIRh",
"date":"2012-12-11 12:24:46"
},
{
"kids":[
"z9f4a3PAm"
],
"uid":"1416282582",
"parent":"",
"text":"",
"mid":"z9eZGhIsq",
"date":"2012-12-11 12:24:39"
},
{
"kids":[],
"uid":"fangyuqing900812",
"parent":"",
"text":"",
"mid":"z9eYP6eBS",
"date":"2012-12-11 12:22:32"
},
{
"kids":[],
"uid":"2766773701",
"parent":"",
"text":"",
"mid":"z9eXzoEr2",
"date":"2012-12-11 12:19:27"
},
{
"kids":[],
"uid":"1715631575",
"parent":"",
"text":"",
"mid":"z9eWPzC3U",
"date":"2012-12-11 12:17:37"
},
{
"kids":[
"z9OhF5Vp2"
],
"uid":"2825675804",
"parent":"",
"text":"太惊人了[吃惊][衰]",
"mid":"z9eWt8WyI",
"date":"2012-12-11 12:16:44"
},
{
"kids":[
"z9fJUzveN"
],
"uid":"golfer",
"parent":"",
"text":"谣言得以传播的社会基础是，任何离奇的事情在天朝都可能发生。",
"mid":"z9eVceK2K",
"date":"2012-12-11 12:13:36"
},
{
"kids":[],
"uid":"2682740683",
"parent":"",
"text":"",
"mid":"z9eUG1uYA",
"date":"2012-12-11 12:12:19"
},
{
"kids":[],
"uid":"1937115082",
"parent":"",
"text":"~~",
"mid":"z9eUpu8pG",
"date":"2012-12-11 12:11:41"
},
{
"kids":[],
"uid":"hobarter",
"parent":"",
"text":"贩卖人口，理应死罪。",
"mid":"z9eU9wE5k",
"date":"2012-12-11 12:11:02"
},
{
"kids":[],
"uid":"danieloceanwang",
"parent":"",
"text":"这是玩超级变变变？！人贩子也太他妈扯淡了！逮着人贩子，也给他剃光头！刺上＂人贩子＂的刺青！国家真应该立法，针对某些罪大恶极的罪犯，应考虑从新启用满清十大酷刑伺候之",
"mid":"z9eU4tsHk",
"date":"2012-12-11 12:10:49"
},
{
"kids":[],
"uid":"1866984011",
"parent":"",
"text":"@东北小强1983 ？",
"mid":"z9eU4fAHx",
"date":"2012-12-11 12:10:49"
},
{
"kids":[],
"uid":"1853830033",
"parent":"",
"text":"",
"mid":"z9eRysF28",
"date":"2012-12-11 12:04:38"
},
{
"kids":[
"z9ggXurD0"
],
"uid":"23574358yy",
"parent":"z9eQO8e5v",
"text":"@小虎的快乐成长记",
"mid":"z9eRvxjiP",
"date":"2012-12-11 12:04:31"
},
{
"kids":[],
"uid":"2418439550",
"parent":"",
"text":"",
"mid":"z9eRrELeE",
"date":"2012-12-11 12:04:22"
},
{
"kids":[
"z9f1mhVoA",
"z9eRvxjiP"
],
"uid":"keynes2011",
"parent":"",
"text":"",
"mid":"z9eQO8e5v",
"date":"2012-12-11 12:02:46"
},
{
"kids":[],
"uid":"clxting",
"parent":"",
"text":"[吃惊][吃惊]",
"mid":"z9eQBoi4y",
"date":"2012-12-11 12:02:17"
},
{
"kids":[],
"uid":"cmccqd",
"parent":"",
"text":"如果@家乐福中国 这个店反应这么迅速，不怕影响正常营业而关门抓人，那该表扬，企业的社会责任[鼓掌]",
"mid":"z9ePIszYQ",
"date":"2012-12-11 12:00:05"
},
{
"kids":[],
"uid":"2494161745",
"parent":"",
"text":"太可怕了，有孩子的家长注意看好自己的孩子。千万！千万！！",
"mid":"z9ePgmQdJ",
"date":"2012-12-11 11:58:59"
},
{
"kids":[],
"uid":"2625449605",
"parent":"",
"text":"该死的人贩子，抓住了先打残一条腿再说",
"mid":"z9eP9fL38",
"date":"2012-12-11 11:58:41"
},
{
"kids":[],
"uid":"2118741093",
"parent":"",
"text":"狠了",
"mid":"z9eOptViU",
"date":"2012-12-11 11:56:53"
},
{
"kids":[],
"uid":"qiushuilanshan",
"parent":"",
"text":"[吓到了]",
"mid":"z9eOgznNX",
"date":"2012-12-11 11:56:32"
}
]