[
{
"kids":[],
"uid":"1640838135",
"parent":"ADAo695YN",
"text":"@sean21210 原来我不是最贱的!!!!",
"mid":"AE16dbvfN",
"date":"2014-04-03 20:46:00"
},
{
"kids":[],
"uid":"678206212",
"parent":"ADIApwH9H",
"text":"233333",
"mid":"ADIQlFlxq",
"date":"2014-04-01 22:17:29"
},
{
"kids":[],
"uid":"particularwatery",
"parent":"ADIApwH9H",
"text":"",
"mid":"ADIBaeqNf",
"date":"2014-04-01 21:40:04"
},
{
"kids":[
"ADIQlFlxq",
"ADIBaeqNf"
],
"uid":"2389313004",
"parent":"ADA3257J9",
"text":"哈哈哈哈哈这团队@沈大神请保佑我下学期刷出高分",
"mid":"ADIApwH9H",
"date":"2014-04-01 21:38:13"
},
{
"kids":[],
"uid":"710664019",
"parent":"ADzUTrSSA",
"text":"逆袭啊。。。",
"mid":"ADIxgwhDI",
"date":"2014-04-01 21:30:27"
},
{
"kids":[],
"uid":"1976422953",
"parent":"ADzYimOjt",
"text":"啧啧！",
"mid":"ADIoW17Oj",
"date":"2014-04-01 21:09:56"
},
{
"kids":[],
"uid":"zhushaojin",
"parent":"ADzAP5Eyn",
"text":"",
"mid":"ADHof62dS",
"date":"2014-04-01 18:35:29"
},
{
"kids":[],
"uid":"1062542413",
"parent":"ADzCi4Luo",
"text":"连道歉信都抄（扶额",
"mid":"ADGNFtsF6",
"date":"2014-04-01 17:05:23"
},
{
"kids":[],
"uid":"2508959304",
"parent":"",
"text":"",
"mid":"ADGqblPUw",
"date":"2014-04-01 16:07:28"
},
{
"kids":[],
"uid":"1751313971",
"parent":"ADzofy7pB",
"text":"再一次让大家看到你的不诚，。。文章，。。",
"mid":"ADFXf8fIQ",
"date":"2014-04-01 14:56:13"
},
{
"kids":[],
"uid":"2173797834",
"parent":"ADD3j5FbQ",
"text":"2333@沉醉西风儿: 你们懂什么！“天下文章一大抄”！",
"mid":"ADFlRf48i",
"date":"2014-04-01 13:24:07"
},
{
"kids":[],
"uid":"chika1119",
"parent":"ADCZflu0y",
"text":"",
"mid":"ADFk2nDPg",
"date":"2014-04-01 13:19:37"
},
{
"kids":[],
"uid":"matsujunice",
"parent":"ADEgsFicf",
"text":"。谣言就够了不要乱传了",
"mid":"ADFhWlN79",
"date":"2014-04-01 13:14:28"
},
{
"kids":[],
"uid":"2584095392",
"parent":"ADDVbCZDp",
"text":"哦天哪",
"mid":"ADEXA3pVi",
"date":"2014-04-01 12:24:17"
},
{
"kids":[],
"uid":"2553404920",
"parent":"ADzU8n1n3",
"text":"",
"mid":"ADETTD9J0",
"date":"2014-04-01 12:15:14"
},
{
"kids":[],
"uid":"loveisyoonjae",
"parent":"ADEBX3LqA",
"text":"这个昨天辟谣了喂……",
"mid":"ADELltuTM",
"date":"2014-04-01 11:54:10"
},
{
"kids":[],
"uid":"3835581752",
"parent":"ADCTHFJoc",
"text":"传说中的复制粘贴[汗]",
"mid":"ADEHyiTe9",
"date":"2014-04-01 11:44:48"
},
{
"kids":[],
"uid":"1744310160",
"parent":"ADEeF0ioU",
"text":"真无语！贱人就是矫情是完全真理",
"mid":"ADEFG94mv",
"date":"2014-04-01 11:40:12"
},
{
"kids":[],
"uid":"1827161362",
"parent":"ADEBX3LqA",
"text":"四级作文模版",
"mid":"ADECV3fk0",
"date":"2014-04-01 11:33:22"
},
{
"kids":[
"ADELltuTM",
"ADECV3fk0"
],
"uid":"1583174713",
"parent":"ADDwLdgWm",
"text":"语死早 （",
"mid":"ADEBX3LqA",
"date":"2014-04-01 11:31:01"
},
{
"kids":[],
"uid":"1230806987",
"parent":"ADDwLdgWm",
"text":"这……",
"mid":"ADEyFt70o",
"date":"2014-04-01 11:22:54"
},
{
"kids":[],
"uid":"2275379335",
"parent":"",
"text":"",
"mid":"ADEq754Ah",
"date":"2014-04-01 11:01:51"
},
{
"kids":[],
"uid":"1990836380",
"parent":"ADzNpr48z",
"text":"",
"mid":"ADEnOlHFL",
"date":"2014-04-01 10:56:11"
},
{
"kids":[],
"uid":"lamlily0530",
"parent":"ADzKh3v0t",
"text":"哈哈哈哈哈哈哈哈",
"mid":"ADEkPm999",
"date":"2014-04-01 10:48:50"
},
{
"kids":[
"ADFhWlN79"
],
"uid":"2948447951",
"parent":"ADCVk8XBG",
"text":"[偷笑]",
"mid":"ADEgsFicf",
"date":"2014-04-01 10:38:04"
},
{
"kids":[
"ADEFG94mv"
],
"uid":"wubylove",
"parent":"ADCZflu0y",
"text":"哈",
"mid":"ADEeF0ioU",
"date":"2014-04-01 10:33:38"
},
{
"kids":[],
"uid":"1676764973",
"parent":"ADAbqb21N",
"text":"这种垃圾连字都懒得码@球妈请保持正确的坐姿 @凯米C @满是未来",
"mid":"ADEccdahZ",
"date":"2014-04-01 10:27:34"
},
{
"kids":[],
"uid":"1600665010",
"parent":"ADDVbCZDp",
"text":"",
"mid":"ADE3J7YLG",
"date":"2014-04-01 10:06:42"
},
{
"kids":[],
"uid":"vesnkid",
"parent":"ADDoscPt0",
"text":"=_= 这抄的也……",
"mid":"ADE2KAGcO",
"date":"2014-04-01 10:04:18"
},
{
"kids":[],
"uid":"emmagranger",
"parent":"ADDmX8X7a",
"text":"虽不知真假但是先为智商点个赞吧…",
"mid":"ADDYDyTfB",
"date":"2014-04-01 09:54:10"
},
{
"kids":[
"ADEXA3pVi",
"ADE3J7YLG"
],
"uid":"2209778155",
"parent":"ADDmYzXTs",
"text":"……",
"mid":"ADDVbCZDp",
"date":"2014-04-01 09:45:39"
},
{
"kids":[],
"uid":"512396415",
"parent":"ADDAToLbG",
"text":"。。",
"mid":"ADDOnmqEd",
"date":"2014-04-01 09:28:53"
},
{
"kids":[],
"uid":"2019099285",
"parent":"",
"text":"呵呵",
"mid":"ADDLPhkjk",
"date":"2014-04-01 09:22:35"
},
{
"kids":[],
"uid":"longqingli",
"parent":"",
"text":"六章哈哈哈哈",
"mid":"ADDBX4gSn",
"date":"2014-04-01 08:58:16"
},
{
"kids":[],
"uid":"1793699497",
"parent":"ADD3j5FbQ",
"text":"哈哈哈哈哈",
"mid":"ADDBJsm2H",
"date":"2014-04-01 08:57:43"
},
{
"kids":[],
"uid":"jaeyishem",
"parent":"",
"text":"哈哈哈",
"mid":"ADDBkCGmV",
"date":"2014-04-01 08:56:44"
},
{
"kids":[
"ADDOnmqEd"
],
"uid":"daisuki009",
"parent":"ADDmtgADO",
"text":"http:",
"mid":"ADDAToLbG",
"date":"2014-04-01 08:55:40"
},
{
"kids":[],
"uid":"1937349537",
"parent":"ADDoscPt0",
"text":"hhhhhh",
"mid":"ADDzB4SQ4",
"date":"2014-04-01 08:52:28"
},
{
"kids":[
"ADELltuTM",
"ADECV3fk0",
"ADEBX3LqA",
"ADEyFt70o"
],
"uid":"2051837454",
"parent":"ADDoscPt0",
"text":"",
"mid":"ADDwLdgWm",
"date":"2014-04-01 08:45:29"
},
{
"kids":[],
"uid":"kaisei",
"parent":"ADCZflu0y",
"text":"[蜡烛]",
"mid":"ADDsNmfNW",
"date":"2014-04-01 08:35:43"
},
{
"kids":[],
"uid":"1821088714",
"parent":"ADDoscPt0",
"text":"救命2333333",
"mid":"ADDprFCcC",
"date":"2014-04-01 08:27:28"
},
{
"kids":[],
"uid":"gjcandy",
"parent":"ADCZflu0y",
"text":"快够！",
"mid":"ADDoHhgLg",
"date":"2014-04-01 08:25:37"
},
{
"kids":[
"ADELltuTM",
"ADECV3fk0",
"ADEBX3LqA",
"ADEyFt70o",
"ADE2KAGcO",
"ADDzB4SQ4",
"ADDwLdgWm",
"ADDprFCcC"
],
"uid":"1622614950",
"parent":"ADDmYzXTs",
"text":"哈哈哈哈哈哈哈哈",
"mid":"ADDoscPt0",
"date":"2014-04-01 08:25:01"
},
{
"kids":[
"ADEXA3pVi",
"ADELltuTM",
"ADECV3fk0",
"ADEBX3LqA",
"ADEyFt70o",
"ADE3J7YLG",
"ADE2KAGcO",
"ADDVbCZDp",
"ADDzB4SQ4",
"ADDwLdgWm",
"ADDprFCcC",
"ADDoscPt0"
],
"uid":"2310071811",
"parent":"ADCTHFJoc",
"text":"hhhhhhhh",
"mid":"ADDmYzXTs",
"date":"2014-04-01 08:21:22"
},
{
"kids":[
"ADDYDyTfB"
],
"uid":"merlyn1006",
"parent":"ADCVk8XBG",
"text":"这不是个民警写的么高晓松躺枪好惨www",
"mid":"ADDmX8X7a",
"date":"2014-04-01 08:21:19"
},
{
"kids":[],
"uid":"cyankooriflame",
"parent":"ADCVOxJZg",
"text":"大家来找茬",
"mid":"ADDmQ30Rj",
"date":"2014-04-01 08:21:02"
},
{
"kids":[
"ADDOnmqEd",
"ADDAToLbG"
],
"uid":"512396415",
"parent":"ADCIcE3LE",
"text":"呵呵...",
"mid":"ADDmtgADO",
"date":"2014-04-01 08:20:08"
},
{
"kids":[],
"uid":"2201124014",
"parent":"ADCTHFJoc",
"text":"[吃惊][吃惊][吃惊][吃惊][吃惊]",
"mid":"ADDk5vVxR",
"date":"2014-04-01 08:14:16"
},
{
"kids":[],
"uid":"2003036785",
"parent":"",
"text":"[挖鼻屎]",
"mid":"ADDj62M56",
"date":"2014-04-01 08:11:48"
},
{
"kids":[],
"uid":"2135213494",
"parent":"ADCZflu0y",
"text":"好格式！！",
"mid":"ADDfdg5C7",
"date":"2014-04-01 08:02:15"
},
{
"kids":[],
"uid":"2406202904",
"parent":"ADA8dgK1s",
"text":"",
"mid":"ADDeO6WYG",
"date":"2014-04-01 08:01:15"
},
{
"kids":[],
"uid":"worldj",
"parent":"",
"text":"哈哈哈哈",
"mid":"ADDcLBUDj",
"date":"2014-04-01 07:56:14"
},
{
"kids":[],
"uid":"kyosumokyo",
"parent":"ADCZflu0y",
"text":"忍不住去翻高晓松哈哈！",
"mid":"ADDcrhvmr",
"date":"2014-04-01 07:55:25"
},
{
"kids":[],
"uid":"1614684687",
"parent":"ADCVk8XBG",
"text":"",
"mid":"ADDbsnnQ7",
"date":"2014-04-01 07:53:00"
},
{
"kids":[
"ADFlRf48i",
"ADDBJsm2H"
],
"uid":"woulingbaozhu",
"parent":"ADAC3nxlU",
"text":"卧槽！！",
"mid":"ADD3j5FbQ",
"date":"2014-04-01 07:32:55"
},
{
"kids":[],
"uid":"2846173505",
"parent":"",
"text":"",
"mid":"ADD1g4QYP",
"date":"2014-04-01 07:27:52"
},
{
"kids":[],
"uid":"unaw",
"parent":"ADAlbi7Kl",
"text":"",
"mid":"ADCZYfTGk",
"date":"2014-04-01 07:24:42"
},
{
"kids":[
"ADFk2nDPg",
"ADEFG94mv",
"ADEeF0ioU",
"ADDsNmfNW",
"ADDoHhgLg",
"ADDfdg5C7",
"ADDcrhvmr"
],
"uid":"fungarashi",
"parent":"ADCVOxJZg",
"text":"悔过书原来是有模板的呀[哈哈]",
"mid":"ADCZflu0y",
"date":"2014-04-01 07:22:55"
},
{
"kids":[],
"uid":"dengdaixunfdehuli",
"parent":"ADBzmtrei",
"text":"。。",
"mid":"ADCXzC06f",
"date":"2014-04-01 07:18:48"
},
{
"kids":[],
"uid":"1768083173",
"parent":"ADAsPfStL",
"text":"",
"mid":"ADCWbAJGb",
"date":"2014-04-01 07:15:23"
},
{
"kids":[
"ADFk2nDPg",
"ADEFG94mv",
"ADEeF0ioU",
"ADDsNmfNW",
"ADDoHhgLg",
"ADDmQ30Rj",
"ADDfdg5C7",
"ADDcrhvmr",
"ADCZflu0y"
],
"uid":"2023551662",
"parent":"ADCVk8XBG",
"text":"",
"mid":"ADCVOxJZg",
"date":"2014-04-01 07:14:28"
},
{
"kids":[
"ADFk2nDPg",
"ADFhWlN79",
"ADEFG94mv",
"ADEgsFicf",
"ADEeF0ioU",
"ADDYDyTfB",
"ADDsNmfNW",
"ADDoHhgLg",
"ADDmX8X7a",
"ADDmQ30Rj",
"ADDfdg5C7",
"ADDcrhvmr",
"ADDbsnnQ7",
"ADCZflu0y",
"ADCVOxJZg"
],
"uid":"mianxiaoqianXDD",
"parent":"ADCTHFJoc",
"text":"写检讨的格式get√",
"mid":"ADCVk8XBG",
"date":"2014-04-01 07:13:15"
},
{
"kids":[
"ADFk2nDPg",
"ADFhWlN79",
"ADEXA3pVi",
"ADELltuTM",
"ADEHyiTe9",
"ADEFG94mv",
"ADECV3fk0",
"ADEBX3LqA",
"ADEyFt70o",
"ADEgsFicf",
"ADEeF0ioU",
"ADE3J7YLG",
"ADE2KAGcO",
"ADDYDyTfB",
"ADDVbCZDp",
"ADDzB4SQ4",
"ADDwLdgWm",
"ADDsNmfNW",
"ADDprFCcC",
"ADDoHhgLg",
"ADDoscPt0",
"ADDmYzXTs",
"ADDmX8X7a",
"ADDmQ30Rj",
"ADDk5vVxR",
"ADDfdg5C7",
"ADDcrhvmr",
"ADDbsnnQ7",
"ADCZflu0y",
"ADCVOxJZg",
"ADCVk8XBG"
],
"uid":"shizukahiou",
"parent":"ADCIcE3LE",
"text":"哈哈哈哈哈哈哈哈哈",
"mid":"ADCTHFJoc",
"date":"2014-04-01 07:09:16"
},
{
"kids":[],
"uid":"starotto",
"parent":"ADzNpr48z",
"text":"这个要转！",
"mid":"ADCOeqFgh",
"date":"2014-04-01 06:55:46"
},
{
"kids":[],
"uid":"1985450611",
"parent":"",
"text":"@文章",
"mid":"ADCNU6lUm",
"date":"2014-04-01 06:54:57"
},
{
"kids":[
"ADFk2nDPg",
"ADFhWlN79",
"ADEXA3pVi",
"ADELltuTM",
"ADEHyiTe9",
"ADEFG94mv",
"ADECV3fk0",
"ADEBX3LqA",
"ADEyFt70o",
"ADEgsFicf",
"ADEeF0ioU",
"ADE3J7YLG",
"ADE2KAGcO",
"ADDYDyTfB",
"ADDVbCZDp",
"ADDOnmqEd",
"ADDAToLbG",
"ADDzB4SQ4",
"ADDwLdgWm",
"ADDsNmfNW",
"ADDprFCcC",
"ADDoHhgLg",
"ADDoscPt0",
"ADDmYzXTs",
"ADDmX8X7a",
"ADDmQ30Rj",
"ADDmtgADO",
"ADDk5vVxR",
"ADDfdg5C7",
"ADDcrhvmr",
"ADDbsnnQ7",
"ADCZflu0y",
"ADCVOxJZg",
"ADCVk8XBG",
"ADCTHFJoc"
],
"uid":"2064646393",
"parent":"ADAvEekTS",
"text":"哈哈哈哈哈",
"mid":"ADCIcE3LE",
"date":"2014-04-01 06:40:55"
},
{
"kids":[],
"uid":"2215849795",
"parent":"ADAe6c7dU",
"text":"hhhhhhhh",
"mid":"ADCH710D3",
"date":"2014-04-01 06:38:14"
},
{
"kids":[],
"uid":"1797929507",
"parent":"ADClLc1Oy",
"text":"",
"mid":"ADCsSBO7J",
"date":"2014-04-01 06:03:11"
},
{
"kids":[
"ADCsSBO7J"
],
"uid":"wxzhi",
"parent":"ADzxDlVCE",
"text":"是安徽一个交警的仿体，并非出自高",
"mid":"ADClLc1Oy",
"date":"2014-04-01 05:45:38"
},
{
"kids":[],
"uid":"loveniya",
"parent":"ADADZ2DrI",
"text":"[挖鼻屎]",
"mid":"ADCccqldW",
"date":"2014-04-01 05:22:05"
},
{
"kids":[],
"uid":"1894451983",
"parent":"",
"text":"",
"mid":"ADBEn3ir1",
"date":"2014-04-01 03:58:44"
},
{
"kids":[
"ADCXzC06f"
],
"uid":"jdmomo",
"parent":"ADzEeDws8",
"text":"。。。",
"mid":"ADBzmtrei",
"date":"2014-04-01 03:46:24"
},
{
"kids":[],
"uid":"3625525563",
"parent":"ADzBodpa4",
"text":"",
"mid":"ADBajDpRe",
"date":"2014-04-01 02:44:42"
},
{
"kids":[],
"uid":"2691842401",
"parent":"ADAT7tOTH",
"text":"......为马伊琍和她女儿心疼= =",
"mid":"ADB0z4QZm",
"date":"2014-04-01 02:20:40"
},
{
"kids":[],
"uid":"hui7999",
"parent":"ADzYimOjt",
"text":"哈哈哈高能",
"mid":"ADAYgnCuc",
"date":"2014-04-01 02:15:00"
},
{
"kids":[
"ADB0z4QZm"
],
"uid":"onlymygintoki",
"parent":"ADAC3nxlU",
"text":"一毛一样",
"mid":"ADAT7tOTH",
"date":"2014-04-01 02:02:20"
},
{
"kids":[],
"uid":"1784165577",
"parent":"ADAqxbHah",
"text":"就跟你们说危机公关来找我啊[懒得理你]",
"mid":"ADAQ5zuDl",
"date":"2014-04-01 01:54:52"
},
{
"kids":[],
"uid":"1961754521",
"parent":"ADzSDjJwz",
"text":"[哈哈][哈哈][哈哈]实在是毫无悔过之意",
"mid":"ADAN5rNRH",
"date":"2014-04-01 01:47:28"
},
{
"kids":[],
"uid":"2811407957",
"parent":"ADAC3nxlU",
"text":"假的，高晓松的道歉信就十个字左右",
"mid":"ADAHQooN5",
"date":"2014-04-01 01:34:33"
},
{
"kids":[
"ADCccqldW"
],
"uid":"shin0223",
"parent":"ADzDSayZ6",
"text":"好逗",
"mid":"ADADZ2DrI",
"date":"2014-04-01 01:25:02"
},
{
"kids":[
"ADFlRf48i",
"ADDBJsm2H",
"ADD3j5FbQ",
"ADB0z4QZm",
"ADAT7tOTH",
"ADAHQooN5"
],
"uid":"2765743707",
"parent":"ADAwVEU9m",
"text":"",
"mid":"ADAC3nxlU",
"date":"2014-04-01 01:20:17"
},
{
"kids":[],
"uid":"2243634752",
"parent":"",
"text":"。。。。",
"mid":"ADAxEkgT6",
"date":"2014-04-01 01:09:26"
},
{
"kids":[],
"uid":"2244593814",
"parent":"ADAo695YN",
"text":"",
"mid":"ADAxwEEjk",
"date":"2014-04-01 01:09:07"
},
{
"kids":[
"ADFlRf48i",
"ADDBJsm2H",
"ADD3j5FbQ",
"ADB0z4QZm",
"ADAT7tOTH",
"ADAHQooN5",
"ADAC3nxlU"
],
"uid":"1952384553",
"parent":"ADzDSayZ6",
"text":"23333",
"mid":"ADAwVEU9m",
"date":"2014-04-01 01:07:40"
},
{
"kids":[
"ADFk2nDPg",
"ADFhWlN79",
"ADEXA3pVi",
"ADELltuTM",
"ADEHyiTe9",
"ADEFG94mv",
"ADECV3fk0",
"ADEBX3LqA",
"ADEyFt70o",
"ADEgsFicf",
"ADEeF0ioU",
"ADE3J7YLG",
"ADE2KAGcO",
"ADDYDyTfB",
"ADDVbCZDp",
"ADDOnmqEd",
"ADDAToLbG",
"ADDzB4SQ4",
"ADDwLdgWm",
"ADDsNmfNW",
"ADDprFCcC",
"ADDoHhgLg",
"ADDoscPt0",
"ADDmYzXTs",
"ADDmX8X7a",
"ADDmQ30Rj",
"ADDmtgADO",
"ADDk5vVxR",
"ADDfdg5C7",
"ADDcrhvmr",
"ADDbsnnQ7",
"ADCZflu0y",
"ADCVOxJZg",
"ADCVk8XBG",
"ADCTHFJoc",
"ADCIcE3LE"
],
"uid":"1803284551",
"parent":"ADAsPfStL",
"text":"艾玛",
"mid":"ADAvEekTS",
"date":"2014-04-01 01:04:29"
},
{
"kids":[],
"uid":"afrit206",
"parent":"ADAdMFD1A",
"text":"23333",
"mid":"ADAvn4Z0v",
"date":"2014-04-01 01:03:48"
},
{
"kids":[],
"uid":"2710790925",
"parent":"ADzFwpFjB",
"text":"",
"mid":"ADAtBt20x",
"date":"2014-04-01 00:59:28"
},
{
"kids":[
"ADFk2nDPg",
"ADFhWlN79",
"ADEXA3pVi",
"ADELltuTM",
"ADEHyiTe9",
"ADEFG94mv",
"ADECV3fk0",
"ADEBX3LqA",
"ADEyFt70o",
"ADEgsFicf",
"ADEeF0ioU",
"ADE3J7YLG",
"ADE2KAGcO",
"ADDYDyTfB",
"ADDVbCZDp",
"ADDOnmqEd",
"ADDAToLbG",
"ADDzB4SQ4",
"ADDwLdgWm",
"ADDsNmfNW",
"ADDprFCcC",
"ADDoHhgLg",
"ADDoscPt0",
"ADDmYzXTs",
"ADDmX8X7a",
"ADDmQ30Rj",
"ADDmtgADO",
"ADDk5vVxR",
"ADDfdg5C7",
"ADDcrhvmr",
"ADDbsnnQ7",
"ADCZflu0y",
"ADCWbAJGb",
"ADCVOxJZg",
"ADCVk8XBG",
"ADCTHFJoc",
"ADCIcE3LE",
"ADAvEekTS"
],
"uid":"knight1123",
"parent":"ADA3257J9",
"text":"",
"mid":"ADAsPfStL",
"date":"2014-04-01 00:57:33"
},
{
"kids":[
"ADAQ5zuDl"
],
"uid":"532599789",
"parent":"",
"text":"我好像明白了点别的什么。。。",
"mid":"ADAqxbHah",
"date":"2014-04-01 00:51:54"
},
{
"kids":[],
"uid":"jiaqi289277442",
"parent":"ADA8dgK1s",
"text":"这又关体育老师撒事了，体育老师遭谁惹谁了[哼]",
"mid":"ADAp6cv8N",
"date":"2014-04-01 00:48:21"
},
{
"kids":[
"AE16dbvfN",
"ADAxwEEjk"
],
"uid":"kareyomitsuki",
"parent":"ADAe6c7dU",
"text":"哈哈哈哈哈哈尼玛我之前还看到报道想说活该啊！看到这条哈哈哈 人生真是寂寞如雪啊文章！",
"mid":"ADAo695YN",
"date":"2014-04-01 00:45:54"
},
{
"kids":[],
"uid":"2012879194",
"parent":"ADAlbi7Kl",
"text":"",
"mid":"ADAnivhNX",
"date":"2014-04-01 00:43:56"
},
{
"kids":[
"ADCZYfTGk",
"ADAnivhNX"
],
"uid":"funfantasy",
"parent":"ADAbqb21N",
"text":"[哈哈]",
"mid":"ADAlbi7Kl",
"date":"2014-04-01 00:38:43"
},
{
"kids":[],
"uid":"1773304863",
"parent":"",
"text":"转发微博。",
"mid":"ADAjPpP8v",
"date":"2014-04-01 00:35:23"
},
{
"kids":[],
"uid":"1584236560",
"parent":"ADAbqb21N",
"text":"",
"mid":"ADAgV8KFd",
"date":"2014-04-01 00:28:13"
},
{
"kids":[],
"uid":"dongfangqingniu",
"parent":"",
"text":"[惊恐]",
"mid":"ADAfZudKY",
"date":"2014-04-01 00:25:56"
},
{
"kids":[],
"uid":"1305076823",
"parent":"",
"text":"@melo阳光不锈",
"mid":"ADAfeuWpz",
"date":"2014-04-01 00:24:03"
},
{
"kids":[],
"uid":"eyee",
"parent":"ADzU8n1n3",
"text":"[汗]",
"mid":"ADAepaemc",
"date":"2014-04-01 00:22:01"
},
{
"kids":[
"AE16dbvfN",
"ADCH710D3",
"ADAxwEEjk",
"ADAo695YN"
],
"uid":"2068133375",
"parent":"ADAbqb21N",
"text":"终于有人发出来了",
"mid":"ADAe6c7dU",
"date":"2014-04-01 00:21:15"
},
{
"kids":[
"ADAvn4Z0v"
],
"uid":"1964158423",
"parent":"ADAbqb21N",
"text":"哈哈哈！",
"mid":"ADAdMFD1A",
"date":"2014-04-01 00:20:29"
},
{
"kids":[],
"uid":"2690217241",
"parent":"ADzFwpFjB",
"text":"",
"mid":"ADAbuASzK",
"date":"2014-04-01 00:14:50"
},
{
"kids":[],
"uid":"1761076602",
"parent":"ADzCi4Luo",
"text":"@小冰Bm",
"mid":"ADAbrBrFl",
"date":"2014-04-01 00:14:43"
},
{
"kids":[
"AE16dbvfN",
"ADEccdahZ",
"ADCZYfTGk",
"ADCH710D3",
"ADAxwEEjk",
"ADAvn4Z0v",
"ADAo695YN",
"ADAnivhNX",
"ADAlbi7Kl",
"ADAgV8KFd",
"ADAe6c7dU",
"ADAdMFD1A"
],
"uid":"baizixi",
"parent":"ADzYimOjt",
"text":"",
"mid":"ADAbqb21N",
"date":"2014-04-01 00:14:39"
},
{
"kids":[],
"uid":"1844265590",
"parent":"ADzYimOjt",
"text":"真有才",
"mid":"ADA94aFU7",
"date":"2014-04-01 00:08:52"
},
{
"kids":[],
"uid":"1572357545",
"parent":"ADzWuFd3U",
"text":"",
"mid":"ADA8rcOlR",
"date":"2014-04-01 00:07:18"
},
{
"kids":[
"ADDeO6WYG",
"ADAp6cv8N"
],
"uid":"sishierfei",
"parent":"ADzYimOjt",
"text":"这不是说过是假的了么？",
"mid":"ADA8dgK1s",
"date":"2014-04-01 00:06:46"
},
{
"kids":[
"ADIQlFlxq",
"ADIBaeqNf",
"ADIApwH9H",
"ADFk2nDPg",
"ADFhWlN79",
"ADEXA3pVi",
"ADELltuTM",
"ADEHyiTe9",
"ADEFG94mv",
"ADECV3fk0",
"ADEBX3LqA",
"ADEyFt70o",
"ADEgsFicf",
"ADEeF0ioU",
"ADE3J7YLG",
"ADE2KAGcO",
"ADDYDyTfB",
"ADDVbCZDp",
"ADDOnmqEd",
"ADDAToLbG",
"ADDzB4SQ4",
"ADDwLdgWm",
"ADDsNmfNW",
"ADDprFCcC",
"ADDoHhgLg",
"ADDoscPt0",
"ADDmYzXTs",
"ADDmX8X7a",
"ADDmQ30Rj",
"ADDmtgADO",
"ADDk5vVxR",
"ADDfdg5C7",
"ADDcrhvmr",
"ADDbsnnQ7",
"ADCZflu0y",
"ADCWbAJGb",
"ADCVOxJZg",
"ADCVk8XBG",
"ADCTHFJoc",
"ADCIcE3LE",
"ADAvEekTS",
"ADAsPfStL"
],
"uid":"monicahyy",
"parent":"ADzIN6uK8",
"text":"哈哈哈哈哈哈好逗比的团队",
"mid":"ADA3257J9",
"date":"2014-03-31 23:54:00"
},
{
"kids":[],
"uid":"1709038900",
"parent":"ADzU8n1n3",
"text":"[衰]",
"mid":"ADzZkbiTV",
"date":"2014-03-31 23:44:52"
},
{
"kids":[
"AE16dbvfN",
"ADIoW17Oj",
"ADEccdahZ",
"ADDeO6WYG",
"ADCZYfTGk",
"ADCH710D3",
"ADAYgnCuc",
"ADAxwEEjk",
"ADAvn4Z0v",
"ADAp6cv8N",
"ADAo695YN",
"ADAnivhNX",
"ADAlbi7Kl",
"ADAgV8KFd",
"ADAe6c7dU",
"ADAdMFD1A",
"ADAbqb21N",
"ADA94aFU7",
"ADA8dgK1s"
],
"uid":"jessexii",
"parent":"ADzDSayZ6",
"text":"2333",
"mid":"ADzYimOjt",
"date":"2014-03-31 23:42:20"
},
{
"kids":[
"ADA8rcOlR"
],
"uid":"1694441197",
"parent":"ADzNpr48z",
"text":"……怎么都比不上自黑",
"mid":"ADzWuFd3U",
"date":"2014-03-31 23:37:53"
},
{
"kids":[],
"uid":"3536187693",
"parent":"",
"text":"卧槽!!!!",
"mid":"ADzWp3aoU",
"date":"2014-03-31 23:37:40"
},
{
"kids":[],
"uid":"1165626831",
"parent":"",
"text":"",
"mid":"ADzW4orBz",
"date":"2014-03-31 23:36:51"
},
{
"kids":[],
"uid":"1662040753",
"parent":"",
"text":"。。坑爹的公关团队",
"mid":"ADzVZD7o7",
"date":"2014-03-31 23:36:40"
},
{
"kids":[
"ADIxgwhDI"
],
"uid":"qinshuimo",
"parent":"",
"text":"神转折@冷胭YR",
"mid":"ADzUTrSSA",
"date":"2014-03-31 23:33:57"
},
{
"kids":[],
"uid":"2088115173",
"parent":"",
"text":"完全照抄嘛！@妖精小白熊",
"mid":"ADzUgnMd4",
"date":"2014-03-31 23:32:24"
},
{
"kids":[
"ADETTD9J0",
"ADAepaemc",
"ADzZkbiTV"
],
"uid":"2550886314",
"parent":"",
"text":"天下“文章”一大抄 学好语文很重要[汗]",
"mid":"ADzU8n1n3",
"date":"2014-03-31 23:32:04"
},
{
"kids":[],
"uid":"1965524487",
"parent":"",
"text":"[呵呵]",
"mid":"ADzT6fmoo",
"date":"2014-03-31 23:29:31"
},
{
"kids":[],
"uid":"52erica",
"parent":"",
"text":"",
"mid":"ADzSV3Hcl",
"date":"2014-03-31 23:29:04"
},
{
"kids":[
"ADAN5rNRH"
],
"uid":"ViolaXin0805",
"parent":"",
"text":"",
"mid":"ADzSDjJwz",
"date":"2014-03-31 23:28:23"
},
{
"kids":[],
"uid":"2434412634",
"parent":"ADzDbB28G",
"text":"[围观][围观]",
"mid":"ADzSmtAYu",
"date":"2014-03-31 23:27:43"
},
{
"kids":[],
"uid":"3907394581",
"parent":"ADzIN6uK8",
"text":"",
"mid":"ADzS521CA",
"date":"2014-03-31 23:27:01"
},
{
"kids":[],
"uid":"2875366010",
"parent":"",
"text":"冒得脑壳",
"mid":"ADzS4usl3",
"date":"2014-03-31 23:26:59"
},
{
"kids":[],
"uid":"bleulotus",
"parent":"",
"text":"[哈哈]",
"mid":"ADzS1u1S2",
"date":"2014-03-31 23:26:53"
},
{
"kids":[],
"uid":"206562111",
"parent":"",
"text":"",
"mid":"ADzRAiOKG",
"date":"2014-03-31 23:25:48"
},
{
"kids":[],
"uid":"yuzhongdeyun",
"parent":"",
"text":"",
"mid":"ADzQYbw4X",
"date":"2014-03-31 23:24:17"
},
{
"kids":[],
"uid":"wanglizi217",
"parent":"",
"text":"",
"mid":"ADzQW6rhh",
"date":"2014-03-31 23:24:11"
},
{
"kids":[],
"uid":"1879845030",
"parent":"",
"text":"是JC叔叔抄袭文，改编的",
"mid":"ADzQNx1of",
"date":"2014-03-31 23:23:51"
},
{
"kids":[],
"uid":"1693853097",
"parent":"",
"text":"太不专业了[懒得理你]",
"mid":"ADzQyrL8x",
"date":"2014-03-31 23:23:16"
},
{
"kids":[],
"uid":"ffnn",
"parent":"ADzEeDws8",
"text":"╮(╯▽╰)╭",
"mid":"ADzQ96IuU",
"date":"2014-03-31 23:22:14"
},
{
"kids":[],
"uid":"1631266060",
"parent":"ADzDSayZ6",
"text":"",
"mid":"ADzPZBt1f",
"date":"2014-03-31 23:21:53"
},
{
"kids":[],
"uid":"kurobayoru",
"parent":"ADzDSayZ6",
"text":"2333",
"mid":"ADzPd8IzX",
"date":"2014-03-31 23:19:57"
},
{
"kids":[
"ADEnOlHFL",
"ADCOeqFgh",
"ADA8rcOlR",
"ADzWuFd3U"
],
"uid":"jhmstk1201",
"parent":"ADzFulzD9",
"text":"",
"mid":"ADzNpr48z",
"date":"2014-03-31 23:15:29"
},
{
"kids":[],
"uid":"2604499751",
"parent":"",
"text":"@幻想家莫子",
"mid":"ADzN4uH1h",
"date":"2014-03-31 23:14:41"
},
{
"kids":[],
"uid":"2307879707",
"parent":"ADzLslOiE",
"text":"唉玛这，，，→_→",
"mid":"ADzN2FIZf",
"date":"2014-03-31 23:14:37"
},
{
"kids":[],
"uid":"1722743945",
"parent":"ADzI0lM6k",
"text":"我去，是一个交警闲的蛋疼伪造的",
"mid":"ADzMNnbqZ",
"date":"2014-03-31 23:13:56"
},
{
"kids":[
"ADzN2FIZf"
],
"uid":"1835645543",
"parent":"",
"text":"233333",
"mid":"ADzLslOiE",
"date":"2014-03-31 23:10:41"
},
{
"kids":[
"ADEkPm999"
],
"uid":"2275794150",
"parent":"ADzFulzD9",
"text":"哈哈哈哈哈哈哈笑笑",
"mid":"ADzKh3v0t",
"date":"2014-03-31 23:07:47"
},
{
"kids":[],
"uid":"207075941",
"parent":"ADzJv9w9X",
"text":"哈哈哈哈哈@陈一樟Strong",
"mid":"ADzKfgZwA",
"date":"2014-03-31 23:07:42"
},
{
"kids":[],
"uid":"syalon17",
"parent":"ADzFulzD9",
"text":"我去@海带挖坑不会填 @九轮乜天 @筱柒小朋友 @煎蛋_soundhorizon中毒中",
"mid":"ADzK7xpIj",
"date":"2014-03-31 23:07:25"
},
{
"kids":[
"ADzKfgZwA"
],
"uid":"1824463577",
"parent":"ADzDSayZ6",
"text":"",
"mid":"ADzJv9w9X",
"date":"2014-03-31 23:05:53"
},
{
"kids":[],
"uid":"2657959132",
"parent":"",
"text":"",
"mid":"ADzJdaHlS",
"date":"2014-03-31 23:05:10"
},
{
"kids":[
"ADA3257J9",
"ADIQlFlxq",
"ADIBaeqNf",
"ADIApwH9H",
"ADFk2nDPg",
"ADFhWlN79",
"ADEXA3pVi",
"ADELltuTM",
"ADEHyiTe9",
"ADEFG94mv",
"ADECV3fk0",
"ADEBX3LqA",
"ADEyFt70o",
"ADEgsFicf",
"ADEeF0ioU",
"ADE3J7YLG",
"ADE2KAGcO",
"ADDYDyTfB",
"ADDVbCZDp",
"ADDOnmqEd",
"ADDAToLbG",
"ADDzB4SQ4",
"ADDwLdgWm",
"ADDsNmfNW",
"ADDprFCcC",
"ADDoHhgLg",
"ADDoscPt0",
"ADDmYzXTs",
"ADDmX8X7a",
"ADDmQ30Rj",
"ADDmtgADO",
"ADDk5vVxR",
"ADDfdg5C7",
"ADDcrhvmr",
"ADDbsnnQ7",
"ADCZflu0y",
"ADCWbAJGb",
"ADCVOxJZg",
"ADCVk8XBG",
"ADCTHFJoc",
"ADCIcE3LE",
"ADAvEekTS",
"ADAsPfStL",
"ADA3257J9",
"ADzS521CA"
],
"uid":"2768305907",
"parent":"ADzDSayZ6",
"text":"口",
"mid":"ADzIN6uK8",
"date":"2014-03-31 23:04:08"
},
{
"kids":[],
"uid":"1099466372",
"parent":"ADzDSayZ6",
"text":"",
"mid":"ADzIaF84o",
"date":"2014-03-31 23:02:37"
},
{
"kids":[
"ADzMNnbqZ"
],
"uid":"2150037462",
"parent":"ADzzlbVZu",
"text":"大家还是百度一下，高晓松的是伪造的",
"mid":"ADzI0lM6k",
"date":"2014-03-31 23:02:12"
},
{
"kids":[],
"uid":"1867698675",
"parent":"ADzDSayZ6",
"text":"。。。。这个貌似辟谣惹",
"mid":"ADzHd3ZIw",
"date":"2014-03-31 23:00:14"
},
{
"kids":[],
"uid":"2665546010",
"parent":"",
"text":"",
"mid":"ADzGJe57s",
"date":"2014-03-31 22:59:02"
},
{
"kids":[],
"uid":"duxiaohuamargaret",
"parent":"ADzy63oak",
"text":"呵。呵",
"mid":"ADzFFgCAe",
"date":"2014-03-31 22:56:26"
},
{
"kids":[
"ADAtBt20x",
"ADAbuASzK"
],
"uid":"sakura13",
"parent":"ADzDSayZ6",
"text":"[黑线]一点诚意都没有",
"mid":"ADzFwpFjB",
"date":"2014-03-31 22:56:05"
},
{
"kids":[
"ADEnOlHFL",
"ADEkPm999",
"ADCOeqFgh",
"ADA8rcOlR",
"ADzWuFd3U",
"ADzNpr48z",
"ADzKh3v0t",
"ADzK7xpIj"
],
"uid":"sakurahydest",
"parent":"ADzDSayZ6",
"text":"233333这tm都是抄的，呵呵",
"mid":"ADzFulzD9",
"date":"2014-03-31 22:55:59"
},
{
"kids":[
"ADCXzC06f",
"ADBzmtrei",
"ADzQ96IuU"
],
"uid":"moekogekirabu",
"parent":"",
"text":"不行 这个简直太哈哈哈哈哈哈智商呢",
"mid":"ADzEeDws8",
"date":"2014-03-31 22:52:55"
},
{
"kids":[
"ADzIN6uK8",
"AE16dbvfN",
"ADIQlFlxq",
"ADIBaeqNf",
"ADIApwH9H",
"ADIoW17Oj",
"ADFlRf48i",
"ADFk2nDPg",
"ADFhWlN79",
"ADEXA3pVi",
"ADELltuTM",
"ADEHyiTe9",
"ADEFG94mv",
"ADECV3fk0",
"ADEBX3LqA",
"ADEyFt70o",
"ADEnOlHFL",
"ADEkPm999",
"ADEgsFicf",
"ADEeF0ioU",
"ADEccdahZ",
"ADE3J7YLG",
"ADE2KAGcO",
"ADDYDyTfB",
"ADDVbCZDp",
"ADDOnmqEd",
"ADDBJsm2H",
"ADDAToLbG",
"ADDzB4SQ4",
"ADDwLdgWm",
"ADDsNmfNW",
"ADDprFCcC",
"ADDoHhgLg",
"ADDoscPt0",
"ADDmYzXTs",
"ADDmX8X7a",
"ADDmQ30Rj",
"ADDmtgADO",
"ADDk5vVxR",
"ADDfdg5C7",
"ADDeO6WYG",
"ADDcrhvmr",
"ADDbsnnQ7",
"ADD3j5FbQ",
"ADCZYfTGk",
"ADCZflu0y",
"ADCWbAJGb",
"ADCVOxJZg",
"ADCVk8XBG",
"ADCTHFJoc",
"ADCOeqFgh",
"ADCIcE3LE",
"ADCH710D3",
"ADCccqldW",
"ADB0z4QZm",
"ADAYgnCuc",
"ADAT7tOTH",
"ADAHQooN5",
"ADADZ2DrI",
"ADAC3nxlU",
"ADAxwEEjk",
"ADAwVEU9m",
"ADAvEekTS",
"ADAvn4Z0v",
"ADAtBt20x",
"ADAsPfStL",
"ADAp6cv8N",
"ADAo695YN",
"ADAnivhNX",
"ADAlbi7Kl",
"ADAgV8KFd",
"ADAe6c7dU",
"ADAdMFD1A",
"ADAbuASzK",
"ADAbqb21N",
"ADA94aFU7",
"ADA8rcOlR",
"ADA8dgK1s",
"ADA3257J9",
"ADzYimOjt",
"ADzWuFd3U",
"ADzS521CA",
"ADzPZBt1f",
"ADzPd8IzX",
"ADzNpr48z",
"ADzKh3v0t",
"ADzKfgZwA",
"ADzK7xpIj",
"ADzJv9w9X",
"ADzIN6uK8",
"ADzIaF84o",
"ADzHd3ZIw",
"ADzFwpFjB",
"ADzFulzD9"
],
"uid":"bt111010",
"parent":"ADzBtePFL",
"text":"哈哈哈哈哈哈哈这特么和我们年终小结一个样啊哈哈哈哈哈",
"mid":"ADzDSayZ6",
"date":"2014-03-31 22:52:01"
},
{
"kids":[
"ADzSmtAYu"
],
"uid":"luciferclub",
"parent":"ADzCi4Luo",
"text":"太low…",
"mid":"ADzDbB28G",
"date":"2014-03-31 22:50:20"
},
{
"kids":[
"ADGNFtsF6",
"ADAbrBrFl",
"ADzSmtAYu",
"ADzDbB28G"
],
"uid":"qiuwen02",
"parent":"",
"text":"233",
"mid":"ADzCi4Luo",
"date":"2014-03-31 22:48:07"
},
{
"kids":[],
"uid":"xyj710",
"parent":"",
"text":"这尼玛也可以啊！真**有才！！！！真是小看某些人了！",
"mid":"ADzC28cFd",
"date":"2014-03-31 22:47:29"
},
{
"kids":[],
"uid":"zhaoyayayaya",
"parent":"",
"text":"哈哈哈哈哈哈哈哈哈笑成煞笔了快解雇公关",
"mid":"ADzC269of",
"date":"2014-03-31 22:47:29"
},
{
"kids":[
"ADzDSayZ6",
"AE16dbvfN",
"ADIQlFlxq",
"ADIBaeqNf",
"ADIApwH9H",
"ADIoW17Oj",
"ADFlRf48i",
"ADFk2nDPg",
"ADFhWlN79",
"ADEXA3pVi",
"ADELltuTM",
"ADEHyiTe9",
"ADEFG94mv",
"ADECV3fk0",
"ADEBX3LqA",
"ADEyFt70o",
"ADEnOlHFL",
"ADEkPm999",
"ADEgsFicf",
"ADEeF0ioU",
"ADEccdahZ",
"ADE3J7YLG",
"ADE2KAGcO",
"ADDYDyTfB",
"ADDVbCZDp",
"ADDOnmqEd",
"ADDBJsm2H",
"ADDAToLbG",
"ADDzB4SQ4",
"ADDwLdgWm",
"ADDsNmfNW",
"ADDprFCcC",
"ADDoHhgLg",
"ADDoscPt0",
"ADDmYzXTs",
"ADDmX8X7a",
"ADDmQ30Rj",
"ADDmtgADO",
"ADDk5vVxR",
"ADDfdg5C7",
"ADDeO6WYG",
"ADDcrhvmr",
"ADDbsnnQ7",
"ADD3j5FbQ",
"ADCZYfTGk",
"ADCZflu0y",
"ADCWbAJGb",
"ADCVOxJZg",
"ADCVk8XBG",
"ADCTHFJoc",
"ADCOeqFgh",
"ADCIcE3LE",
"ADCH710D3",
"ADCccqldW",
"ADB0z4QZm",
"ADAYgnCuc",
"ADAT7tOTH",
"ADAHQooN5",
"ADADZ2DrI",
"ADAC3nxlU",
"ADAxwEEjk",
"ADAwVEU9m",
"ADAvEekTS",
"ADAvn4Z0v",
"ADAtBt20x",
"ADAsPfStL",
"ADAp6cv8N",
"ADAo695YN",
"ADAnivhNX",
"ADAlbi7Kl",
"ADAgV8KFd",
"ADAe6c7dU",
"ADAdMFD1A",
"ADAbuASzK",
"ADAbqb21N",
"ADA94aFU7",
"ADA8rcOlR",
"ADA8dgK1s",
"ADA3257J9",
"ADzYimOjt",
"ADzWuFd3U",
"ADzS521CA",
"ADzPZBt1f",
"ADzPd8IzX",
"ADzNpr48z",
"ADzKh3v0t",
"ADzKfgZwA",
"ADzK7xpIj",
"ADzJv9w9X",
"ADzIN6uK8",
"ADzIaF84o",
"ADzHd3ZIw",
"ADzFwpFjB",
"ADzFulzD9",
"ADzDSayZ6"
],
"uid":"baisunengmao",
"parent":"",
"text":"",
"mid":"ADzBtePFL",
"date":"2014-03-31 22:46:06"
},
{
"kids":[],
"uid":"2302338904",
"parent":"",
"text":"[怒][怒]",
"mid":"ADzBpofCC",
"date":"2014-03-31 22:45:56"
},
{
"kids":[
"ADBajDpRe"
],
"uid":"jiroorange",
"parent":"",
"text":"渣男 还能再龌龊点嘛[哈哈] 下次抄袭记得改得有点技术含量...",
"mid":"ADzBodpa4",
"date":"2014-03-31 22:45:52"
},
{
"kids":[
"ADHof62dS"
],
"uid":"1080226253",
"parent":"",
"text":"这个早就辟谣了……是一位警察写着玩的，被其他人当真事传来传去，高晓松的保证书只有四个字：永不酒驾。",
"mid":"ADzAP5Eyn",
"date":"2014-03-31 22:44:29"
},
{
"kids":[],
"uid":"1987921184",
"parent":"",
"text":"毁三关啊！",
"mid":"ADzA0eAeK",
"date":"2014-03-31 22:42:28"
},
{
"kids":[],
"uid":"2654865713",
"parent":"",
"text":"啊哈哈哈",
"mid":"ADzzVwnfQ",
"date":"2014-03-31 22:42:18"
},
{
"kids":[
"ADzMNnbqZ",
"ADzI0lM6k"
],
"uid":"1722743945",
"parent":"",
"text":"这公关团队也够次的",
"mid":"ADzzlbVZu",
"date":"2014-03-31 22:40:52"
},
{
"kids":[],
"uid":"3149442380",
"parent":"",
"text":"噗",
"mid":"ADzyv9aaK",
"date":"2014-03-31 22:38:47"
},
{
"kids":[],
"uid":"1894813841",
"parent":"",
"text":"我去！！！！",
"mid":"ADzykx2yF",
"date":"2014-03-31 22:38:22"
},
{
"kids":[
"ADzFFgCAe"
],
"uid":"2603314481",
"parent":"",
"text":"轉發微博",
"mid":"ADzy63oak",
"date":"2014-03-31 22:37:47"
},
{
"kids":[],
"uid":"koudiliya",
"parent":"",
"text":"噗这个确实好玩",
"mid":"ADzxTC9do",
"date":"2014-03-31 22:37:17"
},
{
"kids":[],
"uid":"577211990",
"parent":"",
"text":"＝＝",
"mid":"ADzxPsRIE",
"date":"2014-03-31 22:37:08"
},
{
"kids":[
"ADCsSBO7J",
"ADClLc1Oy"
],
"uid":"linweian",
"parent":"",
"text":"记得早上有转发过来的，说后面的是谁仿照“文章体”写的，好像po主没搞清楚情况啊……不是所有酒驾都叫高晓松的。",
"mid":"ADzxDlVCE",
"date":"2014-03-31 22:36:39"
},
{
"kids":[],
"uid":"1910772644",
"parent":"",
"text":"文章和高晓松是同一经纪公司么",
"mid":"ADzxueoYE",
"date":"2014-03-31 22:36:14"
},
{
"kids":[],
"uid":"2603314481",
"parent":"",
"text":"轉發微博",
"mid":"ADzxmy1TJ",
"date":"2014-03-31 22:35:56"
},
{
"kids":[],
"uid":"526788784",
"parent":"",
"text":"人渣 垃圾 声明都抄袭还要脸不？",
"mid":"ADzxcudZM",
"date":"2014-03-31 22:35:33"
},
{
"kids":[],
"uid":"3165338115",
"parent":"",
"text":"",
"mid":"ADzwt0q85",
"date":"2014-03-31 22:33:45"
},
{
"kids":[],
"uid":"316311108",
"parent":"",
"text":"[吃惊]奇葩贱男",
"mid":"ADzwnoaWi",
"date":"2014-03-31 22:33:30"
},
{
"kids":[],
"uid":"2527447245",
"parent":"",
"text":"原来是这样... “啊呀！依孤看来，今日是你我分别之日了。”",
"mid":"ADzwkoEXm",
"date":"2014-03-31 22:33:23"
},
{
"kids":[],
"uid":"3609363933",
"parent":"",
"text":"[哼]",
"mid":"ADzwghID8",
"date":"2014-03-31 22:33:13"
},
{
"kids":[],
"uid":"1648408465",
"parent":"",
"text":"",
"mid":"ADzvOtEI1",
"date":"2014-03-31 22:32:10"
},
{
"kids":[],
"uid":"chrisfl",
"parent":"",
"text":"早就知道这文笔不是出自渣男之手！",
"mid":"ADzvC7YZ9",
"date":"2014-03-31 22:31:39"
},
{
"kids":[],
"uid":"3721521490",
"parent":"",
"text":"哎，你已经没有让人原谅的理由了",
"mid":"ADzuLcha0",
"date":"2014-03-31 22:29:31"
},
{
"kids":[],
"uid":"3262483882",
"parent":"",
"text":"",
"mid":"ADzum42u2",
"date":"2014-03-31 22:28:33"
},
{
"kids":[],
"uid":"2827831824",
"parent":"",
"text":"[汗][吃惊]",
"mid":"ADzuhnfsH",
"date":"2014-03-31 22:28:22"
},
{
"kids":[],
"uid":"1874083791",
"parent":"",
"text":"",
"mid":"ADztM0Q35",
"date":"2014-03-31 22:27:05"
},
{
"kids":[],
"uid":"2481877341",
"parent":"",
"text":"比出轨更不能原谅的是在老婆怀孕的时候出轨，比在老婆怀孕时候出轨就是不但出轨连道歉信都是抄@高晓松 的，文章劈腿成六章，堪称天下贱男之典范。。",
"mid":"ADztIxx6z",
"date":"2014-03-31 22:26:59"
},
{
"kids":[],
"uid":"cisimi",
"parent":"",
"text":"哈哈哈哈神转折喂！",
"mid":"ADztFcVC6",
"date":"2014-03-31 22:26:51"
},
{
"kids":[],
"uid":"2671065011",
"parent":"",
"text":"这消息怎么传的……酒驾那个是一交警学文章体改的好吧……又成高晓松的了……真无语",
"mid":"ADzto4zuf",
"date":"2014-03-31 22:26:10"
},
{
"kids":[],
"uid":"wennus",
"parent":"",
"text":"辟谣无数次了，这是今天一个交警@交警刘小川 仿写的，怎么还在传谣。真可怕。",
"mid":"ADzs9zPFf",
"date":"2014-03-31 22:23:07"
},
{
"kids":[],
"uid":"hzkwm001",
"parent":"",
"text":"[鼓掌]",
"mid":"ADzs06YCJ",
"date":"2014-03-31 22:22:46"
},
{
"kids":[],
"uid":"2124489113",
"parent":"",
"text":"",
"mid":"ADzrYCEQR",
"date":"2014-03-31 22:22:41"
},
{
"kids":[],
"uid":"2753492063",
"parent":"ADzrvpzbA",
"text":"草！！！！[怒][怒][怒]",
"mid":"ADzrMxEtf",
"date":"2014-03-31 22:22:15"
},
{
"kids":[],
"uid":"1862059884",
"parent":"",
"text":"爱情还能相信？",
"mid":"ADzrvFH09",
"date":"2014-03-31 22:21:33"
},
{
"kids":[
"ADzrMxEtf"
],
"uid":"1689959260",
"parent":"",
"text":"这个必须转",
"mid":"ADzrvpzbA",
"date":"2014-03-31 22:21:30"
},
{
"kids":[],
"uid":"2649242907",
"parent":"",
"text":"",
"mid":"ADzrusmRX",
"date":"2014-03-31 22:21:31"
},
{
"kids":[],
"uid":"3205739664",
"parent":"",
"text":"",
"mid":"ADzr3BTnY",
"date":"2014-03-31 22:20:27"
},
{
"kids":[],
"uid":"goulebron",
"parent":"",
"text":"太假了",
"mid":"ADzqecbcP",
"date":"2014-03-31 22:18:24"
},
{
"kids":[],
"uid":"3655521125",
"parent":"",
"text":"",
"mid":"ADzpVjeVW",
"date":"2014-03-31 22:17:39"
},
{
"kids":[],
"uid":"1923650194",
"parent":"",
"text":"@肉肉顾小球 @_师旖旎_ @Lenkakun @DC不丹此行",
"mid":"ADzpU65SU",
"date":"2014-03-31 22:17:36"
},
{
"kids":[],
"uid":"1843307837",
"parent":"",
"text":"",
"mid":"ADzpGufpr",
"date":"2014-03-31 22:17:03"
},
{
"kids":[],
"uid":"2435334864",
"parent":"",
"text":"算是抄袭ma ???",
"mid":"ADzpw8CQg",
"date":"2014-03-31 22:16:39"
},
{
"kids":[],
"uid":"jacksongates",
"parent":"",
"text":"厉害。zZ",
"mid":"ADzpnznir",
"date":"2014-03-31 22:16:19"
},
{
"kids":[],
"uid":"3123483940",
"parent":"",
"text":"网友太强大了，没有你找不到，只有你想不大。[吃惊][吃惊][吃惊]",
"mid":"ADzp7BQ87",
"date":"2014-03-31 22:15:41"
},
{
"kids":[],
"uid":"3115786113",
"parent":"",
"text":"这玩意也抄太特么假了",
"mid":"ADzp5eYLM",
"date":"2014-03-31 22:15:34"
},
{
"kids":[],
"uid":"1760678757",
"parent":"",
"text":"",
"mid":"ADzoxzWRM",
"date":"2014-03-31 22:14:15"
},
{
"kids":[],
"uid":"1720859757",
"parent":"",
"text":"",
"mid":"ADzouDF4D",
"date":"2014-03-31 22:14:08"
},
{
"kids":[],
"uid":"shiny76yaya",
"parent":"",
"text":"",
"mid":"ADzosfxXL",
"date":"2014-03-31 22:14:02"
},
{
"kids":[],
"uid":"1706826531",
"parent":"",
"text":"",
"mid":"ADzogssAb",
"date":"2014-03-31 22:13:33"
},
{
"kids":[
"ADFXf8fIQ"
],
"uid":"2448539024",
"parent":"",
"text":"好像是这么回事。",
"mid":"ADzofy7pB",
"date":"2014-03-31 22:13:31"
},
{
"kids":[],
"uid":"1869540813",
"parent":"",
"text":"艹 这他妈也太懒了 有没有诚意啊！！",
"mid":"ADzofvMk1",
"date":"2014-03-31 22:13:32"
},
{
"kids":[],
"uid":"2843811927",
"parent":"",
"text":"",
"mid":"ADznM1Vq3",
"date":"2014-03-31 22:12:21"
},
{
"kids":[],
"uid":"3733596447",
"parent":"",
"text":"",
"mid":"ADznGpSpl",
"date":"2014-03-31 22:12:08"
},
{
"kids":[],
"uid":"pikn",
"parent":"",
"text":"[衰][衰]",
"mid":"ADznt6P6O",
"date":"2014-03-31 22:11:36"
},
{
"kids":[],
"uid":"2407944971",
"parent":"",
"text":"[睡觉]",
"mid":"ADznnuNwf",
"date":"2014-03-31 22:11:23"
},
{
"kids":[],
"uid":"3207218523",
"parent":"",
"text":"",
"mid":"ADznejXke",
"date":"2014-03-31 22:11:01"
},
{
"kids":[],
"uid":"2134293132",
"parent":"",
"text":"人多力大！！哈哈哈量",
"mid":"ADzndbiTW",
"date":"2014-03-31 22:10:57"
},
{
"kids":[],
"uid":"2206370037",
"parent":"",
"text":"真心无语",
"mid":"ADzn91XTe",
"date":"2014-03-31 22:10:48"
},
{
"kids":[],
"uid":"2415848973",
"parent":"",
"text":"头疼还要被道歉信恶心。高晓松也趁机火一把。[生病][生病]",
"mid":"ADzn3DQK8",
"date":"2014-03-31 22:10:35"
},
{
"kids":[],
"uid":"1911687813",
"parent":"",
"text":"卧槽，这是真的么！仿高晓松写的酒驾悔过书？！@红牛敢死队成员Celine",
"mid":"ADzmTlQxy",
"date":"2014-03-31 22:10:11"
},
{
"kids":[],
"uid":"5017433271",
"parent":"",
"text":"",
"mid":"ADzmnqpUI",
"date":"2014-03-31 22:08:55"
},
{
"kids":[],
"uid":"5063203816",
"parent":"",
"text":"哈哈哈碉堡了",
"mid":"ADzmbkqCr",
"date":"2014-03-31 22:08:26"
},
{
"kids":[],
"uid":"2027265871",
"parent":"",
"text":"[鄙视][鄙视][鄙视][鄙视]",
"mid":"ADzkN32eS",
"date":"2014-03-31 22:04:59"
},
{
"kids":[],
"uid":"2140471792",
"parent":"",
"text":"你这是借鉴吗？？",
"mid":"ADzksmCfA",
"date":"2014-03-31 22:04:10"
}
]