[
{
"kids":[],
"uid":"3501756474",
"parent":"A1WAUaJrz",
"text":"",
"mid":"A2Lz7wszJ",
"date":"2013-08-01 21:12:00"
},
{
"kids":[],
"uid":"1854083680",
"parent":"A24ejEH63",
"text":"天理何在？？？[怒][怒][怒]",
"mid":"A28o3g4ef",
"date":"2013-07-28 17:27:37"
},
{
"kids":[],
"uid":"2789769742",
"parent":"A1XBzfqjP",
"text":"",
"mid":"A26EM2THt",
"date":"2013-07-28 13:03:18"
},
{
"kids":[],
"uid":"twinklediamond",
"parent":"A24ejEH63",
"text":"[怒][怒][怒]又是城管！！",
"mid":"A25fU7vHR",
"date":"2013-07-28 09:29:18"
},
{
"kids":[],
"uid":"liyibinz",
"parent":"A24ejEH63",
"text":"怎么又是秤砣。",
"mid":"A25f0yMhH",
"date":"2013-07-28 09:27:06"
},
{
"kids":[
"A28o3g4ef",
"A25fU7vHR",
"A25f0yMhH"
],
"uid":"1926590244",
"parent":"A1XyKCkiB",
"text":"[怒][怒]",
"mid":"A24ejEH63",
"date":"2013-07-28 06:52:39"
},
{
"kids":[],
"uid":"1707909603",
"parent":"",
"text":"",
"mid":"A218otnEr",
"date":"2013-07-27 22:59:48"
},
{
"kids":[],
"uid":"2128938353",
"parent":"A1ZVtDscg",
"text":"[good]",
"mid":"A1ZWibVAV",
"date":"2013-07-27 19:57:14"
},
{
"kids":[
"A1ZWibVAV"
],
"uid":"2613410621",
"parent":"A1VIT4s3q",
"text":"夷。又是城管新闻漫天飞。是要掩盖其他什么事件啦？",
"mid":"A1ZVtDscg",
"date":"2013-07-27 19:55:16"
},
{
"kids":[],
"uid":"1886108170",
"parent":"",
"text":"这群疯狗活埋都换不来社会的原谅",
"mid":"A1ZUBwZJb",
"date":"2013-07-27 19:53:05"
},
{
"kids":[],
"uid":"2290141863",
"parent":"A1XyKCkiB",
"text":"一群野狗！",
"mid":"A1ZGYbB4p",
"date":"2013-07-27 19:19:31"
},
{
"kids":[],
"uid":"2290141863",
"parent":"A1XyKCkiB",
"text":"",
"mid":"A1ZGSzzAT",
"date":"2013-07-27 19:19:18"
},
{
"kids":[],
"uid":"1788594365",
"parent":"",
"text":"",
"mid":"A1ZDx5MUC",
"date":"2013-07-27 19:11:03"
},
{
"kids":[],
"uid":"1445171701",
"parent":"A1YlNehet",
"text":"中国终于发明了让世界头疼的武器。秤砣。由于中国有了秤砣武器以后。使得日本取消了夺岛演习。",
"mid":"A1ZfshtvK",
"date":"2013-07-27 18:11:42"
},
{
"kids":[],
"uid":"sanguie",
"parent":"A1VE90qIv",
"text":"",
"mid":"A1Z9XASTF",
"date":"2013-07-27 17:58:11"
},
{
"kids":[],
"uid":"2904016023",
"parent":"A1VHzcCAL",
"text":"",
"mid":"A1YZCmXr0",
"date":"2013-07-27 17:32:43"
},
{
"kids":[],
"uid":"1205886822",
"parent":"",
"text":"",
"mid":"A1YZ74yDH",
"date":"2013-07-27 17:31:28"
},
{
"kids":[],
"uid":"3148587894",
"parent":"A1XVV0BSf",
"text":"最近总有类似事件发生",
"mid":"A1YHukICi",
"date":"2013-07-27 16:48:04"
},
{
"kids":[],
"uid":"3282364694",
"parent":"",
"text":"这几天各地的城管都很疯狂！",
"mid":"A1YFEfzJQ",
"date":"2013-07-27 16:43:31"
},
{
"kids":[],
"uid":"2723101065",
"parent":"",
"text":"这几天各地的城管都很疯狂！",
"mid":"A1YDV09cJ",
"date":"2013-07-27 16:39:15"
},
{
"kids":[],
"uid":"1946925203",
"parent":"",
"text":"这几天各地的城管都很疯狂！",
"mid":"A1YCzlTgT",
"date":"2013-07-27 16:35:55"
},
{
"kids":[],
"uid":"1979280614",
"parent":"",
"text":"现在的中国是城管到处打死人的报道，中国这是怎么啦？老百姓还有没有活路了。",
"mid":"A1YCe4ozz",
"date":"2013-07-27 16:35:05"
},
{
"kids":[],
"uid":"3235251352",
"parent":"",
"text":"这几天各地的城管都很疯狂！",
"mid":"A1YxmDZrO",
"date":"2013-07-27 16:23:07"
},
{
"kids":[],
"uid":"2154865635",
"parent":"A1WbmknKo",
"text":"现在城管流行用秤砣打人头吗？",
"mid":"A1Yw94VGB",
"date":"2013-07-27 16:20:04"
},
{
"kids":[],
"uid":"1444501525",
"parent":"",
"text":"如果是真的，那就太可怕了[怒]",
"mid":"A1Yrf0IoG",
"date":"2013-07-27 16:07:59"
},
{
"kids":[
"A1ZfshtvK"
],
"uid":"1576178744",
"parent":"",
"text":"秤砣在手，天下我有",
"mid":"A1YlNehet",
"date":"2013-07-27 15:54:35"
},
{
"kids":[],
"uid":"2234870585",
"parent":"",
"text":"这几天各地的城管都很疯狂！",
"mid":"A1XYmz9L1",
"date":"2013-07-27 14:56:54"
},
{
"kids":[
"A1YHukICi"
],
"uid":"2655678493",
"parent":"A1XyKCkiB",
"text":"日哦!",
"mid":"A1XVV0BSf",
"date":"2013-07-27 14:50:51"
},
{
"kids":[],
"uid":"3193614947",
"parent":"A1WbmknKo",
"text":"哎",
"mid":"A1XTSeA0V",
"date":"2013-07-27 14:45:49"
},
{
"kids":[],
"uid":"3282285254",
"parent":"",
"text":"这几天各地的城管都很疯狂！",
"mid":"A1XO42E89",
"date":"2013-07-27 14:31:31"
},
{
"kids":[],
"uid":"2727898850",
"parent":"",
"text":"这几天各地的城管都很疯狂！",
"mid":"A1XE69eHM",
"date":"2013-07-27 14:06:56"
},
{
"kids":[],
"uid":"1932785202",
"parent":"A1XyKCkiB",
"text":"@薛蛮子",
"mid":"A1XCRmjNP",
"date":"2013-07-27 14:03:54"
},
{
"kids":[
"A26EM2THt"
],
"uid":"2043600203",
"parent":"",
"text":"这几天各地的城管都很疯狂！",
"mid":"A1XBzfqjP",
"date":"2013-07-27 14:00:43"
},
{
"kids":[],
"uid":"924163744",
"parent":"",
"text":"",
"mid":"A1XyVxQnT",
"date":"2013-07-27 13:54:11"
},
{
"kids":[
"A28o3g4ef",
"A25fU7vHR",
"A25f0yMhH",
"A24ejEH63",
"A1ZGYbB4p",
"A1ZGSzzAT",
"A1YHukICi",
"A1XVV0BSf",
"A1XCRmjNP"
],
"uid":"1267845437",
"parent":"A1Xxr4XCb",
"text":"",
"mid":"A1XyKCkiB",
"date":"2013-07-27 13:53:45"
},
{
"kids":[
"A28o3g4ef",
"A25fU7vHR",
"A25f0yMhH",
"A24ejEH63",
"A1ZGYbB4p",
"A1ZGSzzAT",
"A1YHukICi",
"A1XVV0BSf",
"A1XCRmjNP",
"A1XyKCkiB"
],
"uid":"2709887140",
"parent":"",
"text":"",
"mid":"A1Xxr4XCb",
"date":"2013-07-27 13:50:32"
},
{
"kids":[],
"uid":"3445898880",
"parent":"",
"text":"这几天各地的城管都很疯狂！",
"mid":"A1Xuf5qEi",
"date":"2013-07-27 13:42:41"
},
{
"kids":[],
"uid":"yangxue1200",
"parent":"A1Vau9BJa",
"text":"妈的[怒][怒][怒][怒][怒][怒]",
"mid":"A1XtJ9Ioe",
"date":"2013-07-27 13:41:24"
},
{
"kids":[],
"uid":"1154345471",
"parent":"A1WVmn22q",
"text":"这几天各地的城管都很疯狂！",
"mid":"A1XtA1VaR",
"date":"2013-07-27 13:41:02"
},
{
"kids":[],
"uid":"shaolin10",
"parent":"A1VwIAH3h",
"text":"完了，以后城管杀人要成投名状了，你不打死几个人都不好意思说自己是城管，土匪治国，国必生匪！",
"mid":"A1XsCjHdS",
"date":"2013-07-27 13:38:43"
},
{
"kids":[],
"uid":"1719024364",
"parent":"",
"text":"这些畜生城管留着干吗，总是打死人,为什么呀",
"mid":"A1Xm71FMq",
"date":"2013-07-27 13:22:38"
},
{
"kids":[],
"uid":"1407994212",
"parent":"A1VaImWs3",
"text":"[愤怒]",
"mid":"A1XbacMg0",
"date":"2013-07-27 12:55:39"
},
{
"kids":[],
"uid":"longtengwuming",
"parent":"A1WAUaJrz",
"text":"豺狼横行，官逼民反！！",
"mid":"A1X5PB2O8",
"date":"2013-07-27 12:42:31"
},
{
"kids":[],
"uid":"2163199314",
"parent":"",
"text":"",
"mid":"A1X3F9VVT",
"date":"2013-07-27 12:37:10"
},
{
"kids":[],
"uid":"2923415461",
"parent":"",
"text":"",
"mid":"A1X0K0L1o",
"date":"2013-07-27 12:29:58"
},
{
"kids":[
"A1XtA1VaR"
],
"uid":"3264983030",
"parent":"A1WdTebei",
"text":"17岁！可能昨天还在念叨“中国梦，我的梦”，今天他的梦想就被城管用秤砣终结了。",
"mid":"A1WVmn22q",
"date":"2013-07-27 12:16:45"
},
{
"kids":[],
"uid":"uc79000234",
"parent":"A1WbmknKo",
"text":"鹅城百姓何尝不是帮凶",
"mid":"A1WSCuPH3",
"date":"2013-07-27 12:09:59"
},
{
"kids":[],
"uid":"laohulaoge",
"parent":"A1WKTuoph",
"text":"[怒][怒][怒]又是政府的一宗罪！",
"mid":"A1WRvirJT",
"date":"2013-07-27 12:07:14"
},
{
"kids":[],
"uid":"1108860253",
"parent":"A1WbmknKo",
"text":"所以，中國夢就是一坨屎[怒]",
"mid":"A1WMwgcfN",
"date":"2013-07-27 11:54:56"
},
{
"kids":[
"A1WRvirJT"
],
"uid":"dovebear",
"parent":"A1VaQkRTb",
"text":"",
"mid":"A1WKTuoph",
"date":"2013-07-27 11:50:57"
},
{
"kids":[],
"uid":"339502121",
"parent":"A1WbmknKo",
"text":"",
"mid":"A1WHSt4EE",
"date":"2013-07-27 11:43:30"
},
{
"kids":[],
"uid":"2203006254",
"parent":"A1WbmknKo",
"text":"MAD.",
"mid":"A1WHtiEBm",
"date":"2013-07-27 11:42:30"
},
{
"kids":[],
"uid":"manwin",
"parent":"A1WAUaJrz",
"text":"",
"mid":"A1WBWgrMi",
"date":"2013-07-27 11:28:53"
},
{
"kids":[],
"uid":"2959635903",
"parent":"",
"text":"我就纳闷城市规划发展的人为什么不从根本上解决这些贫穷低层街卖的人，成立个区域或者规划些街道或者根本就不需要这些限制，表面管的是市容其实就是在搞些形式主义，官员面子仕途才是真。全都是些反人类的霸权制度。@纪许光 @范炜 @南方周末 @头条新闻",
"mid":"A1WBO03nZ",
"date":"2013-07-27 11:28:32"
},
{
"kids":[
"A2Lz7wszJ",
"A1X5PB2O8",
"A1WBWgrMi"
],
"uid":"2927329237",
"parent":"",
"text":"有关部门该早点公布真相！",
"mid":"A1WAUaJrz",
"date":"2013-07-27 11:26:20"
},
{
"kids":[],
"uid":"3222249520",
"parent":"",
"text":"[睡觉]逆天的节奏",
"mid":"A1WAa2rDG",
"date":"2013-07-27 11:24:30"
},
{
"kids":[],
"uid":"1037612600",
"parent":"A1WoqdAgG",
"text":"这帮狗杂种，是谁给了他们这种权利！？丧尽天良，终会受报应的！",
"mid":"A1Wso4Qgi",
"date":"2013-07-27 11:05:21"
},
{
"kids":[],
"uid":"1835385291",
"parent":"A1Vau9BJa",
"text":"本来我不信，后来官方出来辟谣，我信了",
"mid":"A1Ws9BOcP",
"date":"2013-07-27 11:04:47"
},
{
"kids":[],
"uid":"3278572072",
"parent":"A1WbmknKo",
"text":"",
"mid":"A1Wq03aYV",
"date":"2013-07-27 10:59:28"
},
{
"kids":[],
"uid":"3661513877",
"parent":"A1WbmknKo",
"text":"亲！加v吗[杂技]您需要粉丝么我们专业为您快速增加米分丝1000米分只要2元安全保密另外有微博转发评论投票微博",
"mid":"A1WoW9RfO",
"date":"2013-07-27 10:56:51"
},
{
"kids":[
"A1Wso4Qgi"
],
"uid":"2475028367",
"parent":"A1WbmknKo",
"text":"我靠，又是城管，又是秤砣。",
"mid":"A1WoqdAgG",
"date":"2013-07-27 10:55:34"
},
{
"kids":[],
"uid":"1730860673",
"parent":"A1WbmknKo",
"text":"",
"mid":"A1WlGmp7w",
"date":"2013-07-27 10:48:50"
},
{
"kids":[],
"uid":"awlp",
"parent":"",
"text":"",
"mid":"A1WiNeYp2",
"date":"2013-07-27 10:41:43"
},
{
"kids":[],
"uid":"rockfung",
"parent":"A1WbmknKo",
"text":"天涯社区网：2013年7月26日8点，四川省万源市河街一名靠卖野生蘑菇挣学费的17岁学生，被一群城管群殴，其中一名城管用秤砣击打学生头部数下，导致大量出血在送往医院抢救的途中不治身亡，一个17岁少年梦想才刚刚起步，就这样断送在这群野狼的手中！——城管之恶，罄竹难书！城管不废，民不聊生！[怒]",
"mid":"A1WgKeSer",
"date":"2013-07-27 10:36:39"
},
{
"kids":[],
"uid":"821207888",
"parent":"A1WbmknKo",
"text":"[怒]",
"mid":"A1WeWwWLB",
"date":"2013-07-27 10:32:14"
},
{
"kids":[],
"uid":"1285467053",
"parent":"A1WbmknKo",
"text":"这样的城管和流氓黑社会组织何异？[怒]",
"mid":"A1WeFkTdC",
"date":"2013-07-27 10:31:32"
},
{
"kids":[],
"uid":"1760542824",
"parent":"",
"text":"中國永遠都不會強大的主要原因",
"mid":"A1We3g8rR",
"date":"2013-07-27 10:30:02"
},
{
"kids":[
"A1XtA1VaR",
"A1WVmn22q"
],
"uid":"2167968385",
"parent":"",
"text":"城管和无良歌妓拖累了中国梦的大屁股。",
"mid":"A1WdTebei",
"date":"2013-07-27 10:29:38"
},
{
"kids":[],
"uid":"2798429430",
"parent":"",
"text":"",
"mid":"A1Wc9Estq",
"date":"2013-07-27 10:25:21"
},
{
"kids":[],
"uid":"2551481902",
"parent":"A1WbmknKo",
"text":"",
"mid":"A1WbuxNtG",
"date":"2013-07-27 10:23:44"
},
{
"kids":[
"A1Yw94VGB",
"A1XTSeA0V",
"A1XtA1VaR",
"A1WVmn22q",
"A1WSCuPH3",
"A1WMwgcfN",
"A1WHSt4EE",
"A1WHtiEBm",
"A1Wso4Qgi",
"A1Wq03aYV",
"A1WoW9RfO",
"A1WoqdAgG",
"A1WlGmp7w",
"A1WgKeSer",
"A1WeWwWLB",
"A1WeFkTdC",
"A1WbuxNtG"
],
"uid":"hkstv",
"parent":"",
"text":"",
"mid":"A1WbmknKo",
"date":"2013-07-27 10:23:24"
},
{
"kids":[],
"uid":"1894061595",
"parent":"",
"text":"",
"mid":"A1W9Ois6K",
"date":"2013-07-27 10:19:35"
},
{
"kids":[],
"uid":"jiangzm1977",
"parent":"",
"text":"",
"mid":"A1W9k6lDk",
"date":"2013-07-27 10:18:23"
},
{
"kids":[],
"uid":"1937168514",
"parent":"A1VADfPRD",
"text":"又是城管，又是秤砣！！",
"mid":"A1W953y3f",
"date":"2013-07-27 10:17:47"
},
{
"kids":[],
"uid":"1578276763",
"parent":"",
"text":"暑假，本该是孩子们最快乐的时光！[蜡烛][蜡烛][蜡烛]",
"mid":"A1W8es2U2",
"date":"2013-07-27 10:15:41"
},
{
"kids":[],
"uid":"2405171101",
"parent":"A1W3LxqLe",
"text":"",
"mid":"A1W6Q8Rcj",
"date":"2013-07-27 10:12:16"
},
{
"kids":[],
"uid":"1709916895",
"parent":"",
"text":"为何屡禁不止，如此有恃无恐，是向法律挑战还是 向人民的忍耐极限挑战...........",
"mid":"A1W5Jidw0",
"date":"2013-07-27 10:09:32"
},
{
"kids":[],
"uid":"1896410222",
"parent":"A1VwIAH3h",
"text":"擦。。。。又是每当李某某有些进展，城管就跳出来了",
"mid":"A1W5rzvcO",
"date":"2013-07-27 10:08:49"
},
{
"kids":[
"A1W6Q8Rcj"
],
"uid":"1912387213",
"parent":"A1W22hL5p",
"text":"城管跟流氓有什么区别",
"mid":"A1W3LxqLe",
"date":"2013-07-27 10:04:41"
},
{
"kids":[],
"uid":"1914379074",
"parent":"",
"text":"城管大人，你们是阎罗王派来的吗？你们他妈的没爹娘没孩子吗？下手那么毒，屁眼那么黑，我看你龟儿也只敢欺负点手无缚鸡之力的老弱病残孕哦。关键是，是谁赋予了你们如此大的权利，想打就打，打死了也不赔命？",
"mid":"A1W2Z8S5y",
"date":"2013-07-27 10:02:46"
},
{
"kids":[],
"uid":"1730466901",
"parent":"",
"text":"不明真相...城管又逆天了么",
"mid":"A1W2NhdHC",
"date":"2013-07-27 10:02:17"
},
{
"kids":[
"A1W6Q8Rcj",
"A1W3LxqLe"
],
"uid":"1912344661",
"parent":"A1VIT4s3q",
"text":"[怒]",
"mid":"A1W22hL5p",
"date":"2013-07-27 10:00:25"
},
{
"kids":[],
"uid":"1914908444",
"parent":"",
"text":"必须转[怒]",
"mid":"A1W06kCzt",
"date":"2013-07-27 09:55:39"
},
{
"kids":[],
"uid":"mumartin",
"parent":"",
"text":"",
"mid":"A1VPDsqR9",
"date":"2013-07-27 09:29:53"
},
{
"kids":[],
"uid":"2377532492",
"parent":"",
"text":"",
"mid":"A1VPe2PuU",
"date":"2013-07-27 09:28:52"
},
{
"kids":[],
"uid":"2360158570",
"parent":"",
"text":"中国城管真牛逼啊！直接几级领导都应枪毙！没有他们平日里的纵容，怎么有一帮丧心病狂的畜生！",
"mid":"A1VOFciuc",
"date":"2013-07-27 09:27:28"
},
{
"kids":[],
"uid":"2145698313",
"parent":"",
"text":"",
"mid":"A1VNx7eq9",
"date":"2013-07-27 09:24:43"
},
{
"kids":[],
"uid":"2933981177",
"parent":"",
"text":"",
"mid":"A1VNowOeV",
"date":"2013-07-27 09:24:22"
},
{
"kids":[],
"uid":"1750440682",
"parent":"A1VHzcCAL",
"text":"城管要建立新中国吗",
"mid":"A1VL0vXmi",
"date":"2013-07-27 09:18:29"
},
{
"kids":[],
"uid":"1418396710",
"parent":"",
"text":"评同上条。",
"mid":"A1VJIqbaY",
"date":"2013-07-27 09:15:18"
},
{
"kids":[
"A1ZWibVAV",
"A1ZVtDscg",
"A1W6Q8Rcj",
"A1W3LxqLe",
"A1W22hL5p"
],
"uid":"2128938353",
"parent":"A1VwIAH3h",
"text":"天啊[怒]",
"mid":"A1VIT4s3q",
"date":"2013-07-27 09:13:14"
},
{
"kids":[],
"uid":"1311661803",
"parent":"",
"text":"",
"mid":"A1VIK8zBp",
"date":"2013-07-27 09:12:54"
},
{
"kids":[
"A1YZCmXr0",
"A1VL0vXmi"
],
"uid":"2970588003",
"parent":"",
"text":"",
"mid":"A1VHzcCAL",
"date":"2013-07-27 09:10:00"
},
{
"kids":[],
"uid":"1888379403",
"parent":"",
"text":"城管有好人吗?[弱]",
"mid":"A1VFAxWnq",
"date":"2013-07-27 09:05:07"
},
{
"kids":[
"A1Z9XASTF"
],
"uid":"3219804342",
"parent":"A1VeErINh",
"text":"怎么那么多恶行城管，是谁给你们的权利，[怒][怒][怒]狗娘养的",
"mid":"A1VE90qIv",
"date":"2013-07-27 09:01:34"
},
{
"kids":[
"A1W953y3f"
],
"uid":"1920576971",
"parent":"",
"text":"",
"mid":"A1VADfPRD",
"date":"2013-07-27 08:52:55"
},
{
"kids":[],
"uid":"superzhzh",
"parent":"A1VaQkRTb",
"text":"[怒]",
"mid":"A1VytnbsE",
"date":"2013-07-27 08:47:36"
},
{
"kids":[],
"uid":"1575094521",
"parent":"",
"text":"中国要城管这个部门吗？[怒][怒]",
"mid":"A1Vyeyq7l",
"date":"2013-07-27 08:47:01"
},
{
"kids":[],
"uid":"2326043547",
"parent":"",
"text":"又是城管？城管还有存在的必要吗！",
"mid":"A1VxMdoIr",
"date":"2013-07-27 08:45:53"
},
{
"kids":[],
"uid":"1995835343",
"parent":"",
"text":"",
"mid":"A1VxHcSSW",
"date":"2013-07-27 08:45:41"
},
{
"kids":[],
"uid":"2254491480",
"parent":"",
"text":"靠",
"mid":"A1Vx2rrom",
"date":"2013-07-27 08:44:04"
},
{
"kids":[
"A1ZWibVAV",
"A1ZVtDscg",
"A1XsCjHdS",
"A1W6Q8Rcj",
"A1W5rzvcO",
"A1W3LxqLe",
"A1W22hL5p",
"A1VIT4s3q"
],
"uid":"jnwalk",
"parent":"",
"text":"2013年7月，名副其实的城管月！！！！！！",
"mid":"A1VwIAH3h",
"date":"2013-07-27 08:43:17"
},
{
"kids":[],
"uid":"1706050652",
"parent":"",
"text":"血债血还",
"mid":"A1Vw2nOcW",
"date":"2013-07-27 08:41:35"
},
{
"kids":[],
"uid":"kelvin416",
"parent":"",
"text":"",
"mid":"A1VvHEPLR",
"date":"2013-07-27 08:40:47"
},
{
"kids":[],
"uid":"2390480445",
"parent":"",
"text":"城管都不开微博吗？城管要严格招人",
"mid":"A1Vu0emPe",
"date":"2013-07-27 08:36:35"
},
{
"kids":[],
"uid":"1926599585",
"parent":"",
"text":"万源市文明一点行吗？",
"mid":"A1VthyNHJ",
"date":"2013-07-27 08:34:49"
},
{
"kids":[],
"uid":"2792250247",
"parent":"",
"text":"真的会这样？@人民日报",
"mid":"A1VrogiZv",
"date":"2013-07-27 08:30:09"
},
{
"kids":[],
"uid":"msj211",
"parent":"",
"text":"赶快派一只城管秤砣支队去钓鱼岛吧！",
"mid":"A1VrkpIx1",
"date":"2013-07-27 08:30:00"
},
{
"kids":[],
"uid":"3246872345",
"parent":"",
"text":"求真假",
"mid":"A1VqQ10JK",
"date":"2013-07-27 08:28:46"
},
{
"kids":[],
"uid":"2885149853",
"parent":"",
"text":"转发微博。",
"mid":"A1VqxFmkm",
"date":"2013-07-27 08:28:03"
},
{
"kids":[],
"uid":"1408339113",
"parent":"",
"text":"又一个称砣城管",
"mid":"A1Vq4q3JB",
"date":"2013-07-27 08:26:54"
},
{
"kids":[],
"uid":"1897240034",
"parent":"",
"text":"城管是未来倒戈的主力。",
"mid":"A1VmimdpG",
"date":"2013-07-27 08:17:36"
},
{
"kids":[],
"uid":"AlanRen117",
"parent":"",
"text":"",
"mid":"A1VmhsYdY",
"date":"2013-07-27 08:17:33"
},
{
"kids":[],
"uid":"1045370503",
"parent":"",
"text":"小贩见城管就跑是有原因的，不跑没命啦",
"mid":"A1VjWqHwH",
"date":"2013-07-27 08:11:48"
},
{
"kids":[],
"uid":"2153965381",
"parent":"",
"text":"",
"mid":"A1VjE5QXA",
"date":"2013-07-27 08:11:04"
},
{
"kids":[],
"uid":"745689147",
"parent":"",
"text":"",
"mid":"A1Vjs0xK4",
"date":"2013-07-27 08:10:34"
},
{
"kids":[],
"uid":"homeant",
"parent":"",
"text":"",
"mid":"A1VgLCr6n",
"date":"2013-07-27 08:03:59"
},
{
"kids":[],
"uid":"2796637513",
"parent":"",
"text":"作恶没有得到惩戒后，所产生的示范效应。",
"mid":"A1VgDDEHJ",
"date":"2013-07-27 08:03:40"
},
{
"kids":[],
"uid":"2835581214",
"parent":"",
"text":"墙裂要求秤砣实名制[怒][怒]",
"mid":"A1Vgxs6OL",
"date":"2013-07-27 08:03:25"
},
{
"kids":[],
"uid":"1603831972",
"parent":"",
"text":"又是秤砣，真的？",
"mid":"A1VgsFgzL",
"date":"2013-07-27 08:03:13"
},
{
"kids":[],
"uid":"2128180364",
"parent":"",
"text":"中国如此黑暗！！",
"mid":"A1Vgj0qJU",
"date":"2013-07-27 08:02:49"
},
{
"kids":[],
"uid":"711510100",
"parent":"",
"text":"又系称砣[怒][怒][怒]",
"mid":"A1VfOwFAy",
"date":"2013-07-27 08:01:38"
},
{
"kids":[],
"uid":"1595690464",
"parent":"",
"text":"",
"mid":"A1VfC7i0o",
"date":"2013-07-27 08:01:08"
},
{
"kids":[],
"uid":"2179063967",
"parent":"",
"text":"",
"mid":"A1VfqkmNd",
"date":"2013-07-27 08:00:40"
},
{
"kids":[],
"uid":"cqswa",
"parent":"A1VaImWs3",
"text":"妈个批，这些杂碎，一定人肉出来，广大群众忍不住了",
"mid":"A1VfkFklj",
"date":"2013-07-27 08:00:27"
},
{
"kids":[],
"uid":"wangleicml520",
"parent":"",
"text":"@任志强 @人民日报 @陈里 tmd城管这几天怎么了？？？？？求关注！！！！！！",
"mid":"A1Vfc9dby",
"date":"2013-07-27 08:00:05"
},
{
"kids":[],
"uid":"2376986032",
"parent":"",
"text":"别传谣",
"mid":"A1VeTbPQX",
"date":"2013-07-27 07:59:21"
},
{
"kids":[
"A1Z9XASTF",
"A1VE90qIv"
],
"uid":"sunjiangpeng",
"parent":"A1Vau9BJa",
"text":"",
"mid":"A1VeErINh",
"date":"2013-07-27 07:58:47"
},
{
"kids":[],
"uid":"1933379987",
"parent":"",
"text":"太嚣张了、不作为的zf、要它何用",
"mid":"A1Vdu0UnP",
"date":"2013-07-27 07:55:53"
},
{
"kids":[],
"uid":"2170191947",
"parent":"",
"text":"真的假的？",
"mid":"A1VdmjJTQ",
"date":"2013-07-27 07:55:35"
},
{
"kids":[],
"uid":"2464110382",
"parent":"",
"text":"万恶之源！",
"mid":"A1Vcmihcq",
"date":"2013-07-27 07:53:06"
},
{
"kids":[],
"uid":"1862455977",
"parent":"",
"text":"",
"mid":"A1VbPelSo",
"date":"2013-07-27 07:51:48"
},
{
"kids":[],
"uid":"1815030967",
"parent":"",
"text":"",
"mid":"A1VbHu42U",
"date":"2013-07-27 07:51:30"
},
{
"kids":[],
"uid":"1153115984",
"parent":"A1VaQkRTb",
"text":"[怒]",
"mid":"A1Vbj1KNT",
"date":"2013-07-27 07:50:30"
},
{
"kids":[],
"uid":"1405205517",
"parent":"",
"text":"真的吗？",
"mid":"A1VbiphU4",
"date":"2013-07-27 07:50:30"
},
{
"kids":[],
"uid":"1006778095",
"parent":"A1V6qnZjy",
"text":"",
"mid":"A1Vbg3Bdw",
"date":"2013-07-27 07:50:23"
},
{
"kids":[
"A1WRvirJT",
"A1WKTuoph",
"A1VytnbsE",
"A1Vbj1KNT"
],
"uid":"2970588003",
"parent":"",
"text":"",
"mid":"A1VaQkRTb",
"date":"2013-07-27 07:49:23"
},
{
"kids":[
"A1XbacMg0",
"A1VfkFklj"
],
"uid":"luof",
"parent":"",
"text":"[怒]",
"mid":"A1VaImWs3",
"date":"2013-07-27 07:49:04"
},
{
"kids":[],
"uid":"2751980285",
"parent":"",
"text":"难道这是推翻@吴大劲 党的最后一根稻草？@泽轩不在 @Su-soooo @shufang_hu @别看不在",
"mid":"A1Vawg1cq",
"date":"2013-07-27 07:48:33"
},
{
"kids":[
"A1Z9XASTF",
"A1XtJ9Ioe",
"A1Ws9BOcP",
"A1VE90qIv",
"A1VeErINh"
],
"uid":"325258585",
"parent":"",
"text":"[怒][怒][怒]",
"mid":"A1Vau9BJa",
"date":"2013-07-27 07:48:29"
},
{
"kids":[],
"uid":"1672122562",
"parent":"",
"text":"真的假的？",
"mid":"A1V9ihDbk",
"date":"2013-07-27 07:45:34"
},
{
"kids":[],
"uid":"1010559483",
"parent":"",
"text":"少数城管如此猖狂丶多事，如此破坏丶践踏党和政府的形象，如此离间丶分裂党群关系，难道得到了境外势力的操控?非下大力气整治不可了!",
"mid":"A1V95i5Qg",
"date":"2013-07-27 07:45:03"
},
{
"kids":[],
"uid":"1742845960",
"parent":"",
"text":"",
"mid":"A1V8fAXeJ",
"date":"2013-07-27 07:43:00"
},
{
"kids":[],
"uid":"2199652702",
"parent":"",
"text":"",
"mid":"A1V7RDSQC",
"date":"2013-07-27 07:42:03"
},
{
"kids":[],
"uid":"620677897",
"parent":"",
"text":"继续就可能会物极必反",
"mid":"A1V7Ne6Rw",
"date":"2013-07-27 07:41:52"
},
{
"kids":[],
"uid":"208087480",
"parent":"",
"text":"又是秤砣？！",
"mid":"A1V6wkHIZ",
"date":"2013-07-27 07:38:44"
},
{
"kids":[
"A1Vbg3Bdw"
],
"uid":"1595690464",
"parent":"",
"text":"北京城管刚打人，又来一个",
"mid":"A1V6qnZjy",
"date":"2013-07-27 07:38:30"
},
{
"kids":[],
"uid":"okayok",
"parent":"",
"text":"城管现在是有恃无恐呀",
"mid":"A1V6oCJtg",
"date":"2013-07-27 07:38:26"
},
{
"kids":[],
"uid":"1017044710",
"parent":"",
"text":"",
"mid":"A1V5Eh2JM",
"date":"2013-07-27 07:36:34"
},
{
"kids":[],
"uid":"2660554213",
"parent":"",
"text":"",
"mid":"A1V4f6sR5",
"date":"2013-07-27 07:33:07"
},
{
"kids":[],
"uid":"2511490502",
"parent":"",
"text":"我去，最近是怎么了。",
"mid":"A1V3YfJ2i",
"date":"2013-07-27 07:32:27"
},
{
"kids":[],
"uid":"1843529957",
"parent":"",
"text":"[伤心][蜡烛]",
"mid":"A1V3CDERw",
"date":"2013-07-27 07:31:36"
}
]