[
{
"kids":[],
"uid":"2549105263",
"parent":"",
"text":"好搞笑啊 配图~[嘻嘻]",
"mid":"zsgofu2Hp",
"date":"2013-04-15 14:53:42"
},
{
"kids":[],
"uid":"1817219742",
"parent":"zoDcjpq3H",
"text":"操，还是玩微信吧，",
"mid":"zqLRwvRYb",
"date":"2013-04-05 19:20:22"
},
{
"kids":[],
"uid":"3237354364",
"parent":"",
"text":"虽然不实，也确实能反映些问题啊[哈哈][哈哈]",
"mid":"zpyzz1lsE",
"date":"2013-03-28 19:40:06"
},
{
"kids":[],
"uid":"2804740560",
"parent":"zoPlDrxFk",
"text":"",
"mid":"zp8U5rfZh",
"date":"2013-03-26 02:19:15"
},
{
"kids":[],
"uid":"2804922424",
"parent":"zoPlDrxFk",
"text":"",
"mid":"zp8U5rfXF",
"date":"2013-03-26 02:19:15"
},
{
"kids":[],
"uid":"80900618",
"parent":"",
"text":"是撒~",
"mid":"zp7XUp5z8",
"date":"2013-03-25 23:55:54"
},
{
"kids":[],
"uid":"1583905892",
"parent":"zoCwtxldQ",
"text":"",
"mid":"zoXmlBYZ6",
"date":"2013-03-24 20:55:55"
},
{
"kids":[],
"uid":"2919465992",
"parent":"zoCwtxldQ",
"text":"",
"mid":"zoXmlB9fU",
"date":"2013-03-24 20:55:53"
},
{
"kids":[],
"uid":"2798906003",
"parent":"",
"text":"[左哼哼][左哼哼]",
"mid":"zoU3NoK7C",
"date":"2013-03-24 12:31:59"
},
{
"kids":[],
"uid":"geyuhong5188",
"parent":"",
"text":"[偷笑]原来大家的心声都是一样的",
"mid":"zoTwHvZZS",
"date":"2013-03-24 11:10:27"
},
{
"kids":[],
"uid":"1858166042",
"parent":"",
"text":"#最近访客#哈哈。",
"mid":"zoT1WoVcM",
"date":"2013-03-24 09:54:39"
},
{
"kids":[],
"uid":"523845622",
"parent":"",
"text":"",
"mid":"zoSo4kjZW",
"date":"2013-03-24 08:16:25"
},
{
"kids":[],
"uid":"277288120",
"parent":"zoBtGkZJA",
"text":"真滴？",
"mid":"zoSeDx2rZ",
"date":"2013-03-24 07:53:10"
},
{
"kids":[
"zp8U5rfZh",
"zp8U5rfXF"
],
"uid":"2823552325",
"parent":"",
"text":"",
"mid":"zoPlDrxFk",
"date":"2013-03-24 00:32:11"
},
{
"kids":[],
"uid":"yxzcm",
"parent":"",
"text":"[偷笑][偷笑][偷笑][偷笑]",
"mid":"zoPltntSq",
"date":"2013-03-24 00:31:48"
},
{
"kids":[],
"uid":"3243117975",
"parent":"",
"text":"",
"mid":"zoOxnuSSr",
"date":"2013-03-23 22:28:22"
},
{
"kids":[],
"uid":"1837713013",
"parent":"",
"text":"",
"mid":"zoOmpwhfq",
"date":"2013-03-23 22:01:21"
},
{
"kids":[],
"uid":"2128902611",
"parent":"",
"text":"笑了。哈哈哈哈哈。",
"mid":"zoOlPu8JV",
"date":"2013-03-23 21:59:54"
},
{
"kids":[],
"uid":"kangxingxin",
"parent":"",
"text":"开通就不好耍了！",
"mid":"zoMNVinhd",
"date":"2013-03-23 18:03:39"
},
{
"kids":[],
"uid":"3160451620",
"parent":"",
"text":"[嘻嘻] 好吧 浪儿 又给了我一个直接离开的理由",
"mid":"zoMvs0Dng",
"date":"2013-03-23 17:18:07"
},
{
"kids":[],
"uid":"sunflowerqmt",
"parent":"",
"text":"哈哈哈哈哈[偷笑]",
"mid":"zoMrpq8xF",
"date":"2013-03-23 17:08:10"
},
{
"kids":[],
"uid":"1878604512",
"parent":"",
"text":"好复杂      http:",
"mid":"zoMoKyqS5",
"date":"2013-03-23 17:01:37"
},
{
"kids":[],
"uid":"2823675823",
"parent":"zoJ3Ud7Gm",
"text":"这是否以为着让我开小号[思考][思考][思考]",
"mid":"zoMnsrEPB",
"date":"2013-03-23 16:58:25"
},
{
"kids":[],
"uid":"2920514114",
"parent":"zoDv7p20n",
"text":"",
"mid":"zoLDTx9gl",
"date":"2013-03-23 15:06:09"
},
{
"kids":[],
"uid":"2804792394",
"parent":"zoDv7p20n",
"text":"",
"mid":"zoLDTw2mt",
"date":"2013-03-23 15:06:10"
},
{
"kids":[],
"uid":"1982sprite",
"parent":"",
"text":"",
"mid":"zoLzkrUjj",
"date":"2013-03-23 14:54:56"
},
{
"kids":[],
"uid":"xinyutian520520",
"parent":"",
"text":"童言无忌啊",
"mid":"zoLfCjHH8",
"date":"2013-03-23 14:06:22"
},
{
"kids":[],
"uid":"2792525015",
"parent":"",
"text":"可不是咋滴，忒讨厌",
"mid":"zoKRkbvTH",
"date":"2013-03-23 13:06:30"
},
{
"kids":[],
"uid":"2789650230",
"parent":"",
"text":"",
"mid":"zoKIsyC77",
"date":"2013-03-23 12:44:41"
},
{
"kids":[],
"uid":"1440669743",
"parent":"",
"text":"",
"mid":"zoKIsyC49",
"date":"2013-03-23 12:44:40"
},
{
"kids":[],
"uid":"1576309344",
"parent":"zoG8WBoQG",
"text":"我也不喜欢访客功能，求别开@微博小秘书",
"mid":"zoKuvDdHh",
"date":"2013-03-23 12:10:18"
},
{
"kids":[],
"uid":"2551445167",
"parent":"",
"text":"",
"mid":"zoK1x51Sg",
"date":"2013-03-23 10:58:54"
},
{
"kids":[],
"uid":"1751831693",
"parent":"",
"text":"雅咩蝶",
"mid":"zoJVviGBb",
"date":"2013-03-23 10:44:04"
},
{
"kids":[],
"uid":"2256448161",
"parent":"",
"text":"哈哈",
"mid":"zoJB9eRYP",
"date":"2013-03-23 09:53:54"
},
{
"kids":[],
"uid":"2475189394",
"parent":"",
"text":"[抓狂]",
"mid":"zoJlAbDdN",
"date":"2013-03-23 09:15:34"
},
{
"kids":[],
"uid":"515434593",
"parent":"",
"text":"我还能吐槽什么。。有些人给我小心点吧~~",
"mid":"zoJdSleLu",
"date":"2013-03-23 08:56:34"
},
{
"kids":[],
"uid":"111890421",
"parent":"zoCnSaFYI",
"text":"哈哈哈。原来大家都是偷窥狂啊哈哈哈、",
"mid":"zoJc6oUfY",
"date":"2013-03-23 08:52:13"
},
{
"kids":[
"zoMnsrEPB"
],
"uid":"2310018703",
"parent":"",
"text":"弄了就销号！！！",
"mid":"zoJ3Ud7Gm",
"date":"2013-03-23 08:32:00"
},
{
"kids":[],
"uid":"2310018703",
"parent":"zoGctkSIR",
"text":"不可以！！逼着我们开小号",
"mid":"zoJ1zoAnd",
"date":"2013-03-23 08:26:16"
},
{
"kids":[],
"uid":"1800869687",
"parent":"",
"text":"[吃惊]个么就不玩了",
"mid":"zoIXX5D8I",
"date":"2013-03-23 08:17:21"
},
{
"kids":[],
"uid":"1939487281",
"parent":"",
"text":"这个乱啊",
"mid":"zoIQf22ZP",
"date":"2013-03-23 07:58:21"
},
{
"kids":[],
"uid":"2462033240",
"parent":"",
"text":"不耍了",
"mid":"zoIAA2hJK",
"date":"2013-03-23 07:19:47"
},
{
"kids":[],
"uid":"2108110155",
"parent":"",
"text":"",
"mid":"zoHRSAQsK",
"date":"2013-03-23 05:29:39"
},
{
"kids":[
"zoJ1zoAnd"
],
"uid":"1924223067",
"parent":"",
"text":"开了怎么猥琐的偷看别人微博啊啊啊啊啊啊啊",
"mid":"zoGctkSIR",
"date":"2013-03-23 01:14:53"
},
{
"kids":[
"zoKuvDdHh"
],
"uid":"1276488591",
"parent":"",
"text":"别开= =",
"mid":"zoG8WBoQG",
"date":"2013-03-23 01:06:12"
},
{
"kids":[],
"uid":"2284803742",
"parent":"",
"text":"[汗][汗]",
"mid":"zoG6GhUNu",
"date":"2013-03-23 01:00:37"
},
{
"kids":[],
"uid":"1738869152",
"parent":"zoFBm1y4x",
"text":"",
"mid":"zoFYswIRS",
"date":"2013-03-23 00:40:22"
},
{
"kids":[],
"uid":"3169530907",
"parent":"",
"text":"[汗][汗]",
"mid":"zoFKJyqWE",
"date":"2013-03-23 00:06:33"
},
{
"kids":[],
"uid":"2266702432",
"parent":"",
"text":"我不同意[抓狂][抓狂][抓狂]",
"mid":"zoFBJFxnT",
"date":"2013-03-22 23:44:21"
},
{
"kids":[
"zoFYswIRS"
],
"uid":"1837401992",
"parent":"zoFrlsflS",
"text":"尼玛最近访客开啥阿  开了我也不玩了",
"mid":"zoFBm1y4x",
"date":"2013-03-22 23:43:26"
},
{
"kids":[],
"uid":"1840983450",
"parent":"",
"text":"[挖鼻屎]",
"mid":"zoFyju1LF",
"date":"2013-03-22 23:35:53"
},
{
"kids":[],
"uid":"1592478851",
"parent":"zoDr3Co8R",
"text":"怎么这样……",
"mid":"zoFvO3Fay",
"date":"2013-03-22 23:29:42"
},
{
"kids":[],
"uid":"2157419291",
"parent":"zoFpHdmxR",
"text":"这关系好乱[挖鼻屎]",
"mid":"zoFszqlAN",
"date":"2013-03-22 23:21:49"
},
{
"kids":[],
"uid":"3155806864",
"parent":"",
"text":"哈哈",
"mid":"zoFrBrwoC",
"date":"2013-03-22 23:19:25"
},
{
"kids":[
"zoFBm1y4x"
],
"uid":"2073853877",
"parent":"zoFnH7pbk",
"text":"=-=魂淡不要叫我！o(￣ヘ￣o#)",
"mid":"zoFrlsflS",
"date":"2013-03-22 23:18:44"
},
{
"kids":[],
"uid":"2940659741",
"parent":"zoFpHdmxR",
"text":"不要啊！！！",
"mid":"zoFquyjCR",
"date":"2013-03-22 23:16:38"
},
{
"kids":[
"zoFszqlAN",
"zoFquyjCR"
],
"uid":"2010156163",
"parent":"zoFnH7pbk",
"text":"昂",
"mid":"zoFpHdmxR",
"date":"2013-03-22 23:14:43"
},
{
"kids":[],
"uid":"2214480825",
"parent":"zoFebDmlw",
"text":"是这个理儿，不要开通啊",
"mid":"zoFo7qovF",
"date":"2013-03-22 23:10:49"
},
{
"kids":[
"zoFrlsflS",
"zoFpHdmxR"
],
"uid":"1982628944",
"parent":"",
"text":"妹啊浪浪你真的要开#最近访客#了吗？？！！[生病]",
"mid":"zoFnH7pbk",
"date":"2013-03-22 23:09:47"
},
{
"kids":[],
"uid":"2660559360",
"parent":"",
"text":"卡及嘛！！那都不好随便翻看微博啦……卡及嘛…卡及嘛…卡及嘛！！！",
"mid":"zoFm45Ilx",
"date":"2013-03-22 23:05:46"
},
{
"kids":[],
"uid":"berryshe",
"parent":"",
"text":"有意思！",
"mid":"zoFluiSUs",
"date":"2013-03-22 23:04:21"
},
{
"kids":[],
"uid":"1685294727",
"parent":"",
"text":"哈哈哈，笑死了！",
"mid":"zoFlrEbqY",
"date":"2013-03-22 23:04:12"
},
{
"kids":[],
"uid":"2271609357",
"parent":"",
"text":"",
"mid":"zoFja79fG",
"date":"2013-03-22 22:58:37"
},
{
"kids":[],
"uid":"majiajia1113",
"parent":"",
"text":"对啊，对啊，此功能一开我就与新浪微博“绝缘”。哼哼哈嘿~",
"mid":"zoFiA53mT",
"date":"2013-03-22 22:57:11"
},
{
"kids":[],
"uid":"516227894",
"parent":"",
"text":"哈哈，要封杀好多人吗",
"mid":"zoFicayFJ",
"date":"2013-03-22 22:56:13"
},
{
"kids":[],
"uid":"2581706211",
"parent":"",
"text":"要是这样的话那跟人人网有什么区别。不能有偷窥的那种感觉了",
"mid":"zoFfm26JW",
"date":"2013-03-22 22:49:14"
},
{
"kids":[
"zoFo7qovF"
],
"uid":"2192603847",
"parent":"",
"text":"[围观]",
"mid":"zoFebDmlw",
"date":"2013-03-22 22:46:23"
},
{
"kids":[],
"uid":"1750872011",
"parent":"",
"text":"不要！！有没有隐私了还！那我就不玩儿微博了",
"mid":"zoFck64ZK",
"date":"2013-03-22 22:41:42"
},
{
"kids":[],
"uid":"1965382037",
"parent":"",
"text":"不要开啊、现在这样没事还可以到处逛哈别人微博[衰][衰]",
"mid":"zoF9qr01B",
"date":"2013-03-22 22:34:36"
},
{
"kids":[],
"uid":"2660877553",
"parent":"",
"text":"抗议！！！@微博小秘书",
"mid":"zoF5Wrfmw",
"date":"2013-03-22 22:26:03"
},
{
"kids":[],
"uid":"lhlh196",
"parent":"",
"text":"那不暴露了？",
"mid":"zoF5h4K2X",
"date":"2013-03-22 22:24:22"
},
{
"kids":[],
"uid":"2787116797",
"parent":"",
"text":"画的好棒啊",
"mid":"zoF0WtsDp",
"date":"2013-03-22 22:13:42"
},
{
"kids":[],
"uid":"1857919842",
"parent":"",
"text":"@wendy良辰 @onionzh 对于八卦事业简直就是致命的打击啊！！！[抓狂][抓狂][抓狂]",
"mid":"zoEJTc0qP",
"date":"2013-03-22 21:31:42"
},
{
"kids":[],
"uid":"mengjin416",
"parent":"",
"text":"有点意思....",
"mid":"zoEE7EdZE",
"date":"2013-03-22 21:17:29"
},
{
"kids":[],
"uid":"07117love12227",
"parent":"",
"text":"是啊是啊，不要来功能",
"mid":"zoEBEh6ZC",
"date":"2013-03-22 21:11:26"
},
{
"kids":[],
"uid":"2218957821",
"parent":"",
"text":"[哈哈][哈哈]",
"mid":"zoEBqnHMz",
"date":"2013-03-22 21:10:49"
},
{
"kids":[],
"uid":"2791436783",
"parent":"",
"text":"什么时候开始啊？我表示很不乐意[右哼哼]",
"mid":"zoEyhEGwU",
"date":"2013-03-22 21:03:07"
},
{
"kids":[],
"uid":"1697975787",
"parent":"",
"text":"不准开，心许啊～",
"mid":"zoExEnvvA",
"date":"2013-03-22 21:01:35"
},
{
"kids":[],
"uid":"1721903125",
"parent":"",
"text":"好牛逼的一句话。",
"mid":"zoExkzkLn",
"date":"2013-03-22 21:00:47"
},
{
"kids":[],
"uid":"ZhaDanNi",
"parent":"",
"text":"哈哈哈",
"mid":"zoEvzwdLx",
"date":"2013-03-22 20:56:28"
},
{
"kids":[],
"uid":"2475106317",
"parent":"",
"text":"是哪个脑壳有粑粑的人提议的。。。",
"mid":"zoEvxs8ll",
"date":"2013-03-22 20:56:19"
},
{
"kids":[],
"uid":"2723812535",
"parent":"",
"text":"小浪浪，你妹儿~",
"mid":"zoEvt2mua",
"date":"2013-03-22 20:56:11"
},
{
"kids":[],
"uid":"aiwangsheng",
"parent":"",
"text":"哈哈笑尿",
"mid":"zoEuRdtqi",
"date":"2013-03-22 20:54:41"
},
{
"kids":[],
"uid":"1584113661",
"parent":"",
"text":"",
"mid":"zoEuwesRJ",
"date":"2013-03-22 20:53:51"
},
{
"kids":[],
"uid":"1273062631",
"parent":"",
"text":"[嘻嘻]",
"mid":"zoEtGu67S",
"date":"2013-03-22 20:51:48"
},
{
"kids":[],
"uid":"1727581500",
"parent":"",
"text":"抗议，这个不需要。",
"mid":"zoEtyvm1U",
"date":"2013-03-22 20:51:29"
},
{
"kids":[],
"uid":"1198194013",
"parent":"",
"text":"",
"mid":"zoEsB7Cjx",
"date":"2013-03-22 20:49:06"
},
{
"kids":[],
"uid":"1073683991",
"parent":"",
"text":"",
"mid":"zoEpvCRME",
"date":"2013-03-22 20:41:31"
},
{
"kids":[],
"uid":"1850786022",
"parent":"",
"text":"[哈哈]",
"mid":"zoEn4ENdj",
"date":"2013-03-22 20:35:31"
},
{
"kids":[],
"uid":"252989368qq",
"parent":"",
"text":"[哈哈]",
"mid":"zoEkkueAK",
"date":"2013-03-22 20:28:45"
},
{
"kids":[],
"uid":"1823561492",
"parent":"",
"text":"",
"mid":"zoEh8aYXb",
"date":"2013-03-22 20:20:52"
},
{
"kids":[],
"uid":"2608618782",
"parent":"",
"text":"坚决反对嘛",
"mid":"zoE8nFoaE",
"date":"2013-03-22 19:59:16"
},
{
"kids":[],
"uid":"2693322843",
"parent":"",
"text":"开你妹呀！",
"mid":"zoE723tkF",
"date":"2013-03-22 19:55:57"
},
{
"kids":[],
"uid":"311917666",
"parent":"",
"text":"不要吧",
"mid":"zoDXlB0HT",
"date":"2013-03-22 19:32:06"
},
{
"kids":[],
"uid":"wanglb09",
"parent":"",
"text":"",
"mid":"zoDWsmz1j",
"date":"2013-03-22 19:29:54"
},
{
"kids":[],
"uid":"2007297777",
"parent":"",
"text":"哈哈，前前前。。",
"mid":"zoDWkFaBa",
"date":"2013-03-22 19:29:36"
},
{
"kids":[],
"uid":"2936324115",
"parent":"zoDUxvO0Q",
"text":"回复@王Season:赔偿毛毛……晟哥给你一角……要不，闷骚女……",
"mid":"zoDVX1WUL",
"date":"2013-03-22 19:28:41"
},
{
"kids":[],
"uid":"2215639267",
"parent":"",
"text":"新浪无节操！",
"mid":"zoDUSwZat",
"date":"2013-03-22 19:26:03"
},
{
"kids":[
"zoDVX1WUL"
],
"uid":"2936324115",
"parent":"",
"text":"看来你很闷骚啊～哈哈",
"mid":"zoDUxvO0Q",
"date":"2013-03-22 19:25:12"
},
{
"kids":[],
"uid":"2835087371",
"parent":"",
"text":"[哈哈]",
"mid":"zoDTFvyYQ",
"date":"2013-03-22 19:23:04"
},
{
"kids":[],
"uid":"3102239901",
"parent":"",
"text":"确实有道理啊[偷笑][偷笑][偷笑]",
"mid":"zoDRwfJiC",
"date":"2013-03-22 19:17:46"
},
{
"kids":[],
"uid":"2035093181",
"parent":"",
"text":"如果开通了，这个qq空间有什么区别呀",
"mid":"zoDPC36yn",
"date":"2013-03-22 19:13:02"
},
{
"kids":[],
"uid":"2164175647",
"parent":"",
"text":"弄得和QQ空间一样 烦不烦啊！新浪！！！！",
"mid":"zoDNn8Dzs",
"date":"2013-03-22 19:07:34"
},
{
"kids":[],
"uid":"cgxblq",
"parent":"zoCMalrq1",
"text":"",
"mid":"zoDLhFRgv",
"date":"2013-03-22 19:02:25"
},
{
"kids":[],
"uid":"1010473401",
"parent":"",
"text":"不要开通最近访客，不要。。",
"mid":"zoDJ432sN",
"date":"2013-03-22 18:56:56"
},
{
"kids":[],
"uid":"1601458167",
"parent":"",
"text":"就是就是[哈哈]",
"mid":"zoDIke8Jj",
"date":"2013-03-22 18:55:06"
},
{
"kids":[],
"uid":"2450211410",
"parent":"",
"text":"这句话说出了多少人的心声！",
"mid":"zoDHhwh8g",
"date":"2013-03-22 18:52:32"
},
{
"kids":[],
"uid":"2800572635",
"parent":"",
"text":"有意思[爱你]",
"mid":"zoDHdo5NT",
"date":"2013-03-22 18:52:23"
},
{
"kids":[
"zoLDTx9gl",
"zoLDTw2mt"
],
"uid":"2193384974",
"parent":"",
"text":"嗯嗯",
"mid":"zoDv7p20n",
"date":"2013-03-22 18:22:35"
},
{
"kids":[],
"uid":"2332084734",
"parent":"",
"text":"浪。。。做人不能这么不地道。坚决不能开启这项功能。",
"mid":"zoDuzoBS9",
"date":"2013-03-22 18:21:15"
},
{
"kids":[],
"uid":"1249928490",
"parent":"",
"text":"",
"mid":"zoDuqhVWL",
"date":"2013-03-22 18:20:50"
},
{
"kids":[],
"uid":"2704156732",
"parent":"",
"text":"[哈哈][哈哈]，越来越向腾讯靠齐了，从腾讯跳出来的孩纸们要伤心了。。。伤不起了。。。[偷笑]",
"mid":"zoDu21cEI",
"date":"2013-03-22 18:19:55"
},
{
"kids":[],
"uid":"ritaying1006",
"parent":"zoDqvoIL1",
"text":"据说而已，仲未落实[偷笑]",
"mid":"zoDtpC7fW",
"date":"2013-03-22 18:18:23"
},
{
"kids":[
"zoFvO3Fay"
],
"uid":"1792702563",
"parent":"",
"text":"[哼]",
"mid":"zoDr3Co8R",
"date":"2013-03-22 18:12:34"
},
{
"kids":[],
"uid":"liprincess",
"parent":"",
"text":"你妹！[哈哈]",
"mid":"zoDqN72h0",
"date":"2013-03-22 18:11:54"
},
{
"kids":[
"zoDtpC7fW"
],
"uid":"2585145880",
"parent":"",
"text":"浪浪，你咋跟腾讯一个熊样[可怜][可怜]@小丑丑角-叶淑娟 @杜黎黎静 @豹哥张秋婵 @嘘嘘_Rita_ @抽搐的波师奶",
"mid":"zoDqvoIL1",
"date":"2013-03-22 18:11:12"
},
{
"kids":[],
"uid":"3074807183",
"parent":"",
"text":"",
"mid":"zoDo4EPtP",
"date":"2013-03-22 18:05:14"
},
{
"kids":[],
"uid":"2537244864",
"parent":"",
"text":"[哈哈][哈哈]",
"mid":"zoDlqlqjJ",
"date":"2013-03-22 17:58:40"
},
{
"kids":[],
"uid":"2318416767",
"parent":"",
"text":"尼玛",
"mid":"zoDkQlKne",
"date":"2013-03-22 17:57:16"
},
{
"kids":[],
"uid":"1954134761",
"parent":"",
"text":"",
"mid":"zoDkrdVRV",
"date":"2013-03-22 17:56:16"
},
{
"kids":[],
"uid":"2795656844",
"parent":"",
"text":"嚓！反对！",
"mid":"zoDkkq0PW",
"date":"2013-03-22 17:56:00"
},
{
"kids":[],
"uid":"dreamingqiuqiu",
"parent":"zoCWF1lvy",
"text":"那就没人玩微博啦~",
"mid":"zoDj1qvso",
"date":"2013-03-22 17:52:44"
},
{
"kids":[],
"uid":"1859394942",
"parent":"",
"text":"@新浪微博   不要开这个功能！！！！你妹的！！！不要开！！！！",
"mid":"zoDhUB4Fi",
"date":"2013-03-22 17:50:00"
},
{
"kids":[],
"uid":"1848097833",
"parent":"",
"text":"一个不小心，有名人偷偷访问你的微博呢？",
"mid":"zoDhNbLnC",
"date":"2013-03-22 17:49:45"
},
{
"kids":[],
"uid":"1741030005",
"parent":"",
"text":"@劉哓_布布 了无生趣了吧。。。",
"mid":"zoDgtDihh",
"date":"2013-03-22 17:46:31"
},
{
"kids":[],
"uid":"aaaakiss",
"parent":"",
"text":"[得意地笑]王大治都能追到董洁了，嫦娥迟早是我的！",
"mid":"zoDdaiE50",
"date":"2013-03-22 17:38:20"
},
{
"kids":[
"zqLRwvRYb"
],
"uid":"2583113930",
"parent":"",
"text":"强烈抗议！[哈哈]",
"mid":"zoDcjpq3H",
"date":"2013-03-22 17:36:15"
},
{
"kids":[],
"uid":"yetfaye",
"parent":"",
"text":"",
"mid":"zoD9euZ8u",
"date":"2013-03-22 17:28:40"
},
{
"kids":[],
"uid":"bugzi",
"parent":"",
"text":"没这么夸张吧??",
"mid":"zoD6RmAKO",
"date":"2013-03-22 17:22:48"
},
{
"kids":[],
"uid":"1561544083",
"parent":"zoCFu521I",
"text":"好像顺口溜啊[汗][汗][汗]",
"mid":"zoD5lo5Np",
"date":"2013-03-22 17:19:05"
},
{
"kids":[],
"uid":"1812444420",
"parent":"",
"text":"[嘻嘻][嘻嘻][嘻嘻]",
"mid":"zoD43CqSP",
"date":"2013-03-22 17:15:55"
},
{
"kids":[],
"uid":"nanapc",
"parent":"",
"text":"@圆润么么哒 哈哈哈哈哈哈 腹黑女 我以后也不能常去光临他的了",
"mid":"zoD3F6VG0",
"date":"2013-03-22 17:14:55"
},
{
"kids":[],
"uid":"1927593285",
"parent":"zoCWF1lvy",
"text":"额",
"mid":"zoD09iH7H",
"date":"2013-03-22 17:06:17"
},
{
"kids":[],
"uid":"2275363470",
"parent":"",
"text":"[晕][晕][晕][晕][晕]",
"mid":"zoCZqDxCO",
"date":"2013-03-22 17:04:29"
},
{
"kids":[],
"uid":"3202669071",
"parent":"",
"text":"同感、不要整得和空间样了、还什么最近访客",
"mid":"zoCZ3D40V",
"date":"2013-03-22 17:03:35"
},
{
"kids":[],
"uid":"2242114455",
"parent":"",
"text":"[汗]",
"mid":"zoCYCbeva",
"date":"2013-03-22 17:02:30"
},
{
"kids":[],
"uid":"2498117091",
"parent":"",
"text":"[哈哈][哈哈][哈哈]",
"mid":"zoCXN1M1j",
"date":"2013-03-22 17:00:25"
},
{
"kids":[],
"uid":"1902762015",
"parent":"zoCUD63Fm",
"text":"靠，如此无耻。。",
"mid":"zoCXJruBH",
"date":"2013-03-22 17:00:18"
},
{
"kids":[],
"uid":"2608356931",
"parent":"",
"text":"还是算了吧……",
"mid":"zoCXAk4kK",
"date":"2013-03-22 16:59:59"
},
{
"kids":[
"zoDj1qvso",
"zoD09iH7H"
],
"uid":"2576710775",
"parent":"",
"text":"突然想起我小学喜欢的男生在知道我喜欢过他后就把我加黑名单了[衰]这是什么心理[泪]",
"mid":"zoCWF1lvy",
"date":"2013-03-22 16:57:41"
},
{
"kids":[],
"uid":"2136036770",
"parent":"",
"text":"@我是谁是谁不是谁的谁 @加点糖佳点醋 @balaho @白色是最彻底的-淡雅 @你要坚信这是一个无比婉约的网名",
"mid":"zoCWc3C4o",
"date":"2013-03-22 16:56:31"
},
{
"kids":[
"zoCXJruBH"
],
"uid":"elfleekae",
"parent":"",
"text":"",
"mid":"zoCUD63Fm",
"date":"2013-03-22 16:52:40"
},
{
"kids":[],
"uid":"1624279671",
"parent":"zoBZIjoW1",
"text":"跪求不要这样[泪]",
"mid":"zoCTGFb3J",
"date":"2013-03-22 16:50:21"
},
{
"kids":[],
"uid":"2105770291",
"parent":"",
"text":"说的太犀利了。。。",
"mid":"zoCSm9LSY",
"date":"2013-03-22 16:47:04"
},
{
"kids":[],
"uid":"sslhx",
"parent":"",
"text":"@尼小co 什么不好学...非学腾讯搞最近访客...",
"mid":"zoCPkuqsi",
"date":"2013-03-22 16:39:38"
},
{
"kids":[],
"uid":"3015072865",
"parent":"",
"text":"最后一片净土[晕]",
"mid":"zoCNyk8Dc",
"date":"2013-03-22 16:35:16"
},
{
"kids":[
"zoDLhFRgv"
],
"uid":"szbjtong",
"parent":"",
"text":"@韩小妞大人",
"mid":"zoCMalrq1",
"date":"2013-03-22 16:31:50"
},
{
"kids":[],
"uid":"baiyueping",
"parent":"",
"text":"抗议，反对，不允许[怒]",
"mid":"zoCKrnEtz",
"date":"2013-03-22 16:27:35"
},
{
"kids":[],
"uid":"2660549097",
"parent":"",
"text":"",
"mid":"zoCJ9zMse",
"date":"2013-03-22 16:24:25"
},
{
"kids":[],
"uid":"1927399740",
"parent":"",
"text":"有意思哈。。[哈哈]",
"mid":"zoCIYk67M",
"date":"2013-03-22 16:23:57"
},
{
"kids":[],
"uid":"2197928902",
"parent":"",
"text":"@爱小草莓_lynn @一粒贝壳沙 @夏夕凉 @87改造人 @啾啾啾_玧喏兒 @索儿索儿索儿 @我要成为你最疼爱的人_没有之一 @幽幽良民 就是，让我怎么看嘛！",
"mid":"zoCIdCn53",
"date":"2013-03-22 16:22:08"
},
{
"kids":[],
"uid":"hj0723",
"parent":"",
"text":"[哈哈]",
"mid":"zoCGmoKb2",
"date":"2013-03-22 16:17:31"
},
{
"kids":[
"zoD5lo5Np"
],
"uid":"1574112494",
"parent":"",
"text":"[哈哈][哈哈]",
"mid":"zoCFu521I",
"date":"2013-03-22 16:15:22"
},
{
"kids":[],
"uid":"1881974243",
"parent":"",
"text":"我也抗议！！！什么嘛！！乱改！！",
"mid":"zoCEitmtG",
"date":"2013-03-22 16:12:25"
},
{
"kids":[],
"uid":"just1kiss",
"parent":"",
"text":"大家用微薄的真相啊...",
"mid":"zoCDkveUe",
"date":"2013-03-22 16:10:04"
},
{
"kids":[],
"uid":"xiaoxiao07",
"parent":"",
"text":"删除访问记录跟上",
"mid":"zoCD3Et2s",
"date":"2013-03-22 16:09:24"
},
{
"kids":[],
"uid":"3233428464",
"parent":"",
"text":"",
"mid":"zoCCWe2Ib",
"date":"2013-03-22 16:09:04"
},
{
"kids":[],
"uid":"3233428464",
"parent":"",
"text":"",
"mid":"zoCCwwydZ",
"date":"2013-03-22 16:08:04"
},
{
"kids":[],
"uid":"1683132122",
"parent":"",
"text":"怕不是[抓狂]",
"mid":"zoCB8wTXm",
"date":"2013-03-22 16:04:39"
},
{
"kids":[],
"uid":"1918117074",
"parent":"",
"text":"谁来告诉我这不是真的",
"mid":"zoCy4elTU",
"date":"2013-03-22 15:57:04"
},
{
"kids":[
"zoXmlBYZ6",
"zoXmlB9fU"
],
"uid":"3163726553",
"parent":"",
"text":"你是想嫁人呢，还是嫁人呢，嫁人呢！",
"mid":"zoCwtxldQ",
"date":"2013-03-22 15:53:10"
},
{
"kids":[],
"uid":"1304882001",
"parent":"",
"text":"木有男友，前男友，前前男友……",
"mid":"zoCsYo3mP",
"date":"2013-03-22 15:44:34"
},
{
"kids":[
"zoJc6oUfY"
],
"uid":"1289155387",
"parent":"zoBMdvrpJ",
"text":"哈哈哈，如果浪浪真的渣了。。。我是不是该考虑回去疼讯讯了??????!!!!",
"mid":"zoCnSaFYI",
"date":"2013-03-22 15:31:59"
},
{
"kids":[],
"uid":"katherinezhang1115",
"parent":"",
"text":"不要啊…………………………",
"mid":"zoCnOn6WN",
"date":"2013-03-22 15:31:51"
},
{
"kids":[],
"uid":"1957371241",
"parent":"",
"text":"[泪][泪]",
"mid":"zoCnfcskC",
"date":"2013-03-22 15:30:24"
},
{
"kids":[],
"uid":"1963470553",
"parent":"",
"text":"对哎",
"mid":"zoCkk3BET",
"date":"2013-03-22 15:23:14"
},
{
"kids":[],
"uid":"manchengjun",
"parent":"",
"text":"[哈哈]浪浪这是闹哪样哈",
"mid":"zoCk5xsEF",
"date":"2013-03-22 15:22:40"
},
{
"kids":[],
"uid":"1854482767",
"parent":"",
"text":"次奥 !",
"mid":"zoCjLuU9b",
"date":"2013-03-22 15:21:52"
},
{
"kids":[],
"uid":"yangxinyue",
"parent":"",
"text":"那就不玩了，还有什么意思呢",
"mid":"zoChwAy2B",
"date":"2013-03-22 15:16:21"
},
{
"kids":[],
"uid":"2628904123",
"parent":"",
"text":"",
"mid":"zoCgICWvE",
"date":"2013-03-22 15:14:22"
},
{
"kids":[],
"uid":"1941390023",
"parent":"",
"text":"[怒][怒]黑死你",
"mid":"zoCfer4r3",
"date":"2013-03-22 15:10:42"
},
{
"kids":[],
"uid":"1730415931",
"parent":"",
"text":"最后一句亮了，虽然没关注但时时刻刻关注的…",
"mid":"zoCdKfbMh",
"date":"2013-03-22 15:07:02"
},
{
"kids":[],
"uid":"1869890995",
"parent":"",
"text":"郁闷，还不能看前男友的老婆。。。前女友",
"mid":"zoCdjmKaO",
"date":"2013-03-22 15:05:58"
},
{
"kids":[],
"uid":"miao931231",
"parent":"",
"text":"",
"mid":"zoCcD9lI2",
"date":"2013-03-22 15:04:17"
},
{
"kids":[],
"uid":"2734741605",
"parent":"zoBUoiQzR",
"text":"我也投反对票，[不要]",
"mid":"zoCbmwygg",
"date":"2013-03-22 15:01:08"
},
{
"kids":[],
"uid":"1887209273",
"parent":"",
"text":"说的太好了……",
"mid":"zoCb0l6OZ",
"date":"2013-03-22 15:00:17"
},
{
"kids":[],
"uid":"2531465714",
"parent":"",
"text":"零负担",
"mid":"zoC8ldNOj",
"date":"2013-03-22 14:53:41"
},
{
"kids":[],
"uid":"2089205441",
"parent":"",
"text":"",
"mid":"zoC8fijxM",
"date":"2013-03-22 14:53:30"
},
{
"kids":[],
"uid":"justlmao",
"parent":"",
"text":"[威武][威武][威武]",
"mid":"zoC867G2d",
"date":"2013-03-22 14:53:07"
},
{
"kids":[],
"uid":"2017987612",
"parent":"",
"text":"双刃",
"mid":"zoC4KFVt7",
"date":"2013-03-22 14:44:51"
},
{
"kids":[],
"uid":"zhangmingmini",
"parent":"",
"text":"浪浪你真的要开启这个功能吗？",
"mid":"zoC4AAE2M",
"date":"2013-03-22 14:44:30"
},
{
"kids":[],
"uid":"1763556373",
"parent":"",
"text":"抵制，新浪微博是想做成QQ空间吗？！",
"mid":"zoBZS77rl",
"date":"2013-03-22 14:32:50"
},
{
"kids":[
"zoCTGFb3J"
],
"uid":"2254483554",
"parent":"",
"text":"请不要这样。[泪]",
"mid":"zoBZIjoW1",
"date":"2013-03-22 14:32:28"
},
{
"kids":[],
"uid":"3262946540",
"parent":"",
"text":"开小号侦查",
"mid":"zoBXDtRAQ",
"date":"2013-03-22 14:27:21"
},
{
"kids":[],
"uid":"1722075140",
"parent":"",
"text":"哈哈哈哈哈",
"mid":"zoBVrBnUG",
"date":"2013-03-22 14:21:57"
},
{
"kids":[],
"uid":"sophialovebenz",
"parent":"",
"text":"[哈哈][哈哈][哈哈][哈哈]都现身吧！",
"mid":"zoBVpfGYS",
"date":"2013-03-22 14:21:49"
},
{
"kids":[],
"uid":"lulug811",
"parent":"zoByS9eJC",
"text":"[偷笑]欢乐+1+2+3+4+5！",
"mid":"zoBVktfaF",
"date":"2013-03-22 14:21:40"
},
{
"kids":[],
"uid":"2928783657",
"parent":"",
"text":"",
"mid":"zoBUF7dN3",
"date":"2013-03-22 14:20:00"
},
{
"kids":[],
"uid":"2623473411",
"parent":"",
"text":"[偷笑]以后就……",
"mid":"zoBUs9qGp",
"date":"2013-03-22 14:19:29"
},
{
"kids":[
"zoCbmwygg"
],
"uid":"271337730",
"parent":"",
"text":"反对票[不要]@爱睡觉的懒猫zl",
"mid":"zoBUoiQzR",
"date":"2013-03-22 14:19:21"
},
{
"kids":[],
"uid":"koala614",
"parent":"",
"text":"我可以说我周围人的微博几乎闲置吗。对我来说微博纯属自娱自乐。。。",
"mid":"zoBSViDhz",
"date":"2013-03-22 14:15:44"
},
{
"kids":[],
"uid":"2170346317",
"parent":"",
"text":"还有我喜欢的人，我喜欢的人喜欢的人，喜欢我喜欢的人的人，喜欢我的人，喜欢喜欢我的人的人[偷笑]",
"mid":"zoBSBcVi3",
"date":"2013-03-22 14:14:55"
},
{
"kids":[],
"uid":"freya1227",
"parent":"",
"text":"",
"mid":"zoBNnAB3j",
"date":"2013-03-22 14:02:04"
},
{
"kids":[],
"uid":"woainiminho",
"parent":"",
"text":"喔多k?!!浪姨不要这样嘛~～[泪][泪]",
"mid":"zoBMA1ioy",
"date":"2013-03-22 14:00:06"
},
{
"kids":[],
"uid":"1876031685",
"parent":"",
"text":"这条微博好有喜感",
"mid":"zoBMleC4m",
"date":"2013-03-22 13:59:31"
},
{
"kids":[
"zoCnSaFYI"
],
"uid":"2625651135",
"parent":"zoBiDo2t7",
"text":"[黑线]",
"mid":"zoBMdvrpJ",
"date":"2013-03-22 13:59:13"
},
{
"kids":[],
"uid":"1762040500",
"parent":"",
"text":"这个。。有多少人会中枪啊[汗]",
"mid":"zoBLJFrVJ",
"date":"2013-03-22 13:58:02"
},
{
"kids":[],
"uid":"2362958830",
"parent":"",
"text":"[哈哈]",
"mid":"zoBKuxxuf",
"date":"2013-03-22 13:54:56"
},
{
"kids":[],
"uid":"2247181280",
"parent":"",
"text":"【据说新浪微博要开启最近访客功能】你妹!以后让我怎么看男友，前男友，前前男友，男友前女友，前男友现女友，前前男友暧昧对象，男友勾搭对象，前前男友老情人的微博啊！让我怎么看我讨厌的人，我讨厌的人喜欢的人，我以前讨厌的人，讨厌我的人，讨厌我的人喜欢的人，不愿关注却天天看得人的微博啊！",
"mid":"zoBCgy9L3",
"date":"2013-03-22 13:34:42"
},
{
"kids":[],
"uid":"2014002712",
"parent":"",
"text":"以后不看了？也就不关心怎么几天没有更新微博了。",
"mid":"zoBBJaDNT",
"date":"2013-03-22 13:33:22"
},
{
"kids":[],
"uid":"1908909201",
"parent":"",
"text":"该死的新浪[草泥马]",
"mid":"zoBAcxyZ1",
"date":"2013-03-22 13:29:37"
},
{
"kids":[
"zoBVktfaF"
],
"uid":"2193368277",
"parent":"",
"text":"这个好欢乐[偷笑][偷笑][偷笑][偷笑][偷笑]",
"mid":"zoByS9eJC",
"date":"2013-03-22 13:26:17"
},
{
"kids":[],
"uid":"2557070474",
"parent":"",
"text":"[嘻嘻][哈哈]",
"mid":"zoBvnz0kO",
"date":"2013-03-22 13:17:44"
},
{
"kids":[],
"uid":"1804705457",
"parent":"",
"text":"[汗]",
"mid":"zoBv4mwyE",
"date":"2013-03-22 13:16:57"
},
{
"kids":[
"zoSeDx2rZ"
],
"uid":"2194263791",
"parent":"",
"text":"@幺蛾子的华丽转身 @阿-凡-提和她的lv @Mrs_Cui_ 我们以后怎么娱乐",
"mid":"zoBtGkZJA",
"date":"2013-03-22 13:13:33"
},
{
"kids":[],
"uid":"210606786",
"parent":"",
"text":"[偷笑]微博新功能。你期待么？",
"mid":"zoBssESMK",
"date":"2013-03-22 13:10:32"
},
{
"kids":[],
"uid":"3299025341",
"parent":"",
"text":"",
"mid":"zoBrxFHUx",
"date":"2013-03-22 13:08:16"
},
{
"kids":[],
"uid":"2201102064",
"parent":"",
"text":"[晕]搞的要跟垃圾腾讯一样了么",
"mid":"zoBrppkvI",
"date":"2013-03-22 13:07:57"
},
{
"kids":[],
"uid":"3195952300",
"parent":"",
"text":"[偷笑][偷笑]太搞笑了，会不会有人悄悄的来看我呢",
"mid":"zoBr51bqU",
"date":"2013-03-22 13:07:08"
},
{
"kids":[],
"uid":"1860049902",
"parent":"",
"text":"真的假的？[挖鼻屎]",
"mid":"zoBqywwCd",
"date":"2013-03-22 13:05:50"
},
{
"kids":[],
"uid":"1365022875",
"parent":"",
"text":"對哇..別..!",
"mid":"zoBq1qACZ",
"date":"2013-03-22 13:04:32"
},
{
"kids":[],
"uid":"2437096750",
"parent":"",
"text":"",
"mid":"zoBpZldGJ",
"date":"2013-03-22 13:04:27"
},
{
"kids":[],
"uid":"1870699481",
"parent":"",
"text":"",
"mid":"zoBpRlUWd",
"date":"2013-03-22 13:04:08"
},
{
"kids":[],
"uid":"2308247282",
"parent":"",
"text":"这年头，腾讯都有人山寨。。",
"mid":"zoBpeCcFi",
"date":"2013-03-22 13:02:36"
},
{
"kids":[],
"uid":"2689965565",
"parent":"",
"text":"哈哈哈！亂套了！[哈哈][哈哈][哈哈]",
"mid":"zoBpaeJfq",
"date":"2013-03-22 13:02:25"
},
{
"kids":[],
"uid":"2139166033",
"parent":"",
"text":"",
"mid":"zoBnPsuvs",
"date":"2013-03-22 12:59:08"
},
{
"kids":[],
"uid":"3143894952",
"parent":"",
"text":"",
"mid":"zoBmYklqQ",
"date":"2013-03-22 12:57:01"
},
{
"kids":[],
"uid":"1135371575",
"parent":"",
"text":"@一起遛遛猫  你～躺枪[偷笑]",
"mid":"zoBmLiPyn",
"date":"2013-03-22 12:56:29"
},
{
"kids":[],
"uid":"1835559575",
"parent":"",
"text":"[good][good]",
"mid":"zoBlkk6iw",
"date":"2013-03-22 12:52:58"
},
{
"kids":[],
"uid":"wsiminer",
"parent":"",
"text":"！！！！",
"mid":"zoBjKfp7G",
"date":"2013-03-22 12:49:04"
},
{
"kids":[
"zoBMdvrpJ"
],
"uid":"2693884921",
"parent":"",
"text":"[哈哈][哈哈]笑死我了。太猥琐了@神经发疯脑残四 @吃喝玩乐在伊犁 @姣哩个姣 #最近访客#",
"mid":"zoBiDo2t7",
"date":"2013-03-22 12:46:20"
},
{
"kids":[],
"uid":"2426451792",
"parent":"",
"text":"",
"mid":"zoBi8D6te",
"date":"2013-03-22 12:45:07"
},
{
"kids":[],
"uid":"10261206",
"parent":"",
"text":"那就不玩微薄了 微薄永别了～(挥手擦泪中！",
"mid":"zoBhMwjtp",
"date":"2013-03-22 12:44:13"
},
{
"kids":[],
"uid":"1757032701",
"parent":"",
"text":"是不是不能再偷看女神了！",
"mid":"zoBh0jiAo",
"date":"2013-03-22 12:42:19"
},
{
"kids":[],
"uid":"2953265280",
"parent":"",
"text":"讨厌@乖乖和小乖的故事",
"mid":"zoBdRjxGy",
"date":"2013-03-22 12:34:34"
},
{
"kids":[],
"uid":"biweiyan",
"parent":"",
"text":"哈哈，这个真不可以有！",
"mid":"zoBbil1D8",
"date":"2013-03-22 12:28:15"
},
{
"kids":[],
"uid":"2454015882",
"parent":"",
"text":"[偷笑]我随便",
"mid":"zoB9YaPrh",
"date":"2013-03-22 12:24:59"
},
{
"kids":[],
"uid":"2201905515",
"parent":"",
"text":"",
"mid":"zoB9ttnow",
"date":"2013-03-22 12:23:45"
},
{
"kids":[],
"uid":"2104996370",
"parent":"",
"text":"这个真的不可以有！",
"mid":"zoB6G2BRq",
"date":"2013-03-22 12:16:51"
},
{
"kids":[],
"uid":"xiaoyuziyanziyu",
"parent":"",
"text":"哈哈哈哈",
"mid":"zoB6vlzd5",
"date":"2013-03-22 12:16:27"
},
{
"kids":[],
"uid":"lovelee760517",
"parent":"",
"text":"哈哈     这个是真的不可以有",
"mid":"zoB6ewWpL",
"date":"2013-03-22 12:15:46"
}
]