[
{
"kids":[],
"uid":"2803752692",
"parent":"z6YWOyN28",
"text":"",
"mid":"z88oZ1D7F",
"date":"2012-12-04 05:47:27"
},
{
"kids":[],
"uid":"2572132173",
"parent":"z6XW19WeZ",
"text":"",
"mid":"z7Ave33ED",
"date":"2012-11-30 15:29:25"
},
{
"kids":[],
"uid":"2919787862",
"parent":"z6YWOyN28",
"text":"",
"mid":"z7ctatLEH",
"date":"2012-11-28 02:18:27"
},
{
"kids":[],
"uid":"1349171555",
"parent":"",
"text":"",
"mid":"z78C0mOAs",
"date":"2012-11-27 16:29:14"
},
{
"kids":[],
"uid":"2804812364",
"parent":"",
"text":"",
"mid":"z78C05dnj",
"date":"2012-11-27 16:29:11"
},
{
"kids":[],
"uid":"2919424574",
"parent":"z6XU8sfK3",
"text":"",
"mid":"z78aXrG4U",
"date":"2012-11-27 15:22:36"
},
{
"kids":[],
"uid":"2789675042",
"parent":"z6XU8sfK3",
"text":"",
"mid":"z78aXa4UY",
"date":"2012-11-27 15:22:33"
},
{
"kids":[],
"uid":"2789716780",
"parent":"z6XOC063m",
"text":"",
"mid":"z72tTqfk7",
"date":"2012-11-27 00:52:43"
},
{
"kids":[],
"uid":"1776518550",
"parent":"z6XOC063m",
"text":"",
"mid":"z72tToH6j",
"date":"2012-11-27 00:52:44"
},
{
"kids":[],
"uid":"1295161357",
"parent":"",
"text":"",
"mid":"z72doaf6O",
"date":"2012-11-27 00:12:06"
},
{
"kids":[],
"uid":"1774344072",
"parent":"z6XQkE2gS",
"text":"",
"mid":"z721g8yQU",
"date":"2012-11-26 23:42:13"
},
{
"kids":[],
"uid":"2716916381",
"parent":"",
"text":"",
"mid":"z70S2yiM8",
"date":"2012-11-26 20:46:46"
},
{
"kids":[],
"uid":"2354800337",
"parent":"",
"text":"消息确认属实吗 从什么时候开始",
"mid":"z6ZmgsJdX",
"date":"2012-11-26 16:55:44"
},
{
"kids":[],
"uid":"1838912404",
"parent":"",
"text":"有没那么狠啊？？",
"mid":"z6Z4FxytG",
"date":"2012-11-26 16:12:22"
},
{
"kids":[
"z88oZ1D7F",
"z7ctatLEH"
],
"uid":"1003979111",
"parent":"",
"text":"",
"mid":"z6YWOyN28",
"date":"2012-11-26 15:53:02"
},
{
"kids":[],
"uid":"wxysuper",
"parent":"",
"text":"",
"mid":"z6YWDA77E",
"date":"2012-11-26 15:52:36"
},
{
"kids":[],
"uid":"1803870250",
"parent":"z6YNpexh6",
"text":"@Zeng裕滴 @猪妹-Zeng @zeng裕淦 大家开车小心咯！[围观]",
"mid":"z6YOsfejB",
"date":"2012-11-26 15:32:25"
},
{
"kids":[
"z6YOsfejB"
],
"uid":"1803870250",
"parent":"",
"text":"要转起来，警钟，谢谢你@老马店",
"mid":"z6YNpexh6",
"date":"2012-11-26 15:29:49"
},
{
"kids":[],
"uid":"1902326401",
"parent":"",
"text":"",
"mid":"z6YHrg3ju",
"date":"2012-11-26 15:15:09"
},
{
"kids":[],
"uid":"xiaotu8520",
"parent":"",
"text":"哦错，车是方便老百姓还是制约老百姓",
"mid":"z6YC4iqgc",
"date":"2012-11-26 15:01:53"
},
{
"kids":[],
"uid":"2560291001",
"parent":"",
"text":"不为处罚，只为生命，也要牢记。",
"mid":"z6YB7sBtg",
"date":"2012-11-26 14:59:34"
},
{
"kids":[],
"uid":"sjzgszc",
"parent":"",
"text":"",
"mid":"z6Yz52Rbx",
"date":"2012-11-26 14:54:31"
},
{
"kids":[],
"uid":"2408716070",
"parent":"",
"text":"",
"mid":"z6YwN9sll",
"date":"2012-11-26 14:48:55"
},
{
"kids":[],
"uid":"2033513824",
"parent":"",
"text":"",
"mid":"z6Yqvo2DC",
"date":"2012-11-26 14:33:26"
},
{
"kids":[],
"uid":"2679103892",
"parent":"",
"text":"",
"mid":"z6YpDClty",
"date":"2012-11-26 14:31:19"
},
{
"kids":[],
"uid":"1696754712",
"parent":"",
"text":"这该有多少司机驾驶证不保啊。高压啊",
"mid":"z6YoRu38y",
"date":"2012-11-26 14:29:23"
},
{
"kids":[],
"uid":"wo7788521",
"parent":"",
"text":"",
"mid":"z6Ymg6iEZ",
"date":"2012-11-26 14:22:58"
},
{
"kids":[],
"uid":"8k056",
"parent":"z6Yk9ulU9",
"text":"",
"mid":"z6YlUvMBu",
"date":"2012-11-26 14:22:05"
},
{
"kids":[],
"uid":"2525663853",
"parent":"",
"text":"",
"mid":"z6Yly7KNk",
"date":"2012-11-26 14:21:13"
},
{
"kids":[],
"uid":"573673399",
"parent":"",
"text":"[话筒]各位司机大佬记住啦!",
"mid":"z6YkPave2",
"date":"2012-11-26 14:19:25"
},
{
"kids":[],
"uid":"2753844171",
"parent":"",
"text":"",
"mid":"z6Yks9B3M",
"date":"2012-11-26 14:18:31"
},
{
"kids":[
"z6YlUvMBu"
],
"uid":"313170777",
"parent":"",
"text":"这种利用公民和政府之间的信息不对称而传播的假消息，让我想起多年以前地铁里常有兜售的所谓“某明星突然身亡”之类的小报。对于这种假消息的传播，政府难辞其咎。",
"mid":"z6Yk9ulU9",
"date":"2012-11-26 14:17:46"
},
{
"kids":[],
"uid":"Maydaylfwanglive",
"parent":"",
"text":"副驾驶不满14周岁乘坐，记6分，罚300元。这个...[思考]",
"mid":"z6Yk2a8rr",
"date":"2012-11-26 14:17:27"
},
{
"kids":[],
"uid":"catecuss",
"parent":"",
"text":"副驾驶不满14周岁乘坐，记6分，罚300元。看来小于14岁的孩子一定要让他做后座。",
"mid":"z6YjAmiJh",
"date":"2012-11-26 14:16:22"
},
{
"kids":[],
"uid":"daqingyuankai",
"parent":"",
"text":"这个挺受用",
"mid":"z6Yht8g2a",
"date":"2012-11-26 14:11:10"
},
{
"kids":[],
"uid":"lukf",
"parent":"",
"text":"新交规忘记备注了：政府人士以及权贵可以免予处罚。～",
"mid":"z6Yhjpggp",
"date":"2012-11-26 14:10:47"
},
{
"kids":[],
"uid":"nikita628",
"parent":"",
"text":"转发微博。",
"mid":"z6YgEkyLc",
"date":"2012-11-26 14:09:09"
},
{
"kids":[],
"uid":"1840394727",
"parent":"",
"text":"",
"mid":"z6Yeyieg5",
"date":"2012-11-26 14:03:59"
},
{
"kids":[],
"uid":"713907899",
"parent":"",
"text":"",
"mid":"z6Yea7Uci",
"date":"2012-11-26 14:03:01"
},
{
"kids":[],
"uid":"2067222961",
"parent":"",
"text":"",
"mid":"z6YcUCMYa",
"date":"2012-11-26 13:59:57"
},
{
"kids":[],
"uid":"2429177172",
"parent":"",
"text":"？新公布的？",
"mid":"z6YbECWzl",
"date":"2012-11-26 13:56:51"
},
{
"kids":[],
"uid":"1959107093",
"parent":"",
"text":"",
"mid":"z6Y8oeQxz",
"date":"2012-11-26 13:48:48"
},
{
"kids":[],
"uid":"szc999",
"parent":"",
"text":"",
"mid":"z6Y6MkTPv",
"date":"2012-11-26 13:44:50"
},
{
"kids":[],
"uid":"1109637864",
"parent":"",
"text":"",
"mid":"z6Y6c2tgb",
"date":"2012-11-26 13:43:22"
},
{
"kids":[],
"uid":"2341885523",
"parent":"",
"text":"开车要谨慎了。好秩序好习惯从规则开始",
"mid":"z6Y5R2jXr",
"date":"2012-11-26 13:42:33"
},
{
"kids":[],
"uid":"2677887323",
"parent":"",
"text":"",
"mid":"z6Y4HfE7y",
"date":"2012-11-26 13:39:42"
},
{
"kids":[],
"uid":"1436583787",
"parent":"",
"text":"哭死，还有第九项。我经常拉我不满两岁的侄女出去！",
"mid":"z6Y4Cv1nv",
"date":"2012-11-26 13:39:32"
},
{
"kids":[],
"uid":"2598427825",
"parent":"",
"text":"",
"mid":"z6Y4w1VNk",
"date":"2012-11-26 13:39:13"
},
{
"kids":[],
"uid":"2760076295",
"parent":"",
"text":"",
"mid":"z6Y4v6WN6",
"date":"2012-11-26 13:39:13"
},
{
"kids":[],
"uid":"2694550440",
"parent":"",
"text":"",
"mid":"z6Y4kczsg",
"date":"2012-11-26 13:38:47"
},
{
"kids":[],
"uid":"1874031161",
"parent":"",
"text":"开车的请注意",
"mid":"z6Y3Mdo5c",
"date":"2012-11-26 13:37:26"
},
{
"kids":[],
"uid":"2842959833",
"parent":"",
"text":"",
"mid":"z6Y3A5Xdn",
"date":"2012-11-26 13:36:55"
},
{
"kids":[],
"uid":"1436583787",
"parent":"",
"text":"前六项加第八项都有我，尼玛驾照的分成负的了。罚破产了！",
"mid":"z6Y3zbJjm",
"date":"2012-11-26 13:36:55"
},
{
"kids":[],
"uid":"1742272142",
"parent":"",
"text":"@张智恒 @中关数 @toutou是道",
"mid":"z6Y1p5pH0",
"date":"2012-11-26 13:31:33"
},
{
"kids":[],
"uid":"2805454972",
"parent":"",
"text":"",
"mid":"z6Y01BM7P",
"date":"2012-11-26 13:28:11"
},
{
"kids":[],
"uid":"1840380565",
"parent":"",
"text":"",
"mid":"z6XZBDz0b",
"date":"2012-11-26 13:27:11"
},
{
"kids":[],
"uid":"denkosuki",
"parent":"",
"text":"[汗]这是开车还是上战场啊。。",
"mid":"z6XZ7eJIJ",
"date":"2012-11-26 13:25:57"
},
{
"kids":[],
"uid":"2975196591",
"parent":"",
"text":"各位驾驶员注意了！",
"mid":"z6XYQmNBR",
"date":"2012-11-26 13:25:17"
},
{
"kids":[],
"uid":"1062110911",
"parent":"",
"text":"关于开车处罚规则，太容易违规了-_-#",
"mid":"z6XWteU32",
"date":"2012-11-26 13:19:27"
},
{
"kids":[],
"uid":"1285167621",
"parent":"",
"text":"",
"mid":"z6XW8yC9H",
"date":"2012-11-26 13:18:37"
},
{
"kids":[
"z7Ave33ED"
],
"uid":"2283900443",
"parent":"z6XPaefq1",
"text":"",
"mid":"z6XW19WeZ",
"date":"2012-11-26 13:18:19"
},
{
"kids":[],
"uid":"huwenchao",
"parent":"",
"text":"开车的朋友注意了。",
"mid":"z6XW0zPPA",
"date":"2012-11-26 13:18:18"
},
{
"kids":[],
"uid":"2175437961",
"parent":"",
"text":"不满14岁乘坐副驾驶位罚款",
"mid":"z6XVRqcVx",
"date":"2012-11-26 13:17:56"
},
{
"kids":[],
"uid":"king114",
"parent":"z6XOT7pJS",
"text":"交警一向都不跟我们玩~~~",
"mid":"z6XVHDo9e",
"date":"2012-11-26 13:17:31"
},
{
"kids":[],
"uid":"1458624555",
"parent":"",
"text":"",
"mid":"z6XVH4bzE",
"date":"2012-11-26 13:17:30"
},
{
"kids":[],
"uid":"songlaosan",
"parent":"",
"text":"收到吧",
"mid":"z6XUY6ZeX",
"date":"2012-11-26 13:15:42"
},
{
"kids":[],
"uid":"001l5",
"parent":"z6XOT7pJS",
"text":"哇！除了第六条，这个规定是针对我出的吗？[吃惊][吃惊]我就开車买个菜用不用严成这样阿！",
"mid":"z6XUMCaP9",
"date":"2012-11-26 13:15:15"
},
{
"kids":[],
"uid":"1995787275",
"parent":"",
"text":"",
"mid":"z6XUIbzVh",
"date":"2012-11-26 13:15:06"
},
{
"kids":[],
"uid":"1661073567",
"parent":"z6XOT7pJS",
"text":"",
"mid":"z6XUyoijg",
"date":"2012-11-26 13:14:43"
},
{
"kids":[],
"uid":"1104221980",
"parent":"",
"text":"感觉更多的是敛财",
"mid":"z6XUrDaDT",
"date":"2012-11-26 13:14:26"
},
{
"kids":[],
"uid":"vincent678",
"parent":"",
"text":"",
"mid":"z6XUr3XNW",
"date":"2012-11-26 13:14:25"
},
{
"kids":[],
"uid":"1860463837",
"parent":"",
"text":"",
"mid":"z6XUkzdPA",
"date":"2012-11-26 13:14:10"
},
{
"kids":[
"z78aXrG4U",
"z78aXa4UY"
],
"uid":"2558932845",
"parent":"",
"text":"@柳叶小圆刀 @乐乐可人儿 @佳加佳PP",
"mid":"z6XU8sfK3",
"date":"2012-11-26 13:13:40"
},
{
"kids":[],
"uid":"jzs09",
"parent":"",
"text":"交通违规处罚，好严！没车的万幸",
"mid":"z6XU366ex",
"date":"2012-11-26 13:13:28"
},
{
"kids":[],
"uid":"1967937900",
"parent":"",
"text":"",
"mid":"z6XTHeWCt",
"date":"2012-11-26 13:12:36"
},
{
"kids":[],
"uid":"gaogan1979",
"parent":"",
"text":"",
"mid":"z6XTFbgKo",
"date":"2012-11-26 13:12:29"
},
{
"kids":[],
"uid":"jiangweisheng",
"parent":"",
"text":"副驾驶这个有点太超前。要是货车没有后排座的小孩就都不能坐了？敢严格执行吗？敢去村头执法吗？立法而不敢全面执法只敢于选择性处罚的就是恶法。骑自行车不许带人为什么消失了就是因为没有能力执行。",
"mid":"z6XTD6M9U",
"date":"2012-11-26 13:12:26"
},
{
"kids":[],
"uid":"2042380195",
"parent":"",
"text":"副驾没有驾驶证怎么扣",
"mid":"z6XTv8ouh",
"date":"2012-11-26 13:12:07"
},
{
"kids":[],
"uid":"1507087067",
"parent":"z6XSvnRPo",
"text":"行驶中打手机！这个好100%中的",
"mid":"z6XTpvjoO",
"date":"2012-11-26 13:11:53"
},
{
"kids":[],
"uid":"1916377117",
"parent":"",
"text":"",
"mid":"z6XTojbfM",
"date":"2012-11-26 13:11:51"
},
{
"kids":[],
"uid":"1933106944",
"parent":"",
"text":"尼玛公交车换成奔驰，宝马就拜佛了",
"mid":"z6XTnaIoA",
"date":"2012-11-26 13:11:48"
},
{
"kids":[],
"uid":"1405636957",
"parent":"",
"text":"",
"mid":"z6XTgC2Vh",
"date":"2012-11-26 13:11:33"
},
{
"kids":[],
"uid":"thinkpader",
"parent":"",
"text":"",
"mid":"z6XTgniv4",
"date":"2012-11-26 13:11:32"
},
{
"kids":[],
"uid":"2215293373",
"parent":"",
"text":"就没有规定非机动车的，玛丽隔壁。",
"mid":"z6XT4v95U",
"date":"2012-11-26 13:11:03"
},
{
"kids":[],
"uid":"2219161854",
"parent":"",
"text":"要记住!",
"mid":"z6XSZvXVe",
"date":"2012-11-26 13:10:52"
},
{
"kids":[],
"uid":"wudaotang",
"parent":"",
"text":"不管真假，先转了",
"mid":"z6XSSqXzU",
"date":"2012-11-26 13:10:35"
},
{
"kids":[],
"uid":"lucia1127",
"parent":"",
"text":"真的假的？@虽颜丑但文良",
"mid":"z6XSNFoHd",
"date":"2012-11-26 13:10:24"
},
{
"kids":[],
"uid":"dirak",
"parent":"",
"text":"@永远的黄雀",
"mid":"z6XSIo5b6",
"date":"2012-11-26 13:10:10"
},
{
"kids":[],
"uid":"1959838470",
"parent":"",
"text":"到处是扣分",
"mid":"z6XSy3BvU",
"date":"2012-11-26 13:09:46"
},
{
"kids":[],
"uid":"1708924665",
"parent":"",
"text":"过严了",
"mid":"z6XSwewoK",
"date":"2012-11-26 13:09:43"
},
{
"kids":[
"z6XTpvjoO"
],
"uid":"1212532487",
"parent":"",
"text":"大家认真学习一下",
"mid":"z6XSvnRPo",
"date":"2012-11-26 13:09:40"
},
{
"kids":[],
"uid":"taofobao",
"parent":"",
"text":"",
"mid":"z6XSus2mv",
"date":"2012-11-26 13:09:38"
},
{
"kids":[],
"uid":"316281666",
"parent":"z6XPaefq1",
"text":"",
"mid":"z6XSd43J6",
"date":"2012-11-26 13:08:56"
},
{
"kids":[],
"uid":"ifpi",
"parent":"",
"text":"看来。这车真没办法开了。",
"mid":"z6XR76GVo",
"date":"2012-11-26 13:06:14"
},
{
"kids":[],
"uid":"2577346111",
"parent":"z6XOT7pJS",
"text":"@我喜欢深秋的阳光",
"mid":"z6XR49lnx",
"date":"2012-11-26 13:06:07"
},
{
"kids":[],
"uid":"zhaogaoping",
"parent":"",
"text":"",
"mid":"z6XQOqSRL",
"date":"2012-11-26 13:05:30"
},
{
"kids":[
"z721g8yQU"
],
"uid":"930720666",
"parent":"z6XOT7pJS",
"text":"尼瑪的副驾驶不满14周岁乘坐，记6分，罚300元。怎么出去泡妞啊 我。",
"mid":"z6XQkE2gS",
"date":"2012-11-26 13:04:17"
},
{
"kids":[],
"uid":"ladyliulangdexin",
"parent":"",
"text":"无奈无奈，",
"mid":"z6XQhp5MH",
"date":"2012-11-26 13:04:11"
},
{
"kids":[],
"uid":"2141074405",
"parent":"",
"text":"转发微博。",
"mid":"z6XQ4DvCy",
"date":"2012-11-26 13:03:41"
},
{
"kids":[],
"uid":"1651421631",
"parent":"z6XPaefq1",
"text":"",
"mid":"z6XPw4jRR",
"date":"2012-11-26 13:02:18"
},
{
"kids":[],
"uid":"2958449171",
"parent":"",
"text":"真的吗？[吃惊]",
"mid":"z6XPfhg5p",
"date":"2012-11-26 13:01:37"
},
{
"kids":[
"z6XW19WeZ",
"z6XSd43J6",
"z6XPw4jRR"
],
"uid":"1343110160",
"parent":"",
"text":"",
"mid":"z6XPaefq1",
"date":"2012-11-26 13:01:25"
},
{
"kids":[
"z6XVHDo9e",
"z6XUMCaP9",
"z6XUyoijg",
"z6XR49lnx",
"z6XQkE2gS"
],
"uid":"208333187",
"parent":"",
"text":"2013开车不是玩的。你想好再开。",
"mid":"z6XOT7pJS",
"date":"2012-11-26 13:00:45"
},
{
"kids":[],
"uid":"2806082731",
"parent":"",
"text":"",
"mid":"z6XOHxgMx",
"date":"2012-11-26 13:00:19"
},
{
"kids":[
"z72tTqfk7",
"z72tToH6j"
],
"uid":"1342162194",
"parent":"",
"text":"",
"mid":"z6XOC063m",
"date":"2012-11-26 13:00:02"
}
]