[
{
"kids":[],
"uid":"2337898212",
"parent":"zsRq5fud9",
"text":"回复@混世X女魔头:这网络不是只有五毛和五美分，还有很多独立思考，明辨是非的人。不拍zf马屁，不造谣，不迎合，也不传谣。只想寻找真相罢了。",
"mid":"zsUgXfOVB",
"date":"2013-04-19 20:25:36"
},
{
"kids":[],
"uid":"2457519782",
"parent":"zsPMYo2Vf",
"text":"",
"mid":"zsSXyyoOx",
"date":"2013-04-19 17:05:05"
},
{
"kids":[],
"uid":"1791912290",
"parent":"zsLZFnhhK",
"text":"",
"mid":"zsSTRxqad",
"date":"2013-04-19 16:55:58"
},
{
"kids":[
"zsUgXfOVB"
],
"uid":"2337898212",
"parent":"zsLZFnhhK",
"text":"央视报道了，这条微博早就被鉴定为不实，还有人转发，要多仇视央视，它有很多不对的地方，但是批评也要真凭实据。",
"mid":"zsRq5fud9",
"date":"2013-04-19 13:09:51"
},
{
"kids":[],
"uid":"2140817475",
"parent":"zsLZFnhhK",
"text":"CCAV...",
"mid":"zsQN7nL8s",
"date":"2013-04-19 11:33:48"
},
{
"kids":[
"zsSXyyoOx"
],
"uid":"2070066643",
"parent":"zsM3HlteB",
"text":"",
"mid":"zsPMYo2Vf",
"date":"2013-04-19 09:00:44"
},
{
"kids":[],
"uid":"mflens",
"parent":"zsLZFnhhK",
"text":"",
"mid":"zsPkipasc",
"date":"2013-04-19 07:50:06"
},
{
"kids":[],
"uid":"1691536967",
"parent":"zsMcxdXcZ",
"text":"一声叹息[闭嘴]",
"mid":"zsPg9EfTA",
"date":"2013-04-19 07:39:54"
},
{
"kids":[],
"uid":"2187907965",
"parent":"zsLZFnhhK",
"text":"外国人民氺深火热，才是我们需要知道的[哈哈]",
"mid":"zsOZJ61EQ",
"date":"2013-04-19 06:59:24"
},
{
"kids":[],
"uid":"xiangkekong",
"parent":"zsLZFnhhK",
"text":"[蜡烛]",
"mid":"zsOVh75ee",
"date":"2013-04-19 06:48:26"
},
{
"kids":[],
"uid":"1254793161",
"parent":"zsLZFnhhK",
"text":"我不是愤青",
"mid":"zsOHb3KoP",
"date":"2013-04-19 06:13:43"
},
{
"kids":[],
"uid":"1025905753",
"parent":"zsLZFnhhK",
"text":"[泪]",
"mid":"zsOaKf5pa",
"date":"2013-04-19 04:53:49"
},
{
"kids":[],
"uid":"1926152862",
"parent":"",
"text":"",
"mid":"zsMXCF5UC",
"date":"2013-04-19 01:48:45"
},
{
"kids":[],
"uid":"2845781123",
"parent":"zsLZFnhhK",
"text":"你以為是中國人民的政府？笑話",
"mid":"zsMTI7my7",
"date":"2013-04-19 01:39:06"
},
{
"kids":[],
"uid":"lacus9318",
"parent":"zsLZFnhhK",
"text":"[蜡烛]",
"mid":"zsMFddlnH",
"date":"2013-04-19 01:03:22"
},
{
"kids":[],
"uid":"1704817960",
"parent":"zsLZFnhhK",
"text":"[蜡烛]",
"mid":"zsMkun5cs",
"date":"2013-04-19 00:12:20"
},
{
"kids":[],
"uid":"2187851351",
"parent":"zsLZFnhhK",
"text":"麻痹",
"mid":"zsMhrf5SC",
"date":"2013-04-19 00:04:50"
},
{
"kids":[],
"uid":"lincoln91",
"parent":"zsLZFnhhK",
"text":"",
"mid":"zsMdFfrrZ",
"date":"2013-04-18 23:55:29"
},
{
"kids":[
"zsPg9EfTA"
],
"uid":"2428824274",
"parent":"zsM2ndtrz",
"text":"",
"mid":"zsMcxdXcZ",
"date":"2013-04-18 23:52:41"
},
{
"kids":[],
"uid":"sincerejason",
"parent":"zsLZFnhhK",
"text":"",
"mid":"zsM7hzFM3",
"date":"2013-04-18 23:39:46"
},
{
"kids":[],
"uid":"1867986143",
"parent":"zsLZFnhhK",
"text":"……",
"mid":"zsM5d2nUF",
"date":"2013-04-18 23:34:41"
},
{
"kids":[],
"uid":"2418069364",
"parent":"zsLZFnhhK",
"text":"兲官",
"mid":"zsM4Upakb",
"date":"2013-04-18 23:33:55"
},
{
"kids":[],
"uid":"2216261500",
"parent":"",
"text":"ccav既要做婊子又要立牌坊。。。",
"mid":"zsM4qjgzs",
"date":"2013-04-18 23:32:46"
},
{
"kids":[],
"uid":"1814364375",
"parent":"zsLZFnhhK",
"text":"[蜡烛]",
"mid":"zsM45iRyv",
"date":"2013-04-18 23:31:55"
},
{
"kids":[],
"uid":"eric823",
"parent":"zsLZFnhhK",
"text":"",
"mid":"zsM3Mo2K2",
"date":"2013-04-18 23:31:10"
},
{
"kids":[
"zsPMYo2Vf"
],
"uid":"1409114365",
"parent":"zsLZFnhhK",
"text":"",
"mid":"zsM3HlteB",
"date":"2013-04-18 23:30:58"
},
{
"kids":[
"zsMcxdXcZ"
],
"uid":"2413890482",
"parent":"zsLZFnhhK",
"text":"",
"mid":"zsM2ndtrz",
"date":"2013-04-18 23:27:42"
},
{
"kids":[],
"uid":"1875676955",
"parent":"",
"text":"还是只转不评价！",
"mid":"zsM22ySSs",
"date":"2013-04-18 23:26:53"
},
{
"kids":[],
"uid":"1986749031",
"parent":"zsLZFnhhK",
"text":"",
"mid":"zsM1HxfOH",
"date":"2013-04-18 23:26:02"
},
{
"kids":[],
"uid":"1766968061",
"parent":"zsLZFnhhK",
"text":"当时特意去了下新浪网 没发现这新闻[蜡烛]",
"mid":"zsM1m3Uou",
"date":"2013-04-18 23:25:08"
},
{
"kids":[],
"uid":"1761167954",
"parent":"zsLZFnhhK",
"text":"一个是国内的责任事故，另一个是国外的恐怖袭击，对他们是完全不同的两个事。人员伤亡不是他们的衡量标准。。。[蜡烛]",
"mid":"zsM15pXtL",
"date":"2013-04-18 23:24:32"
},
{
"kids":[],
"uid":"2047258047",
"parent":"zsLZFnhhK",
"text":"[衰]",
"mid":"zsM0Ksc46",
"date":"2013-04-18 23:23:41"
},
{
"kids":[],
"uid":"2073804421",
"parent":"zsLZFnhhK",
"text":"",
"mid":"zsM0Bhsl0",
"date":"2013-04-18 23:23:17"
},
{
"kids":[],
"uid":"1911587561",
"parent":"zsLZFnhhK",
"text":"选择性冷漠",
"mid":"zsM0xu7Dk",
"date":"2013-04-18 23:23:10"
},
{
"kids":[],
"uid":"wshuw",
"parent":"zsLZFnhhK",
"text":"[蜡烛]",
"mid":"zsM0wg2Ab",
"date":"2013-04-18 23:23:09"
},
{
"kids":[],
"uid":"pingchuan",
"parent":"zsLZFnhhK",
"text":"",
"mid":"zsM0hto8Q",
"date":"2013-04-18 23:22:33"
},
{
"kids":[
"zsSTRxqad",
"zsRq5fud9",
"zsQN7nL8s",
"zsPkipasc",
"zsOZJ61EQ",
"zsOVh75ee",
"zsOHb3KoP",
"zsOaKf5pa",
"zsMTI7my7",
"zsMFddlnH",
"zsMkun5cs",
"zsMhrf5SC",
"zsMdFfrrZ",
"zsM7hzFM3",
"zsM5d2nUF",
"zsM4Upakb",
"zsM45iRyv",
"zsM3Mo2K2",
"zsM3HlteB",
"zsM2ndtrz",
"zsM1HxfOH",
"zsM1m3Uou",
"zsM15pXtL",
"zsM0Ksc46",
"zsM0Bhsl0",
"zsM0xu7Dk",
"zsM0wg2Ab",
"zsM0hto8Q"
],
"uid":"daxiannv",
"parent":"zszwwn7QC",
"text":"悲，哀[蜡烛]",
"mid":"zsLZFnhhK",
"date":"2013-04-18 23:21:03"
},
{
"kids":[],
"uid":"1867681902",
"parent":"",
"text":"",
"mid":"zsJHhg4U5",
"date":"2013-04-18 17:30:14"
},
{
"kids":[],
"uid":"2184419460",
"parent":"zsxKmleXm",
"text":"",
"mid":"zsIcyt7GG",
"date":"2013-04-18 13:41:48"
},
{
"kids":[],
"uid":"1851444891",
"parent":"zszojenlX",
"text":"",
"mid":"zsCKB8IZg",
"date":"2013-04-17 23:49:11"
},
{
"kids":[],
"uid":"3036529097",
"parent":"zsyf4xk9B",
"text":"央视大有问题，我当年撕人民日报，扔红旗杂志，今想砸央视，又恐损坏电视机。",
"mid":"zsBB47OPq",
"date":"2013-04-17 20:52:56"
},
{
"kids":[],
"uid":"1812725723",
"parent":"zsy0YrCDq",
"text":"[给力]",
"mid":"zsAXNdV8H",
"date":"2013-04-17 19:16:10"
},
{
"kids":[],
"uid":"jackyuyu",
"parent":"",
"text":"",
"mid":"zsAgZ7aQH",
"date":"2013-04-17 17:30:44"
},
{
"kids":[],
"uid":"merry99",
"parent":"zsxwAouYx",
"text":"兲",
"mid":"zsAc9arwm",
"date":"2013-04-17 17:18:48"
},
{
"kids":[
"zsLZFnhhK"
],
"uid":"2097986453",
"parent":"zsyxh0G8e",
"text":"人家那是稀罕，我们这是常见",
"mid":"zszwwn7QC",
"date":"2013-04-17 15:36:15"
},
{
"kids":[
"zsCKB8IZg"
],
"uid":"2003470895",
"parent":"zsyKf1DSg",
"text":"",
"mid":"zszojenlX",
"date":"2013-04-17 15:16:02"
},
{
"kids":[],
"uid":"2131041520",
"parent":"",
"text":"",
"mid":"zszjbA77g",
"date":"2013-04-17 15:03:25"
},
{
"kids":[],
"uid":"2626738383",
"parent":"zsy4Y46pJ",
"text":"",
"mid":"zszhJ9e7b",
"date":"2013-04-17 14:59:49"
},
{
"kids":[],
"uid":"2473611687",
"parent":"zsxEukGnj",
"text":"央视可耻!@联合国教科文组织驻华代表处",
"mid":"zsyT89P5f",
"date":"2013-04-17 13:59:13"
},
{
"kids":[],
"uid":"740446057",
"parent":"",
"text":"",
"mid":"zsyS32uLx",
"date":"2013-04-17 13:56:32"
},
{
"kids":[],
"uid":"1770200987",
"parent":"",
"text":"",
"mid":"zsyPEag34",
"date":"2013-04-17 13:50:38"
},
{
"kids":[
"zszojenlX"
],
"uid":"2453304925",
"parent":"",
"text":"",
"mid":"zsyKf1DSg",
"date":"2013-04-17 13:37:19"
},
{
"kids":[],
"uid":"zhangxiaoyun927",
"parent":"",
"text":"",
"mid":"zsyHBAe8n",
"date":"2013-04-17 13:30:50"
},
{
"kids":[],
"uid":"2370363440",
"parent":"",
"text":"我期盼着新闻联播的大结局[怒]，愿逝者安息[蜡烛]",
"mid":"zsyH7cGLa",
"date":"2013-04-17 13:29:37"
},
{
"kids":[],
"uid":"2245874700",
"parent":"",
"text":"",
"mid":"zsyAwcJnS",
"date":"2013-04-17 13:13:22"
},
{
"kids":[],
"uid":"533753567",
"parent":"",
"text":"这个国度太缺乏真相！[怒]",
"mid":"zsyyUCNd0",
"date":"2013-04-17 13:09:25"
},
{
"kids":[
"zszwwn7QC"
],
"uid":"ada11",
"parent":"zsy4Y46pJ",
"text":"",
"mid":"zsyxh0G8e",
"date":"2013-04-17 13:05:22"
},
{
"kids":[],
"uid":"2096056547",
"parent":"",
"text":"",
"mid":"zsyvGzXGY",
"date":"2013-04-17 13:01:27"
},
{
"kids":[],
"uid":"2367867694",
"parent":"",
"text":"@浮夸之车 @祥云吉祥 @xiao枫继续吹 @掌上吴川",
"mid":"zsypsnQJf",
"date":"2013-04-17 12:46:07"
},
{
"kids":[],
"uid":"lvqigui",
"parent":"",
"text":"",
"mid":"zsyoPEX0O",
"date":"2013-04-17 12:44:36"
},
{
"kids":[],
"uid":"2119431577",
"parent":"",
"text":"",
"mid":"zsyoE9FEQ",
"date":"2013-04-17 12:44:06"
},
{
"kids":[],
"uid":"1788901907",
"parent":"",
"text":"",
"mid":"zsynhky28",
"date":"2013-04-17 12:40:45"
},
{
"kids":[],
"uid":"kongchao1989",
"parent":"zsxEukGnj",
"text":"唉！！！ 生命诚可贵",
"mid":"zsymZBUfb",
"date":"2013-04-17 12:40:04"
},
{
"kids":[],
"uid":"1978832877",
"parent":"zsy2Je9lj",
"text":"[蜡烛]",
"mid":"zsyl9gaH4",
"date":"2013-04-17 12:35:29"
},
{
"kids":[],
"uid":"1554855211",
"parent":"",
"text":"",
"mid":"zsykEhqLx",
"date":"2013-04-17 12:34:16"
},
{
"kids":[],
"uid":"1409513111",
"parent":"zsxH83c7V",
"text":"波士顿的我知道！有一中国人遇难了……",
"mid":"zsygaaHJ5",
"date":"2013-04-17 12:23:13"
},
{
"kids":[],
"uid":"1899080853",
"parent":"",
"text":"这就是他们倡导的所谓正能量具体案例！",
"mid":"zsyg07MmR",
"date":"2013-04-17 12:22:48"
},
{
"kids":[
"zsBB47OPq"
],
"uid":"2691739247",
"parent":"",
"text":"央视的新闻是播给家小在美国的某某们看的！[怒]",
"mid":"zsyf4xk9B",
"date":"2013-04-17 12:20:32"
},
{
"kids":[
"zszhJ9e7b",
"zsyxh0G8e"
],
"uid":"stephennie",
"parent":"",
"text":"[弱][弱][弱]",
"mid":"zsy4Y46pJ",
"date":"2013-04-17 11:55:38"
},
{
"kids":[],
"uid":"1624349774",
"parent":"",
"text":"",
"mid":"zsy3Xq5D3",
"date":"2013-04-17 11:53:09"
},
{
"kids":[],
"uid":"812280128",
"parent":"",
"text":"你们这些人真的在看新闻吗？每天播得每一条新闻你们真的都知道吗？在这种时候你们这些人也挺积极！",
"mid":"zsy3TA7tn",
"date":"2013-04-17 11:53:00"
},
{
"kids":[
"zsyl9gaH4"
],
"uid":"2046812237",
"parent":"zsxWlxnno",
"text":"[蜡烛]",
"mid":"zsy2Je9lj",
"date":"2013-04-17 11:50:07"
},
{
"kids":[],
"uid":"1892601394",
"parent":"",
"text":"",
"mid":"zsy1lsAGY",
"date":"2013-04-17 11:46:43"
},
{
"kids":[
"zsAXNdV8H"
],
"uid":"2996286644",
"parent":"",
"text":"",
"mid":"zsy0YrCDq",
"date":"2013-04-17 11:45:47"
},
{
"kids":[],
"uid":"2380776637",
"parent":"",
"text":"Repost Weibo",
"mid":"zsxZi8JSY",
"date":"2013-04-17 11:41:40"
},
{
"kids":[],
"uid":"2484590997",
"parent":"zsxKjpN8e",
"text":"",
"mid":"zsxYy5JQD",
"date":"2013-04-17 11:39:48"
},
{
"kids":[],
"uid":"2285165517",
"parent":"",
"text":"",
"mid":"zsxXrct1r",
"date":"2013-04-17 11:37:05"
},
{
"kids":[
"zsy2Je9lj"
],
"uid":"jerry114",
"parent":"zsxVjF9NG",
"text":"[蜡烛]",
"mid":"zsxWlxnno",
"date":"2013-04-17 11:34:24"
},
{
"kids":[],
"uid":"2064628430",
"parent":"",
"text":"PARTY的本性如此啊,习惯了",
"mid":"zsxW3twKt",
"date":"2013-04-17 11:33:41"
},
{
"kids":[
"zsxWlxnno"
],
"uid":"jrunx",
"parent":"",
"text":"[蜡烛] 今天地铁里面循环播放波士顿爆炸事件 这种时候媒体最积极了",
"mid":"zsxVjF9NG",
"date":"2013-04-17 11:31:51"
},
{
"kids":[],
"uid":"376684272",
"parent":"",
"text":"",
"mid":"zsxUIrYaz",
"date":"2013-04-17 11:30:23"
},
{
"kids":[],
"uid":"1808962650",
"parent":"",
"text":"",
"mid":"zsxTQ7IAg",
"date":"2013-04-17 11:28:13"
},
{
"kids":[],
"uid":"oldvivian",
"parent":"zsxuF0neJ",
"text":"难道这个也有恐怖袭击？",
"mid":"zsxNwxoG2",
"date":"2013-04-17 11:12:41"
},
{
"kids":[],
"uid":"tossking",
"parent":"",
"text":"西西TV总是在关心万里之外的国际友人的灾难，却对近在眼前的同胞的苦难视而不见。",
"mid":"zsxN05G5a",
"date":"2013-04-17 11:11:22"
},
{
"kids":[
"zsIcyt7GG"
],
"uid":"lee3333",
"parent":"",
"text":"",
"mid":"zsxKmleXm",
"date":"2013-04-17 11:04:52"
},
{
"kids":[
"zsxYy5JQD"
],
"uid":"1405869480",
"parent":"",
"text":"[怒]",
"mid":"zsxKjpN8e",
"date":"2013-04-17 11:04:44"
},
{
"kids":[
"zsygaaHJ5"
],
"uid":"jesszz",
"parent":"",
"text":"[蜡烛]",
"mid":"zsxH83c7V",
"date":"2013-04-17 10:56:53"
},
{
"kids":[],
"uid":"leowuxing",
"parent":"zsxuxAPOy",
"text":"",
"mid":"zsxGdy5Im",
"date":"2013-04-17 10:54:39"
},
{
"kids":[],
"uid":"2424462377",
"parent":"",
"text":"",
"mid":"zsxFz75lL",
"date":"2013-04-17 10:53:02"
},
{
"kids":[],
"uid":"xiaochenlu",
"parent":"",
"text":"",
"mid":"zsxFu5ns1",
"date":"2013-04-17 10:52:49"
},
{
"kids":[],
"uid":"1785707622",
"parent":"",
"text":"[蜡烛]",
"mid":"zsxFmEejx",
"date":"2013-04-17 10:52:35"
},
{
"kids":[
"zsyT89P5f",
"zsymZBUfb"
],
"uid":"1863725292",
"parent":"",
"text":"装电视台乃我泱泱大中华之幸福源泉啊。世界各地人民都特么生活在水深火热之中啊！唯有我大中华举国上下一片祥和啊有木有！走狗！",
"mid":"zsxEukGnj",
"date":"2013-04-17 10:50:23"
},
{
"kids":[],
"uid":"1567434273",
"parent":"",
"text":"",
"mid":"zsxDStStK",
"date":"2013-04-17 10:48:54"
},
{
"kids":[],
"uid":"guojingwen110",
"parent":"",
"text":"",
"mid":"zsxDE1gZN",
"date":"2013-04-17 10:48:19"
},
{
"kids":[],
"uid":"1902841717",
"parent":"",
"text":"",
"mid":"zsxDo3MEK",
"date":"2013-04-17 10:47:41"
},
{
"kids":[],
"uid":"iloveyimengfengge",
"parent":"",
"text":"",
"mid":"zsxCGj1CI",
"date":"2013-04-17 10:45:56"
},
{
"kids":[],
"uid":"1614332560",
"parent":"",
"text":"",
"mid":"zsxChtypG",
"date":"2013-04-17 10:44:57"
},
{
"kids":[],
"uid":"2628749723",
"parent":"",
"text":"",
"mid":"zsxBP95Lq",
"date":"2013-04-17 10:43:50"
},
{
"kids":[],
"uid":"1840206735",
"parent":"",
"text":"",
"mid":"zsxAbbTOU",
"date":"2013-04-17 10:39:47"
},
{
"kids":[],
"uid":"1854988915",
"parent":"",
"text":"@央视新闻 给忘记了吧！~",
"mid":"zsxzM3k7R",
"date":"2013-04-17 10:38:47"
},
{
"kids":[],
"uid":"2053216713",
"parent":"",
"text":"无耻央视",
"mid":"zsxyw3RI4",
"date":"2013-04-17 10:35:41"
},
{
"kids":[],
"uid":"2033397614",
"parent":"",
"text":"",
"mid":"zsxxFtAEu",
"date":"2013-04-17 10:33:36"
},
{
"kids":[
"zsAc9arwm"
],
"uid":"1447816421",
"parent":"zsxuxB8y6",
"text":"",
"mid":"zsxwAouYx",
"date":"2013-04-17 10:30:56"
},
{
"kids":[],
"uid":"2805834722",
"parent":"",
"text":"",
"mid":"zsxwa8uio",
"date":"2013-04-17 10:29:53"
},
{
"kids":[],
"uid":"1405046803",
"parent":"zsxuxAPOy",
"text":"",
"mid":"zsxvzr6ow",
"date":"2013-04-17 10:28:25"
},
{
"kids":[],
"uid":"1920585111",
"parent":"",
"text":"",
"mid":"zsxvqAFsY",
"date":"2013-04-17 10:28:05"
},
{
"kids":[],
"uid":"1847932357",
"parent":"",
"text":"[怒]无耻央视",
"mid":"zsxuHDF76",
"date":"2013-04-17 10:26:18"
},
{
"kids":[
"zsxNwxoG2"
],
"uid":"ft1831473",
"parent":"",
"text":"",
"mid":"zsxuF0neJ",
"date":"2013-04-17 10:26:11"
},
{
"kids":[
"zsxwAouYx"
],
"uid":"yizhicangying",
"parent":"",
"text":"",
"mid":"zsxuxB8y6",
"date":"2013-04-17 10:25:54"
},
{
"kids":[
"zsxGdy5Im",
"zsxvzr6ow"
],
"uid":"2187191772",
"parent":"",
"text":"",
"mid":"zsxuxAPOy",
"date":"2013-04-17 10:25:54"
},
{
"kids":[],
"uid":"2491745984",
"parent":"",
"text":"",
"mid":"zsxudwzXQ",
"date":"2013-04-17 10:25:07"
},
{
"kids":[],
"uid":"2037367543",
"parent":"",
"text":"麻逼的央视……",
"mid":"zsxtC0Zhy",
"date":"2013-04-17 10:23:36"
},
{
"kids":[],
"uid":"2566819303",
"parent":"",
"text":"",
"mid":"zsxtmjJ7a",
"date":"2013-04-17 10:22:58"
},
{
"kids":[],
"uid":"fanitya",
"parent":"",
"text":"",
"mid":"zsxte6SQ8",
"date":"2013-04-17 10:22:39"
},
{
"kids":[],
"uid":"2103556724",
"parent":"",
"text":"",
"mid":"zsxtckoxH",
"date":"2013-04-17 10:22:34"
},
{
"kids":[],
"uid":"2487952382",
"parent":"",
"text":"",
"mid":"zsxsKcv3O",
"date":"2013-04-17 10:21:28"
}
]