[
{
"kids":[],
"uid":"2804740294",
"parent":"yCrax0Xuf",
"text":"",
"mid":"yElzgrcj5",
"date":"2012-10-01 03:23:55"
},
{
"kids":[],
"uid":"2803875224",
"parent":"yCrax0Xuf",
"text":"",
"mid":"yElzgqwGQ",
"date":"2012-10-01 03:23:55"
},
{
"kids":[],
"uid":"1582562010",
"parent":"yCrax0Xuf",
"text":"",
"mid":"yElsftwqj",
"date":"2012-10-01 03:06:38"
},
{
"kids":[],
"uid":"1440675155",
"parent":"yCrax0Xuf",
"text":"",
"mid":"yElsftwph",
"date":"2012-10-01 03:06:38"
},
{
"kids":[],
"uid":"2920540404",
"parent":"yCrax0Xuf",
"text":"",
"mid":"yE9ISm3Eh",
"date":"2012-09-29 21:14:35"
},
{
"kids":[],
"uid":"1583072194",
"parent":"yCrax0Xuf",
"text":"",
"mid":"yE9ISm3we",
"date":"2012-09-29 21:14:38"
},
{
"kids":[],
"uid":"2790023342",
"parent":"yCr4IdAPA",
"text":"",
"mid":"yDSdq2Sxt",
"date":"2012-09-28 00:40:26"
},
{
"kids":[],
"uid":"1583943534",
"parent":"yCr4IdAPA",
"text":"",
"mid":"yDSdq2SuI",
"date":"2012-09-28 00:40:23"
},
{
"kids":[],
"uid":"2920361872",
"parent":"yCrax0Xuf",
"text":"",
"mid":"yDQNXazW0",
"date":"2012-09-27 21:04:54"
},
{
"kids":[],
"uid":"2804388212",
"parent":"yCr4IdAPA",
"text":"",
"mid":"yDOnKsjvX",
"date":"2012-09-27 14:54:52"
},
{
"kids":[],
"uid":"2804128662",
"parent":"yCr4IdAPA",
"text":"",
"mid":"yDOnKqz6G",
"date":"2012-09-27 14:54:54"
},
{
"kids":[],
"uid":"2920039270",
"parent":"yCrax0Xuf",
"text":"",
"mid":"yDAt9CYIF",
"date":"2012-09-26 03:29:46"
},
{
"kids":[],
"uid":"1581821491",
"parent":"yCrax0Xuf",
"text":"",
"mid":"yDzsjzU43",
"date":"2012-09-26 00:54:57"
},
{
"kids":[],
"uid":"2790083500",
"parent":"yCrax0Xuf",
"text":"",
"mid":"yDzsjzU0F",
"date":"2012-09-26 00:54:56"
},
{
"kids":[],
"uid":"2920282070",
"parent":"yCrax0Xuf",
"text":"",
"mid":"yDvWEaZE1",
"date":"2012-09-25 15:58:41"
},
{
"kids":[],
"uid":"2789790380",
"parent":"yCrax0Xuf",
"text":"",
"mid":"yDvWEaZyN",
"date":"2012-09-25 15:58:41"
},
{
"kids":[],
"uid":"2919498202",
"parent":"yCrax0Xuf",
"text":"",
"mid":"yDps11abl",
"date":"2012-09-24 23:26:41"
},
{
"kids":[],
"uid":"2809901580",
"parent":"yCrax0Xuf",
"text":"",
"mid":"yDps0pwmS",
"date":"2012-09-24 23:26:41"
},
{
"kids":[],
"uid":"2803211604",
"parent":"yCrax0Xuf",
"text":"",
"mid":"yD7H7ybG2",
"date":"2012-09-23 02:14:29"
},
{
"kids":[],
"uid":"2919500110",
"parent":"yCrax0Xuf",
"text":"",
"mid":"yD7H701NV",
"date":"2012-09-23 02:14:27"
},
{
"kids":[],
"uid":"1440502017",
"parent":"yCrax0Xuf",
"text":"",
"mid":"yCQgB4Paj",
"date":"2012-09-21 05:52:28"
},
{
"kids":[],
"uid":"2919745132",
"parent":"yCrax0Xuf",
"text":"",
"mid":"yCJzZkyG6",
"date":"2012-09-20 12:51:01"
},
{
"kids":[],
"uid":"2920097134",
"parent":"yCrax0Xuf",
"text":"",
"mid":"yCJzZkyEm",
"date":"2012-09-20 12:51:01"
},
{
"kids":[],
"uid":"1588464213",
"parent":"yCrax0Xuf",
"text":"",
"mid":"yCDZ7rxFc",
"date":"2012-09-19 22:36:27"
},
{
"kids":[],
"uid":"2789846350",
"parent":"yCrax0Xuf",
"text":"",
"mid":"yCDZ7qxMr",
"date":"2012-09-19 22:36:24"
},
{
"kids":[],
"uid":"2435720313",
"parent":"",
"text":"贱死了[挖鼻屎]",
"mid":"yCuXKpHAI",
"date":"2012-09-18 23:38:22"
},
{
"kids":[],
"uid":"2091195882",
"parent":"yCu7b9bhi",
"text":"被人利用了",
"mid":"yCutFzFXe",
"date":"2012-09-18 22:24:13"
},
{
"kids":[],
"uid":"feng450967061",
"parent":"",
"text":"爱国是一种精神，而且现在的中国并不是1937年的中国，清醒吧",
"mid":"yCuq1wbao",
"date":"2012-09-18 22:15:16"
},
{
"kids":[],
"uid":"supermanmanwong",
"parent":"yCu7b9bhi",
"text":"回复@萊斯頓零Roystan:[抓狂]叼，又俾人呃咗",
"mid":"yCuoCm1VH",
"date":"2012-09-18 22:11:49"
},
{
"kids":[],
"uid":"1827595460",
"parent":"yCuelwTsO",
"text":"[怒][怒][怒]",
"mid":"yCuezteU7",
"date":"2012-09-18 21:47:03"
},
{
"kids":[
"yCuezteU7"
],
"uid":"1767021427",
"parent":"",
"text":"",
"mid":"yCuelwTsO",
"date":"2012-09-18 21:46:31"
},
{
"kids":[
"yCutFzFXe",
"yCuoCm1VH"
],
"uid":"supermanmanwong",
"parent":"yCtSVkHsk",
"text":"原来就系哩两条杏加橙吖[愤怒]",
"mid":"yCu7b9bhi",
"date":"2012-09-18 21:28:46"
},
{
"kids":[],
"uid":"2497405454",
"parent":"",
"text":"",
"mid":"yCu72zIVH",
"date":"2012-09-18 21:28:30"
},
{
"kids":[],
"uid":"2827718242",
"parent":"",
"text":"一点多不像中国人，中国人又长得那么丑的吗？没有！！[怒]",
"mid":"yCu4B1gps",
"date":"2012-09-18 21:22:28"
},
{
"kids":[],
"uid":"1725153203",
"parent":"yCrax0Xuf",
"text":"要理性爱国！",
"mid":"yCtWydZ9g",
"date":"2012-09-18 21:02:39"
},
{
"kids":[
"yCu7b9bhi"
],
"uid":"michellelyw",
"parent":"",
"text":"转发微博。",
"mid":"yCtSVkHsk",
"date":"2012-09-18 20:53:43"
},
{
"kids":[],
"uid":"1817622635",
"parent":"",
"text":"",
"mid":"yCtRaAa7I",
"date":"2012-09-18 20:49:22"
},
{
"kids":[],
"uid":"2013637767",
"parent":"yCtvU4s6T",
"text":"[吐]",
"mid":"yCtMzrJ7k",
"date":"2012-09-18 20:38:04"
},
{
"kids":[],
"uid":"1851171164",
"parent":"",
"text":"必须终身监禁",
"mid":"yCtE3pHMG",
"date":"2012-09-18 20:17:02"
},
{
"kids":[],
"uid":"1873528700",
"parent":"yCtACCx3Q",
"text":"",
"mid":"yCtBc6Ca7",
"date":"2012-09-18 20:10:02"
},
{
"kids":[
"yCtBc6Ca7"
],
"uid":"1868116174",
"parent":"",
"text":"日本狗滚出去",
"mid":"yCtACCx3Q",
"date":"2012-09-18 20:08:38"
},
{
"kids":[],
"uid":"2216553944",
"parent":"",
"text":"一睇就知系死日本鬼子，枪毙N次都五够",
"mid":"yCtA14Cd7",
"date":"2012-09-18 20:07:08"
},
{
"kids":[],
"uid":"1841483634",
"parent":"",
"text":"滚",
"mid":"yCtyi8RRm",
"date":"2012-09-18 20:02:53"
},
{
"kids":[
"yCtMzrJ7k"
],
"uid":"simin1206",
"parent":"",
"text":"",
"mid":"yCtvU4s6T",
"date":"2012-09-18 19:56:57"
},
{
"kids":[],
"uid":"mandy1006",
"parent":"",
"text":"滾出中國",
"mid":"yCtuuDpYx",
"date":"2012-09-18 19:53:32"
},
{
"kids":[],
"uid":"ljdao",
"parent":"",
"text":"[怒][怒]",
"mid":"yCttirCMu",
"date":"2012-09-18 19:50:34"
},
{
"kids":[],
"uid":"1860724800",
"parent":"",
"text":"转发微博。",
"mid":"yCts4wI4A",
"date":"2012-09-18 19:47:35"
},
{
"kids":[],
"uid":"2043567287",
"parent":"",
"text":"到头来还是日本狗日的搞鬼！[怒][怒][怒][怒]",
"mid":"yCtoC1HWT",
"date":"2012-09-18 19:39:02"
},
{
"kids":[],
"uid":"1998092573",
"parent":"",
"text":"日本人就JB长这蒙面超人 近乎2B的模样一眼就看出不对了，游行的人都不知道眼睛长在哪",
"mid":"yCtiz3aoz",
"date":"2012-09-18 19:24:05"
},
{
"kids":[],
"uid":"1847504962",
"parent":"yCtc08vBs",
"text":"",
"mid":"yCtgLD5wo",
"date":"2012-09-18 19:19:42"
},
{
"kids":[
"yCtgLD5wo"
],
"uid":"alarytam",
"parent":"",
"text":"真的吗？",
"mid":"yCtc08vBs",
"date":"2012-09-18 19:07:58"
},
{
"kids":[],
"uid":"1804369050",
"parent":"yCt6zxWRY",
"text":"",
"mid":"yCt7pigap",
"date":"2012-09-18 18:56:39"
},
{
"kids":[
"yCt7pigap"
],
"uid":"1769634182",
"parent":"yCsZG0LzZ",
"text":"",
"mid":"yCt6zxWRY",
"date":"2012-09-18 18:54:36"
},
{
"kids":[],
"uid":"1839678161",
"parent":"",
"text":"別再上當了   腦殘們",
"mid":"yCsZHs6Qg",
"date":"2012-09-18 18:37:37"
},
{
"kids":[
"yCt6zxWRY"
],
"uid":"206830789",
"parent":"",
"text":"",
"mid":"yCsZG0LzZ",
"date":"2012-09-18 18:37:36"
},
{
"kids":[],
"uid":"2427643415",
"parent":"",
"text":"",
"mid":"yCsTiBC8a",
"date":"2012-09-18 18:21:55"
},
{
"kids":[],
"uid":"2086435431",
"parent":"",
"text":"",
"mid":"yCsIAmfUh",
"date":"2012-09-18 17:55:29"
},
{
"kids":[],
"uid":"2391524764",
"parent":"",
"text":"间谍[鄙视]",
"mid":"yCsxtfXzQ",
"date":"2012-09-18 17:28:07"
},
{
"kids":[],
"uid":"1729034235",
"parent":"yCqITb6yE",
"text":"不是辟谣了吗",
"mid":"yCsmV3RmJ",
"date":"2012-09-18 17:02:07"
},
{
"kids":[],
"uid":"2026768403",
"parent":"yCrax0Xuf",
"text":"@菲利普杨",
"mid":"yCsccc5wl",
"date":"2012-09-18 16:35:41"
},
{
"kids":[],
"uid":"2373172842",
"parent":"yCrTCnnQq",
"text":"对!明智抗日",
"mid":"yCs7Uugir",
"date":"2012-09-18 16:25:09"
},
{
"kids":[],
"uid":"1831788727",
"parent":"yCrYcDjbc",
"text":"",
"mid":"yCrZyfzzL",
"date":"2012-09-18 16:04:33"
},
{
"kids":[
"yCrZyfzzL"
],
"uid":"lxnuriko",
"parent":"",
"text":"举报PO主放流料？",
"mid":"yCrYcDjbc",
"date":"2012-09-18 16:01:14"
},
{
"kids":[
"yCs7Uugir"
],
"uid":"2252907080",
"parent":"yCqMY5EfW",
"text":"轉發微博",
"mid":"yCrTCnnQq",
"date":"2012-09-18 15:49:54"
},
{
"kids":[],
"uid":"woniupapaisme",
"parent":"",
"text":"[怒]",
"mid":"yCrxafMht",
"date":"2012-09-18 14:54:37"
},
{
"kids":[],
"uid":"wing0623",
"parent":"yCr3o5Q4Y",
"text":"",
"mid":"yCroeynUq",
"date":"2012-09-18 14:32:35"
},
{
"kids":[],
"uid":"1768029002",
"parent":"yCqQ1rZcr",
"text":"",
"mid":"yCrfmCArd",
"date":"2012-09-18 14:10:45"
},
{
"kids":[],
"uid":"1777680023",
"parent":"yCqQTA1Xh",
"text":"造假也要专业点，回车箭头都没去。我就不明白了，中国人怎么可以这么没下限",
"mid":"yCrdRx46d",
"date":"2012-09-18 14:07:04"
},
{
"kids":[],
"uid":"1849269884",
"parent":"",
"text":"",
"mid":"yCrcNBFSJ",
"date":"2012-09-18 14:04:25"
},
{
"kids":[],
"uid":"sandyhlh",
"parent":"yCqPx5Sf5",
"text":"扑街，甘贱的人都有！带距地去打靶[怒][怒][怒]死日本仔，系我地中国带头搞事！未死过啊？[抓狂][抓狂]",
"mid":"yCrcCr1wk",
"date":"2012-09-18 14:04:00"
},
{
"kids":[],
"uid":"cuteguagua",
"parent":"yCqW0lAcq",
"text":"",
"mid":"yCrb3ssLn",
"date":"2012-09-18 14:00:09"
},
{
"kids":[
"yElzgrcj5",
"yElzgqwGQ",
"yElsftwqj",
"yElsftwph",
"yE9ISm3Eh",
"yE9ISm3we",
"yDQNXazW0",
"yDAt9CYIF",
"yDzsjzU43",
"yDzsjzU0F",
"yDvWEaZE1",
"yDvWEaZyN",
"yDps11abl",
"yDps0pwmS",
"yD7H7ybG2",
"yD7H701NV",
"yCQgB4Paj",
"yCJzZkyG6",
"yCJzZkyEm",
"yCDZ7rxFc",
"yCDZ7qxMr",
"yCtWydZ9g",
"yCsccc5wl"
],
"uid":"mimiatgz",
"parent":"yCqPH8KUx",
"text":"",
"mid":"yCrax0Xuf",
"date":"2012-09-18 13:58:51"
},
{
"kids":[],
"uid":"sailouhei",
"parent":"",
"text":"自己用缝纫道具的剪刀，针，线弄自己的脸，自己缝眼皮做双眼皮，用剪刀剪自己的嘴巴。。。",
"mid":"yCr6msfXq",
"date":"2012-09-18 13:48:34"
},
{
"kids":[
"yDSdq2Sxt",
"yDSdq2SuI",
"yDOnKsjvX",
"yDOnKqz6G"
],
"uid":"2473295330",
"parent":"",
"text":"",
"mid":"yCr4IdAPA",
"date":"2012-09-18 13:44:30"
},
{
"kids":[
"yCroeynUq"
],
"uid":"1933099197",
"parent":"yCqW0lAcq",
"text":"",
"mid":"yCr3o5Q4Y",
"date":"2012-09-18 13:41:13"
},
{
"kids":[],
"uid":"2093550133",
"parent":"",
"text":"我就知道一定有奸细！",
"mid":"yCr27aOQ7",
"date":"2012-09-18 13:38:07"
},
{
"kids":[],
"uid":"2211393562",
"parent":"yCqZ8ddJ0",
"text":"@1y-沉溺在愛情裡",
"mid":"yCr1yiocL",
"date":"2012-09-18 13:36:42"
},
{
"kids":[],
"uid":"1893839662",
"parent":"yCqTsfZLn",
"text":"",
"mid":"yCr1q3Bug",
"date":"2012-09-18 13:36:24"
},
{
"kids":[],
"uid":"paladiny",
"parent":"yCqQTA1Xh",
"text":"智商是硬伤 唉",
"mid":"yCqZIeYJb",
"date":"2012-09-18 13:32:12"
},
{
"kids":[
"yCr1yiocL"
],
"uid":"immiumiu",
"parent":"",
"text":"你们都被博主钓鱼了 你们正好验证他的话...跟风哦~",
"mid":"yCqZ8ddJ0",
"date":"2012-09-18 13:30:46"
},
{
"kids":[],
"uid":"autoliferay",
"parent":"yCqPH8KUx",
"text":"就这么粗糙的WORD编辑也有人信，请用用大脑好吗？",
"mid":"yCqXG4X3R",
"date":"2012-09-18 13:27:11"
},
{
"kids":[
"yCrb3ssLn",
"yCr3o5Q4Y"
],
"uid":"johnsen",
"parent":"",
"text":"",
"mid":"yCqW0lAcq",
"date":"2012-09-18 13:23:03"
},
{
"kids":[],
"uid":"gansinimei",
"parent":"",
"text":"说是日本的你们就信?",
"mid":"yCqVou3PA",
"date":"2012-09-18 13:21:34"
},
{
"kids":[],
"uid":"2698735675",
"parent":"yCqOCkWXZ",
"text":"",
"mid":"yCqVcFaao",
"date":"2012-09-18 13:21:04"
},
{
"kids":[
"yCr1q3Bug"
],
"uid":"1894118601",
"parent":"yCqGGjc5e",
"text":"清醒下拉",
"mid":"yCqTsfZLn",
"date":"2012-09-18 13:16:47"
},
{
"kids":[],
"uid":"1772737172",
"parent":"yCqM6Can6",
"text":"",
"mid":"yCqSrExDZ",
"date":"2012-09-18 13:14:16"
},
{
"kids":[],
"uid":"1743551514",
"parent":"yCqRf9miU",
"text":"不管怎样,原微博的文字是十分对的",
"mid":"yCqS9AigV",
"date":"2012-09-18 13:13:35"
},
{
"kids":[
"yCqS9AigV"
],
"uid":"nehceoj",
"parent":"",
"text":"回复@sailouhei:假的假的",
"mid":"yCqRf9miU",
"date":"2012-09-18 13:11:20"
},
{
"kids":[],
"uid":"exodus1985",
"parent":"yCqPH8KUx",
"text":"",
"mid":"yCqR8CliR",
"date":"2012-09-18 13:11:05"
},
{
"kids":[
"yCrdRx46d",
"yCqZIeYJb"
],
"uid":"1859884634",
"parent":"yCqPH8KUx",
"text":"市桥在坐牢，大家不要盲信！",
"mid":"yCqQTA1Xh",
"date":"2012-09-18 13:10:29"
},
{
"kids":[
"yCrfmCArd"
],
"uid":"syetem",
"parent":"yCqPH8KUx",
"text":"",
"mid":"yCqQ1rZcr",
"date":"2012-09-18 13:08:20"
},
{
"kids":[],
"uid":"1794435862",
"parent":"yCqN89My2",
"text":"麻烦陷世界转啦，中国人自己打自己？肯定系奸细做嫁啦",
"mid":"yCqPWd4OY",
"date":"2012-09-18 13:08:06"
},
{
"kids":[
"yCrax0Xuf",
"yCqXG4X3R",
"yCqR8CliR",
"yCqQTA1Xh",
"yCqQ1rZcr"
],
"uid":"sailouhei",
"parent":"yCqM91y0J",
"text":"千万别相信，这是2011年在日本逮捕的英国女性杀人犯市桥达也，这张照片是他的整容前后的照片。他为了逃避自己亲手整容的。",
"mid":"yCqPH8KUx",
"date":"2012-09-18 13:07:30"
},
{
"kids":[
"yCrcCr1wk"
],
"uid":"2303071923",
"parent":"yCqMY5EfW",
"text":"可恨",
"mid":"yCqPx5Sf5",
"date":"2012-09-18 13:07:05"
},
{
"kids":[],
"uid":"wo4yc",
"parent":"",
"text":"无论是P的，还是怎样的，还是难免很多不法分子混杂在人群中，挑起暴动",
"mid":"yCqPfkwBN",
"date":"2012-09-18 13:06:25"
},
{
"kids":[
"yCqVcFaao"
],
"uid":"2022819785",
"parent":"yCqMY5EfW",
"text":"？？？？[疑问][吃惊]",
"mid":"yCqOCkWXZ",
"date":"2012-09-18 13:04:52"
},
{
"kids":[],
"uid":"zippocat",
"parent":"",
"text":"个样好有喜感，好似p上去甘[哈哈]",
"mid":"yCqOznMzK",
"date":"2012-09-18 13:04:44"
},
{
"kids":[],
"uid":"1954364835",
"parent":"yCqMY5EfW",
"text":"",
"mid":"yCqOjq2u9",
"date":"2012-09-18 13:04:06"
},
{
"kids":[
"yCqPWd4OY"
],
"uid":"138222923",
"parent":"yCqK8yzbo",
"text":"[怒][怒][怒]",
"mid":"yCqN89My2",
"date":"2012-09-18 13:01:12"
},
{
"kids":[
"yCrTCnnQq",
"yCqPx5Sf5",
"yCqOCkWXZ",
"yCqOjq2u9"
],
"uid":"1764273522",
"parent":"yCqH9iDIQ",
"text":"中国人边有咁样衰阿，睇清楚d拉，米跟埋晒d歪风邪气！！",
"mid":"yCqMY5EfW",
"date":"2012-09-18 13:00:47"
},
{
"kids":[],
"uid":"1835020820",
"parent":"yCqK8yzbo",
"text":"真的假的？右边那个日本人的照片我好像在别的新闻里面见过",
"mid":"yCqMjBavQ",
"date":"2012-09-18 12:59:12"
},
{
"kids":[
"yCqPH8KUx"
],
"uid":"1747360727",
"parent":"",
"text":"间谍[怒骂]",
"mid":"yCqM91y0J",
"date":"2012-09-18 12:58:44"
},
{
"kids":[
"yCqSrExDZ"
],
"uid":"1738706723",
"parent":"yCqK7FjJn",
"text":"",
"mid":"yCqM6Can6",
"date":"2012-09-18 12:58:39"
},
{
"kids":[],
"uid":"1980951737",
"parent":"yCqK8yzbo",
"text":"脑残的日本人[怒]",
"mid":"yCqLJz3lB",
"date":"2012-09-18 12:57:46"
},
{
"kids":[],
"uid":"277553952",
"parent":"yCqK8yzbo",
"text":"呢个吾系日本噶杀人犯乜？又在造谣！！",
"mid":"yCqLefy3S",
"date":"2012-09-18 12:56:30"
},
{
"kids":[],
"uid":"fatmay",
"parent":"yCqITb6yE",
"text":"http:",
"mid":"yCqL5F7Ap",
"date":"2012-09-18 12:56:11"
},
{
"kids":[
"yCqN89My2",
"yCqMjBavQ",
"yCqLJz3lB",
"yCqLefy3S"
],
"uid":"jejason",
"parent":"",
"text":"wo cao",
"mid":"yCqK8yzbo",
"date":"2012-09-18 12:53:50"
},
{
"kids":[
"yCqM6Can6"
],
"uid":"g320",
"parent":"",
"text":"大家要理志，唔好给小人用爱国噶名义来伤害自己人",
"mid":"yCqK7FjJn",
"date":"2012-09-18 12:53:46"
},
{
"kids":[
"yCsmV3RmJ",
"yCqL5F7Ap"
],
"uid":"fatmay",
"parent":"yCqGGjc5e",
"text":"呢个系假噶。相入面嘅2个人，我以前睇报纸见过，话佢犯法然后整容逃脱，最后被捉。试问佢宜家又点黎煽动暴乱呢",
"mid":"yCqITb6yE",
"date":"2012-09-18 12:50:45"
},
{
"kids":[
"yCqMY5EfW"
],
"uid":"1731839453",
"parent":"yCqGGjc5e",
"text":"日本仔就是懂耍心机阿！",
"mid":"yCqH9iDIQ",
"date":"2012-09-18 12:46:28"
},
{
"kids":[
"yCqTsfZLn",
"yCqITb6yE",
"yCqH9iDIQ"
],
"uid":"1750894400",
"parent":"",
"text":"[怒]",
"mid":"yCqGGjc5e",
"date":"2012-09-18 12:45:19"
},
{
"kids":[],
"uid":"silverlau",
"parent":"",
"text":"请@广州公安 处理造谣者。",
"mid":"yCqBIr0gU",
"date":"2012-09-18 12:33:03"
},
{
"kids":[],
"uid":"1o111o",
"parent":"yCpQdfazr",
"text":"带头打砸的原来是日本留学生，中国人就是喜欢跟风啊",
"mid":"yCqwdpvia",
"date":"2012-09-18 12:19:31"
},
{
"kids":[
"yCqwdpvia"
],
"uid":"1o111o",
"parent":"",
"text":"",
"mid":"yCpQdfazr",
"date":"2012-09-18 10:36:03"
},
{
"kids":[],
"uid":"2710918460",
"parent":"",
"text":"",
"mid":"yCpLlycQk",
"date":"2012-09-18 10:24:04"
},
{
"kids":[],
"uid":"1984550427",
"parent":"",
"text":"",
"mid":"yCpIqo5rA",
"date":"2012-09-18 10:16:52"
}
]