[
{
"kids":[],
"uid":"2919552520",
"parent":"zcXWZ1FMD",
"text":"",
"mid":"zoFQVncCi",
"date":"2013-03-23 00:21:49"
},
{
"kids":[],
"uid":"2919871584",
"parent":"zcXWZ1FMD",
"text":"",
"mid":"zoFQVm0Xf",
"date":"2013-03-23 00:21:45"
},
{
"kids":[],
"uid":"2919348570",
"parent":"zcXr4qSpz",
"text":"",
"mid":"zdkFsgXWI",
"date":"2013-01-07 10:12:30"
},
{
"kids":[],
"uid":"2804541802",
"parent":"",
"text":"",
"mid":"zdkx1gQzl",
"date":"2013-01-07 09:51:43"
},
{
"kids":[],
"uid":"1439577620",
"parent":"zcXr4qSpz",
"text":"",
"mid":"zd8sUt8Cf",
"date":"2013-01-06 03:08:39"
},
{
"kids":[],
"uid":"1777359010",
"parent":"",
"text":"",
"mid":"zd8igjZ2t",
"date":"2013-01-06 02:42:25"
},
{
"kids":[],
"uid":"2411868310",
"parent":"",
"text":"",
"mid":"zd5h2fwQ0",
"date":"2013-01-05 19:01:09"
},
{
"kids":[],
"uid":"1299533281",
"parent":"zd4xuuatl",
"text":"@Fernando_Deng",
"mid":"zd4BhaaeW",
"date":"2013-01-05 17:18:16"
},
{
"kids":[
"zd4BhaaeW"
],
"uid":"1958101622",
"parent":"zd3gSpB5i",
"text":"[吃惊][吃惊][吃惊]@海徽徽 @_小Jessie @毛米友 @蔣小優_YUKI",
"mid":"zd4xuuatl",
"date":"2013-01-05 17:08:57"
},
{
"kids":[],
"uid":"1274964422",
"parent":"",
"text":"您考证过吗？您看过这个节目吗？您检测过吗？请问您发布这条微博的依据是什么？",
"mid":"zd47B62x4",
"date":"2013-01-05 16:05:09"
},
{
"kids":[],
"uid":"1428827000",
"parent":"zd2Vl5zxm",
"text":"还有啥能喝的了？",
"mid":"zd3CZsojc",
"date":"2013-01-05 14:49:45"
},
{
"kids":[
"zd4xuuatl"
],
"uid":"1915710497",
"parent":"zd2NfAxgo",
"text":"",
"mid":"zd3gSpB5i",
"date":"2013-01-05 13:55:14"
},
{
"kids":[],
"uid":"ljconquer",
"parent":"zd2zgBBNp",
"text":"当年女足大家没少喝吧@出去走走87",
"mid":"zd2XrDG4e",
"date":"2013-01-05 13:07:24"
},
{
"kids":[
"zd3CZsojc"
],
"uid":"smilecrr",
"parent":"zd0P18V1f",
"text":"不能喝果粒橙了@Centurion85",
"mid":"zd2Vl5zxm",
"date":"2013-01-05 13:02:12"
},
{
"kids":[
"zd3gSpB5i"
],
"uid":"1789411577",
"parent":"",
"text":"",
"mid":"zd2NfAxgo",
"date":"2013-01-05 12:42:16"
},
{
"kids":[
"zd2XrDG4e"
],
"uid":"liujunjohn",
"parent":"zcXjXvpLT",
"text":"",
"mid":"zd2zgBBNp",
"date":"2013-01-05 12:07:50"
},
{
"kids":[],
"uid":"2533508505",
"parent":"zcXf8tpWs",
"text":"[衰]",
"mid":"zd2eB7WSz",
"date":"2013-01-05 11:16:54"
},
{
"kids":[],
"uid":"1462349735",
"parent":"zcXLWme0u",
"text":"@于口当口当 @dodo的do 快别喝了",
"mid":"zd1WTBIoC",
"date":"2013-01-05 10:33:18"
},
{
"kids":[],
"uid":"2552912377",
"parent":"zcWUz8Lg6",
"text":"@Villas-Bruce @幸运冬日冷雪 @CindyLi昕",
"mid":"zd1UObKAr",
"date":"2013-01-05 10:28:08"
},
{
"kids":[],
"uid":"lilyhuminfox",
"parent":"zd1Lvowc6",
"text":"@simon储 看看",
"mid":"zd1Md7GGq",
"date":"2013-01-05 10:06:59"
},
{
"kids":[
"zd1Md7GGq"
],
"uid":"2895796777",
"parent":"zd1idzQqr",
"text":"ocn",
"mid":"zd1Lvowc6",
"date":"2013-01-05 10:05:14"
},
{
"kids":[],
"uid":"3108695517",
"parent":"zd1tAnkul",
"text":"不会吧？我也好爱喝[吃惊][吃惊][吃惊]一直以为自己孕痴才变笨，原来是果粒橙搞的鬼！！！！杀无赦！！",
"mid":"zd1z4tHwH",
"date":"2013-01-05 09:34:34"
},
{
"kids":[
"zd1z4tHwH"
],
"uid":"bobowaisiji",
"parent":"",
"text":"靠，这可是我最爱喝的！以后再也不喝了。怪不得我感觉记忆力下降了呢，难道脑袋麻痹了？[抓狂]",
"mid":"zd1tAnkul",
"date":"2013-01-05 09:21:05"
},
{
"kids":[],
"uid":"1766211281",
"parent":"",
"text":"",
"mid":"zd1sVyotB",
"date":"2013-01-05 09:19:28"
},
{
"kids":[],
"uid":"278080816",
"parent":"",
"text":"出去吃饭，大多情况喝的是果粒橙啊啊啊~~",
"mid":"zd1kr0Pnb",
"date":"2013-01-05 08:58:32"
},
{
"kids":[
"zd1Lvowc6"
],
"uid":"1881039620",
"parent":"",
"text":"@建行理财2012-陈广汇",
"mid":"zd1idzQqr",
"date":"2013-01-05 08:53:03"
},
{
"kids":[],
"uid":"1660498814",
"parent":"zcX5NDPxC",
"text":"",
"mid":"zd1hsCAe8",
"date":"2013-01-05 08:51:13"
},
{
"kids":[],
"uid":"1197546690",
"parent":"zcX2WkwyV",
"text":"",
"mid":"zd1fooTEe",
"date":"2013-01-05 08:46:07"
},
{
"kids":[],
"uid":"2694362674",
"parent":"zcX1Rh4Eq",
"text":"额。要去体检了@Karen_Mok烨子",
"mid":"zd196Bl6J",
"date":"2013-01-05 08:30:37"
},
{
"kids":[],
"uid":"2384384417",
"parent":"zd0P18V1f",
"text":"一度很喜欢吃",
"mid":"zd11AjdxM",
"date":"2013-01-05 08:12:05"
},
{
"kids":[],
"uid":"2193318730",
"parent":"",
"text":"@YHY-Stephy",
"mid":"zd10M62OY",
"date":"2013-01-05 08:10:06"
},
{
"kids":[],
"uid":"1850715335",
"parent":"zcWWGlJiR",
"text":"幸好我现在不喝有味道的饮料了。。。",
"mid":"zd0Zl8lei",
"date":"2013-01-05 08:06:33"
},
{
"kids":[],
"uid":"garfieldluo",
"parent":"zcYeFgepa",
"text":"还好我不爱喝，很不爱喝",
"mid":"zd0YRinLg",
"date":"2013-01-05 08:05:23"
},
{
"kids":[],
"uid":"1714417815",
"parent":"zcXhvCvvF",
"text":"[衰]原来我是果粒橙喝傻了。",
"mid":"zd0Uahrp3",
"date":"2013-01-05 07:53:49"
},
{
"kids":[],
"uid":"1722121143",
"parent":"zcWWGlJiR",
"text":"",
"mid":"zd0SMexAa",
"date":"2013-01-05 07:50:23"
},
{
"kids":[],
"uid":"2790071982",
"parent":"",
"text":"",
"mid":"zd0R1deCp",
"date":"2013-01-05 07:46:04"
},
{
"kids":[
"zd2Vl5zxm",
"zd11AjdxM"
],
"uid":"yuandanpan",
"parent":"zcX2lnWCL",
"text":"",
"mid":"zd0P18V1f",
"date":"2013-01-05 07:41:08"
},
{
"kids":[],
"uid":"1583327023",
"parent":"",
"text":"",
"mid":"zd0j3fHRp",
"date":"2013-01-05 06:22:23"
},
{
"kids":[],
"uid":"2803727552",
"parent":"zcWZs0MoS",
"text":"",
"mid":"zcYGEFLLd",
"date":"2013-01-05 02:15:03"
},
{
"kids":[
"zd0YRinLg"
],
"uid":"hanmengting",
"parent":"zcXNayGZm",
"text":"转给老四看看〜@明明之中的天空 @陈_兜兜",
"mid":"zcYeFgepa",
"date":"2013-01-05 01:06:04"
},
{
"kids":[],
"uid":"llwzw",
"parent":"",
"text":"唉",
"mid":"zcY5WwTWf",
"date":"2013-01-05 00:44:33"
},
{
"kids":[],
"uid":"2081775825",
"parent":"",
"text":"[怒][怒][怒][怒]",
"mid":"zcY4UFTJr",
"date":"2013-01-05 00:42:04"
},
{
"kids":[],
"uid":"2509358930",
"parent":"",
"text":"啊哦！",
"mid":"zcY34lu7A",
"date":"2013-01-05 00:37:28"
},
{
"kids":[],
"uid":"1773293583",
"parent":"zcWW3mMWE",
"text":"@小小木爷 @飞行中的向阳花 @聆聼me 前天你喝了吗",
"mid":"zcXYBbgop",
"date":"2013-01-05 00:26:29"
},
{
"kids":[
"zoFQVncCi",
"zoFQVm0Xf"
],
"uid":"1659095864",
"parent":"zcWUr9G4y",
"text":"这个围脖绝对转发，希望大家可以互相告知啊!不幸的是前几天我刚喝过了，瓶子还没来得及扔！如果………大家知道的。",
"mid":"zcXWZ1FMD",
"date":"2013-01-05 00:22:29"
},
{
"kids":[
"zcYeFgepa"
],
"uid":"hpc8736",
"parent":"zcWSMC8Fr",
"text":"真的假的？前天刚喝了一瓶……",
"mid":"zcXNayGZm",
"date":"2013-01-04 23:58:21"
},
{
"kids":[],
"uid":"wangpengyue",
"parent":"zcWTNfUWe",
"text":"",
"mid":"zcXMFArxj",
"date":"2013-01-04 23:57:04"
},
{
"kids":[
"zd1WTBIoC"
],
"uid":"1110985501",
"parent":"zcWUz8Lg6",
"text":"赶紧下架啊[惊恐][惊恐][惊恐]",
"mid":"zcXLWme0u",
"date":"2013-01-04 23:55:19"
},
{
"kids":[],
"uid":"jxgz2010",
"parent":"zcXCCCWVl",
"text":"",
"mid":"zcXEZwhAz",
"date":"2013-01-04 23:38:12"
},
{
"kids":[
"zcXEZwhAz"
],
"uid":"2153432422",
"parent":"zcXr4qSpz",
"text":"@风继续吹_Rico 刚还喝这品牌的[哼][哼]",
"mid":"zcXCCCWVl",
"date":"2013-01-04 23:32:21"
},
{
"kids":[
"zdkFsgXWI",
"zd8sUt8Cf",
"zcXCCCWVl"
],
"uid":"2676324531",
"parent":"",
"text":"",
"mid":"zcXr4qSpz",
"date":"2013-01-04 23:03:54"
},
{
"kids":[],
"uid":"2116937517",
"parent":"",
"text":"[衰][衰]",
"mid":"zcXpVbnC5",
"date":"2013-01-04 23:01:04"
},
{
"kids":[],
"uid":"amanda20101128",
"parent":"zcWW3mMWE",
"text":"不要喝啦！",
"mid":"zcXkulsYs",
"date":"2013-01-04 22:47:41"
},
{
"kids":[
"zd2zgBBNp"
],
"uid":"2218789354",
"parent":"zcWSMC8Fr",
"text":"别喝啦别喝啊",
"mid":"zcXjXvpLT",
"date":"2013-01-04 22:46:23"
},
{
"kids":[],
"uid":"1308272241",
"parent":"zcXi8EZEN",
"text":"奶制品不敢喝，有塑化剂，可乐会杀精，果粒橙可以致癌。茅台也有塑化剂。还是喝水吧。",
"mid":"zcXiOjkHs",
"date":"2013-01-04 22:43:34"
},
{
"kids":[
"zcXiOjkHs"
],
"uid":"5pirate",
"parent":"zcXgZ8gZC",
"text":"以后直接喝敌敌畏！",
"mid":"zcXi8EZEN",
"date":"2013-01-04 22:41:54"
},
{
"kids":[],
"uid":"1685041847",
"parent":"zcXhnD9Ie",
"text":"擦",
"mid":"zcXhQjQzj",
"date":"2013-01-04 22:41:11"
},
{
"kids":[
"zd0Uahrp3"
],
"uid":"2155827545",
"parent":"",
"text":"我说我怎么越来越二、[哼][黑线][黑线]",
"mid":"zcXhvCvvF",
"date":"2013-01-04 22:40:20"
},
{
"kids":[
"zcXhQjQzj"
],
"uid":"2092651715",
"parent":"zcWW3mMWE",
"text":"这个。。。",
"mid":"zcXhnD9Ie",
"date":"2013-01-04 22:40:01"
},
{
"kids":[
"zcXi8EZEN"
],
"uid":"1308272241",
"parent":"zcXfgt8kC",
"text":"不是吧？那没有饮料可以喝了。。",
"mid":"zcXgZ8gZC",
"date":"2013-01-04 22:39:03"
},
{
"kids":[
"zcXgZ8gZC"
],
"uid":"5pirate",
"parent":"",
"text":"我艹[怒]",
"mid":"zcXfgt8kC",
"date":"2013-01-04 22:34:47"
},
{
"kids":[
"zd2eB7WSz"
],
"uid":"2150063765",
"parent":"zcX5NDPxC",
"text":"@草凡皮",
"mid":"zcXf8tpWs",
"date":"2013-01-04 22:34:31"
},
{
"kids":[],
"uid":"cocoleng",
"parent":"zcWSMC8Fr",
"text":"@cocolengcocoleng 你以后不能再喝了哦！",
"mid":"zcXdwzAVG",
"date":"2013-01-04 22:30:32"
},
{
"kids":[],
"uid":"1820621347",
"parent":"zcX2lnWCL",
"text":"目测假新闻，近期焦点访谈无此类节目，去年差不多这个时候是可口可乐自查发现多菌灵检出0.01ppm，并早已通报FDA是巴西种植户擅自喷洒的原因，顺便说句天朝安全标准是5ppm[汗]。。",
"mid":"zcXcTCRNF",
"date":"2013-01-04 22:28:58"
},
{
"kids":[],
"uid":"2428114712",
"parent":"zcWX0pA7P",
"text":"还好我不爱那个！我爱咖啡、茶、还有可乐",
"mid":"zcXawrDHt",
"date":"2013-01-04 22:23:08"
},
{
"kids":[],
"uid":"1873456564",
"parent":"",
"text":"当心果粒橙哦! [吃惊][抓狂] @得空抽根烟",
"mid":"zcX99ExUx",
"date":"2013-01-04 22:19:43"
},
{
"kids":[],
"uid":"zengyijuan",
"parent":"zcWWGlJiR",
"text":"有种又被骗了的感觉，还好现在类似饮料向来不太喝。",
"mid":"zcX7PvUVg",
"date":"2013-01-04 22:16:30"
},
{
"kids":[
"zd1hsCAe8",
"zcXf8tpWs"
],
"uid":"1893390314",
"parent":"zcWW9xj91",
"text":"[衰]",
"mid":"zcX5NDPxC",
"date":"2013-01-04 22:11:27"
},
{
"kids":[
"zd1fooTEe"
],
"uid":"2086841393",
"parent":"",
"text":"",
"mid":"zcX2WkwyV",
"date":"2013-01-04 22:04:24"
},
{
"kids":[],
"uid":"2566182890",
"parent":"",
"text":"",
"mid":"zcX2CgB9c",
"date":"2013-01-04 22:03:39"
},
{
"kids":[
"zd0P18V1f",
"zcXcTCRNF"
],
"uid":"1839411073",
"parent":"",
"text":"[晕]",
"mid":"zcX2lnWCL",
"date":"2013-01-04 22:03:00"
},
{
"kids":[
"zd196Bl6J"
],
"uid":"lhl1021",
"parent":"zcWYroJ9a",
"text":"@我要超越这平凡的生活 幸好今天中午我阻止了你。",
"mid":"zcX1Rh4Eq",
"date":"2013-01-04 22:01:45"
},
{
"kids":[],
"uid":"1413320982",
"parent":"zcWYroJ9a",
"text":"......",
"mid":"zcX1dDWhD",
"date":"2013-01-04 22:00:10"
},
{
"kids":[],
"uid":"1075021920",
"parent":"zcWW3mMWE",
"text":"@乖乖龙di龙 @SinDy_嘎嘎 @廖程 @咔咔嘶咪哒 @Yuk11111111",
"mid":"zcX12s2Be",
"date":"2013-01-04 21:59:44"
},
{
"kids":[],
"uid":"1482932161",
"parent":"",
"text":"臥槽的类MLGB",
"mid":"zcX0v23b4",
"date":"2013-01-04 21:58:26"
},
{
"kids":[
"zcYGEFLLd"
],
"uid":"2204266804",
"parent":"zcWZaBLFj",
"text":"我现在只喝纯净水，总好点",
"mid":"zcWZs0MoS",
"date":"2013-01-04 21:55:51"
},
{
"kids":[
"zcWZs0MoS"
],
"uid":"1944443744",
"parent":"",
"text":"不敢喝了@adelejun @短发的万小凤_普陀区二号家属 @阿陶妈褚某某",
"mid":"zcWZaBLFj",
"date":"2013-01-04 21:55:09"
},
{
"kids":[],
"uid":"1991287243",
"parent":"zcWX9BRyu",
"text":"",
"mid":"zcWYRlXmT",
"date":"2013-01-04 21:54:23"
},
{
"kids":[
"zcX1Rh4Eq",
"zcX1dDWhD"
],
"uid":"hktraveller",
"parent":"zcWW3mMWE",
"text":"",
"mid":"zcWYroJ9a",
"date":"2013-01-04 21:53:20"
},
{
"kids":[],
"uid":"2080502351",
"parent":"zcWW3mMWE",
"text":"美国谋害和统治世界的武器是农作物及催生手段",
"mid":"zcWYm5FYR",
"date":"2013-01-04 21:53:09"
},
{
"kids":[
"zcWYRlXmT"
],
"uid":"jeffchen1949",
"parent":"zcWW3mMWE",
"text":"天朝饮料和乳制品基本不碰。",
"mid":"zcWX9BRyu",
"date":"2013-01-04 21:50:10"
},
{
"kids":[
"zcXawrDHt"
],
"uid":"jjmaohome",
"parent":"zcWWGlJiR",
"text":"日，老子还多喜欢的！！！幸好现在喝茶的时候多",
"mid":"zcWX0pA7P",
"date":"2013-01-04 21:49:50"
},
{
"kids":[
"zd0Zl8lei",
"zd0SMexAa",
"zcX7PvUVg",
"zcWX0pA7P"
],
"uid":"1844189082",
"parent":"zcWW3mMWE",
"text":"！！！！！！！！！转出来多点人看到！",
"mid":"zcWWGlJiR",
"date":"2013-01-04 21:49:02"
},
{
"kids":[],
"uid":"311463777",
"parent":"",
"text":"",
"mid":"zcWWip5PR",
"date":"2013-01-04 21:48:05"
},
{
"kids":[
"zcX5NDPxC"
],
"uid":"572613344",
"parent":"",
"text":"[衰]",
"mid":"zcWW9xj91",
"date":"2013-01-04 21:47:45"
},
{
"kids":[],
"uid":"1937327334",
"parent":"zcWUr9G4y",
"text":"不喝了",
"mid":"zcWW9fuCf",
"date":"2013-01-04 21:47:43"
},
{
"kids":[
"zcXYBbgop",
"zcXkulsYs",
"zcXhnD9Ie",
"zcX12s2Be",
"zcWYroJ9a",
"zcWYm5FYR",
"zcWX9BRyu",
"zcWWGlJiR"
],
"uid":"gloriawql",
"parent":"",
"text":"還好從不喝",
"mid":"zcWW3mMWE",
"date":"2013-01-04 21:47:29"
},
{
"kids":[],
"uid":"2185776245",
"parent":"zcWUr9G4y",
"text":"我滴神哪！！@茗xin @鼻梁上的小麻子 @行走中的阿羊羽 @舞越之月光 @扭头追逐尾巴的加菲猫",
"mid":"zcWVA5xzW",
"date":"2013-01-04 21:46:19"
},
{
"kids":[],
"uid":"1953785273",
"parent":"",
"text":"",
"mid":"zcWUHa7uP",
"date":"2013-01-04 21:44:06"
},
{
"kids":[
"zd1UObKAr",
"zcXLWme0u"
],
"uid":"2267873655",
"parent":"",
"text":"@superqk_ 幸好昨天没点[惊恐]",
"mid":"zcWUz8Lg6",
"date":"2013-01-04 21:43:50"
},
{
"kids":[
"zcXWZ1FMD",
"zcWW9fuCf",
"zcWVA5xzW"
],
"uid":"311056999",
"parent":"zcWSMC8Fr",
"text":"",
"mid":"zcWUr9G4y",
"date":"2013-01-04 21:43:31"
},
{
"kids":[
"zcXMFArxj"
],
"uid":"1497051921",
"parent":"",
"text":"",
"mid":"zcWTNfUWe",
"date":"2013-01-04 21:41:55"
},
{
"kids":[
"zcXNayGZm",
"zcXjXvpLT",
"zcXdwzAVG",
"zcWUr9G4y"
],
"uid":"liumimi0601",
"parent":"",
"text":"别喝了！",
"mid":"zcWSMC8Fr",
"date":"2013-01-04 21:39:23"
},
{
"kids":[],
"uid":"2009048643",
"parent":"",
"text":"@一人饰两角 @哪儿G ，以后别喝了！",
"mid":"zcWSy86vK",
"date":"2013-01-04 21:38:48"
},
{
"kids":[],
"uid":"1211418022",
"parent":"",
"text":"",
"mid":"zcWQ79UiP",
"date":"2013-01-04 21:32:51"
}
]