[
{
"kids":[],
"uid":"lixuan2002",
"parent":"",
"text":"不会这么傻逼吧？！",
"mid":"ADvTPA7Dz",
"date":"2014-03-31 13:20:20"
},
{
"kids":[],
"uid":"man333",
"parent":"",
"text":"我擦  文章呀文章  连点诚意都没 道歉书都要抄袭？ 司令白爱你了  @马伊琍",
"mid":"ADvVVihZ3",
"date":"2014-03-31 13:25:29"
},
{
"kids":[],
"uid":"1841386170",
"parent":"",
"text":"[吃惊][闭嘴]",
"mid":"ADvVK4tAw",
"date":"2014-03-31 13:25:03"
},
{
"kids":[],
"uid":"yokilee1986",
"parent":"ADvVVihZ3",
"text":"",
"mid":"ADDEUw2RH",
"date":"2014-04-01 09:05:34"
},
{
"kids":[],
"uid":"3175096071",
"parent":"",
"text":"我 勒 个 去！[震惊]",
"mid":"ADDi0EX7t",
"date":"2014-04-01 08:09:09"
},
{
"kids":[],
"uid":"523472322",
"parent":"",
"text":"我 勒 个 去！[震惊]",
"mid":"ADDhbkGev",
"date":"2014-04-01 08:07:05"
},
{
"kids":[],
"uid":"1818354873",
"parent":"",
"text":"我 勒 个 去！[震惊]",
"mid":"ADCUreUzd",
"date":"2014-04-01 07:11:02"
},
{
"kids":[],
"uid":"3486241123",
"parent":"",
"text":"我 勒 个 去！[震惊]",
"mid":"ADCRmlzu5",
"date":"2014-04-01 07:03:28"
},
{
"kids":[],
"uid":"3316097675",
"parent":"",
"text":"我 勒 个 去！[震惊]",
"mid":"ADCKt19l0",
"date":"2014-04-01 06:46:30"
},
{
"kids":[],
"uid":"3299014230",
"parent":"",
"text":"我 勒 个 去！[震惊]",
"mid":"ADCHOFwIw",
"date":"2014-04-01 06:39:59"
},
{
"kids":[],
"uid":"2986370961",
"parent":"",
"text":"我 勒 个 去！[震惊]",
"mid":"ADCaYfmwJ",
"date":"2014-04-01 05:19:02"
},
{
"kids":[],
"uid":"1954122005",
"parent":"",
"text":"我 勒 个 去！[震惊]",
"mid":"ADBTI09cE",
"date":"2014-04-01 04:36:31"
},
{
"kids":[],
"uid":"2258735073",
"parent":"",
"text":"我 勒 个 去！[震惊]",
"mid":"ADBpt4CFu",
"date":"2014-04-01 03:22:00"
},
{
"kids":[],
"uid":"2214852767",
"parent":"",
"text":"我 勒 个 去！[震惊]",
"mid":"ADAAImqt2",
"date":"2014-04-01 01:16:59"
},
{
"kids":[],
"uid":"2212200310",
"parent":"ADvNrBRDD",
"text":"[黑线][怒骂]",
"mid":"ADAz2CZqZ",
"date":"2014-04-01 01:12:51"
},
{
"kids":[],
"uid":"2576620291",
"parent":"",
"text":"我 勒 个 去！[震惊]",
"mid":"ADAvPp8Pg",
"date":"2014-04-01 01:04:57"
},
{
"kids":[],
"uid":"2805765051",
"parent":"ADvTfuIv7",
"text":"文章太不诚心了！果断转了",
"mid":"ADA5pwFMR",
"date":"2014-03-31 23:59:52"
},
{
"kids":[],
"uid":"hzxlf",
"parent":"ADvV2hIQb",
"text":"好像说是假的",
"mid":"ADzfXFJCp",
"date":"2014-03-31 21:53:07"
},
{
"kids":[],
"uid":"1938012594",
"parent":"ADxSPD1TZ",
"text":"@叮当_喵喵呜",
"mid":"ADzdB9yRQ",
"date":"2014-03-31 21:47:16"
},
{
"kids":[],
"uid":"1111342264",
"parent":"",
"text":"老高，求证@高晓松",
"mid":"ADz3YyuMQ",
"date":"2014-03-31 21:23:35"
},
{
"kids":[],
"uid":"3277493173",
"parent":"ADxSPD1TZ",
"text":"",
"mid":"ADyinaR57",
"date":"2014-03-31 19:26:18"
},
{
"kids":[],
"uid":"3037686174",
"parent":"ADy6g1hVo",
"text":"这是作弊呀",
"mid":"ADye0tqdc",
"date":"2014-03-31 19:15:33"
},
{
"kids":[
"ADye0tqdc"
],
"uid":"712101290",
"parent":"",
"text":"这个是真的么？？？这也太明显了吧~~~",
"mid":"ADy6g1hVo",
"date":"2014-03-31 18:56:27"
},
{
"kids":[],
"uid":"3007078691",
"parent":"ADvVVihZ3",
"text":"@文章同學 @文章同學",
"mid":"ADy02n9x4",
"date":"2014-03-31 18:41:08"
},
{
"kids":[],
"uid":"2528690385",
"parent":"",
"text":"@足球上海滩姬宇阳 原来是抄袭的啊@方正宇",
"mid":"ADxYou0DZ",
"date":"2014-03-31 18:37:04"
},
{
"kids":[],
"uid":"3828671114",
"parent":"ADvXQEv7D",
"text":"",
"mid":"ADxYldxgF",
"date":"2014-03-31 18:36:56"
},
{
"kids":[],
"uid":"hypowang1987",
"parent":"ADxSPD1TZ",
"text":"博主你哎特错人了吧？",
"mid":"ADxTK5iUb",
"date":"2014-03-31 18:25:36"
},
{
"kids":[
"ADzdB9yRQ",
"ADyinaR57",
"ADxTK5iUb"
],
"uid":"2704472624",
"parent":"ADxkuhakm",
"text":"",
"mid":"ADxSPD1TZ",
"date":"2014-03-31 18:23:23"
},
{
"kids":[],
"uid":"2287201795",
"parent":"",
"text":"贵圈的模版都这样子么 喝酒开车和找小三一样的待遇呀[吃惊]",
"mid":"ADxQv7LPX",
"date":"2014-03-31 18:17:38"
},
{
"kids":[],
"uid":"1722087274",
"parent":"ADwwe2gmr",
"text":"我去！一定都不动动脑子 真傻",
"mid":"ADxFFbuOD",
"date":"2014-03-31 17:50:55"
},
{
"kids":[],
"uid":"sunliuordaisy",
"parent":"ADwbKCx1M",
"text":"怎么看笑了",
"mid":"ADxEJg3rp",
"date":"2014-03-31 17:48:38"
},
{
"kids":[],
"uid":"terry821",
"parent":"ADx55yvfe",
"text":"博主那个sb知道@文章 和@文章同学 的区别吗",
"mid":"ADxynFwyz",
"date":"2014-03-31 17:33:00"
},
{
"kids":[],
"uid":"2376323341",
"parent":"",
"text":"我 勒 个 去！[震惊]",
"mid":"ADxr4qAIe",
"date":"2014-03-31 17:14:58"
},
{
"kids":[],
"uid":"1810836061",
"parent":"",
"text":"我 勒 个 去！[震惊]",
"mid":"ADxpej6BI",
"date":"2014-03-31 17:10:27"
},
{
"kids":[],
"uid":"2422408487",
"parent":"ADw7Tfhmg",
"text":"",
"mid":"ADxmNkUjE",
"date":"2014-03-31 17:04:27"
},
{
"kids":[
"ADzdB9yRQ",
"ADyinaR57",
"ADxTK5iUb",
"ADxSPD1TZ"
],
"uid":"2075470202",
"parent":"ADvTPA7Dz",
"text":"卧槽！出纳买了支笔！",
"mid":"ADxkuhakm",
"date":"2014-03-31 16:58:46"
},
{
"kids":[],
"uid":"2252393081",
"parent":"ADxiOyqVp",
"text":"这个可以做范文。",
"mid":"ADxjVaaTK",
"date":"2014-03-31 16:57:22"
},
{
"kids":[
"ADxjVaaTK"
],
"uid":"2158823551",
"parent":"ADw7Tfhmg",
"text":"这么炫酷！！！",
"mid":"ADxiOyqVp",
"date":"2014-03-31 16:54:39"
},
{
"kids":[
"ADxynFwyz"
],
"uid":"gzwangyin",
"parent":"",
"text":"回复@一克拉地爱:[哈哈]不带这让黑文章和高晓松的",
"mid":"ADx55yvfe",
"date":"2014-03-31 16:20:50"
},
{
"kids":[],
"uid":"603323123",
"parent":"",
"text":"我 勒 个 去！[震惊]",
"mid":"ADx20nmFH",
"date":"2014-03-31 16:13:14"
},
{
"kids":[],
"uid":"3001785837",
"parent":"",
"text":"",
"mid":"ADx0k6tv9",
"date":"2014-03-31 16:09:05"
},
{
"kids":[],
"uid":"3905444297",
"parent":"ADvXQEv7D",
"text":"",
"mid":"ADwZp2ZWr",
"date":"2014-03-31 16:06:49"
},
{
"kids":[],
"uid":"1770682560",
"parent":"ADwohtpXm",
"text":"越来越乱[偷乐]围观热闹！",
"mid":"ADwPP6W1l",
"date":"2014-03-31 15:43:13"
},
{
"kids":[],
"uid":"208000961",
"parent":"ADwJNCgNL",
"text":"最后一次为他转发！！！！！？？",
"mid":"ADwNjF16i",
"date":"2014-03-31 15:37:03"
},
{
"kids":[],
"uid":"2727926723",
"parent":"ADwyErr5u",
"text":"[吃惊][吃惊][吃惊]",
"mid":"ADwMi7Pqe",
"date":"2014-03-31 15:34:30"
},
{
"kids":[
"ADwNjF16i"
],
"uid":"2008413491",
"parent":"ADw2f5E7a",
"text":"[衰]",
"mid":"ADwJNCgNL",
"date":"2014-03-31 15:28:23"
},
{
"kids":[],
"uid":"206128281",
"parent":"",
"text":"只转",
"mid":"ADwFOiKGR",
"date":"2014-03-31 15:18:33"
},
{
"kids":[],
"uid":"3937582138",
"parent":"ADvVVihZ3",
"text":"卧槽，真行！！！",
"mid":"ADwD6sTFg",
"date":"2014-03-31 15:11:52"
},
{
"kids":[],
"uid":"2949965104",
"parent":"ADwyErr5u",
"text":"哈哈，老高晓说有的说了",
"mid":"ADwBXfWxx",
"date":"2014-03-31 15:09:03"
},
{
"kids":[],
"uid":"2401140927",
"parent":"ADwbe92GI",
"text":"文章的文章原来不是文章自己写的文章而是抄袭别人的文章啊文章！",
"mid":"ADwySDdmV",
"date":"2014-03-31 15:01:28"
},
{
"kids":[
"ADwMi7Pqe",
"ADwBXfWxx"
],
"uid":"soloquan29595077",
"parent":"ADvRTB3FQ",
"text":"有点意思。。。",
"mid":"ADwyErr5u",
"date":"2014-03-31 15:00:55"
},
{
"kids":[],
"uid":"1292305033",
"parent":"ADwwe2gmr",
"text":"真的？",
"mid":"ADwx0v0il",
"date":"2014-03-31 14:56:51"
},
{
"kids":[
"ADxFFbuOD",
"ADwx0v0il"
],
"uid":"1502094471",
"parent":"",
"text":"[汗]",
"mid":"ADwwe2gmr",
"date":"2014-03-31 14:54:56"
},
{
"kids":[],
"uid":"1889177253",
"parent":"ADwedEdUE",
"text":"",
"mid":"ADws9pNjH",
"date":"2014-03-31 14:44:54"
},
{
"kids":[
"ADwPP6W1l"
],
"uid":"1408579643",
"parent":"ADw2f5E7a",
"text":"@小蝎子瑞塔 @依卡niki 靠。。。我呸",
"mid":"ADwohtpXm",
"date":"2014-03-31 14:35:21"
},
{
"kids":[],
"uid":"3880205001",
"parent":"",
"text":"我 勒 个 去！[震惊]",
"mid":"ADwnGcLyp",
"date":"2014-03-31 14:33:53"
},
{
"kids":[],
"uid":"wuhan15942371266",
"parent":"",
"text":"",
"mid":"ADwmfxbpw",
"date":"2014-03-31 14:30:21"
},
{
"kids":[],
"uid":"234632528",
"parent":"ADvYXdWcq",
"text":"呀，我错怪他啦",
"mid":"ADwkwBros",
"date":"2014-03-31 14:26:07"
},
{
"kids":[],
"uid":"2494776507",
"parent":"ADvVVihZ3",
"text":"",
"mid":"ADwjJyIhD",
"date":"2014-03-31 14:24:09"
},
{
"kids":[],
"uid":"caiweiyiyi",
"parent":"",
"text":"文章的检查查重没过....",
"mid":"ADwiYgt29",
"date":"2014-03-31 14:22:17"
},
{
"kids":[],
"uid":"1784347644",
"parent":"ADvVGbxJL",
"text":"挖好深，彻底完蛋了！",
"mid":"ADwiVj8vL",
"date":"2014-03-31 14:22:08"
},
{
"kids":[],
"uid":"2061390071",
"parent":"",
"text":"[汗]",
"mid":"ADwiKmRsA",
"date":"2014-03-31 14:21:44"
},
{
"kids":[],
"uid":"234632528",
"parent":"ADvYY7bRv",
"text":"查重率现在查得很紧诶，文章不好写啊！文章同学可能不知道！[偷笑]@PETD亚洲善待博士组织",
"mid":"ADwfqrSMV",
"date":"2014-03-31 14:13:34"
},
{
"kids":[
"ADws9pNjH"
],
"uid":"2345629955",
"parent":"ADvTPA7Dz",
"text":"",
"mid":"ADwedEdUE",
"date":"2014-03-31 14:10:35"
},
{
"kids":[],
"uid":"1619687724",
"parent":"ADw8i3w1g",
"text":"",
"mid":"ADwcjdGm6",
"date":"2014-03-31 14:05:51"
},
{
"kids":[
"ADxEJg3rp"
],
"uid":"1407031670",
"parent":"ADvZvb8Yv",
"text":"呵呵",
"mid":"ADwbKCx1M",
"date":"2014-03-31 14:04:29"
},
{
"kids":[
"ADwySDdmV"
],
"uid":"chensi198766",
"parent":"ADw5HiEXS",
"text":"[哈哈][哈哈]这特么都被挖坟了",
"mid":"ADwbe92GI",
"date":"2014-03-31 14:03:12"
},
{
"kids":[],
"uid":"1892480785",
"parent":"ADvYXdWcq",
"text":"擦擦擦",
"mid":"ADwaJlQOJ",
"date":"2014-03-31 14:01:59"
},
{
"kids":[],
"uid":"416698296",
"parent":"ADvWrvwch",
"text":"没有最乱 只有更乱",
"mid":"ADw9SrUck",
"date":"2014-03-31 13:59:53"
},
{
"kids":[],
"uid":"1879372137",
"parent":"",
"text":"我去……",
"mid":"ADw8IltAA",
"date":"2014-03-31 13:57:01"
},
{
"kids":[
"ADwcjdGm6"
],
"uid":"3229269033",
"parent":"ADvWiAqNQ",
"text":"。。。- -",
"mid":"ADw8i3w1g",
"date":"2014-03-31 13:55:58"
},
{
"kids":[],
"uid":"2813493121",
"parent":"",
"text":"我 勒 个 去！[震惊]",
"mid":"ADw8byt0h",
"date":"2014-03-31 13:55:43"
},
{
"kids":[],
"uid":"1954914161",
"parent":"ADw0lbX42",
"text":"那你们知不知道比@文章 非彼@文章同学 啊[挖鼻屎]",
"mid":"ADw89wo5S",
"date":"2014-03-31 13:55:38"
},
{
"kids":[
"ADxmNkUjE",
"ADxjVaaTK",
"ADxiOyqVp"
],
"uid":"2094512535",
"parent":"ADvXQEv7D",
"text":"",
"mid":"ADw7Tfhmg",
"date":"2014-03-31 13:54:58"
},
{
"kids":[],
"uid":"josephlu",
"parent":"ADw5nuyDA",
"text":"@文章 又替@文章同学 挡刀了",
"mid":"ADw7Q0lkt",
"date":"2014-03-31 13:54:51"
},
{
"kids":[],
"uid":"1890015954",
"parent":"ADw0lbX42",
"text":"[晕]",
"mid":"ADw7liU7T",
"date":"2014-03-31 13:53:38"
},
{
"kids":[],
"uid":"1828967570",
"parent":"ADw5nuyDA",
"text":"这就不要再补刀了~~~",
"mid":"ADw645jeV",
"date":"2014-03-31 13:50:29"
},
{
"kids":[
"ADwySDdmV",
"ADwbe92GI"
],
"uid":"1401788141",
"parent":"ADw0lbX42",
"text":"[衰]",
"mid":"ADw5HiEXS",
"date":"2014-03-31 13:49:35"
},
{
"kids":[
"ADw7Q0lkt",
"ADw645jeV"
],
"uid":"1680586672",
"parent":"ADvYXdWcq",
"text":"那真的只能“呵呵了”",
"mid":"ADw5nuyDA",
"date":"2014-03-31 13:48:48"
},
{
"kids":[],
"uid":"1697816797",
"parent":"ADvYXdWcq",
"text":"[呵呵]",
"mid":"ADw4zAdrG",
"date":"2014-03-31 13:46:49"
},
{
"kids":[],
"uid":"1967161721",
"parent":"ADvVklngq",
"text":"",
"mid":"ADw3XsW5Z",
"date":"2014-03-31 13:45:18"
},
{
"kids":[],
"uid":"2505270072",
"parent":"ADw2f5E7a",
"text":"[吃惊][吃惊]",
"mid":"ADw3yEkRH",
"date":"2014-03-31 13:44:18"
},
{
"kids":[],
"uid":"14884360",
"parent":"ADvYXdWcq",
"text":"",
"mid":"ADw3frKfl",
"date":"2014-03-31 13:43:32"
},
{
"kids":[],
"uid":"1883632434",
"parent":"ADvVK4tAw",
"text":"",
"mid":"ADw2Ami1s",
"date":"2014-03-31 13:41:55"
},
{
"kids":[],
"uid":"1565226422",
"parent":"ADvYXdWcq",
"text":"",
"mid":"ADw2h9Qmp",
"date":"2014-03-31 13:41:09"
},
{
"kids":[
"ADwPP6W1l",
"ADwNjF16i",
"ADwJNCgNL",
"ADwohtpXm",
"ADw3yEkRH"
],
"uid":"1815559522",
"parent":"ADvWT2buO",
"text":"呵呵[哼]",
"mid":"ADw2f5E7a",
"date":"2014-03-31 13:41:04"
},
{
"kids":[],
"uid":"2562336227",
"parent":"",
"text":"八卦高人着实太多",
"mid":"ADw1IBeNG",
"date":"2014-03-31 13:39:47"
},
{
"kids":[],
"uid":"lolobaby50",
"parent":"",
"text":"",
"mid":"ADw1wbEOM",
"date":"2014-03-31 13:39:17"
},
{
"kids":[],
"uid":"2667196231",
"parent":"",
"text":"",
"mid":"ADw1a0EvM",
"date":"2014-03-31 13:38:24"
},
{
"kids":[],
"uid":"2091688247",
"parent":"",
"text":"可耻，没认识自己的错误还抄袭别人的",
"mid":"ADw0qeTKt",
"date":"2014-03-31 13:36:35"
},
{
"kids":[
"ADwySDdmV",
"ADwbe92GI",
"ADw89wo5S",
"ADw7liU7T",
"ADw5HiEXS"
],
"uid":"2676136703",
"parent":"ADvVK4tAw",
"text":"[吃惊]",
"mid":"ADw0lbX42",
"date":"2014-03-31 13:36:22"
},
{
"kids":[],
"uid":"3782736424",
"parent":"",
"text":"无语",
"mid":"ADvZPB3us",
"date":"2014-03-31 13:35:08"
},
{
"kids":[],
"uid":"2446260224",
"parent":"ADvXVDwAk",
"text":"[哈哈][哈哈][哈哈][哈哈][哈哈][哈哈][哈哈]真的话那就真是太娱乐了",
"mid":"ADvZNvCkw",
"date":"2014-03-31 13:35:02"
},
{
"kids":[],
"uid":"2365274395",
"parent":"",
"text":"丫的提前过愚人节了? @团__团",
"mid":"ADvZG8r5A",
"date":"2014-03-31 13:34:45"
},
{
"kids":[
"ADxEJg3rp",
"ADwbKCx1M"
],
"uid":"liutoldo",
"parent":"ADvVK4tAw",
"text":"娱乐圈堪比足坛和篮坛！！[晕][晕]",
"mid":"ADvZvb8Yv",
"date":"2014-03-31 13:34:18"
},
{
"kids":[],
"uid":"2638765281",
"parent":"",
"text":"我去",
"mid":"ADvZntYWU",
"date":"2014-03-31 13:34:01"
},
{
"kids":[],
"uid":"816327163",
"parent":"",
"text":"油 不要脸",
"mid":"ADvZhjNOe",
"date":"2014-03-31 13:33:45"
},
{
"kids":[
"ADwfqrSMV"
],
"uid":"234632528",
"parent":"ADvTPA7Dz",
"text":"绝了！",
"mid":"ADvYY7bRv",
"date":"2014-03-31 13:33:00"
},
{
"kids":[
"ADwkwBros",
"ADwaJlQOJ",
"ADw7Q0lkt",
"ADw645jeV",
"ADw5nuyDA",
"ADw4zAdrG",
"ADw3frKfl",
"ADw2h9Qmp"
],
"uid":"lixuan2002",
"parent":"ADvTPA7Dz",
"text":"哦，幸亏，要不然这哥们除了出家就真没别的活路了。",
"mid":"ADvYXdWcq",
"date":"2014-03-31 13:32:57"
},
{
"kids":[],
"uid":"chengzhongcheng",
"parent":"ADvTPA7Dz",
"text":"天下文章一大抄....",
"mid":"ADvYxwjju",
"date":"2014-03-31 13:31:57"
},
{
"kids":[],
"uid":"2404633625",
"parent":"",
"text":"以前真的挺喜欢文章的，咋现在都变成这样了",
"mid":"ADvYj1Ly6",
"date":"2014-03-31 13:31:21"
},
{
"kids":[
"ADvZNvCkw"
],
"uid":"1871910041",
"parent":"ADvUhkHfy",
"text":"",
"mid":"ADvXVDwAk",
"date":"2014-03-31 13:30:25"
},
{
"kids":[
"ADxYldxgF",
"ADxmNkUjE",
"ADxjVaaTK",
"ADxiOyqVp",
"ADwZp2ZWr",
"ADw7Tfhmg"
],
"uid":"jasur1014",
"parent":"",
"text":"这么酷",
"mid":"ADvXQEv7D",
"date":"2014-03-31 13:30:14"
},
{
"kids":[],
"uid":"1893555253",
"parent":"",
"text":"我 勒 个 去！[震惊]",
"mid":"ADvX6BR2t",
"date":"2014-03-31 13:28:25"
},
{
"kids":[
"ADwPP6W1l",
"ADwNjF16i",
"ADwJNCgNL",
"ADwohtpXm",
"ADw3yEkRH",
"ADw2f5E7a"
],
"uid":"1910996667",
"parent":"ADvTPA7Dz",
"text":"",
"mid":"ADvWT2buO",
"date":"2014-03-31 13:27:51"
},
{
"kids":[
"ADw9SrUck"
],
"uid":"172220837",
"parent":"",
"text":"贵圈真乱~",
"mid":"ADvWrvwch",
"date":"2014-03-31 13:26:46"
},
{
"kids":[],
"uid":"kimi815",
"parent":"ADvTPA7Dz",
"text":"呵呵",
"mid":"ADvWrsr2J",
"date":"2014-03-31 13:26:46"
},
{
"kids":[
"ADwcjdGm6",
"ADw8i3w1g"
],
"uid":"1774876314",
"parent":"ADvTPA7Dz",
"text":"",
"mid":"ADvWiAqNQ",
"date":"2014-03-31 13:26:26"
},
{
"kids":[],
"uid":"1910688573",
"parent":"",
"text":"",
"mid":"ADvVWbxNb",
"date":"2014-03-31 13:25:31"
},
{
"kids":[
"ADDEUw2RH",
"ADy02n9x4",
"ADwD6sTFg",
"ADwjJyIhD"
],
"uid":"man333",
"parent":"",
"text":"我擦  文章呀文章  连点诚意都没 道歉书都要抄袭？ 司令白爱你了  @马伊琍",
"mid":"ADvVVihZ3",
"date":"2014-03-31 13:25:29"
},
{
"kids":[
"ADxEJg3rp",
"ADwySDdmV",
"ADwbKCx1M",
"ADwbe92GI",
"ADw89wo5S",
"ADw7liU7T",
"ADw5HiEXS",
"ADw2Ami1s",
"ADw0lbX42",
"ADvZvb8Yv"
],
"uid":"1841386170",
"parent":"ADvU1o9PV",
"text":"[吃惊][闭嘴]",
"mid":"ADvVK4tAw",
"date":"2014-03-31 13:25:03"
},
{
"kids":[
"ADwiVj8vL"
],
"uid":"349347456",
"parent":"ADvTPA7Dz",
"text":"[挖鼻屎]彻底SB了",
"mid":"ADvVGbxJL",
"date":"2014-03-31 13:24:54"
},
{
"kids":[],
"uid":"516012878",
"parent":"",
"text":"难道是同一家公关公司？？？",
"mid":"ADvVu5L1K",
"date":"2014-03-31 13:24:25"
},
{
"kids":[
"ADw3XsW5Z"
],
"uid":"2899177160",
"parent":"",
"text":"",
"mid":"ADvVklngq",
"date":"2014-03-31 13:24:01"
},
{
"kids":[],
"uid":"1803686057",
"parent":"ADvTm11fv",
"text":"唉，不能吧",
"mid":"ADvVb9Jgn",
"date":"2014-03-31 13:23:40"
},
{
"kids":[],
"uid":"2963797042",
"parent":"",
"text":"根本没有一点诚心！文章这下你真的完了！",
"mid":"ADvV5f3Bf",
"date":"2014-03-31 13:23:26"
},
{
"kids":[
"ADzfXFJCp"
],
"uid":"1565226422",
"parent":"ADvTPA7Dz",
"text":"",
"mid":"ADvV2hIQb",
"date":"2014-03-31 13:23:19"
},
{
"kids":[],
"uid":"2990162717",
"parent":"",
"text":"我 勒 个 去！[震惊]",
"mid":"ADvUTdo2f",
"date":"2014-03-31 13:22:57"
},
{
"kids":[],
"uid":"1176442024",
"parent":"",
"text":"真贱",
"mid":"ADvULv3FE",
"date":"2014-03-31 13:22:38"
},
{
"kids":[],
"uid":"1431833237",
"parent":"",
"text":"周一娱乐",
"mid":"ADvULs71Y",
"date":"2014-03-31 13:22:38"
},
{
"kids":[],
"uid":"3844564642",
"parent":"",
"text":"",
"mid":"ADvUumtPd",
"date":"2014-03-31 13:21:57"
},
{
"kids":[
"ADvZNvCkw",
"ADvXVDwAk"
],
"uid":"1839124532",
"parent":"ADvTPA7Dz",
"text":"[汗]",
"mid":"ADvUhkHfy",
"date":"2014-03-31 13:21:26"
},
{
"kids":[],
"uid":"1600048843",
"parent":"",
"text":"不真诚",
"mid":"ADvUfhJD1",
"date":"2014-03-31 13:21:21"
},
{
"kids":[
"ADxEJg3rp",
"ADwySDdmV",
"ADwbKCx1M",
"ADwbe92GI",
"ADw89wo5S",
"ADw7liU7T",
"ADw5HiEXS",
"ADw2Ami1s",
"ADw0lbX42",
"ADvZvb8Yv",
"ADvVK4tAw"
],
"uid":"oralsac",
"parent":"",
"text":"贵圈的认错模版都出来了",
"mid":"ADvU1o9PV",
"date":"2014-03-31 13:20:49"
},
{
"kids":[],
"uid":"1954187937",
"parent":"ADvSv9yWx",
"text":"超级鄙视",
"mid":"ADvTZk303",
"date":"2014-03-31 13:20:43"
},
{
"kids":[
"ADzfXFJCp",
"ADzdB9yRQ",
"ADyinaR57",
"ADxTK5iUb",
"ADxSPD1TZ",
"ADxkuhakm",
"ADwPP6W1l",
"ADwNjF16i",
"ADwJNCgNL",
"ADws9pNjH",
"ADwohtpXm",
"ADwkwBros",
"ADwiVj8vL",
"ADwfqrSMV",
"ADwedEdUE",
"ADwcjdGm6",
"ADwaJlQOJ",
"ADw8i3w1g",
"ADw7Q0lkt",
"ADw645jeV",
"ADw5nuyDA",
"ADw4zAdrG",
"ADw3yEkRH",
"ADw3frKfl",
"ADw2h9Qmp",
"ADw2f5E7a",
"ADvZNvCkw",
"ADvYY7bRv",
"ADvYXdWcq",
"ADvYxwjju",
"ADvXVDwAk",
"ADvWT2buO",
"ADvWrsr2J",
"ADvWiAqNQ",
"ADvVGbxJL",
"ADvV2hIQb",
"ADvUhkHfy"
],
"uid":"lixuan2002",
"parent":"",
"text":"不会这么傻逼吧？！",
"mid":"ADvTPA7Dz",
"date":"2014-03-31 13:20:20"
},
{
"kids":[],
"uid":"3835408783",
"parent":"ADvRJxKUv",
"text":"文章去死吧",
"mid":"ADvTH3Hae",
"date":"2014-03-31 13:20:00"
},
{
"kids":[],
"uid":"2867378264",
"parent":"",
"text":"",
"mid":"ADvTCynuN",
"date":"2014-03-31 13:19:49"
},
{
"kids":[],
"uid":"3484440543",
"parent":"",
"text":"晕",
"mid":"ADvTB5h7s",
"date":"2014-03-31 13:19:46"
},
{
"kids":[],
"uid":"2450027400",
"parent":"",
"text":"道歉也抄袭",
"mid":"ADvTsfepN",
"date":"2014-03-31 13:19:24"
},
{
"kids":[],
"uid":"3773607745",
"parent":"",
"text":"靠.",
"mid":"ADvTrDAar",
"date":"2014-03-31 13:19:23"
},
{
"kids":[
"ADvVb9Jgn"
],
"uid":"1920123597",
"parent":"",
"text":"呵呵",
"mid":"ADvTm11fv",
"date":"2014-03-31 13:19:09"
},
{
"kids":[
"ADA5pwFMR"
],
"uid":"2068653545",
"parent":"",
"text":"度娘上复制的吗？",
"mid":"ADvTfuIv7",
"date":"2014-03-31 13:18:54"
},
{
"kids":[],
"uid":"3045611631",
"parent":"ADvRJxKUv",
"text":"",
"mid":"ADvTe6aRg",
"date":"2014-03-31 13:18:51"
},
{
"kids":[],
"uid":"2041586737",
"parent":"",
"text":"",
"mid":"ADvTe44K2",
"date":"2014-03-31 13:18:51"
},
{
"kids":[],
"uid":"2575803547",
"parent":"",
"text":"@小恐龙的幸福-芳芳",
"mid":"ADvTceDxe",
"date":"2014-03-31 13:18:46"
},
{
"kids":[],
"uid":"3910829456",
"parent":"ADvSn9i4w",
"text":"这样也可以啊！！本来还觉得挺真诚，现在…………伪君子一个嘛这是！",
"mid":"ADvTbok86",
"date":"2014-03-31 13:18:44"
},
{
"kids":[],
"uid":"2703956187",
"parent":"",
"text":"... ... 惊呆已经不足以形容了",
"mid":"ADvT64VHE",
"date":"2014-03-31 13:18:31"
},
{
"kids":[],
"uid":"hweiduo",
"parent":"",
"text":"呵呵",
"mid":"ADvT4xutc",
"date":"2014-03-31 13:18:28"
},
{
"kids":[],
"uid":"2409175131",
"parent":"",
"text":"我说文章你连道歉都抄袭别人的，这就是你的悔悟？我真是懒得用我的语言骂你，脏了我的语言！",
"mid":"ADvT2bNNw",
"date":"2014-03-31 13:18:22"
},
{
"kids":[],
"uid":"2446242447",
"parent":"",
"text":"",
"mid":"ADvSPbDwm",
"date":"2014-03-31 13:17:51"
},
{
"kids":[],
"uid":"2399839477",
"parent":"",
"text":"",
"mid":"ADvSOB8Mo",
"date":"2014-03-31 13:17:49"
},
{
"kids":[],
"uid":"1692565570",
"parent":"",
"text":"这也能借[挖鼻屎]",
"mid":"ADvSHwOok",
"date":"2014-03-31 13:17:34"
},
{
"kids":[
"ADvTZk303"
],
"uid":"oocherylo",
"parent":"",
"text":"道歉都美点诚意",
"mid":"ADvSv9yWx",
"date":"2014-03-31 13:17:03"
},
{
"kids":[],
"uid":"1563202367",
"parent":"",
"text":"",
"mid":"ADvSpv0OT",
"date":"2014-03-31 13:16:51"
},
{
"kids":[],
"uid":"2730679250",
"parent":"",
"text":"",
"mid":"ADvSoi3NU",
"date":"2014-03-31 13:16:47"
},
{
"kids":[
"ADvTbok86"
],
"uid":"3873376957",
"parent":"",
"text":"，，，",
"mid":"ADvSn9i4w",
"date":"2014-03-31 13:16:45"
},
{
"kids":[],
"uid":"3050162502",
"parent":"",
"text":"",
"mid":"ADvSlDtwp",
"date":"2014-03-31 13:16:40"
},
{
"kids":[],
"uid":"2765283283",
"parent":"",
"text":"",
"mid":"ADvSexYbm",
"date":"2014-03-31 13:16:23"
},
{
"kids":[],
"uid":"1865198013",
"parent":"",
"text":"我擦，会写致歉信吗，擦这还有超的，什么态度",
"mid":"ADvS86ifw",
"date":"2014-03-31 13:16:09"
},
{
"kids":[
"ADwMi7Pqe",
"ADwBXfWxx",
"ADwyErr5u"
],
"uid":"208181715",
"parent":"",
"text":"我 勒 个 去！[震惊]",
"mid":"ADvRTB3FQ",
"date":"2014-03-31 13:15:35"
},
{
"kids":[
"ADvTH3Hae",
"ADvTe6aRg"
],
"uid":"3131892275",
"parent":"",
"text":"",
"mid":"ADvRJxKUv",
"date":"2014-03-31 13:15:11"
},
{
"kids":[],
"uid":"1903737987",
"parent":"",
"text":"哇，真的90照抄哦，完了完了，文章你真的是没救了！",
"mid":"ADvRhcQCb",
"date":"2014-03-31 13:14:02"
},
{
"kids":[],
"uid":"2868893794",
"parent":"",
"text":"这个····",
"mid":"ADvR5kSah",
"date":"2014-03-31 13:13:35"
},
{
"kids":[],
"uid":"2981550093",
"parent":"",
"text":"这也抄袭？次奥...",
"mid":"ADvPR8ALQ",
"date":"2014-03-31 13:10:32"
},
{
"kids":[],
"uid":"zhudoris",
"parent":"",
"text":"",
"mid":"ADvPLcLpw",
"date":"2014-03-31 13:10:18"
},
{
"kids":[],
"uid":"3461167054",
"parent":"",
"text":"",
"mid":"ADvPqeCMo",
"date":"2014-03-31 13:09:29"
},
{
"kids":[],
"uid":"5038933250",
"parent":"",
"text":"贱人就是贱人",
"mid":"ADvOZ2BsX",
"date":"2014-03-31 13:08:24"
},
{
"kids":[],
"uid":"2606386760",
"parent":"",
"text":"这，还能说什么？",
"mid":"ADvOVwzjl",
"date":"2014-03-31 13:08:16"
},
{
"kids":[],
"uid":"2833008934",
"parent":"",
"text":"汗，这也有模板！",
"mid":"ADvOJ7QDE",
"date":"2014-03-31 13:07:45"
},
{
"kids":[],
"uid":"2078535732",
"parent":"",
"text":"各种形象跌入谷底",
"mid":"ADvOtpad7",
"date":"2014-03-31 13:07:09"
},
{
"kids":[],
"uid":"1801664885",
"parent":"",
"text":"",
"mid":"ADvOk02Jj",
"date":"2014-03-31 13:06:45"
},
{
"kids":[],
"uid":"2093293527",
"parent":"",
"text":"唉[弱]",
"mid":"ADvO9DliV",
"date":"2014-03-31 13:06:21"
},
{
"kids":[
"ADAz2CZqZ"
],
"uid":"1708613013",
"parent":"",
"text":"对于文章，我只能说：呵呵。",
"mid":"ADvNrBRDD",
"date":"2014-03-31 13:04:36"
},
{
"kids":[],
"uid":"2656298903",
"parent":"",
"text":"",
"mid":"ADvLmsypM",
"date":"2014-03-31 12:59:28"
},
{
"kids":[],
"uid":"1801907245",
"parent":"",
"text":"[黑线]",
"mid":"ADvHGpY6O",
"date":"2014-03-31 12:50:25"
}
]