[
{
"kids":[],
"uid":"shichapan",
"parent":"",
"text":"[吃惊][吃惊]蛟龙号你怎么了？",
"mid":"AF5tt6ZRm",
"date":"2014-04-10 21:44:35"
},
{
"kids":[],
"uid":"1899628975",
"parent":"AF60w35Gc",
"text":"抽完左边抽右边啊",
"mid":"AF62bt5qX",
"date":"2014-04-10 23:10:06"
},
{
"kids":[
"AF62bt5qX"
],
"uid":"2187152922",
"parent":"",
"text":"[汗][吃惊]",
"mid":"AF60w35Gc",
"date":"2014-04-10 23:05:59"
},
{
"kids":[],
"uid":"1877019725",
"parent":"AF60BChPI",
"text":"怎么了小蛟",
"mid":"B0mdcvivN",
"date":"2014-04-18 23:43:03"
},
{
"kids":[],
"uid":"2286969960",
"parent":"AF5v1nfcG",
"text":"[吃惊][吃惊]蛟龙号你怎么了？",
"mid":"B0lavb16R",
"date":"2014-04-18 21:03:39"
},
{
"kids":[],
"uid":"3762184471",
"parent":"AFxRCq7bz",
"text":"",
"mid":"AFGcUwupY",
"date":"2014-04-14 19:15:26"
},
{
"kids":[],
"uid":"herwaymay",
"parent":"AFae8stTC",
"text":"回复@独自在风中blog: 造成混乱的东西不就是人类本身吗？ 难道想把人类全体都删除？？",
"mid":"AFCPfwOIS",
"date":"2014-04-14 10:38:54"
},
{
"kids":[
"AFGcUwupY"
],
"uid":"3762184471",
"parent":"AF5Slysqq",
"text":"還真的只有一條微博了，有20萬粉絲，不可能只有一條微博的。平時喜歡吹牛，政治宣傳而已吧，火燒眉毛了要用他的時候潛水了，無恥，拿著納稅人的錢做出這樣的丑事來。的確是個笑話。",
"mid":"AFxRCq7bz",
"date":"2014-04-13 22:01:00"
},
{
"kids":[],
"uid":"2150256200",
"parent":"AF5VCxVGU",
"text":"",
"mid":"AFtcbv9i9",
"date":"2014-04-13 10:07:56"
},
{
"kids":[],
"uid":"xucong27",
"parent":"AF62bt5qX",
"text":"哈哈哈",
"mid":"AFntVyTb9",
"date":"2014-04-12 19:35:10"
},
{
"kids":[],
"uid":"newsmanhongtao",
"parent":"AFceWbCEM",
"text":"",
"mid":"AFlwqyYVn",
"date":"2014-04-12 14:35:50"
},
{
"kids":[],
"uid":"2895714507",
"parent":"AFcQhq8OX",
"text":"卧槽，真的",
"mid":"AFj6XFpUE",
"date":"2014-04-12 08:27:36"
},
{
"kids":[],
"uid":"yongqiyinniao",
"parent":"",
"text":"你这个大谣棍！人家根本就没有发过博！而且蛟龙是地位下潜的！你以为是个潜水艇就跟出租车一样哪里跑？？傻逼！",
"mid":"AFivJx0mk",
"date":"2014-04-12 06:55:53"
},
{
"kids":[],
"uid":"dazhongweibo",
"parent":"AFf2qs63Y",
"text":"",
"mid":"AFhEm4V09",
"date":"2014-04-12 04:44:21"
},
{
"kids":[],
"uid":"1944181755",
"parent":"AF5Slysqq",
"text":"",
"mid":"AFfX5xqfl",
"date":"2014-04-12 00:25:02"
},
{
"kids":[],
"uid":"2489221045",
"parent":"AF6upjLZ1",
"text":"",
"mid":"AFfLfwruE",
"date":"2014-04-11 23:55:51"
},
{
"kids":[
"AFhEm4V09"
],
"uid":"junjielo",
"parent":"",
"text":"[偷笑][偷笑]",
"mid":"AFf2qs63Y",
"date":"2014-04-11 22:05:25"
},
{
"kids":[],
"uid":"1931769037",
"parent":"AF5zZk7sZ",
"text":"",
"mid":"AFdWf8YoC",
"date":"2014-04-11 19:17:27"
},
{
"kids":[],
"uid":"aannaapurnaa",
"parent":"AFdcK5jqZ",
"text":"",
"mid":"AFdGxrgCc",
"date":"2014-04-11 18:38:45"
},
{
"kids":[],
"uid":"1602484581",
"parent":"AFdcK5jqZ",
"text":"",
"mid":"AFdstbNMj",
"date":"2014-04-11 18:04:06"
},
{
"kids":[],
"uid":"3695793535",
"parent":"AFdcK5jqZ",
"text":"這是傳聞中的自宮吧",
"mid":"AFdk2acYl",
"date":"2014-04-11 17:43:17"
},
{
"kids":[],
"uid":"melodyzhi",
"parent":"AFcO3pBUC",
"text":"[偷笑]",
"mid":"AFdhw95z4",
"date":"2014-04-11 17:37:07"
},
{
"kids":[],
"uid":"234961788",
"parent":"AF5yeyxr6",
"text":"亩产万斤的时代又要来了",
"mid":"AFdh0dtp1",
"date":"2014-04-11 17:35:51"
},
{
"kids":[],
"uid":"2665512322",
"parent":"AFdcK5jqZ",
"text":"",
"mid":"AFddv4YV1",
"date":"2014-04-11 17:27:12"
},
{
"kids":[
"AFdGxrgCc",
"AFdstbNMj",
"AFdk2acYl",
"AFddv4YV1"
],
"uid":"fufuji97",
"parent":"AFccrEqlR",
"text":"[哈哈]",
"mid":"AFdcK5jqZ",
"date":"2014-04-11 17:25:20"
},
{
"kids":[],
"uid":"1075585082",
"parent":"AFcir92RM",
"text":"/@勇闯天涯2764054833:",
"mid":"AFd43Dh9p",
"date":"2014-04-11 17:03:57"
},
{
"kids":[],
"uid":"2280426375",
"parent":"AFcir92RM",
"text":"",
"mid":"AFd2xFALx",
"date":"2014-04-11 17:00:14"
},
{
"kids":[],
"uid":"2161887793",
"parent":"AFcbLaYgp",
"text":"",
"mid":"AFcY4vG50",
"date":"2014-04-11 16:49:13"
},
{
"kids":[],
"uid":"3553410084",
"parent":"AFcCv96lh",
"text":"",
"mid":"AFcWmb5N2",
"date":"2014-04-11 16:44:59"
},
{
"kids":[],
"uid":"3225227792",
"parent":"AF8DfAjkV",
"text":"不能捞也很正常啊，水文条件不同光看下潜深度没意义。但删微博这事如果是真的，那真的太脑残了。",
"mid":"AFcVTsjKj",
"date":"2014-04-11 16:43:51"
},
{
"kids":[],
"uid":"2271039224",
"parent":"AFcCv96lh",
"text":"",
"mid":"AFcRqk8v7",
"date":"2014-04-11 16:32:50"
},
{
"kids":[
"AFj6XFpUE"
],
"uid":"2884254593",
"parent":"AF9MR50Gm",
"text":"装死的功夫一流…",
"mid":"AFcQhq8OX",
"date":"2014-04-11 16:30:00"
},
{
"kids":[],
"uid":"5059120244",
"parent":"AF5XfCwbV",
"text":"",
"mid":"AFcPIcTIL",
"date":"2014-04-11 16:28:36"
},
{
"kids":[],
"uid":"liya088wb",
"parent":"AFcir92RM",
"text":"好久没听到它的消息了。",
"mid":"AFcPifo56",
"date":"2014-04-11 16:27:34"
},
{
"kids":[],
"uid":"1282136830",
"parent":"AF9zbzzNl",
"text":"看给吓得，还没让去就虚了[衰]",
"mid":"AFcOB5Y3S",
"date":"2014-04-11 16:25:52"
},
{
"kids":[
"AFdhw95z4"
],
"uid":"2461765355",
"parent":"AFczayxN2",
"text":"",
"mid":"AFcO3pBUC",
"date":"2014-04-11 16:24:31"
},
{
"kids":[],
"uid":"1767955260",
"parent":"AFcir92RM",
"text":"搞笑",
"mid":"AFcLUqjqO",
"date":"2014-04-11 16:19:15"
},
{
"kids":[],
"uid":"1899424553",
"parent":"AFbBn3aWY",
"text":"呵呵",
"mid":"AFcGGfCC5",
"date":"2014-04-11 16:06:22"
},
{
"kids":[
"AFcWmb5N2",
"AFcRqk8v7"
],
"uid":"723431688",
"parent":"AFcqzbOIy",
"text":"",
"mid":"AFcCv96lh",
"date":"2014-04-11 15:56:04"
},
{
"kids":[],
"uid":"3227106922",
"parent":"AF6Hg0vDi",
"text":"",
"mid":"AFcAIzkWC",
"date":"2014-04-11 15:51:41"
},
{
"kids":[
"AFdhw95z4",
"AFcO3pBUC"
],
"uid":"2870610732",
"parent":"AFccrEqlR",
"text":"",
"mid":"AFczayxN2",
"date":"2014-04-11 15:47:52"
},
{
"kids":[],
"uid":"1411551677",
"parent":"AF600EBE5",
"text":"",
"mid":"AFcyffS0u",
"date":"2014-04-11 15:45:35"
},
{
"kids":[],
"uid":"2028025044",
"parent":"AFcir92RM",
"text":"蛟龙来大姨妈了，不方便下水",
"mid":"AFculfV2H",
"date":"2014-04-11 15:35:58"
},
{
"kids":[],
"uid":"3453720202",
"parent":"AFcdxBbXT",
"text":"",
"mid":"AFcsxh5md",
"date":"2014-04-11 15:31:31"
},
{
"kids":[
"AFcWmb5N2",
"AFcRqk8v7",
"AFcCv96lh"
],
"uid":"2685842787",
"parent":"AFcir92RM",
"text":"@北京厨子 他也纳闷呢……",
"mid":"AFcqzbOIy",
"date":"2014-04-11 15:26:40"
},
{
"kids":[],
"uid":"yichunmachunyi",
"parent":"",
"text":"蛟龙号你又联合天朝一起骗人啦[哈哈][泪]",
"mid":"AFcphs7ig",
"date":"2014-04-11 15:23:30"
},
{
"kids":[],
"uid":"333850226",
"parent":"AFcnPACfa",
"text":"",
"mid":"AFcotb3jv",
"date":"2014-04-11 15:21:30"
},
{
"kids":[
"AFcotb3jv"
],
"uid":"1744519494",
"parent":"AFcbLaYgp",
"text":"额，真的都删了哎~",
"mid":"AFcnPACfa",
"date":"2014-04-11 15:19:56"
},
{
"kids":[],
"uid":"2181757624",
"parent":"AFcdxBbXT",
"text":"",
"mid":"AFciZo5mt",
"date":"2014-04-11 15:08:00"
},
{
"kids":[
"AFd43Dh9p",
"AFd2xFALx",
"AFcWmb5N2",
"AFcRqk8v7",
"AFcPifo56",
"AFcLUqjqO",
"AFcCv96lh",
"AFculfV2H",
"AFcqzbOIy"
],
"uid":"shichapan",
"parent":"AFc4Gk63u",
"text":"",
"mid":"AFcir92RM",
"date":"2014-04-11 15:06:38"
},
{
"kids":[],
"uid":"3806025465",
"parent":"",
"text":"果然",
"mid":"AFcgFcCjf",
"date":"2014-04-11 15:02:15"
},
{
"kids":[],
"uid":"newsmanhongtao",
"parent":"AFcdxBbXT",
"text":"",
"mid":"AFcf0CYkD",
"date":"2014-04-11 14:58:12"
},
{
"kids":[
"AFlwqyYVn"
],
"uid":"newsmanhongtao",
"parent":"AFcdxBbXT",
"text":"",
"mid":"AFceWbCEM",
"date":"2014-04-11 14:58:01"
},
{
"kids":[],
"uid":"vigo2012",
"parent":"",
"text":"[偷笑][偷笑][偷笑]",
"mid":"AFcdH6x6i",
"date":"2014-04-11 14:54:57"
},
{
"kids":[
"AFlwqyYVn",
"AFcsxh5md",
"AFciZo5mt",
"AFcf0CYkD",
"AFceWbCEM"
],
"uid":"3179175644",
"parent":"",
"text":"朝鲜说上了太阳[话筒][话筒]",
"mid":"AFcdxBbXT",
"date":"2014-04-11 14:54:35"
},
{
"kids":[],
"uid":"1644842920",
"parent":"",
"text":"晕！",
"mid":"AFcdak85p",
"date":"2014-04-11 14:53:38"
},
{
"kids":[],
"uid":"1779125090",
"parent":"AFccrEqlR",
"text":"",
"mid":"AFccM7pfN",
"date":"2014-04-11 14:52:41"
},
{
"kids":[
"AFdGxrgCc",
"AFdstbNMj",
"AFdk2acYl",
"AFdhw95z4",
"AFddv4YV1",
"AFdcK5jqZ",
"AFcO3pBUC",
"AFczayxN2",
"AFccM7pfN"
],
"uid":"1376092565",
"parent":"AFcbLaYgp",
"text":"史上最高级别的自黑，是的，你没有看错。",
"mid":"AFccrEqlR",
"date":"2014-04-11 14:51:53"
},
{
"kids":[
"AFdGxrgCc",
"AFdstbNMj",
"AFdk2acYl",
"AFdhw95z4",
"AFddv4YV1",
"AFdcK5jqZ",
"AFcY4vG50",
"AFcO3pBUC",
"AFczayxN2",
"AFcotb3jv",
"AFcnPACfa",
"AFccM7pfN",
"AFccrEqlR"
],
"uid":"2768265314",
"parent":"",
"text":"弱弱地问一句，是不是当初潜下去了没有升上来？",
"mid":"AFcbLaYgp",
"date":"2014-04-11 14:50:11"
},
{
"kids":[],
"uid":"1118397174",
"parent":"AF6kDAKtP",
"text":"人都要吃饭；人都想吃好；养头猪能吃肉，听个笑话也不错。",
"mid":"AFc9jxHx4",
"date":"2014-04-11 14:44:10"
},
{
"kids":[],
"uid":"crazyrunner",
"parent":"AF8zk6Npz",
"text":"[衰]",
"mid":"AFc78e3tE",
"date":"2014-04-11 14:38:47"
},
{
"kids":[],
"uid":"mousekirby",
"parent":"AF9MR50Gm",
"text":"@小商君奥贝斯坦",
"mid":"AFc4Y4dAE",
"date":"2014-04-11 14:33:26"
},
{
"kids":[
"AFd43Dh9p",
"AFd2xFALx",
"AFcWmb5N2",
"AFcRqk8v7",
"AFcPifo56",
"AFcLUqjqO",
"AFcCv96lh",
"AFculfV2H",
"AFcqzbOIy",
"AFcir92RM"
],
"uid":"2764054833",
"parent":"AF5Kcykj6",
"text":"",
"mid":"AFc4Gk63u",
"date":"2014-04-11 14:32:45"
},
{
"kids":[],
"uid":"3193947253",
"parent":"AF9MR50Gm",
"text":"",
"mid":"AFbXUppWR",
"date":"2014-04-11 14:16:04"
},
{
"kids":[],
"uid":"2807927130",
"parent":"AF5I6gSn0",
"text":"[哈哈]:它就是个渣渣",
"mid":"AFbXTezq1",
"date":"2014-04-11 14:16:01"
},
{
"kids":[],
"uid":"2145663267",
"parent":"AF5HN49FG",
"text":"蛟龍，你媽喊你回家吃飯",
"mid":"AFbWgdNd6",
"date":"2014-04-11 14:12:00"
},
{
"kids":[],
"uid":"2895776055",
"parent":"AF68U4LjW",
"text":"哈哈果真删光了[挖鼻屎][挖鼻屎][挖鼻屎]",
"mid":"AFbOGlvxL",
"date":"2014-04-11 13:53:20"
},
{
"kids":[],
"uid":"2039318852",
"parent":"AF62bt5qX",
"text":"哈哈哈哈哈哈哈哈哈哈哈",
"mid":"AFbNiEMBo",
"date":"2014-04-11 13:49:55"
},
{
"kids":[],
"uid":"herwaymay",
"parent":"AFae8stTC",
"text":"回复@独自在风中blog: 說實話，操作系統和介面都不如微薄、百度、QQ好。但是不會被刪除，也不會被審查。",
"mid":"AFbMGfiMm",
"date":"2014-04-11 13:48:24"
},
{
"kids":[],
"uid":"gaodabing",
"parent":"",
"text":"真的全部删除了[汗]",
"mid":"AFbFqv8pL",
"date":"2014-04-11 13:30:32"
},
{
"kids":[
"AFcGGfCC5"
],
"uid":"2143515865",
"parent":"AF5v1nfcG",
"text":"",
"mid":"AFbBn3aWY",
"date":"2014-04-11 13:20:32"
},
{
"kids":[],
"uid":"2770931751",
"parent":"AF5Slysqq",
"text":"",
"mid":"AFboLsWmm",
"date":"2014-04-11 12:49:28"
},
{
"kids":[],
"uid":"1824332011",
"parent":"",
"text":"真的假的[吃惊]",
"mid":"AFbmfblK3",
"date":"2014-04-11 12:43:16"
},
{
"kids":[],
"uid":"3122975134",
"parent":"AF9apke4b",
"text":"是啊，什么情况？",
"mid":"AFbl4c9yN",
"date":"2014-04-11 12:40:22"
},
{
"kids":[],
"uid":"2973801410",
"parent":"AF5H0iSeJ",
"text":"打倒删帖的人",
"mid":"AFbhJ4ZVP",
"date":"2014-04-11 12:32:08"
},
{
"kids":[],
"uid":"1762605225",
"parent":"AF5v1nfcG",
"text":"",
"mid":"AFb40gNZC",
"date":"2014-04-11 11:58:19"
},
{
"kids":[],
"uid":"306471349",
"parent":"AFaRtskSP",
"text":"不是说能潜水过万米吗",
"mid":"AFaW5ccqq",
"date":"2014-04-11 11:38:48"
},
{
"kids":[
"AFaW5ccqq"
],
"uid":"2040920737",
"parent":"AF5Xo9BWO",
"text":"[困]",
"mid":"AFaRtskSP",
"date":"2014-04-11 11:27:28"
},
{
"kids":[],
"uid":"7776989",
"parent":"",
"text":"露馅了～[哈哈][偷笑]",
"mid":"AFaOZdwdt",
"date":"2014-04-11 11:21:19"
},
{
"kids":[],
"uid":"1627940127",
"parent":"AF5v1nfcG",
"text":"",
"mid":"AFaO52CEg",
"date":"2014-04-11 11:19:06"
},
{
"kids":[],
"uid":"wenjiabaobei",
"parent":"AF5HN49FG",
"text":"@阿紮_ @红尘不醒--本心居士",
"mid":"AFaNgdQ7L",
"date":"2014-04-11 11:17:05"
},
{
"kids":[],
"uid":"2172449593",
"parent":"AF5v1nfcG",
"text":"",
"mid":"AFaBmm9uB",
"date":"2014-04-11 10:47:45"
},
{
"kids":[],
"uid":"1851893333",
"parent":"AFa3rncjO",
"text":"去看了一下果然都没了，哈哈！",
"mid":"AFaABFzsL",
"date":"2014-04-11 10:45:55"
},
{
"kids":[],
"uid":"xszhangxc",
"parent":"",
"text":"",
"mid":"AFaAlqsJ6",
"date":"2014-04-11 10:45:16"
},
{
"kids":[],
"uid":"1894780797",
"parent":"AF5HN49FG",
"text":"傻逼专业二缺子，老子去脸书看你去，好好摸摸你的狗头，说怎么找你？",
"mid":"AFaxQ1klV",
"date":"2014-04-11 10:39:05"
},
{
"kids":[],
"uid":"2096348973",
"parent":"AF9q9Bw8W",
"text":"蛟龙号你怎么了？醒醒啊蛟龙，不要装死啊？@ARS猫哥 @宇_曦 @牛比阿沙文",
"mid":"AFaxiEpKy",
"date":"2014-04-11 10:37:46"
},
{
"kids":[],
"uid":"interkey",
"parent":"AF5BtvfWP",
"text":"",
"mid":"AFavzo8Dc",
"date":"2014-04-11 10:33:30"
},
{
"kids":[],
"uid":"yukikazeshen",
"parent":"AF5wn0kTq",
"text":"",
"mid":"AFavawChM",
"date":"2014-04-11 10:32:31"
},
{
"kids":[],
"uid":"zhangyicat",
"parent":"AF9OX3Gor",
"text":"",
"mid":"AFauUkhcY",
"date":"2014-04-11 10:31:51"
},
{
"kids":[],
"uid":"1058076352",
"parent":"AF5Slysqq",
"text":"博主不厚道",
"mid":"AFalWwNhj",
"date":"2014-04-11 10:09:47"
},
{
"kids":[],
"uid":"97706321",
"parent":"AF5EseiFY",
"text":"23333333333333",
"mid":"AFakqudUT",
"date":"2014-04-11 10:06:03"
},
{
"kids":[],
"uid":"2943840535",
"parent":"AF6zE45jE",
"text":"",
"mid":"AFaiEAPXG",
"date":"2014-04-11 10:01:41"
},
{
"kids":[],
"uid":"ncdihao",
"parent":"AF5Yyi4Sy",
"text":"果然，惊呆了！",
"mid":"AFafknggz",
"date":"2014-04-11 09:53:28"
},
{
"kids":[],
"uid":"espsqm",
"parent":"AF8z53r2G",
"text":"额",
"mid":"AFaeh2yk1",
"date":"2014-04-11 09:50:53"
},
{
"kids":[
"AFCPfwOIS",
"AFbMGfiMm"
],
"uid":"herwaymay",
"parent":"AF5HN49FG",
"text":"",
"mid":"AFae8stTC",
"date":"2014-04-11 09:50:33"
},
{
"kids":[],
"uid":"2815407217",
"parent":"AF62bt5qX",
"text":"'''''''''都比了",
"mid":"AFadjlIRp",
"date":"2014-04-11 09:48:30"
},
{
"kids":[],
"uid":"1996446801",
"parent":"AF60w35Gc",
"text":"[威武]",
"mid":"AFacPuzZp",
"date":"2014-04-11 09:47:20"
},
{
"kids":[],
"uid":"q2259984",
"parent":"",
"text":"真没了",
"mid":"AFabZavKT",
"date":"2014-04-11 09:45:15"
},
{
"kids":[],
"uid":"heatcloud",
"parent":"AF5HN49FG",
"text":"删完了。。。",
"mid":"AFabDim1r",
"date":"2014-04-11 09:44:22"
},
{
"kids":[],
"uid":"2318801913",
"parent":"AF6qiDs7i",
"text":"",
"mid":"AFa97jt4k",
"date":"2014-04-11 09:38:11"
},
{
"kids":[],
"uid":"xthief",
"parent":"AF8zk6Npz",
"text":"机智的蛟龙",
"mid":"AFa8FvHbH",
"date":"2014-04-11 09:37:05"
},
{
"kids":[],
"uid":"1799077445",
"parent":"AF6nV9kW4",
"text":"@Bolin-Situ 不会这么巧吧[lt切克闹]",
"mid":"AFa8vbgfW",
"date":"2014-04-11 09:36:40"
},
{
"kids":[],
"uid":"2268318960",
"parent":"AF60w35Gc",
"text":"",
"mid":"AFa5v31Gt",
"date":"2014-04-11 09:29:16"
},
{
"kids":[
"AFaABFzsL"
],
"uid":"1348821054",
"parent":"AF8z53r2G",
"text":"哈哈，又没说在马里亚纳海沟，你怕啥呀[哈哈]",
"mid":"AFa3rncjO",
"date":"2014-04-11 09:24:11"
},
{
"kids":[],
"uid":"303218929",
"parent":"AF5RH2E5g",
"text":"[失望]",
"mid":"AFa37z92i",
"date":"2014-04-11 09:23:25"
},
{
"kids":[],
"uid":"zpkevin1011",
"parent":"AF8z53r2G",
"text":"真的没有一条微博了耶[嘻嘻]",
"mid":"AFa1WBzoz",
"date":"2014-04-11 09:20:31"
},
{
"kids":[],
"uid":"3807124662",
"parent":"AF5v1nfcG",
"text":"[吃惊][吃惊]蛟龙号你怎么了？",
"mid":"AFa1wiHDn",
"date":"2014-04-11 09:19:28"
},
{
"kids":[],
"uid":"3198179504",
"parent":"AF5v1nfcG",
"text":"",
"mid":"AFa0yBw3R",
"date":"2014-04-11 09:17:06"
},
{
"kids":[],
"uid":"2163088152",
"parent":"AF6upjLZ1",
"text":"",
"mid":"AF9Yh42xD",
"date":"2014-04-11 09:11:28"
},
{
"kids":[],
"uid":"3221887523",
"parent":"AF5v1nfcG",
"text":"哎，，圆不了谎",
"mid":"AF9XciFEf",
"date":"2014-04-11 09:08:49"
},
{
"kids":[],
"uid":"2201045274",
"parent":"AF6zAyEuA",
"text":"牛皮吹爆了",
"mid":"AF9WNqfp3",
"date":"2014-04-11 09:07:50"
},
{
"kids":[],
"uid":"511235905",
"parent":"AF6nvbVzY",
"text":"[哈哈]",
"mid":"AF9WwBOdI",
"date":"2014-04-11 09:07:09"
},
{
"kids":[],
"uid":"2154165981",
"parent":"AF9k4081v",
"text":"@每周刊小编",
"mid":"AF9VdkB8c",
"date":"2014-04-11 09:03:56"
},
{
"kids":[],
"uid":"tiankong811",
"parent":"",
"text":"昨天晚上转的原微博，今天就提示没有访问权限了，刚刚更是提示评论包含广告，广告尼煤啊！！卧槽，现在脸皮这么薄当初吹牛干嘛来着[怒]",
"mid":"AF9UT0ZA9",
"date":"2014-04-11 09:03:07"
},
{
"kids":[],
"uid":"1509375804",
"parent":"AF5yeyxr6",
"text":"",
"mid":"AF9RfcPry",
"date":"2014-04-11 08:54:09"
},
{
"kids":[],
"uid":"netfriend",
"parent":"AF6cavIVt",
"text":"羞愧的匿了。。",
"mid":"AF9PHdmJl",
"date":"2014-04-11 08:50:20"
},
{
"kids":[],
"uid":"gzlaoyao73",
"parent":"AF5XfCwbV",
"text":"",
"mid":"AF9PozZvN",
"date":"2014-04-11 08:49:35"
},
{
"kids":[
"AFauUkhcY"
],
"uid":"1246164102",
"parent":"",
"text":"这个真有点意思~",
"mid":"AF9OX3Gor",
"date":"2014-04-11 08:48:29"
},
{
"kids":[],
"uid":"1782446521",
"parent":"AF9OsFpN9",
"text":"没事百度百科和维基百科都写着他能下潜7000呢",
"mid":"AF9OPordX",
"date":"2014-04-11 08:48:12"
},
{
"kids":[
"AF9OPordX"
],
"uid":"2208825290",
"parent":"AF6g8Bfc1",
"text":"",
"mid":"AF9OsFpN9",
"date":"2014-04-11 08:47:18"
},
{
"kids":[],
"uid":"1353322517",
"parent":"AF64C8xiv",
"text":"[晕]",
"mid":"AF9NQwcUH",
"date":"2014-04-11 08:45:47"
},
{
"kids":[],
"uid":"1421957184",
"parent":"AF9MgoAxQ",
"text":"不过可以呼吁一下出动一下蛟龙号来找飞机",
"mid":"AF9N4oxhd",
"date":"2014-04-11 08:43:52"
},
{
"kids":[
"AFj6XFpUE",
"AFcQhq8OX",
"AFc4Y4dAE",
"AFbXUppWR"
],
"uid":"2728236495",
"parent":"AF6upjLZ1",
"text":"ええええ？",
"mid":"AF9MR50Gm",
"date":"2014-04-11 08:43:20"
},
{
"kids":[],
"uid":"1694770604",
"parent":"AF6efAK7G",
"text":"对于蛟龙号，我从未指望它去捞马航，毕竟海底地形复杂，弄个载人的下去，实在太危险。但你干嘛心虚的把微博全删了？",
"mid":"AF9Mj4jtQ",
"date":"2014-04-11 08:41:59"
},
{
"kids":[
"AF9N4oxhd"
],
"uid":"1421957184",
"parent":"AF6efAK7G",
"text":"刚刚瞄了一下原博评论，貌似那个蛟龙账号从来就没有发过博，不是临时删的",
"mid":"AF9MgoAxQ",
"date":"2014-04-11 08:41:53"
},
{
"kids":[],
"uid":"dongming",
"parent":"AF9HM3FKr",
"text":"不至于吧",
"mid":"AF9M66ysA",
"date":"2014-04-11 08:41:28"
},
{
"kids":[],
"uid":"2993187817",
"parent":"AF6kDAKtP",
"text":"",
"mid":"AF9KOjEyA",
"date":"2014-04-11 08:38:17"
},
{
"kids":[],
"uid":"3158787645",
"parent":"AF6kDAKtP",
"text":"活该倒霉，本来牛气冲天，可曾料到碰上MH370事件爆了。",
"mid":"AF9Jx8YaI",
"date":"2014-04-11 08:35:09"
},
{
"kids":[],
"uid":"greatocean",
"parent":"AF9sihtAD",
"text":"因为以前就没发过…还有，蛟龙刹车片坏了返场了[嘻嘻]",
"mid":"AF9IQe82X",
"date":"2014-04-11 08:33:27"
},
{
"kids":[],
"uid":"mdy55",
"parent":"AF6buxeSI",
"text":"真的什么都没有哎…",
"mid":"AF9IF31vG",
"date":"2014-04-11 08:32:59"
},
{
"kids":[
"AF9M66ysA"
],
"uid":"fatun",
"parent":"AF8zk6Npz",
"text":"嗯??",
"mid":"AF9HM3FKr",
"date":"2014-04-11 08:30:49"
},
{
"kids":[],
"uid":"275757202",
"parent":"AF6flxS0g",
"text":"",
"mid":"AF9GCxovK",
"date":"2014-04-11 08:27:59"
},
{
"kids":[],
"uid":"1914809874",
"parent":"AF5tt6ZRm",
"text":"",
"mid":"AF9Erw4y3",
"date":"2014-04-11 08:22:36"
},
{
"kids":[],
"uid":"zhongjunyu",
"parent":"AF6mw335y",
"text":"[抓狂]",
"mid":"AF9DUrMFl",
"date":"2014-04-11 08:21:18"
},
{
"kids":[],
"uid":"206078991",
"parent":"AF9sihtAD",
"text":"什么情况？",
"mid":"AF9DfmgMB",
"date":"2014-04-11 08:19:40"
},
{
"kids":[],
"uid":"2171798504",
"parent":"AF9mOw9Gv",
"text":"",
"mid":"AF9D6tnEK",
"date":"2014-04-11 08:19:18"
},
{
"kids":[],
"uid":"2185516037",
"parent":"AF5FyasqY",
"text":"这也可以？",
"mid":"AF9CP5XZr",
"date":"2014-04-11 08:18:36"
},
{
"kids":[],
"uid":"2277656310",
"parent":"AF5J4g1yZ",
"text":"求真相",
"mid":"AF9AOnqYP",
"date":"2014-04-11 08:13:40"
},
{
"kids":[],
"uid":"715732567",
"parent":"AF7se3zkt",
"text":"实在丢人显眼！",
"mid":"AF9ApyJAP",
"date":"2014-04-11 08:12:41"
},
{
"kids":[],
"uid":"2701284863",
"parent":"AF9zBzVr8",
"text":"",
"mid":"AF9zUuLCT",
"date":"2014-04-11 08:11:26"
},
{
"kids":[
"AF9zUuLCT"
],
"uid":"2632087473",
"parent":"AF6upjLZ1",
"text":"",
"mid":"AF9zBzVr8",
"date":"2014-04-11 08:10:42"
},
{
"kids":[
"AFcOB5Y3S"
],
"uid":"2011470905",
"parent":"",
"text":"@LIVE壹玖捌叁",
"mid":"AF9zbzzNl",
"date":"2014-04-11 08:09:40"
},
{
"kids":[],
"uid":"mollyctu",
"parent":"AF6Uaa4Oi",
"text":"",
"mid":"AF9z0FG5z",
"date":"2014-04-11 08:09:14"
},
{
"kids":[],
"uid":"2931681650",
"parent":"AF6kDAKtP",
"text":"锤子一个",
"mid":"AF9wrorxt",
"date":"2014-04-11 08:02:53"
},
{
"kids":[
"AF9IQe82X",
"AF9DfmgMB"
],
"uid":"206107666",
"parent":"AF8zk6Npz",
"text":"还真是的！",
"mid":"AF9sihtAD",
"date":"2014-04-11 07:52:41"
},
{
"kids":[],
"uid":"2640865131",
"parent":"",
"text":"这种脑残喷子也配有17万的粉丝？？？17万的脑残粉？？？",
"mid":"AF9s3xsdA",
"date":"2014-04-11 07:52:06"
},
{
"kids":[],
"uid":"1041renpengxin",
"parent":"AF9k4081v",
"text":"[挖鼻屎]",
"mid":"AF9qVcTct",
"date":"2014-04-11 07:49:18"
},
{
"kids":[],
"uid":"1913040314",
"parent":"AF6zmk7O2",
"text":"好惨",
"mid":"AF9qRDVtR",
"date":"2014-04-11 07:49:10"
},
{
"kids":[
"AFaxiEpKy"
],
"uid":"2675204867",
"parent":"AF9pOmSLQ",
"text":"[威武]",
"mid":"AF9q9Bw8W",
"date":"2014-04-11 07:47:24"
},
{
"kids":[
"AFaxiEpKy",
"AF9q9Bw8W"
],
"uid":"lnq1368",
"parent":"AF9nMubcs",
"text":"[哈哈]",
"mid":"AF9pOmSLQ",
"date":"2014-04-11 07:46:33"
},
{
"kids":[
"AFaxiEpKy",
"AF9q9Bw8W",
"AF9pOmSLQ"
],
"uid":"shichapan",
"parent":"AF9cmaC9Z",
"text":"[疑问][疑问]",
"mid":"AF9nMubcs",
"date":"2014-04-11 07:41:33"
},
{
"kids":[
"AF9D6tnEK"
],
"uid":"yeewang822",
"parent":"AF988m35u",
"text":"",
"mid":"AF9mOw9Gv",
"date":"2014-04-11 07:39:11"
},
{
"kids":[],
"uid":"xiayutiandaxiezi",
"parent":"",
"text":"什么情况[晕]",
"mid":"AF9kOok32",
"date":"2014-04-11 07:34:15"
},
{
"kids":[],
"uid":"2824154051",
"parent":"AF9brce98",
"text":"[围观]",
"mid":"AF9kNwFlc",
"date":"2014-04-11 07:34:13"
},
{
"kids":[],
"uid":"1846536003",
"parent":"AF62bt5qX",
"text":"出来混早晚是要还的，当初吹牛逼的时候没想到会有今天",
"mid":"AF9kkwMKf",
"date":"2014-04-11 07:33:04"
},
{
"kids":[
"AF9VdkB8c",
"AF9qVcTct"
],
"uid":"1820692475",
"parent":"AF600EBE5",
"text":"",
"mid":"AF9k4081v",
"date":"2014-04-11 07:32:24"
},
{
"kids":[],
"uid":"2504648967",
"parent":"AF5XpnSM9",
"text":"",
"mid":"AF9jr133d",
"date":"2014-04-11 07:30:51"
},
{
"kids":[],
"uid":"noskip",
"parent":"AF6kDAKtP",
"text":"草稿纸？",
"mid":"AF9ighVYF",
"date":"2014-04-11 07:27:58"
},
{
"kids":[],
"uid":"yourgeorge",
"parent":"",
"text":"当初吹牛逼的时候没想到有今天",
"mid":"AF9idEBDI",
"date":"2014-04-11 07:27:51"
},
{
"kids":[],
"uid":"2551761027",
"parent":"",
"text":"我就是看看",
"mid":"AF9gm7dW0",
"date":"2014-04-11 07:23:15"
},
{
"kids":[],
"uid":"starofme929",
"parent":"AF5FyasqY",
"text":"砖家恨死马来人了！[猪头]",
"mid":"AF9g2CifR",
"date":"2014-04-11 07:22:30"
},
{
"kids":[],
"uid":"2088972837",
"parent":"AF5TurioC",
"text":"",
"mid":"AF9fBptUt",
"date":"2014-04-11 07:21:25"
},
{
"kids":[],
"uid":"3296704385",
"parent":"AF6kDAKtP",
"text":"",
"mid":"AF9eMgxFz",
"date":"2014-04-11 07:19:23"
},
{
"kids":[],
"uid":"moneylord",
"parent":"AF67VtnXW",
"text":"[挖鼻屎]",
"mid":"AF9dq7dIP",
"date":"2014-04-11 07:16:01"
},
{
"kids":[],
"uid":"1154721677",
"parent":"",
"text":"调皮！",
"mid":"AF9cxrwDC",
"date":"2014-04-11 07:13:51"
},
{
"kids":[
"AFaxiEpKy",
"AF9q9Bw8W",
"AF9pOmSLQ",
"AF9nMubcs"
],
"uid":"2046156467",
"parent":"AF70Jn2zw",
"text":"真的没有了！[吃惊]",
"mid":"AF9cmaC9Z",
"date":"2014-04-11 07:13:25"
},
{
"kids":[
"AF9kNwFlc"
],
"uid":"2345281322",
"parent":"AF5AX299f",
"text":"",
"mid":"AF9brce98",
"date":"2014-04-11 07:11:08"
},
{
"kids":[],
"uid":"3983044680",
"parent":"",
"text":"",
"mid":"AF9bp4ttf",
"date":"2014-04-11 07:11:04"
},
{
"kids":[],
"uid":"yayahobo",
"parent":"AF9apke4b",
"text":"",
"mid":"AF9bebW7c",
"date":"2014-04-11 07:10:38"
},
{
"kids":[
"AFbl4c9yN",
"AF9bebW7c"
],
"uid":"renzhongbiao",
"parent":"",
"text":"蛟龙，看好你哦！[挖鼻屎]@三汇李雷 @月光下的魔术师KD",
"mid":"AF9apke4b",
"date":"2014-04-11 07:08:37"
},
{
"kids":[],
"uid":"2924862883",
"parent":"",
"text":"有这事？",
"mid":"AF9aaik6s",
"date":"2014-04-11 07:08:00"
},
{
"kids":[],
"uid":"yuweixing",
"parent":"AF8zk6Npz",
"text":"为什么呢@蛟龙深潜 ？",
"mid":"AF99Yp3vz",
"date":"2014-04-11 07:07:32"
},
{
"kids":[],
"uid":"yuweixing",
"parent":"AF8zk6Npz",
"text":"屮，我要去看看！",
"mid":"AF99yoJGf",
"date":"2014-04-11 07:06:31"
},
{
"kids":[],
"uid":"1910022607",
"parent":"AF6upjLZ1",
"text":"好奇",
"mid":"AF98uyKCw",
"date":"2014-04-11 07:03:54"
},
{
"kids":[],
"uid":"1040209105",
"parent":"AF6upjLZ1",
"text":"",
"mid":"AF98tE4UK",
"date":"2014-04-11 07:03:52"
},
{
"kids":[
"AF9D6tnEK",
"AF9mOw9Gv"
],
"uid":"wufengzhi",
"parent":"AF8OFzMgm",
"text":"！",
"mid":"AF988m35u",
"date":"2014-04-11 07:03:01"
},
{
"kids":[],
"uid":"wuyingpeng19860915",
"parent":"AF5VCxVGU",
"text":"哈哈！",
"mid":"AF95WtPXh",
"date":"2014-04-11 06:57:37"
},
{
"kids":[],
"uid":"fberlin",
"parent":"AF5FBEsNL",
"text":"",
"mid":"AF93c0dqz",
"date":"2014-04-11 06:50:50"
},
{
"kids":[],
"uid":"1400476760",
"parent":"AF600EBE5",
"text":"要来真的吓出翔！",
"mid":"AF92D5hpW",
"date":"2014-04-11 06:49:27"
},
{
"kids":[],
"uid":"not1984",
"parent":"AF8zk6Npz",
"text":"哈哈哈哈哈哈",
"mid":"AF91owYoT",
"date":"2014-04-11 06:46:25"
},
{
"kids":[],
"uid":"2083001357",
"parent":"",
"text":"呵呵",
"mid":"AF918BuHD",
"date":"2014-04-11 06:45:47"
},
{
"kids":[],
"uid":"2903595357",
"parent":"AF7se3zkt",
"text":"",
"mid":"AF90v23Al",
"date":"2014-04-11 06:44:12"
},
{
"kids":[],
"uid":"1278132363",
"parent":"AF5v1nfcG",
"text":"",
"mid":"AF8ZfzuFr",
"date":"2014-04-11 06:41:08"
},
{
"kids":[],
"uid":"2246570520",
"parent":"",
"text":"呵呵",
"mid":"AF8XPxcX9",
"date":"2014-04-11 06:37:38"
},
{
"kids":[],
"uid":"1879384514",
"parent":"AF5Slysqq",
"text":"求证！",
"mid":"AF8XoAUFN",
"date":"2014-04-11 06:36:33"
},
{
"kids":[],
"uid":"3918579451",
"parent":"AF62bt5qX",
"text":"打脸吗？[挖鼻屎][挖鼻屎]",
"mid":"AF8Wqo0ot",
"date":"2014-04-11 06:34:10"
},
{
"kids":[
"AF9D6tnEK",
"AF9mOw9Gv",
"AF988m35u"
],
"uid":"1985189233",
"parent":"",
"text":"赞!",
"mid":"AF8OFzMgm",
"date":"2014-04-11 06:15:03"
},
{
"kids":[],
"uid":"bns001",
"parent":"AF5xik6SB",
"text":"",
"mid":"AF8JCFA5B",
"date":"2014-04-11 06:02:38"
},
{
"kids":[],
"uid":"2614353240",
"parent":"AF5XpnSM9",
"text":"",
"mid":"AF8HM0WjR",
"date":"2014-04-11 05:58:04"
},
{
"kids":[],
"uid":"2083218671",
"parent":"AF8zk6Npz",
"text":"玩笑开大了……",
"mid":"AF8GQ5PwH",
"date":"2014-04-11 05:55:46"
},
{
"kids":[],
"uid":"2470975564",
"parent":"AF6kDAKtP",
"text":"就是个笑话",
"mid":"AF8EDijYM",
"date":"2014-04-11 05:50:20"
},
{
"kids":[
"AFcVTsjKj"
],
"uid":"hunterTiger",
"parent":"",
"text":"不是吧",
"mid":"AF8DfAjkV",
"date":"2014-04-11 05:46:56"
},
{
"kids":[],
"uid":"1411576773",
"parent":"",
"text":"",
"mid":"AF8CvcDfc",
"date":"2014-04-11 05:45:05"
},
{
"kids":[],
"uid":"williamfanyunfei",
"parent":"",
"text":"",
"mid":"AF8C38jPK",
"date":"2014-04-11 05:43:58"
},
{
"kids":[
"AFc78e3tE",
"AFa8FvHbH",
"AF9M66ysA",
"AF9IQe82X",
"AF9HM3FKr",
"AF9DfmgMB",
"AF9sihtAD",
"AF99Yp3vz",
"AF99yoJGf",
"AF91owYoT",
"AF8GQ5PwH"
],
"uid":"421959488",
"parent":"",
"text":"[黑线]",
"mid":"AF8zk6Npz",
"date":"2014-04-11 05:37:14"
},
{
"kids":[
"AFaABFzsL",
"AFaeh2yk1",
"AFa3rncjO",
"AFa1WBzoz"
],
"uid":"1719417701",
"parent":"AF8xdaXYc",
"text":"[汗][汗][汗]",
"mid":"AF8z53r2G",
"date":"2014-04-11 05:36:38"
},
{
"kids":[
"AFaABFzsL",
"AFaeh2yk1",
"AFa3rncjO",
"AFa1WBzoz",
"AF8z53r2G"
],
"uid":"1749277173",
"parent":"AF5Slysqq",
"text":"",
"mid":"AF8xdaXYc",
"date":"2014-04-11 05:32:03"
},
{
"kids":[],
"uid":"1902707295",
"parent":"AF5DJ0bUC",
"text":"",
"mid":"AF8rQcVhC",
"date":"2014-04-11 05:18:49"
},
{
"kids":[],
"uid":"3643573637",
"parent":"AF5v1nfcG",
"text":"[吃惊]蛟龙号怎么了",
"mid":"AF8nYdq01",
"date":"2014-04-11 05:09:17"
},
{
"kids":[],
"uid":"2658759813",
"parent":"AF5HN49FG",
"text":"",
"mid":"AF88Cr6VA",
"date":"2014-04-11 04:31:28"
},
{
"kids":[],
"uid":"1631238465",
"parent":"AF6comZw0",
"text":"我一直想找他",
"mid":"AF86QxZe8",
"date":"2014-04-11 04:27:06"
},
{
"kids":[],
"uid":"jibaiheparis",
"parent":"AF5TTgPs4",
"text":"这不是个笑话，但是很无语",
"mid":"AF82v5mcJ",
"date":"2014-04-11 04:16:23"
},
{
"kids":[],
"uid":"1637313213",
"parent":"",
"text":"哎呦我天",
"mid":"AF7TWBvjb",
"date":"2014-04-11 03:55:19"
},
{
"kids":[],
"uid":"3592733843",
"parent":"AF5HN49FG",
"text":"",
"mid":"AF7EIz4Yz",
"date":"2014-04-11 03:17:48"
},
{
"kids":[],
"uid":"2048229424",
"parent":"AF5T31LBE",
"text":"俺点进去看了看，真是一篇脖子都没有哦。",
"mid":"AF7uZqJMv",
"date":"2014-04-11 02:53:50"
},
{
"kids":[
"AF9ApyJAP",
"AF90v23Al"
],
"uid":"liudong60",
"parent":"AF6kDAKtP",
"text":"查查这些骗子都骗了哪些学术奖励？",
"mid":"AF7se3zkt",
"date":"2014-04-11 02:47:01"
},
{
"kids":[],
"uid":"2858452905",
"parent":"",
"text":"牛皮吹過頭了，不攻自破啦[偷笑][鄙視][挖鼻屎][鼓掌]",
"mid":"AF7pyjonD",
"date":"2014-04-11 02:40:26"
},
{
"kids":[],
"uid":"zznmjyxl2014",
"parent":"AF6kDAKtP",
"text":"",
"mid":"AF7iClJMi",
"date":"2014-04-11 02:23:21"
},
{
"kids":[],
"uid":"2106940415",
"parent":"AF5AU5MJP",
"text":"专家还没出来辟谣呢[哈哈]",
"mid":"AF7eUbamr",
"date":"2014-04-11 02:14:12"
},
{
"kids":[],
"uid":"zhonghangshen",
"parent":"",
"text":"太鸡八假打了！！[怒][怒][怒]",
"mid":"AF7cxjWq9",
"date":"2014-04-11 02:08:22"
},
{
"kids":[],
"uid":"1724679641",
"parent":"AF5MP5N3S",
"text":"为什么呢，草",
"mid":"AF7bG6h85",
"date":"2014-04-11 02:06:15"
},
{
"kids":[],
"uid":"1883099963",
"parent":"AF5v1nfcG",
"text":"",
"mid":"AF7awBxjV",
"date":"2014-04-11 02:03:25"
},
{
"kids":[],
"uid":"2494519860",
"parent":"AF6kDAKtP",
"text":"吹侧漏了",
"mid":"AF78eumiu",
"date":"2014-04-11 01:57:46"
},
{
"kids":[],
"uid":"2234138865",
"parent":"AF6tR4Jlz",
"text":"充分验证了吹牛不缴税",
"mid":"AF76orj49",
"date":"2014-04-11 01:53:13"
},
{
"kids":[],
"uid":"3211498767",
"parent":"AF5MXjuTL",
"text":"",
"mid":"AF76aeiA4",
"date":"2014-04-11 01:52:40"
},
{
"kids":[],
"uid":"gateways",
"parent":"AF5HXCNbM",
"text":"[挖鼻屎]",
"mid":"AF767zKUo",
"date":"2014-04-11 01:52:34"
},
{
"kids":[],
"uid":"lxy1811",
"parent":"AF6nr2jK4",
"text":"哈哈，胆儿真肥",
"mid":"AF75b624F",
"date":"2014-04-11 01:50:14"
},
{
"kids":[],
"uid":"535168789",
"parent":"AF5Slysqq",
"text":"机密，不能说的啦[哈哈][哈哈]",
"mid":"AF74Wizio",
"date":"2014-04-11 01:49:39"
},
{
"kids":[],
"uid":"oldmaneric",
"parent":"AF6WplSpV",
"text":"",
"mid":"AF73s8sFp",
"date":"2014-04-11 01:45:59"
},
{
"kids":[
"AFaxiEpKy",
"AF9q9Bw8W",
"AF9pOmSLQ",
"AF9nMubcs",
"AF9cmaC9Z"
],
"uid":"2847251471",
"parent":"AF6lhuRC9",
"text":"",
"mid":"AF70Jn2zw",
"date":"2014-04-11 01:39:16"
},
{
"kids":[],
"uid":"2704705783",
"parent":"AF5v1nfcG",
"text":"别吹了",
"mid":"AF70zihbx",
"date":"2014-04-11 01:38:53"
},
{
"kids":[
"AF73s8sFp"
],
"uid":"1951894344",
"parent":"",
"text":"居然之前的被删了，什么情况？",
"mid":"AF6WplSpV",
"date":"2014-04-11 01:28:38"
},
{
"kids":[
"AF9z0FG5z"
],
"uid":"1572814887",
"parent":"AF5Slysqq",
"text":"你懂的...",
"mid":"AF6Uaa4Oi",
"date":"2014-04-11 01:23:06"
},
{
"kids":[],
"uid":"1822393023",
"parent":"",
"text":"",
"mid":"AF6U7dBw3",
"date":"2014-04-11 01:22:59"
},
{
"kids":[],
"uid":"1174332882",
"parent":"AF5BtvfWP",
"text":"[思考]太妖怪了",
"mid":"AF6OTlzL6",
"date":"2014-04-11 01:10:06"
},
{
"kids":[],
"uid":"2173020515",
"parent":"AF5v1nfcG",
"text":"",
"mid":"AF6NPv7US",
"date":"2014-04-11 01:07:30"
},
{
"kids":[],
"uid":"anakin1989",
"parent":"AF6ilsTpu",
"text":"光光的！",
"mid":"AF6NiDCJS",
"date":"2014-04-11 01:06:11"
},
{
"kids":[],
"uid":"3009703197",
"parent":"",
"text":"",
"mid":"AF6LP3in0",
"date":"2014-04-11 01:02:33"
},
{
"kids":[],
"uid":"678253789",
"parent":"AF5v1nfcG",
"text":"",
"mid":"AF6LaiaM7",
"date":"2014-04-11 01:00:55"
},
{
"kids":[],
"uid":"2294727087",
"parent":"AF600EBE5",
"text":"",
"mid":"AF6L5iyPt",
"date":"2014-04-11 01:00:44"
},
{
"kids":[],
"uid":"2152585437",
"parent":"AF5v1nfcG",
"text":"",
"mid":"AF6KDaz0h",
"date":"2014-04-11 00:59:37"
},
{
"kids":[],
"uid":"wboming",
"parent":"",
"text":"是真的吗",
"mid":"AF6JUzSXt",
"date":"2014-04-11 00:57:51"
},
{
"kids":[],
"uid":"2011892377",
"parent":"AF5QIsz8B",
"text":"",
"mid":"AF6JhgdXi",
"date":"2014-04-11 00:56:17"
},
{
"kids":[],
"uid":"1914548117",
"parent":"AF5tt6ZRm",
"text":"",
"mid":"AF6Jg5nOX",
"date":"2014-04-11 00:56:14"
},
{
"kids":[],
"uid":"3197801961",
"parent":"AF6kDAKtP",
"text":"这次露出的不是马脚，而是泥腿[嘻嘻]",
"mid":"AF6IynsTR",
"date":"2014-04-11 00:54:30"
},
{
"kids":[],
"uid":"drmercer",
"parent":"AF6flxS0g",
"text":"",
"mid":"AF6HLltGx",
"date":"2014-04-11 00:52:33"
},
{
"kids":[],
"uid":"3197801961",
"parent":"AF6kDAKtP",
"text":"",
"mid":"AF6HKpqAf",
"date":"2014-04-11 00:52:31"
},
{
"kids":[],
"uid":"bbbli",
"parent":"AF62bt5qX",
"text":"专家的话……",
"mid":"AF6HsnaCZ",
"date":"2014-04-11 00:51:47"
},
{
"kids":[
"AFcAIzkWC"
],
"uid":"3152276040",
"parent":"",
"text":"",
"mid":"AF6Hg0vDi",
"date":"2014-04-11 00:51:18"
},
{
"kids":[],
"uid":"1980965712",
"parent":"",
"text":"能说什么呢",
"mid":"AF6Gyz89X",
"date":"2014-04-11 00:49:35"
},
{
"kids":[],
"uid":"1093054115",
"parent":"AF6cavIVt",
"text":"",
"mid":"AF6G74302",
"date":"2014-04-11 00:48:28"
},
{
"kids":[],
"uid":"2871729430",
"parent":"",
"text":"蛟龙号你怎么了？",
"mid":"AF6FQuWvu",
"date":"2014-04-11 00:47:50"
},
{
"kids":[],
"uid":"2142098371",
"parent":"AF6qLAh0p",
"text":"哈哈哈",
"mid":"AF6EMDNP4",
"date":"2014-04-11 00:45:12"
},
{
"kids":[],
"uid":"2708743965",
"parent":"AF5v1nfcG",
"text":"我们中国成功逗笑了全世界。却让那些想得到真相的人悲痛不已",
"mid":"AF6DQphnQ",
"date":"2014-04-11 00:42:54"
},
{
"kids":[],
"uid":"1956141073",
"parent":"AF5XpnSM9",
"text":"",
"mid":"AF6CJzzLI",
"date":"2014-04-11 00:40:10"
},
{
"kids":[],
"uid":"3174860924",
"parent":"AF5WU46fK",
"text":"谣言",
"mid":"AF6Ccv4PT",
"date":"2014-04-11 00:38:50"
},
{
"kids":[],
"uid":"1853848153",
"parent":"",
"text":"",
"mid":"AF6BuqlQe",
"date":"2014-04-11 00:37:06"
},
{
"kids":[],
"uid":"2697149913",
"parent":"AF5HrblD2",
"text":"难道下潜7000米是亩产万斤?",
"mid":"AF6Besd8z",
"date":"2014-04-11 00:36:28"
},
{
"kids":[],
"uid":"1821717192",
"parent":"AF6zmk7O2",
"text":"",
"mid":"AF6B53Iah",
"date":"2014-04-11 00:36:05"
},
{
"kids":[],
"uid":"1862259387",
"parent":"AF5RwFKG7",
"text":"求解释",
"mid":"AF6A7lzeQ",
"date":"2014-04-11 00:33:42"
},
{
"kids":[
"AFaiEAPXG"
],
"uid":"1976584384",
"parent":"",
"text":"请大家不要去追查马航了。[呵呵]我们神盾局内部矛盾以化解。九头蛇万岁。[嘻嘻]",
"mid":"AF6zE45jE",
"date":"2014-04-11 00:32:33"
},
{
"kids":[
"AF9WNqfp3"
],
"uid":"1850398813",
"parent":"",
"text":"",
"mid":"AF6zAyEuA",
"date":"2014-04-11 00:32:25"
},
{
"kids":[],
"uid":"2280263740",
"parent":"AF5Slysqq",
"text":"[疑问]",
"mid":"AF6zvfBpD",
"date":"2014-04-11 00:32:12"
},
{
"kids":[
"AF9qRDVtR",
"AF6B53Iah"
],
"uid":"chenligangsh",
"parent":"AF6rx9kXH",
"text":"[偷笑]",
"mid":"AF6zmk7O2",
"date":"2014-04-11 00:31:51"
},
{
"kids":[],
"uid":"jiaaining",
"parent":"AF5Ls0qoJ",
"text":"这个啥情况啊？哎~~",
"mid":"AF6yLnLlF",
"date":"2014-04-11 00:30:23"
},
{
"kids":[],
"uid":"1818816127",
"parent":"AF6tl7ZGa",
"text":"→_→",
"mid":"AF6yiuaJQ",
"date":"2014-04-11 00:29:14"
},
{
"kids":[],
"uid":"holmes21",
"parent":"AF5Yyi4Sy",
"text":"蛟龙号你太矫情了",
"mid":"AF6xyntzA",
"date":"2014-04-11 00:27:23"
},
{
"kids":[],
"uid":"1747431455",
"parent":"AF5HN49FG",
"text":"[弱][弱][弱]",
"mid":"AF6vZ9Ax3",
"date":"2014-04-11 00:23:32"
},
{
"kids":[],
"uid":"716601345",
"parent":"",
"text":"哭了～科技可真不能来这一套啊",
"mid":"AF6uszihQ",
"date":"2014-04-11 00:19:47"
},
{
"kids":[
"AFj6XFpUE",
"AFfLfwruE",
"AFcQhq8OX",
"AFc4Y4dAE",
"AFbXUppWR",
"AF9Yh42xD",
"AF9MR50Gm",
"AF9zUuLCT",
"AF9zBzVr8",
"AF98uyKCw",
"AF98tE4UK"
],
"uid":"1420848501",
"parent":"",
"text":"呵呵，自我阉割这招狠",
"mid":"AF6upjLZ1",
"date":"2014-04-11 00:19:39"
},
{
"kids":[],
"uid":"2126121643",
"parent":"",
"text":"",
"mid":"AF6udcPwO",
"date":"2014-04-11 00:19:10"
},
{
"kids":[
"AF76orj49"
],
"uid":"1407946901",
"parent":"",
"text":"哈哈",
"mid":"AF6tR4Jlz",
"date":"2014-04-11 00:18:17"
},
{
"kids":[],
"uid":"fadearea",
"parent":"",
"text":"[汗]",
"mid":"AF6tmmDnQ",
"date":"2014-04-11 00:17:04"
},
{
"kids":[
"AF6yiuaJQ"
],
"uid":"2644991537",
"parent":"",
"text":"@蛟龙深潜",
"mid":"AF6tl7ZGa",
"date":"2014-04-11 00:17:01"
},
{
"kids":[],
"uid":"hangtianhk",
"parent":"",
"text":"还真的全删完了，能请官方解释下么？",
"mid":"AF6rTCKGt",
"date":"2014-04-11 00:13:27"
},
{
"kids":[
"AF9qRDVtR",
"AF6B53Iah",
"AF6zmk7O2"
],
"uid":"1973049051",
"parent":"AF60olE4a",
"text":"就是个笑话",
"mid":"AF6rx9kXH",
"date":"2014-04-11 00:12:34"
},
{
"kids":[],
"uid":"shanrenliu",
"parent":"AF5v1nfcG",
"text":"",
"mid":"AF6qZsT9F",
"date":"2014-04-11 00:11:13"
},
{
"kids":[
"AF6EMDNP4"
],
"uid":"2134679152",
"parent":"AF6kDAKtP",
"text":"",
"mid":"AF6qLAh0p",
"date":"2014-04-11 00:10:41"
},
{
"kids":[],
"uid":"2532906683",
"parent":"AF6kDAKtP",
"text":"又打脸了",
"mid":"AF6qIEcRC",
"date":"2014-04-11 00:10:34"
},
{
"kids":[],
"uid":"2077228590",
"parent":"AF5Slysqq",
"text":"",
"mid":"AF6qBxhve",
"date":"2014-04-11 00:10:17"
},
{
"kids":[
"AFa97jt4k"
],
"uid":"2019241731",
"parent":"AF5Slysqq",
"text":"",
"mid":"AF6qiDs7i",
"date":"2014-04-11 00:09:32"
},
{
"kids":[],
"uid":"2693716522",
"parent":"",
"text":"",
"mid":"AF6piBbwA",
"date":"2014-04-11 00:07:04"
},
{
"kids":[],
"uid":"2024659353",
"parent":"AF6nvbVzY",
"text":"[思考]",
"mid":"AF6oLtA27",
"date":"2014-04-11 00:05:45"
},
{
"kids":[],
"uid":"xinlingdalaoshu",
"parent":"AF69k58gs",
"text":"……",
"mid":"AF6oCl5CB",
"date":"2014-04-11 00:05:22"
},
{
"kids":[],
"uid":"1952907993",
"parent":"AF6kDAKtP",
"text":"[吃惊]浮夸风未绝。",
"mid":"AF6o5vlPR",
"date":"2014-04-11 00:04:04"
},
{
"kids":[],
"uid":"balabalabalabala",
"parent":"AF5Slysqq",
"text":"",
"mid":"AF6o20PMS",
"date":"2014-04-11 00:03:56"
},
{
"kids":[
"AFa8vbgfW"
],
"uid":"2054782132",
"parent":"AF5Slysqq",
"text":"这个也放卫星。",
"mid":"AF6nV9kW4",
"date":"2014-04-11 00:03:40"
},
{
"kids":[
"AF9WwBOdI",
"AF6oLtA27"
],
"uid":"2240365531",
"parent":"",
"text":"[吃惊]",
"mid":"AF6nvbVzY",
"date":"2014-04-11 00:02:38"
},
{
"kids":[
"AF75b624F"
],
"uid":"2594924034",
"parent":"AF6flxS0g",
"text":"这个国家很危险啊，什么假都敢做",
"mid":"AF6nr2jK4",
"date":"2014-04-11 00:02:28"
},
{
"kids":[],
"uid":"piaoliupingjiang412",
"parent":"AF5XGu0QU",
"text":"",
"mid":"AF6mwCg2J",
"date":"2014-04-11 00:00:14"
},
{
"kids":[
"AF9DUrMFl"
],
"uid":"1968178973",
"parent":"AF62bt5qX",
"text":"",
"mid":"AF6mw335y",
"date":"2014-04-11 00:00:12"
},
{
"kids":[],
"uid":"1805743475",
"parent":"AF5YyzGnI",
"text":"",
"mid":"AF6lUbynh",
"date":"2014-04-10 23:58:40"
},
{
"kids":[
"AFaxiEpKy",
"AF9q9Bw8W",
"AF9pOmSLQ",
"AF9nMubcs",
"AF9cmaC9Z",
"AF70Jn2zw"
],
"uid":"1663672047",
"parent":"AF5XpnSM9",
"text":"只会吹牛@襄阳汉江网",
"mid":"AF6lhuRC9",
"date":"2014-04-10 23:57:10"
},
{
"kids":[],
"uid":"2279397955",
"parent":"AF6cOlYco",
"text":"@张召忠 将军来讲解一下 是不是澳大利亚渔民也养海带了？",
"mid":"AF6l3xInw",
"date":"2014-04-10 23:56:37"
},
{
"kids":[
"AFc9jxHx4",
"AF9KOjEyA",
"AF9Jx8YaI",
"AF9ApyJAP",
"AF9wrorxt",
"AF9ighVYF",
"AF9eMgxFz",
"AF90v23Al",
"AF8EDijYM",
"AF7se3zkt",
"AF7iClJMi",
"AF78eumiu",
"AF6IynsTR",
"AF6HKpqAf",
"AF6EMDNP4",
"AF6qLAh0p",
"AF6qIEcRC",
"AF6o5vlPR"
],
"uid":"2345281322",
"parent":"AF5NVlHRC",
"text":"",
"mid":"AF6kDAKtP",
"date":"2014-04-10 23:55:34"
},
{
"kids":[],
"uid":"tenderstone",
"parent":"AF6dmFVGf",
"text":"怕验证一下？",
"mid":"AF6kgvsns",
"date":"2014-04-10 23:54:40"
},
{
"kids":[],
"uid":"1107731825",
"parent":"",
"text":"为500出把力@中国公知精神病总院 @忠肝义胆常凯申 一起来举报吧！[哈哈]",
"mid":"AF6jxBODC",
"date":"2014-04-10 23:52:53"
},
{
"kids":[],
"uid":"2498389050",
"parent":"AF5SU9EOa",
"text":"",
"mid":"AF6iZDtVg",
"date":"2014-04-10 23:51:31"
},
{
"kids":[
"AF6NiDCJS"
],
"uid":"2728315485",
"parent":"AF62bt5qX",
"text":"真的删的光溜溜的",
"mid":"AF6ilsTpu",
"date":"2014-04-10 23:49:55"
},
{
"kids":[],
"uid":"2645187571",
"parent":"AF6gdE6st",
"text":"我的910借给野蛮哥，也是19.5个小时。",
"mid":"AF6hMjI6h",
"date":"2014-04-10 23:48:32"
},
{
"kids":[],
"uid":"2170351995",
"parent":"AF6c1DDiE",
"text":"",
"mid":"AF6h36mMd",
"date":"2014-04-10 23:46:44"
},
{
"kids":[],
"uid":"2491307502",
"parent":"AF6flxS0g",
"text":"",
"mid":"AF6ggBr05",
"date":"2014-04-10 23:44:47"
},
{
"kids":[
"AF6hMjI6h"
],
"uid":"421959488",
"parent":"AF5TTgPs4",
"text":"回复@安成bj: 910很厉害的，但是305、210都有不小的水分。",
"mid":"AF6gdE6st",
"date":"2014-04-10 23:44:42"
},
{
"kids":[
"AF9OPordX",
"AF9OsFpN9"
],
"uid":"1881254327",
"parent":"AF62bt5qX",
"text":"",
"mid":"AF6g8Bfc1",
"date":"2014-04-10 23:44:30"
},
{
"kids":[],
"uid":"2412892344",
"parent":"AF5Slysqq",
"text":"[哈哈]",
"mid":"AF6fv2W8O",
"date":"2014-04-10 23:42:55"
},
{
"kids":[
"AF9GCxovK",
"AF75b624F",
"AF6HLltGx",
"AF6nr2jK4",
"AF6ggBr05"
],
"uid":"1569363097",
"parent":"AF5M507C2",
"text":"实践是检查真理的唯一途径，蛟龙以后改叫水蛇吧",
"mid":"AF6flxS0g",
"date":"2014-04-10 23:42:33"
},
{
"kids":[],
"uid":"1625897781",
"parent":"AF5HN49FG",
"text":"",
"mid":"AF6eSk003",
"date":"2014-04-10 23:41:23"
},
{
"kids":[],
"uid":"2615704027",
"parent":"AF6dEo5My",
"text":"自己打自己脸。",
"mid":"AF6eguijG",
"date":"2014-04-10 23:39:52"
},
{
"kids":[
"AF9N4oxhd",
"AF9Mj4jtQ",
"AF9MgoAxQ"
],
"uid":"1405988362",
"parent":"",
"text":"[嘘]",
"mid":"AF6efAK7G",
"date":"2014-04-10 23:39:51"
},
{
"kids":[],
"uid":"3848312076",
"parent":"AF5Lgr8OY",
"text":"",
"mid":"AF6dJ6vUb",
"date":"2014-04-10 23:38:33"
},
{
"kids":[
"AF6eguijG"
],
"uid":"xiaoshulin1980",
"parent":"AF5yeyxr6",
"text":"[围观]",
"mid":"AF6dEo5My",
"date":"2014-04-10 23:38:22"
},
{
"kids":[
"AF6kgvsns"
],
"uid":"2427682442",
"parent":"AF600EBE5",
"text":"哈哈",
"mid":"AF6dmFVGf",
"date":"2014-04-10 23:37:40"
},
{
"kids":[],
"uid":"2462412665",
"parent":"AF66UxRn7",
"text":"想起那个三峡防洪的故事，先是可以抵挡千年一遇的洪水，再是五百年一遇的洪水，再是几十年一遇的洪水，最后是防洪不能指望三峡，呵呵了",
"mid":"AF6d5e7sZ",
"date":"2014-04-10 23:36:57"
},
{
"kids":[
"AF6l3xInw"
],
"uid":"2279397955",
"parent":"AF5xxrVFg",
"text":"吹牛逼吹露馅儿了",
"mid":"AF6cOlYco",
"date":"2014-04-10 23:36:18"
},
{
"kids":[
"AF86QxZe8"
],
"uid":"277118090",
"parent":"AF5Lgr8OY",
"text":"",
"mid":"AF6comZw0",
"date":"2014-04-10 23:35:16"
},
{
"kids":[
"AF9PHdmJl",
"AF6G74302"
],
"uid":"1871074605",
"parent":"AF5RH2E5g",
"text":"怎么了？",
"mid":"AF6cavIVt",
"date":"2014-04-10 23:34:43"
},
{
"kids":[
"AF6h36mMd"
],
"uid":"1892640633",
"parent":"AF62bt5qX",
"text":"",
"mid":"AF6c1DDiE",
"date":"2014-04-10 23:34:20"
},
{
"kids":[],
"uid":"tangdj",
"parent":"",
"text":"不是吧？[吃惊][挖鼻屎][偷笑]",
"mid":"AF6bT3AOe",
"date":"2014-04-10 23:34:01"
},
{
"kids":[
"AF9IF31vG"
],
"uid":"ZheSUENalex",
"parent":"AF62bt5qX",
"text":"",
"mid":"AF6buxeSI",
"date":"2014-04-10 23:33:03"
},
{
"kids":[],
"uid":"2283699330",
"parent":"AF5BtvfWP",
"text":"",
"mid":"AF6bpe9zW",
"date":"2014-04-10 23:32:50"
},
{
"kids":[],
"uid":"1859587640",
"parent":"",
"text":"[哼]",
"mid":"AF6bb4cBU",
"date":"2014-04-10 23:32:16"
},
{
"kids":[],
"uid":"jeff1101",
"parent":"AF5Slysqq",
"text":"",
"mid":"AF6bb2Y1h",
"date":"2014-04-10 23:32:16"
},
{
"kids":[],
"uid":"2698571161",
"parent":"AF5v1nfcG",
"text":"一定要这样吗[吃惊]",
"mid":"AF6avmqKg",
"date":"2014-04-10 23:30:37"
},
{
"kids":[],
"uid":"1838626623",
"parent":"",
"text":"这不是笑话",
"mid":"AF6a8zDDl",
"date":"2014-04-10 23:29:43"
},
{
"kids":[],
"uid":"y2kdi",
"parent":"AF5Slysqq",
"text":"c[鄙视]",
"mid":"AF69klouh",
"date":"2014-04-10 23:27:43"
},
{
"kids":[
"AF6oCl5CB"
],
"uid":"guofey",
"parent":"AF5Zf8FVo",
"text":"无聊，人家就没发过微博！",
"mid":"AF69k58gs",
"date":"2014-04-10 23:27:41"
},
{
"kids":[],
"uid":"2143311331",
"parent":"AF5WNejDo",
"text":"册那，跟郭嘉一付腾头死，就晓得忽悠",
"mid":"AF69coZpA",
"date":"2014-04-10 23:27:24"
},
{
"kids":[],
"uid":"3509535504",
"parent":"AF5Slysqq",
"text":"蛟龙号，你是八戒请来的救兵吗",
"mid":"AF693wSy3",
"date":"2014-04-10 23:27:03"
},
{
"kids":[
"AFbOGlvxL"
],
"uid":"gaohaobikes",
"parent":"",
"text":"逗逼！",
"mid":"AF68U4LjW",
"date":"2014-04-10 23:26:40"
},
{
"kids":[],
"uid":"206362340",
"parent":"AF600EBE5",
"text":"为什么呢？",
"mid":"AF68w8tQr",
"date":"2014-04-10 23:25:43"
},
{
"kids":[],
"uid":"2909701935",
"parent":"AF62bt5qX",
"text":"[怒]",
"mid":"AF68sClTx",
"date":"2014-04-10 23:25:35"
},
{
"kids":[],
"uid":"1966385625",
"parent":"AF5Slysqq",
"text":"",
"mid":"AF68qfmKc",
"date":"2014-04-10 23:25:29"
},
{
"kids":[],
"uid":"1969479743",
"parent":"AF5RwFKG7",
"text":"",
"mid":"AF68epzjN",
"date":"2014-04-10 23:24:59"
},
{
"kids":[
"AF9dq7dIP"
],
"uid":"1098274143",
"parent":"AF5HXCNbM",
"text":"",
"mid":"AF67VtnXW",
"date":"2014-04-10 23:24:15"
},
{
"kids":[],
"uid":"2357708531",
"parent":"AF5Slysqq",
"text":"",
"mid":"AF67SicWq",
"date":"2014-04-10 23:24:07"
},
{
"kids":[],
"uid":"2458430703",
"parent":"AF5Lgr8OY",
"text":"[哈哈][哈哈][哈哈]尿了",
"mid":"AF67CgVEJ",
"date":"2014-04-10 23:23:30"
},
{
"kids":[],
"uid":"873723320",
"parent":"AF600EBE5",
"text":"真的吗",
"mid":"AF679CObg",
"date":"2014-04-10 23:22:21"
},
{
"kids":[
"AF6d5e7sZ"
],
"uid":"2773348770",
"parent":"",
"text":"[哼][哼]",
"mid":"AF66UxRn7",
"date":"2014-04-10 23:21:45"
},
{
"kids":[],
"uid":"2093452587",
"parent":"AF5Ls0qoJ",
"text":"",
"mid":"AF66U0eJB",
"date":"2014-04-10 23:21:43"
},
{
"kids":[],
"uid":"3177392915",
"parent":"AF5Slysqq",
"text":"微博是试金石，妖魔鬼怪全都现了原型",
"mid":"AF66MBRZ6",
"date":"2014-04-10 23:21:26"
},
{
"kids":[],
"uid":"ncsjj",
"parent":"AF5Yyi4Sy",
"text":"确实真的。",
"mid":"AF66ElpgX",
"date":"2014-04-10 23:21:06"
},
{
"kids":[],
"uid":"519123689",
"parent":"AF5MYvnea",
"text":"微博被盗了",
"mid":"AF66ryQpK",
"date":"2014-04-10 23:20:37"
},
{
"kids":[],
"uid":"1887892860",
"parent":"",
"text":"我擦，还真没有了[晕]",
"mid":"AF66r0WNH",
"date":"2014-04-10 23:20:35"
},
{
"kids":[],
"uid":"2564876285",
"parent":"",
"text":"求辟谣",
"mid":"AF65XtyKB",
"date":"2014-04-10 23:19:25"
},
{
"kids":[],
"uid":"topgun41",
"parent":"",
"text":"次奥[怒]",
"mid":"AF65VoBek",
"date":"2014-04-10 23:19:19"
},
{
"kids":[],
"uid":"2765209254",
"parent":"AF5Slysqq",
"text":"",
"mid":"AF65OCJpT",
"date":"2014-04-10 23:19:03"
},
{
"kids":[],
"uid":"1781582147",
"parent":"AF5v1nfcG",
"text":"有前途",
"mid":"AF65BzcGn",
"date":"2014-04-10 23:18:33"
},
{
"kids":[],
"uid":"1704951902",
"parent":"",
"text":"",
"mid":"AF65oAL4q",
"date":"2014-04-10 23:18:01"
},
{
"kids":[],
"uid":"2820820782",
"parent":"AF60Jidn3",
"text":"博主是你分清沒有、南太平洋和南印度洋嬌籠有選擇的…[哈哈][哈哈][哈哈]",
"mid":"AF64VDOck",
"date":"2014-04-10 23:16:53"
},
{
"kids":[],
"uid":"2178227344",
"parent":"",
"text":"",
"mid":"AF64SDYCn",
"date":"2014-04-10 23:16:46"
},
{
"kids":[],
"uid":"limcishere",
"parent":"AF5Lgr8OY",
"text":"潜水了。。。",
"mid":"AF64Rt86N",
"date":"2014-04-10 23:16:43"
},
{
"kids":[],
"uid":"guangleisheng",
"parent":"",
"text":"[哈哈]漏气了。",
"mid":"AF64L1Dk2",
"date":"2014-04-10 23:16:27"
},
{
"kids":[],
"uid":"3564407763",
"parent":"AF5v1nfcG",
"text":"",
"mid":"AF64HtV8G",
"date":"2014-04-10 23:16:18"
},
{
"kids":[
"AF9NQwcUH"
],
"uid":"guyan888",
"parent":"AF62bt5qX",
"text":"[哈哈]",
"mid":"AF64C8xiv",
"date":"2014-04-10 23:16:04"
},
{
"kids":[],
"uid":"2027216597",
"parent":"AF5IYBrZT",
"text":"西游记 第四十三回：黑河妖孽擒僧去， 西洋龙子捉鼍回。",
"mid":"AF64y0m0J",
"date":"2014-04-10 23:15:56"
},
{
"kids":[],
"uid":"1759993795",
"parent":"",
"text":"哈哈",
"mid":"AF64tCMWW",
"date":"2014-04-10 23:15:46"
},
{
"kids":[],
"uid":"3485737340",
"parent":"AF62bt5qX",
"text":"",
"mid":"AF64msCnQ",
"date":"2014-04-10 23:15:29"
},
{
"kids":[],
"uid":"525888367",
"parent":"AF5Gun69F",
"text":"",
"mid":"AF646dund",
"date":"2014-04-10 23:14:49"
},
{
"kids":[],
"uid":"libo33",
"parent":"AF5HN49FG",
"text":"",
"mid":"AF63F269H",
"date":"2014-04-10 23:13:44"
},
{
"kids":[],
"uid":"2921131300",
"parent":"AF5NOexSg",
"text":"",
"mid":"AF63ju8pA",
"date":"2014-04-10 23:12:54"
},
{
"kids":[],
"uid":"2320180513",
"parent":"AF5v1nfcG",
"text":"",
"mid":"AF62GqXsL",
"date":"2014-04-10 23:11:21"
},
{
"kids":[],
"uid":"1637453977",
"parent":"",
"text":"",
"mid":"AF62h3tDu",
"date":"2014-04-10 23:10:20"
},
{
"kids":[
"AFntVyTb9",
"AFbNiEMBo",
"AFadjlIRp",
"AF9OPordX",
"AF9OsFpN9",
"AF9NQwcUH",
"AF9IF31vG",
"AF9DUrMFl",
"AF9kkwMKf",
"AF8Wqo0ot",
"AF6NiDCJS",
"AF6HsnaCZ",
"AF6mw335y",
"AF6ilsTpu",
"AF6h36mMd",
"AF6g8Bfc1",
"AF6c1DDiE",
"AF6buxeSI",
"AF68sClTx",
"AF64C8xiv",
"AF64msCnQ"
],
"uid":"1899628975",
"parent":"AF60w35Gc",
"text":"抽完左边抽右边啊",
"mid":"AF62bt5qX",
"date":"2014-04-10 23:10:06"
},
{
"kids":[],
"uid":"1245244682",
"parent":"",
"text":"",
"mid":"AF620ffRp",
"date":"2014-04-10 23:09:40"
},
{
"kids":[],
"uid":"1748737942",
"parent":"",
"text":"",
"mid":"AF61OpM2N",
"date":"2014-04-10 23:09:12"
},
{
"kids":[],
"uid":"3564217092",
"parent":"AF5xik6SB",
"text":"",
"mid":"AF61y99wG",
"date":"2014-04-10 23:08:33"
},
{
"kids":[],
"uid":"zhliu63",
"parent":"",
"text":"[哈哈][哈哈][哈哈][偷笑][偷笑][偷笑]",
"mid":"AF61vbM9r",
"date":"2014-04-10 23:08:27"
},
{
"kids":[],
"uid":"2610520122",
"parent":"AF60w35Gc",
"text":"",
"mid":"AF61jlyT8",
"date":"2014-04-10 23:07:58"
},
{
"kids":[],
"uid":"3703598760",
"parent":"AF5BtvfWP",
"text":"[哈哈]",
"mid":"AF61916Ls",
"date":"2014-04-10 23:07:32"
},
{
"kids":[],
"uid":"2363697844",
"parent":"AF5HN49FG",
"text":"[晕][晕]",
"mid":"AF6165qN9",
"date":"2014-04-10 23:07:25"
},
{
"kids":[],
"uid":"2138426641",
"parent":"AF5Gun69F",
"text":"",
"mid":"AF6112lHQ",
"date":"2014-04-10 23:07:14"
},
{
"kids":[],
"uid":"2122758581",
"parent":"AF5Zf8FVo",
"text":"[挖鼻屎]几个意思？",
"mid":"AF60O2aen",
"date":"2014-04-10 23:06:42"
},
{
"kids":[
"AF64VDOck"
],
"uid":"2759153414",
"parent":"AF5ZNq2DB",
"text":"[哈哈][哈哈][哈哈]谁没说个谎！[哈哈]",
"mid":"AF60Jidn3",
"date":"2014-04-10 23:06:31"
},
{
"kids":[
"B0mdcvivN"
],
"uid":"2936477483",
"parent":"AF5Slysqq",
"text":"所有的微博都没了。没法捞MH730的黑匣子了。[怒][怒][怒]",
"mid":"AF60BChPI",
"date":"2014-04-10 23:06:14"
},
{
"kids":[
"AFntVyTb9",
"AFbNiEMBo",
"AFadjlIRp",
"AFacPuzZp",
"AFa5v31Gt",
"AF9OPordX",
"AF9OsFpN9",
"AF9NQwcUH",
"AF9IF31vG",
"AF9DUrMFl",
"AF9kkwMKf",
"AF8Wqo0ot",
"AF6NiDCJS",
"AF6HsnaCZ",
"AF6mw335y",
"AF6ilsTpu",
"AF6h36mMd",
"AF6g8Bfc1",
"AF6c1DDiE",
"AF6buxeSI",
"AF68sClTx",
"AF64C8xiv",
"AF64msCnQ",
"AF62bt5qX",
"AF61jlyT8"
],
"uid":"2187152922",
"parent":"",
"text":"[汗][吃惊]",
"mid":"AF60w35Gc",
"date":"2014-04-10 23:05:59"
},
{
"kids":[],
"uid":"1744806502",
"parent":"AF5RH2E5g",
"text":"怎么了？",
"mid":"AF60rACn9",
"date":"2014-04-10 23:05:50"
},
{
"kids":[],
"uid":"2230683517",
"parent":"AF5Slysqq",
"text":"",
"mid":"AF60q5Lx8",
"date":"2014-04-10 23:05:46"
},
{
"kids":[
"AF9qRDVtR",
"AF6B53Iah",
"AF6zmk7O2",
"AF6rx9kXH"
],
"uid":"1873289217",
"parent":"AF5TTgPs4",
"text":"当时吹牛没打草稿",
"mid":"AF60olE4a",
"date":"2014-04-10 23:05:42"
},
{
"kids":[],
"uid":"1625161211",
"parent":"",
"text":"这个是马方的责任，用我们的做什么？他出钱？[挖鼻屎]所以防止你们做话题，删了",
"mid":"AF604xiQu",
"date":"2014-04-10 23:04:55"
},
{
"kids":[
"AFcyffS0u",
"AF9VdkB8c",
"AF9qVcTct",
"AF9k4081v",
"AF92D5hpW",
"AF6L5iyPt",
"AF6kgvsns",
"AF6dmFVGf",
"AF68w8tQr",
"AF679CObg"
],
"uid":"521123350",
"parent":"",
"text":"是这个原因吗？",
"mid":"AF600EBE5",
"date":"2014-04-10 23:04:46"
},
{
"kids":[],
"uid":"2607306865",
"parent":"AF5YyzGnI",
"text":"",
"mid":"AF5ZX84rb",
"date":"2014-04-10 23:04:37"
},
{
"kids":[],
"uid":"1802333192",
"parent":"AF5RwFKG7",
"text":"我了个去～～",
"mid":"AF5ZPcy80",
"date":"2014-04-10 23:04:17"
},
{
"kids":[
"AF64VDOck",
"AF60Jidn3"
],
"uid":"3802197689",
"parent":"AF5XZqrtZ",
"text":"求真？",
"mid":"AF5ZNq2DB",
"date":"2014-04-10 23:04:14"
},
{
"kids":[],
"uid":"1676243093",
"parent":"",
"text":"..........................",
"mid":"AF5ZF7FT2",
"date":"2014-04-10 23:03:54"
},
{
"kids":[],
"uid":"ren05621",
"parent":"AF5Slysqq",
"text":"",
"mid":"AF5ZEwBVu",
"date":"2014-04-10 23:03:53"
},
{
"kids":[],
"uid":"2451858943",
"parent":"AF5XpnSM9",
"text":"至于吗？",
"mid":"AF5ZDCMXE",
"date":"2014-04-10 23:03:51"
},
{
"kids":[],
"uid":"2625226105",
"parent":"AF5Slysqq",
"text":"果然木有了",
"mid":"AF5Zjyvx8",
"date":"2014-04-10 23:03:02"
},
{
"kids":[],
"uid":"3717291301",
"parent":"AF5NXpPAP",
"text":"你这是怎么了啊？",
"mid":"AF5ZhvIrF",
"date":"2014-04-10 23:02:58"
},
{
"kids":[],
"uid":"1810470792",
"parent":"",
"text":"[偷笑][偷笑][偷笑]",
"mid":"AF5ZgzKXM",
"date":"2014-04-10 23:02:56"
},
{
"kids":[
"AF6oCl5CB",
"AF69k58gs",
"AF60O2aen"
],
"uid":"3305913632",
"parent":"AF5WU46fK",
"text":"[挖鼻屎]",
"mid":"AF5Zf8FVo",
"date":"2014-04-10 23:02:52"
},
{
"kids":[],
"uid":"2625226105",
"parent":"AF5Slysqq",
"text":"中枪了",
"mid":"AF5Z8343g",
"date":"2014-04-10 23:02:34"
},
{
"kids":[],
"uid":"danielhuang2005",
"parent":"",
"text":"",
"mid":"AF5Z28kpK",
"date":"2014-04-10 23:02:21"
},
{
"kids":[],
"uid":"1658549022",
"parent":"AF5YyzGnI",
"text":"[衰]",
"mid":"AF5YY1ppr",
"date":"2014-04-10 23:02:10"
},
{
"kids":[],
"uid":"1871519650",
"parent":"AF5Slysqq",
"text":"你猜，欺君之罪有没有呢？",
"mid":"AF5YP7Ymy",
"date":"2014-04-10 23:01:49"
},
{
"kids":[
"AF6lUbynh",
"AF5ZX84rb",
"AF5YY1ppr"
],
"uid":"2634770784",
"parent":"",
"text":"国家鸡密？",
"mid":"AF5YyzGnI",
"date":"2014-04-10 23:01:10"
},
{
"kids":[
"AFafknggz",
"AF6xyntzA",
"AF66ElpgX"
],
"uid":"415274048",
"parent":"AF5TurioC",
"text":"",
"mid":"AF5Yyi4Sy",
"date":"2014-04-10 23:01:09"
},
{
"kids":[],
"uid":"3941105264",
"parent":"AF5Slysqq",
"text":"",
"mid":"AF5Yjvao2",
"date":"2014-04-10 23:00:35"
},
{
"kids":[],
"uid":"2542704463",
"parent":"AF5XQx0q2",
"text":"[吃惊]",
"mid":"AF5Yi0WqO",
"date":"2014-04-10 23:00:31"
},
{
"kids":[],
"uid":"uc60903013",
"parent":"",
"text":"[吃惊]真的都删了",
"mid":"AF5YeuYuU",
"date":"2014-04-10 23:00:22"
},
{
"kids":[
"AF64VDOck",
"AF60Jidn3",
"AF5ZNq2DB"
],
"uid":"2634770784",
"parent":"AF5Slysqq",
"text":"",
"mid":"AF5XZqrtZ",
"date":"2014-04-10 22:59:47"
},
{
"kids":[
"AF5Yi0WqO"
],
"uid":"1709425160",
"parent":"AF5WU46fK",
"text":"牛B各吹各，不要戳蹩脚",
"mid":"AF5XQx0q2",
"date":"2014-04-10 22:59:26"
},
{
"kids":[
"AF6mwCg2J"
],
"uid":"1428280397",
"parent":"",
"text":"不是潜水，而是沉水！",
"mid":"AF5XGu0QU",
"date":"2014-04-10 22:59:02"
},
{
"kids":[],
"uid":"3252203772",
"parent":"",
"text":"确实都删光了[晕][晕]@新浪新闻",
"mid":"AF5XqxpTf",
"date":"2014-04-10 22:58:24"
},
{
"kids":[
"AFaxiEpKy",
"AF9q9Bw8W",
"AF9pOmSLQ",
"AF9nMubcs",
"AF9jr133d",
"AF9cmaC9Z",
"AF8HM0WjR",
"AF70Jn2zw",
"AF6CJzzLI",
"AF6lhuRC9",
"AF5ZDCMXE"
],
"uid":"302323789",
"parent":"AF5tt6ZRm",
"text":"[吃惊][吃惊]",
"mid":"AF5XpnSM9",
"date":"2014-04-10 22:58:20"
},
{
"kids":[
"AFaW5ccqq",
"AFaRtskSP"
],
"uid":"shengjunwuming",
"parent":"",
"text":"[哈哈]",
"mid":"AF5Xo9BWO",
"date":"2014-04-10 22:58:17"
},
{
"kids":[
"AFcPIcTIL",
"AF9PozZvN"
],
"uid":"1335805392",
"parent":"AF5VugWfE",
"text":"看到这样的微博，既伤感又气愤！这个宁可睡遍全剧组女演员，也不肯多花一分钱造几样拿得出手的利器的国家，还能凭什么做梦？！醒醒吧！大大！",
"mid":"AF5XfCwbV",
"date":"2014-04-10 22:57:58"
},
{
"kids":[],
"uid":"478087704",
"parent":"AF5Slysqq",
"text":"难道多写了一个0？哈哈",
"mid":"AF5X7DEOf",
"date":"2014-04-10 22:57:38"
},
{
"kids":[],
"uid":"2637715433",
"parent":"",
"text":"[吃惊]",
"mid":"AF5WUBr6C",
"date":"2014-04-10 22:57:06"
},
{
"kids":[
"AF6Ccv4PT",
"AF6oCl5CB",
"AF69k58gs",
"AF60O2aen",
"AF5Zf8FVo",
"AF5Yi0WqO",
"AF5XQx0q2"
],
"uid":"captain01",
"parent":"AF5NXpPAP",
"text":"[汗]",
"mid":"AF5WU46fK",
"date":"2014-04-10 22:57:06"
},
{
"kids":[
"AF69coZpA"
],
"uid":"1516672627",
"parent":"AF5Gun69F",
"text":"真的诶",
"mid":"AF5WNejDo",
"date":"2014-04-10 22:56:49"
},
{
"kids":[],
"uid":"1922822747",
"parent":"",
"text":"",
"mid":"AF5Wrm7mx",
"date":"2014-04-10 22:55:58"
},
{
"kids":[],
"uid":"1683152977",
"parent":"",
"text":"",
"mid":"AF5WqrHRc",
"date":"2014-04-10 22:55:56"
},
{
"kids":[],
"uid":"zhongguoyeshi",
"parent":"AF5Slysqq",
"text":"天上飞机却入海，入海蛟龙好试才。奈何国威在删帖，也怕一去不复来？",
"mid":"AF5WpATgy",
"date":"2014-04-10 22:55:54"
},
{
"kids":[],
"uid":"1335805392",
"parent":"AF5VQrxGl",
"text":"难道做假?",
"mid":"AF5Wdv6MI",
"date":"2014-04-10 22:55:22"
},
{
"kids":[],
"uid":"1818703961",
"parent":"AF5Lgr8OY",
"text":"",
"mid":"AF5W6FM75",
"date":"2014-04-10 22:55:09"
},
{
"kids":[
"AF5Wdv6MI"
],
"uid":"tangguohunshui",
"parent":"AF5Slysqq",
"text":"纸上谈兵，夜郎自大。",
"mid":"AF5VQrxGl",
"date":"2014-04-10 22:54:29"
},
{
"kids":[],
"uid":"1674905161",
"parent":"AF5Slysqq",
"text":"",
"mid":"AF5VNvwc4",
"date":"2014-04-10 22:54:23"
},
{
"kids":[],
"uid":"1794536310",
"parent":"AF5DJ0bUC",
"text":"",
"mid":"AF5VN9xBD",
"date":"2014-04-10 22:54:21"
},
{
"kids":[],
"uid":"1013547090",
"parent":"AF5yeyxr6",
"text":"",
"mid":"AF5VIcptO",
"date":"2014-04-10 22:54:09"
},
{
"kids":[],
"uid":"136225777",
"parent":"AF5QyrXvX",
"text":"蛟龙号不是早就说能下7000米，还上过电视呢",
"mid":"AF5VFviHY",
"date":"2014-04-10 22:54:04"
},
{
"kids":[
"AFtcbv9i9",
"AF95WtPXh"
],
"uid":"1896355620",
"parent":"",
"text":"[汗][睡觉]",
"mid":"AF5VCxVGU",
"date":"2014-04-10 22:53:56"
},
{
"kids":[
"AFcPIcTIL",
"AF9PozZvN",
"AF5XfCwbV"
],
"uid":"waterstrider",
"parent":"AF5RH2E5g",
"text":"看到这样的微博，既伤感又气愤！这个宁可睡遍全剧组女演员，也不肯多花一分钱造几样拿得出手的利器的国家，还能凭什么做梦？！醒醒吧！大大！",
"mid":"AF5VugWfE",
"date":"2014-04-10 22:53:37"
},
{
"kids":[],
"uid":"2079982240",
"parent":"",
"text":"咳咳咳[汗]",
"mid":"AF5Vl95D4",
"date":"2014-04-10 22:53:15"
},
{
"kids":[],
"uid":"2257496735",
"parent":"",
"text":"",
"mid":"AF5VjCQow",
"date":"2014-04-10 22:53:12"
},
{
"kids":[],
"uid":"2914997627",
"parent":"AF5xik6SB",
"text":"",
"mid":"AF5VbDFP8",
"date":"2014-04-10 22:52:52"
},
{
"kids":[],
"uid":"happi8",
"parent":"",
"text":"同问？所有人需要你找出真相哇[吃惊][吃惊][吃惊]",
"mid":"AF5UV6WJf",
"date":"2014-04-10 22:52:13"
},
{
"kids":[],
"uid":"1561301102",
"parent":"AF5yeyxr6",
"text":"[汗]成语 滥竽充数",
"mid":"AF5UIpnud",
"date":"2014-04-10 22:51:42"
},
{
"kids":[],
"uid":"2014816751",
"parent":"AF5Slysqq",
"text":"真的假的？",
"mid":"AF5UBAr50",
"date":"2014-04-10 22:51:26"
},
{
"kids":[],
"uid":"1402052705",
"parent":"",
"text":"",
"mid":"AF5UB2azL",
"date":"2014-04-10 22:51:24"
},
{
"kids":[],
"uid":"1256146154",
"parent":"AF5Slysqq",
"text":"[哈哈]",
"mid":"AF5Uy3TAe",
"date":"2014-04-10 22:51:17"
},
{
"kids":[],
"uid":"yejing0216",
"parent":"",
"text":"[偷笑][偷笑][偷笑][偷笑]",
"mid":"AF5Uw0GsS",
"date":"2014-04-10 22:51:13"
},
{
"kids":[],
"uid":"1406884887",
"parent":"AF5Slysqq",
"text":"",
"mid":"AF5UmwTNn",
"date":"2014-04-10 22:50:50"
},
{
"kids":[],
"uid":"2634212807",
"parent":"AF5Lgr8OY",
"text":"",
"mid":"AF5U82nzy",
"date":"2014-04-10 22:50:16"
},
{
"kids":[],
"uid":"3958173338",
"parent":"",
"text":"真的耶！蛟龍號一條微博都沒有了，全刪了，想去那兒評論都不行了。",
"mid":"AF5U1esQD",
"date":"2014-04-10 22:50:00"
},
{
"kids":[
"AF9qRDVtR",
"AF82v5mcJ",
"AF6B53Iah",
"AF6zmk7O2",
"AF6rx9kXH",
"AF6hMjI6h",
"AF6gdE6st",
"AF60olE4a"
],
"uid":"421959488",
"parent":"AF5v1nfcG",
"text":"就像gps跑表，标称20小时续航能力，实际上12小时就死翘翘了。",
"mid":"AF5TTgPs4",
"date":"2014-04-10 22:49:40"
},
{
"kids":[],
"uid":"318957000",
"parent":"AF5HA2mys",
"text":"",
"mid":"AF5TQzY4K",
"date":"2014-04-10 22:49:35"
},
{
"kids":[],
"uid":"3707054370",
"parent":"AF5Slysqq",
"text":"",
"mid":"AF5TQ0LtU",
"date":"2014-04-10 22:49:33"
},
{
"kids":[],
"uid":"1958723123",
"parent":"AF5Oy3Mlo",
"text":"应该可以吧？",
"mid":"AF5THbe8r",
"date":"2014-04-10 22:49:12"
},
{
"kids":[],
"uid":"1192986487",
"parent":"AF5Slysqq",
"text":"/牛皮吹大了？[疑问]/@导演高晓舰: [吃驚]",
"mid":"AF5TH8L2e",
"date":"2014-04-10 22:49:12"
},
{
"kids":[],
"uid":"2288235120",
"parent":"AF5Slysqq",
"text":"",
"mid":"AF5TGAUVc",
"date":"2014-04-10 22:49:10"
},
{
"kids":[],
"uid":"3050380121",
"parent":"AF5v1nfcG",
"text":"[潜龙勿用]大概是因为人家蛟龙过于娇小,承载不了广大人民群众无休止的热忱寄望吧!!!支持你小游龙@蛟龙深潜 你奔腾的海域还未来到哈-加油,好好酝酿实力早日成为巨龙呵~",
"mid":"AF5TFDRVC",
"date":"2014-04-10 22:49:08"
},
{
"kids":[
"AFafknggz",
"AF9fBptUt",
"AF6xyntzA",
"AF66ElpgX",
"AF5Yyi4Sy"
],
"uid":"wangguangfu",
"parent":"AF5Slysqq",
"text":"当真！",
"mid":"AF5TurioC",
"date":"2014-04-10 22:48:42"
},
{
"kids":[],
"uid":"2839886070",
"parent":"AF5xik6SB",
"text":"回覆@法相尊严:哈哈哈，真的删了，搞笑~",
"mid":"AF5TsDGp0",
"date":"2014-04-10 22:48:38"
},
{
"kids":[],
"uid":"1669919262",
"parent":"AF5v1nfcG",
"text":"高级黑[偷乐]",
"mid":"AF5Tmsx6m",
"date":"2014-04-10 22:48:23"
},
{
"kids":[],
"uid":"coolcuffer",
"parent":"",
"text":"同问",
"mid":"AF5T9aIHi",
"date":"2014-04-10 22:47:51"
},
{
"kids":[],
"uid":"2288235120",
"parent":"AF5Slysqq",
"text":"",
"mid":"AF5T3i1nx",
"date":"2014-04-10 22:47:37"
},
{
"kids":[
"AF7uZqJMv"
],
"uid":"1070302370",
"parent":"",
"text":"咱号称的海了去鸟[哈哈][偷笑]",
"mid":"AF5T31LBE",
"date":"2014-04-10 22:47:36"
},
{
"kids":[
"AF6iZDtVg"
],
"uid":"2012385807",
"parent":"AF5MIzHCl",
"text":"",
"mid":"AF5SU9EOa",
"date":"2014-04-10 22:47:14"
},
{
"kids":[],
"uid":"1144150807",
"parent":"AF5zm194O",
"text":"难道这是在准备轻装上阵？",
"mid":"AF5Swa9AR",
"date":"2014-04-10 22:46:17"
},
{
"kids":[
"B0mdcvivN",
"AFGcUwupY",
"AFxRCq7bz",
"AFfX5xqfl",
"AFboLsWmm",
"AFaABFzsL",
"AFalWwNhj",
"AFafknggz",
"AFaeh2yk1",
"AFa97jt4k",
"AFa8vbgfW",
"AFa3rncjO",
"AFa1WBzoz",
"AF9z0FG5z",
"AF9fBptUt",
"AF8XoAUFN",
"AF8z53r2G",
"AF8xdaXYc",
"AF74Wizio",
"AF6Uaa4Oi",
"AF6zvfBpD",
"AF6xyntzA",
"AF6qBxhve",
"AF6qiDs7i",
"AF6o20PMS",
"AF6nV9kW4",
"AF6fv2W8O",
"AF6bb2Y1h",
"AF69klouh",
"AF693wSy3",
"AF68qfmKc",
"AF67SicWq",
"AF66MBRZ6",
"AF66ElpgX",
"AF65OCJpT",
"AF64VDOck",
"AF60Jidn3",
"AF60BChPI",
"AF60q5Lx8",
"AF5ZNq2DB",
"AF5ZEwBVu",
"AF5Zjyvx8",
"AF5Z8343g",
"AF5YP7Ymy",
"AF5Yyi4Sy",
"AF5Yjvao2",
"AF5XZqrtZ",
"AF5X7DEOf",
"AF5WpATgy",
"AF5Wdv6MI",
"AF5VQrxGl",
"AF5VNvwc4",
"AF5UBAr50",
"AF5Uy3TAe",
"AF5UmwTNn",
"AF5TQ0LtU",
"AF5TH8L2e",
"AF5TGAUVc",
"AF5TurioC",
"AF5T3i1nx"
],
"uid":"fjtv1gaodao",
"parent":"AF5tt6ZRm",
"text":"[吃驚]",
"mid":"AF5Slysqq",
"date":"2014-04-10 22:45:53"
},
{
"kids":[],
"uid":"1400984305",
"parent":"AF5RKBfEd",
"text":"吹大了！",
"mid":"AF5Sju5aK",
"date":"2014-04-10 22:45:48"
},
{
"kids":[],
"uid":"2247815087",
"parent":"AF5OYkZiz",
"text":"",
"mid":"AF5Sc6RFj",
"date":"2014-04-10 22:45:30"
},
{
"kids":[],
"uid":"3238649472",
"parent":"AF5Lgr8OY",
"text":"",
"mid":"AF5S2mQhk",
"date":"2014-04-10 22:45:07"
},
{
"kids":[],
"uid":"2243117275",
"parent":"AF5HN49FG",
"text":"",
"mid":"AF5RPE5Wy",
"date":"2014-04-10 22:44:36"
},
{
"kids":[
"AF5Sju5aK"
],
"uid":"2019050603",
"parent":"",
"text":"哈哈哈，可悲可笑",
"mid":"AF5RKBfEd",
"date":"2014-04-10 22:44:25"
},
{
"kids":[
"AFcPIcTIL",
"AFa37z92i",
"AF9PHdmJl",
"AF9PozZvN",
"AF6G74302",
"AF6cavIVt",
"AF60rACn9",
"AF5XfCwbV",
"AF5VugWfE"
],
"uid":"gundam01",
"parent":"AF5v1nfcG",
"text":"[挖鼻屎]",
"mid":"AF5RH2E5g",
"date":"2014-04-10 22:44:16"
},
{
"kids":[
"AF6A7lzeQ",
"AF68epzjN",
"AF5ZPcy80"
],
"uid":"1698334907",
"parent":"",
"text":"真删了。。。呵呵！",
"mid":"AF5RwFKG7",
"date":"2014-04-10 22:43:52"
},
{
"kids":[],
"uid":"3908444199",
"parent":"AF5v1nfcG",
"text":"",
"mid":"AF5QPx0pY",
"date":"2014-04-10 22:42:09"
},
{
"kids":[
"AF6JhgdXi"
],
"uid":"2559510754",
"parent":"",
"text":"蛟龙号演技太精湛了",
"mid":"AF5QIsz8B",
"date":"2014-04-10 22:41:51"
},
{
"kids":[],
"uid":"1665010774",
"parent":"",
"text":"吹牛逼碰上真家伙了哈哈",
"mid":"AF5QIdAAk",
"date":"2014-04-10 22:41:49"
},
{
"kids":[],
"uid":"1413140210",
"parent":"AF5DJ0bUC",
"text":"",
"mid":"AF5QDtI5Y",
"date":"2014-04-10 22:41:40"
},
{
"kids":[
"AF5VFviHY"
],
"uid":"734508277",
"parent":"AF5PB1QWD",
"text":"",
"mid":"AF5QyrXvX",
"date":"2014-04-10 22:41:29"
},
{
"kids":[],
"uid":"3253641110",
"parent":"",
"text":"我一个meng子能扎8000米，你们信么@骑蚂蚁mly过河 @jack6735 @俊德读书 @舒彤学摄影",
"mid":"AF5QvaNdC",
"date":"2014-04-10 22:41:19"
},
{
"kids":[],
"uid":"chenxt511",
"parent":"",
"text":"",
"mid":"AF5Qpg7JC",
"date":"2014-04-10 22:41:06"
},
{
"kids":[],
"uid":"1829135413",
"parent":"AF5Lgr8OY",
"text":"",
"mid":"AF5Qm2g43",
"date":"2014-04-10 22:40:57"
},
{
"kids":[],
"uid":"3048376405",
"parent":"AF5Lgr8OY",
"text":"好好笑[泪]",
"mid":"AF5Q5tStG",
"date":"2014-04-10 22:40:19"
},
{
"kids":[],
"uid":"2886610733",
"parent":"AF5FyasqY",
"text":"",
"mid":"AF5Q2e9ny",
"date":"2014-04-10 22:40:11"
},
{
"kids":[],
"uid":"1677916653",
"parent":"AF5v1nfcG",
"text":"",
"mid":"AF5PFcWxO",
"date":"2014-04-10 22:39:16"
},
{
"kids":[],
"uid":"2654591185",
"parent":"AF5BtvfWP",
"text":"[嘻嘻]",
"mid":"AF5PDqr9U",
"date":"2014-04-10 22:39:12"
},
{
"kids":[
"AF5VFviHY",
"AF5QyrXvX"
],
"uid":"80907277",
"parent":"AF5NOexSg",
"text":"",
"mid":"AF5PB1QWD",
"date":"2014-04-10 22:39:05"
},
{
"kids":[],
"uid":"zhepin",
"parent":"AF5HN49FG",
"text":"[哈哈][哈哈][哈哈]",
"mid":"AF5PfdlkB",
"date":"2014-04-10 22:38:14"
},
{
"kids":[],
"uid":"2351043493",
"parent":"",
"text":"真的做缩卵了[哼]",
"mid":"AF5PcwciB",
"date":"2014-04-10 22:38:07"
},
{
"kids":[],
"uid":"felipito",
"parent":"",
"text":"上海之前新闻里吹进口消防车能扑灭多少多少层楼的大火，后来被胶州路打脸。。。",
"mid":"AF5PcfYis",
"date":"2014-04-10 22:38:07"
},
{
"kids":[
"AF5Sc6RFj"
],
"uid":"1873409060",
"parent":"AF5xik6SB",
"text":"牛逼吹大发了",
"mid":"AF5OYkZiz",
"date":"2014-04-10 22:37:34"
},
{
"kids":[],
"uid":"1798938235",
"parent":"",
"text":"所以新闻不能连起来看",
"mid":"AF5OWfQyU",
"date":"2014-04-10 22:37:29"
},
{
"kids":[],
"uid":"nickimiao",
"parent":"AF5v1nfcG",
"text":"",
"mid":"AF5OLjKna",
"date":"2014-04-10 22:37:03"
},
{
"kids":[
"AF5THbe8r"
],
"uid":"3709770351",
"parent":"AF5OktapG",
"text":"",
"mid":"AF5Oy3Mlo",
"date":"2014-04-10 22:36:30"
},
{
"kids":[
"AF5THbe8r",
"AF5Oy3Mlo"
],
"uid":"3199248912",
"parent":"AF5BtvfWP",
"text":"",
"mid":"AF5OktapG",
"date":"2014-04-10 22:35:58"
},
{
"kids":[],
"uid":"1269232812",
"parent":"",
"text":"呵呵，牛吹大鸟。[偷笑]",
"mid":"AF5OiFgYM",
"date":"2014-04-10 22:35:55"
},
{
"kids":[],
"uid":"2402872263",
"parent":"",
"text":"[汗]",
"mid":"AF5OhupgF",
"date":"2014-04-10 22:35:51"
},
{
"kids":[],
"uid":"2655273891",
"parent":"",
"text":"[浮云]",
"mid":"AF5O78nfH",
"date":"2014-04-10 22:35:27"
},
{
"kids":[
"AF6Ccv4PT",
"AF6oCl5CB",
"AF69k58gs",
"AF60O2aen",
"AF5ZhvIrF",
"AF5Zf8FVo",
"AF5Yi0WqO",
"AF5XQx0q2",
"AF5WU46fK"
],
"uid":"1709425160",
"parent":"AF5Lgr8OY",
"text":"[哈哈]",
"mid":"AF5NXpPAP",
"date":"2014-04-10 22:35:04"
},
{
"kids":[
"AFc9jxHx4",
"AF9KOjEyA",
"AF9Jx8YaI",
"AF9ApyJAP",
"AF9wrorxt",
"AF9ighVYF",
"AF9eMgxFz",
"AF90v23Al",
"AF8EDijYM",
"AF7se3zkt",
"AF7iClJMi",
"AF78eumiu",
"AF6IynsTR",
"AF6HKpqAf",
"AF6EMDNP4",
"AF6qLAh0p",
"AF6qIEcRC",
"AF6o5vlPR",
"AF6kDAKtP"
],
"uid":"2169309165",
"parent":"AF5MYvnea",
"text":"倒着吹。",
"mid":"AF5NVlHRC",
"date":"2014-04-10 22:34:58"
},
{
"kids":[],
"uid":"felipito",
"parent":"AF5Lgr8OY",
"text":"[吃惊][吃惊][吃惊]",
"mid":"AF5NRc4QL",
"date":"2014-04-10 22:34:48"
},
{
"kids":[
"AF63ju8pA",
"AF5VFviHY",
"AF5QyrXvX",
"AF5PB1QWD"
],
"uid":"1914144055",
"parent":"AF5BtvfWP",
"text":"",
"mid":"AF5NOexSg",
"date":"2014-04-10 22:34:42"
},
{
"kids":[],
"uid":"3956269946",
"parent":"AF5Lgr8OY",
"text":"是真的么？",
"mid":"AF5NNmyhx",
"date":"2014-04-10 22:34:39"
},
{
"kids":[],
"uid":"wowchina1314",
"parent":"AF5Lgr8OY",
"text":"[衰]",
"mid":"AF5NzrRA4",
"date":"2014-04-10 22:34:07"
},
{
"kids":[],
"uid":"2564382581",
"parent":"AF5Lgr8OY",
"text":"",
"mid":"AF5NtgBTL",
"date":"2014-04-10 22:33:52"
},
{
"kids":[
"AFc9jxHx4",
"AF9KOjEyA",
"AF9Jx8YaI",
"AF9ApyJAP",
"AF9wrorxt",
"AF9ighVYF",
"AF9eMgxFz",
"AF90v23Al",
"AF8EDijYM",
"AF7se3zkt",
"AF7iClJMi",
"AF78eumiu",
"AF6IynsTR",
"AF6HKpqAf",
"AF6EMDNP4",
"AF6qLAh0p",
"AF6qIEcRC",
"AF6o5vlPR",
"AF6kDAKtP",
"AF66ryQpK",
"AF5NVlHRC"
],
"uid":"201290506",
"parent":"AF5MIzHCl",
"text":"",
"mid":"AF5MYvnea",
"date":"2014-04-10 22:32:39"
},
{
"kids":[],
"uid":"3564388243",
"parent":"AF5Lgr8OY",
"text":"[汗]",
"mid":"AF5MYdLVX",
"date":"2014-04-10 22:32:38"
},
{
"kids":[
"AF76aeiA4"
],
"uid":"1658101234",
"parent":"AF5HN49FG",
"text":"这尼玛不是成心掉链子么？",
"mid":"AF5MXjuTL",
"date":"2014-04-10 22:32:36"
},
{
"kids":[],
"uid":"2184132757",
"parent":"AF5M5wf0C",
"text":"牛皮吹破了",
"mid":"AF5MPDmFB",
"date":"2014-04-10 22:32:18"
},
{
"kids":[
"AF7bG6h85"
],
"uid":"208123816",
"parent":"AF5L2hlqg",
"text":"",
"mid":"AF5MP5N3S",
"date":"2014-04-10 22:32:15"
},
{
"kids":[],
"uid":"3499328804",
"parent":"",
"text":"居然是真的= =太丢人了2333333333333",
"mid":"AF5MKmdw9",
"date":"2014-04-10 22:32:05"
},
{
"kids":[],
"uid":"3238649472",
"parent":"AF5Lgr8OY",
"text":"",
"mid":"AF5MKlUyS",
"date":"2014-04-10 22:32:05"
},
{
"kids":[
"AFc9jxHx4",
"AF9KOjEyA",
"AF9Jx8YaI",
"AF9ApyJAP",
"AF9wrorxt",
"AF9ighVYF",
"AF9eMgxFz",
"AF90v23Al",
"AF8EDijYM",
"AF7se3zkt",
"AF7iClJMi",
"AF78eumiu",
"AF6IynsTR",
"AF6HKpqAf",
"AF6EMDNP4",
"AF6qLAh0p",
"AF6qIEcRC",
"AF6o5vlPR",
"AF6kDAKtP",
"AF6iZDtVg",
"AF66ryQpK",
"AF5SU9EOa",
"AF5NVlHRC",
"AF5MYvnea"
],
"uid":"2796599875",
"parent":"AF5IYBrZT",
"text":"牛可以吹上天，蛟龙号能吹到海底么？",
"mid":"AF5MIzHCl",
"date":"2014-04-10 22:32:00"
},
{
"kids":[],
"uid":"1785259817",
"parent":"AF5Gz7l1v",
"text":"丢人@太平金黄鱼:难产。大家逼它出发。[偷笑]",
"mid":"AF5MycmeS",
"date":"2014-04-10 22:31:36"
},
{
"kids":[],
"uid":"273203335",
"parent":"AF5DWydq4",
"text":"",
"mid":"AF5MplmZN",
"date":"2014-04-10 22:31:15"
},
{
"kids":[],
"uid":"houchunli",
"parent":"AF5Lgr8OY",
"text":"",
"mid":"AF5MgtmiV",
"date":"2014-04-10 22:30:53"
},
{
"kids":[],
"uid":"1832551982",
"parent":"AF5DJ0bUC",
"text":"[奥特曼]",
"mid":"AF5MfCES9",
"date":"2014-04-10 22:30:51"
},
{
"kids":[
"AF5MPDmFB"
],
"uid":"2621248671",
"parent":"AF5HN49FG",
"text":"日他妈，科研经费捞起跑了。",
"mid":"AF5M5wf0C",
"date":"2014-04-10 22:30:27"
},
{
"kids":[
"AF9GCxovK",
"AF75b624F",
"AF6HLltGx",
"AF6nr2jK4",
"AF6ggBr05",
"AF6flxS0g"
],
"uid":"919520999",
"parent":"AF5Lgr8OY",
"text":"这[吃惊]",
"mid":"AF5M507C2",
"date":"2014-04-10 22:30:25"
},
{
"kids":[],
"uid":"1767343084",
"parent":"",
"text":"轉發微博",
"mid":"AF5M46S9h",
"date":"2014-04-10 22:30:24"
},
{
"kids":[],
"uid":"2457477825",
"parent":"AF5Lgr8OY",
"text":"蛟龙在睡觉[打哈气][打哈气][打哈气]",
"mid":"AF5LZESpZ",
"date":"2014-04-10 22:30:13"
},
{
"kids":[],
"uid":"2613633244",
"parent":"AF5v1nfcG",
"text":"[哼]",
"mid":"AF5LKBsv1",
"date":"2014-04-10 22:29:37"
},
{
"kids":[],
"uid":"5041340847",
"parent":"AF5Lgr8OY",
"text":"[汗]",
"mid":"AF5LK0ceG",
"date":"2014-04-10 22:29:36"
},
{
"kids":[
"AF6yLnLlF",
"AF66U0eJB"
],
"uid":"liaozhichen",
"parent":"",
"text":"[晕][晕][晕][晕][吃惊][吃惊][吃惊][吃惊][衰][衰][衰][衰]",
"mid":"AF5Ls0qoJ",
"date":"2014-04-10 22:28:53"
},
{
"kids":[],
"uid":"635074566",
"parent":"AF5BtvfWP",
"text":"[阴险]",
"mid":"AF5LooAip",
"date":"2014-04-10 22:28:45"
},
{
"kids":[
"AF9GCxovK",
"AF86QxZe8",
"AF75b624F",
"AF6HLltGx",
"AF6Ccv4PT",
"AF6oCl5CB",
"AF6nr2jK4",
"AF6ggBr05",
"AF6flxS0g",
"AF6dJ6vUb",
"AF6comZw0",
"AF69k58gs",
"AF67CgVEJ",
"AF64Rt86N",
"AF60O2aen",
"AF5ZhvIrF",
"AF5Zf8FVo",
"AF5Yi0WqO",
"AF5XQx0q2",
"AF5WU46fK",
"AF5W6FM75",
"AF5U82nzy",
"AF5S2mQhk",
"AF5Qm2g43",
"AF5Q5tStG",
"AF5NXpPAP",
"AF5NRc4QL",
"AF5NNmyhx",
"AF5NzrRA4",
"AF5NtgBTL",
"AF5MYdLVX",
"AF5MKlUyS",
"AF5MgtmiV",
"AF5M507C2",
"AF5LZESpZ",
"AF5LK0ceG"
],
"uid":"602902012",
"parent":"AF5tt6ZRm",
"text":"[吃惊]",
"mid":"AF5Lgr8OY",
"date":"2014-04-10 22:28:26"
},
{
"kids":[],
"uid":"2641008237",
"parent":"AF5xik6SB",
"text":"是骡子是马拉出来溜溜",
"mid":"AF5L4D4nn",
"date":"2014-04-10 22:27:58"
},
{
"kids":[
"AF7bG6h85",
"AF5MP5N3S"
],
"uid":"bg4ggs",
"parent":"AF5Gun69F",
"text":"扇耳光，删光光",
"mid":"AF5L2hlqg",
"date":"2014-04-10 22:27:52"
},
{
"kids":[],
"uid":"2694304111",
"parent":"AF5Ix9IL6",
"text":"",
"mid":"AF5Kt98o9",
"date":"2014-04-10 22:26:25"
},
{
"kids":[],
"uid":"2768428257",
"parent":"",
"text":"",
"mid":"AF5Koo8iN",
"date":"2014-04-10 22:26:17"
},
{
"kids":[],
"uid":"roserui",
"parent":"AF5FBEsNL",
"text":"",
"mid":"AF5KolX8T",
"date":"2014-04-10 22:26:17"
},
{
"kids":[
"AFd43Dh9p",
"AFd2xFALx",
"AFcWmb5N2",
"AFcRqk8v7",
"AFcPifo56",
"AFcLUqjqO",
"AFcCv96lh",
"AFculfV2H",
"AFcqzbOIy",
"AFcir92RM",
"AFc4Gk63u"
],
"uid":"1866043397",
"parent":"AF5Gz7l1v",
"text":"@勇闯天涯2764054833",
"mid":"AF5Kcykj6",
"date":"2014-04-10 22:25:49"
},
{
"kids":[],
"uid":"3317296404",
"parent":"AF5xik6SB",
"text":"真的没有微薄了…难道娇龙是娇蛟龙@余元洲 @范忠信 @蛟龙深潜 @李承鹏",
"mid":"AF5K6jla3",
"date":"2014-04-10 22:25:34"
},
{
"kids":[],
"uid":"1866043397",
"parent":"AF5Gz7l1v",
"text":"",
"mid":"AF5JTlBIj",
"date":"2014-04-10 22:25:02"
},
{
"kids":[],
"uid":"3228882734",
"parent":"AF5xik6SB",
"text":"真的没了",
"mid":"AF5JT2x54",
"date":"2014-04-10 22:25:02"
},
{
"kids":[],
"uid":"slowsecond",
"parent":"",
"text":"仅供娱乐",
"mid":"AF5JKawri",
"date":"2014-04-10 22:24:41"
},
{
"kids":[],
"uid":"2245832822",
"parent":"AF5v1nfcG",
"text":"你肿么了？你肿么了？",
"mid":"AF5JAFT0p",
"date":"2014-04-10 22:24:19"
},
{
"kids":[],
"uid":"3579584154",
"parent":"AF5H0iSeJ",
"text":"",
"mid":"AF5JlF5qg",
"date":"2014-04-10 22:23:42"
},
{
"kids":[],
"uid":"1118495075",
"parent":"AF5tt6ZRm",
"text":"蛟龙号想麻麻了[嘻嘻]",
"mid":"AF5Ji8avB",
"date":"2014-04-10 22:23:33"
},
{
"kids":[],
"uid":"2052957877",
"parent":"AF5Gun69F",
"text":"哈哈哈",
"mid":"AF5J6k8D8",
"date":"2014-04-10 22:23:07"
},
{
"kids":[
"AF9AOnqYP"
],
"uid":"2644979951",
"parent":"AF5I6gSn0",
"text":"现在真的是个笑话了",
"mid":"AF5J4g1yZ",
"date":"2014-04-10 22:23:01"
},
{
"kids":[],
"uid":"2039715977",
"parent":"",
"text":"转起来，蛟龙号你肿么了啊！酱紫对的起全国人民嘛？对得起人民那钱养你嘛，解释一下下嘛？",
"mid":"AF5J3jtYj",
"date":"2014-04-10 22:22:59"
},
{
"kids":[],
"uid":"3854575873",
"parent":"AF5Gz7l1v",
"text":"",
"mid":"AF5J31SGj",
"date":"2014-04-10 22:22:58"
},
{
"kids":[],
"uid":"326659393",
"parent":"AF5Gz7l1v",
"text":"吓的尿失禁了",
"mid":"AF5J2tvSH",
"date":"2014-04-10 22:22:57"
},
{
"kids":[],
"uid":"roserui",
"parent":"AF5FBEsNL",
"text":"",
"mid":"AF5J2rddu",
"date":"2014-04-10 22:22:57"
},
{
"kids":[
"AFc9jxHx4",
"AF9KOjEyA",
"AF9Jx8YaI",
"AF9ApyJAP",
"AF9wrorxt",
"AF9ighVYF",
"AF9eMgxFz",
"AF90v23Al",
"AF8EDijYM",
"AF7se3zkt",
"AF7iClJMi",
"AF78eumiu",
"AF6IynsTR",
"AF6HKpqAf",
"AF6EMDNP4",
"AF6qLAh0p",
"AF6qIEcRC",
"AF6o5vlPR",
"AF6kDAKtP",
"AF6iZDtVg",
"AF66ryQpK",
"AF64y0m0J",
"AF5SU9EOa",
"AF5NVlHRC",
"AF5MYvnea",
"AF5MIzHCl"
],
"uid":"huangdengjiao",
"parent":"AF5BtvfWP",
"text":"真相呢？",
"mid":"AF5IYBrZT",
"date":"2014-04-10 22:22:48"
},
{
"kids":[],
"uid":"2495010144",
"parent":"AF5v1nfcG",
"text":":[吃惊][吃惊]蛟龙号你怎么了？",
"mid":"AF5IVnUMR",
"date":"2014-04-10 22:22:40"
},
{
"kids":[],
"uid":"1385595187",
"parent":"",
"text":"这个笑话开大了。",
"mid":"AF5IRfGJc",
"date":"2014-04-10 22:22:30"
},
{
"kids":[],
"uid":"2213732500",
"parent":"AF5BtvfWP",
"text":"是不是怕＂一潜梅＂[偷笑]",
"mid":"AF5IN7saH",
"date":"2014-04-10 22:22:19"
},
{
"kids":[],
"uid":"1044535193",
"parent":"AF5FJlCMZ",
"text":"笑话不能这么讲吧，你们这些所谓搞科学的都是这样的吗，还是文人相轻的劣根性？",
"mid":"AF5IB0lB6",
"date":"2014-04-10 22:21:51"
},
{
"kids":[
"AF5Kt98o9"
],
"uid":"2169309165",
"parent":"AF5Gz7l1v",
"text":"剖腹产也行。这点深度绰绰有余。",
"mid":"AF5Ix9IL6",
"date":"2014-04-10 22:21:41"
},
{
"kids":[],
"uid":"1733833044",
"parent":"AF5v1nfcG",
"text":"蛟龙，你想表示什么？",
"mid":"AF5IlhtPf",
"date":"2014-04-10 22:21:14"
},
{
"kids":[
"AFbXTezq1",
"AF9AOnqYP",
"AF5J4g1yZ"
],
"uid":"ilovesjz",
"parent":"",
"text":"它就是个渣渣",
"mid":"AF5I6gSn0",
"date":"2014-04-10 22:20:38"
},
{
"kids":[
"AF9dq7dIP",
"AF767zKUo",
"AF67VtnXW"
],
"uid":"wangffei",
"parent":"AF5v1nfcG",
"text":"[挖鼻屎]",
"mid":"AF5HXCNbM",
"date":"2014-04-10 22:20:17"
},
{
"kids":[],
"uid":"1604086635",
"parent":"",
"text":"[哈哈][哈哈][哈哈]",
"mid":"AF5HX5GB4",
"date":"2014-04-10 22:20:16"
},
{
"kids":[],
"uid":"2169294397",
"parent":"AF5xik6SB",
"text":"平时牛逼吹的piapia的，水里玩太空舱，把隔壁大爷激动的老泪纵横！",
"mid":"AF5HP5MCp",
"date":"2014-04-10 22:19:57"
},
{
"kids":[
"AFCPfwOIS",
"AFbWgdNd6",
"AFbMGfiMm",
"AFaNgdQ7L",
"AFaxQ1klV",
"AFae8stTC",
"AFabDim1r",
"AF88Cr6VA",
"AF7EIz4Yz",
"AF76aeiA4",
"AF6vZ9Ax3",
"AF6eSk003",
"AF63F269H",
"AF6165qN9",
"AF5RPE5Wy",
"AF5PfdlkB",
"AF5MXjuTL",
"AF5MPDmFB",
"AF5M5wf0C"
],
"uid":"3307709775",
"parent":"AF5tt6ZRm",
"text":"",
"mid":"AF5HN49FG",
"date":"2014-04-10 22:19:51"
},
{
"kids":[],
"uid":"1957684433",
"parent":"AF5v1nfcG",
"text":"呵呵",
"mid":"AF5HDftOJ",
"date":"2014-04-10 22:19:29"
},
{
"kids":[
"AF5TQzY4K"
],
"uid":"zhli",
"parent":"",
"text":"果然",
"mid":"AF5HA2mys",
"date":"2014-04-10 22:19:20"
},
{
"kids":[
"AF6Besd8z"
],
"uid":"2624086107",
"parent":"AF5BtvfWP",
"text":"不要脸！",
"mid":"AF5HrblD2",
"date":"2014-04-10 22:18:59"
},
{
"kids":[
"AFbhJ4ZVP",
"AF5JlF5qg"
],
"uid":"2345147052",
"parent":"AF5Gz7l1v",
"text":"",
"mid":"AF5H0iSeJ",
"date":"2014-04-10 22:17:56"
},
{
"kids":[],
"uid":"wanshuqin",
"parent":"AF5xik6SB",
"text":"真没微博！",
"mid":"AF5GIwW5Y",
"date":"2014-04-10 22:17:14"
},
{
"kids":[],
"uid":"2352089261",
"parent":"AF5v1nfcG",
"text":"[good]",
"mid":"AF5Gz9ske",
"date":"2014-04-10 22:16:49"
},
{
"kids":[
"AFd43Dh9p",
"AFd2xFALx",
"AFcWmb5N2",
"AFcRqk8v7",
"AFcPifo56",
"AFcLUqjqO",
"AFcCv96lh",
"AFculfV2H",
"AFcqzbOIy",
"AFcir92RM",
"AFc4Gk63u",
"AFbhJ4ZVP",
"AF5MycmeS",
"AF5Kt98o9",
"AF5Kcykj6",
"AF5JTlBIj",
"AF5JlF5qg",
"AF5J31SGj",
"AF5J2tvSH",
"AF5Ix9IL6",
"AF5H0iSeJ"
],
"uid":"2169309165",
"parent":"AF5BtvfWP",
"text":"难产。大家逼它出发。[偷笑]",
"mid":"AF5Gz7l1v",
"date":"2014-04-10 22:16:50"
},
{
"kids":[],
"uid":"2325728505",
"parent":"",
"text":"[嘘]",
"mid":"AF5GuCyCn",
"date":"2014-04-10 22:16:40"
},
{
"kids":[
"AF7bG6h85",
"AF69coZpA",
"AF646dund",
"AF6112lHQ",
"AF5WNejDo",
"AF5MP5N3S",
"AF5L2hlqg",
"AF5J6k8D8"
],
"uid":"13376542",
"parent":"AF5DJ0bUC",
"text":"哈哈哈哈",
"mid":"AF5Gun69F",
"date":"2014-04-10 22:16:40"
},
{
"kids":[],
"uid":"xiaomayi1011",
"parent":"AF5xik6SB",
"text":"",
"mid":"AF5GlsWTr",
"date":"2014-04-10 22:16:19"
},
{
"kids":[],
"uid":"2304732580",
"parent":"AF5xik6SB",
"text":"",
"mid":"AF5G6s0g8",
"date":"2014-04-10 22:15:43"
},
{
"kids":[
"AF5IB0lB6"
],
"uid":"1044535193",
"parent":"",
"text":"黑匣子找到了？",
"mid":"AF5FJlCMZ",
"date":"2014-04-10 22:14:48"
},
{
"kids":[],
"uid":"2780405875",
"parent":"AF5BtvfWP",
"text":"人艰不拆",
"mid":"AF5FItjuh",
"date":"2014-04-10 22:14:46"
},
{
"kids":[
"AF93c0dqz",
"AF5KolX8T",
"AF5J2rddu"
],
"uid":"nhgmlx",
"parent":"AF5xik6SB",
"text":"",
"mid":"AF5FBEsNL",
"date":"2014-04-10 22:14:30"
},
{
"kids":[],
"uid":"2989432343",
"parent":"AF5xik6SB",
"text":"刚才百度了一下，蛟龙号可以下潜7000米哦，这可是真的哦[哈哈][哈哈][哈哈]",
"mid":"AF5Fz3IEe",
"date":"2014-04-10 22:14:23"
},
{
"kids":[
"AF9CP5XZr",
"AF9g2CifR",
"AF5Q2e9ny"
],
"uid":"kaishuinuandupi",
"parent":"AF5wn0kTq",
"text":"",
"mid":"AF5FyasqY",
"date":"2014-04-10 22:14:20"
},
{
"kids":[],
"uid":"1802280500",
"parent":"AF5xik6SB",
"text":"下一步要说那是理论数据。估计人家也正郁闷着呢，。谁能想到还真发生需要验证牛皮的事情。呵呵呵呵呵呵呵呵呵",
"mid":"AF5F3nIYk",
"date":"2014-04-10 22:13:08"
},
{
"kids":[],
"uid":"helaoshi",
"parent":"AF5DJ0bUC",
"text":"[哈哈]",
"mid":"AF5EPeHwx",
"date":"2014-04-10 22:12:34"
},
{
"kids":[],
"uid":"1651093184",
"parent":"AF5BtvfWP",
"text":"为啥？",
"mid":"AF5ECfsow",
"date":"2014-04-10 22:12:02"
},
{
"kids":[
"AFakqudUT"
],
"uid":"chenrongsan",
"parent":"AF5BtvfWP",
"text":"关键时候掉链子",
"mid":"AF5EseiFY",
"date":"2014-04-10 22:11:38"
},
{
"kids":[],
"uid":"820308125",
"parent":"AF5xik6SB",
"text":"什么情况？不是心虚了吧？吹了？",
"mid":"AF5Ej4eXL",
"date":"2014-04-10 22:11:17"
},
{
"kids":[],
"uid":"5073208452",
"parent":"AF5BtvfWP",
"text":"",
"mid":"AF5Eg6RXS",
"date":"2014-04-10 22:11:10"
},
{
"kids":[],
"uid":"1427721785",
"parent":"",
"text":"没有数据了！",
"mid":"AF5EexOSt",
"date":"2014-04-10 22:11:07"
},
{
"kids":[
"AF5MplmZN"
],
"uid":"579222289",
"parent":"AF5xik6SB",
"text":"",
"mid":"AF5DWydq4",
"date":"2014-04-10 22:10:24"
},
{
"kids":[],
"uid":"jinpaiganlan",
"parent":"AF5v1nfcG",
"text":"[挖鼻屎]",
"mid":"AF5DWgC9I",
"date":"2014-04-10 22:10:23"
},
{
"kids":[
"AF8rQcVhC",
"AF7bG6h85",
"AF69coZpA",
"AF646dund",
"AF6112lHQ",
"AF5WNejDo",
"AF5VN9xBD",
"AF5QDtI5Y",
"AF5MP5N3S",
"AF5MfCES9",
"AF5L2hlqg",
"AF5J6k8D8",
"AF5Gun69F",
"AF5EPeHwx"
],
"uid":"cncookie",
"parent":"",
"text":"[围观]",
"mid":"AF5DJ0bUC",
"date":"2014-04-10 22:09:50"
},
{
"kids":[],
"uid":"styou011",
"parent":"AF5xik6SB",
"text":"",
"mid":"AF5DBAWYr",
"date":"2014-04-10 22:09:34"
},
{
"kids":[],
"uid":"1034415353",
"parent":"AF5BtvfWP",
"text":"丢人呢！",
"mid":"AF5DnnkcX",
"date":"2014-04-10 22:09:00"
},
{
"kids":[],
"uid":"3043836117",
"parent":"AF5BtvfWP",
"text":"[吃惊]",
"mid":"AF5Dgle62",
"date":"2014-04-10 22:08:43"
},
{
"kids":[],
"uid":"2901916311",
"parent":"AF5xik6SB",
"text":"",
"mid":"AF5DcuBbN",
"date":"2014-04-10 22:08:33"
},
{
"kids":[],
"uid":"2420538207",
"parent":"AF5AJFUaI",
"text":"如果实在有难言之隐，我们可以把最先进的无人机借给你们。",
"mid":"AF5CHqjRL",
"date":"2014-04-10 22:07:20"
},
{
"kids":[],
"uid":"sonyballcatty",
"parent":"AF5tt6ZRm",
"text":"经查真的也，蛟龙你去哪里呀？",
"mid":"AF5BQyYcl",
"date":"2014-04-10 22:05:13"
},
{
"kids":[],
"uid":"zhengzhoudi",
"parent":"AF5xik6SB",
"text":"[吃惊]",
"mid":"AF5BHlPOw",
"date":"2014-04-10 22:04:52"
},
{
"kids":[
"AFd43Dh9p",
"AFd2xFALx",
"AFcWmb5N2",
"AFcRqk8v7",
"AFcPifo56",
"AFcLUqjqO",
"AFcCv96lh",
"AFculfV2H",
"AFcqzbOIy",
"AFcir92RM",
"AFc9jxHx4",
"AFc4Gk63u",
"AFbhJ4ZVP",
"AFavzo8Dc",
"AFakqudUT",
"AF9KOjEyA",
"AF9Jx8YaI",
"AF9ApyJAP",
"AF9wrorxt",
"AF9ighVYF",
"AF9eMgxFz",
"AF90v23Al",
"AF8EDijYM",
"AF7se3zkt",
"AF7iClJMi",
"AF78eumiu",
"AF6OTlzL6",
"AF6IynsTR",
"AF6HKpqAf",
"AF6EMDNP4",
"AF6Besd8z",
"AF6qLAh0p",
"AF6qIEcRC",
"AF6o5vlPR",
"AF6kDAKtP",
"AF6iZDtVg",
"AF6bpe9zW",
"AF66ryQpK",
"AF64y0m0J",
"AF63ju8pA",
"AF61916Ls",
"AF5VFviHY",
"AF5THbe8r",
"AF5SU9EOa",
"AF5QyrXvX",
"AF5PDqr9U",
"AF5PB1QWD",
"AF5Oy3Mlo",
"AF5OktapG",
"AF5NVlHRC",
"AF5NOexSg",
"AF5MYvnea",
"AF5MIzHCl",
"AF5MycmeS",
"AF5LooAip",
"AF5Kt98o9",
"AF5Kcykj6",
"AF5JTlBIj",
"AF5JlF5qg",
"AF5J31SGj",
"AF5J2tvSH",
"AF5IYBrZT",
"AF5IN7saH",
"AF5Ix9IL6",
"AF5HrblD2",
"AF5H0iSeJ",
"AF5Gz7l1v",
"AF5FItjuh",
"AF5ECfsow",
"AF5EseiFY",
"AF5Eg6RXS",
"AF5DnnkcX",
"AF5Dgle62"
],
"uid":"2169309165",
"parent":"AF5xik6SB",
"text":"请@虎叔- 分析分析。",
"mid":"AF5BtvfWP",
"date":"2014-04-10 22:04:18"
},
{
"kids":[],
"uid":"2135021557",
"parent":"AF5xik6SB",
"text":"果然如此，靠。",
"mid":"AF5BotM85",
"date":"2014-04-10 22:04:07"
},
{
"kids":[],
"uid":"2125935562",
"parent":"AF5v1nfcG",
"text":"难道。。。。。如果是。。。  那就太。。。。",
"mid":"AF5B9Fp9B",
"date":"2014-04-10 22:03:32"
},
{
"kids":[],
"uid":"gf20023",
"parent":"AF5v1nfcG",
"text":"",
"mid":"AF5B8dPDh",
"date":"2014-04-10 22:03:28"
},
{
"kids":[
"AF9kNwFlc",
"AF9brce98"
],
"uid":"2169309165",
"parent":"AF5xik6SB",
"text":"蛟龙号是临时工还是被双规了？",
"mid":"AF5AX299f",
"date":"2014-04-10 22:03:00"
},
{
"kids":[
"AF7eUbamr"
],
"uid":"539781789",
"parent":"AF5xik6SB",
"text":"4k-6k米的距离，完全发挥不了蛟龙7k米的优势，不删微博作甚啊。",
"mid":"AF5AU5MJP",
"date":"2014-04-10 22:02:53"
},
{
"kids":[
"AF5CHqjRL"
],
"uid":"2527383853",
"parent":"AF5xik6SB",
"text":"",
"mid":"AF5AJFUaI",
"date":"2014-04-10 22:02:29"
},
{
"kids":[],
"uid":"2212716385",
"parent":"AF5xik6SB",
"text":"",
"mid":"AF5Ay9JCR",
"date":"2014-04-10 22:02:02"
},
{
"kids":[],
"uid":"313125333",
"parent":"AF5xik6SB",
"text":"[想一想]",
"mid":"AF5AsfVWy",
"date":"2014-04-10 22:01:48"
},
{
"kids":[],
"uid":"2381242124",
"parent":"AF5xik6SB",
"text":"",
"mid":"AF5AoqxsE",
"date":"2014-04-10 22:01:39"
},
{
"kids":[],
"uid":"2652060453",
"parent":"AF5v1nfcG",
"text":"[吃惊][吃惊]蛟龙号你怎么了？",
"mid":"AF5AfzVec",
"date":"2014-04-10 22:01:17"
},
{
"kids":[],
"uid":"3262815792",
"parent":"AF5zm194O",
"text":"",
"mid":"AF5Ac0O84",
"date":"2014-04-10 22:01:08"
},
{
"kids":[],
"uid":"3539126807",
"parent":"AF5xik6SB",
"text":"[哈哈]",
"mid":"AF5Ab8yiO",
"date":"2014-04-10 22:01:07"
},
{
"kids":[],
"uid":"MumaJIU",
"parent":"AF5xxrVFg",
"text":"[围观]",
"mid":"AF5A2x9Ks",
"date":"2014-04-10 22:00:47"
},
{
"kids":[
"AFdWf8YoC"
],
"uid":"2128834065",
"parent":"AF5xik6SB",
"text":"怕了?",
"mid":"AF5zZk7sZ",
"date":"2014-04-10 22:00:38"
},
{
"kids":[],
"uid":"3415266874",
"parent":"AF5tt6ZRm",
"text":"",
"mid":"AF5zHycpe",
"date":"2014-04-10 21:59:56"
},
{
"kids":[],
"uid":"shangbiaobohuifushen",
"parent":"AF5xik6SB",
"text":"为何",
"mid":"AF5zujla5",
"date":"2014-04-10 21:59:24"
},
{
"kids":[
"AF5Swa9AR",
"AF5Ac0O84"
],
"uid":"1239723404",
"parent":"AF5xik6SB",
"text":"",
"mid":"AF5zm194O",
"date":"2014-04-10 21:59:05"
},
{
"kids":[
"AFdh0dtp1",
"AF9RfcPry",
"AF6eguijG",
"AF6dEo5My",
"AF5VIcptO",
"AF5UIpnud"
],
"uid":"shichapan",
"parent":"AF5xxrVFg",
"text":"蛟龙号？",
"mid":"AF5yeyxr6",
"date":"2014-04-10 21:56:19"
},
{
"kids":[],
"uid":"2887897014",
"parent":"AF5v1nfcG",
"text":"",
"mid":"AF5xWxNjL",
"date":"2014-04-10 21:55:36"
},
{
"kids":[
"AFdh0dtp1",
"AF9RfcPry",
"AF6l3xInw",
"AF6eguijG",
"AF6dEo5My",
"AF6cOlYco",
"AF5VIcptO",
"AF5UIpnud",
"AF5A2x9Ks",
"AF5yeyxr6"
],
"uid":"536810678",
"parent":"AF5tt6ZRm",
"text":"[围观]",
"mid":"AF5xxrVFg",
"date":"2014-04-10 21:54:36"
},
{
"kids":[
"AFdWf8YoC",
"AFd43Dh9p",
"AFd2xFALx",
"AFcWmb5N2",
"AFcRqk8v7",
"AFcPifo56",
"AFcLUqjqO",
"AFcCv96lh",
"AFculfV2H",
"AFcqzbOIy",
"AFcir92RM",
"AFc9jxHx4",
"AFc4Gk63u",
"AFbhJ4ZVP",
"AFavzo8Dc",
"AFakqudUT",
"AF9KOjEyA",
"AF9Jx8YaI",
"AF9ApyJAP",
"AF9wrorxt",
"AF9kNwFlc",
"AF9ighVYF",
"AF9eMgxFz",
"AF9brce98",
"AF93c0dqz",
"AF90v23Al",
"AF8JCFA5B",
"AF8EDijYM",
"AF7se3zkt",
"AF7iClJMi",
"AF7eUbamr",
"AF78eumiu",
"AF6OTlzL6",
"AF6IynsTR",
"AF6HKpqAf",
"AF6EMDNP4",
"AF6Besd8z",
"AF6qLAh0p",
"AF6qIEcRC",
"AF6o5vlPR",
"AF6kDAKtP",
"AF6iZDtVg",
"AF6bpe9zW",
"AF66ryQpK",
"AF64y0m0J",
"AF63ju8pA",
"AF61y99wG",
"AF61916Ls",
"AF5VFviHY",
"AF5VbDFP8",
"AF5THbe8r",
"AF5TsDGp0",
"AF5SU9EOa",
"AF5Swa9AR",
"AF5Sc6RFj",
"AF5QyrXvX",
"AF5PDqr9U",
"AF5PB1QWD",
"AF5OYkZiz",
"AF5Oy3Mlo",
"AF5OktapG",
"AF5NVlHRC",
"AF5NOexSg",
"AF5MYvnea",
"AF5MIzHCl",
"AF5MycmeS",
"AF5MplmZN",
"AF5LooAip",
"AF5L4D4nn",
"AF5Kt98o9",
"AF5KolX8T",
"AF5Kcykj6",
"AF5K6jla3",
"AF5JTlBIj",
"AF5JT2x54",
"AF5JlF5qg",
"AF5J31SGj",
"AF5J2tvSH",
"AF5J2rddu",
"AF5IYBrZT",
"AF5IN7saH",
"AF5Ix9IL6",
"AF5HP5MCp",
"AF5HrblD2",
"AF5H0iSeJ",
"AF5GIwW5Y",
"AF5Gz7l1v",
"AF5GlsWTr",
"AF5G6s0g8",
"AF5FItjuh",
"AF5FBEsNL",
"AF5Fz3IEe",
"AF5F3nIYk",
"AF5ECfsow",
"AF5EseiFY",
"AF5Ej4eXL",
"AF5Eg6RXS",
"AF5DWydq4",
"AF5DBAWYr",
"AF5DnnkcX",
"AF5Dgle62",
"AF5DcuBbN",
"AF5CHqjRL",
"AF5BHlPOw",
"AF5BtvfWP",
"AF5BotM85",
"AF5AX299f",
"AF5AU5MJP",
"AF5AJFUaI",
"AF5Ay9JCR",
"AF5AsfVWy",
"AF5AoqxsE",
"AF5Ac0O84",
"AF5Ab8yiO",
"AF5zZk7sZ",
"AF5zujla5",
"AF5zm194O"
],
"uid":"king5550",
"parent":"AF5tt6ZRm",
"text":"目不能视，耳不能听，口不能言，手不能触，是真相！",
"mid":"AF5xik6SB",
"date":"2014-04-10 21:54:01"
},
{
"kids":[],
"uid":"2336012453",
"parent":"AF5v1nfcG",
"text":"",
"mid":"AF5wvyiHL",
"date":"2014-04-10 21:52:04"
},
{
"kids":[],
"uid":"3084201017",
"parent":"AF5v1nfcG",
"text":"[怒]",
"mid":"AF5ws1Li9",
"date":"2014-04-10 21:51:56"
},
{
"kids":[],
"uid":"2449343985",
"parent":"AF5v1nfcG",
"text":"此微博要火……",
"mid":"AF5wozkow",
"date":"2014-04-10 21:51:48"
},
{
"kids":[
"AFavawChM",
"AF9CP5XZr",
"AF9g2CifR",
"AF5Q2e9ny",
"AF5FyasqY"
],
"uid":"jetjetjet",
"parent":"AF5v1nfcG",
"text":"[偷笑]",
"mid":"AF5wn0kTq",
"date":"2014-04-10 21:51:44"
},
{
"kids":[],
"uid":"1831054452",
"parent":"AF5v1nfcG",
"text":"蛟龙号你醒醒啊！",
"mid":"AF5wlzi9F",
"date":"2014-04-10 21:51:41"
},
{
"kids":[],
"uid":"1232203743",
"parent":"AF5v1nfcG",
"text":"",
"mid":"AF5wf4RPg",
"date":"2014-04-10 21:51:25"
},
{
"kids":[],
"uid":"3135775863",
"parent":"AF5v1nfcG",
"text":"",
"mid":"AF5vB8RPo",
"date":"2014-04-10 21:49:50"
},
{
"kids":[],
"uid":"3520236477",
"parent":"AF5v1nfcG",
"text":"",
"mid":"AF5vxjXFM",
"date":"2014-04-10 21:49:41"
},
{
"kids":[],
"uid":"xiaojiangyela",
"parent":"AF5v5hNUU",
"text":"为啥为啥啊",
"mid":"AF5vxihX3",
"date":"2014-04-10 21:49:41"
},
{
"kids":[],
"uid":"jackieleochina",
"parent":"",
"text":"让我想起了三峡大坝的故事……[许愿]",
"mid":"AF5vumAPJ",
"date":"2014-04-10 21:49:33"
},
{
"kids":[
"AF5vxihX3"
],
"uid":"yao308000",
"parent":"AF5tt6ZRm",
"text":"[汗][疑问]这是为什么？",
"mid":"AF5v5hNUU",
"date":"2014-04-10 21:48:34"
},
{
"kids":[
"B0lavb16R",
"AFcPIcTIL",
"AFcGGfCC5",
"AFbBn3aWY",
"AFb40gNZC",
"AFaO52CEg",
"AFaBmm9uB",
"AFavawChM",
"AFa37z92i",
"AFa1wiHDn",
"AFa0yBw3R",
"AF9XciFEf",
"AF9PHdmJl",
"AF9PozZvN",
"AF9CP5XZr",
"AF9qRDVtR",
"AF9g2CifR",
"AF9dq7dIP",
"AF8ZfzuFr",
"AF8nYdq01",
"AF82v5mcJ",
"AF7awBxjV",
"AF767zKUo",
"AF70zihbx",
"AF6NPv7US",
"AF6LaiaM7",
"AF6KDaz0h",
"AF6G74302",
"AF6DQphnQ",
"AF6B53Iah",
"AF6zmk7O2",
"AF6rx9kXH",
"AF6qZsT9F",
"AF6hMjI6h",
"AF6gdE6st",
"AF6cavIVt",
"AF6avmqKg",
"AF67VtnXW",
"AF65BzcGn",
"AF64HtV8G",
"AF62GqXsL",
"AF60rACn9",
"AF60olE4a",
"AF5XfCwbV",
"AF5VugWfE",
"AF5TTgPs4",
"AF5TFDRVC",
"AF5Tmsx6m",
"AF5RH2E5g",
"AF5QPx0pY",
"AF5Q2e9ny",
"AF5PFcWxO",
"AF5OLjKna",
"AF5LKBsv1",
"AF5JAFT0p",
"AF5IVnUMR",
"AF5IlhtPf",
"AF5HXCNbM",
"AF5HDftOJ",
"AF5Gz9ske",
"AF5FyasqY",
"AF5DWgC9I",
"AF5B9Fp9B",
"AF5B8dPDh",
"AF5AfzVec",
"AF5xWxNjL",
"AF5wvyiHL",
"AF5ws1Li9",
"AF5wozkow",
"AF5wn0kTq",
"AF5wlzi9F",
"AF5wf4RPg",
"AF5vB8RPo",
"AF5vxjXFM"
],
"uid":"1425721431",
"parent":"AF5tt6ZRm",
"text":"",
"mid":"AF5v1nfcG",
"date":"2014-04-10 21:48:24"
},
{
"kids":[
"B0mdcvivN",
"B0lavb16R",
"AFGcUwupY",
"AFCPfwOIS",
"AFxRCq7bz",
"AFfX5xqfl",
"AFdWf8YoC",
"AFdh0dtp1",
"AFd43Dh9p",
"AFd2xFALx",
"AFcWmb5N2",
"AFcRqk8v7",
"AFcPIcTIL",
"AFcPifo56",
"AFcLUqjqO",
"AFcGGfCC5",
"AFcCv96lh",
"AFculfV2H",
"AFcqzbOIy",
"AFcir92RM",
"AFc9jxHx4",
"AFc4Gk63u",
"AFbWgdNd6",
"AFbMGfiMm",
"AFbBn3aWY",
"AFboLsWmm",
"AFbhJ4ZVP",
"AFb40gNZC",
"AFaO52CEg",
"AFaNgdQ7L",
"AFaBmm9uB",
"AFaABFzsL",
"AFaxQ1klV",
"AFaxiEpKy",
"AFavzo8Dc",
"AFavawChM",
"AFalWwNhj",
"AFakqudUT",
"AFafknggz",
"AFaeh2yk1",
"AFae8stTC",
"AFabDim1r",
"AFa97jt4k",
"AFa8vbgfW",
"AFa3rncjO",
"AFa37z92i",
"AFa1WBzoz",
"AFa1wiHDn",
"AFa0yBw3R",
"AF9XciFEf",
"AF9RfcPry",
"AF9PHdmJl",
"AF9PozZvN",
"AF9KOjEyA",
"AF9Jx8YaI",
"AF9GCxovK",
"AF9Erw4y3",
"AF9CP5XZr",
"AF9ApyJAP",
"AF9z0FG5z",
"AF9wrorxt",
"AF9qRDVtR",
"AF9q9Bw8W",
"AF9pOmSLQ",
"AF9nMubcs",
"AF9kNwFlc",
"AF9jr133d",
"AF9ighVYF",
"AF9g2CifR",
"AF9fBptUt",
"AF9eMgxFz",
"AF9dq7dIP",
"AF9cmaC9Z",
"AF9brce98",
"AF93c0dqz",
"AF90v23Al",
"AF8ZfzuFr",
"AF8XoAUFN",
"AF8JCFA5B",
"AF8HM0WjR",
"AF8EDijYM",
"AF8z53r2G",
"AF8xdaXYc",
"AF8nYdq01",
"AF88Cr6VA",
"AF86QxZe8",
"AF82v5mcJ",
"AF7EIz4Yz",
"AF7se3zkt",
"AF7iClJMi",
"AF7eUbamr",
"AF7awBxjV",
"AF78eumiu",
"AF76aeiA4",
"AF767zKUo",
"AF75b624F",
"AF74Wizio",
"AF70Jn2zw",
"AF70zihbx",
"AF6Uaa4Oi",
"AF6OTlzL6",
"AF6NPv7US",
"AF6LaiaM7",
"AF6KDaz0h",
"AF6Jg5nOX",
"AF6IynsTR",
"AF6HLltGx",
"AF6HKpqAf",
"AF6G74302",
"AF6EMDNP4",
"AF6DQphnQ",
"AF6CJzzLI",
"AF6Ccv4PT",
"AF6Besd8z",
"AF6B53Iah",
"AF6zvfBpD",
"AF6zmk7O2",
"AF6xyntzA",
"AF6vZ9Ax3",
"AF6rx9kXH",
"AF6qZsT9F",
"AF6qLAh0p",
"AF6qIEcRC",
"AF6qBxhve",
"AF6qiDs7i",
"AF6oCl5CB",
"AF6o5vlPR",
"AF6o20PMS",
"AF6nV9kW4",
"AF6nr2jK4",
"AF6lhuRC9",
"AF6l3xInw",
"AF6kDAKtP",
"AF6iZDtVg",
"AF6hMjI6h",
"AF6ggBr05",
"AF6gdE6st",
"AF6fv2W8O",
"AF6flxS0g",
"AF6eSk003",
"AF6eguijG",
"AF6dJ6vUb",
"AF6dEo5My",
"AF6cOlYco",
"AF6comZw0",
"AF6cavIVt",
"AF6bpe9zW",
"AF6bb2Y1h",
"AF6avmqKg",
"AF69klouh",
"AF69k58gs",
"AF693wSy3",
"AF68qfmKc",
"AF67VtnXW",
"AF67SicWq",
"AF67CgVEJ",
"AF66MBRZ6",
"AF66ElpgX",
"AF66ryQpK",
"AF65OCJpT",
"AF65BzcGn",
"AF64VDOck",
"AF64Rt86N",
"AF64HtV8G",
"AF64y0m0J",
"AF63F269H",
"AF63ju8pA",
"AF62GqXsL",
"AF61y99wG",
"AF61916Ls",
"AF6165qN9",
"AF60O2aen",
"AF60Jidn3",
"AF60BChPI",
"AF60rACn9",
"AF60q5Lx8",
"AF60olE4a",
"AF5ZNq2DB",
"AF5ZEwBVu",
"AF5ZDCMXE",
"AF5Zjyvx8",
"AF5ZhvIrF",
"AF5Zf8FVo",
"AF5Z8343g",
"AF5YP7Ymy",
"AF5Yyi4Sy",
"AF5Yjvao2",
"AF5Yi0WqO",
"AF5XZqrtZ",
"AF5XQx0q2",
"AF5XpnSM9",
"AF5XfCwbV",
"AF5X7DEOf",
"AF5WU46fK",
"AF5WpATgy",
"AF5Wdv6MI",
"AF5W6FM75",
"AF5VQrxGl",
"AF5VNvwc4",
"AF5VIcptO",
"AF5VFviHY",
"AF5VugWfE",
"AF5VbDFP8",
"AF5UIpnud",
"AF5UBAr50",
"AF5Uy3TAe",
"AF5UmwTNn",
"AF5U82nzy",
"AF5TTgPs4",
"AF5TQ0LtU",
"AF5THbe8r",
"AF5TH8L2e",
"AF5TGAUVc",
"AF5TFDRVC",
"AF5TurioC",
"AF5TsDGp0",
"AF5Tmsx6m",
"AF5T3i1nx",
"AF5SU9EOa",
"AF5Swa9AR",
"AF5Slysqq",
"AF5Sc6RFj",
"AF5S2mQhk",
"AF5RPE5Wy",
"AF5RH2E5g",
"AF5QPx0pY",
"AF5QyrXvX",
"AF5Qm2g43",
"AF5Q5tStG",
"AF5Q2e9ny",
"AF5PFcWxO",
"AF5PDqr9U",
"AF5PB1QWD",
"AF5PfdlkB",
"AF5OYkZiz",
"AF5OLjKna",
"AF5Oy3Mlo",
"AF5OktapG",
"AF5NXpPAP",
"AF5NVlHRC",
"AF5NRc4QL",
"AF5NOexSg",
"AF5NNmyhx",
"AF5NzrRA4",
"AF5NtgBTL",
"AF5MYvnea",
"AF5MYdLVX",
"AF5MXjuTL",
"AF5MPDmFB",
"AF5MKlUyS",
"AF5MIzHCl",
"AF5MycmeS",
"AF5MplmZN",
"AF5MgtmiV",
"AF5M5wf0C",
"AF5M507C2",
"AF5LZESpZ",
"AF5LKBsv1",
"AF5LK0ceG",
"AF5LooAip",
"AF5Lgr8OY",
"AF5L4D4nn",
"AF5Kt98o9",
"AF5KolX8T",
"AF5Kcykj6",
"AF5K6jla3",
"AF5JTlBIj",
"AF5JT2x54",
"AF5JAFT0p",
"AF5JlF5qg",
"AF5Ji8avB",
"AF5J31SGj",
"AF5J2tvSH",
"AF5J2rddu",
"AF5IYBrZT",
"AF5IVnUMR",
"AF5IN7saH",
"AF5Ix9IL6",
"AF5IlhtPf",
"AF5HXCNbM",
"AF5HP5MCp",
"AF5HN49FG",
"AF5HDftOJ",
"AF5HrblD2",
"AF5H0iSeJ",
"AF5GIwW5Y",
"AF5Gz9ske",
"AF5Gz7l1v",
"AF5GlsWTr",
"AF5G6s0g8",
"AF5FItjuh",
"AF5FBEsNL",
"AF5Fz3IEe",
"AF5FyasqY",
"AF5F3nIYk",
"AF5ECfsow",
"AF5EseiFY",
"AF5Ej4eXL",
"AF5Eg6RXS",
"AF5DWydq4",
"AF5DWgC9I",
"AF5DBAWYr",
"AF5DnnkcX",
"AF5Dgle62",
"AF5DcuBbN",
"AF5CHqjRL",
"AF5BQyYcl",
"AF5BHlPOw",
"AF5BtvfWP",
"AF5BotM85",
"AF5B9Fp9B",
"AF5B8dPDh",
"AF5AX299f",
"AF5AU5MJP",
"AF5AJFUaI",
"AF5Ay9JCR",
"AF5AsfVWy",
"AF5AoqxsE",
"AF5AfzVec",
"AF5Ac0O84",
"AF5Ab8yiO",
"AF5A2x9Ks",
"AF5zZk7sZ",
"AF5zHycpe",
"AF5zujla5",
"AF5zm194O",
"AF5yeyxr6",
"AF5xWxNjL",
"AF5xxrVFg",
"AF5xik6SB",
"AF5wvyiHL",
"AF5ws1Li9",
"AF5wozkow",
"AF5wn0kTq",
"AF5wlzi9F",
"AF5wf4RPg",
"AF5vB8RPo",
"AF5vxjXFM",
"AF5vxihX3",
"AF5v5hNUU",
"AF5v1nfcG"
],
"uid":"shichapan",
"parent":"",
"text":"[吃惊][吃惊]蛟龙号你怎么了？",
"mid":"AF5tt6ZRm",
"date":"2014-04-10 21:44:35"
}
]