[
{
"kids":[],
"uid":"3043728280",
"parent":"",
"text":"",
"mid":"zwY1X0FpL",
"date":"2013-05-16 13:20:49"
},
{
"kids":[],
"uid":"3044587180",
"parent":"",
"text":"",
"mid":"zwY1Wq7v8",
"date":"2013-05-16 13:20:49"
},
{
"kids":[],
"uid":"2919746862",
"parent":"zakHKm6CI",
"text":"",
"mid":"zn36hFATJ",
"date":"2013-03-12 07:52:13"
},
{
"kids":[],
"uid":"2919464062",
"parent":"zai0719M8",
"text":"",
"mid":"zikzauCyl",
"date":"2013-02-09 07:08:33"
},
{
"kids":[],
"uid":"2919470132",
"parent":"zai0719M8",
"text":"",
"mid":"zi9CxFskK",
"date":"2013-02-08 03:16:39"
},
{
"kids":[],
"uid":"2789812432",
"parent":"zai0719M8",
"text":"",
"mid":"zhnglfOZj",
"date":"2013-02-03 00:10:07"
},
{
"kids":[],
"uid":"2919380314",
"parent":"zai0719M8",
"text":"",
"mid":"zhmqJ4iVR",
"date":"2013-02-02 22:02:56"
},
{
"kids":[],
"uid":"2803758300",
"parent":"",
"text":"",
"mid":"zf6fVjDKo",
"date":"2013-01-19 01:11:46"
},
{
"kids":[],
"uid":"2808451340",
"parent":"",
"text":"",
"mid":"zf22lumfN",
"date":"2013-01-18 14:27:20"
},
{
"kids":[],
"uid":"1584008800",
"parent":"zai0719M8",
"text":"",
"mid":"zeYQEtSzK",
"date":"2013-01-18 06:20:16"
},
{
"kids":[],
"uid":"2810173544",
"parent":"zai0719M8",
"text":"",
"mid":"zeN8ppl5h",
"date":"2013-01-17 00:31:03"
},
{
"kids":[],
"uid":"2809721224",
"parent":"zai0719M8",
"text":"",
"mid":"ze32iEWWw",
"date":"2013-01-12 03:09:40"
},
{
"kids":[],
"uid":"2919785200",
"parent":"",
"text":"",
"mid":"zd0GTiFNz",
"date":"2013-01-05 07:21:07"
},
{
"kids":[],
"uid":"2568855841",
"parent":"zcNtHvJce",
"text":"以后再也不去了。。",
"mid":"zcNxliUIV",
"date":"2013-01-03 21:51:51"
},
{
"kids":[
"zcNxliUIV"
],
"uid":"2308536097",
"parent":"zaix14kP8",
"text":"",
"mid":"zcNtHvJce",
"date":"2013-01-03 21:42:55"
},
{
"kids":[],
"uid":"1437565771",
"parent":"",
"text":"",
"mid":"zc6sN3dGx",
"date":"2012-12-30 08:12:32"
},
{
"kids":[],
"uid":"2802828554",
"parent":"za9odFavs",
"text":"",
"mid":"zc6pAttcO",
"date":"2012-12-30 08:04:39"
},
{
"kids":[],
"uid":"1584011740",
"parent":"",
"text":"",
"mid":"zbYE6EUMI",
"date":"2012-12-29 12:18:28"
},
{
"kids":[],
"uid":"2804311780",
"parent":"za9odFavs",
"text":"",
"mid":"zbXMNBAP8",
"date":"2012-12-29 10:07:07"
},
{
"kids":[],
"uid":"1439596497",
"parent":"zai0719M8",
"text":"",
"mid":"zbtRqjb98",
"date":"2012-12-26 05:56:07"
},
{
"kids":[],
"uid":"2919399722",
"parent":"",
"text":"",
"mid":"zbiq1dURF",
"date":"2012-12-25 00:48:24"
},
{
"kids":[],
"uid":"2920228020",
"parent":"",
"text":"",
"mid":"zbbC0y1xN",
"date":"2012-12-24 07:28:41"
},
{
"kids":[],
"uid":"1723729350",
"parent":"za9odFavs",
"text":"",
"mid":"zb9xGrGKj",
"date":"2012-12-24 02:12:32"
},
{
"kids":[],
"uid":"1583345847",
"parent":"zanmJEp0A",
"text":"",
"mid":"zb63Mlu54",
"date":"2012-12-23 17:20:38"
},
{
"kids":[],
"uid":"stevesun007",
"parent":"",
"text":"发假消息。。。被官方亲自打脸，好笑",
"mid":"zb3DYaFyC",
"date":"2012-12-23 11:11:33"
},
{
"kids":[],
"uid":"2803699212",
"parent":"zainF2gxl",
"text":"",
"mid":"zb2gryFCM",
"date":"2012-12-23 07:40:51"
},
{
"kids":[],
"uid":"2919557674",
"parent":"za9odFavs",
"text":"",
"mid":"zb0ZAl2q9",
"date":"2012-12-23 04:26:33"
},
{
"kids":[],
"uid":"2789693160",
"parent":"za48oDPZk",
"text":"",
"mid":"zb0gx3LnZ",
"date":"2012-12-23 02:35:34"
},
{
"kids":[],
"uid":"cloudlark",
"parent":"",
"text":"转发微博。",
"mid":"zaZ3rzZEc",
"date":"2012-12-22 23:30:36"
},
{
"kids":[],
"uid":"linnan815",
"parent":"",
"text":"@丶升仙 找了半天",
"mid":"zaVJHuWwb",
"date":"2012-12-22 15:03:40"
},
{
"kids":[],
"uid":"2919774094",
"parent":"zaj8N9zCr",
"text":"",
"mid":"zaShels44",
"date":"2012-12-22 06:15:19"
},
{
"kids":[],
"uid":"2920163714",
"parent":"za48oDPZk",
"text":"",
"mid":"zaRlLzFig",
"date":"2012-12-22 03:53:45"
},
{
"kids":[],
"uid":"2920102614",
"parent":"zanmJEp0A",
"text":"",
"mid":"zaPTAimsM",
"date":"2012-12-22 00:11:34"
},
{
"kids":[],
"uid":"2919308922",
"parent":"zaj8N9zCr",
"text":"",
"mid":"zaNjpo7F0",
"date":"2012-12-21 17:36:55"
},
{
"kids":[],
"uid":"1952141723",
"parent":"",
"text":"下半生，怎么过。。。。。",
"mid":"zaLCWu3lP",
"date":"2012-12-21 13:19:33"
},
{
"kids":[],
"uid":"2789650162",
"parent":"za9odFavs",
"text":"",
"mid":"zaJLT3Cfi",
"date":"2012-12-21 08:36:06"
},
{
"kids":[],
"uid":"3043648231",
"parent":"zaIytbbGO",
"text":"坑爹",
"mid":"zaJyp8Lda",
"date":"2012-12-21 08:02:53"
},
{
"kids":[
"zaJyp8Lda"
],
"uid":"1582926363",
"parent":"",
"text":"",
"mid":"zaIytbbGO",
"date":"2012-12-21 05:30:19"
},
{
"kids":[],
"uid":"2919927830",
"parent":"zanmJEp0A",
"text":"",
"mid":"zaIkG1mJ4",
"date":"2012-12-21 04:56:20"
},
{
"kids":[],
"uid":"2920226334",
"parent":"zai0719M8",
"text":"",
"mid":"zaGA7iBtK",
"date":"2012-12-21 00:28:53"
},
{
"kids":[],
"uid":"1583198523",
"parent":"",
"text":"",
"mid":"zaGrx7Fsj",
"date":"2012-12-21 00:07:44"
},
{
"kids":[],
"uid":"2803288670",
"parent":"zai0719M8",
"text":"",
"mid":"zaF1jgH0B",
"date":"2012-12-20 20:30:22"
},
{
"kids":[],
"uid":"2919578980",
"parent":"zajD5Ay2x",
"text":"",
"mid":"zaAMjqddS",
"date":"2012-12-20 09:42:26"
},
{
"kids":[],
"uid":"1588605791",
"parent":"za9odFavs",
"text":"",
"mid":"zax7rol9o",
"date":"2012-12-20 00:23:31"
},
{
"kids":[],
"uid":"2790114304",
"parent":"zajD5Ay2x",
"text":"",
"mid":"zawsMhjvG",
"date":"2012-12-19 22:43:17"
},
{
"kids":[],
"uid":"2121263925",
"parent":"zahPK368u",
"text":"",
"mid":"zauQg4HDC",
"date":"2012-12-19 18:35:42"
},
{
"kids":[],
"uid":"2261899094",
"parent":"",
"text":"那天在微信上看到、我朋友说在现场、还拍了好多当时的照片耶！！以为是忽悠人的…呀恐怖",
"mid":"zatUY03iA",
"date":"2012-12-19 16:14:32"
},
{
"kids":[],
"uid":"2919731490",
"parent":"",
"text":"",
"mid":"zasQUoNbg",
"date":"2012-12-19 13:31:48"
},
{
"kids":[],
"uid":"1803353990",
"parent":"",
"text":"",
"mid":"zasNEkXhY",
"date":"2012-12-19 13:23:46"
},
{
"kids":[],
"uid":"2680564032",
"parent":"zaj01qavQ",
"text":"@屎小姐的玛琪朵  所以说别去非零看LILY了。嘿嘿嘿",
"mid":"zasCE4vEE",
"date":"2012-12-19 12:56:39"
},
{
"kids":[],
"uid":"30670050",
"parent":"zarbUwzyA",
"text":"[生病]",
"mid":"zarrozA8X",
"date":"2012-12-19 09:56:12"
},
{
"kids":[],
"uid":"2809817252",
"parent":"",
"text":"",
"mid":"zarpkE8TJ",
"date":"2012-12-19 09:51:07"
},
{
"kids":[],
"uid":"warvillainz",
"parent":"zarbUwzyA",
"text":"被切这事也是假的？",
"mid":"zarchzyug",
"date":"2012-12-19 09:18:58"
},
{
"kids":[
"zarrozA8X",
"zarchzyug"
],
"uid":"gaoshanliushui101",
"parent":"z9Q9m9VE2",
"text":"",
"mid":"zarbUwzyA",
"date":"2012-12-19 09:18:02"
},
{
"kids":[],
"uid":"2807864714",
"parent":"zaiMqqVv5",
"text":"",
"mid":"zar4nns5G",
"date":"2012-12-19 08:59:28"
},
{
"kids":[],
"uid":"2805177924",
"parent":"",
"text":"",
"mid":"zar1mj32J",
"date":"2012-12-19 08:52:03"
},
{
"kids":[],
"uid":"2807688790",
"parent":"",
"text":"",
"mid":"zaqtftDgd",
"date":"2012-12-19 07:28:00"
},
{
"kids":[],
"uid":"2920135504",
"parent":"",
"text":"",
"mid":"zaqtfc27r",
"date":"2012-12-19 07:28:00"
},
{
"kids":[],
"uid":"2920506964",
"parent":"",
"text":"",
"mid":"zaqfX5avo",
"date":"2012-12-19 06:55:15"
},
{
"kids":[],
"uid":"1583918170",
"parent":"",
"text":"",
"mid":"zaqfX4gYG",
"date":"2012-12-19 06:55:15"
},
{
"kids":[],
"uid":"2920286324",
"parent":"",
"text":"",
"mid":"zapNIxjYr",
"date":"2012-12-19 05:45:42"
},
{
"kids":[],
"uid":"2789803910",
"parent":"",
"text":"",
"mid":"zapNk3VqW",
"date":"2012-12-19 05:44:42"
},
{
"kids":[],
"uid":"1440478491",
"parent":"",
"text":"",
"mid":"zapJyAgwv",
"date":"2012-12-19 05:35:27"
},
{
"kids":[],
"uid":"2919697824",
"parent":"zaj6BfqI8",
"text":"",
"mid":"zaprj9CWY",
"date":"2012-12-19 04:50:28"
},
{
"kids":[],
"uid":"2920632070",
"parent":"",
"text":"",
"mid":"zaotMal6j",
"date":"2012-12-19 02:23:49"
},
{
"kids":[],
"uid":"2919524614",
"parent":"",
"text":"",
"mid":"zaooYisvb",
"date":"2012-12-19 02:11:59"
},
{
"kids":[],
"uid":"1372782172",
"parent":"zaiXOl4jW",
"text":"@还真是好人啊 @晟-鹵蛋超人",
"mid":"zaoos9uLO",
"date":"2012-12-19 02:10:42"
},
{
"kids":[],
"uid":"2920629724",
"parent":"",
"text":"",
"mid":"zaokE0Rrs",
"date":"2012-12-19 02:01:19"
},
{
"kids":[],
"uid":"2803785484",
"parent":"",
"text":"",
"mid":"zaofB5Taj",
"date":"2012-12-19 01:48:53"
},
{
"kids":[],
"uid":"2450439317",
"parent":"zah7YtulP",
"text":"真的？不可能吧？",
"mid":"zao5Siofu",
"date":"2012-12-19 01:24:56"
},
{
"kids":[],
"uid":"1582721355",
"parent":"",
"text":"",
"mid":"zanKAj8a4",
"date":"2012-12-19 00:32:27"
},
{
"kids":[],
"uid":"2694120020",
"parent":"",
"text":"",
"mid":"zanxFw08z",
"date":"2012-12-19 00:00:40"
},
{
"kids":[
"zb63Mlu54",
"zaPTAimsM",
"zaIkG1mJ4"
],
"uid":"xlq99",
"parent":"zaipTCotD",
"text":"真的假的？？怎么没听说呢？",
"mid":"zanmJEp0A",
"date":"2012-12-18 23:33:44"
},
{
"kids":[],
"uid":"2920550500",
"parent":"zaiMqqVv5",
"text":"",
"mid":"zanfRgHxp",
"date":"2012-12-18 23:16:44"
},
{
"kids":[],
"uid":"2803572094",
"parent":"",
"text":"",
"mid":"zam7Vewot",
"date":"2012-12-18 20:24:26"
},
{
"kids":[],
"uid":"1849844754",
"parent":"zairC14za",
"text":"！今天早上刚听人说",
"mid":"zalYusbU4",
"date":"2012-12-18 20:01:15"
},
{
"kids":[],
"uid":"1847635861",
"parent":"",
"text":"我草，这是重口味的啊！",
"mid":"zalP3EILK",
"date":"2012-12-18 19:38:01"
},
{
"kids":[],
"uid":"1440409312",
"parent":"",
"text":"",
"mid":"zalDTChHd",
"date":"2012-12-18 19:10:28"
},
{
"kids":[],
"uid":"2790012890",
"parent":"",
"text":"",
"mid":"zalDTB0HL",
"date":"2012-12-18 19:10:29"
},
{
"kids":[],
"uid":"2919839790",
"parent":"",
"text":"",
"mid":"zalximahD",
"date":"2012-12-18 18:54:15"
},
{
"kids":[],
"uid":"2144613390",
"parent":"zaitdg8Bf",
"text":"@特理 @",
"mid":"zalfteHMX",
"date":"2012-12-18 18:10:20"
},
{
"kids":[],
"uid":"1883744407",
"parent":"",
"text":"",
"mid":"zalaSDGyf",
"date":"2012-12-18 17:59:00"
},
{
"kids":[],
"uid":"2805327764",
"parent":"zaiZ7zp4T",
"text":"",
"mid":"zala77x6h",
"date":"2012-12-18 17:57:07"
},
{
"kids":[],
"uid":"2790013784",
"parent":"zaiZ7zp4T",
"text":"",
"mid":"zala76nAE",
"date":"2012-12-18 17:57:06"
},
{
"kids":[],
"uid":"1778187932",
"parent":"",
"text":"",
"mid":"zal6pe0ho",
"date":"2012-12-18 17:47:58"
},
{
"kids":[
"zn36hFATJ"
],
"uid":"2123246857",
"parent":"",
"text":"果然够狠",
"mid":"zakHKm6CI",
"date":"2012-12-18 16:47:12"
},
{
"kids":[],
"uid":"1007487690",
"parent":"",
"text":"@人九淼",
"mid":"zakHlvVTp",
"date":"2012-12-18 16:46:16"
},
{
"kids":[],
"uid":"1651196723",
"parent":"",
"text":"太恶心了吧？狼人们不该下手的要考虑清楚再下手啊@来自海岛的狼 @1983平静 @灏Hm @绝不告诉你 @ly_勇敢的訫",
"mid":"zakBXl7da",
"date":"2012-12-18 16:32:59"
},
{
"kids":[],
"uid":"1857823514",
"parent":"",
"text":"...................",
"mid":"zaky5meUK",
"date":"2012-12-18 16:23:25"
},
{
"kids":[],
"uid":"1940596253",
"parent":"zakaSAsYp",
"text":"+1",
"mid":"zakq5x0rS",
"date":"2012-12-18 16:03:45"
},
{
"kids":[],
"uid":"1790620373",
"parent":"zaiaPxNxk",
"text":"@柳柳的小鱼 转给我表哥看！@灵魂需要一个姿态",
"mid":"zakp8qSQC",
"date":"2012-12-18 16:01:24"
},
{
"kids":[],
"uid":"2920410390",
"parent":"",
"text":"",
"mid":"zakkopQ6A",
"date":"2012-12-18 15:49:41"
},
{
"kids":[],
"uid":"2804247300",
"parent":"",
"text":"",
"mid":"zakfCkIZ4",
"date":"2012-12-18 15:37:58"
},
{
"kids":[],
"uid":"zhangyangace",
"parent":"",
"text":"",
"mid":"zakf4kP5I",
"date":"2012-12-18 15:36:37"
},
{
"kids":[],
"uid":"leochen09323101",
"parent":"",
"text":"@_烧饼_ @朱是朱哥的朱 这要多痛啊···看图都感觉痛··！！！",
"mid":"zakaVzJ4t",
"date":"2012-12-18 15:26:24"
},
{
"kids":[
"zakq5x0rS"
],
"uid":"2128720643",
"parent":"zaibXiq58",
"text":"我一直觉得。。酒吧其实不适合我。。",
"mid":"zakaSAsYp",
"date":"2012-12-18 15:26:17"
},
{
"kids":[],
"uid":"1837437164",
"parent":"",
"text":"[哼]真的假的啊。",
"mid":"zak77wamq",
"date":"2012-12-18 15:16:59"
},
{
"kids":[],
"uid":"2919322764",
"parent":"",
"text":"",
"mid":"zak5tffoD",
"date":"2012-12-18 15:12:56"
},
{
"kids":[],
"uid":"1581803105",
"parent":"",
"text":"",
"mid":"zak5tffmZ",
"date":"2012-12-18 15:12:55"
},
{
"kids":[],
"uid":"3014990643",
"parent":"zajOkm0H0",
"text":"",
"mid":"zak1ZwKrN",
"date":"2012-12-18 15:04:22"
},
{
"kids":[],
"uid":"1864227814",
"parent":"zajDYeAe1",
"text":"……",
"mid":"zajVfpTvu",
"date":"2012-12-18 14:47:46"
},
{
"kids":[],
"uid":"1728119160",
"parent":"",
"text":"",
"mid":"zajP80WEu",
"date":"2012-12-18 14:32:40"
},
{
"kids":[],
"uid":"1560963394",
"parent":"",
"text":"",
"mid":"zajP7F5lu",
"date":"2012-12-18 14:32:39"
},
{
"kids":[],
"uid":"2919944300",
"parent":"zai0719M8",
"text":"",
"mid":"zajOkCTyb",
"date":"2012-12-18 14:30:44"
},
{
"kids":[
"zak1ZwKrN"
],
"uid":"1583030204",
"parent":"zai0719M8",
"text":"",
"mid":"zajOkm0H0",
"date":"2012-12-18 14:30:41"
},
{
"kids":[],
"uid":"206665327",
"parent":"zaiHT53LM",
"text":"",
"mid":"zajO9pWje",
"date":"2012-12-18 14:30:17"
},
{
"kids":[],
"uid":"1693487025",
"parent":"",
"text":"@陈晓攀-有事都往心里憋",
"mid":"zajN8vxkq",
"date":"2012-12-18 14:27:47"
},
{
"kids":[],
"uid":"1251988080",
"parent":"zajD5Ay2x",
"text":"@Ps1117",
"mid":"zajJl1NZs",
"date":"2012-12-18 14:18:23"
},
{
"kids":[],
"uid":"1994877941",
"parent":"zajDYeAe1",
"text":"给力，这种人就欠这个",
"mid":"zajFkaOpp",
"date":"2012-12-18 14:08:32"
},
{
"kids":[
"zajVfpTvu",
"zajFkaOpp"
],
"uid":"604564612",
"parent":"zaiU994qI",
"text":".....",
"mid":"zajDYeAe1",
"date":"2012-12-18 14:05:12"
},
{
"kids":[
"zaAMjqddS",
"zawsMhjvG",
"zajJl1NZs"
],
"uid":"marspower",
"parent":"",
"text":"@伯伯怎样就怎样 @还是叫大头吧 @慕容雪ZF @木木征宇",
"mid":"zajD5Ay2x",
"date":"2012-12-18 14:03:02"
},
{
"kids":[],
"uid":"2660847945",
"parent":"zaibGrGEV",
"text":"",
"mid":"zajyBgBFi",
"date":"2012-12-18 13:51:57"
},
{
"kids":[],
"uid":"1714972545",
"parent":"",
"text":"[生病][生病][生病]",
"mid":"zajxLefZF",
"date":"2012-12-18 13:49:52"
},
{
"kids":[],
"uid":"foreverloveksei",
"parent":"zail59zp1",
"text":"[汗][汗]",
"mid":"zajs2kya2",
"date":"2012-12-18 13:35:47"
},
{
"kids":[],
"uid":"1800194157",
"parent":"zahPK368u",
"text":"擦，好痛@压力海大",
"mid":"zajrClkYC",
"date":"2012-12-18 13:34:46"
},
{
"kids":[],
"uid":"1983231407",
"parent":"zaisCjKmg",
"text":"夜店诚可贵,**价更高!!!大傻以后少去啊!@曳曳Yeah @银尾戒指",
"mid":"zajmDvQzz",
"date":"2012-12-18 13:22:30"
},
{
"kids":[],
"uid":"2530284032",
"parent":"zafhp9yoZ",
"text":"@LLLLL-S福 @sep_tr @华了个梦你们还是注意点吧 @x",
"mid":"zajlVe1lY",
"date":"2012-12-18 13:20:44"
},
{
"kids":[],
"uid":"2906833102",
"parent":"zaaCKpyca",
"text":"吓尿了'赶紧摸摸'''[衰]还在",
"mid":"zajkEldc7",
"date":"2012-12-18 13:17:36"
},
{
"kids":[],
"uid":"1777553010",
"parent":"",
"text":"",
"mid":"zajk6lPSn",
"date":"2012-12-18 13:16:13"
},
{
"kids":[],
"uid":"piggy500",
"parent":"zahLi35Yk",
"text":"尼玛太凶残了……",
"mid":"zajeaadNc",
"date":"2012-12-18 13:01:36"
},
{
"kids":[
"zaShels44",
"zaNjpo7F0"
],
"uid":"2647676925",
"parent":"zaedQEYps",
"text":"@猛男-先生 @黑直男 @muimuizhang @如果巴黎很快乐ing @zd_hom",
"mid":"zaj8N9zCr",
"date":"2012-12-18 12:48:23"
},
{
"kids":[],
"uid":"1861834530",
"parent":"",
"text":"[吐血]",
"mid":"zaj7y1m3V",
"date":"2012-12-18 12:45:17"
},
{
"kids":[],
"uid":"1734903873",
"parent":"zaimFhoG7",
"text":"[生病][生病]",
"mid":"zaj7evnqe",
"date":"2012-12-18 12:44:31"
},
{
"kids":[],
"uid":"destiny922",
"parent":"zaj3RixP0",
"text":"",
"mid":"zaj6Z9wqy",
"date":"2012-12-18 12:43:55"
},
{
"kids":[
"zaprj9CWY"
],
"uid":"huangkaiman",
"parent":"",
"text":"",
"mid":"zaj6BfqI8",
"date":"2012-12-18 12:42:59"
},
{
"kids":[
"zaj6Z9wqy"
],
"uid":"wenpeiaizouzou",
"parent":"",
"text":"天啊",
"mid":"zaj3RixP0",
"date":"2012-12-18 12:36:14"
},
{
"kids":[],
"uid":"2282856705",
"parent":"",
"text":"",
"mid":"zaj3KuDSS",
"date":"2012-12-18 12:35:58"
},
{
"kids":[],
"uid":"locky0124",
"parent":"",
"text":"[生病]",
"mid":"zaj3iqHh1",
"date":"2012-12-18 12:34:50"
},
{
"kids":[],
"uid":"1969869964",
"parent":"zaiNR2Ujc",
"text":"回复@季_小平:原来你就感兴趣这类微博@亂月風華 @移动求桃路障啊呗 @被阿洛欺负的南南 @爱欺负南南的阿洛 @熏猫会耍大吊车组成躯干 @解封de訫 @小魏会开推土机组成腿部 素来围观小平同志爱好",
"mid":"zaj1ovwjD",
"date":"2012-12-18 12:30:09"
},
{
"kids":[
"zasCE4vEE"
],
"uid":"1731757993",
"parent":"zahYyDWGN",
"text":"………… 好血腥啊，果真能演大太监了。。。",
"mid":"zaj01qavQ",
"date":"2012-12-18 12:26:45"
},
{
"kids":[],
"uid":"1692776795",
"parent":"",
"text":"",
"mid":"zaiZxzhxA",
"date":"2012-12-18 12:25:35"
},
{
"kids":[
"zala77x6h",
"zala76nAE"
],
"uid":"1870973780",
"parent":"zaixw7I9U",
"text":"這就是代價''叫你風流'叫你倜儻",
"mid":"zaiZ7zp4T",
"date":"2012-12-18 12:24:34"
},
{
"kids":[
"zaoos9uLO"
],
"uid":"1254270451",
"parent":"",
"text":"@菊起奶瓶吹可乐 @jameshx @ELeVeN_狗小贱 @依立空间",
"mid":"zaiXOl4jW",
"date":"2012-12-18 12:21:19"
},
{
"kids":[],
"uid":"2112880375",
"parent":"",
"text":"@腰腰腰腰腰腰腰腰腰腰腰腰腰腰 不知要小心腰，还要小心肝~[偷笑]",
"mid":"zaiWMeNwW",
"date":"2012-12-18 12:18:47"
},
{
"kids":[],
"uid":"yehuajian",
"parent":"zaiMqqVv5",
"text":"[汗]",
"mid":"zaiW2oHWM",
"date":"2012-12-18 12:16:58"
},
{
"kids":[],
"uid":"2863023927",
"parent":"zai3O3igI",
"text":"",
"mid":"zaiVk7GOc",
"date":"2012-12-18 12:15:12"
},
{
"kids":[
"zajDYeAe1"
],
"uid":"2009180063",
"parent":"zaiNR2Ujc",
"text":"不止被阉还挂了。不知道谁来顶包。把妹看男友啊。[闭嘴] /@福州ING: #早安福州# 常在酒吧混的人小心啊……钱是赚不完的，那个什么的只有一个啊！一大早送这幅图给大家！",
"mid":"zaiU994qI",
"date":"2012-12-18 12:12:18"
},
{
"kids":[],
"uid":"206312356",
"parent":"zaiHT53LM",
"text":"不是有出来辟谣的了吗？",
"mid":"zaiQPbdHH",
"date":"2012-12-18 12:04:07"
},
{
"kids":[],
"uid":"1752413240",
"parent":"zaipTCotD",
"text":"[吐][吐][书呆子][不要] 老实点",
"mid":"zaiP7DpWa",
"date":"2012-12-18 11:59:54"
},
{
"kids":[
"zaj1ovwjD",
"zaiU994qI"
],
"uid":"1969869964",
"parent":"zaiq5a95j",
"text":"一条微博内四个认识的",
"mid":"zaiNR2Ujc",
"date":"2012-12-18 11:56:48"
},
{
"kids":[],
"uid":"2094205217",
"parent":"",
"text":"一辈子废了，可怜呐",
"mid":"zaiNq9Jsd",
"date":"2012-12-18 11:55:43"
},
{
"kids":[
"zar4nns5G",
"zanfRgHxp",
"zaiW2oHWM"
],
"uid":"juniormrpig",
"parent":"",
"text":"[吃惊]下死掉",
"mid":"zaiMqqVv5",
"date":"2012-12-18 11:53:17"
},
{
"kids":[],
"uid":"1731549830",
"parent":"zahRi1Ehw",
"text":"[围观]",
"mid":"zaiL9eDop",
"date":"2012-12-18 11:50:06"
},
{
"kids":[],
"uid":"2129178707",
"parent":"",
"text":"嘻]",
"mid":"zaiJkCEtM",
"date":"2012-12-18 11:45:40"
},
{
"kids":[
"zajO9pWje",
"zaiQPbdHH"
],
"uid":"2093644475",
"parent":"",
"text":"@叫我陛下_ @ANARKH__",
"mid":"zaiHT53LM",
"date":"2012-12-18 11:42:06"
},
{
"kids":[],
"uid":"1589238215",
"parent":"zaimHkty4",
"text":"",
"mid":"zaiEwarBE",
"date":"2012-12-18 11:33:47"
},
{
"kids":[],
"uid":"1250970293",
"parent":"",
"text":"@Bright_小亮 @贩夫走卒的三权分立",
"mid":"zaiCAeJk5",
"date":"2012-12-18 11:29:01"
},
{
"kids":[],
"uid":"2163131277",
"parent":"",
"text":"[吃惊][生病]",
"mid":"zaizpr8ZT",
"date":"2012-12-18 11:21:13"
},
{
"kids":[],
"uid":"sweet0102",
"parent":"zaixw7I9U",
"text":"此事件告诉男人么 有老婆的好好对自己老婆 没老婆的不要乱搞女人 否则鸡鸡会木有的",
"mid":"zaiyx4HD0",
"date":"2012-12-18 11:19:01"
},
{
"kids":[
"zaiZ7zp4T",
"zaiyx4HD0"
],
"uid":"sweet0102",
"parent":"zaimFhoG7",
"text":"活该！！！[嘻嘻][嘻嘻][嘻嘻][嘻嘻]",
"mid":"zaixw7I9U",
"date":"2012-12-18 11:16:33"
},
{
"kids":[
"zcNtHvJce"
],
"uid":"mlgbzdchina",
"parent":"",
"text":"钱是赚不完的，小JJ只有一个！共勉！",
"mid":"zaix14kP8",
"date":"2012-12-18 11:15:18"
},
{
"kids":[],
"uid":"1777077391",
"parent":"zahTff0cG",
"text":"@小飞侠儿Leo",
"mid":"zaiv3kvgu",
"date":"2012-12-18 11:10:29"
},
{
"kids":[
"zalfteHMX"
],
"uid":"ss1108",
"parent":"zaimFhoG7",
"text":"",
"mid":"zaitdg8Bf",
"date":"2012-12-18 11:05:56"
},
{
"kids":[],
"uid":"2739754472",
"parent":"",
"text":"悲哀阿！",
"mid":"zait8glpW",
"date":"2012-12-18 11:05:45"
},
{
"kids":[
"zajmDvQzz"
],
"uid":"1222nana",
"parent":"zaiiXD8YQ",
"text":"啧啧啧~血淋淋的教训啊~不敢乱搞啊~会被切掉的~",
"mid":"zaisCjKmg",
"date":"2012-12-18 11:04:27"
},
{
"kids":[],
"uid":"316050006",
"parent":"zainF2gxl",
"text":"你转发这个给我干什么…",
"mid":"zairVb6Yw",
"date":"2012-12-18 11:02:45"
},
{
"kids":[
"zalYusbU4"
],
"uid":"991134776aaa",
"parent":"",
"text":"@布袋奶罩 看起来不错…",
"mid":"zairC14za",
"date":"2012-12-18 11:01:59"
},
{
"kids":[],
"uid":"2677590383",
"parent":"zaimHkty4",
"text":"[衰]",
"mid":"zaiqxfck6",
"date":"2012-12-18 10:59:20"
},
{
"kids":[
"zaiNR2Ujc"
],
"uid":"kevin5204",
"parent":"zai1plWF1",
"text":"@圆圆脸叔叔 瓜少要小心了啊",
"mid":"zaiq5a95j",
"date":"2012-12-18 10:58:13"
},
{
"kids":[
"zanmJEp0A",
"zaiP7DpWa"
],
"uid":"2723640074",
"parent":"",
"text":"[汗]酒吧真不能去",
"mid":"zaipTCotD",
"date":"2012-12-18 10:57:47"
},
{
"kids":[],
"uid":"1882855280",
"parent":"zaeMKA5RT",
"text":"",
"mid":"zaipmd0Vd",
"date":"2012-12-18 10:56:26"
},
{
"kids":[
"zb2gryFCM",
"zairVb6Yw"
],
"uid":"travelcoffee",
"parent":"",
"text":"@哈姆太懒",
"mid":"zainF2gxl",
"date":"2012-12-18 10:52:14"
},
{
"kids":[
"zaiEwarBE",
"zaiqxfck6"
],
"uid":"1821257594",
"parent":"zail59zp1",
"text":"[吃惊]",
"mid":"zaimHkty4",
"date":"2012-12-18 10:49:54"
},
{
"kids":[
"zaj7evnqe",
"zaixw7I9U",
"zaitdg8Bf"
],
"uid":"77gozyo",
"parent":"zaimlsl9P",
"text":"",
"mid":"zaimFhoG7",
"date":"2012-12-18 10:49:49"
},
{
"kids":[
"zaimFhoG7"
],
"uid":"liamyuan",
"parent":"",
"text":"@招财兔341  你一定要小心'小心'再小心啊。保重！",
"mid":"zaimlsl9P",
"date":"2012-12-18 10:49:02"
},
{
"kids":[],
"uid":"206733391",
"parent":"",
"text":"到底真的假的。。。",
"mid":"zailMidka",
"date":"2012-12-18 10:47:37"
},
{
"kids":[
"zajs2kya2",
"zaimHkty4"
],
"uid":"1908196515",
"parent":"zaibGrGEV",
"text":"[衰][衰]@浅紫先生 太残暴了",
"mid":"zail59zp1",
"date":"2012-12-18 10:45:55"
},
{
"kids":[
"zaisCjKmg"
],
"uid":"1893883683",
"parent":"zahBv7ynP",
"text":"@夜深_不想睡 不知道为神马，第一时间就想转给你…[偷笑][偷笑][偷笑]",
"mid":"zaiiXD8YQ",
"date":"2012-12-18 10:40:41"
},
{
"kids":[],
"uid":"2289506681",
"parent":"zai3RfNYp",
"text":"[黑线]",
"mid":"zaiiLfWfL",
"date":"2012-12-18 10:40:12"
},
{
"kids":[],
"uid":"1jzq",
"parent":"zaiaPxNxk",
"text":"[衰][衰][衰][衰][衰][衰] 好可怕。。@要找个索隆一样的男人 @何必何必----解释 @何必何必-软弱",
"mid":"zaihUEKmi",
"date":"2012-12-18 10:38:07"
},
{
"kids":[],
"uid":"koribaby",
"parent":"zaedBzV5d",
"text":"太恐怖了...",
"mid":"zaifRzgiZ",
"date":"2012-12-18 10:33:04"
},
{
"kids":[],
"uid":"2416733514",
"parent":"",
"text":"[衰]",
"mid":"zaidijwbU",
"date":"2012-12-18 10:26:44"
},
{
"kids":[
"zakaSAsYp"
],
"uid":"2103740004",
"parent":"zahQjtwHZ",
"text":"@熏猫会耍大吊车组成躯干 兄弟保重，兄弟再见。",
"mid":"zaibXiq58",
"date":"2012-12-18 10:23:26"
},
{
"kids":[
"zajyBgBFi",
"zail59zp1"
],
"uid":"1871803384",
"parent":"zaiaPxNxk",
"text":"爱约炮的真的是要小心点，哥只会切人鸡鸡",
"mid":"zaibGrGEV",
"date":"2012-12-18 10:22:46"
},
{
"kids":[],
"uid":"2369352803",
"parent":"zaedBzV5d",
"text":"好凶啊！",
"mid":"zaib94gf6",
"date":"2012-12-18 10:21:26"
},
{
"kids":[],
"uid":"xiaoxia28",
"parent":"zai1plWF1",
"text":"[吓到了]",
"mid":"zaiaZhLGD",
"date":"2012-12-18 10:21:02"
},
{
"kids":[
"zakp8qSQC",
"zaihUEKmi",
"zaibGrGEV"
],
"uid":"1790620373",
"parent":"",
"text":"@俊西喵要变老虎君",
"mid":"zaiaPxNxk",
"date":"2012-12-18 10:20:40"
},
{
"kids":[],
"uid":"1790620373",
"parent":"",
"text":"@涛涛车盟 @新锐视野文化",
"mid":"zaiaMzcV4",
"date":"2012-12-18 10:20:31"
},
{
"kids":[],
"uid":"2479907052",
"parent":"zahUgrRr8",
"text":"这~~~~~~~~~",
"mid":"zai9ODi0b",
"date":"2012-12-18 10:18:10"
},
{
"kids":[],
"uid":"2014036811",
"parent":"",
"text":"鸡毁人亡",
"mid":"zai9HxLOu",
"date":"2012-12-18 10:17:54"
},
{
"kids":[],
"uid":"1809091112",
"parent":"zahyvxmOH",
"text":"",
"mid":"zai8Vlmy1",
"date":"2012-12-18 10:15:57"
},
{
"kids":[],
"uid":"2163204824",
"parent":"zabYzdERB",
"text":"",
"mid":"zai8f5XAT",
"date":"2012-12-18 10:14:18"
},
{
"kids":[],
"uid":"2341203187",
"parent":"",
"text":"@Nugel-He @bloblo小人物 @陈阿建建",
"mid":"zai5QtNmb",
"date":"2012-12-18 10:08:23"
},
{
"kids":[],
"uid":"210129629",
"parent":"zai1plWF1",
"text":"又一个苦逼的孩子，这一生也就那样了，",
"mid":"zai5opkds",
"date":"2012-12-18 10:07:16"
},
{
"kids":[
"zaiiLfWfL"
],
"uid":"jingxunyao",
"parent":"zahTR21gS",
"text":"[衰]",
"mid":"zai3RfNYp",
"date":"2012-12-18 10:03:30"
},
{
"kids":[
"zaiVk7GOc"
],
"uid":"neineiruirui",
"parent":"",
"text":"太暴力太血腥了。。。",
"mid":"zai3O3igI",
"date":"2012-12-18 10:03:21"
},
{
"kids":[],
"uid":"2186800642",
"parent":"",
"text":"@小亘变老亘 @上有老下有小De阳光男人 @calson77 好恐怖啊。以后还是不要去酒吧了。大清早的，吓了我一身汗。",
"mid":"zai1vzp5N",
"date":"2012-12-18 09:57:42"
},
{
"kids":[],
"uid":"2101343892",
"parent":"zahYM0X4o",
"text":"草你妹这个使湖州不是福州",
"mid":"zai1v2iTW",
"date":"2012-12-18 09:57:40"
},
{
"kids":[
"zaiq5a95j",
"zaiaZhLGD",
"zai5opkds"
],
"uid":"315666599",
"parent":"zahOscPzL",
"text":"…惊但到我了…[吃惊]",
"mid":"zai1plWF1",
"date":"2012-12-18 09:57:25"
},
{
"kids":[],
"uid":"2101343892",
"parent":"zahYM0X4o",
"text":"迷迷糊糊的给惊醒了",
"mid":"zai0p41lX",
"date":"2012-12-18 09:54:58"
},
{
"kids":[
"zikzauCyl",
"zi9CxFskK",
"zhnglfOZj",
"zhmqJ4iVR",
"zeYQEtSzK",
"zeN8ppl5h",
"ze32iEWWw",
"zbtRqjb98",
"zaGA7iBtK",
"zaF1jgH0B",
"zajOkCTyb",
"zajOkm0H0"
],
"uid":"2253083040",
"parent":"zahX7pfrF",
"text":"",
"mid":"zai0719M8",
"date":"2012-12-18 09:54:15"
},
{
"kids":[],
"uid":"2421137593",
"parent":"",
"text":"你们都悠着点！ @无聊的生活无趣的我  @马丁Cc @豪放的恩典 @角落几 @海豚色蓝天",
"mid":"zahZgn2Vr",
"date":"2012-12-18 09:52:10"
},
{
"kids":[],
"uid":"1964485951",
"parent":"",
"text":"",
"mid":"zahYPwfAv",
"date":"2012-12-18 09:51:05"
},
{
"kids":[
"zai1v2iTW",
"zai0p41lX"
],
"uid":"zhenhaoxu",
"parent":"zahQVhort",
"text":"@KimiiiC @领秀会W @L_金哥 下個就是你們，自重！",
"mid":"zahYM0X4o",
"date":"2012-12-18 09:50:56"
},
{
"kids":[
"zaj01qavQ"
],
"uid":"diaokegudian",
"parent":"zahLi35Yk",
"text":"没事别泡吧，泡吧别泡女人",
"mid":"zahYyDWGN",
"date":"2012-12-18 09:50:27"
},
{
"kids":[],
"uid":"taixiaoan",
"parent":"zahPK368u",
"text":"[吓到了]",
"mid":"zahXoyKFg",
"date":"2012-12-18 09:47:33"
},
{
"kids":[],
"uid":"123128519",
"parent":"zahTR21gS",
"text":"沃次奥，好残忍。",
"mid":"zahXgheMJ",
"date":"2012-12-18 09:47:14"
},
{
"kids":[
"zai0719M8"
],
"uid":"806314074",
"parent":"zahQVhort",
"text":"湖州，哈哈哈哈哈",
"mid":"zahX7pfrF",
"date":"2012-12-18 09:46:52"
},
{
"kids":[],
"uid":"2355656384",
"parent":"zahTR21gS",
"text":"",
"mid":"zahWLygHS",
"date":"2012-12-18 09:46:00"
},
{
"kids":[],
"uid":"1933308162",
"parent":"zahW1aGU2",
"text":"哈哈",
"mid":"zahWKoKmc",
"date":"2012-12-18 09:45:58"
},
{
"kids":[
"zahWKoKmc"
],
"uid":"1273097533",
"parent":"zahLi35Yk",
"text":"学我说话",
"mid":"zahW1aGU2",
"date":"2012-12-18 09:44:10"
},
{
"kids":[],
"uid":"2171966732",
"parent":"zahLi35Yk",
"text":"可怕@o只围观 @白浪覆滔天",
"mid":"zahVyyNZ8",
"date":"2012-12-18 09:43:01"
},
{
"kids":[],
"uid":"2837418785",
"parent":"",
"text":"还好我去都很老实的[哈哈][哈哈][哈哈][酷]",
"mid":"zahV3rKqb",
"date":"2012-12-18 09:41:47"
},
{
"kids":[],
"uid":"1938883047",
"parent":"",
"text":"小心啊…@River江桥",
"mid":"zahUxghsV",
"date":"2012-12-18 09:40:31"
},
{
"kids":[
"zai9ODi0b"
],
"uid":"1910096924",
"parent":"zahQVhort",
"text":"吓尿了以后不去。。",
"mid":"zahUgrRr8",
"date":"2012-12-18 09:39:51"
},
{
"kids":[
"zai3RfNYp",
"zahXgheMJ",
"zahWLygHS"
],
"uid":"limingsong88",
"parent":"zahQbuLNv",
"text":"",
"mid":"zahTR21gS",
"date":"2012-12-18 09:38:50"
},
{
"kids":[],
"uid":"bennyzc",
"parent":"zahLi35Yk",
"text":"@MMMYO_ooo显境张 @-许咏烽旋风麦旋风-",
"mid":"zahTGE09O",
"date":"2012-12-18 09:38:25"
},
{
"kids":[
"zaiv3kvgu"
],
"uid":"414282588",
"parent":"zahQVhort",
"text":"我擦。。。如此重口的图片[生病][生病][生病]",
"mid":"zahTff0cG",
"date":"2012-12-18 09:37:19"
},
{
"kids":[],
"uid":"523395075",
"parent":"",
"text":"湖州。靠。经常去的酒吧。",
"mid":"zahSCtvJF",
"date":"2012-12-18 09:35:47"
},
{
"kids":[
"zaiL9eDop"
],
"uid":"206030359",
"parent":"",
"text":"重口味了。。。",
"mid":"zahRi1Ehw",
"date":"2012-12-18 09:32:30"
},
{
"kids":[
"zahYM0X4o",
"zahX7pfrF",
"zahUgrRr8",
"zahTff0cG"
],
"uid":"1913826072",
"parent":"zahOscPzL",
"text":"好犀利！",
"mid":"zahQVhort",
"date":"2012-12-18 09:31:35"
},
{
"kids":[
"zaibXiq58"
],
"uid":"1839672080",
"parent":"zahOscPzL",
"text":"原来不是说北京么，这造谣吧",
"mid":"zahQjtwHZ",
"date":"2012-12-18 09:30:07"
},
{
"kids":[],
"uid":"2033500525",
"parent":"",
"text":"@E神先森",
"mid":"zahQi0q3h",
"date":"2012-12-18 09:30:02"
},
{
"kids":[
"zahTR21gS"
],
"uid":"2103111612",
"parent":"",
"text":"[走你]死了还是没死，估计死不了吧。。。- -",
"mid":"zahQbuLNv",
"date":"2012-12-18 09:29:47"
},
{
"kids":[
"zauQg4HDC",
"zajrClkYC",
"zahXoyKFg"
],
"uid":"2139036710",
"parent":"zahLi35Yk",
"text":"",
"mid":"zahPK368u",
"date":"2012-12-18 09:28:42"
},
{
"kids":[],
"uid":"1897830250",
"parent":"zahLi35Yk",
"text":"[汗]",
"mid":"zahORlvqm",
"date":"2012-12-18 09:26:32"
},
{
"kids":[],
"uid":"2653028131",
"parent":"zahLi35Yk",
"text":"哇，这个、、、@Mc-超短裙 @小呆mjt",
"mid":"zahOO4Yaa",
"date":"2012-12-18 09:26:23"
},
{
"kids":[],
"uid":"1682258044",
"parent":"",
"text":"远离酒吧",
"mid":"zahOE5WQP",
"date":"2012-12-18 09:26:00"
},
{
"kids":[
"zai1plWF1",
"zahQVhort",
"zahQjtwHZ"
],
"uid":"valioncq",
"parent":"zahLi35Yk",
"text":"@移动求桃路障啊呗 还想去酒吧么。。",
"mid":"zahOscPzL",
"date":"2012-12-18 09:25:30"
},
{
"kids":[],
"uid":"hesorry",
"parent":"zahLi35Yk",
"text":"@S小时S @S小时S @南小肉肉肉 @北鼻嘟嘟",
"mid":"zahNN9nOs",
"date":"2012-12-18 09:23:53"
},
{
"kids":[],
"uid":"gelerlin",
"parent":"",
"text":"泡吧不泡妹时刻谨记着....[吓到了]",
"mid":"zahNlFCwk",
"date":"2012-12-18 09:22:49"
},
{
"kids":[],
"uid":"2571403484",
"parent":"",
"text":"好痛啊……",
"mid":"zahMV63WB",
"date":"2012-12-18 09:21:45"
},
{
"kids":[
"zajeaadNc",
"zahYyDWGN",
"zahW1aGU2",
"zahVyyNZ8",
"zahTGE09O",
"zahPK368u",
"zahORlvqm",
"zahOO4Yaa",
"zahOscPzL",
"zahNN9nOs"
],
"uid":"agoling",
"parent":"",
"text":"#早安福州# 常在酒吧混的人小心啊……钱是赚不完的，那个什么的只有一个啊！一大早送这幅图给大家！",
"mid":"zahLi35Yk",
"date":"2012-12-18 09:17:44"
},
{
"kids":[],
"uid":"2652498557",
"parent":"",
"text":"",
"mid":"zahHF8AH3",
"date":"2012-12-18 09:08:47"
},
{
"kids":[],
"uid":"2919637990",
"parent":"",
"text":"",
"mid":"zahGx6p3g",
"date":"2012-12-18 09:06:00"
},
{
"kids":[],
"uid":"1916565502",
"parent":"",
"text":"恭喜小帅哥减肥成功[走你]",
"mid":"zahGhf6h0",
"date":"2012-12-18 09:05:22"
},
{
"kids":[],
"uid":"1908583021",
"parent":"zahBv3NAF",
"text":"相当重口味，好恶心，不要欺负大哥的女人",
"mid":"zahG5mzYY",
"date":"2012-12-18 09:04:55"
},
{
"kids":[],
"uid":"lss93",
"parent":"zahyvxmOH",
"text":"次奥。。。果断捂紧",
"mid":"zahDPgkKp",
"date":"2012-12-18 08:59:20"
},
{
"kids":[
"zaiiXD8YQ"
],
"uid":"2231741490",
"parent":"",
"text":"",
"mid":"zahBv7ynP",
"date":"2012-12-18 08:53:36"
},
{
"kids":[
"zahG5mzYY"
],
"uid":"loulouvv",
"parent":"zahxrCt0K",
"text":"@咕噜丢丢 瞬间不烦躁了",
"mid":"zahBv3NAF",
"date":"2012-12-18 08:53:37"
},
{
"kids":[],
"uid":"1273097533",
"parent":"zaedQEYps",
"text":"擦。。。@rex曦小 ，常在酒吧混的人小心啊。。。[生病]，钱是赚不完的。。那什么只有一个啊。。。一大早送这幅图给你，祝生快~~哈哈哈",
"mid":"zahAd0V79",
"date":"2012-12-18 08:50:26"
},
{
"kids":[
"zai8Vlmy1",
"zahDPgkKp"
],
"uid":"206096669",
"parent":"zahxrCt0K",
"text":"次奥，捂紧小鸡鸡",
"mid":"zahyvxmOH",
"date":"2012-12-18 08:46:15"
},
{
"kids":[
"zahBv3NAF",
"zahyvxmOH"
],
"uid":"1801884110",
"parent":"",
"text":"次奥，好刺激",
"mid":"zahxrCt0K",
"date":"2012-12-18 08:43:38"
},
{
"kids":[],
"uid":"kesay",
"parent":"zahosifyA",
"text":"",
"mid":"zahqOyJc9",
"date":"2012-12-18 08:27:17"
},
{
"kids":[
"zahqOyJc9"
],
"uid":"1651205792",
"parent":"",
"text":"原来现场切鸡鸡是这样的…[吓到了]",
"mid":"zahosifyA",
"date":"2012-12-18 08:21:29"
},
{
"kids":[],
"uid":"2858017415",
"parent":"",
"text":"",
"mid":"zahnjqWtk",
"date":"2012-12-18 08:18:40"
},
{
"kids":[],
"uid":"1997321083",
"parent":"zaepl5RrP",
"text":"[吃惊]玩真的啦！",
"mid":"zahniekvb",
"date":"2012-12-18 08:18:37"
},
{
"kids":[],
"uid":"2143096924",
"parent":"",
"text":"",
"mid":"zahcrpB1p",
"date":"2012-12-18 07:51:50"
},
{
"kids":[
"zao5Siofu"
],
"uid":"2002823461",
"parent":"zafgMcxtR",
"text":"够恐怖了。",
"mid":"zah7YtulP",
"date":"2012-12-18 07:40:52"
},
{
"kids":[],
"uid":"2919449490",
"parent":"zaeXukmxq",
"text":"",
"mid":"zah37nzL6",
"date":"2012-12-18 07:28:55"
},
{
"kids":[],
"uid":"radiohead1981",
"parent":"zaedBzV5d",
"text":"哪有纹这么多身的男模。",
"mid":"zagSLjThs",
"date":"2012-12-18 07:03:23"
},
{
"kids":[],
"uid":"2919520480",
"parent":"",
"text":"",
"mid":"zagqIAYEF",
"date":"2012-12-18 05:54:18"
},
{
"kids":[],
"uid":"1725857323",
"parent":"",
"text":"",
"mid":"zagoBoe1s",
"date":"2012-12-18 05:49:06"
},
{
"kids":[],
"uid":"2789893292",
"parent":"",
"text":"",
"mid":"zafYNk3is",
"date":"2012-12-18 04:45:31"
},
{
"kids":[],
"uid":"2016064283",
"parent":"",
"text":"",
"mid":"zafsao7Rp",
"date":"2012-12-18 03:25:08"
},
{
"kids":[],
"uid":"jks52",
"parent":"",
"text":"擦。。还好没去过。。以后亦不会去。。",
"mid":"zafr3yGdP",
"date":"2012-12-18 03:22:23"
},
{
"kids":[],
"uid":"lmaidq",
"parent":"",
"text":"还好不是福州的莉莉玛莲~还好我不在福州！[生病]",
"mid":"zaflf2tPe",
"date":"2012-12-18 03:08:04"
},
{
"kids":[],
"uid":"1728330961",
"parent":"",
"text":"[吃惊]",
"mid":"zafiln9nS",
"date":"2012-12-18 03:00:56"
},
{
"kids":[
"zajlVe1lY"
],
"uid":"cheer",
"parent":"zaedQEYps",
"text":"半夜看到好恶心尼玛！！",
"mid":"zafhp9yoZ",
"date":"2012-12-18 02:58:37"
},
{
"kids":[
"zah7YtulP"
],
"uid":"1889625807",
"parent":"",
"text":"哎，冤冤相报何时了？",
"mid":"zafgMcxtR",
"date":"2012-12-18 02:57:04"
},
{
"kids":[],
"uid":"2919360940",
"parent":"",
"text":"",
"mid":"zafg3xGON",
"date":"2012-12-18 02:55:17"
},
{
"kids":[],
"uid":"1440498060",
"parent":"",
"text":"",
"mid":"zaf9EnNES",
"date":"2012-12-18 02:39:31"
},
{
"kids":[],
"uid":"1588609624",
"parent":"",
"text":"",
"mid":"zaf5alNqY",
"date":"2012-12-18 02:28:28"
},
{
"kids":[],
"uid":"damu370658614",
"parent":"",
"text":"哇@T-浩-T @______0197U 你们以后老实点啊",
"mid":"zaf1GCK2g",
"date":"2012-12-18 02:19:54"
},
{
"kids":[
"zah37nzL6"
],
"uid":"520110201",
"parent":"z9Q9m9VE2",
"text":"此事件告诉男人么 有老婆的好好对自己老婆 没老婆的不要乱搞女人 否则鸡鸡会木有的",
"mid":"zaeXukmxq",
"date":"2012-12-18 02:09:33"
},
{
"kids":[],
"uid":"2805176612",
"parent":"",
"text":"",
"mid":"zaeWZyF7K",
"date":"2012-12-18 02:08:20"
},
{
"kids":[],
"uid":"feitianls",
"parent":"zaeLloJRA",
"text":"@Jarson賀 、、我这边唯一就是觉得要转给你看哈哈哈哈",
"mid":"zaeOebGrR",
"date":"2012-12-18 01:46:44"
},
{
"kids":[],
"uid":"2692802473",
"parent":"",
"text":"真的是福州？？？",
"mid":"zaeO2BFsL",
"date":"2012-12-18 01:46:17"
},
{
"kids":[
"zaipmd0Vd"
],
"uid":"2202067454",
"parent":"",
"text":"哇草，看着有点恐怖",
"mid":"zaeMKA5RT",
"date":"2012-12-18 01:43:06"
},
{
"kids":[
"zaeOebGrR"
],
"uid":"feitianls",
"parent":"",
"text":"看那男的纹身、、两边都不是好货→ →。。",
"mid":"zaeLloJRA",
"date":"2012-12-18 01:39:37"
},
{
"kids":[
"zahniekvb"
],
"uid":"1358367964",
"parent":"",
"text":"尼玛！切！！！J！！！J！！！[吓到了]",
"mid":"zaepl5RrP",
"date":"2012-12-18 00:45:22"
},
{
"kids":[],
"uid":"1767515970",
"parent":"zaedQEYps",
"text":"呵呵呵呵",
"mid":"zaengzyTV",
"date":"2012-12-18 00:40:19"
},
{
"kids":[],
"uid":"520110201",
"parent":"",
"text":"真的假的阿？",
"mid":"zaen4caJU",
"date":"2012-12-18 00:39:49"
},
{
"kids":[],
"uid":"2277624950",
"parent":"",
"text":"可能是@林YMCMB简凡 [偷笑]",
"mid":"zaelhCMEi",
"date":"2012-12-18 00:35:27"
},
{
"kids":[
"zaj8N9zCr",
"zahAd0V79",
"zafhp9yoZ",
"zaengzyTV"
],
"uid":"1783998321",
"parent":"",
"text":"幸好我不去酒吧",
"mid":"zaedQEYps",
"date":"2012-12-18 00:17:04"
},
{
"kids":[
"zaifRzgiZ",
"zaib94gf6",
"zagSLjThs"
],
"uid":"ladygod",
"parent":"",
"text":"以后蹲着尿尿呗。。",
"mid":"zaedBzV5d",
"date":"2012-12-18 00:16:31"
},
{
"kids":[],
"uid":"1304481664",
"parent":"zadMoFBAg",
"text":"也太狠了！",
"mid":"zae6CpBMh",
"date":"2012-12-17 23:59:18"
},
{
"kids":[],
"uid":"2061155015",
"parent":"",
"text":"恐怖，男人们不要随便扣女了哦！小心这下场。。。[衰]",
"mid":"zae0n4U48",
"date":"2012-12-17 23:43:54"
},
{
"kids":[],
"uid":"wwt0420",
"parent":"",
"text":"太可怕了，以后不敢去了 为什么艾特不了人，不然真的想告诉你们几个以后不能乱在酒吧搭讪的。[生病]",
"mid":"zadUXCziG",
"date":"2012-12-17 23:30:35"
},
{
"kids":[],
"uid":"2112945754",
"parent":"zadEhoJVF",
"text":"[吃惊]",
"mid":"zadUSCeO2",
"date":"2012-12-17 23:30:23"
},
{
"kids":[],
"uid":"2600359674",
"parent":"",
"text":"靠，他以后可怎么活",
"mid":"zadS7fsB9",
"date":"2012-12-17 23:23:34"
},
{
"kids":[
"zae6CpBMh"
],
"uid":"shawndong999",
"parent":"za3xfA8Tm",
"text":"媽呀，頓時大腿顫抖了[蜡烛]",
"mid":"zadMoFBAg",
"date":"2012-12-17 23:09:28"
},
{
"kids":[],
"uid":"223454510",
"parent":"",
"text":"不是莉莉2好吗-_-多早就有的消息！@连小新 赶紧澄清",
"mid":"zadJ44XVd",
"date":"2012-12-17 23:01:17"
},
{
"kids":[
"zadUSCeO2"
],
"uid":"1862281330",
"parent":"",
"text":"活该··~~",
"mid":"zadEhoJVF",
"date":"2012-12-17 22:49:29"
},
{
"kids":[],
"uid":"2717435613",
"parent":"zacAaknWW",
"text":"@Z_zzzzzJH @李丽萍努力留长发 @志秦先生 @阿凡噢霸 @-許諾詩-      给下尿了[睡觉][睡觉]",
"mid":"zadurun2d",
"date":"2012-12-17 22:25:15"
},
{
"kids":[],
"uid":"zhongmaiyi",
"parent":"",
"text":"[挖鼻屎]活该",
"mid":"zadtkEVJG",
"date":"2012-12-17 22:22:31"
},
{
"kids":[],
"uid":"2646752043",
"parent":"",
"text":"@我是移动_欢欢欢乐多 @imRonz",
"mid":"zadqvrqvB",
"date":"2012-12-17 22:15:31"
},
{
"kids":[],
"uid":"2919481780",
"parent":"",
"text":"",
"mid":"zad6p48BL",
"date":"2012-12-17 21:25:58"
},
{
"kids":[],
"uid":"2919742770",
"parent":"",
"text":"",
"mid":"zad3iF50b",
"date":"2012-12-17 21:18:23"
},
{
"kids":[],
"uid":"2740508610",
"parent":"",
"text":"@MARiNe浃 @死宅林晓杰 小志",
"mid":"zacDP00lE",
"date":"2012-12-17 20:15:36"
},
{
"kids":[
"zadurun2d"
],
"uid":"2906858441",
"parent":"",
"text":"",
"mid":"zacAaknWW",
"date":"2012-12-17 20:06:36"
},
{
"kids":[],
"uid":"528184565",
"parent":"zacrpyfm7",
"text":"我勒个去- -",
"mid":"zacrNr1Wm",
"date":"2012-12-17 19:46:00"
},
{
"kids":[
"zacrNr1Wm"
],
"uid":"1860378314",
"parent":"",
"text":"",
"mid":"zacrpyfm7",
"date":"2012-12-17 19:44:59"
},
{
"kids":[],
"uid":"jinchaotime",
"parent":"",
"text":"",
"mid":"zacplypa8",
"date":"2012-12-17 19:39:55"
},
{
"kids":[],
"uid":"1723901244",
"parent":"",
"text":"",
"mid":"zacoersYy",
"date":"2012-12-17 19:37:10"
},
{
"kids":[],
"uid":"xiaoye12580",
"parent":"",
"text":"可怕",
"mid":"zac8EsIFC",
"date":"2012-12-17 18:58:47"
},
{
"kids":[],
"uid":"1695278420",
"parent":"",
"text":"",
"mid":"zac6LaNL0",
"date":"2012-12-17 18:54:08"
},
{
"kids":[],
"uid":"2735447087",
"parent":"",
"text":"额~~看着蛋下有点微微痛",
"mid":"zac4a6CGK",
"date":"2012-12-17 18:47:43"
},
{
"kids":[],
"uid":"575500184",
"parent":"zabYzdERB",
"text":"次奥",
"mid":"zac405TU7",
"date":"2012-12-17 18:47:20"
},
{
"kids":[],
"uid":"514020122",
"parent":"",
"text":"[吓到了][吓到了][吓到了]",
"mid":"zac36dHuk",
"date":"2012-12-17 18:45:07"
},
{
"kids":[],
"uid":"2115594812",
"parent":"zabOnrh3E",
"text":"@留一锅留一锅",
"mid":"zac0HBC6r",
"date":"2012-12-17 18:39:13"
},
{
"kids":[
"zai8f5XAT",
"zac405TU7"
],
"uid":"FBCdance",
"parent":"",
"text":"侧莱芜",
"mid":"zabYzdERB",
"date":"2012-12-17 18:33:59"
},
{
"kids":[],
"uid":"2820024583",
"parent":"",
"text":"",
"mid":"zabXfDKzW",
"date":"2012-12-17 18:30:42"
},
{
"kids":[
"zac0HBC6r"
],
"uid":"2459224052",
"parent":"",
"text":"哈哈，给你们看看，去酒吧的下场！！[偷笑][偷笑]",
"mid":"zabOnrh3E",
"date":"2012-12-17 18:08:52"
},
{
"kids":[],
"uid":"2238601961",
"parent":"",
"text":"@何进Hejin-_-",
"mid":"zabMOfO5N",
"date":"2012-12-17 18:05:00"
},
{
"kids":[],
"uid":"yangqqq",
"parent":"",
"text":"@一个年轻气盛的少年 @___Yxt ！！？",
"mid":"zaaEonsdR",
"date":"2012-12-17 15:11:28"
},
{
"kids":[],
"uid":"2045147623",
"parent":"zaaCKpyca",
"text":"@宇欣_xinnie @吴津津_ 少去点",
"mid":"zaaDojlXa",
"date":"2012-12-17 15:09:03"
},
{
"kids":[
"zajkEldc7",
"zaaDojlXa"
],
"uid":"2013796143",
"parent":"",
"text":"尿了一地。摸摸裤裆发现自己的小兄弟还在。于是松了一口气",
"mid":"zaaCKpyca",
"date":"2012-12-17 15:07:28"
},
{
"kids":[],
"uid":"foziz",
"parent":"za8jjyHmK",
"text":"[吓到了]",
"mid":"za9YaBRvi",
"date":"2012-12-17 13:27:29"
},
{
"kids":[],
"uid":"trixmax",
"parent":"",
"text":"",
"mid":"za9Qw1faZ",
"date":"2012-12-17 13:08:39"
},
{
"kids":[],
"uid":"houzi23",
"parent":"",
"text":"重口了",
"mid":"za9ItcKP2",
"date":"2012-12-17 12:48:49"
},
{
"kids":[],
"uid":"1766085735",
"parent":"",
"text":"死了吧这个人",
"mid":"za9GU2heC",
"date":"2012-12-17 12:44:55"
},
{
"kids":[],
"uid":"2681768220",
"parent":"",
"text":"",
"mid":"za9FLFOwR",
"date":"2012-12-17 12:42:10"
},
{
"kids":[],
"uid":"3184572387",
"parent":"",
"text":"好残忍啊！",
"mid":"za9EBxQnV",
"date":"2012-12-17 12:39:18"
},
{
"kids":[],
"uid":"2788628923",
"parent":"",
"text":"这也太狠了吧！现在又没有皇帝，做人没意义了都！",
"mid":"za9xtuBbl",
"date":"2012-12-17 12:21:42"
},
{
"kids":[],
"uid":"1843954142",
"parent":"",
"text":"@Zeal__ @熊掌下的亡魂 @屌丝英雄钟的扬 午间重口味",
"mid":"za9q1F9bN",
"date":"2012-12-17 12:03:23"
},
{
"kids":[],
"uid":"1702257304",
"parent":"",
"text":"[吃惊]戒了夜店了[嘘]",
"mid":"za9oQE1rA",
"date":"2012-12-17 12:00:29"
},
{
"kids":[
"zc6pAttcO",
"zbXMNBAP8",
"zb9xGrGKj",
"zb0ZAl2q9",
"zaJLT3Cfi",
"zax7rol9o"
],
"uid":"1646650655",
"parent":"",
"text":"[吃惊]",
"mid":"za9odFavs",
"date":"2012-12-17 11:58:56"
},
{
"kids":[],
"uid":"2811047060",
"parent":"",
"text":"",
"mid":"za91ByDt9",
"date":"2012-12-17 11:03:12"
},
{
"kids":[],
"uid":"2752831667",
"parent":"",
"text":"[哈哈][哈哈]",
"mid":"za8Ylqhe0",
"date":"2012-12-17 10:55:11"
},
{
"kids":[],
"uid":"577117463",
"parent":"",
"text":"",
"mid":"za8YcCl16",
"date":"2012-12-17 10:54:50"
},
{
"kids":[],
"uid":"520lisixin",
"parent":"",
"text":"我敢么。。",
"mid":"za8XsuKrc",
"date":"2012-12-17 10:52:58"
},
{
"kids":[],
"uid":"2810540892",
"parent":"",
"text":"",
"mid":"za8Vtxhvt",
"date":"2012-12-17 10:48:06"
},
{
"kids":[],
"uid":"daiaigua0121",
"parent":"za5ogpfi9",
"text":"爱把妹的小心点",
"mid":"za8OVyCfx",
"date":"2012-12-17 10:31:59"
},
{
"kids":[],
"uid":"1582659192",
"parent":"",
"text":"",
"mid":"za8NZ2Edv",
"date":"2012-12-17 10:29:39"
},
{
"kids":[],
"uid":"2808690510",
"parent":"",
"text":"",
"mid":"za8NUBUhP",
"date":"2012-12-17 10:29:28"
},
{
"kids":[],
"uid":"2670212895",
"parent":"",
"text":"原来是真的",
"mid":"za8LVpgXK",
"date":"2012-12-17 10:24:35"
},
{
"kids":[],
"uid":"2808351664",
"parent":"",
"text":"",
"mid":"za8IE6ddW",
"date":"2012-12-17 10:16:30"
},
{
"kids":[],
"uid":"2608564813",
"parent":"",
"text":"[吃惊][吃惊][吃惊][吃惊]",
"mid":"za8DJcaCV",
"date":"2012-12-17 10:04:22"
},
{
"kids":[],
"uid":"1807344642",
"parent":"",
"text":"喜闻见乐。儿子你要小心啊",
"mid":"za8ygx5KS",
"date":"2012-12-17 09:50:56"
},
{
"kids":[],
"uid":"2789903552",
"parent":"",
"text":"",
"mid":"za8uLjv6I",
"date":"2012-12-17 09:42:17"
},
{
"kids":[],
"uid":"1597492223",
"parent":"",
"text":"太可怕了",
"mid":"za8jTBPV9",
"date":"2012-12-17 09:15:32"
},
{
"kids":[
"za9YaBRvi"
],
"uid":"208343498",
"parent":"",
"text":"@秋风起菊花开 你还要去么",
"mid":"za8jjyHmK",
"date":"2012-12-17 09:14:05"
},
{
"kids":[],
"uid":"2212561003",
"parent":"za7tN1RzJ",
"text":"真的？",
"mid":"za8emzKTl",
"date":"2012-12-17 09:01:54"
},
{
"kids":[],
"uid":"2206377260",
"parent":"za4MXkQbQ",
"text":"我滴哥",
"mid":"za82XoZLV",
"date":"2012-12-17 08:33:47"
},
{
"kids":[],
"uid":"2177030102",
"parent":"",
"text":"刺秦男'哇操",
"mid":"za82G3cAv",
"date":"2012-12-17 08:33:06"
},
{
"kids":[],
"uid":"1582631227",
"parent":"",
"text":"",
"mid":"za7MtBoOA",
"date":"2012-12-17 07:53:11"
},
{
"kids":[],
"uid":"1888077042",
"parent":"",
"text":"@小人物大身板",
"mid":"za7uKprvv",
"date":"2012-12-17 07:09:30"
},
{
"kids":[
"za8emzKTl"
],
"uid":"funningkevin",
"parent":"za59zqbUe",
"text":"这个太凶残",
"mid":"za7tN1RzJ",
"date":"2012-12-17 07:07:09"
},
{
"kids":[],
"uid":"2919496922",
"parent":"",
"text":"",
"mid":"za775g3D2",
"date":"2012-12-17 06:11:13"
},
{
"kids":[],
"uid":"zhengshuanghuan",
"parent":"",
"text":"[生病][生病][生病][生病]",
"mid":"za73tCiDL",
"date":"2012-12-17 06:02:20"
},
{
"kids":[],
"uid":"2804812190",
"parent":"za48oDPZk",
"text":"",
"mid":"za6HT1yiu",
"date":"2012-12-17 05:09:08"
},
{
"kids":[],
"uid":"2790085180",
"parent":"",
"text":"",
"mid":"za6F9opne",
"date":"2012-12-17 05:02:24"
},
{
"kids":[],
"uid":"1874068404",
"parent":"",
"text":"艹,我哪有这样噢,你们别诬赖我[泪][泪][泪]",
"mid":"za6AN0wNC",
"date":"2012-12-17 04:51:39"
},
{
"kids":[
"za8OVyCfx"
],
"uid":"1879362220",
"parent":"",
"text":"草！！！！",
"mid":"za5ogpfi9",
"date":"2012-12-17 01:48:03"
},
{
"kids":[],
"uid":"misuzi",
"parent":"za59zqbUe",
"text":"@番茄味浆糊 夜店帝王多加小心啊",
"mid":"za5cojoo2",
"date":"2012-12-17 01:18:48"
},
{
"kids":[],
"uid":"2410558892",
"parent":"",
"text":"尼玛，我吓祥了",
"mid":"za5awwiOA",
"date":"2012-12-17 01:14:12"
},
{
"kids":[
"za7tN1RzJ",
"za5cojoo2"
],
"uid":"2008964781",
"parent":"za40lAEC3",
"text":"我靠",
"mid":"za59zqbUe",
"date":"2012-12-17 01:11:50"
},
{
"kids":[
"za82XoZLV"
],
"uid":"2165295095",
"parent":"",
"text":"我们还是少去仓库@FCLUB--vivian_长颈鹿 @六月魔咒君",
"mid":"za4MXkQbQ",
"date":"2012-12-17 00:16:08"
},
{
"kids":[],
"uid":"1866091034",
"parent":"",
"text":"这真的是屌爆了……",
"mid":"za4MgsnOA",
"date":"2012-12-17 00:14:26"
},
{
"kids":[],
"uid":"2092974783",
"parent":"",
"text":"男士自觉啊哈哈",
"mid":"za4D03lXF",
"date":"2012-12-16 23:51:34"
},
{
"kids":[],
"uid":"lokaslinn",
"parent":"",
"text":"看的都疼",
"mid":"za4BmoJOe",
"date":"2012-12-16 23:47:35"
},
{
"kids":[],
"uid":"wyuri",
"parent":"",
"text":"太狠了。。",
"mid":"za4qZm22i",
"date":"2012-12-16 23:22:01"
},
{
"kids":[],
"uid":"1919507971",
"parent":"za4hhbcBB",
"text":"乱纹什么，那青龙白虎你能扛得起来吗，惨了吧，死无全尸了吧",
"mid":"za4nd5Rtb",
"date":"2012-12-16 23:12:42"
},
{
"kids":[],
"uid":"2272434600",
"parent":"za4fM6iVU",
"text":"百度讲、一样的、一个公司底下",
"mid":"za4hA6b7r",
"date":"2012-12-16 22:58:50"
},
{
"kids":[
"za4nd5Rtb"
],
"uid":"1919507971",
"parent":"za4gu6R0D",
"text":"什么事儿啊，喝完婚酒去酒吧玩，把自己玩成太监了吧，看到大腿动脉顺便连JJ都割下来了，送到医院就死了，酒保强悍，这也得亏就是死了，就算救过来了也得去自杀[偷笑][偷笑][偷笑][偷笑]",
"mid":"za4hhbcBB",
"date":"2012-12-16 22:58:02"
},
{
"kids":[
"za4hhbcBB"
],
"uid":"1919507971",
"parent":"za4aLgCB0",
"text":"什么事儿啊，喝完婚酒去酒吧玩，把自己玩成太监了吧，看到大腿动脉顺便连JJ都割下来了，送到医院就死了，酒保强悍",
"mid":"za4gu6R0D",
"date":"2012-12-16 22:56:08"
},
{
"kids":[
"za4hA6b7r"
],
"uid":"2313196921",
"parent":"za4eECOtq",
"text":"湖州也有莉莉玛莲的呀",
"mid":"za4fM6iVU",
"date":"2012-12-16 22:54:22"
},
{
"kids":[
"za4fM6iVU"
],
"uid":"2272434600",
"parent":"za3ZZph1G",
"text":"刚从湖州回来@DeViL_F_l骚年 @DeViL_F_D-Lin",
"mid":"za4eECOtq",
"date":"2012-12-16 22:51:38"
},
{
"kids":[],
"uid":"2289408860",
"parent":"",
"text":"这个重口！",
"mid":"za4dzxVtg",
"date":"2012-12-16 22:48:58"
},
{
"kids":[],
"uid":"1889107142",
"parent":"",
"text":"愣住。",
"mid":"za4dxfaon",
"date":"2012-12-16 22:48:52"
},
{
"kids":[
"za4gu6R0D"
],
"uid":"ddglk",
"parent":"",
"text":"可以到习主席身边当内务府总管了～",
"mid":"za4aLgCB0",
"date":"2012-12-16 22:42:03"
},
{
"kids":[],
"uid":"pa791083530",
"parent":"za460lD9w",
"text":"回复@FutureTech:好吧……又是假的…",
"mid":"za4aJcwgO",
"date":"2012-12-16 22:41:57"
},
{
"kids":[],
"uid":"casanovalala",
"parent":"",
"text":"好疼！！！",
"mid":"za4awaulk",
"date":"2012-12-16 22:41:26"
},
{
"kids":[],
"uid":"2385863772",
"parent":"",
"text":"额",
"mid":"za49pD4QI",
"date":"2012-12-16 22:38:43"
},
{
"kids":[
"zb0gx3LnZ",
"zaRlLzFig",
"za6HT1yiu"
],
"uid":"2825987705",
"parent":"",
"text":"天呐天呐，",
"mid":"za48oDPZk",
"date":"2012-12-16 22:36:11"
},
{
"kids":[
"za4aJcwgO"
],
"uid":"pa791083530",
"parent":"za40lAEC3",
"text":"还活着吗…@Pa姐是我妹子 @黄黄的黄姐黄不黄 够不够瞎…",
"mid":"za460lD9w",
"date":"2012-12-16 22:30:18"
},
{
"kids":[
"za59zqbUe",
"za460lD9w"
],
"uid":"wuxuanyi",
"parent":"za3ZZph1G",
"text":"左边走好",
"mid":"za40lAEC3",
"date":"2012-12-16 22:16:23"
},
{
"kids":[
"za4eECOtq",
"za40lAEC3"
],
"uid":"1111185780",
"parent":"",
"text":"不敢手贱啊…",
"mid":"za3ZZph1G",
"date":"2012-12-16 22:15:30"
},
{
"kids":[],
"uid":"2596981891",
"parent":"",
"text":"",
"mid":"za3QD3xvO",
"date":"2012-12-16 21:52:23"
},
{
"kids":[],
"uid":"524572272",
"parent":"",
"text":"我操!!!",
"mid":"za3Pi3cxu",
"date":"2012-12-16 21:49:05"
},
{
"kids":[],
"uid":"2562279184",
"parent":"za0qEsrDY",
"text":"",
"mid":"za3ITeJHB",
"date":"2012-12-16 21:33:21"
},
{
"kids":[
"zadMoFBAg"
],
"uid":"1410164814",
"parent":"za3v7dQM3",
"text":"阿弥陀佛，打打杀杀，回头是岸",
"mid":"za3xfA8Tm",
"date":"2012-12-16 21:04:42"
},
{
"kids":[
"za3xfA8Tm"
],
"uid":"2811706570",
"parent":"",
"text":"可惜了，还准备去见识下莉莉马莲呢，那个猴哥，元旦不去湖州咯",
"mid":"za3v7dQM3",
"date":"2012-12-16 20:59:26"
},
{
"kids":[],
"uid":"2920545472",
"parent":"",
"text":"",
"mid":"za2LtgHIs",
"date":"2012-12-16 19:06:56"
},
{
"kids":[
"za3ITeJHB"
],
"uid":"2468940854",
"parent":"",
"text":"",
"mid":"za0qEsrDY",
"date":"2012-12-16 13:10:10"
},
{
"kids":[],
"uid":"pz0513",
"parent":"z9WeetW6z",
"text":"卧槽！！。。。",
"mid":"z9YYWswbY",
"date":"2012-12-16 09:29:10"
},
{
"kids":[],
"uid":"2807882602",
"parent":"",
"text":"",
"mid":"z9YurxBlO",
"date":"2012-12-16 08:14:03"
},
{
"kids":[
"z9YYWswbY"
],
"uid":"kerlonfeng",
"parent":"z9Uulq2bW",
"text":"我艹",
"mid":"z9WeetW6z",
"date":"2012-12-16 02:28:37"
},
{
"kids":[],
"uid":"myrecalling",
"parent":"z9Vt0teU5",
"text":"@Z丶zheng @张振华zzhzzh 小心點列！！[衰]",
"mid":"z9Vzgrej7",
"date":"2012-12-16 00:47:39"
},
{
"kids":[],
"uid":"2789943670",
"parent":"",
"text":"",
"mid":"z9VteBr8k",
"date":"2012-12-16 00:32:47"
},
{
"kids":[
"z9Vzgrej7"
],
"uid":"1887728773",
"parent":"",
"text":"@丶浩伯伯 寶貝小心你的jj~玩男人就好了，不要玩女人~",
"mid":"z9Vt0teU5",
"date":"2012-12-16 00:32:15"
},
{
"kids":[],
"uid":"deepzz",
"parent":"",
"text":"太狠了，搁过去就是公务员了",
"mid":"z9UKekwPx",
"date":"2012-12-15 22:41:56"
},
{
"kids":[],
"uid":"1731196202",
"parent":"z9UwC8HFC",
"text":"[吃惊]太吓人了！！",
"mid":"z9Uz0oQ7e",
"date":"2012-12-15 22:14:18"
},
{
"kids":[
"z9Uz0oQ7e"
],
"uid":"yswd0814",
"parent":"",
"text":"好新鲜",
"mid":"z9UwC8HFC",
"date":"2012-12-15 22:08:24"
},
{
"kids":[
"z9WeetW6z"
],
"uid":"prussia702",
"parent":"",
"text":"夜蒲有风险..鬼混需谨慎[蜡烛]",
"mid":"z9Uulq2bW",
"date":"2012-12-15 22:02:47"
},
{
"kids":[],
"uid":"2582267027",
"parent":"",
"text":"轉發微博",
"mid":"z9UnFbL7b",
"date":"2012-12-15 21:46:20"
},
{
"kids":[],
"uid":"summerthekurtlee",
"parent":"",
"text":"好可怕....",
"mid":"z9U0C9idY",
"date":"2012-12-15 20:49:31"
},
{
"kids":[],
"uid":"2920439352",
"parent":"",
"text":"",
"mid":"z9TkOno46",
"date":"2012-12-15 19:06:33"
},
{
"kids":[],
"uid":"2676803630",
"parent":"",
"text":"。。",
"mid":"z9T8OmwDa",
"date":"2012-12-15 18:37:00"
},
{
"kids":[],
"uid":"yemin84",
"parent":"",
"text":"额",
"mid":"z9QYg3Qtz",
"date":"2012-12-15 13:05:31"
},
{
"kids":[],
"uid":"2235012885",
"parent":"",
"text":"[吃惊][吃惊][吃惊]",
"mid":"z9QTdpE9J",
"date":"2012-12-15 12:53:06"
},
{
"kids":[],
"uid":"2569095293",
"parent":"",
"text":"@人可青争鱼正在暗恋Medicine @孙孙孙冰倩  所以你们想去的话要注意了~~",
"mid":"z9QbjjuwO",
"date":"2012-12-15 11:04:56"
},
{
"kids":[
"zarbUwzyA",
"zaeXukmxq"
],
"uid":"sodagreeniven",
"parent":"",
"text":"你在湖州自己小心点，别去酒吧",
"mid":"z9Q9m9VE2",
"date":"2012-12-15 11:00:07"
}
]