[
{
"kids":[],
"uid":"2789889732",
"parent":"zz523saEo",
"text":"",
"mid":"zzobu9eeQ",
"date":"2013-06-01 11:36:20"
},
{
"kids":[
"zzobu9eeQ"
],
"uid":"1919641925",
"parent":"zq71FFMvo",
"text":"",
"mid":"zz523saEo",
"date":"2013-05-30 10:50:56"
},
{
"kids":[],
"uid":"1764044875",
"parent":"zq71FFMvo",
"text":"[哈哈][哈哈][哈哈][哈哈][哈哈][哈哈][哈哈][哈哈]",
"mid":"zvWAkl9w4",
"date":"2013-05-09 19:49:43"
},
{
"kids":[],
"uid":"linlh1029",
"parent":"zq71FFMvo",
"text":"",
"mid":"zvSXN9DE5",
"date":"2013-05-09 10:36:32"
},
{
"kids":[],
"uid":"3044643600",
"parent":"zrcM32adt",
"text":"",
"mid":"zuWdiBK1c",
"date":"2013-05-03 05:02:42"
},
{
"kids":[],
"uid":"1584054471",
"parent":"zrcM32adt",
"text":"",
"mid":"zuMTtqHfB",
"date":"2013-05-02 05:19:08"
},
{
"kids":[],
"uid":"2920315480",
"parent":"zrcM32adt",
"text":"",
"mid":"zuMTtqHdr",
"date":"2013-05-02 05:19:07"
},
{
"kids":[],
"uid":"3043774494",
"parent":"zq7CcBTFp",
"text":"",
"mid":"ztRLI9UUj",
"date":"2013-04-26 03:53:25"
},
{
"kids":[],
"uid":"2919325322",
"parent":"zq7CcBTFp",
"text":"",
"mid":"ztORBthqx",
"date":"2013-04-25 20:29:40"
},
{
"kids":[],
"uid":"3043989972",
"parent":"zq7CcBTFp",
"text":"",
"mid":"ztORBddId",
"date":"2013-04-25 20:29:42"
},
{
"kids":[],
"uid":"2274269585",
"parent":"",
"text":"这个要转起",
"mid":"ztutSzRlQ",
"date":"2013-04-23 16:36:18"
},
{
"kids":[],
"uid":"3044714482",
"parent":"zrEdhxHsg",
"text":"",
"mid":"ztfXKbt9p",
"date":"2013-04-22 03:38:42"
},
{
"kids":[],
"uid":"3044204480",
"parent":"zqoYk7cMp",
"text":"",
"mid":"ztfx4l1WB",
"date":"2013-04-22 02:32:59"
},
{
"kids":[],
"uid":"1439130533",
"parent":"zqoYk7cMp",
"text":"",
"mid":"ztfx4j8Jq",
"date":"2013-04-22 02:32:59"
},
{
"kids":[],
"uid":"1588461375",
"parent":"",
"text":"",
"mid":"zta7Vk4DU",
"date":"2013-04-21 12:47:18"
},
{
"kids":[],
"uid":"2803874184",
"parent":"",
"text":"",
"mid":"zta7Vjn2O",
"date":"2013-04-21 12:47:17"
},
{
"kids":[],
"uid":"2919771730",
"parent":"zrEdhxHsg",
"text":"",
"mid":"zt80ln1cZ",
"date":"2013-04-21 07:23:07"
},
{
"kids":[],
"uid":"1778348864",
"parent":"zrEdhxHsg",
"text":"",
"mid":"zt80ln1bw",
"date":"2013-04-21 07:23:07"
},
{
"kids":[],
"uid":"2919930154",
"parent":"",
"text":"",
"mid":"zt5NkhOqb",
"date":"2013-04-21 01:45:33"
},
{
"kids":[],
"uid":"2919302200",
"parent":"zrcM32adt",
"text":"",
"mid":"zsYGqAc3E",
"date":"2013-04-20 07:39:21"
},
{
"kids":[],
"uid":"2802841782",
"parent":"",
"text":"",
"mid":"zsWpGqqnp",
"date":"2013-04-20 01:52:36"
},
{
"kids":[],
"uid":"2804303264",
"parent":"",
"text":"",
"mid":"zsWpGq9EU",
"date":"2013-04-20 01:52:36"
},
{
"kids":[],
"uid":"l1ndada",
"parent":"zq71FFMvo",
"text":"笑了",
"mid":"zsW9cmjVw",
"date":"2013-04-20 01:11:59"
},
{
"kids":[],
"uid":"2810223592",
"parent":"zrcM32adt",
"text":"",
"mid":"zsO79piI7",
"date":"2013-04-19 04:44:57"
},
{
"kids":[],
"uid":"3044211354",
"parent":"zrcM32adt",
"text":"",
"mid":"zsO79ok6H",
"date":"2013-04-19 04:44:58"
},
{
"kids":[],
"uid":"3043715510",
"parent":"zssnO6kap",
"text":"",
"mid":"zsvGSwpFs",
"date":"2013-04-17 05:50:47"
},
{
"kids":[],
"uid":"2919483034",
"parent":"zqoYk7cMp",
"text":"",
"mid":"zstzp6w4s",
"date":"2013-04-17 00:26:53"
},
{
"kids":[
"zsvGSwpFs"
],
"uid":"1895863450",
"parent":"zq71FFMvo",
"text":"",
"mid":"zssnO6kap",
"date":"2013-04-16 21:25:34"
},
{
"kids":[],
"uid":"1737052253",
"parent":"zq71FFMvo",
"text":"",
"mid":"zsouoxhol",
"date":"2013-04-16 11:30:32"
},
{
"kids":[],
"uid":"2804314332",
"parent":"zqoYk7cMp",
"text":"",
"mid":"zsnBF7VZc",
"date":"2013-04-16 09:15:58"
},
{
"kids":[],
"uid":"2804639610",
"parent":"zqoYk7cMp",
"text":"",
"mid":"zsnBF70aD",
"date":"2013-04-16 09:15:57"
},
{
"kids":[],
"uid":"2920036772",
"parent":"",
"text":"",
"mid":"zsmcPxgAU",
"date":"2013-04-16 05:42:02"
},
{
"kids":[],
"uid":"1588607364",
"parent":"zrEdhxHsg",
"text":"",
"mid":"zskah3uXj",
"date":"2013-04-16 00:30:15"
},
{
"kids":[],
"uid":"2810516412",
"parent":"zrEdhxHsg",
"text":"",
"mid":"zsjIFwzFC",
"date":"2013-04-15 23:22:15"
},
{
"kids":[],
"uid":"2919635844",
"parent":"zrEdhxHsg",
"text":"",
"mid":"zsjIFfZQ1",
"date":"2013-04-15 23:22:14"
},
{
"kids":[],
"uid":"2808321594",
"parent":"",
"text":"",
"mid":"zsdFqzSqF",
"date":"2013-04-15 07:57:46"
},
{
"kids":[],
"uid":"2790094180",
"parent":"",
"text":"",
"mid":"zsb3bqw5i",
"date":"2013-04-15 01:18:04"
},
{
"kids":[],
"uid":"2920212832",
"parent":"",
"text":"",
"mid":"zsb3bqw2C",
"date":"2013-04-15 01:18:04"
},
{
"kids":[],
"uid":"3043883494",
"parent":"",
"text":"",
"mid":"zs6dR3iGy",
"date":"2013-04-14 13:00:37"
},
{
"kids":[],
"uid":"2790077322",
"parent":"",
"text":"",
"mid":"zs6dQsvTQ",
"date":"2013-04-14 13:00:36"
},
{
"kids":[],
"uid":"1583413264",
"parent":"zrcM32adt",
"text":"",
"mid":"zs3kSqdTo",
"date":"2013-04-14 05:39:40"
},
{
"kids":[],
"uid":"1778188694",
"parent":"zrZIF1WIw",
"text":"",
"mid":"zs2wDlITE",
"date":"2013-04-14 03:35:54"
},
{
"kids":[],
"uid":"lllllirong",
"parent":"zq71FFMvo",
"text":"",
"mid":"zs1oM3xGE",
"date":"2013-04-14 00:43:48"
},
{
"kids":[],
"uid":"2169634432",
"parent":"zq71FFMvo",
"text":"",
"mid":"zs0okvHnt",
"date":"2013-04-13 22:09:56"
},
{
"kids":[],
"uid":"2862616750",
"parent":"zq7FDpCg3",
"text":"是未真噶",
"mid":"zs0k8ukjI",
"date":"2013-04-13 21:59:37"
},
{
"kids":[
"zs2wDlITE"
],
"uid":"2022181587",
"parent":"zq71FFMvo",
"text":"",
"mid":"zrZIF1WIw",
"date":"2013-04-13 20:27:15"
},
{
"kids":[],
"uid":"1583744197",
"parent":"zrcM32adt",
"text":"",
"mid":"zrX2PnwAU",
"date":"2013-04-13 13:38:43"
},
{
"kids":[],
"uid":"1582989354",
"parent":"zrcM32adt",
"text":"",
"mid":"zrX2P4BWO",
"date":"2013-04-13 13:38:42"
},
{
"kids":[
"ztfXKbt9p",
"zt80ln1cZ",
"zt80ln1bw",
"zskah3uXj",
"zsjIFwzFC",
"zsjIFfZQ1"
],
"uid":"1774639744",
"parent":"zq71FFMvo",
"text":"真的假的？！[神马]",
"mid":"zrEdhxHsg",
"date":"2013-04-11 13:42:17"
},
{
"kids":[],
"uid":"2809687364",
"parent":"",
"text":"",
"mid":"zrrmo43D0",
"date":"2013-04-10 04:59:01"
},
{
"kids":[],
"uid":"1581754545",
"parent":"zqoYk7cMp",
"text":"",
"mid":"zrpMhE3gc",
"date":"2013-04-10 00:57:19"
},
{
"kids":[],
"uid":"842084263",
"parent":"zq71FFMvo",
"text":"[思考][思考]",
"mid":"zrnE4FnfX",
"date":"2013-04-09 19:31:37"
},
{
"kids":[],
"uid":"2790015570",
"parent":"",
"text":"",
"mid":"zrlm3ktb9",
"date":"2013-04-09 13:41:42"
},
{
"kids":[],
"uid":"2804787854",
"parent":"",
"text":"",
"mid":"zrlm3k7Jg",
"date":"2013-04-09 13:41:41"
},
{
"kids":[],
"uid":"3017607523",
"parent":"zrhhAvdVy",
"text":"@___Mrs丶D",
"mid":"zrhuztO8b",
"date":"2013-04-09 03:51:43"
},
{
"kids":[
"zrhuztO8b"
],
"uid":"2803640282",
"parent":"zqoYk7cMp",
"text":"",
"mid":"zrhhAvdVy",
"date":"2013-04-09 03:19:44"
},
{
"kids":[],
"uid":"2919920312",
"parent":"zqoYk7cMp",
"text":"",
"mid":"zrhhAvdTN",
"date":"2013-04-09 03:19:43"
},
{
"kids":[
"zuWdiBK1c",
"zuMTtqHfB",
"zuMTtqHdr",
"zsYGqAc3E",
"zsO79piI7",
"zsO79ok6H",
"zs3kSqdTo",
"zrX2PnwAU",
"zrX2P4BWO"
],
"uid":"2634121003",
"parent":"zq71FFMvo",
"text":"",
"mid":"zrcM32adt",
"date":"2013-04-08 15:51:02"
},
{
"kids":[],
"uid":"1802298714",
"parent":"zq71FFMvo",
"text":"[哈哈][哈哈]神回复",
"mid":"zra8TbNzI",
"date":"2013-04-08 09:09:03"
},
{
"kids":[],
"uid":"1912375021",
"parent":"zq71FFMvo",
"text":"",
"mid":"zr9o4yGhl",
"date":"2013-04-08 07:13:43"
},
{
"kids":[],
"uid":"2790048622",
"parent":"zqiGgapCo",
"text":"",
"mid":"zr8wdbuDg",
"date":"2013-04-08 05:01:02"
},
{
"kids":[],
"uid":"3268516282",
"parent":"zq71FFMvo",
"text":"",
"mid":"zr4ldxXiG",
"date":"2013-04-07 18:22:59"
},
{
"kids":[],
"uid":"2425133720",
"parent":"zqXyP6bUw",
"text":"",
"mid":"zr1f5EOtL",
"date":"2013-04-07 10:29:37"
},
{
"kids":[],
"uid":"1722361550",
"parent":"zqiGgapCo",
"text":"",
"mid":"zr0yd7MWI",
"date":"2013-04-07 08:43:59"
},
{
"kids":[],
"uid":"2920146012",
"parent":"zqiGgapCo",
"text":"",
"mid":"zr0ycw9eK",
"date":"2013-04-07 08:43:58"
},
{
"kids":[],
"uid":"3043568102",
"parent":"",
"text":"",
"mid":"zqYCFA9J4",
"date":"2013-04-07 03:49:28"
},
{
"kids":[
"zr1f5EOtL"
],
"uid":"3101206541",
"parent":"zq71FFMvo",
"text":"神回复！！[嘻嘻][嘻嘻][嘻嘻]",
"mid":"zqXyP6bUw",
"date":"2013-04-07 01:07:15"
},
{
"kids":[],
"uid":"1168692593",
"parent":"zq71FFMvo",
"text":"",
"mid":"zqXhVjL8v",
"date":"2013-04-07 00:25:37"
},
{
"kids":[],
"uid":"1690190065",
"parent":"zq71FFMvo",
"text":"神丫![赞][赞]",
"mid":"zqWvOyalZ",
"date":"2013-04-06 22:27:06"
},
{
"kids":[],
"uid":"2698485655",
"parent":"zq71FFMvo",
"text":"",
"mid":"zqWj9tHHO",
"date":"2013-04-06 21:55:55"
},
{
"kids":[],
"uid":"2698485655",
"parent":"",
"text":"",
"mid":"zqWiXEjZJ",
"date":"2013-04-06 21:55:26"
},
{
"kids":[],
"uid":"2709642021",
"parent":"zq71FFMvo",
"text":"",
"mid":"zqV9N4Beq",
"date":"2013-04-06 19:00:03"
},
{
"kids":[],
"uid":"vipccwei",
"parent":"zq71FFMvo",
"text":"",
"mid":"zqSIqukiV",
"date":"2013-04-06 12:47:11"
},
{
"kids":[],
"uid":"2920080644",
"parent":"",
"text":"",
"mid":"zqORavgiy",
"date":"2013-04-06 02:57:44"
},
{
"kids":[],
"uid":"2804306032",
"parent":"",
"text":"",
"mid":"zqORavgge",
"date":"2013-04-06 02:57:44"
},
{
"kids":[],
"uid":"1516412257",
"parent":"zq7CcBTFp",
"text":"",
"mid":"zqOPmeHsv",
"date":"2013-04-06 02:53:15"
},
{
"kids":[],
"uid":"2920136812",
"parent":"zq7CcBTFp",
"text":"",
"mid":"zqOPlD3KP",
"date":"2013-04-06 02:53:15"
},
{
"kids":[],
"uid":"2812048203",
"parent":"zq71FFMvo",
"text":"呵呵！",
"mid":"zqO0Tiphk",
"date":"2013-04-06 00:48:54"
},
{
"kids":[],
"uid":"2521256953",
"parent":"zq71FFMvo",
"text":"有谁试过？",
"mid":"zqNwLqZcJ",
"date":"2013-04-05 23:34:43"
},
{
"kids":[],
"uid":"80loveq",
"parent":"zq71FFMvo",
"text":"",
"mid":"zqNpJzMzw",
"date":"2013-04-05 23:17:25"
},
{
"kids":[],
"uid":"2176521274",
"parent":"",
"text":"",
"mid":"zqMAmxFnz",
"date":"2013-04-05 21:10:48"
},
{
"kids":[],
"uid":"1876631707",
"parent":"zq71FFMvo",
"text":"[哈哈][哈哈]",
"mid":"zqGdSkx2w",
"date":"2013-04-05 04:58:57"
},
{
"kids":[],
"uid":"2919467394",
"parent":"zq8CS4z2x",
"text":"",
"mid":"zqF4Thzd1",
"date":"2013-04-05 02:04:04"
},
{
"kids":[],
"uid":"2919507212",
"parent":"zqAX30uQ1",
"text":"",
"mid":"zqF1AbwvP",
"date":"2013-04-05 01:55:54"
},
{
"kids":[],
"uid":"2656785083",
"parent":"",
"text":"可能莫。",
"mid":"zqElpqzr5",
"date":"2013-04-05 00:12:01"
},
{
"kids":[],
"uid":"2010257447",
"parent":"zq71FFMvo",
"text":"",
"mid":"zqEjiv2Ca",
"date":"2013-04-05 00:06:45"
},
{
"kids":[],
"uid":"cmh1996",
"parent":"zq71FFMvo",
"text":"",
"mid":"zqDk8bDJi",
"date":"2013-04-04 21:36:05"
},
{
"kids":[
"zqF1AbwvP"
],
"uid":"533041237",
"parent":"",
"text":"",
"mid":"zqAX30uQ1",
"date":"2013-04-04 15:33:45"
},
{
"kids":[],
"uid":"1723881933",
"parent":"zqbiZplmC",
"text":"",
"mid":"zqA1t7hxO",
"date":"2013-04-04 13:11:54"
},
{
"kids":[],
"uid":"2919718064",
"parent":"zqbiZplmC",
"text":"",
"mid":"zqA1t7hvs",
"date":"2013-04-04 13:11:54"
},
{
"kids":[],
"uid":"1165001955",
"parent":"zq7eXvrBF",
"text":"",
"mid":"zqxBffQxr",
"date":"2013-04-04 07:01:47"
},
{
"kids":[],
"uid":"1520800892",
"parent":"",
"text":"",
"mid":"zqvUVcask",
"date":"2013-04-04 02:44:46"
},
{
"kids":[],
"uid":"2803271044",
"parent":"zq6Q8kV31",
"text":"",
"mid":"zqvST0uTl",
"date":"2013-04-04 02:39:46"
},
{
"kids":[],
"uid":"2920275884",
"parent":"zq7rVwrSS",
"text":"",
"mid":"zqvSLCOaX",
"date":"2013-04-04 02:39:28"
},
{
"kids":[],
"uid":"2805482774",
"parent":"zq8CS4z2x",
"text":"",
"mid":"zqvyAcGBC",
"date":"2013-04-04 01:49:44"
},
{
"kids":[],
"uid":"2804825310",
"parent":"zq8CS4z2x",
"text":"",
"mid":"zqvyzC2uH",
"date":"2013-04-04 01:49:44"
},
{
"kids":[],
"uid":"1356564787",
"parent":"",
"text":"",
"mid":"zqvbd7ADo",
"date":"2013-04-04 00:52:10"
},
{
"kids":[],
"uid":"1776527624",
"parent":"zqoYk7cMp",
"text":"",
"mid":"zqv7Mm5R4",
"date":"2013-04-04 00:43:43"
},
{
"kids":[],
"uid":"1727956514",
"parent":"zq71FFMvo",
"text":"",
"mid":"zqt88rqge",
"date":"2013-04-03 19:39:04"
},
{
"kids":[],
"uid":"2804315212",
"parent":"zq7rVwrSS",
"text":"",
"mid":"zqskMA7S7",
"date":"2013-04-03 17:37:30"
},
{
"kids":[],
"uid":"1778289224",
"parent":"zq7rVwrSS",
"text":"",
"mid":"zqskMiwHv",
"date":"2013-04-03 17:37:30"
},
{
"kids":[],
"uid":"1582551711",
"parent":"zq6Q8kV31",
"text":"",
"mid":"zqshlxHA6",
"date":"2013-04-03 17:29:04"
},
{
"kids":[],
"uid":"2920017034",
"parent":"zq6Q8kV31",
"text":"",
"mid":"zqshlxHyv",
"date":"2013-04-03 17:29:03"
},
{
"kids":[],
"uid":"1583995713",
"parent":"zq7CcBTFp",
"text":"",
"mid":"zqrIJnB5D",
"date":"2013-04-03 16:03:44"
},
{
"kids":[],
"uid":"2789769432",
"parent":"zq75pDyFQ",
"text":"",
"mid":"zqrzNkknh",
"date":"2013-04-03 15:41:44"
},
{
"kids":[],
"uid":"2920473180",
"parent":"zqoYk7cMp",
"text":"",
"mid":"zqrpKre3T",
"date":"2013-04-03 15:16:58"
},
{
"kids":[],
"uid":"1776587302",
"parent":"zq7sc5Aq8",
"text":"",
"mid":"zqr3v5Zn9",
"date":"2013-04-03 14:22:11"
},
{
"kids":[],
"uid":"1776462720",
"parent":"zq7sc5Aq8",
"text":"",
"mid":"zqr3v4Xag",
"date":"2013-04-03 14:22:09"
},
{
"kids":[],
"uid":"2920135352",
"parent":"",
"text":"",
"mid":"zqqLfkQRv",
"date":"2013-04-03 13:37:12"
},
{
"kids":[],
"uid":"1788657430",
"parent":"zq71FFMvo",
"text":"@_OrangeMoon_ @karenbobowu @Glory_Chan @ChristieCC811 @不一样的粉丝 @OU-小区",
"mid":"zqpr4dKcj",
"date":"2013-04-03 10:14:44"
},
{
"kids":[],
"uid":"1810604872",
"parent":"zq71FFMvo",
"text":"[哈哈]",
"mid":"zqp5md99c",
"date":"2013-04-03 09:21:16"
},
{
"kids":[
"ztfx4l1WB",
"ztfx4j8Jq",
"zstzp6w4s",
"zsnBF7VZc",
"zsnBF70aD",
"zrpMhE3gc",
"zrhhAvdVy",
"zrhhAvdTN",
"zqv7Mm5R4",
"zqrpKre3T"
],
"uid":"1237784393",
"parent":"",
"text":"真的假的，那位f去试一下[嘻嘻]",
"mid":"zqoYk7cMp",
"date":"2013-04-03 09:03:56"
},
{
"kids":[],
"uid":"2543226232",
"parent":"",
"text":"",
"mid":"zql796r1R",
"date":"2013-04-02 23:14:40"
},
{
"kids":[],
"uid":"1775041313",
"parent":"zq71FFMvo",
"text":"[哈哈]",
"mid":"zql4tAH7H",
"date":"2013-04-02 23:08:07"
},
{
"kids":[],
"uid":"526012036",
"parent":"",
"text":"轉發微博",
"mid":"zqk6l9LQo",
"date":"2013-04-02 20:39:57"
},
{
"kids":[],
"uid":"2045169093",
"parent":"",
"text":"如果密码是123321，那不是自己怎么按都报警了→_→",
"mid":"zqjkIi8kt",
"date":"2013-04-02 18:42:35"
},
{
"kids":[],
"uid":"calvinchantorino",
"parent":"",
"text":"",
"mid":"zqjeKj9vt",
"date":"2013-04-02 18:27:55"
},
{
"kids":[],
"uid":"sammulho",
"parent":"",
"text":"甘都俾你霖到.[嘻嘻][嘻嘻]果然是神回复！",
"mid":"zqiRHkIx4",
"date":"2013-04-02 17:31:06"
},
{
"kids":[
"zr8wdbuDg",
"zr0yd7MWI",
"zr0ycw9eK"
],
"uid":"1893778567",
"parent":"zq71FFMvo",
"text":"",
"mid":"zqiGgapCo",
"date":"2013-04-02 17:02:58"
},
{
"kids":[],
"uid":"2790043214",
"parent":"zq75pDyFQ",
"text":"",
"mid":"zqigywoz3",
"date":"2013-04-02 15:59:38"
},
{
"kids":[],
"uid":"1583962311",
"parent":"zq75pDyFQ",
"text":"",
"mid":"zqigyvlmH",
"date":"2013-04-02 15:59:38"
},
{
"kids":[],
"uid":"1733425541",
"parent":"zq71FFMvo",
"text":"试过很有效",
"mid":"zqhWPe1Na",
"date":"2013-04-02 15:11:01"
},
{
"kids":[],
"uid":"1730068103",
"parent":"zqhhNi7dq",
"text":"[哈哈]",
"mid":"zqhwVw0md",
"date":"2013-04-02 14:07:12"
},
{
"kids":[
"zqhwVw0md"
],
"uid":"1813985182",
"parent":"zq71FFMvo",
"text":"",
"mid":"zqhhNi7dq",
"date":"2013-04-02 13:29:56"
},
{
"kids":[],
"uid":"1814079105",
"parent":"zq71FFMvo",
"text":"",
"mid":"zqgCzAsH2",
"date":"2013-04-02 11:48:22"
},
{
"kids":[],
"uid":"1963472455",
"parent":"zq71FFMvo",
"text":"",
"mid":"zqgeS6oSu",
"date":"2013-04-02 10:49:58"
},
{
"kids":[],
"uid":"777656010",
"parent":"zqcmD0aZh",
"text":"哈哈，看右邊。",
"mid":"zqfARuduq",
"date":"2013-04-02 09:11:25"
},
{
"kids":[],
"uid":"3299325471",
"parent":"zq6LpuIvb",
"text":"",
"mid":"zqeHjsNA1",
"date":"2013-04-02 06:54:34"
},
{
"kids":[],
"uid":"2804081220",
"parent":"zq9wXoTQE",
"text":"",
"mid":"zqcYOoLaX",
"date":"2013-04-02 02:32:11"
},
{
"kids":[],
"uid":"1440395674",
"parent":"zq9I5pSfB",
"text":"",
"mid":"zqcNXA4iS",
"date":"2013-04-02 02:05:27"
},
{
"kids":[
"zqfARuduq"
],
"uid":"1681653720",
"parent":"zq71FFMvo",
"text":"亮点总是在回复上！",
"mid":"zqcmD0aZh",
"date":"2013-04-02 00:58:06"
},
{
"kids":[],
"uid":"1871851621",
"parent":"zq71FFMvo",
"text":"",
"mid":"zqc7yBKzI",
"date":"2013-04-02 00:20:56"
},
{
"kids":[],
"uid":"2011141301",
"parent":"zq71FFMvo",
"text":"[笑哈哈]",
"mid":"zqc4d9KuF",
"date":"2013-04-02 00:12:45"
},
{
"kids":[],
"uid":"1785163187",
"parent":"zq71FFMvo",
"text":"",
"mid":"zqc24w4yj",
"date":"2013-04-02 00:07:29"
},
{
"kids":[],
"uid":"eq2003",
"parent":"zq71FFMvo",
"text":"神。",
"mid":"zqbMft2RQ",
"date":"2013-04-01 23:28:27"
},
{
"kids":[],
"uid":"dchloe",
"parent":"zq71FFMvo",
"text":"[偷笑]",
"mid":"zqbFyjISO",
"date":"2013-04-01 23:11:59"
},
{
"kids":[],
"uid":"2355352411",
"parent":"zq71FFMvo",
"text":"@卟要叫我懶曉萍 @林林林豆丁 [哈哈]",
"mid":"zqbF5EBtU",
"date":"2013-04-01 23:10:48"
},
{
"kids":[],
"uid":"akiraj",
"parent":"zq71FFMvo",
"text":"假的啦～",
"mid":"zqbEGwcxw",
"date":"2013-04-01 23:09:49"
},
{
"kids":[],
"uid":"2370624295",
"parent":"zq71FFMvo",
"text":"",
"mid":"zqbCr4zU0",
"date":"2013-04-01 23:04:18"
},
{
"kids":[],
"uid":"lialianhaha",
"parent":"zq71FFMvo",
"text":"这个我知道",
"mid":"zqbx2wwUi",
"date":"2013-04-01 22:51:01"
},
{
"kids":[],
"uid":"1342461685",
"parent":"zq71FFMvo",
"text":"我妈妈的密码是888888.嘻嘻！",
"mid":"zqbvtAU0B",
"date":"2013-04-01 22:47:08"
},
{
"kids":[],
"uid":"1871851621",
"parent":"zq71FFMvo",
"text":"",
"mid":"zqbrbpqWK",
"date":"2013-04-01 22:36:36"
},
{
"kids":[
"zqA1t7hxO",
"zqA1t7hvs"
],
"uid":"1757806713",
"parent":"zq71FFMvo",
"text":"扭的真好看[哈哈][哈哈][哈哈]",
"mid":"zqbiZplmC",
"date":"2013-04-01 22:16:22"
},
{
"kids":[],
"uid":"1685386382",
"parent":"zq71FFMvo",
"text":"",
"mid":"zqbhkBrfg",
"date":"2013-04-01 22:12:19"
},
{
"kids":[],
"uid":"2802522062",
"parent":"zq71FFMvo",
"text":"",
"mid":"zqbfQFqmT",
"date":"2013-04-01 22:08:37"
},
{
"kids":[],
"uid":"1685386382",
"parent":"",
"text":"会有咩出现[疑问]",
"mid":"zqbfJ2Oyh",
"date":"2013-04-01 22:08:20"
},
{
"kids":[],
"uid":"2097384141",
"parent":"zq71FFMvo",
"text":"[哈哈][哈哈][哈哈]神回复",
"mid":"zqbaTo6de",
"date":"2013-04-01 21:56:27"
},
{
"kids":[],
"uid":"howardxking",
"parent":"zqb6awOAS",
"text":"节日快乐啦[嘻嘻]",
"mid":"zqb7niSCA",
"date":"2013-04-01 21:47:47"
},
{
"kids":[
"zqb7niSCA"
],
"uid":"1436606732",
"parent":"zq7rAhPh0",
"text":"敢试吗",
"mid":"zqb6awOAS",
"date":"2013-04-01 21:44:49"
},
{
"kids":[],
"uid":"cunlao",
"parent":"zq71FFMvo",
"text":"[哈哈]",
"mid":"zqb4ondEN",
"date":"2013-04-01 21:40:26"
},
{
"kids":[],
"uid":"2275890820",
"parent":"zq71FFMvo",
"text":"膜拜",
"mid":"zqb17mYeR",
"date":"2013-04-01 21:32:19"
},
{
"kids":[],
"uid":"2364886590",
"parent":"",
"text":"→_→",
"mid":"zqaW97PKh",
"date":"2013-04-01 21:20:05"
},
{
"kids":[],
"uid":"3089848732",
"parent":"",
"text":"这个是真的还是假的啊 http:",
"mid":"zqaVbcwJH",
"date":"2013-04-01 21:17:44"
},
{
"kids":[],
"uid":"feijun24",
"parent":"zq71FFMvo",
"text":"正",
"mid":"zqaHYDz3S",
"date":"2013-04-01 20:45:11"
},
{
"kids":[],
"uid":"2101047950",
"parent":"zqaDHBpFh",
"text":"这个可行嘛，理论是完全ok的",
"mid":"zqaGnDDej",
"date":"2013-04-01 20:41:15"
},
{
"kids":[
"zqaGnDDej"
],
"uid":"2859612844",
"parent":"zq9Ue2gn8",
"text":"做個哈希校驗碼@Halaus之风",
"mid":"zqaDHBpFh",
"date":"2013-04-01 20:34:40"
},
{
"kids":[],
"uid":"2273505860",
"parent":"zq71FFMvo",
"text":"",
"mid":"zqazttGO4",
"date":"2013-04-01 20:24:16"
},
{
"kids":[],
"uid":"2347440827",
"parent":"zq7EBf9pY",
"text":"[哈哈][哈哈]",
"mid":"zqash1rAk",
"date":"2013-04-01 20:06:30"
},
{
"kids":[],
"uid":"2824159487",
"parent":"zq7myd8cQ",
"text":"",
"mid":"zqaqQ5d4b",
"date":"2013-04-01 20:02:56"
},
{
"kids":[],
"uid":"3087115325",
"parent":"zq71FFMvo",
"text":"",
"mid":"zqaqqBN1R",
"date":"2013-04-01 20:01:57"
},
{
"kids":[],
"uid":"1777610425",
"parent":"zq71FFMvo",
"text":"",
"mid":"zqapVlrdq",
"date":"2013-04-01 20:00:44"
},
{
"kids":[],
"uid":"1911676405",
"parent":"zq71FFMvo",
"text":"",
"mid":"zqan9CrOp",
"date":"2013-04-01 19:53:55"
},
{
"kids":[],
"uid":"1850813137",
"parent":"zq71FFMvo",
"text":"+1",
"mid":"zqampeRRW",
"date":"2013-04-01 19:52:02"
},
{
"kids":[],
"uid":"1601889373",
"parent":"zq7DKmT4A",
"text":"哇~~~这里的ATM机有没有这么先进。。。",
"mid":"zqabolnhk",
"date":"2013-04-01 19:24:54"
},
{
"kids":[],
"uid":"doubleteam",
"parent":"zq71FFMvo",
"text":"[哈哈][哈哈]",
"mid":"zq9ZJhTU8",
"date":"2013-04-01 18:56:13"
},
{
"kids":[],
"uid":"1898057844",
"parent":"zq71FFMvo",
"text":"",
"mid":"zq9YqABdH",
"date":"2013-04-01 18:53:00"
},
{
"kids":[
"zqaDHBpFh"
],
"uid":"102220858",
"parent":"zq7ED3iaT",
"text":"",
"mid":"zq9Ue2gn8",
"date":"2013-04-01 18:42:40"
},
{
"kids":[],
"uid":"1671860611",
"parent":"zq71FFMvo",
"text":"",
"mid":"zq9TRvA51",
"date":"2013-04-01 18:41:45"
},
{
"kids":[],
"uid":"2623492205",
"parent":"zq71FFMvo",
"text":"",
"mid":"zq9SijjXA",
"date":"2013-04-01 18:37:51"
},
{
"kids":[],
"uid":"1831188792",
"parent":"zq71FFMvo",
"text":"太",
"mid":"zq9NWxZg5",
"date":"2013-04-01 18:27:11"
},
{
"kids":[
"zqcNXA4iS"
],
"uid":"2612035865",
"parent":"",
"text":"哈哈[嘻嘻]",
"mid":"zq9I5pSfB",
"date":"2013-04-01 18:12:42"
},
{
"kids":[],
"uid":"723494099",
"parent":"zq71FFMvo",
"text":"[给力]",
"mid":"zq9HPqDiJ",
"date":"2013-04-01 18:12:04"
},
{
"kids":[],
"uid":"fanrisheng",
"parent":"zq71FFMvo",
"text":"",
"mid":"zq9H7F4z1",
"date":"2013-04-01 18:10:19"
},
{
"kids":[],
"uid":"2207050780",
"parent":"zq71FFMvo",
"text":"@hugo的一些事一些情:神回复！[哈哈][哈哈]",
"mid":"zq9EEE2bu",
"date":"2013-04-01 18:04:16"
},
{
"kids":[],
"uid":"2720569551",
"parent":"zq71FFMvo",
"text":"",
"mid":"zq9EeBeL9",
"date":"2013-04-01 18:03:13"
},
{
"kids":[
"zqcYOoLaX"
],
"uid":"1733441537",
"parent":"zq71FFMvo",
"text":"",
"mid":"zq9wXoTQE",
"date":"2013-04-01 17:45:19"
},
{
"kids":[],
"uid":"2659779081",
"parent":"zq8Vvb4hw",
"text":"回复吊爆了",
"mid":"zq9u5cEav",
"date":"2013-04-01 17:38:14"
},
{
"kids":[],
"uid":"1704795235",
"parent":"zq71FFMvo",
"text":"妈的，愚人节，可不愚人太甚啊",
"mid":"zq9sNt3rG",
"date":"2013-04-01 17:35:01"
},
{
"kids":[],
"uid":"1747386914",
"parent":"zq71FFMvo",
"text":"",
"mid":"zq9q9pIbq",
"date":"2013-04-01 17:28:32"
},
{
"kids":[],
"uid":"laigo",
"parent":"zq71FFMvo",
"text":"[衰][衰]",
"mid":"zq9j4lDk7",
"date":"2013-04-01 17:11:06"
},
{
"kids":[],
"uid":"2209158152",
"parent":"zq71FFMvo",
"text":"系咯有buc",
"mid":"zq96y83cu",
"date":"2013-04-01 16:40:13"
},
{
"kids":[],
"uid":"1700789122",
"parent":"zq71FFMvo",
"text":"愚人快乐..",
"mid":"zq95N6ZFY",
"date":"2013-04-01 16:38:21"
},
{
"kids":[],
"uid":"1731127762",
"parent":"zq71FFMvo",
"text":"共2人举报，胜诉",
"mid":"zq93ABrez",
"date":"2013-04-01 16:32:57"
},
{
"kids":[],
"uid":"1728893157",
"parent":"zq71FFMvo",
"text":"大家有无改密码的冲动[嘻嘻]",
"mid":"zq90q50CK",
"date":"2013-04-01 16:25:10"
},
{
"kids":[
"zq9u5cEav"
],
"uid":"547320274abc",
"parent":"zq71FFMvo",
"text":"@cat-TingTing  我能说些什么",
"mid":"zq8Vvb4hw",
"date":"2013-04-01 16:13:01"
},
{
"kids":[],
"uid":"1743824591",
"parent":"zq71FFMvo",
"text":"同右[哈哈]",
"mid":"zq8UDFnoE",
"date":"2013-04-01 16:10:55"
},
{
"kids":[],
"uid":"2612701771",
"parent":"zq6T2xiJ8",
"text":"嗯，这个好。我要不要群发短信提示大家呢？消息可靠不？[挖鼻屎]",
"mid":"zq8Tf7irL",
"date":"2013-04-01 16:07:28"
},
{
"kids":[],
"uid":"2596078517",
"parent":"",
"text":"这方法很好",
"mid":"zq8Rdtwot",
"date":"2013-04-01 16:02:28"
},
{
"kids":[],
"uid":"2388479270",
"parent":"",
"text":"真的么",
"mid":"zq8QRAQ4y",
"date":"2013-04-01 16:01:36"
},
{
"kids":[],
"uid":"2124882125",
"parent":"zq71FFMvo",
"text":"",
"mid":"zq8MNjjE8",
"date":"2013-04-01 15:51:35"
},
{
"kids":[],
"uid":"beyond604051",
"parent":"zq77Q4Fy1",
"text":"最佳回复！！！",
"mid":"zq8LqubVZ",
"date":"2013-04-01 15:48:12"
},
{
"kids":[],
"uid":"love171314",
"parent":"zq71FFMvo",
"text":"[偷笑][偷笑]",
"mid":"zq8Kymw8b",
"date":"2013-04-01 15:46:04"
},
{
"kids":[],
"uid":"2302149184",
"parent":"zq71FFMvo",
"text":"",
"mid":"zq8ICrbNu",
"date":"2013-04-01 15:41:18"
},
{
"kids":[],
"uid":"2123206331",
"parent":"zq71FFMvo",
"text":"真的吗？",
"mid":"zq8FWFOZK",
"date":"2013-04-01 15:34:43"
},
{
"kids":[
"zqF4Thzd1",
"zqvyAcGBC",
"zqvyzC2uH"
],
"uid":"yaoyuexiu",
"parent":"zq71FFMvo",
"text":"",
"mid":"zq8CS4z2x",
"date":"2013-04-01 15:27:08"
},
{
"kids":[],
"uid":"2312927110",
"parent":"zq71FFMvo",
"text":"→ →",
"mid":"zq8CI1JRO",
"date":"2013-04-01 15:26:43"
},
{
"kids":[],
"uid":"1482991502",
"parent":"zq71FFMvo",
"text":"哈哈!",
"mid":"zq8zYo83R",
"date":"2013-04-01 15:19:58"
},
{
"kids":[],
"uid":"2059030822",
"parent":"",
"text":"[抓狂][吃惊]",
"mid":"zq8w0zsRq",
"date":"2013-04-01 15:10:13"
},
{
"kids":[],
"uid":"littlejjmomo",
"parent":"zq71FFMvo",
"text":"真的吗",
"mid":"zq8t1x9IQ",
"date":"2013-04-01 15:02:51"
},
{
"kids":[],
"uid":"yan331025525",
"parent":"zq71FFMvo",
"text":"[偷笑]",
"mid":"zq8pLaQTu",
"date":"2013-04-01 14:54:50"
},
{
"kids":[],
"uid":"1729562797",
"parent":"zq71FFMvo",
"text":"有记者证实过，倒输也不会报警的、、",
"mid":"zq8j94lTp",
"date":"2013-04-01 14:38:31"
},
{
"kids":[],
"uid":"guojizhi",
"parent":"zq87b211w",
"text":"→_→",
"mid":"zq8i11Wuu",
"date":"2013-04-01 14:35:43"
},
{
"kids":[],
"uid":"1991441663",
"parent":"zq71FFMvo",
"text":"真的吗???",
"mid":"zq8fFig73",
"date":"2013-04-01 14:29:58"
},
{
"kids":[],
"uid":"2925169165",
"parent":"zq71FFMvo",
"text":"",
"mid":"zq8eNvK1P",
"date":"2013-04-01 14:27:50"
},
{
"kids":[],
"uid":"tonishiu",
"parent":"zq7iGhLWq",
"text":"神智商",
"mid":"zq8d0opp6",
"date":"2013-04-01 14:23:24"
},
{
"kids":[],
"uid":"junliangchen",
"parent":"zq71FFMvo",
"text":"",
"mid":"zq8crewfE",
"date":"2013-04-01 14:22:01"
},
{
"kids":[],
"uid":"1892904613",
"parent":"zq71FFMvo",
"text":"有人试过的请分享一下真假@莉Ting_Zzz",
"mid":"zq8chdnyz",
"date":"2013-04-01 14:21:37"
},
{
"kids":[],
"uid":"1690172421",
"parent":"zq71FFMvo",
"text":"节日快乐！[偷笑][偷笑]",
"mid":"zq8aK48by",
"date":"2013-04-01 14:17:49"
},
{
"kids":[],
"uid":"312316000",
"parent":"",
"text":"",
"mid":"zq8a4nmko",
"date":"2013-04-01 14:16:12"
},
{
"kids":[],
"uid":"marllord",
"parent":"zq87b211w",
"text":"低手呢?在海里!",
"mid":"zq89ny0kX",
"date":"2013-04-01 14:14:28"
},
{
"kids":[],
"uid":"vista0730",
"parent":"zq7lw6FC0",
"text":"@KarmaOre @丿誽 @FEI羊 @kissbobo1314 @Ray_LBM",
"mid":"zq87Cvlto",
"date":"2013-04-01 14:10:09"
},
{
"kids":[],
"uid":"2355880693",
"parent":"zq71FFMvo",
"text":"",
"mid":"zq87uwBzb",
"date":"2013-04-01 14:09:50"
},
{
"kids":[],
"uid":"1912023145",
"parent":"",
"text":"求证@toughvagabond",
"mid":"zq87o4jMX",
"date":"2013-04-01 14:09:33"
},
{
"kids":[
"zq8i11Wuu",
"zq89ny0kX"
],
"uid":"338446060",
"parent":"zq71FFMvo",
"text":"[哈哈][哈哈]高手在山里",
"mid":"zq87b211w",
"date":"2013-04-01 14:09:04"
},
{
"kids":[],
"uid":"1905824723",
"parent":"zq71FFMvo",
"text":"这个是真的吗？",
"mid":"zq878mhWF",
"date":"2013-04-01 14:08:56"
},
{
"kids":[],
"uid":"lovebearbrick",
"parent":"zq71FFMvo",
"text":"[哈哈]",
"mid":"zq86KbNxv",
"date":"2013-04-01 14:07:58"
},
{
"kids":[],
"uid":"1971925413",
"parent":"zq71FFMvo",
"text":"肯定是假的",
"mid":"zq86d3eVl",
"date":"2013-04-01 14:06:40"
},
{
"kids":[],
"uid":"exar",
"parent":"zq71FFMvo",
"text":"系米真噶？",
"mid":"zq85XmMov",
"date":"2013-04-01 14:06:02"
},
{
"kids":[],
"uid":"annymiracle",
"parent":"zq71FFMvo",
"text":"",
"mid":"zq85Dh7WQ",
"date":"2013-04-01 14:05:15"
},
{
"kids":[],
"uid":"2841856434",
"parent":"zq6RLo776",
"text":"我能说我的密码倒过来和正的都一样吗",
"mid":"zq85fmAmp",
"date":"2013-04-01 14:04:18"
},
{
"kids":[],
"uid":"1724928091",
"parent":"zq7myd8cQ",
"text":"确认是真的吗？",
"mid":"zq84ychca",
"date":"2013-04-01 14:02:34"
},
{
"kids":[],
"uid":"2279237662",
"parent":"zq71FFMvo",
"text":"[嘻嘻][嘻嘻]",
"mid":"zq83WEgj0",
"date":"2013-04-01 14:01:06"
},
{
"kids":[],
"uid":"scgkira",
"parent":"zq71FFMvo",
"text":"[右边亮了]",
"mid":"zq83J8JId",
"date":"2013-04-01 14:00:32"
},
{
"kids":[],
"uid":"2372283864",
"parent":"zq7VYE0oK",
"text":"",
"mid":"zq83jFtFv",
"date":"2013-04-01 13:59:33"
},
{
"kids":[],
"uid":"2335091637",
"parent":"zq71FFMvo",
"text":"愚人的方法",
"mid":"zq8338dvc",
"date":"2013-04-01 13:58:52"
},
{
"kids":[],
"uid":"3154064342",
"parent":"zq71FFMvo",
"text":"",
"mid":"zq81ioR7Q",
"date":"2013-04-01 13:54:33"
},
{
"kids":[],
"uid":"1655442642",
"parent":"zq7iHcPvP",
"text":"愚人节快乐！",
"mid":"zq80ND3Jp",
"date":"2013-04-01 13:53:21"
},
{
"kids":[],
"uid":"2648121994",
"parent":"zq71FFMvo",
"text":"真神人。",
"mid":"zq7YFiGjG",
"date":"2013-04-01 13:48:04"
},
{
"kids":[],
"uid":"1811873624",
"parent":"",
"text":"看配图就知道是假的吧...不过银行可以推行这种方式。",
"mid":"zq7Y9DyG0",
"date":"2013-04-01 13:46:48"
},
{
"kids":[],
"uid":"jkclouds",
"parent":"zq7WyoCZ5",
"text":"难以置信",
"mid":"zq7XfgPXl",
"date":"2013-04-01 13:44:35"
},
{
"kids":[],
"uid":"2243012494",
"parent":"",
"text":"真的假的[偷笑]一阵问柜员了解下",
"mid":"zq7WPfoZr",
"date":"2013-04-01 13:43:33"
},
{
"kids":[
"zq7XfgPXl"
],
"uid":"allrisewithyou",
"parent":"",
"text":"真的还是假的？！",
"mid":"zq7WyoCZ5",
"date":"2013-04-01 13:42:51"
},
{
"kids":[],
"uid":"2104510485",
"parent":"zq71FFMvo",
"text":"",
"mid":"zq7Wn8ttc",
"date":"2013-04-01 13:42:26"
},
{
"kids":[],
"uid":"2710389193",
"parent":"zq7ED3iaT",
"text":"。。。。。",
"mid":"zq7W1i07G",
"date":"2013-04-01 13:41:34"
},
{
"kids":[
"zq83jFtFv"
],
"uid":"2671229981",
"parent":"zq7S2w2be",
"text":"[good][good][good]",
"mid":"zq7VYE0oK",
"date":"2013-04-01 13:41:28"
},
{
"kids":[],
"uid":"2390600520",
"parent":"",
"text":"不大靠谱[酷]",
"mid":"zq7VRfROX",
"date":"2013-04-01 13:41:10"
},
{
"kids":[],
"uid":"jackielam",
"parent":"zq6YFdfvD",
"text":"能不能信的？",
"mid":"zq7Vbk2wX",
"date":"2013-04-01 13:39:29"
},
{
"kids":[],
"uid":"lucky002",
"parent":"zq71FFMvo",
"text":"[哈哈][哈哈]",
"mid":"zq7UBfNpj",
"date":"2013-04-01 13:38:04"
},
{
"kids":[],
"uid":"1763540181",
"parent":"zq71FFMvo",
"text":"符合4月1号..",
"mid":"zq7UvCJ2W",
"date":"2013-04-01 13:37:50"
},
{
"kids":[],
"uid":"born2004",
"parent":"zq71FFMvo",
"text":"[囧]",
"mid":"zq7TPld8C",
"date":"2013-04-01 13:36:10"
},
{
"kids":[],
"uid":"1917274800",
"parent":"",
"text":"还有这等事！！",
"mid":"zq7TE7xmB",
"date":"2013-04-01 13:35:43"
},
{
"kids":[],
"uid":"1730310660",
"parent":"zq71FFMvo",
"text":"愚人节你话有人信吗？",
"mid":"zq7TcoDHH",
"date":"2013-04-01 13:34:37"
},
{
"kids":[],
"uid":"1970241905",
"parent":"zq71FFMvo",
"text":"真的吗?那若是设定为\"123321\",那就怎么按都报警了??",
"mid":"zq7SJn5lo",
"date":"2013-04-01 13:33:27"
},
{
"kids":[],
"uid":"1881135785",
"parent":"zq71FFMvo",
"text":"啊哈",
"mid":"zq7SsgqaF",
"date":"2013-04-01 13:32:47"
},
{
"kids":[
"zq7VYE0oK"
],
"uid":"1251438867",
"parent":"zq71FFMvo",
"text":"最右[贊]",
"mid":"zq7S2w2be",
"date":"2013-04-01 13:31:43"
},
{
"kids":[],
"uid":"2636967293",
"parent":"",
"text":"",
"mid":"zq7RhxUom",
"date":"2013-04-01 13:29:55"
},
{
"kids":[],
"uid":"2522767492",
"parent":"zq71FFMvo",
"text":"",
"mid":"zq7QZ0yMD",
"date":"2013-04-01 13:29:09"
},
{
"kids":[],
"uid":"3158856160",
"parent":"",
"text":"",
"mid":"zq7QIrnef",
"date":"2013-04-01 13:28:30"
},
{
"kids":[],
"uid":"1842655997",
"parent":"zq79jkT99",
"text":"[哈哈]",
"mid":"zq7QbD21B",
"date":"2013-04-01 13:27:11"
},
{
"kids":[],
"uid":"2441641811",
"parent":"zq7vFuNri",
"text":"假的假的。。完全骗人的",
"mid":"zq7PX9x7J",
"date":"2013-04-01 13:26:36"
},
{
"kids":[],
"uid":"1781748435",
"parent":"",
"text":"[笑哈哈]最右",
"mid":"zq7PMcLD6",
"date":"2013-04-01 13:26:10"
},
{
"kids":[],
"uid":"1799821414",
"parent":"",
"text":"最右，你还有节操吗[挖鼻屎]",
"mid":"zq7ON2xdp",
"date":"2013-04-01 13:23:46"
},
{
"kids":[],
"uid":"2077182891",
"parent":"zq71FFMvo",
"text":"哈哈，笑死我了",
"mid":"zq7OGyzjX",
"date":"2013-04-01 13:23:30"
},
{
"kids":[],
"uid":"2420584084",
"parent":"zq71FFMvo",
"text":"",
"mid":"zq7OEszXZ",
"date":"2013-04-01 13:23:25"
},
{
"kids":[],
"uid":"2931120221",
"parent":"zq7myd8cQ",
"text":"",
"mid":"zq7NNg61c",
"date":"2013-04-01 13:21:18"
},
{
"kids":[],
"uid":"1929904295",
"parent":"zq6T2xiJ8",
"text":"真的假的？今天可是愚人节哦[哈哈]",
"mid":"zq7Nn0KBH",
"date":"2013-04-01 13:20:15"
},
{
"kids":[],
"uid":"1860891392",
"parent":"zq6Lf7kB4",
"text":"今天4月1号~",
"mid":"zq7MswWx5",
"date":"2013-04-01 13:18:01"
},
{
"kids":[],
"uid":"1971662083",
"parent":"zq7GWDebo",
"text":"今天是愚人节好不好",
"mid":"zq7Mg6Mqf",
"date":"2013-04-01 13:17:31"
},
{
"kids":[],
"uid":"1737262680",
"parent":"zq71FFMvo",
"text":"[哈哈]",
"mid":"zq7M4j7Iz",
"date":"2013-04-01 13:17:03"
},
{
"kids":[],
"uid":"2297005430",
"parent":"",
"text":"",
"mid":"zq7LG6cAn",
"date":"2013-04-01 13:16:03"
},
{
"kids":[],
"uid":"2147172220",
"parent":"",
"text":"[嘻嘻]",
"mid":"zq7LtFTAS",
"date":"2013-04-01 13:15:35"
},
{
"kids":[],
"uid":"fangmuyaya",
"parent":"zq7tI2YOH",
"text":"真的么？[害羞]",
"mid":"zq7LisaKV",
"date":"2013-04-01 13:15:09"
},
{
"kids":[],
"uid":"2367464567",
"parent":"zq71FFMvo",
"text":"",
"mid":"zq7Lhe8DW",
"date":"2013-04-01 13:15:04"
},
{
"kids":[],
"uid":"1943359432",
"parent":"zq7GmisBL",
"text":"记得今天是4月1日就好了。",
"mid":"zq7LfrEu1",
"date":"2013-04-01 13:15:02"
},
{
"kids":[],
"uid":"1967056995",
"parent":"zq71FFMvo",
"text":"好！！！@Wilson-CY @风逍遥Tony @一里千行",
"mid":"zq7KKpUpT",
"date":"2013-04-01 13:13:49"
},
{
"kids":[],
"uid":"2741454943",
"parent":"zq71FFMvo",
"text":"我差点就信了，结果我往下睇评论今日4.1[偷笑][偷笑]",
"mid":"zq7Kn9nI5",
"date":"2013-04-01 13:12:52"
},
{
"kids":[],
"uid":"aiziyou993",
"parent":"zq71FFMvo",
"text":"[哈哈][哈哈]",
"mid":"zq7K3zWGa",
"date":"2013-04-01 13:12:06"
},
{
"kids":[],
"uid":"1341415752",
"parent":"zq71FFMvo",
"text":"神回复！[哈哈][哈哈]",
"mid":"zq7JrtfMo",
"date":"2013-04-01 13:10:35"
},
{
"kids":[],
"uid":"2123011610",
"parent":"zq71FFMvo",
"text":"[哈哈]",
"mid":"zq7JqhQCQ",
"date":"2013-04-01 13:10:32"
},
{
"kids":[],
"uid":"season06",
"parent":"zq71FFMvo",
"text":"",
"mid":"zq7JbvL7y",
"date":"2013-04-01 13:09:58"
},
{
"kids":[],
"uid":"1900021965",
"parent":"",
"text":"",
"mid":"zq7IuorXE",
"date":"2013-04-01 13:08:13"
},
{
"kids":[],
"uid":"1825082893",
"parent":"zq7ED3iaT",
"text":"",
"mid":"zq7Igdbkk",
"date":"2013-04-01 13:07:40"
},
{
"kids":[],
"uid":"2553152754",
"parent":"zq71FFMvo",
"text":"",
"mid":"zq7IdvN6b",
"date":"2013-04-01 13:07:34"
},
{
"kids":[],
"uid":"1706586675",
"parent":"zq71FFMvo",
"text":"[笑哈哈][笑哈哈][笑哈哈]",
"mid":"zq7HTq7L3",
"date":"2013-04-01 13:06:46"
},
{
"kids":[],
"uid":"wawaji",
"parent":"zq7ED3iaT",
"text":"",
"mid":"zq7HMkCwP",
"date":"2013-04-01 13:06:29"
},
{
"kids":[],
"uid":"chenzhijinyan",
"parent":"zq7GmisBL",
"text":"愚人节一乐！",
"mid":"zq7HqcwGM",
"date":"2013-04-01 13:05:34"
},
{
"kids":[],
"uid":"2884172360",
"parent":"zq71FFMvo",
"text":"",
"mid":"zq7HiwtFk",
"date":"2013-04-01 13:05:16"
},
{
"kids":[],
"uid":"1701589090",
"parent":"zq71FFMvo",
"text":"[偷笑]",
"mid":"zq7H706mW",
"date":"2013-04-01 13:04:50"
},
{
"kids":[
"zq7Mg6Mqf"
],
"uid":"elvisxiaozhi",
"parent":"",
"text":"真定假?",
"mid":"zq7GWDebo",
"date":"2013-04-01 13:04:26"
},
{
"kids":[],
"uid":"2718487793",
"parent":"zq71FFMvo",
"text":"",
"mid":"zq7GFuSUy",
"date":"2013-04-01 13:03:43"
},
{
"kids":[],
"uid":"2811876072",
"parent":"",
"text":"[疑问]",
"mid":"zq7GAtt6k",
"date":"2013-04-01 13:03:31"
},
{
"kids":[
"zq7LfrEu1",
"zq7HqcwGM"
],
"uid":"1194744395",
"parent":"zq7ED3iaT",
"text":"",
"mid":"zq7GmisBL",
"date":"2013-04-01 13:02:57"
},
{
"kids":[],
"uid":"2497025081",
"parent":"",
"text":"[围观]",
"mid":"zq7GkdOJ9",
"date":"2013-04-01 13:02:53"
},
{
"kids":[],
"uid":"2686905313",
"parent":"zq71FFMvo",
"text":"系真吾系呀？",
"mid":"zq7GadZpK",
"date":"2013-04-01 13:02:29"
},
{
"kids":[
"zs0k8ukjI"
],
"uid":"1109431655",
"parent":"zq71FFMvo",
"text":"",
"mid":"zq7FDpCg3",
"date":"2013-04-01 13:01:10"
},
{
"kids":[],
"uid":"1766885124",
"parent":"zq71FFMvo",
"text":"",
"mid":"zq7Fs946d",
"date":"2013-04-01 13:00:45"
},
{
"kids":[],
"uid":"2418417165",
"parent":"",
"text":"",
"mid":"zq7Fi6MCU",
"date":"2013-04-01 13:00:21"
},
{
"kids":[],
"uid":"2804301602",
"parent":"",
"text":"大家记住啦~！！",
"mid":"zq7ELlJAm",
"date":"2013-04-01 12:59:02"
},
{
"kids":[
"zq9Ue2gn8",
"zq7W1i07G",
"zq7Igdbkk",
"zq7HMkCwP",
"zq7GmisBL"
],
"uid":"1803769707",
"parent":"zq7iHcPvP",
"text":"谣言不攻自破[偷笑]",
"mid":"zq7ED3iaT",
"date":"2013-04-01 12:58:42"
},
{
"kids":[
"zqash1rAk"
],
"uid":"1628516147",
"parent":"zq76Pqv3a",
"text":"[哈哈]神回复",
"mid":"zq7EBf9pY",
"date":"2013-04-01 12:58:37"
},
{
"kids":[],
"uid":"1845316024",
"parent":"zq72WA9zG",
"text":"",
"mid":"zq7Ek8sMz",
"date":"2013-04-01 12:57:58"
},
{
"kids":[],
"uid":"2355393710",
"parent":"zq71FFMvo",
"text":"",
"mid":"zq7DXlp6Q",
"date":"2013-04-01 12:57:04"
},
{
"kids":[
"zqabolnhk"
],
"uid":"2719461063",
"parent":"",
"text":"[酷]肿么洋气？好好记一下下……@猫絮 @NATHAN-BY @有点小默",
"mid":"zq7DKmT4A",
"date":"2013-04-01 12:56:33"
},
{
"kids":[],
"uid":"2037259141",
"parent":"",
"text":"神问题，神密码",
"mid":"zq7CyvetL",
"date":"2013-04-01 12:53:37"
},
{
"kids":[],
"uid":"2103404952",
"parent":"zq7hTyCvJ",
"text":"@爱尚活-梁振超",
"mid":"zq7CqeR55",
"date":"2013-04-01 12:53:17"
},
{
"kids":[],
"uid":"1927286912",
"parent":"zq71FFMvo",
"text":"[哈哈]",
"mid":"zq7CkiuB6",
"date":"2013-04-01 12:53:04"
},
{
"kids":[],
"uid":"3285565945",
"parent":"zq71FFMvo",
"text":"头痛，我有张卡密码是889988，以后不敢取款了！怕自动报警~",
"mid":"zq7Ciep3r",
"date":"2013-04-01 12:52:58"
},
{
"kids":[
"ztRLI9UUj",
"ztORBthqx",
"ztORBddId",
"zqOPmeHsv",
"zqOPlD3KP",
"zqrIJnB5D"
],
"uid":"3236394734",
"parent":"zq71FFMvo",
"text":"",
"mid":"zq7CcBTFp",
"date":"2013-04-01 12:52:45"
},
{
"kids":[],
"uid":"2671508755",
"parent":"zq71FFMvo",
"text":"",
"mid":"zq7BO7xQF",
"date":"2013-04-01 12:51:44"
},
{
"kids":[],
"uid":"2162517863",
"parent":"zq71FFMvo",
"text":"",
"mid":"zq7BkwA8L",
"date":"2013-04-01 12:50:35"
},
{
"kids":[],
"uid":"2266386467",
"parent":"zq71FFMvo",
"text":"俺不信，谁去试试，告诉我真或假",
"mid":"zq7BisuIb",
"date":"2013-04-01 12:50:30"
},
{
"kids":[],
"uid":"waterlewis",
"parent":"zq7gx2Sb3",
"text":"→ →最右",
"mid":"zq7BisuHh",
"date":"2013-04-01 12:50:31"
},
{
"kids":[],
"uid":"cmanf",
"parent":"zq71FFMvo",
"text":"[偷乐]",
"mid":"zq7B9Av1r",
"date":"2013-04-01 12:50:10"
},
{
"kids":[],
"uid":"2806009453",
"parent":"zq7wpjcpP",
"text":"那就好",
"mid":"zq7AQ8W4p",
"date":"2013-04-01 12:49:23"
},
{
"kids":[],
"uid":"2321632450",
"parent":"zq71FFMvo",
"text":"愚人节快乐",
"mid":"zq7AojDDb",
"date":"2013-04-01 12:48:16"
},
{
"kids":[],
"uid":"2625037925",
"parent":"zq71FFMvo",
"text":"我想知道，这吐出来的钱算是谁的？",
"mid":"zq7Ajidxc",
"date":"2013-04-01 12:48:04"
},
{
"kids":[],
"uid":"2553280503",
"parent":"zq71FFMvo",
"text":"真的？？？？",
"mid":"zq7Abl7zj",
"date":"2013-04-01 12:47:46"
},
{
"kids":[],
"uid":"superwaniu",
"parent":"",
"text":"我的密码太复杂，倒过来写还要想一想~",
"mid":"zq7A4zgT8",
"date":"2013-04-01 12:47:29"
},
{
"kids":[],
"uid":"1974652020",
"parent":"zq71FFMvo",
"text":"[哈哈]",
"mid":"zq7A404ih",
"date":"2013-04-01 12:47:27"
},
{
"kids":[],
"uid":"2198857013",
"parent":"zq71FFMvo",
"text":"@Candy槑 @夏平RYO78 @啱啦-Mandy叔 @-小ling子- 是真的吗?[吃惊]",
"mid":"zq7zB2ipk",
"date":"2013-04-01 12:46:19"
},
{
"kids":[],
"uid":"2478941982",
"parent":"zq71FFMvo",
"text":"",
"mid":"zq7zt1B38",
"date":"2013-04-01 12:46:00"
},
{
"kids":[],
"uid":"1731455977",
"parent":"zq71FFMvo",
"text":"哈哈哈！",
"mid":"zq7zoznJS",
"date":"2013-04-01 12:45:50"
},
{
"kids":[],
"uid":"1866809274",
"parent":"zq71FFMvo",
"text":"[偷笑]",
"mid":"zq7zdlHwP",
"date":"2013-04-01 12:45:22"
},
{
"kids":[],
"uid":"xinziy",
"parent":"zq71FFMvo",
"text":"[good]",
"mid":"zq7yAo0EL",
"date":"2013-04-01 12:43:50"
},
{
"kids":[],
"uid":"2517296342",
"parent":"zq71FFMvo",
"text":"神回复",
"mid":"zq7yi1svQ",
"date":"2013-04-01 12:43:06"
},
{
"kids":[],
"uid":"1785602411",
"parent":"zq71FFMvo",
"text":"笑了",
"mid":"zq7ygwzyo",
"date":"2013-04-01 12:43:01"
},
{
"kids":[],
"uid":"2257662203",
"parent":"zq7khB3vN",
"text":"真的吗？",
"mid":"zq7xX4c2d",
"date":"2013-04-01 12:42:16"
},
{
"kids":[],
"uid":"1762081740",
"parent":"zq71FFMvo",
"text":"",
"mid":"zq7xVhHSD",
"date":"2013-04-01 12:42:12"
},
{
"kids":[],
"uid":"littlesheeplbigwolf",
"parent":"zq71FFMvo",
"text":"[good]",
"mid":"zq7xOdJxO",
"date":"2013-04-01 12:41:55"
},
{
"kids":[],
"uid":"2147474183",
"parent":"",
"text":"新闻报道出来了，别人也问过银行是不行的，你觉得还有人信吗？[哈哈][哈哈][哈哈][哈哈]",
"mid":"zq7xzqPrp",
"date":"2013-04-01 12:41:18"
},
{
"kids":[],
"uid":"hzzhyy",
"parent":"zq6L7aqQS",
"text":"确定是真的？？？？",
"mid":"zq7xsk2Cy",
"date":"2013-04-01 12:41:02"
},
{
"kids":[],
"uid":"gznc",
"parent":"zq71FFMvo",
"text":"不错！",
"mid":"zq7xix9F3",
"date":"2013-04-01 12:40:40"
},
{
"kids":[],
"uid":"sudanica",
"parent":"zq71FFMvo",
"text":"",
"mid":"zq7xfBtsX",
"date":"2013-04-01 12:40:33"
},
{
"kids":[],
"uid":"2315460683",
"parent":"zq7p34Mda",
"text":"不知真假，先转再说。",
"mid":"zq7wP1VZY",
"date":"2013-04-01 12:39:29"
},
{
"kids":[],
"uid":"2126627284",
"parent":"zq71FFMvo",
"text":"牛X",
"mid":"zq7wHCnZu",
"date":"2013-04-01 12:39:12"
},
{
"kids":[],
"uid":"tongxia",
"parent":"",
"text":"",
"mid":"zq7wuBFzg",
"date":"2013-04-01 12:38:41"
},
{
"kids":[
"zq7AQ8W4p"
],
"uid":"2950909923",
"parent":"zq7g7iweI",
"text":"真的？",
"mid":"zq7wpjcpP",
"date":"2013-04-01 12:38:28"
},
{
"kids":[],
"uid":"1573980865",
"parent":"zq7tFnfwA",
"text":"",
"mid":"zq7wj6Wdw",
"date":"2013-04-01 12:38:13"
},
{
"kids":[],
"uid":"2095680675",
"parent":"zq71FFMvo",
"text":"",
"mid":"zq7w7h4cG",
"date":"2013-04-01 12:37:44"
},
{
"kids":[],
"uid":"1867885860",
"parent":"zq7ciAYH2",
"text":"是米真噶？",
"mid":"zq7vL7j6W",
"date":"2013-04-01 12:36:52"
},
{
"kids":[],
"uid":"bluewind126",
"parent":"zq7tI2YOH",
"text":"",
"mid":"zq7vJ3LF1",
"date":"2013-04-01 12:36:47"
},
{
"kids":[
"zq7PX9x7J"
],
"uid":"jamble",
"parent":"zq71FFMvo",
"text":"[思考]最右亮了",
"mid":"zq7vFuNri",
"date":"2013-04-01 12:36:39"
},
{
"kids":[],
"uid":"jianxiali",
"parent":"zq71FFMvo",
"text":"",
"mid":"zq7vmzY67",
"date":"2013-04-01 12:35:54"
},
{
"kids":[],
"uid":"1550584415",
"parent":"zq71FFMvo",
"text":"[哈哈][晕]",
"mid":"zq7v6BVnB",
"date":"2013-04-01 12:35:16"
},
{
"kids":[],
"uid":"2612441150",
"parent":"zq71FFMvo",
"text":"",
"mid":"zq7v2tKA1",
"date":"2013-04-01 12:35:06"
},
{
"kids":[],
"uid":"kinchum",
"parent":"zq71FFMvo",
"text":"吹水！",
"mid":"zq7uXeo9F",
"date":"2013-04-01 12:34:53"
},
{
"kids":[],
"uid":"1768429554",
"parent":"zq71FFMvo",
"text":"真的吗?",
"mid":"zq7uJyVkM",
"date":"2013-04-01 12:34:20"
},
{
"kids":[],
"uid":"1966483805",
"parent":"",
"text":"",
"mid":"zq7uv8G3V",
"date":"2013-04-01 12:33:46"
},
{
"kids":[],
"uid":"chanas",
"parent":"zq71FFMvo",
"text":"今天愚人节，信么？",
"mid":"zq7uux2cq",
"date":"2013-04-01 12:33:45"
},
{
"kids":[],
"uid":"2696435883",
"parent":"zq71FFMvo",
"text":"",
"mid":"zq7uqq2PR",
"date":"2013-04-01 12:33:35"
},
{
"kids":[],
"uid":"2430718092",
"parent":"",
"text":"@南方都市报 @AFU阿芙",
"mid":"zq7ug5zKN",
"date":"2013-04-01 12:33:10"
},
{
"kids":[
"zq7LisaKV",
"zq7vJ3LF1"
],
"uid":"1822799941",
"parent":"zq72vneoC",
"text":"@幸运的谨诚",
"mid":"zq7tI2YOH",
"date":"2013-04-01 12:31:49"
},
{
"kids":[
"zq7wj6Wdw"
],
"uid":"1283073385",
"parent":"zq71FFMvo",
"text":"",
"mid":"zq7tFnfwA",
"date":"2013-04-01 12:31:41"
},
{
"kids":[],
"uid":"2561649231",
"parent":"",
"text":"真的？第一次听说 http:",
"mid":"zq7tF7SgO",
"date":"2013-04-01 12:31:42"
},
{
"kids":[],
"uid":"zhoushan0623",
"parent":"zq6THmcMt",
"text":"这算是愚人节的节目之一吗？",
"mid":"zq7tcbezL",
"date":"2013-04-01 12:30:32"
},
{
"kids":[],
"uid":"2566485712",
"parent":"",
"text":"？？？？？？[疑问]愚人节的玩笑么？",
"mid":"zq7suoLSx",
"date":"2013-04-01 12:28:48"
},
{
"kids":[],
"uid":"1982785503",
"parent":"zq71FFMvo",
"text":"可能么？",
"mid":"zq7srrZ4f",
"date":"2013-04-01 12:28:41"
},
{
"kids":[],
"uid":"zhangshuhui1111",
"parent":"",
"text":"又愚人了吧？性感小屁屁~~[偷笑][偷笑]",
"mid":"zq7sqyK6X",
"date":"2013-04-01 12:28:40"
},
{
"kids":[
"zqr3v5Zn9",
"zqr3v4Xag"
],
"uid":"petonly",
"parent":"zq71FFMvo",
"text":"[good]",
"mid":"zq7sc5Aq8",
"date":"2013-04-01 12:28:04"
},
{
"kids":[],
"uid":"2237246764",
"parent":"zq71FFMvo",
"text":"酷",
"mid":"zq7rYcbao",
"date":"2013-04-01 12:27:32"
},
{
"kids":[
"zqvSLCOaX",
"zqskMA7S7",
"zqskMiwHv"
],
"uid":"2674747601",
"parent":"zq71FFMvo",
"text":"",
"mid":"zq7rVwrSS",
"date":"2013-04-01 12:27:26"
},
{
"kids":[
"zqb6awOAS"
],
"uid":"howardxking",
"parent":"zq6Q8kV31",
"text":"有机会试一试@谁把流年暗中偷换",
"mid":"zq7rAhPh0",
"date":"2013-04-01 12:26:35"
},
{
"kids":[],
"uid":"2717725711",
"parent":"zq71FFMvo",
"text":"",
"mid":"zq7rcBilu",
"date":"2013-04-01 12:25:37"
},
{
"kids":[],
"uid":"againlxb",
"parent":"zq7iHcPvP",
"text":"",
"mid":"zq7qFyjJU",
"date":"2013-04-01 12:24:20"
},
{
"kids":[],
"uid":"2693044790",
"parent":"zq71FFMvo",
"text":"",
"mid":"zq7qmADKQ",
"date":"2013-04-01 12:23:36"
},
{
"kids":[],
"uid":"zbnian",
"parent":"zq71FFMvo",
"text":"有无人试过啊？",
"mid":"zq7qivgm0",
"date":"2013-04-01 12:23:25"
},
{
"kids":[],
"uid":"ranninlove",
"parent":"zq71FFMvo",
"text":"这是一个古老的笑话吗[哈哈][哈哈][哈哈]",
"mid":"zq7qawuKK",
"date":"2013-04-01 12:23:06"
},
{
"kids":[],
"uid":"3054434595",
"parent":"",
"text":"转发微博了 http:",
"mid":"zq7q6pnjz",
"date":"2013-04-01 12:22:56"
},
{
"kids":[],
"uid":"2197521412",
"parent":"zq71FFMvo",
"text":"",
"mid":"zq7q1Dnjb",
"date":"2013-04-01 12:22:44"
},
{
"kids":[],
"uid":"632341646",
"parent":"zq71FFMvo",
"text":"",
"mid":"zq7pR0Npl",
"date":"2013-04-01 12:22:19"
},
{
"kids":[],
"uid":"gglmz",
"parent":"zq75P6T67",
"text":"笑屎我了!123321[哈哈][哈哈][哈哈]",
"mid":"zq7pHzP41",
"date":"2013-04-01 12:21:56"
},
{
"kids":[],
"uid":"leeei",
"parent":"zq71FFMvo",
"text":"最右-----",
"mid":"zq7pw3sN2",
"date":"2013-04-01 12:21:29"
},
{
"kids":[],
"uid":"1726994483",
"parent":"",
"text":"[哈哈][哈哈]",
"mid":"zq7pkvIFQ",
"date":"2013-04-01 12:21:01"
},
{
"kids":[
"zq7wP1VZY"
],
"uid":"575555733",
"parent":"zq7myd8cQ",
"text":"",
"mid":"zq7p34Mda",
"date":"2013-04-01 12:20:18"
},
{
"kids":[],
"uid":"2421133511",
"parent":"zq71FFMvo",
"text":"",
"mid":"zq7p11EhG",
"date":"2013-04-01 12:20:15"
},
{
"kids":[],
"uid":"ccisking",
"parent":"",
"text":"[给力]",
"mid":"zq7ojfQkC",
"date":"2013-04-01 12:18:31"
},
{
"kids":[],
"uid":"3051846694",
"parent":"zq71FFMvo",
"text":"[给力][给力]@山里的叔叔:真的吗?那若是设定为\"123321\",那就怎么按都报警了??",
"mid":"zq7oew1QB",
"date":"2013-04-01 12:18:21"
},
{
"kids":[],
"uid":"mcc10000",
"parent":"zq726hKta",
"text":"神回复",
"mid":"zq7nGAnnY",
"date":"2013-04-01 12:16:57"
},
{
"kids":[],
"uid":"2979201012",
"parent":"zq71FFMvo",
"text":"？真的假的@CMMF",
"mid":"zq7nAo6cn",
"date":"2013-04-01 12:16:43"
},
{
"kids":[],
"uid":"kisshoho",
"parent":"zq71FFMvo",
"text":"真加？？？？？",
"mid":"zq7nfo9Ef",
"date":"2013-04-01 12:15:54"
},
{
"kids":[],
"uid":"2259525532",
"parent":"zq71FFMvo",
"text":"@JIUQINQ",
"mid":"zq7n4aslq",
"date":"2013-04-01 12:15:27"
},
{
"kids":[],
"uid":"1098197553",
"parent":"zq71FFMvo",
"text":"系米真架？",
"mid":"zq7mXDs9f",
"date":"2013-04-01 12:15:13"
},
{
"kids":[],
"uid":"zilang360",
"parent":"",
"text":"原来还有这回事……又长知识了……[呵呵][呵呵]",
"mid":"zq7mUpcD1",
"date":"2013-04-01 12:15:03"
},
{
"kids":[
"zqaqQ5d4b",
"zq84ychca",
"zq7NNg61c",
"zq7p34Mda"
],
"uid":"2876127394",
"parent":"zq7523qlV",
"text":"",
"mid":"zq7myd8cQ",
"date":"2013-04-01 12:14:09"
},
{
"kids":[],
"uid":"1740384447",
"parent":"zq71FFMvo",
"text":"#请插入话题名称#[哈哈]",
"mid":"zq7mosZVz",
"date":"2013-04-01 12:13:48"
},
{
"kids":[],
"uid":"babyxiaowan",
"parent":"zq71FFMvo",
"text":"这方法不错！！",
"mid":"zq7lR67k0",
"date":"2013-04-01 12:12:28"
},
{
"kids":[],
"uid":"2187059125",
"parent":"zq75C54JR",
"text":"",
"mid":"zq7lAgZVg",
"date":"2013-04-01 12:11:47"
},
{
"kids":[
"zq87Cvlto"
],
"uid":"1942626541",
"parent":"zq71FFMvo",
"text":"",
"mid":"zq7lw6FC0",
"date":"2013-04-01 12:11:38"
},
{
"kids":[],
"uid":"1891198973",
"parent":"",
"text":"這是真的嗎？轉返來備用下先@大頭籽的媽媽",
"mid":"zq7ljqeEh",
"date":"2013-04-01 12:11:08"
},
{
"kids":[],
"uid":"1961594775",
"parent":"zq71FFMvo",
"text":"",
"mid":"zq7lfxxjC",
"date":"2013-04-01 12:10:59"
},
{
"kids":[],
"uid":"1748081960",
"parent":"zq73hxjRO",
"text":"被雷爆了…",
"mid":"zq7kPhGgG",
"date":"2013-04-01 12:09:56"
},
{
"kids":[],
"uid":"2256968262",
"parent":"zq7dG4t2w",
"text":"",
"mid":"zq7kAdp42",
"date":"2013-04-01 12:09:20"
},
{
"kids":[],
"uid":"jinlian07",
"parent":"zq71FFMvo",
"text":"[嘻嘻]",
"mid":"zq7kxfFRZ",
"date":"2013-04-01 12:09:12"
},
{
"kids":[],
"uid":"2743181080",
"parent":"zq71FFMvo",
"text":"可以试下[嘻嘻]@山里的叔叔:真的吗?那若是设定为\"123321\",那就怎么按都报警了??",
"mid":"zq7kvuusz",
"date":"2013-04-01 12:09:09"
},
{
"kids":[
"zq7xX4c2d"
],
"uid":"1805281052",
"parent":"zq71FFMvo",
"text":"果然神啊！！",
"mid":"zq7khB3vN",
"date":"2013-04-01 12:08:36"
},
{
"kids":[],
"uid":"2184462824",
"parent":"zq71FFMvo",
"text":"这个必须要知道@JAY-10 @国产阿铭 @皇子D",
"mid":"zq7k1n1sD",
"date":"2013-04-01 12:07:57"
},
{
"kids":[],
"uid":"1917241665",
"parent":"",
"text":"",
"mid":"zq7jOkwMZ",
"date":"2013-04-01 12:07:25"
},
{
"kids":[],
"uid":"jiajaja",
"parent":"zq71FFMvo",
"text":"789987",
"mid":"zq7iWeaa3",
"date":"2013-04-01 12:05:17"
},
{
"kids":[],
"uid":"2327379764",
"parent":"zq71FFMvo",
"text":"",
"mid":"zq7iUd1dB",
"date":"2013-04-01 12:05:10"
},
{
"kids":[
"zq80ND3Jp",
"zq7ED3iaT",
"zq7qFyjJU"
],
"uid":"1301925094",
"parent":"zq71FFMvo",
"text":"如果我密码系\"123321\",那就怎么按都报警了??[挖鼻屎]",
"mid":"zq7iHcPvP",
"date":"2013-04-01 12:04:40"
},
{
"kids":[],
"uid":"ilovechristy",
"parent":"zq75sAT8u",
"text":"这样子啊",
"mid":"zq7iGhM0L",
"date":"2013-04-01 12:04:39"
},
{
"kids":[
"zq8d0opp6"
],
"uid":"kuyt930",
"parent":"zq71FFMvo",
"text":"神回复！",
"mid":"zq7iGhLWq",
"date":"2013-04-01 12:04:38"
},
{
"kids":[],
"uid":"2418799694",
"parent":"zq73hxjRO",
"text":"系唔系噶？",
"mid":"zq7iEx5UR",
"date":"2013-04-01 12:04:34"
},
{
"kids":[],
"uid":"orcrsj",
"parent":"zq775DeIo",
"text":"[赞]",
"mid":"zq7ijhp0B",
"date":"2013-04-01 12:03:42"
},
{
"kids":[
"zq7CqeR55"
],
"uid":"bellezza",
"parent":"zq71FFMvo",
"text":"今天看到的都不能当真吗[挖鼻屎]",
"mid":"zq7hTyCvJ",
"date":"2013-04-01 12:02:43"
},
{
"kids":[],
"uid":"onorz",
"parent":"zq71FFMvo",
"text":"[蜡烛]最右",
"mid":"zq7h6b9SA",
"date":"2013-04-01 12:00:45"
},
{
"kids":[],
"uid":"1825986495",
"parent":"zq71FFMvo",
"text":"今天是愚人节吧",
"mid":"zq7h23w1f",
"date":"2013-04-01 12:00:35"
},
{
"kids":[],
"uid":"tequila050604",
"parent":"zq71FFMvo",
"text":"",
"mid":"zq7gAAoRn",
"date":"2013-04-01 11:59:30"
},
{
"kids":[
"zq7BisuHh"
],
"uid":"1038858351",
"parent":"zq75gcmRK",
"text":"",
"mid":"zq7gx2Sb3",
"date":"2013-04-01 11:59:21"
},
{
"kids":[],
"uid":"1855945957",
"parent":"zq71FFMvo",
"text":"",
"mid":"zq7gwpB7a",
"date":"2013-04-01 11:59:20"
},
{
"kids":[],
"uid":"1931730001",
"parent":"zq71FFMvo",
"text":"",
"mid":"zq7gkCSlI",
"date":"2013-04-01 11:58:52"
},
{
"kids":[],
"uid":"2211306865",
"parent":"zq7ajomfK",
"text":"[熊猫]",
"mid":"zq7g8ekqE",
"date":"2013-04-01 11:58:21"
},
{
"kids":[
"zq7wpjcpP"
],
"uid":"1814494203",
"parent":"zq71FFMvo",
"text":"[神马][偷笑]",
"mid":"zq7g7iweI",
"date":"2013-04-01 11:58:20"
},
{
"kids":[],
"uid":"2266850994",
"parent":"",
"text":"真的假的[晕]",
"mid":"zq7g5hMZz",
"date":"2013-04-01 11:58:14"
},
{
"kids":[],
"uid":"miacccccc",
"parent":"zq71FFMvo",
"text":"4月1",
"mid":"zq7g19Brv",
"date":"2013-04-01 11:58:04"
},
{
"kids":[],
"uid":"149017582",
"parent":"zq71FFMvo",
"text":"六个1的无压力",
"mid":"zq7fXfGyn",
"date":"2013-04-01 11:57:54"
},
{
"kids":[],
"uid":"mingxi102431",
"parent":"zq71FFMvo",
"text":"神回复！[哈哈][哈哈]",
"mid":"zq7fQtpRa",
"date":"2013-04-01 11:57:39"
},
{
"kids":[],
"uid":"2353439741",
"parent":"zq71FFMvo",
"text":"[疑问]",
"mid":"zq7fmCwtN",
"date":"2013-04-01 11:56:29"
},
{
"kids":[],
"uid":"1879609435",
"parent":"zq78oC3v1",
"text":"那我每次都要给抓了，我密码是678876，ATM都能出假钱，还指望你报警。。",
"mid":"zq7fbrwQM",
"date":"2013-04-01 11:56:02"
},
{
"kids":[
"zqxBffQxr"
],
"uid":"1148693223",
"parent":"zq71FFMvo",
"text":"真还是假？",
"mid":"zq7eXvrBF",
"date":"2013-04-01 11:55:29"
},
{
"kids":[],
"uid":"2029967731",
"parent":"zq71FFMvo",
"text":"",
"mid":"zq7emyvKv",
"date":"2013-04-01 11:54:01"
},
{
"kids":[],
"uid":"xuanchicheng",
"parent":"zq7cBvNxy",
"text":"@小贝-翠 @I-am張家二小姐 @_Lin玉婷 @小醋- @E细怡E @yj-雅静 @丽-ly-媛 @PATABON @劉尜姐- @乐乐的文婷 @MWein @陈-十三妹 @suspense- @Juan_洣惑",
"mid":"zq7ejjA1w",
"date":"2013-04-01 11:53:52"
},
{
"kids":[],
"uid":"onlightfyq",
"parent":"",
"text":"今天愚人节。。。",
"mid":"zq7ebnT08",
"date":"2013-04-01 11:53:32"
},
{
"kids":[],
"uid":"1861515094",
"parent":"",
"text":"就是自己的密码不要改的太奇葩",
"mid":"zq7dY65GZ",
"date":"2013-04-01 11:53:02"
},
{
"kids":[],
"uid":"1784036237",
"parent":"zq71FFMvo",
"text":"神回复！",
"mid":"zq7dUeLAh",
"date":"2013-04-01 11:52:53"
},
{
"kids":[
"zq7kAdp42"
],
"uid":"2358278347",
"parent":"zq78oD1nf",
"text":"",
"mid":"zq7dG4t2w",
"date":"2013-04-01 11:52:18"
},
{
"kids":[],
"uid":"1871279262",
"parent":"zq71FFMvo",
"text":"我记得以前高中上学时，交学费的账户密码统一都是六个8……",
"mid":"zq7dEhYFm",
"date":"2013-04-01 11:52:15"
},
{
"kids":[],
"uid":"2035744883",
"parent":"",
"text":"",
"mid":"zq7dvF9jL",
"date":"2013-04-01 11:51:56"
},
{
"kids":[],
"uid":"3125259407",
"parent":"",
"text":"傻冒节快乐",
"mid":"zq7dnrcg7",
"date":"2013-04-01 11:51:34"
},
{
"kids":[],
"uid":"2584150274",
"parent":"zq71FFMvo",
"text":"真唔真啊",
"mid":"zq7dlDYYr",
"date":"2013-04-01 11:51:31"
},
{
"kids":[],
"uid":"2253121904",
"parent":"zq71FFMvo",
"text":"真的吗?@广州塔之174170 那若是设定为\"123321\",那就怎么按都报警了??",
"mid":"zq7d60uHD",
"date":"2013-04-01 11:50:53"
},
{
"kids":[],
"uid":"1840754652",
"parent":"",
"text":"附近发表快快发动机",
"mid":"zq7cZuTGR",
"date":"2013-04-01 11:50:37"
},
{
"kids":[],
"uid":"2024868425",
"parent":"zq71FFMvo",
"text":"",
"mid":"zq7cXq5EQ",
"date":"2013-04-01 11:50:32"
},
{
"kids":[],
"uid":"2175170824",
"parent":"zq71FFMvo",
"text":"",
"mid":"zq7cOemlP",
"date":"2013-04-01 11:50:10"
},
{
"kids":[],
"uid":"3187990267",
"parent":"zq71FFMvo",
"text":"",
"mid":"zq7cLCywQ",
"date":"2013-04-01 11:50:04"
},
{
"kids":[
"zq7ejjA1w"
],
"uid":"xuanchicheng",
"parent":"zq71FFMvo",
"text":"",
"mid":"zq7cBvNxy",
"date":"2013-04-01 11:49:40"
},
{
"kids":[],
"uid":"longahe",
"parent":"zq71FFMvo",
"text":"",
"mid":"zq7cww0Co",
"date":"2013-04-01 11:49:29"
},
{
"kids":[
"zq7vL7j6W"
],
"uid":"1850546370",
"parent":"zq71FFMvo",
"text":"",
"mid":"zq7ciAYH2",
"date":"2013-04-01 11:48:56"
},
{
"kids":[],
"uid":"lamshirley",
"parent":"",
"text":"反正那时候都是死路一条，如果倒转按密码是有钱出噶，甘就已经说明这个方法是真的。",
"mid":"zq7caEghp",
"date":"2013-04-01 11:48:36"
},
{
"kids":[],
"uid":"hugomanx",
"parent":"zq71FFMvo",
"text":"[可怜]",
"mid":"zq7bDzsBJ",
"date":"2013-04-01 11:47:17"
},
{
"kids":[],
"uid":"llpop",
"parent":"",
"text":"真的吗?那若是设定为\"123321\",那就怎么按都报警了??",
"mid":"zq7bAlctE",
"date":"2013-04-01 11:47:10"
},
{
"kids":[],
"uid":"2102740145",
"parent":"zq71FFMvo",
"text":"有无甘神奇[嘻嘻]",
"mid":"zq7bx4aJz",
"date":"2013-04-01 11:47:02"
},
{
"kids":[],
"uid":"1721742181",
"parent":"zq71FFMvo",
"text":"哈哈，，神一样的回复@山里的叔叔:真的吗?那若是设定为\"123321\",那就怎么按都报警了??",
"mid":"zq7bgwpxp",
"date":"2013-04-01 11:46:22"
},
{
"kids":[],
"uid":"2002538587",
"parent":"zq71FFMvo",
"text":"[good]",
"mid":"zq7b7D2SK",
"date":"2013-04-01 11:46:01"
},
{
"kids":[],
"uid":"2600591230",
"parent":"zq6L7aqQS",
"text":"",
"mid":"zq7aAAfG1",
"date":"2013-04-01 11:44:43"
},
{
"kids":[],
"uid":"2098407322",
"parent":"",
"text":"",
"mid":"zq7ar61X9",
"date":"2013-04-01 11:44:19"
},
{
"kids":[],
"uid":"hefey",
"parent":"zq71FFMvo",
"text":"试下",
"mid":"zq7aotiN7",
"date":"2013-04-01 11:44:14"
},
{
"kids":[
"zq7g8ekqE"
],
"uid":"1876150993",
"parent":"zq71FFMvo",
"text":"",
"mid":"zq7ajomfK",
"date":"2013-04-01 11:44:02"
},
{
"kids":[],
"uid":"1750152562",
"parent":"zq71FFMvo",
"text":"如果我卡里面只有1000元，我要求出10000，也是有求必应吗[哈哈][哈哈][哈哈]",
"mid":"zq7ahFnH0",
"date":"2013-04-01 11:43:58"
},
{
"kids":[],
"uid":"2141211937",
"parent":"zq71FFMvo",
"text":"",
"mid":"zq7af0lep",
"date":"2013-04-01 11:43:50"
},
{
"kids":[],
"uid":"1711859657",
"parent":"",
"text":"",
"mid":"zq7a8aGm8",
"date":"2013-04-01 11:43:35"
},
{
"kids":[],
"uid":"fulidingzhi",
"parent":"",
"text":"真的假的？",
"mid":"zq79KxG7O",
"date":"2013-04-01 11:42:38"
},
{
"kids":[],
"uid":"haolive",
"parent":"zq71FFMvo",
"text":"神回复。",
"mid":"zq79J71qq",
"date":"2013-04-01 11:42:34"
},
{
"kids":[
"zq7QbD21B"
],
"uid":"taxilan",
"parent":"zq71FFMvo",
"text":"绝对神回复！[哈哈]",
"mid":"zq79jkT99",
"date":"2013-04-01 11:41:33"
},
{
"kids":[],
"uid":"sulitinggz",
"parent":"zq71FFMvo",
"text":"还有，很多老人家都是设置6个6和6个8的。",
"mid":"zq79ejtt7",
"date":"2013-04-01 11:41:22"
},
{
"kids":[],
"uid":"1912881674",
"parent":"zq71FFMvo",
"text":"@Sa---尐枫 @Lovely微微 @Monkey-尐尐君 @无双上上 @劳资叫小Juan纸 @adali小霞 @大大只口 妳敢试嘛？？[吃惊]",
"mid":"zq78Pf35y",
"date":"2013-04-01 11:40:21"
},
{
"kids":[],
"uid":"1431401851",
"parent":"zq6L7aqQS",
"text":"假的",
"mid":"zq78Dn4Xp",
"date":"2013-04-01 11:39:54"
},
{
"kids":[
"zq7dG4t2w"
],
"uid":"1801709441",
"parent":"zq71FFMvo",
"text":"真的是神啊[哈哈][哈哈][哈哈]",
"mid":"zq78oD1nf",
"date":"2013-04-01 11:39:19"
},
{
"kids":[
"zq7fbrwQM"
],
"uid":"1868700562",
"parent":"zq71FFMvo",
"text":"每次取钱都被抓。哈啊哈",
"mid":"zq78oC3v1",
"date":"2013-04-01 11:39:18"
},
{
"kids":[],
"uid":"2175364560",
"parent":"zq71FFMvo",
"text":"",
"mid":"zq78lEJ6P",
"date":"2013-04-01 11:39:10"
},
{
"kids":[],
"uid":"jakewong",
"parent":"zq71FFMvo",
"text":"",
"mid":"zq78jj2sh",
"date":"2013-04-01 11:39:05"
},
{
"kids":[],
"uid":"2168058527",
"parent":"zq71FFMvo",
"text":"真的？",
"mid":"zq789iP6G",
"date":"2013-04-01 11:38:41"
},
{
"kids":[],
"uid":"1739372285",
"parent":"zq71FFMvo",
"text":"神啊！",
"mid":"zq786lu86",
"date":"2013-04-01 11:38:34"
},
{
"kids":[],
"uid":"happiland",
"parent":"zq71FFMvo",
"text":"",
"mid":"zq782sj2h",
"date":"2013-04-01 11:38:25"
},
{
"kids":[],
"uid":"1809461784",
"parent":"",
"text":"@阳光兰州人 @崔崔-Evangeline @lucky-_-巧儿 @独门女侠",
"mid":"zq780p89u",
"date":"2013-04-01 11:38:21"
},
{
"kids":[],
"uid":"1884657754",
"parent":"zq71FFMvo",
"text":"[哈哈][哈哈][哈哈][哈哈]",
"mid":"zq77Th5Vb",
"date":"2013-04-01 11:38:05"
},
{
"kids":[
"zq8LqubVZ"
],
"uid":"ccl373098970",
"parent":"zq71FFMvo",
"text":"[偷笑]",
"mid":"zq77Q4Fy1",
"date":"2013-04-01 11:37:55"
},
{
"kids":[],
"uid":"1724958057",
"parent":"zq71FFMvo",
"text":"是真的吗，如果匪徒知道这方法的话那怎么办啊？",
"mid":"zq77rdMHm",
"date":"2013-04-01 11:36:57"
},
{
"kids":[
"zq7ijhp0B"
],
"uid":"1728231205",
"parent":"zq71FFMvo",
"text":"[威武]",
"mid":"zq775DeIo",
"date":"2013-04-01 11:36:05"
},
{
"kids":[],
"uid":"2635477261",
"parent":"zq71FFMvo",
"text":"",
"mid":"zq773zFJX",
"date":"2013-04-01 11:36:01"
},
{
"kids":[],
"uid":"justbiebie",
"parent":"zq71FFMvo",
"text":"167761~~n还真坑爹啊",
"mid":"zq7730t91",
"date":"2013-04-01 11:35:59"
},
{
"kids":[],
"uid":"1950027504",
"parent":"zq71FFMvo",
"text":"笑死 真的有人这么设置么",
"mid":"zq772FUkI",
"date":"2013-04-01 11:36:00"
},
{
"kids":[],
"uid":"315210111",
"parent":"zq71FFMvo",
"text":"强",
"mid":"zq76TwQ55",
"date":"2013-04-01 11:35:37"
},
{
"kids":[
"zq7EBf9pY"
],
"uid":"1856222780",
"parent":"zq71FFMvo",
"text":"真系神回复",
"mid":"zq76Pqv3a",
"date":"2013-04-01 11:35:25"
},
{
"kids":[],
"uid":"1938363813",
"parent":"zq71FFMvo",
"text":"真的吗？有沒人试过？可是今天是[阴险]",
"mid":"zq76NmpmY",
"date":"2013-04-01 11:35:21"
},
{
"kids":[],
"uid":"1860267704",
"parent":"zq71FFMvo",
"text":"[哈哈]",
"mid":"zq76raiLX",
"date":"2013-04-01 11:34:28"
},
{
"kids":[],
"uid":"2884546602",
"parent":"zq71FFMvo",
"text":"@里水大白鲨---FSTYTDZ",
"mid":"zq76qhzYY",
"date":"2013-04-01 11:34:26"
},
{
"kids":[],
"uid":"2237109252",
"parent":"zq71FFMvo",
"text":"系波123321[哈哈][哈哈]",
"mid":"zq76pokRh",
"date":"2013-04-01 11:34:25"
},
{
"kids":[],
"uid":"1750869060",
"parent":"zq71FFMvo",
"text":"真的吗？",
"mid":"zq76bwFMM",
"date":"2013-04-01 11:33:52"
},
{
"kids":[],
"uid":"1671152721",
"parent":"zq71FFMvo",
"text":"[good][江南style][转发]",
"mid":"zq7647j3l",
"date":"2013-04-01 11:33:33"
},
{
"kids":[],
"uid":"1929725375",
"parent":"zq71FFMvo",
"text":"",
"mid":"zq75Z9KuH",
"date":"2013-04-01 11:33:21"
},
{
"kids":[],
"uid":"1684162845",
"parent":"zq71FFMvo",
"text":"是不是啊",
"mid":"zq75Z87RP",
"date":"2013-04-01 11:33:23"
},
{
"kids":[],
"uid":"yuyuyuyoung",
"parent":"zq71FFMvo",
"text":"为图转！",
"mid":"zq75X3qqu",
"date":"2013-04-01 11:33:17"
},
{
"kids":[],
"uid":"1983796301",
"parent":"zq71FFMvo",
"text":"哈哈，点解同我林个密码一样123321，嘻嘻",
"mid":"zq75ShZzi",
"date":"2013-04-01 11:33:06"
},
{
"kids":[],
"uid":"betotti",
"parent":"zq71FFMvo",
"text":"神回复2",
"mid":"zq75RqmSV",
"date":"2013-04-01 11:33:04"
},
{
"kids":[
"zq7pHzP41"
],
"uid":"tobychansmusic",
"parent":"zq71FFMvo",
"text":"哈哈哈！笑死啦！[偷笑][哈哈][嘻嘻]",
"mid":"zq75P6T67",
"date":"2013-04-01 11:32:58"
},
{
"kids":[],
"uid":"firefoxer",
"parent":"",
"text":"又传谣",
"mid":"zq75N1aPK",
"date":"2013-04-01 11:32:51"
},
{
"kids":[
"zq7lAgZVg"
],
"uid":"ei88622",
"parent":"zq71FFMvo",
"text":"[good][good]",
"mid":"zq75C54JR",
"date":"2013-04-01 11:32:26"
},
{
"kids":[
"zq7iGhM0L"
],
"uid":"1719742711",
"parent":"zq71FFMvo",
"text":"继请教摩托车保修期后，又一神回复[汗][汗][汗]@Ted梁",
"mid":"zq75sAT8u",
"date":"2013-04-01 11:32:04"
},
{
"kids":[],
"uid":"cxylxr",
"parent":"",
"text":"@Jump属追风少年 @我想养成按时睡觉的好习惯 @中国好姑娘_Bunny",
"mid":"zq75slqCQ",
"date":"2013-04-01 11:32:03"
},
{
"kids":[],
"uid":"1846543114",
"parent":"zq71FFMvo",
"text":"真唔真啊？",
"mid":"zq75s1GE2",
"date":"2013-04-01 11:32:02"
},
{
"kids":[
"zqrzNkknh",
"zqigywoz3",
"zqigyvlmH"
],
"uid":"2702394740",
"parent":"zq71FFMvo",
"text":"",
"mid":"zq75pDyFQ",
"date":"2013-04-01 11:31:58"
},
{
"kids":[
"zq7gx2Sb3"
],
"uid":"1826149584",
"parent":"zq71FFMvo",
"text":"",
"mid":"zq75gcmRK",
"date":"2013-04-01 11:31:35"
},
{
"kids":[],
"uid":"1886861913",
"parent":"zq71FFMvo",
"text":"系迷真咖？",
"mid":"zq75a0AU3",
"date":"2013-04-01 11:31:20"
},
{
"kids":[
"zq7myd8cQ"
],
"uid":"1724905032",
"parent":"zq71FFMvo",
"text":"[哈哈]神回复。",
"mid":"zq7523qlV",
"date":"2013-04-01 11:31:01"
},
{
"kids":[],
"uid":"stjwsiwen",
"parent":"zq71FFMvo",
"text":"",
"mid":"zq75187oP",
"date":"2013-04-01 11:30:58"
},
{
"kids":[],
"uid":"1255710647",
"parent":"zq71FFMvo",
"text":"000000,111111,222222……警察会很忙啊",
"mid":"zq74UiBgM",
"date":"2013-04-01 11:30:43"
},
{
"kids":[],
"uid":"1763663305",
"parent":"zq71FFMvo",
"text":"这神回复的逆思维太强了！",
"mid":"zq74Sw75K",
"date":"2013-04-01 11:30:39"
},
{
"kids":[],
"uid":"2219673074",
"parent":"zq71FFMvo",
"text":"[哈哈]知道的人请自觉",
"mid":"zq74Qc2K3",
"date":"2013-04-01 11:30:31"
},
{
"kids":[],
"uid":"1769767532",
"parent":"zq71FFMvo",
"text":"",
"mid":"zq74J8xHh",
"date":"2013-04-01 11:30:16"
},
{
"kids":[],
"uid":"feevin",
"parent":"zq71FFMvo",
"text":"[偷笑]",
"mid":"zq74J6xzS",
"date":"2013-04-01 11:30:16"
},
{
"kids":[],
"uid":"1763709887",
"parent":"zq71FFMvo",
"text":"系喔！[哈哈]",
"mid":"zq74CAeJs",
"date":"2013-04-01 11:30:00"
},
{
"kids":[],
"uid":"vilom",
"parent":"zq71FFMvo",
"text":"哈哈",
"mid":"zq74BqSQO",
"date":"2013-04-01 11:29:57"
},
{
"kids":[],
"uid":"padadast",
"parent":"zq71FFMvo",
"text":"神回复",
"mid":"zq74ytxYG",
"date":"2013-04-01 11:29:50"
},
{
"kids":[],
"uid":"1727242637",
"parent":"zq71FFMvo",
"text":"[笑哈哈][笑哈哈]",
"mid":"zq74uDrLI",
"date":"2013-04-01 11:29:41"
},
{
"kids":[],
"uid":"wowofatz",
"parent":"zq71FFMvo",
"text":"最右智商一万",
"mid":"zq74sfNNF",
"date":"2013-04-01 11:29:35"
},
{
"kids":[],
"uid":"1940880225",
"parent":"zq71FFMvo",
"text":"",
"mid":"zq745vOLB",
"date":"2013-04-01 11:28:42"
},
{
"kids":[],
"uid":"zhangjingan168",
"parent":"zq71FFMvo",
"text":"[哈哈]",
"mid":"zq73RkLMX",
"date":"2013-04-01 11:28:08"
},
{
"kids":[],
"uid":"1759498373",
"parent":"zq71FFMvo",
"text":"",
"mid":"zq73RkLKb",
"date":"2013-04-01 11:28:08"
},
{
"kids":[],
"uid":"2323872505",
"parent":"",
"text":"",
"mid":"zq73NuEl0",
"date":"2013-04-01 11:27:57"
},
{
"kids":[],
"uid":"1993812843",
"parent":"",
"text":"[汗][汗]是不是真的啊……@林劲麟 @季節YY @______棠棠 如果遇到这样的事……不妨试试[酷][酷]",
"mid":"zq73MjNN8",
"date":"2013-04-01 11:27:56"
},
{
"kids":[],
"uid":"dingent",
"parent":"zq71FFMvo",
"text":"神→+1",
"mid":"zq73M0nwj",
"date":"2013-04-01 11:27:56"
},
{
"kids":[],
"uid":"1748182253",
"parent":"zq71FFMvo",
"text":"求正解",
"mid":"zq73zj8W0",
"date":"2013-04-01 11:27:25"
},
{
"kids":[],
"uid":"cherrycai07",
"parent":"zq72n8uOP",
"text":"[草莓]太幽默了",
"mid":"zq73p0eCb",
"date":"2013-04-01 11:26:59"
},
{
"kids":[],
"uid":"2957165541",
"parent":"zq71FFMvo",
"text":"甘神奇？",
"mid":"zq73icjwT",
"date":"2013-04-01 11:26:43"
},
{
"kids":[],
"uid":"201280102",
"parent":"zq71FFMvo",
"text":"[最右][最右]",
"mid":"zq73i8XA9",
"date":"2013-04-01 11:26:44"
},
{
"kids":[
"zq7kPhGgG",
"zq7iEx5UR"
],
"uid":"1662036051",
"parent":"zq71FFMvo",
"text":"",
"mid":"zq73hxjRO",
"date":"2013-04-01 11:26:42"
},
{
"kids":[],
"uid":"langping1989",
"parent":"zq71FFMvo",
"text":"",
"mid":"zq736mXvv",
"date":"2013-04-01 11:26:16"
},
{
"kids":[],
"uid":"531033450",
"parent":"zq71FFMvo",
"text":"有才！",
"mid":"zq731idTi",
"date":"2013-04-01 11:26:04"
},
{
"kids":[],
"uid":"1935558161",
"parent":"zq726hKta",
"text":"愚人节快乐~~~",
"mid":"zq73118yF",
"date":"2013-04-01 11:26:04"
},
{
"kids":[],
"uid":"tankhjk",
"parent":"zq71FFMvo",
"text":"认真你就输了[哈哈]",
"mid":"zq72XayWW",
"date":"2013-04-01 11:25:53"
},
{
"kids":[
"zq7Ek8sMz"
],
"uid":"gjw910426",
"parent":"zq71FFMvo",
"text":"",
"mid":"zq72WA9zG",
"date":"2013-04-01 11:25:52"
},
{
"kids":[],
"uid":"2524809792",
"parent":"",
"text":"@江宁公安在线",
"mid":"zq72VqQAP",
"date":"2013-04-01 11:25:50"
},
{
"kids":[],
"uid":"1736415063",
"parent":"zq71FFMvo",
"text":"神回复",
"mid":"zq72Rfo3D",
"date":"2013-04-01 11:25:39"
},
{
"kids":[],
"uid":"2064571783",
"parent":"zq71FFMvo",
"text":"好啊",
"mid":"zq72JBuzE",
"date":"2013-04-01 11:25:21"
},
{
"kids":[],
"uid":"1927557222",
"parent":"zq71FFMvo",
"text":"",
"mid":"zq72GjP61",
"date":"2013-04-01 11:25:13"
},
{
"kids":[],
"uid":"208234806",
"parent":"zq71FFMvo",
"text":"[哈哈]神回复啊",
"mid":"zq72AagNp",
"date":"2013-04-01 11:24:58"
},
{
"kids":[],
"uid":"1808659092",
"parent":"zq71FFMvo",
"text":"[赞] 无得谈~",
"mid":"zq72yFnBX",
"date":"2013-04-01 11:24:55"
},
{
"kids":[],
"uid":"05lisheng",
"parent":"zq71FFMvo",
"text":"呃",
"mid":"zq72xux7O",
"date":"2013-04-01 11:24:53"
},
{
"kids":[
"zq7tI2YOH"
],
"uid":"1792034044",
"parent":"zq71FFMvo",
"text":"[偷笑]求证实",
"mid":"zq72vneoC",
"date":"2013-04-01 11:24:48"
},
{
"kids":[
"zq73p0eCb"
],
"uid":"trunks711",
"parent":"zq71FFMvo",
"text":"愚人节快乐[哈哈]",
"mid":"zq72n8uOP",
"date":"2013-04-01 11:24:28"
},
{
"kids":[],
"uid":"point554011589",
"parent":"zq71FFMvo",
"text":"",
"mid":"zq72mgoyY",
"date":"2013-04-01 11:24:26"
},
{
"kids":[],
"uid":"2995373360",
"parent":"zq71FFMvo",
"text":"",
"mid":"zq72a8k6f",
"date":"2013-04-01 11:23:57"
},
{
"kids":[
"zq7nGAnnY",
"zq73118yF"
],
"uid":"2619276944",
"parent":"zq71FFMvo",
"text":"[哈哈]",
"mid":"zq726hKta",
"date":"2013-04-01 11:23:47"
},
{
"kids":[],
"uid":"1843928623",
"parent":"zq71FFMvo",
"text":"[蜡烛]",
"mid":"zq721z1vy",
"date":"2013-04-01 11:23:36"
},
{
"kids":[],
"uid":"2105339671",
"parent":"zq6RLo776",
"text":"那就是密码倒输也能取钱了?绝对假的。",
"mid":"zq71PpoNl",
"date":"2013-04-01 11:23:06"
},
{
"kids":[
"zzobu9eeQ",
"zz523saEo",
"zvWAkl9w4",
"zvSXN9DE5",
"zsW9cmjVw",
"zssnO6kap",
"zsouoxhol",
"zs1oM3xGE",
"zs0okvHnt",
"zrZIF1WIw",
"zrEdhxHsg",
"zrnE4FnfX",
"zrcM32adt",
"zra8TbNzI",
"zr9o4yGhl",
"zr4ldxXiG",
"zqXyP6bUw",
"zqXhVjL8v",
"zqWvOyalZ",
"zqWj9tHHO",
"zqV9N4Beq",
"zqSIqukiV",
"zqO0Tiphk",
"zqNwLqZcJ",
"zqNpJzMzw",
"zqGdSkx2w",
"zqEjiv2Ca",
"zqDk8bDJi",
"zqt88rqge",
"zqpr4dKcj",
"zqp5md99c",
"zql4tAH7H",
"zqiGgapCo",
"zqhWPe1Na",
"zqhhNi7dq",
"zqgCzAsH2",
"zqgeS6oSu",
"zqcmD0aZh",
"zqc7yBKzI",
"zqc4d9KuF",
"zqc24w4yj",
"zqbMft2RQ",
"zqbFyjISO",
"zqbF5EBtU",
"zqbEGwcxw",
"zqbCr4zU0",
"zqbx2wwUi",
"zqbvtAU0B",
"zqbrbpqWK",
"zqbiZplmC",
"zqbhkBrfg",
"zqbfQFqmT",
"zqbaTo6de",
"zqb4ondEN",
"zqb17mYeR",
"zqaHYDz3S",
"zqazttGO4",
"zqaqqBN1R",
"zqapVlrdq",
"zqan9CrOp",
"zqampeRRW",
"zq9ZJhTU8",
"zq9YqABdH",
"zq9TRvA51",
"zq9SijjXA",
"zq9NWxZg5",
"zq9HPqDiJ",
"zq9H7F4z1",
"zq9EEE2bu",
"zq9EeBeL9",
"zq9wXoTQE",
"zq9sNt3rG",
"zq9q9pIbq",
"zq9j4lDk7",
"zq96y83cu",
"zq95N6ZFY",
"zq93ABrez",
"zq90q50CK",
"zq8Vvb4hw",
"zq8UDFnoE",
"zq8MNjjE8",
"zq8Kymw8b",
"zq8ICrbNu",
"zq8FWFOZK",
"zq8CS4z2x",
"zq8CI1JRO",
"zq8zYo83R",
"zq8t1x9IQ",
"zq8pLaQTu",
"zq8j94lTp",
"zq8fFig73",
"zq8eNvK1P",
"zq8crewfE",
"zq8chdnyz",
"zq8aK48by",
"zq87uwBzb",
"zq87b211w",
"zq878mhWF",
"zq86KbNxv",
"zq86d3eVl",
"zq85XmMov",
"zq85Dh7WQ",
"zq83WEgj0",
"zq83J8JId",
"zq8338dvc",
"zq81ioR7Q",
"zq7YFiGjG",
"zq7Wn8ttc",
"zq7UBfNpj",
"zq7UvCJ2W",
"zq7TPld8C",
"zq7TcoDHH",
"zq7SJn5lo",
"zq7SsgqaF",
"zq7S2w2be",
"zq7QZ0yMD",
"zq7OGyzjX",
"zq7OEszXZ",
"zq7M4j7Iz",
"zq7Lhe8DW",
"zq7KKpUpT",
"zq7Kn9nI5",
"zq7K3zWGa",
"zq7JrtfMo",
"zq7JqhQCQ",
"zq7JbvL7y",
"zq7IdvN6b",
"zq7HTq7L3",
"zq7HiwtFk",
"zq7H706mW",
"zq7GFuSUy",
"zq7GadZpK",
"zq7FDpCg3",
"zq7Fs946d",
"zq7DXlp6Q",
"zq7CkiuB6",
"zq7Ciep3r",
"zq7CcBTFp",
"zq7BO7xQF",
"zq7BkwA8L",
"zq7BisuIb",
"zq7B9Av1r",
"zq7AojDDb",
"zq7Ajidxc",
"zq7Abl7zj",
"zq7A404ih",
"zq7zB2ipk",
"zq7zt1B38",
"zq7zoznJS",
"zq7zdlHwP",
"zq7yAo0EL",
"zq7yi1svQ",
"zq7ygwzyo",
"zq7xVhHSD",
"zq7xOdJxO",
"zq7xix9F3",
"zq7xfBtsX",
"zq7wHCnZu",
"zq7w7h4cG",
"zq7vFuNri",
"zq7vmzY67",
"zq7v6BVnB",
"zq7v2tKA1",
"zq7uXeo9F",
"zq7uJyVkM",
"zq7uux2cq",
"zq7uqq2PR",
"zq7tFnfwA",
"zq7srrZ4f",
"zq7sc5Aq8",
"zq7rYcbao",
"zq7rVwrSS",
"zq7rcBilu",
"zq7qmADKQ",
"zq7qivgm0",
"zq7qawuKK",
"zq7q1Dnjb",
"zq7pR0Npl",
"zq7pw3sN2",
"zq7p11EhG",
"zq7oew1QB",
"zq7nAo6cn",
"zq7nfo9Ef",
"zq7n4aslq",
"zq7mXDs9f",
"zq7mosZVz",
"zq7lR67k0",
"zq7lw6FC0",
"zq7lfxxjC",
"zq7kxfFRZ",
"zq7kvuusz",
"zq7khB3vN",
"zq7k1n1sD",
"zq7iWeaa3",
"zq7iUd1dB",
"zq7iHcPvP",
"zq7iGhLWq",
"zq7hTyCvJ",
"zq7h6b9SA",
"zq7h23w1f",
"zq7gAAoRn",
"zq7gwpB7a",
"zq7gkCSlI",
"zq7g7iweI",
"zq7g19Brv",
"zq7fXfGyn",
"zq7fQtpRa",
"zq7fmCwtN",
"zq7eXvrBF",
"zq7emyvKv",
"zq7dUeLAh",
"zq7dEhYFm",
"zq7dlDYYr",
"zq7d60uHD",
"zq7cXq5EQ",
"zq7cOemlP",
"zq7cLCywQ",
"zq7cBvNxy",
"zq7cww0Co",
"zq7ciAYH2",
"zq7bDzsBJ",
"zq7bx4aJz",
"zq7bgwpxp",
"zq7b7D2SK",
"zq7aotiN7",
"zq7ajomfK",
"zq7ahFnH0",
"zq7af0lep",
"zq79J71qq",
"zq79jkT99",
"zq79ejtt7",
"zq78Pf35y",
"zq78oD1nf",
"zq78oC3v1",
"zq78lEJ6P",
"zq78jj2sh",
"zq789iP6G",
"zq786lu86",
"zq782sj2h",
"zq77Th5Vb",
"zq77Q4Fy1",
"zq77rdMHm",
"zq775DeIo",
"zq773zFJX",
"zq7730t91",
"zq772FUkI",
"zq76TwQ55",
"zq76Pqv3a",
"zq76NmpmY",
"zq76raiLX",
"zq76qhzYY",
"zq76pokRh",
"zq76bwFMM",
"zq7647j3l",
"zq75Z9KuH",
"zq75Z87RP",
"zq75X3qqu",
"zq75ShZzi",
"zq75RqmSV",
"zq75P6T67",
"zq75C54JR",
"zq75sAT8u",
"zq75s1GE2",
"zq75pDyFQ",
"zq75gcmRK",
"zq75a0AU3",
"zq7523qlV",
"zq75187oP",
"zq74UiBgM",
"zq74Sw75K",
"zq74Qc2K3",
"zq74J8xHh",
"zq74J6xzS",
"zq74CAeJs",
"zq74BqSQO",
"zq74ytxYG",
"zq74uDrLI",
"zq74sfNNF",
"zq745vOLB",
"zq73RkLMX",
"zq73RkLKb",
"zq73M0nwj",
"zq73zj8W0",
"zq73icjwT",
"zq73i8XA9",
"zq73hxjRO",
"zq736mXvv",
"zq731idTi",
"zq72XayWW",
"zq72WA9zG",
"zq72Rfo3D",
"zq72JBuzE",
"zq72GjP61",
"zq72AagNp",
"zq72yFnBX",
"zq72xux7O",
"zq72vneoC",
"zq72n8uOP",
"zq72mgoyY",
"zq72a8k6f",
"zq726hKta",
"zq721z1vy"
],
"uid":"1716235922",
"parent":"zq6VYglKi",
"text":"神回复！[哈哈][哈哈]",
"mid":"zq71FFMvo",
"date":"2013-04-01 11:22:45"
},
{
"kids":[
"zq7Vbk2wX"
],
"uid":"1735049784",
"parent":"zq6TZ2DeL",
"text":"真的？？",
"mid":"zq6YFdfvD",
"date":"2013-04-01 11:15:20"
},
{
"kids":[],
"uid":"liuyang726",
"parent":"zq6SZ0gec",
"text":"bingbing",
"mid":"zq6Xy5T8m",
"date":"2013-04-01 11:12:35"
},
{
"kids":[],
"uid":"2934497082",
"parent":"",
"text":"真假难辨。谁敢414啊。。",
"mid":"zq6XjkPJL",
"date":"2013-04-01 11:12:00"
},
{
"kids":[],
"uid":"zoulixue110",
"parent":"",
"text":"不知道真的假的，转了吧！",
"mid":"zq6WNptEm",
"date":"2013-04-01 11:10:44"
},
{
"kids":[],
"uid":"1961569400",
"parent":"",
"text":"",
"mid":"zq6W9fnkS",
"date":"2013-04-01 11:09:08"
},
{
"kids":[
"zzobu9eeQ",
"zz523saEo",
"zq71FFMvo"
],
"uid":"marllord",
"parent":"",
"text":"真的吗?那若是设定为\"123321\",那就怎么按都报警了??",
"mid":"zq6VYglKi",
"date":"2013-04-01 11:08:42"
},
{
"kids":[],
"uid":"1412961763",
"parent":"",
"text":"愚人节的笑话罢了！",
"mid":"zq6Vtf7Ol",
"date":"2013-04-01 11:07:28"
},
{
"kids":[],
"uid":"2249370502",
"parent":"",
"text":"求证！！",
"mid":"zq6Vrb2q7",
"date":"2013-04-01 11:07:23"
},
{
"kids":[],
"uid":"fesheep",
"parent":"",
"text":"然后有对称强迫症的人，就没有然后了。。。",
"mid":"zq6UQycv2",
"date":"2013-04-01 11:05:56"
},
{
"kids":[],
"uid":"2581551584",
"parent":"",
"text":"",
"mid":"zq6UGf2Zg",
"date":"2013-04-01 11:05:31"
},
{
"kids":[],
"uid":"2310455165",
"parent":"",
"text":"真？假？@李泳澎 @湘湘妹子乖乖 @左耳有点背 @ooo兔兔 @卷卷麻麻咪 @小蓝花花儿 @娇妹儿123",
"mid":"zq6UzEZOE",
"date":"2013-04-01 11:05:14"
},
{
"kids":[],
"uid":"andylwsj",
"parent":"zq6THmcMt",
"text":"好吧，我知道被愚了@宁波机场阳光服务 可以的！！",
"mid":"zq6U1qE3I",
"date":"2013-04-01 11:03:53"
},
{
"kids":[
"zq6YFdfvD"
],
"uid":"515856668",
"parent":"",
"text":"",
"mid":"zq6TZ2DeL",
"date":"2013-04-01 11:03:47"
},
{
"kids":[
"zq7tcbezL",
"zq6U1qE3I"
],
"uid":"andylwsj",
"parent":"",
"text":"试问如果密码是888888呢，岂不是每次取款都要惊动警方？[哈哈][哈哈][哈哈]",
"mid":"zq6THmcMt",
"date":"2013-04-01 11:03:06"
},
{
"kids":[],
"uid":"xc513",
"parent":"",
"text":"话说劫匪拿到钱，紧接着就是割你喉咙[泪]",
"mid":"zq6TB9VlJ",
"date":"2013-04-01 11:02:51"
},
{
"kids":[],
"uid":"173616898",
"parent":"",
"text":"",
"mid":"zq6TiwtkA",
"date":"2013-04-01 11:02:05"
},
{
"kids":[],
"uid":"mastery",
"parent":"",
"text":"作为公众人物 请勿误导群众 自重",
"mid":"zq6TddrpF",
"date":"2013-04-01 11:01:54"
},
{
"kids":[],
"uid":"2513461420",
"parent":"",
"text":"假的要死",
"mid":"zq6T4D1MK",
"date":"2013-04-01 11:01:34"
},
{
"kids":[
"zq8Tf7irL",
"zq7Nn0KBH"
],
"uid":"2010856584",
"parent":"",
"text":"倒着输入密码，ATM机真的可以识别到并且按要求吐出金额后付款？？@开心小猪班纳",
"mid":"zq6T2xiJ8",
"date":"2013-04-01 11:01:29"
},
{
"kids":[
"zq6Xy5T8m"
],
"uid":"shxgaj",
"parent":"",
"text":"[奥特曼]",
"mid":"zq6SZ0gec",
"date":"2013-04-01 11:01:20"
},
{
"kids":[],
"uid":"1910580462",
"parent":"",
"text":"骗子",
"mid":"zq6ST8YxK",
"date":"2013-04-01 11:01:06"
},
{
"kids":[],
"uid":"1972373511",
"parent":"zq6Sff6Iz",
"text":"今天所有的微博内容'我再也不相信了[哼]",
"mid":"zq6SHgNeo",
"date":"2013-04-01 11:00:37"
},
{
"kids":[],
"uid":"bamboohome",
"parent":"",
"text":"",
"mid":"zq6SG5rjf",
"date":"2013-04-01 11:00:34"
},
{
"kids":[],
"uid":"1518922947",
"parent":"zq6Ph6DRR",
"text":"真的咩？",
"mid":"zq6SwmfLi",
"date":"2013-04-01 11:00:12"
},
{
"kids":[],
"uid":"2937170793",
"parent":"",
"text":"",
"mid":"zq6StoUFC",
"date":"2013-04-01 11:00:04"
},
{
"kids":[
"zq6SHgNeo"
],
"uid":"2926704393",
"parent":"zq6RLo776",
"text":"被愚了[汗][汗]",
"mid":"zq6Sff6Iz",
"date":"2013-04-01 10:59:30"
},
{
"kids":[],
"uid":"1793601100",
"parent":"",
"text":"真？",
"mid":"zq6Sb5GnR",
"date":"2013-04-01 10:59:20"
},
{
"kids":[
"zq85fmAmp",
"zq71PpoNl",
"zq6Sff6Iz"
],
"uid":"nhcaogen",
"parent":"zq6RlCfVm",
"text":"假的",
"mid":"zq6RLo776",
"date":"2013-04-01 10:58:19"
},
{
"kids":[
"zq6RLo776"
],
"uid":"2926704393",
"parent":"zq6O0u2H4",
"text":"真的吗？@宁海草根 @宁海万花筒",
"mid":"zq6RlCfVm",
"date":"2013-04-01 10:57:19"
},
{
"kids":[],
"uid":"1943361987",
"parent":"zq6L7aqQS",
"text":"",
"mid":"zq6R5ELwA",
"date":"2013-04-01 10:56:40"
},
{
"kids":[],
"uid":"1792042523",
"parent":"",
"text":"",
"mid":"zq6QJv14b",
"date":"2013-04-01 10:55:48"
},
{
"kids":[
"zqvST0uTl",
"zqshlxHA6",
"zqshlxHyv",
"zq7rAhPh0"
],
"uid":"1179300692",
"parent":"",
"text":"real or false?",
"mid":"zq6Q8kV31",
"date":"2013-04-01 10:54:19"
},
{
"kids":[],
"uid":"2144186897",
"parent":"",
"text":"",
"mid":"zq6PWa6yp",
"date":"2013-04-01 10:53:50"
},
{
"kids":[],
"uid":"1748383661",
"parent":"",
"text":"",
"mid":"zq6Pu6NUL",
"date":"2013-04-01 10:52:43"
},
{
"kids":[
"zq6SwmfLi"
],
"uid":"1975665815",
"parent":"",
"text":"可行吗？@西门町吃在宁波 西门G[呵呵]",
"mid":"zq6Ph6DRR",
"date":"2013-04-01 10:52:11"
},
{
"kids":[],
"uid":"1447623817",
"parent":"",
"text":"真的假的？",
"mid":"zq6OHCH8c",
"date":"2013-04-01 10:50:47"
},
{
"kids":[],
"uid":"wugumianhuatang",
"parent":"zq6L7aqQS",
"text":"愚人节吧",
"mid":"zq6ObaRLR",
"date":"2013-04-01 10:49:30"
},
{
"kids":[
"zq6RlCfVm"
],
"uid":"1972373511",
"parent":"",
"text":"真的假的'这么灵？",
"mid":"zq6O0u2H4",
"date":"2013-04-01 10:49:06"
},
{
"kids":[],
"uid":"heatonk",
"parent":"",
"text":"真的假的。。。",
"mid":"zq6Nqbvhz",
"date":"2013-04-01 10:47:39"
},
{
"kids":[],
"uid":"2095171973",
"parent":"",
"text":"真的假的？",
"mid":"zq6N63BO6",
"date":"2013-04-01 10:46:50"
},
{
"kids":[],
"uid":"dazhoushanzt",
"parent":"",
"text":"真的假的[哈哈]",
"mid":"zq6N5bY7B",
"date":"2013-04-01 10:46:47"
},
{
"kids":[],
"uid":"dingjiashi",
"parent":"",
"text":"",
"mid":"zq6MKuEU2",
"date":"2013-04-01 10:45:58"
},
{
"kids":[],
"uid":"1307665567",
"parent":"",
"text":"",
"mid":"zq6MwBfLy",
"date":"2013-04-01 10:45:26"
},
{
"kids":[],
"uid":"2072186562",
"parent":"",
"text":"要留意了！！",
"mid":"zq6Me20bS",
"date":"2013-04-01 10:44:40"
},
{
"kids":[],
"uid":"1802435682",
"parent":"",
"text":"@左岸咖啡0911 @s_myolie @suki施施 @摩卡小空间 @鳳凰衛視竹幼婷",
"mid":"zq6MbnlhV",
"date":"2013-04-01 10:44:34"
},
{
"kids":[],
"uid":"511060124",
"parent":"zq6L7aqQS",
"text":"",
"mid":"zq6MacuTl",
"date":"2013-04-01 10:44:32"
},
{
"kids":[],
"uid":"plrj",
"parent":"zq6La5UK8",
"text":"额 我也表示 真的假的？",
"mid":"zq6M7wL53",
"date":"2013-04-01 10:44:26"
},
{
"kids":[],
"uid":"2617957681",
"parent":"",
"text":"真得假得",
"mid":"zq6LUcp1G",
"date":"2013-04-01 10:43:53"
},
{
"kids":[],
"uid":"1785719511",
"parent":"",
"text":"愚人节耍人呢吧~~~",
"mid":"zq6LPu3qD",
"date":"2013-04-01 10:43:43"
},
{
"kids":[],
"uid":"s324",
"parent":"",
"text":"学一招",
"mid":"zq6LvokO9",
"date":"2013-04-01 10:42:55"
},
{
"kids":[
"zqeHjsNA1"
],
"uid":"xcingular",
"parent":"",
"text":"真的假的",
"mid":"zq6LpuIvb",
"date":"2013-04-01 10:42:40"
},
{
"kids":[],
"uid":"1878787332",
"parent":"",
"text":"下次去试了会不会被警察叔叔打？",
"mid":"zq6LogVcS",
"date":"2013-04-01 10:42:38"
},
{
"kids":[],
"uid":"r123456",
"parent":"zq6L7aqQS",
"text":"明显假的。。。我密码是123321怎么办。。888888怎么办。。。",
"mid":"zq6LmuW5Q",
"date":"2013-04-01 10:42:34"
},
{
"kids":[
"zq7MswWx5"
],
"uid":"1979639794",
"parent":"",
"text":"[挖鼻屎]这都行。。。",
"mid":"zq6Lf7kB4",
"date":"2013-04-01 10:42:15"
},
{
"kids":[],
"uid":"1886207663",
"parent":"",
"text":"。。。能去提款机试试吗",
"mid":"zq6LdllyK",
"date":"2013-04-01 10:42:11"
},
{
"kids":[
"zq6M7wL53"
],
"uid":"1119062907",
"parent":"",
"text":"真假的",
"mid":"zq6La5UK8",
"date":"2013-04-01 10:42:02"
},
{
"kids":[
"zq7xsk2Cy",
"zq7aAAfG1",
"zq78Dn4Xp",
"zq6R5ELwA",
"zq6ObaRLR",
"zq6MacuTl",
"zq6LmuW5Q"
],
"uid":"2624476495",
"parent":"",
"text":"真的假的？",
"mid":"zq6L7aqQS",
"date":"2013-04-01 10:41:56"
},
{
"kids":[],
"uid":"2543059140",
"parent":"",
"text":"",
"mid":"zq6KRdWwa",
"date":"2013-04-01 10:41:19"
},
{
"kids":[],
"uid":"2134663193",
"parent":"",
"text":"假的",
"mid":"zq6KHpRye",
"date":"2013-04-01 10:40:57"
}
]