[
{
"kids":[],
"uid":"2605950230",
"parent":"",
"text":"回复@200个晴天:我是排除不了中国人的某些劣根了，希望您别有任何沾染，繁衍出更加优秀的中国人，拜托了，中国的未来交给您了。",
"mid":"zdIJprHdg",
"date":"2013-01-09 23:28:11"
},
{
"kids":[],
"uid":"2919356004",
"parent":"zdcz9cVyk",
"text":"",
"mid":"zdk950uNA",
"date":"2013-01-07 08:52:45"
},
{
"kids":[],
"uid":"2919619184",
"parent":"zd13TkEDj",
"text":"",
"mid":"zdikNuY3E",
"date":"2013-01-07 04:16:07"
},
{
"kids":[],
"uid":"3062057621",
"parent":"zd6MYo1by",
"text":"",
"mid":"zdgIWFXqb",
"date":"2013-01-07 00:10:07"
},
{
"kids":[],
"uid":"1159878003",
"parent":"",
"text":"",
"mid":"zdg6AxqQ9",
"date":"2013-01-06 22:35:38"
},
{
"kids":[],
"uid":"2283679660",
"parent":"zd6MYo1by",
"text":"",
"mid":"zdflJfrja",
"date":"2013-01-06 20:40:08"
},
{
"kids":[],
"uid":"2650339054",
"parent":"zd6MYo1by",
"text":"",
"mid":"zdf6tphYZ",
"date":"2013-01-06 20:02:34"
},
{
"kids":[],
"uid":"caishaozi",
"parent":"zdb2vAY4y",
"text":"真黑心！！！真寒心！！！",
"mid":"zddYdhhxG",
"date":"2013-01-06 17:09:28"
},
{
"kids":[],
"uid":"2017925925",
"parent":"zd6MYo1by",
"text":"[怒]",
"mid":"zddLOECXL",
"date":"2013-01-06 16:38:58"
},
{
"kids":[],
"uid":"2316713063",
"parent":"zd6MYo1by",
"text":"",
"mid":"zddBNfsTj",
"date":"2013-01-06 16:14:15"
},
{
"kids":[],
"uid":"1933952080",
"parent":"zd6MYo1by",
"text":"",
"mid":"zddqS03yQ",
"date":"2013-01-06 15:47:21"
},
{
"kids":[],
"uid":"2784035321",
"parent":"zd6MYo1by",
"text":"",
"mid":"zdcRHwrnl",
"date":"2013-01-06 14:20:43"
},
{
"kids":[],
"uid":"1480019250",
"parent":"zd6MYo1by",
"text":"",
"mid":"zdcBUjW2e",
"date":"2013-01-06 13:41:46"
},
{
"kids":[],
"uid":"2152385243",
"parent":"zd6MYo1by",
"text":"",
"mid":"zdczDD0nl",
"date":"2013-01-06 13:36:11"
},
{
"kids":[
"zdk950uNA"
],
"uid":"1342997015",
"parent":"zd6MYo1by",
"text":"",
"mid":"zdcz9cVyk",
"date":"2013-01-06 13:35:00"
},
{
"kids":[],
"uid":"beststrawberry",
"parent":"zd6YK0g77",
"text":"饮料最好少喝",
"mid":"zdcwenDx5",
"date":"2013-01-06 13:27:49"
},
{
"kids":[],
"uid":"3107094273",
"parent":"",
"text":"",
"mid":"zdct5BHoY",
"date":"2013-01-06 13:20:05"
},
{
"kids":[],
"uid":"3035022937",
"parent":"",
"text":"",
"mid":"zdcooiazY",
"date":"2013-01-06 13:08:30"
},
{
"kids":[],
"uid":"2334104943",
"parent":"zd6MYo1by",
"text":"我喝了好多",
"mid":"zdcfX0OgC",
"date":"2013-01-06 12:47:41"
},
{
"kids":[],
"uid":"1883727311",
"parent":"zd6MYo1by",
"text":"",
"mid":"zdc9SvhNc",
"date":"2013-01-06 12:32:44"
},
{
"kids":[],
"uid":"2550884604",
"parent":"zd6MYo1by",
"text":"",
"mid":"zdbTPAX41",
"date":"2013-01-06 11:53:13"
},
{
"kids":[],
"uid":"1874172657",
"parent":"zd6MYo1by",
"text":"马碧",
"mid":"zdbRqFP6H",
"date":"2013-01-06 11:47:18"
},
{
"kids":[],
"uid":"2122252165",
"parent":"zd6MYo1by",
"text":"惨了，叫人还活不活",
"mid":"zdbPS4YJQ",
"date":"2013-01-06 11:43:26"
},
{
"kids":[],
"uid":"hanmo1973",
"parent":"zd6MYo1by",
"text":"[吃惊]",
"mid":"zdbDbb6B7",
"date":"2013-01-06 11:12:11"
},
{
"kids":[],
"uid":"2554130742",
"parent":"zd6MYo1by",
"text":"",
"mid":"zdbBA9HvX",
"date":"2013-01-06 11:08:14"
},
{
"kids":[],
"uid":"2549621963",
"parent":"",
"text":"又一种饮料不能喝了....",
"mid":"zdbBy6hbe",
"date":"2013-01-06 11:08:10"
},
{
"kids":[],
"uid":"fl1225",
"parent":"zd6MYo1by",
"text":"",
"mid":"zdbx6nKI5",
"date":"2013-01-06 10:57:13"
},
{
"kids":[],
"uid":"landexuekong",
"parent":"",
"text":"摘录到《遥记当年小贾喜欢过的那些文章》 http:",
"mid":"zdbnf2FUI",
"date":"2013-01-06 10:32:55"
},
{
"kids":[],
"uid":"1891507770",
"parent":"",
"text":"果粒橙，昨天刚喝。。",
"mid":"zdb69mgAi",
"date":"2013-01-06 09:50:48"
},
{
"kids":[
"zddYdhhxG"
],
"uid":"547160287",
"parent":"zd6MYo1by",
"text":"",
"mid":"zdb2vAY4y",
"date":"2013-01-06 09:41:50"
},
{
"kids":[],
"uid":"2318212835",
"parent":"zd6YK0g77",
"text":"",
"mid":"zdaTWBiw0",
"date":"2013-01-06 09:20:45"
},
{
"kids":[],
"uid":"2000211191",
"parent":"",
"text":"还有能喝的吗?这质监局是干啥吃的?把中国老百姓全毒死完了",
"mid":"zdaPqtLB9",
"date":"2013-01-06 09:09:37"
},
{
"kids":[],
"uid":"liupu2010",
"parent":"zdabu24im",
"text":"",
"mid":"zdapzqAYd",
"date":"2013-01-06 08:05:55"
},
{
"kids":[],
"uid":"1811470413",
"parent":"zd6MYo1by",
"text":"",
"mid":"zdahsvzSE",
"date":"2013-01-06 07:45:55"
},
{
"kids":[],
"uid":"2131903785",
"parent":"zd9PNuVlz",
"text":"",
"mid":"zdagKwtBH",
"date":"2013-01-06 07:44:10"
},
{
"kids":[
"zdapzqAYd"
],
"uid":"2032492787",
"parent":"zd9KECLHa",
"text":"@相约在草原-青争",
"mid":"zdabu24im",
"date":"2013-01-06 07:31:11"
},
{
"kids":[],
"uid":"1873452145",
"parent":"zd6MYo1by",
"text":"",
"mid":"zdaboDXjj",
"date":"2013-01-06 07:30:59"
},
{
"kids":[],
"uid":"2919447924",
"parent":"zd13TkEDj",
"text":"",
"mid":"zdaaQmtgv",
"date":"2013-01-06 07:29:37"
},
{
"kids":[],
"uid":"3038206875",
"parent":"",
"text":"",
"mid":"zd9QAxfRH",
"date":"2013-01-06 06:39:42"
},
{
"kids":[
"zdagKwtBH"
],
"uid":"2129384047",
"parent":"zd9KECLHa",
"text":"",
"mid":"zd9PNuVlz",
"date":"2013-01-06 06:37:46"
},
{
"kids":[],
"uid":"1735567642",
"parent":"zd9KECLHa",
"text":"孩纸们，喝白开水最安全",
"mid":"zd9LHmun3",
"date":"2013-01-06 06:27:40"
},
{
"kids":[
"zdabu24im",
"zd9PNuVlz",
"zd9LHmun3"
],
"uid":"2079112265",
"parent":"zd81ze4tu",
"text":"",
"mid":"zd9KECLHa",
"date":"2013-01-06 06:25:06"
},
{
"kids":[],
"uid":"1722947657",
"parent":"zd6UU8usk",
"text":"",
"mid":"zd868B05S",
"date":"2013-01-06 02:12:32"
},
{
"kids":[
"zd9KECLHa"
],
"uid":"2116947160",
"parent":"",
"text":"",
"mid":"zd81ze4tu",
"date":"2013-01-06 02:01:17"
},
{
"kids":[],
"uid":"1855265525",
"parent":"zd6MYo1by",
"text":"",
"mid":"zd7OaC1L6",
"date":"2013-01-06 01:28:17"
},
{
"kids":[],
"uid":"2300545965",
"parent":"zd7mttEpv",
"text":"这么恶心[吃惊]",
"mid":"zd7vd9NvZ",
"date":"2013-01-06 00:41:34"
},
{
"kids":[],
"uid":"1413500662",
"parent":"zd6MYo1by",
"text":"又是贸易冲突的结果，别说果粒橙，我估计其他国内公司的饮料更经不起检查。",
"mid":"zd7qzAS2t",
"date":"2013-01-06 00:30:07"
},
{
"kids":[
"zd7vd9NvZ"
],
"uid":"2185938467",
"parent":"",
"text":"各位还喝吗?",
"mid":"zd7mttEpv",
"date":"2013-01-06 00:20:03"
},
{
"kids":[],
"uid":"2377210412",
"parent":"zd6MYo1by",
"text":"",
"mid":"zd7judGld",
"date":"2013-01-06 00:12:41"
},
{
"kids":[],
"uid":"3155171055",
"parent":"zd6MYo1by",
"text":"",
"mid":"zd7gTbvqz",
"date":"2013-01-06 00:06:14"
},
{
"kids":[],
"uid":"2153839635",
"parent":"zd6YK0g77",
"text":"农药？美汁源！中国人已经有着集苏丹红，三聚氰胺，塑化剂，多菌灵。。等等于一身的抗体了。。。@jerry0708",
"mid":"zd73e3vfk",
"date":"2013-01-05 23:32:36"
},
{
"kids":[
"zdcwenDx5",
"zdaTWBiw0",
"zd73e3vfk"
],
"uid":"2716080473",
"parent":"zd6MYo1by",
"text":"好久不喝那个了。。",
"mid":"zd6YK0g77",
"date":"2013-01-05 23:21:34"
},
{
"kids":[],
"uid":"1458721450",
"parent":"zd6MYo1by",
"text":"不要喝。",
"mid":"zd6Ykx7hg",
"date":"2013-01-05 23:20:31"
},
{
"kids":[],
"uid":"3108467131",
"parent":"zd6MYo1by",
"text":"",
"mid":"zd6V8gHYn",
"date":"2013-01-05 23:12:41"
},
{
"kids":[
"zd868B05S"
],
"uid":"onlyrice",
"parent":"zd6MYo1by",
"text":"[闭嘴][闭嘴][闭嘴][吃惊]",
"mid":"zd6UU8usk",
"date":"2013-01-05 23:12:07"
},
{
"kids":[],
"uid":"2317808634",
"parent":"zd6MYo1by",
"text":"恐怖[惊恐]！其他饮料呢？能幸免吗？",
"mid":"zd6T8aIEJ",
"date":"2013-01-05 23:07:43"
},
{
"kids":[],
"uid":"yyyxxxzzz",
"parent":"zd6MYo1by",
"text":"[泪][吃惊]",
"mid":"zd6QF9p4X",
"date":"2013-01-05 23:01:40"
},
{
"kids":[],
"uid":"2768559092",
"parent":"zd6MYo1by",
"text":"转发微博。",
"mid":"zd6PoeEhX",
"date":"2013-01-05 22:58:29"
},
{
"kids":[
"zdgIWFXqb",
"zdflJfrja",
"zdf6tphYZ",
"zddLOECXL",
"zddBNfsTj",
"zddqS03yQ",
"zdcRHwrnl",
"zdcBUjW2e",
"zdczDD0nl",
"zdcz9cVyk",
"zdcfX0OgC",
"zdc9SvhNc",
"zdbTPAX41",
"zdbRqFP6H",
"zdbPS4YJQ",
"zdbDbb6B7",
"zdbBA9HvX",
"zdbx6nKI5",
"zdb2vAY4y",
"zdahsvzSE",
"zdaboDXjj",
"zd7OaC1L6",
"zd7qzAS2t",
"zd7judGld",
"zd7gTbvqz",
"zd6YK0g77",
"zd6Ykx7hg",
"zd6V8gHYn",
"zd6UU8usk",
"zd6T8aIEJ",
"zd6QF9p4X",
"zd6PoeEhX"
],
"uid":"617896101",
"parent":"zcZbssZDC",
"text":"[吃惊]",
"mid":"zd6MYo1by",
"date":"2013-01-05 22:52:35"
},
{
"kids":[],
"uid":"1840366051",
"parent":"",
"text":"摘录到《这里有意思》 http:",
"mid":"zd4jX2NmV",
"date":"2013-01-05 16:35:34"
},
{
"kids":[],
"uid":"2522163202",
"parent":"",
"text":"别喝了叫身边的人也别喝了@-图图然- @格格巫推倒蓝妹妹 @大牌_晓",
"mid":"zd4821P9Q",
"date":"2013-01-05 16:06:13"
},
{
"kids":[],
"uid":"1929146197",
"parent":"zd0PPFDPI",
"text":"好耐无饮过了[哈哈]",
"mid":"zd2JYjOQ5",
"date":"2013-01-05 12:34:11"
},
{
"kids":[],
"uid":"1045861092",
"parent":"",
"text":"",
"mid":"zd2q7gvGz",
"date":"2013-01-05 11:45:17"
},
{
"kids":[],
"uid":"2646823344",
"parent":"",
"text":"",
"mid":"zd2pxuYJz",
"date":"2013-01-05 11:43:52"
},
{
"kids":[],
"uid":"tea0611",
"parent":"zd13TkEDj",
"text":"还好我不喝…",
"mid":"zd2i7sMtS",
"date":"2013-01-05 11:25:35"
},
{
"kids":[],
"uid":"1232301882",
"parent":"zcZbssZDC",
"text":"",
"mid":"zd25VgTKT",
"date":"2013-01-05 10:55:33"
},
{
"kids":[],
"uid":"2689115493",
"parent":"zcZbssZDC",
"text":"晕死，以后吃什么没有危害！这些坑人的企业！",
"mid":"zd1mGaLEB",
"date":"2013-01-05 09:04:04"
},
{
"kids":[],
"uid":"2787885390",
"parent":"zcZbssZDC",
"text":"[怒]",
"mid":"zd1ehdXi4",
"date":"2013-01-05 08:43:22"
},
{
"kids":[],
"uid":"1775053695",
"parent":"zcZbssZDC",
"text":"喝多了就痴呆了",
"mid":"zd17zriIU",
"date":"2013-01-05 08:26:50"
},
{
"kids":[
"zdikNuY3E",
"zdaaQmtgv",
"zd2i7sMtS"
],
"uid":"zhuzhu131488",
"parent":"zcZbssZDC",
"text":"[怒][怒][怒]",
"mid":"zd13TkEDj",
"date":"2013-01-05 08:17:47"
},
{
"kids":[],
"uid":"338961212",
"parent":"zcZbssZDC",
"text":"靠",
"mid":"zd0WwvcA9",
"date":"2013-01-05 07:59:38"
},
{
"kids":[
"zd2JYjOQ5"
],
"uid":"gzbond007",
"parent":"",
"text":"",
"mid":"zd0PPFDPI",
"date":"2013-01-05 07:43:09"
},
{
"kids":[],
"uid":"cycheng2000",
"parent":"",
"text":"前几天还喝着…草",
"mid":"zd0K50AF9",
"date":"2013-01-05 07:28:57"
},
{
"kids":[],
"uid":"2790012950",
"parent":"zcZPSz5k4",
"text":"",
"mid":"zd0srlKJD",
"date":"2013-01-05 06:45:31"
},
{
"kids":[],
"uid":"1761668583",
"parent":"zcZbssZDC",
"text":"[衰]",
"mid":"zd0bxxker",
"date":"2013-01-05 06:03:53"
},
{
"kids":[],
"uid":"2054858733",
"parent":"zcZbssZDC",
"text":"",
"mid":"zd09ZcVVJ",
"date":"2013-01-05 06:00:03"
},
{
"kids":[],
"uid":"1738505091",
"parent":"zcZbssZDC",
"text":"我擦@木易虫工虫 [怒][怒][怒]",
"mid":"zd06eF40l",
"date":"2013-01-05 05:50:48"
},
{
"kids":[
"zd0srlKJD"
],
"uid":"vipxieyingchu",
"parent":"",
"text":"",
"mid":"zcZPSz5k4",
"date":"2013-01-05 05:10:31"
},
{
"kids":[],
"uid":"1969002117",
"parent":"zcZbssZDC",
"text":"",
"mid":"zcZsSelJR",
"date":"2013-01-05 04:13:50"
},
{
"kids":[],
"uid":"2104174535",
"parent":"zcZamwNn5",
"text":"",
"mid":"zcZgQEKoU",
"date":"2013-01-05 03:44:13"
},
{
"kids":[],
"uid":"9go0",
"parent":"zcZbssZDC",
"text":"",
"mid":"zcZfRd3EV",
"date":"2013-01-05 03:41:45"
},
{
"kids":[],
"uid":"1334242140",
"parent":"zcZbssZDC",
"text":"它的广告宣传明星是那几个？？？",
"mid":"zcZdCkSvH",
"date":"2013-01-05 03:36:15"
},
{
"kids":[],
"uid":"1793365221",
"parent":"zcZbssZDC",
"text":"",
"mid":"zcZd44PRm",
"date":"2013-01-05 03:34:53"
},
{
"kids":[
"zd6MYo1by",
"zd25VgTKT",
"zd1mGaLEB",
"zd1ehdXi4",
"zd17zriIU",
"zd13TkEDj",
"zd0WwvcA9",
"zd0bxxker",
"zd09ZcVVJ",
"zd06eF40l",
"zcZsSelJR",
"zcZfRd3EV",
"zcZdCkSvH",
"zcZd44PRm"
],
"uid":"ycwbxzy",
"parent":"zcZaTjNIx",
"text":"麻痹！[怒]",
"mid":"zcZbssZDC",
"date":"2013-01-05 03:30:56"
},
{
"kids":[
"zcZbssZDC"
],
"uid":"111969328",
"parent":"",
"text":"[吃惊][吃惊]",
"mid":"zcZaTjNIx",
"date":"2013-01-05 03:29:32"
},
{
"kids":[
"zcZgQEKoU"
],
"uid":"2435517012",
"parent":"",
"text":"转发微博。",
"mid":"zcZamwNn5",
"date":"2013-01-05 03:28:13"
},
{
"kids":[],
"uid":"2826739195",
"parent":"",
"text":"肏他妈的，坑多少人",
"mid":"zcXbcopmW",
"date":"2013-01-04 22:24:48"
},
{
"kids":[],
"uid":"2710046647",
"parent":"",
"text":"转了",
"mid":"zcX5GuTSG",
"date":"2013-01-04 22:11:12"
}
]