[
{
"kids":[],
"uid":"simtalker",
"parent":"yBPn0wOtP",
"text":"围观造谣者！",
"mid":"yBPou8OEQ",
"date":"2012-09-14 13:48:51"
},
{
"kids":[
"yBPou8OEQ"
],
"uid":"wind2tree",
"parent":"yBh92jDv6",
"text":"污蔑",
"mid":"yBPn0wOtP",
"date":"2012-09-14 13:45:13"
},
{
"kids":[],
"uid":"2920201652",
"parent":"",
"text":"",
"mid":"yBONRirVa",
"date":"2012-09-14 12:18:35"
},
{
"kids":[],
"uid":"2920214162",
"parent":"",
"text":"",
"mid":"yBFzWvZzz",
"date":"2012-09-13 12:49:37"
},
{
"kids":[],
"uid":"1866669830",
"parent":"yBhFDcKFR",
"text":"………",
"mid":"yBA5F0xp1",
"date":"2012-09-12 22:51:16"
},
{
"kids":[],
"uid":"2611692603",
"parent":"yBgEipLhi",
"text":"啊",
"mid":"yBv8ZfNUx",
"date":"2012-09-12 10:15:44"
},
{
"kids":[],
"uid":"luuadore",
"parent":"",
"text":"要是我，我也会这么做的[din推撞]",
"mid":"yButtvwf4",
"date":"2012-09-12 08:33:28"
},
{
"kids":[],
"uid":"2784611400",
"parent":"yBppD63U3",
"text":"",
"mid":"yBrEwjSTK",
"date":"2012-09-12 01:22:26"
},
{
"kids":[],
"uid":"2629844621",
"parent":"yBh4KD7XZ",
"text":"啊？刚买好的兰罐，有的已经在肚子里了！",
"mid":"yBqI50sSd",
"date":"2012-09-11 22:58:25"
},
{
"kids":[],
"uid":"2697055000",
"parent":"yBgshtq0W",
"text":"要屎咯...",
"mid":"yBquTjMwh",
"date":"2012-09-11 22:25:58"
},
{
"kids":[],
"uid":"1944876501",
"parent":"yBpSg5XIv",
"text":"@映_画 才买了好几盒！这都不能吃了，汗！",
"mid":"yBqozcDIn",
"date":"2012-09-11 22:10:22"
},
{
"kids":[],
"uid":"luuadore",
"parent":"",
"text":"就是呀[泪][泪][泪]",
"mid":"yBpW8kcqI",
"date":"2012-09-11 21:00:18"
},
{
"kids":[
"yBqozcDIn"
],
"uid":"2061924190",
"parent":"yBgS9EH4u",
"text":"我超爱这个品牌的曲奇饼[汗][汗]",
"mid":"yBpSg5XIv",
"date":"2012-09-11 20:50:48"
},
{
"kids":[],
"uid":"2615305051",
"parent":"yBgQXupSW",
"text":"太吓人了!",
"mid":"yBpR61EKx",
"date":"2012-09-11 20:47:55"
},
{
"kids":[],
"uid":"luuadore",
"parent":"",
"text":"@酥小囡",
"mid":"yBpBGEQKK",
"date":"2012-09-11 20:09:58"
},
{
"kids":[],
"uid":"2293047662",
"parent":"",
"text":"",
"mid":"yBpvgEBtX",
"date":"2012-09-11 19:54:09"
},
{
"kids":[
"yBrEwjSTK"
],
"uid":"1978448513",
"parent":"yBhs8DDbn",
"text":"",
"mid":"yBppD63U3",
"date":"2012-09-11 19:40:15"
},
{
"kids":[],
"uid":"1769520232",
"parent":"",
"text":"转发微博。",
"mid":"yBoS2asK6",
"date":"2012-09-11 18:17:30"
},
{
"kids":[],
"uid":"1914250900",
"parent":"",
"text":"我喜欢吃蓝罐曲奇⊙o⊙，坑爹[衰]",
"mid":"yBothnNsK",
"date":"2012-09-11 17:16:29"
},
{
"kids":[],
"uid":"1889371763",
"parent":"yBgKKcWdu",
"text":"",
"mid":"yBoch5n7n",
"date":"2012-09-11 16:34:37"
},
{
"kids":[],
"uid":"1985946735",
"parent":"yBlRr3jhv",
"text":"我原来还很喜欢吃蓝罐曲奇的说[可怜]@Elvis余小鱼-花轮 @Chancy寒烟 @若水之洲",
"mid":"yBnM6tW6D",
"date":"2012-09-11 15:30:08"
},
{
"kids":[],
"uid":"1850440952",
"parent":"yBkGy5yEQ",
"text":"",
"mid":"yBn9e96Kg",
"date":"2012-09-11 13:54:19"
},
{
"kids":[],
"uid":"1526147461",
"parent":"yBh2W7owa",
"text":"",
"mid":"yBmHxmgBv",
"date":"2012-09-11 12:46:08"
},
{
"kids":[],
"uid":"1171213080",
"parent":"yBlmLfvsc",
"text":"",
"mid":"yBmAt7OQT",
"date":"2012-09-11 12:28:43"
},
{
"kids":[],
"uid":"1974979363",
"parent":"yBlvElG2g",
"text":"",
"mid":"yBmkba5Zl",
"date":"2012-09-11 11:48:35"
},
{
"kids":[],
"uid":"2077546807",
"parent":"yBlUnmItE",
"text":"哎",
"mid":"yBmhmtqvs",
"date":"2012-09-11 11:41:39"
},
{
"kids":[],
"uid":"iiiivy",
"parent":"",
"text":"哦晕。。。每年过年公司最爱买这个了，每人至少两大盒。",
"mid":"yBmdg7EYK",
"date":"2012-09-11 11:31:32"
},
{
"kids":[
"yBmhmtqvs"
],
"uid":"2380446957",
"parent":"",
"text":"我想吃光家里的所有饼干，不要毒害孩子了",
"mid":"yBlUnmItE",
"date":"2012-09-11 10:45:01"
},
{
"kids":[
"yBnM6tW6D"
],
"uid":"2181203524",
"parent":"yBl5FBb40",
"text":"当中国人真是危险！@mini-milk @Godiva_芸酱_呼吁立小动物保护法 @honeyyajun @阳光cassiopeia",
"mid":"yBlRr3jhv",
"date":"2012-09-11 10:37:45"
},
{
"kids":[],
"uid":"1915086764",
"parent":"",
"text":"[衰]",
"mid":"yBlNvy8Oo",
"date":"2012-09-11 10:28:06"
},
{
"kids":[],
"uid":"2338819010",
"parent":"yBhyxtICS",
"text":"啥都自己做吧",
"mid":"yBlLy7BGD",
"date":"2012-09-11 10:23:16"
},
{
"kids":[],
"uid":"311081110",
"parent":"",
"text":"我家蓝罐看来要立刻销毁[怒]",
"mid":"yBlKXb56Z",
"date":"2012-09-11 10:21:47"
},
{
"kids":[],
"uid":"1465011680",
"parent":"",
"text":"= =最近没在吃……不过不吃蓝罐的~",
"mid":"yBlKS85uH",
"date":"2012-09-11 10:21:36"
},
{
"kids":[],
"uid":"1904184153",
"parent":"yBhoz0vIG",
"text":"",
"mid":"yBlHcjiIs",
"date":"2012-09-11 10:12:33"
},
{
"kids":[],
"uid":"512321690",
"parent":"",
"text":"大爱的蓝罐曲奇也沦陷了[怒]",
"mid":"yBlC0gLpG",
"date":"2012-09-11 09:59:45"
},
{
"kids":[
"yBmkba5Zl"
],
"uid":"1914218407",
"parent":"",
"text":"",
"mid":"yBlvElG2g",
"date":"2012-09-11 09:44:06"
},
{
"kids":[],
"uid":"1759302803",
"parent":"yBgYM9rar",
"text":"毁了！刚吃完最后一盒",
"mid":"yBlve5xVO",
"date":"2012-09-11 09:43:02"
},
{
"kids":[
"yBmAt7OQT"
],
"uid":"junhaohan",
"parent":"yBhyY6U9o",
"text":"自己买点面蒸馒头，买鸡蛋炒鸡蛋，小米稀饭 足矣！",
"mid":"yBlmLfvsc",
"date":"2012-09-11 09:22:12"
},
{
"kids":[],
"uid":"niceren",
"parent":"yBgzjBfNe",
"text":"天哪………好几样都吃过……",
"mid":"yBllFBw9o",
"date":"2012-09-11 09:19:29"
},
{
"kids":[],
"uid":"2049823007",
"parent":"yBgGC0T3L",
"text":"",
"mid":"yBlhi2FwD",
"date":"2012-09-11 09:08:43"
},
{
"kids":[],
"uid":"tanya0228",
"parent":"",
"text":"！",
"mid":"yBlfpksoe",
"date":"2012-09-11 09:04:05"
},
{
"kids":[],
"uid":"1989593911",
"parent":"",
"text":"家里还一罐没动过了啊[思考]",
"mid":"yBle0oXHy",
"date":"2012-09-11 09:00:38"
},
{
"kids":[],
"uid":"2710107595",
"parent":"yBkezxzxr",
"text":"@Ivy-ding 你家金波是不是爱吃这个？",
"mid":"yBl9kgxP3",
"date":"2012-09-11 08:49:05"
},
{
"kids":[],
"uid":"2143322203",
"parent":"yBkDXjrzc",
"text":"最近还经常吃蓝罐曲奇啊[泪][泪][泪]",
"mid":"yBl88mxSL",
"date":"2012-09-11 08:46:10"
},
{
"kids":[],
"uid":"1863279823",
"parent":"",
"text":"",
"mid":"yBl7apiU3",
"date":"2012-09-11 08:43:47"
},
{
"kids":[],
"uid":"2235938873",
"parent":"yBkkQpevZ",
"text":"winnie~~~~~~~[衰]@怀念我所有的挫折",
"mid":"yBl6C9rqF",
"date":"2012-09-11 08:42:25"
},
{
"kids":[],
"uid":"2259064845",
"parent":"yBhEbBfNv",
"text":"吃的还挺全乎",
"mid":"yBl6vk5cD",
"date":"2012-09-11 08:42:08"
},
{
"kids":[],
"uid":"1970865881",
"parent":"yBkkQpevZ",
"text":"你丫还在吃蓝盒那 话说你啥时候回来啊",
"mid":"yBl6iByyD",
"date":"2012-09-11 08:41:39"
},
{
"kids":[
"yBlRr3jhv"
],
"uid":"331084203",
"parent":"yBgaod8K6",
"text":"啊，我超爱还有蓝罐@笑语嫣嫣 @丹麦蓝罐曲奇官方微博",
"mid":"yBl5FBb40",
"date":"2012-09-11 08:40:05"
},
{
"kids":[],
"uid":"1748748044",
"parent":"yBl05AJmw",
"text":"[吃惊]",
"mid":"yBl5CnMla",
"date":"2012-09-11 08:39:58"
},
{
"kids":[],
"uid":"1801961032",
"parent":"yBkZR87tI",
"text":"蓝罐曲奇？不是吧。。@猪头安安",
"mid":"yBl34Bd6Y",
"date":"2012-09-11 08:33:41"
},
{
"kids":[
"yBl5CnMla"
],
"uid":"tangyuan1982",
"parent":"yBkGy5yEQ",
"text":"OMG，我吃了多少呀！[生病][吐]",
"mid":"yBl05AJmw",
"date":"2012-09-11 08:26:20"
},
{
"kids":[
"yBl34Bd6Y"
],
"uid":"1133105405",
"parent":"",
"text":"凌乱了@搏泄特",
"mid":"yBkZR87tI",
"date":"2012-09-11 08:25:46"
},
{
"kids":[],
"uid":"2810689550",
"parent":"yBhv3cCaw",
"text":"",
"mid":"yBkSeCqii",
"date":"2012-09-11 08:07:00"
},
{
"kids":[],
"uid":"1805277535",
"parent":"yBgn9eVAL",
"text":"幸亏基本都是我吃的,-)",
"mid":"yBkS383fk",
"date":"2012-09-11 08:06:32"
},
{
"kids":[],
"uid":"1933810037",
"parent":"yBgtl57lq",
"text":"@宥菲宝贝 注意啦 蓝罐曲奇上榜了",
"mid":"yBkPBwejT",
"date":"2012-09-11 08:00:31"
},
{
"kids":[],
"uid":"2617048477",
"parent":"yBkOFkiCv",
"text":"这三种我都吃过[衰]",
"mid":"yBkPnkrE4",
"date":"2012-09-11 07:59:57"
},
{
"kids":[],
"uid":"joy917joy",
"parent":"yBkezxzxr",
"text":"你妹的。。。。。。蓝罐也有问题[吃惊]",
"mid":"yBkOGbVCX",
"date":"2012-09-11 07:58:13"
},
{
"kids":[
"yBkPnkrE4"
],
"uid":"2214188194",
"parent":"yBhf486m0",
"text":"@qipeng008 @Einsteiniumm @憨姑娘Lucia @kernxu",
"mid":"yBkOFkiCv",
"date":"2012-09-11 07:58:12"
},
{
"kids":[],
"uid":"2675851621",
"parent":"yBi7qdCFv",
"text":"刚买好",
"mid":"yBkMzgjxV",
"date":"2012-09-11 07:53:02"
},
{
"kids":[],
"uid":"1921111835",
"parent":"yBkKdCHOX",
"text":"",
"mid":"yBkLXcN80",
"date":"2012-09-11 07:51:31"
},
{
"kids":[
"yBkLXcN80"
],
"uid":"1039125751",
"parent":"yBh9AAzXw",
"text":"同意",
"mid":"yBkKdCHOX",
"date":"2012-09-11 07:47:14"
},
{
"kids":[],
"uid":"dandan0725",
"parent":"yBhFDcKFR",
"text":"[围观]",
"mid":"yBkHuzXnI",
"date":"2012-09-11 07:40:31"
},
{
"kids":[],
"uid":"2278200140",
"parent":"yBkySmKXN",
"text":"[晕]",
"mid":"yBkGFuGIR",
"date":"2012-09-11 07:38:30"
},
{
"kids":[
"yBn9e96Kg",
"yBl05AJmw"
],
"uid":"selina0301",
"parent":"",
"text":"@洁洁1223 @酒酿汤汤",
"mid":"yBkGy5yEQ",
"date":"2012-09-11 07:38:11"
},
{
"kids":[
"yBl88mxSL"
],
"uid":"1998396694",
"parent":"yBkySmKXN",
"text":"别吃了@空空10-22",
"mid":"yBkDXjrzc",
"date":"2012-09-11 07:31:49"
},
{
"kids":[
"yBkGFuGIR",
"yBkDXjrzc"
],
"uid":"2462177512",
"parent":"",
"text":"来不及了，吃好多了[怒]",
"mid":"yBkySmKXN",
"date":"2012-09-11 07:19:18"
},
{
"kids":[],
"uid":"1938118053",
"parent":"",
"text":"以后吃国内的食品，国内的多安全啊！！！再小作坊里产的食品都能通过＂去死＂标识，哪像这万恶的资本主义，知名品牌都有毒",
"mid":"yBkyvAs00",
"date":"2012-09-11 07:18:24"
},
{
"kids":[],
"uid":"vankoling",
"parent":"yBi5v5fjm",
"text":"",
"mid":"yBkwJEKrY",
"date":"2012-09-11 07:14:01"
},
{
"kids":[],
"uid":"2045595925",
"parent":"yBgesfqwA",
"text":"",
"mid":"yBktAniay",
"date":"2012-09-11 07:06:16"
},
{
"kids":[],
"uid":"1882809182",
"parent":"yBgYLwNx2",
"text":"",
"mid":"yBkqV9zmc",
"date":"2012-09-11 06:59:42"
},
{
"kids":[],
"uid":"stenlay",
"parent":"yBh9xEcil",
"text":"还是进口好点，至少是质检发现的。国产都沦落到变市民发现的",
"mid":"yBklG87y3",
"date":"2012-09-11 06:46:47"
},
{
"kids":[
"yBl6C9rqF",
"yBl6iByyD"
],
"uid":"1653388033",
"parent":"",
"text":"我从小到大最爱吃的饼干",
"mid":"yBkkQpevZ",
"date":"2012-09-11 06:44:44"
},
{
"kids":[
"yBl9kgxP3",
"yBkOGbVCX"
],
"uid":"2854737834",
"parent":"yBgdNsjbO",
"text":"[汗]这年头 除了自己窝里地下涨出来 看来都不安全[泪]",
"mid":"yBkezxzxr",
"date":"2012-09-11 06:29:17"
},
{
"kids":[],
"uid":"2018547225",
"parent":"yBh4KD7XZ",
"text":"国内已经没有东西可以吃了么？",
"mid":"yBkaav8eD",
"date":"2012-09-11 06:18:26"
},
{
"kids":[],
"uid":"2417169212",
"parent":"yBheRpy0C",
"text":"真的假的？",
"mid":"yBjYcxCiv",
"date":"2012-09-11 05:48:56"
},
{
"kids":[],
"uid":"316914333",
"parent":"yBgtqEKlr",
"text":"进口额阿伐来塞了",
"mid":"yBjXdmC4Q",
"date":"2012-09-11 05:46:31"
},
{
"kids":[],
"uid":"cnoc",
"parent":"",
"text":"@3g0754 这东西不能吃了。。",
"mid":"yBiTei2n8",
"date":"2012-09-11 03:03:57"
},
{
"kids":[],
"uid":"2000858165",
"parent":"yBhBqeVGc",
"text":"",
"mid":"yBiHn4Gjh",
"date":"2012-09-11 02:34:44"
},
{
"kids":[],
"uid":"dullfroth",
"parent":"yBhvXlLiq",
"text":"[吃惊]",
"mid":"yBiv2mD5w",
"date":"2012-09-11 02:04:21"
},
{
"kids":[],
"uid":"2169116680",
"parent":"",
"text":"@轶事李 这个恰不得咯！",
"mid":"yBilSr8Kq",
"date":"2012-09-11 01:41:47"
},
{
"kids":[
"yBkMzgjxV"
],
"uid":"2430080320",
"parent":"",
"text":"偶家小妞前俩天还在吃蓝罐呢",
"mid":"yBi7qdCFv",
"date":"2012-09-11 01:06:10"
},
{
"kids":[
"yBkwJEKrY"
],
"uid":"arum",
"parent":"yBhouijdT",
"text":"",
"mid":"yBi5v5fjm",
"date":"2012-09-11 01:01:26"
},
{
"kids":[],
"uid":"1869652452",
"parent":"yBh7kw3BE",
"text":"靠，我也爱的…",
"mid":"yBhOMdf81",
"date":"2012-09-11 00:20:14"
},
{
"kids":[],
"uid":"2239814070",
"parent":"yBhFDcKFR",
"text":"超标也比假货强！",
"mid":"yBhNiDlSt",
"date":"2012-09-11 00:16:35"
},
{
"kids":[],
"uid":"1879139051",
"parent":"",
"text":"[怒][怒]",
"mid":"yBhJl2POn",
"date":"2012-09-11 00:06:47"
},
{
"kids":[],
"uid":"2257196924",
"parent":"yBhGoqskz",
"text":"原装进口的也未必是好东西啊!",
"mid":"yBhIHvbXZ",
"date":"2012-09-11 00:05:16"
},
{
"kids":[
"yBhIHvbXZ"
],
"uid":"1840816183",
"parent":"yBgYM9r8B",
"text":"",
"mid":"yBhGoqskz",
"date":"2012-09-10 23:59:33"
},
{
"kids":[
"yBA5F0xp1",
"yBkHuzXnI",
"yBhNiDlSt"
],
"uid":"1764523654",
"parent":"",
"text":"蓝罐曲奇[吃惊]",
"mid":"yBhFDcKFR",
"date":"2012-09-10 23:57:41"
},
{
"kids":[
"yBl6vk5cD"
],
"uid":"2173434601",
"parent":"yBhjg8V9Y",
"text":"那怎么也得搭上一壶大红袍吧",
"mid":"yBhEbBfNv",
"date":"2012-09-10 23:54:10"
},
{
"kids":[],
"uid":"2173434601",
"parent":"yBhiAsLDY",
"text":"[馋嘴]好吧",
"mid":"yBhDmvqQR",
"date":"2012-09-10 23:52:07"
},
{
"kids":[],
"uid":"2644050943",
"parent":"yBhv3cCaw",
"text":"[吃惊][晕][汗][汗]吃过两个毒食，饼干和巧克力",
"mid":"yBhBAjUOr",
"date":"2012-09-10 23:47:44"
},
{
"kids":[],
"uid":"2848514972",
"parent":"yBgZv2QOT",
"text":"",
"mid":"yBhBupe3G",
"date":"2012-09-10 23:47:26"
},
{
"kids":[
"yBiHn4Gjh"
],
"uid":"1838149693",
"parent":"yBhA1pIIg",
"text":"还是我自己带＂水货＂回来放心[偷笑][偷笑][偷笑][哈哈][哈哈][哈哈]",
"mid":"yBhBqeVGc",
"date":"2012-09-10 23:47:21"
},
{
"kids":[
"yBhBqeVGc"
],
"uid":"hejun1214",
"parent":"yBgrDysjd",
"text":"来吧来毒害我们吧[偷笑]",
"mid":"yBhA1pIIg",
"date":"2012-09-10 23:43:53"
},
{
"kids":[
"yBlmLfvsc"
],
"uid":"2111354832",
"parent":"yBh92jDv6",
"text":"",
"mid":"yBhyY6U9o",
"date":"2012-09-10 23:41:16"
},
{
"kids":[
"yBlLy7BGD"
],
"uid":"1821770362",
"parent":"yBgYLwNx2",
"text":"",
"mid":"yBhyxtICS",
"date":"2012-09-10 23:40:11"
},
{
"kids":[
"yBiv2mD5w"
],
"uid":"fjxykd",
"parent":"yBg9eC8bR",
"text":"",
"mid":"yBhvXlLiq",
"date":"2012-09-10 23:33:49"
},
{
"kids":[
"yBkSeCqii",
"yBhBAjUOr"
],
"uid":"1835322265",
"parent":"",
"text":"@虎小仙ss 啧啧啧…",
"mid":"yBhv3cCaw",
"date":"2012-09-10 23:31:38"
},
{
"kids":[],
"uid":"2168962355",
"parent":"",
"text":"不会吧，进口食品也信不过啊？领导们开会时吃不少蓝罐曲奇哦[傻笑] @MeowMeow女王",
"mid":"yBhu9kYHf",
"date":"2012-09-10 23:29:24"
},
{
"kids":[
"yBppD63U3"
],
"uid":"2784611400",
"parent":"",
"text":"",
"mid":"yBhs8DDbn",
"date":"2012-09-10 23:24:26"
},
{
"kids":[],
"uid":"1774011447",
"parent":"yBhnEhAzn",
"text":"挺喜欢吃的呢。",
"mid":"yBhrvCNQ5",
"date":"2012-09-10 23:22:51"
},
{
"kids":[],
"uid":"1742249355",
"parent":"yBgZoeTr2",
"text":"以后都自己做",
"mid":"yBhpAeJH9",
"date":"2012-09-10 23:18:11"
},
{
"kids":[],
"uid":"1859479972",
"parent":"",
"text":"还好没买",
"mid":"yBhpldCqY",
"date":"2012-09-10 23:17:34"
},
{
"kids":[
"yBlHcjiIs"
],
"uid":"2488116893",
"parent":"yBh6EwfKU",
"text":"",
"mid":"yBhoz0vIG",
"date":"2012-09-10 23:15:40"
},
{
"kids":[
"yBi5v5fjm"
],
"uid":"akiva",
"parent":"yBgn9eVAL",
"text":"Oh，五好送咯！广而告之[衰][衰][衰]",
"mid":"yBhouijdT",
"date":"2012-09-10 23:15:29"
},
{
"kids":[
"yBhrvCNQ5"
],
"uid":"billyhaha",
"parent":"",
"text":"尼玛，蓝罐曲奇吃了N年。。。。。",
"mid":"yBhnEhAzn",
"date":"2012-09-10 23:13:23"
},
{
"kids":[],
"uid":"2026688683",
"parent":"",
"text":"以后就啥都不要吃了",
"mid":"yBhnxvpuO",
"date":"2012-09-10 23:13:06"
},
{
"kids":[],
"uid":"nooooodle",
"parent":"",
"text":"我还囤着一盒呢！",
"mid":"yBhn59al2",
"date":"2012-09-10 23:12:00"
},
{
"kids":[],
"uid":"2802335120",
"parent":"yBgshtq0W",
"text":"算了切切之前阿拉一直买额静安面包房西点切切看切切看伐特班丫[偷笑][偷笑][偷笑]",
"mid":"yBhlJuy3v",
"date":"2012-09-10 23:08:41"
},
{
"kids":[],
"uid":"2391649842",
"parent":"yBh9AAzXw",
"text":"那tmd我们连白米饭都吃不上了。",
"mid":"yBhkMoZzs",
"date":"2012-09-10 23:06:19"
},
{
"kids":[],
"uid":"1992660072",
"parent":"",
"text":"",
"mid":"yBhjmBls5",
"date":"2012-09-10 23:02:51"
},
{
"kids":[
"yBhEbBfNv"
],
"uid":"nirvanasoul",
"parent":"yBhfX2yK5",
"text":"请你吃曲奇",
"mid":"yBhjg8V9Y",
"date":"2012-09-10 23:02:32"
},
{
"kids":[
"yBhDmvqQR"
],
"uid":"2259064845",
"parent":"yBhfX2yK5",
"text":"好吧，我用蛋糕或饼干帮他还，二块钱的冷面估计你是吃不着了。[嘻嘻]",
"mid":"yBhiAsLDY",
"date":"2012-09-10 23:00:56"
},
{
"kids":[],
"uid":"2826117290",
"parent":"",
"text":"",
"mid":"yBhgRwo0K",
"date":"2012-09-10 22:56:41"
},
{
"kids":[
"yBhjg8V9Y",
"yBhiAsLDY"
],
"uid":"2173434601",
"parent":"yBhdrjykL",
"text":"你家红尘还欠我一碗冷面呢",
"mid":"yBhfX2yK5",
"date":"2012-09-10 22:54:25"
},
{
"kids":[],
"uid":"2079503831",
"parent":"yBhdVc7XR",
"text":"不要吃最好",
"mid":"yBhfFmqOL",
"date":"2012-09-10 22:53:42"
},
{
"kids":[
"yBkOFkiCv"
],
"uid":"2551241711",
"parent":"",
"text":"这不是马士基出品的么",
"mid":"yBhf486m0",
"date":"2012-09-10 22:52:15"
},
{
"kids":[
"yBjYcxCiv"
],
"uid":"1762702891",
"parent":"yBh9xmB1A",
"text":"ou~~~~哎",
"mid":"yBheRpy0C",
"date":"2012-09-10 22:51:45"
},
{
"kids":[],
"uid":"2938241033",
"parent":"yBglnyayF",
"text":"天哪!这年头还能吃啥！",
"mid":"yBheyuyVP",
"date":"2012-09-10 22:50:57"
},
{
"kids":[
"yBhfFmqOL"
],
"uid":"1064316252",
"parent":"yBh7cxeYz",
"text":"真的假的？",
"mid":"yBhdVc7XR",
"date":"2012-09-10 22:49:26"
},
{
"kids":[],
"uid":"207701211",
"parent":"yBhcUfbNm",
"text":"家裡有如下曲奇的趕緊扔吧！",
"mid":"yBhdMCDHY",
"date":"2012-09-10 22:49:06"
},
{
"kids":[],
"uid":"2519535380",
"parent":"",
"text":"哎，这吃的东西开不得玩笑呀",
"mid":"yBhdzCuoP",
"date":"2012-09-10 22:48:35"
},
{
"kids":[
"yBhfX2yK5"
],
"uid":"2259064845",
"parent":"yBhcUfbNm",
"text":"那就别吃了[嘻嘻]",
"mid":"yBhdrjykL",
"date":"2012-09-10 22:48:16"
},
{
"kids":[],
"uid":"yesmelody",
"parent":"yBh4VjUJU",
"text":"蓝罐，下班还吃了几块啊！！吐！！@俊俊情非得已",
"mid":"yBhdphXGR",
"date":"2012-09-10 22:48:10"
},
{
"kids":[
"yBhdMCDHY",
"yBhdrjykL"
],
"uid":"2173434601",
"parent":"yBh8tqMQ8",
"text":"不会[泪]",
"mid":"yBhcUfbNm",
"date":"2012-09-10 22:46:56"
},
{
"kids":[],
"uid":"yujunhuaalex",
"parent":"yBhcrBFNs",
"text":"我也很喜欢蓝罐！",
"mid":"yBhcO3Bjz",
"date":"2012-09-10 22:46:41"
},
{
"kids":[
"yBhcO3Bjz"
],
"uid":"2519535380",
"parent":"yBhathhQ4",
"text":"。。。这是撒意思呀 [围观]",
"mid":"yBhcrBFNs",
"date":"2012-09-10 22:45:48"
},
{
"kids":[],
"uid":"2425675624",
"parent":"",
"text":"要西来，阿勒单位一直发咯",
"mid":"yBhc4gSEj",
"date":"2012-09-10 22:44:52"
},
{
"kids":[],
"uid":"2526364402",
"parent":"",
"text":"[鼓掌]",
"mid":"yBhbL3kzt",
"date":"2012-09-10 22:44:03"
},
{
"kids":[
"yBhcrBFNs"
],
"uid":"yujunhuaalex",
"parent":"yBh45BxjB",
"text":"。。。",
"mid":"yBhathhQ4",
"date":"2012-09-10 22:40:55"
},
{
"kids":[
"yBkKdCHOX",
"yBhkMoZzs"
],
"uid":"kimmylu",
"parent":"",
"text":"TMD 国产货你倒是也弄个黑榜呀，天朝有啥东西是吃的放心的[哼]",
"mid":"yBh9AAzXw",
"date":"2012-09-10 22:38:43"
},
{
"kids":[
"yBklG87y3"
],
"uid":"qinbobo",
"parent":"yBgaUoLdq",
"text":"",
"mid":"yBh9xEcil",
"date":"2012-09-10 22:38:38"
},
{
"kids":[
"yBheRpy0C"
],
"uid":"et20081124",
"parent":"yBh7XxQeM",
"text":"No",
"mid":"yBh9xmB1A",
"date":"2012-09-10 22:38:39"
},
{
"kids":[],
"uid":"izumi0617",
"parent":"yBgS9EH4u",
"text":"所以我們只能吃中國的毒食品",
"mid":"yBh974sw9",
"date":"2012-09-10 22:37:35"
},
{
"kids":[
"yBPn0wOtP",
"yBhyY6U9o"
],
"uid":"1745935203",
"parent":"",
"text":"转发微博。",
"mid":"yBh92jDv6",
"date":"2012-09-10 22:37:25"
},
{
"kids":[
"yBhcUfbNm"
],
"uid":"2259064845",
"parent":"yBgm00sQc",
"text":"还是自己做靠谱吧[睡觉]",
"mid":"yBh8tqMQ8",
"date":"2012-09-10 22:35:58"
},
{
"kids":[
"yBh9xmB1A"
],
"uid":"1762702891",
"parent":"yBh0xrrBv",
"text":"饿。。。有一大罐 曲奇 还要次嘛？",
"mid":"yBh7XxQeM",
"date":"2012-09-10 22:34:43"
},
{
"kids":[],
"uid":"2259629712",
"parent":"yBh4KD7XZ",
"text":"洋毒素？！！！[吃惊]",
"mid":"yBh7RkyR8",
"date":"2012-09-10 22:34:29"
},
{
"kids":[],
"uid":"2030813237",
"parent":"",
"text":"蓝罐曲奇刚买过吃了，一直蛮喜欢曲奇的，也会有问题啊？My god!",
"mid":"yBh7LqOYk",
"date":"2012-09-10 22:34:16"
},
{
"kids":[],
"uid":"2685931917",
"parent":"",
"text":"",
"mid":"yBh7JDlMj",
"date":"2012-09-10 22:34:09"
},
{
"kids":[
"yBhOMdf81"
],
"uid":"2005294471",
"parent":"",
"text":"阿，我也爱蓝罐的",
"mid":"yBh7kw3BE",
"date":"2012-09-10 22:33:12"
},
{
"kids":[],
"uid":"1458671591",
"parent":"yBgYNBTto",
"text":"还好，没一样我喜欢的！",
"mid":"yBh7ialJd",
"date":"2012-09-10 22:33:04"
},
{
"kids":[
"yBhdVc7XR"
],
"uid":"2079503831",
"parent":"yBh5HtqqT",
"text":"伐谈了，快去打榜，下来好多哦",
"mid":"yBh7cxeYz",
"date":"2012-09-10 22:32:53"
},
{
"kids":[
"yBhoz0vIG"
],
"uid":"2070939821",
"parent":"yBgb9aoGY",
"text":"",
"mid":"yBh6EwfKU",
"date":"2012-09-10 22:31:31"
},
{
"kids":[],
"uid":"momodongdong",
"parent":"yBgYM9rar",
"text":"",
"mid":"yBh661nIu",
"date":"2012-09-10 22:30:09"
},
{
"kids":[],
"uid":"tuifeijunjun",
"parent":"yBh0puJjh",
"text":"[泪] 吃死拉到啊",
"mid":"yBh5NCqTQ",
"date":"2012-09-10 22:29:26"
},
{
"kids":[
"yBh7cxeYz"
],
"uid":"571655447",
"parent":"",
"text":"@Candy_寶貝 农港港看，现在还有撒能切[抓狂][抓狂][抓狂]",
"mid":"yBh5HtqqT",
"date":"2012-09-10 22:29:11"
},
{
"kids":[],
"uid":"1404317701",
"parent":"yBgIjcC6f",
"text":"@kutokuto 今年别买了啊 自己做",
"mid":"yBh5GiziX",
"date":"2012-09-10 22:29:08"
},
{
"kids":[
"yBhdphXGR"
],
"uid":"sarah929",
"parent":"yBgKKcWdu",
"text":"转发微博。",
"mid":"yBh4VjUJU",
"date":"2012-09-10 22:27:16"
},
{
"kids":[
"yBqI50sSd",
"yBkaav8eD",
"yBh7RkyR8"
],
"uid":"1011137943",
"parent":"",
"text":"要西了，刚买了一管丹麦曲奇，真个假个",
"mid":"yBh4KD7XZ",
"date":"2012-09-10 22:26:51"
},
{
"kids":[
"yBhathhQ4"
],
"uid":"2519535380",
"parent":"",
"text":"嗯呀[晕] 我在桂林这几天吃了许多素呢",
"mid":"yBh45BxjB",
"date":"2012-09-10 22:25:13"
},
{
"kids":[],
"uid":"1891642404",
"parent":"yBgcG1pAV",
"text":"",
"mid":"yBh3FAZTW",
"date":"2012-09-10 22:24:11"
},
{
"kids":[],
"uid":"2650697903",
"parent":"yBgYLgbAb",
"text":"[衰]家里还有一盒没吃呢",
"mid":"yBh3xCbGP",
"date":"2012-09-10 22:23:50"
},
{
"kids":[],
"uid":"1889688124",
"parent":"",
"text":"",
"mid":"yBh3p2KTg",
"date":"2012-09-10 22:23:30"
},
{
"kids":[
"yBmHxmgBv"
],
"uid":"2619675843",
"parent":"yBgD1ctdG",
"text":"中国没东西吃了！",
"mid":"yBh2W7owa",
"date":"2012-09-10 22:22:22"
},
{
"kids":[],
"uid":"iverson4ever",
"parent":"yBgYLwNGf",
"text":"[右哼哼]",
"mid":"yBh2DcpNP",
"date":"2012-09-10 22:21:36"
},
{
"kids":[],
"uid":"2573714792",
"parent":"yBgb4a20F",
"text":"刚刚吃下半桶蓝罐曲奇……",
"mid":"yBh2vae1a",
"date":"2012-09-10 22:21:16"
},
{
"kids":[],
"uid":"2005712851",
"parent":"yBgYM9rdC",
"text":"",
"mid":"yBh2uBXLb",
"date":"2012-09-10 22:21:17"
},
{
"kids":[],
"uid":"jasonmanolo",
"parent":"yBgYLxN7q",
"text":"个别案例，质检总局不要转移视线可以吗",
"mid":"yBh289qQs",
"date":"2012-09-10 22:20:23"
},
{
"kids":[],
"uid":"1338475602",
"parent":"",
"text":"转发微博。",
"mid":"yBh26DMml",
"date":"2012-09-10 22:20:20"
},
{
"kids":[],
"uid":"1984583244",
"parent":"yBgS9EH4u",
"text":"[吃惊]",
"mid":"yBh1yELhc",
"date":"2012-09-10 22:19:00"
},
{
"kids":[],
"uid":"1153992721",
"parent":"yBgYLwNx2",
"text":"",
"mid":"yBh1kwa3J",
"date":"2012-09-10 22:18:25"
},
{
"kids":[],
"uid":"1919464397",
"parent":"",
"text":"还不如吃地沟油，至少国民的底子在",
"mid":"yBh1hyNXQ",
"date":"2012-09-10 22:18:18"
},
{
"kids":[],
"uid":"2240550462",
"parent":"yBgYLwNGf",
"text":"蓝罐也中招了，还有什么可以吃的",
"mid":"yBh0Y3CJb",
"date":"2012-09-10 22:17:31"
},
{
"kids":[],
"uid":"2519535380",
"parent":"",
"text":"@小橸J1nG吖    蓝罐你喜欢的，以后少吃哦",
"mid":"yBh0zvxMM",
"date":"2012-09-10 22:16:33"
},
{
"kids":[
"yBh7XxQeM"
],
"uid":"et20081124",
"parent":"yBgYLxN7q",
"text":"",
"mid":"yBh0xrrBv",
"date":"2012-09-10 22:16:25"
},
{
"kids":[],
"uid":"nervwxt",
"parent":"yBgYKDy9H",
"text":"都不吃的～",
"mid":"yBh0t1D8s",
"date":"2012-09-10 22:16:16"
},
{
"kids":[
"yBh5NCqTQ"
],
"uid":"2246587342",
"parent":"",
"text":"@火星人金隆 也不能太相信进口食品[不要]",
"mid":"yBh0puJjh",
"date":"2012-09-10 22:16:07"
},
{
"kids":[],
"uid":"iraxs",
"parent":"",
"text":"蓝罐曲奇原先还经常吃呢",
"mid":"yBh0mxn5A",
"date":"2012-09-10 22:16:02"
},
{
"kids":[],
"uid":"1402682812",
"parent":"yBgn9eVAL",
"text":"个记有人要西的很难看了[哈哈]",
"mid":"yBgZYilqE",
"date":"2012-09-10 22:15:03"
},
{
"kids":[],
"uid":"issaneo",
"parent":"",
"text":"这下不体面了",
"mid":"yBgZUb8n4",
"date":"2012-09-10 22:14:54"
},
{
"kids":[],
"uid":"1939417897",
"parent":"yBgYLwNx2",
"text":"",
"mid":"yBgZPooZD",
"date":"2012-09-10 22:14:41"
},
{
"kids":[],
"uid":"1102095294",
"parent":"yBgYLwNGf",
"text":"",
"mid":"yBgZC8pq2",
"date":"2012-09-10 22:14:10"
},
{
"kids":[
"yBhBupe3G"
],
"uid":"2105470840",
"parent":"yBgYLwNua",
"text":"什么也不能吃",
"mid":"yBgZv2QOT",
"date":"2012-09-10 22:13:55"
},
{
"kids":[
"yBhpAeJH9"
],
"uid":"isabelletoto",
"parent":"yBgYLfc8z",
"text":"呃… N年前的一个下午，我可是一口气吃了一罐啊~[生病]",
"mid":"yBgZoeTr2",
"date":"2012-09-10 22:13:38"
},
{
"kids":[],
"uid":"mjiali",
"parent":"yBgYLwNx2",
"text":"你妹啊！蓝罐曲奇我喜欢的啊！",
"mid":"yBgZnDftI",
"date":"2012-09-10 22:13:37"
},
{
"kids":[],
"uid":"leaf1211",
"parent":"",
"text":"@Mia_雯 伐好吃饿！还好全送人了[偷笑][偷笑]",
"mid":"yBgZdBkv3",
"date":"2012-09-10 22:13:12"
},
{
"kids":[],
"uid":"fanfansmallworld",
"parent":"",
"text":"",
"mid":"yBgZdz7mh",
"date":"2012-09-10 22:13:14"
},
{
"kids":[],
"uid":"2179001395",
"parent":"yBgYLwNua",
"text":"",
"mid":"yBgZ23Rqx",
"date":"2012-09-10 22:12:45"
},
{
"kids":[],
"uid":"2910954582",
"parent":"",
"text":"洋毒食！[哼]",
"mid":"yBgYNBTGL",
"date":"2012-09-10 22:12:08"
},
{
"kids":[
"yBh7ialJd"
],
"uid":"1917471842",
"parent":"",
"text":"洋毒食！[哼]",
"mid":"yBgYNBTto",
"date":"2012-09-10 22:12:10"
},
{
"kids":[
"yBh2uBXLb"
],
"uid":"2795417183",
"parent":"",
"text":"洋毒食！[哼]",
"mid":"yBgYM9rdC",
"date":"2012-09-10 22:12:07"
},
{
"kids":[
"yBlve5xVO",
"yBh661nIu"
],
"uid":"2051511584",
"parent":"",
"text":"洋毒食！[哼]",
"mid":"yBgYM9rar",
"date":"2012-09-10 22:12:08"
},
{
"kids":[
"yBhGoqskz"
],
"uid":"1913152212",
"parent":"",
"text":"洋毒食！[哼]",
"mid":"yBgYM9r8B",
"date":"2012-09-10 22:12:07"
},
{
"kids":[],
"uid":"2051492250",
"parent":"",
"text":"洋毒食！[哼]",
"mid":"yBgYM8rB8",
"date":"2012-09-10 22:12:05"
},
{
"kids":[],
"uid":"2819766757",
"parent":"",
"text":"洋毒食！[哼]",
"mid":"yBgYM8rub",
"date":"2012-09-10 22:12:07"
},
{
"kids":[
"yBh289qQs",
"yBh0xrrBv"
],
"uid":"hpshanghai",
"parent":"",
"text":"洋毒食！[哼]",
"mid":"yBgYLxN7q",
"date":"2012-09-10 22:12:06"
},
{
"kids":[
"yBh2DcpNP",
"yBh0Y3CJb",
"yBgZC8pq2"
],
"uid":"2792603742",
"parent":"",
"text":"洋毒食！[哼]",
"mid":"yBgYLwNGf",
"date":"2012-09-10 22:12:07"
},
{
"kids":[
"yBkqV9zmc",
"yBhyxtICS",
"yBh1kwa3J",
"yBgZPooZD",
"yBgZnDftI"
],
"uid":"shanghaibagua",
"parent":"",
"text":"洋毒食！[哼]",
"mid":"yBgYLwNx2",
"date":"2012-09-10 22:12:05"
},
{
"kids":[
"yBgZv2QOT",
"yBgZ23Rqx"
],
"uid":"1959162352",
"parent":"",
"text":"洋毒食！[哼]",
"mid":"yBgYLwNua",
"date":"2012-09-10 22:12:06"
},
{
"kids":[],
"uid":"1888139932",
"parent":"",
"text":"洋毒食！[哼]",
"mid":"yBgYLgbJd",
"date":"2012-09-10 22:12:05"
},
{
"kids":[],
"uid":"modufoood",
"parent":"",
"text":"洋毒食！[哼]",
"mid":"yBgYLgbIM",
"date":"2012-09-10 22:12:05"
},
{
"kids":[],
"uid":"1860454922",
"parent":"",
"text":"洋毒食！[哼]",
"mid":"yBgYLgbIy",
"date":"2012-09-10 22:12:06"
},
{
"kids":[
"yBh3xCbGP"
],
"uid":"2051524012",
"parent":"",
"text":"洋毒食！[哼]",
"mid":"yBgYLgbAb",
"date":"2012-09-10 22:12:04"
},
{
"kids":[],
"uid":"2792567810",
"parent":"",
"text":"洋毒食！[哼]",
"mid":"yBgYLgbyR",
"date":"2012-09-10 22:12:01"
},
{
"kids":[
"yBgZoeTr2"
],
"uid":"1862937372",
"parent":"",
"text":"洋毒食！[哼]",
"mid":"yBgYLfc8z",
"date":"2012-09-10 22:12:05"
},
{
"kids":[
"yBh0t1D8s"
],
"uid":"1894299790",
"parent":"",
"text":"洋毒食！[哼]",
"mid":"yBgYKDy9H",
"date":"2012-09-10 22:12:05"
},
{
"kids":[],
"uid":"1905268182",
"parent":"",
"text":"洋毒食！[哼]",
"mid":"yBgYKDy8b",
"date":"2012-09-10 22:12:02"
},
{
"kids":[],
"uid":"1470299235",
"parent":"yBgdJlb55",
"text":"蓝罐",
"mid":"yBgXGpGv3",
"date":"2012-09-10 22:09:23"
},
{
"kids":[],
"uid":"1913547277",
"parent":"",
"text":"欧尚是德国的？我一直以为是法国的。。。法国面包硬是硬得类~~~",
"mid":"yBgVqFCZZ",
"date":"2012-09-10 22:03:53"
},
{
"kids":[],
"uid":"1880567552",
"parent":"yBg99BZWy",
"text":"国内的东西毒多了，敢报吗？[挖鼻屎]",
"mid":"yBgTTg51P",
"date":"2012-09-10 22:00:04"
},
{
"kids":[],
"uid":"lizazhao",
"parent":"yBgGT9kkh",
"text":"除了德国那个，其他都吃过，惨了",
"mid":"yBgTxFn43",
"date":"2012-09-10 21:59:14"
},
{
"kids":[
"yBpSg5XIv",
"yBh974sw9",
"yBh1yELhc"
],
"uid":"1756885545",
"parent":"",
"text":"不會吧[汗]",
"mid":"yBgS9EH4u",
"date":"2012-09-10 21:55:50"
},
{
"kids":[],
"uid":"2383750573",
"parent":"yBgjPwV1l",
"text":"哎呀，怪不得七分饱长寿呢，不合格产品总摄入量少啊[抓狂]",
"mid":"yBgRKyXwJ",
"date":"2012-09-10 21:54:49"
},
{
"kids":[],
"uid":"cathycong",
"parent":"yBgdJlb55",
"text":"不会曾经中招自己都没发现吧[汗][汗][汗]",
"mid":"yBgQZ0bui",
"date":"2012-09-10 21:52:55"
},
{
"kids":[
"yBpR61EKx"
],
"uid":"2035786271",
"parent":"yBgdJlb55",
"text":"连进口的都不行了，我们还能吃什么！",
"mid":"yBgQXupSW",
"date":"2012-09-10 21:52:52"
},
{
"kids":[],
"uid":"2152946934",
"parent":"",
"text":"[吃惊]",
"mid":"yBgQQqIFf",
"date":"2012-09-10 21:52:35"
},
{
"kids":[],
"uid":"1884594194",
"parent":"",
"text":"",
"mid":"yBgQatHeI",
"date":"2012-09-10 21:50:55"
},
{
"kids":[],
"uid":"1811651517",
"parent":"yBgNc6Dox",
"text":"晕啊，昨天还买了两盒",
"mid":"yBgPbi1Vx",
"date":"2012-09-10 21:48:29"
},
{
"kids":[],
"uid":"2808364420",
"parent":"yBgLFuFAk",
"text":"啊？我可有过连吃几盒的纪录，完了",
"mid":"yBgNgePTg",
"date":"2012-09-10 21:43:45"
},
{
"kids":[
"yBgPbi1Vx"
],
"uid":"sammytao",
"parent":"yBgGFfQ4w",
"text":"擦，还在我办公桌里躺着呢[泪]",
"mid":"yBgNc6Dox",
"date":"2012-09-10 21:43:35"
},
{
"kids":[],
"uid":"finn0615",
"parent":"yBgihdwty",
"text":"[挖鼻屎]",
"mid":"yBgLUyTB9",
"date":"2012-09-10 21:40:27"
},
{
"kids":[
"yBgNgePTg"
],
"uid":"miyingzi",
"parent":"yBgouyfqo",
"text":"矮油！家里有盒小的，咋办？",
"mid":"yBgLFuFAk",
"date":"2012-09-10 21:39:50"
},
{
"kids":[],
"uid":"1793308354",
"parent":"",
"text":"既然早晚都要被毒死，就让我放下所有的顾虑尽情的做个吃货吧!",
"mid":"yBgL0oP78",
"date":"2012-09-10 21:38:11"
},
{
"kids":[],
"uid":"jamesjefferyyu",
"parent":"",
"text":"烤出来的都能超标？",
"mid":"yBgKO0kjo",
"date":"2012-09-10 21:37:42"
},
{
"kids":[
"yBoch5n7n",
"yBh4VjUJU"
],
"uid":"1780681951",
"parent":"yBgcXrqBb",
"text":"家里还有一罐[汗]",
"mid":"yBgKKcWdu",
"date":"2012-09-10 21:37:30"
},
{
"kids":[],
"uid":"2850846171",
"parent":"",
"text":"还好现在不吃这蓝罐了",
"mid":"yBgKyEaaC",
"date":"2012-09-10 21:37:06"
},
{
"kids":[],
"uid":"2851771780",
"parent":"",
"text":"要命我老爸前几天刚买的蓝罐曲奇[汗]",
"mid":"yBgIDA0Ey",
"date":"2012-09-10 21:32:22"
},
{
"kids":[
"yBh5GiziX"
],
"uid":"1467481310",
"parent":"",
"text":"@杰吼吼的小邵 难怪当礼品送了！[怒]",
"mid":"yBgIjcC6f",
"date":"2012-09-10 21:31:34"
},
{
"kids":[],
"uid":"2534935742",
"parent":"",
"text":"蓝罐啊……",
"mid":"yBgH6azrA",
"date":"2012-09-10 21:28:34"
},
{
"kids":[
"yBgTxFn43"
],
"uid":"dennisshell",
"parent":"",
"text":"要死了，还有什么东西能放心吃的呀？！",
"mid":"yBgGT9kkh",
"date":"2012-09-10 21:28:02"
},
{
"kids":[
"yBgNc6Dox"
],
"uid":"huangtao0127",
"parent":"",
"text":"老婆我们上次买的是这个吗 快别吃噢@三米陶",
"mid":"yBgGFfQ4w",
"date":"2012-09-10 21:27:31"
},
{
"kids":[
"yBlhi2FwD"
],
"uid":"313523777",
"parent":"",
"text":"额，我大爱的蓝罐居然也[泪]再也不相信吃货啦啦啦",
"mid":"yBgGC0T3L",
"date":"2012-09-10 21:27:22"
},
{
"kids":[],
"uid":"2299162594",
"parent":"yBgesfqwA",
"text":"[汗]",
"mid":"yBgGvdVYS",
"date":"2012-09-10 21:27:06"
},
{
"kids":[],
"uid":"2100904654",
"parent":"",
"text":"@馋宝宝008小窝 @宝贝月亮23 @Bella_tao   [衰]",
"mid":"yBgGnf8IC",
"date":"2012-09-10 21:26:45"
},
{
"kids":[],
"uid":"2727203675",
"parent":"",
"text":"@麦_琪Maggie",
"mid":"yBgG39lwR",
"date":"2012-09-10 21:26:00"
},
{
"kids":[],
"uid":"412367301",
"parent":"yBgDSohDc",
"text":"啊？蓝罐曲奇不能吃啦？？？[泪]",
"mid":"yBgFcfe19",
"date":"2012-09-10 21:23:52"
},
{
"kids":[],
"uid":"angelajiw",
"parent":"yBgn9eVAL",
"text":"我去，丹麦曲奇~~~",
"mid":"yBgF6D8b1",
"date":"2012-09-10 21:23:40"
},
{
"kids":[
"yBv8ZfNUx"
],
"uid":"1409229445",
"parent":"",
"text":"家里还有一罐。怎么办？",
"mid":"yBgEipLhi",
"date":"2012-09-10 21:21:41"
},
{
"kids":[],
"uid":"1942771477",
"parent":"yBg9E5Thb",
"text":"丹麦蓝罐曲奇……",
"mid":"yBgEhwvDN",
"date":"2012-09-10 21:21:37"
},
{
"kids":[
"yBgFcfe19"
],
"uid":"amywangxiaoqing",
"parent":"",
"text":"",
"mid":"yBgDSohDc",
"date":"2012-09-10 21:20:39"
},
{
"kids":[],
"uid":"2552169090",
"parent":"",
"text":"",
"mid":"yBgDGfFjl",
"date":"2012-09-10 21:20:10"
},
{
"kids":[],
"uid":"davidluhan",
"parent":"",
"text":"@1号店",
"mid":"yBgDEuNcH",
"date":"2012-09-10 21:20:05"
},
{
"kids":[],
"uid":"1941876385",
"parent":"yBgARABRn",
"text":"进口的尚且如此，国内的小作坊更是得了？哎。学校小卖部、公司小卖部里面卖的5毛、1块的麻辣条。质检总局，你敢公布吗？为何不公布？",
"mid":"yBgDEuN3n",
"date":"2012-09-10 21:20:05"
},
{
"kids":[],
"uid":"aijmf",
"parent":"yBgavgved",
"text":"油~很久不次巧克力来",
"mid":"yBgDxqf5V",
"date":"2012-09-10 21:19:48"
},
{
"kids":[],
"uid":"shenyannan",
"parent":"yBgBKjSrb",
"text":"那我他妈也是觉得安全亻",
"mid":"yBgDq261B",
"date":"2012-09-10 21:19:30"
},
{
"kids":[
"yBh2W7owa"
],
"uid":"1935473432",
"parent":"yBglgcWWs",
"text":"靠，那我96岁的爷爷没饼干吃了",
"mid":"yBgD1ctdG",
"date":"2012-09-10 21:18:29"
},
{
"kids":[],
"uid":"2930177873",
"parent":"",
"text":"大家注意啦，这年头什么能吃啊！？",
"mid":"yBgCv1MEB",
"date":"2012-09-10 21:17:11"
},
{
"kids":[],
"uid":"kellypyan",
"parent":"",
"text":"[可怜]呵呵呵呵呵呵。。话说我爸吃了好多蓝罐曲奇。。。",
"mid":"yBgCii9qH",
"date":"2012-09-10 21:16:45"
},
{
"kids":[
"yBgDq261B"
],
"uid":"2013642435",
"parent":"yBg9Agnm4",
"text":"还好我就吃了半块",
"mid":"yBgBKjSrb",
"date":"2012-09-10 21:15:23"
},
{
"kids":[],
"uid":"2364413845",
"parent":"",
"text":"啊不会吧，蓝灌曲奇也有啊？",
"mid":"yBgAREhwq",
"date":"2012-09-10 21:13:13"
},
{
"kids":[
"yBgDEuN3n"
],
"uid":"2236253630",
"parent":"",
"text":"怪不得这次没发蓝罐曲奇，原来素这个道理啊。。。[哼][哼][哼]",
"mid":"yBgARABRn",
"date":"2012-09-10 21:13:13"
},
{
"kids":[
"yBllFBw9o"
],
"uid":"1885882212",
"parent":"yBg9x1qW1",
"text":"我靠！家里还有两盒蓝罐……是吃还是不吃啊！[抓狂]",
"mid":"yBgzjBfNe",
"date":"2012-09-10 21:09:24"
},
{
"kids":[],
"uid":"1834505590",
"parent":"",
"text":"我还挺喜欢吃这个曲奇呢。。",
"mid":"yBgxS5wCl",
"date":"2012-09-10 21:05:50"
},
{
"kids":[],
"uid":"2755688190",
"parent":"yBglE9f1y",
"text":"",
"mid":"yBgxzbHhQ",
"date":"2012-09-10 21:05:05"
},
{
"kids":[],
"uid":"2049331951",
"parent":"",
"text":"要命了，没有可以吃的了",
"mid":"yBgwWaZCL",
"date":"2012-09-10 21:03:32"
},
{
"kids":[],
"uid":"1868014122",
"parent":"yBgqBb4i3",
"text":"",
"mid":"yBgvzmKuI",
"date":"2012-09-10 21:00:11"
},
{
"kids":[],
"uid":"2042644953",
"parent":"",
"text":"@巽儿的天空",
"mid":"yBguMi8t9",
"date":"2012-09-10 20:58:12"
},
{
"kids":[],
"uid":"2590709104",
"parent":"yBgsqC2nk",
"text":"啊 蓝罐曲奇不能吃啦",
"mid":"yBguBECtd",
"date":"2012-09-10 20:57:45"
},
{
"kids":[],
"uid":"1729547603",
"parent":"",
"text":"",
"mid":"yBguoBy1A",
"date":"2012-09-10 20:57:18"
},
{
"kids":[],
"uid":"1963489247",
"parent":"yBgf7kbO4",
"text":"都给家里人抢走了，我也省心了",
"mid":"yBgtY4NE6",
"date":"2012-09-10 20:56:13"
},
{
"kids":[],
"uid":"subuda33",
"parent":"yBgacBo0K",
"text":"@爱情水迷宫 我们爱吃的[泪]",
"mid":"yBgtRebOI",
"date":"2012-09-10 20:55:58"
},
{
"kids":[],
"uid":"1740585953",
"parent":"",
"text":"真心觉得中国人肠胃好咯？",
"mid":"yBgtNrhJP",
"date":"2012-09-10 20:55:48"
},
{
"kids":[],
"uid":"linraul",
"parent":"",
"text":"这也太坑爹了",
"mid":"yBgtEfmVE",
"date":"2012-09-10 20:55:27"
},
{
"kids":[],
"uid":"2013248955",
"parent":"",
"text":"要死，蓝罐曲奇[吐]",
"mid":"yBgtAr3po",
"date":"2012-09-10 20:55:16"
},
{
"kids":[],
"uid":"1862953900",
"parent":"",
"text":"",
"mid":"yBgtxb5kA",
"date":"2012-09-10 20:55:10"
},
{
"kids":[
"yBjXdmC4Q"
],
"uid":"2024997254",
"parent":"yBgsQ2bvk",
"text":"。。。哎 现在还能吃啥",
"mid":"yBgtqEKlr",
"date":"2012-09-10 20:54:54"
},
{
"kids":[],
"uid":"2622697875",
"parent":"",
"text":"不是吧除了第一样其他我都吃过了[汗][衰]",
"mid":"yBgtn74rc",
"date":"2012-09-10 20:54:46"
},
{
"kids":[
"yBkPBwejT"
],
"uid":"1972508067",
"parent":"yBgg1bEV2",
"text":"",
"mid":"yBgtl57lq",
"date":"2012-09-10 20:54:40"
},
{
"kids":[],
"uid":"theskyofmomo",
"parent":"yBghcr0aa",
"text":"@CHICK_LOVE_JULY",
"mid":"yBgtkrlyc",
"date":"2012-09-10 20:54:38"
},
{
"kids":[
"yBgtqEKlr"
],
"uid":"2008872985",
"parent":"",
"text":"@-鳅蚓- @jessica_kia @AIKO_WANG",
"mid":"yBgsQ2bvk",
"date":"2012-09-10 20:53:23"
},
{
"kids":[],
"uid":"2687610552",
"parent":"yBgaZ7wrO",
"text":"蓝罐曲奇吃过的，乐天也吃过的，惨啊",
"mid":"yBgsHa9nG",
"date":"2012-09-10 20:53:04"
},
{
"kids":[],
"uid":"1869687690",
"parent":"",
"text":"丹麦曲奇也不合格",
"mid":"yBgsvk2Y6",
"date":"2012-09-10 20:52:36"
},
{
"kids":[
"yBguBECtd"
],
"uid":"1592675021",
"parent":"yBgrYfS0e",
"text":"毒无处不在",
"mid":"yBgsqC2nk",
"date":"2012-09-10 20:52:24"
},
{
"kids":[
"yBquTjMwh",
"yBhlJuy3v"
],
"uid":"2018709245",
"parent":"yBgamotyA",
"text":"啊！⋯[吃惊][吃惊][吃惊]要屎了，蓝罐，蓝罐⋯ 怎么办啊",
"mid":"yBgshtq0W",
"date":"2012-09-10 20:52:04"
},
{
"kids":[],
"uid":"2428138201",
"parent":"",
"text":"大肠杆菌？？！被屎污染了？[衰][衰]",
"mid":"yBgs4bAe8",
"date":"2012-09-10 20:51:32"
},
{
"kids":[
"yBgsqC2nk"
],
"uid":"zhuxiaoxiaosun",
"parent":"yBgkQsdLs",
"text":"",
"mid":"yBgrYfS0e",
"date":"2012-09-10 20:51:18"
},
{
"kids":[],
"uid":"1806933590",
"parent":"",
"text":"",
"mid":"yBgrQ0v0E",
"date":"2012-09-10 20:50:55"
},
{
"kids":[],
"uid":"1213039520",
"parent":"",
"text":"",
"mid":"yBgrHDSLK",
"date":"2012-09-10 20:50:40"
},
{
"kids":[
"yBhA1pIIg"
],
"uid":"2308459262",
"parent":"yBgk7xaoW",
"text":"家里还有一盒，明天带公司来，军民同乐[偷笑]",
"mid":"yBgrDysjd",
"date":"2012-09-10 20:50:30"
},
{
"kids":[],
"uid":"1886689541",
"parent":"",
"text":"",
"mid":"yBgrsALEv",
"date":"2012-09-10 20:50:03"
},
{
"kids":[],
"uid":"206061031",
"parent":"",
"text":"进口的也不靠谱啊！",
"mid":"yBgrldT16",
"date":"2012-09-10 20:49:44"
},
{
"kids":[],
"uid":"takaraishasha",
"parent":"",
"text":"喵的",
"mid":"yBgrdhpAC",
"date":"2012-09-10 20:49:26"
},
{
"kids":[],
"uid":"2757993447",
"parent":"",
"text":"",
"mid":"yBgr8eWJn",
"date":"2012-09-10 20:49:14"
},
{
"kids":[
"yBgvzmKuI"
],
"uid":"1957028592",
"parent":"",
"text":"@项链情人",
"mid":"yBgqBb4i3",
"date":"2012-09-10 20:47:55"
},
{
"kids":[],
"uid":"kiddo0331",
"parent":"yBglE9f1y",
"text":"五盒？？依胃口噶好啊？",
"mid":"yBgqdvict",
"date":"2012-09-10 20:46:59"
},
{
"kids":[],
"uid":"2802861182",
"parent":"",
"text":"藍罐已不是當年的藍罐。今年過節不收禮，送禮只送毒曲奇[偷笑]",
"mid":"yBgpAd0EQ",
"date":"2012-09-10 20:45:22"
},
{
"kids":[],
"uid":"1628310294",
"parent":"",
"text":"",
"mid":"yBgph1vJt",
"date":"2012-09-10 20:44:37"
},
{
"kids":[],
"uid":"lsypn",
"parent":"yBgbH7czP",
"text":"不会吧？幸亏没吃过几次",
"mid":"yBgp09pUm",
"date":"2012-09-10 20:43:59"
},
{
"kids":[],
"uid":"1982314914",
"parent":"",
"text":"还好蓝罐曲奇忘了吃，放过期了",
"mid":"yBgoZhvRJ",
"date":"2012-09-10 20:43:57"
},
{
"kids":[
"yBgLFuFAk"
],
"uid":"1766391252",
"parent":"yBgaZ7wrO",
"text":"",
"mid":"yBgouyfqo",
"date":"2012-09-10 20:42:44"
},
{
"kids":[],
"uid":"1874587501",
"parent":"yBglLvlC3",
"text":"尼玛我最爱的蓝罐曲奇。。。[可怜]",
"mid":"yBgnRe6FV",
"date":"2012-09-10 20:41:10"
},
{
"kids":[],
"uid":"2810161673",
"parent":"",
"text":"",
"mid":"yBgny2p3O",
"date":"2012-09-10 20:40:24"
},
{
"kids":[],
"uid":"1465257932",
"parent":"yBgf7kbO4",
"text":"+10086！！",
"mid":"yBgnoi9Cc",
"date":"2012-09-10 20:39:58"
},
{
"kids":[],
"uid":"1729552674",
"parent":"yBgadyCCk",
"text":"",
"mid":"yBgnghMze",
"date":"2012-09-10 20:39:42"
},
{
"kids":[
"yBkS383fk",
"yBhouijdT",
"yBgZYilqE",
"yBgF6D8b1"
],
"uid":"1829369687",
"parent":"yBgbyzbsu",
"text":"@子小羽 怀孕期间你还买了很多给我吃！",
"mid":"yBgn9eVAL",
"date":"2012-09-10 20:39:23"
},
{
"kids":[],
"uid":"khalillovesong",
"parent":"yBgdNsjbO",
"text":"",
"mid":"yBgmNDeVb",
"date":"2012-09-10 20:38:33"
},
{
"kids":[],
"uid":"201243030",
"parent":"yBg99BZWy",
"text":"蓝罐还有一小包 [汗]",
"mid":"yBgmDAmf1",
"date":"2012-09-10 20:38:11"
},
{
"kids":[],
"uid":"2259219054",
"parent":"yBg9w5JQF",
"text":"啊啊啊啊啊，我最爱吃的",
"mid":"yBgmC8W05",
"date":"2012-09-10 20:38:05"
},
{
"kids":[
"yBh8tqMQ8"
],
"uid":"2173434601",
"parent":"yBgj2cZpO",
"text":"蓝罐曲奇也不能吃了",
"mid":"yBgm00sQc",
"date":"2012-09-10 20:36:35"
},
{
"kids":[
"yBgnRe6FV"
],
"uid":"acaiven",
"parent":"yBgfLuDOw",
"text":"爷爷!",
"mid":"yBglLvlC3",
"date":"2012-09-10 20:36:01"
},
{
"kids":[],
"uid":"elyn09",
"parent":"",
"text":"@Nomic",
"mid":"yBglGciZS",
"date":"2012-09-10 20:35:48"
},
{
"kids":[],
"uid":"2781720517",
"parent":"yBgaod8K6",
"text":"",
"mid":"yBglFypN7",
"date":"2012-09-10 20:35:44"
},
{
"kids":[
"yBgxzbHhQ",
"yBgqdvict"
],
"uid":"1888206141",
"parent":"yBgk7xaoW",
"text":"@汤玛斯团 你刚网购的五盒哪能消化？",
"mid":"yBglE9f1y",
"date":"2012-09-10 20:35:43"
},
{
"kids":[],
"uid":"2941013815",
"parent":"",
"text":"转发微博。",
"mid":"yBglBaRAg",
"date":"2012-09-10 20:35:36"
},
{
"kids":[],
"uid":"k34558",
"parent":"",
"text":"呜，除了鲑鱼我都吃过……",
"mid":"yBglvfiu5",
"date":"2012-09-10 20:35:22"
},
{
"kids":[],
"uid":"1972397231",
"parent":"yBgaZ7wrO",
"text":"呼吁大家都吃国产的吗？",
"mid":"yBglpnCE0",
"date":"2012-09-10 20:35:08"
},
{
"kids":[
"yBheyuyVP"
],
"uid":"2151322461",
"parent":"yBg9R7b7r",
"text":"",
"mid":"yBglnyayF",
"date":"2012-09-10 20:35:04"
},
{
"kids":[
"yBgD1ctdG"
],
"uid":"1843982193",
"parent":"yBgaZ7wrO",
"text":"要命来，家里蓝罐还有，赶快去扔掉了[吃惊]",
"mid":"yBglgcWWs",
"date":"2012-09-10 20:34:45"
},
{
"kids":[],
"uid":"lovesuna",
"parent":"yBgaod8K6",
"text":"去年年末不知道吃了多少蓝罐",
"mid":"yBgkZ4wUC",
"date":"2012-09-10 20:34:06"
},
{
"kids":[],
"uid":"1846816944",
"parent":"",
"text":"[吃惊]",
"mid":"yBgkXi2bb",
"date":"2012-09-10 20:34:01"
},
{
"kids":[],
"uid":"2486776993",
"parent":"yBgesfqwA",
"text":"这年头，什么都有问题啊",
"mid":"yBgkVeYCo",
"date":"2012-09-10 20:33:54"
},
{
"kids":[],
"uid":"autumnlake",
"parent":"",
"text":"曲奇没洗手做的吧？[偷笑]@JACKSON-5 @Monica1523",
"mid":"yBgkU47Pq",
"date":"2012-09-10 20:33:53"
},
{
"kids":[
"yBgrYfS0e"
],
"uid":"1434650890",
"parent":"",
"text":"@花生豆地盘新家",
"mid":"yBgkQsdLs",
"date":"2012-09-10 20:33:45"
},
{
"kids":[],
"uid":"1770763423",
"parent":"",
"text":"撒宁再'节日怎么能少了蓝罐'闹！[哼]",
"mid":"yBgkKfYp5",
"date":"2012-09-10 20:33:30"
},
{
"kids":[],
"uid":"2409346117",
"parent":"",
"text":"@张舒睿 还是很好吃，在怎么着也比国内的卫生！",
"mid":"yBgkFwmhl",
"date":"2012-09-10 20:33:19"
},
{
"kids":[],
"uid":"catshope",
"parent":"",
"text":"蓝罐啊。。。。。",
"mid":"yBgkulhAN",
"date":"2012-09-10 20:32:50"
},
{
"kids":[],
"uid":"2464734122",
"parent":"yBgesfqwA",
"text":"不是我们的那种吧？[晕][晕][晕][晕]",
"mid":"yBgk9DSeK",
"date":"2012-09-10 20:32:00"
},
{
"kids":[
"yBgrDysjd",
"yBglE9f1y"
],
"uid":"hejun1214",
"parent":"yBgekyfCJ",
"text":"@喜欢小王子的左岸蓝",
"mid":"yBgk7xaoW",
"date":"2012-09-10 20:31:56"
},
{
"kids":[],
"uid":"photonalex",
"parent":"yBgfO8Fws",
"text":"这些 被销毁的东西，怎么市面上还买的到啊",
"mid":"yBgjSdQM2",
"date":"2012-09-10 20:31:20"
},
{
"kids":[
"yBgRKyXwJ"
],
"uid":"z5w9",
"parent":"",
"text":"家里还有一大盒蓝罐[吃惊][吃惊]",
"mid":"yBgjPwV1l",
"date":"2012-09-10 20:31:16"
},
{
"kids":[],
"uid":"unaya",
"parent":"",
"text":"转发微博。",
"mid":"yBgjJEwp3",
"date":"2012-09-10 20:31:02"
},
{
"kids":[],
"uid":"tonyxue1221",
"parent":"",
"text":"扩散 名牌不少[汗]",
"mid":"yBgjxvnzC",
"date":"2012-09-10 20:30:32"
},
{
"kids":[],
"uid":"2667142837",
"parent":"yBga3rORg",
"text":"蓝冠不能吃了",
"mid":"yBgjpg6gw",
"date":"2012-09-10 20:30:11"
},
{
"kids":[],
"uid":"1104984900",
"parent":"",
"text":"不至于吧",
"mid":"yBgjbnFFa",
"date":"2012-09-10 20:29:37"
},
{
"kids":[],
"uid":"2186014652",
"parent":"yBg9cAz5v",
"text":"",
"mid":"yBgjb64fO",
"date":"2012-09-10 20:29:38"
},
{
"kids":[
"yBgm00sQc"
],
"uid":"everypeng",
"parent":"yBgcgjFVx",
"text":"[晕][晕]",
"mid":"yBgj2cZpO",
"date":"2012-09-10 20:29:17"
},
{
"kids":[],
"uid":"2452172014",
"parent":"yBgf7kbO4",
"text":"[黑线]",
"mid":"yBgj1jJUY",
"date":"2012-09-10 20:29:12"
},
{
"kids":[],
"uid":"1934749462",
"parent":"",
"text":"@张玲艳angel @小加禾1213 @顾海荣Mars",
"mid":"yBgiWzU3q",
"date":"2012-09-10 20:29:05"
},
{
"kids":[],
"uid":"1709570920",
"parent":"",
"text":"",
"mid":"yBgiRwmDg",
"date":"2012-09-10 20:28:49"
},
{
"kids":[],
"uid":"2391179831",
"parent":"",
"text":"天呐，闺女吃过好多蓝罐…",
"mid":"yBgiL4zer",
"date":"2012-09-10 20:28:33"
},
{
"kids":[],
"uid":"1169739100",
"parent":"",
"text":"[衰]",
"mid":"yBgiDEZkL",
"date":"2012-09-10 20:28:19"
},
{
"kids":[],
"uid":"2113055944",
"parent":"",
"text":"我们千年不腐",
"mid":"yBgixtKru",
"date":"2012-09-10 20:28:04"
},
{
"kids":[],
"uid":"1826094720",
"parent":"",
"text":"我和孩子吃了好多曲奇！[生病]",
"mid":"yBgipcjd1",
"date":"2012-09-10 20:27:42"
},
{
"kids":[
"yBgLUyTB9"
],
"uid":"206467070",
"parent":"",
"text":"[睡觉]",
"mid":"yBgihdwty",
"date":"2012-09-10 20:27:25"
},
{
"kids":[],
"uid":"2880256650",
"parent":"",
"text":"蓝罐早就不是当年的蓝罐了 越来越难吃",
"mid":"yBghd2DZz",
"date":"2012-09-10 20:24:47"
},
{
"kids":[
"yBgtkrlyc"
],
"uid":"2437157154",
"parent":"",
"text":"转发微博。",
"mid":"yBghcr0aa",
"date":"2012-09-10 20:24:45"
},
{
"kids":[],
"uid":"1893986637",
"parent":"",
"text":"要死了，真TM不是东西",
"mid":"yBggygxv5",
"date":"2012-09-10 20:23:11"
},
{
"kids":[],
"uid":"sandyxu",
"parent":"yBgaa24NN",
"text":"进口食品也不能吃了，还能吃啥?",
"mid":"yBggm7FL9",
"date":"2012-09-10 20:22:41"
},
{
"kids":[],
"uid":"272233836",
"parent":"",
"text":"呃 蓝罐曲奇",
"mid":"yBggaj8kC",
"date":"2012-09-10 20:22:13"
},
{
"kids":[],
"uid":"534810234",
"parent":"",
"text":"草",
"mid":"yBgg5jQES",
"date":"2012-09-10 20:22:01"
},
{
"kids":[
"yBgtl57lq"
],
"uid":"2042539224",
"parent":"yBg9ytST9",
"text":"每日一毒贴",
"mid":"yBgg1bEV2",
"date":"2012-09-10 20:21:52"
},
{
"kids":[],
"uid":"1260534295",
"parent":"",
"text":"丹麦曲奇家里一直有，不过没怎么吃过",
"mid":"yBgfTtqjC",
"date":"2012-09-10 20:21:33"
},
{
"kids":[
"yBgjSdQM2"
],
"uid":"orange626",
"parent":"",
"text":"转发微博。",
"mid":"yBgfO8Fws",
"date":"2012-09-10 20:21:20"
},
{
"kids":[
"yBglLvlC3"
],
"uid":"tonouemugita",
"parent":"",
"text":"Σ( ￣д￣；) @鱼暁陆 我只有艾特你了",
"mid":"yBgfLuDOw",
"date":"2012-09-10 20:21:14"
},
{
"kids":[],
"uid":"lynnlingyanyan",
"parent":"",
"text":"尼玛",
"mid":"yBgfIym8O",
"date":"2012-09-10 20:21:07"
},
{
"kids":[],
"uid":"2022149173",
"parent":"",
"text":"[吃惊]",
"mid":"yBgfBbdEh",
"date":"2012-09-10 20:20:49"
},
{
"kids":[],
"uid":"bee718",
"parent":"",
"text":"",
"mid":"yBgfu4D2X",
"date":"2012-09-10 20:20:31"
},
{
"kids":[
"yBgtY4NE6",
"yBgnoi9Cc",
"yBgj1jJUY"
],
"uid":"rynerxxx",
"parent":"",
"text":"卧槽。上周五公司吃饭刚刚发了2盒我该怎么办！",
"mid":"yBgf7kbO4",
"date":"2012-09-10 20:19:39"
},
{
"kids":[],
"uid":"1654633142",
"parent":"",
"text":"",
"mid":"yBgePg9cr",
"date":"2012-09-10 20:18:55"
},
{
"kids":[],
"uid":"1728421530",
"parent":"",
"text":"不是吧[吃惊]",
"mid":"yBgeHAiep",
"date":"2012-09-10 20:18:34"
},
{
"kids":[],
"uid":"2739564320",
"parent":"",
"text":"转",
"mid":"yBgeEk5Tl",
"date":"2012-09-10 20:18:29"
},
{
"kids":[],
"uid":"2610729207",
"parent":"yBgbZbgkm",
"text":"",
"mid":"yBgeAd9Fn",
"date":"2012-09-10 20:18:19"
},
{
"kids":[],
"uid":"2381179695",
"parent":"",
"text":"还好穷买不起,都不吃的",
"mid":"yBgexwcRI",
"date":"2012-09-10 20:18:10"
},
{
"kids":[
"yBktAniay",
"yBgGvdVYS",
"yBgkVeYCo",
"yBgk9DSeK"
],
"uid":"2254933262",
"parent":"",
"text":"@小肉丁的丁肉小 蓝罐[吃惊]",
"mid":"yBgesfqwA",
"date":"2012-09-10 20:18:00"
},
{
"kids":[],
"uid":"elsayeung",
"parent":"",
"text":"喜歡進口食品的朋友註意了",
"mid":"yBgendZfO",
"date":"2012-09-10 20:17:48"
},
{
"kids":[
"yBgk7xaoW"
],
"uid":"1768735071",
"parent":"",
"text":"完了，没得吃了。",
"mid":"yBgekyfCJ",
"date":"2012-09-10 20:17:40"
},
{
"kids":[],
"uid":"1224559834",
"parent":"yBgdfu93T",
"text":"还好现在不吃了",
"mid":"yBgeelXLz",
"date":"2012-09-10 20:17:27"
},
{
"kids":[],
"uid":"2916331697",
"parent":"",
"text":"现在还有什么是可以吃的",
"mid":"yBge90DNA",
"date":"2012-09-10 20:17:14"
},
{
"kids":[],
"uid":"2284961633",
"parent":"",
"text":"没啥吃的了，食品危机啦",
"mid":"yBge1Ery7",
"date":"2012-09-10 20:16:55"
},
{
"kids":[],
"uid":"mjeb",
"parent":"",
"text":"",
"mid":"yBgdT6skI",
"date":"2012-09-10 20:16:37"
},
{
"kids":[],
"uid":"grafd",
"parent":"",
"text":"欧尚不是法国的么，而且85%的巧克力买都买不到",
"mid":"yBgdO511y",
"date":"2012-09-10 20:16:24"
},
{
"kids":[
"yBkezxzxr",
"yBgmNDeVb"
],
"uid":"2722304544",
"parent":"yBgcEeUTu",
"text":"看来国外食品也不安全，中国食品笑了",
"mid":"yBgdNsjbO",
"date":"2012-09-10 20:16:23"
},
{
"kids":[
"yBgXGpGv3",
"yBgQZ0bui",
"yBgQXupSW"
],
"uid":"1840622617",
"parent":"",
"text":"[衰][衰][衰]",
"mid":"yBgdJlb55",
"date":"2012-09-10 20:16:11"
},
{
"kids":[],
"uid":"2301824771",
"parent":"",
"text":"啊。。。[惊讶][惊恐][抓狂]介个蓝罐曲奇。。蓝罐曲奇。。。自从换工作以来没断过。。。",
"mid":"yBgdFtwIT",
"date":"2012-09-10 20:16:04"
},
{
"kids":[],
"uid":"oldsnake05",
"parent":"",
"text":"。。。蓝罐曲奇啊！",
"mid":"yBgdl7efk",
"date":"2012-09-10 20:15:14"
},
{
"kids":[
"yBgeelXLz"
],
"uid":"329078781",
"parent":"yBg99BZWy",
"text":"送礼不太体面了",
"mid":"yBgdfu93T",
"date":"2012-09-10 20:15:02"
},
{
"kids":[],
"uid":"niuniu1375",
"parent":"",
"text":"香港的还安全吗？",
"mid":"yBgd7c5SF",
"date":"2012-09-10 20:14:42"
},
{
"kids":[],
"uid":"2651406141",
"parent":"",
"text":"[晕]",
"mid":"yBgd1AGrA",
"date":"2012-09-10 20:14:29"
},
{
"kids":[],
"uid":"1906649655",
"parent":"",
"text":"进口的也不一定是好的",
"mid":"yBgd1AGkT",
"date":"2012-09-10 20:14:29"
},
{
"kids":[],
"uid":"2331083070",
"parent":"yBgb5iUOX",
"text":"",
"mid":"yBgd1j54A",
"date":"2012-09-10 20:14:28"
},
{
"kids":[],
"uid":"2013782460",
"parent":"",
"text":"",
"mid":"yBgd1i0U1",
"date":"2012-09-10 20:14:28"
},
{
"kids":[
"yBgKKcWdu"
],
"uid":"1914386220",
"parent":"",
"text":"转，拒绝这些食品",
"mid":"yBgcXrqBb",
"date":"2012-09-10 20:14:17"
},
{
"kids":[],
"uid":"1820382845",
"parent":"yBg9x1qW1",
"text":"啊~~~~~~~~~~~~~~~~~~~~~~~~",
"mid":"yBgcWhDNN",
"date":"2012-09-10 20:14:16"
},
{
"kids":[],
"uid":"2216954910",
"parent":"",
"text":"一样会作假...别人也会利欲熏心...",
"mid":"yBgcV6N6v",
"date":"2012-09-10 20:14:13"
},
{
"kids":[],
"uid":"2133387574",
"parent":"",
"text":"这得散开",
"mid":"yBgcSr3cp",
"date":"2012-09-10 20:14:06"
},
{
"kids":[],
"uid":"mchulium",
"parent":"",
"text":"我爱的蓝罐曲奇[泪][泪]@狮子咕咕",
"mid":"yBgcLC3u0",
"date":"2012-09-10 20:13:50"
},
{
"kids":[],
"uid":"2123406427",
"parent":"",
"text":"@香香猪2200664335",
"mid":"yBgcJxXzM",
"date":"2012-09-10 20:13:46"
},
{
"kids":[],
"uid":"1918123244",
"parent":"",
"text":"到底是产品本身有问题还是出口到中国的这类产品有问题？",
"mid":"yBgcJhqfc",
"date":"2012-09-10 20:13:45"
},
{
"kids":[
"yBh3FAZTW"
],
"uid":"2321493193",
"parent":"yBgboxnEV",
"text":"我累个去,喜欢的曲奇!!怎么办呢???[挖鼻屎]",
"mid":"yBgcG1pAV",
"date":"2012-09-10 20:13:37"
},
{
"kids":[
"yBgdNsjbO"
],
"uid":"1796031883",
"parent":"",
"text":"什么'上次差点买了这个'你妹'",
"mid":"yBgcEeUTu",
"date":"2012-09-10 20:13:33"
},
{
"kids":[],
"uid":"2162130212",
"parent":"",
"text":"@芭蕾兔-TT",
"mid":"yBgcxs3nG",
"date":"2012-09-10 20:13:17"
},
{
"kids":[],
"uid":"2050131977",
"parent":"yBgbZbgkm",
"text":"转发微博。",
"mid":"yBgcud6P3",
"date":"2012-09-10 20:13:09"
},
{
"kids":[],
"uid":"2162456122",
"parent":"yBg97104v",
"text":"@惹子",
"mid":"yBgcqmw5V",
"date":"2012-09-10 20:12:57"
},
{
"kids":[],
"uid":"1884608834",
"parent":"",
"text":"",
"mid":"yBgcq4US4",
"date":"2012-09-10 20:12:59"
},
{
"kids":[
"yBgj2cZpO"
],
"uid":"2292638521",
"parent":"",
"text":"还有啥能吃[吃惊]",
"mid":"yBgcgjFVx",
"date":"2012-09-10 20:12:36"
},
{
"kids":[
"yBgeAd9Fn",
"yBgcud6P3"
],
"uid":"1971814834",
"parent":"",
"text":"",
"mid":"yBgbZbgkm",
"date":"2012-09-10 20:11:55"
},
{
"kids":[],
"uid":"yangxiaojian0622",
"parent":"",
"text":"这个必须转",
"mid":"yBgbWdV2D",
"date":"2012-09-10 20:11:48"
},
{
"kids":[],
"uid":"1775011064",
"parent":"",
"text":"泥煤的[挖鼻屎]",
"mid":"yBgbUrqxo",
"date":"2012-09-10 20:11:41"
},
{
"kids":[],
"uid":"2711485620",
"parent":"",
"text":"现在到底能吃什么?[哼]",
"mid":"yBgbIC3H8",
"date":"2012-09-10 20:11:15"
},
{
"kids":[],
"uid":"xiaona000001",
"parent":"yBgb5iUOX",
"text":"[吐]",
"mid":"yBgbHoNNz",
"date":"2012-09-10 20:11:13"
},
{
"kids":[
"yBgp09pUm"
],
"uid":"2132174531",
"parent":"",
"text":"啊...这玩意儿也不能吃啦 @潇洒的紫猪 @我是real南宫君君",
"mid":"yBgbH7czP",
"date":"2012-09-10 20:11:10"
},
{
"kids":[],
"uid":"fengyunxin",
"parent":"",
"text":"@Della_Xue 蓝",
"mid":"yBgbztv3U",
"date":"2012-09-10 20:10:55"
},
{
"kids":[
"yBgn9eVAL"
],
"uid":"1402682812",
"parent":"",
"text":"[衰]。。。。。丹麦曲奇",
"mid":"yBgbyzbsu",
"date":"2012-09-10 20:10:49"
},
{
"kids":[],
"uid":"1966522382",
"parent":"",
"text":"[吃惊]",
"mid":"yBgbvCUyZ",
"date":"2012-09-10 20:10:43"
},
{
"kids":[
"yBgcG1pAV"
],
"uid":"ericat12",
"parent":"yBgaZ7wrO",
"text":"[囧]",
"mid":"yBgboxnEV",
"date":"2012-09-10 20:10:28"
},
{
"kids":[],
"uid":"1733847694",
"parent":"",
"text":"还有能吃的嘛[泪]",
"mid":"yBgbaCQLc",
"date":"2012-09-10 20:09:55"
},
{
"kids":[
"yBh6EwfKU"
],
"uid":"2269944790",
"parent":"",
"text":"[汗]蓝罐曲奇今天吃饭时还看见他广告做的轰轰烈烈呢",
"mid":"yBgb9aoGY",
"date":"2012-09-10 20:09:51"
},
{
"kids":[
"yBgd1j54A",
"yBgbHoNNz"
],
"uid":"wuguilovepong",
"parent":"yBgacBo0K",
"text":"这曲奇我家老买。。",
"mid":"yBgb5iUOX",
"date":"2012-09-10 20:09:41"
},
{
"kids":[
"yBh2vae1a"
],
"uid":"2062278681",
"parent":"",
"text":"哎！",
"mid":"yBgb4a20F",
"date":"2012-09-10 20:09:39"
},
{
"kids":[],
"uid":"1688389960",
"parent":"",
"text":"",
"mid":"yBgb3yo2C",
"date":"2012-09-10 20:09:39"
},
{
"kids":[],
"uid":"mimionly",
"parent":"",
"text":"@纯真的小六六",
"mid":"yBgb2E4oH",
"date":"2012-09-10 20:09:36"
},
{
"kids":[
"yBgsHa9nG",
"yBgouyfqo",
"yBglpnCE0",
"yBglgcWWs",
"yBgboxnEV"
],
"uid":"luciamimi",
"parent":"yBgaod8K6",
"text":"从来都没觉得这个好吃过，倒是买过送人的",
"mid":"yBgaZ7wrO",
"date":"2012-09-10 20:09:27"
},
{
"kids":[],
"uid":"2149297242",
"parent":"",
"text":"[吃惊]",
"mid":"yBgaYehcB",
"date":"2012-09-10 20:09:23"
},
{
"kids":[],
"uid":"seanqiu",
"parent":"",
"text":"[怒]",
"mid":"yBgaYdqym",
"date":"2012-09-10 20:09:25"
},
{
"kids":[
"yBh9xEcil"
],
"uid":"207074875",
"parent":"",
"text":"不要过分迷信进口食品。。。[围观]",
"mid":"yBgaUoLdq",
"date":"2012-09-10 20:09:16"
},
{
"kids":[],
"uid":"1705956257",
"parent":"",
"text":"@蛋蛋公jay",
"mid":"yBgaQyaJF",
"date":"2012-09-10 20:09:07"
},
{
"kids":[],
"uid":"leosungdong",
"parent":"",
"text":"",
"mid":"yBgaNjead",
"date":"2012-09-10 20:08:59"
},
{
"kids":[],
"uid":"sunnyday1027",
"parent":"yBgaod8K6",
"text":"额~才吃的蓝罐",
"mid":"yBgaLwJpr",
"date":"2012-09-10 20:08:55"
},
{
"kids":[],
"uid":"1960347747",
"parent":"",
"text":"[汗]",
"mid":"yBgaKDukS",
"date":"2012-09-10 20:08:54"
},
{
"kids":[],
"uid":"1890396934",
"parent":"",
"text":"人家刚刚把一盒韩国乐天牌巧克力吃完······",
"mid":"yBgaJsDyP",
"date":"2012-09-10 20:08:49"
},
{
"kids":[],
"uid":"1740579703",
"parent":"",
"text":"有XX 毁明天",
"mid":"yBgaEq8af",
"date":"2012-09-10 20:08:38"
},
{
"kids":[],
"uid":"simba199",
"parent":"",
"text":"能不能行了，能告诉我还能吃什么吗？",
"mid":"yBgaE9B9Z",
"date":"2012-09-10 20:08:37"
},
{
"kids":[
"yBgDxqf5V"
],
"uid":"1681445143",
"parent":"",
"text":"@Elaine殷壹壹 少吃点巧克力",
"mid":"yBgavgved",
"date":"2012-09-10 20:08:14"
},
{
"kids":[],
"uid":"1423302612",
"parent":"",
"text":"[衰]@脸着地的天使Angela",
"mid":"yBgaskeuY",
"date":"2012-09-10 20:08:09"
},
{
"kids":[
"yBl5FBb40",
"yBglFypN7",
"yBgkZ4wUC",
"yBgaZ7wrO",
"yBgaLwJpr"
],
"uid":"alexie",
"parent":"",
"text":"[吃惊]",
"mid":"yBgaod8K6",
"date":"2012-09-10 20:07:57"
},
{
"kids":[
"yBgshtq0W"
],
"uid":"2343454390",
"parent":"",
"text":"还有人敢吃以下食物吗？[汗]",
"mid":"yBgamotyA",
"date":"2012-09-10 20:07:55"
},
{
"kids":[],
"uid":"1898910693",
"parent":"",
"text":"转发微博。",
"mid":"yBgak0UGs",
"date":"2012-09-10 20:07:48"
},
{
"kids":[
"yBgnghMze"
],
"uid":"xiaoxiaoamychen",
"parent":"",
"text":"",
"mid":"yBgadyCCk",
"date":"2012-09-10 20:07:34"
},
{
"kids":[
"yBgtRebOI",
"yBgb5iUOX"
],
"uid":"1745260704",
"parent":"",
"text":"",
"mid":"yBgacBo0K",
"date":"2012-09-10 20:07:32"
},
{
"kids":[
"yBggm7FL9"
],
"uid":"a11110000",
"parent":"",
"text":"",
"mid":"yBgaa24NN",
"date":"2012-09-10 20:07:26"
},
{
"kids":[],
"uid":"ameliawu",
"parent":"",
"text":"[生病]",
"mid":"yBga9msPx",
"date":"2012-09-10 20:07:20"
},
{
"kids":[
"yBgjpg6gw"
],
"uid":"2047445207",
"parent":"",
"text":"",
"mid":"yBga3rORg",
"date":"2012-09-10 20:07:11"
},
{
"kids":[
"yBglnyayF"
],
"uid":"2610908811",
"parent":"",
"text":"大家小心啦[喇叭][喇叭]@mj的一缕卷发 @猫猫西月 @aileenpipi @Mandy-常晔 @lydia大眼妹 @丁洁_快乐的虎子妈",
"mid":"yBg9R7b7r",
"date":"2012-09-10 20:06:40"
},
{
"kids":[],
"uid":"1823415917",
"parent":"",
"text":"看谁再迷信进口食品[挖鼻屎]",
"mid":"yBg9QrGCM",
"date":"2012-09-10 20:06:38"
},
{
"kids":[],
"uid":"guoqian1028",
"parent":"",
"text":"",
"mid":"yBg9JF4Ba",
"date":"2012-09-10 20:06:24"
},
{
"kids":[],
"uid":"lexiaoyi1118",
"parent":"",
"text":"[泪]我的蓝罐曲奇",
"mid":"yBg9FzpQz",
"date":"2012-09-10 20:06:13"
},
{
"kids":[
"yBgEhwvDN"
],
"uid":"1879078285",
"parent":"",
"text":"刚买[汗]",
"mid":"yBg9E5Thb",
"date":"2012-09-10 20:06:09"
},
{
"kids":[],
"uid":"2262134507",
"parent":"",
"text":"外国一样烂",
"mid":"yBg9DvjYY",
"date":"2012-09-10 20:06:08"
},
{
"kids":[
"yBgBKjSrb"
],
"uid":"1839173571",
"parent":"",
"text":"@杨小胖702",
"mid":"yBg9Agnm4",
"date":"2012-09-10 20:06:00"
},
{
"kids":[],
"uid":"1978510643",
"parent":"",
"text":"转发微博。",
"mid":"yBg9zDELC",
"date":"2012-09-10 20:05:56"
},
{
"kids":[
"yBgg1bEV2"
],
"uid":"yvonnenzhu",
"parent":"",
"text":"不要吃不要吃不要吃了",
"mid":"yBg9ytST9",
"date":"2012-09-10 20:05:56"
},
{
"kids":[
"yBgzjBfNe",
"yBgcWhDNN"
],
"uid":"1771877031",
"parent":"",
"text":"[泪][汗][汗][汗]",
"mid":"yBg9x1qW1",
"date":"2012-09-10 20:05:52"
},
{
"kids":[
"yBgmC8W05"
],
"uid":"besmartman",
"parent":"",
"text":"",
"mid":"yBg9w5JQF",
"date":"2012-09-10 20:05:50"
},
{
"kids":[],
"uid":"1943876287",
"parent":"",
"text":"国外不合格的，都往中国运！中国把质量最好的给外国用！！[鄙视][鄙视]",
"mid":"yBg9ulH8Q",
"date":"2012-09-10 20:05:46"
},
{
"kids":[],
"uid":"1815199310",
"parent":"",
"text":"...........",
"mid":"yBg9rolQ0",
"date":"2012-09-10 20:05:39"
},
{
"kids":[],
"uid":"hellokitty0130",
"parent":"",
"text":"[哈哈]",
"mid":"yBg9mDrnz",
"date":"2012-09-10 20:05:28"
},
{
"kids":[],
"uid":"2015292265",
"parent":"",
"text":"",
"mid":"yBg9jEO4m",
"date":"2012-09-10 20:05:21"
},
{
"kids":[],
"uid":"1806428172",
"parent":"",
"text":"@Elaine_莊小咩",
"mid":"yBg9ivfui",
"date":"2012-09-10 20:05:15"
},
{
"kids":[],
"uid":"1861732013",
"parent":"",
"text":"要西要西",
"mid":"yBg9h2NAO",
"date":"2012-09-10 20:05:14"
},
{
"kids":[],
"uid":"512363050",
"parent":"",
"text":"",
"mid":"yBg9g9yn1",
"date":"2012-09-10 20:05:13"
},
{
"kids":[
"yBhvXlLiq"
],
"uid":"2127283015",
"parent":"",
"text":"[吃惊]",
"mid":"yBg9eC8bR",
"date":"2012-09-10 20:05:06"
},
{
"kids":[
"yBgjb64fO"
],
"uid":"1876732212",
"parent":"",
"text":"转发微博。",
"mid":"yBg9cAz5v",
"date":"2012-09-10 20:05:04"
},
{
"kids":[],
"uid":"2861507144",
"parent":"",
"text":"",
"mid":"yBg9ciXN2",
"date":"2012-09-10 20:05:03"
},
{
"kids":[
"yBgTTg51P",
"yBgmDAmf1",
"yBgdfu93T"
],
"uid":"1981337835",
"parent":"",
"text":"[吃惊][汗]",
"mid":"yBg99BZWy",
"date":"2012-09-10 20:04:58"
},
{
"kids":[],
"uid":"2110270164",
"parent":"",
"text":"@boxbbox",
"mid":"yBg99lCEK",
"date":"2012-09-10 20:04:57"
},
{
"kids":[],
"uid":"2165655333",
"parent":"",
"text":"[晕][晕]",
"mid":"yBg98snqv",
"date":"2012-09-10 20:04:54"
},
{
"kids":[
"yBgcqmw5V"
],
"uid":"xingyunyingyue",
"parent":"",
"text":"转发微博。",
"mid":"yBg97104v",
"date":"2012-09-10 20:04:50"
},
{
"kids":[],
"uid":"ivy2queen",
"parent":"",
"text":"丹麦蓝罐曲奇，送礼体面过人，很困，洗澡去。。。",
"mid":"yBg97101G",
"date":"2012-09-10 20:04:48"
},
{
"kids":[],
"uid":"2452232882",
"parent":"",
"text":"油，",
"mid":"yBg97100z",
"date":"2012-09-10 20:04:49"
},
{
"kids":[],
"uid":"chocolated",
"parent":"",
"text":"请告诉我哪几样是合格的就可以了",
"mid":"yBg93otQi",
"date":"2012-09-10 20:04:40"
}
]