[
{
"kids":[],
"uid":"1886732380",
"parent":"",
"text":"[怒]现在中国的教育没品德，医生没医德！能移民的就快移民吧",
"mid":"yxpqHypdq",
"date":"2012-08-16 12:21:39"
},
{
"kids":[],
"uid":"1977514423",
"parent":"yx4Oz4lwo",
"text":"",
"mid":"yxhXVy3JL",
"date":"2012-08-15 17:21:33"
},
{
"kids":[],
"uid":"1760957082",
"parent":"yx2NVEIto",
"text":"人肉他 开除 别让他再害人",
"mid":"yxfqWEpsi",
"date":"2012-08-15 10:54:47"
},
{
"kids":[],
"uid":"1583000887",
"parent":"yx4CDsG5f",
"text":"",
"mid":"yxawkze5a",
"date":"2012-08-14 22:24:20"
},
{
"kids":[],
"uid":"2155069182",
"parent":"",
"text":"就在我们公司旁边",
"mid":"yxa0pBTfH",
"date":"2012-08-14 21:05:43"
},
{
"kids":[],
"uid":"1683171025",
"parent":"",
"text":"奇怪了，微博客户端怎么能证明是否属实呢？[围观][思考]",
"mid":"yx8PP0Zb5",
"date":"2012-08-14 18:06:52"
},
{
"kids":[],
"uid":"ringgu",
"parent":"yx4Y91Iib",
"text":"",
"mid":"yx7jTt015",
"date":"2012-08-14 14:15:26"
},
{
"kids":[],
"uid":"1864366723",
"parent":"yx1Cq1rVJ",
"text":"",
"mid":"yx7al0t0M",
"date":"2012-08-14 13:51:55"
},
{
"kids":[],
"uid":"1649454974",
"parent":"",
"text":"@Ryo_1987",
"mid":"yx6CGvXYD",
"date":"2012-08-14 12:29:01"
},
{
"kids":[],
"uid":"1800275472",
"parent":"yx4zP7DLj",
"text":"转",
"mid":"yx6yY0VkE",
"date":"2012-08-14 12:19:51"
},
{
"kids":[],
"uid":"byebye0305",
"parent":"",
"text":"背后那面锦旗太有讽刺意义",
"mid":"yx6vCC2TY",
"date":"2012-08-14 12:11:36"
},
{
"kids":[],
"uid":"1435093557",
"parent":"",
"text":"",
"mid":"yx6hf78La",
"date":"2012-08-14 11:36:11"
},
{
"kids":[],
"uid":"1008703364",
"parent":"yx1ppjVMg",
"text":"一看这脸就不是好东西",
"mid":"yx6e41RWn",
"date":"2012-08-14 11:28:21"
},
{
"kids":[],
"uid":"625524000",
"parent":"yx5Ix2rmQ",
"text":"",
"mid":"yx67YnGJS",
"date":"2012-08-14 11:13:21"
},
{
"kids":[],
"uid":"2268963050",
"parent":"yx5mF2QGn",
"text":"转转更健康",
"mid":"yx64ZnrJw",
"date":"2012-08-14 11:06:00"
},
{
"kids":[],
"uid":"1884804344",
"parent":"yx1mwfMmC",
"text":"[怒]",
"mid":"yx64J8oCI",
"date":"2012-08-14 11:05:21"
},
{
"kids":[],
"uid":"2390504353",
"parent":"",
"text":"问问看！",
"mid":"yx5YvwWDd",
"date":"2012-08-14 10:50:00"
},
{
"kids":[],
"uid":"83lidy",
"parent":"yx5P5C3rL",
"text":"[话筒]",
"mid":"yx5UfDFZv",
"date":"2012-08-14 10:39:33"
},
{
"kids":[],
"uid":"1107831054",
"parent":"",
"text":"",
"mid":"yx5RWkQny",
"date":"2012-08-14 10:33:51"
},
{
"kids":[],
"uid":"2131278110",
"parent":"yx5Ix2rmQ",
"text":"",
"mid":"yx5QVpAfe",
"date":"2012-08-14 10:31:21"
},
{
"kids":[],
"uid":"1690340224",
"parent":"yx5hGdCQv",
"text":"",
"mid":"yx5PubIu9",
"date":"2012-08-14 10:27:47"
},
{
"kids":[],
"uid":"quyingyu",
"parent":"yx5Ix2rmQ",
"text":"医德丧失",
"mid":"yx5P6twwO",
"date":"2012-08-14 10:26:53"
},
{
"kids":[
"yx5UfDFZv"
],
"uid":"sparkming",
"parent":"yx1Ns4IFn",
"text":"",
"mid":"yx5P5C3rL",
"date":"2012-08-14 10:26:50"
},
{
"kids":[],
"uid":"1933845880",
"parent":"",
"text":"我朋友去455看的病，医生态度非常好啊，而且看病也很实惠的，根本不是你说的这个样子。。。",
"mid":"yx5Lt4cbe",
"date":"2012-08-14 10:17:54"
},
{
"kids":[
"yx67YnGJS",
"yx5QVpAfe",
"yx5P6twwO"
],
"uid":"1740307373",
"parent":"yx1ysqQfU",
"text":"",
"mid":"yx5Ix2rmQ",
"date":"2012-08-14 10:10:39"
},
{
"kids":[],
"uid":"2012581567",
"parent":"yx5ztk8qK",
"text":"扩散一几！",
"mid":"yx5HtqTht",
"date":"2012-08-14 10:08:04"
},
{
"kids":[],
"uid":"1917264330",
"parent":"yx5mF2QGn",
"text":"",
"mid":"yx5FyDEQV",
"date":"2012-08-14 10:03:20"
},
{
"kids":[
"yx5HtqTht"
],
"uid":"1913727057",
"parent":"",
"text":"[汗]",
"mid":"yx5ztk8qK",
"date":"2012-08-14 09:48:21"
},
{
"kids":[],
"uid":"2202846025",
"parent":"yx5mF2QGn",
"text":"这么牛？是有多牛啊",
"mid":"yx5tmdCGb",
"date":"2012-08-14 09:33:17"
},
{
"kids":[],
"uid":"2012724962",
"parent":"yx5iu8O7h",
"text":"",
"mid":"yx5rU4X7f",
"date":"2012-08-14 09:29:42"
},
{
"kids":[],
"uid":"2914517792",
"parent":"",
"text":"现在的医生真狠",
"mid":"yx5rr7eon",
"date":"2012-08-14 09:28:33"
},
{
"kids":[],
"uid":"mikoyyw",
"parent":"yx5mLwIZR",
"text":"草菅人命的医生必须转~~~",
"mid":"yx5rnyfxR",
"date":"2012-08-14 09:28:24"
},
{
"kids":[],
"uid":"vicha1106",
"parent":"yx4CDsG5f",
"text":"",
"mid":"yx5pfbJGb",
"date":"2012-08-14 09:23:08"
},
{
"kids":[
"yx5rnyfxR"
],
"uid":"1712558590",
"parent":"",
"text":"大多医生都很恶心，尤其部队医院",
"mid":"yx5mLwIZR",
"date":"2012-08-14 09:17:03"
},
{
"kids":[],
"uid":"2245692762",
"parent":"",
"text":"无良医生",
"mid":"yx5mK20LT",
"date":"2012-08-14 09:16:59"
},
{
"kids":[
"yx64ZnrJw",
"yx5FyDEQV",
"yx5tmdCGb"
],
"uid":"1850659514",
"parent":"yx5iKFscv",
"text":"455真心有点坑爹",
"mid":"yx5mF2QGn",
"date":"2012-08-14 09:16:47"
},
{
"kids":[
"yx5mF2QGn"
],
"uid":"blynn",
"parent":"yx4F8jp9l",
"text":"真恶心[鄙視][鄙視][鄙視]",
"mid":"yx5iKFscv",
"date":"2012-08-14 09:07:09"
},
{
"kids":[
"yx5rU4X7f"
],
"uid":"2335027002",
"parent":"yx5hGdCQv",
"text":"",
"mid":"yx5iu8O7h",
"date":"2012-08-14 09:06:29"
},
{
"kids":[
"yx5PubIu9",
"yx5iu8O7h"
],
"uid":"2167961043",
"parent":"yx1Cq1rVJ",
"text":"",
"mid":"yx5hGdCQv",
"date":"2012-08-14 09:04:30"
},
{
"kids":[],
"uid":"2392589033",
"parent":"",
"text":"无良医生",
"mid":"yx5gLcNJJ",
"date":"2012-08-14 09:02:13"
},
{
"kids":[],
"uid":"2134792105",
"parent":"yx58saqF0",
"text":"部队医院不是给老百姓看病的地方,可以的话还是绕开走",
"mid":"yx59UzZZO",
"date":"2012-08-14 08:45:22"
},
{
"kids":[
"yx59UzZZO"
],
"uid":"christinewuyp",
"parent":"",
"text":"",
"mid":"yx58saqF0",
"date":"2012-08-14 08:41:46"
},
{
"kids":[],
"uid":"qianjialulu",
"parent":"",
"text":"",
"mid":"yx57Y3tOq",
"date":"2012-08-14 08:40:35"
},
{
"kids":[],
"uid":"2074700225",
"parent":"",
"text":"",
"mid":"yx56uqE0w",
"date":"2012-08-14 08:36:57"
},
{
"kids":[],
"uid":"1989697450",
"parent":"",
"text":"",
"mid":"yx4Zfzrs5",
"date":"2012-08-14 08:19:07"
},
{
"kids":[
"yx7jTt015"
],
"uid":"1437150470",
"parent":"yx4zP7DLj",
"text":"",
"mid":"yx4Y91Iib",
"date":"2012-08-14 08:16:22"
},
{
"kids":[],
"uid":"1965711414",
"parent":"",
"text":"[熊猫]",
"mid":"yx4X1h7sI",
"date":"2012-08-14 08:13:36"
},
{
"kids":[],
"uid":"2128923870",
"parent":"",
"text":"好多科室被人承包了。",
"mid":"yx4WzcIQm",
"date":"2012-08-14 08:12:30"
},
{
"kids":[],
"uid":"2172625565",
"parent":"",
"text":"没医德 转起来",
"mid":"yx4Wrx6s0",
"date":"2012-08-14 08:12:11"
},
{
"kids":[],
"uid":"2680230373",
"parent":"yx4rysi2s",
"text":"无可救药",
"mid":"yx4TM3FwQ",
"date":"2012-08-14 08:05:36"
},
{
"kids":[
"yxhXVy3JL"
],
"uid":"chrissiehj",
"parent":"yx4NHjJLQ",
"text":"部隊醫院都這德性的 [哼][怒]",
"mid":"yx4Oz4lwo",
"date":"2012-08-14 07:52:47"
},
{
"kids":[
"yx4Oz4lwo"
],
"uid":"2493348684",
"parent":"yx4zP7DLj",
"text":"没有医德哪配做医生！！！",
"mid":"yx4NHjJLQ",
"date":"2012-08-14 07:50:39"
},
{
"kids":[
"yx5iKFscv"
],
"uid":"1713647900",
"parent":"",
"text":"下岗！下岗！",
"mid":"yx4F8jp9l",
"date":"2012-08-14 07:29:33"
},
{
"kids":[],
"uid":"2270643052",
"parent":"",
"text":"",
"mid":"yx4EP71M4",
"date":"2012-08-14 07:28:47"
},
{
"kids":[
"yxawkze5a",
"yx5pfbJGb"
],
"uid":"1605373074",
"parent":"yx1W8reNp",
"text":"转！",
"mid":"yx4CDsG5f",
"date":"2012-08-14 07:23:23"
},
{
"kids":[
"yx6yY0VkE",
"yx4Y91Iib",
"yx4NHjJLQ"
],
"uid":"2013977091",
"parent":"",
"text":"转发微博。",
"mid":"yx4zP7DLj",
"date":"2012-08-14 07:16:28"
},
{
"kids":[],
"uid":"1794374224",
"parent":"",
"text":"转发微博。",
"mid":"yx4w5aTD0",
"date":"2012-08-14 07:07:15"
},
{
"kids":[
"yx4TM3FwQ"
],
"uid":"2108405042",
"parent":"",
"text":"没有医德",
"mid":"yx4rysi2s",
"date":"2012-08-14 06:56:05"
},
{
"kids":[],
"uid":"1883819563",
"parent":"",
"text":"部队医院都是垃圾，还有411医院。",
"mid":"yx4cPjXSs",
"date":"2012-08-14 06:19:49"
},
{
"kids":[],
"uid":"2692473853",
"parent":"",
"text":"医德败坏，想尽法子掏老百姓口袋里的血汗钱[怒][怒][怒][怒][怒][怒]缺德哦，道德沦丧",
"mid":"yx46z6CZt",
"date":"2012-08-14 06:04:22"
},
{
"kids":[],
"uid":"2124153473",
"parent":"",
"text":"转发微博。",
"mid":"yx3EhEj1D",
"date":"2012-08-14 04:54:42"
},
{
"kids":[],
"uid":"2013728961",
"parent":"",
"text":"你TM抢钱啊？",
"mid":"yx2ZTkTUU",
"date":"2012-08-14 03:15:12"
},
{
"kids":[
"yxfqWEpsi"
],
"uid":"honeykt",
"parent":"",
"text":"没医德",
"mid":"yx2NVEIto",
"date":"2012-08-14 02:45:44"
},
{
"kids":[],
"uid":"2059643324",
"parent":"",
"text":"鄙视，毫无医德。哎，悲哀啊！",
"mid":"yx2vYxcRI",
"date":"2012-08-14 02:01:30"
},
{
"kids":[],
"uid":"2685804372",
"parent":"",
"text":"呵呵，要是路飞在场…揍飞你！",
"mid":"yx2oMloRc",
"date":"2012-08-14 01:43:46"
},
{
"kids":[],
"uid":"2663385573",
"parent":"",
"text":"只差到你口袋里直接拿钱了。",
"mid":"yx27zDjW9",
"date":"2012-08-14 01:01:23"
},
{
"kids":[],
"uid":"luckyolanda",
"parent":"",
"text":"他出名了",
"mid":"yx25T2Gfu",
"date":"2012-08-14 00:57:13"
},
{
"kids":[],
"uid":"2178228074",
"parent":"yx21VsXVp",
"text":"",
"mid":"yx22vx4yr",
"date":"2012-08-14 00:48:55"
},
{
"kids":[
"yx22vx4yr"
],
"uid":"poposilent",
"parent":"yx1qCltgu",
"text":"让他吃甲亢灵，看他那眼珠子弹的",
"mid":"yx21VsXVp",
"date":"2012-08-14 00:47:28"
},
{
"kids":[],
"uid":"1972857111",
"parent":"",
"text":"转发微博。",
"mid":"yx1XVv2b0",
"date":"2012-08-14 00:37:37"
},
{
"kids":[
"yx4CDsG5f"
],
"uid":"1917359923",
"parent":"",
"text":"",
"mid":"yx1W8reNp",
"date":"2012-08-14 00:33:11"
},
{
"kids":[],
"uid":"1884145040",
"parent":"yx1pvd3W0",
"text":"医生里面，恶魔和天使一样多",
"mid":"yx1NRqhEl",
"date":"2012-08-14 00:12:48"
},
{
"kids":[
"yx5P5C3rL"
],
"uid":"1862829895",
"parent":"",
"text":"这个要转的 不知道多少病人被这个庸医给骗了",
"mid":"yx1Ns4IFn",
"date":"2012-08-14 00:11:45"
},
{
"kids":[],
"uid":"1674280593",
"parent":"yx1M39Uck",
"text":"",
"mid":"yx1MAwhFv",
"date":"2012-08-14 00:09:41"
},
{
"kids":[],
"uid":"2657325953",
"parent":"",
"text":"听说他们好多医生都是承包的，这样的医院[汗][汗][汗]@上海优惠折扣",
"mid":"yx1MjrCy4",
"date":"2012-08-14 00:09:00"
},
{
"kids":[
"yx1MAwhFv"
],
"uid":"2096486943",
"parent":"",
"text":"",
"mid":"yx1M39Uck",
"date":"2012-08-14 00:08:21"
},
{
"kids":[],
"uid":"1894666644",
"parent":"",
"text":"曝光！曝光！",
"mid":"yx1JbBeSc",
"date":"2012-08-14 00:01:17"
},
{
"kids":[],
"uid":"2108588943",
"parent":"yx1GephUT",
"text":"扩大的鼻孔。。。",
"mid":"yx1GGpIqf",
"date":"2012-08-13 23:55:08"
},
{
"kids":[
"yx1GGpIqf"
],
"uid":"314000707",
"parent":"",
"text":"扩起",
"mid":"yx1GephUT",
"date":"2012-08-13 23:54:01"
},
{
"kids":[],
"uid":"1969630201",
"parent":"yx1vwpxrt",
"text":"必須轉",
"mid":"yx1G9DHpJ",
"date":"2012-08-13 23:53:47"
},
{
"kids":[],
"uid":"1400903662",
"parent":"",
"text":"转起来大家看。",
"mid":"yx1FXwIuN",
"date":"2012-08-13 23:53:21"
},
{
"kids":[],
"uid":"1849535500",
"parent":"yx1q7CGxy",
"text":"这个有必要宣传一下~",
"mid":"yx1CyxKtV",
"date":"2012-08-13 23:44:56"
},
{
"kids":[
"yx7al0t0M",
"yx5hGdCQv"
],
"uid":"1691618502",
"parent":"",
"text":"转发微博。",
"mid":"yx1Cq1rVJ",
"date":"2012-08-13 23:44:36"
},
{
"kids":[],
"uid":"gege803",
"parent":"",
"text":"貌似所有的解放军医院都有种黑院的感觉'刀子很锋利啊'曾经一个炎症就被坑了2000多'开的单子要5000多'黑啊",
"mid":"yx1zTDKN7",
"date":"2012-08-13 23:38:24"
},
{
"kids":[],
"uid":"jaylanlane",
"parent":"",
"text":"",
"mid":"yx1zScwtr",
"date":"2012-08-13 23:38:21"
},
{
"kids":[],
"uid":"1687042151",
"parent":"",
"text":"",
"mid":"yx1zkeTZa",
"date":"2012-08-13 23:37:00"
},
{
"kids":[],
"uid":"lvxiaomaov5",
"parent":"",
"text":"",
"mid":"yx1zji8h7",
"date":"2012-08-13 23:36:58"
},
{
"kids":[
"yx5Ix2rmQ"
],
"uid":"2032680373",
"parent":"",
"text":"",
"mid":"yx1ysqQfU",
"date":"2012-08-13 23:34:50"
},
{
"kids":[],
"uid":"ak47heroine",
"parent":"",
"text":"一个巴掌拍不响，医生那么激动不可能无缘无故的吧~博主想煽动民众负面情绪有什么目的？",
"mid":"yx1xU9WcY",
"date":"2012-08-13 23:33:31"
},
{
"kids":[],
"uid":"1866226160",
"parent":"yx1vltoa9",
"text":"真他妈恶心 不给钱不干的妓女行为 在这个国度里 一定不能生病 医院是不对平民开放的",
"mid":"yx1xJfrVr",
"date":"2012-08-13 23:33:01"
},
{
"kids":[],
"uid":"maligu",
"parent":"",
"text":"",
"mid":"yx1x5k66Y",
"date":"2012-08-13 23:31:29"
},
{
"kids":[],
"uid":"pbprince",
"parent":"",
"text":"转发微博。",
"mid":"yx1wZ8B12",
"date":"2012-08-13 23:31:10"
},
{
"kids":[],
"uid":"1880184380",
"parent":"",
"text":"医患问题已经不是个体之间的矛盾了。",
"mid":"yx1wGd4rX",
"date":"2012-08-13 23:30:30"
},
{
"kids":[],
"uid":"dinosaur1126",
"parent":"",
"text":"人家后面还有锦旗呢[挖鼻屎][挖鼻屎][挖鼻屎][挖鼻屎]",
"mid":"yx1wzpHi0",
"date":"2012-08-13 23:30:11"
},
{
"kids":[],
"uid":"1101109955",
"parent":"yx1sxqN8f",
"text":"[吃惊]",
"mid":"yx1w4F70x",
"date":"2012-08-13 23:29:00"
},
{
"kids":[],
"uid":"1711717394",
"parent":"",
"text":"",
"mid":"yx1vC2Db2",
"date":"2012-08-13 23:27:51"
},
{
"kids":[
"yx1G9DHpJ"
],
"uid":"2124471571",
"parent":"",
"text":"",
"mid":"yx1vwpxrt",
"date":"2012-08-13 23:27:38"
},
{
"kids":[
"yx1xJfrVr"
],
"uid":"rocknicole",
"parent":"",
"text":"禽兽长这样[怒]",
"mid":"yx1vltoa9",
"date":"2012-08-13 23:27:10"
},
{
"kids":[],
"uid":"1953416147",
"parent":"",
"text":"还解放军医院……",
"mid":"yx1vhkhCW",
"date":"2012-08-13 23:26:59"
},
{
"kids":[],
"uid":"teanabing",
"parent":"",
"text":"医德呢[怒]",
"mid":"yx1ub6A2N",
"date":"2012-08-13 23:24:18"
},
{
"kids":[],
"uid":"agathagatha",
"parent":"",
"text":"转发微博。",
"mid":"yx1tUyqp2",
"date":"2012-08-13 23:23:40"
},
{
"kids":[],
"uid":"2120751904",
"parent":"",
"text":"",
"mid":"yx1tN9E01",
"date":"2012-08-13 23:23:19"
},
{
"kids":[],
"uid":"1887700542",
"parent":"yx1oY6uyh",
"text":"医者豺狼心，请法办@赵克石",
"mid":"yx1tstNKN",
"date":"2012-08-13 23:22:34"
},
{
"kids":[],
"uid":"2164260914",
"parent":"",
"text":"貌似也听人说这医院。。",
"mid":"yx1tmfSwU",
"date":"2012-08-13 23:22:14"
},
{
"kids":[],
"uid":"1750113670",
"parent":"",
"text":"",
"mid":"yx1sVncK6",
"date":"2012-08-13 23:21:14"
},
{
"kids":[],
"uid":"2117138844",
"parent":"",
"text":"一个巴掌拍不响，病人和家属一定还说了些什么吧，医生其实见多了听多了，要恼怒成这样失态的实在不多。微博看多了，很难听信一方之词。",
"mid":"yx1sGArEG",
"date":"2012-08-13 23:20:38"
},
{
"kids":[],
"uid":"yucymu",
"parent":"",
"text":"[鄙视]",
"mid":"yx1syDfiu",
"date":"2012-08-13 23:20:20"
},
{
"kids":[
"yx1w4F70x"
],
"uid":"andyszb1008",
"parent":"",
"text":"",
"mid":"yx1sxqN8f",
"date":"2012-08-13 23:20:18"
},
{
"kids":[],
"uid":"1880235691",
"parent":"",
"text":"",
"mid":"yx1rlgX4g",
"date":"2012-08-13 23:17:20"
},
{
"kids":[],
"uid":"1766741961",
"parent":"",
"text":"",
"mid":"yx1qRpPqt",
"date":"2012-08-13 23:16:08"
},
{
"kids":[],
"uid":"1950155714",
"parent":"",
"text":"[怒骂][怒骂][怒骂]",
"mid":"yx1qQeYIv",
"date":"2012-08-13 23:16:07"
},
{
"kids":[
"yx21VsXVp"
],
"uid":"1751948334",
"parent":"",
"text":"转死他！",
"mid":"yx1qCltgu",
"date":"2012-08-13 23:15:33"
},
{
"kids":[
"yx1CyxKtV"
],
"uid":"1115617882",
"parent":"",
"text":"之前看到新闻上面说医生手术收红包情有可原，说医生的手术收入太少了，说发改委还在调研要提高手术的奖金，这样医生就不会收红包了，尼玛的我想说，够狗就是狗，改不了吃X的。收红包还尼玛有借口了",
"mid":"yx1q7CGxy",
"date":"2012-08-13 23:14:18"
},
{
"kids":[],
"uid":"1409227444",
"parent":"",
"text":"",
"mid":"yx1q3cS7Z",
"date":"2012-08-13 23:14:07"
},
{
"kids":[
"yx1NRqhEl"
],
"uid":"1930879172",
"parent":"",
"text":"",
"mid":"yx1pvd3W0",
"date":"2012-08-13 23:12:49"
},
{
"kids":[
"yx6e41RWn"
],
"uid":"2120520004",
"parent":"",
"text":"现在的医生只顾赚钱哪管你死活[怒骂]扩…",
"mid":"yx1ppjVMg",
"date":"2012-08-13 23:12:34"
},
{
"kids":[
"yx1tstNKN"
],
"uid":"canren81",
"parent":"",
"text":"转发微博。",
"mid":"yx1oY6uyh",
"date":"2012-08-13 23:11:28"
},
{
"kids":[],
"uid":"2037669282",
"parent":"",
"text":"[汗]",
"mid":"yx1oKcbz0",
"date":"2012-08-13 23:10:56"
},
{
"kids":[],
"uid":"2124461927",
"parent":"",
"text":"这种医生不如狗@夜无蛋王子 @优雅猫球球 @Cherry小姐本尊 @ACC的灰大牛 @DJ阚晓君 @Happy张江 @KDS宽带社 @Pin_得了愛紫病 @STV新闻夜线 @周立波 @上海人社区 @上海头条播报 @上海电视台七分之一 @东方新闻at东方卫视",
"mid":"yx1oyFqeo",
"date":"2012-08-13 23:10:26"
},
{
"kids":[],
"uid":"2275643470",
"parent":"",
"text":"大家帮着转，看他还怎么嚣张！[怒][怒][怒]",
"mid":"yx1otnH8G",
"date":"2012-08-13 23:10:12"
},
{
"kids":[],
"uid":"iceice1984",
"parent":"",
"text":"锦旗 很讽刺",
"mid":"yx1ojkMDE",
"date":"2012-08-13 23:09:52"
},
{
"kids":[],
"uid":"1203228195",
"parent":"",
"text":"",
"mid":"yx1ocgMM2",
"date":"2012-08-13 23:09:33"
},
{
"kids":[],
"uid":"1436234765",
"parent":"",
"text":"",
"mid":"yx1o8oCZW",
"date":"2012-08-13 23:09:25"
},
{
"kids":[],
"uid":"2615250891",
"parent":"",
"text":"",
"mid":"yx1nq6l56",
"date":"2012-08-13 23:07:39"
},
{
"kids":[],
"uid":"2294918054",
"parent":"",
"text":"轉發微博",
"mid":"yx1mNEjTz",
"date":"2012-08-13 23:06:10"
},
{
"kids":[],
"uid":"xiaobleilei",
"parent":"",
"text":"又来个坍台的",
"mid":"yx1mA6nOQ",
"date":"2012-08-13 23:05:36"
},
{
"kids":[
"yx64J8oCI"
],
"uid":"1497964200",
"parent":"",
"text":"医者仁心",
"mid":"yx1mwfMmC",
"date":"2012-08-13 23:05:24"
},
{
"kids":[],
"uid":"2132734027",
"parent":"",
"text":"矮油，这脸一看就不是好人~ [鄙视][鄙视][鄙视]",
"mid":"yx1msE2DV",
"date":"2012-08-13 23:05:16"
}
]