[
{
"kids":[],
"uid":"2920202254",
"parent":"zrBQWsdk9",
"text":"",
"mid":"zt6aj9Edl",
"date":"2013-04-21 02:42:11"
},
{
"kids":[],
"uid":"2919384230",
"parent":"zrBQWsdk9",
"text":"",
"mid":"zt6aj8pqf",
"date":"2013-04-21 02:42:11"
},
{
"kids":[],
"uid":"2920181092",
"parent":"zrBQWsdk9",
"text":"",
"mid":"zskQDo2zw",
"date":"2013-04-16 02:14:37"
},
{
"kids":[],
"uid":"2789973504",
"parent":"zrBQWsdk9",
"text":"",
"mid":"zsb889903",
"date":"2013-04-15 01:30:15"
},
{
"kids":[],
"uid":"3043593164",
"parent":"zrBQWsdk9",
"text":"",
"mid":"zsb8898XP",
"date":"2013-04-15 01:30:14"
},
{
"kids":[],
"uid":"2920067442",
"parent":"zrBnFwvja",
"text":"",
"mid":"zrUnn4qxG",
"date":"2013-04-13 06:51:06"
},
{
"kids":[],
"uid":"1879430480",
"parent":"",
"text":"假的，今天出来辟谣了",
"mid":"zrOzL3m1m",
"date":"2013-04-12 16:05:08"
},
{
"kids":[],
"uid":"2805021224",
"parent":"zrBnFwvja",
"text":"",
"mid":"zrK1Dn6xT",
"date":"2013-04-12 04:30:05"
},
{
"kids":[],
"uid":"2807792232",
"parent":"zrBnFwvja",
"text":"",
"mid":"zrK1D3Tfd",
"date":"2013-04-12 04:30:04"
},
{
"kids":[],
"uid":"714506456",
"parent":"zrAlghuUb",
"text":"[偷笑] 假消息满天飞 被举报了？",
"mid":"zrHIvdTCJ",
"date":"2013-04-11 22:37:24"
},
{
"kids":[],
"uid":"2641834180",
"parent":"zrA003WnK",
"text":"海关总署已更正“发改委批复7万亿投资项目”的说法[晕]",
"mid":"zrG0mgonL",
"date":"2013-04-11 18:15:54"
},
{
"kids":[],
"uid":"208883580",
"parent":"",
"text":"还嫌通胀不够大？",
"mid":"zrFQzkmjb",
"date":"2013-04-11 17:51:49"
},
{
"kids":[],
"uid":"1750174132",
"parent":"zryzy3oNG",
"text":"",
"mid":"zrEmiCgop",
"date":"2013-04-11 14:04:30"
},
{
"kids":[],
"uid":"nanaziniang",
"parent":"zrDToakcP",
"text":"惨了……等屎，钱不是钱",
"mid":"zrE30pUvY",
"date":"2013-04-11 13:16:58"
},
{
"kids":[],
"uid":"2766404072",
"parent":"",
"text":"#热门微博# http:",
"mid":"zrE0mrIyi",
"date":"2013-04-11 13:10:26"
},
{
"kids":[],
"uid":"1965250725",
"parent":"",
"text":"机会，你准备好了吗？",
"mid":"zrDZOsxhc",
"date":"2013-04-11 13:09:07"
},
{
"kids":[
"zrE30pUvY"
],
"uid":"1826446091",
"parent":"zryD2jycB",
"text":"离死期不远了....",
"mid":"zrDToakcP",
"date":"2013-04-11 12:53:16"
},
{
"kids":[],
"uid":"1841347045",
"parent":"",
"text":"其实早在几年前，龙永图就说过，国家应该做的就是减税，减少政府开支，增加医保社保的投入，这才是大道",
"mid":"zrDCkxf7c",
"date":"2013-04-11 12:11:16"
},
{
"kids":[],
"uid":"2621928223",
"parent":"zryzy3oNG",
"text":"",
"mid":"zrDs0uX94",
"date":"2013-04-11 11:45:49"
},
{
"kids":[],
"uid":"2460600862",
"parent":"zryBh06DF",
"text":"高通胀就要来了。",
"mid":"zrDhOv5Y3",
"date":"2013-04-11 11:20:41"
},
{
"kids":[],
"uid":"1804881752",
"parent":"zryOf0Xky",
"text":"@Leo老树皮",
"mid":"zrDgitZCU",
"date":"2013-04-11 11:16:57"
},
{
"kids":[],
"uid":"1862239375",
"parent":"zrAlghuUb",
"text":"批给美股[偷笑]",
"mid":"zrCZP20OK",
"date":"2013-04-11 10:36:22"
},
{
"kids":[],
"uid":"2089046981",
"parent":"zrCRvEgsk",
"text":"欢迎下一轮通货膨胀@黑龙江地主哥",
"mid":"zrCYI8ePj",
"date":"2013-04-11 10:33:39"
},
{
"kids":[],
"uid":"1784950430",
"parent":"zrAlghuUb",
"text":"哇 A股大涨大涨！！！[奥特曼][偷乐]",
"mid":"zrCS05T6l",
"date":"2013-04-11 10:17:06"
},
{
"kids":[
"zrCYI8ePj"
],
"uid":"2182324183",
"parent":"zrBnFwvja",
"text":"王的盛宴。",
"mid":"zrCRvEgsk",
"date":"2013-04-11 10:15:55"
},
{
"kids":[],
"uid":"2755490517",
"parent":"zryzy3oNG",
"text":"亲们，赶紧买房保值吧！！！",
"mid":"zrCR3xD1z",
"date":"2013-04-11 10:14:48"
},
{
"kids":[],
"uid":"2198710654",
"parent":"",
"text":"@想要飞飞的鱼",
"mid":"zrCPniJIv",
"date":"2013-04-11 10:10:39"
},
{
"kids":[],
"uid":"1760319551",
"parent":"",
"text":"那今天股票可以跌残了",
"mid":"zrCNSv46b",
"date":"2013-04-11 10:06:58"
},
{
"kids":[],
"uid":"2240566232",
"parent":"",
"text":"",
"mid":"zrCG5mjdx",
"date":"2013-04-11 09:47:47"
},
{
"kids":[],
"uid":"2345988225",
"parent":"",
"text":"这算磕药自尽不~~~加速历史进程阿，最后一切利好源于通胀",
"mid":"zrCFowf5r",
"date":"2013-04-11 09:46:03"
},
{
"kids":[],
"uid":"210437555",
"parent":"",
"text":"批复，并不代表老百姓能使用得上，鬼才知道这比经费用到何处",
"mid":"zrCAhq51V",
"date":"2013-04-11 09:33:28"
},
{
"kids":[],
"uid":"1773917275",
"parent":"zryzy3oNG",
"text":"股市房市齐齐大涨[哈哈]",
"mid":"zrCxxenCO",
"date":"2013-04-11 09:26:41"
},
{
"kids":[],
"uid":"1232896953",
"parent":"",
"text":"",
"mid":"zrCwDEOhj",
"date":"2013-04-11 09:24:30"
},
{
"kids":[],
"uid":"1935819345",
"parent":"zrBtbqcYv",
"text":"[吃惊]",
"mid":"zrCw9yenh",
"date":"2013-04-11 09:23:17"
},
{
"kids":[],
"uid":"2621882712",
"parent":"zryzy3oNG",
"text":"只能一条路走到黑了",
"mid":"zrCw9xC6D",
"date":"2013-04-11 09:23:18"
},
{
"kids":[],
"uid":"liujunjohn",
"parent":"",
"text":"",
"mid":"zrCpOe3be",
"date":"2013-04-11 09:07:40"
},
{
"kids":[],
"uid":"2687405111",
"parent":"",
"text":"坐等辟谣",
"mid":"zrCiskav8",
"date":"2013-04-11 08:49:32"
},
{
"kids":[],
"uid":"wgodfather",
"parent":"",
"text":"呼风唤雨发改委",
"mid":"zrCdgulLU",
"date":"2013-04-11 08:36:46"
},
{
"kids":[],
"uid":"1774202335",
"parent":"zryzy3oNG",
"text":"[汗]",
"mid":"zrC9ucujb",
"date":"2013-04-11 08:27:27"
},
{
"kids":[],
"uid":"1746572843",
"parent":"zrAlghuUb",
"text":"",
"mid":"zrC94ccRt",
"date":"2013-04-11 08:26:25"
},
{
"kids":[],
"uid":"2312664100",
"parent":"zrAlghuUb",
"text":"[嘻嘻]",
"mid":"zrC8WdGRv",
"date":"2013-04-11 08:26:06"
},
{
"kids":[],
"uid":"yijingyong",
"parent":"zryzy3oNG",
"text":"",
"mid":"zrC8HqQCz",
"date":"2013-04-11 08:25:30"
},
{
"kids":[],
"uid":"mxhmxhmxh",
"parent":"zryzy3oNG",
"text":"",
"mid":"zrC8n3C2Y",
"date":"2013-04-11 08:24:42"
},
{
"kids":[],
"uid":"1586847555",
"parent":"zryYlb9pP",
"text":"关注过此人一段时间，发现他只会满嘴跑火车，果断取消关注。",
"mid":"zrC6Uj2ME",
"date":"2013-04-11 08:21:05"
},
{
"kids":[],
"uid":"3174982621",
"parent":"zrBXv29p4",
"text":"回复@白色都市:必须的，看市场反应了，我只跟市场，党让2500就抄底，结果现在还在2200",
"mid":"zrC6JFLrS",
"date":"2013-04-11 08:20:41"
},
{
"kids":[],
"uid":"1040404575",
"parent":"zrBPCxzZi",
"text":"",
"mid":"zrC6nxddU",
"date":"2013-04-11 08:19:47"
},
{
"kids":[],
"uid":"2925354055",
"parent":"",
"text":"Oh yeah!",
"mid":"zrC5Px1XH",
"date":"2013-04-11 08:18:27"
},
{
"kids":[],
"uid":"1737567391",
"parent":"zryzy3oNG",
"text":"中国的投资总额中有多大的比例需要国家发改委审批。如果比例很高，7万亿也没什么实质性的东西。",
"mid":"zrC2SBKG1",
"date":"2013-04-11 08:11:11"
},
{
"kids":[],
"uid":"2682180341",
"parent":"zryzN4ml4",
"text":"不要误读了，是几年多个项目，且资金自筹，而非简单粗暴印钱。",
"mid":"zrC1G9SMh",
"date":"2013-04-11 08:08:12"
},
{
"kids":[],
"uid":"1662216571",
"parent":"zrAlghuUb",
"text":"[吃惊]",
"mid":"zrC0vtcG6",
"date":"2013-04-11 08:05:20"
},
{
"kids":[],
"uid":"linxy51",
"parent":"zrBPCxzZi",
"text":"都是基建项目喂，和通信业关系不大，似乎…",
"mid":"zrC0lrhQD",
"date":"2013-04-11 08:04:56"
},
{
"kids":[],
"uid":"feitiandaxia",
"parent":"zryzy3oNG",
"text":"",
"mid":"zrBYl1BRf",
"date":"2013-04-11 07:59:59"
},
{
"kids":[],
"uid":"1478182437",
"parent":"",
"text":"何谓大跌，何谓大涨，这么厉害把钱早赚光了！",
"mid":"zrBXJuJpf",
"date":"2013-04-11 07:58:29"
},
{
"kids":[
"zrC6JFLrS"
],
"uid":"3174982621",
"parent":"",
"text":"这事肯定有，但是去年低的消息",
"mid":"zrBXv29p4",
"date":"2013-04-11 07:57:55"
},
{
"kids":[],
"uid":"1425016073",
"parent":"zrAlghuUb",
"text":"靠",
"mid":"zrBX26N9G",
"date":"2013-04-11 07:56:46"
},
{
"kids":[],
"uid":"2107493155",
"parent":"",
"text":"站着，把钱挣了。",
"mid":"zrBSs6I3R",
"date":"2013-04-11 07:45:28"
},
{
"kids":[],
"uid":"2390463157",
"parent":"zrAlghuUb",
"text":"谣言吧?四万亿催生多少腐败，七万亿啊。股市要疯",
"mid":"zrBSpaiNg",
"date":"2013-04-11 07:45:22"
},
{
"kids":[],
"uid":"antandy",
"parent":"zrBOwBJoK",
"text":"回复@紫贝小屋:如何把钱给项目呢？[挖鼻屎]",
"mid":"zrBSc9fsV",
"date":"2013-04-11 07:44:51"
},
{
"kids":[
"zt6aj9Edl",
"zt6aj8pqf",
"zskQDo2zw",
"zsb889903",
"zsb8898XP"
],
"uid":"2304679947",
"parent":"zrAlghuUb",
"text":"",
"mid":"zrBQWsdk9",
"date":"2013-04-11 07:41:46"
},
{
"kids":[],
"uid":"deephawk",
"parent":"zrAlghuUb",
"text":"疯癫之后会更疯狂，最后就没有最后了。。。",
"mid":"zrBQtcQ7z",
"date":"2013-04-11 07:40:35"
},
{
"kids":[
"zrC6nxddU",
"zrC0lrhQD"
],
"uid":"roamer2063",
"parent":"",
"text":"那就517电信日发吧",
"mid":"zrBPCxzZi",
"date":"2013-04-11 07:38:30"
},
{
"kids":[],
"uid":"2235334963",
"parent":"",
"text":"",
"mid":"zrBPmDcaD",
"date":"2013-04-11 07:37:52"
},
{
"kids":[],
"uid":"2023626633",
"parent":"",
"text":"@十月里的甩饼哥",
"mid":"zrBP5sV35",
"date":"2013-04-11 07:37:11"
},
{
"kids":[],
"uid":"1402992527",
"parent":"zrAlghuUb",
"text":"回复@智信仁勇必有特福:写的好玩！",
"mid":"zrBOLniwO",
"date":"2013-04-11 07:36:23"
},
{
"kids":[],
"uid":"lionx888",
"parent":"zrBIBj6i4",
"text":"",
"mid":"zrBOCxizN",
"date":"2013-04-11 07:36:02"
},
{
"kids":[
"zrBSc9fsV"
],
"uid":"antandy",
"parent":"",
"text":"钱从哪儿来？[挖鼻屎]",
"mid":"zrBOwBJoK",
"date":"2013-04-11 07:35:49"
},
{
"kids":[],
"uid":"1773266645",
"parent":"zryzy3oNG",
"text":"",
"mid":"zrBOcfqIs",
"date":"2013-04-11 07:34:59"
},
{
"kids":[],
"uid":"2019657755",
"parent":"zrySE3yKW",
"text":"",
"mid":"zrBMdhB1O",
"date":"2013-04-11 07:30:06"
},
{
"kids":[],
"uid":"345819838",
"parent":"",
"text":"",
"mid":"zrBM5jU9U",
"date":"2013-04-11 07:29:47"
},
{
"kids":[],
"uid":"1259556191",
"parent":"zrAlghuUb",
"text":"",
"mid":"zrBLpl8RZ",
"date":"2013-04-11 07:28:07"
},
{
"kids":[],
"uid":"2692201435",
"parent":"",
"text":"",
"mid":"zrBKiuWf6",
"date":"2013-04-11 07:25:24"
},
{
"kids":[],
"uid":"1905882534",
"parent":"zrAlghuUb",
"text":"万恶的资本主义，不带这样玩的",
"mid":"zrBIWF2JF",
"date":"2013-04-11 07:22:03"
},
{
"kids":[
"zrBOCxizN"
],
"uid":"murongdanr",
"parent":"zryzy3oNG",
"text":"从7万亿到国五条，前内阁临下台前突击给现任政府埋了好多雷啊",
"mid":"zrBIBj6i4",
"date":"2013-04-11 07:21:14"
},
{
"kids":[],
"uid":"2832269232",
"parent":"zrAlghuUb",
"text":"",
"mid":"zrBHApOkJ",
"date":"2013-04-11 07:18:43"
},
{
"kids":[],
"uid":"1718483311",
"parent":"zrAlghuUb",
"text":"也不知道这些人怎么这么恨中国人民，什么时候把发改委撤了，中国经济也就会慢慢正常了。",
"mid":"zrBGnAEvy",
"date":"2013-04-11 07:15:45"
},
{
"kids":[],
"uid":"1945035805",
"parent":"",
"text":"",
"mid":"zrBEbFHdU",
"date":"2013-04-11 07:10:20"
},
{
"kids":[],
"uid":"fslh",
"parent":"",
"text":"",
"mid":"zrBBhrsmL",
"date":"2013-04-11 07:03:11"
},
{
"kids":[],
"uid":"2438346514",
"parent":"",
"text":"",
"mid":"zrBAHF0wo",
"date":"2013-04-11 07:01:46"
},
{
"kids":[],
"uid":"owen0756",
"parent":"",
"text":"",
"mid":"zrBypffR6",
"date":"2013-04-11 06:56:06"
},
{
"kids":[],
"uid":"lzefei",
"parent":"",
"text":"",
"mid":"zrBvC7zYR",
"date":"2013-04-11 06:49:13"
},
{
"kids":[],
"uid":"1072759440",
"parent":"zryzy3oNG",
"text":"实际上很多项目在去年下半年已经开始实施，主要是地铁等基础设施类和能源类，并已经反映在当期经济数据上",
"mid":"zrBuK0SK2",
"date":"2013-04-11 06:47:04"
},
{
"kids":[],
"uid":"1661749163",
"parent":"",
"text":"@KDS_戆驴麻股票",
"mid":"zrBugv4ru",
"date":"2013-04-11 06:45:54"
},
{
"kids":[
"zrCw9yenh"
],
"uid":"2190150584",
"parent":"zrzejF5iP",
"text":"？？？",
"mid":"zrBtbqcYv",
"date":"2013-04-11 06:43:13"
},
{
"kids":[],
"uid":"Michaelzx",
"parent":"zrAlghuUb",
"text":"搞笑",
"mid":"zrBt653RC",
"date":"2013-04-11 06:43:00"
},
{
"kids":[],
"uid":"1072759440",
"parent":"zryzy3oNG",
"text":"海关总署自己加总发改委数据得到的结果，提醒大家一个被忽略的事实。去年以来每次发改委公布的项目清单，我们一直在关注，我想还有不少人和机构也在看，不属于重大信息，对大家的影响主要是心理上的",
"mid":"zrBt40YRK",
"date":"2013-04-11 06:42:55"
},
{
"kids":[],
"uid":"1956520141",
"parent":"zrAlghuUb",
"text":"",
"mid":"zrBt1FaVM",
"date":"2013-04-11 06:42:51"
},
{
"kids":[],
"uid":"2191085905",
"parent":"zryzy3oNG",
"text":"",
"mid":"zrBs0qSpK",
"date":"2013-04-11 06:40:19"
},
{
"kids":[],
"uid":"2271123864",
"parent":"zryzy3oNG",
"text":"滥竽充数的项目又开始扎堆",
"mid":"zrBpSkl3I",
"date":"2013-04-11 06:35:04"
},
{
"kids":[],
"uid":"1920885895",
"parent":"zrAlghuUb",
"text":"果真？",
"mid":"zrBoVxdOZ",
"date":"2013-04-11 06:32:45"
},
{
"kids":[],
"uid":"1595761723",
"parent":"",
"text":"",
"mid":"zrBoO7Wje",
"date":"2013-04-11 06:32:27"
},
{
"kids":[
"zrUnn4qxG",
"zrK1Dn6xT",
"zrK1D3Tfd",
"zrCRvEgsk"
],
"uid":"2612040784",
"parent":"zryzy3oNG",
"text":"@刘化军的空间 @小彼得王 会是又一场杀贫济富的盛宴吗?",
"mid":"zrBnFwvja",
"date":"2013-04-11 06:29:39"
},
{
"kids":[],
"uid":"1959155915",
"parent":"zryzy3oNG",
"text":"",
"mid":"zrBnoEwRV",
"date":"2013-04-11 06:28:58"
},
{
"kids":[],
"uid":"2942250315",
"parent":"zryzy3oNG",
"text":"",
"mid":"zrBmsbw7i",
"date":"2013-04-11 06:26:39"
},
{
"kids":[],
"uid":"1670826803",
"parent":"",
"text":"四月一号批的是吧",
"mid":"zrBj46FEK",
"date":"2013-04-11 06:18:17"
},
{
"kids":[],
"uid":"3208076973",
"parent":"",
"text":"不要据传了，给点证据支持吧",
"mid":"zrBfOzVAE",
"date":"2013-04-11 06:10:18"
},
{
"kids":[],
"uid":"1956068805",
"parent":"",
"text":"谁给的这种权力？无语了",
"mid":"zrBe9sfGU",
"date":"2013-04-11 06:06:11"
},
{
"kids":[],
"uid":"sunyellowmoon",
"parent":"zryzy3oNG",
"text":"真的？",
"mid":"zrBcXi7RW",
"date":"2013-04-11 06:03:15"
},
{
"kids":[],
"uid":"1434260657",
"parent":"zrAlghuUb",
"text":"还要印七万亿钞票？房子岂不要疯长，通胀又来",
"mid":"zrB8s1B1F",
"date":"2013-04-11 05:52:09"
},
{
"kids":[],
"uid":"2204240805",
"parent":"",
"text":"百姓苦啊",
"mid":"zrB534q53",
"date":"2013-04-11 05:43:46"
},
{
"kids":[],
"uid":"1738264820",
"parent":"zrAlghuUb",
"text":"比当年4万亿还要猛？",
"mid":"zrB1d8O6J",
"date":"2013-04-11 05:34:19"
},
{
"kids":[],
"uid":"2711787267",
"parent":"zryzy3oNG",
"text":"机会",
"mid":"zrAYA69Pp",
"date":"2013-04-11 05:27:49"
},
{
"kids":[],
"uid":"2733457671",
"parent":"zrAlghuUb",
"text":"",
"mid":"zrASA34fV",
"date":"2013-04-11 05:13:03"
},
{
"kids":[],
"uid":"1840152847",
"parent":"zrAlghuUb",
"text":"这真是财经娱乐频道的典范啊！",
"mid":"zrArKrEL8",
"date":"2013-04-11 04:06:57"
},
{
"kids":[],
"uid":"1669789593",
"parent":"zrAlghuUb",
"text":"",
"mid":"zrApc2wgd",
"date":"2013-04-11 04:00:39"
},
{
"kids":[],
"uid":"2032202333",
"parent":"zrAlghuUb",
"text":"国内古仍象一条冬眠终滴蛇~~~[哈哈]",
"mid":"zrAmpa6rA",
"date":"2013-04-11 03:53:47"
},
{
"kids":[
"zrHIvdTCJ",
"zrCZP20OK",
"zrCS05T6l",
"zrC94ccRt",
"zrC8WdGRv",
"zrC0vtcG6",
"zrBX26N9G",
"zrBSpaiNg",
"zrBQWsdk9",
"zrBQtcQ7z",
"zrBOLniwO",
"zrBLpl8RZ",
"zrBIWF2JF",
"zrBHApOkJ",
"zrBGnAEvy",
"zrBt653RC",
"zrBt1FaVM",
"zrBoVxdOZ",
"zrB8s1B1F",
"zrB1d8O6J",
"zrASA34fV",
"zrArKrEL8",
"zrApc2wgd",
"zrAmpa6rA"
],
"uid":"huangsheng",
"parent":"",
"text":"美股涨疯了！",
"mid":"zrAlghuUb",
"date":"2013-04-11 03:50:58"
},
{
"kids":[],
"uid":"578690099",
"parent":"",
"text":"What?[吃惊]",
"mid":"zrAimjRg1",
"date":"2013-04-11 03:43:48"
},
{
"kids":[
"zrG0mgonL"
],
"uid":"2596894187",
"parent":"zryzy3oNG",
"text":"@开MXK [哈哈][哈哈][哈哈]",
"mid":"zrA003WnK",
"date":"2013-04-11 02:58:35"
},
{
"kids":[],
"uid":"1585919540",
"parent":"zryzy3oNG",
"text":"",
"mid":"zrzWtn6h6",
"date":"2013-04-11 02:49:54"
},
{
"kids":[],
"uid":"2496573922",
"parent":"zryzy3oNG",
"text":"",
"mid":"zrzNe8SoO",
"date":"2013-04-11 02:27:07"
},
{
"kids":[],
"uid":"2729717180",
"parent":"zryzy3oNG",
"text":"? ?",
"mid":"zrzJ829Nf",
"date":"2013-04-11 02:17:01"
},
{
"kids":[],
"uid":"2669056895",
"parent":"zryzy3oNG",
"text":"@风雨下黄山-黄生的博 七万亿会是什么恶果哦？法币时代？",
"mid":"zrzzkdELu",
"date":"2013-04-11 01:52:52"
},
{
"kids":[],
"uid":"shmily365",
"parent":"zryIsgOTq",
"text":"",
"mid":"zrznGkMUa",
"date":"2013-04-11 01:24:11"
},
{
"kids":[
"zrBtbqcYv"
],
"uid":"1575315307",
"parent":"zrzbC7ZQd",
"text":"@心在天边 真的假的？派你出去打探",
"mid":"zrzejF5iP",
"date":"2013-04-11 01:01:06"
},
{
"kids":[],
"uid":"1801155004",
"parent":"",
"text":"",
"mid":"zrzcyjqTy",
"date":"2013-04-11 00:56:46"
},
{
"kids":[
"zrzejF5iP"
],
"uid":"yanluoshiyi",
"parent":"zrySW6Y7a",
"text":"@MarK_______X @Jessica_兔妖",
"mid":"zrzbC7ZQd",
"date":"2013-04-11 00:54:27"
},
{
"kids":[],
"uid":"1285546841",
"parent":"zryzy3oNG",
"text":"",
"mid":"zrz9lcLk7",
"date":"2013-04-11 00:48:48"
},
{
"kids":[],
"uid":"1401621145",
"parent":"",
"text":"",
"mid":"zrz5cFOZT",
"date":"2013-04-11 00:38:39"
},
{
"kids":[],
"uid":"926030018",
"parent":"zryzy3oNG",
"text":"是吗？[围观]",
"mid":"zrz15ERVC",
"date":"2013-04-11 00:28:32"
},
{
"kids":[],
"uid":"2004211211",
"parent":"zryzy3oNG",
"text":"让暴风雨来得更猛烈些吧！照此看来，4G发牌不用太久了",
"mid":"zryZZnuuG",
"date":"2013-04-11 00:25:48"
},
{
"kids":[],
"uid":"nbgege",
"parent":"zryzy3oNG",
"text":"次奥，口袋里的钱再次被稀释",
"mid":"zryZM8lS2",
"date":"2013-04-11 00:25:17"
},
{
"kids":[
"zrC6Uj2ME"
],
"uid":"2627712125",
"parent":"",
"text":"你问问这个骗子职业投资人，都投过什么项目？开始用信托骗，现在用货币骗。还确认7万亿。应该报警！",
"mid":"zryYlb9pP",
"date":"2013-04-11 00:21:45"
},
{
"kids":[],
"uid":"budouba",
"parent":"zrypL3Mdk",
"text":"嚯！",
"mid":"zryWY4NaK",
"date":"2013-04-11 00:18:23"
},
{
"kids":[],
"uid":"bailong295",
"parent":"zryVD2ioe",
"text":"@一个投资者的自我修养 @手握一块窑砖 @且停斋",
"mid":"zryWWiiTq",
"date":"2013-04-11 00:18:15"
},
{
"kids":[
"zryWWiiTq"
],
"uid":"bailong295",
"parent":"zryzy3oNG",
"text":"兄弟姐妹们！火力全开！",
"mid":"zryVD2ioe",
"date":"2013-04-11 00:15:04"
},
{
"kids":[],
"uid":"2954030797",
"parent":"zryzy3oNG",
"text":"@粒粒嘚赒",
"mid":"zryULf6bL",
"date":"2013-04-11 00:12:56"
},
{
"kids":[],
"uid":"1981167185",
"parent":"zryzy3oNG",
"text":"@兰色荷兰豆 、",
"mid":"zryTGbdtf",
"date":"2013-04-11 00:10:16"
},
{
"kids":[],
"uid":"1259556191",
"parent":"zryzy3oNG",
"text":"",
"mid":"zrySZ4jee",
"date":"2013-04-11 00:08:33"
},
{
"kids":[
"zrzbC7ZQd"
],
"uid":"1825946193",
"parent":"zryM2c6Ud",
"text":"房价要暴涨了",
"mid":"zrySW6Y7a",
"date":"2013-04-11 00:08:23"
},
{
"kids":[
"zrBMdhB1O"
],
"uid":"xqoj",
"parent":"zryzy3oNG",
"text":"@风之纹章在北平 ，真的假的？",
"mid":"zrySE3yKW",
"date":"2013-04-11 00:07:43"
},
{
"kids":[],
"uid":"2627712125",
"parent":"",
"text":"我知道这个博主。历来就是以造谣骗粉，且不懂装懂。",
"mid":"zrySC0Zyf",
"date":"2013-04-11 00:07:35"
},
{
"kids":[],
"uid":"fengyunzw",
"parent":"zrywUAaBL",
"text":"娱乐场所你要认真你就输了[鼓掌]",
"mid":"zrySonF8E",
"date":"2013-04-11 00:07:06"
},
{
"kids":[],
"uid":"1648478171",
"parent":"zryzy3oNG",
"text":"",
"mid":"zrySntPQC",
"date":"2013-04-11 00:07:04"
},
{
"kids":[],
"uid":"1298144092",
"parent":"",
"text":"如属实，坐等千元大钞！",
"mid":"zryRODtoO",
"date":"2013-04-11 00:05:42"
},
{
"kids":[],
"uid":"wenbo333",
"parent":"zryzy3oNG",
"text":"真滴[馋嘴]",
"mid":"zryRcw6gs",
"date":"2013-04-11 00:04:11"
},
{
"kids":[],
"uid":"1218544474",
"parent":"zryzy3oNG",
"text":"[给力]",
"mid":"zryQrxNEK",
"date":"2013-04-11 00:02:16"
},
{
"kids":[],
"uid":"1965015495",
"parent":"",
"text":"",
"mid":"zryPX7A7b",
"date":"2013-04-11 00:01:05"
},
{
"kids":[],
"uid":"1197130987",
"parent":"zryzy3oNG",
"text":"要命呢",
"mid":"zryPTgeLV",
"date":"2013-04-11 00:00:56"
},
{
"kids":[],
"uid":"2400765291",
"parent":"",
"text":"通胀怎么办？",
"mid":"zryPq10A0",
"date":"2013-04-10 23:59:42"
},
{
"kids":[],
"uid":"jxgrb",
"parent":"zryzy3oNG",
"text":"7万亿！不可能吧。[吃惊]",
"mid":"zryOLcpqJ",
"date":"2013-04-10 23:58:07"
},
{
"kids":[],
"uid":"gojackie",
"parent":"zryzy3oNG",
"text":"",
"mid":"zryOIif2z",
"date":"2013-04-10 23:58:03"
},
{
"kids":[],
"uid":"grafd",
"parent":"",
"text":"。。。",
"mid":"zryOAglkx",
"date":"2013-04-10 23:57:40"
},
{
"kids":[
"zrDgitZCU"
],
"uid":"1733154641",
"parent":"zryM2c6Ud",
"text":"股价呢？",
"mid":"zryOf0Xky",
"date":"2013-04-10 23:56:50"
},
{
"kids":[],
"uid":"2429680905",
"parent":"",
"text":"据传的事不靠谱",
"mid":"zryNDtvNi",
"date":"2013-04-10 23:55:23"
},
{
"kids":[],
"uid":"2141482691",
"parent":"zryzy3oNG",
"text":"如果七万亿包涵了四万亿的消费券那才是真正的全民大利好[哈哈]不然咱老百姓只有被通胀的命。",
"mid":"zryN9C58g",
"date":"2013-04-10 23:54:12"
},
{
"kids":[],
"uid":"2825872213",
"parent":"zryzy3oNG",
"text":"大盘要直接大阳飙涨了啊",
"mid":"zryMXy3fa",
"date":"2013-04-10 23:53:41"
},
{
"kids":[],
"uid":"2702418157",
"parent":"zryzy3oNG",
"text":"",
"mid":"zryMnuJp2",
"date":"2013-04-10 23:52:16"
},
{
"kids":[
"zrySW6Y7a",
"zryOf0Xky"
],
"uid":"1467311272",
"parent":"",
"text":"房价物价将迎来新一轮暴涨",
"mid":"zryM2c6Ud",
"date":"2013-04-10 23:51:26"
},
{
"kids":[],
"uid":"2036619722",
"parent":"zryzy3oNG",
"text":"@天行阿奇",
"mid":"zryLQ4DY4",
"date":"2013-04-10 23:50:56"
},
{
"kids":[],
"uid":"1700535611",
"parent":"zryBfulyR",
"text":"不是7万亿，！是7万万亿！！！明天上证指数涨1万点[嘻嘻][嘻嘻]",
"mid":"zryLqFB5X",
"date":"2013-04-10 23:49:57"
},
{
"kids":[],
"uid":"aoke",
"parent":"zryKyhfIe",
"text":"又tm人均7000块钱喂狗了",
"mid":"zryLnqgCl",
"date":"2013-04-10 23:49:46"
},
{
"kids":[],
"uid":"3161059394",
"parent":"zryzy3oNG",
"text":"",
"mid":"zryLfagrp",
"date":"2013-04-10 23:49:26"
},
{
"kids":[],
"uid":"daxiong007",
"parent":"zryzy3oNG",
"text":"会造成什么后果？",
"mid":"zryKQAq7F",
"date":"2013-04-10 23:48:31"
},
{
"kids":[
"zryLnqgCl"
],
"uid":"tanbin211",
"parent":"",
"text":"满仓中[泪]",
"mid":"zryKyhfIe",
"date":"2013-04-10 23:47:47"
},
{
"kids":[],
"uid":"2537577674",
"parent":"zryzy3oNG",
"text":"",
"mid":"zryKoeqFA",
"date":"2013-04-10 23:47:22"
},
{
"kids":[],
"uid":"1047334797",
"parent":"",
"text":"什么概念？！",
"mid":"zryKnCMTA",
"date":"2013-04-10 23:47:19"
},
{
"kids":[],
"uid":"2033215697",
"parent":"zryzy3oNG",
"text":"黄生有时喜欢乱放炮。上次是哪个大老虎被打了？",
"mid":"zryKmd7fp",
"date":"2013-04-10 23:47:19"
},
{
"kids":[],
"uid":"2202129761",
"parent":"zryzy3oNG",
"text":"",
"mid":"zryKexli9",
"date":"2013-04-10 23:47:00"
},
{
"kids":[],
"uid":"1635817542",
"parent":"",
"text":"",
"mid":"zryKcbDYz",
"date":"2013-04-10 23:46:52"
},
{
"kids":[],
"uid":"1914637700",
"parent":"zryzy3oNG",
"text":"",
"mid":"zryK9bPUD",
"date":"2013-04-10 23:46:45"
},
{
"kids":[],
"uid":"2295880930",
"parent":"zryBvrQdP",
"text":"这是找死？求辟谣/@子轩的Daddy:脑残行为，吃兴奋剂。",
"mid":"zryJv1ln2",
"date":"2013-04-10 23:45:09"
},
{
"kids":[],
"uid":"2278559105",
"parent":"zryzy3oNG",
"text":"如果是真，这下玩大了。",
"mid":"zryJsn1Ag",
"date":"2013-04-10 23:45:02"
},
{
"kids":[],
"uid":"1635817542",
"parent":"zryzy3oNG",
"text":"[害羞]通胀来了！",
"mid":"zryJodp94",
"date":"2013-04-10 23:44:53"
},
{
"kids":[],
"uid":"2044345783",
"parent":"zryzy3oNG",
"text":"饮鸩止渴了。。。",
"mid":"zryJgfImR",
"date":"2013-04-10 23:44:36"
},
{
"kids":[],
"uid":"1202855570",
"parent":"",
"text":"",
"mid":"zryILtLOP",
"date":"2013-04-10 23:43:23"
},
{
"kids":[],
"uid":"2167615442",
"parent":"zryzy3oNG",
"text":"我去。这。。太要命了！@章诒和 @封新城 @Charles-郭校长 @创投李军华 @晋阳鸿基文化投资 @中华风釆人物总编",
"mid":"zryIz6OU6",
"date":"2013-04-10 23:42:51"
},
{
"kids":[
"zrznGkMUa"
],
"uid":"27990885",
"parent":"zryzy3oNG",
"text":"@减不了的汽水肚  明天跳空高开，大盘暴涨……[呵呵]",
"mid":"zryIsgOTq",
"date":"2013-04-10 23:42:34"
},
{
"kids":[],
"uid":"byning",
"parent":"",
"text":"",
"mid":"zryI0u1zE",
"date":"2013-04-10 23:41:28"
},
{
"kids":[],
"uid":"2737416093",
"parent":"zryzy3oNG",
"text":"不会吧.这么快这么大",
"mid":"zryHwomfN",
"date":"2013-04-10 23:40:17"
},
{
"kids":[],
"uid":"1800336421",
"parent":"zryzy3oNG",
"text":"",
"mid":"zryHe40yb",
"date":"2013-04-10 23:39:36"
},
{
"kids":[],
"uid":"1950880225",
"parent":"",
"text":"",
"mid":"zryH65gvJ",
"date":"2013-04-10 23:39:14"
},
{
"kids":[],
"uid":"stevenbsy",
"parent":"zryzy3oNG",
"text":"投资就投资吧，对高层没什么好说的，黔驴技穷",
"mid":"zryGOCTG2",
"date":"2013-04-10 23:38:35"
},
{
"kids":[],
"uid":"wbtv",
"parent":"zryBfulyR",
"text":"[威武]",
"mid":"zryGKvBFT",
"date":"2013-04-10 23:38:23"
},
{
"kids":[],
"uid":"2329963040",
"parent":"",
"text":"",
"mid":"zryGkupKT",
"date":"2013-04-10 23:37:23"
},
{
"kids":[],
"uid":"1877678962",
"parent":"zryzy3oNG",
"text":"[吐]",
"mid":"zryFQ6jGK",
"date":"2013-04-10 23:36:10"
},
{
"kids":[],
"uid":"1600316960",
"parent":"zryzy3oNG",
"text":"投哪？",
"mid":"zryFJy1Ow",
"date":"2013-04-10 23:35:56"
},
{
"kids":[],
"uid":"2671513872",
"parent":"zryzy3oNG",
"text":"",
"mid":"zryFnFSZ7",
"date":"2013-04-10 23:35:03"
},
{
"kids":[],
"uid":"2351169510",
"parent":"zryzy3oNG",
"text":"发改委网站都披露过。1949-2444的上涨原因之一是得益于2012年11月下旬到12月底密集批复的项目。",
"mid":"zryF6iLgI",
"date":"2013-04-10 23:34:19"
},
{
"kids":[],
"uid":"1286488363",
"parent":"",
"text":"真是中美国呀 泄洪专用",
"mid":"zryF4uNC8",
"date":"2013-04-10 23:34:16"
},
{
"kids":[],
"uid":"1960319667",
"parent":"zryzy3oNG",
"text":"",
"mid":"zryENkCwb",
"date":"2013-04-10 23:33:36"
},
{
"kids":[],
"uid":"nbcncie",
"parent":"zryzy3oNG",
"text":"这7万个亿是换届前发改委批的？！[弱]",
"mid":"zryEp9Qyw",
"date":"2013-04-10 23:32:36"
},
{
"kids":[],
"uid":"1286488363",
"parent":"zryzy3oNG",
"text":"呵呵 非得弄得地动山摇啊",
"mid":"zryEmsCN2",
"date":"2013-04-10 23:32:31"
},
{
"kids":[],
"uid":"2019427727",
"parent":"",
"text":"！",
"mid":"zryElAR10",
"date":"2013-04-10 23:32:30"
},
{
"kids":[],
"uid":"mmlp",
"parent":"zryzy3oNG",
"text":"小道消息[偷笑]银行的账暂时不还。",
"mid":"zryEexTh7",
"date":"2013-04-10 23:32:12"
},
{
"kids":[],
"uid":"2001672514",
"parent":"zryzy3oNG",
"text":"我擦。。真的假的。。七万亿[钱][钱][钱]",
"mid":"zryEan6Zj",
"date":"2013-04-10 23:32:03"
},
{
"kids":[],
"uid":"2050783491",
"parent":"zryzNplYJ",
"text":"怎么知道的？去年为什么不知道？为什么现在才知道？不可信。",
"mid":"zryDwcDnp",
"date":"2013-04-10 23:30:28"
},
{
"kids":[],
"uid":"1782399353",
"parent":"zryzy3oNG",
"text":"又通胀了",
"mid":"zryDsBtoS",
"date":"2013-04-10 23:30:16"
},
{
"kids":[],
"uid":"1984459615",
"parent":"zryzy3oNG",
"text":"[挖鼻屎]",
"mid":"zryD3cNkX",
"date":"2013-04-10 23:29:19"
},
{
"kids":[
"zrDToakcP"
],
"uid":"1729181263",
"parent":"zrys8cHT6",
"text":"回复@岩心壶子:看黄生的微博啊！！！七万亿等于一大波僵尸来袭！！",
"mid":"zryD2jycB",
"date":"2013-04-10 23:29:16"
},
{
"kids":[],
"uid":"arnocheung",
"parent":"zryzy3oNG",
"text":"[衰]該印500／1000面額的了",
"mid":"zryD22rOo",
"date":"2013-04-10 23:29:13"
},
{
"kids":[],
"uid":"2232621443",
"parent":"zryBIuzTs",
"text":"又来",
"mid":"zryCR7NNa",
"date":"2013-04-10 23:28:49"
},
{
"kids":[],
"uid":"fangmengjian1971",
"parent":"zryzy3oNG",
"text":"疯了！",
"mid":"zryCOascD",
"date":"2013-04-10 23:28:39"
},
{
"kids":[],
"uid":"janmy1",
"parent":"",
"text":"此人专门散布谣言。。。。",
"mid":"zryCAgXxw",
"date":"2013-04-10 23:28:06"
},
{
"kids":[],
"uid":"2134457782",
"parent":"zryzy3oNG",
"text":"感谢国家",
"mid":"zryCqsiQK",
"date":"2013-04-10 23:27:46"
},
{
"kids":[],
"uid":"2323218082",
"parent":"zryzy3oNG",
"text":"[吃惊]真的落实了？？？这就是习大所说5年采购10万亿美元的背景？又一轮大通胀来临？",
"mid":"zryCemZsZ",
"date":"2013-04-10 23:27:19"
},
{
"kids":[],
"uid":"715cf",
"parent":"",
"text":"官员称发改委已批复7万亿投资 涉轨道交通等项目 来源：人民网发布于：2013年04月10日 10:37:00",
"mid":"zryCbFEIA",
"date":"2013-04-10 23:27:10"
},
{
"kids":[],
"uid":"zarthury",
"parent":"zryzy3oNG",
"text":"房价要涨了，怪不得出国五条，限制流动，保证新建的成交量",
"mid":"zryC2hgfa",
"date":"2013-04-10 23:26:49"
},
{
"kids":[],
"uid":"likeeikn",
"parent":"zryzy3oNG",
"text":"[生病]",
"mid":"zryBYpuT2",
"date":"2013-04-10 23:26:39"
},
{
"kids":[],
"uid":"2101052100",
"parent":"zryzy3oNG",
"text":"有戏了[呵呵]",
"mid":"zryBSukMW",
"date":"2013-04-10 23:26:25"
},
{
"kids":[],
"uid":"1293276240",
"parent":"zryzy3oNG",
"text":"两种说法,是利好还是利空,明天见分晓@风雨下黄山-黄生的博: 已确认，是真的，去年四季度批复的，今年换届后开始实施吧。",
"mid":"zryBM0tox",
"date":"2013-04-10 23:26:10"
},
{
"kids":[
"zryCR7NNa"
],
"uid":"jackieown",
"parent":"zryBh06DF",
"text":"@不过江东和22 @理查德2013",
"mid":"zryBIuzTs",
"date":"2013-04-10 23:25:58"
},
{
"kids":[
"zryJv1ln2"
],
"uid":"1081050427",
"parent":"zryzy3oNG",
"text":"脑残行为，吃兴奋剂。",
"mid":"zryBvrQdP",
"date":"2013-04-10 23:25:31"
},
{
"kids":[],
"uid":"1651561805",
"parent":"zryzy3oNG",
"text":"喊破嗓子不如甩开膀子？[思考]",
"mid":"zryBsuvNt",
"date":"2013-04-10 23:25:23"
},
{
"kids":[],
"uid":"hailang43",
"parent":"zryzy3oNG",
"text":"",
"mid":"zryBmifFm",
"date":"2013-04-10 23:25:06"
},
{
"kids":[],
"uid":"1804160881",
"parent":"zryzy3oNG",
"text":"好老的＂新闻＂",
"mid":"zryBl7piD",
"date":"2013-04-10 23:25:02"
},
{
"kids":[],
"uid":"1676035497",
"parent":"zryAG2kZr",
"text":"做好民生物资持续涨价的准备吧！",
"mid":"zryBj2OTv",
"date":"2013-04-10 23:25:00"
},
{
"kids":[
"zrDhOv5Y3",
"zryBIuzTs"
],
"uid":"jasonshiyu",
"parent":"zryzy3oNG",
"text":"@红星闪闪的consultant 股市上涨了，然后人民币贬值，黄金上涨，股市下跌。/@风雨下黄山-黄生的博: 已确认，是真的，去年四季度批复的，今年换届后开始实施吧。",
"mid":"zryBh06DF",
"date":"2013-04-10 23:24:55"
},
{
"kids":[
"zryLqFB5X",
"zryGKvBFT"
],
"uid":"wuhanlzt",
"parent":"zryzy3oNG",
"text":"城镇化万岁[给力][给力][威武][哈哈][爱你]",
"mid":"zryBfulyR",
"date":"2013-04-10 23:24:51"
},
{
"kids":[],
"uid":"208087956",
"parent":"zryzy3oNG",
"text":"",
"mid":"zryB8olwg",
"date":"2013-04-10 23:24:34"
},
{
"kids":[],
"uid":"hankcq",
"parent":"zryzy3oNG",
"text":"[浮云][浮云]@暂离V  怎么看？",
"mid":"zryB1428L",
"date":"2013-04-10 23:24:17"
},
{
"kids":[],
"uid":"florawy",
"parent":"zryzy3oNG",
"text":"。。。。。。",
"mid":"zryB0rY1H",
"date":"2013-04-10 23:24:15"
},
{
"kids":[],
"uid":"2125196311",
"parent":"zryzy3oNG",
"text":"且看有何暴风雨！",
"mid":"zryAYFtbr",
"date":"2013-04-10 23:24:12"
},
{
"kids":[],
"uid":"1591615213",
"parent":"zryzNplYJ",
"text":"[思考]",
"mid":"zryAVqW9X",
"date":"2013-04-10 23:24:01"
},
{
"kids":[],
"uid":"higaoge",
"parent":"zryzy3oNG",
"text":"存",
"mid":"zryASbZdA",
"date":"2013-04-10 23:23:54"
},
{
"kids":[],
"uid":"2269832481",
"parent":"zryzy3oNG",
"text":"今天中国北车就是因为这个吧！明天收阳是一定了，就看多长了！",
"mid":"zryAQ7snw",
"date":"2013-04-10 23:23:51"
},
{
"kids":[],
"uid":"2416321862",
"parent":"zryzy3oNG",
"text":"据传，发改委批复了七万亿[思考][思考]",
"mid":"zryAIFCOo",
"date":"2013-04-10 23:23:35"
},
{
"kids":[],
"uid":"liangqirongv",
"parent":"zryzy3oNG",
"text":"",
"mid":"zryAHxrvs",
"date":"2013-04-10 23:23:30"
},
{
"kids":[
"zryBj2OTv"
],
"uid":"palewind",
"parent":"zryzy3oNG",
"text":"。。。",
"mid":"zryAG2kZr",
"date":"2013-04-10 23:23:26"
},
{
"kids":[],
"uid":"1944515733",
"parent":"zryzy3oNG",
"text":"有人只做不说",
"mid":"zryAxe2qP",
"date":"2013-04-10 23:23:06"
},
{
"kids":[],
"uid":"1762993180",
"parent":"zryzy3oNG",
"text":"。。。。",
"mid":"zryAvnRqC",
"date":"2013-04-10 23:22:59"
},
{
"kids":[],
"uid":"1834611583",
"parent":"zryzy3oNG",
"text":"这是个什么情况，和4万亿是一回事吗",
"mid":"zryAsqx7U",
"date":"2013-04-10 23:22:55"
},
{
"kids":[],
"uid":"onehero",
"parent":"zryzy3oNG",
"text":"难怪惠誉要降级",
"mid":"zryAjA8Cz",
"date":"2013-04-10 23:22:34"
},
{
"kids":[],
"uid":"1867049510",
"parent":"zryzy3oNG",
"text":"",
"mid":"zryAhustU",
"date":"2013-04-10 23:22:27"
},
{
"kids":[
"zryDwcDnp",
"zryAVqW9X"
],
"uid":"szjy88",
"parent":"zryzy3oNG",
"text":"[吃惊]",
"mid":"zryzNplYJ",
"date":"2013-04-10 23:21:18"
},
{
"kids":[
"zrC1G9SMh"
],
"uid":"cctv19841006",
"parent":"zryzy3oNG",
"text":"",
"mid":"zryzN4ml4",
"date":"2013-04-10 23:21:16"
},
{
"kids":[],
"uid":"1092522824",
"parent":"",
"text":"@风雨下黄山-黄生的博 博主连这种谣言都传，看来是急眼了，手里的银行股都砸手里了吧，只能靠传谣来解套了。",
"mid":"zryzExiLE",
"date":"2013-04-10 23:20:54"
},
{
"kids":[
"zrEmiCgop",
"zrDs0uX94",
"zrCR3xD1z",
"zrCxxenCO",
"zrCw9xC6D",
"zrC9ucujb",
"zrC8HqQCz",
"zrC8n3C2Y",
"zrC2SBKG1",
"zrBYl1BRf",
"zrBOcfqIs",
"zrBIBj6i4",
"zrBuK0SK2",
"zrBt40YRK",
"zrBs0qSpK",
"zrBpSkl3I",
"zrBnFwvja",
"zrBnoEwRV",
"zrBmsbw7i",
"zrBcXi7RW",
"zrAYA69Pp",
"zrA003WnK",
"zrzWtn6h6",
"zrzNe8SoO",
"zrzJ829Nf",
"zrzzkdELu",
"zrz9lcLk7",
"zrz15ERVC",
"zryZZnuuG",
"zryZM8lS2",
"zryVD2ioe",
"zryULf6bL",
"zryTGbdtf",
"zrySZ4jee",
"zrySE3yKW",
"zrySntPQC",
"zryRcw6gs",
"zryQrxNEK",
"zryPTgeLV",
"zryOLcpqJ",
"zryOIif2z",
"zryN9C58g",
"zryMXy3fa",
"zryMnuJp2",
"zryLQ4DY4",
"zryLfagrp",
"zryKQAq7F",
"zryKoeqFA",
"zryKmd7fp",
"zryKexli9",
"zryK9bPUD",
"zryJsn1Ag",
"zryJodp94",
"zryJgfImR",
"zryIz6OU6",
"zryIsgOTq",
"zryHwomfN",
"zryHe40yb",
"zryGOCTG2",
"zryFQ6jGK",
"zryFJy1Ow",
"zryFnFSZ7",
"zryF6iLgI",
"zryENkCwb",
"zryEp9Qyw",
"zryEmsCN2",
"zryEexTh7",
"zryEan6Zj",
"zryDsBtoS",
"zryD3cNkX",
"zryD22rOo",
"zryCOascD",
"zryCqsiQK",
"zryCemZsZ",
"zryC2hgfa",
"zryBYpuT2",
"zryBSukMW",
"zryBM0tox",
"zryBvrQdP",
"zryBsuvNt",
"zryBmifFm",
"zryBl7piD",
"zryBh06DF",
"zryBfulyR",
"zryB8olwg",
"zryB1428L",
"zryB0rY1H",
"zryAYFtbr",
"zryASbZdA",
"zryAQ7snw",
"zryAIFCOo",
"zryAHxrvs",
"zryAG2kZr",
"zryAxe2qP",
"zryAvnRqC",
"zryAsqx7U",
"zryAjA8Cz",
"zryAhustU",
"zryzNplYJ",
"zryzN4ml4"
],
"uid":"huangsheng",
"parent":"",
"text":"已确认，是真的，去年四季度批复的，今年换届后开始实施吧。",
"mid":"zryzy3oNG",
"date":"2013-04-10 23:20:41"
},
{
"kids":[],
"uid":"lpy166",
"parent":"zryvc0fMG",
"text":"又在忽悠散户接盘哩~",
"mid":"zryxWq9Mu",
"date":"2013-04-10 23:16:43"
},
{
"kids":[],
"uid":"1736287852",
"parent":"zrynRawVA",
"text":"回复@kevin_cq:你们俩一样猪脑[哈哈]。",
"mid":"zryxEFHi9",
"date":"2013-04-10 23:16:01"
},
{
"kids":[],
"uid":"2733457671",
"parent":"",
"text":"",
"mid":"zryx3drqR",
"date":"2013-04-10 23:14:31"
},
{
"kids":[
"zrySonF8E"
],
"uid":"1736287852",
"parent":"zrynRawVA",
"text":"回复@Adrian墨寒:猪脑啊？[偷笑]，我很明确在3月1日发出的空头信号。周日说，不排除短期最后一跌，中期买如信号还没发出。现在是短线多哦[酷]",
"mid":"zrywUAaBL",
"date":"2013-04-10 23:14:09"
},
{
"kids":[],
"uid":"lycciam",
"parent":"zrys8cHT6",
"text":"亡中国者，发改委也；绝华夏子孙者，xxp也",
"mid":"zrywG9MJH",
"date":"2013-04-10 23:13:37"
},
{
"kids":[],
"uid":"sheldonzhangxd",
"parent":"",
"text":"",
"mid":"zrywB7fbe",
"date":"2013-04-10 23:13:23"
},
{
"kids":[
"zryxWq9Mu"
],
"uid":"1735855964",
"parent":"zrynRawVA",
"text":"[黑线]一条被超级误读的消息",
"mid":"zryvc0fMG",
"date":"2013-04-10 23:09:56"
},
{
"kids":[],
"uid":"ahfwz",
"parent":"",
"text":"又要大干快上？",
"mid":"zryuOBxXT",
"date":"2013-04-10 23:09:01"
},
{
"kids":[],
"uid":"1895119540",
"parent":"",
"text":"",
"mid":"zryuLkdb3",
"date":"2013-04-10 23:08:52"
},
{
"kids":[],
"uid":"206663577",
"parent":"",
"text":"",
"mid":"zrytt0srl",
"date":"2013-04-10 23:05:40"
},
{
"kids":[],
"uid":"zyxzwy",
"parent":"zrys8cHT6",
"text":"铁道部都能拿走四千亿",
"mid":"zrytkq0SB",
"date":"2013-04-10 23:05:21"
},
{
"kids":[],
"uid":"haoyu830",
"parent":"zrynRawVA",
"text":"[钱]",
"mid":"zrysSE6hs",
"date":"2013-04-10 23:04:14"
},
{
"kids":[],
"uid":"2069641987",
"parent":"",
"text":"轉發微博",
"mid":"zrysPCYRS",
"date":"2013-04-10 23:04:06"
},
{
"kids":[],
"uid":"lijinyang",
"parent":"",
"text":"这算回礼惠誉下调评级？",
"mid":"zrysxF30V",
"date":"2013-04-10 23:03:26"
},
{
"kids":[],
"uid":"ivdon",
"parent":"zrypUwvbA",
"text":"这国…",
"mid":"zrysm7F7H",
"date":"2013-04-10 23:02:56"
},
{
"kids":[
"zryD2jycB",
"zrywG9MJH",
"zrytkq0SB"
],
"uid":"1729181263",
"parent":"",
"text":"中国离死期不远了。。。",
"mid":"zrys8cHT6",
"date":"2013-04-10 23:02:24"
},
{
"kids":[],
"uid":"1109577351",
"parent":"",
"text":"求闢謠",
"mid":"zryrzlUX8",
"date":"2013-04-10 23:01:01"
},
{
"kids":[],
"uid":"jyooong",
"parent":"",
"text":"印钞机开起来...有钱人的负债相对减轻，而穷屌丝的存款相对缩水。穷屌丝命苦啊",
"mid":"zryrqtuaN",
"date":"2013-04-10 23:00:41"
},
{
"kids":[
"zrysm7F7H"
],
"uid":"1412843385",
"parent":"",
"text":"我的天啊，若是真的，通货又要膨胀了",
"mid":"zrypUwvbA",
"date":"2013-04-10 22:56:54"
},
{
"kids":[
"zryWY4NaK"
],
"uid":"supercontra",
"parent":"",
"text":"等进一步消息，关注",
"mid":"zrypL3Mdk",
"date":"2013-04-10 22:56:32"
},
{
"kids":[],
"uid":"1066690657",
"parent":"",
"text":"不会吧！那可是要大涨特涨了！",
"mid":"zrypnaeQ9",
"date":"2013-04-10 22:55:33"
},
{
"kids":[],
"uid":"londy99",
"parent":"",
"text":"好吧，放弃中国",
"mid":"zryp2qd89",
"date":"2013-04-10 22:54:45"
},
{
"kids":[],
"uid":"3225408657",
"parent":"",
"text":"传疯了！不太可信！！或者是7万亿已经是去年至今累聚后的数字，现在放出来是对国外资本做空的回应！！[思考]",
"mid":"zryoZvpQy",
"date":"2013-04-10 22:54:40"
},
{
"kids":[],
"uid":"1408206375",
"parent":"zrynRawVA",
"text":"房价怎么会不涨？",
"mid":"zryoyzikL",
"date":"2013-04-10 22:53:36"
},
{
"kids":[],
"uid":"1563542220",
"parent":"zrymZmWK3",
"text":"08年才4万亿，今年搞个7万亿，明年不搞个10万亿，中国钱多不怕。。不过新闻报道说去年四季度批复的，，，这咋回事。。。",
"mid":"zryo1xjVP",
"date":"2013-04-10 22:52:13"
},
{
"kids":[
"zryxEFHi9",
"zrywUAaBL",
"zryvc0fMG",
"zrysSE6hs",
"zryoyzikL"
],
"uid":"1736287852",
"parent":"",
"text":"批复吧，我已经满仓[酷]",
"mid":"zrynRawVA",
"date":"2013-04-10 22:51:50"
},
{
"kids":[
"zryo1xjVP"
],
"uid":"lpy166",
"parent":"",
"text":"多头急眼了，开始据传了，呵呵~",
"mid":"zrymZmWK3",
"date":"2013-04-10 22:49:40"
},
{
"kids":[],
"uid":"3217667000",
"parent":"",
"text":"",
"mid":"zrymVxSXI",
"date":"2013-04-10 22:49:32"
},
{
"kids":[],
"uid":"nnaakkaattaa",
"parent":"",
"text":"",
"mid":"zrymqx597",
"date":"2013-04-10 22:48:21"
},
{
"kids":[],
"uid":"1942013543",
"parent":"",
"text":"",
"mid":"zrylTqZ9L",
"date":"2013-04-10 22:47:02"
},
{
"kids":[],
"uid":"1949193831",
"parent":"",
"text":"[吃惊]",
"mid":"zrylR76Ej",
"date":"2013-04-10 22:46:55"
},
{
"kids":[],
"uid":"1873881525",
"parent":"zryj7sp0v",
"text":"这比病毒还可怕。",
"mid":"zrylndFgA",
"date":"2013-04-10 22:45:45"
},
{
"kids":[],
"uid":"2134457782",
"parent":"",
"text":"丧尽天良",
"mid":"zrylislcE",
"date":"2013-04-10 22:45:34"
},
{
"kids":[],
"uid":"2954030797",
"parent":"",
"text":"@粒粒嘚赒",
"mid":"zrylbFWb3",
"date":"2013-04-10 22:45:15"
},
{
"kids":[],
"uid":"susu3621",
"parent":"",
"text":"又来抢钱？",
"mid":"zrykV8Pit",
"date":"2013-04-10 22:44:38"
},
{
"kids":[],
"uid":"1880074371",
"parent":"",
"text":"lPO重启快了，某些董秘要对！！@30R7",
"mid":"zrykTFIOI",
"date":"2013-04-10 22:44:35"
},
{
"kids":[],
"uid":"2949538921",
"parent":"",
"text":"七万亿，人民币千元版是真的了",
"mid":"zrykAcjcu",
"date":"2013-04-10 22:43:48"
},
{
"kids":[],
"uid":"1502729925",
"parent":"",
"text":"空头不要脸，多头一样不要脸。",
"mid":"zryk3o9Qu",
"date":"2013-04-10 22:42:30"
},
{
"kids":[],
"uid":"focus9j339",
"parent":"",
"text":"无耻记者断章取义！",
"mid":"zryjN6xrn",
"date":"2013-04-10 22:41:51"
},
{
"kids":[],
"uid":"1892331425",
"parent":"",
"text":"这意味着什么呢 ？！",
"mid":"zryjziug4",
"date":"2013-04-10 22:41:15"
},
{
"kids":[],
"uid":"1975403243",
"parent":"",
"text":"跟踪了挺久的这个微博，命中率很高！！@成长的黑茄子 @张辰tobymz 这应该是说会再涨几轮了！毕竟收入要翻一翻！",
"mid":"zryjubHGZ",
"date":"2013-04-10 22:41:04"
},
{
"kids":[],
"uid":"2269832481",
"parent":"",
"text":"无风不起浪，坐等明天股市雄起[哈哈]",
"mid":"zryjqEY7U",
"date":"2013-04-10 22:40:57"
},
{
"kids":[
"zrylndFgA"
],
"uid":"111687968",
"parent":"",
"text":"7万亿？比4万亿涨了近一倍！物价继续翻一番？收入马上实现倍增！",
"mid":"zryj7sp0v",
"date":"2013-04-10 22:40:09"
},
{
"kids":[],
"uid":"aimoly",
"parent":"",
"text":"兴奋剂吃多了伤身体！",
"mid":"zryiU8w53",
"date":"2013-04-10 22:39:40"
},
{
"kids":[],
"uid":"2866073974",
"parent":"",
"text":"又来？！",
"mid":"zryiGzJnH",
"date":"2013-04-10 22:39:07"
}
]