[
{
"kids":[],
"uid":"2390847394",
"parent":"",
"text":"这个社会啊。。。。。。",
"mid":"A1MFLxpaP",
"date":"2013-07-26 10:10:50"
},
{
"kids":[],
"uid":"2788474542",
"parent":"",
"text":"",
"mid":"zFPxieF9M",
"date":"2013-07-13 20:16:04"
},
{
"kids":[],
"uid":"wenjianwen",
"parent":"",
"text":"",
"mid":"zo0z5FSUQ",
"date":"2013-03-18 15:15:15"
},
{
"kids":[],
"uid":"1831377022",
"parent":"znvL7A0ge",
"text":"",
"mid":"znF470qLT",
"date":"2013-03-16 08:31:14"
},
{
"kids":[],
"uid":"1069575481",
"parent":"znAydEsJg",
"text":"呵呵，黄某拿张医院开的ED证明来了",
"mid":"znEcFnkbU",
"date":"2013-03-16 06:19:34"
},
{
"kids":[
"znEcFnkbU"
],
"uid":"1622235451",
"parent":"znz6RsNXB",
"text":"强烈要求官员揮刀自宫",
"mid":"znAydEsJg",
"date":"2013-03-15 21:01:42"
},
{
"kids":[],
"uid":"2671662091",
"parent":"",
"text":"",
"mid":"znzYZ4IUr",
"date":"2013-03-15 19:34:52"
},
{
"kids":[],
"uid":"2816283061",
"parent":"znvRVvmvA",
"text":"",
"mid":"znzMsvxNG",
"date":"2013-03-15 19:04:01"
},
{
"kids":[],
"uid":"2802052907",
"parent":"znvJV6kQe",
"text":"，509份，这货把他八辈祖宗的低保都吃了，，",
"mid":"znzdglyJS",
"date":"2013-03-15 17:37:16"
},
{
"kids":[
"znAydEsJg"
],
"uid":"1069575481",
"parent":"znvNZ9oVJ",
"text":"別打，被认为是啥关系的话，你抗得住打吗",
"mid":"znz6RsNXB",
"date":"2013-03-15 17:21:32"
},
{
"kids":[],
"uid":"2119589383",
"parent":"",
"text":"",
"mid":"znySTF3hF",
"date":"2013-03-15 16:47:08"
},
{
"kids":[],
"uid":"1770966810",
"parent":"znx0wEm3C",
"text":"",
"mid":"znyRaqm2o",
"date":"2013-03-15 16:42:51"
},
{
"kids":[],
"uid":"1877552197",
"parent":"znvRK2BxS",
"text":"有意思",
"mid":"znxUT84nG",
"date":"2013-03-15 14:19:16"
},
{
"kids":[],
"uid":"3174663715",
"parent":"znvL7A0ge",
"text":"",
"mid":"znxSuv4gl",
"date":"2013-03-15 14:13:22"
},
{
"kids":[],
"uid":"2119909795",
"parent":"znvL7A0ge",
"text":"",
"mid":"znxtC2PRO",
"date":"2013-03-15 13:12:04"
},
{
"kids":[],
"uid":"2701830020",
"parent":"znwXF8QbJ",
"text":"",
"mid":"znxdHoHCO",
"date":"2013-03-15 12:32:53"
},
{
"kids":[],
"uid":"2656474394",
"parent":"",
"text":"[怒][话筒]",
"mid":"znxd6sky7",
"date":"2013-03-15 12:31:23"
},
{
"kids":[],
"uid":"1197002470",
"parent":"znx0wEm3C",
"text":"",
"mid":"znx9EeKxy",
"date":"2013-03-15 12:22:54"
},
{
"kids":[],
"uid":"dionwang",
"parent":"",
"text":"",
"mid":"znx5b2wIZ",
"date":"2013-03-15 12:11:52"
},
{
"kids":[],
"uid":"1963988773",
"parent":"",
"text":"",
"mid":"znx1UkiOk",
"date":"2013-03-15 12:03:48"
},
{
"kids":[],
"uid":"2196314952",
"parent":"",
"text":"官员的性福",
"mid":"znx1xyWdR",
"date":"2013-03-15 12:02:56"
},
{
"kids":[
"znyRaqm2o",
"znx9EeKxy"
],
"uid":"2003807357",
"parent":"",
"text":"",
"mid":"znx0wEm3C",
"date":"2013-03-15 12:00:26"
},
{
"kids":[],
"uid":"2285718524",
"parent":"",
"text":"",
"mid":"znwYL2zmS",
"date":"2013-03-15 11:56:04"
},
{
"kids":[],
"uid":"2307191564",
"parent":"",
"text":"宁可错杀一千，不能漏过一人！",
"mid":"znwYy3iJ7",
"date":"2013-03-15 11:55:31"
},
{
"kids":[
"znxdHoHCO"
],
"uid":"2103601412",
"parent":"znvXVyiVh",
"text":"[衰]",
"mid":"znwXF8QbJ",
"date":"2013-03-15 11:53:22"
},
{
"kids":[],
"uid":"2727799223",
"parent":"znvL7A0ge",
"text":"",
"mid":"znwFig7In",
"date":"2013-03-15 11:08:06"
},
{
"kids":[],
"uid":"1814227304",
"parent":"znvJV6kQe",
"text":"",
"mid":"znwDJkbiL",
"date":"2013-03-15 11:04:16"
},
{
"kids":[],
"uid":"2523436382",
"parent":"znvJV6kQe",
"text":"",
"mid":"znwAgvcOW",
"date":"2013-03-15 10:55:43"
},
{
"kids":[],
"uid":"1881460625",
"parent":"znvJV6kQe",
"text":"反腐电话。",
"mid":"znwxj2o5J",
"date":"2013-03-15 10:48:25"
},
{
"kids":[],
"uid":"ShuaiFengNeu",
"parent":"",
"text":"",
"mid":"znwwAmUfE",
"date":"2013-03-15 10:46:39"
},
{
"kids":[],
"uid":"2659678001",
"parent":"znvL7A0ge",
"text":"",
"mid":"znwv3xR4z",
"date":"2013-03-15 10:42:54"
},
{
"kids":[],
"uid":"3015257993",
"parent":"",
"text":"",
"mid":"znwrD5ZGk",
"date":"2013-03-15 10:34:27"
},
{
"kids":[],
"uid":"2826191971",
"parent":"znvL7A0ge",
"text":"",
"mid":"znwpcD2qx",
"date":"2013-03-15 10:28:29"
},
{
"kids":[],
"uid":"2824565095",
"parent":"znwhIpmvy",
"text":"",
"mid":"znwmA8xan",
"date":"2013-03-15 10:22:01"
},
{
"kids":[],
"uid":"2175419023",
"parent":"znwfvB5GJ",
"text":"",
"mid":"znwiddHJf",
"date":"2013-03-15 10:11:14"
},
{
"kids":[
"znwmA8xan"
],
"uid":"1840402435",
"parent":"znwgGkTku",
"text":"",
"mid":"znwhIpmvy",
"date":"2013-03-15 10:10:02"
},
{
"kids":[],
"uid":"2980206731",
"parent":"znwfvB5GJ",
"text":"",
"mid":"znwholXzM",
"date":"2013-03-15 10:09:13"
},
{
"kids":[],
"uid":"1131463913",
"parent":"znwfvB5GJ",
"text":"",
"mid":"znwhbmGJb",
"date":"2013-03-15 10:08:42"
},
{
"kids":[
"znwhIpmvy"
],
"uid":"2515317195",
"parent":"znvJV6kQe",
"text":"",
"mid":"znwgGkTku",
"date":"2013-03-15 10:07:28"
},
{
"kids":[],
"uid":"2948239113",
"parent":"znwfvB5GJ",
"text":"求证后让这饕餮威名远扬!",
"mid":"znwgt40hb",
"date":"2013-03-15 10:06:56"
},
{
"kids":[],
"uid":"2074201655",
"parent":"",
"text":"",
"mid":"znwgdmujj",
"date":"2013-03-15 10:06:20"
},
{
"kids":[],
"uid":"1004576573",
"parent":"znvL7A0ge",
"text":"",
"mid":"znwfVDbgg",
"date":"2013-03-15 10:05:37"
},
{
"kids":[],
"uid":"2838023520",
"parent":"znvLpzRC1",
"text":"6个老婆，看来一天陪一个，周日可以休息了。不错，过皇帝的日子啊",
"mid":"znwfy0mdQ",
"date":"2013-03-15 10:04:40"
},
{
"kids":[
"znwiddHJf",
"znwholXzM",
"znwhbmGJb",
"znwgt40hb"
],
"uid":"2678208053",
"parent":"",
"text":"严厉打击腐败，[怒][怒]",
"mid":"znwfvB5GJ",
"date":"2013-03-15 10:04:36"
},
{
"kids":[],
"uid":"2099102723",
"parent":"",
"text":"",
"mid":"znwfqEx1v",
"date":"2013-03-15 10:04:24"
},
{
"kids":[],
"uid":"2233464763",
"parent":"znvL7A0ge",
"text":"",
"mid":"znwdCjix1",
"date":"2013-03-15 09:59:56"
},
{
"kids":[],
"uid":"2663605803",
"parent":"znvJV6kQe",
"text":"靠低保养后宫啊？哈哈哈",
"mid":"znwd0dkCf",
"date":"2013-03-15 09:58:24"
},
{
"kids":[],
"uid":"1093250431",
"parent":"znw1RjWZ1",
"text":"",
"mid":"znwcmB7iy",
"date":"2013-03-15 09:56:51"
},
{
"kids":[],
"uid":"2123884505",
"parent":"znvL7A0ge",
"text":"",
"mid":"znwbq6Ga0",
"date":"2013-03-15 09:54:31"
},
{
"kids":[],
"uid":"2344137363",
"parent":"",
"text":"",
"mid":"znwaWxq0S",
"date":"2013-03-15 09:53:20"
},
{
"kids":[],
"uid":"3149826944",
"parent":"znvL7A0ge",
"text":"•﹏•",
"mid":"znwapcGoG",
"date":"2013-03-15 09:52:02"
},
{
"kids":[],
"uid":"1432207510",
"parent":"znvL7A0ge",
"text":"",
"mid":"znwac9T6D",
"date":"2013-03-15 09:51:30"
},
{
"kids":[],
"uid":"2690182707",
"parent":"znvLId3Mn",
"text":"509分低保？[晕]",
"mid":"znw7892Ja",
"date":"2013-03-15 09:43:56"
},
{
"kids":[],
"uid":"1782754044",
"parent":"znvL7A0ge",
"text":"",
"mid":"znw4a6DuO",
"date":"2013-03-15 09:36:38"
},
{
"kids":[
"znwcmB7iy"
],
"uid":"1793554080",
"parent":"znvX201nQ",
"text":"",
"mid":"znw1RjWZ1",
"date":"2013-03-15 09:30:58"
},
{
"kids":[],
"uid":"1118791170",
"parent":"znvJV6kQe",
"text":"天朝反腐卧底身份之一：“N奶”",
"mid":"znw1B4Scp",
"date":"2013-03-15 09:30:18"
},
{
"kids":[],
"uid":"2938018623",
"parent":"znvL7A0ge",
"text":"",
"mid":"znvZzdZ2H",
"date":"2013-03-15 09:25:19"
},
{
"kids":[],
"uid":"mymoviefan",
"parent":"znvRVvmvA",
"text":"[围观]",
"mid":"znvZ2owcJ",
"date":"2013-03-15 09:24:01"
},
{
"kids":[
"znwXF8QbJ"
],
"uid":"1949403737",
"parent":"",
"text":"官员最幸福。",
"mid":"znvXVyiVh",
"date":"2013-03-15 09:21:16"
},
{
"kids":[],
"uid":"2392421007",
"parent":"",
"text":"",
"mid":"znvXmngtB",
"date":"2013-03-15 09:19:53"
},
{
"kids":[],
"uid":"312979666",
"parent":"znvL7A0ge",
"text":"",
"mid":"znvX9FSDW",
"date":"2013-03-15 09:19:23"
},
{
"kids":[],
"uid":"rgb7",
"parent":"znvJV6kQe",
"text":"",
"mid":"znvX8en2F",
"date":"2013-03-15 09:19:19"
},
{
"kids":[
"znw1RjWZ1"
],
"uid":"2259395453",
"parent":"znvJV6kQe",
"text":"",
"mid":"znvX201nQ",
"date":"2013-03-15 09:19:04"
},
{
"kids":[],
"uid":"1776768035",
"parent":"znvL7A0ge",
"text":"",
"mid":"znvUvps1I",
"date":"2013-03-15 09:12:51"
},
{
"kids":[],
"uid":"2981185465",
"parent":"znvL7A0ge",
"text":"",
"mid":"znvU62hC9",
"date":"2013-03-15 09:11:49"
},
{
"kids":[],
"uid":"2340293615",
"parent":"znvL7A0ge",
"text":"",
"mid":"znvTQmndL",
"date":"2013-03-15 09:11:12"
},
{
"kids":[],
"uid":"1777865703",
"parent":"znvJV6kQe",
"text":"搞起来～",
"mid":"znvTP9ZvF",
"date":"2013-03-15 09:11:09"
},
{
"kids":[],
"uid":"2442238183",
"parent":"znvL7A0ge",
"text":"",
"mid":"znvSKo9cj",
"date":"2013-03-15 09:08:31"
},
{
"kids":[],
"uid":"2074041282",
"parent":"znvJV6kQe",
"text":"",
"mid":"znvSu8CVU",
"date":"2013-03-15 09:07:51"
},
{
"kids":[
"znzMsvxNG",
"znvZ2owcJ"
],
"uid":"1063101114",
"parent":"",
"text":"",
"mid":"znvRVvmvA",
"date":"2013-03-15 09:06:30"
},
{
"kids":[
"znxUT84nG"
],
"uid":"2375623727",
"parent":"znvL7A0ge",
"text":"这算几会？[挖鼻屎]",
"mid":"znvRK2BxS",
"date":"2013-03-15 09:06:00"
},
{
"kids":[],
"uid":"1965474901",
"parent":"znvJV6kQe",
"text":"",
"mid":"znvRhE8gX",
"date":"2013-03-15 09:04:54"
},
{
"kids":[],
"uid":"1952639043",
"parent":"znvL7A0ge",
"text":"[话筒][话筒]把这人搞起！",
"mid":"znvRg9eKT",
"date":"2013-03-15 09:04:51"
},
{
"kids":[],
"uid":"1742156704",
"parent":"",
"text":"",
"mid":"znvQw78na",
"date":"2013-03-15 09:03:01"
},
{
"kids":[],
"uid":"2926141311",
"parent":"znvL7A0ge",
"text":"求真相@郭蔚律师thu @袁岳 @",
"mid":"znvQbm1nH",
"date":"2013-03-15 09:02:11"
},
{
"kids":[],
"uid":"1848637021",
"parent":"znvL7A0ge",
"text":"",
"mid":"znvQ36R3g",
"date":"2013-03-15 09:01:51"
},
{
"kids":[],
"uid":"1661292373",
"parent":"znvJV6kQe",
"text":"",
"mid":"znvOLlzJG",
"date":"2013-03-15 08:58:42"
},
{
"kids":[],
"uid":"2134439282",
"parent":"znvL7A0ge",
"text":"",
"mid":"znvOIngj3",
"date":"2013-03-15 08:58:35"
},
{
"kids":[
"znz6RsNXB"
],
"uid":"2997385533",
"parent":"znvL7A0ge",
"text":"这些电话是不是就开以打？分別几钿？",
"mid":"znvNZ9oVJ",
"date":"2013-03-15 08:56:47"
},
{
"kids":[],
"uid":"1784398065",
"parent":"znvL7A0ge",
"text":"后宫佳丽",
"mid":"znvNsmoaE",
"date":"2013-03-15 08:55:29"
},
{
"kids":[],
"uid":"2610400121",
"parent":"znvL7A0ge",
"text":"铁梅（西皮流水）：我家的表叔数不清，王表叔家的表婶也数不清，没有大事不登门。[偷笑]",
"mid":"znvNi0Nok",
"date":"2013-03-15 08:55:04"
},
{
"kids":[],
"uid":"2435900805",
"parent":"znvL7A0ge",
"text":"",
"mid":"znvNdi9Yd",
"date":"2013-03-15 08:54:52"
},
{
"kids":[],
"uid":"1980591213",
"parent":"znvL7A0ge",
"text":"",
"mid":"znvN7DW3Y",
"date":"2013-03-15 08:54:39"
},
{
"kids":[],
"uid":"panzc422wd",
"parent":"znvL7A0ge",
"text":"……",
"mid":"znvN7ojnm",
"date":"2013-03-15 08:54:38"
},
{
"kids":[],
"uid":"1407945173",
"parent":"znvL7A0ge",
"text":"",
"mid":"znvN47pnF",
"date":"2013-03-15 08:54:30"
},
{
"kids":[],
"uid":"2481986732",
"parent":"",
"text":"",
"mid":"znvMUEXOP",
"date":"2013-03-15 08:54:09"
},
{
"kids":[],
"uid":"2633553044",
"parent":"znvL7A0ge",
"text":"给力，你丫",
"mid":"znvMFj8p2",
"date":"2013-03-15 08:53:31"
},
{
"kids":[],
"uid":"1594650555",
"parent":"znvL7A0ge",
"text":"如此贪官还有多少 ？希望更加有力度的反腐！",
"mid":"znvMF2hTz",
"date":"2013-03-15 08:53:31"
},
{
"kids":[],
"uid":"1417205037",
"parent":"znvL7A0ge",
"text":"顶",
"mid":"znvMAzkfv",
"date":"2013-03-15 08:53:21"
},
{
"kids":[],
"uid":"2930863972",
"parent":"znvL7A0ge",
"text":"[疑问]",
"mid":"znvMA0S3m",
"date":"2013-03-15 08:53:19"
},
{
"kids":[],
"uid":"2780140707",
"parent":"znvL7A0ge",
"text":"",
"mid":"znvLOr4W8",
"date":"2013-03-15 08:51:26"
},
{
"kids":[],
"uid":"2740132725",
"parent":"znvL7A0ge",
"text":"",
"mid":"znvLJpWCR",
"date":"2013-03-15 08:51:13"
},
{
"kids":[
"znw7892Ja"
],
"uid":"206062578",
"parent":"",
"text":"[吃惊]",
"mid":"znvLId3Mn",
"date":"2013-03-15 08:51:11"
},
{
"kids":[],
"uid":"1617468117",
"parent":"znvJV6kQe",
"text":"",
"mid":"znvLyaeVZ",
"date":"2013-03-15 08:50:47"
},
{
"kids":[
"znwfy0mdQ"
],
"uid":"1904205035",
"parent":"znvJV6kQe",
"text":"",
"mid":"znvLpzRC1",
"date":"2013-03-15 08:50:27"
},
{
"kids":[],
"uid":"521232655",
"parent":"znvL7A0ge",
"text":"",
"mid":"znvLpyGKC",
"date":"2013-03-15 08:50:26"
},
{
"kids":[
"znF470qLT",
"znxSuv4gl",
"znxtC2PRO",
"znwFig7In",
"znwv3xR4z",
"znwpcD2qx",
"znwfVDbgg",
"znwdCjix1",
"znwbq6Ga0",
"znwapcGoG",
"znwac9T6D",
"znw4a6DuO",
"znvZzdZ2H",
"znvX9FSDW",
"znvUvps1I",
"znvU62hC9",
"znvTQmndL",
"znvSKo9cj",
"znvRK2BxS",
"znvRg9eKT",
"znvQbm1nH",
"znvQ36R3g",
"znvOIngj3",
"znvNZ9oVJ",
"znvNsmoaE",
"znvNi0Nok",
"znvNdi9Yd",
"znvN7DW3Y",
"znvN7ojnm",
"znvN47pnF",
"znvMFj8p2",
"znvMF2hTz",
"znvMAzkfv",
"znvMA0S3m",
"znvLOr4W8",
"znvLJpWCR",
"znvLpyGKC"
],
"uid":"117283370",
"parent":"",
"text":"",
"mid":"znvL7A0ge",
"date":"2013-03-15 08:49:44"
},
{
"kids":[],
"uid":"911126170",
"parent":"znvJV6kQe",
"text":"[围观]",
"mid":"znvKPgOQM",
"date":"2013-03-15 08:48:59"
},
{
"kids":[],
"uid":"1723675354",
"parent":"znvJV6kQe",
"text":"",
"mid":"znvKOoWxx",
"date":"2013-03-15 08:48:58"
},
{
"kids":[
"znzdglyJS",
"znwDJkbiL",
"znwAgvcOW",
"znwxj2o5J",
"znwgGkTku",
"znwd0dkCf",
"znw1B4Scp",
"znvX8en2F",
"znvX201nQ",
"znvTP9ZvF",
"znvSu8CVU",
"znvRhE8gX",
"znvOLlzJG",
"znvLyaeVZ",
"znvLpzRC1",
"znvKPgOQM",
"znvKOoWxx"
],
"uid":"1651654791",
"parent":"",
"text":"",
"mid":"znvJV6kQe",
"date":"2013-03-15 08:46:45"
},
{
"kids":[],
"uid":"1575459612",
"parent":"",
"text":"有可能[嘻嘻][酷]",
"mid":"znvDljdEV",
"date":"2013-03-15 08:30:34"
},
{
"kids":[],
"uid":"2170677991",
"parent":"",
"text":"",
"mid":"znvBZFkzs",
"date":"2013-03-15 08:27:15"
},
{
"kids":[],
"uid":"206900087",
"parent":"",
"text":"",
"mid":"znvBxmzTw",
"date":"2013-03-15 08:26:06"
},
{
"kids":[],
"uid":"2460524340",
"parent":"",
"text":"",
"mid":"znvBny9Xd",
"date":"2013-03-15 08:25:43"
}
]