[
{
"kids":[],
"uid":"2919478210",
"parent":"zmFcw4H39",
"text":"",
"mid":"zpSeU0fWY",
"date":"2013-03-30 21:44:08"
},
{
"kids":[],
"uid":"1582685393",
"parent":"zmFcw4H39",
"text":"",
"mid":"zoRLHB5Ne",
"date":"2013-03-24 06:41:54"
},
{
"kids":[],
"uid":"2789754772",
"parent":"zmFcw4H39",
"text":"",
"mid":"zoRLHjuCX",
"date":"2013-03-24 06:41:53"
},
{
"kids":[],
"uid":"2920083272",
"parent":"zmFcw4H39",
"text":"",
"mid":"zoH2TFOXZ",
"date":"2013-03-23 03:24:03"
},
{
"kids":[],
"uid":"2810539410",
"parent":"zmFcw4H39",
"text":"",
"mid":"zoH2TFOWp",
"date":"2013-03-23 03:24:03"
},
{
"kids":[],
"uid":"1865563260",
"parent":"zmEuT7F43",
"text":"[思考]",
"mid":"znH2r8C05",
"date":"2013-03-16 13:32:36"
},
{
"kids":[],
"uid":"1892352123",
"parent":"",
"text":"",
"mid":"zmMJP5b3q",
"date":"2013-03-10 14:12:55"
},
{
"kids":[],
"uid":"1892352123",
"parent":"",
"text":"",
"mid":"zmMI6Fzpi",
"date":"2013-03-10 14:08:40"
},
{
"kids":[],
"uid":"1433779385",
"parent":"",
"text":"哪儿好[嘻嘻]",
"mid":"zmMHPgCMF",
"date":"2013-03-10 14:08:00"
},
{
"kids":[],
"uid":"1433779385",
"parent":"",
"text":"先下手为强，后下手为轮。昆定律。",
"mid":"zmMG56TSk",
"date":"2013-03-10 14:03:41"
},
{
"kids":[],
"uid":"3199032513",
"parent":"",
"text":"",
"mid":"zmMy45Im8",
"date":"2013-03-10 13:43:57"
},
{
"kids":[],
"uid":"2266846212",
"parent":"",
"text":"第一个杀人的不是杀人犯",
"mid":"zmMbBoTdL",
"date":"2013-03-10 12:48:37"
},
{
"kids":[],
"uid":"2587932913",
"parent":"",
"text":"希望法律这次能够得到尊重。为保护一个卖唱的将军而丢民心，不值！！！",
"mid":"zmLRHq3hX",
"date":"2013-03-10 11:59:34"
},
{
"kids":[],
"uid":"2528114031",
"parent":"",
"text":"",
"mid":"zmLR2CsiW",
"date":"2013-03-10 11:57:56"
},
{
"kids":[],
"uid":"571455552",
"parent":"",
"text":"昨天被无辜禁言、今天被无罪释放，@微博管理员 你真是让我欢喜让我忧。虽然被无罪释放但对本博造成的舆论压力和粉丝谩骂请@微博管理员 给予相关人员处理，由于新浪核查不利的原因给予本博的处罚公开道歉。@潘羽V @宋阳标 @徽剑 @孔智勇- @作家岳南 @周七月 @周雁鸣",
"mid":"zmLNHcQKc",
"date":"2013-03-10 11:49:43"
},
{
"kids":[],
"uid":"3121256724",
"parent":"",
"text":"",
"mid":"zmLM4rggQ",
"date":"2013-03-10 11:45:43"
},
{
"kids":[],
"uid":"2463342840",
"parent":"",
"text":"",
"mid":"zmLDj59pq",
"date":"2013-03-10 11:24:07"
},
{
"kids":[],
"uid":"123101990",
"parent":"zmLy2dSCr",
"text":"以后要注意了[哈哈]",
"mid":"zmLzW8srP",
"date":"2013-03-10 11:15:49"
},
{
"kids":[
"zmLzW8srP"
],
"uid":"571455552",
"parent":"",
"text":"尊敬的用户您好，之前因发布不实信息对您账号实施的禁言、禁被关注和扣除信用积分的处罚。后经核实，该不实信息源自正式媒体的错误稿件，而不应处罚其他用户，故已撤销上述处罚，现在您可以正常使用账号。对因此给您带来的不便深表歉意。突然找到了无罪释放的感觉原来是这么刺激！！@潘羽V @宋阳标 @徽",
"mid":"zmLy2dSCr",
"date":"2013-03-10 11:11:08"
},
{
"kids":[],
"uid":"1710665214",
"parent":"zmKuNdhAo",
"text":"老子天下第一，带头大哥[哈哈]",
"mid":"zmLxugXmD",
"date":"2013-03-10 11:09:47"
},
{
"kids":[],
"uid":"1498559482",
"parent":"zmFSvjzSc",
"text":"重判最后一个，都不敢做最后一个，不确定自己后面会不会还有人，都有这顾虑，就没有下一个，就能吓阻犯罪。",
"mid":"zmLfX7ELo",
"date":"2013-03-10 10:26:35"
},
{
"kids":[],
"uid":"2007460525",
"parent":"zmHdu7vsj",
"text":"“王子犯法与庶民同罪”，“同罪”但不“同罚”",
"mid":"zmL4Rd0qK",
"date":"2013-03-10 09:59:14"
},
{
"kids":[],
"uid":"1998242927",
"parent":"",
"text":"回复@焦原卧虎:嗯，右边说的有道理，专业。[偷笑]",
"mid":"zmKUvauN5",
"date":"2013-03-10 09:33:43"
},
{
"kids":[],
"uid":"coolthinker",
"parent":"zmKuNdhAo",
"text":"越来越觉得天一这孩子是姓金",
"mid":"zmKx5n5Y7",
"date":"2013-03-10 08:36:03"
},
{
"kids":[],
"uid":"coolthinker",
"parent":"zmKuNdhAo",
"text":"永远争第一",
"mid":"zmKwH9jhD",
"date":"2013-03-10 08:35:04"
},
{
"kids":[
"zmLxugXmD",
"zmKx5n5Y7",
"zmKwH9jhD"
],
"uid":"1653930497",
"parent":"zmKtPfBtN",
"text":"",
"mid":"zmKuNdhAo",
"date":"2013-03-10 08:30:24"
},
{
"kids":[
"zmKuNdhAo"
],
"uid":"578527733",
"parent":"zmKqKnIW9",
"text":"",
"mid":"zmKtPfBtN",
"date":"2013-03-10 08:28:02"
},
{
"kids":[
"zmKtPfBtN"
],
"uid":"hougecekong",
"parent":"zmDmHEz5H",
"text":"",
"mid":"zmKqKnIW9",
"date":"2013-03-10 08:20:25"
},
{
"kids":[],
"uid":"1736189673",
"parent":"zmDXRDfiK",
"text":"这个判罚证明了一点，法律是来保护智者的。不帮好人也不帮坏人，只帮会运用的人。又一次挑战成功。",
"mid":"zmIakhJ3N",
"date":"2013-03-10 02:34:29"
},
{
"kids":[],
"uid":"1278463700",
"parent":"",
"text":"这绝对冷笑话吧，不可信。这是对共同犯罪最搞笑的解读了吧。他第一个完事直接回家了吗，对那四个后面要干什么毫不知情吗。",
"mid":"zmHMxsvIB",
"date":"2013-03-10 01:35:53"
},
{
"kids":[],
"uid":"1829764962",
"parent":"zmHdu7vsj",
"text":"",
"mid":"zmHhh2p3P",
"date":"2013-03-10 00:18:51"
},
{
"kids":[],
"uid":"2919415810",
"parent":"zmFHDzvCx",
"text":"",
"mid":"zmHg4A553",
"date":"2013-03-10 00:15:54"
},
{
"kids":[],
"uid":"1646284441",
"parent":"zmH9ohM6W",
"text":"回复@skymedia3:希望是假的，否则这几十个律师全都应该归入无良律师。那个大学副校长还有何脸面为人师表？",
"mid":"zmHdxmqXX",
"date":"2013-03-10 00:09:37"
},
{
"kids":[
"zmL4Rd0qK",
"zmHhh2p3P"
],
"uid":"bingdongputao",
"parent":"zmFw3gjrH",
"text":"",
"mid":"zmHdu7vsj",
"date":"2013-03-10 00:09:29"
},
{
"kids":[],
"uid":"1646284441",
"parent":"zmH8soxY4",
"text":"回复@skymedia3:如果这个案例成功，大家都会争抢头杆了。因为比起轮奸，强奸显然轻一些。只是希望这些律师们不要进一步将头杆解释成同居，那就太过份了。",
"mid":"zmHaQpBRw",
"date":"2013-03-10 00:03:01"
},
{
"kids":[
"zmHdxmqXX"
],
"uid":"1646284441",
"parent":"zmG81qIpL",
"text":"回复@skymedia3:问完告诉我一声。哈哈。",
"mid":"zmH9ohM6W",
"date":"2013-03-09 23:59:27"
},
{
"kids":[
"zmHaQpBRw"
],
"uid":"1646284441",
"parent":"zmG81qIpL",
"text":"回复@skymedia3:我讲的是文革前的标准，而且亲眼见过一个所谓唰锅的小孩子被毙了。我好像写过他的故事，很冤的。",
"mid":"zmH8soxY4",
"date":"2013-03-09 23:57:05"
},
{
"kids":[],
"uid":"1646284441",
"parent":"zmG81qIpL",
"text":"回复@skymedia3:这不是侦破的问题，是量刑标准的问题，因此不应该问警官，应该问法官。",
"mid":"zmH7BtKWX",
"date":"2013-03-09 23:55:02"
},
{
"kids":[],
"uid":"2712874435",
"parent":"zmFGNl0vZ",
"text":"求普法！刷锅为何也是重罪？",
"mid":"zmGTtnxOA",
"date":"2013-03-09 23:20:13"
},
{
"kids":[],
"uid":"2282425441",
"parent":"zmFGNl0vZ",
"text":"无耻",
"mid":"zmGOCx2Sn",
"date":"2013-03-09 23:08:16"
},
{
"kids":[],
"uid":"234453460",
"parent":"zmETX6jVK",
"text":"",
"mid":"zmGM7okfk",
"date":"2013-03-09 23:02:06"
},
{
"kids":[],
"uid":"2277379250",
"parent":"",
"text":"轉發微博",
"mid":"zmGEVwjAr",
"date":"2013-03-09 22:44:24"
},
{
"kids":[],
"uid":"xh8191",
"parent":"zmFSvjzSc",
"text":"翻遍刑法典，不见轮奸罪[抓狂",
"mid":"zmGw0lelR",
"date":"2013-03-09 22:22:25"
},
{
"kids":[],
"uid":"2995089417",
"parent":"",
"text":"钱，权，凌驾与法律之上，所以说一定要拥有这俩样东西",
"mid":"zmGulfwhX",
"date":"2013-03-09 22:18:15"
},
{
"kids":[],
"uid":"1932693253",
"parent":"zmFGNl0vZ",
"text":"头杆、刷锅、又长姿势了[挖鼻屎]",
"mid":"zmGuiiaJU",
"date":"2013-03-09 22:18:11"
},
{
"kids":[],
"uid":"2995089417",
"parent":"",
"text":"",
"mid":"zmGtszSvw",
"date":"2013-03-09 22:16:08"
},
{
"kids":[],
"uid":"1787231764",
"parent":"zmG81qIpL",
"text":"这个问题还是请教一下警察专业人士为好。@园春言 @刑警阿東 @警察叔叔亨特朱 @中国警察网",
"mid":"zmGjC5bbx",
"date":"2013-03-09 21:51:51"
},
{
"kids":[],
"uid":"2625403667",
"parent":"zmG81qIpL",
"text":"",
"mid":"zmGild2vn",
"date":"2013-03-09 21:48:42"
},
{
"kids":[],
"uid":"1040725103",
"parent":"zmFQCiXg9",
"text":"这些人渣真是人渣中的战斗机!",
"mid":"zmGd1rTzR",
"date":"2013-03-09 21:35:36"
},
{
"kids":[],
"uid":"526123345",
"parent":"zmFZefzBj",
"text":"",
"mid":"zmG8M7etn",
"date":"2013-03-09 21:25:09"
},
{
"kids":[],
"uid":"1709428215",
"parent":"zmG4D3BYs",
"text":"",
"mid":"zmG86sVsw",
"date":"2013-03-09 21:23:30"
},
{
"kids":[
"zmH9ohM6W",
"zmH8soxY4",
"zmH7BtKWX",
"zmGjC5bbx",
"zmGild2vn"
],
"uid":"1646284441",
"parent":"zmFSvjzSc",
"text":"轮奸要认定两人以上为重罪，从中间选，更难定。",
"mid":"zmG81qIpL",
"date":"2013-03-09 21:23:15"
},
{
"kids":[],
"uid":"338019998",
"parent":"zmFQCiXg9",
"text":"因为刷锅的最没有底线，节操为负，口味爆表。",
"mid":"zmG6u3gYA",
"date":"2013-03-09 21:19:30"
},
{
"kids":[
"zmG86sVsw"
],
"uid":"1930755207",
"parent":"zmELwDV5Q",
"text":"",
"mid":"zmG4D3BYs",
"date":"2013-03-09 21:14:57"
},
{
"kids":[],
"uid":"2000497184",
"parent":"zmFGNl0vZ",
"text":"",
"mid":"zmG3aCuVy",
"date":"2013-03-09 21:11:22"
},
{
"kids":[],
"uid":"zhouyanming",
"parent":"zmFZefzBj",
"text":"涮锅的肯定重惩，公正！",
"mid":"zmG0jC1MU",
"date":"2013-03-09 21:04:17"
},
{
"kids":[
"zmG8M7etn",
"zmG0jC1MU"
],
"uid":"1646284441",
"parent":"zmFSvjzSc",
"text":"这本来就不是道理，是尺度的把握。",
"mid":"zmFZefzBj",
"date":"2013-03-09 21:01:40"
},
{
"kids":[],
"uid":"2560040784",
"parent":"zmE1Ry430",
"text":"對呀，第一個應該是最重的才對，畜生心態比畜生行為更可怕",
"mid":"zmFV91sZf",
"date":"2013-03-09 20:51:34"
},
{
"kids":[],
"uid":"2903549075",
"parent":"zmFSvjzSc",
"text":"",
"mid":"zmFTpt8q1",
"date":"2013-03-09 20:47:17"
},
{
"kids":[
"zmLfX7ELo",
"zmGw0lelR",
"zmG81qIpL",
"zmFZefzBj",
"zmFTpt8q1"
],
"uid":"yuenanblog",
"parent":"zmFFk0tAi",
"text":"七月大哥所说有理，但仍不能完美解释刷锅者罪重之理由。[话筒]",
"mid":"zmFSvjzSc",
"date":"2013-03-09 20:45:04"
},
{
"kids":[
"zmGd1rTzR",
"zmG6u3gYA"
],
"uid":"1405153161",
"parent":"zmFBEqSdv",
"text":"哈，哈，哈，哈。可以上我们的“BAZARRE\"啦！@作家岳南:为何刷锅是重罪？[疑问]",
"mid":"zmFQCiXg9",
"date":"2013-03-09 20:40:26"
},
{
"kids":[],
"uid":"niuniu63",
"parent":"zmFmRwSQZ",
"text":"要搞清轮奸的法律定义。",
"mid":"zmFIW1NDc",
"date":"2013-03-09 20:21:30"
},
{
"kids":[
"zmHg4A553"
],
"uid":"3066342647",
"parent":"zmFpkkRYY",
"text":"也压根没有轮奸罪",
"mid":"zmFHDzvCx",
"date":"2013-03-09 20:18:18"
},
{
"kids":[
"zmGTtnxOA",
"zmGOCx2Sn",
"zmGuiiaJU",
"zmG3aCuVy"
],
"uid":"1653113924",
"parent":"zmETX6jVK",
"text":"谢谢李天一，让国人普了法。",
"mid":"zmFGNl0vZ",
"date":"2013-03-09 20:16:14"
},
{
"kids":[],
"uid":"1804506235",
"parent":"",
"text":"",
"mid":"zmFGmpB49",
"date":"2013-03-09 20:15:10"
},
{
"kids":[
"zmFSvjzSc"
],
"uid":"zhouyanming",
"parent":"zmFBEqSdv",
"text":"七月该申请专利，著作权",
"mid":"zmFFk0tAi",
"date":"2013-03-09 20:12:35"
},
{
"kids":[
"zmFQCiXg9",
"zmFFk0tAi"
],
"uid":"1646284441",
"parent":"zmEYXlALv",
"text":"我估计（！）因为是轮奸，只严惩一个人不符合案情，全重罚又太多，只好严惩一头一尾，中间轻一点。",
"mid":"zmFBEqSdv",
"date":"2013-03-09 20:03:34"
},
{
"kids":[],
"uid":"1996534357",
"parent":"zmFoJ8WMb",
"text":"回复@向阳不加V:还是你聪明啊 [偷笑]",
"mid":"zmFzt8bkY",
"date":"2013-03-09 19:58:10"
},
{
"kids":[
"zmHdu7vsj"
],
"uid":"2007460525",
"parent":"zmDHQbc63",
"text":"这个一定要顶起来.....",
"mid":"zmFw3gjrH",
"date":"2013-03-09 19:49:46"
},
{
"kids":[
"zmFHDzvCx"
],
"uid":"1671619542",
"parent":"zmFmRwSQZ",
"text":"明明是假消息，新浪都确认了，还拼命转发，不过新浪也很坏，有时候明明是假消息却不删，真的却很快删除，还是利益相关啊！中国有法律大学这个学校吗？如果没有参加过高考也请认真百度一下吧",
"mid":"zmFpkkRYY",
"date":"2013-03-09 19:33:10"
},
{
"kids":[
"zmFzt8bkY"
],
"uid":"1996534357",
"parent":"zmFmRwSQZ",
"text":"奇闻！[疑问]",
"mid":"zmFoJ8WMb",
"date":"2013-03-09 19:31:43"
},
{
"kids":[],
"uid":"2094675184",
"parent":"zmDxJaWRS",
"text":"",
"mid":"zmFn6ke0u",
"date":"2013-03-09 19:27:44"
},
{
"kids":[
"zmFIW1NDc",
"zmFpkkRYY",
"zmFoJ8WMb"
],
"uid":"2058624294",
"parent":"zmFjqcAGI",
"text":"",
"mid":"zmFmRwSQZ",
"date":"2013-03-09 19:27:08"
},
{
"kids":[
"zmFmRwSQZ"
],
"uid":"1968795811",
"parent":"zmETX6jVK",
"text":"",
"mid":"zmFjqcAGI",
"date":"2013-03-09 19:18:39"
},
{
"kids":[],
"uid":"2867595882",
"parent":"zmETX6jVK",
"text":"",
"mid":"zmFeK5QY1",
"date":"2013-03-09 19:07:03"
},
{
"kids":[],
"uid":"1792256461",
"parent":"zmEU5m0vc",
"text":"这个狗日的！",
"mid":"zmFeIAiEp",
"date":"2013-03-09 19:07:04"
},
{
"kids":[],
"uid":"friedrich14",
"parent":"zmEYXlALv",
"text":"",
"mid":"zmFdtaL8q",
"date":"2013-03-09 19:03:59"
},
{
"kids":[],
"uid":"1866043397",
"parent":"zmELwDV5Q",
"text":"",
"mid":"zmFcVaJMD",
"date":"2013-03-09 19:02:38"
},
{
"kids":[
"zpSeU0fWY",
"zoRLHB5Ne",
"zoRLHjuCX",
"zoH2TFOXZ",
"zoH2TFOWp"
],
"uid":"3170278023",
"parent":"",
"text":"就因为她老爹有点关系，他老娘出来放放枪，再拖一个有点名气的人来受受这舆论的第一炮。所以，你们懂得。。。我只是想试问一下那些律师，你们在判定成年与未成年的事上耽误了那么长时间，在为他老爹找关系拖点时间么",
"mid":"zmFcw4H39",
"date":"2013-03-09 19:01:38"
},
{
"kids":[],
"uid":"2251323184",
"parent":"zmF0hfl9m",
"text":"",
"mid":"zmFbUefDJ",
"date":"2013-03-09 19:00:09"
},
{
"kids":[],
"uid":"2812700890",
"parent":"",
"text":"法律被践踏，真心无语！",
"mid":"zmF8166QL",
"date":"2013-03-09 18:50:31"
},
{
"kids":[],
"uid":"2231539593",
"parent":"zmDHQbc63",
"text":"不太可能吧，，，，",
"mid":"zmF5aFLax",
"date":"2013-03-09 18:43:33"
},
{
"kids":[],
"uid":"1133440037",
"parent":"zmEYXlALv",
"text":": 回复@平小小猪:难道是地沟油？[疑问]",
"mid":"zmF0QFb3R",
"date":"2013-03-09 18:32:53"
},
{
"kids":[
"zmFbUefDJ"
],
"uid":"yuejingbingning",
"parent":"zmEYXlALv",
"text":"",
"mid":"zmF0hfl9m",
"date":"2013-03-09 18:31:26"
},
{
"kids":[],
"uid":"xiongxinjun",
"parent":"zmEYXlALv",
"text":"严惩首恶",
"mid":"zmF09eY03",
"date":"2013-03-09 18:31:10"
},
{
"kids":[],
"uid":"1439830972",
"parent":"zmETX6jVK",
"text":"有可能认为最后者可使被害人怀孕吧，瞎猜的",
"mid":"zmEZMsW3m",
"date":"2013-03-09 18:30:16"
},
{
"kids":[
"zmFBEqSdv",
"zmFdtaL8q",
"zmF0QFb3R",
"zmF0hfl9m",
"zmF09eY03"
],
"uid":"yuenanblog",
"parent":"zmETX6jVK",
"text":"回复@平小小猪:难道是地沟油？[疑问]",
"mid":"zmEYXlALv",
"date":"2013-03-09 18:28:12"
},
{
"kids":[],
"uid":"1898165291",
"parent":"",
"text":"",
"mid":"zmEYSDNrs",
"date":"2013-03-09 18:28:03"
},
{
"kids":[],
"uid":"zhx930",
"parent":"",
"text":"",
"mid":"zmEXKjPJY",
"date":"2013-03-09 18:25:16"
},
{
"kids":[],
"uid":"houkun1974",
"parent":"zmETX6jVK",
"text":"首奸起带头作用，应当从重论罪。就好比中头奖拿奖金多一样。",
"mid":"zmEXJa5nd",
"date":"2013-03-09 18:25:12"
},
{
"kids":[],
"uid":"2258289592",
"parent":"zmETX6jVK",
"text":"枪毙算了！鸣: 七月的解释经典，该写入教科书",
"mid":"zmEX8aQdX",
"date":"2013-03-09 18:23:44"
},
{
"kids":[],
"uid":"208153030",
"parent":"zmDXRDfiK",
"text":"首犯不是要重罚么",
"mid":"zmEWwou49",
"date":"2013-03-09 18:22:12"
},
{
"kids":[],
"uid":"1560477552",
"parent":"",
"text":"哈哈，法律真是文字游戏。第一次知道可以这样。",
"mid":"zmEVSeagE",
"date":"2013-03-09 18:20:37"
},
{
"kids":[],
"uid":"1841150061",
"parent":"zmETX6jVK",
"text":"为何刷锅是重罪？[疑问]",
"mid":"zmEVg6Q4t",
"date":"2013-03-09 18:19:05"
},
{
"kids":[],
"uid":"newxy",
"parent":"zmETX6jVK",
"text":"？/@作家岳南:为何刷锅是重罪？/@周文生世界: 对，严惩首恶/@周雁鸣: 七月的解释经典，该写入教科书 /@周七月:文革前轮奸量刑“头杆”（第一个）和“刷锅”（最后一个）算重罪，基本是枪毙。因“头杆”最先动手，是首罪。/@广朋2012:本人不太明白请高人指点，第一个与被害女子发生关系的人不算轮奸吗？",
"mid":"zmEUXtA1S",
"date":"2013-03-09 18:18:21"
},
{
"kids":[],
"uid":"717085677",
"parent":"",
"text":"有时想来好笑，这就是法律！",
"mid":"zmEUPddlQ",
"date":"2013-03-09 18:18:03"
},
{
"kids":[
"zmFeIAiEp"
],
"uid":"2667543311",
"parent":"zmE29hrSK",
"text":"",
"mid":"zmEU5m0vc",
"date":"2013-03-09 18:16:13"
},
{
"kids":[
"zmGM7okfk",
"zmFGNl0vZ",
"zmFjqcAGI",
"zmFeK5QY1",
"zmEZMsW3m",
"zmEYXlALv",
"zmEXJa5nd",
"zmEX8aQdX",
"zmEVg6Q4t",
"zmEUXtA1S"
],
"uid":"yuenanblog",
"parent":"zmEE57PgB",
"text":"为何刷锅是重罪？[疑问]",
"mid":"zmETX6jVK",
"date":"2013-03-09 18:15:53"
},
{
"kids":[],
"uid":"dsks",
"parent":"zmENNAkS6",
"text":"",
"mid":"zmET2ECX4",
"date":"2013-03-09 18:13:37"
},
{
"kids":[],
"uid":"2022551163",
"parent":"zmENNAkS6",
"text":"那还有什么说的？难道法律真的是有钱玩意？",
"mid":"zmESp6HrQ",
"date":"2013-03-09 18:12:03"
},
{
"kids":[],
"uid":"2648404715",
"parent":"zmDtofBb3",
"text":"微博说的真实吗？哪有法律大学啊？",
"mid":"zmERu4vL5",
"date":"2013-03-09 18:09:49"
},
{
"kids":[],
"uid":"xiboyinyue",
"parent":"zmEsMsXUc",
"text":"中国的法律已经被他们践踏的成了一张废纸",
"mid":"zmEPI6wPa",
"date":"2013-03-09 18:05:27"
},
{
"kids":[
"zmET2ECX4",
"zmESp6HrQ"
],
"uid":"325058989",
"parent":"zmELwDV5Q",
"text":"回复@郭伟7:就是！",
"mid":"zmENNAkS6",
"date":"2013-03-09 18:00:43"
},
{
"kids":[
"zmG4D3BYs",
"zmFcVaJMD",
"zmENNAkS6"
],
"uid":"325058989",
"parent":"",
"text":"说的精辟！",
"mid":"zmELwDV5Q",
"date":"2013-03-09 17:55:09"
},
{
"kids":[],
"uid":"1005429392",
"parent":"zmDWfsGyt",
"text":"从那么庞大的律师团来看，李双江对其子李天一所犯罪行完全没有认识，我是名人我有钱，犯罪也可以判成无罪，重罪可以判成轻罪，大事化小，小事化了。希望中国的司法公正能从此案中得到彰显。",
"mid":"zmEK9zXkv",
"date":"2013-03-09 17:51:46"
},
{
"kids":[],
"uid":"2298085725",
"parent":"zmDA4x5Hd",
"text":"",
"mid":"zmEGmld6C",
"date":"2013-03-09 17:42:25"
},
{
"kids":[
"zmETX6jVK"
],
"uid":"1439830972",
"parent":"zmDRMiFvT",
"text":"对，严惩首恶",
"mid":"zmEE57PgB",
"date":"2013-03-09 17:36:48"
},
{
"kids":[
"znH2r8C05"
],
"uid":"1886585825",
"parent":"zmDtohN2b",
"text":"这个，争当第一的好处？艹你妈",
"mid":"zmEuT7F43",
"date":"2013-03-09 17:14:06"
},
{
"kids":[],
"uid":"275831239",
"parent":"",
"text":"要确定这段话的真实性再做评论！",
"mid":"zmEte0xPs",
"date":"2013-03-09 17:10:04"
},
{
"kids":[
"zmEPI6wPa"
],
"uid":"1561979683",
"parent":"zmDl69KeY",
"text":"回复@丽江王铁生:[哈哈]",
"mid":"zmEsMsXUc",
"date":"2013-03-09 17:08:58"
},
{
"kids":[],
"uid":"2419837113",
"parent":"zmDxJaWRS",
"text":"",
"mid":"zmEqszfHZ",
"date":"2013-03-09 17:03:14"
},
{
"kids":[],
"uid":"1401490981",
"parent":"zmE89DnvI",
"text":"嗯，没有他，后边的也轮不上。这都鸡巴什么歪理！",
"mid":"zmEpOnYTV",
"date":"2013-03-09 17:01:39"
},
{
"kids":[],
"uid":"2683970381",
"parent":"",
"text":"中国没有单独的轮奸罪，轮奸是强奸罪中的从重要件之一。十年起刑。警方以强奸罪刑没有问题啊。百度一下刑法很费劲么？在中国造谣真的不用负责任么？信谣真的那么容易么",
"mid":"zmEoVcjgU",
"date":"2013-03-09 16:59:26"
},
{
"kids":[],
"uid":"3205755013",
"parent":"zmDJKFsbf",
"text":"",
"mid":"zmEoaqUTi",
"date":"2013-03-09 16:57:36"
},
{
"kids":[],
"uid":"1946861887",
"parent":"zmE4PENLF",
"text":"[怒][吐]",
"mid":"zmEnyD1sa",
"date":"2013-03-09 16:56:06"
},
{
"kids":[],
"uid":"2683970381",
"parent":"",
"text":"中国没有单独的轮奸罪，轮奸是强奸罪中的从重要件之一。十年起刑。警方以强奸罪刑没有问题啊。百度一下刑法很费劲么？在中国造谣真的不用负责任么？信谣真的那么容易么",
"mid":"zmEmowdtz",
"date":"2013-03-09 16:53:14"
},
{
"kids":[],
"uid":"2230430467",
"parent":"zmE29hrSK",
"text":"",
"mid":"zmElV1wlC",
"date":"2013-03-09 16:52:03"
},
{
"kids":[],
"uid":"2308838687",
"parent":"zmDtofBb3",
"text":"转",
"mid":"zmEkzDFXl",
"date":"2013-03-09 16:48:44"
},
{
"kids":[],
"uid":"3249162055",
"parent":"",
"text":"滚蛋吧。。。",
"mid":"zmEjPioKB",
"date":"2013-03-09 16:46:53"
},
{
"kids":[],
"uid":"1923773243",
"parent":"zmE3o6lVN",
"text":"较轻的强奸罪'''",
"mid":"zmEg5iKDc",
"date":"2013-03-09 16:37:38"
},
{
"kids":[],
"uid":"chengui5",
"parent":"zmDxJaWRS",
"text":"",
"mid":"zmEf971Yr",
"date":"2013-03-09 16:35:21"
},
{
"kids":[],
"uid":"2504112140",
"parent":"",
"text":"[吃惊][怒][抓狂]",
"mid":"zmEdwDxqu",
"date":"2013-03-09 16:31:23"
},
{
"kids":[],
"uid":"3197513494",
"parent":"zmE5s3GBm",
"text":"首恶不恶:",
"mid":"zmEcYmOgw",
"date":"2013-03-09 16:29:59"
},
{
"kids":[],
"uid":"1667562730",
"parent":"",
"text":"[围观]",
"mid":"zmEbS6YS9",
"date":"2013-03-09 16:27:18"
},
{
"kids":[],
"uid":"1998242927",
"parent":"",
"text":"「轮奸罪」、「法律大学」、「张爱国」、「76人律师团队」，造谣者用心险恶。",
"mid":"zmEaHojrx",
"date":"2013-03-09 16:24:23"
},
{
"kids":[
"zmEpOnYTV"
],
"uid":"207034591",
"parent":"zmE71z6d8",
"text":"",
"mid":"zmE89DnvI",
"date":"2013-03-09 16:18:09"
},
{
"kids":[],
"uid":"2449451767",
"parent":"zmDMem6w5",
"text":"法律大学为何物？张爱国何许人也？刑法只有强奸罪，而轮奸只是加重情节，是居于共同故意而无先后之分。法盲？",
"mid":"zmE7o3ZhR",
"date":"2013-03-09 16:16:15"
},
{
"kids":[
"zmE89DnvI"
],
"uid":"2818590415",
"parent":"zmDZNAJIb",
"text":"",
"mid":"zmE71z6d8",
"date":"2013-03-09 16:15:22"
},
{
"kids":[
"zmEcYmOgw"
],
"uid":"1287068621",
"parent":"zmE3o6lVN",
"text":"人民币有威力是巨大的，第一个不算轮，首恶不恶，哈哈，亏丫们还有脸说出来，天下无敌了！",
"mid":"zmE5s3GBm",
"date":"2013-03-09 16:11:29"
},
{
"kids":[
"zmEnyD1sa"
],
"uid":"hoppwu",
"parent":"zmE1Ry430",
"text":"恶心",
"mid":"zmE4PENLF",
"date":"2013-03-09 16:09:57"
},
{
"kids":[],
"uid":"209808989",
"parent":"zmDl69KeY",
"text":"",
"mid":"zmE4H6cm5",
"date":"2013-03-09 16:09:37"
},
{
"kids":[],
"uid":"2995089417",
"parent":"zmDxJaWRS",
"text":"mbD",
"mid":"zmE3DuiUI",
"date":"2013-03-09 16:07:01"
},
{
"kids":[
"zmEg5iKDc",
"zmE5s3GBm"
],
"uid":"haoranfilm",
"parent":"",
"text":"",
"mid":"zmE3o6lVN",
"date":"2013-03-09 16:06:24"
},
{
"kids":[],
"uid":"273975757",
"parent":"zmE1Ry430",
"text":"没有“头杆”，就不会有后来者，就不会发生轮奸。",
"mid":"zmE3dtyP4",
"date":"2013-03-09 16:05:59"
},
{
"kids":[],
"uid":"2387052532",
"parent":"zmE29hrSK",
"text":"法律有漏洞，才能钻空子。",
"mid":"zmE3daihV",
"date":"2013-03-09 16:05:58"
},
{
"kids":[
"zmEU5m0vc",
"zmElV1wlC",
"zmE3daihV"
],
"uid":"1944909895",
"parent":"zmDBPABYw",
"text":"打擦边球，钻法律的空子，这是律师们的拿手好戏。也是律师们挣黑钱的途径！！",
"mid":"zmE29hrSK",
"date":"2013-03-09 16:03:21"
},
{
"kids":[],
"uid":"2152878550",
"parent":"zmDmHEz5H",
"text":"",
"mid":"zmE1Zwet8",
"date":"2013-03-09 16:02:58"
},
{
"kids":[
"zmFV91sZf",
"zmE4PENLF",
"zmE3dtyP4"
],
"uid":"taojingfilm",
"parent":"zmDRMiFvT",
"text":"",
"mid":"zmE1Ry430",
"date":"2013-03-09 16:02:38"
},
{
"kids":[],
"uid":"1491572757",
"parent":"",
"text":"[围观]才知道，轮奸团伙中带头轮奸的属于强奸，后面跟进的强奸犯才算轮奸。——而且是知名教授在内的专家教授组成的律师团、法官们共同一致的观点的结论！",
"mid":"zmE1ctyEP",
"date":"2013-03-09 16:01:01"
},
{
"kids":[
"zmE71z6d8"
],
"uid":"1001733181",
"parent":"",
"text":"",
"mid":"zmDZNAJIb",
"date":"2013-03-09 15:57:32"
},
{
"kids":[],
"uid":"yudongss",
"parent":"zmDtofBb3",
"text":"这说明：干环事，也得抢第一啊！",
"mid":"zmDYdvmjd",
"date":"2013-03-09 15:53:38"
},
{
"kids":[
"zmIakhJ3N",
"zmEWwou49"
],
"uid":"kevin19820915",
"parent":"zmDX9i9GO",
"text":"第一个优势这么大[怒]",
"mid":"zmDXRDfiK",
"date":"2013-03-09 15:52:48"
},
{
"kids":[
"zmDXRDfiK"
],
"uid":"nicowang76",
"parent":"",
"text":"[弱][弱][弱]",
"mid":"zmDX9i9GO",
"date":"2013-03-09 15:51:01"
},
{
"kids":[
"zmEK9zXkv"
],
"uid":"zgp8899",
"parent":"",
"text":"第一个与被害女子发生性侵犯关系的人不算轮奸吗？哪条法侓写的？[疑问]",
"mid":"zmDWfsGyt",
"date":"2013-03-09 15:48:48"
},
{
"kids":[],
"uid":"2385763047",
"parent":"",
"text":"李再牛逼也不会给儿子请76人的律师团，你当黑社会老大收审啊！",
"mid":"zmDTVj0yD",
"date":"2013-03-09 15:43:05"
},
{
"kids":[],
"uid":"2426821877",
"parent":"",
"text":"第一个与被害女子发生性关系，不构成轮奸罪?律师，你真厉害!",
"mid":"zmDTgcTcO",
"date":"2013-03-09 15:41:27"
},
{
"kids":[
"zmEE57PgB",
"zmE1Ry430"
],
"uid":"zhouyanming",
"parent":"zmDBb6LeK",
"text":"七月的解释经典，该写入教科书",
"mid":"zmDRMiFvT",
"date":"2013-03-09 15:37:47"
},
{
"kids":[],
"uid":"carryfong",
"parent":"",
"text":"所以说，争第一很重要。",
"mid":"zmDPMuO4T",
"date":"2013-03-09 15:32:54"
},
{
"kids":[],
"uid":"zhezhuzhu",
"parent":"zmDHQbc63",
"text":"這還有術語哦啊我ca",
"mid":"zmDPxpiup",
"date":"2013-03-09 15:32:16"
},
{
"kids":[],
"uid":"wenyun",
"parent":"zmDzey95k",
"text":"",
"mid":"zmDPoAgpQ",
"date":"2013-03-09 15:31:54"
},
{
"kids":[],
"uid":"2730051895",
"parent":"zmDmHEz5H",
"text":"",
"mid":"zmDPmb5eq",
"date":"2013-03-09 15:31:49"
},
{
"kids":[],
"uid":"xwcbyurenfei",
"parent":"zmDMem6w5",
"text":"这条微博也太假了吧！中国刑法压根就没有轮奸罪！造谣先请提高自己的文化水平[弱]",
"mid":"zmDOrcq0u",
"date":"2013-03-09 15:29:34"
},
{
"kids":[],
"uid":"1001733181",
"parent":"",
"text":"",
"mid":"zmDOlg6TQ",
"date":"2013-03-09 15:29:20"
},
{
"kids":[],
"uid":"2793821543",
"parent":"",
"text":"无耻极点@LeleK_Action:",
"mid":"zmDMKgobm",
"date":"2013-03-09 15:25:24"
},
{
"kids":[
"zmE7o3ZhR",
"zmDOrcq0u"
],
"uid":"1911542240",
"parent":"",
"text":"新浪必须出台更有力处罚谣言传播者的措施和出台更强大的辟谣办法，否则微博走不远！！！",
"mid":"zmDMem6w5",
"date":"2013-03-09 15:24:06"
},
{
"kids":[],
"uid":"1497270807",
"parent":"zmDmHEz5H",
"text":"轮奸中国民心！",
"mid":"zmDM7yc3x",
"date":"2013-03-09 15:23:50"
},
{
"kids":[],
"uid":"2596904647",
"parent":"",
"text":"带套就什么都不算了",
"mid":"zmDM7ejCD",
"date":"2013-03-09 15:23:51"
},
{
"kids":[
"zmEoaqUTi"
],
"uid":"570692926",
"parent":"",
"text":"76人的律师团，好大的阵势。不知要花费多少钱雇佣。李双江真有钱！",
"mid":"zmDJKFsbf",
"date":"2013-03-09 15:18:02"
},
{
"kids":[],
"uid":"3003286597",
"parent":"zmDtofBb3",
"text":"@作家岳南:",
"mid":"zmDJ5maXp",
"date":"2013-03-09 15:16:24"
},
{
"kids":[
"zmFw3gjrH",
"zmF5aFLax",
"zmDPxpiup"
],
"uid":"1860732062",
"parent":"zmDBb6LeK",
"text":"",
"mid":"zmDHQbc63",
"date":"2013-03-09 15:13:19"
},
{
"kids":[],
"uid":"2111334471",
"parent":"zmDBb6LeK",
"text":"",
"mid":"zmDGhyO8t",
"date":"2013-03-09 15:09:29"
},
{
"kids":[],
"uid":"1853115873",
"parent":"zmDBPAC5o",
"text":"",
"mid":"zmDFPcQlp",
"date":"2013-03-09 15:08:20"
},
{
"kids":[],
"uid":"1741835272",
"parent":"zmDAdp44n",
"text":"难道轮不是从第一个开是么。。。我去牛逼啊这语文学的！",
"mid":"zmDFlD38O",
"date":"2013-03-09 15:07:11"
},
{
"kids":[],
"uid":"1819290493",
"parent":"",
"text":"钻空子吧",
"mid":"zmDFey6t3",
"date":"2013-03-09 15:06:52"
},
{
"kids":[],
"uid":"1954995465",
"parent":"zmDAI8C7f",
"text":"阵势够强大的，76人的律师团队，这是普通百姓办不到的。说到底还是不知悔还在纵容，意思是第一个冲锋打前站算是强奸，倒是有理了啊！你李将军真是牛逼大了哈！[怒]",
"mid":"zmDEdjkWP",
"date":"2013-03-09 15:04:22"
},
{
"kids":[],
"uid":"harlemyin",
"parent":"zmDxN1vUJ",
"text":"都不看一下相关法条么？本来就只有强奸罪，没有单独的轮奸罪，轮奸属于强奸罪的一种，强奸罪内规定了强奸罪的加重情节：④二人以上轮奸。批捕肯定是走有法条的，怎么可能搞个不存在的轮奸罪批捕。搞笑的是凤凰网自己的两条新闻自相矛盾http:",
"mid":"zmDD0fONO",
"date":"2013-03-09 15:01:22"
},
{
"kids":[],
"uid":"1832866391",
"parent":"zmDxJaWRS",
"text":"是不是真的信息",
"mid":"zmDCpCIGT",
"date":"2013-03-09 14:59:57"
},
{
"kids":[
"zmDFPcQlp"
],
"uid":"620128750",
"parent":"",
"text":"谁第二，三，四？",
"mid":"zmDBPAC5o",
"date":"2013-03-09 14:58:30"
},
{
"kids":[
"zmE29hrSK"
],
"uid":"2387052532",
"parent":"",
"text":"还有这样的[吃惊][吃惊][吃惊]",
"mid":"zmDBPABYw",
"date":"2013-03-09 14:58:31"
},
{
"kids":[],
"uid":"1911298397",
"parent":"zmDya2PQS",
"text":"",
"mid":"zmDBoEsBu",
"date":"2013-03-09 14:57:25"
},
{
"kids":[
"zmDRMiFvT",
"zmDHQbc63",
"zmDGhyO8t"
],
"uid":"1646284441",
"parent":"zmDtofBb3",
"text":"文革前轮奸量刑“头杆”（第一个）和“刷锅”（最后一个）算重罪，基本是枪毙。因“头杆”最先动手，是首罪。",
"mid":"zmDBb6LeK",
"date":"2013-03-09 14:56:54"
},
{
"kids":[
"zmDEdjkWP"
],
"uid":"rainbow4ever",
"parent":"zmDAdp44n",
"text":"到位！",
"mid":"zmDAI8C7f",
"date":"2013-03-09 14:55:45"
},
{
"kids":[],
"uid":"1881337561",
"parent":"",
"text":"[围观]",
"mid":"zmDAssKvg",
"date":"2013-03-09 14:55:08"
},
{
"kids":[
"zmDFlD38O",
"zmDAI8C7f"
],
"uid":"1852586771",
"parent":"zmDvQpDgi",
"text":"轮奸需谨慎、顺序很重要、爱他就让他第一个轮了你",
"mid":"zmDAdp44n",
"date":"2013-03-09 14:54:32"
},
{
"kids":[],
"uid":"jgjfbl",
"parent":"zmDya2PQS",
"text":"费这事儿，还费律师团的劲儿，直接找医院开个证明，说李天一不具备xx能力，当时只是围观不就得了~",
"mid":"zmDA6j2bT",
"date":"2013-03-09 14:54:15"
},
{
"kids":[
"zmEGmld6C"
],
"uid":"trainerliu",
"parent":"zmDuiFVZV",
"text":"神马TMD法律啊？神马TMD律师啊？",
"mid":"zmDA4x5Hd",
"date":"2013-03-09 14:54:10"
},
{
"kids":[],
"uid":"2629055603",
"parent":"zmDyN3NOH",
"text":"不想说什么",
"mid":"zmDzmd7Bi",
"date":"2013-03-09 14:52:25"
},
{
"kids":[
"zmDPoAgpQ"
],
"uid":"2684092253",
"parent":"",
"text":"法律不是儿戏，不能应人而异！当然我认为大家不要再对李双江同志过多的伤害。毕竟案是儿子犯的，不必牵连太多。但对案子处理，不能削足适履！",
"mid":"zmDzey95k",
"date":"2013-03-09 14:52:06"
},
{
"kids":[],
"uid":"1949967431",
"parent":"zmDtofBb3",
"text":"为虎作伥",
"mid":"zmDzd45jD",
"date":"2013-03-09 14:52:03"
},
{
"kids":[],
"uid":"123840415",
"parent":"zmDxJaWRS",
"text":"第一个怎么好，尼玛",
"mid":"zmDzaompe",
"date":"2013-03-09 14:51:57"
},
{
"kids":[
"zmDzmd7Bi"
],
"uid":"2950076473",
"parent":"zmDxJaWRS",
"text":"试问，什么叫祸首？",
"mid":"zmDyN3NOH",
"date":"2013-03-09 14:51:01"
},
{
"kids":[
"zmDBoEsBu",
"zmDA6j2bT"
],
"uid":"2028226801",
"parent":"zmDxJaWRS",
"text":"[怒][怒][怒][怒][怒][怒][怒][怒][鄙视][鄙视][鄙视][鄙视][鄙视][鄙视][鄙视]",
"mid":"zmDya2PQS",
"date":"2013-03-09 14:49:27"
},
{
"kids":[
"zmDD0fONO"
],
"uid":"ihahe",
"parent":"zmDxotFEG",
"text":"不如我们把李天一论奸下",
"mid":"zmDxN1vUJ",
"date":"2013-03-09 14:48:33"
},
{
"kids":[
"zmFn6ke0u",
"zmEqszfHZ",
"zmEf971Yr",
"zmE3DuiUI",
"zmDCpCIGT",
"zmDzaompe",
"zmDyN3NOH",
"zmDya2PQS"
],
"uid":"laowangshuofang",
"parent":"",
"text":"那以后都第一个来吧！[哈哈]",
"mid":"zmDxJaWRS",
"date":"2013-03-09 14:48:24"
},
{
"kids":[
"zmDxN1vUJ"
],
"uid":"ihahe",
"parent":"zmDurgjlU",
"text":"回复@MagicNight午夜幽冥:我想强奸那些律师",
"mid":"zmDxotFEG",
"date":"2013-03-09 14:47:33"
},
{
"kids":[],
"uid":"1691949384",
"parent":"",
"text":"他是首恶、首犯，没有这一恶劣行径，也许就没有后面的事情。",
"mid":"zmDwu1Hng",
"date":"2013-03-09 14:45:18"
},
{
"kids":[
"zmDAdp44n"
],
"uid":"rainbow4ever",
"parent":"",
"text":"[吃惊]",
"mid":"zmDvQpDgi",
"date":"2013-03-09 14:43:46"
},
{
"kids":[],
"uid":"reecoba",
"parent":"",
"text":"很费解！要是围城一圈不知道谁是第一个就都无罪了么",
"mid":"zmDvQ821C",
"date":"2013-03-09 14:43:44"
},
{
"kids":[],
"uid":"1612835454",
"parent":"zmDtofBb3",
"text":"@潘羽123: 兄弟快删了，我那@潘羽V 的帐号都被禁了",
"mid":"zmDvJ4bar",
"date":"2013-03-09 14:43:26"
},
{
"kids":[],
"uid":"1494872175",
"parent":"zmDtofBb3",
"text":"看来好多日本鬼子被我们错怪了",
"mid":"zmDv12lre",
"date":"2013-03-09 14:41:41"
},
{
"kids":[
"zmDxotFEG"
],
"uid":"ihahe",
"parent":"",
"text":"据说鸡奸男人无判例，把这些男人鸡奸了",
"mid":"zmDurgjlU",
"date":"2013-03-09 14:40:18"
},
{
"kids":[
"zmDA4x5Hd"
],
"uid":"tmsmf",
"parent":"zmDtofBb3",
"text":"",
"mid":"zmDuiFVZV",
"date":"2013-03-09 14:39:56"
},
{
"kids":[],
"uid":"206719195",
"parent":"zmDtofBb3",
"text":"兄弟快删了，我那@潘羽V 的帐号都被禁了",
"mid":"zmDu3CfvT",
"date":"2013-03-09 14:39:22"
},
{
"kids":[],
"uid":"526507123",
"parent":"",
"text":"玛丽个逼，糊弄谁？",
"mid":"zmDu1gz8j",
"date":"2013-03-09 14:39:16"
},
{
"kids":[],
"uid":"1767700467",
"parent":"",
"text":"",
"mid":"zmDu0EVmw",
"date":"2013-03-09 14:39:13"
},
{
"kids":[
"zmEuT7F43"
],
"uid":"1752384190",
"parent":"",
"text":"还有这说法，轮奸罪还有排名先后",
"mid":"zmDtohN2b",
"date":"2013-03-09 14:37:42"
},
{
"kids":[
"zmERu4vL5",
"zmEkzDFXl",
"zmDYdvmjd",
"zmDJ5maXp",
"zmDBb6LeK",
"zmDzd45jD",
"zmDvJ4bar",
"zmDv12lre",
"zmDuiFVZV",
"zmDu3CfvT"
],
"uid":"yuenanblog",
"parent":"",
"text":"",
"mid":"zmDtofBb3",
"date":"2013-03-09 14:37:43"
},
{
"kids":[],
"uid":"3210766764",
"parent":"",
"text":"",
"mid":"zmDsq0kNd",
"date":"2013-03-09 14:35:19"
},
{
"kids":[],
"uid":"1889282022",
"parent":"zmDmHEz5H",
"text":"受教了，什么都要争第一！",
"mid":"zmDrmpfNP",
"date":"2013-03-09 14:32:42"
},
{
"kids":[],
"uid":"1729952163",
"parent":"zmDmHEz5H",
"text":"",
"mid":"zmDpg7beP",
"date":"2013-03-09 14:27:30"
},
{
"kids":[],
"uid":"1830734143",
"parent":"zmDmHEz5H",
"text":"岂有此理[怒][怒][怒][怒][怒][怒][怒][怒]",
"mid":"zmDp3neUx",
"date":"2013-03-09 14:27:00"
},
{
"kids":[],
"uid":"2607473423",
"parent":"",
"text":"呵呵@全球震精视频 @琥珀雕纹 @寵愛苗",
"mid":"zmDmOcudE",
"date":"2013-03-09 14:21:31"
},
{
"kids":[
"zmKqKnIW9",
"zmE1Zwet8",
"zmDPmb5eq",
"zmDM7yc3x",
"zmDrmpfNP",
"zmDpg7beP",
"zmDp3neUx"
],
"uid":"2006118263",
"parent":"",
"text":"76人律师团领队，好大的气势！[弱]",
"mid":"zmDmHEz5H",
"date":"2013-03-09 14:21:15"
},
{
"kids":[
"zmEsMsXUc",
"zmE4H6cm5"
],
"uid":"1561979683",
"parent":"",
"text":"",
"mid":"zmDl69KeY",
"date":"2013-03-09 14:17:16"
}
]