[
{
"kids":[],
"uid":"2660787421",
"parent":"zvsFF7cwk",
"text":"壮哉我大天朝，您幸福吗？",
"mid":"zw7btF3uL",
"date":"2013-05-10 22:48:44"
},
{
"kids":[],
"uid":"2713388140",
"parent":"zvvEU3dxt",
"text":"这就是天朝 ，下面还说，这是不实消息，谁信？",
"mid":"zvSpYlDvn",
"date":"2013-05-09 09:13:13"
},
{
"kids":[],
"uid":"cocoacandy",
"parent":"zvCU6oVnO",
"text":"",
"mid":"zvKmFqwYr",
"date":"2013-05-08 12:43:06"
},
{
"kids":[],
"uid":"1973444177",
"parent":"zvsXsucgf",
"text":"呵呵，假新闻！真无聊！",
"mid":"zvKl1sF43",
"date":"2013-05-08 12:39:03"
},
{
"kids":[],
"uid":"1835459300",
"parent":"",
"text":"",
"mid":"zvKeNx6yw",
"date":"2013-05-08 12:23:43"
},
{
"kids":[],
"uid":"2144706632",
"parent":"zvx4cfaU3",
"text":"我都哭了。深深的无力感。",
"mid":"zvJ5ixfMd",
"date":"2013-05-08 09:27:35"
},
{
"kids":[
"zvKmFqwYr"
],
"uid":"1865491323",
"parent":"zvyA7sGBv",
"text":"",
"mid":"zvCU6oVnO",
"date":"2013-05-07 17:43:29"
},
{
"kids":[],
"uid":"pucca222",
"parent":"zvx4cfaU3",
"text":"悲",
"mid":"zvC8S75CL",
"date":"2013-05-07 15:47:10"
},
{
"kids":[],
"uid":"1740577083",
"parent":"",
"text":"",
"mid":"zvC1mptWj",
"date":"2013-05-07 15:28:39"
},
{
"kids":[],
"uid":"2631064382",
"parent":"zvwnQtQD8",
"text":"",
"mid":"zvBWN22ou",
"date":"2013-05-07 15:17:21"
},
{
"kids":[],
"uid":"2338280427",
"parent":"zvypw0vs7",
"text":"曾经农民以进城为荣，现在即使他们在城里有房、工作、子女上学，也不愿拥有城市户口；他们的土地不种也会收到补贴、等到开发按人头又会收入一大笔。城里下岗工重又面对择业，新形式下他们的选择很少，和农民比起来真叫一无所有，又生活于高物价的城区，生活压力倍重，这是当下城里人的悲哀，没有退路。",
"mid":"zvBLR9Ci3",
"date":"2013-05-07 14:50:26"
},
{
"kids":[],
"uid":"1412356395",
"parent":"",
"text":"",
"mid":"zvBqwwkaq",
"date":"2013-05-07 13:57:53"
},
{
"kids":[],
"uid":"cupmlt",
"parent":"zvAp9DKPT",
"text":"",
"mid":"zvB4tAopb",
"date":"2013-05-07 13:03:34"
},
{
"kids":[],
"uid":"1752995737",
"parent":"",
"text":"",
"mid":"zvB4tiN4q",
"date":"2013-05-07 13:03:34"
},
{
"kids":[],
"uid":"1918559862",
"parent":"zvwq28R32",
"text":"悲惨中国",
"mid":"zvB0lnXgs",
"date":"2013-05-07 12:53:24"
},
{
"kids":[],
"uid":"2843815137",
"parent":"",
"text":"",
"mid":"zvAVB5RVM",
"date":"2013-05-07 12:41:40"
},
{
"kids":[],
"uid":"3103191533",
"parent":"zvx4cfaU3",
"text":"",
"mid":"zvASOvQBm",
"date":"2013-05-07 12:34:51"
},
{
"kids":[],
"uid":"2341181803",
"parent":"zvwrudM3J",
"text":"",
"mid":"zvAPVtr7Y",
"date":"2013-05-07 12:27:43"
},
{
"kids":[],
"uid":"2625236374",
"parent":"",
"text":"痛心！",
"mid":"zvAP1m4Iv",
"date":"2013-05-07 12:25:31"
},
{
"kids":[],
"uid":"2624353014",
"parent":"",
"text":"#热门微博# http:",
"mid":"zvAzxzHD7",
"date":"2013-05-07 11:47:21"
},
{
"kids":[],
"uid":"1409801674",
"parent":"",
"text":"什么时候揭竿起义啊",
"mid":"zvAtBp9vb",
"date":"2013-05-07 11:32:44"
},
{
"kids":[
"zvB4tAopb"
],
"uid":"maoliquncn",
"parent":"",
"text":"",
"mid":"zvAp9DKPT",
"date":"2013-05-07 11:21:47"
},
{
"kids":[],
"uid":"1837148153",
"parent":"",
"text":"#热门微博# http:",
"mid":"zvAnnurk3",
"date":"2013-05-07 11:17:23"
},
{
"kids":[],
"uid":"1888799251",
"parent":"zvwnQtQD8",
"text":"钢筋水泥的时代，必然一副钢筋水泥的心肠",
"mid":"zvAiDbFjd",
"date":"2013-05-07 11:05:42"
},
{
"kids":[],
"uid":"2841236364",
"parent":"",
"text":"#热门微博# http:",
"mid":"zvAf6vZ2f",
"date":"2013-05-07 10:57:00"
},
{
"kids":[],
"uid":"2157137564",
"parent":"",
"text":"悲惨",
"mid":"zvAdgrtnE",
"date":"2013-05-07 10:52:28"
},
{
"kids":[],
"uid":"1905646775",
"parent":"zvzMawcoR",
"text":"",
"mid":"zvA1IbR8B",
"date":"2013-05-07 10:23:59"
},
{
"kids":[],
"uid":"1778034737",
"parent":"zvzzO498g",
"text":"",
"mid":"zvzPWAZZo",
"date":"2013-05-07 09:55:01"
},
{
"kids":[],
"uid":"2706026372",
"parent":"zvx4Zilng",
"text":"[蜡烛]",
"mid":"zvzONn2D9",
"date":"2013-05-07 09:52:12"
},
{
"kids":[],
"uid":"2335523341",
"parent":"zvzMawcoR",
"text":"社会。。。。",
"mid":"zvzO1v6ie",
"date":"2013-05-07 09:50:18"
},
{
"kids":[
"zvA1IbR8B",
"zvzO1v6ie"
],
"uid":"2665652155",
"parent":"zvypw0vs7",
"text":"",
"mid":"zvzMawcoR",
"date":"2013-05-07 09:45:43"
},
{
"kids":[],
"uid":"1868827923",
"parent":"zvx4cfaU3",
"text":"",
"mid":"zvzHxCFGh",
"date":"2013-05-07 09:34:20"
},
{
"kids":[],
"uid":"1400175333",
"parent":"zvzzO498g",
"text":"可是没钱怎么去新西兰啊[汗]",
"mid":"zvzEzhdmL",
"date":"2013-05-07 09:26:59"
},
{
"kids":[],
"uid":"revolutions",
"parent":"zvzuJkDLU",
"text":"",
"mid":"zvzC2CXbm",
"date":"2013-05-07 09:20:47"
},
{
"kids":[],
"uid":"1827099387",
"parent":"zvx4cfaU3",
"text":"",
"mid":"zvzAkwX0h",
"date":"2013-05-07 09:16:34"
},
{
"kids":[
"zvzPWAZZo",
"zvzEzhdmL"
],
"uid":"smileontheroad",
"parent":"",
"text":"在新西兰，只要你愿意付出劳动，可以有尊严的生活下去。去咖啡馆做服务，去建筑工地做小工，哪怕没技术，凭劳力，基本生活不成问题，也没有人看不起你。",
"mid":"zvzzO498g",
"date":"2013-05-07 09:15:15"
},
{
"kids":[],
"uid":"anniexx",
"parent":"zvx4cfaU3",
"text":"腐败的麻木[汗][怒]",
"mid":"zvzz87kic",
"date":"2013-05-07 09:13:35"
},
{
"kids":[],
"uid":"3122463773",
"parent":"",
"text":"痛心啊，还留下了可怜的孩子[泪]",
"mid":"zvzxhpucd",
"date":"2013-05-07 09:09:03"
},
{
"kids":[
"zvzC2CXbm"
],
"uid":"1272019791",
"parent":"zvwrudM3J",
"text":"",
"mid":"zvzuJkDLU",
"date":"2013-05-07 09:02:45"
},
{
"kids":[],
"uid":"2098828073",
"parent":"zvzrbeLZU",
"text":"",
"mid":"zvztjyt6M",
"date":"2013-05-07 08:59:17"
},
{
"kids":[],
"uid":"11du",
"parent":"",
"text":"",
"mid":"zvzsGhbNT",
"date":"2013-05-07 08:57:43"
},
{
"kids":[],
"uid":"2885041054",
"parent":"",
"text":"......",
"mid":"zvzrCb1sm",
"date":"2013-05-07 08:55:03"
},
{
"kids":[],
"uid":"2569614232",
"parent":"zvznVnYn0",
"text":"",
"mid":"zvzrppNOK",
"date":"2013-05-07 08:54:35"
},
{
"kids":[
"zvztjyt6M"
],
"uid":"zhk411",
"parent":"zvznVnYn0",
"text":"",
"mid":"zvzrbeLZU",
"date":"2013-05-07 08:54:01"
},
{
"kids":[
"zvzrppNOK",
"zvzrbeLZU"
],
"uid":"2043307513",
"parent":"zvzlP4Q7c",
"text":"四川自贡?",
"mid":"zvznVnYn0",
"date":"2013-05-07 08:46:00"
},
{
"kids":[
"zvznVnYn0"
],
"uid":"2792994954",
"parent":"zvzj4jnxa",
"text":"惨绝",
"mid":"zvzlP4Q7c",
"date":"2013-05-07 08:40:49"
},
{
"kids":[
"zvzlP4Q7c"
],
"uid":"dongpingvision",
"parent":"",
"text":"城市下岗者、体制外无固定收入者的生活无比艰难~",
"mid":"zvzj4jnxa",
"date":"2013-05-07 08:34:00"
},
{
"kids":[],
"uid":"heavyrainnn",
"parent":"zvx4cfaU3",
"text":"",
"mid":"zvz6c8xW6",
"date":"2013-05-07 08:02:19"
},
{
"kids":[],
"uid":"1658240560",
"parent":"",
"text":"心里难受",
"mid":"zvz1Wg39D",
"date":"2013-05-07 07:51:50"
},
{
"kids":[],
"uid":"zjnbbl",
"parent":"",
"text":"呜呼",
"mid":"zvyZD02w1",
"date":"2013-05-07 07:46:08"
},
{
"kids":[],
"uid":"3039514167",
"parent":"",
"text":"",
"mid":"zvyUA576R",
"date":"2013-05-07 07:33:42"
},
{
"kids":[],
"uid":"dmkangta",
"parent":"",
"text":"这个GJ早已经癌症晚期。",
"mid":"zvyRnrCAs",
"date":"2013-05-07 07:25:49"
},
{
"kids":[],
"uid":"shaonianwuchou",
"parent":"",
"text":"",
"mid":"zvyQzdzt7",
"date":"2013-05-07 07:23:49"
},
{
"kids":[],
"uid":"tongqian525",
"parent":"zvyA7sGBv",
"text":"中国？梦",
"mid":"zvyPBg2f4",
"date":"2013-05-07 07:21:25"
},
{
"kids":[],
"uid":"3130930477",
"parent":"zvsPYyTAh",
"text":"",
"mid":"zvyPqzRgI",
"date":"2013-05-07 07:21:01"
},
{
"kids":[],
"uid":"1243864987",
"parent":"",
"text":"",
"mid":"zvyNTsvc1",
"date":"2013-05-07 07:17:14"
},
{
"kids":[],
"uid":"1952819331",
"parent":"zvyrIdYlt",
"text":"[蜡烛]",
"mid":"zvyMuCrHI",
"date":"2013-05-07 07:13:47"
},
{
"kids":[],
"uid":"2882341290",
"parent":"",
"text":"南山中学有块石头，巨石上写着中国梦，我觉得很蠢，但据说摸了它数学选择题百发百中，我觉得超级蠢，然后，我就去摸了",
"mid":"zvyFsrISf",
"date":"2013-05-07 06:56:27"
},
{
"kids":[],
"uid":"3281349881",
"parent":"zvyx72XZL",
"text":"无奈，我们的中国梦",
"mid":"zvyDtg9xt",
"date":"2013-05-07 06:51:34"
},
{
"kids":[
"zvCU6oVnO",
"zvyPBg2f4"
],
"uid":"zhangxinning",
"parent":"",
"text":"先感谢朱镕基让他们下岗吧",
"mid":"zvyA7sGBv",
"date":"2013-05-07 06:43:18"
},
{
"kids":[],
"uid":"1410400954",
"parent":"",
"text":"",
"mid":"zvyxz8MyD",
"date":"2013-05-07 06:36:59"
},
{
"kids":[
"zvyDtg9xt"
],
"uid":"eastzhouyoung",
"parent":"",
"text":"",
"mid":"zvyx72XZL",
"date":"2013-05-07 06:35:53"
},
{
"kids":[],
"uid":"1400534633",
"parent":"",
"text":"[蜡烛]",
"mid":"zvysv2rXh",
"date":"2013-05-07 06:24:31"
},
{
"kids":[
"zvyMuCrHI"
],
"uid":"adapink813",
"parent":"",
"text":"这个就是中国〜擦！",
"mid":"zvyrIdYlt",
"date":"2013-05-07 06:22:34"
},
{
"kids":[
"zvBLR9Ci3",
"zvzMawcoR"
],
"uid":"1737912690",
"parent":"zvwA1sncA",
"text":"城市贫民不如农民。农民至少有地，缺乏生活技能、年老体弱可回到农村过最简单的自给自足的生活，而年轻力壮时他们空置土地，大量涌入城市，剥夺了许多底层城市居民的工作机会。城市贫民面对农民工既无竞争力也无保障。在社会资源分配上，这也是种不公平",
"mid":"zvypw0vs7",
"date":"2013-05-07 06:17:10"
},
{
"kids":[],
"uid":"2413811997",
"parent":"",
"text":"一块名表救活一个家庭",
"mid":"zvxvV5yEA",
"date":"2013-05-07 04:00:12"
},
{
"kids":[],
"uid":"2140172192",
"parent":"",
"text":"小孩怎么办，那要有多大的心理阴影啊[蜡烛]",
"mid":"zvxuqDhXr",
"date":"2013-05-07 03:56:31"
},
{
"kids":[],
"uid":"2460565560",
"parent":"",
"text":"[泪][泪]",
"mid":"zvxqt6qm0",
"date":"2013-05-07 03:46:46"
},
{
"kids":[],
"uid":"luoxianya5",
"parent":"",
"text":"",
"mid":"zvxgwFxRQ",
"date":"2013-05-07 03:22:17"
},
{
"kids":[],
"uid":"2568201317",
"parent":"",
"text":"中国梦[泪]",
"mid":"zvxfoBSQX",
"date":"2013-05-07 03:19:30"
},
{
"kids":[],
"uid":"2346620635",
"parent":"",
"text":"",
"mid":"zvx7P7PgO",
"date":"2013-05-07 03:00:49"
},
{
"kids":[],
"uid":"sammi90",
"parent":"zvx4cfaU3",
"text":"中国政党如此黑暗、、",
"mid":"zvx748JrV",
"date":"2013-05-07 02:58:58"
},
{
"kids":[],
"uid":"3268317624",
"parent":"zvu43uoXZ",
"text":"",
"mid":"zvx5ZCpcX",
"date":"2013-05-07 02:56:19"
},
{
"kids":[
"zvzONn2D9"
],
"uid":"pengkailun",
"parent":"zvwATif5L",
"text":"其实很简单，社会既然这么公平，这么社会主义，怎么还有这种事？肯定是境外势力在搞鬼！",
"mid":"zvx4Zilng",
"date":"2013-05-07 02:53:50"
},
{
"kids":[
"zvJ5ixfMd",
"zvC8S75CL",
"zvASOvQBm",
"zvzHxCFGh",
"zvzAkwX0h",
"zvzz87kic",
"zvz6c8xW6",
"zvx748JrV"
],
"uid":"sammie225",
"parent":"",
"text":"我都哭了。深深的无力感。",
"mid":"zvx4cfaU3",
"date":"2013-05-07 02:51:54"
},
{
"kids":[],
"uid":"2727652475",
"parent":"",
"text":"哪里有梦",
"mid":"zvwTNbk3f",
"date":"2013-05-07 02:26:16"
},
{
"kids":[],
"uid":"2403726611",
"parent":"zvwjUnZiP",
"text":"",
"mid":"zvwNt5r8D",
"date":"2013-05-07 02:10:41"
},
{
"kids":[],
"uid":"2029861564",
"parent":"zvwq28R32",
"text":"",
"mid":"zvwGNFuKk",
"date":"2013-05-07 01:54:16"
},
{
"kids":[],
"uid":"piaoliupingjiang412",
"parent":"",
"text":"哎~",
"mid":"zvwGKa9Ou",
"date":"2013-05-07 01:54:07"
},
{
"kids":[],
"uid":"piaoliupingjiang412",
"parent":"",
"text":"ai",
"mid":"zvwGBgZYo",
"date":"2013-05-07 01:53:46"
},
{
"kids":[],
"uid":"2680294115",
"parent":"",
"text":"",
"mid":"zvwEXyTUo",
"date":"2013-05-07 01:49:44"
},
{
"kids":[],
"uid":"1687887421",
"parent":"",
"text":"已无底线！！！",
"mid":"zvwDLqTSe",
"date":"2013-05-07 01:46:47"
},
{
"kids":[
"zvx4Zilng"
],
"uid":"syaoru",
"parent":"",
"text":"为分田、为斗资本家、为给政府添堵，上上辈人养狼于室，终罹其祸！惨！",
"mid":"zvwATif5L",
"date":"2013-05-07 01:39:42"
},
{
"kids":[
"zvypw0vs7"
],
"uid":"2338280427",
"parent":"zvwxB4LD0",
"text":"[泪]",
"mid":"zvwA1sncA",
"date":"2013-05-07 01:37:34"
},
{
"kids":[],
"uid":"aaron1969",
"parent":"",
"text":"",
"mid":"zvwyeD9rb",
"date":"2013-05-07 01:33:10"
},
{
"kids":[
"zvwA1sncA"
],
"uid":"1106176627",
"parent":"zvwq28R32",
"text":"破碎了的中国梦",
"mid":"zvwxB4LD0",
"date":"2013-05-07 01:31:35"
},
{
"kids":[],
"uid":"1916496191",
"parent":"zvwrudM3J",
"text":"[泪][泪]",
"mid":"zvwx1jfD4",
"date":"2013-05-07 01:30:10"
},
{
"kids":[],
"uid":"2618979262",
"parent":"",
"text":"",
"mid":"zvww79dew",
"date":"2013-05-07 01:27:56"
},
{
"kids":[
"zvAPVtr7Y",
"zvzuJkDLU",
"zvwx1jfD4"
],
"uid":"wei1975",
"parent":"",
"text":"[蜡烛]",
"mid":"zvwrudM3J",
"date":"2013-05-07 01:16:32"
},
{
"kids":[],
"uid":"1055026532",
"parent":"",
"text":"我们需要:时间 地点 人物。",
"mid":"zvwqZghlc",
"date":"2013-05-07 01:15:18"
},
{
"kids":[
"zvB0lnXgs",
"zvwGNFuKk",
"zvwxB4LD0"
],
"uid":"huangxu1968",
"parent":"",
"text":"",
"mid":"zvwq28R32",
"date":"2013-05-07 01:12:57"
},
{
"kids":[],
"uid":"eshuyang",
"parent":"",
"text":"",
"mid":"zvwoS29EC",
"date":"2013-05-07 01:10:05"
},
{
"kids":[
"zvBWN22ou",
"zvAiDbFjd"
],
"uid":"shuwenfeng",
"parent":"",
"text":"",
"mid":"zvwnQtQD8",
"date":"2013-05-07 01:07:34"
},
{
"kids":[
"zvwNt5r8D"
],
"uid":"2746197375",
"parent":"",
"text":"[失望]",
"mid":"zvwjUnZiP",
"date":"2013-05-07 00:57:51"
},
{
"kids":[],
"uid":"2971213323",
"parent":"zvsWiou9x",
"text":"",
"mid":"zvwf7bIJG",
"date":"2013-05-07 00:46:04"
},
{
"kids":[],
"uid":"1158773491",
"parent":"",
"text":"",
"mid":"zvwboEctc",
"date":"2013-05-07 00:36:54"
},
{
"kids":[],
"uid":"2022510981",
"parent":"zvu7OBugF",
"text":"人心怎么了[害羞]",
"mid":"zvw02w8Ls",
"date":"2013-05-07 00:08:56"
},
{
"kids":[],
"uid":"monicalanniu",
"parent":"zvv1sfTRq",
"text":"欲哭无泪",
"mid":"zvvX8ybVO",
"date":"2013-05-07 00:01:47"
},
{
"kids":[],
"uid":"3043010903",
"parent":"",
"text":"这就是我们生活的社会，社会主义国家人民地位高",
"mid":"zvvO5nUbT",
"date":"2013-05-06 23:39:29"
},
{
"kids":[
"zvSpYlDvn"
],
"uid":"2473349025",
"parent":"",
"text":"这就是天朝",
"mid":"zvvEU3dxt",
"date":"2013-05-06 23:16:50"
},
{
"kids":[],
"uid":"2658744567",
"parent":"",
"text":"生活〜珍惜吧〜知足者长乐〜",
"mid":"zvvEeCVHs",
"date":"2013-05-06 23:15:12"
},
{
"kids":[],
"uid":"somebodyfaye",
"parent":"zvvp3bgLR",
"text":"太悲凉了，而且你点会失业…",
"mid":"zvvDFccdK",
"date":"2013-05-06 23:13:47"
},
{
"kids":[],
"uid":"3108418163",
"parent":"",
"text":"社会主义好呀，社会主义好…………唱着唱着落泪了",
"mid":"zvvCZtT6q",
"date":"2013-05-06 23:12:07"
},
{
"kids":[],
"uid":"2210365914",
"parent":"zvv1sfTRq",
"text":"[蜡烛][泪]",
"mid":"zvvx066BZ",
"date":"2013-05-06 22:57:23"
},
{
"kids":[],
"uid":"dragonaster",
"parent":"zvubb0EP6",
"text":"这世道……",
"mid":"zvvsKaSxd",
"date":"2013-05-06 22:46:52"
},
{
"kids":[
"zvvDFccdK"
],
"uid":"1914504765",
"parent":"",
"text":"等我失业后，研究麻辣烫",
"mid":"zvvp3bgLR",
"date":"2013-05-06 22:37:47"
},
{
"kids":[],
"uid":"2692655860",
"parent":"",
"text":"[抓狂]",
"mid":"zvvmRgNw7",
"date":"2013-05-06 22:32:23"
},
{
"kids":[],
"uid":"2565733030",
"parent":"zvu7OEjwt",
"text":"",
"mid":"zvvmMw61Y",
"date":"2013-05-06 22:32:09"
},
{
"kids":[],
"uid":"3375864064",
"parent":"zvviAc10E",
"text":"发生这样的事，惨不忍睹！[泪]",
"mid":"zvvm1xGOS",
"date":"2013-05-06 22:30:17"
},
{
"kids":[],
"uid":"1610816221",
"parent":"",
"text":"悲怆！[怒]",
"mid":"zvvkN0BVx",
"date":"2013-05-06 22:27:17"
},
{
"kids":[
"zvvm1xGOS"
],
"uid":"2198086311",
"parent":"zvtZn31as",
"text":"",
"mid":"zvviAc10E",
"date":"2013-05-06 22:21:51"
},
{
"kids":[],
"uid":"1712707663",
"parent":"zvuBxCk6V",
"text":"",
"mid":"zvvgnnpQs",
"date":"2013-05-06 22:16:22"
},
{
"kids":[],
"uid":"1978390050",
"parent":"",
"text":"[泪]",
"mid":"zvvez8bLA",
"date":"2013-05-06 22:11:57"
},
{
"kids":[],
"uid":"panyueyuan",
"parent":"",
"text":"这条消息让人有些疑惑：消息源是哪？发生在什么时候的事？当事人信息？5w几乎无一可考。这样痛心的事情，在如今的网络环境又岂是几个官员就能封得严丝合缝、连这几要素都不全的？",
"mid":"zvvaUdDX0",
"date":"2013-05-06 22:02:56"
},
{
"kids":[],
"uid":"lovelovemonica",
"parent":"",
"text":"妈的[怒]",
"mid":"zvvaF6PbZ",
"date":"2013-05-06 22:02:17"
},
{
"kids":[],
"uid":"3286468032",
"parent":"",
"text":"下岗工人的遗留问题得不到解决，这样的事会不断发生。这是一个值得执政者高度关注的群体。解决不好，他们突破道德底线在所难免。",
"mid":"zvv2Jo6dk",
"date":"2013-05-06 21:42:45"
},
{
"kids":[],
"uid":"3034387755",
"parent":"",
"text":"",
"mid":"zvv1z1am3",
"date":"2013-05-06 21:39:55"
},
{
"kids":[
"zvvX8ybVO",
"zvvx066BZ"
],
"uid":"2830695902",
"parent":"zvukuBDmL",
"text":"被生活所逼迫的无奈，可怎么也是宝贵的生命。可怜的两个孩子怎么办呢？",
"mid":"zvv1sfTRq",
"date":"2013-05-06 21:39:39"
},
{
"kids":[],
"uid":"3286468032",
"parent":"",
"text":"",
"mid":"zvuZXouEi",
"date":"2013-05-06 21:35:58"
},
{
"kids":[],
"uid":"1727840211",
"parent":"",
"text":"[蜡烛]",
"mid":"zvuYdic2S",
"date":"2013-05-06 21:31:37"
},
{
"kids":[],
"uid":"2157342211",
"parent":"",
"text":"[围观][围观][围观][围观][围观][围观][围观][围观][围观][围观][围观][围观][围观][围观][围观][围观][围观][围观][围观][围观]",
"mid":"zvuQY9Xfl",
"date":"2013-05-06 21:13:50"
},
{
"kids":[],
"uid":"2245035231",
"parent":"zvu004mrP",
"text":"他们永远的睡去了，有足够的时间去做中国梦了，走好，让我尊称你们一声公民",
"mid":"zvuLZ3pLQ",
"date":"2013-05-06 21:01:31"
},
{
"kids":[],
"uid":"2578296251",
"parent":"zvu7OEjwt",
"text":"/@网报文摘:",
"mid":"zvuLMDWtq",
"date":"2013-05-06 21:01:03"
},
{
"kids":[],
"uid":"2044766905",
"parent":"",
"text":"",
"mid":"zvuLMmkVB",
"date":"2013-05-06 21:01:02"
},
{
"kids":[],
"uid":"3279382715",
"parent":"",
"text":"",
"mid":"zvuKPeDMr",
"date":"2013-05-06 20:58:38"
},
{
"kids":[],
"uid":"iaeaix",
"parent":"",
"text":"不管干什么工作，两口子拼命工作养活不了一个家，这个国怎么谈有梦",
"mid":"zvuKvrEYE",
"date":"2013-05-06 20:57:54"
},
{
"kids":[],
"uid":"jollym",
"parent":"zvsRHx7dI",
"text":"逝者安息1",
"mid":"zvuJi6od4",
"date":"2013-05-06 20:54:51"
},
{
"kids":[],
"uid":"1246850644",
"parent":"zvu1CdH8P",
"text":"一声叹息",
"mid":"zvuJexpSF",
"date":"2013-05-06 20:54:45"
},
{
"kids":[],
"uid":"1627094751",
"parent":"",
"text":"",
"mid":"zvuGmlvaR",
"date":"2013-05-06 20:47:41"
},
{
"kids":[],
"uid":"3315069527",
"parent":"",
"text":"[泪]",
"mid":"zvuDvlO9n",
"date":"2013-05-06 20:40:39"
},
{
"kids":[],
"uid":"2710809037",
"parent":"zvuxCoKI6",
"text":"",
"mid":"zvuC4qIlu",
"date":"2013-05-06 20:37:06"
},
{
"kids":[
"zvvgnnpQs"
],
"uid":"2214914415",
"parent":"zvsPAm3LG",
"text":"这就是所谓的中国梦吗?敬请微博上的公知大腕们关注一下年逾中年失业下岗工人这个最最低层弱势群体，他们的生存状态惨不忍睹，作为微博名人关注他们也是你们应尽地社会责任和良知。@李承鹏 @于建嵘 @徐昕 @章诒和 @作家-天佑 @左小祖咒 @观点联播V @人民日报 @汉网",
"mid":"zvuBxCk6V",
"date":"2013-05-06 20:35:47"
},
{
"kids":[],
"uid":"xiwanghero2011",
"parent":"zvu7OEjwt",
"text":"",
"mid":"zvuAc2wU6",
"date":"2013-05-06 20:32:30"
},
{
"kids":[],
"uid":"1650081222",
"parent":"",
"text":"！",
"mid":"zvuz12BAq",
"date":"2013-05-06 20:29:32"
},
{
"kids":[],
"uid":"2639306151",
"parent":"zvtYDdlUH",
"text":"[怒]",
"mid":"zvuyMh1Lf",
"date":"2013-05-06 20:28:57"
},
{
"kids":[
"zvuC4qIlu"
],
"uid":"2281709490",
"parent":"",
"text":"???",
"mid":"zvuxCoKI6",
"date":"2013-05-06 20:26:06"
},
{
"kids":[],
"uid":"lesmao",
"parent":"zvu95heAl",
"text":"",
"mid":"zvux78rS4",
"date":"2013-05-06 20:24:54"
},
{
"kids":[],
"uid":"1649082197",
"parent":"",
"text":"人性泯灭",
"mid":"zvuwx6jab",
"date":"2013-05-06 20:23:26"
},
{
"kids":[],
"uid":"1243644480",
"parent":"",
"text":"",
"mid":"zvutfuOji",
"date":"2013-05-06 20:15:21"
},
{
"kids":[],
"uid":"1409823451",
"parent":"zvt0s4wPl",
"text":"哎",
"mid":"zvurbgfi9",
"date":"2013-05-06 20:10:16"
},
{
"kids":[],
"uid":"2026512741",
"parent":"",
"text":"",
"mid":"zvupQwdIh",
"date":"2013-05-06 20:06:57"
},
{
"kids":[
"zvv1sfTRq"
],
"uid":"2725467195",
"parent":"",
"text":"",
"mid":"zvukuBDmL",
"date":"2013-05-06 19:53:47"
},
{
"kids":[],
"uid":"1687830615",
"parent":"zvsXsucgf",
"text":"现在感觉这是不太可能发生的事情。现在很多事情都找不到人做，勤俭一点，养个家应该没有问题的",
"mid":"zvujBF3Ey",
"date":"2013-05-06 19:51:36"
},
{
"kids":[],
"uid":"2297322542",
"parent":"",
"text":"痛恨这个政府   谁执政也没好了",
"mid":"zvuhAmTWD",
"date":"2013-05-06 19:46:37"
},
{
"kids":[],
"uid":"1152524527",
"parent":"",
"text":"",
"mid":"zvugMsD1O",
"date":"2013-05-06 19:44:39"
},
{
"kids":[],
"uid":"2026563993",
"parent":"zvu7OEjwt",
"text":"这个社会只能靠头脑，辛勤劳动的劳动人民只能拼命向温饱努力",
"mid":"zvufWbFx4",
"date":"2013-05-06 19:42:34"
},
{
"kids":[],
"uid":"2290459903",
"parent":"",
"text":"",
"mid":"zvueOqlXq",
"date":"2013-05-06 19:39:46"
},
{
"kids":[],
"uid":"nigelhhl",
"parent":"",
"text":"[泪]",
"mid":"zvueKzoYw",
"date":"2013-05-06 19:39:40"
},
{
"kids":[],
"uid":"3218155962",
"parent":"",
"text":"好领导",
"mid":"zvuepBSnJ",
"date":"2013-05-06 19:38:50"
},
{
"kids":[],
"uid":"1986800740",
"parent":"",
"text":"年迈的父母怎么办？幼小的孩子怎么办？这个世界上，很多人都会遭遇N个自杀的理由，但很多人都选择坚强地活下来了。为什么？因为生命是宝贵的，人生的责任和义务也是重大的。。。。",
"mid":"zvue0amiU",
"date":"2013-05-06 19:37:49"
},
{
"kids":[],
"uid":"2636536853",
"parent":"",
"text":"",
"mid":"zvudz3lwZ",
"date":"2013-05-06 19:36:43"
},
{
"kids":[],
"uid":"515484234",
"parent":"",
"text":"我想这也可以解释这两天毒姜的原因，因为农民、下岗职工等低收入群体养活不了自己，当人最基本的生存权都被剥夺的时候，种个毒姜，卖个死猪肉还怕甚！费孝通曾说“任何问题都是社会问题”，恐怕这些问题的解决更需要一个健康系统的体制去解决，而不是头痛医通、脚疼医脚！愿天堂能实现他们的中国梦！",
"mid":"zvucbivWx",
"date":"2013-05-06 19:33:19"
},
{
"kids":[],
"uid":"345885316",
"parent":"",
"text":"",
"mid":"zvuboghQL",
"date":"2013-05-06 19:31:21"
},
{
"kids":[
"zvvsKaSxd"
],
"uid":"3154542735",
"parent":"",
"text":"[泪][泪]可笑的中国梦",
"mid":"zvubb0EP6",
"date":"2013-05-06 19:30:51"
},
{
"kids":[],
"uid":"2998865087",
"parent":"",
"text":"国家利益应该向人民利益低头！",
"mid":"zvubalpr8",
"date":"2013-05-06 19:30:50"
},
{
"kids":[],
"uid":"3074948434",
"parent":"",
"text":"",
"mid":"zvuaEqq4K",
"date":"2013-05-06 19:29:34"
},
{
"kids":[],
"uid":"3237083314",
"parent":"",
"text":"天朝，对民狗屁制度高于一切，对官没有任何狗屁制度。",
"mid":"zvualyv1m",
"date":"2013-05-06 19:28:48"
},
{
"kids":[],
"uid":"tom92317",
"parent":"",
"text":"",
"mid":"zvua9oFTI",
"date":"2013-05-06 19:28:20"
},
{
"kids":[],
"uid":"1638358541",
"parent":"",
"text":"求证！证实了又如何？对党和政府很失望。",
"mid":"zvua8yhyG",
"date":"2013-05-06 19:28:17"
},
{
"kids":[],
"uid":"3222726924",
"parent":"",
"text":"[泪][泪]",
"mid":"zvu9Dy220",
"date":"2013-05-06 19:27:03"
},
{
"kids":[],
"uid":"chenshenguou",
"parent":"zvu43uoXZ",
"text":"",
"mid":"zvu9rr4s2",
"date":"2013-05-06 19:26:35"
},
{
"kids":[
"zvux78rS4"
],
"uid":"jsbcldyx",
"parent":"",
"text":"还是那句话，没有共产党就没有新中国",
"mid":"zvu95heAl",
"date":"2013-05-06 19:25:42"
},
{
"kids":[],
"uid":"3091731047",
"parent":"",
"text":"有谁关心老百姓的死活?/",
"mid":"zvu93a1EV",
"date":"2013-05-06 19:25:36"
},
{
"kids":[],
"uid":"1907856263",
"parent":"zvu8uzjnx",
"text":"",
"mid":"zvu8Q9RsT",
"date":"2013-05-06 19:25:07"
},
{
"kids":[
"zvu8Q9RsT"
],
"uid":"1777287711",
"parent":"zvu6WyeG6",
"text":"[泪]",
"mid":"zvu8uzjnx",
"date":"2013-05-06 19:24:14"
},
{
"kids":[],
"uid":"1320052237",
"parent":"",
"text":"[蜡烛]虽然忍住了没骂出口，但其实心里早骂了千遍万遍！还是修养不到家啊——",
"mid":"zvu89AoIq",
"date":"2013-05-06 19:23:25"
},
{
"kids":[
"zvvmMw61Y",
"zvuLMDWtq",
"zvuAc2wU6",
"zvufWbFx4"
],
"uid":"316494555",
"parent":"zvu2hA2ds",
"text":"",
"mid":"zvu7OEjwt",
"date":"2013-05-06 19:22:35"
},
{
"kids":[
"zvw02w8Ls"
],
"uid":"leenwong",
"parent":"",
"text":"[生病][生病][生病]",
"mid":"zvu7OBugF",
"date":"2013-05-06 19:22:36"
},
{
"kids":[],
"uid":"2579745755",
"parent":"zvtCR9PuJ",
"text":"如果穷人阶层无法通过自身努力争取幸福，我觉的这应该是中国社会的悲哀[汗]",
"mid":"zvu79fiPZ",
"date":"2013-05-06 19:20:56"
},
{
"kids":[
"zvu8uzjnx"
],
"uid":"1254437174",
"parent":"",
"text":"",
"mid":"zvu6WyeG6",
"date":"2013-05-06 19:20:26"
},
{
"kids":[],
"uid":"1314365000",
"parent":"",
"text":"女记者的良知还在",
"mid":"zvu6k9o3C",
"date":"2013-05-06 19:18:52"
},
{
"kids":[],
"uid":"1950589654",
"parent":"zvtZY0gyv",
"text":"新闻联播每天漏脸的大人们，干嘛呢",
"mid":"zvu6egN5I",
"date":"2013-05-06 19:18:40"
},
{
"kids":[],
"uid":"3048772911",
"parent":"",
"text":"中国梦！",
"mid":"zvu6bhoH8",
"date":"2013-05-06 19:18:30"
},
{
"kids":[],
"uid":"1931142384",
"parent":"",
"text":"只能说中国梦，毕竟只是个梦",
"mid":"zvu68BgLL",
"date":"2013-05-06 19:18:26"
},
{
"kids":[],
"uid":"2079579537",
"parent":"",
"text":"这是真的吗，这么繁荣富强国家还有这事发生吗",
"mid":"zvu5Ow0s4",
"date":"2013-05-06 19:17:39"
},
{
"kids":[],
"uid":"3091731047",
"parent":"",
"text":"社会的冷漠.妈了个逼的.",
"mid":"zvu5JcZsQ",
"date":"2013-05-06 19:17:26"
},
{
"kids":[],
"uid":"208308408",
"parent":"",
"text":"",
"mid":"zvu5Diku7",
"date":"2013-05-06 19:17:09"
},
{
"kids":[],
"uid":"2663462815",
"parent":"",
"text":"[泪][泪]好死不如赖活，两孩子怎么办。叹！吃人的社会。",
"mid":"zvu4Genkd",
"date":"2013-05-06 19:14:51"
},
{
"kids":[],
"uid":"1796614301",
"parent":"",
"text":"百姓太苦！",
"mid":"zvu4kBe31",
"date":"2013-05-06 19:13:57"
},
{
"kids":[],
"uid":"2116883881",
"parent":"",
"text":"[怒][怒][怒][怒][怒][怒][怒][怒][怒][怒][怒][怒]",
"mid":"zvu4cEXa6",
"date":"2013-05-06 19:13:39"
},
{
"kids":[
"zvx5ZCpcX",
"zvu9rr4s2"
],
"uid":"3122647581",
"parent":"",
"text":"悲惨世界在中国！雨果在哪？@律师王学明 @白发萧萧法律人",
"mid":"zvu43uoXZ",
"date":"2013-05-06 19:13:19"
},
{
"kids":[],
"uid":"djhommeconcept",
"parent":"",
"text":"你說如果像民國那樣的教育免費，可以救活多少人？本來教讀詩書，讓人知禮是政府該做的事情，卻變成謀利的產業，害死了多少人？肉食者鄙！",
"mid":"zvu422Sug",
"date":"2013-05-06 19:13:14"
},
{
"kids":[],
"uid":"2692084120",
"parent":"",
"text":"",
"mid":"zvu3NdNsc",
"date":"2013-05-06 19:12:40"
},
{
"kids":[],
"uid":"2608165757",
"parent":"",
"text":"妹的！好气愤！",
"mid":"zvu3zkoi7",
"date":"2013-05-06 19:12:06"
},
{
"kids":[],
"uid":"1847399601",
"parent":"",
"text":"",
"mid":"zvu3sAvwr",
"date":"2013-05-06 19:11:51"
},
{
"kids":[],
"uid":"newcm",
"parent":"",
"text":"",
"mid":"zvu3o8eq6",
"date":"2013-05-06 19:11:38"
},
{
"kids":[],
"uid":"2525727951",
"parent":"",
"text":"劳动光荣?劳动能让你有光荣感吗?全是骗人的鬼话!",
"mid":"zvu3mBPyd",
"date":"2013-05-06 19:11:35"
},
{
"kids":[],
"uid":"2553141815",
"parent":"zvtZn31as",
"text":"这就是我们现实的社会",
"mid":"zvu2E4yl3",
"date":"2013-05-06 19:09:48"
},
{
"kids":[],
"uid":"2031049573",
"parent":"",
"text":"悲啊！[泪]@拍客视线:妈了个逼的",
"mid":"zvu2uiDXX",
"date":"2013-05-06 19:09:25"
},
{
"kids":[],
"uid":"1665987415",
"parent":"",
"text":"狗官",
"mid":"zvu2jC7uA",
"date":"2013-05-06 19:09:00"
},
{
"kids":[
"zvu7OEjwt"
],
"uid":"212810",
"parent":"",
"text":"",
"mid":"zvu2hA2ds",
"date":"2013-05-06 19:08:55"
},
{
"kids":[],
"uid":"317866608",
"parent":"",
"text":"妈了个逼的",
"mid":"zvu1Nat2Q",
"date":"2013-05-06 19:07:44"
},
{
"kids":[
"zvuJexpSF"
],
"uid":"2130148964",
"parent":"",
"text":"",
"mid":"zvu1CdH8P",
"date":"2013-05-06 19:07:18"
},
{
"kids":[],
"uid":"345889379",
"parent":"",
"text":"党国该醒醒了",
"mid":"zvu1gBJxb",
"date":"2013-05-06 19:06:27"
},
{
"kids":[],
"uid":"2959181757",
"parent":"",
"text":"",
"mid":"zvu0Wxjrb",
"date":"2013-05-06 19:05:38"
},
{
"kids":[],
"uid":"2423064681",
"parent":"",
"text":"这还是中国，惨绝人寰！也验证了杜甫的名句：＂朱门酒肉臭，路有冻死骨＂！",
"mid":"zvu0GjVJu",
"date":"2013-05-06 19:05:00"
},
{
"kids":[
"zvuLZ3pLQ"
],
"uid":"572130044",
"parent":"",
"text":"此博使俺想起憶苦思甜......",
"mid":"zvu004mrP",
"date":"2013-05-06 19:03:17"
},
{
"kids":[
"zvu6egN5I"
],
"uid":"345885316",
"parent":"zvtZ2np8I",
"text":"[围观]@人民日报@广东无言的冬天 @央视新闻 @头条新闻",
"mid":"zvtZY0gyv",
"date":"2013-05-06 19:03:14"
},
{
"kids":[
"zvviAc10E",
"zvu2E4yl3"
],
"uid":"1902770710",
"parent":"",
"text":"人世间居然会发生这种事吗",
"mid":"zvtZn31as",
"date":"2013-05-06 19:01:47"
},
{
"kids":[],
"uid":"3202924307",
"parent":"",
"text":"[汗]",
"mid":"zvtZdjxnu",
"date":"2013-05-06 19:01:23"
},
{
"kids":[],
"uid":"1735826754",
"parent":"",
"text":"[泪][泪][泪][泪][泪][泪][泪][泪][蜡烛][蜡烛][蜡烛][蜡烛][蜡烛][蜡烛][蜡烛][蜡烛][蜡烛][蜡烛]",
"mid":"zvtZ9oQVM",
"date":"2013-05-06 19:01:14"
},
{
"kids":[],
"uid":"2805214600",
"parent":"",
"text":"+1",
"mid":"zvtZ6bseA",
"date":"2013-05-06 19:01:04"
},
{
"kids":[],
"uid":"3236198182",
"parent":"",
"text":"不知该怎么评价了，操",
"mid":"zvtZ50BQK",
"date":"2013-05-06 19:01:03"
},
{
"kids":[
"zvtZY0gyv"
],
"uid":"2367026632",
"parent":"",
"text":"怒斥狗贼[怒骂]",
"mid":"zvtZ2np8I",
"date":"2013-05-06 19:00:57"
},
{
"kids":[],
"uid":"1941659791",
"parent":"",
"text":"",
"mid":"zvtYYdoCk",
"date":"2013-05-06 19:00:45"
},
{
"kids":[],
"uid":"1866723301",
"parent":"",
"text":"",
"mid":"zvtYLcxkh",
"date":"2013-05-06 19:00:15"
},
{
"kids":[],
"uid":"2418706054",
"parent":"",
"text":"不知该怎么评价了![泪]",
"mid":"zvtYDx50T",
"date":"2013-05-06 18:59:56"
},
{
"kids":[
"zvuyMh1Lf"
],
"uid":"1272758713",
"parent":"",
"text":"",
"mid":"zvtYDdlUH",
"date":"2013-05-06 18:59:56"
},
{
"kids":[],
"uid":"1951707774",
"parent":"",
"text":"百姓能活着，是多不容易的事啊",
"mid":"zvtW2ubf2",
"date":"2013-05-06 18:53:32"
},
{
"kids":[],
"uid":"2484810031",
"parent":"",
"text":"[泪]",
"mid":"zvtOp7WuQ",
"date":"2013-05-06 18:34:42"
},
{
"kids":[],
"uid":"2454068801",
"parent":"",
"text":"这个世界就是如此",
"mid":"zvtNkAS4S",
"date":"2013-05-06 18:32:05"
},
{
"kids":[
"zvu79fiPZ"
],
"uid":"1794239982",
"parent":"",
"text":"如果这是事实，就算办再多奥运、世博，国家也不能算强大！",
"mid":"zvtCR9PuJ",
"date":"2013-05-06 18:06:18"
},
{
"kids":[],
"uid":"2511515572",
"parent":"",
"text":"",
"mid":"zvtCeoF00",
"date":"2013-05-06 18:04:45"
},
{
"kids":[],
"uid":"1787939782",
"parent":"",
"text":"",
"mid":"zvtBiwpxB",
"date":"2013-05-06 18:02:25"
},
{
"kids":[],
"uid":"2039291974",
"parent":"",
"text":"穷则思变，还真打算以不变应万变?不能只怨社会好吧。",
"mid":"zvtz0lg90",
"date":"2013-05-06 17:56:49"
},
{
"kids":[],
"uid":"1945972140",
"parent":"zvtev8IQM",
"text":"梦，谁的梦",
"mid":"zvtyn55kc",
"date":"2013-05-06 17:55:15"
},
{
"kids":[],
"uid":"1186904657",
"parent":"",
"text":"",
"mid":"zvtve1LtE",
"date":"2013-05-06 17:47:30"
},
{
"kids":[],
"uid":"2460747933",
"parent":"",
"text":"",
"mid":"zvtvabQph",
"date":"2013-05-06 17:47:18"
},
{
"kids":[],
"uid":"2446808620",
"parent":"",
"text":"",
"mid":"zvtuar47N",
"date":"2013-05-06 17:44:54"
},
{
"kids":[],
"uid":"laoqibuhengqiu",
"parent":"zvsPAm3LG",
"text":"",
"mid":"zvtsvnXIy",
"date":"2013-05-06 17:40:45"
},
{
"kids":[],
"uid":"2641219252",
"parent":"",
"text":"[弱]",
"mid":"zvtssl0JS",
"date":"2013-05-06 17:40:41"
},
{
"kids":[],
"uid":"2134244432",
"parent":"",
"text":"有个朋友说'中国再次革命'首先被屠戮的就是这些官僚",
"mid":"zvtskmgAF",
"date":"2013-05-06 17:40:20"
},
{
"kids":[],
"uid":"1003070863",
"parent":"",
"text":"",
"mid":"zvtpG6lj3",
"date":"2013-05-06 17:33:50"
},
{
"kids":[],
"uid":"2837547585",
"parent":"",
"text":"",
"mid":"zvtpjjDaU",
"date":"2013-05-06 17:32:56"
},
{
"kids":[],
"uid":"3117526795",
"parent":"",
"text":"",
"mid":"zvto7qN0e",
"date":"2013-05-06 17:30:00"
},
{
"kids":[],
"uid":"1979747650",
"parent":"zvsDPn3d2",
"text":"",
"mid":"zvtmU8qrF",
"date":"2013-05-06 17:27:00"
},
{
"kids":[],
"uid":"poetyuanyang",
"parent":"zvtev8IQM",
"text":"",
"mid":"zvtmDj0i3",
"date":"2013-05-06 17:26:20"
},
{
"kids":[],
"uid":"920513829",
"parent":"",
"text":"",
"mid":"zvtk4zUdY",
"date":"2013-05-06 17:20:00"
},
{
"kids":[],
"uid":"2273404761",
"parent":"",
"text":"只有到天堂再发中国梦吧",
"mid":"zvteDpRMS",
"date":"2013-05-06 17:06:36"
},
{
"kids":[
"zvtyn55kc",
"zvtmDj0i3"
],
"uid":"1920649952",
"parent":"zvsNX11Wy",
"text":"",
"mid":"zvtev8IQM",
"date":"2013-05-06 17:06:17"
},
{
"kids":[],
"uid":"3239300582",
"parent":"",
"text":"可悲啊",
"mid":"zvtdXt98W",
"date":"2013-05-06 17:04:58"
},
{
"kids":[],
"uid":"2261596895",
"parent":"",
"text":"[泪]",
"mid":"zvtb1qPL5",
"date":"2013-05-06 16:57:44"
},
{
"kids":[],
"uid":"1860915955",
"parent":"",
"text":"真实的生活写照，看了想哭无能为力。自己的情况跟他比差不多就是差没下岗。儿女养不起父母已老还要赡养。每个月收入微博。叫我们怎么活？那些人民的公仆何时底下你们那傲世一切的狗头看看贫困的民众",
"mid":"zvtaCAvSh",
"date":"2013-05-06 16:56:43"
},
{
"kids":[],
"uid":"3062575585",
"parent":"",
"text":"悲哀!",
"mid":"zvtaf0ePm",
"date":"2013-05-06 16:55:46"
},
{
"kids":[],
"uid":"2831629562",
"parent":"",
"text":"[生病][衰]",
"mid":"zvt9uBDNI",
"date":"2013-05-06 16:53:57"
},
{
"kids":[],
"uid":"1099065020",
"parent":"",
"text":"",
"mid":"zvt8Z16eA",
"date":"2013-05-06 16:52:41"
},
{
"kids":[],
"uid":"2271787225",
"parent":"",
"text":"",
"mid":"zvt78D0Ed",
"date":"2013-05-06 16:48:09"
},
{
"kids":[],
"uid":"1997652267",
"parent":"",
"text":"",
"mid":"zvt4NfYzS",
"date":"2013-05-06 16:42:22"
},
{
"kids":[],
"uid":"1461358722",
"parent":"",
"text":"",
"mid":"zvt4wn0ZN",
"date":"2013-05-06 16:41:42"
},
{
"kids":[],
"uid":"2793721704",
"parent":"",
"text":"",
"mid":"zvt3O73Jt",
"date":"2013-05-06 16:39:54"
},
{
"kids":[],
"uid":"3159250535",
"parent":"",
"text":"",
"mid":"zvt3El75S",
"date":"2013-05-06 16:39:34"
},
{
"kids":[],
"uid":"2321251142",
"parent":"",
"text":"",
"mid":"zvt2O2tSt",
"date":"2013-05-06 16:37:28"
},
{
"kids":[],
"uid":"1570659362",
"parent":"",
"text":"万恶旧社会！",
"mid":"zvt2LmfRZ",
"date":"2013-05-06 16:37:23"
},
{
"kids":[],
"uid":"2143454270",
"parent":"",
"text":"很早的新闻了。冷饭[挖鼻屎]",
"mid":"zvt2Io1HO",
"date":"2013-05-06 16:37:14"
},
{
"kids":[],
"uid":"3227098382",
"parent":"",
"text":"",
"mid":"zvt2fsCuH",
"date":"2013-05-06 16:36:05"
},
{
"kids":[],
"uid":"3016273601",
"parent":"",
"text":"",
"mid":"zvt29gjGh",
"date":"2013-05-06 16:35:52"
},
{
"kids":[],
"uid":"2807205823",
"parent":"",
"text":"其实是这两夫妻不够坚强，并没有到山穷水尽的地步，只要有求生的欲望，怎么也不可能养不活一家人，不想想.他们死了是解脱了.可孩子不是更苦了吗.",
"mid":"zvt26zgUL",
"date":"2013-05-06 16:35:46"
},
{
"kids":[],
"uid":"1087722525",
"parent":"zvsZo8X1U",
"text":"哪天我莫法了，还请季哥给指条明路！",
"mid":"zvt1DAHTt",
"date":"2013-05-06 16:34:36"
},
{
"kids":[],
"uid":"2380249500",
"parent":"",
"text":"",
"mid":"zvt14rH5d",
"date":"2013-05-06 16:33:13"
},
{
"kids":[],
"uid":"1065889834",
"parent":"",
"text":"",
"mid":"zvt0IyCzj",
"date":"2013-05-06 16:32:21"
},
{
"kids":[],
"uid":"2010437307",
"parent":"",
"text":"这个政府还值得老百姓拥护吗？",
"mid":"zvt0Gy0lF",
"date":"2013-05-06 16:32:15"
},
{
"kids":[
"zvurbgfi9"
],
"uid":"1954002435",
"parent":"",
"text":"天朝！",
"mid":"zvt0s4wPl",
"date":"2013-05-06 16:31:41"
},
{
"kids":[
"zvt1DAHTt"
],
"uid":"2253371091",
"parent":"",
"text":"始终奴性太重，自杀都敢，还有啥子不敢做的？丢下两个孩子咋个办？活下来有很多种方式，正路不让我活，总有能让我活下去的办法！",
"mid":"zvsZo8X1U",
"date":"2013-05-06 16:29:04"
},
{
"kids":[],
"uid":"2961665225",
"parent":"",
"text":"黑天",
"mid":"zvsZ6rPUh",
"date":"2013-05-06 16:28:20"
},
{
"kids":[],
"uid":"hanhai2010",
"parent":"",
"text":"",
"mid":"zvsYEC9oq",
"date":"2013-05-06 16:27:14"
},
{
"kids":[],
"uid":"1654082363",
"parent":"zvsRHx7dI",
"text":"这是未来的中国???",
"mid":"zvsY12s4G",
"date":"2013-05-06 16:25:41"
},
{
"kids":[],
"uid":"qinrentianxia",
"parent":"",
"text":"真的？求辟谣！",
"mid":"zvsXCuzdQ",
"date":"2013-05-06 16:24:42"
},
{
"kids":[
"zvKl1sF43",
"zvujBF3Ey"
],
"uid":"1973444177",
"parent":"",
"text":"瞎扯，怎么可能？去工地做小工也可以的。懒惰饿死的吧！",
"mid":"zvsXsucgf",
"date":"2013-05-06 16:24:19"
},
{
"kids":[],
"uid":"3001781667",
"parent":"",
"text":"",
"mid":"zvsXl4D7W",
"date":"2013-05-06 16:23:59"
},
{
"kids":[],
"uid":"2598855137",
"parent":"",
"text":"",
"mid":"zvsWPreRA",
"date":"2013-05-06 16:22:46"
},
{
"kids":[],
"uid":"328869696",
"parent":"zvsMTE0j0",
"text":"",
"mid":"zvsWuskf0",
"date":"2013-05-06 16:21:56"
},
{
"kids":[
"zvwf7bIJG"
],
"uid":"2035854511",
"parent":"",
"text":"[蜡烛]不在沉默中爆发，就在沉默中死亡",
"mid":"zvsWiou9x",
"date":"2013-05-06 16:21:27"
},
{
"kids":[],
"uid":"2872941487",
"parent":"",
"text":"大家来看看吧",
"mid":"zvsVQ2gI0",
"date":"2013-05-06 16:20:18"
},
{
"kids":[],
"uid":"3252317125",
"parent":"",
"text":"[泪]",
"mid":"zvsVhtmZz",
"date":"2013-05-06 16:18:57"
},
{
"kids":[],
"uid":"3151975902",
"parent":"",
"text":"我流泪了。我不知道，中国梦在哪里？",
"mid":"zvsUtbzAm",
"date":"2013-05-06 16:16:56"
},
{
"kids":[],
"uid":"2775771137",
"parent":"",
"text":"",
"mid":"zvsUf59Q6",
"date":"2013-05-06 16:16:21"
},
{
"kids":[],
"uid":"2112494285",
"parent":"",
"text":"不要说寸金难买寸光阴，多少人想为一口饭卖掉一生的光阴还没有人要。",
"mid":"zvsSVsGeo",
"date":"2013-05-06 16:13:09"
},
{
"kids":[],
"uid":"2371522887",
"parent":"",
"text":"",
"mid":"zvsSq8lGX",
"date":"2013-05-06 16:11:55"
},
{
"kids":[],
"uid":"2206821363",
"parent":"",
"text":"",
"mid":"zvsRQ6b2t",
"date":"2013-05-06 16:10:28"
},
{
"kids":[
"zvuJi6od4",
"zvsY12s4G"
],
"uid":"1269005072",
"parent":"zvsPAm3LG",
"text":"",
"mid":"zvsRHx7dI",
"date":"2013-05-06 16:10:07"
},
{
"kids":[],
"uid":"1096152895",
"parent":"",
"text":"",
"mid":"zvsRstQQD",
"date":"2013-05-06 16:09:31"
},
{
"kids":[],
"uid":"3172827084",
"parent":"",
"text":"",
"mid":"zvsQus90u",
"date":"2013-05-06 16:07:09"
},
{
"kids":[],
"uid":"2288579807",
"parent":"",
"text":"孩子咋办？",
"mid":"zvsQoznmg",
"date":"2013-05-06 16:06:55"
},
{
"kids":[
"zvyPqzRgI"
],
"uid":"1704817917",
"parent":"",
"text":"",
"mid":"zvsPYyTAh",
"date":"2013-05-06 16:05:53"
},
{
"kids":[
"zvuBxCk6V",
"zvtsvnXIy",
"zvsRHx7dI"
],
"uid":"2214914415",
"parent":"",
"text":"这就是所谓的中国梦吗?敬请微博上的公知大腕们关注一下年逾中年失业下岗工人这个最最低层弱势群体，他们的生存状态惨不忍睹，作为微博名人关注他们也是你们应尽地社会责任和良知。@姚晨@薛蛮子@作家.天佑@袁裕来律师@观世音童@邓飞@叶青@楚天都市报",
"mid":"zvsPAm3LG",
"date":"2013-05-06 16:04:54"
},
{
"kids":[],
"uid":"2805259721",
"parent":"",
"text":"这是一个怎样的社会！[围观]",
"mid":"zvsOqgs85",
"date":"2013-05-06 16:02:02"
},
{
"kids":[
"zvtev8IQM"
],
"uid":"1739182925",
"parent":"",
"text":"",
"mid":"zvsNX11Wy",
"date":"2013-05-06 16:00:52"
},
{
"kids":[],
"uid":"1932360030",
"parent":"",
"text":"",
"mid":"zvsNG75ZQ",
"date":"2013-05-06 16:00:13"
},
{
"kids":[],
"uid":"2600564734",
"parent":"zvsGUxRSs",
"text":"社会主义优越性下的人间惨剧！人民政府“执政为民”的后果！这就是当局吹嘘的和谐社会！",
"mid":"zvsNCjB05",
"date":"2013-05-06 16:00:04"
},
{
"kids":[],
"uid":"1943075160",
"parent":"",
"text":"活着压力太大呀，这样的一个神奇的国度，唯有一死才得解脱！",
"mid":"zvsNrkryP",
"date":"2013-05-06 15:59:36"
},
{
"kids":[
"zvsWuskf0"
],
"uid":"2232630467",
"parent":"",
"text":"",
"mid":"zvsMTE0j0",
"date":"2013-05-06 15:58:18"
},
{
"kids":[],
"uid":"2709280245",
"parent":"",
"text":"",
"mid":"zvsMRlaQW",
"date":"2013-05-06 15:58:12"
},
{
"kids":[],
"uid":"2352596303",
"parent":"",
"text":"",
"mid":"zvsMAcJfS",
"date":"2013-05-06 15:57:31"
},
{
"kids":[],
"uid":"2910136690",
"parent":"",
"text":"",
"mid":"zvsMt7bb6",
"date":"2013-05-06 15:57:14"
},
{
"kids":[],
"uid":"weil1992",
"parent":"",
"text":"",
"mid":"zvsMmybas",
"date":"2013-05-06 15:56:58"
},
{
"kids":[],
"uid":"2815145650",
"parent":"",
"text":"",
"mid":"zvsLv6eoM",
"date":"2013-05-06 15:54:49"
},
{
"kids":[],
"uid":"1895296611",
"parent":"",
"text":"",
"mid":"zvsL6Av8A",
"date":"2013-05-06 15:53:54"
},
{
"kids":[],
"uid":"2262895085",
"parent":"",
"text":"社会主义社会[哼]",
"mid":"zvsKg053i",
"date":"2013-05-06 15:51:46"
},
{
"kids":[],
"uid":"hubeiindex",
"parent":"",
"text":"[泪]",
"mid":"zvsKbdIb9",
"date":"2013-05-06 15:51:36"
},
{
"kids":[],
"uid":"2997788935",
"parent":"zvsE8ev55",
"text":"",
"mid":"zvsJW9toL",
"date":"2013-05-06 15:51:00"
},
{
"kids":[],
"uid":"2608823377",
"parent":"",
"text":"",
"mid":"zvsJKFtx2",
"date":"2013-05-06 15:50:32"
},
{
"kids":[],
"uid":"3170250825",
"parent":"",
"text":"[泪]",
"mid":"zvsJIBn6e",
"date":"2013-05-06 15:50:27"
},
{
"kids":[],
"uid":"1915872675",
"parent":"",
"text":"",
"mid":"zvsJFBpiJ",
"date":"2013-05-06 15:50:21"
},
{
"kids":[],
"uid":"2890041305",
"parent":"",
"text":"",
"mid":"zvsJ3wxuS",
"date":"2013-05-06 15:48:50"
},
{
"kids":[],
"uid":"3188547040",
"parent":"",
"text":"",
"mid":"zvsIOoTFE",
"date":"2013-05-06 15:48:14"
},
{
"kids":[],
"uid":"2405916685",
"parent":"",
"text":"不骂人,操！",
"mid":"zvsINe3oU",
"date":"2013-05-06 15:48:11"
},
{
"kids":[],
"uid":"1103132104",
"parent":"",
"text":"社会的悲哀！[泪][泪][泪]",
"mid":"zvsIGrdwv",
"date":"2013-05-06 15:47:55"
},
{
"kids":[],
"uid":"2987950430",
"parent":"",
"text":"再转一次",
"mid":"zvsIAeXNc",
"date":"2013-05-06 15:47:40"
},
{
"kids":[],
"uid":"2428931380",
"parent":"",
"text":"真的假的？",
"mid":"zvsIrp4gA",
"date":"2013-05-06 15:47:18"
},
{
"kids":[],
"uid":"sclzwh98",
"parent":"",
"text":"梦碎了一地～",
"mid":"zvsIpAuTW",
"date":"2013-05-06 15:47:15"
},
{
"kids":[],
"uid":"1892610905",
"parent":"",
"text":"官员都在做中国梦呢",
"mid":"zvsIjEMkE",
"date":"2013-05-06 15:47:01"
},
{
"kids":[],
"uid":"3271706917",
"parent":"zvsDTagqo",
"text":"[衰]",
"mid":"zvsI8r6RP",
"date":"2013-05-06 15:46:33"
},
{
"kids":[],
"uid":"2239825893",
"parent":"",
"text":"",
"mid":"zvsHPwiJ7",
"date":"2013-05-06 15:45:48"
},
{
"kids":[],
"uid":"2953582691",
"parent":"",
"text":"真让人心痛，这样的悲剧发生在当今的中国，政府应感到羞耻。是当政者的无为造成的人间悲剧。",
"mid":"zvsHzzVjd",
"date":"2013-05-06 15:45:12"
},
{
"kids":[],
"uid":"3181638924",
"parent":"",
"text":"",
"mid":"zvsHz1MWN",
"date":"2013-05-06 15:45:08"
},
{
"kids":[],
"uid":"zh779",
"parent":"",
"text":"",
"mid":"zvsHqt2TE",
"date":"2013-05-06 15:44:47"
},
{
"kids":[],
"uid":"2164887295",
"parent":"",
"text":"",
"mid":"zvsHem3Ci",
"date":"2013-05-06 15:44:20"
},
{
"kids":[],
"uid":"2735441863",
"parent":"",
"text":"",
"mid":"zvsH9i1uT",
"date":"2013-05-06 15:44:07"
},
{
"kids":[],
"uid":"2813034335",
"parent":"",
"text":"",
"mid":"zvsH65EMu",
"date":"2013-05-06 15:43:58"
},
{
"kids":[],
"uid":"2427061380",
"parent":"",
"text":"",
"mid":"zvsH36PXs",
"date":"2013-05-06 15:43:51"
},
{
"kids":[],
"uid":"2285812853",
"parent":"",
"text":"",
"mid":"zvsH08rjh",
"date":"2013-05-06 15:43:46"
},
{
"kids":[
"zvsNCjB05"
],
"uid":"ctienlg",
"parent":"zvsEQ10e5",
"text":"",
"mid":"zvsGUxRSs",
"date":"2013-05-06 15:43:32"
},
{
"kids":[],
"uid":"2808596571",
"parent":"",
"text":"",
"mid":"zvsGOkcES",
"date":"2013-05-06 15:43:17"
},
{
"kids":[],
"uid":"3097561081",
"parent":"",
"text":"",
"mid":"zvsGHxeIU",
"date":"2013-05-06 15:43:00"
},
{
"kids":[],
"uid":"1622691627",
"parent":"",
"text":"",
"mid":"zvsGipZBN",
"date":"2013-05-06 15:42:03"
},
{
"kids":[],
"uid":"1566455751",
"parent":"",
"text":"",
"mid":"zvsGapra4",
"date":"2013-05-06 15:41:41"
},
{
"kids":[],
"uid":"2742564702",
"parent":"",
"text":"夫妻俩万分努力也养不了一个家！这是怎么样的特色？",
"mid":"zvsG4eUdv",
"date":"2013-05-06 15:41:28"
},
{
"kids":[],
"uid":"2630059563",
"parent":"",
"text":"社会、政府的悲哀，同时这对夫妻也不够坚强[蜡烛]",
"mid":"zvsFYEiMF",
"date":"2013-05-06 15:41:13"
},
{
"kids":[],
"uid":"2953582691",
"parent":"",
"text":"",
"mid":"zvsFQ3gwQ",
"date":"2013-05-06 15:40:52"
},
{
"kids":[],
"uid":"xishashebei",
"parent":"",
"text":"",
"mid":"zvsFN4Rx5",
"date":"2013-05-06 15:40:46"
},
{
"kids":[],
"uid":"2403405287",
"parent":"",
"text":"[泪]",
"mid":"zvsFMbCBe",
"date":"2013-05-06 15:40:45"
},
{
"kids":[],
"uid":"bazhendou",
"parent":"",
"text":"真的假的？会是真的吗！如果是，我们这些麻木的人该何去何从，如果不是，发这篇博文的人其心可诛！",
"mid":"zvsFK8C7p",
"date":"2013-05-06 15:40:41"
},
{
"kids":[],
"uid":"3214047633",
"parent":"",
"text":"",
"mid":"zvsFI4wPs",
"date":"2013-05-06 15:40:36"
},
{
"kids":[
"zw7btF3uL"
],
"uid":"htren2012",
"parent":"",
"text":"悲剧的现实，喜剧的梦想。人民的尊严，幸福只有在新闻联播才能看到",
"mid":"zvsFF7cwk",
"date":"2013-05-06 15:40:28"
},
{
"kids":[],
"uid":"1879803094",
"parent":"",
"text":"",
"mid":"zvsFCbQpx",
"date":"2013-05-06 15:40:21"
},
{
"kids":[],
"uid":"3206931632",
"parent":"",
"text":"[泪]",
"mid":"zvsFzu9bR",
"date":"2013-05-06 15:40:13"
},
{
"kids":[],
"uid":"andy521fl",
"parent":"",
"text":"",
"mid":"zvsFv6hZ6",
"date":"2013-05-06 15:40:02"
},
{
"kids":[],
"uid":"1158525257",
"parent":"",
"text":"[泪][泪]",
"mid":"zvsFqmrIO",
"date":"2013-05-06 15:39:54"
},
{
"kids":[],
"uid":"kjh888",
"parent":"",
"text":"用心，用力都没用！",
"mid":"zvsFl2XCE",
"date":"2013-05-06 15:39:38"
},
{
"kids":[],
"uid":"1658710202",
"parent":"",
"text":"",
"mid":"zvsFdkpUY",
"date":"2013-05-06 15:39:22"
},
{
"kids":[],
"uid":"515501275",
"parent":"",
"text":"尝将冷眼视之",
"mid":"zvsF5kB5Z",
"date":"2013-05-06 15:39:01"
},
{
"kids":[],
"uid":"3011485727",
"parent":"",
"text":"",
"mid":"zvsEXDsw7",
"date":"2013-05-06 15:38:45"
},
{
"kids":[
"zvsGUxRSs"
],
"uid":"1258448450",
"parent":"",
"text":"[汗]",
"mid":"zvsEQ10e5",
"date":"2013-05-06 15:38:26"
},
{
"kids":[],
"uid":"3204514221",
"parent":"",
"text":"",
"mid":"zvsEOw72W",
"date":"2013-05-06 15:38:23"
},
{
"kids":[],
"uid":"2964764987",
"parent":"",
"text":"！！！",
"mid":"zvsEOtSxV",
"date":"2013-05-06 15:38:23"
},
{
"kids":[],
"uid":"2577948740",
"parent":"",
"text":"怎么才幸福的起来哟！",
"mid":"zvsEx52rj",
"date":"2013-05-06 15:37:41"
},
{
"kids":[],
"uid":"1423376833",
"parent":"",
"text":"",
"mid":"zvsErcVt5",
"date":"2013-05-06 15:37:27"
},
{
"kids":[],
"uid":"1851574400",
"parent":"",
"text":"工行为每个阿根廷新生儿存一千比索",
"mid":"zvsEqzIgn",
"date":"2013-05-06 15:37:24"
},
{
"kids":[],
"uid":"3082427277",
"parent":"",
"text":"",
"mid":"zvsEkF13x",
"date":"2013-05-06 15:37:10"
},
{
"kids":[],
"uid":"1941723697",
"parent":"",
"text":"",
"mid":"zvsEgwOr2",
"date":"2013-05-06 15:37:02"
},
{
"kids":[],
"uid":"2716608467",
"parent":"",
"text":"",
"mid":"zvsEgejZz",
"date":"2013-05-06 15:37:01"
},
{
"kids":[
"zvsJW9toL"
],
"uid":"2551504662",
"parent":"",
"text":"",
"mid":"zvsE8ev55",
"date":"2013-05-06 15:36:42"
},
{
"kids":[],
"uid":"3019652921",
"parent":"",
"text":"哎",
"mid":"zvsE5ka9b",
"date":"2013-05-06 15:36:33"
},
{
"kids":[],
"uid":"1897614891",
"parent":"",
"text":"",
"mid":"zvsDUl6KV",
"date":"2013-05-06 15:36:09"
},
{
"kids":[
"zvsI8r6RP"
],
"uid":"1399245631",
"parent":"",
"text":"[衰]",
"mid":"zvsDTagqo",
"date":"2013-05-06 15:36:05"
},
{
"kids":[
"zvtmU8qrF"
],
"uid":"1682376083",
"parent":"",
"text":"",
"mid":"zvsDPn3d2",
"date":"2013-05-06 15:35:55"
},
{
"kids":[],
"uid":"2824656770",
"parent":"",
"text":"'''",
"mid":"zvsDObHYZ",
"date":"2013-05-06 15:35:53"
}
]