[
{
"kids":[],
"uid":"2530898975",
"parent":"",
"text":"",
"mid":"ziKnQoUId",
"date":"2013-02-12 00:52:01"
},
{
"kids":[],
"uid":"2627180464",
"parent":"",
"text":"",
"mid":"zeA4s1AjF",
"date":"2013-01-15 15:15:36"
},
{
"kids":[],
"uid":"1783892270",
"parent":"zbpx1Eups",
"text":"底死！",
"mid":"zbqS94BFC",
"date":"2012-12-25 22:19:38"
},
{
"kids":[],
"uid":"kenyeungbear1212",
"parent":"zbqq1490L",
"text":"夸张到…鸡毁人亡",
"mid":"zbqIMaeV0",
"date":"2012-12-25 21:56:34"
},
{
"kids":[
"zbqIMaeV0"
],
"uid":"ggkwok",
"parent":"zbpx1Eups",
"text":"wa~~很震撼",
"mid":"zbqq1490L",
"date":"2012-12-25 21:10:21"
},
{
"kids":[],
"uid":"gracehu",
"parent":"",
"text":"[生病]",
"mid":"zbqjODdRb",
"date":"2012-12-25 20:55:05"
},
{
"kids":[
"zbqS94BFC",
"zbqq1490L"
],
"uid":"1402430077",
"parent":"",
"text":"@瀞叽叽 @纯情尐臘鸭 @南田小霸王 @icomeforpeacedoyounoharm",
"mid":"zbpx1Eups",
"date":"2012-12-25 18:54:51"
},
{
"kids":[],
"uid":"1945654010",
"parent":"",
"text":"@D5彪-kandy",
"mid":"zbnFroDfk",
"date":"2012-12-25 14:10:07"
},
{
"kids":[],
"uid":"2804277644",
"parent":"",
"text":"",
"mid":"zbkqMAINJ",
"date":"2012-12-25 05:55:46"
},
{
"kids":[],
"uid":"2803502664",
"parent":"",
"text":"",
"mid":"zbeu3yBYI",
"date":"2012-12-24 14:47:21"
},
{
"kids":[],
"uid":"2863590160",
"parent":"",
"text":"",
"mid":"zb46H7nLp",
"date":"2012-12-23 12:22:19"
},
{
"kids":[],
"uid":"407349149",
"parent":"",
"text":"我去，这叫什么事啊，哎！",
"mid":"zb15N8D5A",
"date":"2012-12-23 04:41:50"
},
{
"kids":[],
"uid":"2919921734",
"parent":"zajIh565D",
"text":"",
"mid":"zb0dGDLyn",
"date":"2012-12-23 02:28:34"
},
{
"kids":[],
"uid":"2810243830",
"parent":"zajIh565D",
"text":"",
"mid":"zaT02zcLP",
"date":"2012-12-22 08:05:43"
},
{
"kids":[],
"uid":"2789904220",
"parent":"zajIh565D",
"text":"",
"mid":"zaR9xEBqp",
"date":"2012-12-22 03:23:38"
},
{
"kids":[],
"uid":"173526683",
"parent":"",
"text":"[吃惊]",
"mid":"zaLnm0syC",
"date":"2012-12-21 12:41:10"
},
{
"kids":[],
"uid":"1582846945",
"parent":"",
"text":"",
"mid":"zaI5kwrxf",
"date":"2012-12-21 04:18:32"
},
{
"kids":[],
"uid":"2920438212",
"parent":"zajIh565D",
"text":"",
"mid":"zaHo2hgAq",
"date":"2012-12-21 02:31:52"
},
{
"kids":[],
"uid":"janyip1013",
"parent":"zajf09f1x",
"text":"都唔系廣州,我百度左一下,系湖州喔~~",
"mid":"zaBpydv2m",
"date":"2012-12-20 11:19:07"
},
{
"kids":[],
"uid":"mayhs",
"parent":"zar9iC52U",
"text":"[酷][给力]",
"mid":"zaAzJ1VtQ",
"date":"2012-12-20 09:11:25"
},
{
"kids":[],
"uid":"2809573614",
"parent":"",
"text":"",
"mid":"zayPyxUKO",
"date":"2012-12-20 04:44:57"
},
{
"kids":[],
"uid":"1944595097",
"parent":"zatK1uJPX",
"text":"是不是莉莉马莲的哦，上个礼拜还在那玩了。。。[汗]",
"mid":"zatQxqxM8",
"date":"2012-12-19 16:03:36"
},
{
"kids":[
"zatQxqxM8"
],
"uid":"2620456103",
"parent":"zadlAwKZ3",
"text":"我老公岩上网睇左原来系外省的啦，同里面D保安打架的，死左四个人[汗][汗] 都不知是谁话是广州的@米修feel",
"mid":"zatK1uJPX",
"date":"2012-12-19 15:47:35"
},
{
"kids":[],
"uid":"2118829292",
"parent":"zarKngy9m",
"text":"[吃惊]黑社会",
"mid":"zarRHpMSY",
"date":"2012-12-19 11:00:59"
},
{
"kids":[
"zarRHpMSY"
],
"uid":"1893108401",
"parent":"",
"text":"[吃惊]黑社会",
"mid":"zarKngy9m",
"date":"2012-12-19 10:42:57"
},
{
"kids":[],
"uid":"1778185750",
"parent":"",
"text":"",
"mid":"zar9jdIQW",
"date":"2012-12-19 09:11:38"
},
{
"kids":[
"zaAzJ1VtQ"
],
"uid":"1583739213",
"parent":"",
"text":"",
"mid":"zar9iC52U",
"date":"2012-12-19 09:11:36"
},
{
"kids":[],
"uid":"2919702842",
"parent":"",
"text":"",
"mid":"zaqXM6MDH",
"date":"2012-12-19 08:43:12"
},
{
"kids":[],
"uid":"fjeiie",
"parent":"zanu5B9BD",
"text":"[挖鼻屎]我喜欢火烧",
"mid":"zanvReo4L",
"date":"2012-12-18 23:56:12"
},
{
"kids":[
"zanvReo4L"
],
"uid":"pcui",
"parent":"zahkN6UZU",
"text":"哇，摞命",
"mid":"zanu5B9BD",
"date":"2012-12-18 23:51:52"
},
{
"kids":[],
"uid":"1923441297",
"parent":"",
"text":"[生病][生病]",
"mid":"zalwIBSsU",
"date":"2012-12-18 18:52:50"
},
{
"kids":[],
"uid":"1783391452",
"parent":"zakiE2nqu",
"text":"",
"mid":"zalnpd2Ah",
"date":"2012-12-18 18:29:53"
},
{
"kids":[],
"uid":"1180514857",
"parent":"zal3ZpwSx",
"text":"木JJ",
"mid":"zalmxr37w",
"date":"2012-12-18 18:27:44"
},
{
"kids":[
"zalmxr37w"
],
"uid":"pigeom",
"parent":"",
"text":"[汗]。。。嘛。。。九点回家的孩子无压力！！",
"mid":"zal3ZpwSx",
"date":"2012-12-18 17:42:01"
},
{
"kids":[
"zalnpd2Ah"
],
"uid":"2084632435",
"parent":"",
"text":"[衰][衰][衰][衰][衰][衰]",
"mid":"zakiE2nqu",
"date":"2012-12-18 15:45:24"
},
{
"kids":[],
"uid":"2027703534",
"parent":"",
"text":"[吓到了]",
"mid":"zajWL4UYH",
"date":"2012-12-18 14:51:28"
},
{
"kids":[],
"uid":"1924482090",
"parent":"",
"text":"我戒了[衰]",
"mid":"zajVmvpUu",
"date":"2012-12-18 14:48:03"
},
{
"kids":[],
"uid":"1700637311",
"parent":"zajFt2NjK",
"text":"[汗]",
"mid":"zajK2oFIp",
"date":"2012-12-18 14:20:09"
},
{
"kids":[
"zb0dGDLyn",
"zaT02zcLP",
"zaR9xEBqp",
"zaHo2hgAq"
],
"uid":"sherrynai",
"parent":"",
"text":"自作孽，不可活",
"mid":"zajIh565D",
"date":"2012-12-18 14:15:47"
},
{
"kids":[
"zajK2oFIp"
],
"uid":"bracup",
"parent":"",
"text":"[生病]",
"mid":"zajFt2NjK",
"date":"2012-12-18 14:08:51"
},
{
"kids":[],
"uid":"1733911190",
"parent":"",
"text":"[吃惊][吃惊]",
"mid":"zajm2jwHE",
"date":"2012-12-18 13:21:01"
},
{
"kids":[
"zaBpydv2m"
],
"uid":"1732882475",
"parent":"zajatb07q",
"text":"哈哈哈哈！",
"mid":"zajf09f1x",
"date":"2012-12-18 13:03:41"
},
{
"kids":[
"zajf09f1x"
],
"uid":"adddan?st=503d76",
"parent":"",
"text":"Michael 你肿么鸟，没事吧？@郭欣-Michael",
"mid":"zajatb07q",
"date":"2012-12-18 12:52:31"
},
{
"kids":[],
"uid":"2479168274",
"parent":"zaiqbEzkX",
"text":"[給力]",
"mid":"zaj5lbOF0",
"date":"2012-12-18 12:39:53"
},
{
"kids":[],
"uid":"2015764841",
"parent":"",
"text":"@灯灯灯凳_yo",
"mid":"zaiE5yusd",
"date":"2012-12-18 11:32:44"
},
{
"kids":[],
"uid":"2031715427",
"parent":"",
"text":"够劲",
"mid":"zaisNyMKD",
"date":"2012-12-18 11:04:55"
},
{
"kids":[
"zaj5lbOF0"
],
"uid":"2133039463",
"parent":"",
"text":"一夜情不好玩哦亲~~",
"mid":"zaiqbEzkX",
"date":"2012-12-18 10:58:30"
},
{
"kids":[],
"uid":"1729241873",
"parent":"zadIO8l33",
"text":"[吃惊][吃惊][吃惊][吃惊][吃惊][吃惊][吐][吐][吐][吐][吐]",
"mid":"zaieZfS0A",
"date":"2012-12-18 10:30:54"
},
{
"kids":[],
"uid":"2814298414",
"parent":"",
"text":"[惊恐][惊恐][惊恐][惊恐][惊恐]",
"mid":"zaia9yJId",
"date":"2012-12-18 10:19:00"
},
{
"kids":[],
"uid":"1923773357",
"parent":"",
"text":"",
"mid":"zahXKpIKQ",
"date":"2012-12-18 09:48:25"
},
{
"kids":[],
"uid":"1814072182",
"parent":"",
"text":"保重！",
"mid":"zahR55CJ7",
"date":"2012-12-18 09:32:00"
},
{
"kids":[],
"uid":"2011563324",
"parent":"zadand0RX",
"text":"",
"mid":"zahQz7CIU",
"date":"2012-12-18 09:30:43"
},
{
"kids":[],
"uid":"1969852403",
"parent":"",
"text":"[吃惊]",
"mid":"zahPrn2hM",
"date":"2012-12-18 09:27:58"
},
{
"kids":[
"zanu5B9BD"
],
"uid":"2806086862",
"parent":"zadCbFCXD",
"text":"吓[吃惊]系莉莉马莲吗原来[吃惊][围观][围观]",
"mid":"zahkN6UZU",
"date":"2012-12-18 08:12:27"
},
{
"kids":[],
"uid":"1738163710",
"parent":"",
"text":"",
"mid":"zahd46Fww",
"date":"2012-12-18 07:53:24"
},
{
"kids":[],
"uid":"gooseken",
"parent":"zadDUmB7q",
"text":"Wtf",
"mid":"zagA3ud7B",
"date":"2012-12-18 06:17:19"
},
{
"kids":[],
"uid":"1762198010",
"parent":"",
"text":"[吃惊][吃惊]",
"mid":"zafNerrEv",
"date":"2012-12-18 04:17:02"
},
{
"kids":[],
"uid":"1913135312",
"parent":"zad0vvSF4",
"text":"又关我咩事[怒]",
"mid":"zafFFx7ec",
"date":"2012-12-18 03:58:24"
},
{
"kids":[],
"uid":"2397749871",
"parent":"",
"text":"怕怕[黑线]",
"mid":"zafeXxQAL",
"date":"2012-12-18 02:52:36"
},
{
"kids":[],
"uid":"cwdbaby",
"parent":"zaeVf8ZGp",
"text":"唔系咁严重啊.保时捷...",
"mid":"zaf9S0nv1",
"date":"2012-12-18 02:40:03"
},
{
"kids":[],
"uid":"yu2222h2",
"parent":"",
"text":"无乱沟女，小心被切JJ",
"mid":"zaf4Fk9L3",
"date":"2012-12-18 02:27:14"
},
{
"kids":[],
"uid":"1978782792",
"parent":"zaeJgx5Xr",
"text":"回复@绿草如茵NY:我以后都不去买夜宵了！",
"mid":"zaeWt3LRG",
"date":"2012-12-18 02:07:02"
},
{
"kids":[
"zaf9S0nv1"
],
"uid":"1891332487",
"parent":"",
"text":"",
"mid":"zaeVf8ZGp",
"date":"2012-12-18 02:04:00"
},
{
"kids":[
"zaeWt3LRG"
],
"uid":"1978782792",
"parent":"",
"text":"[吃惊][吃惊][吃惊][吃惊]",
"mid":"zaeJgx5Xr",
"date":"2012-12-18 01:34:31"
},
{
"kids":[],
"uid":"2150848000",
"parent":"zadIO8l33",
"text":"[吃惊]小心你支重炮啊【淘金wifi亮】@开心嘎球球",
"mid":"zaeHK1PVh",
"date":"2012-12-18 01:30:45"
},
{
"kids":[],
"uid":"2789831824",
"parent":"",
"text":"",
"mid":"zaeEBgmSy",
"date":"2012-12-18 01:23:01"
},
{
"kids":[],
"uid":"1725739002",
"parent":"zaef68tsJ",
"text":"何其壮观……[吃惊]",
"mid":"zaeCqyceM",
"date":"2012-12-18 01:17:40"
},
{
"kids":[],
"uid":"ugeena2464",
"parent":"",
"text":"哇哇哇哇哇哇哇哇哇[吐][吐][吐]",
"mid":"zaeqIuBWd",
"date":"2012-12-18 00:48:50"
},
{
"kids":[],
"uid":"1766197391",
"parent":"",
"text":"[挖鼻屎]上了大哥de女人？and 睇得大太监多上脑吖？[汗]",
"mid":"zaeq39Gq6",
"date":"2012-12-18 00:47:11"
},
{
"kids":[],
"uid":"2095757414",
"parent":"",
"text":"太撲街 記得報警啊",
"mid":"zaepyFcF5",
"date":"2012-12-18 00:45:55"
},
{
"kids":[],
"uid":"wuzeyin",
"parent":"",
"text":"不点名了，自己小心吧。[吃惊]",
"mid":"zaegZ6dvw",
"date":"2012-12-18 00:24:48"
},
{
"kids":[
"zaeCqyceM"
],
"uid":"winsonkingdom",
"parent":"zae9Mk4DB",
"text":"莉莉玛莲？贵场来的哦~",
"mid":"zaef68tsJ",
"date":"2012-12-18 00:20:11"
},
{
"kids":[],
"uid":"1905983007",
"parent":"",
"text":"抵死~[鼓掌]",
"mid":"zaebpnZ0j",
"date":"2012-12-18 00:11:06"
},
{
"kids":[
"zaef68tsJ"
],
"uid":"1117887755",
"parent":"",
"text":"莉莉玛莲……",
"mid":"zae9Mk4DB",
"date":"2012-12-18 00:07:05"
},
{
"kids":[],
"uid":"2663270263",
"parent":"",
"text":"甘次真系切七了,抵",
"mid":"zae7o0t2U",
"date":"2012-12-18 00:01:08"
},
{
"kids":[],
"uid":"2190059624",
"parent":"",
"text":"一字感浅。。。切",
"mid":"zae6Od0nm",
"date":"2012-12-17 23:59:47"
},
{
"kids":[],
"uid":"1827062864",
"parent":"",
"text":"这个恐怖",
"mid":"zae24usLH",
"date":"2012-12-17 23:48:06"
},
{
"kids":[],
"uid":"leoo888",
"parent":"zadN5tNhh",
"text":"事情唔系甘样既百度后有真相http:",
"mid":"zae1Eu8ua",
"date":"2012-12-17 23:47:04"
},
{
"kids":[],
"uid":"1979141702",
"parent":"",
"text":"@TVS3陈国勇 大牌勇··你被切了～痛吗？[挖鼻屎]",
"mid":"zae0Mpneq",
"date":"2012-12-17 23:44:55"
},
{
"kids":[],
"uid":"337114145",
"parent":"",
"text":"",
"mid":"zadSwmIEc",
"date":"2012-12-17 23:24:34"
},
{
"kids":[],
"uid":"1963781634",
"parent":"",
"text":"",
"mid":"zadP5idr4",
"date":"2012-12-17 23:16:07"
},
{
"kids":[
"zae1Eu8ua"
],
"uid":"14547176",
"parent":"",
"text":"大太监",
"mid":"zadN5tNhh",
"date":"2012-12-17 23:11:09"
},
{
"kids":[],
"uid":"meimei906",
"parent":"zadCbFCXD",
"text":"哇，咁恐怖[晕]。。。男人们，要小心睇路咯！！[闭嘴]",
"mid":"zadM2e5KN",
"date":"2012-12-17 23:08:35"
},
{
"kids":[
"zaieZfS0A",
"zaeHK1PVh"
],
"uid":"annyng",
"parent":"zad2i5V1Q",
"text":"[抓狂]",
"mid":"zadIO8l33",
"date":"2012-12-17 23:00:37"
},
{
"kids":[],
"uid":"1767998070",
"parent":"",
"text":"[吐]@梅奇伟",
"mid":"zadIsAdyT",
"date":"2012-12-17 22:59:44"
},
{
"kids":[],
"uid":"yuki9202003",
"parent":"",
"text":"假的啊…不是广州的…而且内容也不是这样…",
"mid":"zadH35Hsg",
"date":"2012-12-17 22:56:17"
},
{
"kids":[
"zagA3ud7B"
],
"uid":"1868102441",
"parent":"",
"text":"我草...",
"mid":"zadDUmB7q",
"date":"2012-12-17 22:48:34"
},
{
"kids":[],
"uid":"1707681824",
"parent":"zadlAwKZ3",
"text":"",
"mid":"zadDazNIy",
"date":"2012-12-17 22:46:45"
},
{
"kids":[],
"uid":"1853891211",
"parent":"zadClqSds",
"text":"尼样也要你同长提usb讲",
"mid":"zadD98hwr",
"date":"2012-12-17 22:46:38"
},
{
"kids":[],
"uid":"835274484",
"parent":"",
"text":"[吓到了]",
"mid":"zadD1631E",
"date":"2012-12-17 22:46:22"
},
{
"kids":[
"zadD98hwr"
],
"uid":"2357260527",
"parent":"zad67jcYt",
"text":"",
"mid":"zadClqSds",
"date":"2012-12-17 22:44:43"
},
{
"kids":[
"zahkN6UZU",
"zadM2e5KN"
],
"uid":"lilayy",
"parent":"",
"text":"自作孽，不可活，有好多男人觉得自己系女都搞得！[懒得理你]",
"mid":"zadCbFCXD",
"date":"2012-12-17 22:44:20"
},
{
"kids":[],
"uid":"kelvin1007",
"parent":"",
"text":"拉个班切人宾周的那班扑街去打把啦，杀人填命好正常。",
"mid":"zadzN505C",
"date":"2012-12-17 22:38:25"
},
{
"kids":[],
"uid":"kelvin1007",
"parent":"",
"text":"厉害，甘切人宾周的那班扑街打压把未？",
"mid":"zadyP7zQ3",
"date":"2012-12-17 22:36:01"
},
{
"kids":[],
"uid":"1830372162",
"parent":"",
"text":"说的就是你们几个，以后小心点。",
"mid":"zadyhEGDi",
"date":"2012-12-17 22:34:44"
},
{
"kids":[],
"uid":"2069540067",
"parent":"",
"text":"我以后都唔敢了~",
"mid":"zadtvivmB",
"date":"2012-12-17 22:22:56"
},
{
"kids":[],
"uid":"1883312082",
"parent":"",
"text":"@高仔ZZC",
"mid":"zadts4u3m",
"date":"2012-12-17 22:22:49"
},
{
"kids":[],
"uid":"535675788",
"parent":"",
"text":"成日去𠝹女的朋友小心了[嘻嘻][嘻嘻]",
"mid":"zadrc2sRa",
"date":"2012-12-17 22:17:13"
},
{
"kids":[],
"uid":"kat285685629",
"parent":"zad67jcYt",
"text":"[挖鼻屎]我又唔浦噶~~",
"mid":"zadprzjvc",
"date":"2012-12-17 22:12:56"
},
{
"kids":[],
"uid":"cookie08",
"parent":"",
"text":"你地小心d阿！[偷笑][偷笑][偷笑]@TenN1y @夜神Cool",
"mid":"zadmQuS5b",
"date":"2012-12-17 22:06:31"
},
{
"kids":[],
"uid":"1856087503",
"parent":"",
"text":"",
"mid":"zadmw7AdV",
"date":"2012-12-17 22:05:44"
},
{
"kids":[
"zatK1uJPX",
"zadDazNIy"
],
"uid":"2620456103",
"parent":"",
"text":"原来系广州架[黑线][黑线]@米修feel",
"mid":"zadlAwKZ3",
"date":"2012-12-17 22:03:23"
},
{
"kids":[],
"uid":"2446170513",
"parent":"",
"text":"",
"mid":"zadj77HSv",
"date":"2012-12-17 21:57:20"
},
{
"kids":[],
"uid":"1744013790",
"parent":"zad8Srv94",
"text":"",
"mid":"zadibeohn",
"date":"2012-12-17 21:55:02"
},
{
"kids":[],
"uid":"1847001185",
"parent":"",
"text":"换了个假的？",
"mid":"zadhr7rm4",
"date":"2012-12-17 21:53:12"
},
{
"kids":[],
"uid":"inthehill",
"parent":"",
"text":"。。。",
"mid":"zadgMkrXn",
"date":"2012-12-17 21:51:35"
},
{
"kids":[],
"uid":"2595321993",
"parent":"",
"text":"呃〜這個。。。怎麼閹死了呢？哎〜技術要過關阿！",
"mid":"zadgt80Xk",
"date":"2012-12-17 21:50:49"
},
{
"kids":[],
"uid":"2932138871",
"parent":"",
"text":"[吃惊][吃惊][吃惊]那么犀利",
"mid":"zadgqbChw",
"date":"2012-12-17 21:50:42"
},
{
"kids":[],
"uid":"1847001185",
"parent":"",
"text":"@跳跃吧-阿琦 是你不？",
"mid":"zadg2wYeQ",
"date":"2012-12-17 21:49:46"
},
{
"kids":[],
"uid":"1047588875",
"parent":"",
"text":"@V木城雪户V",
"mid":"zaddNnFYw",
"date":"2012-12-17 21:44:13"
},
{
"kids":[],
"uid":"1766832032",
"parent":"zad4gEurU",
"text":"[汗]貌似係炒作",
"mid":"zadbZ4b5x",
"date":"2012-12-17 21:39:43"
},
{
"kids":[],
"uid":"208234673",
"parent":"",
"text":"",
"mid":"zadbr77bS",
"date":"2012-12-17 21:38:25"
},
{
"kids":[
"zahQz7CIU"
],
"uid":"wuxiaoyao",
"parent":"zad8Srv94",
"text":"[惊恐][惊恐]",
"mid":"zadand0RX",
"date":"2012-12-17 21:35:48"
},
{
"kids":[],
"uid":"1728800731",
"parent":"",
"text":"是浙江湖州，唔是广州，SB。唔是乱沟女被切柒，是古惑仔打架，劈到大腿上，几唔觉把噜柒都劈断左！！！",
"mid":"zada7waNF",
"date":"2012-12-17 21:35:10"
},
{
"kids":[
"zadibeohn",
"zadand0RX"
],
"uid":"blackicedavid",
"parent":"",
"text":"莉莉玛莲这次可火大发了…[偷笑]@吴小妖 @娜么美呢",
"mid":"zad8Srv94",
"date":"2012-12-17 21:32:07"
},
{
"kids":[],
"uid":"2149391640",
"parent":"",
"text":"@深澤師兄 比奶强睇睇",
"mid":"zad8thjbl",
"date":"2012-12-17 21:31:07"
},
{
"kids":[],
"uid":"1853891211",
"parent":"zad67jcYt",
"text":"系你危险姐",
"mid":"zad7MtrbU",
"date":"2012-12-17 21:29:26"
},
{
"kids":[],
"uid":"1971422131",
"parent":"zad6P4tye",
"text":"。。。",
"mid":"zad78xzGX",
"date":"2012-12-17 21:27:47"
},
{
"kids":[
"zad78xzGX"
],
"uid":"2374308442",
"parent":"",
"text":"[吃惊]",
"mid":"zad6P4tye",
"date":"2012-12-17 21:27:01"
},
{
"kids":[
"zadClqSds",
"zadprzjvc",
"zad7MtrbU"
],
"uid":"1990701997",
"parent":"",
"text":"以后都五好再去莉莉了@林建新_LJX @恨帥的紊仔 @Rito駿B的一些事一些情 @Terry哥_airsupply @圍威喂Ray 太危险了",
"mid":"zad67jcYt",
"date":"2012-12-17 21:25:19"
},
{
"kids":[],
"uid":"2029590884",
"parent":"",
"text":"哈 小心啦各位出黎稳食加人们2",
"mid":"zad5JEynt",
"date":"2012-12-17 21:24:21"
},
{
"kids":[],
"uid":"2801564367",
"parent":"",
"text":"",
"mid":"zad5ch7aE",
"date":"2012-12-17 21:23:02"
},
{
"kids":[],
"uid":"1621597035",
"parent":"",
"text":"",
"mid":"zad4z13sB",
"date":"2012-12-17 21:21:29"
},
{
"kids":[
"zadbZ4b5x"
],
"uid":"314790002",
"parent":"",
"text":"[lt切克鬧]",
"mid":"zad4gEurU",
"date":"2012-12-17 21:20:45"
},
{
"kids":[
"zadIO8l33"
],
"uid":"1916625955",
"parent":"",
"text":"莉莉玛莲有甘危险？？？",
"mid":"zad2i5V1Q",
"date":"2012-12-17 21:15:54"
},
{
"kids":[],
"uid":"nicole909",
"parent":"zad0vvSF4",
"text":"宜家d人真恐怖",
"mid":"zad1skqIr",
"date":"2012-12-17 21:13:49"
},
{
"kids":[
"zafFFx7ec",
"zad1skqIr"
],
"uid":"lqt2538",
"parent":"",
"text":"@神的孩子-eric 小心啊···",
"mid":"zad0vvSF4",
"date":"2012-12-17 21:11:28"
},
{
"kids":[],
"uid":"lzag008",
"parent":"",
"text":"[哈哈]",
"mid":"zad0lt2Ls",
"date":"2012-12-17 21:11:03"
},
{
"kids":[],
"uid":"1870454242",
"parent":"",
"text":"强大了！！",
"mid":"zacZcyvc7",
"date":"2012-12-17 21:08:17"
},
{
"kids":[],
"uid":"dadaga",
"parent":"zacSfqcu8",
"text":"[生病]得人怕",
"mid":"zacYNbJaK",
"date":"2012-12-17 21:07:16"
},
{
"kids":[],
"uid":"2009090547",
"parent":"",
"text":"",
"mid":"zacXwfJw9",
"date":"2012-12-17 21:04:09"
},
{
"kids":[],
"uid":"magimagic",
"parent":"",
"text":"[吃惊]",
"mid":"zacWC7ODD",
"date":"2012-12-17 21:01:54"
},
{
"kids":[],
"uid":"2731370783",
"parent":"",
"text":"@小闷瓜子",
"mid":"zacWlyFOm",
"date":"2012-12-17 21:01:14"
},
{
"kids":[],
"uid":"1922074040",
"parent":"",
"text":"可怕",
"mid":"zacW7Fggr",
"date":"2012-12-17 21:00:42"
},
{
"kids":[],
"uid":"2205031377",
"parent":"",
"text":"",
"mid":"zacUYbFjW",
"date":"2012-12-17 20:57:51"
},
{
"kids":[],
"uid":"lmymimimi",
"parent":"",
"text":"好恐怖",
"mid":"zacUSwz83",
"date":"2012-12-17 20:57:38"
},
{
"kids":[],
"uid":"2751074683",
"parent":"",
"text":"[黑线]",
"mid":"zacUNfAyV",
"date":"2012-12-17 20:57:23"
},
{
"kids":[],
"uid":"2136805331",
"parent":"",
"text":"",
"mid":"zacUAetZg",
"date":"2012-12-17 20:56:54"
},
{
"kids":[],
"uid":"2549485387",
"parent":"",
"text":"[生病][生病][生病][生病]真系几重口味",
"mid":"zacUyrZP5",
"date":"2012-12-17 20:56:49"
},
{
"kids":[],
"uid":"2054631973",
"parent":"",
"text":"大家切記！別亂溝女 ..好恐怖好恐怖",
"mid":"zacU2fpiC",
"date":"2012-12-17 20:55:34"
},
{
"kids":[],
"uid":"1989110093",
"parent":"",
"text":"",
"mid":"zacTT6KWA",
"date":"2012-12-17 20:55:11"
},
{
"kids":[],
"uid":"1715950675",
"parent":"",
"text":"",
"mid":"zacTEmLyP",
"date":"2012-12-17 20:54:36"
},
{
"kids":[],
"uid":"emma1007",
"parent":"",
"text":"[吃惊][吃惊]",
"mid":"zacTmBKFC",
"date":"2012-12-17 20:53:54"
},
{
"kids":[],
"uid":"1778195175",
"parent":"",
"text":"鸡鸡没了[汗]",
"mid":"zacTeiQ1N",
"date":"2012-12-17 20:53:33"
},
{
"kids":[],
"uid":"2660127411",
"parent":"",
"text":"爱出去玩的男人引以为戒！",
"mid":"zacSLozxo",
"date":"2012-12-17 20:52:24"
},
{
"kids":[],
"uid":"2470295310",
"parent":"",
"text":"",
"mid":"zacSGCjjl",
"date":"2012-12-17 20:52:13"
},
{
"kids":[],
"uid":"2005075997",
"parent":"",
"text":"",
"mid":"zacSFrsZo",
"date":"2012-12-17 20:52:11"
},
{
"kids":[
"zacYNbJaK"
],
"uid":"2273141382",
"parent":"",
"text":"鸡毁人亡",
"mid":"zacSfqcu8",
"date":"2012-12-17 20:51:09"
},
{
"kids":[],
"uid":"hjy0222",
"parent":"",
"text":"@vitasty @BEN--C生 @陳達彬 @俊jun-",
"mid":"zacS7aN7N",
"date":"2012-12-17 20:50:49"
},
{
"kids":[],
"uid":"1781043267",
"parent":"",
"text":"",
"mid":"zacRYhRoQ",
"date":"2012-12-17 20:50:26"
},
{
"kids":[],
"uid":"1918315007",
"parent":"",
"text":"轉發微博",
"mid":"zacRLzihl",
"date":"2012-12-17 20:49:58"
},
{
"kids":[],
"uid":"1651890160",
"parent":"",
"text":"",
"mid":"zacR76mBz",
"date":"2012-12-17 20:48:20"
}
]