[
{
"kids":[],
"uid":"dickson1208850782",
"parent":"",
"text":"[哼]",
"mid":"A5uTYCVwf",
"date":"2013-08-19 20:17:38"
},
{
"kids":[],
"uid":"1665624035",
"parent":"zpNvhEWv1",
"text":"将成为法律界的经典案例 ！/@不渡众生2643655325: 转发微博",
"mid":"zpOgHvQ65",
"date":"2013-03-30 11:37:33"
},
{
"kids":[],
"uid":"1740805354",
"parent":"zpNvhEWv1",
"text":"",
"mid":"zpNAXx3kW",
"date":"2013-03-30 09:54:45"
},
{
"kids":[
"zpOgHvQ65",
"zpNAXx3kW"
],
"uid":"2643655325",
"parent":"",
"text":"",
"mid":"zpNvhEWv1",
"date":"2013-03-30 09:40:45"
},
{
"kids":[],
"uid":"1583919685",
"parent":"z6JsxEmVn",
"text":"",
"mid":"zeQabvdnz",
"date":"2013-01-17 08:13:41"
},
{
"kids":[],
"uid":"1778551642",
"parent":"z6JsxEmVn",
"text":"",
"mid":"zeF3mCbGt",
"date":"2013-01-16 03:56:40"
},
{
"kids":[],
"uid":"2805170694",
"parent":"z6JsxEmVn",
"text":"",
"mid":"zexBG3Jvc",
"date":"2013-01-15 08:59:13"
},
{
"kids":[],
"uid":"2809401822",
"parent":"z6JsxEmVn",
"text":"",
"mid":"zemTCwm61",
"date":"2013-01-14 05:43:13"
},
{
"kids":[],
"uid":"1583923237",
"parent":"z6JsxEmVn",
"text":"",
"mid":"zdAonfdP3",
"date":"2013-01-09 02:14:23"
},
{
"kids":[],
"uid":"2790107994",
"parent":"z6JsxEmVn",
"text":"",
"mid":"zds1I36tZ",
"date":"2013-01-08 04:56:34"
},
{
"kids":[],
"uid":"2549210661",
"parent":"",
"text":"",
"mid":"zal7hgtp4",
"date":"2012-12-18 17:50:10"
},
{
"kids":[],
"uid":"bojack",
"parent":"",
"text":"WTF is wrong with this helll hole...",
"mid":"zaam7qQGS",
"date":"2012-12-17 14:26:30"
},
{
"kids":[],
"uid":"1582752192",
"parent":"z6Id7mLWv",
"text":"",
"mid":"z8uUpgdkO",
"date":"2012-12-06 15:05:16"
},
{
"kids":[],
"uid":"1727918195",
"parent":"z6Id7mLWv",
"text":"",
"mid":"z8uUoFLQo",
"date":"2012-12-06 15:05:16"
},
{
"kids":[],
"uid":"1560961652",
"parent":"z6GEr0iEx",
"text":"",
"mid":"z8uDAbCzB",
"date":"2012-12-06 14:23:49"
},
{
"kids":[],
"uid":"3167110933",
"parent":"z8tpuCm4L",
"text":"",
"mid":"z8tXyystm",
"date":"2012-12-06 12:40:19"
},
{
"kids":[
"z8tXyystm"
],
"uid":"2708765787",
"parent":"",
"text":"@手机用户1008646663 @叫我冰儿",
"mid":"z8tpuCm4L",
"date":"2012-12-06 11:16:22"
},
{
"kids":[],
"uid":"1883152441",
"parent":"z6HPPk1VP",
"text":"真假？",
"mid":"z8qlne5YW",
"date":"2012-12-06 03:28:00"
},
{
"kids":[],
"uid":"2920435922",
"parent":"z6GEr0iEx",
"text":"",
"mid":"z8j8HDGYd",
"date":"2012-12-05 09:07:33"
},
{
"kids":[],
"uid":"2919419554",
"parent":"z6GEr0iEx",
"text":"",
"mid":"z8j8HDGVA",
"date":"2012-12-05 09:07:33"
},
{
"kids":[],
"uid":"2946435235",
"parent":"",
"text":"",
"mid":"z87N0AJwL",
"date":"2012-12-04 04:13:54"
},
{
"kids":[],
"uid":"2932773261",
"parent":"",
"text":"",
"mid":"z85h45lGV",
"date":"2012-12-03 21:49:40"
},
{
"kids":[],
"uid":"2920158200",
"parent":"z7gQTEdib",
"text":"",
"mid":"z7EawAkBV",
"date":"2012-12-01 00:49:25"
},
{
"kids":[],
"uid":"2789973814",
"parent":"z6GEr0iEx",
"text":"",
"mid":"z7C6zdBfv",
"date":"2012-11-30 19:34:09"
},
{
"kids":[],
"uid":"lesliecanada",
"parent":"z6HRAl3RD",
"text":"Sad",
"mid":"z7q183cHD",
"date":"2012-11-29 12:47:49"
},
{
"kids":[],
"uid":"2789792120",
"parent":"z6GEr0iEx",
"text":"",
"mid":"z7oYoB7on",
"date":"2012-11-29 10:08:20"
},
{
"kids":[],
"uid":"1520015414",
"parent":"z6GEr0iEx",
"text":"",
"mid":"z7oYojwe9",
"date":"2012-11-29 10:08:21"
},
{
"kids":[],
"uid":"1582603163",
"parent":"z7bLwp3iG",
"text":"",
"mid":"z7mZc8nHN",
"date":"2012-11-29 05:04:48"
},
{
"kids":[],
"uid":"2805341440",
"parent":"z7bLwp3iG",
"text":"",
"mid":"z7mZbwK1k",
"date":"2012-11-29 05:04:48"
},
{
"kids":[],
"uid":"1584086553",
"parent":"z7gQTEdib",
"text":"",
"mid":"z7mWW6fNb",
"date":"2012-11-29 04:59:14"
},
{
"kids":[],
"uid":"2919406082",
"parent":"z7gQTEdib",
"text":"",
"mid":"z7mWW5xu8",
"date":"2012-11-29 04:59:14"
},
{
"kids":[],
"uid":"2774404833",
"parent":"z7j3k7T8V",
"text":"",
"mid":"z7kgb6KqB",
"date":"2012-11-28 22:08:25"
},
{
"kids":[],
"uid":"pandagay",
"parent":"",
"text":"[怒][怒][怒][怒][怒][怒][抓狂][抓狂][抓狂][抓狂][抓狂][抓狂][抓狂][抓狂][抓狂]",
"mid":"z7jeN4TyA",
"date":"2012-11-28 19:32:14"
},
{
"kids":[
"z7kgb6KqB"
],
"uid":"1620368060",
"parent":"z7iZnacQu",
"text":"",
"mid":"z7j3k7T8V",
"date":"2012-11-28 19:04:00"
},
{
"kids":[
"z7j3k7T8V"
],
"uid":"2012019127",
"parent":"z7hgTzgqS",
"text":"",
"mid":"z7iZnacQu",
"date":"2012-11-28 18:54:16"
},
{
"kids":[],
"uid":"2033350544",
"parent":"z7fMGofvs",
"text":"",
"mid":"z7i51yfCj",
"date":"2012-11-28 16:35:27"
},
{
"kids":[
"z7iZnacQu"
],
"uid":"1403655134",
"parent":"z7fNkzwGf",
"text":"",
"mid":"z7hgTzgqS",
"date":"2012-11-28 14:31:56"
},
{
"kids":[],
"uid":"2834215724",
"parent":"z7fQG2nSY",
"text":"[吃惊][吃惊][吃惊][衰]顶……咩道理来架？俾人强奸唔配合都有罪，唔通女人生出来就注定要俾男人强奸架哇！[怒][怒][汗][汗][汗]",
"mid":"z7h2JF237",
"date":"2012-11-28 13:57:03"
},
{
"kids":[],
"uid":"2139365325",
"parent":"z7gRZkGV7",
"text":"",
"mid":"z7gWoEiJk",
"date":"2012-11-28 13:41:27"
},
{
"kids":[
"z7gWoEiJk"
],
"uid":"allenking8418",
"parent":"z7gFG4D59",
"text":"请新浪为今后的不实信息举证！凭什么小秘书说是假的就是假的？我们都知道小秘书是个什么货色。如果这信息为真，建议所有有上司的男人别让老婆去单位，父亲别让女儿当公务员。",
"mid":"z7gRZkGV7",
"date":"2012-11-28 13:30:35"
},
{
"kids":[],
"uid":"2545625317",
"parent":"z7gPJyRRb",
"text":"",
"mid":"z7gQVrWHK",
"date":"2012-11-28 13:27:56"
},
{
"kids":[
"z7EawAkBV",
"z7mWW6fNb",
"z7mWW5xu8"
],
"uid":"1885231235",
"parent":"z7gPJyRRb",
"text":"我要是为了预防外一让他带套的话……那特么是不是算我强奸他了？？",
"mid":"z7gQTEdib",
"date":"2012-11-28 13:27:54"
},
{
"kids":[
"z7gQVrWHK",
"z7gQTEdib"
],
"uid":"danmoguiji",
"parent":"z7gFG4D59",
"text":"可以这样理解，不过你要注意一点，人家带套还他妈的不算强奸啊！！！",
"mid":"z7gPJyRRb",
"date":"2012-11-28 13:25:02"
},
{
"kids":[],
"uid":"2293115437",
"parent":"z7gFG4D59",
"text":"",
"mid":"z7gP02FeT",
"date":"2012-11-28 13:23:13"
},
{
"kids":[],
"uid":"2270445964",
"parent":"z7fNJpWIv",
"text":"逗",
"mid":"z7gHYbZtY",
"date":"2012-11-28 13:05:54"
},
{
"kids":[
"z7gRZkGV7",
"z7gPJyRRb",
"z7gP02FeT"
],
"uid":"1885231235",
"parent":"z7geEDrXq",
"text":"这意思是说……以后如果不幸遇见别人想强奸自己，为了避免过失，我特么的还得配合他，还得让他爽了呗？我操特么的！！[弱]",
"mid":"z7gFG4D59",
"date":"2012-11-28 13:00:15"
},
{
"kids":[],
"uid":"2384952675",
"parent":"z7fNkzwGf",
"text":"",
"mid":"z7gAeBOAZ",
"date":"2012-11-28 12:46:52"
},
{
"kids":[],
"uid":"2120266065",
"parent":"z7fO71Wc0",
"text":"",
"mid":"z7gnEempv",
"date":"2012-11-28 12:15:48"
},
{
"kids":[],
"uid":"1974053133",
"parent":"z7fNUAZsM",
"text":"？！！",
"mid":"z7gku2rTv",
"date":"2012-11-28 12:08:02"
},
{
"kids":[],
"uid":"caidanfeng",
"parent":"z7fMGofvs",
"text":"中国什么都有",
"mid":"z7gjeD8FO",
"date":"2012-11-28 12:04:56"
},
{
"kids":[
"z7gFG4D59"
],
"uid":"danmoguiji",
"parent":"z7fY0dPtP",
"text":"这傻逼死得真壮烈！",
"mid":"z7geEDrXq",
"date":"2012-11-28 11:53:40"
},
{
"kids":[],
"uid":"2790017954",
"parent":"z7g1IDk4c",
"text":"",
"mid":"z7gdg3WNG",
"date":"2012-11-28 11:50:12"
},
{
"kids":[],
"uid":"2929087413",
"parent":"",
"text":"中国现象，世界奇闻！",
"mid":"z7g8HzJUB",
"date":"2012-11-28 11:39:01"
},
{
"kids":[],
"uid":"2418115161",
"parent":"z7fWlmqu4",
"text":"法官很生气，后果很严重！[呵呵]",
"mid":"z7g6x6oAu",
"date":"2012-11-28 11:33:40"
},
{
"kids":[],
"uid":"hongxiu016",
"parent":"z7fNYryCm",
"text":"法律跑哪儿去了？公道跑哪儿去了？",
"mid":"z7g5Z7n5O",
"date":"2012-11-28 11:32:20"
},
{
"kids":[
"z7gdg3WNG"
],
"uid":"1785334551",
"parent":"z7fXSwFb2",
"text":"相信是真的",
"mid":"z7g1IDk4c",
"date":"2012-11-28 11:21:49"
},
{
"kids":[],
"uid":"208575746",
"parent":"z7fLT4SnO",
"text":"犀鸠利[哈哈]",
"mid":"z7g1aoqDI",
"date":"2012-11-28 11:20:27"
},
{
"kids":[
"z7geEDrXq"
],
"uid":"1156694317",
"parent":"",
"text":"我操他妈公务员",
"mid":"z7fY0dPtP",
"date":"2012-11-28 11:12:39"
},
{
"kids":[
"z7g1IDk4c"
],
"uid":"2805165095",
"parent":"",
"text":"",
"mid":"z7fXSwFb2",
"date":"2012-11-28 11:12:22"
},
{
"kids":[],
"uid":"2797291782",
"parent":"",
"text":"@夏伊-景然@帥車007",
"mid":"z7fXKdfwa",
"date":"2012-11-28 11:12:01"
},
{
"kids":[],
"uid":"cxlww",
"parent":"z7fWlmqu4",
"text":"[疑问]",
"mid":"z7fXJ4Qy2",
"date":"2012-11-28 11:11:57"
},
{
"kids":[
"z7g6x6oAu",
"z7fXJ4Qy2"
],
"uid":"q13245659752",
"parent":"",
"text":"他奶奶的、",
"mid":"z7fWlmqu4",
"date":"2012-11-28 11:08:33"
},
{
"kids":[],
"uid":"2135188682",
"parent":"z7fNkzwGf",
"text":"",
"mid":"z7fVSpLkf",
"date":"2012-11-28 11:07:24"
},
{
"kids":[],
"uid":"jianyinghanxiang",
"parent":"",
"text":"中国式特色强奸。。。",
"mid":"z7fVGhzng",
"date":"2012-11-28 11:06:55"
},
{
"kids":[],
"uid":"1393020801",
"parent":"",
"text":"这个谣言传了有两年了吧？",
"mid":"z7fVg0LqS",
"date":"2012-11-28 11:05:53"
},
{
"kids":[],
"uid":"1750127057",
"parent":"z7fLSbDc2",
"text":"公检法的思维是“长得漂亮就得遭官员强暴”吗？现代公检法都是西门庆帮凶啊！",
"mid":"z7fTNxfm4",
"date":"2012-11-28 11:02:18"
},
{
"kids":[],
"uid":"roselara",
"parent":"",
"text":"这个，这个……",
"mid":"z7fRwjNcT",
"date":"2012-11-28 10:56:40"
},
{
"kids":[
"z7h2JF237"
],
"uid":"2190690425",
"parent":"",
"text":"真系会断噶喔[脸红]",
"mid":"z7fQG2nSY",
"date":"2012-11-28 10:54:36"
},
{
"kids":[],
"uid":"2718536163",
"parent":"",
"text":"可笑的司法、可笑的公权力！[草泥马][草泥马][草泥马]",
"mid":"z7fQdnjrS",
"date":"2012-11-28 10:53:28"
},
{
"kids":[],
"uid":"1767180720",
"parent":"z7fO0gKar",
"text":"艹。。。[怒]。。。尼玛，天朝真威武。。。",
"mid":"z7fQ5p5Sb",
"date":"2012-11-28 10:53:09"
},
{
"kids":[],
"uid":"2727715311",
"parent":"",
"text":"啊还有这样的法律",
"mid":"z7fPRbQBl",
"date":"2012-11-28 10:52:35"
},
{
"kids":[],
"uid":"3072310137",
"parent":"",
"text":"千年未有之罪，，，现中华古国如今。奇哉，怪哉，怨哉。。。。[泪]",
"mid":"z7fPIAUaY",
"date":"2012-11-28 10:52:15"
},
{
"kids":[],
"uid":"1196277117",
"parent":"",
"text":"阴茎被折断？？？哈哈哈哈哈",
"mid":"z7fPv4bVo",
"date":"2012-11-28 10:51:42"
},
{
"kids":[],
"uid":"sugar1983",
"parent":"",
"text":"假的",
"mid":"z7fO9ph4P",
"date":"2012-11-28 10:48:23"
},
{
"kids":[
"z7gnEempv"
],
"uid":"xchunjiang",
"parent":"",
"text":"有过报道，荒唐天朝[汗]",
"mid":"z7fO71Wc0",
"date":"2012-11-28 10:48:18"
},
{
"kids":[],
"uid":"2872203707",
"parent":"",
"text":"应该定一个不配合的罪名",
"mid":"z7fO4oW5l",
"date":"2012-11-28 10:48:11"
},
{
"kids":[],
"uid":"2011545301",
"parent":"",
"text":"",
"mid":"z7fO3uCwH",
"date":"2012-11-28 10:48:09"
},
{
"kids":[
"z7fQ5p5Sb"
],
"uid":"1840360983",
"parent":"",
"text":"缓刑最好，双方都有交代！",
"mid":"z7fO0gKar",
"date":"2012-11-28 10:48:01"
},
{
"kids":[],
"uid":"1395398717",
"parent":"",
"text":"",
"mid":"z7fNZ3csP",
"date":"2012-11-28 10:47:58"
},
{
"kids":[],
"uid":"ruobilin521",
"parent":"",
"text":"",
"mid":"z7fNYryGm",
"date":"2012-11-28 10:47:57"
},
{
"kids":[
"z7g5Z7n5O"
],
"uid":"1855760131",
"parent":"",
"text":"什么世道啊~",
"mid":"z7fNYryCm",
"date":"2012-11-28 10:47:56"
},
{
"kids":[],
"uid":"wjslaw",
"parent":"",
"text":"我很纳闷，总说不属实，为何却不删除？莫非新浪微博管理员弱智？",
"mid":"z7fNXBzqz",
"date":"2012-11-28 10:47:55"
},
{
"kids":[],
"uid":"2452574797",
"parent":"",
"text":"真脏真恶心。宁愿折死他，也不能让畜牲得逞！可惜天朝没地方说理。谁遇谁倒霉。",
"mid":"z7fNXB0th",
"date":"2012-11-28 10:47:55"
},
{
"kids":[],
"uid":"2287878542",
"parent":"",
"text":"",
"mid":"z7fNXjY5M",
"date":"2012-11-28 10:47:53"
},
{
"kids":[],
"uid":"2314150245",
"parent":"",
"text":"妈的 天理何在",
"mid":"z7fNX2mSP",
"date":"2012-11-28 10:47:54"
},
{
"kids":[
"z7gku2rTv"
],
"uid":"hanzhiyong",
"parent":"",
"text":"",
"mid":"z7fNUAZsM",
"date":"2012-11-28 10:47:47"
},
{
"kids":[],
"uid":"1927360633",
"parent":"",
"text":"",
"mid":"z7fNQer9E",
"date":"2012-11-28 10:47:36"
},
{
"kids":[],
"uid":"1062337353",
"parent":"",
"text":"",
"mid":"z7fNOrWHs",
"date":"2012-11-28 10:47:33"
},
{
"kids":[
"z7gHYbZtY"
],
"uid":"1782958767",
"parent":"",
"text":"@单细胞体cici [哈哈]",
"mid":"z7fNJpWIv",
"date":"2012-11-28 10:47:21"
},
{
"kids":[],
"uid":"yuexiang123",
"parent":"",
"text":"以后一定要配合！",
"mid":"z7fNHjf9w",
"date":"2012-11-28 10:47:17"
},
{
"kids":[],
"uid":"2154920095",
"parent":"",
"text":"",
"mid":"z7fNGa37d",
"date":"2012-11-28 10:47:13"
},
{
"kids":[],
"uid":"2281295740",
"parent":"",
"text":"千古奇冤",
"mid":"z7fNBqeQz",
"date":"2012-11-28 10:47:02"
},
{
"kids":[],
"uid":"1650681323",
"parent":"",
"text":"真TMD！",
"mid":"z7fNz62qX",
"date":"2012-11-28 10:46:56"
},
{
"kids":[],
"uid":"319270444",
"parent":"",
"text":"",
"mid":"z7fNxzFAg",
"date":"2012-11-28 10:46:52"
},
{
"kids":[],
"uid":"dfdll",
"parent":"",
"text":"这法官依据的是哪国的法律？",
"mid":"z7fNwqiEz",
"date":"2012-11-28 10:46:50"
},
{
"kids":[],
"uid":"1995022437",
"parent":"",
"text":"",
"mid":"z7fNulDDf",
"date":"2012-11-28 10:46:45"
},
{
"kids":[
"z7hgTzgqS",
"z7gAeBOAZ",
"z7fVSpLkf"
],
"uid":"tianquake",
"parent":"",
"text":"",
"mid":"z7fNkzwGf",
"date":"2012-11-28 10:46:21"
},
{
"kids":[],
"uid":"905626287",
"parent":"",
"text":"",
"mid":"z7fNk1acy",
"date":"2012-11-28 10:46:19"
},
{
"kids":[],
"uid":"zle001",
"parent":"",
"text":"这什么破法官！",
"mid":"z7fNitNlj",
"date":"2012-11-28 10:46:15"
},
{
"kids":[],
"uid":"cszjy",
"parent":"",
"text":"@ng_dante",
"mid":"z7fNclEGC",
"date":"2012-11-28 10:46:02"
},
{
"kids":[],
"uid":"chenyao1982",
"parent":"",
"text":"操",
"mid":"z7fN5eskH",
"date":"2012-11-28 10:45:45"
},
{
"kids":[],
"uid":"247920562",
"parent":"",
"text":"做爱有风险，强奸须谨慎[偷笑]",
"mid":"z7fN43BDM",
"date":"2012-11-28 10:45:41"
},
{
"kids":[],
"uid":"lawyerzhufeng",
"parent":"",
"text":"卧槽！！！！！",
"mid":"z7fMY6yLg",
"date":"2012-11-28 10:45:28"
},
{
"kids":[],
"uid":"1620824740",
"parent":"",
"text":"",
"mid":"z7fMMjyKM",
"date":"2012-11-28 10:44:59"
},
{
"kids":[
"z7i51yfCj",
"z7gjeD8FO"
],
"uid":"2830895214",
"parent":"",
"text":"",
"mid":"z7fMGofvs",
"date":"2012-11-28 10:44:46"
},
{
"kids":[],
"uid":"2334600521",
"parent":"",
"text":"",
"mid":"z7fMy7UuY",
"date":"2012-11-28 10:44:26"
},
{
"kids":[],
"uid":"2180841323",
"parent":"",
"text":"",
"mid":"z7fMvsLm3",
"date":"2012-11-28 10:44:19"
},
{
"kids":[],
"uid":"2047748465",
"parent":"",
"text":"中国特色社会主义 吗?!",
"mid":"z7fMsvq5X",
"date":"2012-11-28 10:44:13"
},
{
"kids":[],
"uid":"sallyynzhang",
"parent":"",
"text":"",
"mid":"z7fMbmxoy",
"date":"2012-11-28 10:43:33"
},
{
"kids":[],
"uid":"esotsm",
"parent":"",
"text":"必须假消息。[挖鼻屎]",
"mid":"z7fM92ZWh",
"date":"2012-11-28 10:43:25"
},
{
"kids":[],
"uid":"tornado1235",
"parent":"",
"text":"[威武]",
"mid":"z7fLW2dv6",
"date":"2012-11-28 10:42:55"
},
{
"kids":[
"z7g1aoqDI"
],
"uid":"1975779933",
"parent":"",
"text":"[怒]",
"mid":"z7fLT4SnO",
"date":"2012-11-28 10:42:48"
},
{
"kids":[
"z7fTNxfm4"
],
"uid":"2675398904",
"parent":"",
"text":"活该，",
"mid":"z7fLSbDc2",
"date":"2012-11-28 10:42:45"
},
{
"kids":[],
"uid":"1838047141",
"parent":"",
"text":"鸟罪",
"mid":"z7fLRgmeI",
"date":"2012-11-28 10:42:44"
},
{
"kids":[],
"uid":"2434307720",
"parent":"",
"text":"真相是什么[疑问]",
"mid":"z7fLJ0yy9",
"date":"2012-11-28 10:42:24"
},
{
"kids":[],
"uid":"2104250153",
"parent":"",
"text":"@冰与火320118 @无声歌者",
"mid":"z7fLHg5HY",
"date":"2012-11-28 10:42:19"
},
{
"kids":[],
"uid":"amekon",
"parent":"",
"text":"好湿",
"mid":"z7fLD7U1u",
"date":"2012-11-28 10:42:10"
},
{
"kids":[],
"uid":"1773154282",
"parent":"",
"text":"",
"mid":"z7fLBB17Z",
"date":"2012-11-28 10:42:07"
},
{
"kids":[],
"uid":"fenglinqwer",
"parent":"",
"text":"",
"mid":"z7fLxsQBb",
"date":"2012-11-28 10:41:57"
},
{
"kids":[],
"uid":"2091319091",
"parent":"",
"text":"",
"mid":"z7fLs9PVR",
"date":"2012-11-28 10:41:43"
},
{
"kids":[],
"uid":"chenh",
"parent":"",
"text":"",
"mid":"z7fLqmOTa",
"date":"2012-11-28 10:41:40"
},
{
"kids":[],
"uid":"1846755535",
"parent":"",
"text":"呵呵",
"mid":"z7fLpdSBg",
"date":"2012-11-28 10:41:36"
},
{
"kids":[],
"uid":"210008422",
"parent":"",
"text":"",
"mid":"z7fLpcvPz",
"date":"2012-11-28 10:41:37"
},
{
"kids":[],
"uid":"1767152464",
"parent":"",
"text":"",
"mid":"z7fLefV5S",
"date":"2012-11-28 10:41:11"
},
{
"kids":[],
"uid":"201251586",
"parent":"z7e1ObeEF",
"text":"着实缺钙，就这体质还有脸强奸",
"mid":"z7e3V3HYH",
"date":"2012-11-28 06:21:44"
},
{
"kids":[
"z7e3V3HYH"
],
"uid":"2631808725",
"parent":"z7aNXyRt6",
"text":"还不如雷正腐。人家还十二秒。",
"mid":"z7e1ObeEF",
"date":"2012-11-28 06:16:31"
},
{
"kids":[
"z7mZc8nHN",
"z7mZbwK1k"
],
"uid":"2134319445",
"parent":"z7aNYuodk",
"text":"第一次听，够新鲜！！！不配合强奸而犯罪！！！[围观][围观][围观][围观]",
"mid":"z7bLwp3iG",
"date":"2012-11-28 00:30:55"
},
{
"kids":[],
"uid":"1976666921",
"parent":"z6Gw5AZgx",
"text":"那公务员强奸必须得配合，不然咋都考公务员呢。/新闻虽老，但",
"mid":"z7bfDfmUo",
"date":"2012-11-27 23:12:18"
},
{
"kids":[],
"uid":"2176585794",
"parent":"",
"text":"什么法律",
"mid":"z7bcDEEGT",
"date":"2012-11-27 23:04:56"
},
{
"kids":[],
"uid":"2439289521",
"parent":"z6Ie2mzBl",
"text":"",
"mid":"z7aXH1i19",
"date":"2012-11-27 22:28:08"
},
{
"kids":[
"z7bLwp3iG"
],
"uid":"1987141884",
"parent":"",
"text":"[怒]",
"mid":"z7aNYuodk",
"date":"2012-11-27 22:04:14"
},
{
"kids":[
"z7e1ObeEF"
],
"uid":"2480811647",
"parent":"",
"text":"缺钙！",
"mid":"z7aNXyRt6",
"date":"2012-11-27 22:04:11"
},
{
"kids":[],
"uid":"loverela",
"parent":"z79Okl01M",
"text":"这也可以@elyn菜菜 @小胖妞GAGA",
"mid":"z79Pni1Hs",
"date":"2012-11-27 19:34:55"
},
{
"kids":[
"z79Pni1Hs"
],
"uid":"1005916473",
"parent":"",
"text":"新型罪行[话筒][弱]",
"mid":"z79Okl01M",
"date":"2012-11-27 19:32:20"
},
{
"kids":[],
"uid":"1990520345",
"parent":"z6GmiElss",
"text":"",
"mid":"z79N0a1uw",
"date":"2012-11-27 19:29:04"
},
{
"kids":[],
"uid":"2803409424",
"parent":"z77cToC7T",
"text":"",
"mid":"z79dWuBKs",
"date":"2012-11-27 18:02:42"
},
{
"kids":[],
"uid":"2803808220",
"parent":"z77cToC7T",
"text":"",
"mid":"z79dWuBII",
"date":"2012-11-27 18:02:41"
},
{
"kids":[],
"uid":"1769163684",
"parent":"z6I0rE9Qh",
"text":"...？",
"mid":"z78MrzI00",
"date":"2012-11-27 16:54:54"
},
{
"kids":[],
"uid":"2042616983",
"parent":"",
"text":"神奇的法律~",
"mid":"z77UZxXHU",
"date":"2012-11-27 14:43:16"
},
{
"kids":[],
"uid":"2772305421",
"parent":"",
"text":"官逼民反",
"mid":"z77H6tNvZ",
"date":"2012-11-27 14:09:03"
},
{
"kids":[],
"uid":"0123xjf",
"parent":"z776oCcph",
"text":"",
"mid":"z77dh4UNS",
"date":"2012-11-27 12:55:32"
},
{
"kids":[
"z79dWuBKs",
"z79dWuBII"
],
"uid":"1774730144",
"parent":"z76Ew3KVP",
"text":"不会这么搞笑吧？！大神！",
"mid":"z77cToC7T",
"date":"2012-11-27 12:54:36"
},
{
"kids":[],
"uid":"1900354884",
"parent":"z776oCcph",
"text":"哦买嘎，还有没有天理了",
"mid":"z779nBZuJ",
"date":"2012-11-27 12:45:57"
},
{
"kids":[
"z77dh4UNS",
"z779nBZuJ"
],
"uid":"1962337547",
"parent":"",
"text":"转发",
"mid":"z776oCcph",
"date":"2012-11-27 12:38:37"
},
{
"kids":[],
"uid":"1979002704",
"parent":"z76Fu07P0",
"text":"MLGB",
"mid":"z76Lo6fGH",
"date":"2012-11-27 11:46:51"
},
{
"kids":[
"z76Lo6fGH"
],
"uid":"577448795",
"parent":"z76Ew3KVP",
"text":"",
"mid":"z76Fu07P0",
"date":"2012-11-27 11:32:18"
},
{
"kids":[
"z77cToC7T",
"z76Fu07P0"
],
"uid":"2288403424",
"parent":"",
"text":"新的罪名------不配合强奸罪",
"mid":"z76Ew3KVP",
"date":"2012-11-27 11:29:55"
},
{
"kids":[],
"uid":"2426599143",
"parent":"",
"text":"疑问][疑问][疑问][疑问]",
"mid":"z75UIBZwO",
"date":"2012-11-27 09:37:06"
},
{
"kids":[],
"uid":"123581002",
"parent":"z70Ahx7ar",
"text":"[吃惊]",
"mid":"z71sprMdv",
"date":"2012-11-26 22:16:19"
},
{
"kids":[],
"uid":"changweidonglawyer",
"parent":"z70uisLgA",
"text":"正当防卫！",
"mid":"z718CBrxB",
"date":"2012-11-26 21:27:35"
},
{
"kids":[
"z71sprMdv"
],
"uid":"2157077565",
"parent":"z70uisLgA",
"text":"如果是真，这法官恐怕得下岗了。",
"mid":"z70Ahx7ar",
"date":"2012-11-26 20:03:01"
},
{
"kids":[
"z718CBrxB",
"z70Ahx7ar"
],
"uid":"50627769",
"parent":"z70mEdeSQ",
"text":"神逻辑。。。某些人的脑袋被驴踢了吧",
"mid":"z70uisLgA",
"date":"2012-11-26 19:48:14"
},
{
"kids":[],
"uid":"2784180585",
"parent":"z70kB6DX3",
"text":"[握手]",
"mid":"z70r4pfSd",
"date":"2012-11-26 19:40:19"
},
{
"kids":[
"z70uisLgA"
],
"uid":"njlvshi",
"parent":"",
"text":"",
"mid":"z70mEdeSQ",
"date":"2012-11-26 19:29:25"
},
{
"kids":[
"z70r4pfSd"
],
"uid":"1605921160",
"parent":"z6GbHtEIb",
"text":"回复@江南叶孤帆:我明天到洛阳洛龙法院开庭，顺便问问这种蹊跷事",
"mid":"z70kB6DX3",
"date":"2012-11-26 19:24:23"
},
{
"kids":[],
"uid":"1589128150",
"parent":"",
"text":"",
"mid":"z6Z0UlCiJ",
"date":"2012-11-26 16:03:07"
},
{
"kids":[],
"uid":"cghuajiang",
"parent":"z6HAbb78p",
"text":"",
"mid":"z6X03mYlj",
"date":"2012-11-26 10:55:31"
},
{
"kids":[],
"uid":"wh888888",
"parent":"",
"text":"",
"mid":"z6WQQbI8H",
"date":"2012-11-26 10:32:49"
},
{
"kids":[],
"uid":"1581741654",
"parent":"",
"text":"",
"mid":"z6WJj01aY",
"date":"2012-11-26 10:14:14"
},
{
"kids":[],
"uid":"2919294260",
"parent":"z6GAYd1Qk",
"text":"",
"mid":"z6VDvAYtH",
"date":"2012-11-26 07:27:14"
},
{
"kids":[],
"uid":"3072230803",
"parent":"z6IEm4xY7",
"text":"",
"mid":"z6TtfBqOy",
"date":"2012-11-26 01:56:28"
},
{
"kids":[],
"uid":"2820820782",
"parent":"z6Ie2mzBl",
"text":"",
"mid":"z6SKRqC8u",
"date":"2012-11-26 00:07:06"
},
{
"kids":[],
"uid":"3040166833",
"parent":"",
"text":"",
"mid":"z6RLSzE15",
"date":"2012-11-25 21:36:52"
},
{
"kids":[],
"uid":"1109641803",
"parent":"",
"text":"",
"mid":"z6RssqQIp",
"date":"2012-11-25 20:49:02"
},
{
"kids":[],
"uid":"2824318973",
"parent":"",
"text":"还有这事啊 [汗] 居然还有这种法院如此判决。[怒]",
"mid":"z6Rl1aysC",
"date":"2012-11-25 20:30:42"
},
{
"kids":[],
"uid":"2023525952",
"parent":"",
"text":"",
"mid":"z6QD0Ayhd",
"date":"2012-11-25 18:42:16"
},
{
"kids":[],
"uid":"laopan1948",
"parent":"",
"text":"女子用刀反杀强奸者判何罪请教@迟夙生律师 。/诗评天下新浪还能判定为不实！/@547P狼@人权观查员@汉江钓客18: 确实报道过这句“不实消息”真正不实。/@dnhl: 这个新闻报道过是真的啊！怎么成了不实呢？！",
"mid":"z6Qzy8tcc",
"date":"2012-11-25 18:33:44"
},
{
"kids":[],
"uid":"2662122153",
"parent":"",
"text":"",
"mid":"z6QwJsh3P",
"date":"2012-11-25 18:26:48"
},
{
"kids":[],
"uid":"2709048780",
"parent":"",
"text":"",
"mid":"z6PXt64PF",
"date":"2012-11-25 16:59:55"
},
{
"kids":[],
"uid":"2463345705",
"parent":"z6HypwfJy",
"text":"这个必须是假新闻。",
"mid":"z6PJaEsup",
"date":"2012-11-25 16:24:40"
},
{
"kids":[],
"uid":"2529764251",
"parent":"z6Nse3FkY",
"text":"应该无罪，这都什么世道呀，那是自卫，",
"mid":"z6PdBBmSb",
"date":"2012-11-25 15:06:56"
},
{
"kids":[],
"uid":"2948912345",
"parent":"z6IiXE3oB",
"text":"[偷笑]",
"mid":"z6OSvswqa",
"date":"2012-11-25 14:14:57"
},
{
"kids":[],
"uid":"2164968011",
"parent":"z6LIAFpUf",
"text":"",
"mid":"z6ONHipXE",
"date":"2012-11-25 14:03:06"
},
{
"kids":[],
"uid":"1235598195",
"parent":"z6LIAFpUf",
"text":"",
"mid":"z6OG4uHJy",
"date":"2012-11-25 13:44:20"
},
{
"kids":[],
"uid":"1779825801",
"parent":"z6HypwfJy",
"text":"辟谣辟的真快啊。。。[汗]",
"mid":"z6ODOt3q0",
"date":"2012-11-25 13:38:45"
},
{
"kids":[],
"uid":"1048153285",
"parent":"z6Gl8yXOZ",
"text":"",
"mid":"z6OpVEC3D",
"date":"2012-11-25 13:04:33"
},
{
"kids":[],
"uid":"1095423423",
"parent":"z6NvEvSGe",
"text":"天朝又一奇闻[怒][打针][药]",
"mid":"z6OnodDjZ",
"date":"2012-11-25 12:58:16"
},
{
"kids":[],
"uid":"1976666921",
"parent":"",
"text":"",
"mid":"z6OfNsSdv",
"date":"2012-11-25 12:39:35"
},
{
"kids":[],
"uid":"2417593322",
"parent":"z6Gw5AZgx",
"text":"",
"mid":"z6OeHdZr6",
"date":"2012-11-25 12:36:52"
},
{
"kids":[],
"uid":"3089674473",
"parent":"z6JbiegIx",
"text":"",
"mid":"z6NQN1g22",
"date":"2012-11-25 11:37:56"
},
{
"kids":[],
"uid":"1858989342",
"parent":"",
"text":"这种审判不怕天打雷劈阿",
"mid":"z6NO5dGvZ",
"date":"2012-11-25 11:31:18"
},
{
"kids":[],
"uid":"1734009040",
"parent":"z6HRAl3RD",
"text":"是否失实信息，网民是会查的，并不是某个机构说不是就不是",
"mid":"z6NH5Fw9D",
"date":"2012-11-25 11:14:05"
},
{
"kids":[],
"uid":"2875429715",
"parent":"",
"text":"什么世道[晕]",
"mid":"z6NAVlM1f",
"date":"2012-11-25 10:58:53"
},
{
"kids":[],
"uid":"1681777942",
"parent":"",
"text":"转吧",
"mid":"z6NywEROZ",
"date":"2012-11-25 10:52:59"
},
{
"kids":[
"z6OnodDjZ"
],
"uid":"lifengbeijing",
"parent":"z6KSybXac",
"text":"[怒]",
"mid":"z6NvEvSGe",
"date":"2012-11-25 10:45:54"
},
{
"kids":[],
"uid":"1558259140",
"parent":"",
"text":"",
"mid":"z6Nvc8DFy",
"date":"2012-11-25 10:44:45"
},
{
"kids":[],
"uid":"1498984025",
"parent":"z6He6trdd",
"text":"只会出现在天朝",
"mid":"z6Nt7BptT",
"date":"2012-11-25 10:39:39"
},
{
"kids":[
"z6PdBBmSb"
],
"uid":"2861470573",
"parent":"z6Npx8RO6",
"text":"什么呀",
"mid":"z6Nse3FkY",
"date":"2012-11-25 10:37:27"
},
{
"kids":[],
"uid":"1831743832",
"parent":"",
"text":"",
"mid":"z6NrHx5zI",
"date":"2012-11-25 10:36:10"
},
{
"kids":[
"z6Nse3FkY"
],
"uid":"1857018661",
"parent":"z6GywBBSH",
"text":"哈哈！",
"mid":"z6Npx8RO6",
"date":"2012-11-25 10:30:48"
},
{
"kids":[],
"uid":"1719835301",
"parent":"",
"text":"",
"mid":"z6NdLdOOj",
"date":"2012-11-25 10:01:50"
},
{
"kids":[],
"uid":"3096631015",
"parent":"z6H6GDBaJ",
"text":"",
"mid":"z6NcOqrPq",
"date":"2012-11-25 09:59:30"
},
{
"kids":[],
"uid":"2864246723",
"parent":"z6HSil5V1",
"text":"",
"mid":"z6N7YefCL",
"date":"2012-11-25 09:47:32"
},
{
"kids":[],
"uid":"2919985580",
"parent":"z6GnXu9S9",
"text":"",
"mid":"z6N59yKGw",
"date":"2012-11-25 09:40:36"
},
{
"kids":[],
"uid":"1826131710",
"parent":"z6Ie2mzBl",
"text":"",
"mid":"z6N2NzWgF",
"date":"2012-11-25 09:34:48"
},
{
"kids":[],
"uid":"2626440135",
"parent":"",
"text":"哈哈",
"mid":"z6MUGon4s",
"date":"2012-11-25 09:14:49"
},
{
"kids":[],
"uid":"2919833962",
"parent":"z6IwArRRg",
"text":"",
"mid":"z6MTYlCGf",
"date":"2012-11-25 09:13:04"
},
{
"kids":[],
"uid":"2653414244",
"parent":"",
"text":"肯定是有侵犯难道政府官员可以随便强奸！",
"mid":"z6MTt1kue",
"date":"2012-11-25 09:11:48"
},
{
"kids":[],
"uid":"rickysf",
"parent":"",
"text":"转发微博。",
"mid":"z6MT3Dpuq",
"date":"2012-11-25 09:10:49"
},
{
"kids":[],
"uid":"3076001133",
"parent":"",
"text":"",
"mid":"z6MSi2XhK",
"date":"2012-11-25 09:08:56"
},
{
"kids":[],
"uid":"2131653383",
"parent":"z6KSybXac",
"text":"真的假的？",
"mid":"z6MMKmzRz",
"date":"2012-11-25 08:55:16"
},
{
"kids":[],
"uid":"2919505802",
"parent":"",
"text":"",
"mid":"z6MM0zjkc",
"date":"2012-11-25 08:53:27"
},
{
"kids":[],
"uid":"2805175440",
"parent":"",
"text":"",
"mid":"z6MM0yiDJ",
"date":"2012-11-25 08:53:26"
},
{
"kids":[],
"uid":"2255602410",
"parent":"",
"text":"妈逼，要知道自己坐牢，配合一下就是对方坐牢。不如叫法官女儿试试看。",
"mid":"z6MCryOQR",
"date":"2012-11-25 08:29:53"
},
{
"kids":[],
"uid":"2904502465",
"parent":"z6Gpz4q8g",
"text":"[浮云]",
"mid":"z6Mw83jWk",
"date":"2012-11-25 08:14:19"
},
{
"kids":[],
"uid":"1921714951",
"parent":"z6LIAFpUf",
"text":"如实的话，礼乐崩坏颠倒黑白",
"mid":"z6MryiMKC",
"date":"2012-11-25 08:03:03"
},
{
"kids":[],
"uid":"1911561610",
"parent":"",
"text":"严重质疑消息真伪",
"mid":"z6MfZut1b",
"date":"2012-11-25 07:34:34"
},
{
"kids":[],
"uid":"1745413600",
"parent":"z6KSybXac",
"text":"",
"mid":"z6MeBt3Gq",
"date":"2012-11-25 07:31:08"
},
{
"kids":[],
"uid":"marsblog",
"parent":"z6LIAFpUf",
"text":"求辟谣",
"mid":"z6Me1q1iP",
"date":"2012-11-25 07:29:43"
},
{
"kids":[],
"uid":"2105304793",
"parent":"z6LYyiMRj",
"text":"",
"mid":"z6M9WexPj",
"date":"2012-11-25 07:19:39"
},
{
"kids":[],
"uid":"1702219010",
"parent":"",
"text":"",
"mid":"z6M49rtm1",
"date":"2012-11-25 07:05:24"
},
{
"kids":[],
"uid":"1494361021",
"parent":"z6LIAFpUf",
"text":"",
"mid":"z6M1z0jOr",
"date":"2012-11-25 06:59:01"
},
{
"kids":[],
"uid":"2147598485",
"parent":"z6LIAFpUf",
"text":"",
"mid":"z6LYDgjwo",
"date":"2012-11-25 06:51:47"
},
{
"kids":[
"z6M9WexPj"
],
"uid":"littlerabbit916",
"parent":"z6KSybXac",
"text":"@Enid是胖菁菁 新案例！",
"mid":"z6LYyiMRj",
"date":"2012-11-25 06:51:35"
},
{
"kids":[
"z6ONHipXE",
"z6OG4uHJy",
"z6MryiMKC",
"z6Me1q1iP",
"z6M1z0jOr",
"z6LYDgjwo"
],
"uid":"chensijin",
"parent":"",
"text":"质疑这条围脖的真伪。如果真有其事，那还有“正当防卫”吗？",
"mid":"z6LIAFpUf",
"date":"2012-11-25 06:12:17"
},
{
"kids":[],
"uid":"2381528857",
"parent":"",
"text":"",
"mid":"z6Lxl0Ikk",
"date":"2012-11-25 05:44:33"
},
{
"kids":[],
"uid":"2628024860",
"parent":"",
"text":"神国法官！应该判此法官终生不许当法官！！！",
"mid":"z6Lh9cyXm",
"date":"2012-11-25 05:04:40"
},
{
"kids":[
"z6NvEvSGe",
"z6MMKmzRz",
"z6MeBt3Gq",
"z6LYyiMRj"
],
"uid":"alwaysgood",
"parent":"",
"text":"[怒][怒][怒]",
"mid":"z6KSybXac",
"date":"2012-11-25 04:04:04"
},
{
"kids":[],
"uid":"1872043462",
"parent":"z6JZorwnY",
"text":"",
"mid":"z6KQPuwdE",
"date":"2012-11-25 03:59:50"
},
{
"kids":[],
"uid":"2288469667",
"parent":"z6Jnfm3q0",
"text":"她不但无罪而且有功，为地方除去一害[good]",
"mid":"z6KFkbhDi",
"date":"2012-11-25 03:31:30"
},
{
"kids":[],
"uid":"julie7855",
"parent":"",
"text":"",
"mid":"z6KpJDbda",
"date":"2012-11-25 02:53:05"
},
{
"kids":[],
"uid":"1458504807",
"parent":"",
"text":"公权力真乃无耻至极",
"mid":"z6Kpxv3xU",
"date":"2012-11-25 02:52:36"
},
{
"kids":[],
"uid":"2251707717",
"parent":"",
"text":"[吃惊]",
"mid":"z6KoKbwJS",
"date":"2012-11-25 02:50:37"
},
{
"kids":[],
"uid":"2805386404",
"parent":"z6HKigd9R",
"text":"",
"mid":"z6KemhN9O",
"date":"2012-11-25 02:25:03"
},
{
"kids":[],
"uid":"lihaibingart",
"parent":"z6JZorwnY",
"text":"",
"mid":"z6K9jDhNJ",
"date":"2012-11-25 02:12:38"
},
{
"kids":[],
"uid":"2673311257",
"parent":"z6G5Q2wSR",
"text":"",
"mid":"z6K66wGGX",
"date":"2012-11-25 02:04:43"
},
{
"kids":[],
"uid":"2406867461",
"parent":"z6JZorwnY",
"text":"不可思议",
"mid":"z6K1efCvg",
"date":"2012-11-25 01:52:41"
},
{
"kids":[
"z6KQPuwdE",
"z6K9jDhNJ",
"z6K1efCvg"
],
"uid":"1053247553",
"parent":"z6Ie2mzBl",
"text":"",
"mid":"z6JZorwnY",
"date":"2012-11-25 01:48:11"
},
{
"kids":[],
"uid":"haitian920",
"parent":"z6Ie2mzBl",
"text":"",
"mid":"z6JUtdvlv",
"date":"2012-11-25 01:36:03"
},
{
"kids":[],
"uid":"2291963425",
"parent":"",
"text":"",
"mid":"z6JUc6hbs",
"date":"2012-11-25 01:35:22"
},
{
"kids":[],
"uid":"2505266361",
"parent":"",
"text":"",
"mid":"z6JHJE1Qv",
"date":"2012-11-25 01:04:41"
},
{
"kids":[],
"uid":"2022389473",
"parent":"",
"text":"如果是真的。。。也许就是真的",
"mid":"z6JDpCUND",
"date":"2012-11-25 00:54:01"
},
{
"kids":[],
"uid":"1403045463",
"parent":"",
"text":"转发微博。",
"mid":"z6JAy29Wb",
"date":"2012-11-25 00:46:58"
},
{
"kids":[],
"uid":"milu940816",
"parent":"z6Jwuypcd",
"text":"",
"mid":"z6Jyp7Eb5",
"date":"2012-11-25 00:41:41"
},
{
"kids":[],
"uid":"2314838542",
"parent":"z6Jwuypcd",
"text":"[吃惊][怒]",
"mid":"z6Jxmofvm",
"date":"2012-11-25 00:39:07"
},
{
"kids":[],
"uid":"2384704280",
"parent":"z6HZynTrc",
"text":"哈哈!中国啊![泪]",
"mid":"z6JwZCMC5",
"date":"2012-11-25 00:38:10"
},
{
"kids":[
"z6Jyp7Eb5",
"z6Jxmofvm"
],
"uid":"1719063237",
"parent":"z6HUj3C2S",
"text":"",
"mid":"z6Jwuypcd",
"date":"2012-11-25 00:36:55"
},
{
"kids":[],
"uid":"2159537482",
"parent":"z6JbiegIx",
"text":"",
"mid":"z6JuVFpyT",
"date":"2012-11-25 00:33:08"
},
{
"kids":[
"zeQabvdnz",
"zeF3mCbGt",
"zexBG3Jvc",
"zemTCwm61",
"zdAonfdP3",
"zds1I36tZ"
],
"uid":"2137176265",
"parent":"z6GmiElss",
"text":"",
"mid":"z6JsxEmVn",
"date":"2012-11-25 00:27:15"
},
{
"kids":[],
"uid":"fufu7",
"parent":"z6Jg2eeno",
"text":"奇朝",
"mid":"z6JpXcozh",
"date":"2012-11-25 00:20:51"
},
{
"kids":[
"z6KFkbhDi"
],
"uid":"1915604115",
"parent":"z6Jm6o4ts",
"text":"",
"mid":"z6Jnfm3q0",
"date":"2012-11-25 00:14:13"
},
{
"kids":[
"z6Jnfm3q0"
],
"uid":"2060386297",
"parent":"z6JbiegIx",
"text":"",
"mid":"z6Jm6o4ts",
"date":"2012-11-25 00:11:23"
},
{
"kids":[],
"uid":"2810539774",
"parent":"z6IJp1iM6",
"text":"",
"mid":"z6JlY7JtY",
"date":"2012-11-25 00:11:03"
},
{
"kids":[],
"uid":"1043417123",
"parent":"z6IqJyPdN",
"text":"",
"mid":"z6Jg6nnjF",
"date":"2012-11-24 23:56:36"
},
{
"kids":[
"z6JpXcozh"
],
"uid":"1457847587",
"parent":"z6HypwfJy",
"text":"奇闻",
"mid":"z6Jg2eeno",
"date":"2012-11-24 23:56:25"
},
{
"kids":[],
"uid":"338629990",
"parent":"z6IJp1iM6",
"text":"有意思",
"mid":"z6Jfh0XFk",
"date":"2012-11-24 23:54:33"
},
{
"kids":[],
"uid":"2087977852",
"parent":"",
"text":"真的假的啊？？？",
"mid":"z6JbkBKor",
"date":"2012-11-24 23:44:51"
},
{
"kids":[
"z6NQN1g22",
"z6JuVFpyT",
"z6Jm6o4ts"
],
"uid":"1150316970",
"parent":"z6J81yfRH",
"text":"",
"mid":"z6JbiegIx",
"date":"2012-11-24 23:44:44"
},
{
"kids":[],
"uid":"318808555",
"parent":"z6J81yfRH",
"text":"[怒]",
"mid":"z6J9zys7Z",
"date":"2012-11-24 23:40:30"
},
{
"kids":[],
"uid":"1779825801",
"parent":"z6HypwfJy",
"text":"鸟大了，什么林子都有。。。",
"mid":"z6J88AwVa",
"date":"2012-11-24 23:36:56"
},
{
"kids":[
"z6JbiegIx",
"z6J9zys7Z"
],
"uid":"2817036381",
"parent":"z6GfBcazT",
"text":"",
"mid":"z6J81yfRH",
"date":"2012-11-24 23:36:42"
},
{
"kids":[],
"uid":"wanchunquan",
"parent":"z6J1nkd5B",
"text":"",
"mid":"z6J3UcTB1",
"date":"2012-11-24 23:26:32"
},
{
"kids":[
"z6J3UcTB1"
],
"uid":"xingyisu",
"parent":"z6Ie2mzBl",
"text":"",
"mid":"z6J1nkd5B",
"date":"2012-11-24 23:20:19"
},
{
"kids":[],
"uid":"2683607333",
"parent":"",
"text":"人渣。。。以及神奇的审判",
"mid":"z6IWggoPx",
"date":"2012-11-24 23:07:43"
},
{
"kids":[],
"uid":"1102870555",
"parent":"",
"text":"[汗]没完没了(二) @螃蜞shirley",
"mid":"z6IV8v8Rm",
"date":"2012-11-24 23:04:57"
},
{
"kids":[],
"uid":"2803159864",
"parent":"z6IJp1iM6",
"text":"",
"mid":"z6ISfrmf9",
"date":"2012-11-24 22:57:47"
},
{
"kids":[],
"uid":"2808649374",
"parent":"z6IJp1iM6",
"text":"",
"mid":"z6ISfqutA",
"date":"2012-11-24 22:57:49"
},
{
"kids":[],
"uid":"poewer",
"parent":"z6GrbxeHE",
"text":"",
"mid":"z6IQkF16m",
"date":"2012-11-24 22:53:07"
},
{
"kids":[],
"uid":"1820479597",
"parent":"z6IFbtwHK",
"text":"",
"mid":"z6IKigRJ1",
"date":"2012-11-24 22:38:12"
},
{
"kids":[
"z6JlY7JtY",
"z6Jfh0XFk",
"z6ISfrmf9",
"z6ISfqutA"
],
"uid":"208666565",
"parent":"z6HjH4ySW",
"text":"",
"mid":"z6IJp1iM6",
"date":"2012-11-24 22:36:03"
},
{
"kids":[],
"uid":"2234697294",
"parent":"",
"text":"刚查了一下，都好几年前的杜撰网贴，楼主以后发这样的贴子前，一定要要甄别啊。以免以讹传讹，就不好了",
"mid":"z6IIRjQ7H",
"date":"2012-11-24 22:34:42"
},
{
"kids":[],
"uid":"2206471581",
"parent":"z6Gl8yXOZ",
"text":"真假？[偷笑][偷笑][偷笑]",
"mid":"z6IIy6BkY",
"date":"2012-11-24 22:33:55"
},
{
"kids":[
"z6IKigRJ1"
],
"uid":"3120605657",
"parent":"z6IqJyPdN",
"text":"",
"mid":"z6IFbtwHK",
"date":"2012-11-24 22:25:39"
},
{
"kids":[],
"uid":"1800045301",
"parent":"z6HOFt2Cq",
"text":"",
"mid":"z6IF2mwEk",
"date":"2012-11-24 22:25:17"
},
{
"kids":[
"z6TtfBqOy"
],
"uid":"2854659974",
"parent":"z6HfurDwU",
"text":"哩D系咩法律啊！",
"mid":"z6IEm4xY7",
"date":"2012-11-24 22:23:34"
},
{
"kids":[],
"uid":"1848138025",
"parent":"",
"text":"求真相！",
"mid":"z6ICUgNjT",
"date":"2012-11-24 22:20:02"
},
{
"kids":[],
"uid":"1067162824",
"parent":"",
"text":"",
"mid":"z6ICN9Tnn",
"date":"2012-11-24 22:19:46"
},
{
"kids":[],
"uid":"1876525667",
"parent":"z6Ie2mzBl",
"text":"哪个公务员",
"mid":"z6ICt52fv",
"date":"2012-11-24 22:18:56"
},
{
"kids":[],
"uid":"2451521993",
"parent":"z6GjFxBFw",
"text":"要求知道真相",
"mid":"z6ICcdvjf",
"date":"2012-11-24 22:18:16"
},
{
"kids":[],
"uid":"ljchxny",
"parent":"",
"text":"[怒]",
"mid":"z6IBMf5ZO",
"date":"2012-11-24 22:17:14"
},
{
"kids":[],
"uid":"1366765030",
"parent":"z6HypwfJy",
"text":"这个也能折断！",
"mid":"z6IAYjedq",
"date":"2012-11-24 22:15:13"
},
{
"kids":[],
"uid":"1958036912",
"parent":"z6IpAosw3",
"text":"",
"mid":"z6IAxprwK",
"date":"2012-11-24 22:14:11"
},
{
"kids":[],
"uid":"2441399023",
"parent":"z6Ir85VKS",
"text":"荒唐至极",
"mid":"z6Iz9q8fz",
"date":"2012-11-24 22:10:47"
},
{
"kids":[],
"uid":"2588142184",
"parent":"z6I5Ab8Qq",
"text":"[吃惊][嘻嘻][哈哈][哈哈]保卫自己就要折断对方的枪，应该是无罪的吧？[晕]",
"mid":"z6Iz1t2jZ",
"date":"2012-11-24 22:10:26"
},
{
"kids":[],
"uid":"626079234",
"parent":"z6GVrAyeJ",
"text":"[怒][疑问][挖鼻屎][挖鼻屎]",
"mid":"z6Ixiu5Iv",
"date":"2012-11-24 22:06:13"
},
{
"kids":[],
"uid":"fanmilan",
"parent":"z6ItBt99t",
"text":"法律居然没能保护强奸犯的鸡鸡？",
"mid":"z6IwWkS7W",
"date":"2012-11-24 22:05:20"
},
{
"kids":[
"z6MTYlCGf"
],
"uid":"2054268125",
"parent":"z6HfurDwU",
"text":"",
"mid":"z6IwArRRg",
"date":"2012-11-24 22:04:28"
},
{
"kids":[],
"uid":"523405530",
"parent":"z6IpAosw3",
"text":"",
"mid":"z6Iwpe6Lo",
"date":"2012-11-24 22:04:02"
},
{
"kids":[],
"uid":"2701131614",
"parent":"",
"text":"",
"mid":"z6IwoCsz6",
"date":"2012-11-24 22:03:57"
},
{
"kids":[],
"uid":"2055588447",
"parent":"z6HZynTrc",
"text":"",
"mid":"z6IvhaCeH",
"date":"2012-11-24 22:01:15"
},
{
"kids":[],
"uid":"2470046843",
"parent":"",
"text":"挺脆的嘛",
"mid":"z6Iv5EGTj",
"date":"2012-11-24 22:00:47"
},
{
"kids":[],
"uid":"1632512030",
"parent":"",
"text":"转发微博。",
"mid":"z6IuKE0lM",
"date":"2012-11-24 21:59:56"
},
{
"kids":[],
"uid":"2576310550",
"parent":"",
"text":"",
"mid":"z6Iu5kgfb",
"date":"2012-11-24 21:58:18"
},
{
"kids":[
"z6IwWkS7W"
],
"uid":"2360449074",
"parent":"",
"text":"一个国家能够保护妓女的权利——一定会保护女青年宋丽的人身权力！",
"mid":"z6ItBt99t",
"date":"2012-11-24 21:57:04"
},
{
"kids":[],
"uid":"2360449074",
"parent":"z6Is09xyr",
"text":"",
"mid":"z6IsO9Prn",
"date":"2012-11-24 21:55:09"
},
{
"kids":[
"z6IsO9Prn"
],
"uid":"2018104862",
"parent":"z6Ire1lpa",
"text":"",
"mid":"z6Is09xyr",
"date":"2012-11-24 21:53:10"
},
{
"kids":[],
"uid":"2477694677",
"parent":"",
"text":"汗颜",
"mid":"z6Irxvm2u",
"date":"2012-11-24 21:52:02"
},
{
"kids":[
"z6Is09xyr"
],
"uid":"1361399764",
"parent":"",
"text":": 确实报道过，这句“不实消息”真正不实。",
"mid":"z6Ire1lpa",
"date":"2012-11-24 21:51:15"
},
{
"kids":[
"z6Iz9q8fz"
],
"uid":"2017825667",
"parent":"z6IqJyPdN",
"text":"",
"mid":"z6Ir85VKS",
"date":"2012-11-24 21:51:01"
},
{
"kids":[],
"uid":"hellorichard",
"parent":"z6Gq5yxMo",
"text":"",
"mid":"z6IqRxzjA",
"date":"2012-11-24 21:50:23"
},
{
"kids":[
"z6Jg6nnjF",
"z6IFbtwHK",
"z6Ir85VKS"
],
"uid":"flydragon2010",
"parent":"",
"text":"中国特色...................................",
"mid":"z6IqJyPdN",
"date":"2012-11-24 21:50:02"
},
{
"kids":[
"z6IAxprwK",
"z6Iwpe6Lo"
],
"uid":"2930880112",
"parent":"",
"text":"",
"mid":"z6IpAosw3",
"date":"2012-11-24 21:47:13"
},
{
"kids":[],
"uid":"wangyubo1980322",
"parent":"",
"text":"新浪，别这么娘们行不行",
"mid":"z6IoRpTt7",
"date":"2012-11-24 21:45:27"
},
{
"kids":[],
"uid":"1588187371",
"parent":"z6Gle9blQ",
"text":"",
"mid":"z6Inj6TS8",
"date":"2012-11-24 21:41:35"
},
{
"kids":[],
"uid":"2920248482",
"parent":"z6Gle9blQ",
"text":"",
"mid":"z6Inivg9N",
"date":"2012-11-24 21:41:33"
},
{
"kids":[],
"uid":"2880180250",
"parent":"",
"text":"到底谁对谁错[怒]",
"mid":"z6ImHB0xp",
"date":"2012-11-24 21:40:03"
},
{
"kids":[],
"uid":"2736115767",
"parent":"z6HUfve73",
"text":"",
"mid":"z6Ikrgi3l",
"date":"2012-11-24 21:34:32"
},
{
"kids":[
"z6OSvswqa"
],
"uid":"2948912345",
"parent":"z6IfkcniG",
"text":"女人们知道怎么保护自己了吗？[偷笑][偷笑][偷笑][偷笑]",
"mid":"z6IiXE3oB",
"date":"2012-11-24 21:30:54"
},
{
"kids":[],
"uid":"2620986935",
"parent":"",
"text":"",
"mid":"z6IiqvuCJ",
"date":"2012-11-24 21:29:36"
},
{
"kids":[],
"uid":"408880921",
"parent":"z6HRS57Yj",
"text":"",
"mid":"z6IinBMj1",
"date":"2012-11-24 21:29:26"
},
{
"kids":[],
"uid":"1829551467",
"parent":"",
"text":"",
"mid":"z6IhHB6Us",
"date":"2012-11-24 21:27:48"
},
{
"kids":[],
"uid":"531517895",
"parent":"z6GCSDl0J",
"text":"[鼓掌][鼓掌][太开心]",
"mid":"z6IgjmYlC",
"date":"2012-11-24 21:24:21"
},
{
"kids":[],
"uid":"williamchen555",
"parent":"",
"text":"喔麦噶",
"mid":"z6IfFpnTh",
"date":"2012-11-24 21:22:45"
},
{
"kids":[
"z6IiXE3oB"
],
"uid":"2948912345",
"parent":"z6Ie2mzBl",
"text":"[太开心][鼓掌][鼓掌][鼓掌][鼓掌]",
"mid":"z6IfkcniG",
"date":"2012-11-24 21:21:56"
},
{
"kids":[
"z7aXH1i19",
"z6SKRqC8u",
"z6N2NzWgF",
"z6JZorwnY",
"z6JUtdvlv",
"z6J1nkd5B",
"z6ICt52fv",
"z6IfkcniG"
],
"uid":"2308427141",
"parent":"",
"text":"大片不断⋯",
"mid":"z6Ie2mzBl",
"date":"2012-11-24 21:18:45"
},
{
"kids":[
"z8uUpgdkO",
"z8uUoFLQo"
],
"uid":"2290532774",
"parent":"",
"text":"天朝就是gcd天堂",
"mid":"z6Id7mLWv",
"date":"2012-11-24 21:16:30"
},
{
"kids":[],
"uid":"frankiarsenal",
"parent":"z6HRAl3RD",
"text":"微博客眼睛是雪亮的",
"mid":"z6IaFamOk",
"date":"2012-11-24 21:10:27"
},
{
"kids":[],
"uid":"ryandonchan",
"parent":"z6HRAl3RD",
"text":"又一件匪夷所思嘅事",
"mid":"z6I9hdXDa",
"date":"2012-11-24 21:07:00"
},
{
"kids":[],
"uid":"2008018405",
"parent":"z6HP65WMG",
"text":"靠！",
"mid":"z6I8m8GIP",
"date":"2012-11-24 21:04:46"
},
{
"kids":[],
"uid":"enomama",
"parent":"z6HypwfJy",
"text":"@春意繁芜  @诸葛秀秀 @amanda晴天越宝  太狗血",
"mid":"z6I7cnC4p",
"date":"2012-11-24 21:01:52"
},
{
"kids":[
"z6Iz1t2jZ"
],
"uid":"1715921287",
"parent":"",
"text":"这个ZF真可哀！",
"mid":"z6I5Ab8Qq",
"date":"2012-11-24 20:57:56"
},
{
"kids":[],
"uid":"1995531707",
"parent":"",
"text":"",
"mid":"z6I4SqSxj",
"date":"2012-11-24 20:56:10"
},
{
"kids":[],
"uid":"1786749895",
"parent":"",
"text":"",
"mid":"z6I3x84GX",
"date":"2012-11-24 20:52:54"
},
{
"kids":[],
"uid":"2341823707",
"parent":"",
"text":"肯定是真的消息！",
"mid":"z6I2TcAKu",
"date":"2012-11-24 20:51:19"
},
{
"kids":[],
"uid":"2838795564",
"parent":"",
"text":"天朝奇闻。。",
"mid":"z6I2Bf6An",
"date":"2012-11-24 20:50:35"
},
{
"kids":[],
"uid":"songhuahujingqu",
"parent":"z6GVrAyeJ",
"text":"咋办的案子，被害人还有罪？法院？？？",
"mid":"z6I2ajgdo",
"date":"2012-11-24 20:49:31"
},
{
"kids":[],
"uid":"1342609001",
"parent":"z6GrbxeHE",
"text":"",
"mid":"z6I1Mn36X",
"date":"2012-11-24 20:48:35"
},
{
"kids":[],
"uid":"2535099234",
"parent":"",
"text":"比起当年的土肥原还真TM牛",
"mid":"z6I1mpH8U",
"date":"2012-11-24 20:47:29"
},
{
"kids":[
"z78MrzI00"
],
"uid":"1483084823",
"parent":"z6HZynTrc",
"text":"[哈哈]笑话一则。",
"mid":"z6I0rE9Qh",
"date":"2012-11-24 20:45:16"
},
{
"kids":[
"z6JwZCMC5",
"z6IvhaCeH",
"z6I0rE9Qh"
],
"uid":"2775711215",
"parent":"z6HcFuv5Q",
"text":"",
"mid":"z6HZynTrc",
"date":"2012-11-24 20:43:05"
},
{
"kids":[],
"uid":"2976944175",
"parent":"z6GjFxBFw",
"text":"",
"mid":"z6HZwBMao",
"date":"2012-11-24 20:43:01"
},
{
"kids":[],
"uid":"smilehooker",
"parent":"z6HRAl3RD",
"text":"你爱香港，就传播这样的假新闻 ？？",
"mid":"z6HYXc0lo",
"date":"2012-11-24 20:41:35"
},
{
"kids":[],
"uid":"1104872783",
"parent":"z6HSil5V1",
"text":"",
"mid":"z6HYn8FDN",
"date":"2012-11-24 20:40:09"
},
{
"kids":[],
"uid":"2136973631",
"parent":"z6HMqkahJ",
"text":"太可怕了",
"mid":"z6HY55dQp",
"date":"2012-11-24 20:39:28"
},
{
"kids":[],
"uid":"1340340792",
"parent":"",
"text":"",
"mid":"z6HWIfKuZ",
"date":"2012-11-24 20:36:05"
},
{
"kids":[],
"uid":"1224726253",
"parent":"z6HypwfJy",
"text":"",
"mid":"z6HUjEpkf",
"date":"2012-11-24 20:30:11"
},
{
"kids":[
"z6Jwuypcd"
],
"uid":"leohuangqi",
"parent":"z6HRAl3RD",
"text":"",
"mid":"z6HUj3C2S",
"date":"2012-11-24 20:30:10"
},
{
"kids":[
"z6Ikrgi3l"
],
"uid":"1282597502",
"parent":"z6HRS57Yj",
"text":"确实报道过，这句“不实消息”真正不实。",
"mid":"z6HUfve73",
"date":"2012-11-24 20:29:57"
},
{
"kids":[],
"uid":"2268596087",
"parent":"z6HGqgywL",
"text":"",
"mid":"z6HU90MTl",
"date":"2012-11-24 20:29:44"
},
{
"kids":[],
"uid":"1808531740",
"parent":"",
"text":"转发微博。",
"mid":"z6HU8pGJe",
"date":"2012-11-24 20:29:41"
},
{
"kids":[],
"uid":"2478679231",
"parent":"z6Hbstk86",
"text":"无知的判决",
"mid":"z6HTLD6Js",
"date":"2012-11-24 20:28:50"
},
{
"kids":[],
"uid":"dxl1984",
"parent":"z6HypwfJy",
"text":"操TMD什么事在中国都能发生。",
"mid":"z6HTwyRRv",
"date":"2012-11-24 20:28:13"
},
{
"kids":[],
"uid":"1769788640",
"parent":"z6HSil5V1",
"text":"无语",
"mid":"z6HTglMqf",
"date":"2012-11-24 20:27:33"
},
{
"kids":[
"z6N7YefCL",
"z6HYn8FDN",
"z6HTglMqf"
],
"uid":"277337829",
"parent":"z6HypwfJy",
"text":"",
"mid":"z6HSil5V1",
"date":"2012-11-24 20:25:09"
},
{
"kids":[
"z6IinBMj1",
"z6HUfve73"
],
"uid":"323799595",
"parent":"",
"text":"这个新闻报道过是真的啊！怎么成了不实呢？！！",
"mid":"z6HRS57Yj",
"date":"2012-11-24 20:24:09"
},
{
"kids":[],
"uid":"2709138251",
"parent":"",
"text":"",
"mid":"z6HRNDX5G",
"date":"2012-11-24 20:23:59"
},
{
"kids":[
"z7q183cHD",
"z6NH5Fw9D",
"z6IaFamOk",
"z6I9hdXDa",
"z6HYXc0lo",
"z6HUj3C2S"
],
"uid":"2624823361",
"parent":"",
"text":"所有不想被公開的信息，就是不實信息",
"mid":"z6HRAl3RD",
"date":"2012-11-24 20:23:26"
},
{
"kids":[],
"uid":"1240610882",
"parent":"z6GjFxBFw",
"text":"如果真的，糊涂法院糊涂法官糊涂案！强奸无防卫过当。",
"mid":"z6HPVeIyy",
"date":"2012-11-24 20:19:21"
},
{
"kids":[
"z8qlne5YW"
],
"uid":"2268542510",
"parent":"z6HOFt2Cq",
"text":"",
"mid":"z6HPPk1VP",
"date":"2012-11-24 20:19:06"
},
{
"kids":[],
"uid":"1891933927",
"parent":"",
"text":"转发微博。",
"mid":"z6HPpBcdE",
"date":"2012-11-24 20:18:05"
},
{
"kids":[
"z6I8m8GIP"
],
"uid":"2127661510",
"parent":"",
"text":"脑残[衰]",
"mid":"z6HP65WMG",
"date":"2012-11-24 20:17:16"
},
{
"kids":[],
"uid":"violetsmiling",
"parent":"z6He6trdd",
"text":"tnnd这该属于正当防卫吧",
"mid":"z6HP65WJf",
"date":"2012-11-24 20:17:18"
},
{
"kids":[],
"uid":"3078264121",
"parent":"",
"text":"",
"mid":"z6HOPegxO",
"date":"2012-11-24 20:16:40"
},
{
"kids":[
"z6IF2mwEk",
"z6HPPk1VP"
],
"uid":"2956502321",
"parent":"",
"text":"",
"mid":"z6HOFt2Cq",
"date":"2012-11-24 20:16:15"
},
{
"kids":[],
"uid":"3078264121",
"parent":"",
"text":"",
"mid":"z6HO1h5Po",
"date":"2012-11-24 20:14:37"
},
{
"kids":[
"z6HY55dQp"
],
"uid":"2084668063",
"parent":"z6GKYoQxm",
"text":"天朝可怕",
"mid":"z6HMqkahJ",
"date":"2012-11-24 20:10:45"
},
{
"kids":[],
"uid":"flingpig",
"parent":"z6HypwfJy",
"text":"中国特色式强奸",
"mid":"z6HMdAuoa",
"date":"2012-11-24 20:10:12"
},
{
"kids":[],
"uid":"1088825365",
"parent":"z6Gjjq0kt",
"text":"",
"mid":"z6HLqwzlo",
"date":"2012-11-24 20:08:17"
},
{
"kids":[],
"uid":"2138469197",
"parent":"z6HGqgywL",
"text":"",
"mid":"z6HLgcMVm",
"date":"2012-11-24 20:07:52"
},
{
"kids":[
"z6KemhN9O"
],
"uid":"2781693053",
"parent":"",
"text":"无语，气愤",
"mid":"z6HKigd9R",
"date":"2012-11-24 20:05:28"
},
{
"kids":[],
"uid":"2397820394",
"parent":"z6HypwfJy",
"text":"",
"mid":"z6HI2adTi",
"date":"2012-11-24 19:59:56"
},
{
"kids":[],
"uid":"2920334664",
"parent":"",
"text":"",
"mid":"z6HGxmGx2",
"date":"2012-11-24 19:56:12"
},
{
"kids":[],
"uid":"1440452445",
"parent":"",
"text":"",
"mid":"z6HGxm3oc",
"date":"2012-11-24 19:56:12"
},
{
"kids":[
"z6HU90MTl",
"z6HLgcMVm"
],
"uid":"213134544",
"parent":"z6Hd0v3cA",
"text":"",
"mid":"z6HGqgywL",
"date":"2012-11-24 19:55:56"
},
{
"kids":[],
"uid":"1351394164",
"parent":"",
"text":"",
"mid":"z6HET7Xyy",
"date":"2012-11-24 19:52:08"
},
{
"kids":[],
"uid":"1661320344",
"parent":"",
"text":"法官和断阴茎官员的关系，是那么让人理不清阿理不清。",
"mid":"z6HECydaY",
"date":"2012-11-24 19:51:28"
},
{
"kids":[],
"uid":"2623704791",
"parent":"z6Hz68rRJ",
"text":"不知该说什么好，！我们屁民心有余而力不足[怒骂]",
"mid":"z6HCHvEhI",
"date":"2012-11-24 19:46:47"
},
{
"kids":[],
"uid":"1749573271",
"parent":"z6HypwfJy",
"text":"[吃惊][吃惊][吃惊][偷笑][偷笑][偷笑]",
"mid":"z6HCFoGMd",
"date":"2012-11-24 19:46:41"
},
{
"kids":[],
"uid":"1429614284",
"parent":"z6HypwfJy",
"text":"",
"mid":"z6HBZapzV",
"date":"2012-11-24 19:45:01"
},
{
"kids":[],
"uid":"1378424463",
"parent":"",
"text":"",
"mid":"z6HBan1G0",
"date":"2012-11-24 19:43:00"
},
{
"kids":[],
"uid":"2275234695",
"parent":"",
"text":"[神马][泪]什么逻辑！",
"mid":"z6HAIghC7",
"date":"2012-11-24 19:41:53"
},
{
"kids":[],
"uid":"summerfire",
"parent":"z6HypwfJy",
"text":"说明公务员缺乏狼性",
"mid":"z6HAyhb52",
"date":"2012-11-24 19:41:30"
},
{
"kids":[
"z6X03mYlj"
],
"uid":"cghuajiang",
"parent":"z6HypwfJy",
"text":"",
"mid":"z6HAbb78p",
"date":"2012-11-24 19:40:34"
},
{
"kids":[],
"uid":"mengxiaoxing",
"parent":"z6HypwfJy",
"text":"[吃惊]",
"mid":"z6HzdvA6v",
"date":"2012-11-24 19:38:12"
},
{
"kids":[
"z6HCHvEhI"
],
"uid":"2672351302",
"parent":"z6GDMuu2Q",
"text":"[偷笑][阴险]",
"mid":"z6Hz68rRJ",
"date":"2012-11-24 19:37:54"
},
{
"kids":[
"z6PJaEsup",
"z6ODOt3q0",
"z6Jg2eeno",
"z6J88AwVa",
"z6IAYjedq",
"z6I7cnC4p",
"z6HUjEpkf",
"z6HTwyRRv",
"z6HSil5V1",
"z6HMdAuoa",
"z6HI2adTi",
"z6HCFoGMd",
"z6HBZapzV",
"z6HAyhb52",
"z6HAbb78p",
"z6HzdvA6v"
],
"uid":"mediaclub3",
"parent":"z6HwXpylg",
"text":"[吃惊]@如梦三下",
"mid":"z6HypwfJy",
"date":"2012-11-24 19:36:10"
},
{
"kids":[],
"uid":"1033921937",
"parent":"z6GDLCQmX",
"text":"",
"mid":"z6HxR219n",
"date":"2012-11-24 19:34:48"
},
{
"kids":[
"z6HypwfJy"
],
"uid":"1880237267",
"parent":"z6GywBBSH",
"text":"@梁蓉的微博",
"mid":"z6HwXpylg",
"date":"2012-11-24 19:32:37"
},
{
"kids":[],
"uid":"bao103",
"parent":"z6GjFxBFw",
"text":"",
"mid":"z6HwTBAPq",
"date":"2012-11-24 19:32:28"
},
{
"kids":[],
"uid":"2201155952",
"parent":"",
"text":"[吃惊]",
"mid":"z6HsTEBfZ",
"date":"2012-11-24 19:22:38"
},
{
"kids":[],
"uid":"1412969431",
"parent":"",
"text":"世界之大，无奇不有，还好死者不是因公殉职，竖碑立传",
"mid":"z6Hsds5fl",
"date":"2012-11-24 19:20:58"
},
{
"kids":[],
"uid":"2622961677",
"parent":"z6Hbstk86",
"text":"正当防卫，法律中还有吗？？公务员强奸人的时候，被强奸人必须配合。[衰]法律有如此规定吗？？那么，普通老百姓强奸人时，需要配合不？？[怒]",
"mid":"z6HrqnTjD",
"date":"2012-11-24 19:18:57"
},
{
"kids":[],
"uid":"1608280587",
"parent":"z6GjFxBFw",
"text":"",
"mid":"z6Hq2pESc",
"date":"2012-11-24 19:15:33"
},
{
"kids":[],
"uid":"2099047990",
"parent":"z6GNFEJYW",
"text":"",
"mid":"z6HpcoPOS",
"date":"2012-11-24 19:13:29"
},
{
"kids":[],
"uid":"2703915007",
"parent":"z6G5aofeK",
"text":"",
"mid":"z6HoDtXY2",
"date":"2012-11-24 19:12:08"
},
{
"kids":[],
"uid":"1309290112",
"parent":"z6G7Celv9",
"text":"警告很吓人！",
"mid":"z6HmllyRr",
"date":"2012-11-24 19:06:29"
},
{
"kids":[],
"uid":"2279232740",
"parent":"",
"text":"",
"mid":"z6HkiCvs1",
"date":"2012-11-24 19:01:25"
},
{
"kids":[
"z6IJp1iM6"
],
"uid":"2076586707",
"parent":"z6He3d5BT",
"text":"",
"mid":"z6HjH4ySW",
"date":"2012-11-24 18:59:58"
},
{
"kids":[],
"uid":"zhuhuaiming",
"parent":"",
"text":"",
"mid":"z6Hj23ab2",
"date":"2012-11-24 18:58:19"
},
{
"kids":[],
"uid":"3079815575",
"parent":"",
"text":"",
"mid":"z6Hi382CZ",
"date":"2012-11-24 18:55:54"
},
{
"kids":[],
"uid":"2795400247",
"parent":"",
"text":"",
"mid":"z6Hg2aSb8",
"date":"2012-11-24 18:50:54"
},
{
"kids":[
"z6IEm4xY7",
"z6IwArRRg"
],
"uid":"1972718991",
"parent":"z6H7W7NAw",
"text":"扑街啦",
"mid":"z6HfurDwU",
"date":"2012-11-24 18:49:34"
},
{
"kids":[],
"uid":"chengstang",
"parent":"z6Hd0v3cA",
"text":"@李时隋 强奸不成还没事，什么年代哦",
"mid":"z6Hf9azxQ",
"date":"2012-11-24 18:48:43"
},
{
"kids":[
"z6Nt7BptT",
"z6HP65WJf"
],
"uid":"1278360133",
"parent":"z6H9fmR2z",
"text":"什么法律啊？/@TinaR宝宝: 我擦他大爷的。",
"mid":"z6He6trdd",
"date":"2012-11-24 18:46:11"
},
{
"kids":[
"z6HjH4ySW"
],
"uid":"531345882",
"parent":"z6HbKepVv",
"text":"真逗",
"mid":"z6He3d5BT",
"date":"2012-11-24 18:46:01"
},
{
"kids":[],
"uid":"2804535274",
"parent":"",
"text":"",
"mid":"z6HdQtXZj",
"date":"2012-11-24 18:45:32"
},
{
"kids":[
"z6HGqgywL",
"z6Hf9azxQ"
],
"uid":"2909516532",
"parent":"",
"text":"[怒骂]",
"mid":"z6Hd0v3cA",
"date":"2012-11-24 18:43:27"
},
{
"kids":[],
"uid":"2281670225",
"parent":"z6GQJ7mrJ",
"text":"一个笑话",
"mid":"z6HcYs5rD",
"date":"2012-11-24 18:43:24"
},
{
"kids":[
"z6HZynTrc"
],
"uid":"2797492005",
"parent":"z6GoejibU",
"text":"",
"mid":"z6HcFuv5Q",
"date":"2012-11-24 18:42:39"
},
{
"kids":[
"z6He3d5BT"
],
"uid":"bd8848",
"parent":"",
"text":"真的木有天理了！！！",
"mid":"z6HbKepVv",
"date":"2012-11-24 18:40:22"
},
{
"kids":[
"z6HTLD6Js",
"z6HrqnTjD"
],
"uid":"1000481161",
"parent":"z6H8a0lo4",
"text":"该人道时不人道、不该权利时给权利！[怒]",
"mid":"z6Hbstk86",
"date":"2012-11-24 18:39:37"
},
{
"kids":[],
"uid":"1838590054",
"parent":"z6GkTd4kI",
"text":"",
"mid":"z6HaqCa9d",
"date":"2012-11-24 18:37:08"
},
{
"kids":[],
"uid":"uc226378246",
"parent":"z6GSH9rUY",
"text":"特色强",
"mid":"z6H9sCQ0b",
"date":"2012-11-24 18:34:43"
},
{
"kids":[
"z6He6trdd"
],
"uid":"weixiaodebiaoqing",
"parent":"",
"text":"",
"mid":"z6H9fmR2z",
"date":"2012-11-24 18:34:14"
},
{
"kids":[],
"uid":"2130030497",
"parent":"z6Gtxg0IS",
"text":"洛阳的？没听说啊。",
"mid":"z6H8U4C6V",
"date":"2012-11-24 18:33:22"
},
{
"kids":[],
"uid":"2815213214",
"parent":"z6GQdtTLB",
"text":"",
"mid":"z6H8hpvc8",
"date":"2012-11-24 18:31:50"
},
{
"kids":[
"z6Hbstk86"
],
"uid":"2122348541",
"parent":"",
"text":"",
"mid":"z6H8a0lo4",
"date":"2012-11-24 18:31:32"
},
{
"kids":[],
"uid":"2806020067",
"parent":"",
"text":"",
"mid":"z6H84nibE",
"date":"2012-11-24 18:31:16"
},
{
"kids":[
"z6HfurDwU"
],
"uid":"1843261201",
"parent":"",
"text":"颠倒是非",
"mid":"z6H7W7NAw",
"date":"2012-11-24 18:31:00"
},
{
"kids":[],
"uid":"1271389051",
"parent":"z6H3twNEs",
"text":"回复@滴笃:[吃惊]......加奶、加糖、大杯！[酷][偷笑]",
"mid":"z6H6NruEV",
"date":"2012-11-24 18:28:09"
},
{
"kids":[
"z6NcOqrPq"
],
"uid":"1683918765",
"parent":"",
"text":"",
"mid":"z6H6GDBaJ",
"date":"2012-11-24 18:27:55"
},
{
"kids":[],
"uid":"number111",
"parent":"z6H3twNEs",
"text":"回复@我才是恶狗老K:你马上要被请去喝咖啡了，没有选的噢",
"mid":"z6H6oFkVa",
"date":"2012-11-24 18:27:12"
},
{
"kids":[],
"uid":"hong1977yu",
"parent":"",
"text":"正直也沦陷了",
"mid":"z6H4DkCQt",
"date":"2012-11-24 18:22:51"
},
{
"kids":[],
"uid":"1271389051",
"parent":"z6H3twNEs",
"text":"啊？？？？？！！！！神奇的国度啊...还TNND威胁老子要“谨慎转发评论”呢...[抓狂][怒]",
"mid":"z6H452Tly",
"date":"2012-11-24 18:21:29"
},
{
"kids":[
"z6H6NruEV",
"z6H6oFkVa",
"z6H452Tly"
],
"uid":"number111",
"parent":"z6GmG0T9l",
"text":"你又孤陋寡闻了，广州某女遭强奸并生命危险，宰了对方也被判刑，说是防卫过当。",
"mid":"z6H3twNEs",
"date":"2012-11-24 18:20:00"
},
{
"kids":[],
"uid":"1724161674",
"parent":"z6GfZ9pgW",
"text":"",
"mid":"z6H1y908q",
"date":"2012-11-24 18:15:16"
},
{
"kids":[],
"uid":"1903401093",
"parent":"",
"text":"如果比距强奸成功，又点讲，真系无天理",
"mid":"z6H0YmWLi",
"date":"2012-11-24 18:13:49"
},
{
"kids":[],
"uid":"laiyonghe1992",
"parent":"z6GQJ7mrJ",
"text":"",
"mid":"z6H0JDnaZ",
"date":"2012-11-24 18:13:15"
},
{
"kids":[],
"uid":"1063947092",
"parent":"",
"text":"哇，不配合强奸罪？又是河南人？这天下还有河南人不敢干的缺德事吗？[吃惊]",
"mid":"z6GZudCGu",
"date":"2012-11-24 18:10:10"
},
{
"kids":[],
"uid":"2098536901",
"parent":"",
"text":"",
"mid":"z6GXFlmen",
"date":"2012-11-24 18:05:40"
},
{
"kids":[],
"uid":"2672329671",
"parent":"",
"text":"",
"mid":"z6GXsjNXt",
"date":"2012-11-24 18:05:10"
},
{
"kids":[],
"uid":"2144854211",
"parent":"z6GCSDl0J",
"text":"",
"mid":"z6GWdvWOX",
"date":"2012-11-24 18:02:07"
},
{
"kids":[
"z6Ixiu5Iv",
"z6I2ajgdo"
],
"uid":"1864624430",
"parent":"z6GCgg93i",
"text":"[疑问][疑问][疑问]无奇不有",
"mid":"z6GVrAyeJ",
"date":"2012-11-24 18:00:14"
},
{
"kids":[],
"uid":"superzsj238",
"parent":"z6GrYic7E",
"text":"[吃惊]",
"mid":"z6GT7FJAA",
"date":"2012-11-24 17:54:28"
},
{
"kids":[
"z6H9sCQ0b"
],
"uid":"1729850843",
"parent":"z6Gqlepe6",
"text":"扯",
"mid":"z6GSH9rUY",
"date":"2012-11-24 17:53:26"
},
{
"kids":[],
"uid":"2767953903",
"parent":"z6GjPAsSS",
"text":"什么政府？人家是被强奸是自卫 还要判她死罪？",
"mid":"z6GRznmqD",
"date":"2012-11-24 17:50:38"
},
{
"kids":[],
"uid":"2669062941",
"parent":"",
"text":"属实？请法律届人士支援。。。。",
"mid":"z6GRuBVgj",
"date":"2012-11-24 17:50:29"
},
{
"kids":[],
"uid":"526176567",
"parent":"z6GOD6wdA",
"text":"禽兽不如，死有余辜，不过这死法选择哥们儿还真服了你了...哎，又是公务员..",
"mid":"z6GR3d4zs",
"date":"2012-11-24 17:49:23"
},
{
"kids":[],
"uid":"2257128852",
"parent":"",
"text":"",
"mid":"z6GQJEnBL",
"date":"2012-11-24 17:48:35"
},
{
"kids":[
"z6HcYs5rD",
"z6H0JDnaZ"
],
"uid":"325058989",
"parent":"",
"text":"",
"mid":"z6GQJ7mrJ",
"date":"2012-11-24 17:48:35"
},
{
"kids":[],
"uid":"huangqiliang",
"parent":"",
"text":"@钟建人 @李家成XKB @杨山 @O喜哥哥O 大家怎么看？",
"mid":"z6GQB75Fe",
"date":"2012-11-24 17:48:16"
},
{
"kids":[],
"uid":"2257128852",
"parent":"",
"text":"",
"mid":"z6GQB5UU9",
"date":"2012-11-24 17:48:15"
},
{
"kids":[
"z6H8hpvc8"
],
"uid":"2494680734",
"parent":"z6GjFxBFw",
"text":"[怒]",
"mid":"z6GQdtTLB",
"date":"2012-11-24 17:47:19"
},
{
"kids":[],
"uid":"1930134080",
"parent":"z6GIQ1Iti",
"text":"",
"mid":"z6GPL7OUn",
"date":"2012-11-24 17:46:13"
},
{
"kids":[],
"uid":"qq46209435",
"parent":"z6G6b1oNq",
"text":"",
"mid":"z6GOYkdYE",
"date":"2012-11-24 17:44:16"
},
{
"kids":[
"z6GR3d4zs"
],
"uid":"526176567",
"parent":"z6GJYD3dV",
"text":".......要是你，你反抗么？",
"mid":"z6GOD6wdA",
"date":"2012-11-24 17:43:23"
},
{
"kids":[],
"uid":"2740492003",
"parent":"",
"text":"求真相！",
"mid":"z6GOa8ND7",
"date":"2012-11-24 17:42:17"
},
{
"kids":[
"z6HpcoPOS"
],
"uid":"1773615600",
"parent":"z6GCf5iSD",
"text":"荒唐之极!",
"mid":"z6GNFEJYW",
"date":"2012-11-24 17:41:02"
},
{
"kids":[],
"uid":"jkhhhhh",
"parent":"z6GCgg93i",
"text":"求证",
"mid":"z6GMp4Gm0",
"date":"2012-11-24 17:37:55"
},
{
"kids":[],
"uid":"2965264430",
"parent":"",
"text":"还原真相",
"mid":"z6GM23RWi",
"date":"2012-11-24 17:37:01"
},
{
"kids":[],
"uid":"276449789",
"parent":"z6Gq9727U",
"text":"",
"mid":"z6GLSgvtf",
"date":"2012-11-24 17:36:38"
},
{
"kids":[
"z6HMqkahJ"
],
"uid":"2122586520",
"parent":"z6GCi121O",
"text":"",
"mid":"z6GKYoQxm",
"date":"2012-11-24 17:34:25"
},
{
"kids":[
"z6GOD6wdA"
],
"uid":"blaafisk",
"parent":"z6GAnvYF2",
"text":"公务员啊",
"mid":"z6GJYD3dV",
"date":"2012-11-24 17:31:55"
},
{
"kids":[],
"uid":"2355239533",
"parent":"z6GkTd4kI",
"text":"",
"mid":"z6GJOj995",
"date":"2012-11-24 17:31:33"
},
{
"kids":[],
"uid":"godonleave",
"parent":"z6GfBcazT",
"text":"必须配合领导强奸 不然就是反革命啊",
"mid":"z6GJoilk2",
"date":"2012-11-24 17:30:31"
},
{
"kids":[],
"uid":"2576310550",
"parent":"",
"text":"",
"mid":"z6GIY3wDw",
"date":"2012-11-24 17:29:27"
},
{
"kids":[],
"uid":"sanuren",
"parent":"z6GhVoYVv",
"text":"",
"mid":"z6GIQAUTX",
"date":"2012-11-24 17:29:11"
},
{
"kids":[
"z6GPL7OUn"
],
"uid":"1702219010",
"parent":"z6Gd8qQ2B",
"text":"",
"mid":"z6GIQ1Iti",
"date":"2012-11-24 17:29:08"
},
{
"kids":[],
"uid":"tianchunjian007",
"parent":"",
"text":"",
"mid":"z6GIy1M6W",
"date":"2012-11-24 17:28:24"
},
{
"kids":[],
"uid":"513809012",
"parent":"z6GjFxBFw",
"text":"",
"mid":"z6GIt1Igg",
"date":"2012-11-24 17:28:13"
},
{
"kids":[],
"uid":"2522829107",
"parent":"z6GjFxBFw",
"text":"",
"mid":"z6GIoyUDd",
"date":"2012-11-24 17:28:04"
},
{
"kids":[],
"uid":"1872421553",
"parent":"",
"text":"不评！",
"mid":"z6GIhb49h",
"date":"2012-11-24 17:27:46"
},
{
"kids":[],
"uid":"1101862990",
"parent":"",
"text":"什么呀！/@抓狂小女子:",
"mid":"z6GIcc2h4",
"date":"2012-11-24 17:27:34"
},
{
"kids":[],
"uid":"allencz",
"parent":"",
"text":"",
"mid":"z6GH7kQ2Y",
"date":"2012-11-24 17:24:55"
},
{
"kids":[],
"uid":"2313311883",
"parent":"",
"text":"若主动配合不致被判刑。望广大妇女再遇此事积极配合哦",
"mid":"z6GGIvoMZ",
"date":"2012-11-24 17:23:56"
},
{
"kids":[],
"uid":"2063420711",
"parent":"z6GCSDl0J",
"text":"捏爆他的蛋！[怒]",
"mid":"z6GFJ89Bb",
"date":"2012-11-24 17:21:27"
},
{
"kids":[],
"uid":"2898003847",
"parent":"",
"text":"[疑问]",
"mid":"z6GF6pb8E",
"date":"2012-11-24 17:19:58"
},
{
"kids":[
"z8uDAbCzB",
"z8j8HDGYd",
"z8j8HDGVA",
"z7C6zdBfv",
"z7oYoB7on",
"z7oYojwe9"
],
"uid":"1219399693",
"parent":"",
"text":"你妈！还他妈有没有天理？？？？？？？？？？？？？！！！！！！",
"mid":"z6GEr0iEx",
"date":"2012-11-24 17:18:18"
},
{
"kids":[],
"uid":"2382941993",
"parent":"z6G973Hb8",
"text":"我下辈子要投胎成党员",
"mid":"z6GDQl3eD",
"date":"2012-11-24 17:16:51"
},
{
"kids":[
"z6Hz68rRJ"
],
"uid":"2624954687",
"parent":"z6GkTd4kI",
"text":"",
"mid":"z6GDMuu2Q",
"date":"2012-11-24 17:16:42"
},
{
"kids":[
"z6HxR219n"
],
"uid":"1930773161",
"parent":"z6GrHrudV",
"text":"好特色！",
"mid":"z6GDLCQmX",
"date":"2012-11-24 17:16:38"
},
{
"kids":[],
"uid":"pingyutinfeng",
"parent":"",
"text":"开眼了,这也有罪?",
"mid":"z6GDHt4HC",
"date":"2012-11-24 17:16:29"
},
{
"kids":[
"z6IgjmYlC",
"z6GWdvWOX",
"z6GFJ89Bb"
],
"uid":"la20110903",
"parent":"z6GCi121O",
"text":"[good][good][good]把B還給牛吧",
"mid":"z6GCSDl0J",
"date":"2012-11-24 17:14:29"
},
{
"kids":[
"z6GKYoQxm",
"z6GCSDl0J"
],
"uid":"edekuai",
"parent":"z6Gz6EQLw",
"text":"",
"mid":"z6GCi121O",
"date":"2012-11-24 17:13:01"
},
{
"kids":[
"z6GVrAyeJ",
"z6GMp4Gm0"
],
"uid":"2645461197",
"parent":"z6GvHmhQ0",
"text":"如果是真的，中国的法律会任之？[怒骂][围观][围观][转发][话筒]",
"mid":"z6GCgg93i",
"date":"2012-11-24 17:12:53"
},
{
"kids":[
"z6GNFEJYW"
],
"uid":"2076462823",
"parent":"",
"text":"",
"mid":"z6GCf5iSD",
"date":"2012-11-24 17:12:54"
},
{
"kids":[
"z6VDvAYtH"
],
"uid":"1318981233",
"parent":"",
"text":"以后女人遇上劫色，是不是应该主动配合强奸，在被强奸过程中，还要注意男人的阴茎是否折断，要是折断了还要即时拨打120，免得流血死亡，因被强奸而坐牢 .",
"mid":"z6GAYd1Qk",
"date":"2012-11-24 17:09:46"
},
{
"kids":[
"z6GJYD3dV"
],
"uid":"abaloney",
"parent":"",
"text":"",
"mid":"z6GAnvYF2",
"date":"2012-11-24 17:08:19"
},
{
"kids":[],
"uid":"nag2",
"parent":"z6GzZCcWg",
"text":"",
"mid":"z6GAkit2W",
"date":"2012-11-24 17:08:10"
},
{
"kids":[
"z6GAkit2W"
],
"uid":"2992931202",
"parent":"",
"text":"法制中国就是这样的法制！",
"mid":"z6GzZCcWg",
"date":"2012-11-24 17:07:22"
},
{
"kids":[],
"uid":"2004135557",
"parent":"",
"text":"[吃惊]",
"mid":"z6GzTnwwD",
"date":"2012-11-24 17:07:08"
},
{
"kids":[],
"uid":"2496327245",
"parent":"",
"text":"",
"mid":"z6Gze4puM",
"date":"2012-11-24 17:05:28"
},
{
"kids":[
"z6GCi121O"
],
"uid":"kunming868",
"parent":"z6GvW8qiE",
"text":"",
"mid":"z6Gz6EQLw",
"date":"2012-11-24 17:05:11"
},
{
"kids":[],
"uid":"2707992074",
"parent":"z6GekhE7X",
"text":"这~~",
"mid":"z6Gz4gGvX",
"date":"2012-11-24 17:05:04"
},
{
"kids":[],
"uid":"1416187617",
"parent":"",
"text":"这个需要求证，否则这个法院没准哪天就剩半截子了。",
"mid":"z6GyOkjQB",
"date":"2012-11-24 17:04:27"
},
{
"kids":[],
"uid":"518156713",
"parent":"z6G79jv0x",
"text":"",
"mid":"z6Gyynk1k",
"date":"2012-11-24 17:03:49"
},
{
"kids":[
"z6Npx8RO6",
"z6HwXpylg"
],
"uid":"bjweizi",
"parent":"z6GxNFyT9",
"text":"围观",
"mid":"z6GywBBSH",
"date":"2012-11-24 17:03:45"
},
{
"kids":[],
"uid":"1928454331",
"parent":"z6GjFxBFw",
"text":"",
"mid":"z6GyuwhVw",
"date":"2012-11-24 17:03:40"
},
{
"kids":[],
"uid":"2005400775",
"parent":"z6Gqlepe6",
"text":"",
"mid":"z6Gycfov9",
"date":"2012-11-24 17:02:56"
},
{
"kids":[],
"uid":"1867001635",
"parent":"z6GtPy8ys",
"text":"法院太有才了。太阳光下无新闻。特色主义社会的结金吧。@u/2331465454:@u/2108293633@卜才友Winnie@龙的传人_中国龙:",
"mid":"z6Gy04EkV",
"date":"2012-11-24 17:02:27"
},
{
"kids":[],
"uid":"2062810171",
"parent":"z6GqkFfew",
"text":"",
"mid":"z6GxSp6Bf",
"date":"2012-11-24 17:02:06"
},
{
"kids":[
"z6GywBBSH"
],
"uid":"1880237267",
"parent":"",
"text":"天下奇闻",
"mid":"z6GxNFyT9",
"date":"2012-11-24 17:01:57"
},
{
"kids":[],
"uid":"2232485337",
"parent":"z6GtPy8ys",
"text":"尼玛～求证？！",
"mid":"z6GwVkb9v",
"date":"2012-11-24 16:59:46"
},
{
"kids":[],
"uid":"limaoqianglove",
"parent":"",
"text":"元芳，此事你怎么看。？",
"mid":"z6GwtgvO9",
"date":"2012-11-24 16:58:41"
},
{
"kids":[],
"uid":"2285921171",
"parent":"z6GnefVj5",
"text":"",
"mid":"z6GwobGpm",
"date":"2012-11-24 16:58:29"
},
{
"kids":[
"z7bfDfmUo",
"z6OeHdZr6"
],
"uid":"2396774822",
"parent":"",
"text":"",
"mid":"z6Gw5AZgx",
"date":"2012-11-24 16:57:45"
},
{
"kids":[
"z6Gz6EQLw"
],
"uid":"1749253941",
"parent":"",
"text":"",
"mid":"z6GvW8qiE",
"date":"2012-11-24 16:57:22"
},
{
"kids":[],
"uid":"1970223477",
"parent":"z6GlX7hPS",
"text":"純種中國人都絶曬種!依家個D系。。。",
"mid":"z6GvVfbnn",
"date":"2012-11-24 16:57:20"
},
{
"kids":[
"z6GCgg93i"
],
"uid":"2002061095",
"parent":"",
"text":"是法官猪头了，还是强奸者来头太大？！[怒]",
"mid":"z6GvHmhQ0",
"date":"2012-11-24 16:56:45"
},
{
"kids":[],
"uid":"ndgxw",
"parent":"z6GuPAU4m",
"text":"现在心理扭曲的好象太多了",
"mid":"z6GvDvIJi",
"date":"2012-11-24 16:56:38"
},
{
"kids":[],
"uid":"1409745954",
"parent":"z6GqkFfew",
"text":"太搞笑了~中国法制~",
"mid":"z6Gvwqecf",
"date":"2012-11-24 16:56:22"
},
{
"kids":[],
"uid":"2268685041",
"parent":"z6GkTd4kI",
"text":"",
"mid":"z6GvmEwzW",
"date":"2012-11-24 16:55:58"
},
{
"kids":[
"z6GvDvIJi"
],
"uid":"liujunbo007",
"parent":"z6GtPy8ys",
"text":"求证！",
"mid":"z6GuPAU4m",
"date":"2012-11-24 16:54:38"
},
{
"kids":[],
"uid":"2902631231",
"parent":"",
"text":"什么狗屁法律。",
"mid":"z6GuKiJ0Y",
"date":"2012-11-24 16:54:26"
},
{
"kids":[],
"uid":"3040166833",
"parent":"",
"text":"",
"mid":"z6GuCz6xC",
"date":"2012-11-24 16:54:09"
},
{
"kids":[],
"uid":"2935873243",
"parent":"z6GtPy8ys",
"text":"[怒]",
"mid":"z6GuBqIvv",
"date":"2012-11-24 16:54:04"
},
{
"kids":[],
"uid":"wj0590031",
"parent":"z6GddsgEA",
"text":"",
"mid":"z6GuuihSm",
"date":"2012-11-24 16:53:48"
},
{
"kids":[],
"uid":"xiao19821209",
"parent":"z6GkX3Eo8",
"text":"那公务员强奸必须得配合，不然咋都考公务员呢。",
"mid":"z6Gue3e14",
"date":"2012-11-24 16:53:09"
},
{
"kids":[],
"uid":"2253073520",
"parent":"",
"text":"碰上这种流氓法官，小女子可怜了，配合那叫性贿赂，不配合那就叫过失杀人。",
"mid":"z6GubnZ22",
"date":"2012-11-24 16:53:02"
},
{
"kids":[],
"uid":"1775052440",
"parent":"z6Gpz4q8g",
"text":"",
"mid":"z6GtZh5hq",
"date":"2012-11-24 16:52:32"
},
{
"kids":[],
"uid":"rubbertreelj",
"parent":"z6Gpz4q8g",
"text":"来回晃，来回晃。",
"mid":"z6GtXeqhz",
"date":"2012-11-24 16:52:29"
},
{
"kids":[],
"uid":"2140402912",
"parent":"",
"text":"太特色了！！",
"mid":"z6GtQrnJu",
"date":"2012-11-24 16:52:13"
},
{
"kids":[
"z6Gy04EkV",
"z6GwVkb9v",
"z6GuPAU4m",
"z6GuBqIvv"
],
"uid":"2108293633",
"parent":"z6Gq9727U",
"text":"玄乎！",
"mid":"z6GtPy8ys",
"date":"2012-11-24 16:52:09"
},
{
"kids":[
"z6H8U4C6V"
],
"uid":"1718162682",
"parent":"z6GkfidvX",
"text":"[怒]",
"mid":"z6Gtxg0IS",
"date":"2012-11-24 16:51:27"
},
{
"kids":[],
"uid":"1758239267",
"parent":"z6GojCiDv",
"text":"我认识一些搞法律的，也无功利的自学过一点宪法和民法中的内容，曾经和与朋友计论过中西之优劣，我的观点就是，西方法律中的许多形式是可以拿来充实我们的内容的，但是有一点必须明确，法律注定是被人操的，宁愿被共产党操也不能被富豪奸吏们操。",
"mid":"z6GtuguLa",
"date":"2012-11-24 16:51:20"
},
{
"kids":[],
"uid":"1840220841",
"parent":"",
"text":"听见没，以后都配合着点！",
"mid":"z6GtbDqhL",
"date":"2012-11-24 16:50:34"
},
{
"kids":[
"z6GT7FJAA"
],
"uid":"241644237",
"parent":"z6Gqlepe6",
"text":"[怒]",
"mid":"z6GrYic7E",
"date":"2012-11-24 16:47:36"
},
{
"kids":[],
"uid":"2401693345",
"parent":"z6GkfidvX",
"text":"",
"mid":"z6GrUsuRu",
"date":"2012-11-24 16:47:26"
},
{
"kids":[
"z6GDLCQmX"
],
"uid":"shanghailaoyouji",
"parent":"",
"text":"依据？怎么让她们顺从怎么判！操蛋！",
"mid":"z6GrHrudV",
"date":"2012-11-24 16:46:56"
},
{
"kids":[
"z6IQkF16m",
"z6I1Mn36X"
],
"uid":"hxq88zsq",
"parent":"z6GqkFfew",
"text":"",
"mid":"z6GrbxeHE",
"date":"2012-11-24 16:45:41"
},
{
"kids":[],
"uid":"zhouqibo",
"parent":"",
"text":"回复@山越牧羊人:@程鹤麟",
"mid":"z6GqQevER",
"date":"2012-11-24 16:44:49"
},
{
"kids":[
"z6GSH9rUY",
"z6Gycfov9",
"z6GrYic7E"
],
"uid":"2460451032",
"parent":"",
"text":"河南法院的狗屁判决！根据《刑事诉讼法》，在抗拒严重暴力犯罪时，受害者实施正当防卫，不受“防卫过度”的限制！[怒骂]",
"mid":"z6Gqlepe6",
"date":"2012-11-24 16:43:35"
},
{
"kids":[
"z6GxSp6Bf",
"z6Gvwqecf",
"z6GrbxeHE"
],
"uid":"mingxuz",
"parent":"z6Gp6nWiB",
"text":"天下之大滑稽.",
"mid":"z6GqkFfew",
"date":"2012-11-24 16:43:31"
},
{
"kids":[],
"uid":"1653449174",
"parent":"z6GkTd4kI",
"text":"这事是真是假，求真伪",
"mid":"z6Gqfjhu6",
"date":"2012-11-24 16:43:21"
},
{
"kids":[],
"uid":"bzwdgg",
"parent":"",
"text":"",
"mid":"z6Gqa3bjQ",
"date":"2012-11-24 16:43:08"
},
{
"kids":[],
"uid":"2145007477",
"parent":"",
"text":"笑谈",
"mid":"z6Gq98YXo",
"date":"2012-11-24 16:43:06"
},
{
"kids":[
"z6GLSgvtf",
"z6GtPy8ys"
],
"uid":"1854610735",
"parent":"z6Gnl5nXI",
"text":"够猛的!",
"mid":"z6Gq9727U",
"date":"2012-11-24 16:43:03"
},
{
"kids":[],
"uid":"zhouqibo",
"parent":"",
"text":"请程兄辨别真假消息？",
"mid":"z6Gq7l1GA",
"date":"2012-11-24 16:43:02"
},
{
"kids":[
"z6IqRxzjA"
],
"uid":"tianlulaoshi",
"parent":"",
"text":"",
"mid":"z6Gq5yxMo",
"date":"2012-11-24 16:42:59"
},
{
"kids":[],
"uid":"1653449174",
"parent":"z6GkTd4kI",
"text":"",
"mid":"z6Gq2jCuC",
"date":"2012-11-24 16:42:47"
},
{
"kids":[],
"uid":"2084532011",
"parent":"",
"text":"这什么法官？",
"mid":"z6GpZFkcK",
"date":"2012-11-24 16:42:43"
},
{
"kids":[],
"uid":"523402040",
"parent":"z6GkTd4kI",
"text":"真事 [疑问] @勇敢小小羊 太荒唐了[扔鸡蛋]",
"mid":"z6GpYszVq",
"date":"2012-11-24 16:42:41"
},
{
"kids":[],
"uid":"sam1011",
"parent":"z6Gptc1kw",
"text":"",
"mid":"z6GpIxUpu",
"date":"2012-11-24 16:42:04"
},
{
"kids":[],
"uid":"ld20",
"parent":"",
"text":"[怒]",
"mid":"z6GpEpITX",
"date":"2012-11-24 16:41:53"
},
{
"kids":[],
"uid":"2725237803",
"parent":"",
"text":"",
"mid":"z6GpDeSl9",
"date":"2012-11-24 16:41:50"
},
{
"kids":[
"z6Mw83jWk",
"z6GtZh5hq",
"z6GtXeqhz"
],
"uid":"jhsdjm1978",
"parent":"z6Gp703vM",
"text":"",
"mid":"z6Gpz4q8g",
"date":"2012-11-24 16:41:39"
},
{
"kids":[
"z6GpIxUpu"
],
"uid":"1889187520",
"parent":"z6Gl8yXOZ",
"text":"东山少爷田壮士:千古奇案！美女被强奸，反抗必然，哪有配合不配合的邪理！",
"mid":"z6Gptc1kw",
"date":"2012-11-24 16:41:24"
},
{
"kids":[],
"uid":"2569498641",
"parent":"z6GfBcazT",
"text":"",
"mid":"z6GprETaV",
"date":"2012-11-24 16:41:23"
},
{
"kids":[],
"uid":"2493214682",
"parent":"z6GjFxBFw",
"text":"[哈哈][泪]",
"mid":"z6Gprpxat",
"date":"2012-11-24 16:41:22"
},
{
"kids":[],
"uid":"2362799491",
"parent":"",
"text":"",
"mid":"z6GpiuPYs",
"date":"2012-11-24 16:41:01"
},
{
"kids":[],
"uid":"2567219191",
"parent":"z6GdXwi5A",
"text":"",
"mid":"z6GpcCR19",
"date":"2012-11-24 16:40:47"
},
{
"kids":[],
"uid":"hh6812",
"parent":"z6Gnl5nXI",
"text":"[怒]",
"mid":"z6GpcBSDa",
"date":"2012-11-24 16:40:47"
},
{
"kids":[
"z6Gpz4q8g"
],
"uid":"2826050202",
"parent":"",
"text":"",
"mid":"z6Gp703vM",
"date":"2012-11-24 16:40:33"
},
{
"kids":[
"z6GqkFfew"
],
"uid":"2108999015",
"parent":"z6GhVoYVv",
"text":"倒打一耙？[怒]",
"mid":"z6Gp6nWiB",
"date":"2012-11-24 16:40:32"
},
{
"kids":[],
"uid":"1906380043",
"parent":"",
"text":"",
"mid":"z6Gp3qCcT",
"date":"2012-11-24 16:40:22"
},
{
"kids":[],
"uid":"h43298",
"parent":"",
"text":"但愿所有强奸者都被折断JJ,这样宫里就人丁兴旺了！！！！",
"mid":"z6Gp1FMdg",
"date":"2012-11-24 16:40:21"
},
{
"kids":[],
"uid":"iam95",
"parent":"",
"text":"地方问题。",
"mid":"z6GoLpxsn",
"date":"2012-11-24 16:39:42"
},
{
"kids":[],
"uid":"1969882203",
"parent":"z6Glc90kX",
"text":"次奥[怒]",
"mid":"z6GoL92BL",
"date":"2012-11-24 16:39:41"
},
{
"kids":[],
"uid":"2609526961",
"parent":"z6GeQcz58",
"text":"[草泥马]",
"mid":"z6GouyPCC",
"date":"2012-11-24 16:39:01"
},
{
"kids":[],
"uid":"1851084425",
"parent":"z6GnXu9S9",
"text":"FK",
"mid":"z6Gor5q6a",
"date":"2012-11-24 16:38:50"
},
{
"kids":[
"z6GtuguLa"
],
"uid":"2669567861",
"parent":"z6GnefVj5",
"text":"西式司法独立之日，基本上就是真正的权贵富豪们可以自由操弄法律之时。------这话中肯。",
"mid":"z6GojCiDv",
"date":"2012-11-24 16:38:36"
},
{
"kids":[
"z6HcFuv5Q"
],
"uid":"uc14120200",
"parent":"z6Gnl5nXI",
"text":"",
"mid":"z6GoejibU",
"date":"2012-11-24 16:38:24"
},
{
"kids":[
"z6N59yKGw",
"z6Gor5q6a"
],
"uid":"1014235374",
"parent":"z6Glc90kX",
"text":"册那",
"mid":"z6GnXu9S9",
"date":"2012-11-24 16:37:43"
},
{
"kids":[],
"uid":"2659534293",
"parent":"",
"text":"天朝啊天朝，我真实五体投地啊",
"mid":"z6GnOD3gm",
"date":"2012-11-24 16:37:22"
},
{
"kids":[],
"uid":"2667864405",
"parent":"",
"text":"",
"mid":"z6GnNbBQW",
"date":"2012-11-24 16:37:16"
},
{
"kids":[],
"uid":"1705250907",
"parent":"",
"text":"又是不实消息，你调查了吗？",
"mid":"z6GnLo75L",
"date":"2012-11-24 16:37:11"
},
{
"kids":[],
"uid":"2665172253",
"parent":"",
"text":"",
"mid":"z6GnJk1rD",
"date":"2012-11-24 16:37:09"
},
{
"kids":[],
"uid":"1745614595",
"parent":"z6GkTd4kI",
"text":"",
"mid":"z6GnJjbdM",
"date":"2012-11-24 16:37:09"
},
{
"kids":[],
"uid":"1561250714",
"parent":"z6GkTd4kI",
"text":"还有防碍公务罪",
"mid":"z6GnCeuXO",
"date":"2012-11-24 16:36:52"
},
{
"kids":[],
"uid":"bet365win",
"parent":"",
"text":"几年前就说的假新闻了，现在还有人传。呼叫@点子正！",
"mid":"z6Gnq5dMu",
"date":"2012-11-24 16:36:20"
},
{
"kids":[
"z6Gq9727U",
"z6GpcBSDa",
"z6GoejibU"
],
"uid":"2245475751",
"parent":"z6Glu9z20",
"text":"",
"mid":"z6Gnl5nXI",
"date":"2012-11-24 16:36:11"
},
{
"kids":[],
"uid":"3017274857",
"parent":"",
"text":"无语了",
"mid":"z6GnkutrO",
"date":"2012-11-24 16:36:09"
},
{
"kids":[],
"uid":"2102968590",
"parent":"z6GkTd4kI",
"text":"",
"mid":"z6GnejdpL",
"date":"2012-11-24 16:35:54"
},
{
"kids":[
"z6GwobGpm",
"z6GojCiDv"
],
"uid":"1758239267",
"parent":"z6G6I5CY8",
"text":"回复@碎梦九重天:但愿如此，但是，西方所谓司法独立体系下的荒唐判决还是很令人瞠目的，西式司法独立之日，基本上就是真正的权贵富豪们可以自由操弄法律之时。",
"mid":"z6GnefVj5",
"date":"2012-11-24 16:35:55"
},
{
"kids":[],
"uid":"2422540292",
"parent":"z6GhiEaDr",
"text":"",
"mid":"z6GmRxLTF",
"date":"2012-11-24 16:34:58"
},
{
"kids":[],
"uid":"3017537221",
"parent":"",
"text":"应该强奸一下这个法官，让他也配合一下",
"mid":"z6GmI4YhP",
"date":"2012-11-24 16:34:38"
},
{
"kids":[],
"uid":"1775480231",
"parent":"",
"text":"",
"mid":"z6GmHchFr",
"date":"2012-11-24 16:34:33"
},
{
"kids":[
"z6H3twNEs"
],
"uid":"1271389051",
"parent":"",
"text":"尼玛...真的假的啊？宰了对方都是正当防卫..何况这个呢...[吃惊][怒]",
"mid":"z6GmG0T9l",
"date":"2012-11-24 16:34:31"
},
{
"kids":[],
"uid":"1985229043",
"parent":"z6GkTd4kI",
"text":"哈哈",
"mid":"z6GmtBtVQ",
"date":"2012-11-24 16:34:04"
},
{
"kids":[
"z79N0a1uw",
"z6JsxEmVn"
],
"uid":"baolity",
"parent":"z6GjFxBFw",
"text":"",
"mid":"z6GmiElss",
"date":"2012-11-24 16:33:36"
},
{
"kids":[],
"uid":"2457329520",
"parent":"z6GjFxBFw",
"text":"看来委员长的＂五不搞＂要改成＂六不搞＂了！",
"mid":"z6Gmfppkd",
"date":"2012-11-24 16:33:30"
},
{
"kids":[],
"uid":"dotheshit",
"parent":"",
"text":"这年头什么官都有。",
"mid":"z6Gm774cv",
"date":"2012-11-24 16:33:10"
},
{
"kids":[],
"uid":"ybclouds",
"parent":"z6Glc90kX",
"text":"牛x",
"mid":"z6Gm2ngc2",
"date":"2012-11-24 16:32:59"
},
{
"kids":[
"z6GvVfbnn"
],
"uid":"2132520940",
"parent":"z6GkTd4kI",
"text":"[吃惊][吃惊][悲伤]",
"mid":"z6GlX7hPS",
"date":"2012-11-24 16:32:46"
},
{
"kids":[],
"uid":"2015128853",
"parent":"",
"text":"",
"mid":"z6GlRdEZR",
"date":"2012-11-24 16:32:32"
},
{
"kids":[],
"uid":"1774141632",
"parent":"",
"text":"中国都什么事啊！！",
"mid":"z6GlPn7oJ",
"date":"2012-11-24 16:32:26"
},
{
"kids":[],
"uid":"2413490801",
"parent":"",
"text":"早就说是假新闻了！",
"mid":"z6GlI43k3",
"date":"2012-11-24 16:32:09"
},
{
"kids":[],
"uid":"2641087093",
"parent":"",
"text":"天朝一刻拍案惊奇",
"mid":"z6GlEr3RU",
"date":"2012-11-24 16:32:03"
},
{
"kids":[
"z6Gnl5nXI"
],
"uid":"2149970142",
"parent":"z6GbHtEIb",
"text":"中国特色！",
"mid":"z6Glu9z20",
"date":"2012-11-24 16:31:38"
},
{
"kids":[],
"uid":"314877749",
"parent":"",
"text":"",
"mid":"z6GlmpvVr",
"date":"2012-11-24 16:31:17"
},
{
"kids":[
"z6Inj6TS8",
"z6Inivg9N"
],
"uid":"3058045357",
"parent":"z6GkX3Eo8",
"text":"",
"mid":"z6Gle9blQ",
"date":"2012-11-24 16:30:59"
},
{
"kids":[
"z6GoL92BL",
"z6GnXu9S9",
"z6Gm2ngc2"
],
"uid":"topgun41",
"parent":"",
"text":"操[怒]",
"mid":"z6Glc90kX",
"date":"2012-11-24 16:30:54"
},
{
"kids":[
"z6OpVEC3D",
"z6IIy6BkY",
"z6Gptc1kw"
],
"uid":"2658828497",
"parent":"",
"text":"千古奇案！美女被强奸，反抗必然，哪有配合不配合的邪理！",
"mid":"z6Gl8yXOZ",
"date":"2012-11-24 16:30:44"
},
{
"kids":[],
"uid":"1882551384",
"parent":"z6Gjjq0kt",
"text":"千古奇闻",
"mid":"z6Gl4FzkC",
"date":"2012-11-24 16:30:37"
},
{
"kids":[],
"uid":"1406757791",
"parent":"z6G6I5CY8",
"text":"这就是法律被那些讼棍绑架后的结果·！",
"mid":"z6Gl3eH6y",
"date":"2012-11-24 16:30:33"
},
{
"kids":[
"z6Gue3e14",
"z6Gle9blQ"
],
"uid":"2396774822",
"parent":"z6GkfidvX",
"text":"",
"mid":"z6GkX3Eo8",
"date":"2012-11-24 16:30:18"
},
{
"kids":[
"z6HaqCa9d",
"z6GJOj995",
"z6GDMuu2Q",
"z6GvmEwzW",
"z6Gqfjhu6",
"z6Gq2jCuC",
"z6GpYszVq",
"z6GnJjbdM",
"z6GnCeuXO",
"z6GnejdpL",
"z6GmtBtVQ",
"z6GlX7hPS"
],
"uid":"2284824187",
"parent":"z6GjBo5vv",
"text":"",
"mid":"z6GkTd4kI",
"date":"2012-11-24 16:30:09"
},
{
"kids":[],
"uid":"1884413302",
"parent":"",
"text":"",
"mid":"z6GkLwYp1",
"date":"2012-11-24 16:29:49"
},
{
"kids":[],
"uid":"1406146177",
"parent":"z6G5QAci8",
"text":"这年代，自卫也要判刑！",
"mid":"z6GkIzDCn",
"date":"2012-11-24 16:29:44"
},
{
"kids":[],
"uid":"531156765",
"parent":"z6G6TBjVS",
"text":"[怒]我操，这法官是人吗？",
"mid":"z6Gks2Uv3",
"date":"2012-11-24 16:29:04"
},
{
"kids":[],
"uid":"2387066495",
"parent":"",
"text":"[鄙视]",
"mid":"z6Gkm66Qz",
"date":"2012-11-24 16:28:50"
},
{
"kids":[
"z6Gtxg0IS",
"z6GrUsuRu",
"z6GkX3Eo8"
],
"uid":"1574647051",
"parent":"z6GfBcazT",
"text":"[怒]",
"mid":"z6GkfidvX",
"date":"2012-11-24 16:28:33"
},
{
"kids":[
"z6GRznmqD"
],
"uid":"2793421423",
"parent":"",
"text":"柔弱女偏遇薄命郎，葫芦僧判断葫芦案。可笑！",
"mid":"z6GjPAsSS",
"date":"2012-11-24 16:27:33"
},
{
"kids":[],
"uid":"1427001262",
"parent":"z6G7Celv9",
"text":"看来，雷射怎么说也总比折断强啊！",
"mid":"z6GjPAsSJ",
"date":"2012-11-24 16:27:33"
},
{
"kids":[
"z6ICcdvjf",
"z6HZwBMao",
"z6HPVeIyy",
"z6HwTBAPq",
"z6Hq2pESc",
"z6GQdtTLB",
"z6GIt1Igg",
"z6GIoyUDd",
"z6GyuwhVw",
"z6Gprpxat",
"z6GmiElss",
"z6Gmfppkd"
],
"uid":"213511",
"parent":"",
"text":"看来委员长的＂五不搞＂要改成＂六不搞＂了！",
"mid":"z6GjFxBFw",
"date":"2012-11-24 16:27:08"
},
{
"kids":[],
"uid":"1465607152",
"parent":"z6GirzXUP",
"text":"",
"mid":"z6GjBqwbF",
"date":"2012-11-24 16:26:59"
},
{
"kids":[
"z6GkTd4kI"
],
"uid":"1361399764",
"parent":"",
"text":"",
"mid":"z6GjBo5vv",
"date":"2012-11-24 16:27:00"
},
{
"kids":[
"z6HLqwzlo",
"z6Gl4FzkC"
],
"uid":"laotangcar",
"parent":"z6GhVoYVv",
"text":"违背意愿却配合了还算强奸吗？[疑问]",
"mid":"z6Gjjq0kt",
"date":"2012-11-24 16:26:16"
},
{
"kids":[],
"uid":"1971892753",
"parent":"z6G7Celv9",
"text":"嗯，三年刑哎？女子悔透了，应该忍一忍，那玩艺折断还能致死人命啊？～～你他妈的没那个本事就别逞那个能啊？火柴棍啊？",
"mid":"z6Gjbq8V6",
"date":"2012-11-24 16:25:58"
},
{
"kids":[],
"uid":"1258448450",
"parent":"z6GaywMbj",
"text":"真不知好歹，公仆的根也能伤？",
"mid":"z6GiH151I",
"date":"2012-11-24 16:24:42"
},
{
"kids":[],
"uid":"2607951433",
"parent":"z6GgijcID",
"text":"",
"mid":"z6GiChg1g",
"date":"2012-11-24 16:24:33"
},
{
"kids":[
"z6GjBqwbF"
],
"uid":"532528567",
"parent":"z6GctF11O",
"text":"",
"mid":"z6GirzXUP",
"date":"2012-11-24 16:24:08"
},
{
"kids":[],
"uid":"elysiumhellsing",
"parent":"",
"text":"求一板砖，明日上街！[拳头]",
"mid":"z6GilERdr",
"date":"2012-11-24 16:23:55"
},
{
"kids":[],
"uid":"1723207142",
"parent":"z6G8h2VoM",
"text":"活该他死",
"mid":"z6GiiruBB",
"date":"2012-11-24 16:23:46"
},
{
"kids":[],
"uid":"cxinaizl",
"parent":"z6GddsgEA",
"text":"",
"mid":"z6GieAVDF",
"date":"2012-11-24 16:23:37"
},
{
"kids":[],
"uid":"3058045387",
"parent":"",
"text":"真是大千世界无奇不有！",
"mid":"z6GhY4Itt",
"date":"2012-11-24 16:22:57"
},
{
"kids":[
"z6GIQAUTX",
"z6Gp6nWiB",
"z6Gjjq0kt"
],
"uid":"2305774431",
"parent":"z6G8rlEzC",
"text":"流氓政府!",
"mid":"z6GhVoYVv",
"date":"2012-11-24 16:22:51"
},
{
"kids":[],
"uid":"2859525392",
"parent":"z6GdgnIh2",
"text":"初级阶段是个筐 污七八糟往里装",
"mid":"z6GhPdPSC",
"date":"2012-11-24 16:22:34"
},
{
"kids":[],
"uid":"2179314864",
"parent":"z6G7MiIPi",
"text":"",
"mid":"z6GhIpV65",
"date":"2012-11-24 16:22:18"
},
{
"kids":[],
"uid":"2017592277",
"parent":"z6GfBcazT",
"text":"什么鸟法律，求证   @行政诉讼律师",
"mid":"z6GhG1a7S",
"date":"2012-11-24 16:22:14"
},
{
"kids":[],
"uid":"2318426074",
"parent":"z6G8BosZh",
"text":"@厦大EDP第21期总裁班",
"mid":"z6GhlmSi2",
"date":"2012-11-24 16:21:24"
},
{
"kids":[
"z6GmRxLTF"
],
"uid":"2687970213",
"parent":"z6GctF11O",
"text":"",
"mid":"z6GhiEaDr",
"date":"2012-11-24 16:21:19"
},
{
"kids":[],
"uid":"weiguosheng777",
"parent":"z6G3B7Er7",
"text":"",
"mid":"z6GhhuT5L",
"date":"2012-11-24 16:21:16"
},
{
"kids":[],
"uid":"2882938742",
"parent":"z6G973Hb8",
"text":"MLGBZ",
"mid":"z6Ghd6vMU",
"date":"2012-11-24 16:21:05"
},
{
"kids":[],
"uid":"2927374637",
"parent":"",
"text":"[怒]",
"mid":"z6GgBvALq",
"date":"2012-11-24 16:19:35"
},
{
"kids":[
"z6GiChg1g"
],
"uid":"2454781743",
"parent":"",
"text":"中国特色的社会主义奇闻！",
"mid":"z6GgijcID",
"date":"2012-11-24 16:18:51"
},
{
"kids":[
"z6H1y908q"
],
"uid":"1802257843",
"parent":"z6FZYxslr",
"text":"",
"mid":"z6GfZ9pgW",
"date":"2012-11-24 16:18:04"
},
{
"kids":[
"z6J81yfRH",
"z6GJoilk2",
"z6GprETaV",
"z6GkfidvX",
"z6GhG1a7S"
],
"uid":"2158062783",
"parent":"",
"text":"该死！[怒]",
"mid":"z6GfBcazT",
"date":"2012-11-24 16:17:07"
},
{
"kids":[],
"uid":"2237399673",
"parent":"z6G8h2VoM",
"text":"",
"mid":"z6Gfh4Z6G",
"date":"2012-11-24 16:16:19"
},
{
"kids":[],
"uid":"1044254552",
"parent":"z6G5Q2wSR",
"text":"假的吧",
"mid":"z6Gf8d0DL",
"date":"2012-11-24 16:15:57"
},
{
"kids":[
"z6GouyPCC"
],
"uid":"1758209841",
"parent":"",
"text":"求真相",
"mid":"z6GeQcz58",
"date":"2012-11-24 16:15:16"
},
{
"kids":[],
"uid":"1149041804",
"parent":"z6GbHtEIb",
"text":"因为太硬了吧，嘎嘎",
"mid":"z6GeumFyg",
"date":"2012-11-24 16:14:20"
},
{
"kids":[
"z6Gz4gGvX"
],
"uid":"2447373105",
"parent":"z6G79jv0x",
"text":"[弱]",
"mid":"z6GekhE7X",
"date":"2012-11-24 16:14:00"
},
{
"kids":[
"z6GpcCR19"
],
"uid":"2624660375",
"parent":"",
"text":"奇案。这个案例还须请律师们讨论。女子不同意,公务员老兄强行那些事儿,还怪女子不配合定罪,不知引用那一条法律?",
"mid":"z6GdXwi5A",
"date":"2012-11-24 16:13:03"
},
{
"kids":[],
"uid":"1149041804",
"parent":"z6GbHtEIb",
"text":"",
"mid":"z6GdXhYGM",
"date":"2012-11-24 16:13:04"
},
{
"kids":[],
"uid":"2541715892",
"parent":"",
"text":"乜Q法律？？？[弱]",
"mid":"z6GdMlSIT",
"date":"2012-11-24 16:12:38"
},
{
"kids":[],
"uid":"1944036051",
"parent":"",
"text":"[怒][闭嘴]",
"mid":"z6GdHAQ2o",
"date":"2012-11-24 16:12:27"
},
{
"kids":[],
"uid":"2243234320",
"parent":"",
"text":"",
"mid":"z6GdC0cQh",
"date":"2012-11-24 16:12:13"
},
{
"kids":[],
"uid":"2137531394",
"parent":"z6GbeyejZ",
"text":"神奇的国度",
"mid":"z6GdxzcmJ",
"date":"2012-11-24 16:12:02"
},
{
"kids":[
"z6GhPdPSC"
],
"uid":"leekungfu",
"parent":"",
"text":"",
"mid":"z6GdgnIh2",
"date":"2012-11-24 16:11:20"
},
{
"kids":[
"z6GuuihSm",
"z6GieAVDF"
],
"uid":"1085093845",
"parent":"",
"text":"",
"mid":"z6GddsgEA",
"date":"2012-11-24 16:11:13"
},
{
"kids":[
"z6GIQ1Iti"
],
"uid":"asmliyi",
"parent":"",
"text":"",
"mid":"z6Gd8qQ2B",
"date":"2012-11-24 16:11:01"
},
{
"kids":[],
"uid":"2198671785",
"parent":"z6GapqJa3",
"text":"",
"mid":"z6GcZ0RlA",
"date":"2012-11-24 16:10:38"
},
{
"kids":[],
"uid":"1929244175",
"parent":"",
"text":"[开心]，[围观]",
"mid":"z6Gcz0tXl",
"date":"2012-11-24 16:09:36"
},
{
"kids":[
"z6GirzXUP",
"z6GhiEaDr"
],
"uid":"2739759105",
"parent":"",
"text":"",
"mid":"z6GctF11O",
"date":"2012-11-24 16:09:24"
},
{
"kids":[],
"uid":"2532076761",
"parent":"",
"text":"",
"mid":"z6GcssVqN",
"date":"2012-11-24 16:09:24"
},
{
"kids":[],
"uid":"2662166343",
"parent":"z6Gb260ZA",
"text":"自卫要选对对象！见政府官员，束手就擒。其他人，可以干死！",
"mid":"z6GclF0u0",
"date":"2012-11-24 16:09:07"
},
{
"kids":[],
"uid":"1066544421",
"parent":"z6GaywMbj",
"text":"[疑问]",
"mid":"z6Gcg4iG4",
"date":"2012-11-24 16:08:53"
},
{
"kids":[],
"uid":"572277522",
"parent":"",
"text":"",
"mid":"z6Gc9y0Nx",
"date":"2012-11-24 16:08:38"
},
{
"kids":[],
"uid":"1957377855",
"parent":"",
"text":"",
"mid":"z6GbUaE3c",
"date":"2012-11-24 16:08:02"
},
{
"kids":[
"z70kB6DX3",
"z6Glu9z20",
"z6GeumFyg",
"z6GdXhYGM"
],
"uid":"1605921160",
"parent":"z6G3B7Er7",
"text":"又是洛龙法院办得吧",
"mid":"z6GbHtEIb",
"date":"2012-11-24 16:07:31"
},
{
"kids":[],
"uid":"2936982577",
"parent":"z6G5Cpdxk",
"text":"草：罪大恶极！",
"mid":"z6Gbt3iUk",
"date":"2012-11-24 16:06:56"
},
{
"kids":[],
"uid":"roc1948",
"parent":"",
"text":"这么老掉牙的谣言居然还有人转[酷]",
"mid":"z6Gbq2cVN",
"date":"2012-11-24 16:06:49"
},
{
"kids":[
"z6GdxzcmJ"
],
"uid":"2890186764",
"parent":"",
"text":"",
"mid":"z6GbeyejZ",
"date":"2012-11-24 16:06:21"
},
{
"kids":[],
"uid":"3040166833",
"parent":"",
"text":"",
"mid":"z6Gb9bvoC",
"date":"2012-11-24 16:06:08"
},
{
"kids":[
"z6GclF0u0"
],
"uid":"3107080835",
"parent":"z6G8h2VoM",
"text":"",
"mid":"z6Gb260ZA",
"date":"2012-11-24 16:05:52"
},
{
"kids":[],
"uid":"2665890251",
"parent":"",
"text":"11",
"mid":"z6GaIkiOQ",
"date":"2012-11-24 16:05:05"
},
{
"kids":[],
"uid":"goldenwest1988",
"parent":"z6G8rlEzC",
"text":"怪不得国考热",
"mid":"z6GaGxOsM",
"date":"2012-11-24 16:05:02"
},
{
"kids":[
"z6GiH151I",
"z6Gcg4iG4"
],
"uid":"2786512445",
"parent":"",
"text":"谎唐",
"mid":"z6GaywMbj",
"date":"2012-11-24 16:04:42"
},
{
"kids":[],
"uid":"1912296243",
"parent":"z6G973Hb8",
"text":"",
"mid":"z6GavBIf8",
"date":"2012-11-24 16:04:35"
},
{
"kids":[
"z6GcZ0RlA"
],
"uid":"2381198522",
"parent":"z6G8rlEzC",
"text":"老新闻了，不知道现在处理的怎么样了。",
"mid":"z6GapqJa3",
"date":"2012-11-24 16:04:19"
},
{
"kids":[],
"uid":"1416156741",
"parent":"z6G6I5CY8",
"text":"现在对百姓的司法只看结果，不看原因。没有公理。",
"mid":"z6Gap7Q3e",
"date":"2012-11-24 16:04:18"
},
{
"kids":[],
"uid":"2302324492",
"parent":"",
"text":"",
"mid":"z6GafDx7m",
"date":"2012-11-24 16:03:56"
},
{
"kids":[],
"uid":"2934743367",
"parent":"",
"text":"难道被强奸，还要主动配合，靠！",
"mid":"z6G9XBZwJ",
"date":"2012-11-24 16:03:15"
},
{
"kids":[],
"uid":"redblackroney",
"parent":"z6G5QAci8",
"text":"[吃惊]",
"mid":"z6G9CD7yF",
"date":"2012-11-24 16:02:23"
},
{
"kids":[],
"uid":"2611863601",
"parent":"",
"text":"[疑问]",
"mid":"z6G9zmEGz",
"date":"2012-11-24 16:02:16"
},
{
"kids":[],
"uid":"2122974434",
"parent":"z6G6b1oNq",
"text":"能否晒晒主审法官的名字？",
"mid":"z6G9pEwaO",
"date":"2012-11-24 16:01:51"
},
{
"kids":[],
"uid":"1316302797",
"parent":"z6G973Hb8",
"text":"",
"mid":"z6G9pn7GG",
"date":"2012-11-24 16:01:52"
},
{
"kids":[],
"uid":"1343008933",
"parent":"z6FXVvKFo",
"text":"特色社会主义就是特权社会主义，",
"mid":"z6G9pjQ6d",
"date":"2012-11-24 16:01:52"
},
{
"kids":[],
"uid":"1891346825",
"parent":"",
"text":"如果这是真的，真的是没有天理",
"mid":"z6G9k5cd2",
"date":"2012-11-24 16:01:39"
},
{
"kids":[],
"uid":"1880269103",
"parent":"",
"text":"罪过",
"mid":"z6G9fh1Kj",
"date":"2012-11-24 16:01:28"
},
{
"kids":[],
"uid":"1112030147",
"parent":"z6FZIzZEx",
"text":"",
"mid":"z6G98d4Oe",
"date":"2012-11-24 16:01:11"
},
{
"kids":[],
"uid":"1266749652",
"parent":"",
"text":"",
"mid":"z6G97jozp",
"date":"2012-11-24 16:01:09"
},
{
"kids":[
"z6GDQl3eD",
"z6Ghd6vMU",
"z6GavBIf8",
"z6G9pn7GG"
],
"uid":"1935991981",
"parent":"z6G3SiIiu",
"text":"",
"mid":"z6G973Hb8",
"date":"2012-11-24 16:01:06"
},
{
"kids":[
"z6GhlmSi2"
],
"uid":"2604570454",
"parent":"",
"text":"[哈哈][哈哈][哈哈]还有这种狗屁不通的执法者！",
"mid":"z6G8BosZh",
"date":"2012-11-24 15:59:52"
},
{
"kids":[],
"uid":"sooyoulv",
"parent":"z6G6HeLC8",
"text":"天朝特色",
"mid":"z6G8wn3KA",
"date":"2012-11-24 15:59:39"
},
{
"kids":[],
"uid":"2802409797",
"parent":"",
"text":"",
"mid":"z6G8szyPL",
"date":"2012-11-24 15:59:33"
},
{
"kids":[],
"uid":"2713181722",
"parent":"",
"text":"",
"mid":"z6G8sfkJk",
"date":"2012-11-24 15:59:31"
},
{
"kids":[
"z6GhVoYVv",
"z6GaGxOsM",
"z6GapqJa3"
],
"uid":"kveinyin",
"parent":"z6G6HeLC8",
"text":"",
"mid":"z6G8rlEzC",
"date":"2012-11-24 15:59:29"
},
{
"kids":[
"z6GiiruBB",
"z6Gfh4Z6G",
"z6Gb260ZA"
],
"uid":"278272756",
"parent":"",
"text":"真是那样，就是活该！",
"mid":"z6G8h2VoM",
"date":"2012-11-24 15:59:02"
},
{
"kids":[],
"uid":"2653803251",
"parent":"",
"text":"这是是真的吗，天哪不敢想象",
"mid":"z6G7SbO75",
"date":"2012-11-24 15:58:05"
},
{
"kids":[],
"uid":"2567002991",
"parent":"z6G5Cpdxk",
"text":"真假？被奸？",
"mid":"z6G7R0XSl",
"date":"2012-11-24 15:58:02"
},
{
"kids":[
"z6GhIpV65"
],
"uid":"kickboxer78831",
"parent":"",
"text":"这到底是哪一国的法律，简直无耻之极！难道2012的传说真的要应验了？",
"mid":"z6G7MiIPi",
"date":"2012-11-24 15:57:49"
},
{
"kids":[],
"uid":"3002346223",
"parent":"",
"text":"",
"mid":"z6G7Jkh0b",
"date":"2012-11-24 15:57:43"
},
{
"kids":[
"z6HmllyRr",
"z6GjPAsSJ",
"z6Gjbq8V6"
],
"uid":"2521024702",
"parent":"",
"text":"",
"mid":"z6G7Celv9",
"date":"2012-11-24 15:57:25"
},
{
"kids":[],
"uid":"336988810",
"parent":"z6G6HeLC8",
"text":"",
"mid":"z6G7Aagqq",
"date":"2012-11-24 15:57:23"
},
{
"kids":[],
"uid":"2203137760",
"parent":"",
"text":"[吃惊]",
"mid":"z6G7l7uBd",
"date":"2012-11-24 15:56:47"
},
{
"kids":[],
"uid":"wt0327",
"parent":"",
"text":"[怒]负面新闻够多的啊",
"mid":"z6G7j4v6v",
"date":"2012-11-24 15:56:41"
},
{
"kids":[],
"uid":"1740805354",
"parent":"",
"text":"",
"mid":"z6G7doUKr",
"date":"2012-11-24 15:56:28"
},
{
"kids":[],
"uid":"1855301425",
"parent":"z6G6HeLC8",
"text":"",
"mid":"z6G7b5JFP",
"date":"2012-11-24 15:56:22"
},
{
"kids":[
"z6Gyynk1k",
"z6GekhE7X"
],
"uid":"2790960603",
"parent":"",
"text":"[衰]",
"mid":"z6G79jv0x",
"date":"2012-11-24 15:56:18"
},
{
"kids":[],
"uid":"2190406293",
"parent":"",
"text":"",
"mid":"z6G6XrSZd",
"date":"2012-11-24 15:55:49"
},
{
"kids":[
"z6Gks2Uv3"
],
"uid":"3122894631",
"parent":"",
"text":"",
"mid":"z6G6TBjVS",
"date":"2012-11-24 15:55:41"
},
{
"kids":[],
"uid":"1737717021",
"parent":"",
"text":"回复@东平岁月8:总而言之法院的逻辑就是：强奸有理。反抗有罪...",
"mid":"z6G6N72fz",
"date":"2012-11-24 15:55:25"
},
{
"kids":[
"z6GnefVj5",
"z6Gl3eH6y",
"z6Gap7Q3e"
],
"uid":"1758239267",
"parent":"",
"text":"这是将是司法独立会带来的恶果之一。",
"mid":"z6G6I5CY8",
"date":"2012-11-24 15:55:12"
},
{
"kids":[
"z6G8wn3KA",
"z6G8rlEzC",
"z6G7Aagqq",
"z6G7b5JFP"
],
"uid":"1935991981",
"parent":"",
"text":"",
"mid":"z6G6HeLC8",
"date":"2012-11-24 15:55:11"
},
{
"kids":[],
"uid":"tingtingbabe",
"parent":"z6G3SiIiu",
"text":"!!!!",
"mid":"z6G6y2Ory",
"date":"2012-11-24 15:54:50"
},
{
"kids":[
"z6GOYkdYE",
"z6G9pEwaO"
],
"uid":"2163262350",
"parent":"",
"text":"",
"mid":"z6G6b1oNq",
"date":"2012-11-24 15:53:54"
},
{
"kids":[
"z6GkIzDCn",
"z6G9CD7yF"
],
"uid":"1400515853",
"parent":"",
"text":"",
"mid":"z6G5QAci8",
"date":"2012-11-24 15:53:06"
},
{
"kids":[
"z6K66wGGX",
"z6Gf8d0DL"
],
"uid":"2627564452",
"parent":"",
"text":"不配合强奸也会被判刑！[吃惊]",
"mid":"z6G5Q2wSR",
"date":"2012-11-24 15:53:04"
},
{
"kids":[],
"uid":"273554482",
"parent":"",
"text":"[可怜]",
"mid":"z6G5MczBd",
"date":"2012-11-24 15:52:53"
},
{
"kids":[],
"uid":"2940561803",
"parent":"",
"text":"",
"mid":"z6G5LAVOn",
"date":"2012-11-24 15:52:52"
},
{
"kids":[
"z6Gbt3iUk",
"z6G7R0XSl"
],
"uid":"2986186113",
"parent":"",
"text":"",
"mid":"z6G5Cpdxk",
"date":"2012-11-24 15:52:30"
},
{
"kids":[],
"uid":"2986186113",
"parent":"",
"text":"中国特色的宪法和法律",
"mid":"z6G5xnOma",
"date":"2012-11-24 15:52:19"
},
{
"kids":[],
"uid":"2828477642",
"parent":"",
"text":"",
"mid":"z6G5tyMmt",
"date":"2012-11-24 15:52:11"
},
{
"kids":[],
"uid":"misszhangjj",
"parent":"",
"text":"拿我们女孩子当什么了！！！！！！！！！！！！！！！！！！！！！！！！！！",
"mid":"z6G5i40yV",
"date":"2012-11-24 15:51:43"
},
{
"kids":[
"z6HoDtXY2"
],
"uid":"cnhoping",
"parent":"",
"text":"党和政府多年培养一个公务员不容易，哪能不明不白就死了，得向社会和死者家属一个交待！@赵士林微博 ，请教授骂一下！",
"mid":"z6G5aofeK",
"date":"2012-11-24 15:51:25"
},
{
"kids":[],
"uid":"1402315124",
"parent":"z6FZyikEv",
"text":"真是滑稽，东都此类事情发生不少",
"mid":"z6G580I59",
"date":"2012-11-24 15:51:17"
},
{
"kids":[],
"uid":"2432067120",
"parent":"z6G3SiIiu",
"text":"真是脆弱",
"mid":"z6G51uqbY",
"date":"2012-11-24 15:51:04"
},
{
"kids":[],
"uid":"2865673570",
"parent":"",
"text":"天下奇闻！",
"mid":"z6G4Vyf6z",
"date":"2012-11-24 15:50:50"
},
{
"kids":[],
"uid":"totorblue",
"parent":"",
"text":"",
"mid":"z6G4ViaQc",
"date":"2012-11-24 15:50:49"
},
{
"kids":[],
"uid":"tyogaku",
"parent":"",
"text":"",
"mid":"z6G4Rto0O",
"date":"2012-11-24 15:50:39"
},
{
"kids":[],
"uid":"2507878341",
"parent":"",
"text":"",
"mid":"z6G4QwPOw",
"date":"2012-11-24 15:50:38"
},
{
"kids":[],
"uid":"2708446310",
"parent":"",
"text":"",
"mid":"z6G4C5MHA",
"date":"2012-11-24 15:50:01"
},
{
"kids":[],
"uid":"chenyuyang311",
"parent":"",
"text":"",
"mid":"z6G4skzzF",
"date":"2012-11-24 15:49:40"
},
{
"kids":[],
"uid":"1494872175",
"parent":"",
"text":"足以彪炳千秋了",
"mid":"z6G422HaB",
"date":"2012-11-24 15:48:37"
},
{
"kids":[],
"uid":"1261000353",
"parent":"",
"text":"",
"mid":"z6G3Z6D7h",
"date":"2012-11-24 15:48:29"
},
{
"kids":[],
"uid":"2810305637",
"parent":"",
"text":"",
"mid":"z6G3X2xna",
"date":"2012-11-24 15:48:25"
},
{
"kids":[
"z6G973Hb8",
"z6G6y2Ory",
"z6G51uqbY"
],
"uid":"1912057632",
"parent":"",
"text":"[怒骂]",
"mid":"z6G3SiIiu",
"date":"2012-11-24 15:48:13"
},
{
"kids":[
"z6GhhuT5L",
"z6GbHtEIb"
],
"uid":"1212258201",
"parent":"",
"text":"",
"mid":"z6G3B7Er7",
"date":"2012-11-24 15:47:33"
},
{
"kids":[],
"uid":"mrguanjian",
"parent":"",
"text":"",
"mid":"z6G2lpwyF",
"date":"2012-11-24 15:44:28"
},
{
"kids":[],
"uid":"541723435",
"parent":"",
"text":"天大笑柄",
"mid":"z6G2jFpbK",
"date":"2012-11-24 15:44:22"
},
{
"kids":[
"z6GfZ9pgW"
],
"uid":"2094797142",
"parent":"z6FZyikEv",
"text":"",
"mid":"z6FZYxslr",
"date":"2012-11-24 15:38:38"
},
{
"kids":[
"z6G98d4Oe"
],
"uid":"1908641727",
"parent":"",
"text":"",
"mid":"z6FZIzZEx",
"date":"2012-11-24 15:38:01"
},
{
"kids":[],
"uid":"zgheijingtou",
"parent":"",
"text":"不得不说两个字，我操！",
"mid":"z6FZIlAJF",
"date":"2012-11-24 15:37:59"
},
{
"kids":[
"z6G580I59",
"z6FZYxslr"
],
"uid":"glgreg",
"parent":"",
"text":"这个周末的微博上这么多猛段子。。。",
"mid":"z6FZyikEv",
"date":"2012-11-24 15:37:35"
},
{
"kids":[
"z6G9pjQ6d"
],
"uid":"1058327157",
"parent":"",
"text":"转",
"mid":"z6FXVvKFo",
"date":"2012-11-24 15:33:33"
},
{
"kids":[],
"uid":"2416677424",
"parent":"",
"text":"求证，",
"mid":"z6FVzvGeN",
"date":"2012-11-24 15:27:47"
},
{
"kids":[],
"uid":"stone1983",
"parent":"",
"text":"",
"mid":"z6FULAIOx",
"date":"2012-11-24 15:25:48"
}
]