[
{
"kids":[],
"uid":"3043984875",
"parent":"",
"text":"",
"mid":"AzZEJm7NK",
"date":"2014-03-08 09:44:20"
},
{
"kids":[],
"uid":"1297794701",
"parent":"yvJyF59rY",
"text":"",
"mid":"zhYiLDUIf",
"date":"2013-02-06 22:27:43"
},
{
"kids":[],
"uid":"2919853514",
"parent":"",
"text":"",
"mid":"zajBuzxzS",
"date":"2012-12-18 13:59:06"
},
{
"kids":[],
"uid":"1588001843",
"parent":"",
"text":"",
"mid":"zajBuzxyr",
"date":"2012-12-18 13:59:04"
},
{
"kids":[],
"uid":"2919936000",
"parent":"z2hWD0aYG",
"text":"",
"mid":"z4QNsttFL",
"date":"2012-11-12 15:27:23"
},
{
"kids":[],
"uid":"2790027750",
"parent":"z2hWD0aYG",
"text":"",
"mid":"z4QNsrvv7",
"date":"2012-11-12 15:27:22"
},
{
"kids":[],
"uid":"2920060854",
"parent":"z2iSj1aDb",
"text":"",
"mid":"z4Jrf4AT3",
"date":"2012-11-11 20:43:26"
},
{
"kids":[],
"uid":"2919867582",
"parent":"z2iSj1aDb",
"text":"",
"mid":"z4Jrf4AQK",
"date":"2012-11-11 20:43:23"
},
{
"kids":[],
"uid":"1777274752",
"parent":"z2hWD0aYG",
"text":"",
"mid":"z4HtlhrVr",
"date":"2012-11-11 15:43:06"
},
{
"kids":[],
"uid":"2790054612",
"parent":"z2iSj1aDb",
"text":"",
"mid":"z47hf5zUR",
"date":"2012-11-07 19:34:23"
},
{
"kids":[],
"uid":"1582910030",
"parent":"z2iSj1aDb",
"text":"",
"mid":"z47hf49Dd",
"date":"2012-11-07 19:34:23"
},
{
"kids":[],
"uid":"1445203153",
"parent":"z2iSj1aDb",
"text":"",
"mid":"z3Vv7aTul",
"date":"2012-11-06 13:35:37"
},
{
"kids":[],
"uid":"2920096614",
"parent":"z2hWD0aYG",
"text":"",
"mid":"z3S6rvrix",
"date":"2012-11-06 04:56:36"
},
{
"kids":[],
"uid":"2803962952",
"parent":"z2hWD0aYG",
"text":"",
"mid":"z3S6rvrhO",
"date":"2012-11-06 04:56:36"
},
{
"kids":[],
"uid":"2803471864",
"parent":"z3HUKsgpJ",
"text":"",
"mid":"z3OtVtiVL",
"date":"2012-11-05 19:43:26"
},
{
"kids":[],
"uid":"2920237752",
"parent":"z2hWD0aYG",
"text":"",
"mid":"z3JNXb5rd",
"date":"2012-11-05 07:49:05"
},
{
"kids":[
"z3OtVtiVL"
],
"uid":"1771641497",
"parent":"z2gY7ng4n",
"text":"……吓人",
"mid":"z3HUKsgpJ",
"date":"2012-11-05 03:00:20"
},
{
"kids":[],
"uid":"2810852882",
"parent":"z3ijC1zCK",
"text":"",
"mid":"z3zGZsyAm",
"date":"2012-11-04 06:04:28"
},
{
"kids":[],
"uid":"2919337320",
"parent":"z3ijC1zCK",
"text":"",
"mid":"z3zGZaXrT",
"date":"2012-11-04 06:04:27"
},
{
"kids":[],
"uid":"2789868160",
"parent":"z3ijC1zCK",
"text":"",
"mid":"z3wje0iL8",
"date":"2012-11-03 21:27:37"
},
{
"kids":[],
"uid":"1778097284",
"parent":"z3ijC1zCK",
"text":"",
"mid":"z3wjdoe4y",
"date":"2012-11-03 21:27:39"
},
{
"kids":[],
"uid":"2422510354",
"parent":"",
"text":"",
"mid":"z3mHv0UoZ",
"date":"2012-11-02 21:00:00"
},
{
"kids":[
"z3zGZsyAm",
"z3zGZaXrT",
"z3wje0iL8",
"z3wjdoe4y"
],
"uid":"2491654091",
"parent":"z2gY7ng4n",
"text":"蛊是苗族饲养的寄生虫！一般是经过伤口或者吞服进入人体后才起作用！这神马毒纹蛊已经完全脱离了蛊毒的范畴，属于精神幻术类！而且泰国善于下降头，不善于养蛊！[酷][酷]",
"mid":"z3ijC1zCK",
"date":"2012-11-02 09:50:10"
},
{
"kids":[],
"uid":"2789910140",
"parent":"z2iSj1aDb",
"text":"",
"mid":"z3crI2aID",
"date":"2012-11-01 18:53:37"
},
{
"kids":[],
"uid":"1778363180",
"parent":"z2iSj1aDb",
"text":"",
"mid":"z37zJ59Sv",
"date":"2012-11-01 06:29:39"
},
{
"kids":[],
"uid":"2790059892",
"parent":"z2iSj1aDb",
"text":"",
"mid":"z37zJ59RT",
"date":"2012-11-01 06:29:39"
},
{
"kids":[],
"uid":"2919746204",
"parent":"z2hWD0aYG",
"text":"",
"mid":"z2X7AcLWm",
"date":"2012-10-31 03:52:50"
},
{
"kids":[],
"uid":"1583407303",
"parent":"z2hWD0aYG",
"text":"",
"mid":"z2X7zC9FT",
"date":"2012-10-31 03:52:50"
},
{
"kids":[],
"uid":"1583994990",
"parent":"z2iSj1aDb",
"text":"",
"mid":"z2W3KzN7S",
"date":"2012-10-31 01:10:40"
},
{
"kids":[],
"uid":"2804306632",
"parent":"z2hWD0aYG",
"text":"",
"mid":"z2UHRBS6p",
"date":"2012-10-30 21:44:00"
},
{
"kids":[],
"uid":"1003331071",
"parent":"z2gY7ng4n",
"text":"我看了大概7个小时吧…可能不到…反正…手机是没电了…SAMSUNG救了我的命……[哈哈][哈哈][哈哈]",
"mid":"z2Uh3vAkb",
"date":"2012-10-30 20:37:57"
},
{
"kids":[],
"uid":"2134340855",
"parent":"",
"text":"",
"mid":"z2T9ExXlZ",
"date":"2012-10-30 17:46:58"
},
{
"kids":[],
"uid":"2930838407",
"parent":"z2gY7ng4n",
"text":"",
"mid":"z2SBtgx9J",
"date":"2012-10-30 16:22:45"
},
{
"kids":[],
"uid":"cheefan",
"parent":"",
"text":"我看了差不多40多个小时，然后电脑没电了。幸好没电了，没电救了我的命。",
"mid":"z2Sdlse6l",
"date":"2012-10-30 15:23:19"
},
{
"kids":[],
"uid":"1440670823",
"parent":"z2hWD0aYG",
"text":"",
"mid":"z2RXiy8x0",
"date":"2012-10-30 14:43:47"
},
{
"kids":[],
"uid":"2919830804",
"parent":"z2hWD0aYG",
"text":"",
"mid":"z2RXixbjH",
"date":"2012-10-30 14:43:45"
},
{
"kids":[],
"uid":"1904777711",
"parent":"z2gY7ng4n",
"text":"看了大概7个小时吧…可能不到…反正…手机是没电了…iphone救了我的命……",
"mid":"z2LkXyW0i",
"date":"2012-10-29 21:52:51"
},
{
"kids":[],
"uid":"2789779540",
"parent":"z2gYPa4S2",
"text":"",
"mid":"z2KgWpJq4",
"date":"2012-10-29 19:10:10"
},
{
"kids":[],
"uid":"2070064527",
"parent":"z2gY7ng4n",
"text":"我转发，但不看，谁看谁知道。",
"mid":"z2FOUq6Fx",
"date":"2012-10-29 07:50:08"
},
{
"kids":[],
"uid":"2920304892",
"parent":"z2gYPa4S2",
"text":"",
"mid":"z2FBibA3L",
"date":"2012-10-29 07:16:35"
},
{
"kids":[],
"uid":"2807701152",
"parent":"z2gYPa4S2",
"text":"",
"mid":"z2FBhilc9",
"date":"2012-10-29 07:16:34"
},
{
"kids":[],
"uid":"2809090704",
"parent":"z2jSftyqn",
"text":"",
"mid":"z2DyxgQt0",
"date":"2012-10-29 02:04:19"
},
{
"kids":[],
"uid":"2920295494",
"parent":"z2jSftyqn",
"text":"",
"mid":"z2DyxgQs1",
"date":"2012-10-29 02:04:19"
},
{
"kids":[],
"uid":"2919784062",
"parent":"",
"text":"",
"mid":"z2DgRARMs",
"date":"2012-10-29 01:20:47"
},
{
"kids":[],
"uid":"2789890014",
"parent":"",
"text":"",
"mid":"z2DgRzN5P",
"date":"2012-10-29 01:20:47"
},
{
"kids":[],
"uid":"1810056732",
"parent":"z2gY7ng4n",
"text":"",
"mid":"z2CpNjQrg",
"date":"2012-10-28 23:10:02"
},
{
"kids":[],
"uid":"2776907145",
"parent":"",
"text":"",
"mid":"z2C9rb9kW",
"date":"2012-10-28 22:29:44"
},
{
"kids":[],
"uid":"manduziyateng",
"parent":"z2gY7ng4n",
"text":"白内障，得治。",
"mid":"z2B2y7lSQ",
"date":"2012-10-28 19:39:58"
},
{
"kids":[],
"uid":"2132713125",
"parent":"z2h5biIGG",
"text":"[晕]",
"mid":"z2wgP9yCY",
"date":"2012-10-28 07:31:27"
},
{
"kids":[],
"uid":"2531814271",
"parent":"z2gY7ng4n",
"text":"哈哈..的确幻听了...我在听@许嵩 的幻听...",
"mid":"z2qsiDzqX",
"date":"2012-10-27 16:43:15"
},
{
"kids":[],
"uid":"2916474097",
"parent":"z2p2gCfjr",
"text":"",
"mid":"z2qoNd7rJ",
"date":"2012-10-27 16:34:34"
},
{
"kids":[
"z2qoNd7rJ"
],
"uid":"2929413837",
"parent":"",
"text":"",
"mid":"z2p2gCfjr",
"date":"2012-10-27 13:06:21"
},
{
"kids":[],
"uid":"yanhuang91",
"parent":"z2gY7ng4n",
"text":"[生病]",
"mid":"z2oogeNHj",
"date":"2012-10-27 11:27:48"
},
{
"kids":[],
"uid":"1886763091",
"parent":"z2ofZhYYr",
"text":"看什么玩扔。再看就把你吃掉。",
"mid":"z2ogXivQy",
"date":"2012-10-27 11:09:47"
},
{
"kids":[
"z2ogXivQy"
],
"uid":"207801313",
"parent":"",
"text":"我成功啦，估计这老太太已经死了！和我对看，妈的[阴险]",
"mid":"z2ofZhYYr",
"date":"2012-10-27 11:07:25"
},
{
"kids":[],
"uid":"2505975191",
"parent":"z2gY7ng4n",
"text":"",
"mid":"z2mPlpxPh",
"date":"2012-10-27 07:29:02"
},
{
"kids":[],
"uid":"2591215355",
"parent":"z2gY7ng4n",
"text":"看的我慈心泪都出来了！没事！",
"mid":"z2mqOvzVK",
"date":"2012-10-27 06:28:36"
},
{
"kids":[],
"uid":"2090325551",
"parent":"z2gY7ng4n",
"text":"哈哈",
"mid":"z2kD1tDkI",
"date":"2012-10-27 01:53:10"
},
{
"kids":[],
"uid":"2347814543",
"parent":"z2gY7ng4n",
"text":"看了一眼立体感超强/，吓人/@学徒王自健:我看了大概7个小时吧…可能不到…反正…手机是没电了…iphone救了我的命……",
"mid":"z2kwboNbA",
"date":"2012-10-27 01:36:19"
},
{
"kids":[],
"uid":"527034521",
"parent":"",
"text":"最右→_→你再坚持两个小时会发现这是个动图噢。",
"mid":"z2kcHuxzO",
"date":"2012-10-27 00:48:20"
},
{
"kids":[],
"uid":"hellosammy",
"parent":"",
"text":"@精分de航运妹纸 纹这个[good]",
"mid":"z2k5ihhIW",
"date":"2012-10-27 00:30:04"
},
{
"kids":[
"z2DyxgQt0",
"z2DyxgQs1"
],
"uid":"2605126727",
"parent":"z2gY7ng4n",
"text":"哎哟喂~我的灵魂都被吸走了呢~",
"mid":"z2jSftyqn",
"date":"2012-10-26 23:57:58"
},
{
"kids":[],
"uid":"1801751151",
"parent":"z2gY7ng4n",
"text":"",
"mid":"z2jGw0R4Q",
"date":"2012-10-26 23:29:03"
},
{
"kids":[],
"uid":"1789133417",
"parent":"z2gY7ng4n",
"text":"",
"mid":"z2jD8wb32",
"date":"2012-10-26 23:20:40"
},
{
"kids":[],
"uid":"yuyiqingting",
"parent":"z2gY7ng4n",
"text":"我看了一眼就头晕，然后，就没有然后了，被我刷过去了",
"mid":"z2jjXsnA3",
"date":"2012-10-26 22:33:25"
},
{
"kids":[],
"uid":"2431012741",
"parent":"",
"text":"谁求知道、反正我是不敢看",
"mid":"z2jbsiVEj",
"date":"2012-10-26 22:12:29"
},
{
"kids":[],
"uid":"2810579714",
"parent":"z2hyz1KYX",
"text":"",
"mid":"z2j490JbN",
"date":"2012-10-26 21:54:30"
},
{
"kids":[],
"uid":"2789849172",
"parent":"z2hyz1KYX",
"text":"",
"mid":"z2j48nIMb",
"date":"2012-10-26 21:54:26"
},
{
"kids":[],
"uid":"1860178644",
"parent":"z2hQgddY8",
"text":"",
"mid":"z2iXDlAZa",
"date":"2012-10-26 21:38:28"
},
{
"kids":[],
"uid":"1625496193",
"parent":"z2gY7ng4n",
"text":"能看7小时的人，本身就是灵异啊…",
"mid":"z2iW4rKmL",
"date":"2012-10-26 21:34:37"
},
{
"kids":[
"z4Jrf4AT3",
"z4Jrf4AQK",
"z47hf5zUR",
"z47hf49Dd",
"z3Vv7aTul",
"z3crI2aID",
"z37zJ59Sv",
"z37zJ59RT",
"z2W3KzN7S"
],
"uid":"1826408790",
"parent":"",
"text":"",
"mid":"z2iSj1aDb",
"date":"2012-10-26 21:25:21"
},
{
"kids":[],
"uid":"fss1989",
"parent":"z2gY7ng4n",
"text":"@黑加仑璇璇 [酷][酷]",
"mid":"z2iIQ7T7P",
"date":"2012-10-26 21:02:01"
},
{
"kids":[],
"uid":"2636726953",
"parent":"z2gY7ng4n",
"text":"啊哈哈哈哈哈！爱疯实属安身立命 居家常备之良品 ！",
"mid":"z2iHapq6N",
"date":"2012-10-26 20:57:54"
},
{
"kids":[],
"uid":"jbecks",
"parent":"z2h0NrYzS",
"text":"连姆尼森嘛哈哈哈哈哈",
"mid":"z2im66JU3",
"date":"2012-10-26 20:05:59"
},
{
"kids":[],
"uid":"2746396961",
"parent":"z2gY7ng4n",
"text":"",
"mid":"z2ilvrKNJ",
"date":"2012-10-26 20:04:32"
},
{
"kids":[],
"uid":"2568716330",
"parent":"z2gY7ng4n",
"text":"请辗转给异界一姐",
"mid":"z2igirqh1",
"date":"2012-10-26 19:51:42"
},
{
"kids":[],
"uid":"333086555",
"parent":"z2hQgddY8",
"text":"已处理",
"mid":"z2i4DDC94",
"date":"2012-10-26 19:22:57"
},
{
"kids":[],
"uid":"2827482635",
"parent":"",
"text":"他吓人了",
"mid":"z2hXc5Yoj",
"date":"2012-10-26 19:04:37"
},
{
"kids":[],
"uid":"2966489765",
"parent":"z2gY7ng4n",
"text":"哈哈哈哈",
"mid":"z2hX7piGW",
"date":"2012-10-26 19:04:27"
},
{
"kids":[],
"uid":"sunyaxieyi",
"parent":"z2gY7ng4n",
"text":"哈哈哈哈哈！！",
"mid":"z2hWZ6UmF",
"date":"2012-10-26 19:04:07"
},
{
"kids":[
"z4QNsttFL",
"z4QNsrvv7",
"z4HtlhrVr",
"z3S6rvrix",
"z3S6rvrhO",
"z3JNXb5rd",
"z2X7AcLWm",
"z2X7zC9FT",
"z2UHRBS6p",
"z2RXiy8x0",
"z2RXixbjH"
],
"uid":"forcevslong",
"parent":"z2gY7ng4n",
"text":"试试吧'托福",
"mid":"z2hWD0aYG",
"date":"2012-10-26 19:03:15"
},
{
"kids":[],
"uid":"2735347365",
"parent":"z2gY7ng4n",
"text":"哪个胆儿大的试试。",
"mid":"z2hV0tHek",
"date":"2012-10-26 18:59:15"
},
{
"kids":[],
"uid":"2195255460",
"parent":"z2gY7ng4n",
"text":"打印出来，贴墙上看～",
"mid":"z2hQFkou9",
"date":"2012-10-26 18:48:33"
},
{
"kids":[
"z2iXDlAZa",
"z2i4DDC94"
],
"uid":"1644258507",
"parent":"z2gY7ng4n",
"text":"[good]大快人心  假贴死妈",
"mid":"z2hQgddY8",
"date":"2012-10-26 18:47:33"
},
{
"kids":[],
"uid":"1099235503",
"parent":"z2gY7ng4n",
"text":"感谢iphone，真给力",
"mid":"z2hLcEJD1",
"date":"2012-10-26 18:35:04"
},
{
"kids":[],
"uid":"mrsrost",
"parent":"z2gY7ng4n",
"text":"我操……真的假的@DoldrumsEric @Gentian_蒙马特",
"mid":"z2hJzkGKW",
"date":"2012-10-26 18:31:04"
},
{
"kids":[],
"uid":"avapark",
"parent":"z2gY7ng4n",
"text":"",
"mid":"z2hIHeil4",
"date":"2012-10-26 18:28:55"
},
{
"kids":[],
"uid":"1566467772",
"parent":"z2gY7ng4n",
"text":"",
"mid":"z2hFE7RHr",
"date":"2012-10-26 18:21:22"
},
{
"kids":[],
"uid":"2181798554",
"parent":"z2gY7ng4n",
"text":"哈哈哈哈",
"mid":"z2hF4FqWx",
"date":"2012-10-26 18:20:00"
},
{
"kids":[],
"uid":"momorry",
"parent":"",
"text":"可能电脑屏幕比较大，我想问：看哪只？",
"mid":"z2hEh3QxY",
"date":"2012-10-26 18:18:02"
},
{
"kids":[],
"uid":"2942308042",
"parent":"z2gY7ng4n",
"text":"因为她的长相和脸上的纹路，总之，很难过的感觉",
"mid":"z2hzYaVrK",
"date":"2012-10-26 18:07:25"
},
{
"kids":[],
"uid":"dalianmao8787",
"parent":"z2gY7ng4n",
"text":"[哈哈]太有才了",
"mid":"z2hzdwc7R",
"date":"2012-10-26 18:05:31"
},
{
"kids":[],
"uid":"dhmchibimaruko",
"parent":"z2gY7ng4n",
"text":"[惊恐][惊恐]",
"mid":"z2hzaxta9",
"date":"2012-10-26 18:05:27"
},
{
"kids":[
"z2j490JbN",
"z2j48nIMb"
],
"uid":"1133370830",
"parent":"z2gY7ng4n",
"text":"我估计看时间长了顶多眼睛酸，绝无其他副作用",
"mid":"z2hyz1KYX",
"date":"2012-10-26 18:03:57"
},
{
"kids":[],
"uid":"2391105921",
"parent":"z2gY7ng4n",
"text":"哈哈！",
"mid":"z2hxT3Sf2",
"date":"2012-10-26 18:02:17"
},
{
"kids":[],
"uid":"2403520407",
"parent":"z2gY7ng4n",
"text":"然后...我觉得我盯不住他的眼睛啊，老往脸上瞟[挖鼻屎]",
"mid":"z2huk3JSS",
"date":"2012-10-26 17:53:28"
},
{
"kids":[],
"uid":"2710881047",
"parent":"z2gY7ng4n",
"text":"你敢看吗？@李静小禹",
"mid":"z2hub9wKH",
"date":"2012-10-26 17:53:09"
},
{
"kids":[],
"uid":"sansiro1899",
"parent":"z2gY7ng4n",
"text":"",
"mid":"z2hpCmuuD",
"date":"2012-10-26 17:41:54"
},
{
"kids":[],
"uid":"2171021301",
"parent":"z2gY7ng4n",
"text":"…",
"mid":"z2hnIbEkd",
"date":"2012-10-26 17:37:13"
},
{
"kids":[],
"uid":"206679000",
"parent":"z2hcDbLSC",
"text":"看着确实慎的慌！",
"mid":"z2hla4Onc",
"date":"2012-10-26 17:30:56"
},
{
"kids":[],
"uid":"2431012741",
"parent":"z2gY7ng4n",
"text":"谁敢试试",
"mid":"z2hkYzytC",
"date":"2012-10-26 17:30:29"
},
{
"kids":[],
"uid":"jimmys00",
"parent":"z2gY7ng4n",
"text":"这货的拍摄设备和东热片用的一样的，摄影机这次天使眼光圈眼神光…[给力]",
"mid":"z2hkWdRtv",
"date":"2012-10-26 17:30:23"
},
{
"kids":[],
"uid":"jiqiuyan",
"parent":"",
"text":"好像皮蛋啊这两颗……",
"mid":"z2hjQdoBk",
"date":"2012-10-26 17:27:38"
},
{
"kids":[],
"uid":"2669861952",
"parent":"z2gY7ng4n",
"text":"信这个的人心理暗示强，自我意识低。比如催眠，如果被催眠者不同意，不愿意，是无法完成的。对于我这样有超强大内心的人来说，拿这个当屏保也没问题啊……[大南瓜]",
"mid":"z2hjlfqkj",
"date":"2012-10-26 17:26:26"
},
{
"kids":[],
"uid":"2279179070",
"parent":"z2gY7ng4n",
"text":"小王爷你真逗[哈哈]",
"mid":"z2hiZ5ztC",
"date":"2012-10-26 17:25:34"
},
{
"kids":[],
"uid":"130210111",
"parent":"z2hcDbLSC",
"text":"看了一眼，看的眼睛要流泪。。。",
"mid":"z2hiFdYaG",
"date":"2012-10-26 17:24:47"
},
{
"kids":[],
"uid":"2031505467",
"parent":"z2gY7ng4n",
"text":"看一眼就头皮发紧",
"mid":"z2hg2btJt",
"date":"2012-10-26 17:18:19"
},
{
"kids":[],
"uid":"jasonzhuang",
"parent":"z2hcDbLSC",
"text":"",
"mid":"z2hdysNSn",
"date":"2012-10-26 17:12:12"
},
{
"kids":[],
"uid":"2241410470",
"parent":"z2gY7ng4n",
"text":"",
"mid":"z2hdvwO4d",
"date":"2012-10-26 17:12:04"
},
{
"kids":[],
"uid":"nono20101231",
"parent":"z2gY7ng4n",
"text":"IPHONE软文",
"mid":"z2hdr717g",
"date":"2012-10-26 17:11:54"
},
{
"kids":[
"z2hla4Onc",
"z2hiFdYaG",
"z2hdysNSn"
],
"uid":"1872218677",
"parent":"",
"text":"我不敢看",
"mid":"z2hcDbLSC",
"date":"2012-10-26 17:09:55"
},
{
"kids":[],
"uid":"1310922041",
"parent":"z2gY7ng4n",
"text":"看出斯伯丁怎么破...",
"mid":"z2hbTFSgc",
"date":"2012-10-26 17:08:07"
},
{
"kids":[],
"uid":"1851671400",
"parent":"z2gY7ng4n",
"text":"看了三十个小时终于看到了！",
"mid":"z2hb7dZob",
"date":"2012-10-26 17:06:10"
},
{
"kids":[],
"uid":"ylmnorman",
"parent":"z2gY7ng4n",
"text":"",
"mid":"z2haQ3LyF",
"date":"2012-10-26 17:05:30"
},
{
"kids":[],
"uid":"80903010",
"parent":"z2gY7ng4n",
"text":"我看完之后就自杀了呢!真的!",
"mid":"z2haJeZw6",
"date":"2012-10-26 17:05:14"
},
{
"kids":[],
"uid":"egscylla",
"parent":"z2gY7ng4n",
"text":"是，长这样没法不晕",
"mid":"z2h9qgPsz",
"date":"2012-10-26 17:02:01"
},
{
"kids":[],
"uid":"nickwolfe",
"parent":"z2gY7ng4n",
"text":"要看多久没问题才能证实没问题啊？",
"mid":"z2h9dixtl",
"date":"2012-10-26 17:01:30"
},
{
"kids":[],
"uid":"1987623915",
"parent":"z2gY7ng4n",
"text":"[哈哈]",
"mid":"z2h8xAxDh",
"date":"2012-10-26 16:59:51"
},
{
"kids":[],
"uid":"2552163475",
"parent":"z2gY7ng4n",
"text":"",
"mid":"z2h7Db6Jw",
"date":"2012-10-26 16:57:35"
},
{
"kids":[],
"uid":"2290182951",
"parent":"",
"text":"不实消息啊？哎。。没劲。对着它看了半天白看了",
"mid":"z2h7CkDLk",
"date":"2012-10-26 16:57:34"
},
{
"kids":[],
"uid":"2404519440",
"parent":"",
"text":"没觉得什么不同啊～",
"mid":"z2h78q9HO",
"date":"2012-10-26 16:56:21"
},
{
"kids":[],
"uid":"wwy524",
"parent":"z2gY7ng4n",
"text":"啊。。。上帝不收我。",
"mid":"z2h75eF8y",
"date":"2012-10-26 16:56:15"
},
{
"kids":[],
"uid":"1190012811",
"parent":"z2gY7ng4n",
"text":"爱疯是个好手机关键时刻能救命啊",
"mid":"z2h7152fs",
"date":"2012-10-26 16:56:05"
},
{
"kids":[],
"uid":"1849988134",
"parent":"z2gY7ng4n",
"text":"哈哈哈哈哈",
"mid":"z2h6UfaWz",
"date":"2012-10-26 16:55:49"
},
{
"kids":[],
"uid":"2292219787",
"parent":"z2gY7ng4n",
"text":"…反正我觉着只能盯着一只眼睛看，这家伙眼睛太宽",
"mid":"z2h6PfRU6",
"date":"2012-10-26 16:55:37"
},
{
"kids":[],
"uid":"insignificantmao",
"parent":"z2gY7ng4n",
"text":"",
"mid":"z2h6GoWMY",
"date":"2012-10-26 16:55:16"
},
{
"kids":[],
"uid":"2247565821",
"parent":"z2gY7ng4n",
"text":"",
"mid":"z2h6hyld9",
"date":"2012-10-26 16:54:15"
},
{
"kids":[],
"uid":"victoyjr",
"parent":"z2gY7ng4n",
"text":"",
"mid":"z2h64z9zW",
"date":"2012-10-26 16:53:46"
},
{
"kids":[],
"uid":"572433551",
"parent":"z2gY7ng4n",
"text":"我智商太低了[泪]，啥也看不出來",
"mid":"z2h5Peq35",
"date":"2012-10-26 16:53:09"
},
{
"kids":[],
"uid":"efan22",
"parent":"z2gY7ng4n",
"text":"小王爷的IPHONE肯定是美国的苹果公司的！咱们国内的IPHONE都是超长待机的！",
"mid":"z2h5ymrob",
"date":"2012-10-26 16:52:28"
},
{
"kids":[],
"uid":"1718388004",
"parent":"z2gY7ng4n",
"text":"A想吐",
"mid":"z2h5jzJDp",
"date":"2012-10-26 16:51:51"
},
{
"kids":[],
"uid":"1797286680",
"parent":"z2gY7ng4n",
"text":"@PinotNoir",
"mid":"z2h5gDxZ7",
"date":"2012-10-26 16:51:47"
},
{
"kids":[
"z2wgP9yCY"
],
"uid":"ane1218",
"parent":"z2gY7ng4n",
"text":"@浪漫一把刀 快看看你的灵魂！哈哈",
"mid":"z2h5biIGG",
"date":"2012-10-26 16:51:34"
},
{
"kids":[],
"uid":"yuxiaomiao1011",
"parent":"z2gY7ng4n",
"text":"感谢你的爱疯啊！",
"mid":"z2h5a9ED3",
"date":"2012-10-26 16:51:30"
},
{
"kids":[],
"uid":"chloesansan",
"parent":"z2gY7ng4n",
"text":"[哈哈]",
"mid":"z2h4V4cJO",
"date":"2012-10-26 16:50:55"
},
{
"kids":[],
"uid":"1981337835",
"parent":"z2gY7ng4n",
"text":"[哈哈] 小王爷真可爱",
"mid":"z2h4rcOkG",
"date":"2012-10-26 16:49:44"
},
{
"kids":[],
"uid":"1641180364",
"parent":"z2gY7ng4n",
"text":"",
"mid":"z2h4p7RPz",
"date":"2012-10-26 16:49:37"
},
{
"kids":[],
"uid":"1309832115",
"parent":"z2gY7ng4n",
"text":"我看了大概7个小时吧…可能不到…反正…手机是没电了…iphone救了我的命……",
"mid":"z2h449R15",
"date":"2012-10-26 16:48:49"
},
{
"kids":[],
"uid":"2117377554",
"parent":"z2gY7ng4n",
"text":"看久了容易迎风流泪倒是真的[泪]",
"mid":"z2h3JaYW2",
"date":"2012-10-26 16:47:58"
},
{
"kids":[],
"uid":"2563738073",
"parent":"",
"text":"不要吓人好哇！啪啪啪。",
"mid":"z2h3ni0PD",
"date":"2012-10-26 16:47:07"
},
{
"kids":[],
"uid":"nettmd",
"parent":"z2gY7ng4n",
"text":"神黑啊",
"mid":"z2h3h6CqB",
"date":"2012-10-26 16:46:52"
},
{
"kids":[],
"uid":"1181324931",
"parent":"z2gY7ng4n",
"text":"不敢看，满脸画的那是什么呀，还能洗掉么？",
"mid":"z2h3bb72j",
"date":"2012-10-26 16:46:38"
},
{
"kids":[],
"uid":"1572759733",
"parent":"z2gY7ng4n",
"text":"你打开方式不对",
"mid":"z2h37E2xU",
"date":"2012-10-26 16:46:30"
},
{
"kids":[],
"uid":"139606816",
"parent":"z2gY7ng4n",
"text":"劳资很想把这张图拿来当桌面。",
"mid":"z2h350JSg",
"date":"2012-10-26 16:46:23"
},
{
"kids":[],
"uid":"13142868",
"parent":"z2gY7ng4n",
"text":"this is a game...",
"mid":"z2h2ZDpuM",
"date":"2012-10-26 16:46:11"
},
{
"kids":[],
"uid":"2682813762",
"parent":"",
"text":"",
"mid":"z2h2PkNcN",
"date":"2012-10-26 16:45:46"
},
{
"kids":[],
"uid":"bainuoqi",
"parent":"z2gY7ng4n",
"text":"呃。。。",
"mid":"z2h2P2frA",
"date":"2012-10-26 16:45:45"
},
{
"kids":[],
"uid":"torfu",
"parent":"z2gY7ng4n",
"text":"不对称，不好看",
"mid":"z2h2E5kVT",
"date":"2012-10-26 16:45:19"
},
{
"kids":[],
"uid":"littlexiaowenzi",
"parent":"z2gY7ng4n",
"text":"",
"mid":"z2h2fAcLj",
"date":"2012-10-26 16:44:21"
},
{
"kids":[],
"uid":"xxooxx3",
"parent":"z2gY7ng4n",
"text":"",
"mid":"z2h2devqv",
"date":"2012-10-26 16:44:15"
},
{
"kids":[],
"uid":"bomacoma",
"parent":"z2gY7ng4n",
"text":"瞎闹！随便找张陌生人的证件照你盯着他眼睛看十分钟，也包你心慌。",
"mid":"z2h1DrbKM",
"date":"2012-10-26 16:42:50"
},
{
"kids":[],
"uid":"1130586423",
"parent":"z2gZ4aRyh",
"text":"",
"mid":"z2h1jFDzB",
"date":"2012-10-26 16:42:01"
},
{
"kids":[],
"uid":"2560842995",
"parent":"z2gY7ng4n",
"text":"",
"mid":"z2h1hgCWp",
"date":"2012-10-26 16:41:57"
},
{
"kids":[],
"uid":"529070012",
"parent":"z2gY7ng4n",
"text":"哈啊哈哈哈哈哈",
"mid":"z2h192Bmd",
"date":"2012-10-26 16:41:35"
},
{
"kids":[
"z2im66JU3"
],
"uid":"miumiufish",
"parent":"z2gY7ng4n",
"text":"哈哈哈，这算高级黑么！",
"mid":"z2h0NrYzS",
"date":"2012-10-26 16:40:44"
},
{
"kids":[],
"uid":"junny008",
"parent":"z2gY7ng4n",
"text":"[笑哈哈]",
"mid":"z2h0MwxYM",
"date":"2012-10-26 16:40:42"
},
{
"kids":[],
"uid":"1709592074",
"parent":"z2gY7ng4n",
"text":"",
"mid":"z2h0IqxJX",
"date":"2012-10-26 16:40:32"
},
{
"kids":[],
"uid":"XXLANDPB",
"parent":"z2gY7ng4n",
"text":"[哈哈]",
"mid":"z2h0BDIfJ",
"date":"2012-10-26 16:40:18"
},
{
"kids":[],
"uid":"constance7",
"parent":"",
"text":"[xb自信]",
"mid":"z2h0tFRgA",
"date":"2012-10-26 16:39:59"
},
{
"kids":[],
"uid":"1445350585",
"parent":"z2gY7ng4n",
"text":"得有人度你：“弟子王张氏，今度到东圣神州、亚细亚州、河北省、北京市相声演员王自健愿入我道……”",
"mid":"z2h0m17b3",
"date":"2012-10-26 16:39:40"
},
{
"kids":[],
"uid":"zyyfv",
"parent":"z2gY7ng4n",
"text":"[晕]",
"mid":"z2h0go22l",
"date":"2012-10-26 16:39:25"
},
{
"kids":[],
"uid":"chestercheng",
"parent":"z2gY7ng4n",
"text":"右边是专业黑。。。。。",
"mid":"z2h0cvp6P",
"date":"2012-10-26 16:39:18"
},
{
"kids":[],
"uid":"hzoom",
"parent":"z2gY7ng4n",
"text":"哈哈哈哈 笑死我了",
"mid":"z2gZg103F",
"date":"2012-10-26 16:36:57"
},
{
"kids":[],
"uid":"edenzong",
"parent":"z2gY7ng4n",
"text":"老王你又调皮了",
"mid":"z2gZexMgT",
"date":"2012-10-26 16:36:55"
},
{
"kids":[],
"uid":"mcmanaman1999",
"parent":"",
"text":"keep your soul……",
"mid":"z2gZ8jRVF",
"date":"2012-10-26 16:36:40"
},
{
"kids":[
"z2h1jFDzB"
],
"uid":"lyle",
"parent":"z2gY7ng4n",
"text":"嗯，环闪眼神光。",
"mid":"z2gZ4aRyh",
"date":"2012-10-26 16:36:30"
},
{
"kids":[],
"uid":"chunxi",
"parent":"z2gY7ng4n",
"text":"自健兄你好寂寞啊，还不如去十六铺码头找个大号游艇盯着比基尼看[阴险]",
"mid":"z2gYQzVjY",
"date":"2012-10-26 16:35:58"
},
{
"kids":[
"z2KgWpJq4",
"z2FBibA3L",
"z2FBhilc9"
],
"uid":"mrdongzi",
"parent":"z2gY7ng4n",
"text":"我该盯着左眼还是右眼？",
"mid":"z2gYPa4S2",
"date":"2012-10-26 16:35:52"
},
{
"kids":[],
"uid":"doublechuan",
"parent":"z2gY7ng4n",
"text":"哈哈哈哈哈哈哈你太欠了",
"mid":"z2gYM9jTP",
"date":"2012-10-26 16:35:45"
},
{
"kids":[],
"uid":"1941269541",
"parent":"z2gY7ng4n",
"text":"大忽悠又在忽悠[偷笑]",
"mid":"z2gYGxIm0",
"date":"2012-10-26 16:35:32"
},
{
"kids":[],
"uid":"sunzhi1984",
"parent":"z2gY7ng4n",
"text":"大人：元芳你怎么看？元芳：随时受不了......",
"mid":"z2gYGwgY8",
"date":"2012-10-26 16:35:35"
},
{
"kids":[],
"uid":"1914755684",
"parent":"z2gY7ng4n",
"text":"哈哈哈哈山寨机主要小心了！！",
"mid":"z2gYD0ApH",
"date":"2012-10-26 16:35:23"
},
{
"kids":[],
"uid":"518345989",
"parent":"z2gY7ng4n",
"text":"小王爷你好无聊 啊[挖鼻屎]",
"mid":"z2gYCrsAr",
"date":"2012-10-26 16:35:24"
},
{
"kids":[],
"uid":"1442623871",
"parent":"z2gY7ng4n",
"text":"佩服，七个小时？看一老太太？",
"mid":"z2gYxnxmJ",
"date":"2012-10-26 16:35:12"
},
{
"kids":[],
"uid":"lecy2",
"parent":"z2gY7ng4n",
"text":"我觉得是这双眼睛比较吓人",
"mid":"z2gYsnKYA",
"date":"2012-10-26 16:35:00"
},
{
"kids":[
"z3HUKsgpJ",
"z3ijC1zCK",
"z2Uh3vAkb",
"z2SBtgx9J",
"z2LkXyW0i",
"z2FOUq6Fx",
"z2CpNjQrg",
"z2B2y7lSQ",
"z2qsiDzqX",
"z2oogeNHj",
"z2mPlpxPh",
"z2mqOvzVK",
"z2kD1tDkI",
"z2kwboNbA",
"z2jSftyqn",
"z2jGw0R4Q",
"z2jD8wb32",
"z2jjXsnA3",
"z2iW4rKmL",
"z2iIQ7T7P",
"z2iHapq6N",
"z2ilvrKNJ",
"z2igirqh1",
"z2hX7piGW",
"z2hWZ6UmF",
"z2hWD0aYG",
"z2hV0tHek",
"z2hQFkou9",
"z2hQgddY8",
"z2hLcEJD1",
"z2hJzkGKW",
"z2hIHeil4",
"z2hFE7RHr",
"z2hF4FqWx",
"z2hzYaVrK",
"z2hzdwc7R",
"z2hzaxta9",
"z2hyz1KYX",
"z2hxT3Sf2",
"z2huk3JSS",
"z2hub9wKH",
"z2hpCmuuD",
"z2hnIbEkd",
"z2hkYzytC",
"z2hkWdRtv",
"z2hjlfqkj",
"z2hiZ5ztC",
"z2hg2btJt",
"z2hdvwO4d",
"z2hdr717g",
"z2hbTFSgc",
"z2hb7dZob",
"z2haQ3LyF",
"z2haJeZw6",
"z2h9qgPsz",
"z2h9dixtl",
"z2h8xAxDh",
"z2h7Db6Jw",
"z2h75eF8y",
"z2h7152fs",
"z2h6UfaWz",
"z2h6PfRU6",
"z2h6GoWMY",
"z2h6hyld9",
"z2h64z9zW",
"z2h5Peq35",
"z2h5ymrob",
"z2h5jzJDp",
"z2h5gDxZ7",
"z2h5biIGG",
"z2h5a9ED3",
"z2h4V4cJO",
"z2h4rcOkG",
"z2h4p7RPz",
"z2h449R15",
"z2h3JaYW2",
"z2h3h6CqB",
"z2h3bb72j",
"z2h37E2xU",
"z2h350JSg",
"z2h2ZDpuM",
"z2h2P2frA",
"z2h2E5kVT",
"z2h2fAcLj",
"z2h2devqv",
"z2h1DrbKM",
"z2h1hgCWp",
"z2h192Bmd",
"z2h0NrYzS",
"z2h0MwxYM",
"z2h0IqxJX",
"z2h0BDIfJ",
"z2h0m17b3",
"z2h0go22l",
"z2h0cvp6P",
"z2gZg103F",
"z2gZexMgT",
"z2gZ4aRyh",
"z2gYQzVjY",
"z2gYPa4S2",
"z2gYM9jTP",
"z2gYGxIm0",
"z2gYGwgY8",
"z2gYD0ApH",
"z2gYCrsAr",
"z2gYxnxmJ",
"z2gYsnKYA"
],
"uid":"joynicky28",
"parent":"",
"text":"我看了大概7个小时吧…可能不到…反正…手机是没电了…iphone救了我的命……",
"mid":"z2gY7ng4n",
"date":"2012-10-26 16:34:10"
},
{
"kids":[],
"uid":"youxiaqing",
"parent":"yvJyF59rY",
"text":"是恶心死的吧？",
"mid":"z2foHxZXn",
"date":"2012-10-26 12:34:11"
},
{
"kids":[],
"uid":"2724076135",
"parent":"yvJyF59rY",
"text":"",
"mid":"z0pAYfOaw",
"date":"2012-10-14 10:51:15"
},
{
"kids":[],
"uid":"2060164443",
"parent":"yvJyF59rY",
"text":"果然邪恶",
"mid":"yEAXLddLQ",
"date":"2012-10-02 18:35:25"
},
{
"kids":[],
"uid":"1796701265",
"parent":"",
"text":"",
"mid":"yzqA3bL0J",
"date":"2012-08-29 18:58:05"
},
{
"kids":[],
"uid":"528351239",
"parent":"",
"text":"尼玛，看着发毛啊····",
"mid":"yyOOJgAtm",
"date":"2012-08-25 18:49:51"
},
{
"kids":[],
"uid":"yuxuan85",
"parent":"",
"text":"",
"mid":"yyNf722VW",
"date":"2012-08-25 14:49:21"
},
{
"kids":[],
"uid":"2044111042",
"parent":"",
"text":"是真是家假…反正我不敢尝试",
"mid":"yyvKqfTJ1",
"date":"2012-08-23 18:17:03"
},
{
"kids":[],
"uid":"1984293947",
"parent":"yyiCyxDxK",
"text":"ha ha ha ha",
"mid":"yyjwH8HQl",
"date":"2012-08-22 11:10:17"
},
{
"kids":[
"yyjwH8HQl"
],
"uid":"hysko",
"parent":"yvJyF59rY",
"text":"哈哈哈哈哈",
"mid":"yyiCyxDxK",
"date":"2012-08-22 08:51:57"
},
{
"kids":[],
"uid":"2016097985",
"parent":"",
"text":"[汗][汗]",
"mid":"yy2Y2BPPD",
"date":"2012-08-20 17:00:55"
},
{
"kids":[],
"uid":"526388234",
"parent":"",
"text":"这个这个没勇气",
"mid":"yxIEt8bEh",
"date":"2012-08-18 13:17:47"
},
{
"kids":[],
"uid":"2615912631",
"parent":"yvJyF59rY",
"text":"",
"mid":"yxDTWx9SI",
"date":"2012-08-18 01:12:11"
},
{
"kids":[],
"uid":"2835798617",
"parent":"",
"text":"[沙尘暴][沙尘暴][沙尘暴]",
"mid":"yx22Pzbou",
"date":"2012-08-14 00:49:42"
},
{
"kids":[],
"uid":"1874586762",
"parent":"",
"text":"",
"mid":"ywZDigzJU",
"date":"2012-08-13 18:41:16"
},
{
"kids":[],
"uid":"1874586762",
"parent":"",
"text":"@wang_dim",
"mid":"ywZABjexk",
"date":"2012-08-13 18:34:40"
},
{
"kids":[],
"uid":"1812134221",
"parent":"yvJyF59rY",
"text":"哈哈哈[奥特曼][威武]",
"mid":"ywWpIdZvX",
"date":"2012-08-13 10:29:35"
},
{
"kids":[],
"uid":"2675040833",
"parent":"yvJyF59rY",
"text":"妹的吓死我了！",
"mid":"ywOeDjnf5",
"date":"2012-08-12 13:40:19"
},
{
"kids":[],
"uid":"axmor",
"parent":"yvJIOacUn",
"text":"",
"mid":"ywNSio8nk",
"date":"2012-08-12 12:45:15"
},
{
"kids":[],
"uid":"2803238644",
"parent":"yvJFQoKVJ",
"text":"",
"mid":"ywKAW2Y8C",
"date":"2012-08-12 04:24:16"
},
{
"kids":[],
"uid":"2881678713",
"parent":"yvJyF59rY",
"text":"",
"mid":"ywxCrgTTa",
"date":"2012-08-10 19:22:16"
},
{
"kids":[],
"uid":"shiyu1982",
"parent":"",
"text":"[汗]",
"mid":"ywnTziKmQ",
"date":"2012-08-09 18:36:58"
},
{
"kids":[],
"uid":"1759929725",
"parent":"",
"text":"@-倪佑在很努力地奔向幸福 昨天说的就是介个…",
"mid":"ywlrgyFFm",
"date":"2012-08-09 12:21:47"
},
{
"kids":[],
"uid":"2345799817",
"parent":"yvJyF59rY",
"text":"哈哈哈哈…",
"mid":"ywgSKkoqG",
"date":"2012-08-09 00:45:45"
},
{
"kids":[],
"uid":"xiaodaoren",
"parent":"yvJyF59rY",
"text":"",
"mid":"ywbqU6LRN",
"date":"2012-08-08 10:53:26"
},
{
"kids":[],
"uid":"jxt90",
"parent":"",
"text":"",
"mid":"ywawJ9qGD",
"date":"2012-08-08 08:35:01"
},
{
"kids":[],
"uid":"1853716163",
"parent":"",
"text":"转发微博。",
"mid":"yw6gAptRu",
"date":"2012-08-07 21:44:14"
},
{
"kids":[],
"uid":"yuanfeng1985",
"parent":"",
"text":"",
"mid":"yw5EYEPf1",
"date":"2012-08-07 20:11:37"
},
{
"kids":[],
"uid":"theenddream",
"parent":"",
"text":"没有骗人！！！我看着评论5分钟，笑死了",
"mid":"yw58ZBMPK",
"date":"2012-08-07 18:52:49"
},
{
"kids":[],
"uid":"1354503065",
"parent":"",
"text":"",
"mid":"yw3PZstAV",
"date":"2012-08-07 15:33:15"
},
{
"kids":[],
"uid":"lilchan",
"parent":"yvMrd4K6O",
"text":"有嗨",
"mid":"yw3C08tI4",
"date":"2012-08-07 14:58:47"
},
{
"kids":[],
"uid":"xiaoqi9999",
"parent":"yvIonFqDe",
"text":"看了两秒，不敢再试[生病]",
"mid":"yw35w7bGo",
"date":"2012-08-07 13:38:45"
},
{
"kids":[],
"uid":"2108882142",
"parent":"yvXTrkWVF",
"text":"好似咖喱鸡",
"mid":"yw22JqR7x",
"date":"2012-08-07 10:59:09"
},
{
"kids":[],
"uid":"1428616940",
"parent":"",
"text":"假的，我让老婆看了两天了，屁事没有，早上还洗碗的事跟我吵一架。",
"mid":"yw1LEqAJ9",
"date":"2012-08-07 10:17:03"
},
{
"kids":[],
"uid":"2237954924",
"parent":"",
"text":"转发微博。",
"mid":"yw1mWjmA5",
"date":"2012-08-07 09:16:11"
},
{
"kids":[],
"uid":"2871328524",
"parent":"yvJyF59rY",
"text":"@Doctor张_",
"mid":"yw1mL6Ldb",
"date":"2012-08-07 09:15:43"
},
{
"kids":[],
"uid":"2015975513",
"parent":"",
"text":"",
"mid":"yvYctfJ7v",
"date":"2012-08-07 01:12:09"
},
{
"kids":[],
"uid":"2620202731",
"parent":"",
"text":"青光眼好吗",
"mid":"yvXV8eOKC",
"date":"2012-08-07 00:29:26"
},
{
"kids":[
"yw22JqR7x"
],
"uid":"chenjian20",
"parent":"yvXwlkZdX",
"text":"距几靓女下～[偷笑]说真的，我不信这些东西",
"mid":"yvXTrkWVF",
"date":"2012-08-07 00:25:16"
},
{
"kids":[
"yvXTrkWVF"
],
"uid":"2108882142",
"parent":"yvMyyaikM",
"text":"@古今神秘文化  [衰] 我记得师傅话当年中国奇门以断绝多派传承为代价  将泰国降头师几乎赶尽杀绝  从此泰国降头人几乎绝迹中国大陆  现时仲有人识得蛊  难以置信[泪]@chen_稯-铵    鸡哥点体吖?",
"mid":"yvXwlkZdX",
"date":"2012-08-06 23:28:22"
},
{
"kids":[],
"uid":"lhnine",
"parent":"yvJyF59rY",
"text":"……",
"mid":"yvX4ipD4m",
"date":"2012-08-06 22:19:14"
},
{
"kids":[],
"uid":"zhezikoukou",
"parent":"yvJyF59rY",
"text":"真的哎！！！盯着看了3个小时，突然出现........",
"mid":"yvX4bjIHa",
"date":"2012-08-06 22:18:59"
},
{
"kids":[],
"uid":"news2008",
"parent":"yvJyF59rY",
"text":"",
"mid":"yvWEXxOOD",
"date":"2012-08-06 21:16:49"
},
{
"kids":[],
"uid":"2660317231",
"parent":"",
"text":"",
"mid":"yvWw4c63Y",
"date":"2012-08-06 20:54:56"
},
{
"kids":[],
"uid":"2780345973",
"parent":"",
"text":"转发微博。",
"mid":"yvWmscP52",
"date":"2012-08-06 20:31:14"
},
{
"kids":[],
"uid":"2864974092",
"parent":"",
"text":"我怎么觉得好恐怖",
"mid":"yvWlTBVpi",
"date":"2012-08-06 20:29:50"
},
{
"kids":[],
"uid":"2452461947",
"parent":"",
"text":"勿尝试",
"mid":"yvVSYzx7E",
"date":"2012-08-06 19:18:38"
},
{
"kids":[],
"uid":"2812377490",
"parent":"",
"text":"",
"mid":"yvVGYdDi4",
"date":"2012-08-06 18:49:03"
},
{
"kids":[],
"uid":"2657101181",
"parent":"",
"text":"",
"mid":"yvVjujJRl",
"date":"2012-08-06 17:51:13"
},
{
"kids":[],
"uid":"ws1084995231",
"parent":"",
"text":"我看的眼睛都疼了，为什么还没吸走灵魂[疑问]",
"mid":"yvViWjbEY",
"date":"2012-08-06 17:49:51"
},
{
"kids":[],
"uid":"2564275795",
"parent":"",
"text":"看到俩小圆圈[汗]",
"mid":"yvVhyC8Mc",
"date":"2012-08-06 17:46:27"
},
{
"kids":[],
"uid":"2745843961",
"parent":"yvJyF59rY",
"text":"@清易道人 真的吗，@君子兰心 试下！",
"mid":"yvV6YBnRf",
"date":"2012-08-06 17:20:23"
},
{
"kids":[],
"uid":"2637984033",
"parent":"yvJHxjQBJ",
"text":"",
"mid":"yvV6B3o7R",
"date":"2012-08-06 17:19:25"
},
{
"kids":[],
"uid":"1777074600",
"parent":"",
"text":"",
"mid":"yvV2uiKb9",
"date":"2012-08-06 17:09:18"
},
{
"kids":[],
"uid":"aileenmiss",
"parent":"",
"text":"@SYT雨仝",
"mid":"yvURonShV",
"date":"2012-08-06 16:42:00"
},
{
"kids":[],
"uid":"84lu",
"parent":"",
"text":"请谨慎打开大图！",
"mid":"yvTcdj5gy",
"date":"2012-08-06 12:27:47"
},
{
"kids":[],
"uid":"2022846377",
"parent":"",
"text":"",
"mid":"yvT0F2b5U",
"date":"2012-08-06 11:59:19"
},
{
"kids":[],
"uid":"2633298121",
"parent":"yvNoebY17",
"text":"这个有助睡眠",
"mid":"yvT0pn0V4",
"date":"2012-08-06 11:58:42"
},
{
"kids":[],
"uid":"2891170600",
"parent":"yvSGwej9s",
"text":"",
"mid":"yvSJIxDYh",
"date":"2012-08-06 11:17:34"
},
{
"kids":[
"yvSJIxDYh"
],
"uid":"1773045502",
"parent":"",
"text":"谁敢看？",
"mid":"yvSGwej9s",
"date":"2012-08-06 11:09:41"
},
{
"kids":[],
"uid":"bhlzlx",
"parent":"yvJEa71Ug",
"text":"",
"mid":"yvSCGFKHM",
"date":"2012-08-06 11:00:16"
},
{
"kids":[],
"uid":"1857505012",
"parent":"",
"text":"真的还假的啊",
"mid":"yvScayWEc",
"date":"2012-08-06 09:54:56"
},
{
"kids":[],
"uid":"2857298622",
"parent":"yvNYhj6T1",
"text":"[衰]",
"mid":"yvRHPcduk",
"date":"2012-08-06 08:40:11"
},
{
"kids":[],
"uid":"2807265397",
"parent":"yvNwHzgKe",
"text":"盯着看一个试试。。。",
"mid":"yvRFZosHj",
"date":"2012-08-06 08:35:39"
},
{
"kids":[],
"uid":"soledad20060510",
"parent":"",
"text":"结果看得眼睛累",
"mid":"yvRnpxT1t",
"date":"2012-08-06 07:49:53"
},
{
"kids":[],
"uid":"333961234",
"parent":"yvOgvwCU0",
"text":"右边都是追求真相不顾自身安危之人呐",
"mid":"yvOC8trEC",
"date":"2012-08-06 00:47:51"
},
{
"kids":[],
"uid":"1804993617",
"parent":"yvMyyaikM",
"text":"恶心！！",
"mid":"yvOyoxrHX",
"date":"2012-08-06 00:38:42"
},
{
"kids":[],
"uid":"lajizheng",
"parent":"",
"text":"哈哈哈哈哈感",
"mid":"yvOkB6QOv",
"date":"2012-08-06 00:04:42"
},
{
"kids":[],
"uid":"207772028",
"parent":"yvOc2npBM",
"text":"哈吓人！！！！！！",
"mid":"yvOjg142E",
"date":"2012-08-06 00:01:21"
},
{
"kids":[
"yvOC8trEC"
],
"uid":"125424707",
"parent":"",
"text":"+1",
"mid":"yvOgvwCU0",
"date":"2012-08-05 23:54:38"
},
{
"kids":[
"yvOjg142E"
],
"uid":"fengyusunce",
"parent":"yvObn0Xw5",
"text":"如果没有文字解说 看了不会有事。。",
"mid":"yvOc2npBM",
"date":"2012-08-05 23:43:33"
},
{
"kids":[
"yvOc2npBM"
],
"uid":"2028346735",
"parent":"yvNYhj6T1",
"text":"这是什么～～～",
"mid":"yvObn0Xw5",
"date":"2012-08-05 23:41:58"
},
{
"kids":[],
"uid":"178833902",
"parent":"",
"text":"这个有意思",
"mid":"yvOahl3CA",
"date":"2012-08-05 23:39:17"
},
{
"kids":[],
"uid":"1345874501",
"parent":"",
"text":"实在是看不出，眼晕！",
"mid":"yvO0n0GeL",
"date":"2012-08-05 23:14:52"
},
{
"kids":[
"yvRHPcduk",
"yvObn0Xw5"
],
"uid":"acyoct13th",
"parent":"",
"text":"看了一秒就觉得很不舒服",
"mid":"yvNYhj6T1",
"date":"2012-08-05 23:09:43"
},
{
"kids":[],
"uid":"1816448747",
"parent":"",
"text":"ㅠ. 恶心",
"mid":"yvNRIo6nz",
"date":"2012-08-05 22:53:34"
},
{
"kids":[],
"uid":"yc758959677",
"parent":"",
"text":"这有什么不敢。。。。[衰][衰][衰]",
"mid":"yvNRqCUpN",
"date":"2012-08-05 22:52:50"
},
{
"kids":[],
"uid":"2577641040",
"parent":"",
"text":"天纳 谁敢看",
"mid":"yvNPv1nRX",
"date":"2012-08-05 22:48:04"
},
{
"kids":[],
"uid":"2020028137",
"parent":"",
"text":"",
"mid":"yvNOzni8R",
"date":"2012-08-05 22:45:47"
},
{
"kids":[],
"uid":"2705569953",
"parent":"yvNJ0wKpI",
"text":"这是白内障吧？",
"mid":"yvNKdAxBz",
"date":"2012-08-05 22:35:06"
},
{
"kids":[
"yvNKdAxBz"
],
"uid":"2183093600",
"parent":"yvK2i9cM8",
"text":"最右[汗]",
"mid":"yvNJ0wKpI",
"date":"2012-08-05 22:32:02"
},
{
"kids":[],
"uid":"wxx1125",
"parent":"",
"text":"看久了像鳄鱼的眼睛，没什么别的感受了[晕]",
"mid":"yvNGjfPLo",
"date":"2012-08-05 22:25:28"
},
{
"kids":[],
"uid":"2130468121",
"parent":"yvNoebY17",
"text":"好奇，不敢尝试~~·",
"mid":"yvNE5hD1t",
"date":"2012-08-05 22:19:57"
},
{
"kids":[],
"uid":"vetejing0710",
"parent":"yvMZgphn5",
"text":"[挖鼻屎][挖鼻屎] 看十天，不饿死早晚也得傻死",
"mid":"yvNDm70ir",
"date":"2012-08-05 22:18:11"
},
{
"kids":[],
"uid":"1604792645",
"parent":"",
"text":"转发微博。",
"mid":"yvNBW1ncN",
"date":"2012-08-05 22:14:40"
},
{
"kids":[],
"uid":"1984524390",
"parent":"",
"text":"",
"mid":"yvNzhpeR7",
"date":"2012-08-05 22:08:08"
},
{
"kids":[
"yvRFZosHj"
],
"uid":"516237678",
"parent":"",
"text":"吓人…",
"mid":"yvNwHzgKe",
"date":"2012-08-05 22:01:48"
},
{
"kids":[],
"uid":"l0velulu",
"parent":"",
"text":"yayaya",
"mid":"yvNw8q3jr",
"date":"2012-08-05 22:00:23"
},
{
"kids":[],
"uid":"1807145382",
"parent":"yvJyF59rY",
"text":"真的！！我看了十分钟，眼睛开始发涨出现红血丝了！！太恐怖了！！[惊恐][惊恐][惊恐]",
"mid":"yvNua4F2o",
"date":"2012-08-05 21:55:32"
},
{
"kids":[],
"uid":"1707028457",
"parent":"yvMPLcz5j",
"text":"[晕]",
"mid":"yvNrHiyh2",
"date":"2012-08-05 21:49:25"
},
{
"kids":[
"yvT0pn0V4",
"yvNE5hD1t"
],
"uid":"1093622702",
"parent":"",
"text":"",
"mid":"yvNoebY17",
"date":"2012-08-05 21:40:54"
},
{
"kids":[],
"uid":"1060006880",
"parent":"yvJyF59rY",
"text":"",
"mid":"yvNmOo8VN",
"date":"2012-08-05 21:37:26"
},
{
"kids":[],
"uid":"dana1220",
"parent":"",
"text":"",
"mid":"yvNlEkN4P",
"date":"2012-08-05 21:34:30"
},
{
"kids":[],
"uid":"1843666705",
"parent":"",
"text":"[吃惊][吃惊][吃惊][吃惊][吃惊][闭嘴][闭嘴][闭嘴][闭嘴][闭嘴]泰国毒纹蛊，惊现人间",
"mid":"yvNkbCt0i",
"date":"2012-08-05 21:30:57"
},
{
"kids":[],
"uid":"311145687",
"parent":"yvN0opJ8j",
"text":"",
"mid":"yvNbbqEqu",
"date":"2012-08-05 21:08:47"
},
{
"kids":[],
"uid":"youmishow",
"parent":"",
"text":"[汗][汗][汗]",
"mid":"yvNaSwOSN",
"date":"2012-08-05 21:08:00"
},
{
"kids":[],
"uid":"2712395791",
"parent":"",
"text":"",
"mid":"yvN8XqOPt",
"date":"2012-08-05 21:03:17"
},
{
"kids":[],
"uid":"2697712311",
"parent":"",
"text":"我不敢看，谁敢谁看",
"mid":"yvN6W6Kb6",
"date":"2012-08-05 20:58:15"
},
{
"kids":[],
"uid":"1897737741",
"parent":"",
"text":"",
"mid":"yvN4JlaGG",
"date":"2012-08-05 20:52:51"
},
{
"kids":[],
"uid":"1999957307",
"parent":"yvIZYdKAz",
"text":"[吃惊]",
"mid":"yvN46Bmg3",
"date":"2012-08-05 20:51:20"
},
{
"kids":[],
"uid":"1703761691",
"parent":"yvN0opJ8j",
"text":"这么恐怖的",
"mid":"yvN1U4xfW",
"date":"2012-08-05 20:45:54"
},
{
"kids":[],
"uid":"2025389077",
"parent":"yvN0opJ8j",
"text":"我也要死了，困死的",
"mid":"yvN0MEH65",
"date":"2012-08-05 20:43:10"
},
{
"kids":[],
"uid":"lyx857821867",
"parent":"yvMZgphn5",
"text":"吓",
"mid":"yvN0C23jI",
"date":"2012-08-05 20:42:40"
},
{
"kids":[],
"uid":"277221847",
"parent":"yvJyF59rY",
"text":"我擦！居然盯着看了十天饿死了！太邪了！",
"mid":"yvN0Bs3V0",
"date":"2012-08-05 20:42:41"
},
{
"kids":[],
"uid":"2275435767",
"parent":"",
"text":"好吧我承认我害怕了[委屈]",
"mid":"yvN0tthyb",
"date":"2012-08-05 20:42:21"
},
{
"kids":[
"yvNbbqEqu",
"yvN1U4xfW",
"yvN0MEH65"
],
"uid":"1828485552",
"parent":"yvMZgphn5",
"text":"恩恩 我有个朋友也是。不过是撑死的@不2我真心无法生活",
"mid":"yvN0opJ8j",
"date":"2012-08-05 20:42:09"
},
{
"kids":[
"yvNDm70ir",
"yvN0C23jI",
"yvN0opJ8j"
],
"uid":"208444827",
"parent":"",
"text":"这是真的！我朋友盯着看了十天，现在他饿死了！@大婧-Ashley",
"mid":"yvMZgphn5",
"date":"2012-08-05 20:39:21"
},
{
"kids":[],
"uid":"1943800243",
"parent":"",
"text":"汗毛全部竖起来",
"mid":"yvMYCdhGs",
"date":"2012-08-05 20:37:45"
},
{
"kids":[],
"uid":"xumengqian329",
"parent":"yvJcogzXt",
"text":"",
"mid":"yvMXT1TFU",
"date":"2012-08-05 20:36:00"
},
{
"kids":[],
"uid":"alameda",
"parent":"",
"text":"海南很多土著解放前也纹在脸上，比这个还丰富！",
"mid":"yvMXOwMib",
"date":"2012-08-05 20:35:50"
},
{
"kids":[],
"uid":"2431057185",
"parent":"",
"text":"吓人的吧！",
"mid":"yvMVZDJe1",
"date":"2012-08-05 20:31:22"
},
{
"kids":[],
"uid":"2142824653",
"parent":"",
"text":"回复@没有书会死星人:白内障[哈哈]",
"mid":"yvMSSqUos",
"date":"2012-08-05 20:23:39"
},
{
"kids":[],
"uid":"wangbo450",
"parent":"",
"text":"看了一眼不太敢看了……",
"mid":"yvMQqyV92",
"date":"2012-08-05 20:17:38"
},
{
"kids":[
"yvNrHiyh2"
],
"uid":"fusu1214",
"parent":"",
"text":"有么",
"mid":"yvMPLcz5j",
"date":"2012-08-05 20:15:56"
},
{
"kids":[],
"uid":"207774344",
"parent":"",
"text":"@最近很虚弱的小旭旭 又被吓到了[泪]",
"mid":"yvMPxiYW2",
"date":"2012-08-05 20:15:27"
},
{
"kids":[],
"uid":"2271790315",
"parent":"",
"text":"",
"mid":"yvMJg7Edo",
"date":"2012-08-05 19:59:59"
},
{
"kids":[],
"uid":"honeycissysun",
"parent":"",
"text":"真的很恐怖！很恐怖~吓死我了~[委屈]",
"mid":"yvMHRh3d8",
"date":"2012-08-05 19:56:32"
},
{
"kids":[],
"uid":"515345003",
"parent":"",
"text":"呕！都不敢放大看，心里发毛",
"mid":"yvMGd27ci",
"date":"2012-08-05 19:52:27"
},
{
"kids":[],
"uid":"2177306602",
"parent":"",
"text":"",
"mid":"yvMFDyVMF",
"date":"2012-08-05 19:51:04"
},
{
"kids":[],
"uid":"2004721624",
"parent":"",
"text":"@狮子座猫小姐 @假装的艺术_从容",
"mid":"yvMFzqKcf",
"date":"2012-08-05 19:50:53"
},
{
"kids":[],
"uid":"201299913",
"parent":"",
"text":"",
"mid":"yvMFvx0SH",
"date":"2012-08-05 19:50:41"
},
{
"kids":[],
"uid":"igaocheng",
"parent":"",
"text":"[bed凌乱]",
"mid":"yvMEkj2cS",
"date":"2012-08-05 19:47:49"
},
{
"kids":[],
"uid":"1673866970",
"parent":"",
"text":"[衰]",
"mid":"yvMDVrIx8",
"date":"2012-08-05 19:46:50"
},
{
"kids":[],
"uid":"2323127440",
"parent":"",
"text":"",
"mid":"yvMDekIml",
"date":"2012-08-05 19:45:07"
},
{
"kids":[],
"uid":"zirat",
"parent":"",
"text":"盯了许久，我要去自杀了",
"mid":"yvMzSkmuR",
"date":"2012-08-05 19:36:51"
},
{
"kids":[],
"uid":"313435666",
"parent":"",
"text":"长的好丑= =",
"mid":"yvMzJrGan",
"date":"2012-08-05 19:36:27"
},
{
"kids":[],
"uid":"2150841753",
"parent":"",
"text":"",
"mid":"yvMzF1Tnh",
"date":"2012-08-05 19:36:19"
},
{
"kids":[],
"uid":"2689775492",
"parent":"yvMxKeFJB",
"text":"@何炅 @妞妞-王芳 @杨弘Babycherie @伏玟晓 @詹静cecilia",
"mid":"yvMz5gdPh",
"date":"2012-08-05 19:34:54"
},
{
"kids":[
"yvXwlkZdX",
"yvOyoxrHX"
],
"uid":"mandykw0ng",
"parent":"",
"text":"我唔敢放大体啊[生病]",
"mid":"yvMyyaikM",
"date":"2012-08-05 19:33:35"
},
{
"kids":[],
"uid":"1323151045",
"parent":"",
"text":"",
"mid":"yvMyhldcN",
"date":"2012-08-05 19:32:53"
},
{
"kids":[],
"uid":"xiezhuoxiong",
"parent":"",
"text":"真还是假啊？楼主试过没有？",
"mid":"yvMy8bAqC",
"date":"2012-08-05 19:32:32"
},
{
"kids":[
"yvMz5gdPh"
],
"uid":"2689775492",
"parent":"",
"text":"吓死人了[吓一跳][toto狂汗]",
"mid":"yvMxKeFJB",
"date":"2012-08-05 19:31:36"
},
{
"kids":[],
"uid":"2416435662",
"parent":"yvJDijMhn",
"text":"感谢右边提醒！大家要注意啊！",
"mid":"yvMxfdpeq",
"date":"2012-08-05 19:30:22"
},
{
"kids":[],
"uid":"2118881611",
"parent":"",
"text":"",
"mid":"yvMx4hi3e",
"date":"2012-08-05 19:29:54"
},
{
"kids":[],
"uid":"2466298163",
"parent":"",
"text":"",
"mid":"yvMwPu2do",
"date":"2012-08-05 19:29:19"
},
{
"kids":[],
"uid":"520910603",
"parent":"",
"text":"你试试@笨笨家的大人",
"mid":"yvMwO1Al7",
"date":"2012-08-05 19:29:17"
},
{
"kids":[],
"uid":"1798725813",
"parent":"",
"text":"",
"mid":"yvMwy3hcq",
"date":"2012-08-05 19:28:39"
},
{
"kids":[],
"uid":"2046871705",
"parent":"",
"text":"[可怜]",
"mid":"yvMwbhWfl",
"date":"2012-08-05 19:27:45"
},
{
"kids":[],
"uid":"1956712397",
"parent":"",
"text":"主要是丑……",
"mid":"yvMvIDyc3",
"date":"2012-08-05 19:26:38"
},
{
"kids":[],
"uid":"ycwincom",
"parent":"",
"text":"",
"mid":"yvMvvjy2O",
"date":"2012-08-05 19:26:04"
},
{
"kids":[],
"uid":"2790034803",
"parent":"",
"text":"",
"mid":"yvMuYvphI",
"date":"2012-08-05 19:24:47"
},
{
"kids":[],
"uid":"206782203",
"parent":"",
"text":"没看到",
"mid":"yvMtcAoF8",
"date":"2012-08-05 19:20:24"
},
{
"kids":[],
"uid":"1742168410",
"parent":"",
"text":"你们敢不敢注视？@Xu-婷L @夏之希-Z",
"mid":"yvMsYrddV",
"date":"2012-08-05 19:19:51"
},
{
"kids":[],
"uid":"206618187",
"parent":"",
"text":"@愛齊小娜 你敢看吗",
"mid":"yvMsz3Xvh",
"date":"2012-08-05 19:18:47"
},
{
"kids":[],
"uid":"nsphone",
"parent":"",
"text":"我只觉得心里发毛",
"mid":"yvMsr5bMF",
"date":"2012-08-05 19:18:32"
},
{
"kids":[],
"uid":"1491042133",
"parent":"",
"text":"太可怕了，真吓人",
"mid":"yvMs4ifbb",
"date":"2012-08-05 19:17:35"
},
{
"kids":[],
"uid":"208158586",
"parent":"",
"text":"转给别人",
"mid":"yvMrKs4LA",
"date":"2012-08-05 19:16:48"
},
{
"kids":[],
"uid":"kimppa",
"parent":"",
"text":"",
"mid":"yvMrBlZ7n",
"date":"2012-08-05 19:16:28"
},
{
"kids":[
"yw3C08tI4"
],
"uid":"lilben",
"parent":"",
"text":"假噶吧",
"mid":"yvMrd4K6O",
"date":"2012-08-05 19:15:31"
},
{
"kids":[],
"uid":"supercjj",
"parent":"",
"text":"真的么？谁来尝试下？！",
"mid":"yvMqKrVLz",
"date":"2012-08-05 19:14:21"
},
{
"kids":[],
"uid":"2259226684",
"parent":"",
"text":"",
"mid":"yvMqHcZFE",
"date":"2012-08-05 19:14:14"
},
{
"kids":[],
"uid":"1809724184",
"parent":"",
"text":"看了木有感觉是肿么回事？",
"mid":"yvMqDmpks",
"date":"2012-08-05 19:14:02"
},
{
"kids":[],
"uid":"2077000921",
"parent":"",
"text":"要命了，为什么泰国来时出现这种东西.......",
"mid":"yvMqwhZ99",
"date":"2012-08-05 19:13:46"
},
{
"kids":[],
"uid":"1750119244",
"parent":"",
"text":"降头还是蛊？[疑问]",
"mid":"yvMqvEUvn",
"date":"2012-08-05 19:13:46"
},
{
"kids":[],
"uid":"bottlehee",
"parent":"",
"text":"真的吗？不敢试！",
"mid":"yvMqlkrU9",
"date":"2012-08-05 19:13:22"
},
{
"kids":[],
"uid":"1905127595",
"parent":"",
"text":"",
"mid":"yvMqjxXCg",
"date":"2012-08-05 19:13:15"
},
{
"kids":[],
"uid":"2115342097",
"parent":"",
"text":"",
"mid":"yvMkmbJQP",
"date":"2012-08-05 18:58:35"
},
{
"kids":[],
"uid":"1357065374",
"parent":"yvJyF59rY",
"text":"我朋友看了三天，多亏高僧点醒",
"mid":"yvMgoCPr8",
"date":"2012-08-05 18:48:52"
},
{
"kids":[],
"uid":"blacatyao",
"parent":"yvJyF59rY",
"text":"哈哈哈",
"mid":"yvLYg13EO",
"date":"2012-08-05 18:04:10"
},
{
"kids":[],
"uid":"1914406031",
"parent":"",
"text":"最右!",
"mid":"yvLSbvut6",
"date":"2012-08-05 17:49:13"
},
{
"kids":[],
"uid":"1662312501",
"parent":"",
"text":"[可怜]",
"mid":"yvLPHzn1F",
"date":"2012-08-05 17:43:04"
},
{
"kids":[],
"uid":"shiquqingfeng",
"parent":"",
"text":"这是真的！！！我朋友边开车边看这图不小心把营销号操作员撞飞了！！！",
"mid":"yvLMqwSel",
"date":"2012-08-05 17:35:02"
},
{
"kids":[],
"uid":"1750835295",
"parent":"yvJyF59rY",
"text":"啊！我盯着这个图片看了10分钟，妈的眼开始痛了！妈的我的眼被下蛊了！！！",
"mid":"yvLE61Vbc",
"date":"2012-08-05 17:14:30"
},
{
"kids":[],
"uid":"2154965345",
"parent":"",
"text":"",
"mid":"yvLA3cvoi",
"date":"2012-08-05 17:04:32"
},
{
"kids":[],
"uid":"inernetfish",
"parent":"yvLtwFI5Y",
"text":"[哈哈]",
"mid":"yvLxJyNwS",
"date":"2012-08-05 16:58:48"
},
{
"kids":[],
"uid":"cctalking",
"parent":"yvJyF59rY",
"text":"啊哈哈哈 笑死了",
"mid":"yvLvWuGb6",
"date":"2012-08-05 16:54:23"
},
{
"kids":[
"yvLxJyNwS"
],
"uid":"chokkyu",
"parent":"yvJyF59rY",
"text":"→_→",
"mid":"yvLtwFI5Y",
"date":"2012-08-05 16:48:28"
},
{
"kids":[],
"uid":"1960117217",
"parent":"yvJyF59rY",
"text":"哈哈",
"mid":"yvLsT4dF6",
"date":"2012-08-05 16:46:52"
},
{
"kids":[],
"uid":"2442255750",
"parent":"",
"text":"我不敢看[生病]谁看了告诉我一声呗",
"mid":"yvL1D9PwB",
"date":"2012-08-05 15:39:44"
},
{
"kids":[],
"uid":"1863364115",
"parent":"",
"text":"看着就吓人……[闪电]",
"mid":"yvL1h0SGL",
"date":"2012-08-05 15:38:49"
},
{
"kids":[],
"uid":"2261428971",
"parent":"",
"text":"",
"mid":"yvKZVCe7F",
"date":"2012-08-05 15:35:33"
},
{
"kids":[],
"uid":"1112074364",
"parent":"yvKVe11T5",
"text":"献给左边",
"mid":"yvKZ9cPHt",
"date":"2012-08-05 15:33:36"
},
{
"kids":[],
"uid":"2107442714",
"parent":"yvKDVohV8",
"text":"",
"mid":"yvKVLow4R",
"date":"2012-08-05 15:25:15"
},
{
"kids":[
"yvKZ9cPHt"
],
"uid":"yojilove",
"parent":"yvKUMvM9E",
"text":"我不能一个人死",
"mid":"yvKVe11T5",
"date":"2012-08-05 15:23:57"
},
{
"kids":[
"yvKVe11T5"
],
"uid":"1972950697",
"parent":"",
"text":"没有感觉 - -",
"mid":"yvKUMvM9E",
"date":"2012-08-05 15:22:52"
},
{
"kids":[],
"uid":"cxjxiaojiji",
"parent":"",
"text":"找个时间试试[生病]",
"mid":"yvKUnoEQK",
"date":"2012-08-05 15:21:52"
},
{
"kids":[],
"uid":"1767531567",
"parent":"yvKD0m5dh",
"text":"",
"mid":"yvKTF6b3L",
"date":"2012-08-05 15:20:06"
},
{
"kids":[],
"uid":"didihuang",
"parent":"yvKzG5uTK",
"text":"@小小任同学 @宇涵视觉-Sky 介是不是用了环闪？[哈哈][哈哈]",
"mid":"yvKRFx6Kj",
"date":"2012-08-05 15:15:12"
},
{
"kids":[],
"uid":"annchu",
"parent":"",
"text":"头皮发麻。。。",
"mid":"yvKOBhU9l",
"date":"2012-08-05 15:07:38"
},
{
"kids":[],
"uid":"1942476525",
"parent":"",
"text":"",
"mid":"yvKLFw23K",
"date":"2012-08-05 15:00:24"
},
{
"kids":[],
"uid":"xixiaoxi",
"parent":"yvKDVohV8",
"text":"→_→",
"mid":"yvKLujQkR",
"date":"2012-08-05 14:59:59"
},
{
"kids":[],
"uid":"dqtn",
"parent":"",
"text":"真的[衰]",
"mid":"yvKK0qFAk",
"date":"2012-08-05 14:56:17"
},
{
"kids":[],
"uid":"nuiromian",
"parent":"",
"text":"",
"mid":"yvKJrfhTO",
"date":"2012-08-05 14:54:53"
},
{
"kids":[],
"uid":"1450377797",
"parent":"",
"text":"",
"mid":"yvKJapSsH",
"date":"2012-08-05 14:54:15"
},
{
"kids":[],
"uid":"277994927",
"parent":"",
"text":"",
"mid":"yvKIUaJUB",
"date":"2012-08-05 14:53:34"
},
{
"kids":[],
"uid":"1941821057",
"parent":"",
"text":"妈呀",
"mid":"yvKIzr7Ty",
"date":"2012-08-05 14:52:47"
},
{
"kids":[],
"uid":"2773809723",
"parent":"yvK4XEnFc",
"text":"我疯了@",
"mid":"yvKHIiRSP",
"date":"2012-08-05 14:50:39"
},
{
"kids":[],
"uid":"1975489107",
"parent":"yvJBh1vpa",
"text":"",
"mid":"yvKHde929",
"date":"2012-08-05 14:49:27"
},
{
"kids":[],
"uid":"hanami71",
"parent":"",
"text":"",
"mid":"yvKGM5Cya",
"date":"2012-08-05 14:48:21"
},
{
"kids":[],
"uid":"2394542994",
"parent":"yvJyF59rY",
"text":"= =不会吧···@冯成遂不是boy @敛冬姒 @胃弱 你们要试试吗？",
"mid":"yvKFphNW5",
"date":"2012-08-05 14:44:59"
},
{
"kids":[],
"uid":"1906295243",
"parent":"",
"text":"毫无压力",
"mid":"yvKFelHgI",
"date":"2012-08-05 14:44:33"
},
{
"kids":[],
"uid":"2567705114",
"parent":"",
"text":"是麽？？试下囖…",
"mid":"yvKEGCVwP",
"date":"2012-08-05 14:43:11"
},
{
"kids":[
"yvKVLow4R",
"yvKLujQkR"
],
"uid":"2054760623",
"parent":"yvKDzdiO8",
"text":"→_→",
"mid":"yvKDVohV8",
"date":"2012-08-05 14:41:21"
},
{
"kids":[],
"uid":"foreverjunsoo",
"parent":"",
"text":"好无聊啊，啥反应都没有",
"mid":"yvKDJyWr9",
"date":"2012-08-05 14:40:53"
},
{
"kids":[
"yvKDVohV8"
],
"uid":"1314kop",
"parent":"yvJyF59rY",
"text":"→_→[哈哈]",
"mid":"yvKDzdiO8",
"date":"2012-08-05 14:40:27"
},
{
"kids":[
"yvKTF6b3L"
],
"uid":"hp38200898",
"parent":"",
"text":"",
"mid":"yvKD0m5dh",
"date":"2012-08-05 14:39:04"
},
{
"kids":[],
"uid":"zgh2317",
"parent":"yvJyF59rY",
"text":"这么老还赶潮流纹纹身",
"mid":"yvKD04tWt",
"date":"2012-08-05 14:39:03"
},
{
"kids":[],
"uid":"gaoyiwei",
"parent":"",
"text":"回复@纯橙橙:牛叉的评论[哈哈]",
"mid":"yvKCX3wVz",
"date":"2012-08-05 14:38:56"
},
{
"kids":[],
"uid":"2161285000",
"parent":"yvKjD9iic",
"text":"最右...",
"mid":"yvKCTer9P",
"date":"2012-08-05 14:38:47"
},
{
"kids":[],
"uid":"queeniebchu",
"parent":"yvKzG5uTK",
"text":"人的聚焦焦点只有一个的，无法看2个的~ 你是正常人，哈哈。",
"mid":"yvKAQtyBw",
"date":"2012-08-05 14:33:44"
},
{
"kids":[],
"uid":"zjqbsukai",
"parent":"",
"text":"",
"mid":"yvKAFuCxo",
"date":"2012-08-05 14:33:20"
},
{
"kids":[],
"uid":"1919755090",
"parent":"yvKkhAGNV",
"text":"杯具！",
"mid":"yvKA7yjWr",
"date":"2012-08-05 14:31:58"
},
{
"kids":[
"yvKRFx6Kj",
"yvKAQtyBw"
],
"uid":"2378848344",
"parent":"yvJaaydBr",
"text":"我好像没法同时看着她2个眼珠[思考]",
"mid":"yvKzG5uTK",
"date":"2012-08-05 14:30:52"
},
{
"kids":[],
"uid":"1945344624",
"parent":"",
"text":"有看看就被下蛊的吗？",
"mid":"yvKzqFOYn",
"date":"2012-08-05 14:30:16"
},
{
"kids":[],
"uid":"1666626785",
"parent":"",
"text":"我躺床上举着手机看了五分钟，差点累死了。",
"mid":"yvKv9Dq6N",
"date":"2012-08-05 14:19:44"
},
{
"kids":[],
"uid":"2304390731",
"parent":"",
"text":"我觉得她跟带了美瞳似的。。。。。",
"mid":"yvKsYkjF8",
"date":"2012-08-05 14:14:21"
},
{
"kids":[],
"uid":"bearlynn",
"parent":"",
"text":"虽然看之前就想自杀了，但是看着看着我忽然发现自己比她帅多了世界瞬时充满了希望",
"mid":"yvKsqlZ7A",
"date":"2012-08-05 14:12:59"
},
{
"kids":[],
"uid":"heliang0819",
"parent":"",
"text":"这是真的！我朋友盯着看了十天，现在他饿死了！",
"mid":"yvKrAmhXr",
"date":"2012-08-05 14:10:54"
},
{
"kids":[],
"uid":"517978967",
"parent":"yvKoCeYlb",
"text":"你怎么不自己试[汗]",
"mid":"yvKqnxydH",
"date":"2012-08-05 14:07:58"
},
{
"kids":[],
"uid":"2160220272",
"parent":"",
"text":"我盯着小日本的AV看了几秒钟命根子就肿了。",
"mid":"yvKq6rEEm",
"date":"2012-08-05 14:07:15"
},
{
"kids":[],
"uid":"1929978921",
"parent":"",
"text":"真的假的啊……",
"mid":"yvKq16gu9",
"date":"2012-08-05 14:07:04"
},
{
"kids":[],
"uid":"1016048527",
"parent":"",
"text":"o.O",
"mid":"yvKpHDd6Z",
"date":"2012-08-05 14:06:19"
},
{
"kids":[],
"uid":"209888967",
"parent":"",
"text":"我看到纹身是个有胸部的女人怎么破",
"mid":"yvKpEE39v",
"date":"2012-08-05 14:06:10"
},
{
"kids":[],
"uid":"2068526195",
"parent":"yvKkhAGNV",
"text":"",
"mid":"yvKpsvYWs",
"date":"2012-08-05 14:05:42"
},
{
"kids":[],
"uid":"1113xinyuan",
"parent":"",
"text":"这是真的！！我有个朋友就盯了三天！。。。。然后就困死了",
"mid":"yvKph1NLb",
"date":"2012-08-05 14:05:13"
},
{
"kids":[],
"uid":"2735673203",
"parent":"yvKnqmTEl",
"text":"那么凶！！",
"mid":"yvKoMAiWB",
"date":"2012-08-05 14:04:02"
},
{
"kids":[
"yvKqnxydH"
],
"uid":"astromei",
"parent":"",
"text":"@幸福如此耀眼丶却那么遥远 ,你去试试，我不敢看，试好了告诉我",
"mid":"yvKoCeYlb",
"date":"2012-08-05 14:03:37"
},
{
"kids":[],
"uid":"sidney8023",
"parent":"yvJyF59rY",
"text":"这位阿姨。。。。照镜子怎么办。？",
"mid":"yvKo8pzmr",
"date":"2012-08-05 14:02:26"
},
{
"kids":[
"yvKoMAiWB"
],
"uid":"tiffanyxiner",
"parent":"yvJltrSIZ",
"text":"@王彦入要学会坚持@美基朴judice @徐小婉_ @想回家的智哥哥 @王阳洁要做独行者 @敏儿jie @吕布布_ ，敢不敢试试啊？",
"mid":"yvKnqmTEl",
"date":"2012-08-05 14:00:41"
},
{
"kids":[],
"uid":"1799799987",
"parent":"yvKhsqfet",
"text":"",
"mid":"yvKn1wYqe",
"date":"2012-08-05 13:59:41"
},
{
"kids":[],
"uid":"2263310734",
"parent":"",
"text":"",
"mid":"yvKmF4g16",
"date":"2012-08-05 13:58:48"
},
{
"kids":[],
"uid":"2182722642",
"parent":"",
"text":"饿死了!",
"mid":"yvKlviNxN",
"date":"2012-08-05 13:55:58"
},
{
"kids":[],
"uid":"rintyan",
"parent":"",
"text":"有人敢试试吗？我,不敢诶~",
"mid":"yvKkW8dXy",
"date":"2012-08-05 13:54:32"
},
{
"kids":[],
"uid":"2433267045",
"parent":"yvJyF59rY",
"text":"右边XD",
"mid":"yvKkqsEC2",
"date":"2012-08-05 13:53:18"
},
{
"kids":[],
"uid":"2453261852",
"parent":"yvJyF59rY",
"text":"先说说照相这人现在这么样了",
"mid":"yvKknz5De",
"date":"2012-08-05 13:53:09"
},
{
"kids":[
"yvKA7yjWr",
"yvKpsvYWs"
],
"uid":"ramona1116",
"parent":"",
"text":"[惊恐]！",
"mid":"yvKkhAGNV",
"date":"2012-08-05 13:52:55"
},
{
"kids":[],
"uid":"1590731565",
"parent":"",
"text":"泰国的降头师确实神奇！",
"mid":"yvKkc28LG",
"date":"2012-08-05 13:52:43"
},
{
"kids":[],
"uid":"1818501731",
"parent":"yvJyF59rY",
"text":"→_→",
"mid":"yvKjO6Xgx",
"date":"2012-08-05 13:51:45"
},
{
"kids":[],
"uid":"orpomei",
"parent":"",
"text":"",
"mid":"yvKjEDjbv",
"date":"2012-08-05 13:51:24"
},
{
"kids":[
"yvKCTer9P"
],
"uid":"2090431743",
"parent":"yvJyF59rY",
"text":"→ →",
"mid":"yvKjD9iic",
"date":"2012-08-05 13:51:20"
},
{
"kids":[],
"uid":"1945080992",
"parent":"",
"text":"hhh",
"mid":"yvKjxxN33",
"date":"2012-08-05 13:51:07"
},
{
"kids":[],
"uid":"2277669854",
"parent":"",
"text":"。。。。",
"mid":"yvKjjmKU1",
"date":"2012-08-05 13:50:32"
},
{
"kids":[
"yvKn1wYqe"
],
"uid":"841111huhu",
"parent":"",
"text":"看了末事啊''",
"mid":"yvKhsqfet",
"date":"2012-08-05 13:45:57"
},
{
"kids":[],
"uid":"qiulinbo",
"parent":"yvJyF59rY",
"text":"@Sean不Sean 敢看不",
"mid":"yvKgY0wvk",
"date":"2012-08-05 13:44:46"
},
{
"kids":[],
"uid":"1985659883",
"parent":"",
"text":"。。",
"mid":"yvKgi1BFy",
"date":"2012-08-05 13:43:06"
},
{
"kids":[],
"uid":"aisijibo",
"parent":"yvJsi1Xvx",
"text":"[偷笑]",
"mid":"yvKfCk6k9",
"date":"2012-08-05 13:41:27"
},
{
"kids":[],
"uid":"princeem",
"parent":"",
"text":"恩，要不要试一下呢？@Daisy圆 [奥特曼]",
"mid":"yvKfm8erw",
"date":"2012-08-05 13:40:48"
},
{
"kids":[],
"uid":"2647422644",
"parent":"",
"text":"[吃惊]",
"mid":"yvKePB8y7",
"date":"2012-08-05 13:39:29"
},
{
"kids":[],
"uid":"kxiaojiu",
"parent":"yvJyF59rY",
"text":"哈哈哈",
"mid":"yvKe7hwlj",
"date":"2012-08-05 13:37:45"
},
{
"kids":[],
"uid":"shanshana",
"parent":"",
"text":"真的麻[委屈]",
"mid":"yvKdRD1JP",
"date":"2012-08-05 13:37:08"
},
{
"kids":[],
"uid":"2565413835",
"parent":"yvJCSkuGo",
"text":"转发微博。",
"mid":"yvKdtnHng",
"date":"2012-08-05 13:36:10"
},
{
"kids":[],
"uid":"333602444",
"parent":"yvK0JeMJj",
"text":"没感觉，真没感觉",
"mid":"yvKcFr0HG",
"date":"2012-08-05 13:34:11"
},
{
"kids":[],
"uid":"1865751871",
"parent":"yvJyF59rY",
"text":"哈哈哈【指",
"mid":"yvKcEehdz",
"date":"2012-08-05 13:34:08"
},
{
"kids":[],
"uid":"majorjj",
"parent":"",
"text":"无聊",
"mid":"yvKbYAWC3",
"date":"2012-08-05 13:32:28"
},
{
"kids":[],
"uid":"2896190897",
"parent":"",
"text":"哇。",
"mid":"yvKaQexmz",
"date":"2012-08-05 13:29:41"
},
{
"kids":[],
"uid":"1785692921",
"parent":"",
"text":"转发微博。",
"mid":"yvKabvcKY",
"date":"2012-08-05 13:28:04"
},
{
"kids":[],
"uid":"2018620015",
"parent":"",
"text":"不敢尝试[黑线]",
"mid":"yvK9dbX6t",
"date":"2012-08-05 13:25:40"
},
{
"kids":[],
"uid":"1978890681",
"parent":"",
"text":"没有吧  真不真？？？",
"mid":"yvK99oz0Q",
"date":"2012-08-05 13:25:31"
},
{
"kids":[],
"uid":"2717148803",
"parent":"",
"text":"",
"mid":"yvK8yqOgD",
"date":"2012-08-05 13:24:01"
},
{
"kids":[],
"uid":"hero2678",
"parent":"",
"text":"[给力][给力]",
"mid":"yvK8tnH5m",
"date":"2012-08-05 13:23:51"
},
{
"kids":[],
"uid":"yeyongping",
"parent":"",
"text":"我看到了，老奶奶有白内障~..",
"mid":"yvK7xsyim",
"date":"2012-08-05 13:21:33"
},
{
"kids":[],
"uid":"1965521705",
"parent":"",
"text":"[吃惊]",
"mid":"yvK7tmYNn",
"date":"2012-08-05 13:21:23"
},
{
"kids":[],
"uid":"2363634692",
"parent":"",
"text":"",
"mid":"yvK7abByv",
"date":"2012-08-05 13:20:38"
},
{
"kids":[],
"uid":"1688029907",
"parent":"yvJyF59rY",
"text":"真的是真的[挖鼻屎]",
"mid":"yvK6ozpf1",
"date":"2012-08-05 13:18:44"
},
{
"kids":[],
"uid":"2883174872",
"parent":"",
"text":"看半天没反应阿",
"mid":"yvK6noyFE",
"date":"2012-08-05 13:18:40"
},
{
"kids":[],
"uid":"over007",
"parent":"",
"text":"",
"mid":"yvK6noyFB",
"date":"2012-08-05 13:18:41"
},
{
"kids":[],
"uid":"601267127",
"parent":"yvK00AfQQ",
"text":"",
"mid":"yvK6n6eAq",
"date":"2012-08-05 13:18:40"
},
{
"kids":[],
"uid":"1669284635",
"parent":"",
"text":"",
"mid":"yvK6f9na6",
"date":"2012-08-05 13:18:21"
},
{
"kids":[],
"uid":"1153884097",
"parent":"yvJyF59rY",
"text":"。",
"mid":"yvK5XFM15",
"date":"2012-08-05 13:17:38"
},
{
"kids":[],
"uid":"lzkkun",
"parent":"",
"text":"@",
"mid":"yvK5Us0pj",
"date":"2012-08-05 13:17:32"
},
{
"kids":[],
"uid":"2861590304",
"parent":"",
"text":"什麽感覺都沒有啊⊙▽⊙",
"mid":"yvK5S58LD",
"date":"2012-08-05 13:17:26"
},
{
"kids":[],
"uid":"2884490771",
"parent":"",
"text":"+1",
"mid":"yvK5xnMTY",
"date":"2012-08-05 13:16:37"
},
{
"kids":[
"yvKHIiRSP"
],
"uid":"shuangmaotouying",
"parent":"",
"text":"真的假的？我不敢看不想看…谁看完告诉我结果吧…",
"mid":"yvK4XEnFc",
"date":"2012-08-05 13:15:12"
},
{
"kids":[],
"uid":"2516821975",
"parent":"",
"text":"",
"mid":"yvK4DeGcU",
"date":"2012-08-05 13:14:21"
},
{
"kids":[],
"uid":"cailinxia0917",
"parent":"",
"text":"@Magic-Gemini",
"mid":"yvK3Ros8x",
"date":"2012-08-05 13:12:29"
},
{
"kids":[],
"uid":"cailinxia0917",
"parent":"",
"text":"@MaGcheung",
"mid":"yvK3La5uT",
"date":"2012-08-05 13:12:14"
},
{
"kids":[],
"uid":"1998295703",
"parent":"",
"text":"",
"mid":"yvK3swUXJ",
"date":"2012-08-05 13:11:30"
},
{
"kids":[],
"uid":"1986959163",
"parent":"",
"text":"真的嘛？[思考][思考][思考]",
"mid":"yvK2Z1Xsb",
"date":"2012-08-05 13:10:18"
},
{
"kids":[],
"uid":"1789467325",
"parent":"yvJyF59rY",
"text":"→_→",
"mid":"yvK2DpEGC",
"date":"2012-08-05 13:09:28"
},
{
"kids":[],
"uid":"1774017315",
"parent":"",
"text":"",
"mid":"yvK2pglfo",
"date":"2012-08-05 13:08:54"
},
{
"kids":[
"yvNJ0wKpI"
],
"uid":"geijiuyao",
"parent":"yvJyF59rY",
"text":"",
"mid":"yvK2i9cM8",
"date":"2012-08-05 13:08:37"
},
{
"kids":[],
"uid":"1071563593",
"parent":"yvJyF59rY",
"text":"[哈哈]",
"mid":"yvK2g6Jhy",
"date":"2012-08-05 13:08:32"
},
{
"kids":[],
"uid":"2049429741",
"parent":"",
"text":"呵呵，不过这图是有点恐怖[惊恐]",
"mid":"yvK2fs6Ry",
"date":"2012-08-05 13:08:31"
},
{
"kids":[],
"uid":"1968561172",
"parent":"",
"text":"",
"mid":"yvK1NFnot",
"date":"2012-08-05 13:07:25"
},
{
"kids":[],
"uid":"2537059032",
"parent":"",
"text":"",
"mid":"yvK1Fbgu2",
"date":"2012-08-05 13:07:04"
},
{
"kids":[],
"uid":"2131877034",
"parent":"",
"text":"[阴险]",
"mid":"yvK19dVRU",
"date":"2012-08-05 13:05:47"
},
{
"kids":[],
"uid":"1864134521",
"parent":"",
"text":"",
"mid":"yvK17sGod",
"date":"2012-08-05 13:05:44"
},
{
"kids":[],
"uid":"zuoqiuan",
"parent":"yvJyF59rY",
"text":"",
"mid":"yvK11fd13",
"date":"2012-08-05 13:05:29"
},
{
"kids":[],
"uid":"mirrormemirrorworld",
"parent":"yvJZu7XW5",
"text":"瞬间被最右笑醒过来了= =",
"mid":"yvK0OgdeO",
"date":"2012-08-05 13:04:56"
},
{
"kids":[],
"uid":"ichinlele",
"parent":"",
"text":"@Max_bo 哈哈哈",
"mid":"yvK0NEzq9",
"date":"2012-08-05 13:04:56"
},
{
"kids":[
"yvKcFr0HG"
],
"uid":"1227lmj",
"parent":"",
"text":"老奶奶长得挺和蔼得么[骷髅][看看]",
"mid":"yvK0JeMJj",
"date":"2012-08-05 13:04:46"
},
{
"kids":[],
"uid":"so1and",
"parent":"",
"text":"老人家是不是有点白内障？",
"mid":"yvK0DADwO",
"date":"2012-08-05 13:04:34"
},
{
"kids":[],
"uid":"1904331693",
"parent":"",
"text":"乜发现都无~[哼]",
"mid":"yvK0vnqNg",
"date":"2012-08-05 13:04:13"
},
{
"kids":[],
"uid":"2340205825",
"parent":"",
"text":"",
"mid":"yvK0iDQRM",
"date":"2012-08-05 13:03:43"
},
{
"kids":[],
"uid":"flower880305",
"parent":"",
"text":"啧啧啧",
"mid":"yvK0foUIG",
"date":"2012-08-05 13:03:35"
},
{
"kids":[
"yvK6n6eAq"
],
"uid":"1975645934",
"parent":"",
"text":"这个",
"mid":"yvK00AfQQ",
"date":"2012-08-05 13:03:00"
},
{
"kids":[
"yvK0OgdeO"
],
"uid":"selfkevin",
"parent":"yvJyF59rY",
"text":"= - =好可怕",
"mid":"yvJZu7XW5",
"date":"2012-08-05 13:01:42"
},
{
"kids":[],
"uid":"MsKrissica",
"parent":"",
"text":"",
"mid":"yvJXY9gR3",
"date":"2012-08-05 12:57:58"
},
{
"kids":[],
"uid":"1875572437",
"parent":"yvJyF59rY",
"text":"这美瞳哪买的",
"mid":"yvJXOq0Iw",
"date":"2012-08-05 12:57:35"
},
{
"kids":[],
"uid":"2175934172",
"parent":"",
"text":"",
"mid":"yvJXjniFq",
"date":"2012-08-05 12:56:20"
},
{
"kids":[],
"uid":"208222492",
"parent":"",
"text":"心理素质不好的别看",
"mid":"yvJUmaSd3",
"date":"2012-08-05 12:49:04"
},
{
"kids":[],
"uid":"2177399757",
"parent":"yvJyF59rY",
"text":"这脸……怎么像让人踩了一样……",
"mid":"yvJTcCnCp",
"date":"2012-08-05 12:46:14"
},
{
"kids":[],
"uid":"321685858",
"parent":"yvJCSkuGo",
"text":"我盯着看了十分钟就头晕了",
"mid":"yvJSe3WeC",
"date":"2012-08-05 12:43:49"
},
{
"kids":[],
"uid":"1939043404",
"parent":"",
"text":"看得我都肚子饿了···没吃饭···",
"mid":"yvJSdv33q",
"date":"2012-08-05 12:43:48"
},
{
"kids":[],
"uid":"2048229424",
"parent":"",
"text":"把这照片冲出来，天天盯着看去。。。[偷笑]",
"mid":"yvJRabpcS",
"date":"2012-08-05 12:41:11"
},
{
"kids":[],
"uid":"2492273255",
"parent":"",
"text":"莫的感觉",
"mid":"yvJR1jLBq",
"date":"2012-08-05 12:40:51"
},
{
"kids":[],
"uid":"577557967",
"parent":"",
"text":"变斗鸡眼了还是没看见啥",
"mid":"yvJQmxNWR",
"date":"2012-08-05 12:39:12"
},
{
"kids":[],
"uid":"yy5207758258",
"parent":"yvJhiBc9b",
"text":"唉呀呀，，，看到鬼了，",
"mid":"yvJQkc72j",
"date":"2012-08-05 12:39:08"
},
{
"kids":[],
"uid":"1412531550",
"parent":"yvJAZ19gV",
"text":"我笑死了",
"mid":"yvJPSpS3x",
"date":"2012-08-05 12:38:02"
},
{
"kids":[],
"uid":"wanglinran",
"parent":"",
"text":"是真的，我亲自试了看到了小学班主任！",
"mid":"yvJOLxHCV",
"date":"2012-08-05 12:35:17"
},
{
"kids":[],
"uid":"haimianshengyu1987",
"parent":"yvJyF59rY",
"text":"盯着看三天就渴死了",
"mid":"yvJOv0YiA",
"date":"2012-08-05 12:34:38"
},
{
"kids":[],
"uid":"1927822285",
"parent":"yvJku1L7K",
"text":"转发微博。",
"mid":"yvJMQqpjd",
"date":"2012-08-05 12:30:34"
},
{
"kids":[],
"uid":"2634418753",
"parent":"yvJyF59rY",
"text":"噢嘛丫：跟死亡笔记有得一拼瑟…",
"mid":"yvJMw5HGh",
"date":"2012-08-05 12:29:45"
},
{
"kids":[],
"uid":"suxxx",
"parent":"yvJyF59rY",
"text":"",
"mid":"yvJMrnuZA",
"date":"2012-08-05 12:29:34"
},
{
"kids":[],
"uid":"zhengyunhui",
"parent":"yvJyF59rY",
"text":"看出来了 这老妇青光眼+白内障",
"mid":"yvJM6mVRP",
"date":"2012-08-05 12:28:43"
},
{
"kids":[],
"uid":"2168350897",
"parent":"yvJC5h43E",
"text":"我改名字了。。。你什么时候回来？",
"mid":"yvJM1lvsV",
"date":"2012-08-05 12:28:31"
},
{
"kids":[],
"uid":"hmhk",
"parent":"yvJyF59rY",
"text":"我也觉得 用手机看一会儿手机就黑屏了 好强的黑暗力量啊XD",
"mid":"yvJLaqvjl",
"date":"2012-08-05 12:26:26"
},
{
"kids":[],
"uid":"cmj0504",
"parent":"yvJGcfQqQ",
"text":"你就忽悠吧",
"mid":"yvJKdDXKV",
"date":"2012-08-05 12:24:06"
},
{
"kids":[],
"uid":"walyou",
"parent":"",
"text":"看了三分钟，还是没感觉",
"mid":"yvJJQAVH7",
"date":"2012-08-05 12:23:11"
},
{
"kids":[],
"uid":"2143118137",
"parent":"yvJyF59rY",
"text":"这是真的，我一朋友，坐着看着这图，半月后，坐化了。",
"mid":"yvJJqiXo5",
"date":"2012-08-05 12:22:06"
},
{
"kids":[],
"uid":"soledad20060510",
"parent":"yvJAZ19gV",
"text":"等厨房炒菜，看一会儿。",
"mid":"yvJIU7OKu",
"date":"2012-08-05 12:20:51"
},
{
"kids":[
"ywNSio8nk"
],
"uid":"1847010347",
"parent":"",
"text":"留着以后用",
"mid":"yvJIOacUn",
"date":"2012-08-05 12:20:37"
},
{
"kids":[],
"uid":"sunshine1886",
"parent":"yvJyF59rY",
"text":"[哈哈]",
"mid":"yvJIBboXG",
"date":"2012-08-05 12:20:06"
},
{
"kids":[],
"uid":"ivanvii",
"parent":"yvJyF59rY",
"text":"是真的！有人只盯着看了三天，就渴死了！",
"mid":"yvJHRpyvc",
"date":"2012-08-05 12:18:16"
},
{
"kids":[],
"uid":"hulittlebear",
"parent":"yvJBIvBWj",
"text":"看到右边就越看越喜庆了",
"mid":"yvJHQtUn5",
"date":"2012-08-05 12:18:16"
},
{
"kids":[],
"uid":"ayperi",
"parent":"yvJyF59rY",
"text":"[偷笑]",
"mid":"yvJHz6kXm",
"date":"2012-08-05 12:17:33"
},
{
"kids":[
"yvV6B3o7R"
],
"uid":"getbmx",
"parent":"",
"text":"遭了！我不行了；",
"mid":"yvJHxjQBJ",
"date":"2012-08-05 12:17:27"
},
{
"kids":[],
"uid":"1914030210",
"parent":"yvJyF59rY",
"text":"胖子只看一天就疯了。",
"mid":"yvJHpCGBm",
"date":"2012-08-05 12:17:11"
},
{
"kids":[],
"uid":"2882385094",
"parent":"yvJAZ19gV",
"text":"看了几秒，吓死了",
"mid":"yvJH0dWww",
"date":"2012-08-05 12:16:09"
},
{
"kids":[],
"uid":"1325594167",
"parent":"yvJAZ19gV",
"text":"尼玛，真死了?",
"mid":"yvJGibWck",
"date":"2012-08-05 12:14:25"
},
{
"kids":[
"yvJKdDXKV"
],
"uid":"yvonne8413",
"parent":"yvJFYDBRv",
"text":"我还是别看了",
"mid":"yvJGcfQqQ",
"date":"2012-08-05 12:14:11"
},
{
"kids":[],
"uid":"1957685864",
"parent":"yvJyF59rY",
"text":"我盯着看了五分钟突然就饿了。要是我敢看十天那肯定会死的，真的好可怕好可怕，好神奇好神奇@CICI俊琳",
"mid":"yvJG2uaJ0",
"date":"2012-08-05 12:13:48"
},
{
"kids":[
"yvJGcfQqQ"
],
"uid":"1790078583",
"parent":"",
"text":"看了10秒钟恶心死了",
"mid":"yvJFYDBRv",
"date":"2012-08-05 12:13:39"
},
{
"kids":[],
"uid":"1777487205",
"parent":"",
"text":"",
"mid":"yvJFTmoRK",
"date":"2012-08-05 12:13:25"
},
{
"kids":[
"ywKAW2Y8C"
],
"uid":"2292576933",
"parent":"",
"text":"呵呵~传说中的蛊毒么。。。",
"mid":"yvJFQoKVJ",
"date":"2012-08-05 12:13:19"
},
{
"kids":[],
"uid":"1917131324",
"parent":"",
"text":"南岛语族的纹面习俗，壮族，高山族，越族，都有这传统。2000年前他们应该是一家。",
"mid":"yvJFQnhMc",
"date":"2012-08-05 12:13:17"
},
{
"kids":[],
"uid":"bluebabylu",
"parent":"",
"text":"我不信…这种东西有也不会发出来，竟然发出来，就是假的…你们觉得呢，恐怖吗",
"mid":"yvJFj2ELI",
"date":"2012-08-05 12:11:59"
},
{
"kids":[],
"uid":"haxixy",
"parent":"",
"text":"右边太亮了。。。",
"mid":"yvJEVmAlB",
"date":"2012-08-05 12:11:03"
},
{
"kids":[],
"uid":"wlhualei",
"parent":"",
"text":"没感觉。",
"mid":"yvJEmcBYr",
"date":"2012-08-05 12:09:39"
},
{
"kids":[
"yvSCGFKHM"
],
"uid":"lixudongod",
"parent":"yvJyF59rY",
"text":"泰国古代就有彩色CG照片了，史前文明无误。",
"mid":"yvJEa71Ug",
"date":"2012-08-05 12:09:10"
},
{
"kids":[],
"uid":"2217760973",
"parent":"yvJyF59rY",
"text":"这是真的！我朋友盯着看了十天，现在他饿死了！",
"mid":"yvJDPFW52",
"date":"2012-08-05 12:08:22"
},
{
"kids":[],
"uid":"1858186542",
"parent":"yvJyF59rY",
"text":"[哈哈]",
"mid":"yvJDrtodj",
"date":"2012-08-05 12:07:25"
},
{
"kids":[],
"uid":"2254544925",
"parent":"",
"text":"胆小勿入，别硬撑！",
"mid":"yvJDockff",
"date":"2012-08-05 12:07:17"
},
{
"kids":[
"yvMxfdpeq"
],
"uid":"hangwei419",
"parent":"yvJyF59rY",
"text":"右边- -！",
"mid":"yvJDijMhn",
"date":"2012-08-05 12:07:02"
},
{
"kids":[],
"uid":"2493070073",
"parent":"yvJyF59rY",
"text":"天哪，太可怕了",
"mid":"yvJDf4C09",
"date":"2012-08-05 12:06:54"
},
{
"kids":[],
"uid":"2655267091",
"parent":"yvJmh6W0x",
"text":"真的假的？",
"mid":"yvJCX1ecl",
"date":"2012-08-05 12:06:10"
},
{
"kids":[
"yvKdtnHng",
"yvJSe3WeC"
],
"uid":"139257666",
"parent":"yvJyF59rY",
"text":"[哈哈]",
"mid":"yvJCSkuGo",
"date":"2012-08-05 12:06:00"
},
{
"kids":[],
"uid":"316457773",
"parent":"",
"text":"",
"mid":"yvJCRFMFO",
"date":"2012-08-05 12:05:59"
},
{
"kids":[
"yvJM1lvsV"
],
"uid":"1919976344",
"parent":"yvJyF59rY",
"text":"...消食必备@星界追猎者李润啾",
"mid":"yvJC5h43E",
"date":"2012-08-05 12:04:02"
},
{
"kids":[
"yvJHQtUn5"
],
"uid":"danteyxc",
"parent":"yvJyF59rY",
"text":"我才盯了两分钟，就被尿憋死了",
"mid":"yvJBIvBWj",
"date":"2012-08-05 12:03:10"
},
{
"kids":[],
"uid":"1768967411",
"parent":"",
"text":"[吃惊][晕][吐]",
"mid":"yvJBH1SSB",
"date":"2012-08-05 12:03:05"
},
{
"kids":[],
"uid":"1751144555",
"parent":"yvJyF59rY",
"text":"回复@风中疾走:我才盯着看了两个小时肚子就饿了！",
"mid":"yvJBzAWN8",
"date":"2012-08-05 12:02:49"
},
{
"kids":[],
"uid":"qissacu",
"parent":"yvJyF59rY",
"text":"切勿尝试你发图来害人？傻逼",
"mid":"yvJBzkIK1",
"date":"2012-08-05 12:02:46"
},
{
"kids":[],
"uid":"mantoto",
"parent":"",
"text":"每次看到什么盯着别人眼睛看就疑惑：你他妈说清楚啊！是盯左眼看还是右眼看。",
"mid":"yvJBxhU5N",
"date":"2012-08-05 12:02:42"
},
{
"kids":[],
"uid":"2631189501",
"parent":"yvJyF59rY",
"text":"我朋友半夜盯着看，从那眼睛里看到了自己的投影，被自己丑死了",
"mid":"yvJBmBV9V",
"date":"2012-08-05 12:02:17"
},
{
"kids":[],
"uid":"1882622961",
"parent":"",
"text":"",
"mid":"yvJBkeWlQ",
"date":"2012-08-05 12:02:10"
},
{
"kids":[
"yvKHde929"
],
"uid":"1632247031",
"parent":"",
"text":"手贱～点了大图,靠",
"mid":"yvJBh1vpa",
"date":"2012-08-05 12:02:03"
},
{
"kids":[],
"uid":"2193412583",
"parent":"",
"text":"这张脸看不下去啊。",
"mid":"yvJBeBTFH",
"date":"2012-08-05 12:01:59"
},
{
"kids":[],
"uid":"1134608665",
"parent":"yvJyF59rY",
"text":"点开看了一下，被吓到了，赶紧关掉。@rockernel 这个你怕吗？",
"mid":"yvJB1ErzN",
"date":"2012-08-05 12:01:27"
},
{
"kids":[
"yvJPSpS3x",
"yvJIU7OKu",
"yvJH0dWww",
"yvJGibWck"
],
"uid":"noman",
"parent":"yvJyF59rY",
"text":"确实是真的！我自己试过了，亲身经历，看了五分钟，结果困死了！",
"mid":"yvJAZ19gV",
"date":"2012-08-05 12:01:19"
},
{
"kids":[],
"uid":"2736216297",
"parent":"yvJyF59rY",
"text":"我朋友只盯着看了五天就渴死了！",
"mid":"yvJASbU8W",
"date":"2012-08-05 12:01:04"
},
{
"kids":[],
"uid":"2671463192",
"parent":"",
"text":"是人盯着看十天不吃不喝早死了",
"mid":"yvJARAgo5",
"date":"2012-08-05 12:01:03"
},
{
"kids":[],
"uid":"emptyxqh",
"parent":"yvJyF59rY",
"text":"和尚！能不能别那么右！！！！",
"mid":"yvJANbNDr",
"date":"2012-08-05 12:00:50"
},
{
"kids":[],
"uid":"1964371445",
"parent":"yvJyF59rY",
"text":"",
"mid":"yvJAL57Dn",
"date":"2012-08-05 12:00:47"
},
{
"kids":[],
"uid":"123bigbanana",
"parent":"yvJyF59rY",
"text":"好恐怖哦，快告诉互相转告大家吧！！",
"mid":"yvJAm1EZH",
"date":"2012-08-05 11:59:45"
},
{
"kids":[],
"uid":"arnicwang",
"parent":"",
"text":"",
"mid":"yvJAirs2u",
"date":"2012-08-05 11:59:39"
},
{
"kids":[],
"uid":"21641993",
"parent":"yvJyF59rY",
"text":"如果这是真的修一个开许的黑文殊短轨不就解决了嘛，还用出人命啊[汗]",
"mid":"yvJAegYWl",
"date":"2012-08-05 11:59:29"
},
{
"kids":[],
"uid":"208126667",
"parent":"yvJyF59rY",
"text":"hah",
"mid":"yvJA12HHr",
"date":"2012-08-05 11:58:57"
},
{
"kids":[],
"uid":"634133567",
"parent":"yvJyF59rY",
"text":"能看见灵魂也不是多数人所为",
"mid":"yvJzQCpBj",
"date":"2012-08-05 11:58:34"
},
{
"kids":[],
"uid":"lindacheng",
"parent":"yvJyF59rY",
"text":"哈哈哈哈哈哈哈哈哈",
"mid":"yvJzwA60r",
"date":"2012-08-05 11:57:44"
},
{
"kids":[],
"uid":"2138985221",
"parent":"",
"text":"哎哟喂~",
"mid":"yvJzrh4jX",
"date":"2012-08-05 11:57:32"
},
{
"kids":[],
"uid":"2300169301",
"parent":"yvJyF59rY",
"text":"",
"mid":"yvJzpuA3o",
"date":"2012-08-05 11:57:27"
},
{
"kids":[],
"uid":"2147331055",
"parent":"yvJyF59rY",
"text":"- -",
"mid":"yvJzpb0UQ",
"date":"2012-08-05 11:57:27"
},
{
"kids":[],
"uid":"2420326747",
"parent":"yvJyF59rY",
"text":"",
"mid":"yvJzl4Nk1",
"date":"2012-08-05 11:57:17"
},
{
"kids":[],
"uid":"ops805",
"parent":"yvJyF59rY",
"text":"",
"mid":"yvJzf8dbk",
"date":"2012-08-05 11:57:03"
},
{
"kids":[],
"uid":"yaakiy",
"parent":"yvJyF59rY",
"text":"而且我斗鸡眼了！！",
"mid":"yvJz84BcH",
"date":"2012-08-05 11:56:44"
},
{
"kids":[],
"uid":"1166943540",
"parent":"yvJcxpIvw",
"text":"看了没啥感觉",
"mid":"yvJz5oRD0",
"date":"2012-08-05 11:56:40"
},
{
"kids":[
"zhYiLDUIf",
"z2foHxZXn",
"z0pAYfOaw",
"yEAXLddLQ",
"yyiCyxDxK",
"yxDTWx9SI",
"ywWpIdZvX",
"ywOeDjnf5",
"ywxCrgTTa",
"ywgSKkoqG",
"ywbqU6LRN",
"yw1mL6Ldb",
"yvX4ipD4m",
"yvX4bjIHa",
"yvWEXxOOD",
"yvV6YBnRf",
"yvNua4F2o",
"yvNmOo8VN",
"yvN0Bs3V0",
"yvMgoCPr8",
"yvLYg13EO",
"yvLE61Vbc",
"yvLvWuGb6",
"yvLtwFI5Y",
"yvLsT4dF6",
"yvKFphNW5",
"yvKDzdiO8",
"yvKD04tWt",
"yvKo8pzmr",
"yvKkqsEC2",
"yvKknz5De",
"yvKjO6Xgx",
"yvKjD9iic",
"yvKgY0wvk",
"yvKe7hwlj",
"yvKcEehdz",
"yvK6ozpf1",
"yvK5XFM15",
"yvK2DpEGC",
"yvK2i9cM8",
"yvK2g6Jhy",
"yvK11fd13",
"yvJZu7XW5",
"yvJXOq0Iw",
"yvJTcCnCp",
"yvJOv0YiA",
"yvJMw5HGh",
"yvJMrnuZA",
"yvJM6mVRP",
"yvJLaqvjl",
"yvJJqiXo5",
"yvJIBboXG",
"yvJHRpyvc",
"yvJHz6kXm",
"yvJHpCGBm",
"yvJG2uaJ0",
"yvJEa71Ug",
"yvJDPFW52",
"yvJDrtodj",
"yvJDijMhn",
"yvJDf4C09",
"yvJCSkuGo",
"yvJC5h43E",
"yvJBIvBWj",
"yvJBzAWN8",
"yvJBzkIK1",
"yvJBmBV9V",
"yvJB1ErzN",
"yvJAZ19gV",
"yvJASbU8W",
"yvJANbNDr",
"yvJAL57Dn",
"yvJAm1EZH",
"yvJAegYWl",
"yvJA12HHr",
"yvJzQCpBj",
"yvJzwA60r",
"yvJzpuA3o",
"yvJzpb0UQ",
"yvJzl4Nk1",
"yvJzf8dbk",
"yvJz84BcH"
],
"uid":"ssheshang",
"parent":"",
"text":"这是真的！我朋友盯着看了十天，现在他饿死了！",
"mid":"yvJyF59rY",
"date":"2012-08-05 11:55:37"
},
{
"kids":[],
"uid":"1714425995",
"parent":"",
"text":"真的盯了一下感觉很不舒服。",
"mid":"yvJvHAoQp",
"date":"2012-08-05 11:48:19"
},
{
"kids":[],
"uid":"1925821500",
"parent":"",
"text":"",
"mid":"yvJvEknk6",
"date":"2012-08-05 11:48:12"
},
{
"kids":[],
"uid":"xiaozhangdawangv",
"parent":"",
"text":"[晕]",
"mid":"yvJvD9wN2",
"date":"2012-08-05 11:48:09"
},
{
"kids":[],
"uid":"1891772000",
"parent":"",
"text":"",
"mid":"yvJvpyNBn",
"date":"2012-08-05 11:47:36"
},
{
"kids":[],
"uid":"moumou1988",
"parent":"yvJltrSIZ",
"text":"话说。。这个不是某个少数民族为了保持贞操自会容颜的么。。。怎么又怨灵了。。。",
"mid":"yvJv58teG",
"date":"2012-08-05 11:46:48"
},
{
"kids":[],
"uid":"206565363",
"parent":"",
"text":"[可怜][泪]@狮子座蜜语 干嘛转发这样的",
"mid":"yvJuwz8jE",
"date":"2012-08-05 11:45:27"
},
{
"kids":[],
"uid":"1926311173",
"parent":"",
"text":"[吃惊][衰]",
"mid":"yvJun7MP6",
"date":"2012-08-05 11:45:03"
},
{
"kids":[],
"uid":"ImaizumiKagerou",
"parent":"",
"text":"试了 没什么反应",
"mid":"yvJujAwEs",
"date":"2012-08-05 11:44:55"
},
{
"kids":[],
"uid":"2617756123",
"parent":"",
"text":"[bed凌乱]",
"mid":"yvJtCaaYu",
"date":"2012-08-05 11:43:11"
},
{
"kids":[],
"uid":"enjoywu",
"parent":"",
"text":"",
"mid":"yvJtctvtH",
"date":"2012-08-05 11:42:09"
},
{
"kids":[],
"uid":"1698679953",
"parent":"",
"text":"我啥也看不见，我真心内心坦荡滴好汉纸啊~~",
"mid":"yvJsOwdmX",
"date":"2012-08-05 11:41:12"
},
{
"kids":[
"yvKfCk6k9"
],
"uid":"1737354447",
"parent":"yvJltrSIZ",
"text":"白内障，鉴定完毕。",
"mid":"yvJsi1Xvx",
"date":"2012-08-05 11:39:55"
},
{
"kids":[],
"uid":"1855452387",
"parent":"",
"text":"看来本身就带有催眠效果 [思考]",
"mid":"yvJrh57Ai",
"date":"2012-08-05 11:37:26"
},
{
"kids":[],
"uid":"xqxmay",
"parent":"yvJltrSIZ",
"text":"艾玛逼真不敢看 谁爱看谁看！！！",
"mid":"yvJpr2LEv",
"date":"2012-08-05 11:32:52"
},
{
"kids":[],
"uid":"2783472905",
"parent":"",
"text":"",
"mid":"yvJp4fkRP",
"date":"2012-08-05 11:31:58"
},
{
"kids":[],
"uid":"egotist",
"parent":"yvJnaCycO",
"text":"咳咳",
"mid":"yvJoDnGrA",
"date":"2012-08-05 11:30:55"
},
{
"kids":[],
"uid":"1807683604",
"parent":"yvJ06sUJ4",
"text":"@沙河天虹商场 @zenghaidan2012",
"mid":"yvJotkPtB",
"date":"2012-08-05 11:30:31"
},
{
"kids":[],
"uid":"511256765",
"parent":"",
"text":"开始有点惧怕我们班上的那几个泰国人了。。。。礼拜一去了就跪在地上磕头叫爸爸求求你们不要害我",
"mid":"yvJnsp31q",
"date":"2012-08-05 11:28:01"
},
{
"kids":[
"yvJoDnGrA"
],
"uid":"xiaonanbushuoenglish",
"parent":"",
"text":"啊啊啊我S60打开大图试试，不是屏幕小只能上下移动吗，就只看鼻子中部以上，眼睛特别特别悲伤，加上嘴一起看整体表情就邪恶范儿了啊啊好酷",
"mid":"yvJnaCycO",
"date":"2012-08-05 11:27:19"
},
{
"kids":[],
"uid":"877400636",
"parent":"",
"text":"",
"mid":"yvJmxEs4g",
"date":"2012-08-05 11:25:46"
},
{
"kids":[
"yvJCX1ecl"
],
"uid":"522420120",
"parent":"",
"text":"不会是真的吧？我看了一会，不敢看了",
"mid":"yvJmh6W0x",
"date":"2012-08-05 11:25:05"
},
{
"kids":[
"yvKnqmTEl",
"yvJv58teG",
"yvJsi1Xvx",
"yvJpr2LEv"
],
"uid":"caokou1977",
"parent":"",
"text":"",
"mid":"yvJltrSIZ",
"date":"2012-08-05 11:23:08"
},
{
"kids":[],
"uid":"2414750242",
"parent":"yvJexecmM",
"text":"油米扣类想做么吔？",
"mid":"yvJlhjDVx",
"date":"2012-08-05 11:22:39"
},
{
"kids":[
"yvJMQqpjd"
],
"uid":"210103465",
"parent":"yvJj1AId0",
"text":"挺吓人的反正",
"mid":"yvJku1L7K",
"date":"2012-08-05 11:20:41"
},
{
"kids":[],
"uid":"2479604907",
"parent":"",
"text":"",
"mid":"yvJkstYry",
"date":"2012-08-05 11:20:38"
},
{
"kids":[],
"uid":"1706570012",
"parent":"yvHJHCOO0",
"text":"=_=",
"mid":"yvJkavfqd",
"date":"2012-08-05 11:19:55"
},
{
"kids":[],
"uid":"2091803947",
"parent":"",
"text":"",
"mid":"yvJj3EO0J",
"date":"2012-08-05 11:17:11"
},
{
"kids":[
"yvJku1L7K"
],
"uid":"2609069161",
"parent":"",
"text":"……",
"mid":"yvJj1AId0",
"date":"2012-08-05 11:17:06"
},
{
"kids":[],
"uid":"2721564715",
"parent":"",
"text":"一看我就头昏想吐，太诡异了！！",
"mid":"yvJhvBnG1",
"date":"2012-08-05 11:13:22"
},
{
"kids":[
"yvJQkc72j"
],
"uid":"2024689823",
"parent":"yvJ5K4qyv",
"text":"好恐怖[泪]",
"mid":"yvJhiBc9b",
"date":"2012-08-05 11:12:50"
},
{
"kids":[],
"uid":"2698152422",
"parent":"yvJ2HdL1v",
"text":"",
"mid":"yvJhgg7Lo",
"date":"2012-08-05 11:12:45"
},
{
"kids":[],
"uid":"2042574877",
"parent":"",
"text":"",
"mid":"yvJhc7WrB",
"date":"2012-08-05 11:12:35"
},
{
"kids":[],
"uid":"1767777715",
"parent":"",
"text":"",
"mid":"yvJg73ZwG",
"date":"2012-08-05 11:09:54"
},
{
"kids":[],
"uid":"1272672785",
"parent":"",
"text":"看得我好晕~",
"mid":"yvJg2hJh3",
"date":"2012-08-05 11:09:44"
},
{
"kids":[],
"uid":"nana0728",
"parent":"",
"text":"",
"mid":"yvJfNdwqc",
"date":"2012-08-05 11:09:08"
},
{
"kids":[],
"uid":"2002725441",
"parent":"",
"text":"",
"mid":"yvJf5uVMq",
"date":"2012-08-05 11:07:22"
},
{
"kids":[
"yvJlhjDVx"
],
"uid":"yumiko820",
"parent":"",
"text":"@柒爷给我杯长岛",
"mid":"yvJexecmM",
"date":"2012-08-05 11:06:02"
},
{
"kids":[],
"uid":"2800306474",
"parent":"",
"text":"好丑",
"mid":"yvJelnt4y",
"date":"2012-08-05 11:05:32"
},
{
"kids":[],
"uid":"1772071454",
"parent":"",
"text":"真恐怖！",
"mid":"yvJdbB7bb",
"date":"2012-08-05 11:02:43"
},
{
"kids":[],
"uid":"lingjialiu",
"parent":"",
"text":"[吃惊]",
"mid":"yvJd7tqja",
"date":"2012-08-05 11:02:33"
},
{
"kids":[
"yvJz5oRD0"
],
"uid":"1962587967",
"parent":"",
"text":"[吃惊][吃惊]",
"mid":"yvJcxpIvw",
"date":"2012-08-05 11:01:06"
},
{
"kids":[
"yvMXT1TFU"
],
"uid":"caolala",
"parent":"",
"text":"好可怕[衰]",
"mid":"yvJcogzXt",
"date":"2012-08-05 11:00:45"
},
{
"kids":[],
"uid":"2074791131",
"parent":"",
"text":"[吃惊][吃惊][吃惊][吃惊]",
"mid":"yvJbQA8mS",
"date":"2012-08-05 10:59:23"
},
{
"kids":[],
"uid":"2468669930",
"parent":"",
"text":"看了2分钟，什么也没有",
"mid":"yvJbKFsL6",
"date":"2012-08-05 10:59:11"
},
{
"kids":[],
"uid":"2541425505",
"parent":"",
"text":"",
"mid":"yvJbIjLL7",
"date":"2012-08-05 10:59:04"
},
{
"kids":[],
"uid":"2747841017",
"parent":"",
"text":"[闭嘴]这么恐怖~",
"mid":"yvJbpnmW4",
"date":"2012-08-05 10:58:20"
},
{
"kids":[],
"uid":"00lg",
"parent":"",
"text":"",
"mid":"yvJaUDbEk",
"date":"2012-08-05 10:57:07"
},
{
"kids":[
"yvKzG5uTK"
],
"uid":"queeniebchu",
"parent":"yvJ1F8sDZ",
"text":"完全看不见，不就是拍照时候开了个很亮的灯泡嘛~",
"mid":"yvJaaydBr",
"date":"2012-08-05 10:55:17"
},
{
"kids":[],
"uid":"2313436934",
"parent":"",
"text":"",
"mid":"yvJ9lqIUy",
"date":"2012-08-05 10:53:15"
},
{
"kids":[],
"uid":"1427679090",
"parent":"",
"text":"",
"mid":"yvJ8CtnFS",
"date":"2012-08-05 10:51:28"
},
{
"kids":[],
"uid":"sabrina851020",
"parent":"",
"text":"没那感觉",
"mid":"yvJ7pbgaV",
"date":"2012-08-05 10:48:27"
},
{
"kids":[],
"uid":"2709041141",
"parent":"",
"text":"[good]",
"mid":"yvJ6n2bdK",
"date":"2012-08-05 10:45:55"
},
{
"kids":[],
"uid":"2823020310",
"parent":"",
"text":"",
"mid":"yvJ5P5R26",
"date":"2012-08-05 10:44:34"
},
{
"kids":[
"yvJhiBc9b"
],
"uid":"1862098571",
"parent":"",
"text":"",
"mid":"yvJ5K4qyv",
"date":"2012-08-05 10:44:22"
},
{
"kids":[],
"uid":"2141211655",
"parent":"",
"text":"好吓人啊啊啊啊啊啊啊",
"mid":"yvJ5rovZT",
"date":"2012-08-05 10:43:39"
},
{
"kids":[],
"uid":"1873249202",
"parent":"",
"text":"@Always_lulu1213 像不像ice age里的哈哈",
"mid":"yvJ5gdtzN",
"date":"2012-08-05 10:43:10"
},
{
"kids":[],
"uid":"wxlansing",
"parent":"",
"text":"好像很恐怖",
"mid":"yvJ4Fh12r",
"date":"2012-08-05 10:41:42"
},
{
"kids":[],
"uid":"yzy807971379x",
"parent":"",
"text":"哼哼~",
"mid":"yvJ4cC0Pg",
"date":"2012-08-05 10:40:35"
},
{
"kids":[],
"uid":"alex932",
"parent":"",
"text":"真的，假的？",
"mid":"yvJ3omsTO",
"date":"2012-08-05 10:38:35"
},
{
"kids":[],
"uid":"hufanghuge",
"parent":"",
"text":"",
"mid":"yvJ3nrlpS",
"date":"2012-08-05 10:38:33"
},
{
"kids":[],
"uid":"1855216761",
"parent":"",
"text":"",
"mid":"yvJ3abrtQ",
"date":"2012-08-05 10:38:01"
},
{
"kids":[],
"uid":"1956669313",
"parent":"",
"text":"",
"mid":"yvJ2PdN97",
"date":"2012-08-05 10:37:10"
},
{
"kids":[
"yvJhgg7Lo"
],
"uid":"2698152422",
"parent":"",
"text":"",
"mid":"yvJ2HdL1v",
"date":"2012-08-05 10:36:52"
},
{
"kids":[],
"uid":"2236317492",
"parent":"",
"text":"轉發微博",
"mid":"yvJ2l3YFd",
"date":"2012-08-05 10:35:59"
},
{
"kids":[],
"uid":"1831708681",
"parent":"",
"text":"看不下去",
"mid":"yvJ2ap6P6",
"date":"2012-08-05 10:35:34"
},
{
"kids":[],
"uid":"syhzyj",
"parent":"",
"text":"看了贼恶心",
"mid":"yvJ23l562",
"date":"2012-08-05 10:35:17"
},
{
"kids":[],
"uid":"2174436861",
"parent":"",
"text":"呐尼、",
"mid":"yvJ1K8DvS",
"date":"2012-08-05 10:34:31"
},
{
"kids":[
"yvJaaydBr"
],
"uid":"dansun85",
"parent":"",
"text":"轉發微博",
"mid":"yvJ1F8sDZ",
"date":"2012-08-05 10:34:19"
},
{
"kids":[],
"uid":"liuyijia8982",
"parent":"",
"text":"",
"mid":"yvJ1xriHD",
"date":"2012-08-05 10:34:00"
},
{
"kids":[],
"uid":"1865081275",
"parent":"",
"text":"",
"mid":"yvJ1sDJ0z",
"date":"2012-08-05 10:33:50"
},
{
"kids":[],
"uid":"2846564624",
"parent":"",
"text":"貌似有点，我刚才试了一下。晚上我们回去耍。",
"mid":"yvJ155fc2",
"date":"2012-08-05 10:32:53"
},
{
"kids":[],
"uid":"2183913945",
"parent":"",
"text":"",
"mid":"yvJ0YeUSO",
"date":"2012-08-05 10:32:36"
},
{
"kids":[],
"uid":"208383332",
"parent":"",
"text":"",
"mid":"yvJ0QyWYs",
"date":"2012-08-05 10:32:19"
},
{
"kids":[],
"uid":"1749575264",
"parent":"",
"text":"@依解 真有这回事儿？",
"mid":"yvJ0LeN6g",
"date":"2012-08-05 10:32:06"
},
{
"kids":[],
"uid":"2573998754",
"parent":"",
"text":"泰国毒纹蛊，惊现人间",
"mid":"yvJ0zaddp",
"date":"2012-08-05 10:31:37"
},
{
"kids":[],
"uid":"521945642",
"parent":"",
"text":"",
"mid":"yvJ0niCgB",
"date":"2012-08-05 10:31:09"
},
{
"kids":[
"yvJotkPtB"
],
"uid":"2664851785",
"parent":"",
"text":"",
"mid":"yvJ06sUJ4",
"date":"2012-08-05 10:30:29"
},
{
"kids":[],
"uid":"1975920301",
"parent":"",
"text":"……老奶奶挺慈祥哒",
"mid":"yvJ01qwA6",
"date":"2012-08-05 10:30:17"
},
{
"kids":[
"yvN46Bmg3"
],
"uid":"2705795514",
"parent":"",
"text":"老恐怖饿",
"mid":"yvIZYdKAz",
"date":"2012-08-05 10:30:09"
},
{
"kids":[],
"uid":"2130445584",
"parent":"",
"text":"十分和蔼可亲~！",
"mid":"yvIZFiTQq",
"date":"2012-08-05 10:29:24"
},
{
"kids":[],
"uid":"1834890690",
"parent":"",
"text":"[衰]",
"mid":"yvIZ72awj",
"date":"2012-08-05 10:28:02"
},
{
"kids":[],
"uid":"2659314563",
"parent":"",
"text":"",
"mid":"yvIYO7fSZ",
"date":"2012-08-05 10:27:15"
},
{
"kids":[],
"uid":"1780367284",
"parent":"",
"text":"[衰]怕怕",
"mid":"yvIYJ6ZN4",
"date":"2012-08-05 10:27:05"
},
{
"kids":[],
"uid":"1614823910",
"parent":"yvI5Fv4M8",
"text":"[吃惊]有吓到[生病]",
"mid":"yvIYi9oRR",
"date":"2012-08-05 10:26:01"
},
{
"kids":[],
"uid":"zhangxuanle",
"parent":"",
"text":"@二娃上街去赶场 快点来试！",
"mid":"yvIXBBflc",
"date":"2012-08-05 10:24:20"
},
{
"kids":[],
"uid":"1843161207",
"parent":"",
"text":"转发微博。",
"mid":"yvIUDwuFU",
"date":"2012-08-05 10:17:01"
},
{
"kids":[],
"uid":"1490152920",
"parent":"",
"text":"",
"mid":"yvIQaDid8",
"date":"2012-08-05 10:06:01"
},
{
"kids":[],
"uid":"2835150902",
"parent":"",
"text":"我该试试吗？",
"mid":"yvIOkjxqv",
"date":"2012-08-05 10:01:28"
},
{
"kids":[],
"uid":"2331687395",
"parent":"",
"text":"转发微博。",
"mid":"yvILV4dI0",
"date":"2012-08-05 09:55:32"
},
{
"kids":[],
"uid":"1900329943",
"parent":"",
"text":"",
"mid":"yvIGoCSf0",
"date":"2012-08-05 09:41:56"
},
{
"kids":[],
"uid":"2409160680",
"parent":"",
"text":"",
"mid":"yvIEAlbCd",
"date":"2012-08-05 09:37:28"
},
{
"kids":[],
"uid":"2735363172",
"parent":"",
"text":"，没感觉",
"mid":"yvIE6bljH",
"date":"2012-08-05 09:36:15"
},
{
"kids":[],
"uid":"1984101875",
"parent":"",
"text":"[衰]",
"mid":"yvIC2ecQo",
"date":"2012-08-05 09:31:11"
},
{
"kids":[],
"uid":"1882265955",
"parent":"",
"text":"不敢款",
"mid":"yvIuAEUXf",
"date":"2012-08-05 09:12:51"
},
{
"kids":[],
"uid":"1943255447",
"parent":"",
"text":"",
"mid":"yvIss2Gop",
"date":"2012-08-05 09:07:34"
},
{
"kids":[
"yw35w7bGo"
],
"uid":"galan716",
"parent":"yvIntvgkR",
"text":"[衰]",
"mid":"yvIonFqDe",
"date":"2012-08-05 08:57:32"
},
{
"kids":[
"yvIonFqDe"
],
"uid":"2106776375",
"parent":"",
"text":"",
"mid":"yvIntvgkR",
"date":"2012-08-05 08:55:18"
},
{
"kids":[],
"uid":"1728612612",
"parent":"",
"text":"没敢看..:",
"mid":"yvIkBAzwC",
"date":"2012-08-05 08:48:16"
},
{
"kids":[],
"uid":"booxin0727",
"parent":"",
"text":"哎，哎……",
"mid":"yvIkzdN46",
"date":"2012-08-05 08:48:09"
},
{
"kids":[],
"uid":"aitmsheishei",
"parent":"",
"text":"",
"mid":"yvIkwzaLD",
"date":"2012-08-05 08:48:03"
},
{
"kids":[],
"uid":"1264224712",
"parent":"",
"text":"",
"mid":"yvIjexsyI",
"date":"2012-08-05 08:44:52"
},
{
"kids":[],
"uid":"208471999",
"parent":"",
"text":"[汗]",
"mid":"yvIfuyUZ1",
"date":"2012-08-05 08:35:40"
},
{
"kids":[],
"uid":"2772890331",
"parent":"",
"text":"",
"mid":"yvI84uQ1h",
"date":"2012-08-05 08:17:21"
},
{
"kids":[],
"uid":"523407886",
"parent":"",
"text":"",
"mid":"yvI83BB6w",
"date":"2012-08-05 08:17:19"
},
{
"kids":[],
"uid":"2772890331",
"parent":"",
"text":"好恐怖啊!快收藏",
"mid":"yvI7V2vKW",
"date":"2012-08-05 08:16:59"
},
{
"kids":[],
"uid":"huyuewen8811",
"parent":"",
"text":"试试看吧!",
"mid":"yvI6awHnX",
"date":"2012-08-05 08:12:41"
},
{
"kids":[
"yvIYi9oRR"
],
"uid":"1646226817",
"parent":"",
"text":"",
"mid":"yvI5Fv4M8",
"date":"2012-08-05 08:11:27"
},
{
"kids":[],
"uid":"2531589923",
"parent":"",
"text":"转发微博…请勿尝试…后果自负",
"mid":"yvHZhBgCd",
"date":"2012-08-05 07:55:43"
},
{
"kids":[],
"uid":"joyancn",
"parent":"",
"text":"",
"mid":"yvHXvFBPD",
"date":"2012-08-05 07:51:20"
},
{
"kids":[],
"uid":"2069197421",
"parent":"",
"text":"",
"mid":"yvHWrt659",
"date":"2012-08-05 07:48:42"
},
{
"kids":[],
"uid":"2017036860",
"parent":"",
"text":"+1",
"mid":"yvHU89v9g",
"date":"2012-08-05 07:43:00"
},
{
"kids":[],
"uid":"tianchengge",
"parent":"",
"text":"操,真的有不舒服的感觉!非常强烈!操,太神奇了",
"mid":"yvHTi93IP",
"date":"2012-08-05 07:40:57"
},
{
"kids":[],
"uid":"2707375985",
"parent":"",
"text":"",
"mid":"yvHQbbuqm",
"date":"2012-08-05 07:33:17"
},
{
"kids":[],
"uid":"2307147933",
"parent":"",
"text":"吓死我了",
"mid":"yvHP95EMR",
"date":"2012-08-05 07:30:44"
},
{
"kids":[],
"uid":"1874189742",
"parent":"",
"text":"转发微博。",
"mid":"yvHMoiyW7",
"date":"2012-08-05 07:23:56"
},
{
"kids":[],
"uid":"ice712",
"parent":"",
"text":"没感觉……",
"mid":"yvHMmuVwA",
"date":"2012-08-05 07:23:54"
},
{
"kids":[],
"uid":"fengyafei",
"parent":"",
"text":"怕怕",
"mid":"yvHLAjZX9",
"date":"2012-08-05 07:21:57"
},
{
"kids":[],
"uid":"queenscheisse",
"parent":"",
"text":"看了你就知道了",
"mid":"yvHLvjNBW",
"date":"2012-08-05 07:21:46"
},
{
"kids":[
"yvJkavfqd"
],
"uid":"sunsoso",
"parent":"",
"text":"",
"mid":"yvHJHCOO0",
"date":"2012-08-05 07:17:20"
},
{
"kids":[],
"uid":"31319735",
"parent":"",
"text":"[衰]誰敢看？？",
"mid":"yvHJvfhkB",
"date":"2012-08-05 07:16:50"
},
{
"kids":[],
"uid":"527890959",
"parent":"",
"text":"切…一点感觉都没有  你们没发现眼睛上P了个小白圈？",
"mid":"yvHJg7Z3E",
"date":"2012-08-05 07:16:14"
},
{
"kids":[],
"uid":"lilverna",
"parent":"",
"text":"",
"mid":"yvHIHyt5V",
"date":"2012-08-05 07:14:51"
}
]