[
{
"kids":[],
"uid":"3508585623",
"parent":"",
"text":"",
"mid":"Ani567QbM",
"date":"2013-12-14 20:44:47"
},
{
"kids":[],
"uid":"gonghuawei",
"parent":"",
"text":"",
"mid":"AkHzjCY0y",
"date":"2013-11-27 20:07:00"
},
{
"kids":[],
"uid":"uc33368708",
"parent":"",
"text":"",
"mid":"Ae7njvs2D",
"date":"2013-10-15 12:56:43"
},
{
"kids":[],
"uid":"3545376851",
"parent":"",
"text":"",
"mid":"AamMmd5Bu",
"date":"2013-09-20 20:48:24"
},
{
"kids":[],
"uid":"1837597450",
"parent":"",
"text":"",
"mid":"A8RMXeSsI",
"date":"2013-09-11 00:04:25"
},
{
"kids":[],
"uid":"3735824707",
"parent":"A08h04CeX",
"text":"",
"mid":"A6rbntDGf",
"date":"2013-08-26 00:39:47"
},
{
"kids":[],
"uid":"2920163422",
"parent":"A4RmrqfvO",
"text":"",
"mid":"A5i72oh8s",
"date":"2013-08-18 11:44:04"
},
{
"kids":[],
"uid":"1581657914",
"parent":"A4RmrqfvO",
"text":"",
"mid":"A5i4XA1te",
"date":"2013-08-18 11:39:00"
},
{
"kids":[
"A5i72oh8s",
"A5i4XA1te"
],
"uid":"2297963254",
"parent":"",
"text":"",
"mid":"A4RmrqfvO",
"date":"2013-08-15 15:37:52"
},
{
"kids":[],
"uid":"234833679",
"parent":"",
"text":"",
"mid":"A4C29y10m",
"date":"2013-08-14 00:36:40"
},
{
"kids":[],
"uid":"2704934007",
"parent":"",
"text":"谁都不会拿自己的生命开玩笑的。",
"mid":"A3QCNzLZD",
"date":"2013-08-08 23:55:05"
},
{
"kids":[],
"uid":"2343553327",
"parent":"",
"text":"",
"mid":"A2me6rVTL",
"date":"2013-07-30 04:41:35"
},
{
"kids":[],
"uid":"1592929765",
"parent":"",
"text":"",
"mid":"A1DdVm2lj",
"date":"2013-07-25 10:07:32"
},
{
"kids":[],
"uid":"2824307105",
"parent":"A1ucq7lgd",
"text":"弱弱的问～不实在哪里？",
"mid":"A1z8dt2Zw",
"date":"2013-07-24 23:42:29"
},
{
"kids":[
"A1z8dt2Zw"
],
"uid":"3551264725",
"parent":"zFFwkjxlY",
"text":"",
"mid":"A1ucq7lgd",
"date":"2013-07-24 11:09:05"
},
{
"kids":[],
"uid":"3232959252",
"parent":"A1s9KdMDa",
"text":"",
"mid":"A1szP8nHV",
"date":"2013-07-24 07:01:16"
},
{
"kids":[
"A1szP8nHV"
],
"uid":"579534949",
"parent":"zFQHnAgl7",
"text":"@",
"mid":"A1s9KdMDa",
"date":"2013-07-24 05:57:01"
},
{
"kids":[],
"uid":"526782558",
"parent":"zFFwkjxlY",
"text":"",
"mid":"A10fHsEz1",
"date":"2013-07-21 06:54:47"
},
{
"kids":[],
"uid":"1642326347",
"parent":"zFFwkjxlY",
"text":"",
"mid":"A0W0KjQnS",
"date":"2013-07-20 20:06:57"
},
{
"kids":[],
"uid":"511577896",
"parent":"zFFwkjxlY",
"text":"",
"mid":"A0twAlHr1",
"date":"2013-07-17 19:35:43"
},
{
"kids":[],
"uid":"2172558852",
"parent":"",
"text":"",
"mid":"A0pRV2BMt",
"date":"2013-07-17 10:17:18"
},
{
"kids":[],
"uid":"3170039583",
"parent":"zFFwkjxlY",
"text":"",
"mid":"A0kY9guwn",
"date":"2013-07-16 21:48:55"
},
{
"kids":[],
"uid":"3230753334",
"parent":"zFFwkjxlY",
"text":"说的好，就是敛财。谁给了政腐这个权力？",
"mid":"A0jd15lJN",
"date":"2013-07-16 17:20:02"
},
{
"kids":[],
"uid":"3245883617",
"parent":"A09k6cRN4",
"text":"",
"mid":"A0ciAoKk1",
"date":"2013-07-15 23:44:33"
},
{
"kids":[],
"uid":"2034148980",
"parent":"A09k6cRN4",
"text":"",
"mid":"A09NiF8EK",
"date":"2013-07-15 17:21:59"
},
{
"kids":[],
"uid":"2900291287",
"parent":"A09k6cRN4",
"text":"",
"mid":"A09IB1ZoQ",
"date":"2013-07-15 17:10:22"
},
{
"kids":[],
"uid":"2686402147",
"parent":"A09AABvj8",
"text":"回复@Walter欧:也不用交路桥年费，车船税？",
"mid":"A09CStpO2",
"date":"2013-07-15 16:56:18"
},
{
"kids":[
"A09CStpO2"
],
"uid":"2686402147",
"parent":"A09k6cRN4",
"text":"转！[淚][淚]@Walter欧 加国要年检吗？",
"mid":"A09AABvj8",
"date":"2013-07-15 16:50:41"
},
{
"kids":[],
"uid":"xunshuruilawyer",
"parent":"A09k6cRN4",
"text":"",
"mid":"A09yWDv37",
"date":"2013-07-15 16:46:37"
},
{
"kids":[],
"uid":"3196761297",
"parent":"A09k6cRN4",
"text":"",
"mid":"A09vKFMeS",
"date":"2013-07-15 16:38:45"
},
{
"kids":[],
"uid":"renzhengbing",
"parent":"A09k6cRN4",
"text":"",
"mid":"A09liCQMY",
"date":"2013-07-15 16:13:00"
},
{
"kids":[],
"uid":"1193256720",
"parent":"A09k6cRN4",
"text":"",
"mid":"A09kWdOS4",
"date":"2013-07-15 16:12:06"
},
{
"kids":[
"A0ciAoKk1",
"A09NiF8EK",
"A09IB1ZoQ",
"A09CStpO2",
"A09AABvj8",
"A09yWDv37",
"A09vKFMeS",
"A09liCQMY",
"A09kWdOS4"
],
"uid":"316983888",
"parent":"A09itqpLi",
"text":"行业自治是阳光司法的制度保障。",
"mid":"A09k6cRN4",
"date":"2013-07-15 16:10:02"
},
{
"kids":[
"A0ciAoKk1",
"A09NiF8EK",
"A09IB1ZoQ",
"A09CStpO2",
"A09AABvj8",
"A09yWDv37",
"A09vKFMeS",
"A09liCQMY",
"A09kWdOS4",
"A09k6cRN4"
],
"uid":"2031919465",
"parent":"A085AnEZO",
"text":"",
"mid":"A09itqpLi",
"date":"2013-07-15 16:06:02"
},
{
"kids":[],
"uid":"1432299924",
"parent":"A08yfuyYL",
"text":"1，德国高速路不限速。2，德国汽车不年检。按这个节奏德国人早该死绝了啊。",
"mid":"A08HSlMe8",
"date":"2013-07-15 14:35:50"
},
{
"kids":[],
"uid":"2039803331",
"parent":"A08dED5eO",
"text":"赞同！",
"mid":"A08yt4mvL",
"date":"2013-07-15 14:12:39"
},
{
"kids":[
"A08HSlMe8"
],
"uid":"lionsdawn",
"parent":"A082Awj6n",
"text":"直接上新闻，你看检不检：当地法律规定，购车满三年以后，必须由德国技术监督协会对其进行检查，之后每两年该车必须到TÜV进行一次检查http:",
"mid":"A08yfuyYL",
"date":"2013-07-15 14:12:07"
},
{
"kids":[],
"uid":"1750471351",
"parent":"A08dED5eO",
"text":"",
"mid":"A08nexFsj",
"date":"2013-07-15 13:45:01"
},
{
"kids":[],
"uid":"2990206883",
"parent":"A0812uryG",
"text":"",
"mid":"A08iIbLdU",
"date":"2013-07-15 13:33:51"
},
{
"kids":[
"A6rbntDGf"
],
"uid":"tangmei8921",
"parent":"",
"text":"",
"mid":"A08h04CeX",
"date":"2013-07-15 13:29:38"
},
{
"kids":[],
"uid":"1419918615",
"parent":"A08dED5eO",
"text":"当年，亚历山大大帝东征，在巴基斯坦和阿富汗一带设立两座据点，后来成为两座城市，一个城市的总督看啥行当赚钱都插手，最后所有赚钱买卖都被他拿了去；另一座城市的总督则不痛，啥赚钱他都鼓励别人去做，他只收税。后来的结局不用说了，前一座城市湮灭在黄沙里；后一座城市现在叫拉合尔。有启示没？",
"mid":"A08g8AUCH",
"date":"2013-07-15 13:27:31"
},
{
"kids":[],
"uid":"2787961541",
"parent":"",
"text":"呵呵",
"mid":"A08fOdzRX",
"date":"2013-07-15 13:26:42"
},
{
"kids":[],
"uid":"2191800520",
"parent":"A08dED5eO",
"text":"",
"mid":"A08falbmA",
"date":"2013-07-15 13:25:07"
},
{
"kids":[],
"uid":"lawyerzhai",
"parent":"A08dED5eO",
"text":"",
"mid":"A08f3fh7t",
"date":"2013-07-15 13:24:50"
},
{
"kids":[],
"uid":"1959731925",
"parent":"A07ZZcRZF",
"text":"",
"mid":"A08e2zWjd",
"date":"2013-07-15 13:22:22"
},
{
"kids":[
"A08yt4mvL",
"A08nexFsj",
"A08g8AUCH",
"A08falbmA",
"A08f3fh7t"
],
"uid":"316983888",
"parent":"A08cY7Rc9",
"text":"我随@徐灿律师 一同去的，实际情况就是这样。",
"mid":"A08dED5eO",
"date":"2013-07-15 13:21:24"
},
{
"kids":[
"A08yt4mvL",
"A08nexFsj",
"A08g8AUCH",
"A08falbmA",
"A08f3fh7t",
"A08dED5eO"
],
"uid":"2865962954",
"parent":"A07ZZcRZF",
"text":"我们年检为了收钱",
"mid":"A08cY7Rc9",
"date":"2013-07-15 13:19:43"
},
{
"kids":[],
"uid":"3101565783",
"parent":"A0812uryG",
"text":"",
"mid":"A08aSD7m3",
"date":"2013-07-15 13:14:34"
},
{
"kids":[],
"uid":"2212716385",
"parent":"A081z096G",
"text":"",
"mid":"A088BpWYz",
"date":"2013-07-15 13:08:58"
},
{
"kids":[],
"uid":"tuyu51",
"parent":"A0852pBLn",
"text":"",
"mid":"A087ndsdl",
"date":"2013-07-15 13:05:54"
},
{
"kids":[],
"uid":"1701470115",
"parent":"A0812uryG",
"text":"",
"mid":"A086DEd27",
"date":"2013-07-15 13:04:07"
},
{
"kids":[
"A0ciAoKk1",
"A09NiF8EK",
"A09IB1ZoQ",
"A09CStpO2",
"A09AABvj8",
"A09yWDv37",
"A09vKFMeS",
"A09liCQMY",
"A09kWdOS4",
"A09k6cRN4",
"A09itqpLi"
],
"uid":"573585577",
"parent":"A081z096G",
"text":"支持行业自治！",
"mid":"A085AnEZO",
"date":"2013-07-15 13:01:32"
},
{
"kids":[
"A087ndsdl"
],
"uid":"1880518760",
"parent":"A0835dLdh",
"text":"权力无节制",
"mid":"A0852pBLn",
"date":"2013-07-15 13:00:11"
},
{
"kids":[
"A087ndsdl",
"A0852pBLn"
],
"uid":"haoyu985",
"parent":"A0812uryG",
"text":"包括主持人的普通话证书。我天天用，好像五年就过期，要重考。说白了再花钱。",
"mid":"A0835dLdh",
"date":"2013-07-15 12:55:22"
},
{
"kids":[
"A08HSlMe8",
"A08yfuyYL"
],
"uid":"207127333",
"parent":"A0812uryG",
"text":"何止不年检，德国政府每年都会发公民汽车的好不好。",
"mid":"A082Awj6n",
"date":"2013-07-15 12:54:08"
},
{
"kids":[],
"uid":"2072524845",
"parent":"A07ZZcRZF",
"text":"管理就是收费",
"mid":"A082sfVzO",
"date":"2013-07-15 12:53:49"
},
{
"kids":[],
"uid":"2793013090",
"parent":"A0812uryG",
"text":"[给力]",
"mid":"A082afmie",
"date":"2013-07-15 12:53:05"
},
{
"kids":[
"A0ciAoKk1",
"A09NiF8EK",
"A09IB1ZoQ",
"A09CStpO2",
"A09AABvj8",
"A09yWDv37",
"A09vKFMeS",
"A09liCQMY",
"A09kWdOS4",
"A09k6cRN4",
"A09itqpLi",
"A088BpWYz",
"A085AnEZO"
],
"uid":"2606584085",
"parent":"A07Zc8mKY",
"text":"",
"mid":"A081z096G",
"date":"2013-07-15 12:51:36"
},
{
"kids":[
"A08HSlMe8",
"A08yfuyYL",
"A08iIbLdU",
"A08aSD7m3",
"A087ndsdl",
"A086DEd27",
"A0852pBLn",
"A0835dLdh",
"A082Awj6n",
"A082afmie"
],
"uid":"1971746253",
"parent":"A07ZZcRZF",
"text":"",
"mid":"A0812uryG",
"date":"2013-07-15 12:50:19"
},
{
"kids":[
"A08HSlMe8",
"A08yt4mvL",
"A08yfuyYL",
"A08nexFsj",
"A08iIbLdU",
"A08g8AUCH",
"A08falbmA",
"A08f3fh7t",
"A08e2zWjd",
"A08dED5eO",
"A08cY7Rc9",
"A08aSD7m3",
"A087ndsdl",
"A086DEd27",
"A0852pBLn",
"A0835dLdh",
"A082Awj6n",
"A082sfVzO",
"A082afmie",
"A0812uryG"
],
"uid":"wangpeng148",
"parent":"A07Zc8mKY",
"text":"我们年检为了收钱",
"mid":"A07ZZcRZF",
"date":"2013-07-15 12:47:44"
},
{
"kids":[
"A0ciAoKk1",
"A09NiF8EK",
"A09IB1ZoQ",
"A09CStpO2",
"A09AABvj8",
"A09yWDv37",
"A09vKFMeS",
"A09liCQMY",
"A09kWdOS4",
"A09k6cRN4",
"A09itqpLi",
"A08HSlMe8",
"A08yt4mvL",
"A08yfuyYL",
"A08nexFsj",
"A08iIbLdU",
"A08g8AUCH",
"A08falbmA",
"A08f3fh7t",
"A08e2zWjd",
"A08dED5eO",
"A08cY7Rc9",
"A08aSD7m3",
"A088BpWYz",
"A087ndsdl",
"A086DEd27",
"A085AnEZO",
"A0852pBLn",
"A0835dLdh",
"A082Awj6n",
"A082sfVzO",
"A082afmie",
"A081z096G",
"A0812uryG",
"A07ZZcRZF"
],
"uid":"1679031031",
"parent":"",
"text":"国外不年检的不光有公司和私家车，还有律师执业证，据我今年访问荷兰、波兰这两国核实的情况就是这样，人家司法官员说：律师若违纪违法，自有律师协会予以惩处，若不违纪违法，何需每年年检让有关部门和律师不胜其烦哩？！@草原狼世界 @吴革律师 @王鹏律师 @迟夙生律师",
"mid":"A07Zc8mKY",
"date":"2013-07-15 12:45:47"
},
{
"kids":[],
"uid":"3305258192",
"parent":"",
"text":"",
"mid":"A06hOdTyC",
"date":"2013-07-15 08:26:08"
},
{
"kids":[],
"uid":"208345112",
"parent":"",
"text":"",
"mid":"A06exw7Gq",
"date":"2013-07-15 08:18:05"
},
{
"kids":[],
"uid":"3025733150",
"parent":"",
"text":"一切向钱看！",
"mid":"A02yvn2pC",
"date":"2013-07-14 22:56:18"
},
{
"kids":[],
"uid":"2012948085",
"parent":"",
"text":"中国越来越丑陋",
"mid":"A02fZmxSc",
"date":"2013-07-14 22:10:41"
},
{
"kids":[],
"uid":"512360468",
"parent":"",
"text":"哎[泪]在天朝开车真心不容易",
"mid":"zFVM42vYF",
"date":"2013-07-14 12:08:55"
},
{
"kids":[],
"uid":"2512185313",
"parent":"zFFwkjxlY",
"text":"",
"mid":"zFVIkkH5c",
"date":"2013-07-14 11:59:43"
},
{
"kids":[],
"uid":"hihuhaibo",
"parent":"",
"text":"",
"mid":"zFTBv5kXr",
"date":"2013-07-14 06:37:25"
},
{
"kids":[],
"uid":"2268316001",
"parent":"zFFwkjxlY",
"text":"",
"mid":"zFQQzwEk7",
"date":"2013-07-13 23:36:19"
},
{
"kids":[
"A1szP8nHV",
"A1s9KdMDa"
],
"uid":"579534949",
"parent":"",
"text":"@",
"mid":"zFQHnAgl7",
"date":"2013-07-13 23:13:41"
},
{
"kids":[],
"uid":"3168745957",
"parent":"zFFXXwFws",
"text":"",
"mid":"zFQfnyHJF",
"date":"2013-07-13 22:04:42"
},
{
"kids":[],
"uid":"1845513270",
"parent":"zFFwkjxlY",
"text":"",
"mid":"zFPsH4SGF",
"date":"2013-07-13 20:04:44"
},
{
"kids":[],
"uid":"heibaicat",
"parent":"zFFwkjxlY",
"text":"",
"mid":"zFO73wrpY",
"date":"2013-07-13 16:38:39"
},
{
"kids":[],
"uid":"2231957924",
"parent":"",
"text":"",
"mid":"zFMWmlvBh",
"date":"2013-07-13 13:39:35"
},
{
"kids":[],
"uid":"3193419310",
"parent":"zFFwkjxlY",
"text":"",
"mid":"zFLHMFyDA",
"date":"2013-07-13 10:30:55"
},
{
"kids":[],
"uid":"1044788637",
"parent":"zFG03ibW0",
"text":"+1",
"mid":"zFLw8chxJ",
"date":"2013-07-13 10:02:12"
},
{
"kids":[],
"uid":"1044788637",
"parent":"zFG1YEDql",
"text":"+1",
"mid":"zFLvJEltZ",
"date":"2013-07-13 10:01:14"
},
{
"kids":[],
"uid":"2869761734",
"parent":"zFFwkjxlY",
"text":"",
"mid":"zFLjAs2z5",
"date":"2013-07-13 09:31:18"
},
{
"kids":[],
"uid":"1885517572",
"parent":"zFFwkjxlY",
"text":"",
"mid":"zFLfqxFVa",
"date":"2013-07-13 09:21:04"
},
{
"kids":[],
"uid":"1408347257",
"parent":"zFFwkjxlY",
"text":"",
"mid":"zFL8IcGnH",
"date":"2013-07-13 09:04:31"
},
{
"kids":[],
"uid":"1134964323",
"parent":"zFFwkjxlY",
"text":"",
"mid":"zFL8t61X9",
"date":"2013-07-13 09:03:54"
},
{
"kids":[],
"uid":"1862419151",
"parent":"zFFwkjxlY",
"text":"",
"mid":"zFL3j51gu",
"date":"2013-07-13 08:51:12"
},
{
"kids":[],
"uid":"3023127041",
"parent":"zFFwkjxlY",
"text":"",
"mid":"zFKCqvEcA",
"date":"2013-07-13 07:44:59"
},
{
"kids":[],
"uid":"2609228857",
"parent":"",
"text":"",
"mid":"zFKrPk1pf",
"date":"2013-07-13 07:18:51"
},
{
"kids":[],
"uid":"1060978274",
"parent":"zFFwkjxlY",
"text":"心中想着人民利益……怎么到自己的袋袋？",
"mid":"zFKdS9Ojg",
"date":"2013-07-13 06:44:28"
},
{
"kids":[],
"uid":"2863515514",
"parent":"",
"text":"@李小碧Cecily @000鱼鱼",
"mid":"zFKae6k5T",
"date":"2013-07-13 06:35:30"
},
{
"kids":[],
"uid":"2516617021",
"parent":"",
"text":"有多少年检是借杌敛财",
"mid":"zFK8i7TWm",
"date":"2013-07-13 06:30:44"
},
{
"kids":[],
"uid":"1881538653",
"parent":"",
"text":"",
"mid":"zFJRoB7mB",
"date":"2013-07-13 05:49:07"
},
{
"kids":[],
"uid":"1965567341",
"parent":"zFFwkjxlY",
"text":"差距呀这就是",
"mid":"zFJ4Gnu6V",
"date":"2013-07-13 03:49:06"
},
{
"kids":[],
"uid":"3295808060",
"parent":"",
"text":"",
"mid":"zFIJshHUA",
"date":"2013-07-13 02:56:47"
},
{
"kids":[],
"uid":"2646242485",
"parent":"zFFwkjxlY",
"text":"",
"mid":"zFIeY18wb",
"date":"2013-07-13 01:41:41"
},
{
"kids":[],
"uid":"3166182853",
"parent":"zFFwkjxlY",
"text":"",
"mid":"zFI59xFbS",
"date":"2013-07-13 01:17:31"
},
{
"kids":[],
"uid":"2974168044",
"parent":"zFFwkjxlY",
"text":"对",
"mid":"zFI170U8M",
"date":"2013-07-13 01:07:33"
},
{
"kids":[],
"uid":"xiaodidaqian",
"parent":"zFFwkjxlY",
"text":"",
"mid":"zFHYdDuDW",
"date":"2013-07-13 01:00:26"
},
{
"kids":[],
"uid":"1352529282",
"parent":"zFFwkjxlY",
"text":"",
"mid":"zFHRldpy1",
"date":"2013-07-13 00:43:28"
},
{
"kids":[],
"uid":"2024815500",
"parent":"",
"text":"",
"mid":"zFHQIfFlF",
"date":"2013-07-13 00:41:56"
},
{
"kids":[],
"uid":"3180490282",
"parent":"zFFKbgkMI",
"text":"",
"mid":"zFHQ2yRs3",
"date":"2013-07-13 00:40:16"
},
{
"kids":[],
"uid":"3087152085",
"parent":"zFFwkjxlY",
"text":"",
"mid":"zFHMf4VIX",
"date":"2013-07-13 00:30:53"
},
{
"kids":[],
"uid":"1284896740",
"parent":"zFHuC4xmA",
"text":"",
"mid":"zFHKbF1AZ",
"date":"2013-07-13 00:25:52"
},
{
"kids":[],
"uid":"laolipeixun",
"parent":"",
"text":"对于可收费、有好处的事情，政府总是非常积极非常迈力，相反就很少有人过问。难道权力的本质真的很自私？",
"mid":"zFHGM6RT8",
"date":"2013-07-13 00:17:26"
},
{
"kids":[],
"uid":"chenleicxd",
"parent":"zFFwkjxlY",
"text":"",
"mid":"zFHG2CrIZ",
"date":"2013-07-13 00:15:36"
},
{
"kids":[],
"uid":"1841879763",
"parent":"zFFJQz0J3",
"text":"",
"mid":"zFHCYjZtY",
"date":"2013-07-13 00:08:05"
},
{
"kids":[],
"uid":"2726840660",
"parent":"zFFwkjxlY",
"text":"",
"mid":"zFHB5k72d",
"date":"2013-07-13 00:03:26"
},
{
"kids":[
"zFHKbF1AZ"
],
"uid":"1254633595",
"parent":"zFFwkjxlY",
"text":"",
"mid":"zFHuC4xmA",
"date":"2013-07-12 23:47:25"
},
{
"kids":[],
"uid":"2504384601",
"parent":"zFFwkjxlY",
"text":"可以年检政府吗？",
"mid":"zFHtvrgbV",
"date":"2013-07-12 23:44:46"
},
{
"kids":[],
"uid":"3293712482",
"parent":"zFFwkjxlY",
"text":"[赞]",
"mid":"zFHtkxhDl",
"date":"2013-07-12 23:44:20"
},
{
"kids":[],
"uid":"2477438150",
"parent":"zFFwkjxlY",
"text":"",
"mid":"zFHtgoBnm",
"date":"2013-07-12 23:44:10"
},
{
"kids":[],
"uid":"1049388631",
"parent":"zFFwkjxlY",
"text":"",
"mid":"zFHtaeIYF",
"date":"2013-07-12 23:43:53"
},
{
"kids":[],
"uid":"2793085591",
"parent":"zFFwkjxlY",
"text":"",
"mid":"zFHsR1lFt",
"date":"2013-07-12 23:43:08"
},
{
"kids":[],
"uid":"3386692114",
"parent":"zFFwkjxlY",
"text":"",
"mid":"zFHrZc9gM",
"date":"2013-07-12 23:41:01"
},
{
"kids":[],
"uid":"1427590225",
"parent":"zFFwkjxlY",
"text":"以太阳的名义黑暗在公开掠夺 [弱]",
"mid":"zFHqYzsvb",
"date":"2013-07-12 23:38:33"
},
{
"kids":[],
"uid":"1623455945",
"parent":"zFFwkjxlY",
"text":"",
"mid":"zFHqDApr2",
"date":"2013-07-12 23:37:40"
},
{
"kids":[],
"uid":"1819033703",
"parent":"zFFwkjxlY",
"text":"",
"mid":"zFHqrcxQq",
"date":"2013-07-12 23:37:09"
},
{
"kids":[],
"uid":"3541500340",
"parent":"zFFwkjxlY",
"text":"",
"mid":"zFHpP67EF",
"date":"2013-07-12 23:35:39"
},
{
"kids":[],
"uid":"sinying88",
"parent":"zFFwkjxlY",
"text":"",
"mid":"zFHpvhVaj",
"date":"2013-07-12 23:34:54"
},
{
"kids":[],
"uid":"lulusa0903",
"parent":"zFFZ2iTfb",
"text":"",
"mid":"zFHpp4UB8",
"date":"2013-07-12 23:34:36"
},
{
"kids":[],
"uid":"2343121392",
"parent":"zFFwkjxlY",
"text":"",
"mid":"zFHpeooEz",
"date":"2013-07-12 23:34:10"
},
{
"kids":[],
"uid":"1962136701",
"parent":"zFFwkjxlY",
"text":"",
"mid":"zFHpaiatU",
"date":"2013-07-12 23:34:02"
},
{
"kids":[],
"uid":"2341520301",
"parent":"zFFwkjxlY",
"text":"",
"mid":"zFHp980ML",
"date":"2013-07-12 23:33:59"
},
{
"kids":[],
"uid":"2455353627",
"parent":"zFFwkjxlY",
"text":"",
"mid":"zFHoChCg6",
"date":"2013-07-12 23:32:42"
},
{
"kids":[],
"uid":"3062287903",
"parent":"zFFwkjxlY",
"text":"以对人民负责的名义敛财",
"mid":"zFHolaqfh",
"date":"2013-07-12 23:32:02"
},
{
"kids":[],
"uid":"1619484902",
"parent":"zFFwkjxlY",
"text":"[good]",
"mid":"zFH9I29o2",
"date":"2013-07-12 22:55:55"
},
{
"kids":[],
"uid":"1115838521",
"parent":"",
"text":"[泪]",
"mid":"zFH8vvGla",
"date":"2013-07-12 22:53:01"
},
{
"kids":[],
"uid":"1913361971",
"parent":"zFFwkjxlY",
"text":"中国的汽车质量不行！",
"mid":"zFH68pioM",
"date":"2013-07-12 22:47:11"
},
{
"kids":[],
"uid":"3226667752",
"parent":"zFFwkjxlY",
"text":"",
"mid":"zFH4mbZHO",
"date":"2013-07-12 22:42:48"
},
{
"kids":[],
"uid":"2554508347",
"parent":"zFFwkjxlY",
"text":"年检意义何在？",
"mid":"zFH3YfzHR",
"date":"2013-07-12 22:41:51"
},
{
"kids":[],
"uid":"1428225210",
"parent":"zFFwkjxlY",
"text":"中国卡王梁禹: 有网友尖锐地指出：“在德国，汽车、公司都无需年检。我问德谁给了政府这个权力？如果政府对年检感兴趣，说明这种事对它有好处。”直戳要害啊！转",
"mid":"zFH2m26hI",
"date":"2013-07-12 22:37:52"
},
{
"kids":[],
"uid":"2135261060",
"parent":"",
"text":"",
"mid":"zFH0vEOOV",
"date":"2013-07-12 22:33:20"
},
{
"kids":[],
"uid":"3396366232",
"parent":"zFFwkjxlY",
"text":"",
"mid":"zFGViakZK",
"date":"2013-07-12 22:20:28"
},
{
"kids":[],
"uid":"2162472880",
"parent":"",
"text":"最起码我知道，美国要年检尾气的，那些smog test店多设在加油站旁。我在玩谷歌地图时，就看到加州有一间，经纬度37.584654,-122.366597。实景证明，有国家也要检车的。[酷]",
"mid":"zFGRJr5bx",
"date":"2013-07-12 22:11:40"
},
{
"kids":[],
"uid":"1980371031",
"parent":"",
"text":"",
"mid":"zFGKjimhw",
"date":"2013-07-12 21:53:22"
},
{
"kids":[],
"uid":"1130859947",
"parent":"zFFwkjxlY",
"text":"",
"mid":"zFGHLgZpU",
"date":"2013-07-12 21:47:06"
},
{
"kids":[],
"uid":"2113401273",
"parent":"",
"text":"",
"mid":"zFGDusIIW",
"date":"2013-07-12 21:36:37"
},
{
"kids":[],
"uid":"2080573887",
"parent":"zFFwkjxlY",
"text":"[怒]",
"mid":"zFGB0fufX",
"date":"2013-07-12 21:30:28"
},
{
"kids":[],
"uid":"2962170017",
"parent":"zFFwkjxlY",
"text":"",
"mid":"zFGzj2ZSo",
"date":"2013-07-12 21:26:16"
},
{
"kids":[],
"uid":"liyue7467",
"parent":"zFFXwmhuR",
"text":"",
"mid":"zFGy0n2Gx",
"date":"2013-07-12 21:23:06"
},
{
"kids":[],
"uid":"3547618992",
"parent":"zFFJc62WN",
"text":"",
"mid":"zFGvXyAOL",
"date":"2013-07-12 21:18:03"
},
{
"kids":[],
"uid":"supperwu",
"parent":"zFGoWkkKf",
"text":"中国的悲哀……",
"mid":"zFGuQb38S",
"date":"2013-07-12 21:15:15"
},
{
"kids":[],
"uid":"fqrg167",
"parent":"zFFwkjxlY",
"text":"",
"mid":"zFGufuQ2Z",
"date":"2013-07-12 21:13:51"
},
{
"kids":[],
"uid":"2962170017",
"parent":"zFFwkjxlY",
"text":"",
"mid":"zFGtTmXqT",
"date":"2013-07-12 21:12:56"
},
{
"kids":[],
"uid":"2162472880",
"parent":"zFG1YEDql",
"text":"但美国要检尾气。",
"mid":"zFGskaba4",
"date":"2013-07-12 21:09:03"
},
{
"kids":[],
"uid":"3284222125",
"parent":"zFFwkjxlY",
"text":"",
"mid":"zFGprmuEO",
"date":"2013-07-12 21:02:01"
},
{
"kids":[],
"uid":"huangpeizhi1981",
"parent":"",
"text":"我以为全世界的车都要强制年检，原来又是特色。不知美帝大日他们要不要呢。",
"mid":"zFGp0tSNm",
"date":"2013-07-12 21:00:55"
},
{
"kids":[
"zFGuQb38S"
],
"uid":"1963132781",
"parent":"zFFwkjxlY",
"text":"",
"mid":"zFGoWkkKf",
"date":"2013-07-12 21:00:46"
},
{
"kids":[],
"uid":"323727575",
"parent":"",
"text":"誰給他們的權利？這是指定有利可圖[怒]當年說國名黨三座大山，如今的黨國恐怕有過之無不及吧",
"mid":"zFGo5qmDH",
"date":"2013-07-12 20:58:40"
},
{
"kids":[],
"uid":"3043258545",
"parent":"zFGaMq7MX",
"text":"[嘻嘻]",
"mid":"zFGnMyezX",
"date":"2013-07-12 20:57:55"
},
{
"kids":[],
"uid":"1931511201",
"parent":"",
"text":"大文明果壳第一思想体系鼓吹‘大文明社会执政制度设想（抛砖引玉’呈网尊们审判：1、弘扬执政的社会公德！2、推动文明执政！3、以文明执政为荣…粗暴执政为耻！3、执政以富民为责任…安民为使命！4、执政必须返还生态生存发展空间！5执政要赡养地球母亲！6推动大文明社会发展=合法执政！…总纲您制定",
"mid":"zFGlhn04F",
"date":"2013-07-12 20:51:43"
},
{
"kids":[],
"uid":"1980971293",
"parent":"",
"text":"",
"mid":"zFGiEy4ZF",
"date":"2013-07-12 20:45:16"
},
{
"kids":[],
"uid":"wnq9218806",
"parent":"zFGa00CH3",
"text":"",
"mid":"zFGilDeww",
"date":"2013-07-12 20:44:30"
},
{
"kids":[],
"uid":"2613923264",
"parent":"zFFKbgkMI",
"text":"",
"mid":"zFGhhuJmZ",
"date":"2013-07-12 20:41:53"
},
{
"kids":[],
"uid":"3238840717",
"parent":"",
"text":"",
"mid":"zFGgH8yj2",
"date":"2013-07-12 20:40:28"
},
{
"kids":[],
"uid":"1911815187",
"parent":"zFFwkjxlY",
"text":"",
"mid":"zFGcO0e76",
"date":"2013-07-12 20:30:52"
},
{
"kids":[],
"uid":"3481906507",
"parent":"zFFwkjxlY",
"text":"",
"mid":"zFGbOhBf7",
"date":"2013-07-12 20:28:25"
},
{
"kids":[],
"uid":"3220984371",
"parent":"zFFwkjxlY",
"text":"",
"mid":"zFGbNl2I0",
"date":"2013-07-12 20:28:23"
},
{
"kids":[
"zFGnMyezX"
],
"uid":"1917458285",
"parent":"zFG1Fs9t5",
"text":"",
"mid":"zFGaMq7MX",
"date":"2013-07-12 20:25:54"
},
{
"kids":[],
"uid":"2914413895",
"parent":"zFFwkjxlY",
"text":"万恶的年检，一帮人渣，下三烂靠权力抢劫！不服不行[怒][怒][怒骂][怒骂]",
"mid":"zFGanliJQ",
"date":"2013-07-12 20:24:53"
},
{
"kids":[
"zFGilDeww"
],
"uid":"wangpeng148",
"parent":"zFG03ibW0",
"text":"回复@李清:去那更发现不了",
"mid":"zFGa00CH3",
"date":"2013-07-12 20:23:58"
},
{
"kids":[],
"uid":"2712317893",
"parent":"zFFwkjxlY",
"text":"",
"mid":"zFG92AdFX",
"date":"2013-07-12 20:21:36"
},
{
"kids":[],
"uid":"1190212952",
"parent":"zFFwkjxlY",
"text":"",
"mid":"zFG8Ekko9",
"date":"2013-07-12 20:20:38"
},
{
"kids":[],
"uid":"2096754077",
"parent":"zFFwkjxlY",
"text":"大爱德国，，",
"mid":"zFG8hy9DS",
"date":"2013-07-12 20:19:45"
},
{
"kids":[],
"uid":"1401261311",
"parent":"",
"text":"新政取消了一些行政审批项目，无关百姓痛痒。权力就是金钱和资源，越多越好，放权、还权，会不会。",
"mid":"zFG8e5mTY",
"date":"2013-07-12 20:19:32"
},
{
"kids":[],
"uid":"2693716522",
"parent":"zFFwkjxlY",
"text":"不止汽车一个行业 [愤怒]",
"mid":"zFG7ynTei",
"date":"2013-07-12 20:17:56"
},
{
"kids":[],
"uid":"1893747135",
"parent":"zFFwkjxlY",
"text":"",
"mid":"zFG7j34Up",
"date":"2013-07-12 20:17:19"
},
{
"kids":[],
"uid":"1502524731",
"parent":"zFFwkjxlY",
"text":"",
"mid":"zFG7irr9v",
"date":"2013-07-12 20:17:17"
},
{
"kids":[],
"uid":"will2255",
"parent":"zFFwkjxlY",
"text":"检车标志掉了，政府如何给补[生病]@秦皇岛交警老三 @秦皇岛交警二大队",
"mid":"zFG6yBilr",
"date":"2013-07-12 20:15:29"
},
{
"kids":[],
"uid":"2713813943",
"parent":"zFFwkjxlY",
"text":"",
"mid":"zFG67b5tE",
"date":"2013-07-12 20:14:22"
},
{
"kids":[],
"uid":"uc28489603",
"parent":"",
"text":"楼主在说假话，我问过居住在德国的人，超过六年的车，是2年 年检一次。",
"mid":"zFG5Nkpzx",
"date":"2013-07-12 20:13:36"
},
{
"kids":[],
"uid":"hillwind58",
"parent":"zFG03ibW0",
"text":"居然敢发这种po，利益既得者看到牙根都痒了！怎么能戳穿他们呢",
"mid":"zFG4EaIGR",
"date":"2013-07-12 20:10:45"
},
{
"kids":[],
"uid":"1559020042",
"parent":"zFG03ibW0",
"text":"",
"mid":"zFG2mzZdX",
"date":"2013-07-12 20:05:07"
},
{
"kids":[
"zFLvJEltZ",
"zFGskaba4"
],
"uid":"wangpeng148",
"parent":"zFG03ibW0",
"text":"回复@李清:免费就木必要检了，谁会开问题车上路呢？",
"mid":"zFG1YEDql",
"date":"2013-07-12 20:04:12"
},
{
"kids":[
"zFGnMyezX",
"zFGaMq7MX"
],
"uid":"575555620",
"parent":"zFFXXwFws",
"text":"只有听取大量的不同的声音才能更有利于看清事情的真相。",
"mid":"zFG1Fs9t5",
"date":"2013-07-12 20:03:26"
},
{
"kids":[],
"uid":"1943135597",
"parent":"",
"text":"",
"mid":"zFG1nqw0u",
"date":"2013-07-12 20:02:44"
},
{
"kids":[],
"uid":"hbtsdalooleo",
"parent":"zFFXj6Dha",
"text":"",
"mid":"zFG131AMG",
"date":"2013-07-12 20:01:54"
},
{
"kids":[],
"uid":"2972303837",
"parent":"",
"text":"",
"mid":"zFG0N4S4p",
"date":"2013-07-12 20:01:15"
},
{
"kids":[],
"uid":"1940584475",
"parent":"zFG03ibW0",
"text":"",
"mid":"zFG0xFM8V",
"date":"2013-07-12 20:00:40"
},
{
"kids":[
"zFLw8chxJ",
"zFLvJEltZ",
"zFGskaba4",
"zFGilDeww",
"zFGa00CH3",
"zFG4EaIGR",
"zFG2mzZdX",
"zFG1YEDql",
"zFG0xFM8V"
],
"uid":"wangpeng148",
"parent":"zFFZ2iTfb",
"text":"百姓之苦",
"mid":"zFG03ibW0",
"date":"2013-07-12 19:59:25"
},
{
"kids":[],
"uid":"2075078531",
"parent":"zFFwkjxlY",
"text":"我们的政府要不管全部，那人民币不真的就是人民的了啊！",
"mid":"zFFZLhq1P",
"date":"2013-07-12 19:58:43"
},
{
"kids":[],
"uid":"toumingwei",
"parent":"zFFwkjxlY",
"text":"",
"mid":"zFFZH6FBw",
"date":"2013-07-12 19:58:33"
},
{
"kids":[],
"uid":"cctvjining",
"parent":"zFFXavqYX",
"text":"所有审批都为了利益",
"mid":"zFFZqh1Rp",
"date":"2013-07-12 19:57:54"
},
{
"kids":[
"zFLw8chxJ",
"zFLvJEltZ",
"zFHpp4UB8",
"zFGskaba4",
"zFGilDeww",
"zFGa00CH3",
"zFG4EaIGR",
"zFG2mzZdX",
"zFG1YEDql",
"zFG0xFM8V",
"zFG03ibW0"
],
"uid":"1118189150",
"parent":"zFFVGAMcf",
"text":"这可要断了多少人的财路哟，尤其是政府主管部门的财路！",
"mid":"zFFZ2iTfb",
"date":"2013-07-12 19:56:58"
},
{
"kids":[],
"uid":"2946676403",
"parent":"zFFwkjxlY",
"text":"",
"mid":"zFFYk1DEy",
"date":"2013-07-12 19:55:12"
},
{
"kids":[],
"uid":"2027123693",
"parent":"",
"text":"",
"mid":"zFFY73lRr",
"date":"2013-07-12 19:54:41"
},
{
"kids":[
"zFQfnyHJF",
"zFGnMyezX",
"zFGaMq7MX",
"zFG1Fs9t5"
],
"uid":"234525369",
"parent":"zFFwkjxlY",
"text":"",
"mid":"zFFXXwFws",
"date":"2013-07-12 19:54:18"
},
{
"kids":[
"zFGy0n2Gx"
],
"uid":"2778700907",
"parent":"zFFwkjxlY",
"text":"",
"mid":"zFFXwmhuR",
"date":"2013-07-12 19:53:13"
},
{
"kids":[
"zFG131AMG"
],
"uid":"daikaifeng",
"parent":"zFFwkjxlY",
"text":"年检都检神马东西？",
"mid":"zFFXj6Dha",
"date":"2013-07-12 19:52:41"
},
{
"kids":[
"zFFZqh1Rp"
],
"uid":"1990136073",
"parent":"zFFJThmvu",
"text":"[鼓掌][鼓掌]",
"mid":"zFFXavqYX",
"date":"2013-07-12 19:52:20"
},
{
"kids":[],
"uid":"1025883742",
"parent":"zFFwkjxlY",
"text":"年审者，就是年年揩油",
"mid":"zFFW7eHdj",
"date":"2013-07-12 19:49:45"
},
{
"kids":[],
"uid":"2280418035",
"parent":"zFFwkjxlY",
"text":"",
"mid":"zFFVTC5V6",
"date":"2013-07-12 19:49:13"
},
{
"kids":[
"zFLw8chxJ",
"zFLvJEltZ",
"zFHpp4UB8",
"zFGskaba4",
"zFGilDeww",
"zFGa00CH3",
"zFG4EaIGR",
"zFG2mzZdX",
"zFG1YEDql",
"zFG0xFM8V",
"zFG03ibW0",
"zFFZ2iTfb"
],
"uid":"shuyaoxuan",
"parent":"zFFOFDXxh",
"text":"不年检？那可不成！那得有多少人下岗待业呵！那得少收多少钱呵！",
"mid":"zFFVGAMcf",
"date":"2013-07-12 19:48:42"
},
{
"kids":[],
"uid":"2708814461",
"parent":"zFFwkjxlY",
"text":"",
"mid":"zFFTx4rVL",
"date":"2013-07-12 19:43:22"
},
{
"kids":[],
"uid":"ttglm",
"parent":"",
"text":"中国ZF说，你家的ZF有我富吗，我们相信的是宇宙真理",
"mid":"zFFSlbs9A",
"date":"2013-07-12 19:40:28"
},
{
"kids":[],
"uid":"2960930093",
"parent":"zFFwkjxlY",
"text":"",
"mid":"zFFS0cubT",
"date":"2013-07-12 19:39:34"
},
{
"kids":[],
"uid":"1928051215",
"parent":"",
"text":"真有此事啊！吾辈井底蛙也。",
"mid":"zFFQk9HuL",
"date":"2013-07-12 19:35:28"
},
{
"kids":[],
"uid":"1445324232",
"parent":"zFFOFDXxh",
"text":"",
"mid":"zFFQaosFd",
"date":"2013-07-12 19:35:06"
},
{
"kids":[],
"uid":"ynyo",
"parent":"",
"text":"",
"mid":"zFFQ7rVOZ",
"date":"2013-07-12 19:34:58"
},
{
"kids":[],
"uid":"730120112",
"parent":"zFFwkjxlY",
"text":"恩！",
"mid":"zFFQ3lcTG",
"date":"2013-07-12 19:34:49"
},
{
"kids":[],
"uid":"2058481401",
"parent":"zFFOFDXxh",
"text":"谁给它这个权利？？？",
"mid":"zFFPAnbm2",
"date":"2013-07-12 19:33:40"
},
{
"kids":[
"zFLw8chxJ",
"zFLvJEltZ",
"zFHpp4UB8",
"zFGskaba4",
"zFGilDeww",
"zFGa00CH3",
"zFG4EaIGR",
"zFG2mzZdX",
"zFG1YEDql",
"zFG0xFM8V",
"zFG03ibW0",
"zFFZ2iTfb",
"zFFVGAMcf",
"zFFQaosFd",
"zFFPAnbm2"
],
"uid":"wangpeng148",
"parent":"zFFJThmvu",
"text":"",
"mid":"zFFOFDXxh",
"date":"2013-07-12 19:31:25"
},
{
"kids":[],
"uid":"520boboni",
"parent":"zFFwkjxlY",
"text":"",
"mid":"zFFOvBEPe",
"date":"2013-07-12 19:30:59"
},
{
"kids":[],
"uid":"1309534880",
"parent":"zFFwkjxlY",
"text":"唉，中国梦，宪政梦！",
"mid":"zFFOaAUyf",
"date":"2013-07-12 19:30:11"
},
{
"kids":[],
"uid":"2701494884",
"parent":"zFFwkjxlY",
"text":"",
"mid":"zFFO24HW6",
"date":"2013-07-12 19:29:50"
},
{
"kids":[],
"uid":"2558241537",
"parent":"zFFwkjxlY",
"text":"",
"mid":"zFFNIxEkP",
"date":"2013-07-12 19:29:02"
},
{
"kids":[],
"uid":"1400627245",
"parent":"zFFKbgkMI",
"text":"",
"mid":"zFFNEr6kM",
"date":"2013-07-12 19:28:52"
},
{
"kids":[],
"uid":"3497497391",
"parent":"zFFwkjxlY",
"text":"",
"mid":"zFFNC2Cl0",
"date":"2013-07-12 19:28:47"
},
{
"kids":[],
"uid":"bennyjp",
"parent":"zFFwkjxlY",
"text":"犀利！",
"mid":"zFFNoqNSK",
"date":"2013-07-12 19:28:16"
},
{
"kids":[],
"uid":"haotiangufeng",
"parent":"zFFwkjxlY",
"text":"这真是给人添堵的制度",
"mid":"zFFMCAVvc",
"date":"2013-07-12 19:26:22"
},
{
"kids":[],
"uid":"1347131657",
"parent":"zFFwkjxlY",
"text":"[给力][浮云][神马]司马加盐：年检之事有待商榷！想一想，我们自己的车，干卿底事？不要说是为了我们好，真要如此，免费如何？更何况，听人说没熟人的话说你不过就不过，让你通过才能过！",
"mid":"zFFMsuDUo",
"date":"2013-07-12 19:25:58"
},
{
"kids":[],
"uid":"3028610993",
"parent":"",
"text":"",
"mid":"zFFMdtgkg",
"date":"2013-07-12 19:25:23"
},
{
"kids":[],
"uid":"338361232",
"parent":"zFFKbgkMI",
"text":"",
"mid":"zFFM5rDbF",
"date":"2013-07-12 19:25:01"
},
{
"kids":[],
"uid":"2914065823",
"parent":"",
"text":"",
"mid":"zFFM39if9",
"date":"2013-07-12 19:24:57"
},
{
"kids":[],
"uid":"3189751205",
"parent":"zFFwkjxlY",
"text":"",
"mid":"zFFLZ0C23",
"date":"2013-07-12 19:24:46"
},
{
"kids":[],
"uid":"1608280587",
"parent":"zFFwkjxlY",
"text":"",
"mid":"zFFL3mLkt",
"date":"2013-07-12 19:22:30"
},
{
"kids":[],
"uid":"2629445953",
"parent":"",
"text":"",
"mid":"zFFL1h1NV",
"date":"2013-07-12 19:22:24"
},
{
"kids":[],
"uid":"2110650583",
"parent":"",
"text":"",
"mid":"zFFKnERSk",
"date":"2013-07-12 19:20:51"
},
{
"kids":[],
"uid":"2638758261",
"parent":"zFFwkjxlY",
"text":"",
"mid":"zFFKjwGMA",
"date":"2013-07-12 19:20:41"
},
{
"kids":[
"zFHQ2yRs3",
"zFGhhuJmZ",
"zFFNEr6kM",
"zFFM5rDbF"
],
"uid":"jupengv",
"parent":"zFFwkjxlY",
"text":"",
"mid":"zFFKbgkMI",
"date":"2013-07-12 19:20:21"
},
{
"kids":[],
"uid":"janryshen",
"parent":"zFFwkjxlY",
"text":"",
"mid":"zFFJYga4l",
"date":"2013-07-12 19:19:50"
},
{
"kids":[
"zFLw8chxJ",
"zFLvJEltZ",
"zFHpp4UB8",
"zFGskaba4",
"zFGilDeww",
"zFGa00CH3",
"zFG4EaIGR",
"zFG2mzZdX",
"zFG1YEDql",
"zFG0xFM8V",
"zFG03ibW0",
"zFFZqh1Rp",
"zFFZ2iTfb",
"zFFXavqYX",
"zFFVGAMcf",
"zFFQaosFd",
"zFFPAnbm2",
"zFFOFDXxh"
],
"uid":"wxpx",
"parent":"",
"text":"谁给它这个权利？？？",
"mid":"zFFJThmvu",
"date":"2013-07-12 19:19:38"
},
{
"kids":[],
"uid":"3154233800",
"parent":"zFFwkjxlY",
"text":"",
"mid":"zFFJThmuW",
"date":"2013-07-12 19:19:38"
},
{
"kids":[
"zFHCYjZtY"
],
"uid":"2347475391",
"parent":"",
"text":"",
"mid":"zFFJQz0J3",
"date":"2013-07-12 19:19:30"
},
{
"kids":[],
"uid":"1730603544",
"parent":"zFFwkjxlY",
"text":"",
"mid":"zFFJJbTXT",
"date":"2013-07-12 19:19:14"
},
{
"kids":[],
"uid":"1044613230",
"parent":"",
"text":"",
"mid":"zFFJEs59u",
"date":"2013-07-12 19:19:03"
},
{
"kids":[
"zFGvXyAOL"
],
"uid":"1323624402",
"parent":"zFFwkjxlY",
"text":"",
"mid":"zFFJc62WN",
"date":"2013-07-12 19:17:56"
},
{
"kids":[],
"uid":"2798945795",
"parent":"zFFwkjxlY",
"text":"",
"mid":"zFFIKlHwk",
"date":"2013-07-12 19:16:49"
},
{
"kids":[],
"uid":"1856673957",
"parent":"zFFwkjxlY",
"text":"这种扯淡的谣传 哪里来的 德国汽车不年检 没错 两年一检 不是年检吗",
"mid":"zFFItwqzI",
"date":"2013-07-12 19:16:08"
},
{
"kids":[],
"uid":"qingweilan",
"parent":"",
"text":"露内裤了",
"mid":"zFFHJF7RA",
"date":"2013-07-12 19:14:20"
},
{
"kids":[],
"uid":"1444278395",
"parent":"zFFwkjxlY",
"text":"",
"mid":"zFFHmCUXC",
"date":"2013-07-12 19:13:23"
},
{
"kids":[],
"uid":"1484175830",
"parent":"",
"text":"@深圳公安 @深圳交警",
"mid":"zFFHj7VHj",
"date":"2013-07-12 19:13:14"
},
{
"kids":[],
"uid":"3350936314",
"parent":"",
"text":"",
"mid":"zFFH2yKZS",
"date":"2013-07-12 19:12:37"
},
{
"kids":[],
"uid":"3299134990",
"parent":"zFFwkjxlY",
"text":"强盗。",
"mid":"zFFGG8P2c",
"date":"2013-07-12 19:11:42"
},
{
"kids":[],
"uid":"1707816932",
"parent":"zFFwkjxlY",
"text":"",
"mid":"zFFGzhXm0",
"date":"2013-07-12 19:11:27"
},
{
"kids":[],
"uid":"2535247784",
"parent":"",
"text":"[good]",
"mid":"zFFG36r7s",
"date":"2013-07-12 19:10:10"
},
{
"kids":[],
"uid":"buwuchen",
"parent":"",
"text":"",
"mid":"zFFFGCCXW",
"date":"2013-07-12 19:09:15"
},
{
"kids":[],
"uid":"3165880905",
"parent":"zFFwkjxlY",
"text":"[围观]",
"mid":"zFFFvqkFQ",
"date":"2013-07-12 19:08:51"
},
{
"kids":[],
"uid":"2006891933",
"parent":"zFFwkjxlY",
"text":"",
"mid":"zFFEEdp8e",
"date":"2013-07-12 19:06:43"
},
{
"kids":[],
"uid":"335837111",
"parent":"zFFD6bPYZ",
"text":"",
"mid":"zFFDU6xJW",
"date":"2013-07-12 19:04:53"
},
{
"kids":[
"zFFDU6xJW"
],
"uid":"alixiang",
"parent":"zFFwkjxlY",
"text":"",
"mid":"zFFD6bPYZ",
"date":"2013-07-12 19:02:54"
},
{
"kids":[],
"uid":"1736407257",
"parent":"zFFwkjxlY",
"text":"",
"mid":"zFFCXCPHu",
"date":"2013-07-12 19:02:31"
},
{
"kids":[],
"uid":"3537550487",
"parent":"zFFwkjxlY",
"text":"",
"mid":"zFFBX0Yd2",
"date":"2013-07-12 19:00:05"
},
{
"kids":[],
"uid":"2645607187",
"parent":"",
"text":"",
"mid":"zFFADoGhK",
"date":"2013-07-12 18:56:50"
},
{
"kids":[],
"uid":"2343553327",
"parent":"zFFwkjxlY",
"text":"",
"mid":"zFFAq8MQ9",
"date":"2013-07-12 18:56:17"
},
{
"kids":[],
"uid":"1837684164",
"parent":"zFFwkjxlY",
"text":"",
"mid":"zFFAaavYI",
"date":"2013-07-12 18:55:40"
},
{
"kids":[],
"uid":"2511856694",
"parent":"zFFwkjxlY",
"text":"众所周知，中国的所谓“汽车年检”，大都承包给了私企[怒]",
"mid":"zFFA9AVxM",
"date":"2013-07-12 18:55:37"
},
{
"kids":[],
"uid":"2703207827",
"parent":"",
"text":"没利的事，谁有那么大积极性",
"mid":"zFFA595Zw",
"date":"2013-07-12 18:55:28"
},
{
"kids":[],
"uid":"1882612960",
"parent":"zFFwkjxlY",
"text":"",
"mid":"zFFzy5eiF",
"date":"2013-07-12 18:54:09"
},
{
"kids":[],
"uid":"2844904021",
"parent":"zFFwkjxlY",
"text":"",
"mid":"zFFzi7Hob",
"date":"2013-07-12 18:53:30"
},
{
"kids":[],
"uid":"2308283507",
"parent":"",
"text":"",
"mid":"zFFyjtRMi",
"date":"2013-07-12 18:51:07"
},
{
"kids":[],
"uid":"1167947650",
"parent":"",
"text":"现在的政府部门对搜刮民脂民膏真正是做到了无孔不入。",
"mid":"zFFy3fAdt",
"date":"2013-07-12 18:50:28"
},
{
"kids":[],
"uid":"2294362275",
"parent":"zFFwkjxlY",
"text":"可以有，在心中。",
"mid":"zFFxihR5b",
"date":"2013-07-12 18:48:35"
},
{
"kids":[
"A1z8dt2Zw",
"A1ucq7lgd",
"A10fHsEz1",
"A0W0KjQnS",
"A0twAlHr1",
"A0kY9guwn",
"A0jd15lJN",
"zFVIkkH5c",
"zFQQzwEk7",
"zFQfnyHJF",
"zFPsH4SGF",
"zFO73wrpY",
"zFLHMFyDA",
"zFLjAs2z5",
"zFLfqxFVa",
"zFL8IcGnH",
"zFL8t61X9",
"zFL3j51gu",
"zFKCqvEcA",
"zFKdS9Ojg",
"zFJ4Gnu6V",
"zFIeY18wb",
"zFI59xFbS",
"zFI170U8M",
"zFHYdDuDW",
"zFHRldpy1",
"zFHQ2yRs3",
"zFHMf4VIX",
"zFHKbF1AZ",
"zFHG2CrIZ",
"zFHB5k72d",
"zFHuC4xmA",
"zFHtvrgbV",
"zFHtkxhDl",
"zFHtgoBnm",
"zFHtaeIYF",
"zFHsR1lFt",
"zFHrZc9gM",
"zFHqYzsvb",
"zFHqDApr2",
"zFHqrcxQq",
"zFHpP67EF",
"zFHpvhVaj",
"zFHpeooEz",
"zFHpaiatU",
"zFHp980ML",
"zFHoChCg6",
"zFHolaqfh",
"zFH9I29o2",
"zFH68pioM",
"zFH4mbZHO",
"zFH3YfzHR",
"zFH2m26hI",
"zFGViakZK",
"zFGHLgZpU",
"zFGB0fufX",
"zFGzj2ZSo",
"zFGy0n2Gx",
"zFGvXyAOL",
"zFGuQb38S",
"zFGufuQ2Z",
"zFGtTmXqT",
"zFGprmuEO",
"zFGoWkkKf",
"zFGnMyezX",
"zFGhhuJmZ",
"zFGcO0e76",
"zFGbOhBf7",
"zFGbNl2I0",
"zFGaMq7MX",
"zFGanliJQ",
"zFG92AdFX",
"zFG8Ekko9",
"zFG8hy9DS",
"zFG7ynTei",
"zFG7j34Up",
"zFG7irr9v",
"zFG6yBilr",
"zFG67b5tE",
"zFG1Fs9t5",
"zFG131AMG",
"zFFZLhq1P",
"zFFZH6FBw",
"zFFYk1DEy",
"zFFXXwFws",
"zFFXwmhuR",
"zFFXj6Dha",
"zFFW7eHdj",
"zFFVTC5V6",
"zFFTx4rVL",
"zFFS0cubT",
"zFFQ3lcTG",
"zFFOvBEPe",
"zFFOaAUyf",
"zFFO24HW6",
"zFFNIxEkP",
"zFFNEr6kM",
"zFFNC2Cl0",
"zFFNoqNSK",
"zFFMCAVvc",
"zFFMsuDUo",
"zFFM5rDbF",
"zFFLZ0C23",
"zFFL3mLkt",
"zFFKjwGMA",
"zFFKbgkMI",
"zFFJYga4l",
"zFFJThmuW",
"zFFJJbTXT",
"zFFJc62WN",
"zFFIKlHwk",
"zFFItwqzI",
"zFFHmCUXC",
"zFFGG8P2c",
"zFFGzhXm0",
"zFFFvqkFQ",
"zFFEEdp8e",
"zFFDU6xJW",
"zFFD6bPYZ",
"zFFCXCPHu",
"zFFBX0Yd2",
"zFFAq8MQ9",
"zFFAaavYI",
"zFFA9AVxM",
"zFFzy5eiF",
"zFFzi7Hob",
"zFFxihR5b"
],
"uid":"zhongguokawang",
"parent":"",
"text":"弱弱的问一句可不可以队ZF年检〜?[害羞]",
"mid":"zFFwkjxlY",
"date":"2013-07-12 18:46:12"
},
{
"kids":[],
"uid":"nisvolk",
"parent":"",
"text":"",
"mid":"zFFw68urs",
"date":"2013-07-12 18:45:38"
},
{
"kids":[],
"uid":"2638649555",
"parent":"",
"text":"",
"mid":"zFFvYp1j0",
"date":"2013-07-12 18:45:21"
},
{
"kids":[],
"uid":"3212400072",
"parent":"",
"text":"",
"mid":"zFFvL9oCS",
"date":"2013-07-12 18:44:48"
},
{
"kids":[],
"uid":"scholl1981",
"parent":"",
"text":"",
"mid":"zFFvD9jxK",
"date":"2013-07-12 18:44:30"
},
{
"kids":[],
"uid":"2998376181",
"parent":"",
"text":"",
"mid":"zFFvBo9a1",
"date":"2013-07-12 18:44:24"
}
]