[
{
"kids":[],
"uid":"2919314224",
"parent":"zmBhdu9B8",
"text":"",
"mid":"zqPQJoBX3",
"date":"2013-04-06 05:29:24"
},
{
"kids":[],
"uid":"2919425060",
"parent":"zmBhdu9B8",
"text":"",
"mid":"zqGf7s1C5",
"date":"2013-04-05 05:02:00"
},
{
"kids":[],
"uid":"1778329910",
"parent":"zmBhdu9B8",
"text":"",
"mid":"zqGf7qDGW",
"date":"2013-04-05 05:02:00"
},
{
"kids":[],
"uid":"1588970962",
"parent":"zmBhdu9B8",
"text":"",
"mid":"zpU2pjU5u",
"date":"2013-03-31 02:18:51"
},
{
"kids":[],
"uid":"2789719942",
"parent":"zmBhdu9B8",
"text":"",
"mid":"zpMsXnle3",
"date":"2013-03-30 07:02:17"
},
{
"kids":[],
"uid":"2807956682",
"parent":"zmBhdu9B8",
"text":"",
"mid":"zpMsXnld9",
"date":"2013-03-30 07:02:16"
},
{
"kids":[],
"uid":"2808538810",
"parent":"zmBhdu9B8",
"text":"",
"mid":"zp3yEjSMb",
"date":"2013-03-25 12:42:42"
},
{
"kids":[],
"uid":"2789820254",
"parent":"zmBhdu9B8",
"text":"",
"mid":"zp3yEjSIC",
"date":"2013-03-25 12:42:40"
},
{
"kids":[],
"uid":"2920264692",
"parent":"zmBhdu9B8",
"text":"",
"mid":"zoYBa3ETP",
"date":"2013-03-25 00:05:10"
},
{
"kids":[],
"uid":"2920448872",
"parent":"zmBhdu9B8",
"text":"",
"mid":"zoYB9s1bL",
"date":"2013-03-25 00:05:09"
},
{
"kids":[],
"uid":"1777737854",
"parent":"zmBhdu9B8",
"text":"",
"mid":"zo4HwEukY",
"date":"2013-03-19 01:47:00"
},
{
"kids":[],
"uid":"2483795772",
"parent":"",
"text":"[嘘]",
"mid":"zneDP6bRL",
"date":"2013-03-13 13:15:02"
},
{
"kids":[],
"uid":"1938826187",
"parent":"",
"text":"有权有势嘅人嘅世界",
"mid":"zmXGOlpbH",
"date":"2013-03-11 18:05:41"
},
{
"kids":[],
"uid":"2715055112",
"parent":"zmDE7oGDV",
"text":"这就是有权者同比我等P民的优势",
"mid":"zmLyxyqoG",
"date":"2013-03-10 11:12:23"
},
{
"kids":[],
"uid":"3170974803",
"parent":"zmBPMnlcn",
"text":"潘志中",
"mid":"zmL92lykl",
"date":"2013-03-10 10:09:32"
},
{
"kids":[],
"uid":"2167791287",
"parent":"",
"text":"",
"mid":"zmKBpF1a1",
"date":"2013-03-10 08:46:42"
},
{
"kids":[],
"uid":"3070628133",
"parent":"",
"text":"我靠!世界乱了哦",
"mid":"zmHtn0uMt",
"date":"2013-03-10 00:48:39"
},
{
"kids":[],
"uid":"2135221257",
"parent":"",
"text":"",
"mid":"zmH9E0QxP",
"date":"2013-03-10 00:00:01"
},
{
"kids":[],
"uid":"2136775071",
"parent":"",
"text":"",
"mid":"zmH4heRXN",
"date":"2013-03-09 23:46:50"
},
{
"kids":[],
"uid":"uc16035219",
"parent":"",
"text":"",
"mid":"zmGWs330N",
"date":"2013-03-09 23:27:33"
},
{
"kids":[],
"uid":"1826921172",
"parent":"",
"text":"真的假的？",
"mid":"zmGQrpeLX",
"date":"2013-03-09 23:12:44"
},
{
"kids":[],
"uid":"2804688333",
"parent":"",
"text":"",
"mid":"zmGj5BmtK",
"date":"2013-03-09 21:50:34"
},
{
"kids":[],
"uid":"1888023874",
"parent":"",
"text":"尼玛，没有第一个，还有轮奸吗？难道第一个上和第二个第三个本质有区别吗？难道品质就高尚一点？难道对受害者的伤害就会轻一点？当想逃避责任的时候，什么借口都能成为理由，为你们的品行感到默哀[怒][怒][哼][哼][鄙视][鄙视]",
"mid":"zmG2GwncG",
"date":"2013-03-09 21:10:10"
},
{
"kids":[],
"uid":"micrumelu",
"parent":"",
"text":"尼玛咯~",
"mid":"zmE5QkS14",
"date":"2013-03-09 16:12:26"
},
{
"kids":[],
"uid":"1938053164",
"parent":"",
"text":"",
"mid":"zmE5tewOC",
"date":"2013-03-09 16:11:32"
},
{
"kids":[],
"uid":"2107445970",
"parent":"zmC6YweyX",
"text":"说什么好呢",
"mid":"zmE3Xje8j",
"date":"2013-03-09 16:07:48"
},
{
"kids":[],
"uid":"2474425613",
"parent":"",
"text":"",
"mid":"zmDWn9g6h",
"date":"2013-03-09 15:49:07"
},
{
"kids":[],
"uid":"1660545011",
"parent":"",
"text":"",
"mid":"zmDKUtv1m",
"date":"2013-03-09 15:20:53"
},
{
"kids":[
"zmLyxyqoG"
],
"uid":"2264561047",
"parent":"zmC7sEMZf",
"text":"一群不知廉耻的畜生！",
"mid":"zmDE7oGDV",
"date":"2013-03-09 15:04:07"
},
{
"kids":[],
"uid":"1904918957",
"parent":"",
"text":"走开,叫我先来!",
"mid":"zmDkzj5ut",
"date":"2013-03-09 14:15:57"
},
{
"kids":[],
"uid":"1660263122",
"parent":"",
"text":"",
"mid":"zmDin6w57",
"date":"2013-03-09 14:10:33"
},
{
"kids":[],
"uid":"727083678",
"parent":"",
"text":"我遇到了我也会第一个上的，，，",
"mid":"zmDdhfAq7",
"date":"2013-03-09 13:57:59"
},
{
"kids":[],
"uid":"727083678",
"parent":"",
"text":"我记住了！",
"mid":"zmDcRwOAJ",
"date":"2013-03-09 13:57:01"
},
{
"kids":[],
"uid":"2926169813",
"parent":"",
"text":"",
"mid":"zmDbqwofW",
"date":"2013-03-09 13:53:29"
},
{
"kids":[],
"uid":"1408816385",
"parent":"",
"text":"",
"mid":"zmD7Gz0sB",
"date":"2013-03-09 13:44:15"
},
{
"kids":[],
"uid":"1824567254",
"parent":"zmC7sEMZf",
"text":"律师真是好口才",
"mid":"zmD4u1quN",
"date":"2013-03-09 13:36:20"
},
{
"kids":[],
"uid":"qitongtong037",
"parent":"zmCLVnTjw",
"text":"左边打算第一个上？[鄙视]",
"mid":"zmCXI8X0l",
"date":"2013-03-09 13:19:39"
},
{
"kids":[],
"uid":"frankfang1025",
"parent":"",
"text":"@坠落在帝都",
"mid":"zmCU3tqEu",
"date":"2013-03-09 13:10:40"
},
{
"kids":[],
"uid":"a276690671",
"parent":"",
"text":"Law霸系时候出场pk死距地了！！！[怒]",
"mid":"zmCQohouN",
"date":"2013-03-09 13:01:37"
},
{
"kids":[
"zmCXI8X0l"
],
"uid":"2218278657",
"parent":"zmC7sEMZf",
"text":"长见识了",
"mid":"zmCLVnTjw",
"date":"2013-03-09 12:50:38"
},
{
"kids":[],
"uid":"lionkaede",
"parent":"zmC6orIQl",
"text":"回复@一个小孩X赵宇轩:[威武][good]",
"mid":"zmCLRdvk8",
"date":"2013-03-09 12:50:28"
},
{
"kids":[],
"uid":"ck626",
"parent":"",
"text":"",
"mid":"zmCIH39Lw",
"date":"2013-03-09 12:42:40"
},
{
"kids":[],
"uid":"1886728074",
"parent":"zmC6te4B6",
"text":"这就是“道德”标准！@丫丫丫suki: 甘多得",
"mid":"zmCHVslbh",
"date":"2013-03-09 12:40:46"
},
{
"kids":[],
"uid":"mucuntuosai",
"parent":"zmBPrEzDm",
"text":"不是带头搞事的更要重罚吗？！！",
"mid":"zmCGMfmtI",
"date":"2013-03-09 12:37:57"
},
{
"kids":[],
"uid":"2480783844",
"parent":"zmCrMlyET",
"text":"[吃惊]",
"mid":"zmCGE0LOH",
"date":"2013-03-09 12:37:36"
},
{
"kids":[],
"uid":"2574830847",
"parent":"",
"text":"第一个上如果其他人帮忙了，算不算呢？",
"mid":"zmCG4uDQn",
"date":"2013-03-09 12:36:13"
},
{
"kids":[],
"uid":"2472364257",
"parent":"",
"text":"我说为什么说是强奸罪呢！强辞夺理！有点良知行不[怒]",
"mid":"zmCFimzTq",
"date":"2013-03-09 12:34:17"
},
{
"kids":[],
"uid":"1957808187",
"parent":"zmC6orIQl",
"text":"中国的律师真系神人。",
"mid":"zmCAYmiM2",
"date":"2013-03-09 12:23:39"
},
{
"kids":[],
"uid":"lawyerxuan",
"parent":"zmC6orIQl",
"text":"1.罪刑法定，轮奸在我国是强奸罪的法定加重情节，而本身没有轮奸罪2.第几个上对定罪没有影响，而法定量刑情节只包括了主从犯、累犯、犯罪影响等，3.我国是大陆法系国家，没有律师团抗辩制度4.我没听说过所谓法律大学，惭愧",
"mid":"zmCAYmiHp",
"date":"2013-03-09 12:23:37"
},
{
"kids":[],
"uid":"2737012861",
"parent":"",
"text":"",
"mid":"zmCuvDYO8",
"date":"2013-03-09 12:07:44"
},
{
"kids":[
"zmCGE0LOH"
],
"uid":"chenchenlei",
"parent":"",
"text":"伤不起……",
"mid":"zmCrMlyET",
"date":"2013-03-09 12:00:59"
},
{
"kids":[],
"uid":"shuabaowo",
"parent":"",
"text":"",
"mid":"zmCqZzKlb",
"date":"2013-03-09 11:59:04"
},
{
"kids":[],
"uid":"sxtyrsdl",
"parent":"",
"text":"学习了！实战当中积累的经验啊。年轻人就是不注重经验，他当时要是带套子不就更好了，那就连强奸也可能不算了。",
"mid":"zmCpxcH5Q",
"date":"2013-03-09 11:55:26"
},
{
"kids":[],
"uid":"iefpengwang",
"parent":"",
"text":"操，原来才发现，这个人多就是主意多，轮奸都能打成强奸。要逆天了哦，李将军",
"mid":"zmCnZpLEU",
"date":"2013-03-09 11:51:40"
},
{
"kids":[],
"uid":"1733300910",
"parent":"zmC6YweyX",
"text":"不看不知道有律师７６人[鼓掌]",
"mid":"zmCn2Cu1n",
"date":"2013-03-09 11:49:19"
},
{
"kids":[],
"uid":"2411057511",
"parent":"",
"text":"",
"mid":"zmCmbaLe5",
"date":"2013-03-09 11:47:11"
},
{
"kids":[],
"uid":"2051289131",
"parent":"",
"text":"[哼]",
"mid":"zmCm9FSct",
"date":"2013-03-09 11:47:09"
},
{
"kids":[],
"uid":"1783122740",
"parent":"",
"text":"",
"mid":"zmCj9d8eJ",
"date":"2013-03-09 11:39:44"
},
{
"kids":[],
"uid":"1968375473",
"parent":"",
"text":"••••••",
"mid":"zmCiP5wuO",
"date":"2013-03-09 11:38:56"
},
{
"kids":[],
"uid":"606645610",
"parent":"",
"text":"尼玛，这都行",
"mid":"zmChh7duA",
"date":"2013-03-09 11:35:07"
},
{
"kids":[],
"uid":"2158845473",
"parent":"zmC5e3upG",
"text":"既然法律上说第一个不算轮奸（较为轻罪），显然一伙匪人中为首就是匪首，打击罪恶不是擒贼先擒王吗？[挖鼻屎]我接受的是9年义务教育，都是人民出版社出版的，难道读的都是山寨版？或者是法律在有钱人面前就背弃了人民[泪][泪][泪]",
"mid":"zmCdDhVd5",
"date":"2013-03-09 11:26:08"
},
{
"kids":[],
"uid":"1440633432",
"parent":"zmBLA3Weh",
"text":"影響深遠的科教片啊！將軍家深度解釋刑法及輪姦辦法。那幹嘛不直接把人家娶了去呢？不就不犯法了嘛！痲痹啊！",
"mid":"zmCdByxV7",
"date":"2013-03-09 11:26:04"
},
{
"kids":[],
"uid":"2511774583",
"parent":"zmC65fkaQ",
"text":"貌似听有人说问过律师了。如果够判轮奸罪的话，是十年起步~如果是强奸的话，性质弱很多。好像说是性质不同~",
"mid":"zmCcbvUeE",
"date":"2013-03-09 11:22:35"
},
{
"kids":[
"zmDE7oGDV",
"zmD4u1quN",
"zmCLVnTjw"
],
"uid":"1722030155",
"parent":"zmC5e3upG",
"text":"Mlgb",
"mid":"zmC7sEMZf",
"date":"2013-03-09 11:10:57"
},
{
"kids":[
"zmE3Xje8j",
"zmCn2Cu1n"
],
"uid":"1946056251",
"parent":"zmC5e3upG",
"text":"我想问一人多次算不算？判刑叠加么？",
"mid":"zmC6YweyX",
"date":"2013-03-09 11:09:44"
},
{
"kids":[
"zmCHVslbh"
],
"uid":"1880431690",
"parent":"zmC5e3upG",
"text":"甘多得",
"mid":"zmC6te4B6",
"date":"2013-03-09 11:08:30"
},
{
"kids":[
"zmCLRdvk8",
"zmCAYmiM2",
"zmCAYmiHp"
],
"uid":"lionkaede",
"parent":"zmC5e3upG",
"text":"@一个小孩X赵宇轩 给点专家意见[偷笑]",
"mid":"zmC6orIQl",
"date":"2013-03-09 11:08:19"
},
{
"kids":[
"zmCcbvUeE"
],
"uid":"frankfang1025",
"parent":"",
"text":"輪姦並不是一個罪行吧？刑法裡有輪姦這個罪名？",
"mid":"zmC65fkaQ",
"date":"2013-03-09 11:07:31"
},
{
"kids":[
"zmCdDhVd5",
"zmC7sEMZf",
"zmC6YweyX",
"zmC6te4B6",
"zmC6orIQl"
],
"uid":"missoyyo",
"parent":"zmBAyBdLk",
"text":"",
"mid":"zmC5e3upG",
"date":"2013-03-09 11:05:26"
},
{
"kids":[],
"uid":"nihaifeng1984",
"parent":"zmBua0FNy",
"text":"",
"mid":"zmC2Dj35j",
"date":"2013-03-09 10:59:02"
},
{
"kids":[],
"uid":"natural9",
"parent":"zmBun0OxY",
"text":"尼玛……这也行？@AutumnsunLawyer 求科普啊……这靠谱吗？瞎眼的烂炒作吧！",
"mid":"zmC0ais5e",
"date":"2013-03-09 10:52:58"
},
{
"kids":[],
"uid":"1263998197",
"parent":"",
"text":"76人律师团真是够气派啊！！！可以考虑派守钓鱼岛！",
"mid":"zmBZR2eRl",
"date":"2013-03-09 10:52:12"
},
{
"kids":[],
"uid":"taylorhan",
"parent":"zmBVHnCHq",
"text":"轮奸要第一个上！！！[怒][怒]",
"mid":"zmBYt66i8",
"date":"2013-03-09 10:48:47"
},
{
"kids":[],
"uid":"1956074447",
"parent":"",
"text":"有知识真可怕！学习中！",
"mid":"zmBY35J3f",
"date":"2013-03-09 10:47:45"
},
{
"kids":[],
"uid":"oceanlzh",
"parent":"",
"text":"科普贴",
"mid":"zmBY2aBkf",
"date":"2013-03-09 10:47:44"
},
{
"kids":[
"zmBYt66i8"
],
"uid":"2134565231",
"parent":"",
"text":"笑话？？？or漏洞？？？[挖鼻屎][挖鼻屎]求科普！！@不吃竹子的大熊 @任尐蔓 @crystalyyl 你们觉得是怎样？？",
"mid":"zmBVHnCHq",
"date":"2013-03-09 10:41:58"
},
{
"kids":[],
"uid":"effece",
"parent":"zmBRKrOac",
"text":"誰說咱第一個上的時候沒帶套？[偷笑]",
"mid":"zmBV18gu0",
"date":"2013-03-09 10:40:16"
},
{
"kids":[],
"uid":"1371790695",
"parent":"",
"text":"[汗]",
"mid":"zmBS61l5w",
"date":"2013-03-09 10:33:05"
},
{
"kids":[
"zmBV18gu0"
],
"uid":"ckjay",
"parent":"zmBd3w92q",
"text":"右边记住，带套不算强奸，等会，我去开个门，有快递",
"mid":"zmBRKrOac",
"date":"2013-03-09 10:32:14"
},
{
"kids":[],
"uid":"2241703462",
"parent":"",
"text":"oh,jesus",
"mid":"zmBRHbOYR",
"date":"2013-03-09 10:32:06"
},
{
"kids":[
"zmL92lykl"
],
"uid":"1482320747",
"parent":"",
"text":"这条消息很不像真的：我国有法律大学吗？我国有轮奸罪吗？到底构成什么罪，是批捕阶段就能定的吗？不需要法院判决了？漏洞也太多了吧？",
"mid":"zmBPMnlcn",
"date":"2013-03-09 10:27:23"
},
{
"kids":[
"zmCGMfmtI"
],
"uid":"337268880",
"parent":"",
"text":"张爱国叫兽科普了，轮奸要第一个上。",
"mid":"zmBPrEzDm",
"date":"2013-03-09 10:26:34"
},
{
"kids":[],
"uid":"337268880",
"parent":"",
"text":"76人我一直以为系NBA一支球队，原来在中国系一支律师团。轮奸变强奸，强奸有带套。最后会变无事?",
"mid":"zmBOFw2OA",
"date":"2013-03-09 10:24:39"
},
{
"kids":[
"zmCdByxV7"
],
"uid":"shun78",
"parent":"zmBa6j63B",
"text":"第一个上这帮律师团他妈",
"mid":"zmBLA3Weh",
"date":"2013-03-09 10:17:01"
},
{
"kids":[],
"uid":"2498831907",
"parent":"",
"text":"张爱国教授，5个男人能同步对1个女人进行性行为的吗？何谓轮？轮，就是排队，如果要排队，那当然有先后之分！众所周知，有1才有2再到345如此顺然下去，李天一是第一个，起到带头领导作用，应罪加一等！@头条新闻 @广东电视台今日关注热线 @今日一线 @南方都市报 @每日新闻报 @羊城晚报 @中国新闻网",
"mid":"zmBJS1eK7",
"date":"2013-03-09 10:12:47"
},
{
"kids":[],
"uid":"jayzlove",
"parent":"",
"text":"[哼] 轮奸要第一个上！！！",
"mid":"zmBHi6qsB",
"date":"2013-03-09 10:06:26"
},
{
"kids":[],
"uid":"wilsonzhong",
"parent":"zmBAyBdLk",
"text":"",
"mid":"zmBDkyRqO",
"date":"2013-03-09 09:56:43"
},
{
"kids":[],
"uid":"1614440900",
"parent":"",
"text":"次奥，再也没有王法了～～～",
"mid":"zmBBb1Gcl",
"date":"2013-03-09 09:51:23"
},
{
"kids":[],
"uid":"1768781737",
"parent":"zmByWozLe",
"text":"",
"mid":"zmBAQ02Z0",
"date":"2013-03-09 09:50:34"
},
{
"kids":[
"zmC5e3upG",
"zmBDkyRqO"
],
"uid":"1726228440",
"parent":"zmBzDz60y",
"text":"有无搞错？",
"mid":"zmBAyBdLk",
"date":"2013-03-09 09:49:53"
},
{
"kids":[
"zmBAyBdLk"
],
"uid":"chinaalex",
"parent":"",
"text":"轮奸第一个上去的人不是应该重判才对吗？因为他给后面的人立了标杆，鼓动他人做恶。有学法律的吗？求科普啊",
"mid":"zmBzDz60y",
"date":"2013-03-09 09:47:35"
},
{
"kids":[],
"uid":"2217176033",
"parent":"",
"text":"轮奸第一个上去的人不是应该重判才对吗？因为他给后面的人立了标杆，鼓动他人做恶。有学法律的吗？求科普啊",
"mid":"zmBz8u1tk",
"date":"2013-03-09 09:46:22"
},
{
"kids":[
"zmBAQ02Z0"
],
"uid":"1767570821",
"parent":"",
"text":"记住了，好长知识啊",
"mid":"zmByWozLe",
"date":"2013-03-09 09:45:54"
},
{
"kids":[],
"uid":"chinaalex",
"parent":"",
"text":"[汗][汗]有银有名有关系真好。",
"mid":"zmByavOs7",
"date":"2013-03-09 09:44:00"
},
{
"kids":[],
"uid":"2824656770",
"parent":"",
"text":"大家以后都记住了啊！@袁裕来律师",
"mid":"zmBxItG8r",
"date":"2013-03-09 09:42:53"
},
{
"kids":[],
"uid":"1223107844",
"parent":"",
"text":"马勒戈壁",
"mid":"zmBwr0bvQ",
"date":"2013-03-09 09:39:42"
},
{
"kids":[],
"uid":"1793093137",
"parent":"",
"text":"回复@亮之星007:[哈哈][哈哈]",
"mid":"zmBvogu3a",
"date":"2013-03-09 09:37:09"
},
{
"kids":[],
"uid":"1663170763",
"parent":"",
"text":"以后团伙抢劫，同伙们大吼大叫，你就在一边不声不响也要第一个下手，还能只判个盗窃罪",
"mid":"zmBv9cFVz",
"date":"2013-03-09 09:36:33"
},
{
"kids":[
"zmC0ais5e"
],
"uid":"1929322483",
"parent":"",
"text":"技术贴！",
"mid":"zmBun0OxY",
"date":"2013-03-09 09:34:38"
},
{
"kids":[
"zmC2Dj35j"
],
"uid":"2792447900",
"parent":"",
"text":"",
"mid":"zmBua0FNy",
"date":"2013-03-09 09:34:06"
},
{
"kids":[],
"uid":"wangqing010",
"parent":"",
"text":"我真为后面几个孩子可怜啊，李天一就不怕这几个孩子把你xx了啊？李双江真为习总丢人，两会没结束就来个中国第一。",
"mid":"zmBt72EwG",
"date":"2013-03-09 09:31:31"
},
{
"kids":[],
"uid":"2394984105",
"parent":"",
"text":"",
"mid":"zmBsHlOjv",
"date":"2013-03-09 09:30:30"
},
{
"kids":[],
"uid":"523468832",
"parent":"zmBn20Lkg",
"text":"又长知识了，所谓法律是玩物？",
"mid":"zmBro43XV",
"date":"2013-03-09 09:27:17"
},
{
"kids":[],
"uid":"2632773923",
"parent":"",
"text":"我去你！！！！！[弱][弱][弱][弱][弱][弱][弱][弱][最差][最差][最差][最差][最差][最差][最差][怒][怒][怒][怒][怒][怒][怒]",
"mid":"zmBoX6m5H",
"date":"2013-03-09 09:21:16"
},
{
"kids":[],
"uid":"1749933443",
"parent":"",
"text":"",
"mid":"zmBoIhPJ5",
"date":"2013-03-09 09:20:42"
},
{
"kids":[],
"uid":"peixunsem",
"parent":"",
"text":"大家共勉！@张闪闪丶Yes-Man",
"mid":"zmBoayjbH",
"date":"2013-03-09 09:19:21"
},
{
"kids":[],
"uid":"3296868325",
"parent":"",
"text":"",
"mid":"zmBo8ue7b",
"date":"2013-03-09 09:19:16"
},
{
"kids":[],
"uid":"2751927897",
"parent":"",
"text":"",
"mid":"zmBnZCfDA",
"date":"2013-03-09 09:18:55"
},
{
"kids":[],
"uid":"3093580790",
"parent":"",
"text":"[怒骂][弱]中国啊…",
"mid":"zmBnWrcEN",
"date":"2013-03-09 09:18:47"
},
{
"kids":[
"zmBro43XV"
],
"uid":"138604948",
"parent":"",
"text":"笑了。。。司法可以如此戏弄。",
"mid":"zmBn20Lkg",
"date":"2013-03-09 09:16:31"
},
{
"kids":[],
"uid":"2344827381",
"parent":"",
"text":"可笑至极，我靠，有权有势就是好！法律在这些人面前就是个婊子，想怎么干就怎么干，哇靠，但愿今年司法考试别出这样的题，如果出我就答第一个上！",
"mid":"zmBkV3tR1",
"date":"2013-03-09 09:11:20"
},
{
"kids":[],
"uid":"2334865343",
"parent":"",
"text":"",
"mid":"zmBku9XLv",
"date":"2013-03-09 09:10:17"
},
{
"kids":[],
"uid":"1686876383",
"parent":"",
"text":"张爱国教授，您真对的起这个名字！",
"mid":"zmBjQxUbD",
"date":"2013-03-09 09:08:42"
},
{
"kids":[],
"uid":"1941795440",
"parent":"",
"text":"",
"mid":"zmBjmpsPR",
"date":"2013-03-09 09:07:31"
},
{
"kids":[],
"uid":"1021016400",
"parent":"",
"text":"",
"mid":"zmBj754gi",
"date":"2013-03-09 09:06:54"
},
{
"kids":[],
"uid":"1054117053",
"parent":"",
"text":"第一轮奸要第一个上，第二出了事找老爸摆平，第三出了事责任推给了兄弟们，第四出来后继续坑爹",
"mid":"zmBi1FVBN",
"date":"2013-03-09 09:04:14"
},
{
"kids":[
"zqPQJoBX3",
"zqGf7s1C5",
"zqGf7qDGW",
"zpU2pjU5u",
"zpMsXnle3",
"zpMsXnld9",
"zp3yEjSMb",
"zp3yEjSIC",
"zoYBa3ETP",
"zoYB9s1bL",
"zo4HwEukY"
],
"uid":"3140589480",
"parent":"",
"text":"",
"mid":"zmBhdu9B8",
"date":"2013-03-09 09:02:14"
},
{
"kids":[],
"uid":"2270545581",
"parent":"",
"text":"[围观]这人呐总是吃人饭不干人事",
"mid":"zmBdWt0nl",
"date":"2013-03-09 08:54:10"
},
{
"kids":[
"zmBRKrOac"
],
"uid":"junjieji",
"parent":"",
"text":"MLGBD，堂堂大学校长你他妈不好好教书，搅这浑水干鸡巴毛事？拿钱了吧！[怒][怒骂][顶]",
"mid":"zmBd3w92q",
"date":"2013-03-09 08:51:58"
},
{
"kids":[],
"uid":"1812240021",
"parent":"",
"text":"哈哈！",
"mid":"zmBcM6UCi",
"date":"2013-03-09 08:51:17"
},
{
"kids":[],
"uid":"2959415904",
"parent":"",
"text":"大戏进高潮阶段了，比预想的快多了，牛逼",
"mid":"zmBcidSAq",
"date":"2013-03-09 08:50:06"
},
{
"kids":[],
"uid":"3146116244",
"parent":"",
"text":"",
"mid":"zmBaktWmM",
"date":"2013-03-09 08:45:15"
},
{
"kids":[
"zmBLA3Weh"
],
"uid":"1908508630",
"parent":"",
"text":"[神马][抓狂]",
"mid":"zmBa6j63B",
"date":"2013-03-09 08:44:42"
},
{
"kids":[],
"uid":"duguanjun",
"parent":"",
"text":"",
"mid":"zmB9tBZUu",
"date":"2013-03-09 08:43:10"
},
{
"kids":[],
"uid":"3173964670",
"parent":"",
"text":"",
"mid":"zmB91cMhR",
"date":"2013-03-09 08:42:02"
}
]