[
{
"kids":[],
"uid":"2796927985",
"parent":"yBrcbBm5X",
"text":"",
"mid":"z5l5bCQdK",
"date":"2012-11-15 20:33:30"
},
{
"kids":[],
"uid":"1727085813",
"parent":"yBxv5xyhe",
"text":"",
"mid":"z2PnxCYnJ",
"date":"2012-10-30 08:10:12"
},
{
"kids":[],
"uid":"2790094032",
"parent":"yBxv5xyhe",
"text":"",
"mid":"z2KpCcmsu",
"date":"2012-10-29 19:31:34"
},
{
"kids":[],
"uid":"2919303300",
"parent":"yBxv5xyhe",
"text":"",
"mid":"z2KpBAILn",
"date":"2012-10-29 19:31:31"
},
{
"kids":[],
"uid":"1774893480",
"parent":"yBuDLro0Y",
"text":"",
"mid":"z0lAoyarU",
"date":"2012-10-14 00:38:51"
},
{
"kids":[],
"uid":"1651122823",
"parent":"",
"text":"轉發微博",
"mid":"yEUl1DeqL",
"date":"2012-10-04 19:54:59"
},
{
"kids":[],
"uid":"2789986542",
"parent":"yBxv5xyhe",
"text":"",
"mid":"yCkXl2SbR",
"date":"2012-09-17 22:09:51"
},
{
"kids":[],
"uid":"2808746680",
"parent":"yBuvYmH1h",
"text":"",
"mid":"yCfxfxifv",
"date":"2012-09-17 08:21:51"
},
{
"kids":[],
"uid":"1107400393",
"parent":"yBzgc0xh7",
"text":"国人八是已百毒不侵了吗[偷笑]",
"mid":"yCbeUfJXX",
"date":"2012-09-16 21:25:39"
},
{
"kids":[],
"uid":"2755918724",
"parent":"yBujxpYQu",
"text":"",
"mid":"yCaBFc6fb",
"date":"2012-09-16 19:49:00"
},
{
"kids":[],
"uid":"2804586502",
"parent":"yBwI9sFBn",
"text":"",
"mid":"yC95L7cGT",
"date":"2012-09-16 15:57:39"
},
{
"kids":[],
"uid":"2808746594",
"parent":"yBuvYmH1h",
"text":"",
"mid":"yC61LBR7d",
"date":"2012-09-16 08:09:34"
},
{
"kids":[],
"uid":"1813767761",
"parent":"",
"text":"",
"mid":"yBQySlcox",
"date":"2012-09-14 16:47:13"
},
{
"kids":[],
"uid":"2712341597",
"parent":"yBujxpYQu",
"text":"",
"mid":"yBQc6eFOb",
"date":"2012-09-14 15:51:03"
},
{
"kids":[],
"uid":"2030442587",
"parent":"yBu8L0XwC",
"text":"拿什么爱你 我的祖国",
"mid":"yBPRkc1Ok",
"date":"2012-09-14 14:59:53"
},
{
"kids":[],
"uid":"1120783850",
"parent":"",
"text":"",
"mid":"yBOEM5TFV",
"date":"2012-09-14 11:56:13"
},
{
"kids":[],
"uid":"1795145963",
"parent":"yBDCb1wc7",
"text":"人吃了这种鱼肯定神采奕奕、活蹦乱跳！",
"mid":"yBIOeAbvz",
"date":"2012-09-13 21:03:04"
},
{
"kids":[],
"uid":"2919652152",
"parent":"yButocv6k",
"text":"",
"mid":"yBIizlO6C",
"date":"2012-09-13 19:45:04"
},
{
"kids":[],
"uid":"2118653250",
"parent":"",
"text":"",
"mid":"yBIfU9Thv",
"date":"2012-09-13 19:38:28"
},
{
"kids":[],
"uid":"2634066313",
"parent":"yBBFBDDx4",
"text":"这是做水产生意的行规。国内的普通教育水平就是牛。化学，物理知识强劲。看奶粉，牛奶，八角，火腿就明白。",
"mid":"yBHkK2SZI",
"date":"2012-09-13 17:17:39"
},
{
"kids":[],
"uid":"2730926782",
"parent":"",
"text":"是不是不实信息，需要专家来判定，",
"mid":"yBGUS81QI",
"date":"2012-09-13 16:13:55"
},
{
"kids":[],
"uid":"happyqinchai",
"parent":"",
"text":"尼玛，究竟能吃啥丫！",
"mid":"yBFPy0BAd",
"date":"2012-09-13 13:28:01"
},
{
"kids":[],
"uid":"2496613310",
"parent":"yBusf0vWg",
"text":"",
"mid":"yBEtE87cY",
"date":"2012-09-13 10:01:19"
},
{
"kids":[],
"uid":"1885643873",
"parent":"",
"text":"还有神马是能吃的！",
"mid":"yBEsvthmo",
"date":"2012-09-13 09:58:33"
},
{
"kids":[],
"uid":"1849815212",
"parent":"",
"text":"甘恐怖？",
"mid":"yBEnHlQUj",
"date":"2012-09-13 09:46:41"
},
{
"kids":[],
"uid":"2313371510",
"parent":"yByZQ9b1H",
"text":"还敢吃活鱼吗？",
"mid":"yBE9l4vK5",
"date":"2012-09-13 09:11:19"
},
{
"kids":[],
"uid":"laohulaoge",
"parent":"",
"text":"哎，想吃鱼？自己钓。",
"mid":"yBE0wohxn",
"date":"2012-09-13 08:49:35"
},
{
"kids":[],
"uid":"1828027694",
"parent":"yBDCb1wc7",
"text":"靠！",
"mid":"yBDLPDMUN",
"date":"2012-09-13 08:13:25"
},
{
"kids":[],
"uid":"1645276954",
"parent":"yBDj1rymQ",
"text":"那下次太活络的鱼就坚决不买！",
"mid":"yBDG5BXxu",
"date":"2012-09-13 07:59:16"
},
{
"kids":[],
"uid":"1013721871",
"parent":"yBBFBDDx4",
"text":"现在我们吃的到底哪样没毒啊？作孽啊[失望][失望][失望][失望][失望][失望]",
"mid":"yBDG1tN5v",
"date":"2012-09-13 07:59:06"
},
{
"kids":[],
"uid":"qxy516",
"parent":"yBAc77lHR",
"text":"昨天看电视，说给鱼嘴里滴几滴白酒就可以了[晕]",
"mid":"yBDD5sSyQ",
"date":"2012-09-13 07:51:52"
},
{
"kids":[
"yBIOeAbvz",
"yBDLPDMUN"
],
"uid":"2741751502",
"parent":"yBDzFhra9",
"text":"爱喝鱼汤的注意了！[怒][怒][怒]",
"mid":"yBDCb1wc7",
"date":"2012-09-13 07:49:37"
},
{
"kids":[
"yBDCb1wc7"
],
"uid":"1990681225",
"parent":"yByZQ9b1H",
"text":"[失望]",
"mid":"yBDzFhra9",
"date":"2012-09-13 07:43:26"
},
{
"kids":[],
"uid":"2478614231",
"parent":"",
"text":"怎么没人管？",
"mid":"yBDyZBiE0",
"date":"2012-09-13 07:41:47"
},
{
"kids":[],
"uid":"2521304292",
"parent":"yBz8AlRub",
"text":"八刺了，自家养！1,2,3,4,有5五条 [做鬼脸]",
"mid":"yBDv4qnwU",
"date":"2012-09-13 07:32:06"
},
{
"kids":[
"yBDG5BXxu"
],
"uid":"1042039830",
"parent":"yByWPmnta",
"text":"",
"mid":"yBDj1rymQ",
"date":"2012-09-13 07:02:26"
},
{
"kids":[],
"uid":"1025779092",
"parent":"yByxkdXll",
"text":"",
"mid":"yBCUWkfPy",
"date":"2012-09-13 06:03:06"
},
{
"kids":[
"yBHkK2SZI",
"yBDG1tN5v"
],
"uid":"1894110307",
"parent":"yBzd4pWO3",
"text":"",
"mid":"yBBFBDDx4",
"date":"2012-09-13 02:52:34"
},
{
"kids":[],
"uid":"1583000152",
"parent":"yBupy3GTi",
"text":"",
"mid":"yBAGjkXRI",
"date":"2012-09-13 00:21:31"
},
{
"kids":[],
"uid":"2176880051",
"parent":"yBA08vwxv",
"text":"买的没有卖的精，奸商之举。",
"mid":"yBAyEaNFm",
"date":"2012-09-13 00:02:38"
},
{
"kids":[],
"uid":"2550675204",
"parent":"",
"text":"",
"mid":"yBAwyskB3",
"date":"2012-09-12 23:57:32"
},
{
"kids":[],
"uid":"1583216785",
"parent":"",
"text":"",
"mid":"yBArifNy3",
"date":"2012-09-12 23:44:31"
},
{
"kids":[],
"uid":"2043812511",
"parent":"yByUDadbE",
"text":"",
"mid":"yBAdRdUpH",
"date":"2012-09-12 23:11:25"
},
{
"kids":[],
"uid":"momot666",
"parent":"yByXq2qOR",
"text":"",
"mid":"yBAd28N4i",
"date":"2012-09-12 23:09:26"
},
{
"kids":[],
"uid":"2617056495",
"parent":"yByXq2qOR",
"text":"",
"mid":"yBAcd23zY",
"date":"2012-09-12 23:07:21"
},
{
"kids":[
"yBDD5sSyQ"
],
"uid":"1461084011",
"parent":"yBA4JC4Mf",
"text":"不把元素周期表吃一遍，就不是真正的中国人！",
"mid":"yBAc77lHR",
"date":"2012-09-12 23:07:07"
},
{
"kids":[
"yBAc77lHR"
],
"uid":"1403273325",
"parent":"yBu2Oycw0",
"text":"太恐怖了！我刚吃了鱼",
"mid":"yBA4JC4Mf",
"date":"2012-09-12 22:49:01"
},
{
"kids":[
"yBAyEaNFm"
],
"uid":"2641267337",
"parent":"yByUDadbE",
"text":"太恐怖了",
"mid":"yBA08vwxv",
"date":"2012-09-12 22:37:41"
},
{
"kids":[],
"uid":"2182880490",
"parent":"yByWPmnta",
"text":"",
"mid":"yBzYToeQP",
"date":"2012-09-12 22:34:33"
},
{
"kids":[],
"uid":"2706835127",
"parent":"",
"text":"",
"mid":"yBzYKwb8Z",
"date":"2012-09-12 22:34:12"
},
{
"kids":[],
"uid":"2754346183",
"parent":"yBzhbrzzd",
"text":"害人啊[抓狂][抓狂][抓狂][抓狂]",
"mid":"yBzWJdcxq",
"date":"2012-09-12 22:29:16"
},
{
"kids":[],
"uid":"1415080081",
"parent":"",
"text":"恐怖",
"mid":"yBzVU8CRs",
"date":"2012-09-12 22:27:14"
},
{
"kids":[],
"uid":"210101615",
"parent":"yByZzg2zU",
"text":"[吃惊]",
"mid":"yBzTG8ocG",
"date":"2012-09-12 22:21:44"
},
{
"kids":[],
"uid":"1406367713",
"parent":"yBzC1lrGd",
"text":"",
"mid":"yBzTEmV8D",
"date":"2012-09-12 22:21:41"
},
{
"kids":[],
"uid":"1846531595",
"parent":"yBz3V3PPQ",
"text":"大家注意拉！这社会还有什么不敢干的？",
"mid":"yBzSN9nxf",
"date":"2012-09-12 22:19:35"
},
{
"kids":[],
"uid":"2397258857",
"parent":"yByUDadbE",
"text":"",
"mid":"yBzQv3DjF",
"date":"2012-09-12 22:13:56"
},
{
"kids":[],
"uid":"2538550193",
"parent":"yByXq2qOR",
"text":"",
"mid":"yBzQiA8AF",
"date":"2012-09-12 22:13:23"
},
{
"kids":[
"yBzTEmV8D"
],
"uid":"1803307635",
"parent":"yBzfbBUCu",
"text":"",
"mid":"yBzC1lrGd",
"date":"2012-09-12 21:38:16"
},
{
"kids":[],
"uid":"2710544825",
"parent":"",
"text":"小心[黑线]",
"mid":"yBzBTBYym",
"date":"2012-09-12 21:37:57"
},
{
"kids":[],
"uid":"1814704502",
"parent":"",
"text":"",
"mid":"yBzBxbRai",
"date":"2012-09-12 21:37:00"
},
{
"kids":[],
"uid":"1638795067",
"parent":"yBz8AlRub",
"text":"对。。。不看好啊。 。",
"mid":"yBzxkh5FF",
"date":"2012-09-12 21:26:38"
},
{
"kids":[],
"uid":"2613417481",
"parent":"",
"text":"卑鄙商贩",
"mid":"yBzwXt1EA",
"date":"2012-09-12 21:25:48"
},
{
"kids":[],
"uid":"1410005132",
"parent":"",
"text":"真是无良商贩！缺德！",
"mid":"yBzwD8azm",
"date":"2012-09-12 21:24:58"
},
{
"kids":[],
"uid":"2384320505",
"parent":"",
"text":"不会是“基因”粉吧",
"mid":"yBztxBIzp",
"date":"2012-09-12 21:17:21"
},
{
"kids":[],
"uid":"1877493973",
"parent":"yBzfbBUCu",
"text":"[吃惊]",
"mid":"yBztslaOS",
"date":"2012-09-12 21:17:06"
},
{
"kids":[],
"uid":"2743541987",
"parent":"yBzlq6aHx",
"text":"",
"mid":"yBzsRFiQT",
"date":"2012-09-12 21:15:41"
},
{
"kids":[],
"uid":"1752384190",
"parent":"yByUDadbE",
"text":"化学造福全人类却坑了全中国的老百姓",
"mid":"yBzr4x7Kn",
"date":"2012-09-12 21:11:14"
},
{
"kids":[],
"uid":"1309240762",
"parent":"",
"text":"自己人在灭自己人，",
"mid":"yBzqcekpK",
"date":"2012-09-12 21:09:07"
},
{
"kids":[],
"uid":"518196781",
"parent":"",
"text":"[吃惊]",
"mid":"yBzprfX4m",
"date":"2012-09-12 21:07:13"
},
{
"kids":[],
"uid":"2105688375",
"parent":"yBz7rsbfv",
"text":"那怎么办？所有商贩都这样的，要么毒死要么饿死，谁叫我们生在中国",
"mid":"yBzpoygoQ",
"date":"2012-09-12 21:07:09"
},
{
"kids":[],
"uid":"2695432314",
"parent":"yByUDadbE",
"text":"",
"mid":"yBzos4xHp",
"date":"2012-09-12 21:04:50"
},
{
"kids":[],
"uid":"330291259",
"parent":"yBzlq6aHx",
"text":"",
"mid":"yBzlWC6J0",
"date":"2012-09-12 20:58:39"
},
{
"kids":[
"yBzsRFiQT",
"yBzlWC6J0"
],
"uid":"2732723395",
"parent":"yBzkqF5CX",
"text":"",
"mid":"yBzlq6aHx",
"date":"2012-09-12 20:57:21"
},
{
"kids":[
"yBzlq6aHx"
],
"uid":"2820820782",
"parent":"yByUDadbE",
"text":"",
"mid":"yBzkqF5CX",
"date":"2012-09-12 20:54:54"
},
{
"kids":[],
"uid":"1974198891",
"parent":"yBzhbrzzd",
"text":"",
"mid":"yBziUpDE1",
"date":"2012-09-12 20:51:10"
},
{
"kids":[],
"uid":"1453375371",
"parent":"yBzgr2WJD",
"text":"我晕，中国这是怎么了？",
"mid":"yBzi7BFml",
"date":"2012-09-12 20:49:15"
},
{
"kids":[
"yBzWJdcxq",
"yBziUpDE1"
],
"uid":"2212634981",
"parent":"yByWPmnta",
"text":"高科技用这了[吃惊]",
"mid":"yBzhbrzzd",
"date":"2012-09-12 20:46:55"
},
{
"kids":[
"yBzi7BFml"
],
"uid":"2263393741",
"parent":"",
"text":"这个，还有什么能吃？",
"mid":"yBzgr2WJD",
"date":"2012-09-12 20:45:04"
},
{
"kids":[
"yCbeUfJXX"
],
"uid":"1005023137",
"parent":"yByZQ9b1H",
"text":"提倡大家不要吃河鱼",
"mid":"yBzgc0xh7",
"date":"2012-09-12 20:44:29"
},
{
"kids":[
"yBzC1lrGd",
"yBztslaOS"
],
"uid":"1004963911",
"parent":"yBzdKEhKs",
"text":"[衰]",
"mid":"yBzfbBUCu",
"date":"2012-09-12 20:42:00"
},
{
"kids":[],
"uid":"1769163684",
"parent":"yByWH5SY8",
"text":"[吃惊][抓狂]",
"mid":"yBzeYkT1M",
"date":"2012-09-12 20:41:27"
},
{
"kids":[],
"uid":"1266204554",
"parent":"",
"text":"真的还是假的呀!为什么总有这么多不安全的食品呢!",
"mid":"yBzeHbFEG",
"date":"2012-09-12 20:40:44"
},
{
"kids":[],
"uid":"2802154834",
"parent":"yBzc7zdFN",
"text":"",
"mid":"yBzdSF8XQ",
"date":"2012-09-12 20:38:47"
},
{
"kids":[],
"uid":"2139630935",
"parent":"",
"text":"",
"mid":"yBzdObUIf",
"date":"2012-09-12 20:38:36"
},
{
"kids":[
"yBzfbBUCu"
],
"uid":"1289297892",
"parent":"yBzd4pWO3",
"text":"国人可怕",
"mid":"yBzdKEhKs",
"date":"2012-09-12 20:38:29"
},
{
"kids":[],
"uid":"2181236140",
"parent":"",
"text":"",
"mid":"yBzdlz9Uc",
"date":"2012-09-12 20:37:28"
},
{
"kids":[],
"uid":"1939062263",
"parent":"yBydc4iKU",
"text":"",
"mid":"yBzd8y8GW",
"date":"2012-09-12 20:36:57"
},
{
"kids":[
"yBBFBDDx4",
"yBzdKEhKs"
],
"uid":"1268714953",
"parent":"yByUDadbE",
"text":"奸商",
"mid":"yBzd4pWO3",
"date":"2012-09-12 20:36:47"
},
{
"kids":[
"yBzdSF8XQ"
],
"uid":"2431657094",
"parent":"yByXD1dEt",
"text":"",
"mid":"yBzc7zdFN",
"date":"2012-09-12 20:34:27"
},
{
"kids":[],
"uid":"2072739303",
"parent":"yByUDadbE",
"text":"",
"mid":"yBzc1FU0b",
"date":"2012-09-12 20:34:14"
},
{
"kids":[],
"uid":"1056550903",
"parent":"yByWz7knT",
"text":"",
"mid":"yBzacv2C5",
"date":"2012-09-12 20:29:40"
},
{
"kids":[],
"uid":"2624163015",
"parent":"yByWH5SY8",
"text":"真有这事啊？那真就丧尽天良了！",
"mid":"yBza8mStq",
"date":"2012-09-12 20:29:30"
},
{
"kids":[],
"uid":"2881447892",
"parent":"yByXq2qOR",
"text":"",
"mid":"yBz9ljFxZ",
"date":"2012-09-12 20:27:35"
},
{
"kids":[],
"uid":"1762021342",
"parent":"",
"text":"他们化学知识都从那儿来的？",
"mid":"yBz8Xr46B",
"date":"2012-09-12 20:26:39"
},
{
"kids":[
"yBDv4qnwU",
"yBzxkh5FF"
],
"uid":"1879498360",
"parent":"yByUDadbE",
"text":"自己买菜并且喜欢次鱼的同学高度注意！[怒骂]@快乐生活的每一天 @女儿周末是公主 @Karen的随心所语 @人生还就是一波抢饭行情 @怀揣梦想的周小白 @DavidHomeAnt",
"mid":"yBz8AlRub",
"date":"2012-09-12 20:25:44"
},
{
"kids":[],
"uid":"2661706373",
"parent":"yBz7rsbfv",
"text":"",
"mid":"yBz7Mrc0y",
"date":"2012-09-12 20:23:42"
},
{
"kids":[
"yBzpoygoQ",
"yBz7Mrc0y"
],
"uid":"2407086382",
"parent":"yByRc7D7N",
"text":"@pepsi小Z",
"mid":"yBz7rsbfv",
"date":"2012-09-12 20:22:55"
},
{
"kids":[],
"uid":"2456226714",
"parent":"",
"text":"晕死，@0柒柒 @西瓜_妈妈",
"mid":"yBz7kDtnK",
"date":"2012-09-12 20:22:38"
},
{
"kids":[],
"uid":"1629918211",
"parent":"yByUDadbE",
"text":"",
"mid":"yBz6mlNjx",
"date":"2012-09-12 20:20:14"
},
{
"kids":[],
"uid":"600120530",
"parent":"",
"text":"",
"mid":"yBz5eCqZ6",
"date":"2012-09-12 20:17:27"
},
{
"kids":[
"yBzSN9nxf"
],
"uid":"2467650171",
"parent":"yByUDadbE",
"text":"",
"mid":"yBz3V3PPQ",
"date":"2012-09-12 20:14:15"
},
{
"kids":[],
"uid":"chengshuangkun",
"parent":"yByXq2qOR",
"text":"",
"mid":"yBz1dyjTq",
"date":"2012-09-12 20:07:35"
},
{
"kids":[],
"uid":"536861232",
"parent":"",
"text":"",
"mid":"yBz1cCDR0",
"date":"2012-09-12 20:07:34"
},
{
"kids":[],
"uid":"2911764670",
"parent":"yByWH5SY8",
"text":"唉！又一打击",
"mid":"yBz0UlPhv",
"date":"2012-09-12 20:06:49"
},
{
"kids":[],
"uid":"Euporie",
"parent":"",
"text":"",
"mid":"yBz0m4h80",
"date":"2012-09-12 20:05:27"
},
{
"kids":[],
"uid":"wswk",
"parent":"yByXq2qOR",
"text":"本人从来不买，但也转发下。",
"mid":"yBz0eEHTX",
"date":"2012-09-12 20:05:09"
},
{
"kids":[],
"uid":"2622351147",
"parent":"yByXq2qOR",
"text":"[吃惊]",
"mid":"yBz0eDorx",
"date":"2012-09-12 20:05:10"
},
{
"kids":[],
"uid":"2319717344",
"parent":"yByUDadbE",
"text":"啊啊。。@李-云龙: 太恐怖了,早晨在菜市场亲眼所见!",
"mid":"yByZYpyoR",
"date":"2012-09-12 20:04:30"
},
{
"kids":[
"yBE9l4vK5",
"yBDzFhra9",
"yBzgc0xh7"
],
"uid":"2619312531",
"parent":"",
"text":"转发微博。",
"mid":"yByZQ9b1H",
"date":"2012-09-12 20:04:11"
},
{
"kids":[],
"uid":"qingdanrulan",
"parent":"yByUDadbE",
"text":"幸好很久不买鱼吃了",
"mid":"yByZHg2VZ",
"date":"2012-09-12 20:03:48"
},
{
"kids":[
"yBzTG8ocG"
],
"uid":"326632828",
"parent":"yByWH5SY8",
"text":"",
"mid":"yByZzg2zU",
"date":"2012-09-12 20:03:27"
},
{
"kids":[],
"uid":"326632828",
"parent":"yByXfmsTQ",
"text":"",
"mid":"yByZufUSv",
"date":"2012-09-12 20:03:19"
},
{
"kids":[],
"uid":"2603410653",
"parent":"yByUDadbE",
"text":"鱼活了，人死了[悲伤][抓狂]",
"mid":"yByZnt1mF",
"date":"2012-09-12 20:03:01"
},
{
"kids":[],
"uid":"ioumvp",
"parent":"",
"text":"既然没有人把「害人之心不可有」听进去，那么全社会就一起践行「防人之心不可无」吧！再无互信互爱的中华民族？！",
"mid":"yByZd6lmv",
"date":"2012-09-12 20:02:39"
},
{
"kids":[],
"uid":"208180801",
"parent":"",
"text":"",
"mid":"yByZ9jOx3",
"date":"2012-09-12 20:02:29"
},
{
"kids":[],
"uid":"xinguangwuxian",
"parent":"",
"text":"[奥特曼]",
"mid":"yByYB30Le",
"date":"2012-09-12 20:01:06"
},
{
"kids":[],
"uid":"1881064847",
"parent":"yByXq2qOR",
"text":"",
"mid":"yByXWf8po",
"date":"2012-09-12 19:59:29"
},
{
"kids":[
"yBzc7zdFN"
],
"uid":"1630604040",
"parent":"",
"text":"",
"mid":"yByXD1dEt",
"date":"2012-09-12 19:58:42"
},
{
"kids":[
"yBAd28N4i",
"yBAcd23zY",
"yBzQiA8AF",
"yBz9ljFxZ",
"yBz1dyjTq",
"yBz0eEHTX",
"yBz0eDorx",
"yByXWf8po"
],
"uid":"275779959",
"parent":"yByUDadbE",
"text":"扩散",
"mid":"yByXq2qOR",
"date":"2012-09-12 19:58:13"
},
{
"kids":[
"yByZufUSv"
],
"uid":"qianyi19610509",
"parent":"yByWH5SY8",
"text":"",
"mid":"yByXfmsTQ",
"date":"2012-09-12 19:57:47"
},
{
"kids":[
"yBDj1rymQ",
"yBzYToeQP",
"yBzhbrzzd"
],
"uid":"1728060144",
"parent":"yByUDadbE",
"text":"",
"mid":"yByWPmnta",
"date":"2012-09-12 19:56:45"
},
{
"kids":[
"yBzeYkT1M",
"yBza8mStq",
"yBz0UlPhv",
"yByZzg2zU",
"yByXfmsTQ"
],
"uid":"2362699343",
"parent":"yByU62V3m",
"text":"鱼活了，人死了[抓狂]",
"mid":"yByWH5SY8",
"date":"2012-09-12 19:56:26"
},
{
"kids":[
"yBzacv2C5"
],
"uid":"2139826413",
"parent":"",
"text":"[吃惊]",
"mid":"yByWz7knT",
"date":"2012-09-12 19:56:07"
},
{
"kids":[],
"uid":"1319744393",
"parent":"yByUDadbE",
"text":"中国还有什么可以放心吃的食物～",
"mid":"yByW0hJp2",
"date":"2012-09-12 19:54:41"
},
{
"kids":[],
"uid":"1321701473",
"parent":"yByUDadbE",
"text":"",
"mid":"yByVXjEJe",
"date":"2012-09-12 19:54:35"
},
{
"kids":[],
"uid":"careoldpeople",
"parent":"yByUDadbE",
"text":"",
"mid":"yByVhDhRj",
"date":"2012-09-12 19:52:58"
},
{
"kids":[
"yBAdRdUpH",
"yBA08vwxv",
"yBzQv3DjF",
"yBzr4x7Kn",
"yBzos4xHp",
"yBzkqF5CX",
"yBzd4pWO3",
"yBzc1FU0b",
"yBz8AlRub",
"yBz6mlNjx",
"yBz3V3PPQ",
"yByZYpyoR",
"yByZHg2VZ",
"yByZnt1mF",
"yByXq2qOR",
"yByWPmnta",
"yByW0hJp2",
"yByVXjEJe",
"yByVhDhRj"
],
"uid":"207170707",
"parent":"",
"text":"太恐怖了,早晨在菜市场亲眼所见!",
"mid":"yByUDadbE",
"date":"2012-09-12 19:51:21"
},
{
"kids":[
"yByWH5SY8"
],
"uid":"326632828",
"parent":"",
"text":"",
"mid":"yByU62V3m",
"date":"2012-09-12 19:50:02"
},
{
"kids":[],
"uid":"2051228237",
"parent":"",
"text":"害人！",
"mid":"yBySrxejY",
"date":"2012-09-12 19:45:58"
},
{
"kids":[
"yBz7rsbfv"
],
"uid":"1463420445",
"parent":"yByLe9gGW",
"text":"这东西什么成分？",
"mid":"yByRc7D7N",
"date":"2012-09-12 19:42:53"
},
{
"kids":[
"yByRc7D7N"
],
"uid":"2411375061",
"parent":"yByxkdXll",
"text":"",
"mid":"yByLe9gGW",
"date":"2012-09-12 19:28:08"
},
{
"kids":[
"yBCUWkfPy",
"yByLe9gGW"
],
"uid":"2658404573",
"parent":"yByx1BNbP",
"text":"",
"mid":"yByxkdXll",
"date":"2012-09-12 18:53:54"
},
{
"kids":[
"yByxkdXll"
],
"uid":"2949502984",
"parent":"yBydc4iKU",
"text":"[吃惊]",
"mid":"yByx1BNbP",
"date":"2012-09-12 18:53:12"
},
{
"kids":[],
"uid":"2298749771",
"parent":"",
"text":"吃空气？还是不行啊。",
"mid":"yBynNttI9",
"date":"2012-09-12 18:30:27"
},
{
"kids":[
"yBzd8y8GW",
"yByx1BNbP"
],
"uid":"2967819682",
"parent":"yBuiyeNhY",
"text":"[吃惊]",
"mid":"yBydc4iKU",
"date":"2012-09-12 18:04:18"
},
{
"kids":[],
"uid":"1606216275",
"parent":"",
"text":"回光返照，灵丹妙药",
"mid":"yBy3aiXm6",
"date":"2012-09-12 17:39:38"
},
{
"kids":[],
"uid":"heroispdds",
"parent":"yBwj2baYW",
"text":"好！好评论！@牧马冲",
"mid":"yBy0JmsKI",
"date":"2012-09-12 17:33:36"
},
{
"kids":[],
"uid":"2845159417",
"parent":"",
"text":"",
"mid":"yBxXBaeaz",
"date":"2012-09-12 17:25:55"
},
{
"kids":[],
"uid":"1780760392",
"parent":"yBxThsJPx",
"text":"在中国吃什么是安全的[怒]",
"mid":"yBxVda4cK",
"date":"2012-09-12 17:20:00"
},
{
"kids":[
"yBxVda4cK"
],
"uid":"1732431632",
"parent":"yBuy46WiB",
"text":"以后要吃死鱼了~",
"mid":"yBxThsJPx",
"date":"2012-09-12 17:15:16"
},
{
"kids":[],
"uid":"naomi2006454427",
"parent":"yBu3QCqPE",
"text":"市民们争先购买死鱼。",
"mid":"yBxO2aD4n",
"date":"2012-09-12 17:02:21"
},
{
"kids":[],
"uid":"1401214055",
"parent":"yBuKP5Us1",
"text":"",
"mid":"yBxyYlGkU",
"date":"2012-09-12 16:25:15"
},
{
"kids":[
"z2PnxCYnJ",
"z2KpCcmsu",
"z2KpBAILn",
"yCkXl2SbR"
],
"uid":"1850813775",
"parent":"",
"text":"",
"mid":"yBxv5xyhe",
"date":"2012-09-12 16:15:41"
},
{
"kids":[],
"uid":"2767452045",
"parent":"yBtTrk4mc",
"text":"恐怖！",
"mid":"yBxmgCgZS",
"date":"2012-09-12 15:53:55"
},
{
"kids":[],
"uid":"1657323817",
"parent":"yBtXoeGKj",
"text":"",
"mid":"yBxiRCSAm",
"date":"2012-09-12 15:45:34"
},
{
"kids":[],
"uid":"2751290731",
"parent":"yBqXTobxs",
"text":"",
"mid":"yBxeIeS7f",
"date":"2012-09-12 15:35:18"
},
{
"kids":[],
"uid":"wb7912311812",
"parent":"",
"text":"这个和街上卖小狗的一样，都是给动物吃一种激素，相当于兴奋剂，让动物暂时显得非常有精神，但对动物本身是种伤害，而且作用时间也不是很长，卖水产的人都知道，那种药在水产批发的地方就能买到",
"mid":"yBx2rm4f2",
"date":"2012-09-12 15:05:06"
},
{
"kids":[],
"uid":"pinoko13",
"parent":"yBwKg4HwO",
"text":"@早起鸟儿被虫吃 咱这周还吃鱼么",
"mid":"yBx2bpCt7",
"date":"2012-09-12 15:04:29"
},
{
"kids":[],
"uid":"1740456962",
"parent":"",
"text":"",
"mid":"yBwZv3K5R",
"date":"2012-09-12 14:57:51"
},
{
"kids":[],
"uid":"1258736680",
"parent":"yBu40pG1E",
"text":"中国奸商能少做点这么恶心人的事情 么？？？",
"mid":"yBwSaydma",
"date":"2012-09-12 14:39:48"
},
{
"kids":[],
"uid":"315887999",
"parent":"",
"text":"",
"mid":"yBwOYARSl",
"date":"2012-09-12 14:31:56"
},
{
"kids":[],
"uid":"1938913280",
"parent":"yBwKg4HwO",
"text":"[生病]",
"mid":"yBwLo7Ivu",
"date":"2012-09-12 14:23:05"
},
{
"kids":[
"yBx2bpCt7",
"yBwLo7Ivu"
],
"uid":"1408998777",
"parent":"",
"text":"@apollo_duan",
"mid":"yBwKg4HwO",
"date":"2012-09-12 14:20:18"
},
{
"kids":[],
"uid":"2624724581",
"parent":"",
"text":"",
"mid":"yBwJYDVvF",
"date":"2012-09-12 14:19:37"
},
{
"kids":[
"yC95L7cGT"
],
"uid":"1400548477",
"parent":"yBva1nA50",
"text":"",
"mid":"yBwI9sFBn",
"date":"2012-09-12 14:15:06"
},
{
"kids":[],
"uid":"2144467591",
"parent":"yBvKlBVLm",
"text":"都是嘛东西啊！！！[怒]",
"mid":"yBwundmyu",
"date":"2012-09-12 13:41:11"
},
{
"kids":[],
"uid":"yangyijessie",
"parent":"",
"text":"希望是谣言[衰]",
"mid":"yBwrlgOOW",
"date":"2012-09-12 13:33:43"
},
{
"kids":[
"yBy0JmsKI"
],
"uid":"fswbwbwb",
"parent":"yBvCgsJQr",
"text":"有没有人愿意揭幕下",
"mid":"yBwj2baYW",
"date":"2012-09-12 13:13:14"
},
{
"kids":[],
"uid":"1118196945",
"parent":"yBuyKE0SQ",
"text":"天啊 ，还有人性不？[怒][怒][怒]",
"mid":"yBw8jmLzs",
"date":"2012-09-12 12:46:49"
},
{
"kids":[],
"uid":"1917328963",
"parent":"yBvs3bYmF",
"text":"比起钓鱼岛，其实我更关心食品安全问题。。。",
"mid":"yBvSmATNQ",
"date":"2012-09-12 12:07:32"
},
{
"kids":[],
"uid":"1440614327",
"parent":"",
"text":"[弱]",
"mid":"yBvQvmR2j",
"date":"2012-09-12 12:02:57"
},
{
"kids":[],
"uid":"1756424515",
"parent":"",
"text":"转发微博。",
"mid":"yBvNumgEx",
"date":"2012-09-12 11:55:31"
},
{
"kids":[],
"uid":"1661482603",
"parent":"yBvdVlMhw",
"text":"辟谣链接 http:",
"mid":"yBvKnDUmZ",
"date":"2012-09-12 11:47:52"
},
{
"kids":[
"yBwundmyu"
],
"uid":"zygoddess",
"parent":"yBvdNEErp",
"text":"发现一个枪毙一个，我就不信了还有人敢做",
"mid":"yBvKlBVLm",
"date":"2012-09-12 11:47:45"
},
{
"kids":[
"yBwj2baYW"
],
"uid":"lxy6051",
"parent":"",
"text":"",
"mid":"yBvCgsJQr",
"date":"2012-09-12 11:27:52"
},
{
"kids":[],
"uid":"fengkangzhen",
"parent":"yBuL8CFX9",
"text":"",
"mid":"yBvzBze7r",
"date":"2012-09-12 11:21:19"
},
{
"kids":[],
"uid":"1732906105",
"parent":"yBtXoeGKj",
"text":"这个是固态双氧水，增加水氧容量，对人无害",
"mid":"yBvyLhSBd",
"date":"2012-09-12 11:19:14"
},
{
"kids":[],
"uid":"1622071495",
"parent":"yBujxpYQu",
"text":"",
"mid":"yBvtLkQtW",
"date":"2012-09-12 11:06:54"
},
{
"kids":[],
"uid":"1813153565",
"parent":"yButosSn5",
"text":"",
"mid":"yBvt3AmPq",
"date":"2012-09-12 11:05:12"
},
{
"kids":[],
"uid":"1871448625",
"parent":"yBuPe9314",
"text":"没事。吃吧。那东西是固体双氧水。双氧水你应该很了解吧",
"mid":"yBvsK2UYD",
"date":"2012-09-12 11:04:24"
},
{
"kids":[
"yBvSmATNQ"
],
"uid":"rucer",
"parent":"yBu8L0XwC",
"text":"@老管管:[怒][怒][怒] 无语~",
"mid":"yBvs3bYmF",
"date":"2012-09-12 11:02:42"
},
{
"kids":[],
"uid":"shtxp",
"parent":"",
"text":"",
"mid":"yBvhc62Mt",
"date":"2012-09-12 10:35:57"
},
{
"kids":[],
"uid":"2739875685",
"parent":"",
"text":"[哼][哼][哼]",
"mid":"yBvgzo6Ud",
"date":"2012-09-12 10:34:24"
},
{
"kids":[
"yBvKnDUmZ"
],
"uid":"1950232683",
"parent":"yBuUFhYsk",
"text":"",
"mid":"yBvdVlMhw",
"date":"2012-09-12 10:27:54"
},
{
"kids":[],
"uid":"2676175971",
"parent":"",
"text":"",
"mid":"yBvdUsxoc",
"date":"2012-09-12 10:27:52"
},
{
"kids":[
"yBvKlBVLm"
],
"uid":"2466328093",
"parent":"yBuMccEQB",
"text":"奶奶的。",
"mid":"yBvdNEErp",
"date":"2012-09-12 10:27:36"
},
{
"kids":[],
"uid":"1744215513",
"parent":"yBui5gKG8",
"text":"",
"mid":"yBvcV4ery",
"date":"2012-09-12 10:25:24"
},
{
"kids":[],
"uid":"bendanxiong",
"parent":"",
"text":"一个中国人，拍扁了，就是一张元素周期表。",
"mid":"yBvbSkfQt",
"date":"2012-09-12 10:22:49"
},
{
"kids":[
"yBwI9sFBn"
],
"uid":"2951108530",
"parent":"",
"text":"",
"mid":"yBva1nA50",
"date":"2012-09-12 10:18:16"
},
{
"kids":[],
"uid":"lavendermj",
"parent":"yBuUFhYsk",
"text":"晕！",
"mid":"yBv7ti5xP",
"date":"2012-09-12 10:12:00"
},
{
"kids":[],
"uid":"1910393333",
"parent":"yBv1smm8O",
"text":"我说我为啥越来越笨了！都是他们害的呀！",
"mid":"yBv30ppl6",
"date":"2012-09-12 10:00:59"
},
{
"kids":[],
"uid":"1196079022",
"parent":"yBtXoeGKj",
"text":"您看看，是真的吗？@屁宝86 @李承鹏",
"mid":"yBv2cczhi",
"date":"2012-09-12 09:59:00"
},
{
"kids":[
"yBv30ppl6"
],
"uid":"2495564247",
"parent":"yBuuusgF0",
"text":"",
"mid":"yBv1smm8O",
"date":"2012-09-12 09:57:11"
},
{
"kids":[],
"uid":"1734823617",
"parent":"",
"text":"",
"mid":"yBv0yuKVH",
"date":"2012-09-12 09:54:58"
},
{
"kids":[],
"uid":"2483935832",
"parent":"yBuzC6ciI",
"text":"",
"mid":"yBuZduGaW",
"date":"2012-09-12 09:51:41"
},
{
"kids":[],
"uid":"2392802972",
"parent":"",
"text":"",
"mid":"yBuYo6XVY",
"date":"2012-09-12 09:49:37"
},
{
"kids":[],
"uid":"1882076327",
"parent":"yBu8L0XwC",
"text":"",
"mid":"yBuYiaQ7y",
"date":"2012-09-12 09:49:22"
},
{
"kids":[],
"uid":"zhuyunfeng0306",
"parent":"",
"text":"",
"mid":"yBuY4iPMN",
"date":"2012-09-12 09:48:49"
},
{
"kids":[],
"uid":"1494819753",
"parent":"yBtXoeGKj",
"text":"@牧马冲:周曰我去菜市场也看见有鱼档再加我问是啥玩意，档主说是海盐，我当时还奇怪淡水鱼为啥加海盐，连老百姓赖以生存的食品和药品都没有安全可言，都管理不好,谈什么民族尊严国家主权。",
"mid":"yBuWFpgTs",
"date":"2012-09-12 09:45:23"
},
{
"kids":[],
"uid":"irina1927",
"parent":"yBuOH3jWK",
"text":"让我们吃什么？",
"mid":"yBuVJdBqu",
"date":"2012-09-12 09:43:04"
},
{
"kids":[
"yBvdVlMhw",
"yBv7ti5xP"
],
"uid":"2645700973",
"parent":"",
"text":"",
"mid":"yBuUFhYsk",
"date":"2012-09-12 09:40:27"
},
{
"kids":[],
"uid":"2027441770",
"parent":"yBultoLQo",
"text":"",
"mid":"yBuUzFWNg",
"date":"2012-09-12 09:40:14"
},
{
"kids":[],
"uid":"jxyt3166",
"parent":"",
"text":"",
"mid":"yBuTLbqxR",
"date":"2012-09-12 09:38:13"
},
{
"kids":[],
"uid":"1062769684",
"parent":"yBuIcyDKY",
"text":"[怒]",
"mid":"yBuRCsk2s",
"date":"2012-09-12 09:32:58"
},
{
"kids":[],
"uid":"1964762065",
"parent":"yBuzYihem",
"text":"能说什么?",
"mid":"yBuRxrXZD",
"date":"2012-09-12 09:32:44"
},
{
"kids":[],
"uid":"2803860733",
"parent":"yBuo6dkgz",
"text":"侧那",
"mid":"yBuQ1sc5e",
"date":"2012-09-12 09:29:01"
},
{
"kids":[],
"uid":"1874858371",
"parent":"yBuBmwXYs",
"text":"",
"mid":"yBuPwtQId",
"date":"2012-09-12 09:27:47"
},
{
"kids":[
"yBvsK2UYD"
],
"uid":"9591lele",
"parent":"yBuIcyDKY",
"text":"[泪]",
"mid":"yBuPe9314",
"date":"2012-09-12 09:27:03"
},
{
"kids":[],
"uid":"1173015784",
"parent":"",
"text":"",
"mid":"yBuOQbgjG",
"date":"2012-09-12 09:26:05"
},
{
"kids":[
"yBuVJdBqu"
],
"uid":"2032787863",
"parent":"yBuo6dkgz",
"text":"",
"mid":"yBuOH3jWK",
"date":"2012-09-12 09:25:44"
},
{
"kids":[],
"uid":"2004565945",
"parent":"",
"text":"吓人",
"mid":"yBuOH3jUS",
"date":"2012-09-12 09:25:44"
},
{
"kids":[],
"uid":"hanlovehe",
"parent":"",
"text":"[怒]",
"mid":"yBuOEoHCT",
"date":"2012-09-12 09:25:38"
},
{
"kids":[],
"uid":"2836075265",
"parent":"yBqWGmMxB",
"text":"",
"mid":"yBuOxzIsK",
"date":"2012-09-12 09:25:23"
},
{
"kids":[],
"uid":"2114831693",
"parent":"yBumPyAg8",
"text":"[怒]",
"mid":"yBuOc1FwC",
"date":"2012-09-12 09:24:30"
},
{
"kids":[],
"uid":"2505290220",
"parent":"yBumxzbuy",
"text":"没有其他可以选择 ，没有一样是安全的",
"mid":"yBuObaHFL",
"date":"2012-09-12 09:24:28"
},
{
"kids":[],
"uid":"tangtang880606",
"parent":"yBtXoeGKj",
"text":"",
"mid":"yBuNYohAK",
"date":"2012-09-12 09:23:58"
},
{
"kids":[
"yBvdNEErp"
],
"uid":"208567090",
"parent":"yBuJ3agF0",
"text":"现在这个太正常了~唉",
"mid":"yBuMccEQB",
"date":"2012-09-12 09:19:35"
},
{
"kids":[
"yBvzBze7r"
],
"uid":"2232712322",
"parent":"yBqCC3pzB",
"text":"",
"mid":"yBuL8CFX9",
"date":"2012-09-12 09:16:59"
},
{
"kids":[
"yBxyYlGkU"
],
"uid":"shaolangc",
"parent":"",
"text":"赶尸是不是也是这原理？",
"mid":"yBuKP5Us1",
"date":"2012-09-12 09:16:13"
},
{
"kids":[],
"uid":"2819088492",
"parent":"",
"text":"",
"mid":"yBuJSCzxV",
"date":"2012-09-12 09:13:51"
},
{
"kids":[
"yBuMccEQB"
],
"uid":"billkang2012",
"parent":"yBuIcyDKY",
"text":"[鄙视]",
"mid":"yBuJ3agF0",
"date":"2012-09-12 09:11:50"
},
{
"kids":[
"yBuRCsk2s",
"yBuPe9314",
"yBuJ3agF0"
],
"uid":"sunlight911",
"parent":"yBujWfrkK",
"text":"[吃惊]，打哪个报警电话？",
"mid":"yBuIcyDKY",
"date":"2012-09-12 09:09:45"
},
{
"kids":[],
"uid":"2060726415",
"parent":"yBuDPkydY",
"text":"这条貌似辟谣过。",
"mid":"yBuGTkMQh",
"date":"2012-09-12 09:06:31"
},
{
"kids":[],
"uid":"2281959142",
"parent":"",
"text":"转发微博。",
"mid":"yBuGTk3eQ",
"date":"2012-09-12 09:06:30"
},
{
"kids":[],
"uid":"2389068227",
"parent":"",
"text":"",
"mid":"yBuGg3UE6",
"date":"2012-09-12 09:04:57"
},
{
"kids":[],
"uid":"2605833212",
"parent":"yBuv02Z6P",
"text":"",
"mid":"yBuEC6lH6",
"date":"2012-09-12 09:00:53"
},
{
"kids":[
"yBuGTkMQh"
],
"uid":"2135263101",
"parent":"yButocv6k",
"text":"不买菜的真不知道[吃惊]",
"mid":"yBuDPkydY",
"date":"2012-09-12 08:58:58"
},
{
"kids":[
"z0lAoyarU"
],
"uid":"1796844801",
"parent":"yButosSn5",
"text":"唉！",
"mid":"yBuDLro0Y",
"date":"2012-09-12 08:58:49"
},
{
"kids":[],
"uid":"1989183983",
"parent":"yBu6YaARv",
"text":"",
"mid":"yBuDH5sms",
"date":"2012-09-12 08:58:38"
},
{
"kids":[],
"uid":"1809633087",
"parent":"yBtShsfWe",
"text":"活鱼不能吃了吗？",
"mid":"yBuCO4U3D",
"date":"2012-09-12 08:56:26"
},
{
"kids":[],
"uid":"1662843741",
"parent":"yBuqzyp8H",
"text":"",
"mid":"yBuCy9TsS",
"date":"2012-09-12 08:55:49"
},
{
"kids":[],
"uid":"209286865",
"parent":"",
"text":"君子好财取之有道！别挣昧良心的钱！",
"mid":"yBuCp0ihA",
"date":"2012-09-12 08:55:26"
},
{
"kids":[],
"uid":"1847886503",
"parent":"yBtXoeGKj",
"text":"",
"mid":"yBuC35NDI",
"date":"2012-09-12 08:54:35"
},
{
"kids":[
"yBuPwtQId"
],
"uid":"1405772880",
"parent":"yBujxpYQu",
"text":"'",
"mid":"yBuBmwXYs",
"date":"2012-09-12 08:52:54"
},
{
"kids":[],
"uid":"2702179572",
"parent":"",
"text":"哪间鱼档，快点人肉出来！！！！",
"mid":"yBuB61JNR",
"date":"2012-09-12 08:52:14"
},
{
"kids":[
"yBuRxrXZD"
],
"uid":"2883939384",
"parent":"",
"text":"",
"mid":"yBuzYihem",
"date":"2012-09-12 08:49:26"
},
{
"kids":[
"yBuZduGaW"
],
"uid":"2415977181",
"parent":"",
"text":"啥也不敢吃了，自己把花园打理成菜园自供自足算了。",
"mid":"yBuzC6ciI",
"date":"2012-09-12 08:48:35"
},
{
"kids":[],
"uid":"rszer",
"parent":"yBuywsZuo",
"text":"",
"mid":"yBuz3f5mZ",
"date":"2012-09-12 08:47:12"
},
{
"kids":[],
"uid":"1193100700",
"parent":"",
"text":"【菜市场活蹦乱跳的鱼】去买鱼，结果看到惊人一幕，摊贩往水盆内加入一种白色粉未，迅速用手搅拌，一会功夫白色粉未溶解，将半死不活的鱼虾倒入其中，一会儿就活蹦乱跳开，仿佛刚从河中捕回来的。这是一种能够致癌的催化剂，俗称鱼浮灵，对智力也有影响。相互转告一下！",
"mid":"yBuyViuNi",
"date":"2012-09-12 08:46:53"
},
{
"kids":[],
"uid":"2273903041",
"parent":"yBukHfPuu",
"text":"",
"mid":"yBuyVeLb0",
"date":"2012-09-12 08:46:53"
},
{
"kids":[
"yBw8jmLzs"
],
"uid":"2499692515",
"parent":"yBtXoeGKj",
"text":"舌尖上的元素周期表",
"mid":"yBuyKE0SQ",
"date":"2012-09-12 08:46:27"
},
{
"kids":[],
"uid":"1193100700",
"parent":"yBujxpYQu",
"text":"",
"mid":"yBuyIh5lN",
"date":"2012-09-12 08:46:22"
},
{
"kids":[
"yBuz3f5mZ"
],
"uid":"jhmc1987",
"parent":"yBtXoeGKj",
"text":"",
"mid":"yBuywsZuo",
"date":"2012-09-12 08:45:54"
},
{
"kids":[],
"uid":"2129388795",
"parent":"",
"text":"",
"mid":"yBuylfij7",
"date":"2012-09-12 08:45:27"
},
{
"kids":[
"yBxThsJPx"
],
"uid":"2418455242",
"parent":"yBumxzbuy",
"text":"那怎么还敢给小朋友吃@小偲猪猪",
"mid":"yBuy46WiB",
"date":"2012-09-12 08:44:46"
},
{
"kids":[],
"uid":"1855111107",
"parent":"",
"text":"回光返照。",
"mid":"yBuxuk7og",
"date":"2012-09-12 08:43:21"
},
{
"kids":[
"yCfxfxifv",
"yC61LBR7d"
],
"uid":"11271988",
"parent":"",
"text":"还有啥是真正无毒无害无添加的啊[泪]",
"mid":"yBuvYmH1h",
"date":"2012-09-12 08:39:36"
},
{
"kids":[],
"uid":"536601205",
"parent":"",
"text":"",
"mid":"yBuvBjGvd",
"date":"2012-09-12 08:38:41"
},
{
"kids":[],
"uid":"moodeer",
"parent":"",
"text":"八角茴香刚看不能吃，这活鱼也不能吃",
"mid":"yBuvq4PiX",
"date":"2012-09-12 08:38:14"
},
{
"kids":[],
"uid":"1827902887",
"parent":"",
"text":"",
"mid":"yBuvhbgCs",
"date":"2012-09-12 08:37:55"
},
{
"kids":[],
"uid":"1660361617",
"parent":"",
"text":"工商品粮人只顾查证收钱，",
"mid":"yBuv9fgao",
"date":"2012-09-12 08:37:35"
},
{
"kids":[
"yBuEC6lH6"
],
"uid":"gxchenzhi",
"parent":"yBuudjVoq",
"text":"",
"mid":"yBuv02Z6P",
"date":"2012-09-12 08:37:13"
},
{
"kids":[],
"uid":"2190026373",
"parent":"yBuiQiy7F",
"text":"",
"mid":"yBuuCr1b0",
"date":"2012-09-12 08:36:17"
},
{
"kids":[],
"uid":"1115591547",
"parent":"yBupy3GTi",
"text":"",
"mid":"yBuuztGHf",
"date":"2012-09-12 08:36:09"
},
{
"kids":[
"yBv1smm8O"
],
"uid":"xlalu",
"parent":"yBupSFJJW",
"text":"",
"mid":"yBuuusgF0",
"date":"2012-09-12 08:35:58"
},
{
"kids":[],
"uid":"1074440983",
"parent":"",
"text":"下饭馆吧",
"mid":"yBuusndIo",
"date":"2012-09-12 08:35:53"
},
{
"kids":[
"yBuv02Z6P"
],
"uid":"1869084384",
"parent":"",
"text":"",
"mid":"yBuudjVoq",
"date":"2012-09-12 08:35:17"
},
{
"kids":[],
"uid":"1577938447",
"parent":"yBuqTCKEN",
"text":"上海有吗？有人管吗？@上海发布",
"mid":"yButS3pfa",
"date":"2012-09-12 08:34:26"
},
{
"kids":[],
"uid":"cyy2010415",
"parent":"",
"text":"要想吃的安全，看来是没指望了。",
"mid":"yButCoJ12",
"date":"2012-09-12 08:33:48"
},
{
"kids":[
"yBvt3AmPq",
"yBuDLro0Y"
],
"uid":"scls",
"parent":"",
"text":"",
"mid":"yButosSn5",
"date":"2012-09-12 08:33:16"
},
{
"kids":[
"yBIizlO6C",
"yBuDPkydY"
],
"uid":"1401181907",
"parent":"yBu1tepsQ",
"text":"哪里能买到不加粉的？",
"mid":"yButocv6k",
"date":"2012-09-12 08:33:15"
},
{
"kids":[],
"uid":"1662134267",
"parent":"yBrsV2OS3",
"text":"真希望食品安全警钟 长鸣！冯老师早安！",
"mid":"yBusZDXQT",
"date":"2012-09-12 08:32:17"
},
{
"kids":[],
"uid":"2300624797",
"parent":"",
"text":"[怒]",
"mid":"yBusOtfrS",
"date":"2012-09-12 08:31:49"
},
{
"kids":[],
"uid":"1925666657",
"parent":"yBuq1g6cX",
"text":"回复@瑞恩船长:美食生活家！全能帅哦~",
"mid":"yBusOpPt0",
"date":"2012-09-12 08:31:50"
},
{
"kids":[
"yBEtE87cY"
],
"uid":"2475104511",
"parent":"yBtXoeGKj",
"text":"",
"mid":"yBusf0vWg",
"date":"2012-09-12 08:30:25"
},
{
"kids":[],
"uid":"1817630033",
"parent":"",
"text":"",
"mid":"yBur63FRu",
"date":"2012-09-12 08:27:36"
},
{
"kids":[
"yButS3pfa"
],
"uid":"2329772001",
"parent":"yBuibe1xh",
"text":"这些商家为了赚钱，让消费者招招致命[吃惊][怒]",
"mid":"yBuqTCKEN",
"date":"2012-09-12 08:27:06"
},
{
"kids":[
"yBuCy9TsS"
],
"uid":"1841334123",
"parent":"yBubQtJCc",
"text":"这也不能吃了",
"mid":"yBuqzyp8H",
"date":"2012-09-12 08:26:19"
},
{
"kids":[],
"uid":"2118654115",
"parent":"",
"text":"首先，正常的鱼浮灵是固态双氧水，能迅速给水增加氧气，没有毒。鱼吸氧了，自然活蹦乱跳。只是有可能不法分子在制作的时候加入工业双氧水，那么可能会含有重金属。这和鱼贩无关。",
"mid":"yBuqugACh",
"date":"2012-09-12 08:26:05"
},
{
"kids":[],
"uid":"biglazy",
"parent":"yBui8x7cC",
"text":"真相",
"mid":"yBuq61yn2",
"date":"2012-09-12 08:25:09"
},
{
"kids":[
"yBusOpPt0"
],
"uid":"1925666657",
"parent":"yBuo9sfRA",
"text":"毛豆米烧鱼？新煮方。8丑！",
"mid":"yBuq1g6cX",
"date":"2012-09-12 08:24:57"
},
{
"kids":[],
"uid":"2304021524",
"parent":"yBuo6dkgz",
"text":"Urh...",
"mid":"yBupUsdx8",
"date":"2012-09-12 08:24:41"
},
{
"kids":[
"yBuuusgF0"
],
"uid":"2549879537",
"parent":"yBucS2bg2",
"text":"中国人的本事就是残害自己人，没得救了",
"mid":"yBupSFJJW",
"date":"2012-09-12 08:24:36"
},
{
"kids":[
"yBAGjkXRI",
"yBuuztGHf"
],
"uid":"1881822572",
"parent":"",
"text":"",
"mid":"yBupy3GTi",
"date":"2012-09-12 08:23:46"
},
{
"kids":[],
"uid":"2385193412",
"parent":"yBtXoeGKj",
"text":"不把元素周期表吃一遍，就不是真正的中国人！自己人对自己人都不好，还指望别国人？",
"mid":"yBups929t",
"date":"2012-09-12 08:23:33"
},
{
"kids":[],
"uid":"2526296591",
"parent":"yBu2yhZk1",
"text":"不吃海鲜了！ /:可以骂人吗",
"mid":"yBuoYzDBD",
"date":"2012-09-12 08:22:23"
},
{
"kids":[],
"uid":"2281162644",
"parent":"",
"text":"",
"mid":"yBuovkoAr",
"date":"2012-09-12 08:21:13"
},
{
"kids":[],
"uid":"1739402121",
"parent":"",
"text":"尼码。",
"mid":"yBuodAqoS",
"date":"2012-09-12 08:20:31"
},
{
"kids":[
"yBuq1g6cX"
],
"uid":"captain01",
"parent":"",
"text":"昨晚毛豆米烧鱼的一股土腥味，没法吃！",
"mid":"yBuo9sfRA",
"date":"2012-09-12 08:20:20"
},
{
"kids":[
"yBuQ1sc5e",
"yBuOH3jWK",
"yBupUsdx8"
],
"uid":"1401336452",
"parent":"yBukyCVYD",
"text":"绝对真实！！！",
"mid":"yBuo6dkgz",
"date":"2012-09-12 08:20:13"
},
{
"kids":[],
"uid":"2115106222",
"parent":"",
"text":"",
"mid":"yBunBsuuv",
"date":"2012-09-12 08:18:59"
},
{
"kids":[],
"uid":"1679384610",
"parent":"",
"text":"",
"mid":"yBunz5dRf",
"date":"2012-09-12 08:18:53"
},
{
"kids":[],
"uid":"1799850084",
"parent":"",
"text":"",
"mid":"yBunxmdSA",
"date":"2012-09-12 08:18:49"
},
{
"kids":[],
"uid":"1405528337",
"parent":"",
"text":"回复@yishenger:碳酸钠吃了没事么？[悲伤]",
"mid":"yBumWoEbh",
"date":"2012-09-12 08:17:21"
},
{
"kids":[],
"uid":"1260678870",
"parent":"",
"text":"别吃鱼了",
"mid":"yBumREfHH",
"date":"2012-09-12 08:17:11"
},
{
"kids":[
"yBuOc1FwC"
],
"uid":"2649560065",
"parent":"yBuhtrevK",
"text":"",
"mid":"yBumPyAg8",
"date":"2012-09-12 08:17:06"
},
{
"kids":[
"yBuObaHFL",
"yBuy46WiB"
],
"uid":"2362718750",
"parent":"yBugffirB",
"text":"@Kevin_zhou888 @puddingjoe @wenjun1108 @-Joella- @@rebecca_polaris @yuping1118 周曰我去菜市场也看见有鱼档再加我问是啥玩意，档主说是海盐，我当时还奇怪淡水鱼为啥加海盐，连老百姓赖以生存的食品和药品都没有安全可言，都管理不好[弱]",
"mid":"yBumxzbuy",
"date":"2012-09-12 08:16:23"
},
{
"kids":[
"yBuUzFWNg"
],
"uid":"kebinkebin",
"parent":"yBujxpYQu",
"text":"",
"mid":"yBultoLQo",
"date":"2012-09-12 08:13:44"
},
{
"kids":[],
"uid":"1663541425",
"parent":"",
"text":"天天要学习",
"mid":"yBulmAMDA",
"date":"2012-09-12 08:13:28"
},
{
"kids":[],
"uid":"1827902887",
"parent":"",
"text":"[思考] @点子正 @辟谣联盟 @果壳网 如果有这种粉末效用呢？持续时间呢！一旦过了时间那就速死了",
"mid":"yBull6T4e",
"date":"2012-09-12 08:13:25"
},
{
"kids":[],
"uid":"xiaoyi666",
"parent":"",
"text":"",
"mid":"yBulipA0D",
"date":"2012-09-12 08:13:19"
},
{
"kids":[],
"uid":"baozitd",
"parent":"",
"text":"死的比活的好，黑的比白的好，不甜比甜的好，，，",
"mid":"yBul8EnAU",
"date":"2012-09-12 08:12:56"
},
{
"kids":[],
"uid":"1896356194",
"parent":"",
"text":"",
"mid":"yBul5tEwO",
"date":"2012-09-12 08:12:48"
},
{
"kids":[],
"uid":"1907068331",
"parent":"yBtXoeGKj",
"text":"吃吧吃吧都吃成傻子看你们子孙能不傻不",
"mid":"yBukTmK1T",
"date":"2012-09-12 08:12:19"
},
{
"kids":[],
"uid":"lilymuyouzhi",
"parent":"",
"text":"",
"mid":"yBukKtzhD",
"date":"2012-09-12 08:11:58"
},
{
"kids":[
"yBuyVeLb0"
],
"uid":"2274154685",
"parent":"yBujxpYQu",
"text":"食物，怎样才能让人放心",
"mid":"yBukHfPuu",
"date":"2012-09-12 08:11:49"
},
{
"kids":[
"yBuo6dkgz"
],
"uid":"1871874060",
"parent":"yBtXoeGKj",
"text":"",
"mid":"yBukyCVYD",
"date":"2012-09-12 08:11:29"
},
{
"kids":[],
"uid":"williampower",
"parent":"yBu4VpWPs",
"text":"留意",
"mid":"yBukpvRtW",
"date":"2012-09-12 08:11:08"
},
{
"kids":[
"yBuIcyDKY"
],
"uid":"1082603673",
"parent":"",
"text":"",
"mid":"yBujWfrkK",
"date":"2012-09-12 08:09:58"
},
{
"kids":[],
"uid":"2174890570",
"parent":"",
"text":"",
"mid":"yBujHcolr",
"date":"2012-09-12 08:09:22"
},
{
"kids":[
"yCaBFc6fb",
"yBQc6eFOb",
"yBvtLkQtW",
"yBuBmwXYs",
"yBuyIh5lN",
"yBultoLQo",
"yBukHfPuu"
],
"uid":"1495037557",
"parent":"yBuj02AjO",
"text":"",
"mid":"yBujxpYQu",
"date":"2012-09-12 08:08:59"
},
{
"kids":[
"yBujxpYQu"
],
"uid":"277994749",
"parent":"",
"text":"",
"mid":"yBuj02AjO",
"date":"2012-09-12 08:07:39"
},
{
"kids":[],
"uid":"lucheng110ye",
"parent":"yBuibe1xh",
"text":"[怒][怒]",
"mid":"yBuiXEsAO",
"date":"2012-09-12 08:07:34"
},
{
"kids":[
"yBuuCr1b0"
],
"uid":"1908825803",
"parent":"",
"text":"",
"mid":"yBuiQiy7F",
"date":"2012-09-12 08:07:15"
},
{
"kids":[],
"uid":"bbinnzj1",
"parent":"yBuibe1xh",
"text":"",
"mid":"yBuiDxNg2",
"date":"2012-09-12 08:06:46"
},
{
"kids":[
"yBydc4iKU"
],
"uid":"2837531731",
"parent":"",
"text":"",
"mid":"yBuiyeNhY",
"date":"2012-09-12 08:06:32"
},
{
"kids":[],
"uid":"2207644121",
"parent":"",
"text":"现在吃啥都有毒 ，没毒都不是国人啦！首先，正常的鱼浮灵是固态双氧水，能迅速给水增加氧气，没有毒。鱼吸氧了，自然活蹦乱跳。只是有可能不法分子在制作的时候加入工业双氧水，那么可能会含有重金属。这和鱼贩无关吧。",
"mid":"yBuiwcUpu",
"date":"2012-09-12 08:06:28"
},
{
"kids":[
"yBuqTCKEN",
"yBuiXEsAO",
"yBuiDxNg2"
],
"uid":"2608850103",
"parent":"yBuhtrevK",
"text":"",
"mid":"yBuibe1xh",
"date":"2012-09-12 08:05:39"
},
{
"kids":[
"yBuq61yn2"
],
"uid":"206784633",
"parent":"",
"text":"右右[good]",
"mid":"yBui8x7cC",
"date":"2012-09-12 08:05:32"
},
{
"kids":[
"yBvcV4ery"
],
"uid":"1665007951",
"parent":"",
"text":"靠！！",
"mid":"yBui5gKG8",
"date":"2012-09-12 08:05:23"
},
{
"kids":[],
"uid":"2690528424",
"parent":"",
"text":"[怒]",
"mid":"yBui22jHZ",
"date":"2012-09-12 08:05:16"
},
{
"kids":[],
"uid":"519377567",
"parent":"yBugkyj2Y",
"text":"",
"mid":"yBui0ynwf",
"date":"2012-09-12 08:05:13"
},
{
"kids":[
"yBumPyAg8",
"yBuibe1xh"
],
"uid":"234542418",
"parent":"yBuhbpIj5",
"text":"[疑问]",
"mid":"yBuhtrevK",
"date":"2012-09-12 08:03:54"
},
{
"kids":[
"yBuhtrevK"
],
"uid":"1794384124",
"parent":"",
"text":"",
"mid":"yBuhbpIj5",
"date":"2012-09-12 08:03:10"
},
{
"kids":[],
"uid":"gaobo123",
"parent":"",
"text":"",
"mid":"yBugSgV4m",
"date":"2012-09-12 08:02:25"
},
{
"kids":[],
"uid":"zhaoyong0055",
"parent":"",
"text":"求真相",
"mid":"yBugukHWi",
"date":"2012-09-12 08:01:28"
},
{
"kids":[
"yBui0ynwf"
],
"uid":"ff8065",
"parent":"",
"text":"",
"mid":"yBugkyj2Y",
"date":"2012-09-12 08:01:05"
},
{
"kids":[
"yBumxzbuy"
],
"uid":"820080819",
"parent":"yBu7PF3V2",
"text":"@小c啦爸",
"mid":"yBugffirB",
"date":"2012-09-12 08:00:52"
},
{
"kids":[],
"uid":"chimazha",
"parent":"",
"text":"话说现在已经吃了多少个元素了？",
"mid":"yBuflmsBt",
"date":"2012-09-12 07:58:39"
},
{
"kids":[],
"uid":"2707916230",
"parent":"",
"text":"@足球报贾岩峰:不把元素周期表吃一遍，就不是真正的中国人！[嘻嘻]",
"mid":"yBufccTYy",
"date":"2012-09-12 07:58:16"
},
{
"kids":[],
"uid":"1907611611",
"parent":"",
"text":"国人的聪明都用哪儿了？",
"mid":"yBueZunVr",
"date":"2012-09-12 07:57:46"
},
{
"kids":[],
"uid":"2605135297",
"parent":"yBu9Psorw",
"text":"",
"mid":"yBuejyhtW",
"date":"2012-09-12 07:56:07"
},
{
"kids":[],
"uid":"huaijinwoyu",
"parent":"yBtXoeGKj",
"text":"",
"mid":"yBue2nXvL",
"date":"2012-09-12 07:55:26"
},
{
"kids":[],
"uid":"2348341947",
"parent":"yBu0nvD4a",
"text":"",
"mid":"yBudS58SG",
"date":"2012-09-12 07:55:01"
},
{
"kids":[
"yBupSFJJW"
],
"uid":"2692347972",
"parent":"",
"text":"真是为了赚钱什么都干得出来，这该吃啥呢 ？[怒]",
"mid":"yBucS2bg2",
"date":"2012-09-12 07:52:32"
},
{
"kids":[],
"uid":"2702620791",
"parent":"",
"text":"",
"mid":"yBucfjmah",
"date":"2012-09-12 07:51:01"
},
{
"kids":[],
"uid":"joyandtear",
"parent":"yBu9AocsZ",
"text":"特别对！—》",
"mid":"yBuc9ouyw",
"date":"2012-09-12 07:50:47"
},
{
"kids":[
"yBuqzyp8H"
],
"uid":"anniezhang106",
"parent":"yBu8Wyl9N",
"text":"[怒]",
"mid":"yBubQtJCc",
"date":"2012-09-12 07:50:02"
},
{
"kids":[],
"uid":"2124007101",
"parent":"",
"text":"",
"mid":"yBubPkfqN",
"date":"2012-09-12 07:49:59"
},
{
"kids":[],
"uid":"2873129892",
"parent":"",
"text":"",
"mid":"yBubBqNou",
"date":"2012-09-12 07:49:26"
},
{
"kids":[],
"uid":"scfriend",
"parent":"",
"text":"",
"mid":"yBub7xae0",
"date":"2012-09-12 07:48:15"
},
{
"kids":[],
"uid":"2635200913",
"parent":"",
"text":"@启韬资讯:这话说得很棒@足球报贾岩峰:不把元素周期表吃一遍，就不是真正的中国人@启韬资讯:自己人对自己人都不好，还指望别国人@牧马冲:周曰我去菜市场也看见有鱼档再加我问是啥玩意，档主说是海盐，我当时还奇怪淡水鱼为啥加海盐，连老百姓赖以生存的食品和药品都没有安全可言，都管理不好",
"mid":"yBuaSe8vk",
"date":"2012-09-12 07:47:38"
},
{
"kids":[],
"uid":"bingojiang",
"parent":"yBu198NeI",
"text":"海鱼都是往水里充气，不然鱼很快挂。添加物耳闻过，未亲见",
"mid":"yBuandCDR",
"date":"2012-09-12 07:46:24"
},
{
"kids":[],
"uid":"1953539673",
"parent":"",
"text":"[吃驚]@启韬资讯: 这话说得很棒@足球报贾岩峰:不把元素周期表吃一遍，就不是真正的中国人！[嘻嘻] @启韬资讯:自己人对自己人都不好，还指望别国人？@牧马冲:周曰我去菜市场也看见有鱼档再加我问是啥玩意，档主说是海盐，我当时还奇怪淡水鱼为啥加海盐，连老百姓赖以生存的食品和药品都没有安全可言",
"mid":"yBu9Ry3aQ",
"date":"2012-09-12 07:45:09"
},
{
"kids":[
"yBuejyhtW"
],
"uid":"abnerwang",
"parent":"",
"text":"/@足球报贾岩峰:不把元素周期表吃一遍，就不是真正的中国人！[嘻嘻]",
"mid":"yBu9Psorw",
"date":"2012-09-12 07:45:04"
},
{
"kids":[
"yBuc9ouyw"
],
"uid":"1879595830",
"parent":"yBtXoeGKj",
"text":"自己人对自己不好，还指望别人？",
"mid":"yBu9AocsZ",
"date":"2012-09-12 07:44:27"
},
{
"kids":[],
"uid":"2192623787",
"parent":"yBtSf8948",
"text":"还好我不怎么吃鱼！中国人都肿么了？",
"mid":"yBu9rhfPM",
"date":"2012-09-12 07:44:06"
},
{
"kids":[],
"uid":"1401222607",
"parent":"",
"text":"[弱]",
"mid":"yBu9fbwBn",
"date":"2012-09-12 07:43:36"
},
{
"kids":[],
"uid":"2753923847",
"parent":"yBu4vpfx5",
"text":"黑心商贩",
"mid":"yBu93memG",
"date":"2012-09-12 07:43:09"
},
{
"kids":[
"yBubQtJCc"
],
"uid":"1934270261",
"parent":"yBu7PF3V2",
"text":"",
"mid":"yBu8Wyl9N",
"date":"2012-09-12 07:42:52"
},
{
"kids":[],
"uid":"caizenglei",
"parent":"yBtXoeGKj",
"text":"",
"mid":"yBu8U8WgU",
"date":"2012-09-12 07:42:47"
},
{
"kids":[
"yBPRkc1Ok",
"yBvs3bYmF",
"yBuYiaQ7y"
],
"uid":"andymiaomiao",
"parent":"yBtUDt76H",
"text":"太过分了！可以骂脏话么！[怒][怒][怒][怒]",
"mid":"yBu8L0XwC",
"date":"2012-09-12 07:42:25"
},
{
"kids":[],
"uid":"1797811373",
"parent":"",
"text":"靠，再这样大家都被逼成素食者",
"mid":"yBu8psA8x",
"date":"2012-09-12 07:41:34"
},
{
"kids":[],
"uid":"alick791203",
"parent":"yBtZCyUPL",
"text":"国人进化论",
"mid":"yBu8g0fhs",
"date":"2012-09-12 07:41:11"
},
{
"kids":[
"yBugffirB",
"yBu8Wyl9N"
],
"uid":"1926293252",
"parent":"",
"text":"足球报贾岩峰:不把元素周期表吃一遍，就不是真正的中国人！[嘻嘻]",
"mid":"yBu7PF3V2",
"date":"2012-09-12 07:40:09"
},
{
"kids":[],
"uid":"1921598045",
"parent":"yBu10fFy9",
"text":"",
"mid":"yBu72CHWY",
"date":"2012-09-12 07:38:12"
},
{
"kids":[
"yBuDH5sms"
],
"uid":"louiszhou",
"parent":"yBu198NeI",
"text":"",
"mid":"yBu6YaARv",
"date":"2012-09-12 07:38:01"
},
{
"kids":[],
"uid":"lianfengchen",
"parent":"",
"text":"我基本不吃菜市场买的鱼。",
"mid":"yBu6qvxE6",
"date":"2012-09-12 07:36:41"
},
{
"kids":[],
"uid":"1415092727",
"parent":"yBu40pG1E",
"text":"[吃惊]",
"mid":"yBu5m1l8P",
"date":"2012-09-12 07:34:01"
},
{
"kids":[
"yBukpvRtW"
],
"uid":"2099007103",
"parent":"",
"text":"",
"mid":"yBu4VpWPs",
"date":"2012-09-12 07:32:59"
},
{
"kids":[],
"uid":"1849601032",
"parent":"",
"text":"天朝啥都有。。。",
"mid":"yBu4MAOya",
"date":"2012-09-12 07:32:38"
},
{
"kids":[],
"uid":"1464225687",
"parent":"yBqLO4Pkw",
"text":"矮马，这又是哪位科学家发明的？",
"mid":"yBu4w49EA",
"date":"2012-09-12 07:31:57"
},
{
"kids":[
"yBu93memG"
],
"uid":"1984812015",
"parent":"",
"text":"",
"mid":"yBu4vpfx5",
"date":"2012-09-12 07:31:57"
},
{
"kids":[],
"uid":"2269894565",
"parent":"",
"text":"",
"mid":"yBu4olRDL",
"date":"2012-09-12 07:31:39"
},
{
"kids":[],
"uid":"1731400322",
"parent":"yBtVJqdmy",
"text":"@北大农人_701",
"mid":"yBu4heLVq",
"date":"2012-09-12 07:31:23"
},
{
"kids":[
"yBwSaydma",
"yBu5m1l8P"
],
"uid":"206669880",
"parent":"",
"text":"@勤劳大宝宝",
"mid":"yBu40pG1E",
"date":"2012-09-12 07:30:43"
},
{
"kids":[],
"uid":"sancome",
"parent":"",
"text":"[吃惊]",
"mid":"yBu3Rg6KJ",
"date":"2012-09-12 07:30:20"
},
{
"kids":[
"yBxO2aD4n"
],
"uid":"zhiyongyang2011",
"parent":"",
"text":"@水中有棵青青草",
"mid":"yBu3QCqPE",
"date":"2012-09-12 07:30:18"
},
{
"kids":[],
"uid":"diorhyde",
"parent":"",
"text":"",
"mid":"yBu3A7OcU",
"date":"2012-09-12 07:29:40"
},
{
"kids":[],
"uid":"210260429",
"parent":"yBu10fFy9",
"text":"[怒]",
"mid":"yBu3o0URD",
"date":"2012-09-12 07:29:11"
},
{
"kids":[],
"uid":"lovehistory",
"parent":"yBtXoeGKj",
"text":"无语！",
"mid":"yBu3j0FEB",
"date":"2012-09-12 07:28:59"
},
{
"kids":[],
"uid":"1893042472",
"parent":"yBtZmyGc0",
"text":"狂转",
"mid":"yBu3bjxGg",
"date":"2012-09-12 07:28:41"
},
{
"kids":[],
"uid":"1937754334",
"parent":"",
"text":"",
"mid":"yBu333dsx",
"date":"2012-09-12 07:28:20"
},
{
"kids":[],
"uid":"likazheng",
"parent":"",
"text":"",
"mid":"yBu31ykJI",
"date":"2012-09-12 07:28:18"
},
{
"kids":[
"yBA4JC4Mf"
],
"uid":"doctorxuezhan",
"parent":"yBtXoeGKj",
"text":"",
"mid":"yBu2Oycw0",
"date":"2012-09-12 07:27:46"
},
{
"kids":[],
"uid":"michaelv5",
"parent":"",
"text":"",
"mid":"yBu2NDNIw",
"date":"2012-09-12 07:27:45"
},
{
"kids":[],
"uid":"2766943413",
"parent":"",
"text":"[草泥马]",
"mid":"yBu2NkK7y",
"date":"2012-09-12 07:27:44"
},
{
"kids":[],
"uid":"2068546827",
"parent":"yBtXoeGKj",
"text":"鄙视",
"mid":"yBu2Mrvgd",
"date":"2012-09-12 07:27:42"
},
{
"kids":[],
"uid":"1354407754",
"parent":"yBu0nvD4a",
"text":"",
"mid":"yBu2MbmnJ",
"date":"2012-09-12 07:27:41"
},
{
"kids":[],
"uid":"1282452285",
"parent":"yBtXoeGKj",
"text":"",
"mid":"yBu2GyjAl",
"date":"2012-09-12 07:27:28"
},
{
"kids":[],
"uid":"1234224212",
"parent":"",
"text":"",
"mid":"yBu2Fntqq",
"date":"2012-09-12 07:27:24"
},
{
"kids":[
"yBuoYzDBD"
],
"uid":"luyufan",
"parent":"yBtXoeGKj",
"text":"可以骂人吗",
"mid":"yBu2yhZk1",
"date":"2012-09-12 07:27:08"
},
{
"kids":[],
"uid":"51266052",
"parent":"",
"text":"",
"mid":"yBu2vlP8i",
"date":"2012-09-12 07:27:01"
},
{
"kids":[],
"uid":"139016652",
"parent":"",
"text":"",
"mid":"yBu28Au4H",
"date":"2012-09-12 07:26:06"
},
{
"kids":[],
"uid":"chntex",
"parent":"",
"text":"",
"mid":"yBu26woTj",
"date":"2012-09-12 07:26:02"
},
{
"kids":[],
"uid":"2271186400",
"parent":"",
"text":"[怒]那些管理部门是吃屎的吗？",
"mid":"yBu1Yww4s",
"date":"2012-09-12 07:25:43"
},
{
"kids":[],
"uid":"1916453530",
"parent":"yBtXoeGKj",
"text":"牧马冲:周曰我去菜市场也看见有鱼档再加我问是啥玩意，档主说是海盐，我当时还奇怪淡水鱼为啥加海盐，连老百姓赖以生存的食品和药品都没有安全可言，都管理不好,谈什么民族尊严国家主权。",
"mid":"yBu1SA1uM",
"date":"2012-09-12 07:25:29"
},
{
"kids":[],
"uid":"yueyue11",
"parent":"yBtZJlyy7",
"text":"",
"mid":"yBu1QgbMi",
"date":"2012-09-12 07:25:22"
},
{
"kids":[],
"uid":"wujun40",
"parent":"",
"text":"右二→[泪]",
"mid":"yBu1w8L0X",
"date":"2012-09-12 07:24:34"
},
{
"kids":[
"yButocv6k"
],
"uid":"2202987311",
"parent":"",
"text":"@姚慧菁",
"mid":"yBu1tepsQ",
"date":"2012-09-12 07:24:27"
},
{
"kids":[],
"uid":"1760485431",
"parent":"yBtXoeGKj",
"text":"不把元素周期表吃一遍，就不是真正的中国人！[嘻嘻]",
"mid":"yBu1p6fjf",
"date":"2012-09-12 07:24:17"
},
{
"kids":[
"yBuandCDR",
"yBu6YaARv"
],
"uid":"jahoo",
"parent":"",
"text":"海邊的朋友來說說真假。",
"mid":"yBu198NeI",
"date":"2012-09-12 07:23:40"
},
{
"kids":[
"yBu72CHWY",
"yBu3o0URD"
],
"uid":"1631186645",
"parent":"",
"text":"食品安全都管不好",
"mid":"yBu10fFy9",
"date":"2012-09-12 07:23:19"
},
{
"kids":[],
"uid":"1904784167",
"parent":"",
"text":"",
"mid":"yBu0J5CPx",
"date":"2012-09-12 07:22:38"
},
{
"kids":[],
"uid":"1625336282",
"parent":"",
"text":"额 貌似是呢",
"mid":"yBu0CB5H8",
"date":"2012-09-12 07:22:23"
},
{
"kids":[],
"uid":"1831635402",
"parent":"",
"text":"[怒]",
"mid":"yBu0AvK1E",
"date":"2012-09-12 07:22:18"
},
{
"kids":[
"yBudS58SG",
"yBu2MbmnJ"
],
"uid":"1417138973",
"parent":"",
"text":"草",
"mid":"yBu0nvD4a",
"date":"2012-09-12 07:21:46"
},
{
"kids":[],
"uid":"1647693092",
"parent":"",
"text":"饿死算了！ 足球报贾岩峰:不把元素周期表吃一遍，就不是真正的中国人！[嘻嘻]",
"mid":"yBu0dcthZ",
"date":"2012-09-12 07:21:22"
},
{
"kids":[],
"uid":"2613771430",
"parent":"yBtXoeGKj",
"text":"还有的救吗中国人？",
"mid":"yBtZWk65v",
"date":"2012-09-12 07:20:42"
},
{
"kids":[],
"uid":"1789524292",
"parent":"yBtXoeGKj",
"text":"所以说还城市永远吃不到新鲜的鱼",
"mid":"yBtZUzikL",
"date":"2012-09-12 07:20:38"
},
{
"kids":[
"yBu1QgbMi"
],
"uid":"iloveushow4112",
"parent":"",
"text":"",
"mid":"yBtZJlyy7",
"date":"2012-09-12 07:20:12"
},
{
"kids":[
"yBu8g0fhs"
],
"uid":"2208298510",
"parent":"yBtXoeGKj",
"text":"人性与无奈。",
"mid":"yBtZCyUPL",
"date":"2012-09-12 07:19:55"
},
{
"kids":[
"yBu3bjxGg"
],
"uid":"1888116281",
"parent":"",
"text":"自己人对自己人都不好，还指望别国人？",
"mid":"yBtZmyGc0",
"date":"2012-09-12 07:19:17"
},
{
"kids":[],
"uid":"1848133487",
"parent":"yBtXoeGKj",
"text":"太坏了，[鄙视][鄙视][鄙视]",
"mid":"yBtZ40G0P",
"date":"2012-09-12 07:18:31"
},
{
"kids":[],
"uid":"sexnoteverything",
"parent":"",
"text":"",
"mid":"yBtYTmhNz",
"date":"2012-09-12 07:18:07"
},
{
"kids":[],
"uid":"2524012071",
"parent":"",
"text":"每次买鱼就想起钓鱼岛",
"mid":"yBtYglQkw",
"date":"2012-09-12 07:16:34"
},
{
"kids":[],
"uid":"2295144245",
"parent":"yBtXoeGKj",
"text":"",
"mid":"yBtY7dqMS",
"date":"2012-09-12 07:16:12"
},
{
"kids":[
"yBxiRCSAm",
"yBvyLhSBd",
"yBv2cczhi",
"yBuWFpgTs",
"yBuNYohAK",
"yBuC35NDI",
"yBuyKE0SQ",
"yBuywsZuo",
"yBusf0vWg",
"yBups929t",
"yBukTmK1T",
"yBukyCVYD",
"yBue2nXvL",
"yBu9AocsZ",
"yBu8U8WgU",
"yBu3j0FEB",
"yBu2Oycw0",
"yBu2Mrvgd",
"yBu2GyjAl",
"yBu2yhZk1",
"yBu1SA1uM",
"yBu1p6fjf",
"yBtZWk65v",
"yBtZUzikL",
"yBtZCyUPL",
"yBtZ40G0P",
"yBtY7dqMS"
],
"uid":"iamjiayanfeng",
"parent":"",
"text":"不把元素周期表吃一遍，就不是真正的中国人！[嘻嘻]",
"mid":"yBtXoeGKj",
"date":"2012-09-12 07:14:25"
},
{
"kids":[],
"uid":"keaiyujie",
"parent":"",
"text":"/@牧马冲:周曰我去菜市场也看见有鱼档再加我问是啥玩意，档主说是海盐，我当时还奇怪淡水鱼为啥加海盐，整个食品安全都乱套了。连老百姓赖以生存的食品和药品都没有安全可言，都管理不好,谈什么民族尊严国家主权。",
"mid":"yBtWTgK04",
"date":"2012-09-12 07:13:11"
},
{
"kids":[],
"uid":"vevo",
"parent":"",
"text":"",
"mid":"yBtWAkOJp",
"date":"2012-09-12 07:12:26"
},
{
"kids":[
"yBu4heLVq"
],
"uid":"sunhaiqin",
"parent":"",
"text":"",
"mid":"yBtVJqdmy",
"date":"2012-09-12 07:10:20"
},
{
"kids":[],
"uid":"lipeng0324",
"parent":"yBtUDt76H",
"text":"转发微博。",
"mid":"yBtVgr6Gg",
"date":"2012-09-12 07:09:11"
},
{
"kids":[
"yBu8L0XwC",
"yBtVgr6Gg"
],
"uid":"1497047505",
"parent":"",
"text":"[怒][怒][怒] 无语~",
"mid":"yBtUDt76H",
"date":"2012-09-12 07:07:38"
},
{
"kids":[],
"uid":"waguocai",
"parent":"",
"text":"转发微博。",
"mid":"yBtTYoELW",
"date":"2012-09-12 07:06:00"
},
{
"kids":[],
"uid":"2641782237",
"parent":"",
"text":"",
"mid":"yBtTW2gpc",
"date":"2012-09-12 07:05:54"
},
{
"kids":[],
"uid":"1410431247",
"parent":"",
"text":"",
"mid":"yBtTW0Hbi",
"date":"2012-09-12 07:05:54"
},
{
"kids":[
"yBxmgCgZS"
],
"uid":"2260823162",
"parent":"",
"text":"可怕",
"mid":"yBtTrk4mc",
"date":"2012-09-12 07:04:41"
},
{
"kids":[
"yBuCO4U3D"
],
"uid":"beijinglanbo",
"parent":"",
"text":"",
"mid":"yBtShsfWe",
"date":"2012-09-12 07:01:50"
},
{
"kids":[
"yBu9rhfPM"
],
"uid":"1021326530",
"parent":"",
"text":"[吃惊]",
"mid":"yBtSf8948",
"date":"2012-09-12 07:01:43"
},
{
"kids":[],
"uid":"dragonli",
"parent":"",
"text":"",
"mid":"yBtS4c7aG",
"date":"2012-09-12 07:01:18"
},
{
"kids":[],
"uid":"2367453493",
"parent":"",
"text":"啥都不敢吃。那还吃啥?",
"mid":"yBtiTsfyB",
"date":"2012-09-12 05:34:38"
},
{
"kids":[],
"uid":"1624186593",
"parent":"",
"text":"转发微博。",
"mid":"yBsir5idy",
"date":"2012-09-12 03:00:46"
},
{
"kids":[],
"uid":"1413496663",
"parent":"yBqXTobxs",
"text":"",
"mid":"yBrB4ELru",
"date":"2012-09-12 01:13:57"
},
{
"kids":[],
"uid":"1948461162",
"parent":"",
"text":"转发微博。",
"mid":"yBru36YZ4",
"date":"2012-09-12 00:56:38"
},
{
"kids":[
"yBusZDXQT"
],
"uid":"1300633790",
"parent":"yBqBphsZm",
"text":"久没一刻让人安全的时候[抓狂]",
"mid":"yBrsV2OS3",
"date":"2012-09-12 00:53:49"
},
{
"kids":[],
"uid":"limqv",
"parent":"",
"text":"尼玛没知识就别乱发，人家放的是过氧碳酸钠，放进去在常温化学反应放氧气而已。中国食品够乱还有无知再添乱。",
"mid":"yBrefeMr4",
"date":"2012-09-12 00:17:41"
},
{
"kids":[
"z5l5bCQdK"
],
"uid":"2639680700",
"parent":"",
"text":"转发微博。",
"mid":"yBrcbBm5X",
"date":"2012-09-12 00:12:34"
},
{
"kids":[],
"uid":"2819511583",
"parent":"",
"text":"",
"mid":"yBr8r1rWz",
"date":"2012-09-12 00:03:24"
},
{
"kids":[],
"uid":"2676763243",
"parent":"yBqWGmMxB",
"text":"",
"mid":"yBr7myRXf",
"date":"2012-09-12 00:00:45"
},
{
"kids":[],
"uid":"1407440011",
"parent":"yBqXmjPLA",
"text":"这个之前见过，估计跟摇头丸差不多。挑鱼跟看人差不多，别选那些成天上蹿下跳逮哪儿哪儿钻的，有病。",
"mid":"yBr4p2Nyr",
"date":"2012-09-11 23:53:26"
},
{
"kids":[],
"uid":"1937761544",
"parent":"yBqXTobxs",
"text":"",
"mid":"yBr2nrh5J",
"date":"2012-09-11 23:48:29"
},
{
"kids":[],
"uid":"2192976562",
"parent":"",
"text":"",
"mid":"yBr1827Wi",
"date":"2012-09-11 23:45:23"
},
{
"kids":[
"yBxeIeS7f",
"yBrB4ELru",
"yBr2nrh5J"
],
"uid":"277118066",
"parent":"yBqWGmMxB",
"text":"[话筒]",
"mid":"yBqXTobxs",
"date":"2012-09-11 23:37:26"
},
{
"kids":[
"yBr4p2Nyr"
],
"uid":"adaima",
"parent":"",
"text":"艹",
"mid":"yBqXmjPLA",
"date":"2012-09-11 23:36:06"
},
{
"kids":[
"yBuOxzIsK",
"yBr7myRXf",
"yBqXTobxs"
],
"uid":"1976975113",
"parent":"",
"text":"",
"mid":"yBqWGmMxB",
"date":"2012-09-11 23:34:26"
},
{
"kids":[],
"uid":"2479104782",
"parent":"",
"text":"食品何时能安全？",
"mid":"yBqUS3jsr",
"date":"2012-09-11 23:29:57"
},
{
"kids":[],
"uid":"1891748170",
"parent":"yBqQO43HJ",
"text":"这种层面上的恶行很难治理啊，想起来就悲哀！",
"mid":"yBqUzrvMl",
"date":"2012-09-11 23:29:14"
},
{
"kids":[],
"uid":"tangzhongling",
"parent":"yBqQL51wA",
"text":"",
"mid":"yBqTtcWYi",
"date":"2012-09-11 23:26:31"
},
{
"kids":[],
"uid":"1700344627",
"parent":"yBqR07ioa",
"text":"",
"mid":"yBqTpFKtZ",
"date":"2012-09-11 23:26:23"
},
{
"kids":[],
"uid":"jujiaxuanxuan",
"parent":"",
"text":"@居家民 @欧小宽 @金属花瓣",
"mid":"yBqSlbiZ7",
"date":"2012-09-11 23:23:43"
},
{
"kids":[],
"uid":"1792815764",
"parent":"",
"text":"啊 [吃惊]无语",
"mid":"yBqRFehhO",
"date":"2012-09-11 23:22:04"
},
{
"kids":[
"yBqTpFKtZ"
],
"uid":"qlwbht",
"parent":"yBqA6zJIV",
"text":"这事儿很具有爆炸力啊，求证",
"mid":"yBqR07ioa",
"date":"2012-09-11 23:20:26"
},
{
"kids":[
"yBqUzrvMl"
],
"uid":"1447430662",
"parent":"yBqOsjbRj",
"text":"[怒]死刑！",
"mid":"yBqQO43HJ",
"date":"2012-09-11 23:19:56"
},
{
"kids":[
"yBqTtcWYi"
],
"uid":"dgwx",
"parent":"yBqBphsZm",
"text":"",
"mid":"yBqQL51wA",
"date":"2012-09-11 23:19:49"
},
{
"kids":[],
"uid":"2328197433",
"parent":"",
"text":"[衰]",
"mid":"yBqPTyZb1",
"date":"2012-09-11 23:17:43"
},
{
"kids":[],
"uid":"1902950801",
"parent":"yBqBphsZm",
"text":"",
"mid":"yBqPCqGtZ",
"date":"2012-09-11 23:17:03"
},
{
"kids":[],
"uid":"2309622912",
"parent":"",
"text":"监管部门除了会收费还会干嘛。",
"mid":"yBqOIBBYJ",
"date":"2012-09-11 23:14:49"
},
{
"kids":[
"yBqQO43HJ"
],
"uid":"1200275983",
"parent":"",
"text":"",
"mid":"yBqOsjbRj",
"date":"2012-09-11 23:14:07"
},
{
"kids":[],
"uid":"1884185881",
"parent":"yBqJza8m9",
"text":"",
"mid":"yBqO9pImX",
"date":"2012-09-11 23:13:26"
},
{
"kids":[],
"uid":"2217561165",
"parent":"",
"text":"",
"mid":"yBqME32hG",
"date":"2012-09-11 23:09:41"
},
{
"kids":[
"yBu4w49EA"
],
"uid":"1233990914",
"parent":"",
"text":"真的？",
"mid":"yBqLO4Pkw",
"date":"2012-09-11 23:07:37"
},
{
"kids":[],
"uid":"2608231441",
"parent":"",
"text":"太可怕了啊！上个月大姐生日时，我们在市场上亲眼看见拿包白色粉往水里勾兑，还有专业的量表量。我还以为自来水里加盐那！这以后不能吃了，不能吃了！",
"mid":"yBqLMyFOe",
"date":"2012-09-11 23:07:34"
},
{
"kids":[],
"uid":"2477560094",
"parent":"",
"text":"肿么办啊，吃啥呢",
"mid":"yBqLAu0h6",
"date":"2012-09-11 23:07:02"
},
{
"kids":[],
"uid":"1919858723",
"parent":"yBqIQ0836",
"text":"@大华毒蝎子 你还是去钓鱼吧",
"mid":"yBqLr1iGV",
"date":"2012-09-11 23:06:44"
},
{
"kids":[],
"uid":"1842505842",
"parent":"yBqBphsZm",
"text":"太神奇，这个国家的其实是很有创造力与创新力的，关键是是否有足够的利益诱惑。。。",
"mid":"yBqLmiSmk",
"date":"2012-09-11 23:06:33"
},
{
"kids":[],
"uid":"2373471552",
"parent":"yBqBphsZm",
"text":"",
"mid":"yBqLbCTu7",
"date":"2012-09-11 23:06:07"
},
{
"kids":[
"yBqO9pImX"
],
"uid":"2163965435",
"parent":"",
"text":"妈的 挣钱不要命啊",
"mid":"yBqJza8m9",
"date":"2012-09-11 23:02:06"
},
{
"kids":[],
"uid":"1879973161",
"parent":"",
"text":"",
"mid":"yBqJ6vF70",
"date":"2012-09-11 23:00:59"
},
{
"kids":[],
"uid":"1892715825",
"parent":"",
"text":"[衰]",
"mid":"yBqISlQny",
"date":"2012-09-11 23:00:23"
},
{
"kids":[
"yBqLr1iGV"
],
"uid":"2127377212",
"parent":"",
"text":"",
"mid":"yBqIQ0836",
"date":"2012-09-11 23:00:19"
},
{
"kids":[],
"uid":"1158882931",
"parent":"",
"text":"尼玛 咩都吴可以乱食……会死人噶",
"mid":"yBqIp6jv1",
"date":"2012-09-11 22:59:15"
},
{
"kids":[],
"uid":"2034669443",
"parent":"",
"text":"转发微博。",
"mid":"yBqH5f7Je",
"date":"2012-09-11 22:55:58"
},
{
"kids":[],
"uid":"2255242701",
"parent":"",
"text":"@喜蜜和紫色的梦想 @被爱的不过如此 @limit85 @青然阳光 @林家皮皮",
"mid":"yBqGXxUyw",
"date":"2012-09-11 22:55:39"
},
{
"kids":[],
"uid":"2684919417",
"parent":"",
"text":"",
"mid":"yBqGD9co6",
"date":"2012-09-11 22:54:51"
},
{
"kids":[],
"uid":"2294427454",
"parent":"yBqBphsZm",
"text":"",
"mid":"yBqGuhdNV",
"date":"2012-09-11 22:54:28"
},
{
"kids":[],
"uid":"2109378621",
"parent":"",
"text":"良心何在",
"mid":"yBqGff6ez",
"date":"2012-09-11 22:53:55"
},
{
"kids":[],
"uid":"1865175414",
"parent":"",
"text":"",
"mid":"yBqGadDEX",
"date":"2012-09-11 22:53:44"
},
{
"kids":[],
"uid":"1704007362",
"parent":"",
"text":"",
"mid":"yBqFiovXB",
"date":"2012-09-11 22:51:37"
},
{
"kids":[],
"uid":"historysky123",
"parent":"",
"text":"昧良心的小贩",
"mid":"yBqF6k4LA",
"date":"2012-09-11 22:51:05"
},
{
"kids":[],
"uid":"2425062543",
"parent":"",
"text":"大家以后别吃鱼了！",
"mid":"yBqF1xNsO",
"date":"2012-09-11 22:50:56"
},
{
"kids":[],
"uid":"2453631852",
"parent":"",
"text":"不知道菜市场里的活鱼是否都用此药？",
"mid":"yBqEusZI5",
"date":"2012-09-11 22:49:37"
},
{
"kids":[],
"uid":"1074994473",
"parent":"",
"text":"[汗]",
"mid":"yBqE0E1PM",
"date":"2012-09-11 22:48:27"
},
{
"kids":[],
"uid":"1317400005",
"parent":"",
"text":"",
"mid":"yBqDI210K",
"date":"2012-09-11 22:47:41"
},
{
"kids":[],
"uid":"2631150263",
"parent":"yBqBphsZm",
"text":"",
"mid":"yBqDlz5lW",
"date":"2012-09-11 22:46:48"
},
{
"kids":[],
"uid":"1813924164",
"parent":"",
"text":"鱼贩这么干早已是N年历史了",
"mid":"yBqDdAgzQ",
"date":"2012-09-11 22:46:29"
},
{
"kids":[],
"uid":"2585253207",
"parent":"yBqBphsZm",
"text":"",
"mid":"yBqD5hwVH",
"date":"2012-09-11 22:46:09"
},
{
"kids":[],
"uid":"2438802922",
"parent":"",
"text":"[吃惊]",
"mid":"yBqD46GLx",
"date":"2012-09-11 22:46:07"
},
{
"kids":[],
"uid":"1131463913",
"parent":"",
"text":"兴奋剂。",
"mid":"yBqCYdfkc",
"date":"2012-09-11 22:45:49"
},
{
"kids":[],
"uid":"2115297200",
"parent":"yBqBphsZm",
"text":"国人早已百毒不侵了",
"mid":"yBqCH5Rq8",
"date":"2012-09-11 22:45:10"
},
{
"kids":[
"yBuL8CFX9"
],
"uid":"1436990497",
"parent":"yBqBphsZm",
"text":"",
"mid":"yBqCC3pzB",
"date":"2012-09-11 22:44:59"
},
{
"kids":[],
"uid":"1496952942",
"parent":"",
"text":"啊？？？真是没有做不到的，只有想不到的！！！[霹雳]",
"mid":"yBqBJnyXp",
"date":"2012-09-11 22:42:50"
},
{
"kids":[],
"uid":"2190148120",
"parent":"",
"text":"心思都用在歪处",
"mid":"yBqBy9MYz",
"date":"2012-09-11 22:42:21"
},
{
"kids":[
"yBrsV2OS3",
"yBqQL51wA",
"yBqPCqGtZ",
"yBqLmiSmk",
"yBqLbCTu7",
"yBqGuhdNV",
"yBqDlz5lW",
"yBqD5hwVH",
"yBqCH5Rq8",
"yBqCC3pzB"
],
"uid":"twsbq1995",
"parent":"",
"text":"食品安全又一次令人吃惊。[吃惊]",
"mid":"yBqBphsZm",
"date":"2012-09-11 22:42:00"
},
{
"kids":[],
"uid":"2176358365",
"parent":"",
"text":"他奶妈的，钓鱼岛可以这样收回吗。",
"mid":"yBqBndnIq",
"date":"2012-09-11 22:41:55"
},
{
"kids":[],
"uid":"2461513082",
"parent":"",
"text":"[吃惊]",
"mid":"yBqBbqfYo",
"date":"2012-09-11 22:41:28"
},
{
"kids":[],
"uid":"1916720321",
"parent":"",
"text":"[吃惊][吃惊]中国人害死中国人、",
"mid":"yBqAyovp1",
"date":"2012-09-11 22:39:52"
},
{
"kids":[],
"uid":"2328197433",
"parent":"",
"text":"[抓狂]",
"mid":"yBqAtl6gu",
"date":"2012-09-11 22:39:43"
},
{
"kids":[
"yBqR07ioa"
],
"uid":"2817554384",
"parent":"",
"text":"[吃惊][吃惊][吃惊]",
"mid":"yBqA6zJIV",
"date":"2012-09-11 22:38:48"
}
]