[
{
"kids":[],
"uid":"2919554540",
"parent":"yAMUFvoip",
"text":"",
"mid":"z1TeUedaI",
"date":"2012-10-24 04:09:36"
},
{
"kids":[],
"uid":"1437538777",
"parent":"yAMUFvoip",
"text":"",
"mid":"z1TeUdRw1",
"date":"2012-10-24 04:09:36"
},
{
"kids":[],
"uid":"2811073982",
"parent":"yAMUFvoip",
"text":"",
"mid":"z19gm9ygv",
"date":"2012-10-19 07:06:49"
},
{
"kids":[],
"uid":"2919286040",
"parent":"yAMUFvoip",
"text":"",
"mid":"z15HADLu4",
"date":"2012-10-18 22:02:57"
},
{
"kids":[],
"uid":"2919481184",
"parent":"yAMUFvoip",
"text":"",
"mid":"z15HADLsv",
"date":"2012-10-18 22:02:53"
},
{
"kids":[],
"uid":"1733705483",
"parent":"",
"text":"",
"mid":"yBlUZr1ah",
"date":"2012-09-11 10:46:32"
},
{
"kids":[],
"uid":"2805171810",
"parent":"",
"text":"",
"mid":"yBhe17OHn",
"date":"2012-09-10 22:49:37"
},
{
"kids":[],
"uid":"2360515232",
"parent":"",
"text":"",
"mid":"yB7XJdSUN",
"date":"2012-09-09 23:14:46"
},
{
"kids":[],
"uid":"2398558185",
"parent":"yAMQIxamY",
"text":"[给力]",
"mid":"yB28mpg6o",
"date":"2012-09-09 08:24:31"
},
{
"kids":[],
"uid":"1877982063",
"parent":"",
"text":"硬起来！日本佬去食伟哥啦！",
"mid":"yAZ0qfKrr",
"date":"2012-09-09 00:26:44"
},
{
"kids":[],
"uid":"2790091994",
"parent":"",
"text":"",
"mid":"yAYRFqLL7",
"date":"2012-09-09 00:05:09"
},
{
"kids":[],
"uid":"2919612804",
"parent":"yAOzF6hSK",
"text":"",
"mid":"yAXZAbgZn",
"date":"2012-09-08 21:51:53"
},
{
"kids":[],
"uid":"2195486127",
"parent":"",
"text":"转发微博。",
"mid":"yAWiHxOTm",
"date":"2012-09-08 17:33:32"
},
{
"kids":[],
"uid":"2804156722",
"parent":"yAMuHlVIr",
"text":"",
"mid":"yAWcTFrkj",
"date":"2012-09-08 17:19:14"
},
{
"kids":[],
"uid":"2919484862",
"parent":"yALLOFUAw",
"text":"",
"mid":"yAVeZkAko",
"date":"2012-09-08 14:51:38"
},
{
"kids":[],
"uid":"dakace",
"parent":"yAKD2m2cO",
"text":"",
"mid":"yASAeqWfh",
"date":"2012-09-08 08:05:44"
},
{
"kids":[],
"uid":"1275536291",
"parent":"yAODW9DP1",
"text":"",
"mid":"yARanEZnx",
"date":"2012-09-08 04:29:17"
},
{
"kids":[],
"uid":"339247070",
"parent":"",
"text":"班长，大屠杀是1213。。。[挖鼻屎]你历史是谁教的",
"mid":"yAQNIAqGX",
"date":"2012-09-08 03:33:28"
},
{
"kids":[],
"uid":"scalawaghao",
"parent":"yAMkDA0xa",
"text":"始终都系有人会去，鬼叫你中国人多",
"mid":"yAQuhidLP",
"date":"2012-09-08 02:45:34"
},
{
"kids":[],
"uid":"1849327731",
"parent":"yANp2FUrx",
"text":"",
"mid":"yAPO4nR8X",
"date":"2012-09-08 01:01:35"
},
{
"kids":[],
"uid":"1437460004",
"parent":"",
"text":"",
"mid":"yAPrK32yW",
"date":"2012-09-08 00:06:31"
},
{
"kids":[],
"uid":"2277674012",
"parent":"yALNLzM8M",
"text":"@容容321964321 @羊城晚报 @南方都市报 @陈坤 @DoubleA广州 @大S @广州共青团 @郭富城 @何润东 @黄向东 @垲锋 @哲言心语",
"mid":"yAPiIFp8b",
"date":"2012-09-07 23:44:22"
},
{
"kids":[],
"uid":"2790091990",
"parent":"",
"text":"",
"mid":"yAPcWvSST",
"date":"2012-09-07 23:30:05"
},
{
"kids":[],
"uid":"yasa0303",
"parent":"",
"text":"支持··这个可以有",
"mid":"yAOH37ifp",
"date":"2012-09-07 22:11:32"
},
{
"kids":[
"yARanEZnx"
],
"uid":"2644639875",
"parent":"yALrIA4WT",
"text":"严重支持！！@阿宝-boman @whywinnie的世界 @金牛108 @石中80年_卓小贤 @小文文911 @Michael_太子",
"mid":"yAODW9DP1",
"date":"2012-09-07 22:03:51"
},
{
"kids":[
"yAXZAbgZn"
],
"uid":"manyuelei",
"parent":"",
"text":"",
"mid":"yAOzF6hSK",
"date":"2012-09-07 21:53:20"
},
{
"kids":[],
"uid":"33hhj",
"parent":"",
"text":"转发微博。",
"mid":"yAOlW45W4",
"date":"2012-09-07 21:19:32"
},
{
"kids":[],
"uid":"33hhj",
"parent":"yALAmj3D8",
"text":"",
"mid":"yAOlJ573P",
"date":"2012-09-07 21:18:57"
},
{
"kids":[],
"uid":"2919667722",
"parent":"",
"text":"",
"mid":"yANYugrvH",
"date":"2012-09-07 20:21:42"
},
{
"kids":[
"yAPO4nR8X"
],
"uid":"kawawen",
"parent":"",
"text":"必须转",
"mid":"yANp2FUrx",
"date":"2012-09-07 18:54:24"
},
{
"kids":[],
"uid":"2153319263",
"parent":"",
"text":"",
"mid":"yANf28sDZ",
"date":"2012-09-07 18:29:46"
},
{
"kids":[],
"uid":"suesue0102",
"parent":"yAMIB2zXQ",
"text":"[围观]",
"mid":"yANc9nH4S",
"date":"2012-09-07 18:22:40"
},
{
"kids":[],
"uid":"1813097312",
"parent":"yAMseACBL",
"text":"@陈-BANG-CC",
"mid":"yAN7ahu9j",
"date":"2012-09-07 18:10:23"
},
{
"kids":[
"z1TeUedaI",
"z1TeUdRw1",
"z19gm9ygv",
"z15HADLu4",
"z15HADLsv"
],
"uid":"1149643692",
"parent":"",
"text":"",
"mid":"yAMUFvoip",
"date":"2012-09-07 17:39:36"
},
{
"kids":[
"yB28mpg6o"
],
"uid":"1948573854",
"parent":"",
"text":"支持",
"mid":"yAMQIxamY",
"date":"2012-09-07 17:29:52"
},
{
"kids":[],
"uid":"catrina88",
"parent":"",
"text":"鄙视小日本[鄙视][鄙视]",
"mid":"yAMJECUME",
"date":"2012-09-07 17:12:28"
},
{
"kids":[],
"uid":"juscoho",
"parent":"",
"text":"",
"mid":"yAMIXu4qX",
"date":"2012-09-07 17:10:45"
},
{
"kids":[
"yANc9nH4S"
],
"uid":"tango731",
"parent":"yAMuHlVIr",
"text":"[中国][中国][中国][中国][中国]系中国人就做野啦...仲等吖？",
"mid":"yAMIB2zXQ",
"date":"2012-09-07 17:09:51"
},
{
"kids":[],
"uid":"2205481943",
"parent":"yALrIA4WT",
"text":"@迪士尼baby @乐TiNgTiNg @笨nana娜and @HWTON @梁裕来 @Mrs_unforgetable @mym916 @尚德远志_HohoHo啟 @NEWGOR @司马达",
"mid":"yAMGFm32S",
"date":"2012-09-07 17:05:06"
},
{
"kids":[],
"uid":"1919054243",
"parent":"",
"text":"",
"mid":"yAMy5bY7F",
"date":"2012-09-07 16:43:57"
},
{
"kids":[],
"uid":"2090976751",
"parent":"",
"text":"",
"mid":"yAMxri5iW",
"date":"2012-09-07 16:42:22"
},
{
"kids":[],
"uid":"mostretweeted",
"parent":"",
"text":"",
"mid":"yAMwLh5HU",
"date":"2012-09-07 16:40:42"
},
{
"kids":[
"yAWcTFrkj",
"yAMIB2zXQ"
],
"uid":"iloveyouzhiqing",
"parent":"yAMgUvKf2",
"text":"[给力][给力]",
"mid":"yAMuHlVIr",
"date":"2012-09-07 16:35:36"
},
{
"kids":[],
"uid":"2822799224",
"parent":"yALictK6o",
"text":"严重抵制",
"mid":"yAMtYsUTF",
"date":"2012-09-07 16:33:50"
},
{
"kids":[],
"uid":"pandonglei",
"parent":"",
"text":"[左哼哼]谁想看呀？！",
"mid":"yAMtWFdHh",
"date":"2012-09-07 16:33:43"
},
{
"kids":[
"yAN7ahu9j"
],
"uid":"207076628",
"parent":"yALWuCCge",
"text":"",
"mid":"yAMseACBL",
"date":"2012-09-07 16:29:33"
},
{
"kids":[],
"uid":"cenqinghe",
"parent":"yALwJ9JyI",
"text":"",
"mid":"yAMpk4Iqp",
"date":"2012-09-07 16:22:23"
},
{
"kids":[],
"uid":"1736839797",
"parent":"yAMjTcjsO",
"text":"本身都无念住睇~",
"mid":"yAMp8wX7a",
"date":"2012-09-07 16:21:53"
},
{
"kids":[],
"uid":"2273871315",
"parent":"yALZ267IK",
"text":"",
"mid":"yAMl771QL",
"date":"2012-09-07 16:12:00"
},
{
"kids":[
"yAQuhidLP"
],
"uid":"cccccici",
"parent":"",
"text":"最憎恐怖片",
"mid":"yAMkDA0xa",
"date":"2012-09-07 16:10:48"
},
{
"kids":[],
"uid":"foreverlovedmpxmp",
"parent":"yAMgKbhbv",
"text":"[ok]",
"mid":"yAMk7Cwwq",
"date":"2012-09-07 16:09:33"
},
{
"kids":[
"yAMp8wX7a"
],
"uid":"1846811612",
"parent":"yAMiAwkLL",
"text":"",
"mid":"yAMjTcjsO",
"date":"2012-09-07 16:08:57"
},
{
"kids":[],
"uid":"qq32298085",
"parent":"yAMgUvKf2",
"text":"转",
"mid":"yAMjsgs84",
"date":"2012-09-07 16:07:55"
},
{
"kids":[
"yAMjTcjsO"
],
"uid":"1770105145",
"parent":"",
"text":"",
"mid":"yAMiAwkLL",
"date":"2012-09-07 16:05:47"
},
{
"kids":[],
"uid":"2512537900",
"parent":"yAMgUvKf2",
"text":"",
"mid":"yAMhmAg9e",
"date":"2012-09-07 16:02:46"
},
{
"kids":[
"yAMuHlVIr",
"yAMjsgs84",
"yAMhmAg9e"
],
"uid":"dennisdyyf",
"parent":"",
"text":"钓鱼岛系中国噶！！！",
"mid":"yAMgUvKf2",
"date":"2012-09-07 16:01:37"
},
{
"kids":[
"yAMk7Cwwq"
],
"uid":"1769250443",
"parent":"yALzR2Mhp",
"text":"",
"mid":"yAMgKbhbv",
"date":"2012-09-07 16:01:15"
},
{
"kids":[],
"uid":"1941013097",
"parent":"",
"text":"",
"mid":"yAMgutDqT",
"date":"2012-09-07 16:00:37"
},
{
"kids":[],
"uid":"lyiyi7",
"parent":"yALZ267IK",
"text":"",
"mid":"yAMghdvkG",
"date":"2012-09-07 16:00:03"
},
{
"kids":[],
"uid":"2497143801",
"parent":"yALWuCCge",
"text":"",
"mid":"yAM8974y6",
"date":"2012-09-07 15:40:03"
},
{
"kids":[],
"uid":"1735189422",
"parent":"",
"text":"小日本[鄙视]",
"mid":"yAM5G2e5A",
"date":"2012-09-07 15:33:58"
},
{
"kids":[],
"uid":"2690850204",
"parent":"",
"text":"",
"mid":"yAM4vl8hE",
"date":"2012-09-07 15:31:05"
},
{
"kids":[],
"uid":"2088797371",
"parent":"",
"text":"转发[怒骂]",
"mid":"yAM0WAkVA",
"date":"2012-09-07 15:22:18"
},
{
"kids":[],
"uid":"2385847672",
"parent":"",
"text":"请转起来！[闭嘴]",
"mid":"yAM0B3Ws7",
"date":"2012-09-07 15:21:27"
},
{
"kids":[],
"uid":"shin0922",
"parent":"",
"text":"哥记，请拒绝盲目愤青啊！南京大屠杀纪念日是12月13日，你让南京人情何以堪！！！",
"mid":"yALZWyqcY",
"date":"2012-09-07 15:19:50"
},
{
"kids":[],
"uid":"2646969801",
"parent":"",
"text":"我绝对不看----",
"mid":"yALZPaCtX",
"date":"2012-09-07 15:19:32"
},
{
"kids":[
"yAMl771QL",
"yAMghdvkG"
],
"uid":"1814322401",
"parent":"yALNgfSAk",
"text":"",
"mid":"yALZ267IK",
"date":"2012-09-07 15:17:36"
},
{
"kids":[],
"uid":"1761933292",
"parent":"yALLOFUAw",
"text":"[good][good][good][赞][赞][赞]支持支持！！绝对支持！！系中国人就转！！",
"mid":"yALWPBBi9",
"date":"2012-09-07 15:12:11"
},
{
"kids":[
"yAMseACBL",
"yAM8974y6"
],
"uid":"1809879034",
"parent":"yALPhfnBk",
"text":"",
"mid":"yALWuCCge",
"date":"2012-09-07 15:11:21"
},
{
"kids":[],
"uid":"1936385681",
"parent":"",
"text":"",
"mid":"yALWsywfs",
"date":"2012-09-07 15:11:14"
},
{
"kids":[],
"uid":"2374950492",
"parent":"",
"text":"转",
"mid":"yALPy6EQx",
"date":"2012-09-07 14:54:12"
},
{
"kids":[
"yALWuCCge"
],
"uid":"1772275672",
"parent":"",
"text":"",
"mid":"yALPhfnBk",
"date":"2012-09-07 14:53:34"
},
{
"kids":[],
"uid":"linwulong",
"parent":"yALCqAEbS",
"text":"",
"mid":"yALOD5uZG",
"date":"2012-09-07 14:51:58"
},
{
"kids":[
"yAPiIFp8b"
],
"uid":"1921402901",
"parent":"",
"text":"",
"mid":"yALNLzM8M",
"date":"2012-09-07 14:49:51"
},
{
"kids":[
"yALZ267IK"
],
"uid":"2557614873",
"parent":"yALj13wKD",
"text":"请动动指公转一下.不转不是中国人",
"mid":"yALNgfSAk",
"date":"2012-09-07 14:48:36"
},
{
"kids":[],
"uid":"2714623960",
"parent":"yALCdj5IY",
"text":"",
"mid":"yALMzqenH",
"date":"2012-09-07 14:46:53"
},
{
"kids":[
"yAVeZkAko",
"yALWPBBi9"
],
"uid":"1765278105",
"parent":"",
"text":"",
"mid":"yALLOFUAw",
"date":"2012-09-07 14:45:03"
},
{
"kids":[],
"uid":"2169241985",
"parent":"",
"text":"",
"mid":"yALL6oNiy",
"date":"2012-09-07 14:43:17"
},
{
"kids":[],
"uid":"2767206893",
"parent":"yALAmj3D8",
"text":"@白星_lifely @珠江第一线饮早茶 @关注信宜-飞粤",
"mid":"yALKgFaRy",
"date":"2012-09-07 14:41:14"
},
{
"kids":[],
"uid":"1932672762",
"parent":"yAL4YfoQw",
"text":"",
"mid":"yALCru910",
"date":"2012-09-07 14:21:57"
},
{
"kids":[
"yALOD5uZG"
],
"uid":"2451327551",
"parent":"",
"text":"绝不看！！！[怒][怒][怒]",
"mid":"yALCqAEbS",
"date":"2012-09-07 14:21:54"
},
{
"kids":[
"yALMzqenH"
],
"uid":"1977288570",
"parent":"yALictK6o",
"text":"",
"mid":"yALCdj5IY",
"date":"2012-09-07 14:21:23"
},
{
"kids":[
"yAOlJ573P",
"yALKgFaRy"
],
"uid":"1753218461",
"parent":"yALtblhtu",
"text":"系统自动转发",
"mid":"yALAmj3D8",
"date":"2012-09-07 14:16:48"
},
{
"kids":[
"yAMgKbhbv"
],
"uid":"nico1980",
"parent":"",
"text":"",
"mid":"yALzR2Mhp",
"date":"2012-09-07 14:15:34"
},
{
"kids":[],
"uid":"andy5181",
"parent":"yALtblhtu",
"text":"",
"mid":"yALzjzZFv",
"date":"2012-09-07 14:14:13"
},
{
"kids":[],
"uid":"dzbshizheng",
"parent":"",
"text":"勿忘国耻总得先知道国耻是什么吧我说？！这贴都被人鄙视多久了还有人发有人转？？？！！！",
"mid":"yALxLB3qa",
"date":"2012-09-07 14:10:25"
},
{
"kids":[
"yAMpk4Iqp"
],
"uid":"929h9",
"parent":"yALvRpC7Z",
"text":"转转更健康",
"mid":"yALwJ9JyI",
"date":"2012-09-07 14:07:50"
},
{
"kids":[],
"uid":"yxfadan",
"parent":"yALkyuMJM",
"text":"",
"mid":"yALwnB4ca",
"date":"2012-09-07 14:07:01"
},
{
"kids":[
"yALwJ9JyI"
],
"uid":"2531833681",
"parent":"yAKsLhbgy",
"text":"坚决抵制！]",
"mid":"yALvRpC7Z",
"date":"2012-09-07 14:05:42"
},
{
"kids":[
"yALAmj3D8",
"yALzjzZFv"
],
"uid":"yy0316",
"parent":"",
"text":"不需要任何言论，不容置疑！系中国人就请转走！[怒][怒]",
"mid":"yALtblhtu",
"date":"2012-09-07 13:59:07"
},
{
"kids":[],
"uid":"ybwddb",
"parent":"",
"text":"",
"mid":"yALsa7Vdt",
"date":"2012-09-07 13:56:37"
},
{
"kids":[],
"uid":"shenbbing",
"parent":"yALqSA3Ih",
"text":"呼吁呼吁！",
"mid":"yALs78pGd",
"date":"2012-09-07 13:56:28"
},
{
"kids":[],
"uid":"1762579744",
"parent":"yAKNk3v8j",
"text":"",
"mid":"yALs4df8l",
"date":"2012-09-07 13:56:23"
},
{
"kids":[
"yAODW9DP1",
"yAMGFm32S"
],
"uid":"1868340742",
"parent":"",
"text":"支持",
"mid":"yALrIA4WT",
"date":"2012-09-07 13:55:32"
},
{
"kids":[
"yALs78pGd"
],
"uid":"oujian1011",
"parent":"yALjdt5Oq",
"text":"转起来",
"mid":"yALqSA3Ih",
"date":"2012-09-07 13:53:28"
},
{
"kids":[],
"uid":"2290141994",
"parent":"yAKKvozWd",
"text":"",
"mid":"yALpMDohn",
"date":"2012-09-07 13:50:44"
},
{
"kids":[],
"uid":"1689149580",
"parent":"",
"text":"简单，顶起",
"mid":"yALoAcfC5",
"date":"2012-09-07 13:47:47"
},
{
"kids":[],
"uid":"1784218387",
"parent":"",
"text":"",
"mid":"yALma5yP1",
"date":"2012-09-07 13:41:49"
},
{
"kids":[
"yALwnB4ca"
],
"uid":"wn0926",
"parent":"yAKD2m2cO",
"text":"",
"mid":"yALkyuMJM",
"date":"2012-09-07 13:37:53"
},
{
"kids":[],
"uid":"1640184912",
"parent":"",
"text":"",
"mid":"yALkw95Gk",
"date":"2012-09-07 13:37:47"
},
{
"kids":[
"yALqSA3Ih"
],
"uid":"1787269504",
"parent":"yAKEhufLP",
"text":"",
"mid":"yALjdt5Oq",
"date":"2012-09-07 13:34:33"
},
{
"kids":[
"yALNgfSAk"
],
"uid":"1751678391",
"parent":"",
"text":"",
"mid":"yALj13wKD",
"date":"2012-09-07 13:34:05"
},
{
"kids":[
"yAMtYsUTF",
"yALCdj5IY"
],
"uid":"2205985465",
"parent":"",
"text":"看也不看[怒][怒]",
"mid":"yALictK6o",
"date":"2012-09-07 13:32:05"
},
{
"kids":[],
"uid":"kwglyy",
"parent":"",
"text":"",
"mid":"yALhrxO2I",
"date":"2012-09-07 13:30:13"
},
{
"kids":[],
"uid":"2360114974",
"parent":"",
"text":"",
"mid":"yALgEcQ2m",
"date":"2012-09-07 13:28:14"
},
{
"kids":[],
"uid":"rogerhbh",
"parent":"",
"text":"勿忘国耻，强烈要求转起",
"mid":"yALcgmgzY",
"date":"2012-09-07 13:17:27"
},
{
"kids":[],
"uid":"ningster",
"parent":"",
"text":"",
"mid":"yAL9Xk4HM",
"date":"2012-09-07 13:11:46"
},
{
"kids":[],
"uid":"2388199420",
"parent":"",
"text":"",
"mid":"yAL7RjK5Y",
"date":"2012-09-07 13:06:36"
},
{
"kids":[],
"uid":"wayneyiu",
"parent":"",
"text":"",
"mid":"yAL5jdjaX",
"date":"2012-09-07 13:00:20"
},
{
"kids":[
"yALCru910"
],
"uid":"chanleelee",
"parent":"",
"text":"转发微博。",
"mid":"yAL4YfoQw",
"date":"2012-09-07 12:59:29"
},
{
"kids":[],
"uid":"ivanpoon1987",
"parent":"yAKWkuZJS",
"text":"",
"mid":"yAKZDitRq",
"date":"2012-09-07 12:46:20"
},
{
"kids":[],
"uid":"gzinbaby",
"parent":"yAKOIjCMM",
"text":"",
"mid":"yAKXOo7cV",
"date":"2012-09-07 12:41:49"
},
{
"kids":[
"yAKZDitRq"
],
"uid":"1848562940",
"parent":"yAKVHsVma",
"text":"反正我系唔会去睇既啦！！",
"mid":"yAKWkuZJS",
"date":"2012-09-07 12:38:12"
},
{
"kids":[
"yAKWkuZJS"
],
"uid":"2237893222",
"parent":"yAKEhufLP",
"text":"果断转",
"mid":"yAKVHsVma",
"date":"2012-09-07 12:36:39"
},
{
"kids":[],
"uid":"2027252264",
"parent":"yAKG42feN",
"text":"[哼]",
"mid":"yAKSzEcr8",
"date":"2012-09-07 12:28:57"
},
{
"kids":[],
"uid":"yan314",
"parent":"",
"text":"",
"mid":"yAKRKya5Q",
"date":"2012-09-07 12:26:55"
},
{
"kids":[],
"uid":"cjhlhx",
"parent":"",
"text":"",
"mid":"yAKR37Jyl",
"date":"2012-09-07 12:25:11"
},
{
"kids":[],
"uid":"1848022177",
"parent":"yAKKvozWd",
"text":"请不要去看这个日本电影！",
"mid":"yAKPztmnx",
"date":"2012-09-07 12:21:34"
},
{
"kids":[
"yAKXOo7cV"
],
"uid":"somayljx",
"parent":"",
"text":"",
"mid":"yAKOIjCMM",
"date":"2012-09-07 12:19:25"
},
{
"kids":[],
"uid":"love627503",
"parent":"yAKKf89o7",
"text":"gogogo ''让贞子去见马克思吧'' 哟呵''",
"mid":"yAKNvgPJd",
"date":"2012-09-07 12:16:25"
},
{
"kids":[
"yALs4df8l"
],
"uid":"1783308117",
"parent":"yAKsLhbgy",
"text":"",
"mid":"yAKNk3v8j",
"date":"2012-09-07 12:15:58"
},
{
"kids":[
"yALpMDohn",
"yAKPztmnx"
],
"uid":"1791005961",
"parent":"",
"text":"转发微博。",
"mid":"yAKKvozWd",
"date":"2012-09-07 12:09:04"
},
{
"kids":[
"yAKNvgPJd"
],
"uid":"miga333",
"parent":"",
"text":"+1",
"mid":"yAKKf89o7",
"date":"2012-09-07 12:08:26"
},
{
"kids":[],
"uid":"2497297424",
"parent":"",
"text":"",
"mid":"yAKGKwNxM",
"date":"2012-09-07 11:59:50"
},
{
"kids":[
"yAKSzEcr8"
],
"uid":"eachlovingday",
"parent":"",
"text":"我绝不去看！",
"mid":"yAKG42feN",
"date":"2012-09-07 11:58:06"
},
{
"kids":[
"yALjdt5Oq",
"yAKVHsVma"
],
"uid":"1730389362",
"parent":"",
"text":"",
"mid":"yAKEhufLP",
"date":"2012-09-07 11:53:44"
},
{
"kids":[
"yASAeqWfh",
"yALkyuMJM"
],
"uid":"huanyannie",
"parent":"yAKsLhbgy",
"text":"",
"mid":"yAKD2m2cO",
"date":"2012-09-07 11:50:41"
},
{
"kids":[],
"uid":"1989478397",
"parent":"",
"text":"虽然我吾睇但都要转！转！",
"mid":"yAKy6f8Z2",
"date":"2012-09-07 11:38:30"
},
{
"kids":[],
"uid":"ayakolee",
"parent":"",
"text":"[鄙视]",
"mid":"yAKxvA5Kc",
"date":"2012-09-07 11:37:03"
},
{
"kids":[
"yALvRpC7Z",
"yAKNk3v8j",
"yAKD2m2cO"
],
"uid":"suyi3350",
"parent":"",
"text":"一集都未睇过！！！",
"mid":"yAKsLhbgy",
"date":"2012-09-07 11:25:21"
},
{
"kids":[],
"uid":"1847324234",
"parent":"",
"text":"转发微博。",
"mid":"yAKqdcGFb",
"date":"2012-09-07 11:19:03"
}
]