[
{
"kids":[],
"uid":"1583766051",
"parent":"yzQVE6AVT",
"text":"",
"mid":"yC32e7KG0",
"date":"2012-09-16 00:32:28"
},
{
"kids":[],
"uid":"1583766147",
"parent":"yzQVE6AVT",
"text":"",
"mid":"yBTiM62In",
"date":"2012-09-14 23:45:47"
},
{
"kids":[],
"uid":"1583766484",
"parent":"yzQVE6AVT",
"text":"",
"mid":"yAvWo64ek",
"date":"2012-09-05 22:27:05"
},
{
"kids":[],
"uid":"1583766520",
"parent":"yzQVE6AVT",
"text":"",
"mid":"yAmWKlomP",
"date":"2012-09-04 23:33:17"
},
{
"kids":[],
"uid":"js987",
"parent":"yzRj51iZj",
"text":"[good]",
"mid":"yAhbNshpn",
"date":"2012-09-04 08:53:55"
},
{
"kids":[],
"uid":"2682407973",
"parent":"yzQXbfb29",
"text":"",
"mid":"yzV7ODDWk",
"date":"2012-09-02 00:43:40"
},
{
"kids":[],
"uid":"gracesfull",
"parent":"yzQSS6qsv",
"text":"李总统是基督徒，我们的领导是马列毛的信仰者，信仰差异。",
"mid":"yzT1Flfm3",
"date":"2012-09-01 19:23:01"
},
{
"kids":[],
"uid":"2107558105",
"parent":"yzQU07cIU",
"text":"[赞]",
"mid":"yzSZep9no",
"date":"2012-09-01 19:17:01"
},
{
"kids":[],
"uid":"2274160067",
"parent":"yzRj51iZj",
"text":"傻逼",
"mid":"yzSWXrH97",
"date":"2012-09-01 19:11:24"
},
{
"kids":[],
"uid":"alexpolk",
"parent":"",
"text":"资本主义社会就是会作戏",
"mid":"yzS7hqzSv",
"date":"2012-09-01 17:04:07"
},
{
"kids":[],
"uid":"wangxuan0228",
"parent":"yzRiAxx0V",
"text":"",
"mid":"yzS405DqH",
"date":"2012-09-01 16:56:01"
},
{
"kids":[],
"uid":"addgoddess?st=1507f2",
"parent":"",
"text":"",
"mid":"yzRXPt6ue",
"date":"2012-09-01 16:40:47"
},
{
"kids":[],
"uid":"2377455784",
"parent":"",
"text":"",
"mid":"yzRWC8Dk3",
"date":"2012-09-01 16:37:49"
},
{
"kids":[],
"uid":"gnepeux",
"parent":"yzR2lcq4t",
"text":"回复@谢小夜:@LoungeQueen 请兰老师代为解释",
"mid":"yzRW8foiB",
"date":"2012-09-01 16:36:38"
},
{
"kids":[],
"uid":"514167855",
"parent":"yzR4oi3R4",
"text":"发播或是转发前稍稍求证一下就不至于假消息满天飞",
"mid":"yzRO6F9Ty",
"date":"2012-09-01 16:16:52"
},
{
"kids":[],
"uid":"1439157075",
"parent":"yzR9RbNc2",
"text":"肯定站不起来",
"mid":"yzRNRzJH3",
"date":"2012-09-01 16:16:14"
},
{
"kids":[],
"uid":"214463429",
"parent":"yzRj51iZj",
"text":"领导人太不像话了。。。。",
"mid":"yzRIUgZC9",
"date":"2012-09-01 16:04:02"
},
{
"kids":[],
"uid":"smokinptown",
"parent":"yzR1S0beH",
"text":"",
"mid":"yzRCWkVg5",
"date":"2012-09-01 15:49:21"
},
{
"kids":[],
"uid":"1406031287",
"parent":"yzR4oi3R4",
"text":"景涛就别跪了，派#出#所的副所长能跪，我们就进步了100年！",
"mid":"yzRCPw5X9",
"date":"2012-09-01 15:49:04"
},
{
"kids":[],
"uid":"1768727845",
"parent":"yzRzDuRf9",
"text":"尊重别人，就是尊重自己，然后才能受人尊重",
"mid":"yzRAACbsJ",
"date":"2012-09-01 15:43:34"
},
{
"kids":[
"yzRAACbsJ"
],
"uid":"1768727845",
"parent":"yzRj5B2hG",
"text":"大家不要老是棒子棒子的，且不说在我国东北还生活着很多朝鲜族人，即便只指外国的也不好。我认识的很多朝鲜族朋友，性格坚韧耿直，勤劳善良",
"mid":"yzRzDuRf9",
"date":"2012-09-01 15:41:11"
},
{
"kids":[],
"uid":"2811632962",
"parent":"",
"text":"..............",
"mid":"yzRzocRQa",
"date":"2012-09-01 15:40:36"
},
{
"kids":[],
"uid":"stnj",
"parent":"",
"text":"选票的力量是无穷的。",
"mid":"yzRyhCQgI",
"date":"2012-09-01 15:37:53"
},
{
"kids":[],
"uid":"lnikiv",
"parent":"yzRfJynXM",
"text":"下跪有用还要你总统干什么！",
"mid":"yzRxeCUC7",
"date":"2012-09-01 15:35:18"
},
{
"kids":[],
"uid":"1844212213",
"parent":"",
"text":"",
"mid":"yzRuuoLvb",
"date":"2012-09-01 15:28:32"
},
{
"kids":[],
"uid":"elmerzzwu",
"parent":"",
"text":"",
"mid":"yzRu6sAQ2",
"date":"2012-09-01 15:27:35"
},
{
"kids":[],
"uid":"chenzhengsheng",
"parent":"yzQU07cIU",
"text":"",
"mid":"yzRsJmHf2",
"date":"2012-09-01 15:24:12"
},
{
"kids":[],
"uid":"1644733457",
"parent":"",
"text":"",
"mid":"yzRsFfBEs",
"date":"2012-09-01 15:24:00"
},
{
"kids":[],
"uid":"2030310510",
"parent":"yzR7s2qvs",
"text":"",
"mid":"yzRsrDLeu",
"date":"2012-09-01 15:23:30"
},
{
"kids":[],
"uid":"1338019175",
"parent":"",
"text":"",
"mid":"yzRs7h8tK",
"date":"2012-09-01 15:22:40"
},
{
"kids":[],
"uid":"plina",
"parent":"",
"text":"排最右",
"mid":"yzRs6CeE3",
"date":"2012-09-01 15:22:41"
},
{
"kids":[],
"uid":"bigmonkey250",
"parent":"",
"text":"",
"mid":"yzRqTl67P",
"date":"2012-09-01 15:19:40"
},
{
"kids":[],
"uid":"1970922512",
"parent":"yzRabhp0d",
"text":"虽不喜欢这种动不动就跪' 但是我们的官员好像都在天上的感觉 [汗]",
"mid":"yzRq2oM8M",
"date":"2012-09-01 15:17:34"
},
{
"kids":[],
"uid":"2489804171",
"parent":"",
"text":"",
"mid":"yzRpyxXzF",
"date":"2012-09-01 15:16:24"
},
{
"kids":[],
"uid":"1937446402",
"parent":"",
"text":"",
"mid":"yzRpikeTg",
"date":"2012-09-01 15:15:44"
},
{
"kids":[],
"uid":"2390882742",
"parent":"yzRjz9TBN",
"text":"坚定党性。不要中了资本主义的圈套啊！！！！",
"mid":"yzRnDcYa0",
"date":"2012-09-01 15:11:38"
},
{
"kids":[],
"uid":"coolhot2011",
"parent":"",
"text":"",
"mid":"yzRnwn0YY",
"date":"2012-09-01 15:11:22"
},
{
"kids":[],
"uid":"712318141",
"parent":"yzReZrjYl",
"text":"",
"mid":"yzRnuDakz",
"date":"2012-09-01 15:11:16"
},
{
"kids":[],
"uid":"2714891342",
"parent":"yzR4Rxq48",
"text":"",
"mid":"yzRmpfQp6",
"date":"2012-09-01 15:08:37"
},
{
"kids":[],
"uid":"1999037201",
"parent":"",
"text":"Forward.",
"mid":"yzRmhyFRX",
"date":"2012-09-01 15:08:18"
},
{
"kids":[],
"uid":"318689666",
"parent":"",
"text":"",
"mid":"yzRlR0aiD",
"date":"2012-09-01 15:07:15"
},
{
"kids":[],
"uid":"1400728065",
"parent":"yzRkEfxRP",
"text":"据传此下跪图并非此次道歉，而是某次教会仪式。",
"mid":"yzRlmy5XD",
"date":"2012-09-01 15:06:03"
},
{
"kids":[],
"uid":"1730350957",
"parent":"",
"text":"",
"mid":"yzRlgCQKW",
"date":"2012-09-01 15:05:47"
},
{
"kids":[],
"uid":"haojie110120",
"parent":"yzR3RtCtw",
"text":"",
"mid":"yzRkSoW7D",
"date":"2012-09-01 15:04:51"
},
{
"kids":[],
"uid":"1400728065",
"parent":"",
"text":"回复@P兜儿:？？",
"mid":"yzRkRuScS",
"date":"2012-09-01 15:04:49"
},
{
"kids":[
"yzRlmy5XD"
],
"uid":"1400728065",
"parent":"",
"text":"",
"mid":"yzRkEfxRP",
"date":"2012-09-01 15:04:16"
},
{
"kids":[],
"uid":"1406021584",
"parent":"",
"text":"这张配图是几年前的一次天主教集会上神父提议下跪祈祷时的照片,这次只是道歉没有下跪.",
"mid":"yzRkqFRCC",
"date":"2012-09-01 15:03:44"
},
{
"kids":[
"yzRnDcYa0"
],
"uid":"bushicuibai",
"parent":"yzR1S0beH",
"text":"",
"mid":"yzRjz9TBN",
"date":"2012-09-01 15:01:37"
},
{
"kids":[
"yzRzDuRf9"
],
"uid":"sumcyda",
"parent":"yzRabhp0d",
"text":"",
"mid":"yzRj5B2hG",
"date":"2012-09-01 15:00:27"
},
{
"kids":[
"yAhbNshpn",
"yzSWXrH97",
"yzRIUgZC9"
],
"uid":"syid",
"parent":"yzQTIlR90",
"text":"怎么能这样呢，太不靠谱了！",
"mid":"yzRj51iZj",
"date":"2012-09-01 15:00:24"
},
{
"kids":[
"yzS405DqH"
],
"uid":"1962071515",
"parent":"",
"text":"拜托！李去年三月和老婆下跪是应牧师之请共同祈祷，关幼女啥事。此跪在韩引起极大争议，现在微博胡喷者何只千千万啊。",
"mid":"yzRiAxx0V",
"date":"2012-09-01 14:59:13"
},
{
"kids":[],
"uid":"2164005392",
"parent":"yzR5J4vLx",
"text":"",
"mid":"yzRhvvaom",
"date":"2012-09-01 14:56:31"
},
{
"kids":[],
"uid":"2217763582",
"parent":"yzQXbfb29",
"text":"[赞]",
"mid":"yzRhsxPtl",
"date":"2012-09-01 14:56:26"
},
{
"kids":[],
"uid":"2392421007",
"parent":"",
"text":"中国领导人有这个脸，他们的子子孙孙都应该跪在人民面前！",
"mid":"yzRh3EJib",
"date":"2012-09-01 14:55:28"
},
{
"kids":[],
"uid":"conyjiang",
"parent":"yzQU07cIU",
"text":"",
"mid":"yzRgZgkm2",
"date":"2012-09-01 14:55:15"
},
{
"kids":[],
"uid":"afeifeimm",
"parent":"yzR3MaCjT",
"text":"同意",
"mid":"yzRgT6c9K",
"date":"2012-09-01 14:55:01"
},
{
"kids":[],
"uid":"zhanghongjian1",
"parent":"",
"text":"谁让他当总统，他就会对谁好。",
"mid":"yzRgMxNLQ",
"date":"2012-09-01 14:54:46"
},
{
"kids":[],
"uid":"2190323123",
"parent":"yzR4Rxq48",
"text":"这哥们道歉的频率太大了",
"mid":"yzRgAqEL1",
"date":"2012-09-01 14:54:17"
},
{
"kids":[],
"uid":"1103923541",
"parent":"",
"text":"韩国总统伟大，哪个制度好一目了然",
"mid":"yzRgcd9ox",
"date":"2012-09-01 14:53:19"
},
{
"kids":[],
"uid":"huixing0206",
"parent":"yzR7sk1SF",
"text":"",
"mid":"yzRgbmQD7",
"date":"2012-09-01 14:53:15"
},
{
"kids":[
"yzRxeCUC7"
],
"uid":"shanyinxinwu",
"parent":"",
"text":"再跪也没用啦！李明博不得民心！",
"mid":"yzRfJynXM",
"date":"2012-09-01 14:52:11"
},
{
"kids":[],
"uid":"1846654442",
"parent":"",
"text":"",
"mid":"yzRfxrqEu",
"date":"2012-09-01 14:51:42"
},
{
"kids":[],
"uid":"1953740373",
"parent":"yzR3RtCtw",
"text":"",
"mid":"yzRfwfsaX",
"date":"2012-09-01 14:51:39"
},
{
"kids":[],
"uid":"2219138685",
"parent":"yzQU07cIU",
"text":"",
"mid":"yzRf81qbW",
"date":"2012-09-01 14:50:39"
},
{
"kids":[],
"uid":"1376174967",
"parent":"yzR2KDdhZ",
"text":"[泪]",
"mid":"yzRf5o2a2",
"date":"2012-09-01 14:50:35"
},
{
"kids":[
"yzRnuDakz"
],
"uid":"528522346",
"parent":"yzRcepf7P",
"text":"",
"mid":"yzReZrjYl",
"date":"2012-09-01 14:50:21"
},
{
"kids":[],
"uid":"209105345",
"parent":"yzR9RuLOu",
"text":"",
"mid":"yzRehrjYp",
"date":"2012-09-01 14:48:36"
},
{
"kids":[],
"uid":"2631808704",
"parent":"",
"text":"已阅[哈哈][哈哈][哈哈]",
"mid":"yzRegw2di",
"date":"2012-09-01 14:48:34"
},
{
"kids":[],
"uid":"2169730153",
"parent":"yzQZo1eIU",
"text":"",
"mid":"yzRdPFWMq",
"date":"2012-09-01 14:47:30"
},
{
"kids":[],
"uid":"siwakong",
"parent":"",
"text":"我朝",
"mid":"yzRdHDOQS",
"date":"2012-09-01 14:47:11"
},
{
"kids":[],
"uid":"zsqtopas",
"parent":"yzR9PrW46",
"text":"",
"mid":"yzRdH7Ym1",
"date":"2012-09-01 14:47:08"
},
{
"kids":[],
"uid":"zhaoleziba",
"parent":"yzRcepf7P",
"text":"",
"mid":"yzRdFlu5w",
"date":"2012-09-01 14:47:06"
},
{
"kids":[],
"uid":"1923249083",
"parent":"",
"text":"最好的中国文化在日韩，我都不好意思说这话[围观]",
"mid":"yzRdn0Jos",
"date":"2012-09-01 14:46:21"
},
{
"kids":[],
"uid":"shenet",
"parent":"",
"text":"转发",
"mid":"yzRdn0Jli",
"date":"2012-09-01 14:46:21"
},
{
"kids":[],
"uid":"1908672245",
"parent":"",
"text":"棒子，很棒！！！",
"mid":"yzRdmEY68",
"date":"2012-09-01 14:46:21"
},
{
"kids":[],
"uid":"1924831841",
"parent":"",
"text":"对于自己的民族，这样的总统才是王道",
"mid":"yzRdja94U",
"date":"2012-09-01 14:46:10"
},
{
"kids":[],
"uid":"1683922975",
"parent":"",
"text":"金融危机就属韩资跑路多,明星遭奸浅规则跳楼，就属韩多,猥亵幼女,阉了的也是韩棒……操了，别说他没跪，就是跪了，也没什么值得尊重的!。当然，比照对象大家都懂的。",
"mid":"yzRdgejSf",
"date":"2012-09-01 14:46:03"
},
{
"kids":[],
"uid":"1911254335",
"parent":"",
"text":"中国的领导们，谁又能做到这点呢...",
"mid":"yzRd7Coyd",
"date":"2012-09-01 14:45:43"
},
{
"kids":[],
"uid":"1908672245",
"parent":"",
"text":"民主体制就是好！性侵幼女，在天朝可是属于强奸吧？",
"mid":"yzRd6ri2u",
"date":"2012-09-01 14:45:43"
},
{
"kids":[],
"uid":"yoshiki1645",
"parent":"yzR7HEwwL",
"text":"都是嫖幼，中国母亲上访被劳教，棒子老大下跪。",
"mid":"yzRd2j7ZJ",
"date":"2012-09-01 14:45:32"
},
{
"kids":[],
"uid":"1101zz",
"parent":"",
"text":"我们的那就不用起来了",
"mid":"yzRcUC0hr",
"date":"2012-09-01 14:45:15"
},
{
"kids":[],
"uid":"1798236015",
"parent":"yzR7CBwSu",
"text":"",
"mid":"yzRcJompk",
"date":"2012-09-01 14:44:47"
},
{
"kids":[],
"uid":"2215520031",
"parent":"yzR2P5rzE",
"text":"这些举动，让我们感动，对外硬汉，对内柔情",
"mid":"yzRcE6X8m",
"date":"2012-09-01 14:44:34"
},
{
"kids":[],
"uid":"candychen0219",
"parent":"yzQUZhhe8",
"text":"中国领导人啥时能这样啊！",
"mid":"yzRcE6WZY",
"date":"2012-09-01 14:44:34"
},
{
"kids":[],
"uid":"fksoul",
"parent":"yzQYN6lPK",
"text":"可惜这么简单的伎俩天朝却永远学不会 - 他们放不下那可怜的自尊。下下跪，老百姓就天天叫好，既满足了老百姓的虚荣心又显得自己特别谦虚，一石二鸟。",
"mid":"yzRczn7B0",
"date":"2012-09-01 14:44:21"
},
{
"kids":[
"yzReZrjYl",
"yzRdFlu5w"
],
"uid":"712318141",
"parent":"yzR44vgpj",
"text":"在中国也没有人为湖南郴州11岁幼女群奸案下跪道歉？",
"mid":"yzRcepf7P",
"date":"2012-09-01 14:43:32"
},
{
"kids":[],
"uid":"johnyo",
"parent":"",
"text":"从中华文明延伸去的一个民族的尊严得以呈现，而出处的文明早已荡然无存",
"mid":"yzRcbFC8A",
"date":"2012-09-01 14:43:27"
},
{
"kids":[],
"uid":"1882656974",
"parent":"yzQXbfb29",
"text":"反之，回头看看“唐慧案”。。。。。",
"mid":"yzRc3qFfa",
"date":"2012-09-01 14:43:07"
},
{
"kids":[],
"uid":"sdgtzzg",
"parent":"yzRazy4tF",
"text":"",
"mid":"yzRbW3AaL",
"date":"2012-09-01 14:42:50"
},
{
"kids":[],
"uid":"2306167572",
"parent":"",
"text":"",
"mid":"yzRby9GlQ",
"date":"2012-09-01 14:41:51"
},
{
"kids":[],
"uid":"1777485220",
"parent":"",
"text":"",
"mid":"yzRbqsw0e",
"date":"2012-09-01 14:41:34"
},
{
"kids":[],
"uid":"nywrs",
"parent":"",
"text":"",
"mid":"yzRbmiQRU",
"date":"2012-09-01 14:41:25"
},
{
"kids":[],
"uid":"2453219364",
"parent":"yzR4oi3R4",
"text":"",
"mid":"yzRbiaFjS",
"date":"2012-09-01 14:41:12"
},
{
"kids":[],
"uid":"2682675475",
"parent":"yzR9RbNc2",
"text":"",
"mid":"yzRaXsIqK",
"date":"2012-09-01 14:40:23"
},
{
"kids":[],
"uid":"1337927310",
"parent":"",
"text":"新闻和胡扯常常并肩站在一起!",
"mid":"yzRaQlReX",
"date":"2012-09-01 14:40:07"
},
{
"kids":[],
"uid":"keshengteng",
"parent":"",
"text":"",
"mid":"yzRaLnNyc",
"date":"2012-09-01 14:39:55"
},
{
"kids":[],
"uid":"nolier",
"parent":"",
"text":"在咱们这当事者都不带给你跪的。",
"mid":"yzRaJ09qn",
"date":"2012-09-01 14:39:50"
},
{
"kids":[],
"uid":"712318141",
"parent":"yzR44vgpj",
"text":"在中国为什么没有人为7.23动车和延安特大交通事故下跪道歉呢？",
"mid":"yzRaBCahJ",
"date":"2012-09-01 14:39:32"
},
{
"kids":[
"yzRbW3AaL"
],
"uid":"1903957094",
"parent":"",
"text":"啥时候能接轨呢？先弄点替身备着",
"mid":"yzRazy4tF",
"date":"2012-09-01 14:39:28"
},
{
"kids":[],
"uid":"mrworst",
"parent":"",
"text":"李明博真是个汉子啊！",
"mid":"yzRaxr5D6",
"date":"2012-09-01 14:39:24"
},
{
"kids":[],
"uid":"imocanihckcuf",
"parent":"",
"text":"",
"mid":"yzRaktM8I",
"date":"2012-09-01 14:38:51"
},
{
"kids":[],
"uid":"2126430235",
"parent":"",
"text":"他国的崛起不是没有理由的。",
"mid":"yzRajAT4Y",
"date":"2012-09-01 14:38:50"
},
{
"kids":[],
"uid":"1764339922",
"parent":"",
"text":"",
"mid":"yzRahtE0o",
"date":"2012-09-01 14:38:45"
},
{
"kids":[
"yzRq2oM8M",
"yzRj5B2hG"
],
"uid":"droors43co",
"parent":"yzR47b0fM",
"text":"",
"mid":"yzRabhp0d",
"date":"2012-09-01 14:38:31"
},
{
"kids":[],
"uid":"2443937161",
"parent":"yzR8Xot8X",
"text":"",
"mid":"yzR9VjXeK",
"date":"2012-09-01 14:37:52"
},
{
"kids":[
"yzRehrjYp"
],
"uid":"210108062",
"parent":"yzR7N1plF",
"text":"如果天朝的领导有觉悟向被侵犯的女童下跪道歉,那么恐怕他们要跪穿地板和地狱.",
"mid":"yzR9RuLOu",
"date":"2012-09-01 14:37:43"
},
{
"kids":[
"yzRNRzJH3",
"yzRaXsIqK"
],
"uid":"1455159852",
"parent":"",
"text":"党/国/如/果/学习的话，温和/湖就不/用站/起来了……",
"mid":"yzR9RbNc2",
"date":"2012-09-01 14:37:40"
},
{
"kids":[
"yzRdH7Ym1"
],
"uid":"yuanmufaye",
"parent":"",
"text":"",
"mid":"yzR9PrW46",
"date":"2012-09-01 14:37:36"
},
{
"kids":[],
"uid":"1713420162",
"parent":"",
"text":"",
"mid":"yzR9L3B67",
"date":"2012-09-01 14:37:27"
},
{
"kids":[],
"uid":"ladan8899",
"parent":"",
"text":"在天朝这是奇闻，是笑料！",
"mid":"yzR9tB9Y2",
"date":"2012-09-01 14:36:44"
},
{
"kids":[],
"uid":"zz623",
"parent":"",
"text":"據南韓《中央日報》3月4日報道，南韓總統李明博在3月3日參加一個早餐會時下跪……李明博對吉牧師的提議稍作猶豫後，便跟隨其夫人金潤玉女士跪了下來http:",
"mid":"yzR9rvCVY",
"date":"2012-09-01 14:36:41"
},
{
"kids":[],
"uid":"tuilizhishen",
"parent":"yzR4jzktB",
"text":"人家是合同工，干不好要下岗。我们是铁饭碗，干好干坏也不影响地位。",
"mid":"yzR9fnD35",
"date":"2012-09-01 14:36:13"
},
{
"kids":[],
"uid":"133sy",
"parent":"",
"text":"那胡歌宝叔太辛苦，也不会的。",
"mid":"yzR9f8vrr",
"date":"2012-09-01 14:36:11"
},
{
"kids":[
"yzR9VjXeK"
],
"uid":"taogongcai",
"parent":"",
"text":"是的，值得某些官官学习",
"mid":"yzR8Xot8X",
"date":"2012-09-01 14:35:29"
},
{
"kids":[],
"uid":"1199930157",
"parent":"yzQU07cIU",
"text":"",
"mid":"yzR8P5LYX",
"date":"2012-09-01 14:35:08"
},
{
"kids":[],
"uid":"1230165961",
"parent":"yzR73rIpd",
"text":"敢于面对，才有可能治理。",
"mid":"yzR8H736L",
"date":"2012-09-01 14:34:51"
},
{
"kids":[],
"uid":"2080866593",
"parent":"",
"text":"",
"mid":"yzR8D0NYS",
"date":"2012-09-01 14:34:40"
},
{
"kids":[],
"uid":"1810868064",
"parent":"",
"text":"",
"mid":"yzR8D0NT8",
"date":"2012-09-01 14:34:40"
},
{
"kids":[],
"uid":"lifly1",
"parent":"",
"text":"轉發。有人慚愧嗎？？？？",
"mid":"yzR8C7yJ6",
"date":"2012-09-01 14:34:38"
},
{
"kids":[],
"uid":"1892540177",
"parent":"",
"text":"哎，什么时候我们也有这待遇",
"mid":"yzR8yyUbv",
"date":"2012-09-01 14:34:30"
},
{
"kids":[],
"uid":"superaaaaaaaaken",
"parent":"",
"text":"此跪在天朝根本无法想象",
"mid":"yzR8vz53C",
"date":"2012-09-01 14:34:23"
},
{
"kids":[],
"uid":"2170760125",
"parent":"yzR3A4PLH",
"text":"",
"mid":"yzR8pEraa",
"date":"2012-09-01 14:34:09"
},
{
"kids":[],
"uid":"339856123",
"parent":"yzR4Rxq48",
"text":"",
"mid":"yzR8ow2pI",
"date":"2012-09-01 14:34:04"
},
{
"kids":[],
"uid":"2201554025",
"parent":"",
"text":"",
"mid":"yzR8cEAJy",
"date":"2012-09-01 14:33:37"
},
{
"kids":[],
"uid":"1579472685",
"parent":"yzR5Rhehm",
"text":"不就嫖宿幼女么，再来几发",
"mid":"yzR7UoxcU",
"date":"2012-09-01 14:32:54"
},
{
"kids":[],
"uid":"208080352",
"parent":"yzR73rIpd",
"text":"烤肉过唯一值得咱们学习的",
"mid":"yzR7U3zVA",
"date":"2012-09-01 14:32:52"
},
{
"kids":[
"yzR9RuLOu"
],
"uid":"0to1",
"parent":"",
"text":"",
"mid":"yzR7N1plF",
"date":"2012-09-01 14:32:36"
},
{
"kids":[],
"uid":"2399225841",
"parent":"",
"text":"",
"mid":"yzR7Jr0LS",
"date":"2012-09-01 14:32:28"
},
{
"kids":[
"yzRd2j7ZJ"
],
"uid":"1695726875",
"parent":"",
"text":"",
"mid":"yzR7HEwwL",
"date":"2012-09-01 14:32:24"
},
{
"kids":[
"yzRcJompk"
],
"uid":"1105150594",
"parent":"yzQXbfb29",
"text":"李明博这样，让天朝国民情何以堪！",
"mid":"yzR7CBwSu",
"date":"2012-09-01 14:32:12"
},
{
"kids":[],
"uid":"actionlouder",
"parent":"yzR5PgNhS",
"text":"韩国人是一面镜子，他们狭隘嚣张，于是他们的老师很生气……",
"mid":"yzR7Az00Q",
"date":"2012-09-01 14:32:07"
},
{
"kids":[
"yzRgbmQD7"
],
"uid":"jennyhume",
"parent":"",
"text":"",
"mid":"yzR7sk1SF",
"date":"2012-09-01 14:31:46"
},
{
"kids":[
"yzRsrDLeu"
],
"uid":"233567428",
"parent":"",
"text":"",
"mid":"yzR7s2qvs",
"date":"2012-09-01 14:31:47"
},
{
"kids":[],
"uid":"1793270515",
"parent":"",
"text":"",
"mid":"yzR7os2oc",
"date":"2012-09-01 14:31:38"
},
{
"kids":[],
"uid":"1719673833",
"parent":"",
"text":"即使我们全国百姓集体给我们公仆下跪恐怕也换不来公仆们的下跪吧",
"mid":"yzR7cl4UZ",
"date":"2012-09-01 14:31:09"
},
{
"kids":[],
"uid":"wangxinjian08",
"parent":"yzR4Rxq48",
"text":"[害羞]让我们感到脸红啊",
"mid":"yzR7c4SlW",
"date":"2012-09-01 14:31:06"
},
{
"kids":[],
"uid":"1646721653",
"parent":"",
"text":"",
"mid":"yzR7bqrca",
"date":"2012-09-01 14:31:07"
},
{
"kids":[],
"uid":"zzccss",
"parent":"yzQSh9Spv",
"text":"在万恶的资本主义国家当领导，真是太不幸了。[哈哈]",
"mid":"yzR79Fl8i",
"date":"2012-09-01 14:31:03"
},
{
"kids":[],
"uid":"spacki",
"parent":"yzR1S0beH",
"text":"",
"mid":"yzR78vTgT",
"date":"2012-09-01 14:30:58"
},
{
"kids":[
"yzR8H736L",
"yzR7U3zVA"
],
"uid":"1730297483",
"parent":"",
"text":"[good]",
"mid":"yzR73rIpd",
"date":"2012-09-01 14:30:48"
},
{
"kids":[],
"uid":"1219078160",
"parent":"yzQU07cIU",
"text":"",
"mid":"yzR6IaYCr",
"date":"2012-09-01 14:29:56"
},
{
"kids":[],
"uid":"wangguangyan2009",
"parent":"",
"text":"没有给孩子们一个美好世界，还怎么希望花朵们对明天抱有美好希望？虽不提倡学着贵，但是极力推崇学着补救。",
"mid":"yzR6DraNL",
"date":"2012-09-01 14:29:46"
},
{
"kids":[],
"uid":"1649658270",
"parent":"",
"text":"",
"mid":"yzR6oEze3",
"date":"2012-09-01 14:29:09"
},
{
"kids":[],
"uid":"wantiangong",
"parent":"yzR4oi3R4",
"text":"",
"mid":"yzR6opJxn",
"date":"2012-09-01 14:29:10"
},
{
"kids":[],
"uid":"wantiangong",
"parent":"",
"text":"",
"mid":"yzR6idamk",
"date":"2012-09-01 14:28:55"
},
{
"kids":[],
"uid":"superlulu2012",
"parent":"",
"text":"",
"mid":"yzR6dtCnQ",
"date":"2012-09-01 14:28:44"
},
{
"kids":[],
"uid":"igucci",
"parent":"",
"text":"跪了",
"mid":"yzR6ciung",
"date":"2012-09-01 14:28:41"
},
{
"kids":[],
"uid":"2387436772",
"parent":"yzR53o8n7",
"text":"原图在这里： http:",
"mid":"yzR6c1ap7",
"date":"2012-09-01 14:28:40"
},
{
"kids":[],
"uid":"casper65",
"parent":"",
"text":"高丽棒子也不是那么讨人厌呀！！！！！",
"mid":"yzR69D1WW",
"date":"2012-09-01 14:28:33"
},
{
"kids":[],
"uid":"zhengminzhu",
"parent":"",
"text":"",
"mid":"yzR68pwlB",
"date":"2012-09-01 14:28:32"
},
{
"kids":[],
"uid":"zhuqimeng",
"parent":"yzR4oi3R4",
"text":"举报",
"mid":"yzR66EqwL",
"date":"2012-09-01 14:28:28"
},
{
"kids":[],
"uid":"2721857210",
"parent":"",
"text":"致敬",
"mid":"yzR60sbq1",
"date":"2012-09-01 14:28:13"
},
{
"kids":[],
"uid":"2608559593",
"parent":"",
"text":"哇靠，总统嫖幼，跪一下就木事啦[吃惊]",
"mid":"yzR5Xdghp",
"date":"2012-09-01 14:28:05"
},
{
"kids":[],
"uid":"banjinyaonie",
"parent":"yzQXbfb29",
"text":"",
"mid":"yzR5W3Cw1",
"date":"2012-09-01 14:28:02"
},
{
"kids":[
"yzR7UoxcU"
],
"uid":"1966115533",
"parent":"",
"text":"照他们这下跪标准，我国领导人该预备几套假肢了",
"mid":"yzR5Rhehm",
"date":"2012-09-01 14:27:50"
},
{
"kids":[
"yzR7Az00Q"
],
"uid":"1166560210",
"parent":"",
"text":"回复@Oecologia:如果学韩国的话,得让我们的总统跪玻璃渣,还得跪几万次;",
"mid":"yzR5PgNhS",
"date":"2012-09-01 14:27:46"
},
{
"kids":[],
"uid":"1610680640",
"parent":"",
"text":"",
"mid":"yzR5LqcYZ",
"date":"2012-09-01 14:27:35"
},
{
"kids":[],
"uid":"1748056284",
"parent":"",
"text":"批评别人的时候，也要反思自己。",
"mid":"yzR5JivrM",
"date":"2012-09-01 14:27:32"
},
{
"kids":[
"yzRhvvaom"
],
"uid":"oupulighting",
"parent":"",
"text":"天朝的官员该脸红！",
"mid":"yzR5J4vLx",
"date":"2012-09-01 14:27:29"
},
{
"kids":[],
"uid":"sunpipi",
"parent":"yzQXbfb29",
"text":"政府过于关注鸡地屁，漠视人性的尊严是最大的问题。",
"mid":"yzR5I7Fl1",
"date":"2012-09-01 14:27:28"
},
{
"kids":[],
"uid":"345418931",
"parent":"",
"text":"假设这是真的，那也是民主体制运行逻辑结果，何必扯上民族性？不该如此自卑吧？",
"mid":"yzR5Cw0TD",
"date":"2012-09-01 14:27:15"
},
{
"kids":[],
"uid":"1536870070",
"parent":"",
"text":"",
"mid":"yzR5wkxf4",
"date":"2012-09-01 14:27:01"
},
{
"kids":[],
"uid":"1957285151",
"parent":"",
"text":"",
"mid":"yzR5olLmh",
"date":"2012-09-01 14:26:42"
},
{
"kids":[],
"uid":"2483492414",
"parent":"",
"text":"棒子就是没出息",
"mid":"yzR5keW3I",
"date":"2012-09-01 14:26:32"
},
{
"kids":[],
"uid":"vickypan72",
"parent":"",
"text":"[good]",
"mid":"yzR5ekfLr",
"date":"2012-09-01 14:26:17"
},
{
"kids":[],
"uid":"2787123551",
"parent":"",
"text":"",
"mid":"yzR57umOW",
"date":"2012-09-01 14:26:01"
},
{
"kids":[],
"uid":"1787512031",
"parent":"",
"text":"",
"mid":"yzR57cLEs",
"date":"2012-09-01 14:26:01"
},
{
"kids":[
"yzR6c1ap7"
],
"uid":"2387436772",
"parent":"",
"text":"假的，又是营销微博，这张是李明博的祷告图片，而且故意裁剪，原图李的左面是他的夫人。",
"mid":"yzR53o8n7",
"date":"2012-09-01 14:25:50"
},
{
"kids":[],
"uid":"2687234281",
"parent":"",
"text":"",
"mid":"yzR52dhJe",
"date":"2012-09-01 14:25:47"
},
{
"kids":[],
"uid":"2526754940",
"parent":"",
"text":"",
"mid":"yzR4WiBvE",
"date":"2012-09-01 14:25:33"
},
{
"kids":[],
"uid":"1758358261",
"parent":"",
"text":"凭心自问我们有什么可以嚣张的！爱国都要挟尾巴，你我不如棒子!",
"mid":"yzR4V5SX5",
"date":"2012-09-01 14:25:32"
},
{
"kids":[
"yzRmpfQp6",
"yzRgAqEL1",
"yzR8ow2pI",
"yzR7c4SlW"
],
"uid":"capitalcn",
"parent":"yzQQtqIHu",
"text":"",
"mid":"yzR4Rxq48",
"date":"2012-09-01 14:25:24"
},
{
"kids":[],
"uid":"1645959134",
"parent":"",
"text":"@龚晓跃: 国人大多不喜欢棒子，认为丫们嚣张、狭隘，从李明博这一跪来看，他们在我们面前嚣张一点，是有道理的。",
"mid":"yzR4RdVUo",
"date":"2012-09-01 14:25:20"
},
{
"kids":[],
"uid":"2092843663",
"parent":"yzQU07cIU",
"text":"只会收获更多的尊重",
"mid":"yzR4usBFU",
"date":"2012-09-01 14:24:29"
},
{
"kids":[],
"uid":"uuzone",
"parent":"",
"text":"",
"mid":"yzR4rfoLF",
"date":"2012-09-01 14:24:20"
},
{
"kids":[],
"uid":"oecologia",
"parent":"",
"text":"由此看来，韩国进入发达国家行列，是有它的道理的。",
"mid":"yzR4oi3V6",
"date":"2012-09-01 14:24:14"
},
{
"kids":[
"yzRO6F9Ty",
"yzRCPw5X9",
"yzRbiaFjS",
"yzR6opJxn",
"yzR66EqwL"
],
"uid":"notsb",
"parent":"",
"text":"这是首尔第43届国家早餐祈祷会上，李明博跪下来做祈祷，包括他老婆在内的人都跪了，图文严重不符啊。",
"mid":"yzR4oi3R4",
"date":"2012-09-01 14:24:13"
},
{
"kids":[],
"uid":"1898274443",
"parent":"",
"text":"哎",
"mid":"yzR4kbd8m",
"date":"2012-09-01 14:24:03"
},
{
"kids":[],
"uid":"anakin",
"parent":"",
"text":"在天朝，各级领导的面子是第一位的，跪下的永远是无助的老百姓。。。",
"mid":"yzR4k8cB0",
"date":"2012-09-01 14:24:03"
},
{
"kids":[
"yzR9fnD35"
],
"uid":"779561008",
"parent":"",
"text":"",
"mid":"yzR4jzktB",
"date":"2012-09-01 14:24:03"
},
{
"kids":[],
"uid":"zhghxf",
"parent":"",
"text":"",
"mid":"yzR4jxX91",
"date":"2012-09-01 14:24:03"
},
{
"kids":[],
"uid":"2280082174",
"parent":"",
"text":"回复@匹夫林子:你真讨厌！[偷笑]",
"mid":"yzR4g2MwB",
"date":"2012-09-01 14:23:53"
},
{
"kids":[],
"uid":"linxu312",
"parent":"",
"text":"",
"mid":"yzR4exTAl",
"date":"2012-09-01 14:23:51"
},
{
"kids":[],
"uid":"dikaios",
"parent":"yzR1W8n9N",
"text":"回复@反思fansi:儒家宪政者们其实是为专制独裁者辩护的。",
"mid":"yzR4d2IHG",
"date":"2012-09-01 14:23:47"
},
{
"kids":[],
"uid":"2218106465",
"parent":"",
"text":"",
"mid":"yzR4aEB7t",
"date":"2012-09-01 14:23:41"
},
{
"kids":[],
"uid":"1941557454",
"parent":"",
"text":"",
"mid":"yzR4apWyx",
"date":"2012-09-01 14:23:41"
},
{
"kids":[
"yzRabhp0d"
],
"uid":"skyes1031",
"parent":"",
"text":"",
"mid":"yzR47b0fM",
"date":"2012-09-01 14:23:34"
},
{
"kids":[],
"uid":"2179423782",
"parent":"",
"text":"这才是名副其实的影帝呢。[思考]",
"mid":"yzR46z7C2",
"date":"2012-09-01 14:23:32"
},
{
"kids":[
"yzRcepf7P",
"yzRaBCahJ"
],
"uid":"910771685",
"parent":"yzR3RtCtw",
"text":"",
"mid":"yzR44vgpj",
"date":"2012-09-01 14:23:27"
},
{
"kids":[],
"uid":"gaoqiangzbn",
"parent":"",
"text":"",
"mid":"yzR3YAlXa",
"date":"2012-09-01 14:23:11"
},
{
"kids":[],
"uid":"2280082174",
"parent":"",
"text":"回复@匹夫林子:[偷笑]",
"mid":"yzR3Twjdu",
"date":"2012-09-01 14:23:02"
},
{
"kids":[
"yzRkSoW7D",
"yzRfwfsaX",
"yzR44vgpj"
],
"uid":"tantaixixi",
"parent":"",
"text":"排。",
"mid":"yzR3RtCtw",
"date":"2012-09-01 14:22:56"
},
{
"kids":[
"yzRgT6c9K"
],
"uid":"wwwdp",
"parent":"",
"text":"",
"mid":"yzR3MaCjT",
"date":"2012-09-01 14:22:43"
},
{
"kids":[],
"uid":"sozeal",
"parent":"",
"text":"",
"mid":"yzR3BuMbM",
"date":"2012-09-01 14:22:18"
},
{
"kids":[
"yzR8pEraa"
],
"uid":"2257511833",
"parent":"",
"text":"",
"mid":"yzR3A4PLH",
"date":"2012-09-01 14:22:14"
},
{
"kids":[],
"uid":"2809403372",
"parent":"",
"text":"",
"mid":"yzR3y24cl",
"date":"2012-09-01 14:22:09"
},
{
"kids":[],
"uid":"919477123",
"parent":"",
"text":"",
"mid":"yzR3wxb8R",
"date":"2012-09-01 14:22:07"
},
{
"kids":[],
"uid":"1742455470",
"parent":"",
"text":"",
"mid":"yzR3tgUxy",
"date":"2012-09-01 14:21:58"
},
{
"kids":[],
"uid":"1846624163",
"parent":"",
"text":"韩国人爱谢罪。知耻而后勇。有前途[哈哈]",
"mid":"yzR3qkTwf",
"date":"2012-09-01 14:21:52"
},
{
"kids":[],
"uid":"1214390762",
"parent":"yzR1S0beH",
"text":"",
"mid":"yzR3g0qmX",
"date":"2012-09-01 14:21:27"
},
{
"kids":[],
"uid":"2809089974",
"parent":"",
"text":"",
"mid":"yzR3fnsHl",
"date":"2012-09-01 14:21:26"
},
{
"kids":[],
"uid":"1666566160",
"parent":"",
"text":"",
"mid":"yzR348PL2",
"date":"2012-09-01 14:20:59"
},
{
"kids":[],
"uid":"527896768",
"parent":"",
"text":"我们是人民民主但是你别忘了后面还有专政俩字呢，你做梦去吧",
"mid":"yzR2Sjy7w",
"date":"2012-09-01 14:20:30"
},
{
"kids":[
"yzRcE6X8m"
],
"uid":"1617536850",
"parent":"",
"text":"",
"mid":"yzR2P5rzE",
"date":"2012-09-01 14:20:23"
},
{
"kids":[
"yzRf5o2a2"
],
"uid":"ehungkeh",
"parent":"",
"text":"[蜡烛]",
"mid":"yzR2KDdhZ",
"date":"2012-09-01 14:20:10"
},
{
"kids":[],
"uid":"1296749584",
"parent":"yzQXx3SOU",
"text":"",
"mid":"yzR2E8AcM",
"date":"2012-09-01 14:19:57"
},
{
"kids":[],
"uid":"1669434033",
"parent":"",
"text":"",
"mid":"yzR2yeEeP",
"date":"2012-09-01 14:19:42"
},
{
"kids":[],
"uid":"lijingwgp",
"parent":"",
"text":"我天朝怎会有皇帝给庶民下跪的道理！？",
"mid":"yzR2qhbcH",
"date":"2012-09-01 14:19:23"
},
{
"kids":[],
"uid":"ying1984",
"parent":"",
"text":"",
"mid":"yzR2pFxiZ",
"date":"2012-09-01 14:19:22"
},
{
"kids":[
"yzRW8foiB"
],
"uid":"gnepeux",
"parent":"yzQSS6qsv",
"text":"哈",
"mid":"yzR2lcq4t",
"date":"2012-09-01 14:19:12"
},
{
"kids":[],
"uid":"2360435020",
"parent":"yzQXbfb29",
"text":"",
"mid":"yzR2k4Trm",
"date":"2012-09-01 14:19:06"
},
{
"kids":[],
"uid":"2740877250",
"parent":"yzQU07cIU",
"text":"",
"mid":"yzR2h5EDm",
"date":"2012-09-01 14:18:59"
},
{
"kids":[
"yzR4d2IHG"
],
"uid":"dikaios",
"parent":"",
"text":"",
"mid":"yzR1W8n9N",
"date":"2012-09-01 14:18:11"
},
{
"kids":[
"yzRCWkVg5",
"yzRjz9TBN",
"yzR78vTgT",
"yzR3g0qmX"
],
"uid":"wuweivox",
"parent":"",
"text":"",
"mid":"yzR1S0beH",
"date":"2012-09-01 14:17:59"
},
{
"kids":[],
"uid":"wanzongyuan",
"parent":"",
"text":"抄送xx党参阅",
"mid":"yzR1KxJa5",
"date":"2012-09-01 14:17:44"
},
{
"kids":[],
"uid":"1406817241",
"parent":"yzQXbfb29",
"text":"",
"mid":"yzR1vdjNt",
"date":"2012-09-01 14:17:07"
},
{
"kids":[],
"uid":"2194110352",
"parent":"yzR087VM9",
"text":"",
"mid":"yzR0Vt1OS",
"date":"2012-09-01 14:15:42"
},
{
"kids":[
"yzR0Vt1OS"
],
"uid":"812911181",
"parent":"yzQSh9Spv",
"text":"有此领导俺刁民怨抛头颅、洒热血、命不惜[good][good]",
"mid":"yzR087VM9",
"date":"2012-09-01 14:13:42"
},
{
"kids":[],
"uid":"1841071547",
"parent":"yzQXbfb29",
"text":"人家虽说是棒子但你能这样吗?",
"mid":"yzQZW24oP",
"date":"2012-09-01 14:13:15"
},
{
"kids":[],
"uid":"220567506",
"parent":"",
"text":"咱这边要磕头，估计de磕的头破血流了…",
"mid":"yzQZL4aib",
"date":"2012-09-01 14:12:49"
},
{
"kids":[
"yzRdPFWMq"
],
"uid":"kvllz",
"parent":"",
"text":"态度不改变将来就不用跪了",
"mid":"yzQZo1eIU",
"date":"2012-09-01 14:11:52"
},
{
"kids":[],
"uid":"2063715907",
"parent":"yzQU07cIU",
"text":"",
"mid":"yzQZ8obt1",
"date":"2012-09-01 14:11:17"
},
{
"kids":[],
"uid":"mmc88",
"parent":"yzQU07cIU",
"text":"而我们，连句话都没有。人家受害人母亲讨要一个公道，还被关，唉! 什么世道？",
"mid":"yzQZ07NME",
"date":"2012-09-01 14:10:57"
},
{
"kids":[],
"uid":"7uo7ewei",
"parent":"yzQXbfb29",
"text":"",
"mid":"yzQZ07NLd",
"date":"2012-09-01 14:10:57"
},
{
"kids":[
"yzRczn7B0"
],
"uid":"902072224",
"parent":"yzQXbfb29",
"text":"",
"mid":"yzQYN6lPK",
"date":"2012-09-01 14:10:25"
},
{
"kids":[],
"uid":"ampereufo",
"parent":"",
"text":"转中南海董事会成员阅",
"mid":"yzQYpqniJ",
"date":"2012-09-01 14:09:30"
},
{
"kids":[],
"uid":"1697059297",
"parent":"",
"text":"学学韩国人的精神",
"mid":"yzQYf5Fhl",
"date":"2012-09-01 14:09:04"
},
{
"kids":[],
"uid":"315000972",
"parent":"yzQSS6qsv",
"text":"这可是美帝国主义统治下的国家哦，我们是纯粹滴社会主义国家，不是一个战壕",
"mid":"yzQXLgg4L",
"date":"2012-09-01 14:07:54"
},
{
"kids":[
"yzR2E8AcM"
],
"uid":"iotec",
"parent":"",
"text":"从韩国申请遗产 以及国旗可看出 舶来品的基督教 并非主流",
"mid":"yzQXx3SOU",
"date":"2012-09-01 14:07:20"
},
{
"kids":[],
"uid":"helloyinan",
"parent":"",
"text":"",
"mid":"yzQXu8R4p",
"date":"2012-09-01 14:07:11"
},
{
"kids":[],
"uid":"xiaogoutaba",
"parent":"",
"text":"",
"mid":"yzQXkmLCG",
"date":"2012-09-01 14:06:51"
},
{
"kids":[],
"uid":"arthurqqq",
"parent":"yzQU07cIU",
"text":"",
"mid":"yzQXjcJRs",
"date":"2012-09-01 14:06:46"
},
{
"kids":[
"yzV7ODDWk",
"yzRhsxPtl",
"yzRc3qFfa",
"yzR7CBwSu",
"yzR5W3Cw1",
"yzR5I7Fl1",
"yzR2k4Trm",
"yzR1vdjNt",
"yzQZW24oP",
"yzQZ07NLd",
"yzQYN6lPK"
],
"uid":"wojiaobuyumen",
"parent":"",
"text":"人民强大则国家强大，知道为啥独岛韩国能搞定了吧。",
"mid":"yzQXbfb29",
"date":"2012-09-01 14:06:28"
},
{
"kids":[],
"uid":"2307759827",
"parent":"yzQU07cIU",
"text":"[赞]",
"mid":"yzQX5jhLC",
"date":"2012-09-01 14:06:13"
},
{
"kids":[],
"uid":"2074490241",
"parent":"",
"text":"",
"mid":"yzQVQb24y",
"date":"2012-09-01 14:03:09"
},
{
"kids":[
"yC32e7KG0",
"yBTiM62In",
"yAvWo64ek",
"yAmWKlomP"
],
"uid":"2201314992",
"parent":"yzQRn1Wwq",
"text":"",
"mid":"yzQVE6AVT",
"date":"2012-09-01 14:02:39"
},
{
"kids":[],
"uid":"1804086797",
"parent":"yzQU07cIU",
"text":"",
"mid":"yzQVm4WGh",
"date":"2012-09-01 14:01:58"
},
{
"kids":[
"yzRcE6WZY"
],
"uid":"2820412547",
"parent":"",
"text":"扬我中华国威~~[疑问]",
"mid":"yzQUZhhe8",
"date":"2012-09-01 14:01:03"
},
{
"kids":[],
"uid":"cmxl898",
"parent":"yzQU07cIU",
"text":"",
"mid":"yzQUzhQNz",
"date":"2012-09-01 14:00:00"
},
{
"kids":[],
"uid":"songpiao",
"parent":"yzQU07cIU",
"text":"中国怎么不行呢",
"mid":"yzQUwlGkA",
"date":"2012-09-01 13:59:54"
},
{
"kids":[],
"uid":"2514351061",
"parent":"",
"text":"",
"mid":"yzQUpg9bB",
"date":"2012-09-01 13:59:36"
},
{
"kids":[],
"uid":"570632211",
"parent":"",
"text":"",
"mid":"yzQUbkQRo",
"date":"2012-09-01 13:59:05"
},
{
"kids":[
"yzSZep9no",
"yzRsJmHf2",
"yzRgZgkm2",
"yzRf81qbW",
"yzR8P5LYX",
"yzR6IaYCr",
"yzR4usBFU",
"yzR2h5EDm",
"yzQZ8obt1",
"yzQZ07NME",
"yzQXjcJRs",
"yzQX5jhLC",
"yzQVm4WGh",
"yzQUzhQNz",
"yzQUwlGkA"
],
"uid":"wangpuhui",
"parent":"",
"text":"这才是国家领导！",
"mid":"yzQU07cIU",
"date":"2012-09-01 13:58:38"
},
{
"kids":[],
"uid":"nookstar",
"parent":"",
"text":"要是在天朝那不是没日没夜的跪着变成雕像了？",
"mid":"yzQTSrNwJ",
"date":"2012-09-01 13:58:20"
},
{
"kids":[
"yzRj51iZj"
],
"uid":"wangx111111",
"parent":"yzQRn1Wwq",
"text":"哪有领导的样子啊",
"mid":"yzQTIlR90",
"date":"2012-09-01 13:57:56"
},
{
"kids":[],
"uid":"2502040734",
"parent":"",
"text":"",
"mid":"yzQTr01jL",
"date":"2012-09-01 13:57:14"
},
{
"kids":[],
"uid":"2317565483",
"parent":"yzQQtqIHu",
"text":"",
"mid":"yzQThtMh5",
"date":"2012-09-01 13:56:52"
},
{
"kids":[
"yzT1Flfm3",
"yzR2lcq4t",
"yzQXLgg4L"
],
"uid":"404032006",
"parent":"yzQQtqIHu",
"text":"韩国的国教是基督教，別为儒家抹油彩。儒家文化国家的最高领袖从不屑于为这种事道歉，翻翻历史，最髙的姿态是颁个罪己诏。",
"mid":"yzQSS6qsv",
"date":"2012-09-01 13:55:52"
},
{
"kids":[
"yzR79Fl8i",
"yzR087VM9"
],
"uid":"1753040451",
"parent":"yzQRn1Wwq",
"text":"震撼",
"mid":"yzQSh9Spv",
"date":"2012-09-01 13:54:23"
},
{
"kids":[],
"uid":"1758564187",
"parent":"",
"text":"",
"mid":"yzQSd0nEG",
"date":"2012-09-01 13:54:14"
},
{
"kids":[],
"uid":"2876001863",
"parent":"yzQQtqIHu",
"text":"不可思议",
"mid":"yzQRqhZY1",
"date":"2012-09-01 13:52:17"
},
{
"kids":[
"yzQVE6AVT",
"yzQTIlR90",
"yzQSh9Spv"
],
"uid":"812911181",
"parent":"",
"text":"这样当领导行吗",
"mid":"yzQRn1Wwq",
"date":"2012-09-01 13:52:09"
},
{
"kids":[
"yzR4Rxq48",
"yzQThtMh5",
"yzQSS6qsv",
"yzQRqhZY1"
],
"uid":"iotec",
"parent":"",
"text":"礼义廉耻 儒家治国",
"mid":"yzQQtqIHu",
"date":"2012-09-01 13:49:57"
}
]