[
{
"kids":[],
"uid":"2919545960",
"parent":"zmKUd5fsg",
"text":"",
"mid":"zqFWDeTKX",
"date":"2013-04-05 04:16:27"
},
{
"kids":[],
"uid":"2132645835",
"parent":"",
"text":"",
"mid":"zqCIj79Zj",
"date":"2013-04-04 20:02:55"
},
{
"kids":[],
"uid":"2919923300",
"parent":"zmKUd5fsg",
"text":"",
"mid":"zqvlYl2ot",
"date":"2013-04-04 01:18:41"
},
{
"kids":[],
"uid":"2803395952",
"parent":"zmKUd5fsg",
"text":"",
"mid":"zqvlYkYpk",
"date":"2013-04-04 01:18:41"
},
{
"kids":[],
"uid":"1775951275",
"parent":"zmKUd5fsg",
"text":"",
"mid":"zpL0MDUm4",
"date":"2013-03-30 03:20:07"
},
{
"kids":[],
"uid":"2802841420",
"parent":"zmKUd5fsg",
"text":"",
"mid":"zpHRabRl6",
"date":"2013-03-29 19:18:07"
},
{
"kids":[],
"uid":"2920576884",
"parent":"zmKUd5fsg",
"text":"",
"mid":"zpHR9AdCn",
"date":"2013-03-29 19:18:10"
},
{
"kids":[],
"uid":"1521054065",
"parent":"zmKUd5fsg",
"text":"",
"mid":"zp6JN55uB",
"date":"2013-03-25 20:48:21"
},
{
"kids":[],
"uid":"2919278024",
"parent":"zmKUd5fsg",
"text":"",
"mid":"zp6JN39OM",
"date":"2013-03-25 20:48:22"
},
{
"kids":[],
"uid":"2920070170",
"parent":"zmKUd5fsg",
"text":"",
"mid":"zoQ6DhFkC",
"date":"2013-03-24 02:27:58"
},
{
"kids":[],
"uid":"2789892832",
"parent":"zmKUd5fsg",
"text":"",
"mid":"zoQ6Dhp7g",
"date":"2013-03-24 02:27:58"
},
{
"kids":[],
"uid":"2920081570",
"parent":"zmKUd5fsg",
"text":"",
"mid":"znWZLmcKd",
"date":"2013-03-18 06:09:58"
},
{
"kids":[],
"uid":"1776558202",
"parent":"zmDGrk1rI",
"text":"",
"mid":"znE3RiCr4",
"date":"2013-03-16 05:57:52"
},
{
"kids":[],
"uid":"2919549462",
"parent":"zmDGrk1rI",
"text":"",
"mid":"znuX9CCsN",
"date":"2013-03-15 06:46:37"
},
{
"kids":[],
"uid":"2657785125",
"parent":"",
"text":"@49组烘干炉",
"mid":"zmXOe7DcH",
"date":"2013-03-11 18:23:58"
},
{
"kids":[],
"uid":"shaoxuanhao",
"parent":"zmCnUq6SB",
"text":"",
"mid":"zmW8Sm6Bp",
"date":"2013-03-11 14:09:22"
},
{
"kids":[],
"uid":"3xboy",
"parent":"",
"text":"",
"mid":"zmQ2Z7tHg",
"date":"2013-03-10 22:38:22"
},
{
"kids":[],
"uid":"1877493973",
"parent":"zmKD3CIU7",
"text":"[怒][弱]",
"mid":"zmL8qgxlI",
"date":"2013-03-10 10:08:02"
},
{
"kids":[
"zqFWDeTKX",
"zqvlYl2ot",
"zqvlYkYpk",
"zpL0MDUm4",
"zpHRabRl6",
"zpHR9AdCn",
"zp6JN55uB",
"zp6JN39OM",
"zoQ6DhFkC",
"zoQ6Dhp7g",
"znWZLmcKd"
],
"uid":"2903270011",
"parent":"",
"text":"",
"mid":"zmKUd5fsg",
"date":"2013-03-10 09:33:01"
},
{
"kids":[
"zmL8qgxlI"
],
"uid":"1646000107",
"parent":"zmGjnlsp2",
"text":"[哼][怒]",
"mid":"zmKD3CIU7",
"date":"2013-03-10 08:50:46"
},
{
"kids":[],
"uid":"2920150034",
"parent":"zmDGrk1rI",
"text":"",
"mid":"zmKr02JXc",
"date":"2013-03-10 08:21:03"
},
{
"kids":[],
"uid":"2789859152",
"parent":"zmDYJqi29",
"text":"",
"mid":"zmIu0mxFv",
"date":"2013-03-10 03:22:58"
},
{
"kids":[],
"uid":"2802728820",
"parent":"zmGFVyIa9",
"text":"",
"mid":"zmIgSgmWg",
"date":"2013-03-10 02:50:37"
},
{
"kids":[],
"uid":"2072269547",
"parent":"",
"text":"[哼][疑问][汗]又要普法了。轮奸属于强奸罪的加重情节，而非独立罪名。另外轮奸也不依犯罪行为先后或是否接续而定罪，最重要的还是看众人是否有共同犯罪的意思联络",
"mid":"zmHDPkU2G",
"date":"2013-03-10 01:14:25"
},
{
"kids":[],
"uid":"1750352000",
"parent":"zmGjnlsp2",
"text":"",
"mid":"zmGT3oYGW",
"date":"2013-03-09 23:19:09"
},
{
"kids":[
"zmIgSgmWg"
],
"uid":"2174282454",
"parent":"zmCF6xeOV",
"text":"",
"mid":"zmGFVyIa9",
"date":"2013-03-09 22:46:52"
},
{
"kids":[],
"uid":"3061575283",
"parent":"",
"text":"。。。这要不判死刑，，我们也就不能做中国人了，，黑的都可以变成白的",
"mid":"zmGwiEpCF",
"date":"2013-03-09 22:23:08"
},
{
"kids":[],
"uid":"jllvou",
"parent":"zmClndJTV",
"text":"[弱]",
"mid":"zmGs6Ce2M",
"date":"2013-03-09 22:12:48"
},
{
"kids":[
"zmKD3CIU7",
"zmGT3oYGW"
],
"uid":"1580973467",
"parent":"zmDlHld1S",
"text":"第一个也有风险啊 人家记得最牢的也是第一个[鄙视]",
"mid":"zmGjnlsp2",
"date":"2013-03-09 21:51:17"
},
{
"kids":[],
"uid":"717966780",
"parent":"",
"text":"什么理由都走有，也就是这有钱人才能整出这律师，人人平等知道不，犯错就得承担责任，懂不",
"mid":"zmG22Bthe",
"date":"2013-03-09 21:08:35"
},
{
"kids":[],
"uid":"2043862341",
"parent":"",
"text":"他妈的[怒]",
"mid":"zmG1Afoom",
"date":"2013-03-09 21:07:28"
},
{
"kids":[],
"uid":"1724275933",
"parent":"zmCsfkONq",
"text":"",
"mid":"zmG0ooak8",
"date":"2013-03-09 21:04:29"
},
{
"kids":[],
"uid":"qizhouchen",
"parent":"zmCkE0bZK",
"text":"。。。中国法律好牛逼啊",
"mid":"zmFVO8Z6m",
"date":"2013-03-09 20:53:13"
},
{
"kids":[],
"uid":"2435091884",
"parent":"zmCKrsZH6",
"text":"",
"mid":"zmFUUePoN",
"date":"2013-03-09 20:51:00"
},
{
"kids":[],
"uid":"1799238951",
"parent":"zmCnUq6SB",
"text":"",
"mid":"zmFFzoUEd",
"date":"2013-03-09 20:13:11"
},
{
"kids":[],
"uid":"2198811802",
"parent":"",
"text":"",
"mid":"zmFpenZNd",
"date":"2013-03-09 19:32:56"
},
{
"kids":[],
"uid":"2665332071",
"parent":"zmCn8x9yN",
"text":"",
"mid":"zmFhGD8Mw",
"date":"2013-03-09 19:14:23"
},
{
"kids":[],
"uid":"2437414280",
"parent":"zmDdrflwU",
"text":"艾妈,霸王性格算是又救了他么",
"mid":"zmEHodhVC",
"date":"2013-03-09 17:44:54"
},
{
"kids":[],
"uid":"liwenguo198481107",
"parent":"zmD0Tu6mi",
"text":"回复@三只眼看当下:对。你说的对。应该重判。最后一个清判还差不多。",
"mid":"zmEAPiOJe",
"date":"2013-03-09 17:28:44"
},
{
"kids":[],
"uid":"1933941265",
"parent":"zmCkGDtBt",
"text":"",
"mid":"zmEzhwjZI",
"date":"2013-03-09 17:24:59"
},
{
"kids":[],
"uid":"emsong528",
"parent":"",
"text":"",
"mid":"zmEw4n5vU",
"date":"2013-03-09 17:17:04"
},
{
"kids":[],
"uid":"danbylee",
"parent":"zmCKrsZH6",
"text":"",
"mid":"zmEvcCXWK",
"date":"2013-03-09 17:14:56"
},
{
"kids":[],
"uid":"duliancun",
"parent":"",
"text":"",
"mid":"zmEpVbS90",
"date":"2013-03-09 17:01:53"
},
{
"kids":[],
"uid":"130058999",
"parent":"zmCrelu2s",
"text":"[哈哈][哈哈][哈哈]",
"mid":"zmEoMkiYy",
"date":"2013-03-09 16:59:06"
},
{
"kids":[],
"uid":"1730777495",
"parent":"zmDKzwD58",
"text":"律师，就是算死草之类的存在！尼玛。。。",
"mid":"zmEj6oeSA",
"date":"2013-03-09 16:45:06"
},
{
"kids":[],
"uid":"2480377567",
"parent":"zmCKrsZH6",
"text":"",
"mid":"zmEdq8z8D",
"date":"2013-03-09 16:31:07"
},
{
"kids":[],
"uid":"135008580",
"parent":"",
"text":"我去年买了个表 哪条法律写着第一个上的就不算轮奸",
"mid":"zmEcZdmjY",
"date":"2013-03-09 16:30:03"
},
{
"kids":[],
"uid":"moneymaple",
"parent":"",
"text":"叫兽你智商可以的",
"mid":"zmEaGxIwi",
"date":"2013-03-09 16:24:23"
},
{
"kids":[],
"uid":"3101798421",
"parent":"",
"text":"第一就是首犯有两个糟钱得瑟的严惩他也给其他二代看看什么是法治社会做人别得瑟过头了。",
"mid":"zmE4CDZuq",
"date":"2013-03-09 16:09:28"
},
{
"kids":[],
"uid":"1275521032",
"parent":"zmE1Xb75Q",
"text":"哈哈！懂了！",
"mid":"zmE3QcSC0",
"date":"2013-03-09 16:07:29"
},
{
"kids":[
"zmE3QcSC0"
],
"uid":"1429513987",
"parent":"zmDQPudOF",
"text":"[吃惊]",
"mid":"zmE1Xb75Q",
"date":"2013-03-09 16:02:51"
},
{
"kids":[],
"uid":"713459959",
"parent":"",
"text":"",
"mid":"zmE1L4dl1",
"date":"2013-03-09 16:02:23"
},
{
"kids":[],
"uid":"1862441985",
"parent":"zmCnUq6SB",
"text":"如果他爸是普通老百姓看看是不是这个结果[挖鼻屎]",
"mid":"zmDYKB8bm",
"date":"2013-03-09 15:55:00"
},
{
"kids":[
"zmIu0mxFv"
],
"uid":"2171596305",
"parent":"",
"text":"",
"mid":"zmDYJqi29",
"date":"2013-03-09 15:54:57"
},
{
"kids":[],
"uid":"edwardwm",
"parent":"",
"text":"律师再强一点，找到证据辩护称李是被那女的强奸的不是更好？！",
"mid":"zmDVZdCwu",
"date":"2013-03-09 15:48:10"
},
{
"kids":[],
"uid":"1201688284",
"parent":"zmCnUq6SB",
"text":"这是人话吗?第一个论罪最大[弱]",
"mid":"zmDVD58Vr",
"date":"2013-03-09 15:47:17"
},
{
"kids":[
"zmE1Xb75Q"
],
"uid":"yipingxiong",
"parent":"zmCpZg4hV",
"text":"",
"mid":"zmDQPudOF",
"date":"2013-03-09 15:35:28"
},
{
"kids":[
"zmEj6oeSA"
],
"uid":"1935876227",
"parent":"",
"text":"牛逼呀！[good]",
"mid":"zmDKzwD58",
"date":"2013-03-09 15:20:01"
},
{
"kids":[],
"uid":"mashadaria",
"parent":"zmCovl5qQ",
"text":"",
"mid":"zmDHO9IuX",
"date":"2013-03-09 15:13:14"
},
{
"kids":[
"znE3RiCr4",
"znuX9CCsN",
"zmKr02JXc"
],
"uid":"2695337233",
"parent":"",
"text":"",
"mid":"zmDGrk1rI",
"date":"2013-03-09 15:09:50"
},
{
"kids":[],
"uid":"2695337233",
"parent":"",
"text":"放狗屁[怒]",
"mid":"zmDGbm0P3",
"date":"2013-03-09 15:09:14"
},
{
"kids":[],
"uid":"mapforbb",
"parent":"zmCtQhRyW",
"text":"@heqingpku",
"mid":"zmDDygtzz",
"date":"2013-03-09 15:02:43"
},
{
"kids":[],
"uid":"228523012",
"parent":"zmCmF1Izo",
"text":"",
"mid":"zmDCYtkTT",
"date":"2013-03-09 15:01:18"
},
{
"kids":[],
"uid":"1902623421",
"parent":"zmCnUq6SB",
"text":"属于主犯",
"mid":"zmDzG1GUJ",
"date":"2013-03-09 14:53:11"
},
{
"kids":[],
"uid":"jiahui1991yang",
"parent":"",
"text":"我靠，这也可以！！！",
"mid":"zmDyYkxaM",
"date":"2013-03-09 14:51:27"
},
{
"kids":[],
"uid":"jojocutie",
"parent":"",
"text":"",
"mid":"zmDwx1NF4",
"date":"2013-03-09 14:45:27"
},
{
"kids":[],
"uid":"1464559545",
"parent":"",
"text":"挂不得大家都争着考第一呢",
"mid":"zmDwoqhU1",
"date":"2013-03-09 14:45:06"
},
{
"kids":[],
"uid":"michaelzcs",
"parent":"zmCTU3uSO",
"text":"就该给丫阉了",
"mid":"zmDvuh0ZH",
"date":"2013-03-09 14:42:53"
},
{
"kids":[],
"uid":"soziqi",
"parent":"zmCz6tDXF",
"text":"法律强势这么规定的嘛？",
"mid":"zmDvsux58",
"date":"2013-03-09 14:42:49"
},
{
"kids":[],
"uid":"1681843034",
"parent":"zmCBR0oUy",
"text":"神马逻辑，当观众傻B？",
"mid":"zmDtn4KXu",
"date":"2013-03-09 14:37:40"
},
{
"kids":[],
"uid":"1847075921",
"parent":"",
"text":"在为权贵打官司时，中国的律师能像美国律师那样诡辩啊！",
"mid":"zmDteeWrT",
"date":"2013-03-09 14:37:17"
},
{
"kids":[],
"uid":"2168841044",
"parent":"zmDjFalMV",
"text":"[吃惊][吃惊]",
"mid":"zmDp3EQ8v",
"date":"2013-03-09 14:27:03"
},
{
"kids":[],
"uid":"1736200710",
"parent":"zmCMjBMBW",
"text":"。。。。。。。",
"mid":"zmDoG3Xe3",
"date":"2013-03-09 14:26:05"
},
{
"kids":[],
"uid":"2313991974",
"parent":"zmDbv0drk",
"text":"",
"mid":"zmDn8iARd",
"date":"2013-03-09 14:22:18"
},
{
"kids":[],
"uid":"cathyfy",
"parent":"zmCFqDA2r",
"text":"这样都行=。=有钱有势就是好办事啊",
"mid":"zmDmIgcPp",
"date":"2013-03-09 14:21:15"
},
{
"kids":[
"zmGjnlsp2"
],
"uid":"1933993142",
"parent":"zmCHvbgcW",
"text":"以后大家都要抢第一了~",
"mid":"zmDlHld1S",
"date":"2013-03-09 14:18:45"
},
{
"kids":[],
"uid":"2747342305",
"parent":"",
"text":"无语",
"mid":"zmDlkB4MP",
"date":"2013-03-09 14:17:51"
},
{
"kids":[
"zmDp3EQ8v"
],
"uid":"1967402743",
"parent":"",
"text":"出场次序很重要！",
"mid":"zmDjFalMV",
"date":"2013-03-09 14:13:45"
},
{
"kids":[],
"uid":"1840469631",
"parent":"",
"text":"尼玛~ 还有个词叫“带头”……",
"mid":"zmDhygN5T",
"date":"2013-03-09 14:08:33"
},
{
"kids":[],
"uid":"2451737555",
"parent":"",
"text":"这种人恶贯满盈 劳教终生都不足为过",
"mid":"zmDhsm8O1",
"date":"2013-03-09 14:08:19"
},
{
"kids":[],
"uid":"2147512657",
"parent":"zmD8vpfKB",
"text":"",
"mid":"zmDgBaJtC",
"date":"2013-03-09 14:06:11"
},
{
"kids":[],
"uid":"msmore",
"parent":"zmCVhqdv0",
"text":"就是，昨天也在办公室给同事普法。。。。",
"mid":"zmDeXuLeF",
"date":"2013-03-09 14:02:10"
},
{
"kids":[
"zmEHodhVC"
],
"uid":"2125735157",
"parent":"zmCvPf3ii",
"text":"",
"mid":"zmDdrflwU",
"date":"2013-03-09 13:58:25"
},
{
"kids":[],
"uid":"2663297343",
"parent":"zmCYoojDb",
"text":"[汗]",
"mid":"zmDbF1pNu",
"date":"2013-03-09 13:54:02"
},
{
"kids":[
"zmDn8iARd"
],
"uid":"1959716720",
"parent":"zmCA1euVx",
"text":"这是什么样的时代。。。",
"mid":"zmDbv0drk",
"date":"2013-03-09 13:53:38"
},
{
"kids":[],
"uid":"fuer007",
"parent":"zmCKrsZH6",
"text":"我从腾讯新闻看到了，也转载了。",
"mid":"zmDaysQ1V",
"date":"2013-03-09 13:51:19"
},
{
"kids":[],
"uid":"2606977553",
"parent":"zmCNCAgau",
"text":"",
"mid":"zmDapARuI",
"date":"2013-03-09 13:50:58"
},
{
"kids":[],
"uid":"2373055352",
"parent":"",
"text":"",
"mid":"zmDaba5ny",
"date":"2013-03-09 13:50:23"
},
{
"kids":[],
"uid":"1568935757",
"parent":"zmCFYiRDS",
"text":"。。。",
"mid":"zmD9Sgmrr",
"date":"2013-03-09 13:49:37"
},
{
"kids":[],
"uid":"2158946003",
"parent":"zmCCvwnno",
"text":"长见识了",
"mid":"zmD8MfrJr",
"date":"2013-03-09 13:46:56"
},
{
"kids":[
"zmDgBaJtC"
],
"uid":"1929147445",
"parent":"zmCwt6o2P",
"text":"",
"mid":"zmD8vpfKB",
"date":"2013-03-09 13:46:16"
},
{
"kids":[],
"uid":"2695966790",
"parent":"zmCiDzmfM",
"text":"[汗]咩理论",
"mid":"zmD7OBgWu",
"date":"2013-03-09 13:44:32"
},
{
"kids":[],
"uid":"2708840033",
"parent":"zmCKrsZH6",
"text":"荒唐至极！难道只有第五个才犯轮奸罪吗？",
"mid":"zmD7LC1Pf",
"date":"2013-03-09 13:44:27"
},
{
"kids":[],
"uid":"3213156590",
"parent":"zmCKrsZH6",
"text":"",
"mid":"zmD7so1gC",
"date":"2013-03-09 13:43:41"
},
{
"kids":[],
"uid":"sanshisuiyibaiwan",
"parent":"",
"text":"",
"mid":"zmD6C7sDg",
"date":"2013-03-09 13:41:37"
},
{
"kids":[],
"uid":"1405452297",
"parent":"zmCMjBMBW",
"text":"如果法律是这么规定的，那就是强奸吧，坐等看强奸怎么判！尼玛，强奸也不是小事啊",
"mid":"zmD6ebg4r",
"date":"2013-03-09 13:40:39"
},
{
"kids":[],
"uid":"2416403192",
"parent":"",
"text":"",
"mid":"zmD43q0xR",
"date":"2013-03-09 13:35:16"
},
{
"kids":[],
"uid":"woshiyangzhuo",
"parent":"zmCpZg4hV",
"text":"中国法律的窟窿",
"mid":"zmD2rgwtB",
"date":"2013-03-09 13:31:18"
},
{
"kids":[],
"uid":"1534632261",
"parent":"zmCBLnORa",
"text":"我觉得这个教授是故意的",
"mid":"zmD1xFncz",
"date":"2013-03-09 13:29:06"
},
{
"kids":[],
"uid":"tanhuatao",
"parent":"zmCMjBMBW",
"text":"",
"mid":"zmD124tD7",
"date":"2013-03-09 13:27:51"
},
{
"kids":[
"zmEAPiOJe"
],
"uid":"liwenguo198481107",
"parent":"zmCNJELex",
"text":"难怪都挣着抢着当第一。",
"mid":"zmD0Tu6mi",
"date":"2013-03-09 13:27:31"
},
{
"kids":[],
"uid":"changxianminfighting",
"parent":"",
"text":"[怒]",
"mid":"zmD0tdOS2",
"date":"2013-03-09 13:26:28"
},
{
"kids":[],
"uid":"2805046177",
"parent":"zmCKrsZH6",
"text":"",
"mid":"zmD0ho0ON",
"date":"2013-03-09 13:26:01"
},
{
"kids":[],
"uid":"shengxian870626",
"parent":"zmCDdwFgY",
"text":"",
"mid":"zmCZm4qkP",
"date":"2013-03-09 13:23:42"
},
{
"kids":[],
"uid":"mansour",
"parent":"zmCBLnORa",
"text":"",
"mid":"zmCZ1nEeK",
"date":"2013-03-09 13:22:53"
},
{
"kids":[],
"uid":"nzbaby",
"parent":"zmCCVcrd1",
"text":"这个律师是女人生的吗？[鄙视][鄙视][鄙视]",
"mid":"zmCYAu7lv",
"date":"2013-03-09 13:21:50"
},
{
"kids":[
"zmDbF1pNu"
],
"uid":"1879078264",
"parent":"zmCsFA0Kl",
"text":"什么破理由[晕]",
"mid":"zmCYoojDb",
"date":"2013-03-09 13:21:20"
},
{
"kids":[],
"uid":"opendemo",
"parent":"zmCuylMfE",
"text":"wokao!!!去死吧~~",
"mid":"zmCYnbRZx",
"date":"2013-03-09 13:21:18"
},
{
"kids":[],
"uid":"1187352161",
"parent":"zmCvQ5uKk",
"text":"",
"mid":"zmCXTEdj8",
"date":"2013-03-09 13:20:08"
},
{
"kids":[],
"uid":"1967630293",
"parent":"zmCyS2CxV",
"text":"[抓狂]艹艹，妈的，这种儿子要是我的我立马掐死他，什么玩意儿，什么父母真可悲，还有律师帮他们，这律师也不是个东西，被轮奸的不是他女儿不是他老婆[怒][怒][怒]",
"mid":"zmCXKwwSK",
"date":"2013-03-09 13:19:45"
},
{
"kids":[],
"uid":"1905672523",
"parent":"",
"text":"我靠，这也行",
"mid":"zmCWYCdXe",
"date":"2013-03-09 13:17:52"
},
{
"kids":[],
"uid":"1691327885",
"parent":"zmCuylMfE",
"text":"高啊！",
"mid":"zmCWi3EX9",
"date":"2013-03-09 13:16:10"
},
{
"kids":[],
"uid":"1871391120",
"parent":"",
"text":"我去去……",
"mid":"zmCW77B7n",
"date":"2013-03-09 13:15:44"
},
{
"kids":[],
"uid":"2180973620",
"parent":"zmCwR3wHy",
"text":"MD强词夺理",
"mid":"zmCVkpZnz",
"date":"2013-03-09 13:13:48"
},
{
"kids":[
"zmDeXuLeF"
],
"uid":"minitrue",
"parent":"zmCuylMfE",
"text":"轮奸是强奸罪的加重情节 没有轮奸罪这个东西存在啊 法盲真可怕 造谣都不造的专业点",
"mid":"zmCVhqdv0",
"date":"2013-03-09 13:13:41"
},
{
"kids":[],
"uid":"2772983142",
"parent":"",
"text":"[吃惊]法律的解读真是门学问啊",
"mid":"zmCV0z0qE",
"date":"2013-03-09 13:13:01"
},
{
"kids":[],
"uid":"2448482871",
"parent":"",
"text":"",
"mid":"zmCUyxoMP",
"date":"2013-03-09 13:11:54"
},
{
"kids":[],
"uid":"2476901704",
"parent":"",
"text":"[汗]",
"mid":"zmCUpnN0W",
"date":"2013-03-09 13:11:33"
},
{
"kids":[],
"uid":"2299305432",
"parent":"zmCHvbgcW",
"text":"靠",
"mid":"zmCU46lMv",
"date":"2013-03-09 13:10:41"
},
{
"kids":[
"zmDvuh0ZH"
],
"uid":"haifeng86",
"parent":"zmCvL6mZu",
"text":"[怒][怒][怒]",
"mid":"zmCTU3uSO",
"date":"2013-03-09 13:10:16"
},
{
"kids":[],
"uid":"1985635147",
"parent":"zmCtQhRyW",
"text":"@林小杰Ksharp @程晓晓在非洲 @德里克宽",
"mid":"zmCTr5McF",
"date":"2013-03-09 13:09:07"
},
{
"kids":[],
"uid":"2782977063",
"parent":"",
"text":"",
"mid":"zmCT0tNBO",
"date":"2013-03-09 13:08:05"
},
{
"kids":[],
"uid":"336962666",
"parent":"zmCz6tDXF",
"text":"我去，无语了，尼玛这也行！/",
"mid":"zmCSKgA1D",
"date":"2013-03-09 13:07:26"
},
{
"kids":[],
"uid":"1405079181",
"parent":"",
"text":"头子",
"mid":"zmCS6CEdc",
"date":"2013-03-09 13:05:50"
},
{
"kids":[],
"uid":"3173137587",
"parent":"",
"text":"卧槽！！！这尼玛也行",
"mid":"zmCRzwRzo",
"date":"2013-03-09 13:04:32"
},
{
"kids":[],
"uid":"3228145375",
"parent":"",
"text":"",
"mid":"zmCRmwIyE",
"date":"2013-03-09 13:04:03"
},
{
"kids":[],
"uid":"2608354253",
"parent":"",
"text":"[挖鼻屎][挖鼻屎]有权真好！哈哈哈。。",
"mid":"zmCRlBSEP",
"date":"2013-03-09 13:03:59"
},
{
"kids":[],
"uid":"2164289964",
"parent":"zmCyBdb5Z",
"text":"第一个不算轮奸，那一次轮奸是不是可以看做多人多次强奸呢？",
"mid":"zmCPCoNTv",
"date":"2013-03-09 12:59:44"
},
{
"kids":[],
"uid":"chordlu",
"parent":"zmCnUq6SB",
"text":"",
"mid":"zmCPd0R8q",
"date":"2013-03-09 12:58:41"
},
{
"kids":[
"zmD0Tu6mi"
],
"uid":"1953392292",
"parent":"zmCLWwvVG",
"text":"假新闻！",
"mid":"zmCNJELex",
"date":"2013-03-09 12:55:05"
},
{
"kids":[
"zmDapARuI"
],
"uid":"201296222",
"parent":"",
"text":"",
"mid":"zmCNCAgau",
"date":"2013-03-09 12:54:49"
},
{
"kids":[
"zmDoG3Xe3",
"zmD6ebg4r",
"zmD124tD7"
],
"uid":"ryanwu20101208",
"parent":"zmCohpMdG",
"text":"还有王法吗?还有人格吗?！！",
"mid":"zmCMjBMBW",
"date":"2013-03-09 12:51:36"
},
{
"kids":[],
"uid":"2708840033",
"parent":"zmCz6tDXF",
"text":"荒唐！莫非只有第五个才是轮奸？",
"mid":"zmCLZvqox",
"date":"2013-03-09 12:50:48"
},
{
"kids":[
"zmCNJELex"
],
"uid":"1402111347",
"parent":"zmCCVcrd1",
"text":"如果我国法律规定“第一个与女子发生关系的不算轮奸只算强奸“，那看来我国的法律体系需要完善啊！！！",
"mid":"zmCLWwvVG",
"date":"2013-03-09 12:50:41"
},
{
"kids":[],
"uid":"2973754027",
"parent":"zmCKrsZH6",
"text":"",
"mid":"zmCLHwi4t",
"date":"2013-03-09 12:50:05"
},
{
"kids":[],
"uid":"2462627012",
"parent":"zmCz6tDXF",
"text":"",
"mid":"zmCLmdo59",
"date":"2013-03-09 12:49:14"
},
{
"kids":[],
"uid":"2485116540",
"parent":"zmCBLnORa",
"text":"只有一字评价＂呸＂",
"mid":"zmCLjzZRB",
"date":"2013-03-09 12:49:08"
},
{
"kids":[],
"uid":"2638710625",
"parent":"zmCz6tDXF",
"text":"",
"mid":"zmCLao5g3",
"date":"2013-03-09 12:48:45"
},
{
"kids":[],
"uid":"danielzhangsr",
"parent":"zmCKrsZH6",
"text":"真有闹！",
"mid":"zmCL1w6Ho",
"date":"2013-03-09 12:48:25"
},
{
"kids":[],
"uid":"345776116",
"parent":"zmCKrsZH6",
"text":"",
"mid":"zmCKIAPa9",
"date":"2013-03-09 12:47:40"
},
{
"kids":[
"zmFUUePoN",
"zmEvcCXWK",
"zmEdq8z8D",
"zmDaysQ1V",
"zmD7LC1Pf",
"zmD7so1gC",
"zmD0ho0ON",
"zmCLHwi4t",
"zmCL1w6Ho",
"zmCKIAPa9"
],
"uid":"1493403693",
"parent":"zmCz6tDXF",
"text":"仔细看了一下，一定假新闻，76人律师团太扯了，中国无＂法律大学＂",
"mid":"zmCKrsZH6",
"date":"2013-03-09 12:46:57"
},
{
"kids":[],
"uid":"2076068725",
"parent":"",
"text":"",
"mid":"zmCKmr6hY",
"date":"2013-03-09 12:46:47"
},
{
"kids":[],
"uid":"2792564132",
"parent":"",
"text":"没有第一哪有第二，第一是轮之首，应该判死刑",
"mid":"zmCK8gB0x",
"date":"2013-03-09 12:46:13"
},
{
"kids":[],
"uid":"2705805697",
"parent":"zmCz6tDXF",
"text":"天朝威武！能人辈出！",
"mid":"zmCJ98Gsl",
"date":"2013-03-09 12:43:47"
},
{
"kids":[],
"uid":"3144528803",
"parent":"zmCmqdzoP",
"text":"",
"mid":"zmCIyrcrq",
"date":"2013-03-09 12:42:21"
},
{
"kids":[],
"uid":"wolf32",
"parent":"",
"text":"呵呵",
"mid":"zmCI2xPQX",
"date":"2013-03-09 12:41:02"
},
{
"kids":[],
"uid":"twinsbird",
"parent":"zmCB9AzAl",
"text":"狗屁律师！",
"mid":"zmCHPg5za",
"date":"2013-03-09 12:40:32"
},
{
"kids":[
"zmDlHld1S",
"zmCU46lMv"
],
"uid":"2259455871",
"parent":"zmCyBdb5Z",
"text":"CN！",
"mid":"zmCHvbgcW",
"date":"2013-03-09 12:39:42"
},
{
"kids":[],
"uid":"3190488420",
"parent":"zmCz6tDXF",
"text":"一定是假新闻，绝对不是真的。",
"mid":"zmCHatapG",
"date":"2013-03-09 12:38:54"
},
{
"kids":[],
"uid":"2803408227",
"parent":"zmCwntkRf",
"text":"中国的所谓法律，都是这帮狗杂种在说了算",
"mid":"zmCGRz3Ei",
"date":"2013-03-09 12:38:09"
},
{
"kids":[],
"uid":"1098389197",
"parent":"zmCkMeZha",
"text":"尼玛 哈哈 真假的啊 还能再牛逼点不",
"mid":"zmCGxb8eN",
"date":"2013-03-09 12:37:21"
},
{
"kids":[],
"uid":"1908111571",
"parent":"zmCuAFob8",
"text":"争第一啊争第一！ 哈哈。",
"mid":"zmCGfqHAn",
"date":"2013-03-09 12:36:38"
},
{
"kids":[],
"uid":"ccliuwu",
"parent":"zmCz6tDXF",
"text":"",
"mid":"zmCGbCUOE",
"date":"2013-03-09 12:36:30"
},
{
"kids":[
"zmD9Sgmrr"
],
"uid":"1721528210",
"parent":"zmCmqdzoP",
"text":"",
"mid":"zmCFYiRDS",
"date":"2013-03-09 12:35:58"
},
{
"kids":[],
"uid":"1923137684",
"parent":"zmCnUq6SB",
"text":"我太佩服这么学法律的了！这都能解释出来",
"mid":"zmCFF5ZJF",
"date":"2013-03-09 12:35:11"
},
{
"kids":[
"zmDmIgcPp"
],
"uid":"1334882450",
"parent":"",
"text":"@猫杏系懒猫",
"mid":"zmCFqDA2r",
"date":"2013-03-09 12:34:37"
},
{
"kids":[],
"uid":"2428751390",
"parent":"zmCz6tDXF",
"text":"第一个就应是主犯",
"mid":"zmCFljUIg",
"date":"2013-03-09 12:34:25"
},
{
"kids":[
"zmGFVyIa9"
],
"uid":"234900830",
"parent":"",
"text":"都是同林鸟，何必各自飞？",
"mid":"zmCF6xeOV",
"date":"2013-03-09 12:33:49"
},
{
"kids":[],
"uid":"1413226634",
"parent":"",
"text":"[哈哈][哈哈]",
"mid":"zmCF3y0cP",
"date":"2013-03-09 12:33:43"
},
{
"kids":[],
"uid":"2492194821",
"parent":"",
"text":"法律大学是个什么学校啊。。。",
"mid":"zmCE8xAmi",
"date":"2013-03-09 12:31:26"
},
{
"kids":[],
"uid":"soplari1900",
"parent":"zmCsfkONq",
"text":"。。。",
"mid":"zmCDUoq8R",
"date":"2013-03-09 12:30:52"
},
{
"kids":[
"zmCZm4qkP"
],
"uid":"2651342885",
"parent":"zmCli9VrD",
"text":"",
"mid":"zmCDdwFgY",
"date":"2013-03-09 12:29:11"
},
{
"kids":[
"zmCYAu7lv",
"zmCLWwvVG"
],
"uid":"1402111347",
"parent":"",
"text":"这律师是哪的？？？这证据确凿吗？？？",
"mid":"zmCCVcrd1",
"date":"2013-03-09 12:28:27"
},
{
"kids":[
"zmD8MfrJr"
],
"uid":"hanlezi",
"parent":"",
"text":"这剧情太狗血了！",
"mid":"zmCCvwnno",
"date":"2013-03-09 12:27:25"
},
{
"kids":[],
"uid":"ihuizai",
"parent":"zmCuylMfE",
"text":"",
"mid":"zmCCm105J",
"date":"2013-03-09 12:27:04"
},
{
"kids":[
"zmDtn4KXu"
],
"uid":"1336954603",
"parent":"",
"text":"",
"mid":"zmCBR0oUy",
"date":"2013-03-09 12:25:48"
},
{
"kids":[],
"uid":"2607302231",
"parent":"zmCpn7LOj",
"text":"这是什么逻辑？",
"mid":"zmCBLnOUw",
"date":"2013-03-09 12:25:36"
},
{
"kids":[
"zmD1xFncz",
"zmCZ1nEeK",
"zmCLjzZRB"
],
"uid":"1958626923",
"parent":"zmCtQhRyW",
"text":"同时的那叫NP",
"mid":"zmCBLnORa",
"date":"2013-03-09 12:25:35"
},
{
"kids":[],
"uid":"2432942274",
"parent":"zmCk077cP",
"text":"呵呵？",
"mid":"zmCBIbm5O",
"date":"2013-03-09 12:25:27"
},
{
"kids":[],
"uid":"jackydu41",
"parent":"zmCz6tDXF",
"text":"神了。",
"mid":"zmCBArL8r",
"date":"2013-03-09 12:25:09"
},
{
"kids":[],
"uid":"ting2399",
"parent":"zmCz6tDXF",
"text":"神一样的坑爹啊！@请输入用户名",
"mid":"zmCBuhV6c",
"date":"2013-03-09 12:24:55"
},
{
"kids":[],
"uid":"shen1990",
"parent":"zmCuylMfE",
"text":"",
"mid":"zmCBlpUPJ",
"date":"2013-03-09 12:24:34"
},
{
"kids":[
"zmCHPg5za"
],
"uid":"1871733034",
"parent":"zmCxp03gT",
"text":"巨恶[鄙视]",
"mid":"zmCB9AzAl",
"date":"2013-03-09 12:24:06"
},
{
"kids":[],
"uid":"1797948645",
"parent":"",
"text":"",
"mid":"zmCAIn6ak",
"date":"2013-03-09 12:22:59"
},
{
"kids":[
"zmDbv0drk"
],
"uid":"2943885920",
"parent":"zmCtQhRyW",
"text":"不可思议",
"mid":"zmCA1euVx",
"date":"2013-03-09 12:21:18"
},
{
"kids":[],
"uid":"1584520054",
"parent":"",
"text":"[哼]",
"mid":"zmCzZry9k",
"date":"2013-03-09 12:21:13"
},
{
"kids":[],
"uid":"2098507421",
"parent":"zmCkE0bZK",
"text":"76人律师团[汗] ，是连买外卖，沏咖啡的都算上了吗",
"mid":"zmCzyy15g",
"date":"2013-03-09 12:20:10"
},
{
"kids":[],
"uid":"2506038543",
"parent":"",
"text":"次奥",
"mid":"zmCzwckC6",
"date":"2013-03-09 12:20:04"
},
{
"kids":[],
"uid":"sixdayslee",
"parent":"zmCxp03gT",
"text":"[赞]恭喜！有戴套么？有的话还不能构成强奸罪呢",
"mid":"zmCzqzhto",
"date":"2013-03-09 12:19:51"
},
{
"kids":[],
"uid":"2101650225",
"parent":"",
"text":"轮奸也要争第一，邪门",
"mid":"zmCz9aVXq",
"date":"2013-03-09 12:19:08"
},
{
"kids":[
"zmDvsux58",
"zmCSKgA1D",
"zmCLZvqox",
"zmCLmdo59",
"zmCLao5g3",
"zmCKrsZH6",
"zmCJ98Gsl",
"zmCHatapG",
"zmCGbCUOE",
"zmCFljUIg",
"zmCBArL8r",
"zmCBuhV6c"
],
"uid":"1493403693",
"parent":"",
"text":"作为律师可以这样辩护。但如果真成立了，那检察院和法院是否配置低了点儿。没有团伙主犯这个提法么？另，怀疑此新闻的真实性！爆假料引关注的可能性也不小。",
"mid":"zmCz6tDXF",
"date":"2013-03-09 12:19:02"
},
{
"kids":[
"zmCXKwwSK"
],
"uid":"fanbaoo",
"parent":"",
"text":"我艹！ 那是不是杀人的话 第一刀没捅死 别人补了2刀才死 桶第一刀那个也不算捅了呢！！！！",
"mid":"zmCyS2CxV",
"date":"2013-03-09 12:18:27"
},
{
"kids":[
"zmCPCoNTv",
"zmCHvbgcW"
],
"uid":"felixxj",
"parent":"",
"text":"牛逼！力拔头筹！",
"mid":"zmCyBdb5Z",
"date":"2013-03-09 12:17:49"
},
{
"kids":[],
"uid":"dongma",
"parent":"",
"text":"国安永远争第一",
"mid":"zmCywtm5z",
"date":"2013-03-09 12:17:36"
},
{
"kids":[],
"uid":"3107714433",
"parent":"zmCvSbSQn",
"text":"",
"mid":"zmCyerKax",
"date":"2013-03-09 12:16:52"
},
{
"kids":[
"zmCB9AzAl",
"zmCzqzhto"
],
"uid":"buyinuannuan",
"parent":"",
"text":"[吃惊]",
"mid":"zmCxp03gT",
"date":"2013-03-09 12:14:51"
},
{
"kids":[],
"uid":"1766350113",
"parent":"",
"text":"靠",
"mid":"zmCxmBVAq",
"date":"2013-03-09 12:14:47"
},
{
"kids":[],
"uid":"2705763624",
"parent":"",
"text":"就算法律上说的过去，作为律师有没有正义感和起码的职业操守",
"mid":"zmCxeo9Up",
"date":"2013-03-09 12:14:26"
},
{
"kids":[
"zmCVkpZnz"
],
"uid":"2866397504",
"parent":"zmCuylMfE",
"text":"神逻辑，神律师@菜小基-KN",
"mid":"zmCwR3wHy",
"date":"2013-03-09 12:13:30"
},
{
"kids":[],
"uid":"hxj626",
"parent":"",
"text":"果然神逻辑",
"mid":"zmCwIa9F5",
"date":"2013-03-09 12:13:07"
},
{
"kids":[],
"uid":"hedgehoga",
"parent":"",
"text":"",
"mid":"zmCwHjTbN",
"date":"2013-03-09 12:13:05"
},
{
"kids":[],
"uid":"1883788051",
"parent":"",
"text":"",
"mid":"zmCwFebAm",
"date":"2013-03-09 12:13:02"
},
{
"kids":[],
"uid":"dekyiyangzom1783",
"parent":"",
"text":"我无语到不想离这个世界了",
"mid":"zmCwvatho",
"date":"2013-03-09 12:12:38"
},
{
"kids":[
"zmD8vpfKB"
],
"uid":"1458280394",
"parent":"",
"text":"",
"mid":"zmCwt6o2P",
"date":"2013-03-09 12:12:33"
},
{
"kids":[],
"uid":"2656259393",
"parent":"",
"text":"",
"mid":"zmCwntkVk",
"date":"2013-03-09 12:12:19"
},
{
"kids":[
"zmCGRz3Ei"
],
"uid":"234437389",
"parent":"",
"text":"【权】[钱]天下[伤心]如果这事换成人民百姓会咋判，这案人们应该把它存档起来吧，日后凯可能用得着。",
"mid":"zmCwntkRf",
"date":"2013-03-09 12:12:20"
},
{
"kids":[
"zmCyerKax"
],
"uid":"3107714433",
"parent":"zmCrJ8ayF",
"text":"为嘛不说，他是后面的人推上去，一不小心进去的呀[酷][酷][酷]好邪恶呀",
"mid":"zmCvSbSQn",
"date":"2013-03-09 12:11:05"
},
{
"kids":[
"zmCXTEdj8"
],
"uid":"xuxin1885",
"parent":"",
"text":"中华法律真是没个玩[吃惊]",
"mid":"zmCvQ5uKk",
"date":"2013-03-09 12:10:58"
},
{
"kids":[
"zmDdrflwU"
],
"uid":"2064281547",
"parent":"zmCtQhRyW",
"text":"力争第一哈哈哈",
"mid":"zmCvPf3ii",
"date":"2013-03-09 12:10:58"
},
{
"kids":[
"zmCTU3uSO"
],
"uid":"3guang",
"parent":"zmCsfkONq",
"text":"一人一下按顺序才叫轮奸么？",
"mid":"zmCvL6mZu",
"date":"2013-03-09 12:10:48"
},
{
"kids":[],
"uid":"zhangjiarui2012",
"parent":"",
"text":"",
"mid":"zmCva8cbu",
"date":"2013-03-09 12:09:20"
},
{
"kids":[],
"uid":"pandashang1981",
"parent":"",
"text":"长知识了",
"mid":"zmCv86j0K",
"date":"2013-03-09 12:09:13"
},
{
"kids":[
"zmCGfqHAn"
],
"uid":"mytty831",
"parent":"zmCtQhRyW",
"text":"为什么不是带头犯罪所以要加重判罚呢？",
"mid":"zmCuAFob8",
"date":"2013-03-09 12:07:57"
},
{
"kids":[],
"uid":"1775277703",
"parent":"zmCt5yKhA",
"text":"",
"mid":"zmCuA8gAg",
"date":"2013-03-09 12:07:54"
},
{
"kids":[
"zmCYnbRZx",
"zmCWi3EX9",
"zmCVhqdv0",
"zmCCm105J",
"zmCBlpUPJ",
"zmCwR3wHy"
],
"uid":"207156000",
"parent":"",
"text":"始作俑者?始作\"勇\"者?这是毁三观啊~",
"mid":"zmCuylMfE",
"date":"2013-03-09 12:07:49"
},
{
"kids":[],
"uid":"qilingoal",
"parent":"zmCrelu2s",
"text":"哪个法律大学？？？中国有么？？",
"mid":"zmCujftDU",
"date":"2013-03-09 12:07:12"
},
{
"kids":[],
"uid":"2350890101",
"parent":"",
"text":"哦!力争第一！",
"mid":"zmCuimeJ7",
"date":"2013-03-09 12:07:12"
},
{
"kids":[],
"uid":"2589372015",
"parent":"zmCsSh09z",
"text":"他的律师嘛，固然会这么说的，职业道德呵呵",
"mid":"zmCuf7jjD",
"date":"2013-03-09 12:07:03"
},
{
"kids":[
"zmDDygtzz",
"zmCTr5McF",
"zmCBLnORa",
"zmCA1euVx",
"zmCvPf3ii",
"zmCuAFob8"
],
"uid":"caozhengsup",
"parent":"zmCqipObH",
"text":"要是真的，这个教授真牛逼",
"mid":"zmCtQhRyW",
"date":"2013-03-09 12:06:03"
},
{
"kids":[],
"uid":"2554009701",
"parent":"",
"text":"",
"mid":"zmCtkCYjJ",
"date":"2013-03-09 12:04:50"
},
{
"kids":[
"zmCuA8gAg"
],
"uid":"2812882504",
"parent":"",
"text":"第一不是你想争，想争就能争",
"mid":"zmCt5yKhA",
"date":"2013-03-09 12:04:13"
},
{
"kids":[
"zmCuf7jjD"
],
"uid":"3097989907",
"parent":"zmCjmurzz",
"text":"律师这个行业我咋有点不知道说啥呢",
"mid":"zmCsSh09z",
"date":"2013-03-09 12:03:41"
},
{
"kids":[],
"uid":"1950467470",
"parent":"zmCrgpzhM",
"text":"",
"mid":"zmCsOqr49",
"date":"2013-03-09 12:03:33"
},
{
"kids":[
"zmCYoojDb"
],
"uid":"ddni",
"parent":"",
"text":"从小就要争第一",
"mid":"zmCsFA0Kl",
"date":"2013-03-09 12:03:12"
},
{
"kids":[],
"uid":"2732903605",
"parent":"",
"text":"无耻",
"mid":"zmCsmoMlb",
"date":"2013-03-09 12:02:26"
},
{
"kids":[
"zmG0ooak8",
"zmCDUoq8R",
"zmCvL6mZu"
],
"uid":"zhaohui712",
"parent":"",
"text":"第一个算主犯吧",
"mid":"zmCsfkONq",
"date":"2013-03-09 12:02:09"
},
{
"kids":[],
"uid":"3188575517",
"parent":"zmCrvtNt0",
"text":"[泪][泪][泪]悲哀啊！！！",
"mid":"zmCrVsxof",
"date":"2013-03-09 12:01:22"
},
{
"kids":[
"zmCvSbSQn"
],
"uid":"171298421",
"parent":"",
"text":"他妈的，呵呵",
"mid":"zmCrJ8ayF",
"date":"2013-03-09 12:00:51"
},
{
"kids":[
"zmCrVsxof"
],
"uid":"3170429560",
"parent":"",
"text":"神逻辑[顶]",
"mid":"zmCrvtNt0",
"date":"2013-03-09 12:00:20"
},
{
"kids":[
"zmCsOqr49"
],
"uid":"2411978085",
"parent":"",
"text":"完事之后又排了一次队咋算？！强加轮？！[怒]",
"mid":"zmCrgpzhM",
"date":"2013-03-09 11:59:44"
},
{
"kids":[
"zmEoMkiYy",
"zmCujftDU"
],
"uid":"1073599414",
"parent":"zmCpZg4hV",
"text":"我靠，要第一啊！",
"mid":"zmCrelu2s",
"date":"2013-03-09 11:59:38"
},
{
"kids":[],
"uid":"2951827805",
"parent":"",
"text":"这律师团必须得出名了",
"mid":"zmCqtocLt",
"date":"2013-03-09 11:57:46"
},
{
"kids":[],
"uid":"1827272574",
"parent":"",
"text":"靠！！！",
"mid":"zmCqjllXB",
"date":"2013-03-09 11:57:23"
},
{
"kids":[
"zmCtQhRyW"
],
"uid":"qunianqing",
"parent":"",
"text":"哈哈哈哈哈哈哈哈哈哈哈哈。。。。",
"mid":"zmCqipObH",
"date":"2013-03-09 11:57:20"
},
{
"kids":[
"zmDQPudOF",
"zmD2rgwtB",
"zmCrelu2s"
],
"uid":"fuwanfu",
"parent":"zmCoij1e6",
"text":"高，果然是高啊",
"mid":"zmCpZg4hV",
"date":"2013-03-09 11:56:34"
},
{
"kids":[],
"uid":"2947984925",
"parent":"",
"text":"[弱]",
"mid":"zmCpYkCvk",
"date":"2013-03-09 11:56:33"
},
{
"kids":[],
"uid":"1765864635",
"parent":"",
"text":"。。。。。。[国旗]",
"mid":"zmCpJfWwu",
"date":"2013-03-09 11:55:57"
},
{
"kids":[
"zmCBLnOUw"
],
"uid":"2564991535",
"parent":"zmCnUq6SB",
"text":"什么世道！[怒]",
"mid":"zmCpn7LOj",
"date":"2013-03-09 11:55:03"
},
{
"kids":[],
"uid":"2919762404",
"parent":"zmCmpjfZI",
"text":"可笑，无语，尼玛油菜呀!",
"mid":"zmCoLBIkI",
"date":"2013-03-09 11:53:33"
},
{
"kids":[
"zmDHO9IuX"
],
"uid":"1058230917",
"parent":"",
"text":"尼玛这种情况第一的都是牵头大哥待遇，还从轻，这些律师都没道德底线了，不接这案子你们都没饭吃了？",
"mid":"zmCovl5qQ",
"date":"2013-03-09 11:52:56"
},
{
"kids":[],
"uid":"331986777",
"parent":"",
"text":"这么说以前的轮奸案都是冤案呀，都特么给第一个平反呀",
"mid":"zmCoqzm0j",
"date":"2013-03-09 11:52:45"
},
{
"kids":[
"zmCpZg4hV"
],
"uid":"331339595",
"parent":"",
"text":"[赞][赞][赞][赞]",
"mid":"zmCoij1e6",
"date":"2013-03-09 11:52:24"
},
{
"kids":[
"zmCMjBMBW"
],
"uid":"mm66mm66",
"parent":"",
"text":"做律师要厚道……",
"mid":"zmCohpMdG",
"date":"2013-03-09 11:52:23"
},
{
"kids":[],
"uid":"zy2022",
"parent":"",
"text":"",
"mid":"zmCo76U2G",
"date":"2013-03-09 11:51:57"
},
{
"kids":[],
"uid":"mingze0522",
"parent":"",
"text":"[鄙视]",
"mid":"zmCo5AtuI",
"date":"2013-03-09 11:51:54"
},
{
"kids":[],
"uid":"shaqlee",
"parent":"",
"text":"作为律师就要为委托人辩护 这是职业操守 而且这是两个层面的问题",
"mid":"zmCo0j0Ge",
"date":"2013-03-09 11:51:41"
},
{
"kids":[
"zmW8Sm6Bp",
"zmFFzoUEd",
"zmDYKB8bm",
"zmDVD58Vr",
"zmDzG1GUJ",
"zmCPd0R8q",
"zmCFF5ZJF",
"zmCpn7LOj"
],
"uid":"huashaoyijiamen",
"parent":"",
"text":"第一个才罪大恶极吧",
"mid":"zmCnUq6SB",
"date":"2013-03-09 11:51:27"
},
{
"kids":[
"zmFhGD8Mw"
],
"uid":"577022117",
"parent":"",
"text":"胡说",
"mid":"zmCn8x9yN",
"date":"2013-03-09 11:49:34"
},
{
"kids":[],
"uid":"644622226",
"parent":"",
"text":"[怒]靠，这都可以[汗]@我就是大卓子 @高珊A @赵俊雅_",
"mid":"zmCn44Dax",
"date":"2013-03-09 11:49:22"
},
{
"kids":[
"zmDCYtkTT"
],
"uid":"2374198873",
"parent":"",
"text":"求曝光这76位律师。不干这活你们就吃不起饭了吗人渣",
"mid":"zmCmF1Izo",
"date":"2013-03-09 11:48:24"
},
{
"kids":[],
"uid":"tingknow",
"parent":"",
"text":"76人律师团队",
"mid":"zmCmEoBkw",
"date":"2013-03-09 11:48:22"
},
{
"kids":[],
"uid":"3036995612",
"parent":"",
"text":"[懒得理你]",
"mid":"zmCmrpSZt",
"date":"2013-03-09 11:47:51"
},
{
"kids":[
"zmCIyrcrq",
"zmCFYiRDS"
],
"uid":"1576461880",
"parent":"",
"text":"",
"mid":"zmCmqdzoP",
"date":"2013-03-09 11:47:48"
},
{
"kids":[
"zmCoLBIkI"
],
"uid":"3179841821",
"parent":"",
"text":"艾玛，这个……我大天朝油菜！",
"mid":"zmCmpjfZI",
"date":"2013-03-09 11:47:45"
},
{
"kids":[],
"uid":"1917158235",
"parent":"",
"text":"我去",
"mid":"zmCmdbUBD",
"date":"2013-03-09 11:47:17"
},
{
"kids":[],
"uid":"1774303321",
"parent":"",
"text":"从小就得争第一。",
"mid":"zmClZ1mTA",
"date":"2013-03-09 11:46:42"
},
{
"kids":[
"zmGs6Ce2M"
],
"uid":"mrdavyhu",
"parent":"",
"text":"我雷个去",
"mid":"zmClndJTV",
"date":"2013-03-09 11:45:11"
},
{
"kids":[
"zmCDdwFgY"
],
"uid":"2905337981",
"parent":"",
"text":"",
"mid":"zmCli9VrD",
"date":"2013-03-09 11:45:01"
},
{
"kids":[],
"uid":"2085020404",
"parent":"",
"text":"[鄙视]",
"mid":"zmCkWhO3c",
"date":"2013-03-09 11:44:09"
},
{
"kids":[],
"uid":"1933605825",
"parent":"",
"text":"看来，还是得抢上啊……………",
"mid":"zmCkQEKTN",
"date":"2013-03-09 11:43:56"
},
{
"kids":[
"zmCGxb8eN"
],
"uid":"2665142577",
"parent":"",
"text":"无语了",
"mid":"zmCkMeZha",
"date":"2013-03-09 11:43:44"
},
{
"kids":[
"zmEzhwjZI"
],
"uid":"nanshanjingqu",
"parent":"zmCk077cP",
"text":"其他四人应该是轮奸罪了吧？那四人是谁呢，为什么没有公布？",
"mid":"zmCkGDtBt",
"date":"2013-03-09 11:43:30"
},
{
"kids":[
"zmFVO8Z6m",
"zmCzyy15g"
],
"uid":"1880375162",
"parent":"",
"text":"有的过分",
"mid":"zmCkE0bZK",
"date":"2013-03-09 11:43:25"
},
{
"kids":[],
"uid":"1992670143",
"parent":"zmCjmurzz",
"text":"跟小霸王学姿势",
"mid":"zmCktmq7N",
"date":"2013-03-09 11:43:00"
},
{
"kids":[],
"uid":"3256350413",
"parent":"",
"text":"",
"mid":"zmCk61auq",
"date":"2013-03-09 11:42:03"
},
{
"kids":[
"zmCBIbm5O",
"zmCkGDtBt"
],
"uid":"1552454180",
"parent":"",
"text":"",
"mid":"zmCk077cP",
"date":"2013-03-09 11:41:51"
},
{
"kids":[],
"uid":"2785414132",
"parent":"",
"text":"天理何在 王法何在 这是变相的鼓励做这种缺德的力争第一么",
"mid":"zmCjpc5em",
"date":"2013-03-09 11:40:22"
},
{
"kids":[
"zmCsSh09z",
"zmCktmq7N"
],
"uid":"1450047122",
"parent":"",
"text":"@milano1986 @何touchdown 学学知识",
"mid":"zmCjmurzz",
"date":"2013-03-09 11:40:16"
},
{
"kids":[],
"uid":"2766492255",
"parent":"",
"text":"能不能不再挑战公众的底线了？",
"mid":"zmCjgyfNh",
"date":"2013-03-09 11:40:01"
},
{
"kids":[],
"uid":"1737922183",
"parent":"",
"text":"我操…………有钱啥都可以，他大爷的！",
"mid":"zmCiRb8Wp",
"date":"2013-03-09 11:39:01"
},
{
"kids":[],
"uid":"2855029685",
"parent":"",
"text":"",
"mid":"zmCiNADJj",
"date":"2013-03-09 11:38:53"
},
{
"kids":[
"zmD7OBgWu"
],
"uid":"liuzuoyi1986",
"parent":"",
"text":"争第一！",
"mid":"zmCiDzmfM",
"date":"2013-03-09 11:38:28"
},
{
"kids":[],
"uid":"1906621873",
"parent":"",
"text":"求真相",
"mid":"zmCiv1qgM",
"date":"2013-03-09 11:38:06"
},
{
"kids":[],
"uid":"2652919842",
"parent":"",
"text":"[衰]",
"mid":"zmCi7FL9g",
"date":"2013-03-09 11:37:13"
}
]