[
{
"kids":[],
"uid":"2650290471",
"parent":"zdanJpozC",
"text":"",
"mid":"zf0ZAoFt5",
"date":"2013-01-18 11:47:47"
},
{
"kids":[],
"uid":"2789730664",
"parent":"zd2fnvdv5",
"text":"",
"mid":"ze22qjj2v",
"date":"2013-01-12 00:37:12"
},
{
"kids":[],
"uid":"1728126403",
"parent":"zd2fnvdv5",
"text":"",
"mid":"zdW6B7MJa",
"date":"2013-01-11 09:31:00"
},
{
"kids":[],
"uid":"uddihcy",
"parent":"zdz5rdy22",
"text":"",
"mid":"zdIemj5kf",
"date":"2013-01-09 22:11:42"
},
{
"kids":[
"zdIemj5kf"
],
"uid":"2919641004",
"parent":"zcWoMbP8N",
"text":"",
"mid":"zdz5rdy22",
"date":"2013-01-08 22:54:59"
},
{
"kids":[],
"uid":"2088360337",
"parent":"",
"text":"",
"mid":"zdoWMDplT",
"date":"2013-01-07 21:06:09"
},
{
"kids":[],
"uid":"2695762432",
"parent":"zdargEfOr",
"text":"大家不要再喝喽",
"mid":"zdfwLEdgS",
"date":"2013-01-06 21:07:23"
},
{
"kids":[],
"uid":"2013903830",
"parent":"",
"text":"",
"mid":"zdfeSCRIv",
"date":"2013-01-06 20:23:18"
},
{
"kids":[],
"uid":"princesslala1314",
"parent":"",
"text":"[抓狂] 我也喝了",
"mid":"zde4QAfld",
"date":"2013-01-06 17:25:49"
},
{
"kids":[],
"uid":"2520601037",
"parent":"zd76WvxXP",
"text":"曾经的最爱，哎…",
"mid":"zdbNXhTjn",
"date":"2013-01-06 11:38:43"
},
{
"kids":[],
"uid":"tiantianai0",
"parent":"",
"text":"",
"mid":"zdbzXEd80",
"date":"2013-01-06 11:04:16"
},
{
"kids":[],
"uid":"1594041933",
"parent":"",
"text":"泥草！！让美国老自己喝去",
"mid":"zdbyQhu8r",
"date":"2013-01-06 11:01:30"
},
{
"kids":[],
"uid":"1404032922",
"parent":"zdbbEmswb",
"text":"",
"mid":"zdbq59vXb",
"date":"2013-01-06 10:39:55"
},
{
"kids":[
"zdbq59vXb"
],
"uid":"susieliberty",
"parent":"",
"text":"请输入转发理由:不要再喝了@傲天混混 @最年轻的三届F1世界冠军 @haveji @善良的肉 @善良可爱的大眼睛美女 @李俊Rex",
"mid":"zdbbEmswb",
"date":"2013-01-06 10:04:22"
},
{
"kids":[],
"uid":"seagull1221",
"parent":"zd48u3XAO",
"text":"",
"mid":"zdb34bEOp",
"date":"2013-01-06 09:43:12"
},
{
"kids":[],
"uid":"1809188435",
"parent":"",
"text":"[弱]拒绝果粒橙",
"mid":"zdaW7opwU",
"date":"2013-01-06 09:26:05"
},
{
"kids":[],
"uid":"wj951208",
"parent":"",
"text":"不吃了",
"mid":"zdaQlgGqe",
"date":"2013-01-06 09:11:52"
},
{
"kids":[],
"uid":"2114560490",
"parent":"",
"text":"你妹啊！",
"mid":"zdaQ21zwS",
"date":"2013-01-06 09:11:06"
},
{
"kids":[],
"uid":"1393507707",
"parent":"zd76Ouz5k",
"text":"好吧，不喝果粒橙了",
"mid":"zdaO8pU5D",
"date":"2013-01-06 09:06:26"
},
{
"kids":[],
"uid":"1271638143",
"parent":"zd6ARxVTA",
"text":"擦~ 家里还有一箱~ @麦田----守望者 @黄阿力 @江江-baby 你们周末来帮我喝完吧！",
"mid":"zdaMQndkB",
"date":"2013-01-06 09:03:14"
},
{
"kids":[],
"uid":"moshangxinzi",
"parent":"",
"text":"不要这样。",
"mid":"zdaMc9F0T",
"date":"2013-01-06 09:01:38"
},
{
"kids":[],
"uid":"3119925461",
"parent":"",
"text":"",
"mid":"zdaK217jK",
"date":"2013-01-06 08:56:19"
},
{
"kids":[],
"uid":"zy8606",
"parent":"zdaptg6mY",
"text":"@杨杨小同学2009 果粒橙",
"mid":"zdaB5mSF2",
"date":"2013-01-06 08:34:17"
},
{
"kids":[],
"uid":"2789753702",
"parent":"",
"text":"",
"mid":"zdaAVzAb0",
"date":"2013-01-06 08:33:54"
},
{
"kids":[],
"uid":"1630858037",
"parent":"",
"text":"",
"mid":"zdayK1zPg",
"date":"2013-01-06 08:28:29"
},
{
"kids":[],
"uid":"2907376141",
"parent":"zdanJpozC",
"text":"中国人命真大 吃的穿的用的没个安全的 还活着……",
"mid":"zdaw03KFN",
"date":"2013-01-06 08:21:45"
},
{
"kids":[],
"uid":"2351017521",
"parent":"zdanJpozC",
"text":"以后再也不喝了！！！！这年头啥都不干净[泪][泪][泪][泪]",
"mid":"zdav6gvbk",
"date":"2013-01-06 08:19:32"
},
{
"kids":[
"zdfwLEdgS"
],
"uid":"2391189045",
"parent":"",
"text":"@小孙妈 给小孙看看",
"mid":"zdargEfOr",
"date":"2013-01-06 08:10:05"
},
{
"kids":[],
"uid":"2702789581",
"parent":"",
"text":"[怒骂][怒骂][怒骂]",
"mid":"zdaq9tF1b",
"date":"2013-01-06 08:07:21"
},
{
"kids":[
"zdaB5mSF2"
],
"uid":"1892599417",
"parent":"",
"text":"[怒][怒][怒]次奥",
"mid":"zdaptg6mY",
"date":"2013-01-06 08:05:39"
},
{
"kids":[
"zf0ZAoFt5",
"zdaw03KFN",
"zdav6gvbk"
],
"uid":"zjzhuji",
"parent":"zdamhzew1",
"text":"[怒骂]",
"mid":"zdanJpozC",
"date":"2013-01-06 08:01:22"
},
{
"kids":[
"zdanJpozC"
],
"uid":"2119929694",
"parent":"zd6FhrE58",
"text":"[吃惊] 这是我的首选啊！",
"mid":"zdamhzew1",
"date":"2013-01-06 07:57:49"
},
{
"kids":[],
"uid":"2623067553",
"parent":"zd78PxBKx",
"text":"",
"mid":"zd9zop8cY",
"date":"2013-01-06 05:57:22"
},
{
"kids":[],
"uid":"2920287322",
"parent":"zd2fnvdv5",
"text":"",
"mid":"zd9bucrUu",
"date":"2013-01-06 04:58:28"
},
{
"kids":[],
"uid":"2919871574",
"parent":"zd6xj5KUf",
"text":"",
"mid":"zd8wZ7aLh",
"date":"2013-01-06 03:18:40"
},
{
"kids":[],
"uid":"cxwl169891",
"parent":"zd78PxBKx",
"text":"早都说了，总是有人不信 ！！Beloved___YY:我操，要不是志坚，我会喝的更多，操",
"mid":"zd7rcDeCn",
"date":"2013-01-06 00:31:43"
},
{
"kids":[],
"uid":"2015236365",
"parent":"zd78PxBKx",
"text":"",
"mid":"zd7pr2Nba",
"date":"2013-01-06 00:27:21"
},
{
"kids":[],
"uid":"2198948115",
"parent":"zd6FhrE58",
"text":"What? Shit! !",
"mid":"zd7jWk1CQ",
"date":"2013-01-06 00:13:48"
},
{
"kids":[],
"uid":"2729327803",
"parent":"",
"text":"还好   我只喝白开水。。。",
"mid":"zd7gV0f01",
"date":"2013-01-06 00:06:20"
},
{
"kids":[],
"uid":"2308356760",
"parent":"",
"text":"[怒]快转！",
"mid":"zd7aLekBF",
"date":"2013-01-05 23:51:11"
},
{
"kids":[
"zd9zop8cY",
"zd7rcDeCn",
"zd7pr2Nba"
],
"uid":"2375985752",
"parent":"zd76WvxXP",
"text":"我勒个去！怪不得我越来越笨了！",
"mid":"zd78PxBKx",
"date":"2013-01-05 23:46:24"
},
{
"kids":[
"zdbNXhTjn",
"zd78PxBKx"
],
"uid":"lovyinyi",
"parent":"zd6ARxVTA",
"text":"我操，要不是志坚，我会喝的更多，操",
"mid":"zd76WvxXP",
"date":"2013-01-05 23:41:47"
},
{
"kids":[
"zdaO8pU5D"
],
"uid":"2109284962",
"parent":"zcWVFEIvT",
"text":"",
"mid":"zd76Ouz5k",
"date":"2013-01-05 23:41:26"
},
{
"kids":[],
"uid":"2346005632",
"parent":"zd6EK6ALy",
"text":"还好 我不爱喝",
"mid":"zd6HR4jXJ",
"date":"2013-01-05 22:39:57"
},
{
"kids":[
"zdamhzew1",
"zd7jWk1CQ"
],
"uid":"1918180422",
"parent":"zd5oXoboU",
"text":"我也喜欢喝",
"mid":"zd6FhrE58",
"date":"2013-01-05 22:33:38"
},
{
"kids":[],
"uid":"2072723123",
"parent":"zd5bz2ost",
"text":"",
"mid":"zd6F4rtl4",
"date":"2013-01-05 22:33:07"
},
{
"kids":[
"zd6HR4jXJ"
],
"uid":"1954100553",
"parent":"zd5oXoboU",
"text":"",
"mid":"zd6EK6ALy",
"date":"2013-01-05 22:32:15"
},
{
"kids":[
"zdaMQndkB",
"zd76WvxXP"
],
"uid":"1341290115",
"parent":"zd64uhVEX",
"text":"次奥，今天喝了快一瓶，志坚喝了两瓶…@Beloved___YY @痞子也书生",
"mid":"zd6ARxVTA",
"date":"2013-01-05 22:22:42"
},
{
"kids":[
"zd8wZ7aLh"
],
"uid":"1746320420",
"parent":"zd3VG6tjh",
"text":"喝了好多",
"mid":"zd6xj5KUf",
"date":"2013-01-05 22:13:59"
},
{
"kids":[],
"uid":"1827548304",
"parent":"zd5AS5Qkw",
"text":"额地神",
"mid":"zd6nih0CZ",
"date":"2013-01-05 21:49:15"
},
{
"kids":[
"zd6ARxVTA"
],
"uid":"harryhan1983",
"parent":"zd5AS5Qkw",
"text":"我靠，元旦刚喝过.",
"mid":"zd64uhVEX",
"date":"2013-01-05 21:02:59"
},
{
"kids":[],
"uid":"2013903830",
"parent":"",
"text":"",
"mid":"zd5Yy4v3a",
"date":"2013-01-05 20:48:20"
},
{
"kids":[
"zd6nih0CZ",
"zd64uhVEX"
],
"uid":"2286627585",
"parent":"zd5ier438",
"text":"前两天我娃在酒席上偷偷喝了两口，我想骂人",
"mid":"zd5AS5Qkw",
"date":"2013-01-05 19:49:59"
},
{
"kids":[
"zd6FhrE58",
"zd6EK6ALy"
],
"uid":"2014559621",
"parent":"zd5kredZe",
"text":"我小孩很喜欢喝[晕]",
"mid":"zd5oXoboU",
"date":"2013-01-05 19:20:40"
},
{
"kids":[
"zd5oXoboU"
],
"uid":"2125647333",
"parent":"zd5ier438",
"text":"[怒]还好基本不喝[怒]",
"mid":"zd5kredZe",
"date":"2013-01-05 19:09:32"
},
{
"kids":[
"zd5AS5Qkw",
"zd5kredZe"
],
"uid":"1927057060",
"parent":"zd14ujsY3",
"text":"[怒]曾经最爱喝的饮料@心辶",
"mid":"zd5ier438",
"date":"2013-01-05 19:04:06"
},
{
"kids":[
"zd6F4rtl4"
],
"uid":"duanmuxin",
"parent":"zd2T8erSq",
"text":"",
"mid":"zd5bz2ost",
"date":"2013-01-05 18:47:38"
},
{
"kids":[],
"uid":"2694351394",
"parent":"",
"text":"what？",
"mid":"zd50TozIu",
"date":"2013-01-05 18:21:23"
},
{
"kids":[],
"uid":"3019704244",
"parent":"zcWKLAozj",
"text":"",
"mid":"zd4P1lOjS",
"date":"2013-01-05 17:52:08"
},
{
"kids":[],
"uid":"2506601165",
"parent":"zd4AbdfPP",
"text":"我也不喝~~",
"mid":"zd4HP8nKM",
"date":"2013-01-05 17:34:23"
},
{
"kids":[],
"uid":"1597833453",
"parent":"",
"text":"",
"mid":"zd4EXzXcN",
"date":"2013-01-05 17:27:20"
},
{
"kids":[
"zd4HP8nKM"
],
"uid":"2798364903",
"parent":"zcWSjD2VK",
"text":"还好我不太喝饮料@云朵之光 @Kim小米粥 @醋阿斗 @黑皮卷毛小公主",
"mid":"zd4AbdfPP",
"date":"2013-01-05 17:15:32"
},
{
"kids":[],
"uid":"2479167132",
"parent":"zcXAeBwDC",
"text":"果粒橙也不能河了[怒][疑问][疑问]",
"mid":"zd4xUcRSv",
"date":"2013-01-05 17:09:58"
},
{
"kids":[
"zdb34bEOp"
],
"uid":"2084809867",
"parent":"zcXqJ6dS1",
"text":"太可恶了，我还很喜欢喝果粒橙呢！@叙事待发 @Melody吃多了 @名儿暂没想好 @Richard_浪里白条",
"mid":"zd48u3XAO",
"date":"2013-01-05 16:07:20"
},
{
"kids":[],
"uid":"271111574",
"parent":"",
"text":"[衰]",
"mid":"zd3ZEdqRq",
"date":"2013-01-05 15:45:34"
},
{
"kids":[
"zd6xj5KUf"
],
"uid":"smileyw",
"parent":"zd3JZhrLn",
"text":"果粒橙以后不要喝啦",
"mid":"zd3VG6tjh",
"date":"2013-01-05 15:35:45"
},
{
"kids":[
"zd3VG6tjh"
],
"uid":"1427609942",
"parent":"",
"text":"还好，从来就不喝这玩意儿。",
"mid":"zd3JZhrLn",
"date":"2013-01-05 15:06:58"
},
{
"kids":[],
"uid":"2722492035",
"parent":"zcXGauOKD",
"text":"哎呀呀……",
"mid":"zd3EN8Lic",
"date":"2013-01-05 14:54:11"
},
{
"kids":[],
"uid":"lovesway",
"parent":"",
"text":"",
"mid":"zd3sd4khs",
"date":"2013-01-05 14:23:09"
},
{
"kids":[],
"uid":"1497996427",
"parent":"zd2T8erSq",
"text":"",
"mid":"zd2U1wrXB",
"date":"2013-01-05 12:58:58"
},
{
"kids":[
"zd5bz2ost",
"zd2U1wrXB"
],
"uid":"dogman2010",
"parent":"",
"text":"",
"mid":"zd2T8erSq",
"date":"2013-01-05 12:56:46"
},
{
"kids":[],
"uid":"2244196352",
"parent":"",
"text":"[哼]",
"mid":"zd2SZ4kgQ",
"date":"2013-01-05 12:56:25"
},
{
"kids":[],
"uid":"almightyzhao",
"parent":"",
"text":"这是要说美国产品也不靠谱么~其实是任何企业到了法律空白的中国都得变成奸商",
"mid":"zd2tA5JPe",
"date":"2013-01-05 11:53:49"
},
{
"kids":[],
"uid":"1777867032",
"parent":"zd1yk63Bc",
"text":"",
"mid":"zd2qQtC0a",
"date":"2013-01-05 11:47:05"
},
{
"kids":[],
"uid":"1778360860",
"parent":"",
"text":"",
"mid":"zd2fElWpy",
"date":"2013-01-05 11:19:29"
},
{
"kids":[
"ze22qjj2v",
"zdW6B7MJa",
"zd9bucrUu"
],
"uid":"2024890581",
"parent":"zcXqJ6dS1",
"text":"",
"mid":"zd2fnvdv5",
"date":"2013-01-05 11:18:50"
},
{
"kids":[],
"uid":"1757124133",
"parent":"zd1pF97Uu",
"text":"@真幻月戰神 所以我从来不喝饮料的",
"mid":"zd29ZDZb5",
"date":"2013-01-05 11:05:33"
},
{
"kids":[],
"uid":"1276669127",
"parent":"zd1BjjwPS",
"text":"",
"mid":"zd2704as9",
"date":"2013-01-05 10:58:11"
},
{
"kids":[],
"uid":"2920169504",
"parent":"zcWSjD2VK",
"text":"",
"mid":"zd1YLrdV2",
"date":"2013-01-05 10:37:54"
},
{
"kids":[],
"uid":"1400487182",
"parent":"zd1KhrGLZ",
"text":"",
"mid":"zd1VX7c6d",
"date":"2013-01-05 10:30:58"
},
{
"kids":[],
"uid":"1082786675",
"parent":"zd1KhrGLZ",
"text":"中国人民练就百毒不侵啊，伤不起啊",
"mid":"zd1N3oHXn",
"date":"2013-01-05 10:09:03"
},
{
"kids":[
"zd1VX7c6d",
"zd1N3oHXn"
],
"uid":"baowenbukong",
"parent":"",
"text":"啊，我怎么理解此饮料还在售这件事？[疑问]",
"mid":"zd1KhrGLZ",
"date":"2013-01-05 10:02:13"
},
{
"kids":[],
"uid":"1362408541",
"parent":"",
"text":"[怒]",
"mid":"zd1DXlxaY",
"date":"2013-01-05 09:46:38"
},
{
"kids":[
"zd2704as9"
],
"uid":"ustbmse",
"parent":"",
"text":"",
"mid":"zd1BjjwPS",
"date":"2013-01-05 09:40:06"
},
{
"kids":[
"zd2qQtC0a"
],
"uid":"2658137442",
"parent":"",
"text":"[吃惊][吃惊]傻眼！",
"mid":"zd1yk63Bc",
"date":"2013-01-05 09:32:45"
},
{
"kids":[],
"uid":"2920207620",
"parent":"zd14ujsY3",
"text":"",
"mid":"zd1vn9kPp",
"date":"2013-01-05 09:25:29"
},
{
"kids":[],
"uid":"3079924763",
"parent":"",
"text":"还有什么是能吃的[黑线]@小火因烟 @最爱樱木10 @筱柔依然 @擹焮_唥末_小蘇菲 @提拉米苏壮壮",
"mid":"zd1pI8KWR",
"date":"2013-01-05 09:11:31"
},
{
"kids":[
"zd29ZDZb5"
],
"uid":"2206690652",
"parent":"zcWZGwXTi",
"text":"",
"mid":"zd1pF97Uu",
"date":"2013-01-05 09:11:24"
},
{
"kids":[],
"uid":"2920454590",
"parent":"",
"text":"",
"mid":"zd1ofFEJ6",
"date":"2013-01-05 09:07:57"
},
{
"kids":[],
"uid":"2033433581",
"parent":"zcXGauOKD",
"text":"哎~还是不喝的好",
"mid":"zd1gb8tt2",
"date":"2013-01-05 08:48:02"
},
{
"kids":[],
"uid":"awawa124",
"parent":"zcWk2eqs4",
"text":"@金樽清酒2012",
"mid":"zd1eymWoF",
"date":"2013-01-05 08:44:02"
},
{
"kids":[],
"uid":"329103636",
"parent":"zd16xDUDl",
"text":"靠",
"mid":"zd1ax0Q2q",
"date":"2013-01-05 08:34:06"
},
{
"kids":[
"zd1ax0Q2q"
],
"uid":"1863830792",
"parent":"zd15C3YDm",
"text":"这就是所谓的奸商",
"mid":"zd16xDUDl",
"date":"2013-01-05 08:24:19"
},
{
"kids":[
"zd16xDUDl"
],
"uid":"1614413817",
"parent":"zd0TIrhIY",
"text":"[怒]",
"mid":"zd15C3YDm",
"date":"2013-01-05 08:22:00"
},
{
"kids":[
"zd5ier438",
"zd1vn9kPp"
],
"uid":"2200726063",
"parent":"",
"text":"",
"mid":"zd14ujsY3",
"date":"2013-01-05 08:19:15"
},
{
"kids":[
"zd15C3YDm"
],
"uid":"1296507724",
"parent":"zcXv7gpxg",
"text":"[汗][汗][吃惊]",
"mid":"zd0TIrhIY",
"date":"2013-01-05 07:52:43"
},
{
"kids":[],
"uid":"1742056343",
"parent":"zcXlU4ieZ",
"text":"[围观][衰]",
"mid":"zd0PP5kYC",
"date":"2013-01-05 07:43:06"
},
{
"kids":[],
"uid":"1704573154",
"parent":"",
"text":"切，中国人会怕这点毒素？太小看我们了",
"mid":"zd0Il93Mt",
"date":"2013-01-05 07:24:41"
},
{
"kids":[],
"uid":"2789794232",
"parent":"zcXaZ66LG",
"text":"",
"mid":"zd0GTAgXL",
"date":"2013-01-05 07:21:08"
},
{
"kids":[],
"uid":"caogenbaoliao",
"parent":"zcWZGwXTi",
"text":"黑色可乐'[泪]",
"mid":"zd0rAaslT",
"date":"2013-01-05 06:43:23"
},
{
"kids":[],
"uid":"miluoxiaojie",
"parent":"",
"text":"太过分了",
"mid":"zcYSleGXc",
"date":"2013-01-05 02:43:50"
},
{
"kids":[],
"uid":"2805117142",
"parent":"",
"text":"",
"mid":"zcYQL8p0C",
"date":"2013-01-05 02:39:55"
},
{
"kids":[],
"uid":"2919575722",
"parent":"",
"text":"",
"mid":"zcYiYokuW",
"date":"2013-01-05 01:16:42"
},
{
"kids":[],
"uid":"1013953497",
"parent":"zcXSNjm9D",
"text":"百度了一下，2012年1月就闹这玩意了嘛，焦点访谈反应真快",
"mid":"zcYc1j6x8",
"date":"2013-01-05 00:59:30"
},
{
"kids":[],
"uid":"2275377460",
"parent":"",
"text":"",
"mid":"zcYaVkXZG",
"date":"2013-01-05 00:56:52"
},
{
"kids":[],
"uid":"2438105253",
"parent":"",
"text":"这是不可能的，这个造谣很久前就有了[挖鼻屎]现在是CNY（春节）期间，对手又出来闹，如果闹大，明天估计声誉部会出面的。无事退朝[打哈气]",
"mid":"zcXTADm6Y",
"date":"2013-01-05 00:14:07"
},
{
"kids":[
"zcYc1j6x8"
],
"uid":"1629634052",
"parent":"zcXFjCpEw",
"text":"转发微博。",
"mid":"zcXSNjm9D",
"date":"2013-01-05 00:12:13"
},
{
"kids":[],
"uid":"345851024",
"parent":"zcXf5xWTm",
"text":"[汗]这次元旦喝了好多。",
"mid":"zcXRcgnBT",
"date":"2013-01-05 00:08:14"
},
{
"kids":[],
"uid":"azimie",
"parent":"",
"text":"我就喝白开水…",
"mid":"zcXMvv42o",
"date":"2013-01-04 23:56:43"
},
{
"kids":[],
"uid":"1997350915",
"parent":"",
"text":"其实。。这个看上去很假",
"mid":"zcXKF9rKJ",
"date":"2013-01-04 23:52:09"
},
{
"kids":[
"zd3EN8Lic",
"zd1gb8tt2"
],
"uid":"1342868323",
"parent":"",
"text":"喝得最多的最喜欢的就是它[泪][泪]/@萝兔子酷帅狂霸拽:从不喝饮料的撸过",
"mid":"zcXGauOKD",
"date":"2013-01-04 23:41:07"
},
{
"kids":[
"zcXSNjm9D"
],
"uid":"1968816111",
"parent":"zcWURbfWE",
"text":"这……虽然平常很少喝，昨天似乎喝了一小杯",
"mid":"zcXFjCpEw",
"date":"2013-01-04 23:39:00"
},
{
"kids":[],
"uid":"mirabelle1218",
"parent":"",
"text":"你妹啊！！！",
"mid":"zcXFd7dPT",
"date":"2013-01-04 23:38:42"
},
{
"kids":[],
"uid":"2920373012",
"parent":"zcWrdcnoq",
"text":"",
"mid":"zcXC7Ch9t",
"date":"2013-01-04 23:31:08"
},
{
"kids":[],
"uid":"1678548752",
"parent":"",
"text":"@面团张 不是吧。。。",
"mid":"zcXB93DpB",
"date":"2013-01-04 23:28:42"
},
{
"kids":[],
"uid":"1966561800",
"parent":"",
"text":"",
"mid":"zcXATpFJa",
"date":"2013-01-04 23:28:04"
},
{
"kids":[
"zd4xUcRSv"
],
"uid":"1299144957",
"parent":"zcXvKyxpm",
"text":"",
"mid":"zcXAeBwDC",
"date":"2013-01-04 23:26:28"
},
{
"kids":[
"zcXAeBwDC"
],
"uid":"2232672163",
"parent":"zcWZGwXTi",
"text":"看来这是别随便喝饮料啊，还是白开水",
"mid":"zcXvKyxpm",
"date":"2013-01-04 23:15:23"
},
{
"kids":[
"zd0TIrhIY"
],
"uid":"1700730150",
"parent":"zcX2DpzYB",
"text":"",
"mid":"zcXv7gpxg",
"date":"2013-01-04 23:13:52"
},
{
"kids":[
"zd48u3XAO",
"zd2fnvdv5"
],
"uid":"sanbiao",
"parent":"",
"text":"回复@陈爱咪:帮扩散。",
"mid":"zcXqJ6dS1",
"date":"2013-01-04 23:03:03"
},
{
"kids":[],
"uid":"2189875470",
"parent":"zcXeY8oVt",
"text":"@咱们攻人有力量:从来不喝的表示无鸭梨，果汁不采取汇源那种隔光利乐包装的，各种防腐剂添加剂的剂量都会相当可观",
"mid":"zcXq4mEjx",
"date":"2013-01-04 23:01:23"
},
{
"kids":[],
"uid":"yuanyuanchem",
"parent":"zcWHUl91s",
"text":"[吃惊]",
"mid":"zcXnGAh8v",
"date":"2013-01-04 22:55:31"
},
{
"kids":[],
"uid":"1066874617",
"parent":"zcXakn1UP",
"text":"",
"mid":"zcXnDkFOh",
"date":"2013-01-04 22:55:26"
},
{
"kids":[],
"uid":"1404498477",
"parent":"zcWruCjPj",
"text":"",
"mid":"zcXlXmfhh",
"date":"2013-01-04 22:51:18"
},
{
"kids":[
"zd0PP5kYC"
],
"uid":"2191832361",
"parent":"zcXgosPVP",
"text":"omg！有啥好吃的",
"mid":"zcXlU4ieZ",
"date":"2013-01-04 22:51:07"
},
{
"kids":[
"zcXlU4ieZ"
],
"uid":"1594805071",
"parent":"zcXf5xWTm",
"text":"这年头只有不吃东西才是安全的OTZ",
"mid":"zcXgosPVP",
"date":"2013-01-04 22:37:36"
},
{
"kids":[
"zcXRcgnBT",
"zcXgosPVP"
],
"uid":"angell0622",
"parent":"",
"text":"中枪到底啊@圆满是浮云-十月猫",
"mid":"zcXf5xWTm",
"date":"2013-01-04 22:34:21"
},
{
"kids":[
"zcXq4mEjx"
],
"uid":"1735862483",
"parent":"",
"text":"从来不喝的表示无鸭梨，果汁不采取汇源那种隔光利乐包装的，各种防腐剂添加剂的剂量都会相当可观",
"mid":"zcXeY8oVt",
"date":"2013-01-04 22:34:06"
},
{
"kids":[
"zd0GTAgXL"
],
"uid":"1748358602",
"parent":"zcWYvdFnP",
"text":"",
"mid":"zcXaZ66LG",
"date":"2013-01-04 22:24:17"
},
{
"kids":[
"zcXnDkFOh"
],
"uid":"1917811985",
"parent":"zcX3IvHcp",
"text":"@daniaoren",
"mid":"zcXakn1UP",
"date":"2013-01-04 22:22:39"
},
{
"kids":[],
"uid":"1892819085",
"parent":"",
"text":"好吗，又赶上可口可乐的果粒橙！所以不管怎么监管，无奸不商就是真理!",
"mid":"zcX8cwqac",
"date":"2013-01-04 22:17:22"
},
{
"kids":[],
"uid":"717585489",
"parent":"zcWZGwXTi",
"text":"",
"mid":"zcX6I5Xi2",
"date":"2013-01-04 22:13:42"
},
{
"kids":[],
"uid":"1983862557",
"parent":"zcX4pAAbe",
"text":"哎哟里格喂！[吃惊][吃惊][吃惊]",
"mid":"zcX5Bfebi",
"date":"2013-01-04 22:11:00"
},
{
"kids":[
"zcX5Bfebi"
],
"uid":"2254255011",
"parent":"",
"text":"[吃惊]",
"mid":"zcX4pAAbe",
"date":"2013-01-04 22:08:06"
},
{
"kids":[],
"uid":"2906048371",
"parent":"zcWSbEi2g",
"text":"[生病][哼]",
"mid":"zcX48aCWZ",
"date":"2013-01-04 22:07:23"
},
{
"kids":[
"zcXakn1UP"
],
"uid":"xiaoyan0717",
"parent":"zcWSjD2VK",
"text":"难怪我今天晕乎乎的啊！[吃惊][吃惊]",
"mid":"zcX3IvHcp",
"date":"2013-01-04 22:06:22"
},
{
"kids":[],
"uid":"dalianvipwu",
"parent":"",
"text":"@baby_piano @贺天举 @王仕鹏7 @于大宝Alex @于嘉 @杨鸣12 @杨幂 能少喝尽量少喝点吧",
"mid":"zcX3goYuF",
"date":"2013-01-04 22:05:11"
},
{
"kids":[
"zcXv7gpxg"
],
"uid":"1748758810",
"parent":"zcWZGwXTi",
"text":"",
"mid":"zcX2DpzYB",
"date":"2013-01-04 22:03:40"
},
{
"kids":[],
"uid":"1422961954",
"parent":"zcWZGwXTi",
"text":"[吃惊]",
"mid":"zcX2pw7Kb",
"date":"2013-01-04 22:03:10"
},
{
"kids":[],
"uid":"2057466412",
"parent":"zcWYvdFnP",
"text":"",
"mid":"zcX0k5XzR",
"date":"2013-01-04 21:57:59"
},
{
"kids":[
"zd1pF97Uu",
"zd0rAaslT",
"zcXvKyxpm",
"zcX6I5Xi2",
"zcX2DpzYB",
"zcX2pw7Kb"
],
"uid":"418021861",
"parent":"",
"text":"[吃惊][吃惊][吃惊]",
"mid":"zcWZGwXTi",
"date":"2013-01-04 21:56:24"
},
{
"kids":[
"zcXaZ66LG",
"zcX0k5XzR"
],
"uid":"xiaoshushenxia",
"parent":"zcWUMrpR8",
"text":"@欧太颖颖 老婆，这个不能再喝了",
"mid":"zcWYvdFnP",
"date":"2013-01-04 21:53:31"
},
{
"kids":[],
"uid":"2409919022",
"parent":"zcWruCjPj",
"text":"@包子要快行动",
"mid":"zcWVVm4yc",
"date":"2013-01-04 21:47:07"
},
{
"kids":[
"zd76Ouz5k"
],
"uid":"mellisa21",
"parent":"",
"text":"@期待有个哆啦A梦的Aggie @曹雪珊 @王者归来",
"mid":"zcWVFEIvT",
"date":"2013-01-04 21:46:33"
},
{
"kids":[
"zcXFjCpEw"
],
"uid":"2659508641",
"parent":"zcWU3v1y2",
"text":"太过分啦[鄙视]，不过好在我现在喝饮料越来越少啦",
"mid":"zcWURbfWE",
"date":"2013-01-04 21:44:32"
},
{
"kids":[
"zcWYvdFnP"
],
"uid":"1820911050",
"parent":"",
"text":"大家注意了！！！！！以后别喝果粒橙了，来吃新鲜橙子[围观][围观][围观]",
"mid":"zcWUMrpR8",
"date":"2013-01-04 21:44:21"
},
{
"kids":[
"zcWURbfWE"
],
"uid":"loveujopy",
"parent":"",
"text":"次奥[衰]@Mr丶大龙虾 @遍地开满了花 @Becky-狗俪俪 @Bright @黄小黄先生",
"mid":"zcWU3v1y2",
"date":"2013-01-04 21:42:34"
},
{
"kids":[
"zd4AbdfPP",
"zd1YLrdV2",
"zcX3IvHcp"
],
"uid":"1695366250",
"parent":"",
"text":"@EEEcco @小火因烟 @Danny_qi 昨天刚刚喝过……",
"mid":"zcWSjD2VK",
"date":"2013-01-04 21:38:14"
},
{
"kids":[
"zcX48aCWZ"
],
"uid":"2049087152",
"parent":"",
"text":"[汗][怒]",
"mid":"zcWSbEi2g",
"date":"2013-01-04 21:37:57"
},
{
"kids":[],
"uid":"1427314841",
"parent":"zcWrWFCfo",
"text":"",
"mid":"zcWRdFVQq",
"date":"2013-01-04 21:35:32"
},
{
"kids":[],
"uid":"2465090242",
"parent":"",
"text":"",
"mid":"zcWLT3u6B",
"date":"2013-01-04 21:22:26"
},
{
"kids":[
"zd4P1lOjS"
],
"uid":"3033524670",
"parent":"",
"text":"[吃惊]吃什么？喝什么？归隐山林吧@爱上吃鱼的猫 @阿佳阿佳 @北科大林冠群 @兵哥医生 @樊阳人文讲座 @高校辅导员-丁笑生 @顾宇legolas @黄河RUC @灰衣人 @黄河RUC",
"mid":"zcWKLAozj",
"date":"2013-01-04 21:19:41"
},
{
"kids":[],
"uid":"1725027677",
"parent":"zcWHYpNfB",
"text":"",
"mid":"zcWJbdaC2",
"date":"2013-01-04 21:15:46"
},
{
"kids":[
"zcWJbdaC2"
],
"uid":"masquerade666",
"parent":"zcWCckY0D",
"text":"果粒橙是EASON CHAN賣廣告的那個嗎[生病]",
"mid":"zcWHYpNfB",
"date":"2013-01-04 21:12:46"
},
{
"kids":[
"zcXnGAh8v"
],
"uid":"renxiaoyan",
"parent":"",
"text":"",
"mid":"zcWHUl91s",
"date":"2013-01-04 21:12:37"
},
{
"kids":[],
"uid":"1933292834",
"parent":"",
"text":"[怒][怒][怒]",
"mid":"zcWGoEsrJ",
"date":"2013-01-04 21:08:55"
},
{
"kids":[],
"uid":"selinalovejam",
"parent":"",
"text":"喝白水最健康",
"mid":"zcWGnaD8z",
"date":"2013-01-04 21:08:50"
},
{
"kids":[],
"uid":"foreverjamhsiao",
"parent":"zcWCTrQJJ",
"text":"[衰]",
"mid":"zcWGd6wDR",
"date":"2013-01-04 21:08:28"
},
{
"kids":[],
"uid":"sunyiping4",
"parent":"",
"text":"",
"mid":"zcWF4uUAd",
"date":"2013-01-04 21:05:39"
},
{
"kids":[],
"uid":"1835925021",
"parent":"zcWk2eqs4",
"text":"",
"mid":"zcWDBcbDW",
"date":"2013-01-04 21:02:01"
},
{
"kids":[],
"uid":"2096777082",
"parent":"zcWCckY0D",
"text":"",
"mid":"zcWD5yMvz",
"date":"2013-01-04 21:00:46"
},
{
"kids":[
"zcWGd6wDR"
],
"uid":"1942930413",
"parent":"",
"text":"我只说两句1我十分爱喝果粒橙，2多菌灵其实一直在用",
"mid":"zcWCTrQJJ",
"date":"2013-01-04 21:00:17"
},
{
"kids":[],
"uid":"mouse77",
"parent":"zcWCckY0D",
"text":"[衰]",
"mid":"zcWCqczdF",
"date":"2013-01-04 20:59:08"
},
{
"kids":[
"zcWHYpNfB",
"zcWD5yMvz",
"zcWCqczdF"
],
"uid":"nana8905",
"parent":"zcWvCeKyO",
"text":"去年年前不就曝光了么！敢情这是压根没处理继续祸害人！",
"mid":"zcWCckY0D",
"date":"2013-01-04 20:58:34"
},
{
"kids":[],
"uid":"2422779611",
"parent":"",
"text":"@快乐韩昊洋 @芋头呀芋头 [怒][怒][怒]中国人每天一睁眼吃的喝的全TMD是毒药。",
"mid":"zcWx7iPs1",
"date":"2013-01-04 20:46:03"
},
{
"kids":[],
"uid":"1835187717",
"parent":"zcWrWFCfo",
"text":"",
"mid":"zcWwPhfqO",
"date":"2013-01-04 20:45:19"
},
{
"kids":[
"zcWCckY0D"
],
"uid":"870330529",
"parent":"zcWrWFCfo",
"text":"靠",
"mid":"zcWvCeKyO",
"date":"2013-01-04 20:42:22"
},
{
"kids":[],
"uid":"1930211575",
"parent":"zcWrWFCfo",
"text":"[怒]",
"mid":"zcWvvpGr2",
"date":"2013-01-04 20:42:03"
},
{
"kids":[],
"uid":"2233009032",
"parent":"zcWtIEzAT",
"text":"[吃惊]",
"mid":"zcWuKrACI",
"date":"2013-01-04 20:40:10"
},
{
"kids":[
"zcWuKrACI"
],
"uid":"jamseason",
"parent":"zcWrWFCfo",
"text":"[愤怒]",
"mid":"zcWtIEzAT",
"date":"2013-01-04 20:37:39"
},
{
"kids":[],
"uid":"1705077783",
"parent":"zcWrdcnoq",
"text":"",
"mid":"zcWtua6w1",
"date":"2013-01-04 20:37:06"
},
{
"kids":[],
"uid":"2280104761",
"parent":"zcWrWFCfo",
"text":"",
"mid":"zcWsP5wAJ",
"date":"2013-01-04 20:35:26"
},
{
"kids":[
"zcWRdFVQq",
"zcWwPhfqO",
"zcWvCeKyO",
"zcWvvpGr2",
"zcWtIEzAT",
"zcWsP5wAJ"
],
"uid":"aizijilucy",
"parent":"zcWruCjPj",
"text":"很久没喝了",
"mid":"zcWrWFCfo",
"date":"2013-01-04 20:33:19"
},
{
"kids":[
"zcXlXmfhh",
"zcWVVm4yc",
"zcWrWFCfo"
],
"uid":"1909210192",
"parent":"zcWr3bBDS",
"text":"[生病]..",
"mid":"zcWruCjPj",
"date":"2013-01-04 20:32:10"
},
{
"kids":[
"zcXC7Ch9t",
"zcWtua6w1"
],
"uid":"2634513891",
"parent":"",
"text":"",
"mid":"zcWrdcnoq",
"date":"2013-01-04 20:31:30"
},
{
"kids":[
"zcWruCjPj"
],
"uid":"1746491335",
"parent":"zcWoMbP8N",
"text":"额。。。",
"mid":"zcWr3bBDS",
"date":"2013-01-04 20:31:05"
},
{
"kids":[],
"uid":"1047146704",
"parent":"",
"text":"到底还有什么是能够吃的[怒][怒]",
"mid":"zcWqSv3Ta",
"date":"2013-01-04 20:30:42"
},
{
"kids":[
"zdz5rdy22",
"zcWr3bBDS"
],
"uid":"yaohaifeng303",
"parent":"",
"text":"[怒]",
"mid":"zcWoMbP8N",
"date":"2013-01-04 20:25:31"
},
{
"kids":[],
"uid":"2800665975",
"parent":"zcWk2eqs4",
"text":"真滴吗，我喝了好多了，真心伤不起啊！[悲伤][悲伤][悲伤][悲伤]",
"mid":"zcWlc16bH",
"date":"2013-01-04 20:16:37"
},
{
"kids":[
"zd1eymWoF",
"zcWDBcbDW",
"zcWlc16bH"
],
"uid":"1722738845",
"parent":"zcWhgdlft",
"text":"可口可乐是不是出来说明一下？",
"mid":"zcWk2eqs4",
"date":"2013-01-04 20:13:48"
},
{
"kids":[],
"uid":"2374624284",
"parent":"zcWgH6tar",
"text":"",
"mid":"zcWi2aAVc",
"date":"2013-01-04 20:08:51"
},
{
"kids":[
"zcWk2eqs4"
],
"uid":"325368682",
"parent":"",
"text":"[怒][弱]可口可乐",
"mid":"zcWhgdlft",
"date":"2013-01-04 20:06:59"
},
{
"kids":[
"zcWi2aAVc"
],
"uid":"2686462703",
"parent":"",
"text":"[怒]@海外美食家  @灿烂的五花肉  @总厨1号",
"mid":"zcWgH6tar",
"date":"2013-01-04 20:05:32"
},
{
"kids":[],
"uid":"1776874932",
"parent":"",
"text":"[怒][怒]",
"mid":"zcWg4nrqM",
"date":"2013-01-04 20:04:03"
}
]