[
{
"kids":[],
"uid":"2804134212",
"parent":"",
"text":"",
"mid":"zp1paub09",
"date":"2013-03-25 07:13:51"
},
{
"kids":[],
"uid":"2919845502",
"parent":"",
"text":"",
"mid":"zp1pasFv2",
"date":"2013-03-25 07:13:50"
},
{
"kids":[],
"uid":"2810727322",
"parent":"",
"text":"",
"mid":"zoRE4vJos",
"date":"2013-03-24 06:23:05"
},
{
"kids":[],
"uid":"1583895413",
"parent":"",
"text":"",
"mid":"zoRE4cCns",
"date":"2013-03-24 06:23:04"
},
{
"kids":[],
"uid":"2789827142",
"parent":"z8Z2pzI2V",
"text":"",
"mid":"zcfrMAt1F",
"date":"2012-12-31 07:04:48"
},
{
"kids":[],
"uid":"2804824202",
"parent":"z8Z2pzI2V",
"text":"",
"mid":"zcaGWyYeN",
"date":"2012-12-30 18:58:24"
},
{
"kids":[],
"uid":"1778326513",
"parent":"z8Z2pzI2V",
"text":"",
"mid":"zbKABj6DJ",
"date":"2012-12-28 00:31:23"
},
{
"kids":[],
"uid":"2790100600",
"parent":"z8Z2pzI2V",
"text":"",
"mid":"zbJjdAsFZ",
"date":"2012-12-27 21:15:48"
},
{
"kids":[],
"uid":"2920492052",
"parent":"z9e72s1Ig",
"text":"",
"mid":"z9qi2xSLx",
"date":"2012-12-12 17:10:04"
},
{
"kids":[],
"uid":"2789770584",
"parent":"z9e72s1Ig",
"text":"",
"mid":"z9qi2wI16",
"date":"2012-12-12 17:10:07"
},
{
"kids":[],
"uid":"2802803832",
"parent":"z8Y9JaH0b",
"text":"",
"mid":"z9nB64kLy",
"date":"2012-12-12 10:18:48"
},
{
"kids":[],
"uid":"2808259702",
"parent":"z8Y9JaH0b",
"text":"",
"mid":"z9nB64kJq",
"date":"2012-12-12 10:18:48"
},
{
"kids":[],
"uid":"1776534432",
"parent":"z9e72s1Ig",
"text":"",
"mid":"z9lEt9Su0",
"date":"2012-12-12 05:21:37"
},
{
"kids":[],
"uid":"1722949730",
"parent":"z9e72s1Ig",
"text":"",
"mid":"z9lEt9Stz",
"date":"2012-12-12 05:21:36"
},
{
"kids":[],
"uid":"2919346770",
"parent":"z8VqG4RhQ",
"text":"",
"mid":"z9kysspwc",
"date":"2012-12-12 02:34:04"
},
{
"kids":[],
"uid":"1589006640",
"parent":"z8VqG4RhQ",
"text":"",
"mid":"z9kysspvC",
"date":"2012-12-12 02:34:04"
},
{
"kids":[],
"uid":"2644272853",
"parent":"",
"text":"@三毛_346 @小甜瓜宝 注意了",
"mid":"z9h9BC9aD",
"date":"2012-12-11 17:54:35"
},
{
"kids":[],
"uid":"2920621812",
"parent":"z8VqG4RhQ",
"text":"",
"mid":"z9fxxc13S",
"date":"2012-12-11 13:48:01"
},
{
"kids":[],
"uid":"2919451160",
"parent":"z8VqG4RhQ",
"text":"",
"mid":"z9fxxaaWV",
"date":"2012-12-11 13:48:01"
},
{
"kids":[],
"uid":"6qs80841",
"parent":"z9e72s1Ig",
"text":"mark",
"mid":"z9eK11sa2",
"date":"2012-12-11 11:46:04"
},
{
"kids":[],
"uid":"2920420772",
"parent":"z9e72s1Ig",
"text":"",
"mid":"z9eeo7cS5",
"date":"2012-12-11 10:28:08"
},
{
"kids":[],
"uid":"2802956104",
"parent":"z9e72s1Ig",
"text":"",
"mid":"z9eeo7cQe",
"date":"2012-12-11 10:28:07"
},
{
"kids":[
"z9qi2xSLx",
"z9qi2wI16",
"z9lEt9Su0",
"z9lEt9Stz",
"z9eK11sa2",
"z9eeo7cS5",
"z9eeo7cQe"
],
"uid":"2366120443",
"parent":"z904l1L2a",
"text":"",
"mid":"z9e72s1Ig",
"date":"2012-12-11 10:10:03"
},
{
"kids":[],
"uid":"2919686072",
"parent":"z8Y9JaH0b",
"text":"",
"mid":"z9c85n9A5",
"date":"2012-12-11 05:07:07"
},
{
"kids":[],
"uid":"2808483160",
"parent":"z8WaW4xJM",
"text":"",
"mid":"z9bLbxc5Z",
"date":"2012-12-11 04:10:41"
},
{
"kids":[],
"uid":"2811259262",
"parent":"",
"text":"",
"mid":"z98rfCqOS",
"date":"2012-12-10 19:43:19"
},
{
"kids":[],
"uid":"2789746460",
"parent":"",
"text":"",
"mid":"z98rfkPEQ",
"date":"2012-12-10 19:43:18"
},
{
"kids":[],
"uid":"2920506270",
"parent":"z8Y9JaH0b",
"text":"",
"mid":"z969l4rcb",
"date":"2012-12-10 13:53:41"
},
{
"kids":[],
"uid":"2808436330",
"parent":"z8Y9JaH0b",
"text":"",
"mid":"z969l3cOV",
"date":"2012-12-10 13:53:41"
},
{
"kids":[],
"uid":"2549629687",
"parent":"",
"text":"",
"mid":"z94WTrb9E",
"date":"2012-12-10 10:50:19"
},
{
"kids":[],
"uid":"2154011335",
"parent":"z8Vw2bdZg",
"text":"",
"mid":"z94LK0Box",
"date":"2012-12-10 10:22:50"
},
{
"kids":[],
"uid":"1416982717",
"parent":"",
"text":"",
"mid":"z94n4gq5d",
"date":"2012-12-10 09:22:03"
},
{
"kids":[],
"uid":"1588407125",
"parent":"z8XdwiXqa",
"text":"",
"mid":"z93wRqeEB",
"date":"2012-12-10 07:13:25"
},
{
"kids":[],
"uid":"1359878072",
"parent":"z8XdwiXqa",
"text":"",
"mid":"z93wRqeDR",
"date":"2012-12-10 07:13:25"
},
{
"kids":[],
"uid":"leegwlee",
"parent":"z8ZR7kZgs",
"text":"",
"mid":"z938mBmkH",
"date":"2012-12-10 06:13:04"
},
{
"kids":[],
"uid":"2920077272",
"parent":"z90bIaMay",
"text":"",
"mid":"z92zqDwsv",
"date":"2012-12-10 04:47:01"
},
{
"kids":[],
"uid":"2991541983",
"parent":"z8ZR7kZgs",
"text":"支持",
"mid":"z90kjdo89",
"date":"2012-12-09 23:04:16"
},
{
"kids":[
"z92zqDwsv"
],
"uid":"1656742744",
"parent":"z8ZR7kZgs",
"text":"",
"mid":"z90bIaMay",
"date":"2012-12-09 22:43:05"
},
{
"kids":[],
"uid":"2954854551",
"parent":"z8Vm6DR90",
"text":"",
"mid":"z9059h6UL",
"date":"2012-12-09 22:26:55"
},
{
"kids":[
"z9e72s1Ig"
],
"uid":"1779943813",
"parent":"z8Vmz2hCt",
"text":"@一一呀呀喃喃自语",
"mid":"z904l1L2a",
"date":"2012-12-09 22:24:54"
},
{
"kids":[],
"uid":"haishi1981",
"parent":"z8ZR7kZgs",
"text":"",
"mid":"z9013aOey",
"date":"2012-12-09 22:16:50"
},
{
"kids":[],
"uid":"1344318373",
"parent":"z8ZR7kZgs",
"text":"",
"mid":"z8ZWlc8pD",
"date":"2012-12-09 22:05:10"
},
{
"kids":[],
"uid":"1968973275",
"parent":"z8ZR7kZgs",
"text":"",
"mid":"z8ZUiswFa",
"date":"2012-12-09 22:00:11"
},
{
"kids":[],
"uid":"2627011091",
"parent":"z8ZR7kZgs",
"text":"不合理，太狠了",
"mid":"z8ZSvjzBa",
"date":"2012-12-09 21:55:46"
},
{
"kids":[
"z938mBmkH",
"z90kjdo89",
"z90bIaMay",
"z9013aOey",
"z8ZWlc8pD",
"z8ZUiswFa",
"z8ZSvjzBa"
],
"uid":"zhanguoshu",
"parent":"",
"text":"《以正视听》：笔者转载“王利群”这个微博，目的是提醒自己也提醒他人。但已有不止一人指出此微博有误，那么，笔者亦有误人之过也！再次恳请有关部门或者谁能够出面，正确解释此事，以正视听也！",
"mid":"z8ZR7kZgs",
"date":"2012-12-09 21:52:18"
},
{
"kids":[
"zcfrMAt1F",
"zcaGWyYeN",
"zbKABj6DJ",
"zbJjdAsFZ"
],
"uid":"2725159981",
"parent":"",
"text":"",
"mid":"z8Z2pzI2V",
"date":"2012-12-09 19:47:26"
},
{
"kids":[],
"uid":"1520577054",
"parent":"",
"text":"",
"mid":"z8YSpE4ji",
"date":"2012-12-09 19:22:49"
},
{
"kids":[],
"uid":"1582646840",
"parent":"",
"text":"",
"mid":"z8YSpCMV3",
"date":"2012-12-09 19:22:46"
},
{
"kids":[],
"uid":"2313082174",
"parent":"",
"text":"严点也好",
"mid":"z8YGSxIkG",
"date":"2012-12-09 18:54:23"
},
{
"kids":[
"z9nB64kLy",
"z9nB64kJq",
"z9c85n9A5",
"z969l4rcb",
"z969l3cOV"
],
"uid":"2675883971",
"parent":"z8VqRA9Qh",
"text":"",
"mid":"z8Y9JaH0b",
"date":"2012-12-09 17:32:43"
},
{
"kids":[],
"uid":"1796878353",
"parent":"z8WDs1hUh",
"text":"",
"mid":"z8XTNztI0",
"date":"2012-12-09 16:53:28"
},
{
"kids":[],
"uid":"1887705365",
"parent":"z8WcsjqfD",
"text":"严吗???还能承受,!",
"mid":"z8Xx8fxIr",
"date":"2012-12-09 15:57:37"
},
{
"kids":[],
"uid":"2129272414",
"parent":"z8X2OjcKr",
"text":"",
"mid":"z8XkRDRxs",
"date":"2012-12-09 15:27:24"
},
{
"kids":[],
"uid":"2797636772",
"parent":"",
"text":"",
"mid":"z8XkHAlyC",
"date":"2012-12-09 15:26:59"
},
{
"kids":[],
"uid":"2976233695",
"parent":"",
"text":"",
"mid":"z8Xi6fB2X",
"date":"2012-12-09 15:20:35"
},
{
"kids":[],
"uid":"1656815551",
"parent":"",
"text":"",
"mid":"z8XgJqwes",
"date":"2012-12-09 15:17:13"
},
{
"kids":[
"z93wRqeEB",
"z93wRqeDR"
],
"uid":"yxinge123",
"parent":"",
"text":"没有随身带驾驶证的怎么罚呢？",
"mid":"z8XdwiXqa",
"date":"2012-12-09 15:09:18"
},
{
"kids":[],
"uid":"2671469635",
"parent":"z8WThBN5p",
"text":"为什么没有摩托车的处罚呀!只有四轮以上的吗?",
"mid":"z8XbobLP5",
"date":"2012-12-09 15:04:03"
},
{
"kids":[],
"uid":"2671469635",
"parent":"z8WThBN5p",
"text":"",
"mid":"z8XaMmb80",
"date":"2012-12-09 15:02:33"
},
{
"kids":[],
"uid":"nnxd",
"parent":"z8WYgqCTj",
"text":"真尼玛操蛋！GCD靠法律整人！会把自己整死！",
"mid":"z8XamDuyk",
"date":"2012-12-09 15:01:32"
},
{
"kids":[],
"uid":"2118661825",
"parent":"z8WcsjqfD",
"text":"",
"mid":"z8X4Hl6xV",
"date":"2012-12-09 14:47:34"
},
{
"kids":[],
"uid":"binq99",
"parent":"z8VnMnnh2",
"text":"超速6分！呢个睇黎我要注意下勒！[汗]",
"mid":"z8X3RD2fx",
"date":"2012-12-09 14:45:32"
},
{
"kids":[
"z8XkRDRxs"
],
"uid":"1988274907",
"parent":"",
"text":"得速成欧美驾车习惯。",
"mid":"z8X2OjcKr",
"date":"2012-12-09 14:42:56"
},
{
"kids":[],
"uid":"2957932072",
"parent":"",
"text":"",
"mid":"z8X2o1jjj",
"date":"2012-12-09 14:41:51"
},
{
"kids":[
"z8XamDuyk"
],
"uid":"1930845867",
"parent":"z8WldrKcl",
"text":"罚死得了。",
"mid":"z8WYgqCTj",
"date":"2012-12-09 14:31:43"
},
{
"kids":[],
"uid":"1922655011",
"parent":"z8VRxoMpm",
"text":"",
"mid":"z8WVcobhy",
"date":"2012-12-09 14:24:08"
},
{
"kids":[
"z8XbobLP5",
"z8XaMmb80"
],
"uid":"1410069724",
"parent":"z8Vy66K8V",
"text":"最好加塞也罚",
"mid":"z8WThBN5p",
"date":"2012-12-09 14:19:28"
},
{
"kids":[
"z8XTNztI0"
],
"uid":"1892121715",
"parent":"z8WldrKcl",
"text":"中国法令法规并不少，但认真执行的少。提高惩罚给执法机构更多的寻租空间。我就不相信有关14岁不能坐副驾驶这一条能落实。",
"mid":"z8WDs1hUh",
"date":"2012-12-09 13:40:26"
},
{
"kids":[],
"uid":"2242275622",
"parent":"z8VPh4mMx",
"text":"",
"mid":"z8WvCxfNC",
"date":"2012-12-09 13:21:08"
},
{
"kids":[],
"uid":"fxgzyangbo",
"parent":"z8WcsjqfD",
"text":"@贵阳交警 是真是假",
"mid":"z8WsW9rLs",
"date":"2012-12-09 13:14:32"
},
{
"kids":[],
"uid":"2902712933",
"parent":"",
"text":"注意哦！",
"mid":"z8WsNxAxJ",
"date":"2012-12-09 13:14:12"
},
{
"kids":[],
"uid":"2875613282",
"parent":"z8Vm6DR90",
"text":"",
"mid":"z8WpO3TD0",
"date":"2012-12-09 13:06:48"
},
{
"kids":[],
"uid":"victoriajun",
"parent":"z8Vq7qu7C",
"text":"mark!",
"mid":"z8WpcupCa",
"date":"2012-12-09 13:05:20"
},
{
"kids":[],
"uid":"sansese",
"parent":"z8WcsjqfD",
"text":"",
"mid":"z8WonChjd",
"date":"2012-12-09 13:03:19"
},
{
"kids":[],
"uid":"1782471397",
"parent":"z8VfAoWc5",
"text":"执法必严敢不敢",
"mid":"z8Wn0A9wx",
"date":"2012-12-09 12:59:56"
},
{
"kids":[
"z8WYgqCTj",
"z8WDs1hUh"
],
"uid":"2003389725",
"parent":"z8VHv9aNJ",
"text":"罚款的收入是进中央财政还是地方财政，能弥补少卖地的亏空吗？",
"mid":"z8WldrKcl",
"date":"2012-12-09 12:55:29"
},
{
"kids":[],
"uid":"1944293005",
"parent":"z8VvK9Byn",
"text":"",
"mid":"z8WhSBgln",
"date":"2012-12-09 12:47:19"
},
{
"kids":[],
"uid":"mamicelle",
"parent":"z8WdD1ko2",
"text":"副驾驶还不能有小孩.....",
"mid":"z8WhBrs3U",
"date":"2012-12-09 12:46:38"
},
{
"kids":[],
"uid":"2112673373",
"parent":"z8WcsjqfD",
"text":"我来证实，绝对是假，部分内容纯属胡扯。详情请看本人微博所发内容！",
"mid":"z8Wek9WWD",
"date":"2012-12-09 12:38:32"
},
{
"kids":[
"z8WhBrs3U"
],
"uid":"quanhmilychuan",
"parent":"",
"text":"@郭子吟",
"mid":"z8WdD1ko2",
"date":"2012-12-09 12:36:48"
},
{
"kids":[],
"uid":"2386119962",
"parent":"",
"text":"@chj7923 @八味人生的生活 @weboast @开心百合1234",
"mid":"z8WcObyYd",
"date":"2012-12-09 12:34:46"
},
{
"kids":[
"z8Xx8fxIr",
"z8X4Hl6xV",
"z8WsW9rLs",
"z8WonChjd",
"z8Wek9WWD"
],
"uid":"zhanguoshu",
"parent":"",
"text":"回复@穹崎L:《到底是真是假》：这些规定，确实非常严格，但到底是真是假，是否请有关公安部门微博出面证实一下！",
"mid":"z8WcsjqfD",
"date":"2012-12-09 12:33:56"
},
{
"kids":[
"z9bLbxc5Z"
],
"uid":"2650694331",
"parent":"z8Vlo56l3",
"text":"@樱桃cici果冻 @股城浪子",
"mid":"z8WaW4xJM",
"date":"2012-12-09 12:30:10"
},
{
"kids":[],
"uid":"2723675233",
"parent":"z8Vm6DR90",
"text":"。。。。。",
"mid":"z8W9XvN7i",
"date":"2012-12-09 12:27:46"
},
{
"kids":[],
"uid":"1076363280",
"parent":"",
"text":"转发微博。",
"mid":"z8W7SFN14",
"date":"2012-12-09 12:22:38"
},
{
"kids":[],
"uid":"1082219187",
"parent":"",
"text":"转发微博。",
"mid":"z8W5ytU7x",
"date":"2012-12-09 12:16:56"
},
{
"kids":[],
"uid":"2610044227",
"parent":"z8VHv9aNJ",
"text":"这得装多少个高清摄像头！",
"mid":"z8W0nx0m7",
"date":"2012-12-09 12:04:11"
},
{
"kids":[],
"uid":"323233900",
"parent":"z8VgCgnKN",
"text":"我的坏习惯是哪里来的[生病]",
"mid":"z8W09pRZi",
"date":"2012-12-09 12:03:36"
},
{
"kids":[],
"uid":"2187921485",
"parent":"",
"text":"",
"mid":"z8VXyBsOR",
"date":"2012-12-09 11:57:14"
},
{
"kids":[],
"uid":"2269266561",
"parent":"",
"text":"转发微博。",
"mid":"z8VWkoIxu",
"date":"2012-12-09 11:54:12"
},
{
"kids":[],
"uid":"1058685075",
"parent":"z8Vg0aPtp",
"text":"",
"mid":"z8VW1sfgx",
"date":"2012-12-09 11:53:27"
},
{
"kids":[],
"uid":"1442210077",
"parent":"",
"text":"已经买蓝牙耳机了",
"mid":"z8VTe47zz",
"date":"2012-12-09 11:46:33"
},
{
"kids":[],
"uid":"2994985860",
"parent":"z8Vmz2hCt",
"text":"",
"mid":"z8VS1g5dT",
"date":"2012-12-09 11:43:35"
},
{
"kids":[
"z8WVcobhy"
],
"uid":"wcz423",
"parent":"z8Vu3dk0S",
"text":"@春天的小慧 @winglet07 @伍六儿的",
"mid":"z8VRxoMpm",
"date":"2012-12-09 11:42:24"
},
{
"kids":[
"z8WvCxfNC"
],
"uid":"2039960231",
"parent":"",
"text":"",
"mid":"z8VPh4mMx",
"date":"2012-12-09 11:36:49"
},
{
"kids":[],
"uid":"1880133143",
"parent":"z8VHv9aNJ",
"text":"自律",
"mid":"z8VMRggYz",
"date":"2012-12-09 11:30:52"
},
{
"kids":[],
"uid":"2196548330",
"parent":"",
"text":"是好事，也是坏事！交警又发财了！",
"mid":"z8VJVxm2B",
"date":"2012-12-09 11:23:39"
},
{
"kids":[],
"uid":"heyjewel",
"parent":"z8VHv9aNJ",
"text":"[衰]",
"mid":"z8VJngB1q",
"date":"2012-12-09 11:22:15"
},
{
"kids":[
"z8WldrKcl",
"z8W0nx0m7",
"z8VMRggYz",
"z8VJngB1q"
],
"uid":"1734384780",
"parent":"z8Vy66K8V",
"text":"",
"mid":"z8VHv9aNJ",
"date":"2012-12-09 11:17:40"
},
{
"kids":[],
"uid":"2234935103",
"parent":"z8Vm6DR90",
"text":"副驾驶也。。。。太狠了",
"mid":"z8VHl4VTM",
"date":"2012-12-09 11:17:15"
},
{
"kids":[],
"uid":"napolyon",
"parent":"z8VyFx8FI",
"text":"",
"mid":"z8VGF79Mp",
"date":"2012-12-09 11:15:36"
},
{
"kids":[],
"uid":"flowers3003",
"parent":"",
"text":"",
"mid":"z8VGg05Pe",
"date":"2012-12-09 11:14:36"
},
{
"kids":[],
"uid":"1428881302",
"parent":"z8Vmz2hCt",
"text":"新规一出，剑哥从此基本就告别机动车了，我们凑钱给你买大灰机！[飞机]@未动心已远 @世界上另一个Echo @LI外外",
"mid":"z8VG53zyC",
"date":"2012-12-09 11:14:09"
},
{
"kids":[],
"uid":"ujia",
"parent":"",
"text":"@Jerry斯基",
"mid":"z8VFIiEnD",
"date":"2012-12-09 11:13:15"
},
{
"kids":[],
"uid":"1870714851",
"parent":"",
"text":"权威报道",
"mid":"z8VF22Orh",
"date":"2012-12-09 11:11:36"
},
{
"kids":[],
"uid":"2030460293",
"parent":"",
"text":"@徐之彤,不能抽烟,不能拨手机,要注意呦",
"mid":"z8VDz3V3f",
"date":"2012-12-09 11:07:58"
},
{
"kids":[],
"uid":"2840567715",
"parent":"z8Vm6DR90",
"text":"注意啦！大家小心[做鬼脸]",
"mid":"z8VBFqiSl",
"date":"2012-12-09 11:03:18"
},
{
"kids":[],
"uid":"1934339924",
"parent":"",
"text":"有点小严啊",
"mid":"z8VBg1DOa",
"date":"2012-12-09 11:02:15"
},
{
"kids":[],
"uid":"yeyongbi",
"parent":"",
"text":"",
"mid":"z8VATAEqs",
"date":"2012-12-09 11:01:24"
},
{
"kids":[],
"uid":"2540678230",
"parent":"z8VsFzjQw",
"text":"哈哈，有点分数紧张，省着用！",
"mid":"z8VyP4KNm",
"date":"2012-12-09 10:56:16"
},
{
"kids":[
"z8VGF79Mp"
],
"uid":"gengchuanchuan",
"parent":"z8Vg0aPtp",
"text":"",
"mid":"z8VyFx8FI",
"date":"2012-12-09 10:55:55"
},
{
"kids":[],
"uid":"1401600771",
"parent":"z8VkLBxIG",
"text":"",
"mid":"z8Vymmi8h",
"date":"2012-12-09 10:55:07"
},
{
"kids":[
"z8WThBN5p",
"z8VHv9aNJ"
],
"uid":"1843651665",
"parent":"z8Vlo56l3",
"text":"这么重",
"mid":"z8Vy66K8V",
"date":"2012-12-09 10:54:30"
},
{
"kids":[],
"uid":"haishi1981",
"parent":"",
"text":"",
"mid":"z8VwG6Fzz",
"date":"2012-12-09 10:51:00"
},
{
"kids":[],
"uid":"1763703710",
"parent":"",
"text":"@Mr-关",
"mid":"z8VwqFceE",
"date":"2012-12-09 10:50:23"
},
{
"kids":[
"z94LK0Box"
],
"uid":"1937026323",
"parent":"",
"text":"技术帖",
"mid":"z8Vw2bdZg",
"date":"2012-12-09 10:49:25"
},
{
"kids":[],
"uid":"stephaniels",
"parent":"",
"text":"",
"mid":"z8VvUcsxa",
"date":"2012-12-09 10:49:06"
},
{
"kids":[
"z8WhSBgln"
],
"uid":"2645253184",
"parent":"",
"text":"",
"mid":"z8VvK9Byn",
"date":"2012-12-09 10:48:42"
},
{
"kids":[],
"uid":"1664028444",
"parent":"z8Vg0aPtp",
"text":"",
"mid":"z8VvBxnoR",
"date":"2012-12-09 10:48:22"
},
{
"kids":[],
"uid":"zizi0568",
"parent":"z8VqRA9Qh",
"text":"",
"mid":"z8VuHoBRf",
"date":"2012-12-09 10:46:07"
},
{
"kids":[],
"uid":"2009516983",
"parent":"",
"text":"",
"mid":"z8VuEbfMD",
"date":"2012-12-09 10:45:58"
},
{
"kids":[],
"uid":"2176830305",
"parent":"",
"text":"",
"mid":"z8VukDeP1",
"date":"2012-12-09 10:45:15"
},
{
"kids":[
"z8VRxoMpm"
],
"uid":"2976233695",
"parent":"",
"text":"无论超速多少都计6分？[吃惊][吃惊][思考]",
"mid":"z8Vu3dk0S",
"date":"2012-12-09 10:44:32"
},
{
"kids":[],
"uid":"1557115343",
"parent":"z8Vm6DR90",
"text":"",
"mid":"z8Vu0kfYa",
"date":"2012-12-09 10:44:25"
},
{
"kids":[],
"uid":"yuebuliaoyu",
"parent":"z8VlY6C3g",
"text":"@Lisayueml",
"mid":"z8VtU7Z1K",
"date":"2012-12-09 10:44:09"
},
{
"kids":[
"z8VyP4KNm"
],
"uid":"2132526064",
"parent":"",
"text":"明年12分够用伐",
"mid":"z8VsFzjQw",
"date":"2012-12-09 10:41:08"
},
{
"kids":[
"z8Y9JaH0b",
"z8VuHoBRf"
],
"uid":"1945423152",
"parent":"z8VgCgnKN",
"text":"不管是在交通上还是其他方面，都要遵守规则！",
"mid":"z8VqRA9Qh",
"date":"2012-12-09 10:36:41"
},
{
"kids":[],
"uid":"3071024803",
"parent":"z8Vm6DR90",
"text":"",
"mid":"z8VqHtBNi",
"date":"2012-12-09 10:36:18"
},
{
"kids":[
"z9kysspwc",
"z9kysspvC",
"z9fxxc13S",
"z9fxxaaWV"
],
"uid":"1080309827",
"parent":"",
"text":"",
"mid":"z8VqG4RhQ",
"date":"2012-12-09 10:36:12"
},
{
"kids":[],
"uid":"1269800797",
"parent":"z8Vmz2hCt",
"text":"",
"mid":"z8VqqEt4o",
"date":"2012-12-09 10:35:36"
},
{
"kids":[],
"uid":"1865114947",
"parent":"z8VlY6C3g",
"text":"",
"mid":"z8VqoiMDU",
"date":"2012-12-09 10:35:31"
},
{
"kids":[
"z8WpcupCa"
],
"uid":"ychuanp",
"parent":"",
"text":"@浮夸的绳命 @-臭臭臭臭臭臭歡 @陌路也狂欢 @时光折煞的青春 @顽----小5 @骏丫 @Super丶航",
"mid":"z8Vq7qu7C",
"date":"2012-12-09 10:34:51"
},
{
"kids":[],
"uid":"1392231581",
"parent":"",
"text":"",
"mid":"z8Vq61Dqp",
"date":"2012-12-09 10:34:48"
},
{
"kids":[],
"uid":"333678015",
"parent":"",
"text":"转发微博。",
"mid":"z8VpY0Szq",
"date":"2012-12-09 10:34:28"
},
{
"kids":[],
"uid":"jiuyuell",
"parent":"z8Vnxi5Sj",
"text":"早该如此啊",
"mid":"z8Vpvjh2i",
"date":"2012-12-09 10:33:20"
},
{
"kids":[],
"uid":"570077939",
"parent":"z8Vlo56l3",
"text":"",
"mid":"z8VoBc5Ie",
"date":"2012-12-09 10:31:04"
},
{
"kids":[],
"uid":"1850511775",
"parent":"",
"text":"记住了！看你有多少分够罚",
"mid":"z8VoyhBMG",
"date":"2012-12-09 10:30:58"
},
{
"kids":[],
"uid":"1527891074",
"parent":"",
"text":"开车要注意！",
"mid":"z8VouobVg",
"date":"2012-12-09 10:30:50"
},
{
"kids":[],
"uid":"wangfayu",
"parent":"",
"text":"",
"mid":"z8Vop4Hat",
"date":"2012-12-09 10:30:37"
},
{
"kids":[],
"uid":"1256842711",
"parent":"",
"text":"",
"mid":"z8Von0BTS",
"date":"2012-12-09 10:30:31"
},
{
"kids":[],
"uid":"hsshijiecun",
"parent":"z8Vmz2hCt",
"text":"[吃惊]",
"mid":"z8Voaixzk",
"date":"2012-12-09 10:30:01"
},
{
"kids":[],
"uid":"2125436823",
"parent":"z8Vm6DR90",
"text":"真的吗？",
"mid":"z8VnYbDgK",
"date":"2012-12-09 10:29:33"
},
{
"kids":[
"z8X3RD2fx"
],
"uid":"brucegz",
"parent":"z8Vlo56l3",
"text":"太轻了，没有一千元不觉是罚款",
"mid":"z8VnMnnh2",
"date":"2012-12-09 10:29:04"
},
{
"kids":[
"z8Vpvjh2i"
],
"uid":"3141336311",
"parent":"z8Vm6DR90",
"text":"@玖月LL",
"mid":"z8Vnxi5Sj",
"date":"2012-12-09 10:28:29"
},
{
"kids":[],
"uid":"1135534162",
"parent":"z8Vlo56l3",
"text":"到斑马线不慢行呢？",
"mid":"z8VnqcBf9",
"date":"2012-12-09 10:28:12"
},
{
"kids":[],
"uid":"2265827091",
"parent":"",
"text":"",
"mid":"z8Vnddysq",
"date":"2012-12-09 10:27:40"
},
{
"kids":[],
"uid":"1940770782",
"parent":"",
"text":"",
"mid":"z8VmVs17u",
"date":"2012-12-09 10:26:59"
},
{
"kids":[
"z904l1L2a",
"z8VS1g5dT",
"z8VG53zyC",
"z8VqqEt4o",
"z8Voaixzk"
],
"uid":"zhangjian7551",
"parent":"",
"text":"我去，让爱超速和爱抢灯死活不系安全带的剑哥情何以堪[泪]，绿色出行吧",
"mid":"z8Vmz2hCt",
"date":"2012-12-09 10:26:05"
},
{
"kids":[],
"uid":"2319673612",
"parent":"",
"text":"请大家守交法！",
"mid":"z8VmwFxzL",
"date":"2012-12-09 10:26:00"
},
{
"kids":[],
"uid":"1953247812",
"parent":"",
"text":"",
"mid":"z8Vmcfk5Z",
"date":"2012-12-09 10:25:11"
},
{
"kids":[
"z9059h6UL",
"z8WpO3TD0",
"z8W9XvN7i",
"z8VHl4VTM",
"z8VBFqiSl",
"z8Vu0kfYa",
"z8VqHtBNi",
"z8VnYbDgK",
"z8Vnxi5Sj"
],
"uid":"peterlijie",
"parent":"",
"text":"特权车加倍哦",
"mid":"z8Vm6DR90",
"date":"2012-12-09 10:24:58"
},
{
"kids":[
"z8VtU7Z1K",
"z8VqoiMDU"
],
"uid":"btv3890",
"parent":"z8Vlo56l3",
"text":"",
"mid":"z8VlY6C3g",
"date":"2012-12-09 10:24:37"
},
{
"kids":[],
"uid":"1716916540",
"parent":"",
"text":"越来越严格",
"mid":"z8VlXuh8d",
"date":"2012-12-09 10:24:36"
},
{
"kids":[],
"uid":"2691747567",
"parent":"",
"text":"转发微博。",
"mid":"z8Vlwlsy1",
"date":"2012-12-09 10:23:29"
},
{
"kids":[
"z8WaW4xJM",
"z8Vy66K8V",
"z8VoBc5Ie",
"z8VnMnnh2",
"z8VnqcBf9",
"z8VlY6C3g"
],
"uid":"lixingwen",
"parent":"",
"text":"交叉检查，自我纠察吧",
"mid":"z8Vlo56l3",
"date":"2012-12-09 10:23:11"
},
{
"kids":[],
"uid":"leixiaofei",
"parent":"z8Vg0aPtp",
"text":"",
"mid":"z8Vl2qFIf",
"date":"2012-12-09 10:22:19"
},
{
"kids":[
"z8Vymmi8h"
],
"uid":"1563888431",
"parent":"",
"text":"如何执法？交警不够用啊。",
"mid":"z8VkLBxIG",
"date":"2012-12-09 10:21:40"
},
{
"kids":[],
"uid":"2919437052",
"parent":"z8VfbCzNf",
"text":"",
"mid":"z8Vkht459",
"date":"2012-12-09 10:20:27"
},
{
"kids":[],
"uid":"2803147490",
"parent":"z8VfbCzNf",
"text":"",
"mid":"z8VkhszsQ",
"date":"2012-12-09 10:20:28"
},
{
"kids":[],
"uid":"3001066233",
"parent":"",
"text":"转发微博。",
"mid":"z8VkdkTBv",
"date":"2012-12-09 10:20:18"
},
{
"kids":[],
"uid":"2057573964",
"parent":"",
"text":"",
"mid":"z8Vk1duII",
"date":"2012-12-09 10:19:49"
},
{
"kids":[],
"uid":"machenya",
"parent":"z8Vg0aPtp",
"text":"@琳-木-木 @路边一蚂蚱 @不是rock是摇滚 @一一妈211",
"mid":"z8Vj6wFUi",
"date":"2012-12-09 10:17:35"
},
{
"kids":[],
"uid":"lucy8118",
"parent":"",
"text":"严。",
"mid":"z8VheFhDW",
"date":"2012-12-09 10:12:57"
},
{
"kids":[],
"uid":"gzf626",
"parent":"",
"text":"",
"mid":"z8Vh7fstn",
"date":"2012-12-09 10:12:39"
},
{
"kids":[],
"uid":"kevinshenkai",
"parent":"z8Vg0aPtp",
"text":"看了不转发记12分。",
"mid":"z8VgGoyHM",
"date":"2012-12-09 10:11:34"
},
{
"kids":[
"z8W09pRZi",
"z8VqRA9Qh"
],
"uid":"1588342812",
"parent":"",
"text":"",
"mid":"z8VgCgnKN",
"date":"2012-12-09 10:11:26"
},
{
"kids":[],
"uid":"1959246925",
"parent":"",
"text":"一天超速两次就扣12分？不太科学，很多时候超速无意识",
"mid":"z8VgypNRB",
"date":"2012-12-09 10:11:17"
},
{
"kids":[],
"uid":"sansheng0503",
"parent":"",
"text":"希望能够贯彻实施彻底彻底彻底",
"mid":"z8Vgirjky",
"date":"2012-12-09 10:10:39"
},
{
"kids":[],
"uid":"2038124663",
"parent":"",
"text":"",
"mid":"z8Vgfdm0Y",
"date":"2012-12-09 10:10:31"
},
{
"kids":[],
"uid":"1776590111",
"parent":"",
"text":"哇噻〜看来要去弄个车载蓝牙之类的啦〜[嘻嘻]",
"mid":"z8VgabVN5",
"date":"2012-12-09 10:10:18"
},
{
"kids":[
"z8VW1sfgx",
"z8VyFx8FI",
"z8VvBxnoR",
"z8Vl2qFIf",
"z8Vj6wFUi",
"z8VgGoyHM"
],
"uid":"1036705190",
"parent":"",
"text":"",
"mid":"z8Vg0aPtp",
"date":"2012-12-09 10:09:54"
},
{
"kids":[
"z8Wn0A9wx"
],
"uid":"1749937314",
"parent":"",
"text":"精神文明和物质文明双丰收",
"mid":"z8VfAoWc5",
"date":"2012-12-09 10:08:53"
},
{
"kids":[],
"uid":"2729267964",
"parent":"",
"text":"[晕]",
"mid":"z8VfsrA0R",
"date":"2012-12-09 10:08:35"
},
{
"kids":[],
"uid":"2397651987",
"parent":"",
"text":"[吃惊]",
"mid":"z8Vfo0qo7",
"date":"2012-12-09 10:08:24"
},
{
"kids":[
"z8Vkht459",
"z8VkhszsQ"
],
"uid":"1920628714",
"parent":"",
"text":"转发微博。",
"mid":"z8VfbCzNf",
"date":"2012-12-09 10:07:55"
},
{
"kids":[],
"uid":"1411135651",
"parent":"",
"text":"",
"mid":"z8Vf79HvB",
"date":"2012-12-09 10:07:44"
}
]