[
{
"kids": [], 
"uid": "1778222704", 
"parent": "z5qJgEq3o", 
"text": "", 
"mid": "zeIOPjapB", 
"date": "2013-01-16 13:31:49"
}, 
{
"kids": [], 
"uid": "2808364714", 
"parent": "", 
"text": "", 
"mid": "z8uDJBzPM", 
"date": "2012-12-06 14:24:14"
}, 
{
"kids": [], 
"uid": "2919308310", 
"parent": "", 
"text": "", 
"mid": "z8ocnar2P", 
"date": "2012-12-05 22:00:17"
}, 
{
"kids": [], 
"uid": "2919301542", 
"parent": "", 
"text": "", 
"mid": "z8ocmzQ6E", 
"date": "2012-12-05 22:00:20"
}, 
{
"kids": [], 
"uid": "2808057930", 
"parent": "", 
"text": "", 
"mid": "z7CsLlbyU", 
"date": "2012-11-30 20:28:52"
}, 
{
"kids": [], 
"uid": "2803914434", 
"parent": "", 
"text": "", 
"mid": "z7tZftgWJ", 
"date": "2012-11-29 22:54:08"
}, 
{
"kids": [], 
"uid": "2919798140", 
"parent": "", 
"text": "", 
"mid": "z7tZfbFLz", 
"date": "2012-11-29 22:54:08"
}, 
{
"kids": [], 
"uid": "2803319242", 
"parent": "z5qJgEq3o", 
"text": "", 
"mid": "z6NvmajBv", 
"date": "2012-11-25 10:45:10"
}, 
{
"kids": [], 
"uid": "2919524200", 
"parent": "z5qJgEq3o", 
"text": "", 
"mid": "z6DuygWNe", 
"date": "2012-11-24 09:15:42"
}, 
{
"kids": [], 
"uid": "2919821650", 
"parent": "z5qJgEq3o", 
"text": "", 
"mid": "z6DuyfMst", 
"date": "2012-11-24 09:15:43"
}, 
{
"kids": [], 
"uid": "2804281490", 
"parent": "", 
"text": "", 
"mid": "z6AdoB5CZ", 
"date": "2012-11-24 00:55:10"
}, 
{
"kids": [], 
"uid": "2790011832", 
"parent": "z5yCqwlPm", 
"text": "", 
"mid": "z6rkv0zXH", 
"date": "2012-11-23 02:17:59"
}, 
{
"kids": [], 
"uid": "2920102034", 
"parent": "z5yCqwlPm", 
"text": "", 
"mid": "z6rkuFFPe", 
"date": "2012-11-23 02:17:59"
}, 
{
"kids": [], 
"uid": "2805020450", 
"parent": "", 
"text": "", 
"mid": "z5UNcF5uk", 
"date": "2012-11-19 15:28:02"
}, 
{
"kids": [], 
"uid": "2920492850", 
"parent": "", 
"text": "", 
"mid": "z5UNcDGvv", 
"date": "2012-11-19 15:28:03"
}, 
{
"kids": [], 
"uid": "1583992234", 
"parent": "z5qJgEq3o", 
"text": "", 
"mid": "z5SOag3pF", 
"date": "2012-11-19 10:24:54"
}, 
{
"kids": [], 
"uid": "2919458390", 
"parent": "z5uOK9Epg", 
"text": "", 
"mid": "z5SccCLVa", 
"date": "2012-11-19 08:51:26"
}, 
{
"kids": [], 
"uid": "2919338230", 
"parent": "z5uOK9Epg", 
"text": "", 
"mid": "z5SccCLTy", 
"date": "2012-11-19 08:51:25"
}, 
{
"kids": [], 
"uid": "2809243884", 
"parent": "z5uOK9Epg", 
"text": "", 
"mid": "z5RVb9HNN", 
"date": "2012-11-19 08:09:27"
}, 
{
"kids": [], 
"uid": "1777608354", 
"parent": "z5uOK9Epg", 
"text": "", 
"mid": "z5RVb9qnJ", 
"date": "2012-11-19 08:09:28"
}, 
{
"kids": [], 
"uid": "2920289834", 
"parent": "z5qJmCaE0", 
"text": "", 
"mid": "z5PRw5R6W", 
"date": "2012-11-19 02:54:57"
}, 
{
"kids": [], 
"uid": "2919781080", 
"parent": "", 
"text": "", 
"mid": "z5PybhCkv", 
"date": "2012-11-19 02:07:19"
}, 
{
"kids": [], 
"uid": "2789949000", 
"parent": "z5tbua0Af", 
"text": "", 
"mid": "z5Pokv7H2", 
"date": "2012-11-19 01:43:03"
}, 
{
"kids": [], 
"uid": "2920102072", 
"parent": "z5tbua0Af", 
"text": "", 
"mid": "z5Pokv7Gc", 
"date": "2012-11-19 01:43:03"
}, 
{
"kids": [], 
"uid": "2919287412", 
"parent": "", 
"text": "", 
"mid": "z5NUlezse", 
"date": "2012-11-18 21:56:24"
}, 
{
"kids": [], 
"uid": "2920274204", 
"parent": "", 
"text": "", 
"mid": "z5NUkB7Rt", 
"date": "2012-11-18 21:56:22"
}, 
{
"kids": [], 
"uid": "2808388004", 
"parent": "", 
"text": "", 
"mid": "z5Msbp03E", 
"date": "2012-11-18 18:14:16"
}, 
{
"kids": [], 
"uid": "2920612602", 
"parent": "", 
"text": "", 
"mid": "z5MsbmVrf", 
"date": "2012-11-18 18:14:18"
}, 
{
"kids": [], 
"uid": "1777611270", 
"parent": "", 
"text": "", 
"mid": "z5MfqEiD3", 
"date": "2012-11-18 17:42:51"
}, 
{
"kids": [], 
"uid": "1589725113", 
"parent": "", 
"text": "", 
"mid": "z5M5RBpBb", 
"date": "2012-11-18 17:19:16"
}, 
{
"kids": [], 
"uid": "2803551652", 
"parent": "", 
"text": "", 
"mid": "z5M5RjOrn", 
"date": "2012-11-18 17:19:17"
}, 
{
"kids": [], 
"uid": "2919395274", 
"parent": "z5qJmCaE0", 
"text": "", 
"mid": "z5M4vF90v", 
"date": "2012-11-18 17:15:56"
}, 
{
"kids": [], 
"uid": "2805691764", 
"parent": "z5qJmCaE0", 
"text": "", 
"mid": "z5M4vok3k", 
"date": "2012-11-18 17:15:57"
}, 
{
"kids": [], 
"uid": "emacoo", 
"parent": "z5tsL0OOM", 
"text": "都有点玄乎", 
"mid": "z5ILcuLUq", 
"date": "2012-11-18 08:50:10"
}, 
{
"kids": [], 
"uid": "2919758770", 
"parent": "z5qJgEq3o", 
"text": "", 
"mid": "z5I1NBVdf", 
"date": "2012-11-18 06:58:19"
}, 
{
"kids": [], 
"uid": "2789953624", 
"parent": "z5qJgEq3o", 
"text": "", 
"mid": "z5I1NATjv", 
"date": "2012-11-18 06:58:18"
}, 
{
"kids": [], 
"uid": "2920449694", 
"parent": "z5yCqwlPm", 
"text": "", 
"mid": "z5GRp5DST", 
"date": "2012-11-18 03:59:57"
}, 
{
"kids": [], 
"uid": "2789980952", 
"parent": "z5uOK9Epg", 
"text": "", 
"mid": "z5GaT0sLG", 
"date": "2012-11-18 02:15:12"
}, 
{
"kids": [], 
"uid": "2804699724", 
"parent": "z5uOK9Epg", 
"text": "", 
"mid": "z5G65rdxh", 
"date": "2012-11-18 02:03:23"
}, 
{
"kids": [], 
"uid": "2803104002", 
"parent": "", 
"text": "", 
"mid": "z5FNEbtLX", 
"date": "2012-11-18 01:17:57"
}, 
{
"kids": [], 
"uid": "2919508722", 
"parent": "", 
"text": "", 
"mid": "z5FFavwO1", 
"date": "2012-11-18 00:57:01"
}, 
{
"kids": [], 
"uid": "2920203374", 
"parent": "z5yCqwlPm", 
"text": "", 
"mid": "z5EpdrI25", 
"date": "2012-11-17 21:44:59"
}, 
{
"kids": [], 
"uid": "1440669113", 
"parent": "z5yCqwlPm", 
"text": "", 
"mid": "z5EpdrI0n", 
"date": "2012-11-17 21:45:02"
}, 
{
"kids": [], 
"uid": "1581979104", 
"parent": "", 
"text": "", 
"mid": "z5DPteTcc", 
"date": "2012-11-17 20:16:54"
}, 
{
"kids": [], 
"uid": "1097705742", 
"parent": "z5ryn0dU4", 
"text": "", 
"mid": "z5CLd3ma1", 
"date": "2012-11-17 17:33:43"
}, 
{
"kids": [], 
"uid": "2920351000", 
"parent": "", 
"text": "", 
"mid": "z5BHRx7jO", 
"date": "2012-11-17 14:52:41"
}, 
{
"kids": [], 
"uid": "1582739093", 
"parent": "z5uOK9Epg", 
"text": "", 
"mid": "z5AUV8HMX", 
"date": "2012-11-17 12:52:07"
}, 
{
"kids": [], 
"uid": "2260586147", 
"parent": "", 
"text": "@自言崇拜自语 @叶-小栗子的地盘 @普公音之贝贝警官 @帆阁 @火拳艾斯 @毛格拉斯 @jjooyyy @麦田777 @Pinky汏小姐 @糖小吹 @telizi @小卷毛的宝妈", 
"mid": "z5AHxEnsp", 
"date": "2012-11-17 12:19:11"
}, 
{
"kids": [], 
"uid": "2245642600", 
"parent": "z5vDFcCfX", 
"text": "", 
"mid": "z5AqYzDte", 
"date": "2012-11-17 11:38:22"
}, 
{
"kids": [], 
"uid": "1962019635", 
"parent": "z5rjwcsZ3", 
"text": "防不胜防 这个世界真特么疯狂", 
"mid": "z5yOyhbWE", 
"date": "2012-11-17 07:30:57"
}, 
{
"kids": [], 
"uid": "2249879180", 
"parent": "z5rHvqndw", 
"text": "", 
"mid": "z5yCSj4Iz", 
"date": "2012-11-17 07:02:11"
}, 
{
"kids": [
"z6rkv0zXH", 
"z6rkuFFPe", 
"z5GRp5DST", 
"z5EpdrI25", 
"z5EpdrI0n"
], 
"uid": "malpropre", 
"parent": "", 
"text": "太过份[怒]", 
"mid": "z5yCqwlPm", 
"date": "2012-11-17 07:01:04"
}, 
{
"kids": [], 
"uid": "2919902424", 
"parent": "z5reTiiqt", 
"text": "", 
"mid": "z5yvuyKPB", 
"date": "2012-11-17 06:43:59"
}, 
{
"kids": [], 
"uid": "2805145664", 
"parent": "z5reTiiqt", 
"text": "", 
"mid": "z5yvuxPwN", 
"date": "2012-11-17 06:44:00"
}, 
{
"kids": [], 
"uid": "2529795721", 
"parent": "z5rDXxgBJ", 
"text": "@一片天自在", 
"mid": "z5xarAwu6", 
"date": "2012-11-17 03:19:24"
}, 
{
"kids": [], 
"uid": "ilovekimeru", 
"parent": "", 
"text": "", 
"mid": "z5x8oyY0F", 
"date": "2012-11-17 03:14:21"
}, 
{
"kids": [], 
"uid": "2809226452", 
"parent": "z5qSVEVtJ", 
"text": "", 
"mid": "z5wyswEXI", 
"date": "2012-11-17 01:45:49"
}, 
{
"kids": [], 
"uid": "2594152084", 
"parent": "", 
"text": "太吓人了[怒骂][怒骂]", 
"mid": "z5wdc61ZS", 
"date": "2012-11-17 00:53:25"
}, 
{
"kids": [], 
"uid": "2559894202", 
"parent": "z5vDFcCfX", 
"text": "转发微薄", 
"mid": "z5vY3iDK6", 
"date": "2012-11-17 00:16:08"
}, 
{
"kids": [
"z5AqYzDte", 
"z5vY3iDK6"
], 
"uid": "2269027470", 
"parent": "z5r6nfNlk", 
"text": "", 
"mid": "z5vDFcCfX", 
"date": "2012-11-16 23:25:53"
}, 
{
"kids": [], 
"uid": "2425363073", 
"parent": "z5uBFlanP", 
"text": "天哪！骗子的技术越来越高明了！要警惕啊！要关照好家人朋友！", 
"mid": "z5vkvjN8r", 
"date": "2012-11-16 22:38:38"
}, 
{
"kids": [], 
"uid": "2395642074", 
"parent": "z5rfy3bql", 
"text": "这个社会生存真不易[衰]", 
"mid": "z5v6ECwtQ", 
"date": "2012-11-16 22:04:31"
}, 
{
"kids": [
"z5SccCLVa", 
"z5SccCLTy", 
"z5RVb9HNN", 
"z5RVb9qnJ", 
"z5GaT0sLG", 
"z5G65rdxh", 
"z5AUV8HMX"
], 
"uid": "1422990753", 
"parent": "z5tsL0OOM", 
"text": "@剑恩山姆", 
"mid": "z5uOK9Epg", 
"date": "2012-11-16 21:20:26"
}, 
{
"kids": [], 
"uid": "1916761660", 
"parent": "z5qRN2Atu", 
"text": "这个世界太疯狂~", 
"mid": "z5uL8bss4", 
"date": "2012-11-16 21:11:29"
}, 
{
"kids": [], 
"uid": "2809551544", 
"parent": "", 
"text": "", 
"mid": "z5uBUpv0G", 
"date": "2012-11-16 20:48:50"
}, 
{
"kids": [
"z5vkvjN8r"
], 
"uid": "2645781537", 
"parent": "z5ubefJiv", 
"text": "朋友们小心了！", 
"mid": "z5uBFlanP", 
"date": "2012-11-16 20:48:11"
}, 
{
"kids": [], 
"uid": "1978448513", 
"parent": "z5rHvqndw", 
"text": "", 
"mid": "z5ugD2zdg", 
"date": "2012-11-16 19:56:21"
}, 
{
"kids": [
"z5uBFlanP"
], 
"uid": "2268857213", 
"parent": "z5tAMjf11", 
"text": "", 
"mid": "z5ubefJiv", 
"date": "2012-11-16 19:43:05"
}, 
{
"kids": [], 
"uid": "1820318141", 
"parent": "z5tsL0OOM", 
"text": "", 
"mid": "z5tFRgzk8", 
"date": "2012-11-16 18:25:48"
}, 
{
"kids": [], 
"uid": "2194691800", 
"parent": "z5tcuqzCl", 
"text": "还有安全的地方吗[汗]", 
"mid": "z5tE3iSYE", 
"date": "2012-11-16 18:21:21"
}, 
{
"kids": [], 
"uid": "1977747915", 
"parent": "z5t9C12hN", 
"text": "害人之心不可有，防人之心不可无", 
"mid": "z5tBQaSEj", 
"date": "2012-11-16 18:15:52"
}, 
{
"kids": [
"z5ubefJiv"
], 
"uid": "2327530067", 
"parent": "", 
"text": "扩散", 
"mid": "z5tAMjf11", 
"date": "2012-11-16 18:13:18"
}, 
{
"kids": [], 
"uid": "solomonzhang", 
"parent": "z5tsL0OOM", 
"text": "", 
"mid": "z5tu63DOa", 
"date": "2012-11-16 17:56:49"
}, 
{
"kids": [
"z5ILcuLUq", 
"z5uOK9Epg", 
"z5tFRgzk8", 
"z5tu63DOa"
], 
"uid": "tenia", 
"parent": "z5t9C12hN", 
"text": "[吃惊]", 
"mid": "z5tsL0OOM", 
"date": "2012-11-16 17:53:31"
}, 
{
"kids": [], 
"uid": "1560855270", 
"parent": "", 
"text": "@闲趣小甜饼", 
"mid": "z5tgXDg01", 
"date": "2012-11-16 17:24:29"
}, 
{
"kids": [
"z5tE3iSYE"
], 
"uid": "1242787672", 
"parent": "", 
"text": "技术革新时代", 
"mid": "z5tcuqzCl", 
"date": "2012-11-16 17:13:25"
}, 
{
"kids": [
"z5Pokv7H2", 
"z5Pokv7Gc"
], 
"uid": "1752002902", 
"parent": "z5t9C12hN", 
"text": "@crixus", 
"mid": "z5tbua0Af", 
"date": "2012-11-16 17:10:58"
}, 
{
"kids": [
"z5tBQaSEj", 
"z5tsL0OOM", 
"z5tbua0Af"
], 
"uid": "1784419775", 
"parent": "z5qGV2tp9", 
"text": "注意啦[吃惊]", 
"mid": "z5t9C12hN", 
"date": "2012-11-16 17:06:21"
}, 
{
"kids": [], 
"uid": "1961445477", 
"parent": "z5raj3TAl", 
"text": "扩散", 
"mid": "z5sYC0LA7", 
"date": "2012-11-16 16:39:14"
}, 
{
"kids": [], 
"uid": "istanbule", 
"parent": "", 
"text": "怎么那么多骗局啊？", 
"mid": "z5sGRirtP", 
"date": "2012-11-16 15:55:30"
}, 
{
"kids": [], 
"uid": "walkwithmoon", 
"parent": "z5smQvxZQ", 
"text": "@ZQiong @听八月说 我觉得以我们这点可怜的财产如果被骗子盯上是他们三生倒霉~不过注意一下没坏处哈~", 
"mid": "z5sET0gXD", 
"date": "2012-11-16 15:50:39"
}, 
{
"kids": [], 
"uid": "2648142961", 
"parent": "", 
"text": "骗子无处不在", 
"mid": "z5szkqhmb", 
"date": "2012-11-16 15:36:59"
}, 
{
"kids": [
"z5sET0gXD"
], 
"uid": "vivdove", 
"parent": "z5rzessGA", 
"text": "", 
"mid": "z5smQvxZQ", 
"date": "2012-11-16 15:06:12"
}, 
{
"kids": [], 
"uid": "1461724522", 
"parent": "", 
"text": "", 
"mid": "z5shqyxLk", 
"date": "2012-11-16 14:52:52"
}, 
{
"kids": [], 
"uid": "2100332972", 
"parent": "z5s6gcNSF", 
"text": "[话筒]", 
"mid": "z5s6Njm3A", 
"date": "2012-11-16 14:26:40"
}, 
{
"kids": [
"z5s6Njm3A"
], 
"uid": "1631046882", 
"parent": "", 
"text": "[话筒][话筒][话筒]大家警觉起来！", 
"mid": "z5s6gcNSF", 
"date": "2012-11-16 14:25:20"
}, 
{
"kids": [], 
"uid": "2661919843", 
"parent": "", 
"text": "转发微博。", 
"mid": "z5s2F81lU", 
"date": "2012-11-16 14:16:29"
}, 
{
"kids": [], 
"uid": "1879996810", 
"parent": "z5rDelG4Y", 
"text": "", 
"mid": "z5rZVuOTK", 
"date": "2012-11-16 14:09:45"
}, 
{
"kids": [], 
"uid": "1910744515", 
"parent": "", 
"text": "", 
"mid": "z5rVX40FD", 
"date": "2012-11-16 13:59:55"
}, 
{
"kids": [], 
"uid": "1685262230", 
"parent": "z5qGEuNPf", 
"text": "大家转阅下", 
"mid": "z5rUJra6B", 
"date": "2012-11-16 13:56:57"
}, 
{
"kids": [], 
"uid": "2408128501", 
"parent": "z5rGd3pt5", 
"text": "@过眼云烟0826", 
"mid": "z5rT1BcVa", 
"date": "2012-11-16 13:52:44"
}, 
{
"kids": [], 
"uid": "1838016821", 
"parent": "", 
"text": "", 
"mid": "z5rPJsykc", 
"date": "2012-11-16 13:44:38"
}, 
{
"kids": [], 
"uid": "1942023901", 
"parent": "", 
"text": "", 
"mid": "z5rM7qRoS", 
"date": "2012-11-16 13:35:44"
}, 
{
"kids": [], 
"uid": "2465958492", 
"parent": "z5rDelG4Y", 
"text": "", 
"mid": "z5rKayXW8", 
"date": "2012-11-16 13:30:56"
}, 
{
"kids": [], 
"uid": "1942023901", 
"parent": "", 
"text": "", 
"mid": "z5rJZE3wE", 
"date": "2012-11-16 13:30:30"
}, 
{
"kids": [], 
"uid": "luckycertida", 
"parent": "z5refpK44", 
"text": "[衰][衰]", 
"mid": "z5rI9CPXW", 
"date": "2012-11-16 13:25:58"
}, 
{
"kids": [
"z5yCSj4Iz", 
"z5ugD2zdg"
], 
"uid": "2784611400", 
"parent": "", 
"text": "", 
"mid": "z5rHvqndw", 
"date": "2012-11-16 13:24:22"
}, 
{
"kids": [], 
"uid": "2280861320", 
"parent": "z5qRJuc3F", 
"text": "大家注意", 
"mid": "z5rGVDlaD", 
"date": "2012-11-16 13:22:57"
}, 
{
"kids": [
"z5rT1BcVa"
], 
"uid": "qizhenxiaoyue", 
"parent": "", 
"text": "", 
"mid": "z5rGd3pt5", 
"date": "2012-11-16 13:21:09"
}, 
{
"kids": [], 
"uid": "2427432250", 
"parent": "", 
"text": "嘎贺人啊", 
"mid": "z5rEsjYUe", 
"date": "2012-11-16 13:16:51"
}, 
{
"kids": [
"z5xarAwu6"
], 
"uid": "2022786643", 
"parent": "z5r8nF1Tj", 
"text": "骗术更新了，有技术含量的。。", 
"mid": "z5rDXxgBJ", 
"date": "2012-11-16 13:15:36"
}, 
{
"kids": [
"z5rZVuOTK", 
"z5rKayXW8"
], 
"uid": "206333158", 
"parent": "z5rfv9lIT", 
"text": "", 
"mid": "z5rDelG4Y", 
"date": "2012-11-16 13:13:49"
}, 
{
"kids": [], 
"uid": "1232753190", 
"parent": "", 
"text": "", 
"mid": "z5rAzveTD", 
"date": "2012-11-16 13:07:17"
}, 
{
"kids": [
"z5smQvxZQ"
], 
"uid": "1880110581", 
"parent": "z5qMtxOun", 
"text": "防不胜防呀", 
"mid": "z5rzessGA", 
"date": "2012-11-16 13:03:57"
}, 
{
"kids": [], 
"uid": "2306936531", 
"parent": "", 
"text": "", 
"mid": "z5ryMp1u8", 
"date": "2012-11-16 13:02:51"
}, 
{
"kids": [
"z5CLd3ma1"
], 
"uid": "2418659744", 
"parent": "z5rxtELuI", 
"text": "", 
"mid": "z5ryn0dU4", 
"date": "2012-11-16 13:01:52"
}, 
{
"kids": [
"z5ryn0dU4"
], 
"uid": "2267103090", 
"parent": "", 
"text": "快递这招满毒的", 
"mid": "z5rxtELuI", 
"date": "2012-11-16 12:59:40"
}, 
{
"kids": [], 
"uid": "ningshichuanqi", 
"parent": "z5qK2yEBT", 
"text": "@小超宁", 
"mid": "z5rqhtVxy", 
"date": "2012-11-16 12:41:56"
}, 
{
"kids": [], 
"uid": "1738539394", 
"parent": "", 
"text": "真吓人", 
"mid": "z5rnQfWkS", 
"date": "2012-11-16 12:35:55"
}, 
{
"kids": [], 
"uid": "2282899214", 
"parent": "", 
"text": "", 
"mid": "z5rkudDCK", 
"date": "2012-11-16 12:27:38"
}, 
{
"kids": [
"z5yOyhbWE"
], 
"uid": "1881775352", 
"parent": "z5r6nfNlk", 
"text": "@zjm95958 @柳柳唐 @糯米猫-童话王国 @我爱小金刚 @桃小清 @宝宝和贝贝妈妈 @He倩en @佳有妞妞 @私家小厨 @一个人偶尔自言自语 @饮一口我的苍凉", 
"mid": "z5rjwcsZ3", 
"date": "2012-11-16 12:25:14"
}, 
{
"kids": [], 
"uid": "ghf1975", 
"parent": "", 
"text": "@Sunflower爱之屋", 
"mid": "z5ri0e8hE", 
"date": "2012-11-16 12:21:32"
}, 
{
"kids": [], 
"uid": "1962053397", 
"parent": "z5qRu60rr", 
"text": "为啥那么恐怖阿[衰]", 
"mid": "z5rguhoIl", 
"date": "2012-11-16 12:17:48"
}, 
{
"kids": [
"z5v6ECwtQ"
], 
"uid": "1885713014", 
"parent": "", 
"text": "", 
"mid": "z5rfy3bql", 
"date": "2012-11-16 12:15:29"
}, 
{
"kids": [
"z5rDelG4Y"
], 
"uid": "1993181702", 
"parent": "", 
"text": "", 
"mid": "z5rfv9lIT", 
"date": "2012-11-16 12:15:20"
}, 
{
"kids": [
"z5yvuyKPB", 
"z5yvuxPwN"
], 
"uid": "2111403033", 
"parent": "z5r2lzFNs", 
"text": "@刷子313 @果冻布丁1124 @红孩子母婴网 @上海松江发布", 
"mid": "z5reTiiqt", 
"date": "2012-11-16 12:13:52"
}, 
{
"kids": [
"z5rI9CPXW"
], 
"uid": "1729535475", 
"parent": "z5qL6t0xa", 
"text": "可怕~", 
"mid": "z5refpK44", 
"date": "2012-11-16 12:12:17"
}, 
{
"kids": [], 
"uid": "2660582154", 
"parent": "", 
"text": "[话筒][话筒][话筒]", 
"mid": "z5rbciwEs", 
"date": "2012-11-16 12:04:46"
}, 
{
"kids": [
"z5sYC0LA7"
], 
"uid": "2047939651", 
"parent": "", 
"text": "@IsaacYY", 
"mid": "z5raj3TAl", 
"date": "2012-11-16 12:02:33"
}, 
{
"kids": [], 
"uid": "1743608807", 
"parent": "", 
"text": "", 
"mid": "z5r9GkTAG", 
"date": "2012-11-16 12:01:02"
}, 
{
"kids": [], 
"uid": "1057617865", 
"parent": "", 
"text": "@窦仙儿飘飘 @西门飘雪2648421737 @黑夜彩虹-如", 
"mid": "z5r9BgvtJ", 
"date": "2012-11-16 12:00:51"
}, 
{
"kids": [], 
"uid": "2039267823", 
"parent": "z5qURlSZQ", 
"text": "@我是娜娜baby-Amanda", 
"mid": "z5r9s9QaX", 
"date": "2012-11-16 12:00:26"
}, 
{
"kids": [], 
"uid": "2218926000", 
"parent": "z5qJlrk74", 
"text": "大家要注意了！防范起来最重要", 
"mid": "z5r8wfrDJ", 
"date": "2012-11-16 11:58:09"
}, 
{
"kids": [
"z5rDXxgBJ"
], 
"uid": "thecoffeeshop", 
"parent": "", 
"text": "", 
"mid": "z5r8nF1Tj", 
"date": "2012-11-16 11:57:50"
}, 
{
"kids": [], 
"uid": "2825095094", 
"parent": "", 
"text": "转发微博。", 
"mid": "z5r6J51Co", 
"date": "2012-11-16 11:53:45"
}, 
{
"kids": [
"z5vDFcCfX", 
"z5rjwcsZ3"
], 
"uid": "lbdz", 
"parent": "", 
"text": "", 
"mid": "z5r6nfNlk", 
"date": "2012-11-16 11:52:53"
}, 
{
"kids": [], 
"uid": "2642390322", 
"parent": "", 
"text": "", 
"mid": "z5r5Hzr60", 
"date": "2012-11-16 11:51:14"
}, 
{
"kids": [], 
"uid": "realblue", 
"parent": "", 
"text": "[草泥马]删帖？我再转！！[草泥马]", 
"mid": "z5r4mdY3D", 
"date": "2012-11-16 11:47:53"
}, 
{
"kids": [], 
"uid": "2254287654", 
"parent": "z5qHX71Te", 
"text": "", 
"mid": "z5r2IBEIh", 
"date": "2012-11-16 11:43:52"
}, 
{
"kids": [
"z5reTiiqt"
], 
"uid": "1172837547", 
"parent": "z5qZD9GkT", 
"text": "", 
"mid": "z5r2lzFNs", 
"date": "2012-11-16 11:42:58"
}, 
{
"kids": [], 
"uid": "1407312203", 
"parent": "", 
"text": "", 
"mid": "z5r0vdwcY", 
"date": "2012-11-16 11:38:25"
}, 
{
"kids": [
"z5r2lzFNs"
], 
"uid": "1476145531", 
"parent": "z5qGVArIP", 
"text": "", 
"mid": "z5qZD9GkT", 
"date": "2012-11-16 11:36:16"
}, 
{
"kids": [], 
"uid": "2730691201", 
"parent": "", 
"text": "", 
"mid": "z5qZCuKUW", 
"date": "2012-11-16 11:36:15"
}, 
{
"kids": [], 
"uid": "2431149912", 
"parent": "", 
"text": "", 
"mid": "z5qWhnxaU", 
"date": "2012-11-16 11:28:01"
}, 
{
"kids": [], 
"uid": "1866487364", 
"parent": "", 
"text": "", 
"mid": "z5qVtqkHF", 
"date": "2012-11-16 11:26:02"
}, 
{
"kids": [
"z5r9s9QaX"
], 
"uid": "1862788261", 
"parent": "", 
"text": "[怒]", 
"mid": "z5qURlSZQ", 
"date": "2012-11-16 11:24:30"
}, 
{
"kids": [], 
"uid": "shawsworld0", 
"parent": "", 
"text": "扩散。", 
"mid": "z5qU4gCiH", 
"date": "2012-11-16 11:22:33"
}, 
{
"kids": [], 
"uid": "1875112823", 
"parent": "", 
"text": "", 
"mid": "z5qTfrYPx", 
"date": "2012-11-16 11:20:33"
}, 
{
"kids": [
"z5wyswEXI"
], 
"uid": "2273866357", 
"parent": "", 
"text": "", 
"mid": "z5qSVEVtJ", 
"date": "2012-11-16 11:19:46"
}, 
{
"kids": [], 
"uid": "2479643181", 
"parent": "", 
"text": "", 
"mid": "z5qRPmu6k", 
"date": "2012-11-16 11:17:03"
}, 
{
"kids": [], 
"uid": "1973628557", 
"parent": "", 
"text": "转发微博。", 
"mid": "z5qRP8JFK", 
"date": "2012-11-16 11:17:02"
}, 
{
"kids": [
"z5uL8bss4"
], 
"uid": "1093246234", 
"parent": "", 
"text": "", 
"mid": "z5qRN2Atu", 
"date": "2012-11-16 11:16:57"
}, 
{
"kids": [
"z5rGVDlaD"
], 
"uid": "2230516914", 
"parent": "", 
"text": "不贪小就不会上当了！[挖鼻屎]", 
"mid": "z5qRJuc3F", 
"date": "2012-11-16 11:16:48"
}, 
{
"kids": [
"z5rguhoIl"
], 
"uid": "2185954212", 
"parent": "z5qPGrTWO", 
"text": "", 
"mid": "z5qRu60rr", 
"date": "2012-11-16 11:16:12"
}, 
{
"kids": [], 
"uid": "lavender1989523", 
"parent": "", 
"text": "轉發微博", 
"mid": "z5qRk3bxY", 
"date": "2012-11-16 11:15:46"
}, 
{
"kids": [], 
"uid": "sallycq", 
"parent": "", 
"text": "", 
"mid": "z5qR8h7M4", 
"date": "2012-11-16 11:15:20"
}, 
{
"kids": [], 
"uid": "wzskhh", 
"parent": "", 
"text": "[吃惊][汗]", 
"mid": "z5qQhmZTp", 
"date": "2012-11-16 11:13:13"
}, 
{
"kids": [
"z5qRu60rr"
], 
"uid": "1820017467", 
"parent": "", 
"text": "转起来 ~", 
"mid": "z5qPGrTWO", 
"date": "2012-11-16 11:11:46"
}, 
{
"kids": [], 
"uid": "1927472197", 
"parent": "", 
"text": "注意注意~~自己千万当心", 
"mid": "z5qOMxFMU", 
"date": "2012-11-16 11:09:33"
}, 
{
"kids": [], 
"uid": "525015670", 
"parent": "", 
"text": "@马小俐最近经常不在状态丶 @小莉cc @内伈的獨絔 @小末哥有点小郁闷 @lianli最近很得瑟", 
"mid": "z5qOcwjMn", 
"date": "2012-11-16 11:08:07"
}, 
{
"kids": [], 
"uid": "1573649184", 
"parent": "", 
"text": "刑法判的再轻一点 我们可以看到更多精彩的骗局[弱]", 
"mid": "z5qNHsQZ6", 
"date": "2012-11-16 11:06:51"
}, 
{
"kids": [], 
"uid": "2673667813", 
"parent": "", 
"text": "[moc转发]", 
"mid": "z5qNFsfRj", 
"date": "2012-11-16 11:06:48"
}, 
{
"kids": [], 
"uid": "1881669742", 
"parent": "", 
"text": "层出不穷，没贪小 ，扩散。[话筒][喇叭][喇叭][喇叭]🔉🔈", 
"mid": "z5qN9f94s", 
"date": "2012-11-16 11:05:31"
}, 
{
"kids": [
"z5rzessGA"
], 
"uid": "1730783895", 
"parent": "z5qKFgi3n", 
"text": "", 
"mid": "z5qMtxOun", 
"date": "2012-11-16 11:03:52"
}, 
{
"kids": [], 
"uid": "1981033340", 
"parent": "", 
"text": "小喇叭广播啦[话筒][话筒]", 
"mid": "z5qLZrCy3", 
"date": "2012-11-16 11:02:41"
}, 
{
"kids": [], 
"uid": "2040152455", 
"parent": "", 
"text": "", 
"mid": "z5qLNkEtM", 
"date": "2012-11-16 11:02:11"
}, 
{
"kids": [], 
"uid": "1445943254", 
"parent": "z5qJlrk74", 
"text": "人人都是007", 
"mid": "z5qLxkY9O", 
"date": "2012-11-16 11:01:32"
}, 
{
"kids": [], 
"uid": "1723059840", 
"parent": "", 
"text": "", 
"mid": "z5qLesc05", 
"date": "2012-11-16 11:00:47"
}, 
{
"kids": [
"z5refpK44"
], 
"uid": "2399669967", 
"parent": "", 
"text": "[喇叭]", 
"mid": "z5qL6t0xa", 
"date": "2012-11-16 11:00:29"
}, 
{
"kids": [
"z5qMtxOun"
], 
"uid": "alecklue", 
"parent": "", 
"text": "时刻警惕着", 
"mid": "z5qKFgi3n", 
"date": "2012-11-16 10:59:24"
}, 
{
"kids": [], 
"uid": "1971501302", 
"parent": "", 
"text": "", 
"mid": "z5qKopzQU", 
"date": "2012-11-16 10:58:44"
}, 
{
"kids": [
"z5rqhtVxy"
], 
"uid": "1892663507", 
"parent": "", 
"text": "太恐怖了@上海甜菜 @卷毛呆呆 @CrystalllQ @元色彬蓝Catherine @灰嘻静静_Christian @SpringNymph @不会游泳的愉鱼", 
"mid": "z5qK2yEBT", 
"date": "2012-11-16 10:57:52"
}, 
{
"kids": [], 
"uid": "1912460313", 
"parent": "z5qJ1lzmb", 
"text": "[衰]这是什么社会啊 太恐怖了", 
"mid": "z5qK0w4qr", 
"date": "2012-11-16 10:57:45"
}, 
{
"kids": [], 
"uid": "2258918581", 
"parent": "", 
"text": "@两地折腾的小猴", 
"mid": "z5qJNb0gZ", 
"date": "2012-11-16 10:57:15"
}, 
{
"kids": [], 
"uid": "337999698", 
"parent": "", 
"text": "真的要小心了", 
"mid": "z5qJIbiCV", 
"date": "2012-11-16 10:57:02"
}, 
{
"kids": [], 
"uid": "2936074973", 
"parent": "", 
"text": "[话筒]", 
"mid": "z5qJE1qBg", 
"date": "2012-11-16 10:56:53"
}, 
{
"kids": [], 
"uid": "1950881943", 
"parent": "", 
"text": "", 
"mid": "z5qJAbtKo", 
"date": "2012-11-16 10:56:44"
}, 
{
"kids": [], 
"uid": "2502677065", 
"parent": "", 
"text": "不管真假，先收藏了再说", 
"mid": "z5qJw2H95", 
"date": "2012-11-16 10:56:34"
}, 
{
"kids": [], 
"uid": "2105257013", 
"parent": "", 
"text": "", 
"mid": "z5qJu1kuZ", 
"date": "2012-11-16 10:56:29"
}, 
{
"kids": [
"z5PRw5R6W", 
"z5M4vF90v", 
"z5M4vok3k"
], 
"uid": "2857266060", 
"parent": "", 
"text": "[话筒][话筒][话筒]", 
"mid": "z5qJmCaE0", 
"date": "2012-11-16 10:56:12"
}, 
{
"kids": [
"z5r8wfrDJ", 
"z5qLxkY9O"
], 
"uid": "1766508235", 
"parent": "", 
"text": "@miss小象圈圈", 
"mid": "z5qJlrk74", 
"date": "2012-11-16 10:56:09"
}, 
{
"kids": [
"zeIOPjapB", 
"z6NvmajBv", 
"z6DuygWNe", 
"z6DuyfMst", 
"z5SOag3pF", 
"z5I1NBVdf", 
"z5I1NATjv"
], 
"uid": "1672272424", 
"parent": "z5qHX71Te", 
"text": "", 
"mid": "z5qJgEq3o", 
"date": "2012-11-16 10:55:57"
}, 
{
"kids": [], 
"uid": "1102372542", 
"parent": "", 
"text": "", 
"mid": "z5qJg8hth", 
"date": "2012-11-16 10:55:54"
}, 
{
"kids": [
"z5qK0w4qr"
], 
"uid": "2100383240", 
"parent": "", 
"text": "[吃惊]噶哈宁@奇思妙想小忠忠", 
"mid": "z5qJ1lzmb", 
"date": "2012-11-16 10:55:21"
}, 
{
"kids": [], 
"uid": "2093616934", 
"parent": "", 
"text": "[吃惊][吃惊][吃惊]", 
"mid": "z5qITmn3G", 
"date": "2012-11-16 10:55:02"
}, 
{
"kids": [], 
"uid": "1978747275", 
"parent": "", 
"text": "", 
"mid": "z5qIGDKNR", 
"date": "2012-11-16 10:54:32"
}, 
{
"kids": [
"z5r2IBEIh", 
"z5qJgEq3o"
], 
"uid": "lovezpj", 
"parent": "", 
"text": "", 
"mid": "z5qHX71Te", 
"date": "2012-11-16 10:52:43"
}, 
{
"kids": [], 
"uid": "2328375642", 
"parent": "", 
"text": "钥匙扣的到是第一次听说，估计是针对有车族[汗]", 
"mid": "z5qHCsUGs", 
"date": "2012-11-16 10:51:54"
}, 
{
"kids": [], 
"uid": "2097580845", 
"parent": "", 
"text": "[话筒][话筒][话筒]", 
"mid": "z5qHBi3Yf", 
"date": "2012-11-16 10:51:51"
}, 
{
"kids": [], 
"uid": "1171086990", 
"parent": "", 
"text": "[鄙视]", 
"mid": "z5qHkpTK8", 
"date": "2012-11-16 10:51:10"
}, 
{
"kids": [], 
"uid": "dhydhy", 
"parent": "", 
"text": "", 
"mid": "z5qH9tf23", 
"date": "2012-11-16 10:50:45"
}, 
{
"kids": [], 
"uid": "djrene", 
"parent": "", 
"text": "", 
"mid": "z5qH28qL1", 
"date": "2012-11-16 10:50:26"
}, 
{
"kids": [
"z5qZD9GkT"
], 
"uid": "1720203584", 
"parent": "", 
"text": "转发微博。", 
"mid": "z5qGVArIP", 
"date": "2012-11-16 10:50:12"
}, 
{
"kids": [
"z5t9C12hN"
], 
"uid": "1821086402", 
"parent": "", 
"text": "@子弹咖啡 好可怕[惊恐]", 
"mid": "z5qGV2tp9", 
"date": "2012-11-16 10:50:11"
}, 
{
"kids": [], 
"uid": "1014613117", 
"parent": "", 
"text": "@歆儿0423", 
"mid": "z5qGUpBvM", 
"date": "2012-11-16 10:50:08"
}, 
{
"kids": [], 
"uid": "1973487855", 
"parent": "", 
"text": "骗子出没，小心注意", 
"mid": "z5qGKmbKY", 
"date": "2012-11-16 10:49:45"
}, 
{
"kids": [
"z5rUJra6B"
], 
"uid": "1900454917", 
"parent": "", 
"text": "[话筒]", 
"mid": "z5qGEuNPf", 
"date": "2012-11-16 10:49:31"
}, 
{
"kids": [], 
"uid": "2606427140", 
"parent": "", 
"text": "", 
"mid": "z5qGBudjr", 
"date": "2012-11-16 10:49:24"
}
]