[
{
"kids":[],
"uid":"3044817850",
"parent":"",
"text":"",
"mid":"ApXeIt3SU",
"date":"2014-01-01 09:11:42"
},
{
"kids":[],
"uid":"2738105275",
"parent":"",
"text":"",
"mid":"z7TRhs6d7",
"date":"2012-12-02 16:45:56"
},
{
"kids":[],
"uid":"2804418104",
"parent":"z4J0WhoLw",
"text":"",
"mid":"z6Irm05oU",
"date":"2012-11-24 21:51:35"
},
{
"kids":[],
"uid":"2804690944",
"parent":"z4J0WhoLw",
"text":"",
"mid":"z6Irm05n8",
"date":"2012-11-24 21:51:33"
},
{
"kids":[],
"uid":"1440457115",
"parent":"z4TuUB1uM",
"text":"",
"mid":"z6oxX1BJh",
"date":"2012-11-22 19:12:51"
},
{
"kids":[],
"uid":"2790057910",
"parent":"z4TuUB1uM",
"text":"",
"mid":"z6oxWpY22",
"date":"2012-11-22 19:12:52"
},
{
"kids":[],
"uid":"2789881912",
"parent":"z5cIREdPG",
"text":"",
"mid":"z6nFFD6P8",
"date":"2012-11-22 16:59:09"
},
{
"kids":[],
"uid":"2803681952",
"parent":"z5cIREdPG",
"text":"",
"mid":"z6nFFle1O",
"date":"2012-11-22 16:59:09"
},
{
"kids":[],
"uid":"2919650892",
"parent":"z4TuUB1uM",
"text":"",
"mid":"z6bqf32xh",
"date":"2012-11-21 09:48:10"
},
{
"kids":[],
"uid":"2920558100",
"parent":"z5cIREdPG",
"text":"",
"mid":"z6aLHAPB5",
"date":"2012-11-21 08:08:18"
},
{
"kids":[],
"uid":"1582904374",
"parent":"z4J0WhoLw",
"text":"",
"mid":"z66ccfKwJ",
"date":"2012-11-20 20:29:48"
},
{
"kids":[],
"uid":"2789890560",
"parent":"z4ORPDuHV",
"text":"",
"mid":"z5WY6yxIm",
"date":"2012-11-19 21:00:25"
},
{
"kids":[],
"uid":"2807997612",
"parent":"z4ORPDuHV",
"text":"",
"mid":"z5WY6xHZj",
"date":"2012-11-19 21:00:26"
},
{
"kids":[],
"uid":"1583916715",
"parent":"z5gGC8ERp",
"text":"",
"mid":"z5U3xg3n4",
"date":"2012-11-19 13:35:32"
},
{
"kids":[],
"uid":"2803069060",
"parent":"z5gGC8ERp",
"text":"",
"mid":"z5U3xg3lA",
"date":"2012-11-19 13:35:31"
},
{
"kids":[],
"uid":"2790084484",
"parent":"z4J0WhoLw",
"text":"",
"mid":"z5SzDiuN4",
"date":"2012-11-19 09:49:07"
},
{
"kids":[],
"uid":"2919719494",
"parent":"z4J0WhoLw",
"text":"",
"mid":"z5SzDhKMg",
"date":"2012-11-19 09:49:09"
},
{
"kids":[],
"uid":"2920084660",
"parent":"z4U7rme3B",
"text":"",
"mid":"z5QeS0Cqz",
"date":"2012-11-19 03:52:28"
},
{
"kids":[],
"uid":"2789695504",
"parent":"z4JU4urdB",
"text":"",
"mid":"z5L06j4b9",
"date":"2012-11-18 14:32:20"
},
{
"kids":[],
"uid":"2789661004",
"parent":"z4JU4urdB",
"text":"",
"mid":"z5L06j4a0",
"date":"2012-11-18 14:32:21"
},
{
"kids":[],
"uid":"2919699754",
"parent":"z4ORPDuHV",
"text":"",
"mid":"z5KTMaAKh",
"date":"2012-11-18 14:16:48"
},
{
"kids":[],
"uid":"2790098022",
"parent":"z59CnlX0B",
"text":"",
"mid":"z5KGfie1V",
"date":"2012-11-18 13:43:26"
},
{
"kids":[],
"uid":"2168651353",
"parent":"z59CnlX0B",
"text":"",
"mid":"z5KGfie0e",
"date":"2012-11-18 13:43:27"
},
{
"kids":[],
"uid":"2805572662",
"parent":"z5gGC8ERp",
"text":"",
"mid":"z5Jfhkyau",
"date":"2012-11-18 10:04:14"
},
{
"kids":[],
"uid":"2919700150",
"parent":"z4U7rme3B",
"text":"",
"mid":"z5Dj1f0ru",
"date":"2012-11-17 18:56:57"
},
{
"kids":[],
"uid":"2920054282",
"parent":"z4U7rme3B",
"text":"",
"mid":"z5Dj0DmKu",
"date":"2012-11-17 18:57:00"
},
{
"kids":[],
"uid":"1725694432",
"parent":"z59CnlX0B",
"text":"",
"mid":"z5BWlf0gv",
"date":"2012-11-17 15:28:21"
},
{
"kids":[],
"uid":"2920042820",
"parent":"z4JU4urdB",
"text":"",
"mid":"z5zXs0hBE",
"date":"2012-11-17 10:25:37"
},
{
"kids":[],
"uid":"2919474692",
"parent":"z5hjDlXRq",
"text":"",
"mid":"z5zuZAWvS",
"date":"2012-11-17 09:15:30"
},
{
"kids":[],
"uid":"2919557134",
"parent":"z5hjDlXRq",
"text":"",
"mid":"z5zuZAWuB",
"date":"2012-11-17 09:15:30"
},
{
"kids":[],
"uid":"1725752885",
"parent":"z4TsoA2Nh",
"text":"",
"mid":"z5pmwwVdo",
"date":"2012-11-16 07:27:10"
},
{
"kids":[],
"uid":"2803812214",
"parent":"z4TuUB1uM",
"text":"",
"mid":"z5oK327Lw",
"date":"2012-11-16 05:52:22"
},
{
"kids":[],
"uid":"1583620351",
"parent":"z4TuUB1uM",
"text":"",
"mid":"z5oK2qu5w",
"date":"2012-11-16 05:52:22"
},
{
"kids":[],
"uid":"2803126812",
"parent":"z56AXp4x4",
"text":"",
"mid":"z5olafBR8",
"date":"2012-11-16 04:51:04"
},
{
"kids":[],
"uid":"2804964304",
"parent":"z56AXp4x4",
"text":"",
"mid":"z5ol9ELMZ",
"date":"2012-11-16 04:51:04"
},
{
"kids":[],
"uid":"2789922490",
"parent":"z5cIREdPG",
"text":"",
"mid":"z5ngQd5Nr",
"date":"2012-11-16 02:07:41"
},
{
"kids":[],
"uid":"1778220554",
"parent":"z5cIREdPG",
"text":"",
"mid":"z5ngQbTtc",
"date":"2012-11-16 02:07:41"
},
{
"kids":[],
"uid":"2789893800",
"parent":"z5hjDlXRq",
"text":"",
"mid":"z5mxJDJEF",
"date":"2012-11-16 00:16:31"
},
{
"kids":[],
"uid":"2396452163",
"parent":"",
"text":"元芳，你咋看",
"mid":"z5kTkpLy7",
"date":"2012-11-15 20:04:15"
},
{
"kids":[],
"uid":"2885087192",
"parent":"",
"text":"云南一只母猪生下8个小孩=震撼全世界",
"mid":"z5kQpjYH7",
"date":"2012-11-15 19:57:04"
},
{
"kids":[],
"uid":"1837651223",
"parent":"z5gGC8ERp",
"text":"云南一只母猪生下8个小孩=震撼全世界",
"mid":"z5j8BmW64",
"date":"2012-11-15 15:36:23"
},
{
"kids":[],
"uid":"206062962",
"parent":"z5iBfcEI9",
"text":"中国特色！",
"mid":"z5iNAyEwc",
"date":"2012-11-15 14:44:38"
},
{
"kids":[],
"uid":"2365594174",
"parent":"z5iBfcEI9",
"text":"[懒得理你]",
"mid":"z5iKLCAfk",
"date":"2012-11-15 14:37:40"
},
{
"kids":[],
"uid":"2885087192",
"parent":"",
"text":"云南一只母猪生下8个小孩=震撼全世界",
"mid":"z5iJOg09U",
"date":"2012-11-15 14:35:17"
},
{
"kids":[],
"uid":"2920562730",
"parent":"z4TuUB1uM",
"text":"",
"mid":"z5iJkmGZl",
"date":"2012-11-15 14:34:07"
},
{
"kids":[],
"uid":"2809443870",
"parent":"z4TuUB1uM",
"text":"",
"mid":"z5iJkmGXJ",
"date":"2012-11-15 14:34:08"
},
{
"kids":[],
"uid":"2741865922",
"parent":"z5iBfcEI9",
"text":"",
"mid":"z5iChEF0o",
"date":"2012-11-15 14:16:45"
},
{
"kids":[],
"uid":"2517436053",
"parent":"z5iBfcEI9",
"text":"不晓得好猥琐- -",
"mid":"z5iBIcXjt",
"date":"2012-11-15 14:15:22"
},
{
"kids":[
"z5iNAyEwc",
"z5iKLCAfk",
"z5iChEF0o",
"z5iBIcXjt"
],
"uid":"311680001",
"parent":"",
"text":"云南一只母猪生下8个小孩=震撼全世界",
"mid":"z5iBfcEI9",
"date":"2012-11-15 14:14:13"
},
{
"kids":[],
"uid":"2557838700",
"parent":"z5hfZ0z5A",
"text":"",
"mid":"z5hzajoy3",
"date":"2012-11-15 11:36:21"
},
{
"kids":[],
"uid":"3087699727",
"parent":"",
"text":"这真能扯！",
"mid":"z5htqzYLA",
"date":"2012-11-15 11:22:13"
},
{
"kids":[],
"uid":"2907856111",
"parent":"",
"text":"云南一只母猪生下8个小孩=震撼全世界",
"mid":"z5hm95Q1K",
"date":"2012-11-15 11:04:15"
},
{
"kids":[],
"uid":"2170580032",
"parent":"z5hfZ0z5A",
"text":"",
"mid":"z5hlzk8Fn",
"date":"2012-11-15 11:02:52"
},
{
"kids":[
"z5zuZAWvS",
"z5zuZAWuB",
"z5mxJDJEF"
],
"uid":"1336014673",
"parent":"z5hfZ0z5A",
"text":"[汗]",
"mid":"z5hjDlXRq",
"date":"2012-11-15 10:58:05"
},
{
"kids":[],
"uid":"myjinbin",
"parent":"z5hfZ0z5A",
"text":"尼玛  震惊了~",
"mid":"z5hgVdx8c",
"date":"2012-11-15 10:51:24"
},
{
"kids":[
"z5hzajoy3",
"z5hlzk8Fn",
"z5hjDlXRq",
"z5hgVdx8c"
],
"uid":"311680001",
"parent":"",
"text":"云南一只母猪生下8个小孩=震撼全世界",
"mid":"z5hfZ0z5A",
"date":"2012-11-15 10:49:04"
},
{
"kids":[],
"uid":"2390024803",
"parent":"z5gGi31wl",
"text":"这是为什么呢@Eleven_邢静玲 @Cz逸生 @YU某某某 @李小驰要独自去流浪-S5 @177seven @其实好人就是我",
"mid":"z5gNoCKGw",
"date":"2012-11-15 09:38:40"
},
{
"kids":[],
"uid":"2375848694",
"parent":"z5gGi31wl",
"text":"",
"mid":"z5gMzvdw5",
"date":"2012-11-15 09:36:38"
},
{
"kids":[],
"uid":"1909690881",
"parent":"z5gGi31wl",
"text":"让我想起了第一个知道牛奶能喝的人对牛做了什么，",
"mid":"z5gHri0OU",
"date":"2012-11-15 09:23:59"
},
{
"kids":[],
"uid":"yklxg",
"parent":"",
"text":"",
"mid":"z5gHoAg1H",
"date":"2012-11-15 09:23:52"
},
{
"kids":[
"z5U3xg3n4",
"z5U3xg3lA",
"z5Jfhkyau",
"z5j8BmW64"
],
"uid":"shizhanglei",
"parent":"",
"text":"云南一只母猪生下8个小孩=震撼全世界",
"mid":"z5gGC8ERp",
"date":"2012-11-15 09:21:56"
},
{
"kids":[
"z5gNoCKGw",
"z5gMzvdw5",
"z5gHri0OU"
],
"uid":"2737706844",
"parent":"",
"text":"云南一只母猪生下8个小孩=震撼全世界",
"mid":"z5gGi31wl",
"date":"2012-11-15 09:21:09"
},
{
"kids":[],
"uid":"1919710662",
"parent":"z5bWSF8sx",
"text":"",
"mid":"z5grTolKw",
"date":"2012-11-15 08:45:41"
},
{
"kids":[],
"uid":"2805201964",
"parent":"z5cIREdPG",
"text":"",
"mid":"z5gbDpaAl",
"date":"2012-11-15 08:05:37"
},
{
"kids":[],
"uid":"2920235750",
"parent":"",
"text":"",
"mid":"z5f8CAm5w",
"date":"2012-11-15 05:25:28"
},
{
"kids":[],
"uid":"alimanhuaji",
"parent":"",
"text":"云南一只母猪生下8个小孩=震撼全世界",
"mid":"z5eIv2heh",
"date":"2012-11-15 04:21:06"
},
{
"kids":[],
"uid":"2907856111",
"parent":"",
"text":"云南一只母猪生下8个小孩=震撼全世界",
"mid":"z5eEsaCjn",
"date":"2012-11-15 04:11:08"
},
{
"kids":[],
"uid":"uc217103014",
"parent":"",
"text":"云南一只母猪生下8个小孩=震撼全世界",
"mid":"z5eoDqsF2",
"date":"2012-11-15 03:32:10"
},
{
"kids":[],
"uid":"alimanhuaji",
"parent":"",
"text":"云南一只母猪生下8个小孩=震撼全世界",
"mid":"z5eoDqsEr",
"date":"2012-11-15 03:32:09"
},
{
"kids":[],
"uid":"2887198810",
"parent":"",
"text":"云南一只母猪生下8个小孩=震撼全世界",
"mid":"z5dSwpvxd",
"date":"2012-11-15 02:13:03"
},
{
"kids":[],
"uid":"2919387702",
"parent":"",
"text":"",
"mid":"z5dRZ01zY",
"date":"2012-11-15 02:11:43"
},
{
"kids":[],
"uid":"2920164202",
"parent":"",
"text":"",
"mid":"z5dRZ01zh",
"date":"2012-11-15 02:11:43"
},
{
"kids":[],
"uid":"2051977085",
"parent":"",
"text":"[打哈气]",
"mid":"z5dNNySwz",
"date":"2012-11-15 02:01:25"
},
{
"kids":[],
"uid":"2459763425",
"parent":"z5dweofSQ",
"text":"",
"mid":"z5dFeALlq",
"date":"2012-11-15 01:40:19"
},
{
"kids":[],
"uid":"1974067911",
"parent":"",
"text":"被人干了，猪都不放过，难道猪八戒回来了",
"mid":"z5dzUcAzx",
"date":"2012-11-15 01:27:11"
},
{
"kids":[],
"uid":"1974067911",
"parent":"",
"text":"",
"mid":"z5dzj1vht",
"date":"2012-11-15 01:25:42"
},
{
"kids":[],
"uid":"1189826314",
"parent":"",
"text":"@强1225 @文武三拳",
"mid":"z5dxQegiH",
"date":"2012-11-15 01:22:06"
},
{
"kids":[
"z5dFeALlq"
],
"uid":"2644754750",
"parent":"",
"text":"云南一只母猪生下8个小孩=震撼全世界",
"mid":"z5dweofSQ",
"date":"2012-11-15 01:18:08"
},
{
"kids":[],
"uid":"uc217103014",
"parent":"",
"text":"云南一只母猪生下8个小孩=震撼全世界",
"mid":"z5do84kSv",
"date":"2012-11-15 00:58:10"
},
{
"kids":[],
"uid":"xuanzuo2016",
"parent":"",
"text":"云南一只母猪生下8个小孩=震撼全世界",
"mid":"z5dnGzYN0",
"date":"2012-11-15 00:57:06"
},
{
"kids":[],
"uid":"maoweiquan",
"parent":"",
"text":"云南一只母猪生下8个小孩=震撼全世界",
"mid":"z5dcLyDRm",
"date":"2012-11-15 00:30:07"
},
{
"kids":[],
"uid":"2885087192",
"parent":"",
"text":"云南一只母猪生下8个小孩=震撼全世界",
"mid":"z5cXHxMmP",
"date":"2012-11-14 23:53:04"
},
{
"kids":[],
"uid":"1212837470",
"parent":"z5cCeBWZl",
"text":"[汗][汗]",
"mid":"z5cKL1986",
"date":"2012-11-14 23:21:10"
},
{
"kids":[
"z6nFFD6P8",
"z6nFFle1O",
"z6aLHAPB5",
"z5ngQd5Nr",
"z5ngQbTtc",
"z5gbDpaAl"
],
"uid":"2172569055",
"parent":"",
"text":"",
"mid":"z5cIREdPG",
"date":"2012-11-14 23:16:27"
},
{
"kids":[
"z5cKL1986"
],
"uid":"2898369313",
"parent":"",
"text":"云南一只母猪生下8个小孩=震撼全世界",
"mid":"z5cCeBWZl",
"date":"2012-11-14 23:00:07"
},
{
"kids":[],
"uid":"maoweiquan",
"parent":"",
"text":"云南一只母猪生下8个小孩=震撼全世界",
"mid":"z5cBVsLNz",
"date":"2012-11-14 22:59:25"
},
{
"kids":[
"z5grTolKw"
],
"uid":"2322833914",
"parent":"",
"text":"1+8=？一窝猪仔，太正常了!",
"mid":"z5bWSF8sx",
"date":"2012-11-14 21:18:18"
},
{
"kids":[],
"uid":"2887198810",
"parent":"",
"text":"云南一只母猪生下8个小孩=震撼全世界",
"mid":"z5bOMmijw",
"date":"2012-11-14 20:58:22"
},
{
"kids":[],
"uid":"2037399460",
"parent":"",
"text":"云南一只母猪生下8个小孩=震撼全世界",
"mid":"z5bxop9NJ",
"date":"2012-11-14 20:15:30"
},
{
"kids":[],
"uid":"2644754750",
"parent":"",
"text":"云南一只母猪生下8个小孩=震撼全世界",
"mid":"z5bvexs30",
"date":"2012-11-14 20:10:12"
},
{
"kids":[],
"uid":"1866648464",
"parent":"",
"text":"总觉得是假的，杂可 能嘛",
"mid":"z5boa3lxV",
"date":"2012-11-14 19:52:43"
},
{
"kids":[],
"uid":"2627061707",
"parent":"",
"text":"不会吧？？？",
"mid":"z5aYjeAx3",
"date":"2012-11-14 18:49:04"
},
{
"kids":[],
"uid":"videot",
"parent":"z5ap3ccDk",
"text":"他爸是誰",
"mid":"z5aT1yt9r",
"date":"2012-11-14 18:36:04"
},
{
"kids":[],
"uid":"1943946575",
"parent":"z5ap3ccDk",
"text":"不可能",
"mid":"z5avWcUJL",
"date":"2012-11-14 17:39:10"
},
{
"kids":[],
"uid":"2038011970",
"parent":"z5ap3ccDk",
"text":"根本不可能",
"mid":"z5apKn700",
"date":"2012-11-14 17:23:53"
},
{
"kids":[
"z5aT1yt9r",
"z5avWcUJL",
"z5apKn700"
],
"uid":"2644754750",
"parent":"",
"text":"云南一只母猪生下8个小孩=震撼全世界",
"mid":"z5ap3ccDk",
"date":"2012-11-14 17:22:12"
},
{
"kids":[],
"uid":"2610644917",
"parent":"",
"text":"云南一只母猪生下8个小孩=震撼全世界",
"mid":"z5allzB4Q",
"date":"2012-11-14 17:13:06"
},
{
"kids":[],
"uid":"znqian",
"parent":"",
"text":"这是谁干的。。。",
"mid":"z5agglSDF",
"date":"2012-11-14 17:00:33"
},
{
"kids":[],
"uid":"uc217103014",
"parent":"",
"text":"云南一只母猪生下8个小孩=震撼全世界",
"mid":"z5a5wAQVQ",
"date":"2012-11-14 16:34:06"
},
{
"kids":[],
"uid":"2022487231",
"parent":"z58dQpXlF",
"text":"假的吧！",
"mid":"z5a4gAH61",
"date":"2012-11-14 16:30:58"
},
{
"kids":[],
"uid":"rpping",
"parent":"z59UzgxN7",
"text":"",
"mid":"z59XS24EN",
"date":"2012-11-14 16:15:14"
},
{
"kids":[],
"uid":"2853344022",
"parent":"z59UzgxN7",
"text":"云南一只母猪生下8个小孩，完全没有科学。2B才信。",
"mid":"z59WpAcEB",
"date":"2012-11-14 16:11:39"
},
{
"kids":[],
"uid":"323294958",
"parent":"z59UzgxN7",
"text":"@请输入用户名",
"mid":"z59Wh0gOE",
"date":"2012-11-14 16:11:17"
},
{
"kids":[
"z59XS24EN",
"z59WpAcEB",
"z59Wh0gOE"
],
"uid":"311680001",
"parent":"",
"text":"云南一只母猪生下8个小孩=震撼全世界",
"mid":"z59UzgxN7",
"date":"2012-11-14 16:07:07"
},
{
"kids":[],
"uid":"1882883185",
"parent":"z587Mghsr",
"text":"",
"mid":"z59Uv8m6H",
"date":"2012-11-14 16:06:56"
},
{
"kids":[],
"uid":"1956318177",
"parent":"",
"text":"假的吧？",
"mid":"z59RCju3L",
"date":"2012-11-14 15:59:50"
},
{
"kids":[
"z5KGfie1V",
"z5KGfie0e",
"z5BWlf0gv"
],
"uid":"1941006060",
"parent":"",
"text":"@苏苏梦醒",
"mid":"z59CnlX0B",
"date":"2012-11-14 15:22:17"
},
{
"kids":[],
"uid":"2427576681",
"parent":"",
"text":"",
"mid":"z59AnyQGq",
"date":"2012-11-14 15:17:21"
},
{
"kids":[],
"uid":"2635245273",
"parent":"",
"text":"转发微博。",
"mid":"z59yJjHQp",
"date":"2012-11-14 15:13:16"
},
{
"kids":[],
"uid":"2313364064",
"parent":"z58euidmk",
"text":"无奇不有",
"mid":"z59x55Gm4",
"date":"2012-11-14 15:09:12"
},
{
"kids":[],
"uid":"2824516505",
"parent":"",
"text":"",
"mid":"z59vyts9e",
"date":"2012-11-14 15:05:29"
},
{
"kids":[],
"uid":"1884781125",
"parent":"",
"text":"[疑问]",
"mid":"z59pVxbDD",
"date":"2012-11-14 14:51:37"
},
{
"kids":[],
"uid":"2979318305",
"parent":"",
"text":"[衰][衰]",
"mid":"z58XkzgIC",
"date":"2012-11-14 13:41:10"
},
{
"kids":[],
"uid":"tootrees",
"parent":"",
"text":"尼玛，不懂云南的人都把云南啊",
"mid":"z58TplN4W",
"date":"2012-11-14 13:31:28"
},
{
"kids":[],
"uid":"2796786583",
"parent":"",
"text":"",
"mid":"z58PsabKL",
"date":"2012-11-14 13:21:44"
},
{
"kids":[],
"uid":"2037399460",
"parent":"",
"text":"云南一只母猪生下8个小孩=震撼全世界",
"mid":"z58FRkmsS",
"date":"2012-11-14 12:58:07"
},
{
"kids":[],
"uid":"1912697050",
"parent":"",
"text":"",
"mid":"z58F6jYIU",
"date":"2012-11-14 12:56:15"
},
{
"kids":[],
"uid":"2664096195",
"parent":"",
"text":"",
"mid":"z58Bh3aO2",
"date":"2012-11-14 12:46:49"
},
{
"kids":[],
"uid":"1890577262",
"parent":"",
"text":"@如果我不是陈捷 [吃惊][吃惊]真假？",
"mid":"z58AOkBms",
"date":"2012-11-14 12:45:39"
},
{
"kids":[],
"uid":"2833868401",
"parent":"z53h8zdrm",
"text":"不管是真是假，绝对是不曾想象过的。",
"mid":"z58Az13Ls",
"date":"2012-11-14 12:45:04"
},
{
"kids":[],
"uid":"2610811242",
"parent":"",
"text":"@请输入用户名 @蕞恏旳緈諨",
"mid":"z58ymdTx6",
"date":"2012-11-14 12:39:36"
},
{
"kids":[],
"uid":"2815352841",
"parent":"z587Mghsr",
"text":"",
"mid":"z58lC3dgZ",
"date":"2012-11-14 12:08:13"
},
{
"kids":[],
"uid":"2683638393",
"parent":"",
"text":"这的男人过着怎样的生活啊。。。我又邪恶了。。。",
"mid":"z58jMxLZs",
"date":"2012-11-14 12:03:44"
},
{
"kids":[],
"uid":"575904411",
"parent":"",
"text":"不是吧",
"mid":"z58jo4yPl",
"date":"2012-11-14 12:02:44"
},
{
"kids":[],
"uid":"forgetu2",
"parent":"z58eMBZ8I",
"text":"[吃惊]",
"mid":"z58fSh85R",
"date":"2012-11-14 11:54:06"
},
{
"kids":[],
"uid":"2480265015",
"parent":"z58dQpXlF",
"text":"[吃驚][吃驚][吃驚]",
"mid":"z58ftbBoJ",
"date":"2012-11-14 11:53:06"
},
{
"kids":[
"z58fSh85R"
],
"uid":"1296000464",
"parent":"z58dQpXlF",
"text":"[吐]",
"mid":"z58eMBZ8I",
"date":"2012-11-14 11:51:26"
},
{
"kids":[
"z59x55Gm4"
],
"uid":"2245851134",
"parent":"z58dQpXlF",
"text":"@依依_0816 @天使_梦之蓝 @Emma日子悠哉悠哉的过 @ 不爱了就放手",
"mid":"z58euidmk",
"date":"2012-11-14 11:50:41"
},
{
"kids":[],
"uid":"2464475263",
"parent":"",
"text":"",
"mid":"z58ejDHsi",
"date":"2012-11-14 11:50:15"
},
{
"kids":[],
"uid":"2464475263",
"parent":"z58dQpXlF",
"text":"",
"mid":"z58eeCgHJ",
"date":"2012-11-14 11:50:03"
},
{
"kids":[],
"uid":"2306831923",
"parent":"z587Mghsr",
"text":"[晕][悲伤]",
"mid":"z58eczNch",
"date":"2012-11-14 11:49:59"
},
{
"kids":[
"z5a4gAH61",
"z58ftbBoJ",
"z58eMBZ8I",
"z58euidmk",
"z58eeCgHJ"
],
"uid":"311680001",
"parent":"",
"text":"云南一只母猪生下8个小孩=震撼全世界！",
"mid":"z58dQpXlF",
"date":"2012-11-14 11:49:06"
},
{
"kids":[],
"uid":"2733203410",
"parent":"",
"text":"",
"mid":"z58agsQto",
"date":"2012-11-14 11:40:17"
},
{
"kids":[
"z59Uv8m6H",
"z58lC3dgZ",
"z58eczNch"
],
"uid":"2898369313",
"parent":"",
"text":"云南一只母猪生下8个小孩=震撼全世界",
"mid":"z587Mghsr",
"date":"2012-11-14 11:34:09"
},
{
"kids":[],
"uid":"2885087192",
"parent":"",
"text":"云南一只母猪生下8个小孩=震撼全世界！",
"mid":"z586y0koc",
"date":"2012-11-14 11:31:05"
},
{
"kids":[],
"uid":"2336916700",
"parent":"z57ySE3gv",
"text":"",
"mid":"z57E4r6WX",
"date":"2012-11-14 10:20:58"
},
{
"kids":[],
"uid":"1650548275",
"parent":"z57ySE3gv",
"text":"真假的",
"mid":"z57Cm4RtS",
"date":"2012-11-14 10:16:44"
},
{
"kids":[
"z57E4r6WX",
"z57Cm4RtS"
],
"uid":"2737706844",
"parent":"",
"text":"云南一只母猪生下8个小孩=震撼全世界",
"mid":"z57ySE3gv",
"date":"2012-11-14 10:08:10"
},
{
"kids":[],
"uid":"huxia1005",
"parent":"",
"text":"世界末日真的来临了吗！？@Elifit最爱腻腻 @蒲赏赏 @黑板擦--",
"mid":"z57vQqeBB",
"date":"2012-11-14 10:00:42"
},
{
"kids":[],
"uid":"2274492441",
"parent":"z57oCqb5X",
"text":"噢厚~被你气死掉咧，怎么不知道知错就改呢?!",
"mid":"z57qitpXo",
"date":"2012-11-14 09:47:02"
},
{
"kids":[
"z57qitpXo"
],
"uid":"2048604373",
"parent":"z57nZ9XBv",
"text":"尼玛。坑爹的吧。那个大家伙是不是你啊？？[偷笑]",
"mid":"z57oCqb5X",
"date":"2012-11-14 09:42:54"
},
{
"kids":[
"z57oCqb5X"
],
"uid":"2274492441",
"parent":"z577ed82Z",
"text":"赶紧自首去吧，回家抱孩子",
"mid":"z57nZ9XBv",
"date":"2012-11-14 09:41:18"
},
{
"kids":[],
"uid":"aolinaiting",
"parent":"z578Y5Pm6",
"text":"",
"mid":"z57fr4neP",
"date":"2012-11-14 09:20:15"
},
{
"kids":[
"z57fr4neP"
],
"uid":"2887198810",
"parent":"",
"text":"云南一只母猪生下8个小孩=震撼全世界",
"mid":"z578Y5Pm6",
"date":"2012-11-14 09:04:20"
},
{
"kids":[
"z57nZ9XBv"
],
"uid":"2048604373",
"parent":"z56T2vwhz",
"text":"卧槽，谁连猪都不放过啊？",
"mid":"z577ed82Z",
"date":"2012-11-14 09:00:03"
},
{
"kids":[
"z577ed82Z"
],
"uid":"2274492441",
"parent":"z53Mg8xxU",
"text":"OMG~大千世无奇不有",
"mid":"z56T2vwhz",
"date":"2012-11-14 08:25:05"
},
{
"kids":[],
"uid":"2294037705",
"parent":"",
"text":"[思考]是谁干的。。。",
"mid":"z56JadQh8",
"date":"2012-11-14 08:00:46"
},
{
"kids":[],
"uid":"2907856111",
"parent":"",
"text":"云南一只母猪生下8个小孩=震撼全世界",
"mid":"z56IW5mJX",
"date":"2012-11-14 08:00:13"
},
{
"kids":[],
"uid":"2403947892",
"parent":"",
"text":"",
"mid":"z56IIbYwH",
"date":"2012-11-14 07:59:38"
},
{
"kids":[],
"uid":"2965705164",
"parent":"",
"text":"",
"mid":"z56IFgcEK",
"date":"2012-11-14 07:59:32"
},
{
"kids":[],
"uid":"xuanzuo2016",
"parent":"",
"text":"云南一只母猪生下8个小孩=震撼全世界",
"mid":"z56HG4uov",
"date":"2012-11-14 07:57:05"
},
{
"kids":[],
"uid":"maoweiquan",
"parent":"",
"text":"云南一只母猪生下8个小孩=震撼全世界",
"mid":"z56HhybPn",
"date":"2012-11-14 07:56:07"
},
{
"kids":[],
"uid":"2917106375",
"parent":"",
"text":"来点硬壳的好不？别骗淫～﹏～",
"mid":"z56G028lo",
"date":"2012-11-14 07:52:58"
},
{
"kids":[],
"uid":"2627961443",
"parent":"",
"text":"[猪头]猪妖",
"mid":"z56DvbsRe",
"date":"2012-11-14 07:46:49"
},
{
"kids":[],
"uid":"christeven",
"parent":"",
"text":"假的吧",
"mid":"z56BY5Y6s",
"date":"2012-11-14 07:43:02"
},
{
"kids":[
"z5olafBR8",
"z5ol9ELMZ"
],
"uid":"2206401874",
"parent":"",
"text":"",
"mid":"z56AXp4x4",
"date":"2012-11-14 07:40:33"
},
{
"kids":[],
"uid":"1880120305",
"parent":"",
"text":"假的吧",
"mid":"z56yen0bR",
"date":"2012-11-14 07:33:50"
},
{
"kids":[],
"uid":"hylur",
"parent":"",
"text":"真亦假时假亦真！",
"mid":"z56xfg8hH",
"date":"2012-11-14 07:31:23"
},
{
"kids":[],
"uid":"xzjsgppz",
"parent":"",
"text":"各位亲爱的网友:一伙恶劣的股票骗子残忍的骗走了本人9万余元的购房首付款!信息虚假,破案快终止!走投无路!热切恳请大家去听听股票骗子的声音,能认出他来,奖励现金!请点击:http:",
"mid":"z56wFamtB",
"date":"2012-11-14 07:29:56"
},
{
"kids":[],
"uid":"2580346924",
"parent":"z55UYqttk",
"text":"",
"mid":"z55W2kgWq",
"date":"2012-11-14 05:59:44"
},
{
"kids":[
"z55W2kgWq"
],
"uid":"alimanhuaji",
"parent":"",
"text":"云南一只母猪生下8个小孩=震撼全世界",
"mid":"z55UYqttk",
"date":"2012-11-14 05:57:06"
},
{
"kids":[],
"uid":"2255464370",
"parent":"",
"text":"云南一只母猪生下8个小孩=震撼全世界！",
"mid":"z55RH9XWU",
"date":"2012-11-14 05:49:02"
},
{
"kids":[],
"uid":"2887198810",
"parent":"",
"text":"云南一只母猪生下8个小孩=震撼全世界！",
"mid":"z55AgeROM",
"date":"2012-11-14 05:06:05"
},
{
"kids":[],
"uid":"2919943810",
"parent":"z4J0WhoLw",
"text":"",
"mid":"z55wZdpnJ",
"date":"2012-11-14 04:58:00"
},
{
"kids":[],
"uid":"2907856111",
"parent":"",
"text":"云南一只母猪生下8个小孩=震撼全世界！",
"mid":"z551MBSga",
"date":"2012-11-14 03:41:09"
},
{
"kids":[],
"uid":"2885087192",
"parent":"",
"text":"云南一只母猪生下8个小孩=震撼全世界！",
"mid":"z54QOF1DH",
"date":"2012-11-14 03:14:08"
},
{
"kids":[],
"uid":"2714499483",
"parent":"",
"text":"",
"mid":"z54zOozOY",
"date":"2012-11-14 02:32:15"
},
{
"kids":[],
"uid":"2361029653",
"parent":"z53L1lZLH",
"text":"",
"mid":"z53ZOwMpx",
"date":"2012-11-14 01:03:33"
},
{
"kids":[],
"uid":"alimanhuaji",
"parent":"",
"text":"云南一只母猪生下8个小孩=震撼全世界！",
"mid":"z53ZEclRG",
"date":"2012-11-14 01:03:08"
},
{
"kids":[],
"uid":"1725588120",
"parent":"",
"text":"",
"mid":"z53XtpD66",
"date":"2012-11-14 00:57:47"
},
{
"kids":[],
"uid":"gmccyiming",
"parent":"",
"text":"真的吗",
"mid":"z53VcvFDF",
"date":"2012-11-14 00:52:08"
},
{
"kids":[],
"uid":"2254743161",
"parent":"z53LCA57D",
"text":"[吃驚][吃驚][吃驚][吃驚][偷笑]",
"mid":"z53UMwrci",
"date":"2012-11-14 00:51:09"
},
{
"kids":[],
"uid":"2818603875",
"parent":"",
"text":"云南一只母猪生下8个小孩=震撼全世界！",
"mid":"z53SzmgiG",
"date":"2012-11-14 00:45:43"
},
{
"kids":[],
"uid":"1934134781",
"parent":"z53L1lZLH",
"text":"",
"mid":"z53OilduW",
"date":"2012-11-14 00:35:06"
},
{
"kids":[],
"uid":"206368883",
"parent":"z53L1lZLH",
"text":"[吃惊][吃惊][吃惊]",
"mid":"z53NkmZni",
"date":"2012-11-14 00:32:47"
},
{
"kids":[],
"uid":"2519771710",
"parent":"",
"text":"",
"mid":"z53Mngzcl",
"date":"2012-11-14 00:30:26"
},
{
"kids":[
"z56T2vwhz"
],
"uid":"smwanyi",
"parent":"z53L1lZLH",
"text":"哪个畜生干的！！！",
"mid":"z53Mg8xxU",
"date":"2012-11-14 00:30:08"
},
{
"kids":[],
"uid":"2687242631",
"parent":"z53L1lZLH",
"text":"[闭嘴][闭嘴][闭嘴][闭嘴]",
"mid":"z53LTo2N9",
"date":"2012-11-14 00:29:14"
},
{
"kids":[
"z53UMwrci"
],
"uid":"1864597540",
"parent":"z53L1lZLH",
"text":"谁是经手人[吃惊][吃惊]",
"mid":"z53LCA57D",
"date":"2012-11-14 00:28:36"
},
{
"kids":[
"z53ZOwMpx",
"z53OilduW",
"z53NkmZni",
"z53Mg8xxU",
"z53LTo2N9",
"z53LCA57D"
],
"uid":"2644754750",
"parent":"",
"text":"云南一只母猪生下8个小孩=震撼全世界！",
"mid":"z53L1lZLH",
"date":"2012-11-14 00:27:06"
},
{
"kids":[],
"uid":"2093405322",
"parent":"",
"text":"真假？[围观]",
"mid":"z53pC1c5r",
"date":"2012-11-13 23:34:21"
},
{
"kids":[],
"uid":"2037399460",
"parent":"",
"text":"云南一只母猪生下8个小孩=震撼全世界！",
"mid":"z53mFEIVf",
"date":"2012-11-13 23:27:07"
},
{
"kids":[
"z58Az13Ls"
],
"uid":"perfectluoqi",
"parent":"",
"text":"[围观]天嘞",
"mid":"z53h8zdrm",
"date":"2012-11-13 23:13:29"
},
{
"kids":[],
"uid":"2413170661",
"parent":"",
"text":"",
"mid":"z52Y6FBDB",
"date":"2012-11-13 22:26:37"
},
{
"kids":[],
"uid":"everbabydearsky",
"parent":"z52I66RWk",
"text":"",
"mid":"z52Ip4uUw",
"date":"2012-11-13 21:47:52"
},
{
"kids":[
"z52Ip4uUw"
],
"uid":"maoweiquan",
"parent":"",
"text":"云南一只母猪生下8个小孩=震撼全世界！",
"mid":"z52I66RWk",
"date":"2012-11-13 21:47:09"
},
{
"kids":[],
"uid":"2799192853",
"parent":"",
"text":"",
"mid":"z52zd2YJj",
"date":"2012-11-13 21:25:13"
},
{
"kids":[],
"uid":"2181772262",
"parent":"",
"text":"真？",
"mid":"z52hbvsWQ",
"date":"2012-11-13 20:40:51"
},
{
"kids":[],
"uid":"1973572322",
"parent":"z522Bzto4",
"text":"",
"mid":"z528T38sb",
"date":"2012-11-13 20:20:23"
},
{
"kids":[
"z528T38sb"
],
"uid":"1845023432",
"parent":"z51SyDAgb",
"text":"",
"mid":"z522Bzto4",
"date":"2012-11-13 20:04:57"
},
{
"kids":[
"z522Bzto4"
],
"uid":"2737706844",
"parent":"",
"text":"云南一只母猪生下8个小孩=震撼全世界！",
"mid":"z51SyDAgb",
"date":"2012-11-13 19:40:11"
},
{
"kids":[],
"uid":"820825123",
"parent":"",
"text":"我可以知道正常一只猪一次生几个小猪猪吗？",
"mid":"z51GoB7cb",
"date":"2012-11-13 19:10:11"
},
{
"kids":[],
"uid":"uc217103014",
"parent":"",
"text":"云南一只母猪生下8个小孩=震撼全世界！",
"mid":"z51z6tsRc",
"date":"2012-11-13 18:52:15"
},
{
"kids":[],
"uid":"2551841650",
"parent":"",
"text":"",
"mid":"z51wlq1wJ",
"date":"2012-11-13 18:45:25"
},
{
"kids":[],
"uid":"1831174753",
"parent":"",
"text":"",
"mid":"z51t4FlzS",
"date":"2012-11-13 18:37:24"
},
{
"kids":[],
"uid":"2805044560",
"parent":"z4ORPDuHV",
"text":"",
"mid":"z51lsbAGW",
"date":"2012-11-13 18:18:37"
},
{
"kids":[],
"uid":"1778393624",
"parent":"z4ORPDuHV",
"text":"",
"mid":"z51lrzDZ0",
"date":"2012-11-13 18:18:36"
},
{
"kids":[],
"uid":"2898369313",
"parent":"",
"text":"云南一只母猪生下8个小孩=震撼全世界！",
"mid":"z50YZhwHH",
"date":"2012-11-13 17:23:15"
},
{
"kids":[],
"uid":"2037399460",
"parent":"",
"text":"云南一只母猪生下8个小孩=震撼全世界！",
"mid":"z50QRb8dU",
"date":"2012-11-13 17:03:14"
},
{
"kids":[],
"uid":"2319636270",
"parent":"z50bo65FZ",
"text":"",
"mid":"z50xHwXz9",
"date":"2012-11-13 16:16:03"
},
{
"kids":[],
"uid":"2331242031",
"parent":"z50bo65FZ",
"text":"",
"mid":"z50kamnwb",
"date":"2012-11-13 15:42:41"
},
{
"kids":[],
"uid":"2348664490",
"parent":"",
"text":"云南一只母猪生下8个小孩=震撼全世界！更多奇猪异事请点击http:",
"mid":"z50jm9DwP",
"date":"2012-11-13 15:40:40"
},
{
"kids":[],
"uid":"2427058924",
"parent":"z50bo65FZ",
"text":"",
"mid":"z50iXjAr3",
"date":"2012-11-13 15:39:42"
},
{
"kids":[],
"uid":"2481652281",
"parent":"z50eA4mze",
"text":"她家主任邪恶了[偷笑]@寒鑫磊 @超級無敵猥瑣大叔-愛偷窺小蘿莉 @亲-我是追风少年哦",
"mid":"z50gcx3t4",
"date":"2012-11-13 15:32:55"
},
{
"kids":[
"z50gcx3t4"
],
"uid":"2038966847",
"parent":"z50dTefnU",
"text":"",
"mid":"z50eA4mze",
"date":"2012-11-13 15:28:56"
},
{
"kids":[
"z50eA4mze"
],
"uid":"2887198810",
"parent":"",
"text":"云南一只母猪生下8个小孩=震撼全世界！",
"mid":"z50dTefnU",
"date":"2012-11-13 15:27:15"
},
{
"kids":[
"z50xHwXz9",
"z50kamnwb",
"z50iXjAr3"
],
"uid":"311680001",
"parent":"",
"text":"云南一只母猪生下8个小孩=震撼全世界！",
"mid":"z50bo65FZ",
"date":"2012-11-13 15:21:02"
},
{
"kids":[],
"uid":"2898369313",
"parent":"",
"text":"云南一只母猪生下8个小孩=震撼全世界！",
"mid":"z508Aja7C",
"date":"2012-11-13 15:14:08"
},
{
"kids":[],
"uid":"2885087192",
"parent":"",
"text":"云南一只母猪生下8个小孩=震撼全世界",
"mid":"z4ZFNf9ii",
"date":"2012-11-13 14:03:14"
},
{
"kids":[],
"uid":"2695912165",
"parent":"z4Z5EuMmP",
"text":"好像看到过这个消息，真的假的",
"mid":"z4Ze4Fbkb",
"date":"2012-11-13 12:54:58"
},
{
"kids":[],
"uid":"1752316315",
"parent":"z4Z5EuMmP",
"text":"@唐小無",
"mid":"z4Z82g9Xi",
"date":"2012-11-13 12:40:04"
},
{
"kids":[],
"uid":"2657284493",
"parent":"z4Z5EuMmP",
"text":"",
"mid":"z4Z6w2HS5",
"date":"2012-11-13 12:36:18"
},
{
"kids":[
"z4Ze4Fbkb",
"z4Z82g9Xi",
"z4Z6w2HS5"
],
"uid":"alimanhuaji",
"parent":"",
"text":"云南一只母猪生下8个小孩=震撼全世界！",
"mid":"z4Z5EuMmP",
"date":"2012-11-13 12:34:12"
},
{
"kids":[],
"uid":"liangxing100",
"parent":"z4YxCnR51",
"text":"",
"mid":"z4Yy1ehiS",
"date":"2012-11-13 11:11:19"
},
{
"kids":[
"z4Yy1ehiS"
],
"uid":"maoweiquan",
"parent":"",
"text":"云南一只母猪生下8个小孩=震撼全世界！",
"mid":"z4YxCnR51",
"date":"2012-11-13 11:10:21"
},
{
"kids":[],
"uid":"2252452681",
"parent":"z4X4Dd0a8",
"text":"[汗]这？这是真的嘛？？",
"mid":"z4XR5bHJE",
"date":"2012-11-13 09:25:33"
},
{
"kids":[],
"uid":"1145422605",
"parent":"z4X4Dd0a8",
"text":"",
"mid":"z4X5nAuEW",
"date":"2012-11-13 07:28:02"
},
{
"kids":[
"z4XR5bHJE",
"z4X5nAuEW"
],
"uid":"uc217103014",
"parent":"",
"text":"云南一只母猪生下8个小孩=震撼全世界！",
"mid":"z4X4Dd0a8",
"date":"2012-11-13 07:26:11"
},
{
"kids":[],
"uid":"2920078180",
"parent":"z4J0WhoLw",
"text":"",
"mid":"z4WUDewv6",
"date":"2012-11-13 07:01:33"
},
{
"kids":[],
"uid":"2919591990",
"parent":"z4J0WhoLw",
"text":"",
"mid":"z4WUDewud",
"date":"2012-11-13 07:01:32"
},
{
"kids":[],
"uid":"2255464370",
"parent":"",
"text":"云南一只母猪生下8个小孩=震撼全世界！",
"mid":"z4Wqq93ko",
"date":"2012-11-13 05:47:06"
},
{
"kids":[],
"uid":"311680001",
"parent":"",
"text":"云南一只母猪生下8个小孩=震撼全世界",
"mid":"z4WjxoHf5",
"date":"2012-11-13 05:30:10"
},
{
"kids":[],
"uid":"queenpig",
"parent":"z4Vta0nYG",
"text":"啥情况",
"mid":"z4W4W4Xqh",
"date":"2012-11-13 04:54:11"
},
{
"kids":[],
"uid":"2907856111",
"parent":"",
"text":"云南一只母猪生下8个小孩=震撼全世界！",
"mid":"z4VOFxova",
"date":"2012-11-13 04:14:06"
},
{
"kids":[],
"uid":"2920342810",
"parent":"",
"text":"",
"mid":"z4VCJ16Me",
"date":"2012-11-13 03:44:41"
},
{
"kids":[],
"uid":"2667543565",
"parent":"",
"text":"",
"mid":"z4VBPrF5o",
"date":"2012-11-13 03:42:29"
},
{
"kids":[
"z4W4W4Xqh"
],
"uid":"xuanzuo2016",
"parent":"",
"text":"云南一只母猪生下8个小孩=震撼全世界！",
"mid":"z4Vta0nYG",
"date":"2012-11-13 03:21:06"
},
{
"kids":[],
"uid":"2644754750",
"parent":"",
"text":"云南一只母猪生下8个小孩=震撼全世界！",
"mid":"z4VsNvCDL",
"date":"2012-11-13 03:20:14"
},
{
"kids":[],
"uid":"lwying2012",
"parent":"",
"text":"云南一只母猪生下8个小孩=震撼全世界！",
"mid":"z4VgZAJnE",
"date":"2012-11-13 02:51:08"
},
{
"kids":[],
"uid":"1030391560",
"parent":"",
"text":"",
"mid":"z4VaL568d",
"date":"2012-11-13 02:35:47"
},
{
"kids":[],
"uid":"2255464370",
"parent":"",
"text":"云南一只母猪生下8个小孩=震撼全世界",
"mid":"z4V0nv0m5",
"date":"2012-11-13 02:10:12"
},
{
"kids":[],
"uid":"2907856111",
"parent":"",
"text":"云南一只母猪生下8个小孩=震撼全世界",
"mid":"z4UZxvtKW",
"date":"2012-11-13 02:08:09"
},
{
"kids":[],
"uid":"2817807323",
"parent":"",
"text":"@南印尼藏凤凰 u r the one[哈哈][哈哈][哈哈][哈哈][哈哈]",
"mid":"z4UOsbdpE",
"date":"2012-11-13 01:40:50"
},
{
"kids":[],
"uid":"xiaojiebuku",
"parent":"",
"text":"...",
"mid":"z4Uh6lgOi",
"date":"2012-11-13 00:18:37"
},
{
"kids":[
"z5QeS0Cqz",
"z5Dj1f0ru",
"z5Dj0DmKu"
],
"uid":"2334233715",
"parent":"",
"text":"云南一只母猪生下8个小孩=震撼全世界",
"mid":"z4U7rme3B",
"date":"2012-11-12 23:54:50"
},
{
"kids":[],
"uid":"2185828452",
"parent":"z4TUAqmeT",
"text":"",
"mid":"z4TXh6b95",
"date":"2012-11-12 23:29:49"
},
{
"kids":[],
"uid":"1238013354",
"parent":"z4TUAqmeT",
"text":"要不要这么震撼....！！！",
"mid":"z4TV9fi6r",
"date":"2012-11-12 23:24:36"
},
{
"kids":[
"z4TXh6b95",
"z4TV9fi6r"
],
"uid":"alimanhuaji",
"parent":"",
"text":"云南一只母猪生下8个小孩=震撼全世界",
"mid":"z4TUAqmeT",
"date":"2012-11-12 23:23:12"
},
{
"kids":[],
"uid":"2852219901",
"parent":"",
"text":"去伪求真，求真像",
"mid":"z4TQZABGi",
"date":"2012-11-12 23:14:21"
},
{
"kids":[],
"uid":"2979103827",
"parent":"",
"text":"",
"mid":"z4TOtyhI9",
"date":"2012-11-12 23:08:10"
},
{
"kids":[],
"uid":"1956039401",
"parent":"z4TxPaDg1",
"text":"",
"mid":"z4TBk26OA",
"date":"2012-11-12 22:35:45"
},
{
"kids":[],
"uid":"2076029755",
"parent":"z4TxPaDg1",
"text":"[吃惊][吃惊][吃惊][汗][汗]不是真的吧？？？",
"mid":"z4TyQn0Oq",
"date":"2012-11-12 22:29:38"
},
{
"kids":[],
"uid":"2683944541",
"parent":"",
"text":"@白领健康生活日记",
"mid":"z4TyGlxsj",
"date":"2012-11-12 22:29:11"
},
{
"kids":[
"z4TBk26OA",
"z4TyQn0Oq"
],
"uid":"maoweiquan",
"parent":"",
"text":"云南一只母猪生下8个小孩=震撼全世界",
"mid":"z4TxPaDg1",
"date":"2012-11-12 22:27:07"
},
{
"kids":[],
"uid":"2579769457",
"parent":"",
"text":"",
"mid":"z4TuW3u51",
"date":"2012-11-12 22:20:00"
},
{
"kids":[
"z6oxX1BJh",
"z6oxWpY22",
"z6bqf32xh",
"z5oK327Lw",
"z5oK2qu5w",
"z5iJkmGZl",
"z5iJkmGXJ"
],
"uid":"2259970320",
"parent":"",
"text":"云南一只母猪生下8个小孩",
"mid":"z4TuUB1uM",
"date":"2012-11-12 22:19:55"
},
{
"kids":[
"z5pmwwVdo"
],
"uid":"2974905924",
"parent":"z4Tojl2L2",
"text":"",
"mid":"z4TsoA2Nh",
"date":"2012-11-12 22:13:44"
},
{
"kids":[],
"uid":"2140630645",
"parent":"",
"text":"是不是啊………",
"mid":"z4TqPEDre",
"date":"2012-11-12 22:09:54"
},
{
"kids":[],
"uid":"2609076034",
"parent":"",
"text":"",
"mid":"z4TqcDRX7",
"date":"2012-11-12 22:08:18"
},
{
"kids":[],
"uid":"2502521892",
"parent":"",
"text":"",
"mid":"z4Tpc1Pie",
"date":"2012-11-12 22:05:51"
},
{
"kids":[
"z4TsoA2Nh"
],
"uid":"2399285025",
"parent":"",
"text":"云南一只母猪生下8个小孩=震撼全世界[吃惊]",
"mid":"z4Tojl2L2",
"date":"2012-11-12 22:03:41"
},
{
"kids":[],
"uid":"1868583100",
"parent":"",
"text":"扯的太假了！",
"mid":"z4Tmd33T7",
"date":"2012-11-12 21:58:29"
},
{
"kids":[],
"uid":"qiuliang7",
"parent":"",
"text":"屁。",
"mid":"z4TjT9M8o",
"date":"2012-11-12 21:52:47"
},
{
"kids":[],
"uid":"lovesakura713",
"parent":"",
"text":"@Yaffy_Koyo @傲娇女王杨 亲们，我这找到黑镜里的那只猪了！",
"mid":"z4Tjqs20w",
"date":"2012-11-12 21:51:40"
},
{
"kids":[],
"uid":"2795271374",
"parent":"",
"text":"",
"mid":"z4Tjb70IF",
"date":"2012-11-12 21:50:59"
},
{
"kids":[],
"uid":"1719884380",
"parent":"",
"text":"真的假的",
"mid":"z4T9Bt3dY",
"date":"2012-11-12 21:27:25"
},
{
"kids":[],
"uid":"1932666704",
"parent":"",
"text":"",
"mid":"z4T3s0xZN",
"date":"2012-11-12 21:12:18"
},
{
"kids":[],
"uid":"1950801275",
"parent":"",
"text":"",
"mid":"z4SCK12sB",
"date":"2012-11-12 20:06:27"
},
{
"kids":[],
"uid":"love03dwyanewade03",
"parent":"",
"text":"@小女孩还是要长大 你可以比过他~~",
"mid":"z4StQF993",
"date":"2012-11-12 19:44:35"
},
{
"kids":[],
"uid":"uc217103014",
"parent":"",
"text":"云南一只母猪生下8个小孩=震撼全世界",
"mid":"z4RZgtE7h",
"date":"2012-11-12 18:29:14"
},
{
"kids":[],
"uid":"2906627147",
"parent":"z4RnWcaYI",
"text":"",
"mid":"z4ROP4Ut2",
"date":"2012-11-12 18:03:31"
},
{
"kids":[],
"uid":"2109150877",
"parent":"z4RHFtRmF",
"text":"[吃惊]",
"mid":"z4RLTi7Y7",
"date":"2012-11-12 17:56:17"
},
{
"kids":[
"z4RLTi7Y7"
],
"uid":"1065395651",
"parent":"z4RnWcaYI",
"text":"",
"mid":"z4RHFtRmF",
"date":"2012-11-12 17:45:54"
},
{
"kids":[],
"uid":"2792786617",
"parent":"z4RnWcaYI",
"text":"汗",
"mid":"z4RsN0edU",
"date":"2012-11-12 17:09:13"
},
{
"kids":[],
"uid":"browve",
"parent":"z4RnWcaYI",
"text":"假到死",
"mid":"z4RrQcyPG",
"date":"2012-11-12 17:06:53"
},
{
"kids":[],
"uid":"1872583441",
"parent":"",
"text":"[吃惊]不是吧，真的假的[汗] 天蓬元帅不是只有1个吗，大师兄快点来吧，火眼金金辨别一下[偷笑]",
"mid":"z4RoOg1Cq",
"date":"2012-11-12 16:59:22"
},
{
"kids":[],
"uid":"oscarglobe",
"parent":"z4RnWcaYI",
"text":"能不能P得更专业一点。",
"mid":"z4RowurLW",
"date":"2012-11-12 16:58:41"
},
{
"kids":[
"z4ROP4Ut2",
"z4RHFtRmF",
"z4RsN0edU",
"z4RrQcyPG",
"z4RowurLW"
],
"uid":"2644754750",
"parent":"",
"text":"云南一只母猪生下8个小孩=震撼全世界",
"mid":"z4RnWcaYI",
"date":"2012-11-12 16:57:16"
},
{
"kids":[],
"uid":"2659057413",
"parent":"",
"text":"",
"mid":"z4QCpwkZD",
"date":"2012-11-12 15:00:08"
},
{
"kids":[],
"uid":"1564126462",
"parent":"",
"text":"",
"mid":"z4QgO55YM",
"date":"2012-11-12 14:06:56"
},
{
"kids":[],
"uid":"2197747297",
"parent":"z4Ltjsxat",
"text":"",
"mid":"z4QbbEfsO",
"date":"2012-11-12 13:53:07"
},
{
"kids":[],
"uid":"2887198810",
"parent":"",
"text":"云南一只母猪生下8个小孩=震撼全世界",
"mid":"z4Q5U0a7P",
"date":"2012-11-12 13:40:03"
},
{
"kids":[],
"uid":"2004510985",
"parent":"",
"text":"云南一只母猪生下8个小孩=震撼全世界",
"mid":"z4PVvd81G",
"date":"2012-11-12 13:14:28"
},
{
"kids":[],
"uid":"qingdaoshuiguo",
"parent":"",
"text":"",
"mid":"z4PJd75XG",
"date":"2012-11-12 12:44:09"
},
{
"kids":[],
"uid":"2907856111",
"parent":"",
"text":"云南一只母猪生下8个小孩=震撼全世界",
"mid":"z4PD60OUN",
"date":"2012-11-12 12:29:07"
},
{
"kids":[],
"uid":"2904889235",
"parent":"",
"text":"疯@李小坤很ok- @鹤壁东方美业造型会所 @东方美业Xiang @",
"mid":"z4PCs7No1",
"date":"2012-11-12 12:27:32"
},
{
"kids":[],
"uid":"2281485797",
"parent":"",
"text":"太强悍了",
"mid":"z4PoNwNRh",
"date":"2012-11-12 11:53:54"
},
{
"kids":[],
"uid":"1954525397",
"parent":"z4OrjdQRH",
"text":"回复@Lanxnan:只是找个话题说说 你以为大家当真啊 真是天真",
"mid":"z4P75d7Ze",
"date":"2012-11-12 11:10:15"
},
{
"kids":[],
"uid":"2327403023",
"parent":"",
"text":"",
"mid":"z4OZdjIHy",
"date":"2012-11-12 10:50:52"
},
{
"kids":[],
"uid":"2255727940",
"parent":"",
"text":"[吃惊][吃惊]碉堡了。[吃惊][吃惊][吃惊]。真的假的",
"mid":"z4OVzjMjF",
"date":"2012-11-12 10:41:52"
},
{
"kids":[],
"uid":"njwjcapf",
"parent":"",
"text":"",
"mid":"z4OTza7BX",
"date":"2012-11-12 10:36:57"
},
{
"kids":[],
"uid":"1885635680",
"parent":"",
"text":"",
"mid":"z4OSwv2c3",
"date":"2012-11-12 10:34:23"
},
{
"kids":[],
"uid":"1862873712",
"parent":"",
"text":"[吃惊]",
"mid":"z4OS8ehQA",
"date":"2012-11-12 10:33:25"
},
{
"kids":[],
"uid":"1935470373",
"parent":"",
"text":"",
"mid":"z4OS7E1GT",
"date":"2012-11-12 10:33:24"
},
{
"kids":[
"z5WY6yxIm",
"z5WY6xHZj",
"z5KTMaAKh",
"z51lsbAGW",
"z51lrzDZ0"
],
"uid":"2561511447",
"parent":"",
"text":"",
"mid":"z4ORPDuHV",
"date":"2012-11-12 10:32:41"
},
{
"kids":[],
"uid":"2919468320",
"parent":"z4OrjdQRH",
"text":"",
"mid":"z4OIUaAX6",
"date":"2012-11-12 10:10:41"
},
{
"kids":[],
"uid":"1224433040",
"parent":"",
"text":"",
"mid":"z4Ou9A1Vb",
"date":"2012-11-12 09:34:20"
},
{
"kids":[
"z4P75d7Ze",
"z4OIUaAX6"
],
"uid":"1954525397",
"parent":"z4Lv3kQJb",
"text":"我想知道猪的主人对猪做了什么！！",
"mid":"z4OrjdQRH",
"date":"2012-11-12 09:27:20"
},
{
"kids":[],
"uid":"2255464370",
"parent":"",
"text":"云南一只母猪生下8个小孩=震撼全世界",
"mid":"z4OjvvAFi",
"date":"2012-11-12 09:08:07"
},
{
"kids":[],
"uid":"1584050792",
"parent":"",
"text":"",
"mid":"z4NWWAE71",
"date":"2012-11-12 08:12:32"
},
{
"kids":[],
"uid":"2919871480",
"parent":"z4JU4urdB",
"text":"",
"mid":"z4NL1hxRQ",
"date":"2012-11-12 07:43:09"
},
{
"kids":[],
"uid":"1727835023",
"parent":"z4JU4urdB",
"text":"",
"mid":"z4NL1hxQY",
"date":"2012-11-12 07:43:09"
},
{
"kids":[],
"uid":"maoweiquan",
"parent":"",
"text":"云南一只母猪生下8个小孩=震撼全世界",
"mid":"z4NaSCFp5",
"date":"2012-11-12 06:14:07"
},
{
"kids":[],
"uid":"uc217103014",
"parent":"",
"text":"云南一只母猪生下8个小孩=震撼全世界",
"mid":"z4MWGAkHD",
"date":"2012-11-12 05:39:09"
},
{
"kids":[],
"uid":"2919745224",
"parent":"z4Klc9CSy",
"text":"",
"mid":"z4M3Uedg0",
"date":"2012-11-12 03:24:11"
},
{
"kids":[],
"uid":"2919851864",
"parent":"z4Klc9CSy",
"text":"",
"mid":"z4M3UdRoH",
"date":"2012-11-12 03:24:11"
},
{
"kids":[],
"uid":"2702774343",
"parent":"z4LUX3fWo",
"text":"",
"mid":"z4M2Gjc9i",
"date":"2012-11-12 03:21:10"
},
{
"kids":[
"z4M2Gjc9i"
],
"uid":"2885087192",
"parent":"",
"text":"云南一只母猪生下8个小孩=震撼全世界",
"mid":"z4LUX3fWo",
"date":"2012-11-12 03:02:07"
},
{
"kids":[],
"uid":"2480695803",
"parent":"z4Ltjsxat",
"text":"",
"mid":"z4LO7xkki",
"date":"2012-11-12 02:45:18"
},
{
"kids":[
"z4OrjdQRH"
],
"uid":"1821874653",
"parent":"",
"text":"@Siyanie某某 @山竹的味道 @团包子 @Gloria_小馬哥是籹滴 @DEMO白 @吴健JIAN @林诗庚 @我和诗凡 @Lanxnan @金健健Fairy @li樱 @我是阿芩 @小伟-达达 @这样的名字我想没人有",
"mid":"z4Lv3kQJb",
"date":"2012-11-12 01:58:19"
},
{
"kids":[
"z4QbbEfsO",
"z4LO7xkki"
],
"uid":"2644754750",
"parent":"",
"text":"云南一只母猪生下8个小孩=震撼全世界",
"mid":"z4Ltjsxat",
"date":"2012-11-12 01:54:02"
},
{
"kids":[],
"uid":"2887198810",
"parent":"",
"text":"云南一只母猪生下8个小孩=震撼全世界",
"mid":"z4L0x1y23",
"date":"2012-11-12 00:43:07"
},
{
"kids":[],
"uid":"1393889675",
"parent":"z4H1f3A4K",
"text":"",
"mid":"z4KVM49WU",
"date":"2012-11-12 00:31:21"
},
{
"kids":[],
"uid":"1591849173",
"parent":"z4IyI7o5G",
"text":"[吃惊]",
"mid":"z4KPellvA",
"date":"2012-11-12 00:15:17"
},
{
"kids":[],
"uid":"2255464370",
"parent":"",
"text":"云南一只母猪生下8个小孩=震撼全世界",
"mid":"z4KOKxocH",
"date":"2012-11-12 00:14:06"
},
{
"kids":[],
"uid":"3002497481",
"parent":"",
"text":"哪一天。一个女孩生八个猪。。我才笑了。",
"mid":"z4KO6DsPC",
"date":"2012-11-12 00:12:31"
},
{
"kids":[],
"uid":"1878546305",
"parent":"z4KEAgfeF",
"text":"我擦[衰]",
"mid":"z4KF8w0Sf",
"date":"2012-11-11 23:50:25"
},
{
"kids":[
"z4KF8w0Sf"
],
"uid":"alimanhuaji",
"parent":"",
"text":"云南一只母猪生下8个小孩=震撼全世界",
"mid":"z4KEAgfeF",
"date":"2012-11-11 23:49:04"
},
{
"kids":[],
"uid":"2966267864",
"parent":"",
"text":"",
"mid":"z4KzpkyU6",
"date":"2012-11-11 23:36:18"
},
{
"kids":[],
"uid":"1963368591",
"parent":"",
"text":"",
"mid":"z4Kqa7efq",
"date":"2012-11-11 23:13:29"
},
{
"kids":[
"z4M3Uedg0",
"z4M3UdRoH"
],
"uid":"2899621381",
"parent":"z4JSKCUBp",
"text":"好變態。。",
"mid":"z4Klc9CSy",
"date":"2012-11-11 23:01:17"
},
{
"kids":[],
"uid":"207896249",
"parent":"",
"text":"[吃惊]",
"mid":"z4KiPhid5",
"date":"2012-11-11 22:55:26"
},
{
"kids":[],
"uid":"2210782892",
"parent":"",
"text":"",
"mid":"z4KfUaHwn",
"date":"2012-11-11 22:48:12"
},
{
"kids":[],
"uid":"gjypforever",
"parent":"z4JXm65q4",
"text":"这是哪位男性同胞对它做了点什么吗",
"mid":"z4Ke3xlzx",
"date":"2012-11-11 22:43:42"
},
{
"kids":[],
"uid":"337932229",
"parent":"z4JSKCUBp",
"text":"云南一只母猪生下8个小孩=震撼全世界",
"mid":"z4K0JinVK",
"date":"2012-11-11 22:10:50"
},
{
"kids":[],
"uid":"2134255935",
"parent":"z4JSKCUBp",
"text":"",
"mid":"z4K0e0xnu",
"date":"2012-11-11 22:09:37"
},
{
"kids":[
"z4Ke3xlzx"
],
"uid":"ses0730",
"parent":"z4JSKCUBp",
"text":"",
"mid":"z4JXm65q4",
"date":"2012-11-11 22:02:33"
},
{
"kids":[],
"uid":"2437036902",
"parent":"z4JSKCUBp",
"text":"@LYm24K纯屌 @zwt-卓婉婷 我勒个去",
"mid":"z4JV9Ckj4",
"date":"2012-11-11 21:57:08"
},
{
"kids":[],
"uid":"2809385842",
"parent":"z4JU4urdB",
"text":"",
"mid":"z4JUn9cDN",
"date":"2012-11-11 21:55:10"
},
{
"kids":[],
"uid":"2919609660",
"parent":"z4JU4urdB",
"text":"",
"mid":"z4JUn9cBl",
"date":"2012-11-11 21:55:12"
},
{
"kids":[
"z5L06j4b9",
"z5L06j4a0",
"z5zXs0hBE",
"z4NL1hxRQ",
"z4NL1hxQY",
"z4JUn9cDN",
"z4JUn9cBl"
],
"uid":"2658096741",
"parent":"",
"text":"",
"mid":"z4JU4urdB",
"date":"2012-11-11 21:54:29"
},
{
"kids":[],
"uid":"2524409415",
"parent":"",
"text":"[吃惊]世界之大无奇不有",
"mid":"z4JTtzBxy",
"date":"2012-11-11 21:53:00"
},
{
"kids":[],
"uid":"2164304462",
"parent":"z4JSKCUBp",
"text":"",
"mid":"z4JTa5Azx",
"date":"2012-11-11 21:52:13"
},
{
"kids":[
"z4Klc9CSy",
"z4K0JinVK",
"z4K0e0xnu",
"z4JXm65q4",
"z4JV9Ckj4",
"z4JTa5Azx"
],
"uid":"2644754750",
"parent":"",
"text":"云南一只母猪生下8个小孩=震撼全世界",
"mid":"z4JSKCUBp",
"date":"2012-11-11 21:51:13"
},
{
"kids":[],
"uid":"2778587362",
"parent":"z4IiSbh8d",
"text":"",
"mid":"z4JHBxxVJ",
"date":"2012-11-11 21:23:45"
},
{
"kids":[],
"uid":"2887198810",
"parent":"",
"text":"云南一只母猪生下8个小孩=震撼全世界",
"mid":"z4Jeafzu4",
"date":"2012-11-11 20:11:13"
},
{
"kids":[],
"uid":"1546828302",
"parent":"",
"text":"",
"mid":"z4J4zb9Cj",
"date":"2012-11-11 19:47:34"
},
{
"kids":[
"z6Irm05oU",
"z6Irm05n8",
"z66ccfKwJ",
"z5SzDiuN4",
"z5SzDhKMg",
"z55wZdpnJ",
"z4WUDewv6",
"z4WUDewud"
],
"uid":"2106431364",
"parent":"",
"text":"",
"mid":"z4J0WhoLw",
"date":"2012-11-11 19:38:35"
},
{
"kids":[],
"uid":"2504084940",
"parent":"",
"text":"P了吧",
"mid":"z4IZG0fAe",
"date":"2012-11-11 19:35:30"
},
{
"kids":[],
"uid":"1779353553",
"parent":"",
"text":"",
"mid":"z4IZno3YA",
"date":"2012-11-11 19:34:47"
},
{
"kids":[],
"uid":"2936694284",
"parent":"",
"text":"太不可思议，假的吧？！[酷]",
"mid":"z4IXxy8PV",
"date":"2012-11-11 19:30:15"
},
{
"kids":[],
"uid":"2010823595",
"parent":"",
"text":"真的吗？",
"mid":"z4IEzvRdv",
"date":"2012-11-11 18:43:32"
},
{
"kids":[
"z4KPellvA"
],
"uid":"beili19870311",
"parent":"",
"text":"",
"mid":"z4IyI7o5G",
"date":"2012-11-11 18:29:03"
},
{
"kids":[],
"uid":"hexiemanfulishe",
"parent":"",
"text":"微博转发。",
"mid":"z4Ixu8OlR",
"date":"2012-11-11 18:26:04"
},
{
"kids":[],
"uid":"2766176270",
"parent":"",
"text":"云南一只母猪生下8个小孩=震撼全世界",
"mid":"z4Iug6ygp",
"date":"2012-11-11 18:18:04"
},
{
"kids":[],
"uid":"2037399460",
"parent":"",
"text":"云南一只母猪生下8个小孩=震撼全世界",
"mid":"z4Its9SMR",
"date":"2012-11-11 18:16:08"
},
{
"kids":[],
"uid":"2161586064",
"parent":"z4IiSbh8d",
"text":"",
"mid":"z4IsbxjH1",
"date":"2012-11-11 18:13:00"
},
{
"kids":[],
"uid":"2644907683",
"parent":"",
"text":"轉發微博",
"mid":"z4Imx8dem",
"date":"2012-11-11 17:59:04"
},
{
"kids":[
"z4JHBxxVJ",
"z4IsbxjH1"
],
"uid":"311680001",
"parent":"",
"text":"云南一只母猪生下8个小孩=震撼全世界",
"mid":"z4IiSbh8d",
"date":"2012-11-11 17:50:04"
},
{
"kids":[],
"uid":"897200zzp",
"parent":"z4I99m0AL",
"text":"假的吧",
"mid":"z4IaTwyY4",
"date":"2012-11-11 17:30:22"
},
{
"kids":[
"z4IaTwyY4"
],
"uid":"maoweiquan",
"parent":"",
"text":"云南一只母猪生下8个小孩=震撼全世界",
"mid":"z4I99m0AL",
"date":"2012-11-11 17:26:08"
},
{
"kids":[],
"uid":"2836408807",
"parent":"z4HIMqjXw",
"text":"[吃惊]",
"mid":"z4HLb4ruI",
"date":"2012-11-11 16:27:03"
},
{
"kids":[
"z4HLb4ruI"
],
"uid":"2907856111",
"parent":"",
"text":"云南一只母猪生下8个小孩=震撼全世界",
"mid":"z4HIMqjXw",
"date":"2012-11-11 16:21:09"
},
{
"kids":[],
"uid":"2566406411",
"parent":"",
"text":"@晨曦穿过我的指缝 @muil",
"mid":"z4HyFBZWl",
"date":"2012-11-11 15:56:16"
},
{
"kids":[],
"uid":"2713300803",
"parent":"",
"text":"",
"mid":"z4HxUoe2p",
"date":"2012-11-11 15:54:23"
},
{
"kids":[],
"uid":"alimanhuaji",
"parent":"",
"text":"云南一只母猪生下8个小孩=震撼全世界",
"mid":"z4HxotDE4",
"date":"2012-11-11 15:53:06"
},
{
"kids":[],
"uid":"2885087192",
"parent":"",
"text":"云南一只母猪生下8个小孩=震撼全世界",
"mid":"z4Ht277hS",
"date":"2012-11-11 15:42:22"
},
{
"kids":[
"z4KVM49WU"
],
"uid":"2096642604",
"parent":"",
"text":"云南一只母猪生下8个小孩=震撼全世界",
"mid":"z4H1f3A4K",
"date":"2012-11-11 14:33:53"
},
{
"kids":[],
"uid":"2461191382",
"parent":"",
"text":"有此等怪事?[吃惊][吃惊]",
"mid":"z4GQ0BM6f",
"date":"2012-11-11 14:06:11"
},
{
"kids":[],
"uid":"2624832075",
"parent":"z4FZhyXzo",
"text":"",
"mid":"z4GbX1aMl",
"date":"2012-11-11 12:27:31"
},
{
"kids":[
"z4GbX1aMl"
],
"uid":"2885087192",
"parent":"",
"text":"云南一只母猪生下8个小孩=震撼全世界",
"mid":"z4FZhyXzo",
"date":"2012-11-11 11:56:20"
},
{
"kids":[],
"uid":"2861470573",
"parent":"",
"text":"",
"mid":"z4Fo8tE3f",
"date":"2012-11-11 10:24:48"
},
{
"kids":[],
"uid":"2915140541",
"parent":"",
"text":"云南一只母猪生下8个小孩=震撼全世界",
"mid":"z4Fat46WV",
"date":"2012-11-11 09:51:06"
},
{
"kids":[],
"uid":"2409762601",
"parent":"",
"text":"",
"mid":"z4F6y8Dbk",
"date":"2012-11-11 09:41:28"
},
{
"kids":[],
"uid":"2041455971",
"parent":"",
"text":"",
"mid":"z4F5vpw7f",
"date":"2012-11-11 09:38:54"
},
{
"kids":[],
"uid":"2276355487",
"parent":"",
"text":"扯'''",
"mid":"z4F2yvpmR",
"date":"2012-11-11 09:31:38"
},
{
"kids":[],
"uid":"2210927873",
"parent":"z4ETPd7Ea",
"text":"",
"mid":"z4F2gtRjX",
"date":"2012-11-11 09:30:54"
},
{
"kids":[],
"uid":"1967234113",
"parent":"z4EY0kUe4",
"text":"不少吧[吃惊]",
"mid":"z4EZll9zw",
"date":"2012-11-11 09:23:43"
},
{
"kids":[
"z4EZll9zw"
],
"uid":"1868114991",
"parent":"",
"text":"是谁猥亵了母猪！[怒][挖鼻屎]",
"mid":"z4EY0kUe4",
"date":"2012-11-11 09:20:25"
},
{
"kids":[],
"uid":"2116197363",
"parent":"z4ETPd7Ea",
"text":"这是在干嘛",
"mid":"z4EUR1Lxc",
"date":"2012-11-11 09:12:40"
},
{
"kids":[
"z4F2gtRjX",
"z4EUR1Lxc"
],
"uid":"311680001",
"parent":"",
"text":"云南一只母猪生下8个小孩=震撼全世界",
"mid":"z4ETPd7Ea",
"date":"2012-11-11 09:10:07"
},
{
"kids":[],
"uid":"2790046912",
"parent":"",
"text":"",
"mid":"z4ETht2yv",
"date":"2012-11-11 09:08:47"
},
{
"kids":[],
"uid":"2919902614",
"parent":"",
"text":"",
"mid":"z4ETht2xh",
"date":"2012-11-11 09:08:46"
},
{
"kids":[],
"uid":"2907856111",
"parent":"",
"text":"云南一只母猪生下8个小孩=震撼全世界",
"mid":"z4ErNnXfw",
"date":"2012-11-11 08:01:04"
},
{
"kids":[],
"uid":"hua747483981",
"parent":"",
"text":"@Dear_En 系米真架？[奥特曼][奥特曼][奥特曼]",
"mid":"z4Delssuk",
"date":"2012-11-11 04:55:11"
},
{
"kids":[],
"uid":"2887198810",
"parent":"",
"text":"云南一只母猪生下8个小孩=震撼全世界",
"mid":"z4BPraVTN",
"date":"2012-11-11 01:21:04"
},
{
"kids":[],
"uid":"2710849885",
"parent":"",
"text":"[疑问][吃惊]可能吗！？？？？？",
"mid":"z4BNT9iCa",
"date":"2012-11-11 01:17:15"
},
{
"kids":[],
"uid":"2255464370",
"parent":"",
"text":"云南一只母猪生下8个小孩=震撼全世界",
"mid":"z4BMAbLNy",
"date":"2012-11-11 01:14:02"
},
{
"kids":[],
"uid":"2805487134",
"parent":"",
"text":"不会吧",
"mid":"z4BMq7NJL",
"date":"2012-11-11 01:13:38"
},
{
"kids":[],
"uid":"2135173431",
"parent":"z4Bn75uTW",
"text":"只能说 图P的很强大[汗]",
"mid":"z4BA9xwc0",
"date":"2012-11-11 00:43:23"
},
{
"kids":[],
"uid":"1893263850",
"parent":"z4Bn75uTW",
"text":"",
"mid":"z4Bwfv2Pn",
"date":"2012-11-11 00:33:44"
},
{
"kids":[],
"uid":"1816271522",
"parent":"z4Bn75uTW",
"text":"",
"mid":"z4BrIedGn",
"date":"2012-11-11 00:22:37"
},
{
"kids":[],
"uid":"1929100155",
"parent":"z4Bn75uTW",
"text":"难道这只可怜的猪被某个饥不择食的变态男人给玷污了，好恐怖",
"mid":"z4BnHpxG7",
"date":"2012-11-11 00:12:44"
},
{
"kids":[
"z4BA9xwc0",
"z4Bwfv2Pn",
"z4BrIedGn",
"z4BnHpxG7"
],
"uid":"2644754750",
"parent":"",
"text":"云南一只母猪生下8个小孩=震撼全世界",
"mid":"z4Bn75uTW",
"date":"2012-11-11 00:11:15"
},
{
"kids":[],
"uid":"maoweiquan",
"parent":"",
"text":"云南一只母猪生下8个小孩=震撼全世界",
"mid":"z4Bn5AB3Q",
"date":"2012-11-11 00:11:13"
},
{
"kids":[],
"uid":"alimanhuaji",
"parent":"",
"text":"云南一只母猪生下8个小孩=震撼全世界",
"mid":"z4B80Dnrq",
"date":"2012-11-10 23:34:04"
}
]