[
{
"kids":[],
"uid":"3095471507",
"parent":"zmCq3FR1U",
"text":"",
"mid":"zmHlPgBvu",
"date":"2013-03-10 00:30:03"
},
{
"kids":[],
"uid":"2938018783",
"parent":"zmCfPfzhI",
"text":"法制？人治？",
"mid":"zmH1FzVWM",
"date":"2013-03-09 23:40:23"
},
{
"kids":[],
"uid":"2028376867",
"parent":"",
"text":"",
"mid":"zmGqX8Eas",
"date":"2013-03-09 22:09:55"
},
{
"kids":[],
"uid":"2001639254",
"parent":"",
"text":"有谁能够保证没有下次呢？",
"mid":"zmGpGeqfr",
"date":"2013-03-09 22:06:50"
},
{
"kids":[],
"uid":"2001639254",
"parent":"",
"text":"这就是现实！！！同人不同命呀",
"mid":"zmGoOrhNu",
"date":"2013-03-09 22:04:42"
},
{
"kids":[],
"uid":"1846691257",
"parent":"zmEEBjgHU",
"text":"第一个先上",
"mid":"zmFDZwCq0",
"date":"2013-03-09 20:09:20"
},
{
"kids":[],
"uid":"2497967730",
"parent":"zmF3gtAI3",
"text":"",
"mid":"zmFAaAAjV",
"date":"2013-03-09 19:59:55"
},
{
"kids":[],
"uid":"ggncc",
"parent":"zmCHz1Q8d",
"text":"",
"mid":"zmFzK0XRU",
"date":"2013-03-09 19:58:51"
},
{
"kids":[],
"uid":"2743039863",
"parent":"zmF3gtAI3",
"text":"弱弱[鄙视]",
"mid":"zmFcokVrn",
"date":"2013-03-09 19:01:20"
},
{
"kids":[],
"uid":"2775153473",
"parent":"zmCHz1Q8d",
"text":"",
"mid":"zmF57qa5F",
"date":"2013-03-09 18:43:25"
},
{
"kids":[
"zmFAaAAjV",
"zmFcokVrn"
],
"uid":"2740205604",
"parent":"zmF1UAH2D",
"text":"[围观][围观][围观]",
"mid":"zmF3gtAI3",
"date":"2013-03-09 18:38:51"
},
{
"kids":[
"zmF3gtAI3"
],
"uid":"2843804245",
"parent":"",
"text":"再坚强的法律也抵挡不了76名律师的狂轰滥钻",
"mid":"zmF1UAH2D",
"date":"2013-03-09 18:35:28"
},
{
"kids":[],
"uid":"jerryxuxu",
"parent":"",
"text":"",
"mid":"zmEVT4XIa",
"date":"2013-03-09 18:20:40"
},
{
"kids":[],
"uid":"2836988590",
"parent":"",
"text":"期待真相！",
"mid":"zmEFrAP8Y",
"date":"2013-03-09 17:40:10"
},
{
"kids":[
"zmFDZwCq0"
],
"uid":"2793821543",
"parent":"",
"text":"",
"mid":"zmEEBjgHU",
"date":"2013-03-09 17:38:04"
},
{
"kids":[],
"uid":"539501299",
"parent":"",
"text":"",
"mid":"zmEDBiQPU",
"date":"2013-03-09 17:35:36"
},
{
"kids":[],
"uid":"1429784857",
"parent":"zmCcc4V2k",
"text":"傻逼律师团，这第一个的叫主犯，知道吧！",
"mid":"zmEp8qdWM",
"date":"2013-03-09 16:59:57"
},
{
"kids":[],
"uid":"3133900295",
"parent":"zmCgXycAn",
"text":"",
"mid":"zmDrHoupJ",
"date":"2013-03-09 14:33:33"
},
{
"kids":[],
"uid":"2214924857",
"parent":"",
"text":"哈哈，我的牙",
"mid":"zmDh8y6IY",
"date":"2013-03-09 14:07:32"
},
{
"kids":[],
"uid":"1067162824",
"parent":"zmDb0Ak3a",
"text":"",
"mid":"zmDfo8pbU",
"date":"2013-03-09 14:03:12"
},
{
"kids":[],
"uid":"1301827287",
"parent":"zmCB9zZPl",
"text":"上呗，注意卫生啊",
"mid":"zmDcx8l7P",
"date":"2013-03-09 13:56:09"
},
{
"kids":[
"zmDfo8pbU"
],
"uid":"1301827287",
"parent":"zmCVhqdvV",
"text":"听妳的，现在就戴[偷笑]",
"mid":"zmDb0Ak3a",
"date":"2013-03-09 13:52:25"
},
{
"kids":[],
"uid":"2154778384",
"parent":"zmCwPfEdo",
"text":"",
"mid":"zmD6I26Yl",
"date":"2013-03-09 13:41:49"
},
{
"kids":[],
"uid":"1846945444",
"parent":"zmCgXycAn",
"text":"我能说脏话吗？操",
"mid":"zmD16wqdy",
"date":"2013-03-09 13:28:02"
},
{
"kids":[],
"uid":"2269920020",
"parent":"zmCx7g6m4",
"text":"",
"mid":"zmCXvrjXj",
"date":"2013-03-09 13:19:10"
},
{
"kids":[
"zmDb0Ak3a"
],
"uid":"3193103723",
"parent":"zmCq3FR1U",
"text":"带套了吗？带了就不构成强奸！开个欢送大会！",
"mid":"zmCVhqdvV",
"date":"2013-03-09 13:13:41"
},
{
"kids":[],
"uid":"2923881292",
"parent":"zmCiEb040",
"text":"是要怪罪中国的法律漏洞百出'让他投机取巧了呢？还是中国的社会至今还是权钱为先'为大啊！这种现象何时能改'习书记您怎么看[抓狂]",
"mid":"zmCR1xPTF",
"date":"2013-03-09 13:03:12"
},
{
"kids":[],
"uid":"2276984425",
"parent":"zmCB9zZPl",
"text":"既然兄弟承让，那我就不客气先上了[哈哈]",
"mid":"zmCLY1oDd",
"date":"2013-03-09 12:50:43"
},
{
"kids":[],
"uid":"314853999",
"parent":"zmCHZAvEA",
"text":"",
"mid":"zmCLI5vHc",
"date":"2013-03-09 12:50:06"
},
{
"kids":[],
"uid":"1411844697",
"parent":"zmCwr2iSC",
"text":"",
"mid":"zmCLrejsg",
"date":"2013-03-09 12:49:26"
},
{
"kids":[],
"uid":"526912308",
"parent":"zmCACrYSI",
"text":"[怒]",
"mid":"zmCJRsZgI",
"date":"2013-03-09 12:45:33"
},
{
"kids":[],
"uid":"1438115310",
"parent":"zmCgveEGX",
"text":"人在做，天在看。",
"mid":"zmCJ2BeWY",
"date":"2013-03-09 12:43:31"
},
{
"kids":[],
"uid":"3083914202",
"parent":"zmCHZAvEA",
"text":"",
"mid":"zmCIbpOu1",
"date":"2013-03-09 12:41:25"
},
{
"kids":[
"zmCLI5vHc",
"zmCIbpOu1"
],
"uid":"278447746",
"parent":"zmCGHdtrS",
"text":"[给力]",
"mid":"zmCHZAvEA",
"date":"2013-03-09 12:40:57"
},
{
"kids":[
"zmFzK0XRU",
"zmF57qa5F"
],
"uid":"2336177367",
"parent":"zmCedl29Z",
"text":"狗日的校长！[怒][怒]",
"mid":"zmCHz1Q8d",
"date":"2013-03-09 12:39:53"
},
{
"kids":[
"zmCHZAvEA"
],
"uid":"mstrobert",
"parent":"",
"text":"",
"mid":"zmCGHdtrS",
"date":"2013-03-09 12:37:44"
},
{
"kids":[],
"uid":"1729423213",
"parent":"zmCB9zZPl",
"text":"",
"mid":"zmCEFBNqM",
"date":"2013-03-09 12:32:46"
},
{
"kids":[],
"uid":"2618482027",
"parent":"",
"text":"回复@一孔只见:官官相护。有钱能让人说鬼话不露怯",
"mid":"zmCDzFjBB",
"date":"2013-03-09 12:30:04"
},
{
"kids":[],
"uid":"2740118663",
"parent":"zmCB9zZPl",
"text":"",
"mid":"zmCDquao9",
"date":"2013-03-09 12:29:42"
},
{
"kids":[],
"uid":"2618482027",
"parent":"",
"text":"回复@一孔只见:哪里是代表的中国法律？他代表的是金钱和权力，他说的那也能叫话？",
"mid":"zmCC8qMAP",
"date":"2013-03-09 12:26:29"
},
{
"kids":[
"zmDcx8l7P",
"zmCLY1oDd",
"zmCEFBNqM",
"zmCDquao9"
],
"uid":"1301827287",
"parent":"zmCsunZLV",
"text":"那算了，我最后一个干了",
"mid":"zmCB9zZPl",
"date":"2013-03-09 12:24:06"
},
{
"kids":[],
"uid":"2747868517",
"parent":"",
"text":"太好的理由啦",
"mid":"zmCB3D6Uy",
"date":"2013-03-09 12:23:52"
},
{
"kids":[
"zmCJRsZgI"
],
"uid":"wanglei79217",
"parent":"zmCgXycAn",
"text":"是磨推鬼",
"mid":"zmCACrYSI",
"date":"2013-03-09 12:22:46"
},
{
"kids":[],
"uid":"2382742870",
"parent":"",
"text":"法律大学？中国有这样的大学？尼玛的校长是贺卫方？造谣也要造的敬业点！[挖鼻屎]",
"mid":"zmCzXFwW7",
"date":"2013-03-09 12:21:09"
},
{
"kids":[],
"uid":"1673369201",
"parent":"",
"text":"轮奸时要第一个上？是这个意思吧",
"mid":"zmCyOdmzI",
"date":"2013-03-09 12:18:20"
},
{
"kids":[
"zmCXvrjXj"
],
"uid":"1059507132",
"parent":"",
"text":"你爹果然厉害！",
"mid":"zmCx7g6m4",
"date":"2013-03-09 12:14:10"
},
{
"kids":[
"zmD6I26Yl"
],
"uid":"2793821543",
"parent":"zmCrTq0md",
"text":"假如法官家女儿强奸为够成什么罪？@广东陈明登:你们什么时候上都是乱奸罪 你那是在坑害你兄弟！:狗日的法官,等会我带一帮兄弟轮奸你老婆,我第一个干@村夫说两句@浅离栈@欠扁君@埃玛Emma@贝月森@不变随缘989@陈娉舒@独上西轩@佛山背后@孤烟暮蝉@胶东县令@老衲关注郎咸平@廉者无敌-365反贪@李咏勤V",
"mid":"zmCwPfEdo",
"date":"2013-03-09 12:13:24"
},
{
"kids":[
"zmCLrejsg"
],
"uid":"liulvshi",
"parent":"zmCvUvgog",
"text":"不是说辟谣了吗？若真那么辩护，是够傻的。",
"mid":"zmCwr2iSC",
"date":"2013-03-09 12:12:28"
},
{
"kids":[],
"uid":"331548562",
"parent":"",
"text":"助纣为虐[哈哈]",
"mid":"zmCwbDzFP",
"date":"2013-03-09 12:11:52"
},
{
"kids":[
"zmCwr2iSC"
],
"uid":"1340737234",
"parent":"zmCfPfzhI",
"text":"这是不实消息，这律师不会这么傻B，这种辩护观点不但不能减轻其罪刑，反而容易将其定为主犯。除非该律师故意向社会透露其应该认定为主犯。",
"mid":"zmCvUvgog",
"date":"2013-03-09 12:11:11"
},
{
"kids":[],
"uid":"617921231",
"parent":"",
"text":"",
"mid":"zmCtWw3PB",
"date":"2013-03-09 12:06:20"
},
{
"kids":[],
"uid":"1028946852",
"parent":"",
"text":"",
"mid":"zmCtTwN3c",
"date":"2013-03-09 12:06:13"
},
{
"kids":[],
"uid":"2349264947",
"parent":"",
"text":"那么，后边几个罪就重喽?他们是谁?",
"mid":"zmCtN2W8L",
"date":"2013-03-09 12:05:56"
},
{
"kids":[],
"uid":"2198668764",
"parent":"zmCq5rVcV",
"text":"带头不是大哥了[哈哈]",
"mid":"zmCtbf8wi",
"date":"2013-03-09 12:04:27"
},
{
"kids":[
"zmCB9zZPl"
],
"uid":"1433779385",
"parent":"",
"text":"[哈哈]，粉了介货",
"mid":"zmCsunZLV",
"date":"2013-03-09 12:02:46"
},
{
"kids":[
"zmCwPfEdo"
],
"uid":"1903139972",
"parent":"",
"text":"你们什么时候上都是乱奸罪",
"mid":"zmCrTq0md",
"date":"2013-03-09 12:01:17"
},
{
"kids":[],
"uid":"3083914202",
"parent":"",
"text":"@王鹏律师 唉",
"mid":"zmCrPhPVM",
"date":"2013-03-09 12:01:06"
},
{
"kids":[],
"uid":"leohuangqi",
"parent":"",
"text":"",
"mid":"zmCrcgX0I",
"date":"2013-03-09 11:59:33"
},
{
"kids":[],
"uid":"132010107",
"parent":"zmCcs1XCU",
"text":"第一个带头的就算是算强奸，那也要重罚。有钱能请60多少人律师团队，他家的钱合不合法？？",
"mid":"zmCqi8cVr",
"date":"2013-03-09 11:57:19"
},
{
"kids":[],
"uid":"tidus227lj",
"parent":"zmCmduZh1",
"text":"擦，这算什么",
"mid":"zmCqg47ML",
"date":"2013-03-09 11:57:14"
},
{
"kids":[
"zmCtbf8wi"
],
"uid":"1009011647",
"parent":"zmCpwzxtr",
"text":"还有这样的解释，想象力真丰富[呵呵]",
"mid":"zmCq5rVcV",
"date":"2013-03-09 11:56:50"
},
{
"kids":[
"zmHlPgBvu",
"zmCVhqdvV"
],
"uid":"3095471507",
"parent":"zmCgveEGX",
"text":"你那是在坑害你兄弟！",
"mid":"zmCq3FR1U",
"date":"2013-03-09 11:56:46"
},
{
"kids":[],
"uid":"2249411625",
"parent":"",
"text":"",
"mid":"zmCpI6EfX",
"date":"2013-03-09 11:55:54"
},
{
"kids":[
"zmCq5rVcV"
],
"uid":"guotubao",
"parent":"",
"text":"[怒骂]李天一等着被人轮了~~",
"mid":"zmCpwzxtr",
"date":"2013-03-09 11:55:26"
},
{
"kids":[],
"uid":"2656655692",
"parent":"zmChGvWZo",
"text":"保的不是老李的儿子，保的是他们迷失了法律的严厉！保的是会让社会更乱，人更坏，会有更多女性被伤害！人在做，天在看！谁没良心护着坏人坏事？谁家会遭殃！因为他家也有女人！",
"mid":"zmCoRsSWC",
"date":"2013-03-09 11:53:48"
},
{
"kids":[],
"uid":"1829949887",
"parent":"",
"text":"",
"mid":"zmCo2ly4H",
"date":"2013-03-09 11:51:46"
},
{
"kids":[],
"uid":"1443514265",
"parent":"",
"text":"他是主犯无疑。正因为他敢带头上，其他人才跟进。",
"mid":"zmCnxn4fY",
"date":"2013-03-09 11:50:31"
},
{
"kids":[],
"uid":"jandm2",
"parent":"zmCmduZh1",
"text":"就是…怎么不说第一个是导火索，罪加一等呢…",
"mid":"zmCn2CtW1",
"date":"2013-03-09 11:49:19"
},
{
"kids":[
"zmCqg47ML",
"zmCn2CtW1"
],
"uid":"zhuviv",
"parent":"zmCjQ4gsK",
"text":"律师这个行当果然和电视里演得差不多",
"mid":"zmCmduZh1",
"date":"2013-03-09 11:47:17"
},
{
"kids":[],
"uid":"3033935347",
"parent":"",
"text":"李天王就是牛，有钱，有势，我估计多半花钱了事。",
"mid":"zmCmahw5j",
"date":"2013-03-09 11:47:10"
},
{
"kids":[],
"uid":"333616661",
"parent":"",
"text":"",
"mid":"zmClECBTE",
"date":"2013-03-09 11:45:54"
},
{
"kids":[],
"uid":"329352528",
"parent":"",
"text":"哈哈……这主意好！律师团可以采纳！另外几个同案犯是谁？！为什么至今没有公布？！",
"mid":"zmClloQSH",
"date":"2013-03-09 11:45:09"
},
{
"kids":[],
"uid":"fraught",
"parent":"",
"text":"",
"mid":"zmCkJ03XB",
"date":"2013-03-09 11:43:36"
},
{
"kids":[
"zmCmduZh1"
],
"uid":"jandm2",
"parent":"zmCic6CVj",
"text":"第一个就不算轮奸？…好吧",
"mid":"zmCjQ4gsK",
"date":"2013-03-09 11:41:24"
},
{
"kids":[],
"uid":"2698364837",
"parent":"zmCgoqJXf",
"text":"放屁，恶心，人渣 @浅离栈@欠扁君@埃玛Emma@贝月森@不变随缘989@村夫说两句@陈娉舒@独上西轩@佛山背后@广东陈明登@孤烟暮蝉@胶东县令@老衲关注郎咸平@老榕@廉者无敌-365反贪@李咏勤V@盈盈营销@超粵当下@轻烟姐姐@慕容晉樑",
"mid":"zmCjli3XB",
"date":"2013-03-09 11:40:13"
},
{
"kids":[
"zmCR1xPTF"
],
"uid":"1903951291",
"parent":"zmCgveEGX",
"text":"[吃惊]",
"mid":"zmCiEb040",
"date":"2013-03-09 11:38:30"
},
{
"kids":[
"zmCjQ4gsK"
],
"uid":"dsks",
"parent":"zmCcc4V2k",
"text":"",
"mid":"zmCic6CVj",
"date":"2013-03-09 11:37:22"
},
{
"kids":[],
"uid":"aimumachoubao",
"parent":"zmCgoqJXf",
"text":"",
"mid":"zmChS0ZlL",
"date":"2013-03-09 11:36:35"
},
{
"kids":[
"zmCoRsSWC"
],
"uid":"2062002290",
"parent":"",
"text":"钱是万能的，没钱是万万不能的。",
"mid":"zmChGvWZo",
"date":"2013-03-09 11:36:08"
},
{
"kids":[
"zmDrHoupJ",
"zmD16wqdy",
"zmCACrYSI"
],
"uid":"2672271903",
"parent":"zmCcc4V2k",
"text":"",
"mid":"zmCgXycAn",
"date":"2013-03-09 11:34:20"
},
{
"kids":[],
"uid":"2629615471",
"parent":"zmCcc4V2k",
"text":"AAPE",
"mid":"zmCgHlASL",
"date":"2013-03-09 11:33:41"
},
{
"kids":[
"zmCJ2BeWY",
"zmCq3FR1U",
"zmCiEb040"
],
"uid":"1301827287",
"parent":"",
"text":"狗日的法官,等会我带一帮兄弟轮奸你老婆,我第一个干",
"mid":"zmCgveEGX",
"date":"2013-03-09 11:33:13"
},
{
"kids":[
"zmCjli3XB",
"zmChS0ZlL"
],
"uid":"514296678",
"parent":"zmCfL7oQC",
"text":"",
"mid":"zmCgoqJXf",
"date":"2013-03-09 11:32:57"
},
{
"kids":[],
"uid":"2339053444",
"parent":"",
"text":"",
"mid":"zmCghCxxU",
"date":"2013-03-09 11:32:41"
},
{
"kids":[],
"uid":"1402254684",
"parent":"",
"text":"中国法律好强大 最终解释权在...../盈盈营销@超粵当下@轻烟姐姐@慕容晉樑@腾讯QQ@微天下@香港成报@袁裕来律师@元芳时评@演员钟雨桐@薛蛮子",
"mid":"zmCgdd2C0",
"date":"2013-03-09 11:32:30"
},
{
"kids":[
"zmH1FzVWM",
"zmCvUvgog"
],
"uid":"sdzhuyuhua",
"parent":"zmCeA6oNR",
"text":"",
"mid":"zmCfPfzhI",
"date":"2013-03-09 11:31:33"
},
{
"kids":[
"zmCgoqJXf"
],
"uid":"329352528",
"parent":"zmCeEez8t",
"text":"如李天一不构成轮奸，则律师团便构成了“轮奸法律”！",
"mid":"zmCfL7oQC",
"date":"2013-03-09 11:31:22"
},
{
"kids":[],
"uid":"2315466092",
"parent":"zmCcc4V2k",
"text":"老大先上！[吐]",
"mid":"zmCf61ljs",
"date":"2013-03-09 11:29:45"
},
{
"kids":[],
"uid":"3227700773",
"parent":"",
"text":"[怒]",
"mid":"zmCf5reDo",
"date":"2013-03-09 11:29:44"
},
{
"kids":[],
"uid":"1650154037",
"parent":"",
"text":"如果他戴了套子，连强奸都不算了，多好 [怒骂]",
"mid":"zmCf4gokG",
"date":"2013-03-09 11:29:41"
},
{
"kids":[],
"uid":"239678861",
"parent":"",
"text":"",
"mid":"zmCf12dkk",
"date":"2013-03-09 11:29:33"
},
{
"kids":[
"zmCfL7oQC"
],
"uid":"3090864755",
"parent":"zmCa6omNv",
"text":"转",
"mid":"zmCeEez8t",
"date":"2013-03-09 11:28:38"
},
{
"kids":[
"zmCfPfzhI"
],
"uid":"2951791080",
"parent":"",
"text":"得了便宜还卖“乖”。",
"mid":"zmCeA6oNR",
"date":"2013-03-09 11:28:28"
},
{
"kids":[],
"uid":"1406819774",
"parent":"",
"text":"—切皆有可能[怒]",
"mid":"zmCeprWcx",
"date":"2013-03-09 11:28:03"
},
{
"kids":[],
"uid":"2116830460",
"parent":"zmCcc4V2k",
"text":"[怒]",
"mid":"zmCemuBVs",
"date":"2013-03-09 11:27:56"
},
{
"kids":[
"zmCHz1Q8d"
],
"uid":"2775153473",
"parent":"",
"text":"有钱就是好，墙头草兩边倒，有什侯这律师唉",
"mid":"zmCedl29Z",
"date":"2013-03-09 11:27:35"
},
{
"kids":[],
"uid":"3095471507",
"parent":"zmCbP1wDY",
"text":"该叫兽又出名了！",
"mid":"zmCdGAdNh",
"date":"2013-03-09 11:26:16"
},
{
"kids":[],
"uid":"2563801992",
"parent":"zmCcc4V2k",
"text":"[怒][怒]",
"mid":"zmCdFm0mD",
"date":"2013-03-09 11:26:14"
},
{
"kids":[],
"uid":"2242633455",
"parent":"zmCcc4V2k",
"text":"建议判死刑。",
"mid":"zmCcS47bj",
"date":"2013-03-09 11:24:14"
},
{
"kids":[],
"uid":"3141705982",
"parent":"zmCcc4V2k",
"text":"[怒]为我们女士们声援",
"mid":"zmCcuo4Hf",
"date":"2013-03-09 11:23:21"
},
{
"kids":[
"zmCqi8cVr"
],
"uid":"3211612497",
"parent":"",
"text":"以前的轮奸犯里的笫一个人都不是判的轮奸罪嗎???",
"mid":"zmCcs1XCU",
"date":"2013-03-09 11:23:14"
},
{
"kids":[
"zmEp8qdWM",
"zmCic6CVj",
"zmCgXycAn",
"zmCgHlASL",
"zmCf61ljs",
"zmCemuBVs",
"zmCdFm0mD",
"zmCcS47bj",
"zmCcuo4Hf"
],
"uid":"2908970893",
"parent":"zmCa6omNv",
"text":"[怒]为我们女士们声援",
"mid":"zmCcc4V2k",
"date":"2013-03-09 11:22:36"
},
{
"kids":[],
"uid":"1903139972",
"parent":"",
"text":"李爸真厉害",
"mid":"zmCcazBJu",
"date":"2013-03-09 11:22:31"
},
{
"kids":[],
"uid":"2664991061",
"parent":"",
"text":"",
"mid":"zmCcal3NE",
"date":"2013-03-09 11:22:31"
},
{
"kids":[
"zmCdGAdNh"
],
"uid":"laopan1948",
"parent":"zmCa6omNv",
"text":"臭叫兽张爱国应说李是轮奸首犯！/@潘羽V@浅离栈@欠扁君@埃玛Emma@贝月森@不变随缘989@村夫说两句@陈娉舒@独上西轩@佛山背后@广东陈明登@孤烟暮蝉@胶东县令@老衲关注郎咸平@老榕@廉者无敌-365反贪@李咏勤V@盈盈营销@超粵当下@轻烟姐姐@慕容晉樑@腾讯QQ@微天下@香港成报@袁裕来律师@元芳时评@演员钟雨桐",
"mid":"zmCbP1wDY",
"date":"2013-03-09 11:21:40"
},
{
"kids":[
"zmCeEez8t",
"zmCcc4V2k",
"zmCbP1wDY"
],
"uid":"3095471507",
"parent":"",
"text":"@浅离栈@欠扁君@埃玛Emma@贝月森@不变随缘989@村夫说两句@陈娉舒@独上西轩@佛山背后@广东陈明登@孤烟暮蝉@胶东县令@老衲关注郎咸平@老榕@廉者无敌-365反贪@李咏勤V@盈盈营销@超粵当下@轻烟姐姐@慕容晉樑@腾讯QQ@微天下@香港成报@袁裕来律师@元芳时评@演员钟雨桐@薛蛮子",
"mid":"zmCa6omNv",
"date":"2013-03-09 11:17:27"
},
{
"kids":[],
"uid":"2320619603",
"parent":"",
"text":"[汗]",
"mid":"zmC7K5E7X",
"date":"2013-03-09 11:11:38"
}
]