[
{
"kids":[],
"uid":"2920043584",
"parent":"znhAhpN8W",
"text":"",
"mid":"zrqxjy94T",
"date":"2013-04-10 02:53:12"
},
{
"kids":[],
"uid":"2919606314",
"parent":"znhAhpN8W",
"text":"",
"mid":"zrgTCdbQ3",
"date":"2013-04-09 02:20:40"
},
{
"kids":[],
"uid":"2789718042",
"parent":"znhAhpN8W",
"text":"",
"mid":"zrgTBBy7R",
"date":"2013-04-09 02:20:39"
},
{
"kids":[],
"uid":"1725876040",
"parent":"znhAhpN8W",
"text":"",
"mid":"zqwGF7nld",
"date":"2013-04-04 04:42:24"
},
{
"kids":[],
"uid":"2804722554",
"parent":"znhAhpN8W",
"text":"",
"mid":"zqtZ8idJT",
"date":"2013-04-03 21:49:40"
},
{
"kids":[],
"uid":"2919961130",
"parent":"znhAhpN8W",
"text":"",
"mid":"zqtZ8idGO",
"date":"2013-04-03 21:49:40"
},
{
"kids":[],
"uid":"3194511584",
"parent":"zngJbkVX8",
"text":"真不知为什么有人造这种谣啊",
"mid":"znisj7yhc",
"date":"2013-03-13 22:57:40"
},
{
"kids":[],
"uid":"1884418974",
"parent":"znexSCxzc",
"text":"消息是假的哟，都出来辟谣了的，被去世。。。",
"mid":"zninErPqy",
"date":"2013-03-13 22:46:12"
},
{
"kids":[
"zrqxjy94T",
"zrgTCdbQ3",
"zrgTBBy7R",
"zqwGF7nld",
"zqtZ8idJT",
"zqtZ8idGO"
],
"uid":"zhangyoulai",
"parent":"zne5WspFM",
"text":"一路走好，荧屏永在",
"mid":"znhAhpN8W",
"date":"2013-03-13 20:44:32"
},
{
"kids":[],
"uid":"1872545595",
"parent":"zneeU1zt6",
"text":"悟空走了?!!!!!!!!",
"mid":"znh5St9vF",
"date":"2013-03-13 19:29:39"
},
{
"kids":[
"znisj7yhc"
],
"uid":"3194511584",
"parent":"znfw2DQe1",
"text":"SIGH@一得斋:英年早逝，太可惜了![蜡烛][蜡烛][蜡烛]",
"mid":"zngJbkVX8",
"date":"2013-03-13 18:33:43"
},
{
"kids":[],
"uid":"2084982350",
"parent":"",
"text":"假的啦",
"mid":"zngwo0Aac",
"date":"2013-03-13 18:02:11"
},
{
"kids":[],
"uid":"lijiangsitu",
"parent":"",
"text":"我想说的是，他还活得好好的，只是又被传死讯送别[汗][汗][汗][汗][汗][害羞][汗]",
"mid":"znggJxUeT",
"date":"2013-03-13 17:23:40"
},
{
"kids":[],
"uid":"2457010321",
"parent":"zng9Di9d2",
"text":"大家别听博主乱说啊！博主尼玛逼神经病啊？？一天到晚张起嘴巴乱开黄腔 人家活的好好的说啥死呢？人家微博都辟谣了你丫的还不删微博？？？",
"mid":"zngg2Fw3n",
"date":"2013-03-13 17:21:58"
},
{
"kids":[],
"uid":"3223667372",
"parent":"",
"text":"",
"mid":"zngg0n6pY",
"date":"2013-03-13 17:21:50"
},
{
"kids":[],
"uid":"leslie520",
"parent":"zng9Di9d2",
"text":"",
"mid":"zngaO0g6V",
"date":"2013-03-13 17:09:02"
},
{
"kids":[
"zngg2Fw3n",
"zngaO0g6V"
],
"uid":"lijiangsitu",
"parent":"zndknq47w",
"text":"他又被送别了[汗]",
"mid":"zng9Di9d2",
"date":"2013-03-13 17:06:09"
},
{
"kids":[],
"uid":"1289389992",
"parent":"",
"text":"真的假的？",
"mid":"zng4KoL4l",
"date":"2013-03-13 16:54:08"
},
{
"kids":[],
"uid":"wanghaiyu881115",
"parent":"zneOMrElg",
"text":"谣言啊。。？真可怕。。我2了",
"mid":"znfZAmiQu",
"date":"2013-03-13 16:41:25"
},
{
"kids":[],
"uid":"barbaraxi",
"parent":"znfAZ3N5L",
"text":"这不是真的吧，过年的时候还看他的节目呢[可怜]",
"mid":"znfEE0Xoe",
"date":"2013-03-13 15:49:48"
},
{
"kids":[],
"uid":"2178569147",
"parent":"",
"text":"这版西游是我离世的爷爷唯一看的电视剧，并且百看不厌的电视剧~愿你们在天堂一切安好~",
"mid":"znfCOxptL",
"date":"2013-03-13 15:45:16"
},
{
"kids":[
"znfEE0Xoe"
],
"uid":"2141466561",
"parent":"znd4132rS",
"text":"",
"mid":"znfAZ3N5L",
"date":"2013-03-13 15:40:48"
},
{
"kids":[
"zngJbkVX8"
],
"uid":"1809698524",
"parent":"zncIqa7M1",
"text":"回复@Barbara苑:精辟呀!二师兄跑得沙师弟的地盘里，大师兄也得被冤死。那么师傅呢?",
"mid":"znfw2DQe1",
"date":"2013-03-13 15:28:38"
},
{
"kids":[],
"uid":"1606665684",
"parent":"znfpKhaMd",
"text":"发帖者？",
"mid":"znftrySsG",
"date":"2013-03-13 15:22:12"
},
{
"kids":[],
"uid":"2035285782",
"parent":"zneD3frPp",
"text":"别转啦，假新闻！",
"mid":"znfsdlAT4",
"date":"2013-03-13 15:19:12"
},
{
"kids":[
"znftrySsG"
],
"uid":"xuleihao",
"parent":"",
"text":"发帖者已离世，大家来烧香[蜡烛]",
"mid":"znfpKhaMd",
"date":"2013-03-13 15:13:06"
},
{
"kids":[],
"uid":"2105915491",
"parent":"zndrHjoDR",
"text":"到底是不是真的？[疑问]",
"mid":"znfmfEyEM",
"date":"2013-03-13 15:04:29"
},
{
"kids":[],
"uid":"trantor",
"parent":"zneD3frPp",
"text":"回复@毛毛鱼Jane:晕，这谁造的谣，神马居心？！",
"mid":"znflDfLuQ",
"date":"2013-03-13 15:02:59"
},
{
"kids":[],
"uid":"1767944137",
"parent":"",
"text":"[蜡烛]我们那代人的深刻记忆···",
"mid":"znfkH2Wif",
"date":"2013-03-13 15:00:40"
},
{
"kids":[],
"uid":"2439853102",
"parent":"",
"text":"沙师弟，大师兄被阎王抓走了！！！",
"mid":"znfjbqoai",
"date":"2013-03-13 14:56:56"
},
{
"kids":[],
"uid":"1425550431",
"parent":"zneD3frPp",
"text":"很突然...",
"mid":"znfiMf9TA",
"date":"2013-03-13 14:55:57"
},
{
"kids":[],
"uid":"1414677760",
"parent":"zneMY9VN2",
"text":"啊，我前几天还看见他上节目呢，不敢相信[蜡烛]",
"mid":"znfeZ5Zde",
"date":"2013-03-13 14:46:36"
},
{
"kids":[],
"uid":"zhuyinyan1988",
"parent":"znd3I8UNj",
"text":"假的吧？",
"mid":"znfcl3soc",
"date":"2013-03-13 14:40:05"
},
{
"kids":[],
"uid":"2578030511",
"parent":"znewUnzl5",
"text":"猴哥，走好!",
"mid":"znfaBtlRn",
"date":"2013-03-13 14:35:48"
},
{
"kids":[],
"uid":"2173054912",
"parent":"zndbngdY3",
"text":"[蜡烛][蜡烛][蜡烛]",
"mid":"znf6Q6ZNI",
"date":"2013-03-13 14:26:31"
},
{
"kids":[],
"uid":"1689248142",
"parent":"",
"text":"[蜡烛]",
"mid":"znf5aCsNn",
"date":"2013-03-13 14:22:26"
},
{
"kids":[],
"uid":"mandywang1224",
"parent":"znezioPKv",
"text":"晕倒",
"mid":"znf2BDCTy",
"date":"2013-03-13 14:16:05"
},
{
"kids":[],
"uid":"shmily4ever",
"parent":"",
"text":"谣言止于智者",
"mid":"zneYfgkU7",
"date":"2013-03-13 14:05:21"
},
{
"kids":[],
"uid":"hanxiaochu90",
"parent":"zneWlmUcs",
"text":"[酷]果然是假的。。。",
"mid":"zneWMhhf5",
"date":"2013-03-13 14:01:45"
},
{
"kids":[
"zneWMhhf5"
],
"uid":"hanxiaochu90",
"parent":"",
"text":"[蜡烛]不是吧？我不信！！[泪]",
"mid":"zneWlmUcs",
"date":"2013-03-13 14:00:41"
},
{
"kids":[],
"uid":"2237165144",
"parent":"zneJwtKJt",
"text":"真的假的？？感觉不会再爱了",
"mid":"zneV9eURV",
"date":"2013-03-13 13:57:44"
},
{
"kids":[],
"uid":"1935499252",
"parent":"",
"text":"[蜡烛]",
"mid":"zneTGx3nn",
"date":"2013-03-13 13:54:08"
},
{
"kids":[],
"uid":"2125154215",
"parent":"zneMY9VN2",
"text":"不是辟谣了吗……",
"mid":"zneRB64PX",
"date":"2013-03-13 13:48:59"
},
{
"kids":[
"znfZAmiQu"
],
"uid":"duchensebastiano",
"parent":"zneMDrSjf",
"text":"逗 自己去搜搜死没死",
"mid":"zneOMrElg",
"date":"2013-03-13 13:42:03"
},
{
"kids":[],
"uid":"liqiuqiu624",
"parent":"zneMY9VN2",
"text":"@六小龄童",
"mid":"zneOf5SLM",
"date":"2013-03-13 13:40:43"
},
{
"kids":[],
"uid":"0522zeying",
"parent":"",
"text":"[蜡烛][蜡烛][蜡烛]",
"mid":"zneO3cS3Y",
"date":"2013-03-13 13:40:14"
},
{
"kids":[],
"uid":"2484158774",
"parent":"zneD3frPp",
"text":"这么年轻就去世了?RIP[蜡烛]",
"mid":"zneNXlepY",
"date":"2013-03-13 13:40:01"
},
{
"kids":[
"znfeZ5Zde",
"zneRB64PX",
"zneOf5SLM"
],
"uid":"mimicatmao",
"parent":"",
"text":"啊！！！",
"mid":"zneMY9VN2",
"date":"2013-03-13 13:37:34"
},
{
"kids":[
"zneOMrElg"
],
"uid":"wanghaiyu881115",
"parent":"znemh5Nko",
"text":"",
"mid":"zneMDrSjf",
"date":"2013-03-13 13:36:45"
},
{
"kids":[],
"uid":"2183395322",
"parent":"zneBOFhLu",
"text":"你妹妹的，又是谣言，目测发这个帖子的人自己快不行了，死于2月13日",
"mid":"zneMeDYfZ",
"date":"2013-03-13 13:35:47"
},
{
"kids":[
"zneV9eURV"
],
"uid":"2189586067",
"parent":"zndBipt94",
"text":"我说说刚转了",
"mid":"zneJwtKJt",
"date":"2013-03-13 13:29:05"
},
{
"kids":[],
"uid":"2683930731",
"parent":"",
"text":"不可能吧。",
"mid":"zneJnnhVE",
"date":"2013-03-13 13:28:44"
},
{
"kids":[],
"uid":"1999688365",
"parent":"",
"text":"[蜡烛]",
"mid":"zneHTqYX6",
"date":"2013-03-13 13:25:03"
},
{
"kids":[
"znfsdlAT4",
"znflDfLuQ",
"znfiMf9TA",
"zneNXlepY"
],
"uid":"trantor",
"parent":"znezXayNh",
"text":"[蜡烛]",
"mid":"zneD3frPp",
"date":"2013-03-13 13:13:09"
},
{
"kids":[
"zneMeDYfZ"
],
"uid":"2183395322",
"parent":"",
"text":"猴哥。。以後二師兄被妖怪抓走了該怎麼辦",
"mid":"zneBOFhLu",
"date":"2013-03-13 13:10:07"
},
{
"kids":[],
"uid":"2293118083",
"parent":"znexSCxzc",
"text":"猴哥[蜡烛][蜡烛][蜡烛]",
"mid":"zneAGD6K6",
"date":"2013-03-13 13:07:20"
},
{
"kids":[],
"uid":"2084982350",
"parent":"",
"text":"[蜡烛][蜡烛]",
"mid":"zneAmj6tc",
"date":"2013-03-13 13:06:31"
},
{
"kids":[
"zneD3frPp"
],
"uid":"microbesf",
"parent":"",
"text":"",
"mid":"znezXayNh",
"date":"2013-03-13 13:05:31"
},
{
"kids":[],
"uid":"317156000",
"parent":"znegyx60W",
"text":"这是一个假消息~~~@六小龄童",
"mid":"znezykqri",
"date":"2013-03-13 13:04:30"
},
{
"kids":[
"znf2BDCTy"
],
"uid":"2698418284",
"parent":"",
"text":"啊，这种事也好说的啊，太没品了[怒]",
"mid":"znezioPKv",
"date":"2013-03-13 13:03:53"
},
{
"kids":[],
"uid":"floodfill",
"parent":"zneizusQo",
"text":"造谣一时爽，全家火葬场",
"mid":"znez03Mbz",
"date":"2013-03-13 13:03:10"
},
{
"kids":[],
"uid":"1689922901",
"parent":"zneduvKwN",
"text":"好啦，据说是假消息啦",
"mid":"zneyljzDW",
"date":"2013-03-13 13:01:31"
},
{
"kids":[
"zninErPqy",
"zneAGD6K6"
],
"uid":"vivianazhusiqin",
"parent":"zneduvKwN",
"text":"53就[蜡烛][蜡烛]",
"mid":"znexSCxzc",
"date":"2013-03-13 13:00:25"
},
{
"kids":[],
"uid":"1952154445",
"parent":"zneosrSQb",
"text":"太突然啦[吃惊]",
"mid":"znex8h1Oq",
"date":"2013-03-13 12:58:34"
},
{
"kids":[
"znfaBtlRn"
],
"uid":"marquis00",
"parent":"",
"text":"初看也吓一跳，多亏有辟谣。猴哥在一天，至少在赶脚上俺们的童年还算完整一点。成也网络，败也网络。职业闲人们为赚眼球，有点玩出圈了。",
"mid":"znewUnzl5",
"date":"2013-03-13 12:58:00"
},
{
"kids":[],
"uid":"2212989531",
"parent":"znedpeRUN",
"text":"假消息，@六小龄童 在围脖上都澄清了，对不住啊猴哥[委屈][闭嘴]",
"mid":"znevqsBoY",
"date":"2013-03-13 12:54:22"
},
{
"kids":[],
"uid":"tongzhounewcity",
"parent":"znenoyOHo",
"text":"赶快删了，我的粉丝不应该是这种智商。",
"mid":"znev1BJuQ",
"date":"2013-03-13 12:53:22"
},
{
"kids":[],
"uid":"2745365961",
"parent":"znedpeRUN",
"text":"",
"mid":"zneuFrZpf",
"date":"2013-03-13 12:52:30"
},
{
"kids":[],
"uid":"2637189680",
"parent":"zndjpsKGj",
"text":"一路走好[泪][泪][泪][蜡烛][蜡烛][蜡烛]",
"mid":"znetjxuqL",
"date":"2013-03-13 12:49:10"
},
{
"kids":[],
"uid":"anlanilove",
"parent":"znemrbZkb",
"text":"假消息，人家还活的好好的",
"mid":"znerU5mF3",
"date":"2013-03-13 12:45:40"
},
{
"kids":[],
"uid":"wuguiliulang",
"parent":"zneqPBaPD",
"text":"不知道啊",
"mid":"zner5h71U",
"date":"2013-03-13 12:43:39"
},
{
"kids":[
"zner5h71U"
],
"uid":"emtire",
"parent":"zneosrSQb",
"text":"真的假的啊，不太敢相信！前两天还看到照片在拍戏，还有人让他评价周星驰的西游的",
"mid":"zneqPBaPD",
"date":"2013-03-13 12:43:02"
},
{
"kids":[],
"uid":"1071759792",
"parent":"",
"text":"假的吧。。。每年暑假都看的电视剧，百看不厌。。。[泪][蜡烛][蜡烛]",
"mid":"zneqLcCRT",
"date":"2013-03-13 12:42:52"
},
{
"kids":[],
"uid":"1905222017",
"parent":"zneplEMCW",
"text":"一看辟谣了，下次要先去看看",
"mid":"znepXw5Eq",
"date":"2013-03-13 12:40:53"
},
{
"kids":[],
"uid":"2726685645",
"parent":"znedpeRUN",
"text":"童年的记忆，永远的回忆-------",
"mid":"znepFbeJf",
"date":"2013-03-13 12:40:10"
},
{
"kids":[
"znepXw5Eq"
],
"uid":"1905222017",
"parent":"zndrHjoDR",
"text":"猴哥成佛了，一路好走",
"mid":"zneplEMCW",
"date":"2013-03-13 12:39:23"
},
{
"kids":[
"znex8h1Oq",
"zneqPBaPD"
],
"uid":"wuguiliulang",
"parent":"znemrbZkb",
"text":"",
"mid":"zneosrSQb",
"date":"2013-03-13 12:37:11"
},
{
"kids":[
"znev1BJuQ"
],
"uid":"1162289615",
"parent":"",
"text":"猴哥真的走了[泪]",
"mid":"znenoyOHo",
"date":"2013-03-13 12:34:36"
},
{
"kids":[
"znerU5mF3",
"zneosrSQb"
],
"uid":"2382384391",
"parent":"znedpeRUN",
"text":"啊！！！永恒的经典！[蜡烛][蜡烛]",
"mid":"znemrbZkb",
"date":"2013-03-13 12:32:13"
},
{
"kids":[
"zneMDrSjf"
],
"uid":"xn0830",
"parent":"",
"text":"",
"mid":"znemh5Nko",
"date":"2013-03-13 12:31:49"
},
{
"kids":[],
"uid":"1886740910",
"parent":"",
"text":"人家猴哥都出来澄清了，人家还在拍戏",
"mid":"znejtl6Z1",
"date":"2013-03-13 12:24:53"
},
{
"kids":[
"znez03Mbz"
],
"uid":"floodfill",
"parent":"",
"text":"Rest in peace",
"mid":"zneizusQo",
"date":"2013-03-13 12:22:42"
},
{
"kids":[],
"uid":"wing4me",
"parent":"zndknq47w",
"text":"我第一次看电视看哭了是他被压在五行山下，身上一层苔藓，眼中愤怒不甘[泪]",
"mid":"zneiztWxt",
"date":"2013-03-13 12:22:42"
},
{
"kids":[],
"uid":"2698418284",
"parent":"zncXO0pSV",
"text":"不会吧，好年轻诶[蜡烛][蜡烛][蜡烛]",
"mid":"zneijisq7",
"date":"2013-03-13 12:22:03"
},
{
"kids":[
"znezykqri"
],
"uid":"2677231694",
"parent":"",
"text":"[蜡烛][蜡烛][蜡烛]",
"mid":"znegyx60W",
"date":"2013-03-13 12:17:43"
},
{
"kids":[
"znh5St9vF"
],
"uid":"1741612874",
"parent":"znedpeRUN",
"text":"",
"mid":"zneeU1zt6",
"date":"2013-03-13 12:13:38"
},
{
"kids":[
"zneyljzDW",
"znexSCxzc"
],
"uid":"1689922901",
"parent":"",
"text":"[蜡烛]",
"mid":"zneduvKwN",
"date":"2013-03-13 12:10:11"
},
{
"kids":[
"znevqsBoY",
"zneuFrZpf",
"znepFbeJf",
"znemrbZkb",
"zneeU1zt6"
],
"uid":"2212989531",
"parent":"zndQeu7un",
"text":"才53…咋就……[生病]",
"mid":"znedpeRUN",
"date":"2013-03-13 12:09:59"
},
{
"kids":[],
"uid":"philiphuanggz",
"parent":"znebE8Aq8",
"text":"3月13日凌晨1:18，微博某加V人士曝出六小龄童去世的消息，目前已被证实是假消息。这人是不是想出名想疯了！TM的有病！",
"mid":"znedl4zkx",
"date":"2013-03-13 12:09:48"
},
{
"kids":[
"znedl4zkx"
],
"uid":"philiphuanggz",
"parent":"zndknq47w",
"text":"不会吧？！？！？！？！？[泪]",
"mid":"znebE8Aq8",
"date":"2013-03-13 12:05:38"
},
{
"kids":[],
"uid":"yukilee0219",
"parent":"zndEEasNz",
"text":"@竟然系我 真嗄？",
"mid":"zneb8fVVH",
"date":"2013-03-13 12:04:22"
},
{
"kids":[],
"uid":"1843122464",
"parent":"zne8fa1Vo",
"text":"刚才骗了我的感情，我还为此难过了。",
"mid":"zneattZVG",
"date":"2013-03-13 12:02:44"
},
{
"kids":[],
"uid":"ereyang",
"parent":"zne8fa1Vo",
"text":"不实消息！！！",
"mid":"zne92xJ9H",
"date":"2013-03-13 11:59:11"
},
{
"kids":[
"zneattZVG",
"zne92xJ9H"
],
"uid":"1738427767",
"parent":"zndwTF3oU",
"text":"刚看到举报，这是不实消息。",
"mid":"zne8fa1Vo",
"date":"2013-03-13 11:57:15"
},
{
"kids":[
"znhAhpN8W"
],
"uid":"1848262255",
"parent":"zndNRkiNS",
"text":"不会吧。。。",
"mid":"zne5WspFM",
"date":"2013-03-13 11:51:35"
},
{
"kids":[],
"uid":"1934217113",
"parent":"",
"text":"[蜡烛]",
"mid":"zne2tARAZ",
"date":"2013-03-13 11:43:03"
},
{
"kids":[],
"uid":"yaoyaoqueenie",
"parent":"",
"text":"右边们。。。人家已经官微辟谣了。。。",
"mid":"zne2f8h0W",
"date":"2013-03-13 11:42:28"
},
{
"kids":[],
"uid":"2048013884",
"parent":"zndSuAKLK",
"text":"不是吧？！",
"mid":"zndYgpD27",
"date":"2013-03-13 11:32:40"
},
{
"kids":[],
"uid":"2540529354",
"parent":"",
"text":"永远的悟空，大圣，小时候最崇拜的偶像[蜡烛][蜡烛]",
"mid":"zndXRyHWg",
"date":"2013-03-13 11:31:40"
},
{
"kids":[],
"uid":"2275095752",
"parent":"zndNRkiNS",
"text":"好像有辟谣是假的。。。[晕]希望如此",
"mid":"zndTcj2au",
"date":"2013-03-13 11:20:10"
},
{
"kids":[],
"uid":"1978858633",
"parent":"zndHKgXgq",
"text":"好像是假的。。。",
"mid":"zndSQsnhL",
"date":"2013-03-13 11:19:19"
},
{
"kids":[],
"uid":"belonxu",
"parent":"",
"text":"是假的，已经澄清了",
"mid":"zndSKuP20",
"date":"2013-03-13 11:19:05"
},
{
"kids":[
"zndYgpD27"
],
"uid":"kilen",
"parent":"zndEEasNz",
"text":"[泪][蜡烛]甘后生",
"mid":"zndSuAKLK",
"date":"2013-03-13 11:18:27"
},
{
"kids":[],
"uid":"1950968535",
"parent":"",
"text":"别转了。是谣言",
"mid":"zndRO1t70",
"date":"2013-03-13 11:16:44"
},
{
"kids":[
"znedpeRUN"
],
"uid":"xintengni1314",
"parent":"zndHKgXgq",
"text":"大师兄一路走好",
"mid":"zndQeu7un",
"date":"2013-03-13 11:12:51"
},
{
"kids":[
"zne5WspFM",
"zndTcj2au"
],
"uid":"2275095752",
"parent":"",
"text":"[泪][蜡烛]",
"mid":"zndNRkiNS",
"date":"2013-03-13 11:07:02"
},
{
"kids":[],
"uid":"219851101",
"parent":"",
"text":"@六小龄童 假的啊",
"mid":"zndLG2geb",
"date":"2013-03-13 11:01:37"
},
{
"kids":[],
"uid":"1703486057",
"parent":"zncLOyQP3",
"text":"过年的时候还看他出现在“我有传家宝”节目呢，太悲伤了。[蜡烛]",
"mid":"zndJYeyJy",
"date":"2013-03-13 10:57:28"
},
{
"kids":[],
"uid":"1934568072",
"parent":"zndc23a6r",
"text":"又一个被死亡的[汗]",
"mid":"zndISgdwk",
"date":"2013-03-13 10:54:44"
},
{
"kids":[],
"uid":"1626612900",
"parent":"znd6pFi9s",
"text":"请大家转发之前百度一下行吗 六小龄童要哭了",
"mid":"zndIfh6Dv",
"date":"2013-03-13 10:53:12"
},
{
"kids":[
"zndSQsnhL",
"zndQeu7un"
],
"uid":"2234143200",
"parent":"znd04ofur",
"text":"啊••••[泪]",
"mid":"zndHKgXgq",
"date":"2013-03-13 10:51:58"
},
{
"kids":[],
"uid":"1376413481",
"parent":"",
"text":"？？？？？？？？求辟谣",
"mid":"zndHaaVRv",
"date":"2013-03-13 10:50:32"
},
{
"kids":[],
"uid":"1950968535",
"parent":"zndaq934w",
"text":"@Dark-苏疯风 三爷你百度下 这事假的。。。。。。。。。。。。。。。。。。。。。。。。。。。。。。。。。。。。。。。。。。。。。。。。。。。。。。。。。。。。。。。。。。。。。。。。。。。。。。。。。。。。。。。。。。。。。。。。。。。。。。。。。",
"mid":"zndGB2nN7",
"date":"2013-03-13 10:49:07"
},
{
"kids":[],
"uid":"2823460643",
"parent":"zndkdEQmE",
"text":"",
"mid":"zndEGxOT1",
"date":"2013-03-13 10:44:26"
},
{
"kids":[
"zneb8fVVH",
"zndSuAKLK"
],
"uid":"allycheng",
"parent":"",
"text":"啊？猴哥走了[悲伤][蜡烛]",
"mid":"zndEEasNz",
"date":"2013-03-13 10:44:20"
},
{
"kids":[],
"uid":"daisyluk",
"parent":"zndzTzEwm",
"text":"别扯了，绍兴没有这个医院！！！",
"mid":"zndE7mgzZ",
"date":"2013-03-13 10:43:01"
},
{
"kids":[],
"uid":"1659888565",
"parent":"zndwTF3oU",
"text":"可惜,得了什么病?",
"mid":"zndBvqUem",
"date":"2013-03-13 10:36:36"
},
{
"kids":[
"zneJwtKJt"
],
"uid":"erichuage",
"parent":"zndgSwPro",
"text":"辟谣，六小龄童还活的很好。看来以后不能随便转发了。",
"mid":"zndBipt94",
"date":"2013-03-13 10:36:05"
},
{
"kids":[
"zndE7mgzZ"
],
"uid":"maipiao",
"parent":"zncXHu7zD",
"text":"很多人说是假消息，请发布消息的@允昊0808 澄清一下消息来源",
"mid":"zndzTzEwm",
"date":"2013-03-13 10:32:38"
},
{
"kids":[],
"uid":"1947610112",
"parent":"",
"text":"一路走好[蜡烛]",
"mid":"zndymq7BR",
"date":"2013-03-13 10:28:51"
},
{
"kids":[
"zne8fa1Vo",
"zndBvqUem"
],
"uid":"1738427767",
"parent":"zncJcAZZT",
"text":"[蜡烛]",
"mid":"zndwTF3oU",
"date":"2013-03-13 10:25:14"
},
{
"kids":[],
"uid":"1210687250",
"parent":"",
"text":"假新闻啊！！！猴哥亲自出来辟谣了呀",
"mid":"zndtqyhHs",
"date":"2013-03-13 10:16:41"
},
{
"kids":[
"znfmfEyEM",
"zneplEMCW"
],
"uid":"1869665991",
"parent":"zncLX7ApC",
"text":"",
"mid":"zndrHjoDR",
"date":"2013-03-13 10:12:26"
},
{
"kids":[],
"uid":"1150171483",
"parent":"",
"text":"假消息",
"mid":"zndoEcVDS",
"date":"2013-03-13 10:04:55"
},
{
"kids":[],
"uid":"2274950957",
"parent":"",
"text":"",
"mid":"zndkV7v3o",
"date":"2013-03-13 09:55:44"
},
{
"kids":[
"zng9Di9d2",
"zneiztWxt",
"znebE8Aq8"
],
"uid":"dolelu",
"parent":"",
"text":"[蜡烛]猴王一路好走！",
"mid":"zndknq47w",
"date":"2013-03-13 09:54:24"
},
{
"kids":[
"zndEGxOT1"
],
"uid":"2506156344",
"parent":"zndjpsKGj",
"text":"",
"mid":"zndkdEQmE",
"date":"2013-03-13 09:54:00"
},
{
"kids":[
"znetjxuqL",
"zndkdEQmE"
],
"uid":"1949116975",
"parent":"",
"text":"",
"mid":"zndjpsKGj",
"date":"2013-03-13 09:52:01"
},
{
"kids":[],
"uid":"chenyenannan",
"parent":"znd3I8UNj",
"text":"绍兴哪有什么慈济医院",
"mid":"zndikDw4h",
"date":"2013-03-13 09:49:21"
},
{
"kids":[],
"uid":"s1g3y1y4z",
"parent":"zncXHu7zD",
"text":"真的假的",
"mid":"zndhN1m4m",
"date":"2013-03-13 09:48:01"
},
{
"kids":[],
"uid":"2094027013",
"parent":"",
"text":"靠死你的哦",
"mid":"zndhHD4Ig",
"date":"2013-03-13 09:47:49"
},
{
"kids":[
"zndBipt94"
],
"uid":"erichuage",
"parent":"",
"text":"[蜡烛]",
"mid":"zndgSwPro",
"date":"2013-03-13 09:45:46"
},
{
"kids":[],
"uid":"2009047325",
"parent":"zncVZ82ZF",
"text":"真的吗？",
"mid":"zndgBovLg",
"date":"2013-03-13 09:45:04"
},
{
"kids":[
"zndISgdwk"
],
"uid":"luckydouname",
"parent":"",
"text":"似乎人已经辟谣了，这是个假消息，人还在片场拍戏呢。。。",
"mid":"zndc23a6r",
"date":"2013-03-13 09:33:50"
},
{
"kids":[
"znf6Q6ZNI"
],
"uid":"1321718857",
"parent":"",
"text":"[蜡烛][蜡烛][蜡烛]",
"mid":"zndbngdY3",
"date":"2013-03-13 09:32:13"
},
{
"kids":[],
"uid":"2784189952",
"parent":"",
"text":"是不是真的？？？？？",
"mid":"zndaUAO0H",
"date":"2013-03-13 09:31:04"
},
{
"kids":[],
"uid":"c3crm",
"parent":"",
"text":"",
"mid":"zndaujVNQ",
"date":"2013-03-13 09:30:02"
},
{
"kids":[
"zndGB2nN7"
],
"uid":"1931871342",
"parent":"",
"text":"心目中的孙悟空，无人出其右～走好[蜡烛]",
"mid":"zndaq934w",
"date":"2013-03-13 09:29:52"
},
{
"kids":[],
"uid":"2642207375",
"parent":"",
"text":"猴哥走了？",
"mid":"zndafuAkm",
"date":"2013-03-13 09:29:27"
},
{
"kids":[],
"uid":"1762097275",
"parent":"znd9858Pd",
"text":"造谣",
"mid":"znd9xcckU",
"date":"2013-03-13 09:27:41"
},
{
"kids":[],
"uid":"ruijiezhang",
"parent":"znd4n9X9v",
"text":"回复@云狐公子:造谣无耻！多谢劈谣",
"mid":"znd9cdjkb",
"date":"2013-03-13 09:26:49"
},
{
"kids":[
"znd9xcckU"
],
"uid":"2213179125",
"parent":"zncXHu7zD",
"text":"假新闻真可恨！求证！",
"mid":"znd9858Pd",
"date":"2013-03-13 09:26:41"
},
{
"kids":[],
"uid":"1928872703",
"parent":"",
"text":"好像是假消息，都没注意到",
"mid":"znd8PbJal",
"date":"2013-03-13 09:25:54"
},
{
"kids":[],
"uid":"pomelo912",
"parent":"zncYQ5PD7",
"text":"这不是真的吧。。。[蜡烛]",
"mid":"znd7HqSId",
"date":"2013-03-13 09:23:10"
},
{
"kids":[],
"uid":"nhin163",
"parent":"znd6gbhnF",
"text":"看了一下，这个是假消息。。猴哥不会死的",
"mid":"znd7FmNqj",
"date":"2013-03-13 09:23:05"
},
{
"kids":[],
"uid":"nhin163",
"parent":"znd6gbhnF",
"text":"震惊。。。",
"mid":"znd7nleGV",
"date":"2013-03-13 09:22:22"
},
{
"kids":[],
"uid":"2429247483",
"parent":"",
"text":"不是吧……[蜡烛][蜡烛][蜡烛]",
"mid":"znd79tKZD",
"date":"2013-03-13 09:21:49"
},
{
"kids":[],
"uid":"jhw0617",
"parent":"",
"text":"[蜡烛]",
"mid":"znd799ceJ",
"date":"2013-03-13 09:21:49"
},
{
"kids":[
"zndIfh6Dv"
],
"uid":"1931890185",
"parent":"znd3I8UNj",
"text":"",
"mid":"znd6pFi9s",
"date":"2013-03-13 09:20:00"
},
{
"kids":[
"znd7FmNqj",
"znd7nleGV"
],
"uid":"1928872703",
"parent":"",
"text":"一路走好，感谢童年有你的陪伴！",
"mid":"znd6gbhnF",
"date":"2013-03-13 09:19:36"
},
{
"kids":[],
"uid":"1867829534",
"parent":"znd3QpgRB",
"text":"",
"mid":"znd5BqiHx",
"date":"2013-03-13 09:17:59"
},
{
"kids":[],
"uid":"shenjiangbo1982",
"parent":"",
"text":"谣言",
"mid":"znd5k2bDL",
"date":"2013-03-13 09:17:17"
},
{
"kids":[],
"uid":"mmyiqi",
"parent":"znd4n9X9v",
"text":"造谣好吧",
"mid":"znd5h175z",
"date":"2013-03-13 09:17:11"
},
{
"kids":[],
"uid":"3055183701",
"parent":"",
"text":"",
"mid":"znd4QbfqF",
"date":"2013-03-13 09:16:06"
},
{
"kids":[
"znd9cdjkb",
"znd5h175z"
],
"uid":"ruijiezhang",
"parent":"zncL3i225",
"text":"",
"mid":"znd4n9X9v",
"date":"2013-03-13 09:14:58"
},
{
"kids":[
"znfAZ3N5L"
],
"uid":"1705255370",
"parent":"",
"text":"",
"mid":"znd4132rS",
"date":"2013-03-13 09:14:05"
},
{
"kids":[],
"uid":"2566001212",
"parent":"",
"text":"刚查了一下，说是谣言。。。别动不动就转发谁过世的消息，自己查查先！",
"mid":"znd40pBLa",
"date":"2013-03-13 09:14:04"
},
{
"kids":[
"znd5BqiHx"
],
"uid":"lacyzhang",
"parent":"",
"text":"",
"mid":"znd3QpgRB",
"date":"2013-03-13 09:13:40"
},
{
"kids":[
"znfcl3soc",
"zndikDw4h",
"znd6pFi9s"
],
"uid":"1914520902",
"parent":"",
"text":"包大人，人好好地在拍戏呢",
"mid":"znd3I8UNj",
"date":"2013-03-13 09:13:20"
},
{
"kids":[],
"uid":"2104263087",
"parent":"zncZKxaOr",
"text":"哪来的骗子，骗我这么纯真的孩子[怒]",
"mid":"znd2LAEMY",
"date":"2013-03-13 09:11:00"
},
{
"kids":[],
"uid":"1054601340",
"parent":"",
"text":"前两天还看到有记者采访他关于对《大话西游》和《西游降魔篇》的看法，他还年轻健康着呢！黑猴哥的人是不是嫌活腻了？等着被追究吧！",
"mid":"znd2aoVJU",
"date":"2013-03-13 09:09:32"
},
{
"kids":[],
"uid":"2594279187",
"parent":"zncJcAZZT",
"text":"还是他演的悟空最经典，可惜呀",
"mid":"znd201gwJ",
"date":"2013-03-13 09:09:07"
},
{
"kids":[],
"uid":"jidiyehu",
"parent":"",
"text":"确定是真消息？！！",
"mid":"znd1Jd24X",
"date":"2013-03-13 09:08:27"
},
{
"kids":[],
"uid":"3211705867",
"parent":"zncYnrTns",
"text":"[蜡烛][蜡烛][蜡烛]",
"mid":"znd1dAj73",
"date":"2013-03-13 09:07:12"
},
{
"kids":[],
"uid":"1849395467",
"parent":"",
"text":"阿？印象中他还很年轻阿",
"mid":"znd1aChDI",
"date":"2013-03-13 09:07:05"
},
{
"kids":[],
"uid":"2002508493",
"parent":"",
"text":"假消息",
"mid":"znd0Ve38G",
"date":"2013-03-13 09:06:28"
},
{
"kids":[],
"uid":"2133301064",
"parent":"",
"text":"[蜡烛][蜡烛][蜡烛]",
"mid":"znd0qcluG",
"date":"2013-03-13 09:05:14"
},
{
"kids":[],
"uid":"1836063242",
"parent":"",
"text":"baidu说是造谣的，ft！",
"mid":"znd0mlMek",
"date":"2013-03-13 09:05:05"
},
{
"kids":[
"zndHKgXgq"
],
"uid":"1978858633",
"parent":"zncZO7mKk",
"text":"悟空。。。。",
"mid":"znd04ofur",
"date":"2013-03-13 09:04:21"
},
{
"kids":[
"znd04ofur"
],
"uid":"1978858633",
"parent":"",
"text":"[蜡烛][蜡烛][蜡烛]",
"mid":"zncZO7mKk",
"date":"2013-03-13 09:03:43"
},
{
"kids":[
"znd2LAEMY"
],
"uid":"2104263087",
"parent":"",
"text":"[泪]",
"mid":"zncZKxaOr",
"date":"2013-03-13 09:03:35"
},
{
"kids":[],
"uid":"1619311457",
"parent":"",
"text":"不会吧~~[泪]",
"mid":"zncZAdX3v",
"date":"2013-03-13 09:03:10"
},
{
"kids":[],
"uid":"2195409687",
"parent":"",
"text":"",
"mid":"zncZ9zPwW",
"date":"2013-03-13 09:02:07"
},
{
"kids":[
"znd7HqSId"
],
"uid":"1693000624",
"parent":"zncYnrTns",
"text":"[蜡烛]",
"mid":"zncYQ5PD7",
"date":"2013-03-13 09:01:19"
},
{
"kids":[],
"uid":"tiger1981",
"parent":"zncXHu7zD",
"text":"太突然了",
"mid":"zncYJCIKK",
"date":"2013-03-13 09:01:05"
},
{
"kids":[
"znd1dAj73",
"zncYQ5PD7"
],
"uid":"1897406217",
"parent":"",
"text":"[蜡烛]",
"mid":"zncYnrTns",
"date":"2013-03-13 09:00:12"
},
{
"kids":[
"zneijisq7"
],
"uid":"1907350317",
"parent":"",
"text":"真的假的？昨天还听到说有记者采访他对于西游降魔篇的评价",
"mid":"zncXO0pSV",
"date":"2013-03-13 08:58:46"
},
{
"kids":[
"zndzTzEwm",
"zndhN1m4m",
"znd9858Pd",
"zncYJCIKK"
],
"uid":"tanyadd",
"parent":"zncTCwPBz",
"text":"看到说是假新闻，猴哥好好的！",
"mid":"zncXHu7zD",
"date":"2013-03-13 08:58:32"
},
{
"kids":[],
"uid":"2289159437",
"parent":"zncTZD2HB",
"text":"真的假的？[蜡烛]",
"mid":"zncWaByjq",
"date":"2013-03-13 08:54:46"
},
{
"kids":[
"zndgBovLg"
],
"uid":"hopper2011",
"parent":"zncLX7ApC",
"text":"原贴才转发8次，这也不像真的。。",
"mid":"zncVZ82ZF",
"date":"2013-03-13 08:54:17"
},
{
"kids":[],
"uid":"kittymm99",
"parent":"",
"text":"真的假的？",
"mid":"zncV95I4p",
"date":"2013-03-13 08:52:13"
},
{
"kids":[],
"uid":"2184842700",
"parent":"",
"text":"omg，不是真的吧",
"mid":"zncUycFYQ",
"date":"2013-03-13 08:50:45"
},
{
"kids":[
"zncWaByjq"
],
"uid":"2105777932",
"parent":"zncTwlwoq",
"text":"这谁这么缺德",
"mid":"zncTZD2HB",
"date":"2013-03-13 08:49:23"
},
{
"kids":[],
"uid":"2133591984",
"parent":"",
"text":"[蜡烛][蜡烛][蜡烛]",
"mid":"zncTSuiIZ",
"date":"2013-03-13 08:49:07"
},
{
"kids":[],
"uid":"2618941255",
"parent":"",
"text":"/@柳烟堆雪:",
"mid":"zncTE2ENs",
"date":"2013-03-13 08:48:31"
},
{
"kids":[
"zncXHu7zD"
],
"uid":"tanyadd",
"parent":"",
"text":"[蜡烛][泪]猴哥----",
"mid":"zncTCwPBz",
"date":"2013-03-13 08:48:30"
},
{
"kids":[
"zncTZD2HB"
],
"uid":"1878625203",
"parent":"zncR6y2oy",
"text":"Mark 假新闻[馋嘴]",
"mid":"zncTwlwoq",
"date":"2013-03-13 08:48:13"
},
{
"kids":[],
"uid":"2232461564",
"parent":"zncMn9yKA",
"text":"[蜡烛]",
"mid":"zncRRvcPf",
"date":"2013-03-13 08:44:08"
},
{
"kids":[
"zncTwlwoq"
],
"uid":"2105777932",
"parent":"zncQwsWg3",
"text":"不会吧",
"mid":"zncR6y2oy",
"date":"2013-03-13 08:42:17"
},
{
"kids":[
"zncR6y2oy"
],
"uid":"1862932620",
"parent":"zncLX7ApC",
"text":"惊讶！[蜡烛]",
"mid":"zncQwsWg3",
"date":"2013-03-13 08:40:51"
},
{
"kids":[],
"uid":"1408607465",
"parent":"zncLOyQP3",
"text":"[蜡烛][蜡烛][蜡烛]",
"mid":"zncQkp3cy",
"date":"2013-03-13 08:40:22"
},
{
"kids":[],
"uid":"2285836102",
"parent":"",
"text":"[蜡烛][蜡烛][蜡烛]走好",
"mid":"zncPJ9mRT",
"date":"2013-03-13 08:38:53"
},
{
"kids":[],
"uid":"1733848297",
"parent":"",
"text":"[泪][蜡烛][蜡烛][蜡烛]",
"mid":"zncPkjKaD",
"date":"2013-03-13 08:37:54"
},
{
"kids":[],
"uid":"1667470927",
"parent":"zncKihqvC",
"text":"[蜡烛][蜡烛][蜡烛]",
"mid":"zncOZ4tOA",
"date":"2013-03-13 08:37:02"
},
{
"kids":[
"zncRRvcPf"
],
"uid":"1910317631",
"parent":"zncLX7ApC",
"text":"[蜡烛]",
"mid":"zncMn9yKA",
"date":"2013-03-13 08:30:36"
},
{
"kids":[
"zndrHjoDR",
"zncVZ82ZF",
"zncQwsWg3",
"zncMn9yKA"
],
"uid":"1433996814",
"parent":"zncL3i225",
"text":"猴![蜡烛]",
"mid":"zncLX7ApC",
"date":"2013-03-13 08:29:35"
},
{
"kids":[
"zndJYeyJy",
"zncQkp3cy"
],
"uid":"2001866484",
"parent":"zncJcAZZT",
"text":"[泪][泪][泪][蜡烛][蜡烛][蜡烛]",
"mid":"zncLOyQP3",
"date":"2013-03-13 08:29:14"
},
{
"kids":[],
"uid":"lannuojiaren",
"parent":"",
"text":"似乎是个谣言啊[思考]",
"mid":"zncLygif9",
"date":"2013-03-13 08:28:36"
},
{
"kids":[
"znd4n9X9v",
"zncLX7ApC"
],
"uid":"afredchb",
"parent":"",
"text":"60还不到，可惜了",
"mid":"zncL3i225",
"date":"2013-03-13 08:27:22"
},
{
"kids":[
"zncOZ4tOA"
],
"uid":"2684122987",
"parent":"zncDB7jLY",
"text":"[蜡烛][蜡烛][蜡烛]",
"mid":"zncKihqvC",
"date":"2013-03-13 08:25:29"
},
{
"kids":[
"zndwTF3oU",
"znd201gwJ",
"zncLOyQP3"
],
"uid":"ereyang",
"parent":"zncIqa7M1",
"text":"[蜡烛][蜡烛][蜡烛]",
"mid":"zncJcAZZT",
"date":"2013-03-13 08:22:49"
},
{
"kids":[
"znfw2DQe1",
"zncJcAZZT"
],
"uid":"1809698524",
"parent":"",
"text":"",
"mid":"zncIqa7M1",
"date":"2013-03-13 08:20:53"
},
{
"kids":[
"zncKihqvC"
],
"uid":"1427957923",
"parent":"",
"text":"啊？年前还看他的节目，送别给我们童年带来欢乐的六小龄童。[泪][泪][泪][蜡烛][蜡烛][蜡烛]",
"mid":"zncDB7jLY",
"date":"2013-03-13 08:08:59"
}
]