[
{
"kids":[],
"uid":"2920234620",
"parent":"yEKi6AWin",
"text":"",
"mid":"z74yx3QAI",
"date":"2012-11-27 06:09:40"
},
{
"kids":[],
"uid":"2810606434",
"parent":"yEKi6AWin",
"text":"",
"mid":"z6T0U2hZH",
"date":"2012-11-26 00:46:36"
},
{
"kids":[],
"uid":"2810843232",
"parent":"yEKi6AWin",
"text":"",
"mid":"z6T0U1pjR",
"date":"2012-11-26 00:46:36"
},
{
"kids":[],
"uid":"1583709232",
"parent":"yEKi6AWin",
"text":"",
"mid":"z68rUjeEZ",
"date":"2012-11-21 02:14:03"
},
{
"kids":[],
"uid":"2789867212",
"parent":"yEKi6AWin",
"text":"",
"mid":"z5ZJ5kspP",
"date":"2012-11-20 04:01:39"
},
{
"kids":[],
"uid":"2789869972",
"parent":"yEKi6AWin",
"text":"",
"mid":"z3kAql9j2",
"date":"2012-11-02 15:37:05"
},
{
"kids":[],
"uid":"1582963613",
"parent":"yEKi6AWin",
"text":"",
"mid":"z3kAqkt4s",
"date":"2012-11-02 15:37:03"
},
{
"kids":[],
"uid":"2804129942",
"parent":"yEKi6AWin",
"text":"",
"mid":"z3b9SxBkC",
"date":"2012-11-01 15:36:56"
},
{
"kids":[],
"uid":"2920587980",
"parent":"yEKi6AWin",
"text":"",
"mid":"z2bIuayDY",
"date":"2012-10-26 03:11:54"
},
{
"kids":[],
"uid":"2804578160",
"parent":"yEIDS0NmZ",
"text":"",
"mid":"z1CyFyAx1",
"date":"2012-10-22 09:41:36"
},
{
"kids":[],
"uid":"2919446704",
"parent":"yEIDS0NmZ",
"text":"",
"mid":"z1CyFgZnD",
"date":"2012-10-22 09:41:35"
},
{
"kids":[],
"uid":"2919636674",
"parent":"yEIDS0NmZ",
"text":"",
"mid":"z1tP1sKsW",
"date":"2012-10-21 11:27:08"
},
{
"kids":[],
"uid":"2789655670",
"parent":"yEIDS0NmZ",
"text":"",
"mid":"z1tP1b9gg",
"date":"2012-10-21 11:27:08"
},
{
"kids":[],
"uid":"2810232774",
"parent":"yEKi6AWin",
"text":"",
"mid":"z1qhJBo9D",
"date":"2012-10-21 02:26:55"
},
{
"kids":[],
"uid":"2919582984",
"parent":"yEKi6AWin",
"text":"",
"mid":"z1qhJBo98",
"date":"2012-10-21 02:26:55"
},
{
"kids":[],
"uid":"2420650645",
"parent":"",
"text":"",
"mid":"z1bdSAkOV",
"date":"2012-10-19 12:06:12"
},
{
"kids":[],
"uid":"kamenridertamashii",
"parent":"",
"text":"",
"mid":"z1b2Ixq6W",
"date":"2012-10-19 11:38:43"
},
{
"kids":[],
"uid":"1776620384",
"parent":"yEKx4pW4B",
"text":"",
"mid":"z02Pjwvhm",
"date":"2012-10-12 00:53:26"
},
{
"kids":[],
"uid":"2803185142",
"parent":"yEKx4pW4B",
"text":"",
"mid":"z00w1gJwb",
"date":"2012-10-11 19:00:23"
},
{
"kids":[],
"uid":"2803965334",
"parent":"yEKx4pW4B",
"text":"",
"mid":"z00w1gJus",
"date":"2012-10-11 19:00:23"
},
{
"kids":[],
"uid":"2460797612",
"parent":"",
"text":"",
"mid":"yERgFssYW",
"date":"2012-10-04 12:06:00"
},
{
"kids":[],
"uid":"1847146307",
"parent":"yEHPujkGv",
"text":"",
"mid":"yEQ341g6e",
"date":"2012-10-04 08:59:44"
},
{
"kids":[],
"uid":"2929348431",
"parent":"yEHPujkGv",
"text":"",
"mid":"yEMnJEKzk",
"date":"2012-10-03 23:39:41"
},
{
"kids":[],
"uid":"2644183593",
"parent":"yELUUdKYL",
"text":"",
"mid":"yEMeFmsN1",
"date":"2012-10-03 23:17:20"
},
{
"kids":[],
"uid":"eqmark",
"parent":"",
"text":"？",
"mid":"yELX22Z4y",
"date":"2012-10-03 22:33:53"
},
{
"kids":[],
"uid":"jishachengta",
"parent":"yEJg450JE",
"text":"",
"mid":"yELVcfil3",
"date":"2012-10-03 22:29:19"
},
{
"kids":[
"yEMeFmsN1"
],
"uid":"206786827",
"parent":"yELLzExxA",
"text":"国家配给每个学校的校车，校车哪里去了！",
"mid":"yELUUdKYL",
"date":"2012-10-03 22:28:39"
},
{
"kids":[
"yELUUdKYL"
],
"uid":"2106397294",
"parent":"yELLosbq5",
"text":"",
"mid":"yELLzExxA",
"date":"2012-10-03 22:05:37"
},
{
"kids":[
"yELLzExxA"
],
"uid":"yefengheero",
"parent":"yEKiMxteh",
"text":"",
"mid":"yELLosbq5",
"date":"2012-10-03 22:05:13"
},
{
"kids":[],
"uid":"1951996301",
"parent":"yEJg450JE",
"text":"",
"mid":"yELwJeE8T",
"date":"2012-10-03 21:29:05"
},
{
"kids":[],
"uid":"1075366980",
"parent":"",
"text":"",
"mid":"yELsVmsIv",
"date":"2012-10-03 21:19:40"
},
{
"kids":[],
"uid":"2649789281",
"parent":"yEJw4kfzv",
"text":"",
"mid":"yELnQoq2Q",
"date":"2012-10-03 21:07:12"
},
{
"kids":[],
"uid":"clx611",
"parent":"yEHJwnZxl",
"text":"",
"mid":"yEL7U057O",
"date":"2012-10-03 20:27:55"
},
{
"kids":[],
"uid":"1935343941",
"parent":"yEKo59JXY",
"text":"水生火热中的人们太多了。。。",
"mid":"yEKXhCymW",
"date":"2012-10-03 20:01:47"
},
{
"kids":[],
"uid":"2790027700",
"parent":"yEIDmEWkV",
"text":"",
"mid":"yEKQG57U7",
"date":"2012-10-03 19:45:29"
},
{
"kids":[],
"uid":"2671796873",
"parent":"yEKJzeewA",
"text":"民意不可违！",
"mid":"yEKNguR8L",
"date":"2012-10-03 19:37:05"
},
{
"kids":[],
"uid":"ruijin8",
"parent":"yEKJhqJP0",
"text":"现在好多公办的乡镇学校都被撤掉了，学生们只能都前往城市里读书，很多家长都在租房带孩子读书。这样就好吗？",
"mid":"yEKNf2oXY",
"date":"2012-10-03 19:37:01"
},
{
"kids":[],
"uid":"liuxiaoguang66",
"parent":"yEKJzeewA",
"text":"",
"mid":"yEKMXgQsN",
"date":"2012-10-03 19:36:18"
},
{
"kids":[],
"uid":"2185724122",
"parent":"yEKJhqJP0",
"text":"",
"mid":"yEKLq9Kdb",
"date":"2012-10-03 19:32:33"
},
{
"kids":[
"yEKNguR8L",
"yEKMXgQsN"
],
"uid":"1152578984",
"parent":"yEKIND7xd",
"text":"",
"mid":"yEKJzeewA",
"date":"2012-10-03 19:27:58"
},
{
"kids":[
"yEKNf2oXY",
"yEKLq9Kdb"
],
"uid":"516785752",
"parent":"yEKIND7xd",
"text":"",
"mid":"yEKJhqJP0",
"date":"2012-10-03 19:27:16"
},
{
"kids":[
"yEKJzeewA",
"yEKJhqJP0"
],
"uid":"2656235393",
"parent":"",
"text":"",
"mid":"yEKIND7xd",
"date":"2012-10-03 19:26:05"
},
{
"kids":[
"z02Pjwvhm",
"z00w1gJwb",
"z00w1gJus"
],
"uid":"2542179511",
"parent":"yEInrqPo1",
"text":"",
"mid":"yEKx4pW4B",
"date":"2012-10-03 18:57:11"
},
{
"kids":[],
"uid":"2214964323",
"parent":"yEKh8jJYI",
"text":"",
"mid":"yEKp1CP9v",
"date":"2012-10-03 18:37:19"
},
{
"kids":[
"yEKXhCymW"
],
"uid":"2651304460",
"parent":"",
"text":"",
"mid":"yEKo59JXY",
"date":"2012-10-03 18:35:00"
},
{
"kids":[
"yELLosbq5"
],
"uid":"2154648263",
"parent":"yEILn79wt",
"text":"@人民日报@中国新闻周刊 @扬子晚报",
"mid":"yEKiMxteh",
"date":"2012-10-03 18:21:59"
},
{
"kids":[
"z74yx3QAI",
"z6T0U2hZH",
"z6T0U1pjR",
"z68rUjeEZ",
"z5ZJ5kspP",
"z3kAql9j2",
"z3kAqkt4s",
"z3b9SxBkC",
"z2bIuayDY",
"z1qhJBo9D",
"z1qhJBo98"
],
"uid":"2653168653",
"parent":"yEIHstK8E",
"text":"",
"mid":"yEKi6AWin",
"date":"2012-10-03 18:20:19"
},
{
"kids":[
"yEKp1CP9v"
],
"uid":"2242891844",
"parent":"yEJw4kfzv",
"text":"",
"mid":"yEKh8jJYI",
"date":"2012-10-03 18:17:55"
},
{
"kids":[],
"uid":"luosenmin",
"parent":"yEJw4kfzv",
"text":"",
"mid":"yEK8VbYde",
"date":"2012-10-03 17:57:39"
},
{
"kids":[],
"uid":"2543767981",
"parent":"yEJg450JE",
"text":"",
"mid":"yEJZshkol",
"date":"2012-10-03 17:34:22"
},
{
"kids":[],
"uid":"2562697611",
"parent":"yEJg450JE",
"text":"特色的社会主义社会！",
"mid":"yEJTC31H7",
"date":"2012-10-03 17:19:58"
},
{
"kids":[],
"uid":"2281726655",
"parent":"",
"text":"",
"mid":"yEJPZcNKz",
"date":"2012-10-03 17:11:02"
},
{
"kids":[],
"uid":"2842956603",
"parent":"yEIRHs3p7",
"text":"",
"mid":"yEJPP6Z7d",
"date":"2012-10-03 17:10:39"
},
{
"kids":[],
"uid":"2812994961",
"parent":"",
"text":"",
"mid":"yEJJakkCW",
"date":"2012-10-03 16:54:12"
},
{
"kids":[],
"uid":"2260527513",
"parent":"yEJw4kfzv",
"text":"",
"mid":"yEJCqezcO",
"date":"2012-10-03 16:37:37"
},
{
"kids":[],
"uid":"feifei357557220",
"parent":"",
"text":"请给他们一所学校",
"mid":"yEJxfzbW9",
"date":"2012-10-03 16:24:51"
},
{
"kids":[
"yELnQoq2Q",
"yEKh8jJYI",
"yEK8VbYde",
"yEJCqezcO"
],
"uid":"311710777",
"parent":"",
"text":"",
"mid":"yEJw4kfzv",
"date":"2012-10-03 16:21:56"
},
{
"kids":[],
"uid":"2104895091",
"parent":"yEJg450JE",
"text":"@杂谈五味 @焦点联播 @段宁宁宁NINA @重磅微新闻 @云水禅心看世界 @温州娱乐报",
"mid":"yEJrZmo9P",
"date":"2012-10-03 16:11:55"
},
{
"kids":[],
"uid":"hfweikw",
"parent":"yEJmlbEyv",
"text":"",
"mid":"yEJrJ7lGM",
"date":"2012-10-03 16:11:16"
},
{
"kids":[],
"uid":"2682484477",
"parent":"yEJg450JE",
"text":"撤并为了发展有些可以理解，但你总归要做好善后吧！至少要配几辆免费校车吧！如何对待未来你将如何承受未来。。",
"mid":"yEJrukKgL",
"date":"2012-10-03 16:10:41"
},
{
"kids":[],
"uid":"2257137361",
"parent":"yEJg450JE",
"text":"当官的眼睛都瞎了，耳朵都聋了。因为他们的孩子都去国外了。",
"mid":"yEJpcw13X",
"date":"2012-10-03 16:05:03"
},
{
"kids":[],
"uid":"1772699522",
"parent":"",
"text":"",
"mid":"yEJoXqWLk",
"date":"2012-10-03 16:04:27"
},
{
"kids":[],
"uid":"2329935652",
"parent":"yEJmlbEyv",
"text":"",
"mid":"yEJoJ0bAH",
"date":"2012-10-03 16:03:52"
},
{
"kids":[],
"uid":"2096128315",
"parent":"yEHSeedRs",
"text":"",
"mid":"yEJnrbN7A",
"date":"2012-10-03 16:00:42"
},
{
"kids":[],
"uid":"2085949617",
"parent":"yEJmlbEyv",
"text":"",
"mid":"yEJnizRa5",
"date":"2012-10-03 16:00:22"
},
{
"kids":[
"yEJrJ7lGM",
"yEJoJ0bAH",
"yEJnizRa5"
],
"uid":"208594040",
"parent":"yEInrqPo1",
"text":"回复@厦门时光H:[din推撞]",
"mid":"yEJmlbEyv",
"date":"2012-10-03 15:58:00"
},
{
"kids":[],
"uid":"208789599",
"parent":"yEJg450JE",
"text":"",
"mid":"yEJmk2FNs",
"date":"2012-10-03 15:57:57"
},
{
"kids":[],
"uid":"2881981045",
"parent":"",
"text":"大家怎么看呢？",
"mid":"yEJhDg0cI",
"date":"2012-10-03 15:46:25"
},
{
"kids":[],
"uid":"1776320380",
"parent":"",
"text":"",
"mid":"yEJgR6MU2",
"date":"2012-10-03 15:44:30"
},
{
"kids":[],
"uid":"2182696682",
"parent":"",
"text":"转过之后估计又被和谐了",
"mid":"yEJgDdm5t",
"date":"2012-10-03 15:43:56"
},
{
"kids":[
"yELVcfil3",
"yELwJeE8T",
"yEJZshkol",
"yEJTC31H7",
"yEJrZmo9P",
"yEJrukKgL",
"yEJpcw13X",
"yEJmk2FNs"
],
"uid":"2753871787",
"parent":"",
"text":"这个必须关注，必须转！！！！！！！！！！！！！！！！！！！",
"mid":"yEJg450JE",
"date":"2012-10-03 15:42:31"
},
{
"kids":[],
"uid":"2756225227",
"parent":"yEJewiejD",
"text":"",
"mid":"yEJfZ1unl",
"date":"2012-10-03 15:42:21"
},
{
"kids":[
"yEJfZ1unl"
],
"uid":"2367553327",
"parent":"yEIP2zIdy",
"text":"请保留这所学校吧！！！！！",
"mid":"yEJewiejD",
"date":"2012-10-03 15:38:42"
},
{
"kids":[],
"uid":"2370670961",
"parent":"yEHTCusUI",
"text":"",
"mid":"yEJe7dNs8",
"date":"2012-10-03 15:37:43"
},
{
"kids":[],
"uid":"haoyidong",
"parent":"yEHZqoKz5",
"text":"若只懂跪，那我说：活该！",
"mid":"yEJcwdfyV",
"date":"2012-10-03 15:33:46"
},
{
"kids":[],
"uid":"2797329774",
"parent":"",
"text":"看不下 真的看不下 前面刚转发了一条类似的场面 这回真流泪了 太他妈寒心了",
"mid":"yEJat9NEm",
"date":"2012-10-03 15:28:43"
},
{
"kids":[],
"uid":"311758885",
"parent":"yEITy9kfi",
"text":"",
"mid":"yEJ7VCuHi",
"date":"2012-10-03 15:22:30"
},
{
"kids":[],
"uid":"rianyuyu",
"parent":"yEIHstK8E",
"text":"我想我有责任让更多人知道",
"mid":"yEJ6P7BZB",
"date":"2012-10-03 15:19:45"
},
{
"kids":[],
"uid":"1626356677",
"parent":"",
"text":"现在好像还有这里能办点事",
"mid":"yEIVN0Grz",
"date":"2012-10-03 14:52:35"
},
{
"kids":[],
"uid":"1001993843",
"parent":"yEITy9kfi",
"text":"",
"mid":"yEIUXitnQ",
"date":"2012-10-03 14:50:33"
},
{
"kids":[],
"uid":"900130666",
"parent":"",
"text":"钱都用去修楼和拉动鸡滴屁了。",
"mid":"yEIUJrDtC",
"date":"2012-10-03 14:49:57"
},
{
"kids":[],
"uid":"chinaleis",
"parent":"yEIRHs3p7",
"text":"[伤心]",
"mid":"yEITCgkH8",
"date":"2012-10-03 14:47:13"
},
{
"kids":[
"yEJ7VCuHi",
"yEIUXitnQ"
],
"uid":"2214192930",
"parent":"",
"text":"任你鱼肉，世界哪儿找去？",
"mid":"yEITy9kfi",
"date":"2012-10-03 14:47:03"
},
{
"kids":[],
"uid":"zhangwei93",
"parent":"yEIDbonxK",
"text":"",
"mid":"yEISmhulc",
"date":"2012-10-03 14:44:08"
},
{
"kids":[
"yEJPP6Z7d",
"yEITCgkH8"
],
"uid":"ybcdr",
"parent":"yEIRhad5s",
"text":"",
"mid":"yEIRHs3p7",
"date":"2012-10-03 14:42:31"
},
{
"kids":[
"yEIRHs3p7"
],
"uid":"2894801003",
"parent":"",
"text":"悲哀",
"mid":"yEIRhad5s",
"date":"2012-10-03 14:41:27"
},
{
"kids":[],
"uid":"2827829297",
"parent":"",
"text":"",
"mid":"yEIQgvgPu",
"date":"2012-10-03 14:38:59"
},
{
"kids":[],
"uid":"2950861854",
"parent":"yEIrOoLij",
"text":"",
"mid":"yEIQ24vp1",
"date":"2012-10-03 14:38:24"
},
{
"kids":[],
"uid":"yihaoming",
"parent":"",
"text":"",
"mid":"yEIPSz6yv",
"date":"2012-10-03 14:38:02"
},
{
"kids":[
"yEJewiejD"
],
"uid":"2655994531",
"parent":"",
"text":"",
"mid":"yEIP2zIdy",
"date":"2012-10-03 14:35:55"
},
{
"kids":[],
"uid":"2208805892",
"parent":"",
"text":"",
"mid":"yEINRl4w1",
"date":"2012-10-03 14:33:01"
},
{
"kids":[
"yEKiMxteh"
],
"uid":"2184093824",
"parent":"yEHSeedRs",
"text":"",
"mid":"yEILn79wt",
"date":"2012-10-03 14:26:53"
},
{
"kids":[],
"uid":"316585444",
"parent":"",
"text":"",
"mid":"yEIK8vshv",
"date":"2012-10-03 14:23:53"
},
{
"kids":[],
"uid":"zuoweihua",
"parent":"yEHJwnZxl",
"text":"",
"mid":"yEII4yhHo",
"date":"2012-10-03 14:18:47"
},
{
"kids":[
"yEKi6AWin",
"yEJ6P7BZB"
],
"uid":"1823156745",
"parent":"yEIqw1Qrr",
"text":"",
"mid":"yEIHstK8E",
"date":"2012-10-03 14:17:17"
},
{
"kids":[
"z1CyFyAx1",
"z1CyFgZnD",
"z1tP1sKsW",
"z1tP1b9gg"
],
"uid":"2854706677",
"parent":"yEHJwnZxl",
"text":"",
"mid":"yEIDS0NmZ",
"date":"2012-10-03 14:08:26"
},
{
"kids":[],
"uid":"1677019485",
"parent":"yEIDbonxK",
"text":"",
"mid":"yEIDDb6SN",
"date":"2012-10-03 14:07:50"
},
{
"kids":[
"yEKQG57U7"
],
"uid":"2780176452",
"parent":"yEInrqPo1",
"text":"",
"mid":"yEIDmEWkV",
"date":"2012-10-03 14:07:12"
},
{
"kids":[
"yEISmhulc",
"yEIDDb6SN"
],
"uid":"208594040",
"parent":"yEInrqPo1",
"text":"回复@陈方言:[din推撞]",
"mid":"yEIDbonxK",
"date":"2012-10-03 14:06:45"
},
{
"kids":[],
"uid":"2830483612",
"parent":"yEIsxBDH8",
"text":"",
"mid":"yEIxrFpi9",
"date":"2012-10-03 13:52:37"
},
{
"kids":[],
"uid":"garistyju",
"parent":"yEInrqPo1",
"text":"唉",
"mid":"yEIuAkkmg",
"date":"2012-10-03 13:45:34"
},
{
"kids":[],
"uid":"1096016955",
"parent":"yEInrqPo1",
"text":"为什么要跪？难受",
"mid":"yEIuwwZNq",
"date":"2012-10-03 13:45:25"
},
{
"kids":[],
"uid":"2426638910",
"parent":"yEInrqPo1",
"text":"",
"mid":"yEIt8fjPY",
"date":"2012-10-03 13:41:59"
},
{
"kids":[],
"uid":"2479282032",
"parent":"",
"text":"",
"mid":"yEIsZCjJs",
"date":"2012-10-03 13:41:39"
},
{
"kids":[],
"uid":"1837982714",
"parent":"yEInrqPo1",
"text":"",
"mid":"yEIsz6wNC",
"date":"2012-10-03 13:40:35"
},
{
"kids":[
"yEIxrFpi9"
],
"uid":"jxplbbetsy",
"parent":"yEIq1189d",
"text":"",
"mid":"yEIsxBDH8",
"date":"2012-10-03 13:40:31"
},
{
"kids":[
"yEIQ24vp1"
],
"uid":"zjf333",
"parent":"yEIqw1Qrr",
"text":"@浙江省政府在线访谈 @新浪浙江 @浙江之声",
"mid":"yEIrOoLij",
"date":"2012-10-03 13:38:42"
},
{
"kids":[],
"uid":"1738845900",
"parent":"",
"text":"",
"mid":"yEIrcedkc",
"date":"2012-10-03 13:37:13"
},
{
"kids":[],
"uid":"wodeyujibuzailai",
"parent":"yEIq1189d",
"text":"真让人难过。",
"mid":"yEIqPfrTy",
"date":"2012-10-03 13:36:18"
},
{
"kids":[
"yEIHstK8E",
"yEIrOoLij"
],
"uid":"zjf333",
"parent":"",
"text":"再穷不能穷教育,此事如属实,缙云政府应重新考虑学校撤并问题",
"mid":"yEIqw1Qrr",
"date":"2012-10-03 13:35:32"
},
{
"kids":[
"yEIsxBDH8",
"yEIqPfrTy"
],
"uid":"1147626412",
"parent":"",
"text":"",
"mid":"yEIq1189d",
"date":"2012-10-03 13:34:18"
},
{
"kids":[],
"uid":"2415788653",
"parent":"yEInrqPo1",
"text":"",
"mid":"yEIphbwQ6",
"date":"2012-10-03 13:32:29"
},
{
"kids":[
"yEKx4pW4B",
"yEJmlbEyv",
"yEIDmEWkV",
"yEIDbonxK",
"yEIuAkkmg",
"yEIuwwZNq",
"yEIt8fjPY",
"yEIsz6wNC",
"yEIphbwQ6"
],
"uid":"208594040",
"parent":"yEIhFiZLn",
"text":"不评论了，太累了。。。",
"mid":"yEInrqPo1",
"date":"2012-10-03 13:27:57"
},
{
"kids":[],
"uid":"572901199",
"parent":"",
"text":"微博转发",
"mid":"yEIkExKC9",
"date":"2012-10-03 13:21:07"
},
{
"kids":[],
"uid":"2406543643",
"parent":"yEHJwnZxl",
"text":"",
"mid":"yEIjruZDr",
"date":"2012-10-03 13:18:07"
},
{
"kids":[
"yEInrqPo1"
],
"uid":"huachenda",
"parent":"",
"text":"",
"mid":"yEIhFiZLn",
"date":"2012-10-03 13:13:44"
},
{
"kids":[],
"uid":"572901199",
"parent":"",
"text":"撤并后走几十里路，这官应是吃SHI长大的",
"mid":"yEIgHiD1B",
"date":"2012-10-03 13:11:20"
},
{
"kids":[],
"uid":"2691842872",
"parent":"",
"text":"",
"mid":"yEIbquZrQ",
"date":"2012-10-03 12:58:20"
},
{
"kids":[],
"uid":"2972759565",
"parent":"",
"text":"关心点民生吧!亲们",
"mid":"yEI6mFmSH",
"date":"2012-10-03 12:45:54"
},
{
"kids":[],
"uid":"2647272671",
"parent":"yEHJwnZxl",
"text":"→→",
"mid":"yEI2DiGq3",
"date":"2012-10-03 12:36:40"
},
{
"kids":[],
"uid":"2256144734",
"parent":"",
"text":"真的假的",
"mid":"yEI0PkIn7",
"date":"2012-10-03 12:32:14"
},
{
"kids":[
"yEJcwdfyV"
],
"uid":"xianyugan",
"parent":"yEHJwnZxl",
"text":"中国人喜欢跪，就跪着吧。",
"mid":"yEHZqoKz5",
"date":"2012-10-03 12:28:48"
},
{
"kids":[],
"uid":"2755914531",
"parent":"yEHIxcUEH",
"text":"要知道孩子们多不容易呀！上面一句话他们就得多走多少路呀！",
"mid":"yEHY34flk",
"date":"2012-10-03 12:25:24"
},
{
"kids":[],
"uid":"2252083734",
"parent":"yEHJwnZxl",
"text":"",
"mid":"yEHX6dlEi",
"date":"2012-10-03 12:23:04"
},
{
"kids":[],
"uid":"1957076684",
"parent":"yEHJwnZxl",
"text":"",
"mid":"yEHWal7Z8",
"date":"2012-10-03 12:20:44"
},
{
"kids":[],
"uid":"1920180131",
"parent":"",
"text":"为什么求辟谣，我相信在我们国家完全有可能会发生这等子的事",
"mid":"yEHVC0N0A",
"date":"2012-10-03 12:19:24"
},
{
"kids":[],
"uid":"2420569411",
"parent":"",
"text":"",
"mid":"yEHUjkjm7",
"date":"2012-10-03 12:16:13"
},
{
"kids":[
"yEJe7dNs8"
],
"uid":"1723964084",
"parent":"yEHFaAnqF",
"text":"撤并是为了给孩子们更好的教育，但是这样撤并孩子们怎么办，50,60里路啊！希望政府能为学生着想，不是为了一己私利。",
"mid":"yEHTCusUI",
"date":"2012-10-03 12:14:29"
},
{
"kids":[],
"uid":"2639780877",
"parent":"yEHJwnZxl",
"text":"",
"mid":"yEHSnFWUO",
"date":"2012-10-03 12:11:26"
},
{
"kids":[
"yEJnrbN7A",
"yEILn79wt"
],
"uid":"2083279451",
"parent":"yEHEEl4BC",
"text":"",
"mid":"yEHSeedRs",
"date":"2012-10-03 12:11:03"
},
{
"kids":[
"yEQ341g6e",
"yEMnJEKzk"
],
"uid":"1847178841",
"parent":"",
"text":"为什么？五六百学生啊？[怒]",
"mid":"yEHPujkGv",
"date":"2012-10-03 12:04:17"
},
{
"kids":[],
"uid":"2881752111",
"parent":"",
"text":"",
"mid":"yEHOQrnGF",
"date":"2012-10-03 12:02:44"
},
{
"kids":[],
"uid":"1860692951",
"parent":"yEHFaAnqF",
"text":"盲目扩张，盲目撤并。教育大计，岂同儿戏？教育部门应深省，合理配置区域教学资源。帮扩散",
"mid":"yEHOcetX2",
"date":"2012-10-03 12:01:08"
},
{
"kids":[],
"uid":"1611758844",
"parent":"yEHDO5k7r",
"text":"+1",
"mid":"yEHO06KcO",
"date":"2012-10-03 12:00:38"
},
{
"kids":[],
"uid":"1775576692",
"parent":"",
"text":"這叫做：再苦不能苦教育。黨的領導下，一切皆有可能",
"mid":"yEHLZ8OMN",
"date":"2012-10-03 11:55:41"
},
{
"kids":[],
"uid":"2831044730",
"parent":"yEHJwnZxl",
"text":"",
"mid":"yEHKGcchv",
"date":"2012-10-03 11:52:27"
},
{
"kids":[],
"uid":"2303521605",
"parent":"yEHIxcUEH",
"text":"不会吧！还有这等孽事？求证？配的图片好像以前微博见过？你们见过呢？",
"mid":"yEHKE5N1r",
"date":"2012-10-03 11:52:23"
},
{
"kids":[
"yEL7U057O",
"yEII4yhHo",
"yEIDS0NmZ",
"yEIjruZDr",
"yEI2DiGq3",
"yEHZqoKz5",
"yEHX6dlEi",
"yEHWal7Z8",
"yEHSnFWUO",
"yEHKGcchv"
],
"uid":"tylt",
"parent":"",
"text":"",
"mid":"yEHJwnZxl",
"date":"2012-10-03 11:49:37"
},
{
"kids":[
"yEHY34flk",
"yEHKE5N1r"
],
"uid":"1020171285",
"parent":"yEHEEl4BC",
"text":"不管是真是假，先支持下",
"mid":"yEHIxcUEH",
"date":"2012-10-03 11:47:11"
},
{
"kids":[],
"uid":"2680852167",
"parent":"",
"text":"谁说中国人民都站起来，没看到都又为了某些人又跪下了吗？[抓狂]",
"mid":"yEHHnp87S",
"date":"2012-10-03 11:44:20"
},
{
"kids":[],
"uid":"ldjianshiqi",
"parent":"",
"text":"转发微博。",
"mid":"yEHHexJVS",
"date":"2012-10-03 11:43:59"
},
{
"kids":[],
"uid":"shjcch",
"parent":"yEHEo8zJl",
"text":"很过分",
"mid":"yEHFcDDkv",
"date":"2012-10-03 11:38:59"
},
{
"kids":[
"yEHTCusUI",
"yEHOcetX2"
],
"uid":"2367002710",
"parent":"",
"text":"[泪][泪]为什么总是伤害孩子？？？[怒][怒]",
"mid":"yEHFaAnqF",
"date":"2012-10-03 11:38:54"
},
{
"kids":[
"yEHSeedRs",
"yEHIxcUEH"
],
"uid":"206786827",
"parent":"",
"text":"国家配的校车昵！",
"mid":"yEHEEl4BC",
"date":"2012-10-03 11:37:36"
},
{
"kids":[
"yEHFcDDkv"
],
"uid":"gaonailong",
"parent":"",
"text":"你认为这样做，是不是很过分？[话筒]",
"mid":"yEHEo8zJl",
"date":"2012-10-03 11:36:58"
},
{
"kids":[],
"uid":"1995922447",
"parent":"",
"text":"",
"mid":"yEHDZAD6k",
"date":"2012-10-03 11:35:59"
},
{
"kids":[
"yEHO06KcO"
],
"uid":"516784712",
"parent":"",
"text":"",
"mid":"yEHDO5k7r",
"date":"2012-10-03 11:35:32"
}
]