[
{
"kids":[],
"uid":"1583664367",
"parent":"yBotn0Srx",
"text":"",
"mid":"z53pYpRD1",
"date":"2012-11-13 23:35:14"
},
{
"kids":[],
"uid":"2803113392",
"parent":"yBotn0Srx",
"text":"",
"mid":"z4QHN99v7",
"date":"2012-11-12 15:13:26"
},
{
"kids":[],
"uid":"2169510413",
"parent":"yBotn0Srx",
"text":"",
"mid":"z4QHN7c2T",
"date":"2012-11-12 15:13:24"
},
{
"kids":[],
"uid":"2919501680",
"parent":"",
"text":"",
"mid":"z4PMUqHDl",
"date":"2012-11-12 12:53:16"
},
{
"kids":[],
"uid":"1440486942",
"parent":"",
"text":"",
"mid":"z4PMUpZVV",
"date":"2012-11-12 12:53:18"
},
{
"kids":[],
"uid":"1722794421",
"parent":"yBotn0Srx",
"text":"",
"mid":"z48l5jeNw",
"date":"2012-11-07 22:16:35"
},
{
"kids":[],
"uid":"1444883985",
"parent":"",
"text":"",
"mid":"z3UuQzf4F",
"date":"2012-11-06 11:02:13"
},
{
"kids":[],
"uid":"1437525404",
"parent":"yBotn0Srx",
"text":"",
"mid":"z3RfUBlF3",
"date":"2012-11-06 02:47:12"
},
{
"kids":[],
"uid":"2920525380",
"parent":"yBotn0Srx",
"text":"",
"mid":"z3RfUBlEz",
"date":"2012-11-06 02:47:12"
},
{
"kids":[],
"uid":"1588283800",
"parent":"yBoUk0DlQ",
"text":"",
"mid":"z3QYw69ge",
"date":"2012-11-06 02:04:20"
},
{
"kids":[],
"uid":"2919582612",
"parent":"yBoUk0DlQ",
"text":"",
"mid":"z3QYw4wVp",
"date":"2012-11-06 02:04:20"
},
{
"kids":[],
"uid":"2803404142",
"parent":"",
"text":"",
"mid":"z3MUAno9h",
"date":"2012-11-05 15:43:38"
},
{
"kids":[],
"uid":"1583890715",
"parent":"",
"text":"",
"mid":"z3MUAmkpi",
"date":"2012-11-05 15:43:40"
},
{
"kids":[],
"uid":"2804837352",
"parent":"",
"text":"",
"mid":"z3fZxiH5Z",
"date":"2012-11-02 03:55:12"
},
{
"kids":[],
"uid":"2803472062",
"parent":"",
"text":"",
"mid":"z3aQ5mxuE",
"date":"2012-11-01 14:48:12"
},
{
"kids":[],
"uid":"2802798902",
"parent":"",
"text":"",
"mid":"z3aQ5luW5",
"date":"2012-11-01 14:48:12"
},
{
"kids":[],
"uid":"1582783463",
"parent":"yBotn0Srx",
"text":"",
"mid":"z38j723zT",
"date":"2012-11-01 08:21:28"
},
{
"kids":[],
"uid":"2789934010",
"parent":"yBotn0Srx",
"text":"",
"mid":"z33Ub5YKO",
"date":"2012-10-31 21:09:04"
},
{
"kids":[],
"uid":"2920543464",
"parent":"yBotn0Srx",
"text":"",
"mid":"z33Ub5YIY",
"date":"2012-10-31 21:09:01"
},
{
"kids":[],
"uid":"2803203190",
"parent":"",
"text":"",
"mid":"z2PCt9BoG",
"date":"2012-10-30 08:46:57"
},
{
"kids":[],
"uid":"2919915760",
"parent":"",
"text":"",
"mid":"z2PCsxXHZ",
"date":"2012-10-30 08:46:57"
},
{
"kids":[],
"uid":"2919380764",
"parent":"",
"text":"",
"mid":"z2e8VnjGk",
"date":"2012-10-26 09:22:31"
},
{
"kids":[],
"uid":"2920272700",
"parent":"",
"text":"",
"mid":"z2e8V5Ix4",
"date":"2012-10-26 09:22:33"
},
{
"kids":[],
"uid":"2920087192",
"parent":"",
"text":"",
"mid":"z21NevnDP",
"date":"2012-10-25 01:56:09"
},
{
"kids":[],
"uid":"2919634010",
"parent":"",
"text":"",
"mid":"z1WhablLK",
"date":"2012-10-24 11:53:24"
},
{
"kids":[],
"uid":"1580184105",
"parent":"",
"text":"",
"mid":"z1Wha9nId",
"date":"2012-10-24 11:53:23"
},
{
"kids":[],
"uid":"2919470502",
"parent":"",
"text":"",
"mid":"z1sbxgldd",
"date":"2012-10-21 07:17:08"
},
{
"kids":[],
"uid":"1777164404",
"parent":"",
"text":"",
"mid":"z0iaizSrs",
"date":"2012-10-13 15:56:17"
},
{
"kids":[],
"uid":"1582678214",
"parent":"",
"text":"",
"mid":"z0iaizSnS",
"date":"2012-10-13 15:56:17"
},
{
"kids":[],
"uid":"2920298282",
"parent":"",
"text":"",
"mid":"z06seq1FH",
"date":"2012-10-12 10:07:31"
},
{
"kids":[],
"uid":"2920118512",
"parent":"",
"text":"",
"mid":"z06seq1C0",
"date":"2012-10-12 10:07:31"
},
{
"kids":[],
"uid":"2805091320",
"parent":"",
"text":"",
"mid":"yFgwQzj5D",
"date":"2012-10-07 04:24:32"
},
{
"kids":[],
"uid":"1776513730",
"parent":"",
"text":"",
"mid":"yF5YaAwjb",
"date":"2012-10-06 01:31:38"
},
{
"kids":[],
"uid":"2805208562",
"parent":"",
"text":"",
"mid":"yEnFl0NoC",
"date":"2012-10-01 08:44:21"
},
{
"kids":[],
"uid":"1778418954",
"parent":"",
"text":"",
"mid":"yEgSq34zS",
"date":"2012-09-30 15:27:22"
},
{
"kids":[],
"uid":"2919283050",
"parent":"",
"text":"",
"mid":"yCO0LkDox",
"date":"2012-09-21 00:07:57"
},
{
"kids":[],
"uid":"1778091202",
"parent":"",
"text":"",
"mid":"yCO0L32cQ",
"date":"2012-09-21 00:07:54"
},
{
"kids":[],
"uid":"2664948240",
"parent":"yBoG7qsZV",
"text":"",
"mid":"yCAECCTmD",
"date":"2012-09-19 14:07:41"
},
{
"kids":[],
"uid":"1682328622",
"parent":"",
"text":"哈哈哈",
"mid":"yCvyOtI2a",
"date":"2012-09-19 01:09:40"
},
{
"kids":[],
"uid":"1583425803",
"parent":"yBp2Qjrq0",
"text":"",
"mid":"yCmroufjq",
"date":"2012-09-18 01:56:40"
},
{
"kids":[],
"uid":"1589525041",
"parent":"",
"text":"",
"mid":"yCluDlhhe",
"date":"2012-09-17 23:31:51"
},
{
"kids":[],
"uid":"2809971682",
"parent":"",
"text":"",
"mid":"yCfxbp7Fn",
"date":"2012-09-17 08:21:41"
},
{
"kids":[],
"uid":"2803455614",
"parent":"",
"text":"",
"mid":"yCem3m6Z8",
"date":"2012-09-17 05:21:31"
},
{
"kids":[],
"uid":"1583426014",
"parent":"yBp2Qjrq0",
"text":"",
"mid":"yCeh1CB5N",
"date":"2012-09-17 05:09:09"
},
{
"kids":[],
"uid":"2919821120",
"parent":"",
"text":"",
"mid":"yCcLVujaa",
"date":"2012-09-17 01:19:47"
},
{
"kids":[],
"uid":"2790021780",
"parent":"",
"text":"",
"mid":"yCap3BdQt",
"date":"2012-09-16 19:17:54"
},
{
"kids":[],
"uid":"2804988224",
"parent":"yBoJHCuQF",
"text":"",
"mid":"yC95pwg61",
"date":"2012-09-16 15:56:48"
},
{
"kids":[],
"uid":"2789868524",
"parent":"",
"text":"",
"mid":"yC8CPbcDL",
"date":"2012-09-16 14:46:21"
},
{
"kids":[],
"uid":"2803295840",
"parent":"",
"text":"",
"mid":"yC4Ni8Qox",
"date":"2012-09-16 05:01:10"
},
{
"kids":[],
"uid":"2919834534",
"parent":"",
"text":"",
"mid":"yC2Hyy8Td",
"date":"2012-09-15 23:41:30"
},
{
"kids":[],
"uid":"2790082464",
"parent":"",
"text":"",
"mid":"yC1Ffu79H",
"date":"2012-09-15 21:03:04"
},
{
"kids":[],
"uid":"2790021772",
"parent":"",
"text":"",
"mid":"yC12ynfdb",
"date":"2012-09-15 19:27:48"
},
{
"kids":[],
"uid":"2920327712",
"parent":"yBYH54z9s",
"text":"",
"mid":"yC0yjccpI",
"date":"2012-09-15 18:13:16"
},
{
"kids":[],
"uid":"2804733492",
"parent":"yBqAODJw3",
"text":"",
"mid":"yBZD9m2iF",
"date":"2012-09-15 15:52:25"
},
{
"kids":[],
"uid":"1777557892",
"parent":"yBoQdzMCD",
"text":"",
"mid":"yBZx422bh",
"date":"2012-09-15 15:37:26"
},
{
"kids":[],
"uid":"2804988192",
"parent":"yBoJHCuQF",
"text":"",
"mid":"yBZwgDDjn",
"date":"2012-09-15 15:35:28"
},
{
"kids":[],
"uid":"2789868520",
"parent":"",
"text":"",
"mid":"yBZ7p57Gf",
"date":"2012-09-15 14:34:14"
},
{
"kids":[
"yC0yjccpI"
],
"uid":"1278031227",
"parent":"yBoLlioQN",
"text":"我捐500元[呵呵]",
"mid":"yBYH54z9s",
"date":"2012-09-15 13:29:21"
},
{
"kids":[],
"uid":"2920410250",
"parent":"yBoKGtrVh",
"text":"",
"mid":"yBRjGFOTz",
"date":"2012-09-14 18:42:30"
},
{
"kids":[],
"uid":"2919733802",
"parent":"yBoFWaico",
"text":"",
"mid":"yBR5sDSD2",
"date":"2012-09-14 18:07:29"
},
{
"kids":[],
"uid":"1440107791",
"parent":"yBoQdzMCD",
"text":"",
"mid":"yBQ5QfSfo",
"date":"2012-09-14 15:35:37"
},
{
"kids":[],
"uid":"1440414130",
"parent":"yBoSWBhFA",
"text":"",
"mid":"yBPOC3GWx",
"date":"2012-09-14 14:53:12"
},
{
"kids":[],
"uid":"2804054980",
"parent":"yBp8f8SIB",
"text":"",
"mid":"yBPylvP5J",
"date":"2012-09-14 14:13:09"
},
{
"kids":[],
"uid":"1856760792",
"parent":"yBp43o6XX",
"text":"",
"mid":"yBOCw39vj",
"date":"2012-09-14 11:50:39"
},
{
"kids":[],
"uid":"2920397294",
"parent":"yBoKGtrVh",
"text":"",
"mid":"yBIj7CC8P",
"date":"2012-09-13 19:46:25"
},
{
"kids":[],
"uid":"2919746754",
"parent":"yBoFWaico",
"text":"",
"mid":"yBIgoivys",
"date":"2012-09-13 19:39:39"
},
{
"kids":[],
"uid":"2920438310",
"parent":"yBoFYznIW",
"text":"",
"mid":"yBI87CB9E",
"date":"2012-09-13 19:19:18"
},
{
"kids":[],
"uid":"2804055212",
"parent":"yBp8f8SIB",
"text":"",
"mid":"yBGsD0RdM",
"date":"2012-09-13 15:04:18"
},
{
"kids":[],
"uid":"2009057667",
"parent":"",
"text":"[good][奥特曼]",
"mid":"yBGjBDCQF",
"date":"2012-09-13 14:42:06"
},
{
"kids":[],
"uid":"2805114854",
"parent":"yBoWvjlNt",
"text":"",
"mid":"yBAqlqQGG",
"date":"2012-09-12 23:42:10"
},
{
"kids":[],
"uid":"1583481495",
"parent":"yBoFHoLn6",
"text":"",
"mid":"yBAin5WbA",
"date":"2012-09-12 23:22:36"
},
{
"kids":[],
"uid":"2920391780",
"parent":"yBoERFQus",
"text":"",
"mid":"yBAcA34rY",
"date":"2012-09-12 23:08:16"
},
{
"kids":[],
"uid":"1778133034",
"parent":"yBoEPlbf3",
"text":"",
"mid":"yBAaNf8iB",
"date":"2012-09-12 23:03:52"
},
{
"kids":[],
"uid":"2920246834",
"parent":"yBpq2bXWW",
"text":"",
"mid":"yBzMgl3bH",
"date":"2012-09-12 22:03:26"
},
{
"kids":[],
"uid":"2693190961",
"parent":"yByLJ9H4J",
"text":"先来两块钱滴[钱]",
"mid":"yBz961ub7",
"date":"2012-09-12 20:26:59"
},
{
"kids":[],
"uid":"tomotocake",
"parent":"yBoVWpTSw",
"text":"",
"mid":"yByNspEp9",
"date":"2012-09-12 19:33:41"
},
{
"kids":[
"yBz961ub7"
],
"uid":"2050152283",
"parent":"yBoVwbAyW",
"text":"",
"mid":"yByLJ9H4J",
"date":"2012-09-12 19:29:26"
},
{
"kids":[],
"uid":"2033304012",
"parent":"",
"text":"这个不顶我还是中国人吗！！[",
"mid":"yBybwkhqI",
"date":"2012-09-12 18:00:13"
},
{
"kids":[],
"uid":"ajian2",
"parent":"",
"text":"",
"mid":"yBxtVaVod",
"date":"2012-09-12 16:12:47"
},
{
"kids":[],
"uid":"2920234254",
"parent":"yBpq2bXWW",
"text":"",
"mid":"yBx2ciRxB",
"date":"2012-09-12 15:04:28"
},
{
"kids":[],
"uid":"2920225394",
"parent":"yBoRLBwvl",
"text":"",
"mid":"yBwQyp6Wl",
"date":"2012-09-12 14:35:49"
},
{
"kids":[],
"uid":"1582666932",
"parent":"yBoEyttkB",
"text":"",
"mid":"yBwPE0dSd",
"date":"2012-09-12 14:33:32"
},
{
"kids":[],
"uid":"2424659292",
"parent":"yBoK8usHP",
"text":"",
"mid":"yBwHkCaDp",
"date":"2012-09-12 14:13:04"
},
{
"kids":[],
"uid":"2292230915",
"parent":"",
"text":"",
"mid":"yBvLhgSHh",
"date":"2012-09-12 11:50:04"
},
{
"kids":[],
"uid":"2892871311",
"parent":"yBoG7qsZV",
"text":"谢谢叶昕我支持",
"mid":"yBuJepQIw",
"date":"2012-09-12 09:12:16"
},
{
"kids":[],
"uid":"laowu945",
"parent":"",
"text":"误导青年，典型脑残",
"mid":"yBuzNjl26",
"date":"2012-09-12 08:49:02"
},
{
"kids":[],
"uid":"1961791247",
"parent":"yBuc2koaH",
"text":"",
"mid":"yBuxQdwg5",
"date":"2012-09-12 08:44:12"
},
{
"kids":[],
"uid":"1825870205",
"parent":"",
"text":"",
"mid":"yBuqblLT3",
"date":"2012-09-12 08:25:20"
},
{
"kids":[
"yBuxQdwg5"
],
"uid":"1916529260",
"parent":"",
"text":"转起来",
"mid":"yBuc2koaH",
"date":"2012-09-12 07:50:31"
},
{
"kids":[],
"uid":"boon3000",
"parent":"yBqtweu5L",
"text":"也没多少钱嘛，找个富翁买了，度度假什么的",
"mid":"yBtRz8VYB",
"date":"2012-09-12 07:00:04"
},
{
"kids":[],
"uid":"2241984994",
"parent":"yBq9zjcbx",
"text":"",
"mid":"yBtuLwZJV",
"date":"2012-09-12 06:03:53"
},
{
"kids":[],
"uid":"2570464004",
"parent":"",
"text":"",
"mid":"yBrzmxkQZ",
"date":"2012-09-12 01:09:44"
},
{
"kids":[],
"uid":"slyla",
"parent":"",
"text":"",
"mid":"yBr8Ic8lj",
"date":"2012-09-12 00:04:03"
},
{
"kids":[],
"uid":"1751587172",
"parent":"yBqVMdoxu",
"text":"支持",
"mid":"yBr6wgnsO",
"date":"2012-09-11 23:58:40"
},
{
"kids":[
"yBr6wgnsO"
],
"uid":"ouronepiece",
"parent":"",
"text":"严重支持！",
"mid":"yBqVMdoxu",
"date":"2012-09-11 23:32:11"
},
{
"kids":[],
"uid":"2804958510",
"parent":"yBoWvjlNt",
"text":"",
"mid":"yBqR6miPb",
"date":"2012-09-11 23:20:38"
},
{
"kids":[],
"uid":"yaer",
"parent":"yBoSZxfhg",
"text":"你转发的是假消息[酷][酷]",
"mid":"yBqPsmxRW",
"date":"2012-09-11 23:16:38"
},
{
"kids":[],
"uid":"kitty810416",
"parent":"yBq7Hva69",
"text":"买吧",
"mid":"yBqMYq5im",
"date":"2012-09-11 23:10:27"
},
{
"kids":[],
"uid":"1677997324",
"parent":"",
"text":"顶了～",
"mid":"yBqKl566e",
"date":"2012-09-11 23:04:01"
},
{
"kids":[],
"uid":"2147994334",
"parent":"",
"text":"转发微博。",
"mid":"yBqJs6CRF",
"date":"2012-09-11 23:01:50"
},
{
"kids":[],
"uid":"1880209370",
"parent":"",
"text":"",
"mid":"yBqIh7uwR",
"date":"2012-09-11 22:58:54"
},
{
"kids":[],
"uid":"2028485351",
"parent":"",
"text":"",
"mid":"yBqH1niy7",
"date":"2012-09-11 22:55:51"
},
{
"kids":[],
"uid":"1788950737",
"parent":"",
"text":"",
"mid":"yBqGBEjD5",
"date":"2012-09-11 22:54:50"
},
{
"kids":[
"yBZD9m2iF"
],
"uid":"1092020062",
"parent":"",
"text":"",
"mid":"yBqAODJw3",
"date":"2012-09-11 22:40:33"
},
{
"kids":[],
"uid":"1986040427",
"parent":"",
"text":"[顶]",
"mid":"yBqA4vEA8",
"date":"2012-09-11 22:38:44"
},
{
"kids":[],
"uid":"2684683665",
"parent":"",
"text":"我们愤怒有鸟用，政府都没有态度，我们应该抵制日货，全中国的人拿几个月不买日货，让小日本哭去吧",
"mid":"yBqyG0LIN",
"date":"2012-09-11 22:35:14"
},
{
"kids":[],
"uid":"1662910074",
"parent":"",
"text":"这么骗转骗粉发太无耻了！！",
"mid":"yBqyvCZas",
"date":"2012-09-11 22:34:50"
},
{
"kids":[
"yBtRz8VYB"
],
"uid":"315878889",
"parent":"yBphX3fiz",
"text":"",
"mid":"yBqtweu5L",
"date":"2012-09-11 22:22:36"
},
{
"kids":[],
"uid":"1408188494",
"parent":"",
"text":"",
"mid":"yBqrsiej4",
"date":"2012-09-11 22:17:27"
},
{
"kids":[],
"uid":"2269877813",
"parent":"yBoG27r5L",
"text":"同感",
"mid":"yBqqShr4i",
"date":"2012-09-11 22:16:04"
},
{
"kids":[],
"uid":"t3565",
"parent":"yBqc7qkmP",
"text":"来三斤！",
"mid":"yBqpAuo44",
"date":"2012-09-11 22:12:54"
},
{
"kids":[],
"uid":"2920354492",
"parent":"yBoERFQus",
"text":"",
"mid":"yBqp1kcm8",
"date":"2012-09-11 22:11:30"
},
{
"kids":[],
"uid":"1792576003",
"parent":"yBoGVn2ch",
"text":"必须转了！",
"mid":"yBqoL4CxW",
"date":"2012-09-11 22:10:48"
},
{
"kids":[],
"uid":"1881567337",
"parent":"",
"text":"这个不顶我还是中国人吗！！[",
"mid":"yBqlM69Jy",
"date":"2012-09-11 22:03:30"
},
{
"kids":[],
"uid":"2660370102",
"parent":"",
"text":"",
"mid":"yBqkE2D2v",
"date":"2012-09-11 22:00:43"
},
{
"kids":[],
"uid":"1829471210",
"parent":"",
"text":"",
"mid":"yBqjHy8Ty",
"date":"2012-09-11 21:58:25"
},
{
"kids":[],
"uid":"2669410067",
"parent":"",
"text":"",
"mid":"yBqgMDMz9",
"date":"2012-09-11 21:51:13"
},
{
"kids":[],
"uid":"2626277125",
"parent":"",
"text":"好",
"mid":"yBqgCm0dR",
"date":"2012-09-11 21:50:48"
},
{
"kids":[],
"uid":"1736442197",
"parent":"",
"text":"顶起",
"mid":"yBqdMe4ND",
"date":"2012-09-11 21:43:48"
},
{
"kids":[
"yBqpAuo44"
],
"uid":"limz1985",
"parent":"yBpgp2vIu",
"text":"买，两份",
"mid":"yBqc7qkmP",
"date":"2012-09-11 21:39:43"
},
{
"kids":[
"yBtuLwZJV"
],
"uid":"2236421090",
"parent":"yBoDZltZ9",
"text":"",
"mid":"yBq9zjcbx",
"date":"2012-09-11 21:33:26"
},
{
"kids":[],
"uid":"2480238395",
"parent":"yBq8BCx20",
"text":"",
"mid":"yBq93F2Rl",
"date":"2012-09-11 21:32:07"
},
{
"kids":[],
"uid":"2662306635",
"parent":"yBoZ2wyC0",
"text":"",
"mid":"yBq8TEWRl",
"date":"2012-09-11 21:31:48"
},
{
"kids":[
"yBq93F2Rl"
],
"uid":"1734479427",
"parent":"",
"text":"[偷笑][偷笑]",
"mid":"yBq8BCx20",
"date":"2012-09-11 21:31:05"
},
{
"kids":[
"yBqMYq5im"
],
"uid":"513371789",
"parent":"yBpTKyepo",
"text":"快买",
"mid":"yBq7Hva69",
"date":"2012-09-11 21:28:47"
},
{
"kids":[],
"uid":"2033707894",
"parent":"",
"text":"某些同志少吃一顿、不知能买多少钓鱼岛！",
"mid":"yBq6iCJgD",
"date":"2012-09-11 21:25:24"
},
{
"kids":[],
"uid":"1966023781",
"parent":"",
"text":"",
"mid":"yBq4icPeW",
"date":"2012-09-11 21:20:27"
},
{
"kids":[],
"uid":"1965438685",
"parent":"",
"text":"",
"mid":"yBpZz4oUz",
"date":"2012-09-11 21:08:44"
},
{
"kids":[],
"uid":"tom1808tz",
"parent":"yBoF9rO0F",
"text":"",
"mid":"yBpU2kake",
"date":"2012-09-11 20:55:09"
},
{
"kids":[
"yBq7Hva69"
],
"uid":"yangjin123",
"parent":"yBoIOmLDg",
"text":"呵呵，同意右边",
"mid":"yBpTKyepo",
"date":"2012-09-11 20:54:28"
},
{
"kids":[],
"uid":"1574035392",
"parent":"yBpoVD4yX",
"text":"",
"mid":"yBpTkzFmp",
"date":"2012-09-11 20:53:23"
},
{
"kids":[],
"uid":"2306114495",
"parent":"",
"text":"",
"mid":"yBpOe7S0l",
"date":"2012-09-11 20:40:50"
},
{
"kids":[],
"uid":"1744245634",
"parent":"yBpgp2vIu",
"text":"[哈哈][哈哈][哈哈][哈哈][哈哈]頂",
"mid":"yBpNdssEY",
"date":"2012-09-11 20:38:22"
},
{
"kids":[],
"uid":"2183556804",
"parent":"",
"text":"[赞][赞]",
"mid":"yBpMWid5I",
"date":"2012-09-11 20:37:41"
},
{
"kids":[],
"uid":"2181152527",
"parent":"",
"text":"转发微博。",
"mid":"yBpMe2nv6",
"date":"2012-09-11 20:35:55"
},
{
"kids":[],
"uid":"2802625721",
"parent":"",
"text":"",
"mid":"yBpIPAWME",
"date":"2012-09-11 20:27:31"
},
{
"kids":[],
"uid":"2684816357",
"parent":"",
"text":"这样可以的话我也愿意！",
"mid":"yBpIszJFw",
"date":"2012-09-11 20:26:39"
},
{
"kids":[],
"uid":"2239775821",
"parent":"",
"text":"第一次发现浪浪这样处理原应被和谐掉的围脖",
"mid":"yBpGT21j0",
"date":"2012-09-11 20:22:47"
},
{
"kids":[],
"uid":"1837369701",
"parent":"yBp5FyCQo",
"text":"炸平钓鱼岛，这才是毛泽东式的做法。",
"mid":"yBpGv8kWA",
"date":"2012-09-11 20:21:47"
},
{
"kids":[],
"uid":"2256171861",
"parent":"yBpiecFA9",
"text":"",
"mid":"yBpE5ALv5",
"date":"2012-09-11 20:15:53"
},
{
"kids":[],
"uid":"1906131525",
"parent":"",
"text":"",
"mid":"yBpDOsmCF",
"date":"2012-09-11 20:15:11"
},
{
"kids":[],
"uid":"2327878584",
"parent":"yBpyQ045k",
"text":"",
"mid":"yBpC1Eogz",
"date":"2012-09-11 20:10:46"
},
{
"kids":[],
"uid":"1870268211",
"parent":"yBpxnhhPn",
"text":"9块",
"mid":"yBpBxwRma",
"date":"2012-09-11 20:09:36"
},
{
"kids":[],
"uid":"1934291193",
"parent":"",
"text":"买",
"mid":"yBpAbgArS",
"date":"2012-09-11 20:06:15"
},
{
"kids":[],
"uid":"1239173794",
"parent":"yBoIy8Jtu",
"text":"顶起",
"mid":"yBpA30gk0",
"date":"2012-09-11 20:05:53"
},
{
"kids":[],
"uid":"1743817091",
"parent":"yBpyQ045k",
"text":"",
"mid":"yBpzwxfqb",
"date":"2012-09-11 20:04:35"
},
{
"kids":[],
"uid":"chocoliqiaoke",
"parent":"yBp9r1T6b",
"text":"._.|||",
"mid":"yBpyTdsDi",
"date":"2012-09-11 20:03:04"
},
{
"kids":[
"yBpC1Eogz",
"yBpzwxfqb"
],
"uid":"2720214530",
"parent":"",
"text":"",
"mid":"yBpyQ045k",
"date":"2012-09-11 20:02:56"
},
{
"kids":[],
"uid":"2383623622",
"parent":"yBpfI90iA",
"text":"",
"mid":"yBpyyeuqd",
"date":"2012-09-11 20:02:14"
},
{
"kids":[
"yBpBxwRma"
],
"uid":"1633174627",
"parent":"",
"text":"不废话了，转起来……",
"mid":"yBpxnhhPn",
"date":"2012-09-11 19:59:18"
},
{
"kids":[],
"uid":"1869111222",
"parent":"yBoUulqmV",
"text":"",
"mid":"yBpwZiUnz",
"date":"2012-09-11 19:58:23"
},
{
"kids":[],
"uid":"2186023695",
"parent":"",
"text":"",
"mid":"yBpvehtsS",
"date":"2012-09-11 19:54:03"
},
{
"kids":[],
"uid":"1965506881",
"parent":"",
"text":"顶",
"mid":"yBpv6xLHa",
"date":"2012-09-11 19:53:45"
},
{
"kids":[],
"uid":"1249690512",
"parent":"yBoJ0aNS4",
"text":"",
"mid":"yBpuKo4EN",
"date":"2012-09-11 19:52:52"
},
{
"kids":[],
"uid":"2896789403",
"parent":"yBoH29ZLj",
"text":"作为一位中国人，这是必须的[怒]",
"mid":"yBpuI6cl7",
"date":"2012-09-11 19:52:43"
},
{
"kids":[],
"uid":"1426048015",
"parent":"yBpt0AJFr",
"text":"顶",
"mid":"yBpuDkXir",
"date":"2012-09-11 19:52:32"
},
{
"kids":[],
"uid":"1743142934",
"parent":"",
"text":"我也来一块要海边[鼓掌]",
"mid":"yBptYyXi0",
"date":"2012-09-11 19:50:55"
},
{
"kids":[],
"uid":"xiaoweihenshuai",
"parent":"",
"text":"买自己的东西是怎样？[挖鼻屎]",
"mid":"yBptD13ol",
"date":"2012-09-11 19:50:06"
},
{
"kids":[],
"uid":"522918567",
"parent":"yBpsSABBe",
"text":"顶顶顶",
"mid":"yBptpoVEf",
"date":"2012-09-11 19:49:34"
},
{
"kids":[],
"uid":"2001321331",
"parent":"",
"text":"",
"mid":"yBptpoVBa",
"date":"2012-09-11 19:49:34"
},
{
"kids":[],
"uid":"2719205850",
"parent":"",
"text":"",
"mid":"yBptd1JyM",
"date":"2012-09-11 19:49:04"
},
{
"kids":[
"yBpuDkXir"
],
"uid":"1826274271",
"parent":"yBoV1FB4a",
"text":"",
"mid":"yBpt0AJFr",
"date":"2012-09-11 19:48:35"
},
{
"kids":[],
"uid":"1749073731",
"parent":"yBpsC2c0b",
"text":"",
"mid":"yBpsVziTE",
"date":"2012-09-11 19:48:24"
},
{
"kids":[],
"uid":"1985995893",
"parent":"",
"text":"力挻",
"mid":"yBpsTs5nk",
"date":"2012-09-11 19:48:16"
},
{
"kids":[
"yBptpoVEf"
],
"uid":"2040028692",
"parent":"yBoMefoIP",
"text":"",
"mid":"yBpsSABBe",
"date":"2012-09-11 19:48:14"
},
{
"kids":[],
"uid":"1473113005",
"parent":"",
"text":"顶",
"mid":"yBpsCBol4",
"date":"2012-09-11 19:47:37"
},
{
"kids":[
"yBpsVziTE"
],
"uid":"1771220134",
"parent":"",
"text":"飞机大炮放仓库又要维护又有损耗，既然日本没有道德就给他导弹。。。",
"mid":"yBpsC2c0b",
"date":"2012-09-11 19:47:37"
},
{
"kids":[],
"uid":"1784705345",
"parent":"yBpd4rWBz",
"text":"系吾孚嘎",
"mid":"yBprJ4lD7",
"date":"2012-09-11 19:45:25"
},
{
"kids":[],
"uid":"1762152713",
"parent":"",
"text":"要我说 TMD直接把日本那个蛋丸之地炸平，让这个世界上不在出现日本这两字。强烈抵制日货，如果中国一个月不买日本货那么日本将会有1000多家企业倒闭",
"mid":"yBprjlGVR",
"date":"2012-09-11 19:44:24"
},
{
"kids":[],
"uid":"akb48yishengdetui",
"parent":"yBppllS3c",
"text":"",
"mid":"yBpqkeSs3",
"date":"2012-09-11 19:41:55"
},
{
"kids":[
"yBzMgl3bH",
"yBx2ciRxB"
],
"uid":"1742040234",
"parent":"",
"text":"",
"mid":"yBpq2bXWW",
"date":"2012-09-11 19:41:15"
},
{
"kids":[
"yBpqkeSs3"
],
"uid":"2073300191",
"parent":"",
"text":"北海道8.3平方公里？？？SB也要有个度。。。",
"mid":"yBppllS3c",
"date":"2012-09-11 19:39:33"
},
{
"kids":[
"yBpTkzFmp"
],
"uid":"1721720595",
"parent":"",
"text":"+1",
"mid":"yBpoVD4yX",
"date":"2012-09-11 19:38:33"
},
{
"kids":[],
"uid":"shangxinaaaa",
"parent":"",
"text":"可以考虑把日本买下来",
"mid":"yBpojtkW7",
"date":"2012-09-11 19:37:01"
},
{
"kids":[],
"uid":"2045300371",
"parent":"",
"text":"买了再租给日本！",
"mid":"yBpnOchnj",
"date":"2012-09-11 19:35:45"
},
{
"kids":[],
"uid":"cantchat",
"parent":"yBpjd3kyf",
"text":"…",
"mid":"yBpns3Ebr",
"date":"2012-09-11 19:34:51"
},
{
"kids":[],
"uid":"2748516484",
"parent":"",
"text":"",
"mid":"yBpniinQA",
"date":"2012-09-11 19:34:31"
},
{
"kids":[],
"uid":"1613732147",
"parent":"yBp4cwsEF",
"text":"我怎么关注了@热门微博 这种脑残微博营销失败堕落户",
"mid":"yBpn4q1TR",
"date":"2012-09-11 19:33:57"
},
{
"kids":[],
"uid":"214171314",
"parent":"",
"text":"岛是中国的 为什么中国要买？ 只有别人的东西才需要买！！！动动脑子好不好！",
"mid":"yBpmX2TQi",
"date":"2012-09-11 19:33:36"
},
{
"kids":[],
"uid":"2005030230",
"parent":"",
"text":"",
"mid":"yBplLrrWs",
"date":"2012-09-11 19:30:44"
},
{
"kids":[],
"uid":"kele9804",
"parent":"",
"text":"老子自己出钱，",
"mid":"yBplG8pTx",
"date":"2012-09-11 19:30:32"
},
{
"kids":[],
"uid":"2894366020",
"parent":"yBoYe0GSF",
"text":"",
"mid":"yBpl0q4A4",
"date":"2012-09-11 19:28:52"
},
{
"kids":[],
"uid":"1668990325",
"parent":"",
"text":"",
"mid":"yBpkODO6e",
"date":"2012-09-11 19:28:24"
},
{
"kids":[],
"uid":"vickysunhui523",
"parent":"yBoFPE0z4",
"text":"",
"mid":"yBpkbC6Jw",
"date":"2012-09-11 19:26:52"
},
{
"kids":[],
"uid":"1862669103",
"parent":"",
"text":"这个不顶我还是中国人吗！！[",
"mid":"yBpjVEzA7",
"date":"2012-09-11 19:26:11"
},
{
"kids":[],
"uid":"1985987907",
"parent":"yBoJrlUSM",
"text":"",
"mid":"yBpjD3itR",
"date":"2012-09-11 19:25:28"
},
{
"kids":[
"yBpns3Ebr"
],
"uid":"doggyls",
"parent":"yBp4PhkRR",
"text":"re",
"mid":"yBpjd3kyf",
"date":"2012-09-11 19:24:26"
},
{
"kids":[],
"uid":"lovejdfz",
"parent":"yBpgtoi6T",
"text":"这个必须顶！！！",
"mid":"yBpjaFccr",
"date":"2012-09-11 19:24:20"
},
{
"kids":[],
"uid":"2495021067",
"parent":"",
"text":"@从此不见天日的扶苏苏 @夏思引",
"mid":"yBpirtqkK",
"date":"2012-09-11 19:22:33"
},
{
"kids":[
"yBpE5ALv5"
],
"uid":"2845721563",
"parent":"",
"text":"爱国，但又怕变成第二个希望工程",
"mid":"yBpiecFA9",
"date":"2012-09-11 19:22:01"
},
{
"kids":[],
"uid":"1645710083",
"parent":"yBpgtoi6T",
"text":"对，面对这样的龟孙子，只有消失才解恨！",
"mid":"yBpi80ots",
"date":"2012-09-11 19:21:46"
},
{
"kids":[
"yBqtweu5L"
],
"uid":"xinrujingyun",
"parent":"yBoEEEE3d",
"text":"刚和老公讨论捐钱买日本的。。。",
"mid":"yBphX3fiz",
"date":"2012-09-11 19:21:20"
},
{
"kids":[],
"uid":"2622496337",
"parent":"",
"text":"小日本",
"mid":"yBphU6WNO",
"date":"2012-09-11 19:21:13"
},
{
"kids":[],
"uid":"2150887661",
"parent":"yBp7nCt7j",
"text":"",
"mid":"yBphnhAwe",
"date":"2012-09-11 19:19:55"
},
{
"kids":[],
"uid":"komori520",
"parent":"yBpfwjIiN",
"text":"(′ -`)有用吗",
"mid":"yBpgToxTA",
"date":"2012-09-11 19:18:44"
},
{
"kids":[],
"uid":"1732529541",
"parent":"",
"text":"",
"mid":"yBpgC2JaI",
"date":"2012-09-11 19:18:01"
},
{
"kids":[],
"uid":"1885392755",
"parent":"yBoWdASut",
"text":"必须顶",
"mid":"yBpgzAx7A",
"date":"2012-09-11 19:17:53"
},
{
"kids":[
"yBpjaFccr",
"yBpi80ots"
],
"uid":"ninghao116",
"parent":"",
"text":"那我到更希望每人捐九元钱买子弹打他们！",
"mid":"yBpgtoi6T",
"date":"2012-09-11 19:17:42"
},
{
"kids":[
"yBqc7qkmP",
"yBpNdssEY"
],
"uid":"sherryxie1123",
"parent":"yBp1NCBCy",
"text":"买！",
"mid":"yBpgp2vIu",
"date":"2012-09-11 19:17:28"
},
{
"kids":[],
"uid":"2156577152",
"parent":"",
"text":"80年代小日本的日元涨了，就去买了很多美国的房产，好像当时美国最高的楼都买了，结果呢？搞得小日本经济衰退，这次他们也不会有什么好结果滴~",
"mid":"yBpfUyTfW",
"date":"2012-09-11 19:16:16"
},
{
"kids":[],
"uid":"1712814917",
"parent":"yBoMZeLzs",
"text":"",
"mid":"yBpfIsVau",
"date":"2012-09-11 19:15:51"
},
{
"kids":[],
"uid":"1956688812",
"parent":"",
"text":"必须顶起",
"mid":"yBpfIbjFm",
"date":"2012-09-11 19:15:49"
},
{
"kids":[
"yBpyyeuqd"
],
"uid":"xiaojiao520202",
"parent":"yBpe84ySr",
"text":"整个日本都要了'''给姐打包",
"mid":"yBpfI90iA",
"date":"2012-09-11 19:15:49"
},
{
"kids":[
"yBpgToxTA"
],
"uid":"201288517",
"parent":"yBpeGCLv8",
"text":"",
"mid":"yBpfwjIiN",
"date":"2012-09-11 19:15:19"
},
{
"kids":[],
"uid":"yymxxx",
"parent":"",
"text":"",
"mid":"yBpfrC8K9",
"date":"2012-09-11 19:15:10"
},
{
"kids":[],
"uid":"zhuqiongwen",
"parent":"yBoWVzY1g",
"text":"",
"mid":"yBpfhgHHX",
"date":"2012-09-11 19:14:44"
},
{
"kids":[],
"uid":"2088495751",
"parent":"",
"text":"我出10块，不用找了～～",
"mid":"yBpf2cpYH",
"date":"2012-09-11 19:14:09"
},
{
"kids":[
"yBpfwjIiN"
],
"uid":"2085024273",
"parent":"yBpe84ySr",
"text":"不卖钓鱼岛，还买整个日本，行么",
"mid":"yBpeGCLv8",
"date":"2012-09-11 19:13:18"
},
{
"kids":[],
"uid":"songjiaqian888",
"parent":"yBpczpKPl",
"text":"买啊，钱不够我也捐",
"mid":"yBpeuuRPq",
"date":"2012-09-11 19:12:46"
},
{
"kids":[],
"uid":"2764725205",
"parent":"yBp91AH84",
"text":"干他丫的，团购了它。",
"mid":"yBpepaTCp",
"date":"2012-09-11 19:12:33"
},
{
"kids":[],
"uid":"1894499910",
"parent":"",
"text":"[嘻嘻]尽一份绵薄之力",
"mid":"yBpenplyj",
"date":"2012-09-11 19:12:31"
},
{
"kids":[],
"uid":"1817202962",
"parent":"yBpaSeQGh",
"text":"智商好捉急的[挖鼻屎]",
"mid":"yBped5ZqY",
"date":"2012-09-11 19:12:08"
},
{
"kids":[
"yBpfI90iA",
"yBpeGCLv8"
],
"uid":"1727910994",
"parent":"",
"text":"不卖钓鱼岛，还买整个日本，行么。。。",
"mid":"yBpe84ySr",
"date":"2012-09-11 19:11:55"
},
{
"kids":[],
"uid":"dongmadong",
"parent":"",
"text":"走着",
"mid":"yBpe343Kh",
"date":"2012-09-11 19:11:43"
},
{
"kids":[],
"uid":"dracuola",
"parent":"",
"text":"要没人捐多少才能把日本买下来？",
"mid":"yBpdA6jNR",
"date":"2012-09-11 19:10:35"
},
{
"kids":[],
"uid":"2118429167",
"parent":"",
"text":"[神马]",
"mid":"yBpdnEpyM",
"date":"2012-09-11 19:10:05"
},
{
"kids":[],
"uid":"1572155721",
"parent":"yBoQd0A2L",
"text":"我也觉得是扯淡",
"mid":"yBpdlAjWh",
"date":"2012-09-11 19:10:00"
},
{
"kids":[],
"uid":"azhumadonnadu",
"parent":"yBp9aak2W",
"text":"",
"mid":"yBpdk5S4p",
"date":"2012-09-11 19:09:56"
},
{
"kids":[
"yBprJ4lD7"
],
"uid":"1908358191",
"parent":"",
"text":"买了然后沉了",
"mid":"yBpd4rWBz",
"date":"2012-09-11 19:09:17"
},
{
"kids":[],
"uid":"2185270455",
"parent":"",
"text":"",
"mid":"yBpd1b6ja",
"date":"2012-09-11 19:09:10"
},
{
"kids":[],
"uid":"206781212",
"parent":"yBp2L1hbJ",
"text":"Budget显然不够[黑线]",
"mid":"yBpczr0Ef",
"date":"2012-09-11 19:08:05"
},
{
"kids":[
"yBpeuuRPq"
],
"uid":"2720668385",
"parent":"",
"text":"这个肯定要支持的",
"mid":"yBpczpKPl",
"date":"2012-09-11 19:08:05"
},
{
"kids":[],
"uid":"1308236952",
"parent":"yBpaftGRv",
"text":"靠，自己花钱买自己东西",
"mid":"yBpbWpy3S",
"date":"2012-09-11 19:06:33"
},
{
"kids":[],
"uid":"1774868090",
"parent":"yBp5Ndb0U",
"text":"咱们也买！",
"mid":"yBpbShce5",
"date":"2012-09-11 19:06:22"
},
{
"kids":[],
"uid":"qxl819",
"parent":"",
"text":"买了！",
"mid":"yBpbH5Con",
"date":"2012-09-11 19:05:55"
},
{
"kids":[],
"uid":"nonopjuno",
"parent":"",
"text":"数学是体育老师教的吗？8.3万平方公里的北海道要￥2.19亿[吐]无知识真是力量呀！",
"mid":"yBpbCBl9e",
"date":"2012-09-11 19:05:43"
},
{
"kids":[],
"uid":"2484382055",
"parent":"",
"text":"[赞]",
"mid":"yBpbsywW9",
"date":"2012-09-11 19:05:21"
},
{
"kids":[],
"uid":"crazy520cris",
"parent":"",
"text":"这钱不知道进谁口袋里！",
"mid":"yBpbplB1t",
"date":"2012-09-11 19:05:12"
},
{
"kids":[],
"uid":"1646828872",
"parent":"yBp9r1T6b",
"text":"智障贴",
"mid":"yBpbmFRs2",
"date":"2012-09-11 19:05:07"
},
{
"kids":[],
"uid":"1449833732",
"parent":"",
"text":"[good]",
"mid":"yBpbeoEck",
"date":"2012-09-11 19:04:47"
},
{
"kids":[],
"uid":"1875933972",
"parent":"",
"text":"我出12",
"mid":"yBpb7AJyH",
"date":"2012-09-11 19:04:30"
},
{
"kids":[],
"uid":"2386745002",
"parent":"",
"text":"",
"mid":"yBpb5fSqz",
"date":"2012-09-11 19:04:25"
},
{
"kids":[],
"uid":"1979023194",
"parent":"",
"text":"",
"mid":"yBpaVtMMg",
"date":"2012-09-11 19:04:02"
},
{
"kids":[
"yBped5ZqY"
],
"uid":"imiris82",
"parent":"yBp9r1T6b",
"text":"要粪青也请先搞搞清楚北海道有多大吧",
"mid":"yBpaSeQGh",
"date":"2012-09-11 19:03:54"
},
{
"kids":[],
"uid":"1065241967",
"parent":"",
"text":"毛病，我们的领土花个屁钱去买",
"mid":"yBpaPz7bo",
"date":"2012-09-11 19:03:46"
},
{
"kids":[],
"uid":"2684067693",
"parent":"",
"text":"哇。。。这个可以有啊",
"mid":"yBpaDsZL4",
"date":"2012-09-11 19:03:19"
},
{
"kids":[],
"uid":"poffen",
"parent":"",
"text":"晕倒，能不拿这个事来炒作么？想骂人！",
"mid":"yBpazkOfF",
"date":"2012-09-11 19:03:09"
},
{
"kids":[
"yBpbWpy3S"
],
"uid":"wuppo",
"parent":"yBp384k50",
"text":"这TM就不是钱的事，一群没出息的东西",
"mid":"yBpaftGRv",
"date":"2012-09-11 19:02:21"
},
{
"kids":[],
"uid":"611030222",
"parent":"",
"text":"好主意！",
"mid":"yBpa6D5l0",
"date":"2012-09-11 19:02:00"
},
{
"kids":[],
"uid":"ninkiren",
"parent":"yBp82FR3l",
"text":"没人九百，直接买下全日本么好了",
"mid":"yBp9t28be",
"date":"2012-09-11 19:00:24"
},
{
"kids":[
"yBpyTdsDi",
"yBpbmFRs2",
"yBpaSeQGh"
],
"uid":"rapuzel",
"parent":"yBp82FR3l",
"text":"这是测试粪青智商贴。。。",
"mid":"yBp9r1T6b",
"date":"2012-09-11 19:00:21"
},
{
"kids":[],
"uid":"caoyan2010",
"parent":"yBp78fA2b",
"text":"",
"mid":"yBp9o4yaq",
"date":"2012-09-11 19:00:14"
},
{
"kids":[
"yBpdk5S4p"
],
"uid":"louiscc",
"parent":"yBp6TvIe9",
"text":"咱买下日本本岛！",
"mid":"yBp9aak2W",
"date":"2012-09-11 18:59:40"
},
{
"kids":[
"yBpepaTCp"
],
"uid":"mingaimei",
"parent":"",
"text":"转了",
"mid":"yBp91AH84",
"date":"2012-09-11 18:59:21"
},
{
"kids":[],
"uid":"1681549992",
"parent":"",
"text":"sb啊，这么多sb我觉得中国也就这样了。虚伪的说着自己都不信的话。",
"mid":"yBp8I31hv",
"date":"2012-09-11 18:58:34"
},
{
"kids":[],
"uid":"2403453485",
"parent":"",
"text":"用钱买这不是变相承认是中国的吗 你会花钱自己买自己的东西吗",
"mid":"yBp8ExDyq",
"date":"2012-09-11 18:58:25"
},
{
"kids":[],
"uid":"1708890640",
"parent":"",
"text":"",
"mid":"yBp8C9IRK",
"date":"2012-09-11 18:58:20"
},
{
"kids":[],
"uid":"kehan0726",
"parent":"",
"text":"买下！",
"mid":"yBp8BzxdO",
"date":"2012-09-11 18:58:19"
},
{
"kids":[],
"uid":"1765018884",
"parent":"",
"text":"",
"mid":"yBp8xavIx",
"date":"2012-09-11 18:58:08"
},
{
"kids":[],
"uid":"2322393823",
"parent":"",
"text":"",
"mid":"yBp8o08Dg",
"date":"2012-09-11 18:57:46"
},
{
"kids":[],
"uid":"2609128487",
"parent":"yBoXimxDb",
"text":"",
"mid":"yBp8ikmv5",
"date":"2012-09-11 18:57:33"
},
{
"kids":[
"yBPylvP5J",
"yBGsD0RdM"
],
"uid":"2048501442",
"parent":"",
"text":"我也捐九元",
"mid":"yBp8f8SIB",
"date":"2012-09-11 18:57:22"
},
{
"kids":[
"yBp9t28be",
"yBp9r1T6b"
],
"uid":"melonyu",
"parent":"",
"text":"钓鱼钓的厉害了，北海道那么小？",
"mid":"yBp82FR3l",
"date":"2012-09-11 18:56:55"
},
{
"kids":[],
"uid":"2359561741",
"parent":"",
"text":"[good]",
"mid":"yBp81fr2Y",
"date":"2012-09-11 18:56:51"
},
{
"kids":[],
"uid":"ninjayun",
"parent":"yBoSGkMf4",
"text":"你买钓鱼岛，我们就买北海道~~~ [嘻嘻][嘻嘻]",
"mid":"yBp7Wc0Mw",
"date":"2012-09-11 18:56:40"
},
{
"kids":[],
"uid":"2677950893",
"parent":"yBoG7qsZV",
"text":"",
"mid":"yBp7QiAET",
"date":"2012-09-11 18:56:26"
},
{
"kids":[],
"uid":"albertxu1980",
"parent":"yBp78fA2b",
"text":"举报非法集资，扰乱社会主义经济秩序[哼]",
"mid":"yBp7FjYXu",
"date":"2012-09-11 18:56:00"
},
{
"kids":[],
"uid":"melonyu",
"parent":"yBp78fA2b",
"text":"我第一次知道北海道那么小",
"mid":"yBp7DfTVe",
"date":"2012-09-11 18:55:53"
},
{
"kids":[
"yBphnhAwe"
],
"uid":"liuweiyi178",
"parent":"yBoZsvQ9X",
"text":"",
"mid":"yBp7nCt7j",
"date":"2012-09-11 18:55:16"
},
{
"kids":[
"yBp9o4yaq",
"yBp7FjYXu",
"yBp7DfTVe"
],
"uid":"322019198",
"parent":"",
"text":"不买，七十年产权，谁买谁傻逼",
"mid":"yBp78fA2b",
"date":"2012-09-11 18:54:41"
},
{
"kids":[],
"uid":"miaofengdeng",
"parent":"",
"text":"有用吗",
"mid":"yBp70BeFk",
"date":"2012-09-11 18:54:21"
},
{
"kids":[
"yBp9aak2W"
],
"uid":"1717782090",
"parent":"",
"text":"",
"mid":"yBp6TvIe9",
"date":"2012-09-11 18:54:06"
},
{
"kids":[],
"uid":"2001795757",
"parent":"",
"text":"",
"mid":"yBp6KjoWE",
"date":"2012-09-11 18:53:44"
},
{
"kids":[],
"uid":"2814388224",
"parent":"",
"text":"",
"mid":"yBp6FCh41",
"date":"2012-09-11 18:53:31"
},
{
"kids":[],
"uid":"2219398081",
"parent":"",
"text":"",
"mid":"yBp6F0asA",
"date":"2012-09-11 18:53:31"
},
{
"kids":[],
"uid":"fanr",
"parent":"",
"text":"捐给谁 ？谁出面买 ？ 统计人数光数@ 可以了 没必要求粉丝",
"mid":"yBp6xAS6g",
"date":"2012-09-11 18:53:14"
},
{
"kids":[],
"uid":"2368773991",
"parent":"",
"text":"顶起",
"mid":"yBp6vhOus",
"date":"2012-09-11 18:53:05"
},
{
"kids":[],
"uid":"1767726180",
"parent":"",
"text":"按清朝版图大阪都是中国的",
"mid":"yBp6igVa5",
"date":"2012-09-11 18:52:34"
},
{
"kids":[],
"uid":"1879022617",
"parent":"",
"text":"",
"mid":"yBp6h3ZDT",
"date":"2012-09-11 18:52:34"
},
{
"kids":[
"yBpbShce5"
],
"uid":"120459251",
"parent":"yBoFWdGHi",
"text":"果断转起",
"mid":"yBp5Ndb0U",
"date":"2012-09-11 18:51:24"
},
{
"kids":[],
"uid":"2828240090",
"parent":"",
"text":"转发微博。",
"mid":"yBp5MmxXh",
"date":"2012-09-11 18:51:22"
},
{
"kids":[],
"uid":"kingkwok",
"parent":"yBoGhugCR",
"text":"这个可以有",
"mid":"yBp5L95Z0",
"date":"2012-09-11 18:51:18"
},
{
"kids":[
"yBpGv8kWA"
],
"uid":"1769982327",
"parent":"yBoWU7wId",
"text":"还是买日本岛比较靠谱点！",
"mid":"yBp5FyCQo",
"date":"2012-09-11 18:51:03"
},
{
"kids":[],
"uid":"yuefuwan",
"parent":"",
"text":"必须顶！！",
"mid":"yBp5woldk",
"date":"2012-09-11 18:50:43"
},
{
"kids":[],
"uid":"2139993753",
"parent":"yBp4mhSe3",
"text":"",
"mid":"yBp5m4yb8",
"date":"2012-09-11 18:50:18"
},
{
"kids":[],
"uid":"1504786493",
"parent":"",
"text":"",
"mid":"yBp57AyUC",
"date":"2012-09-11 18:49:44"
},
{
"kids":[
"yBpjd3kyf"
],
"uid":"1455019261",
"parent":"yBoTitveD",
"text":"TMD要是真买, 老娘出90块都没问题~",
"mid":"yBp4PhkRR",
"date":"2012-09-11 18:48:57"
},
{
"kids":[],
"uid":"2373283874",
"parent":"yBoVAhrfL",
"text":"",
"mid":"yBp4Fu2Kp",
"date":"2012-09-11 18:48:38"
},
{
"kids":[],
"uid":"2145059583",
"parent":"",
"text":"中国政府不差钱的",
"mid":"yBp4t7wUW",
"date":"2012-09-11 18:48:08"
},
{
"kids":[
"yBp5m4yb8"
],
"uid":"149623526",
"parent":"yBp3dFysv",
"text":"我想买的呀，但是我既不想把钱给鬼子，也不想把钱给TG，我该问谁买。。",
"mid":"yBp4mhSe3",
"date":"2012-09-11 18:47:50"
},
{
"kids":[
"yBpn4q1TR"
],
"uid":"1613732147",
"parent":"",
"text":"网友集资买个导弹发过去会不会好些。 尽在那YY，日本鬼子都笑了.这个时候需要的是解放军",
"mid":"yBp4cwsEF",
"date":"2012-09-11 18:47:25"
},
{
"kids":[],
"uid":"1109198232",
"parent":"",
"text":"[怒]",
"mid":"yBp4bnvcN",
"date":"2012-09-11 18:47:25"
},
{
"kids":[
"yBOCw39vj"
],
"uid":"1759629631",
"parent":"",
"text":"[good][good]",
"mid":"yBp43o6XX",
"date":"2012-09-11 18:47:06"
},
{
"kids":[],
"uid":"1897353262",
"parent":"",
"text":"",
"mid":"yBp3Nprmb",
"date":"2012-09-11 18:46:25"
},
{
"kids":[],
"uid":"2219069623",
"parent":"",
"text":"",
"mid":"yBp3w1dZN",
"date":"2012-09-11 18:45:46"
},
{
"kids":[],
"uid":"323210658",
"parent":"",
"text":"轰掉就影响到领海的面积了！！[生病]",
"mid":"yBp3v50pi",
"date":"2012-09-11 18:45:42"
},
{
"kids":[
"yBp4mhSe3"
],
"uid":"1935952005",
"parent":"",
"text":"[赞]支持转起",
"mid":"yBp3dFysv",
"date":"2012-09-11 18:45:01"
},
{
"kids":[],
"uid":"1429564770",
"parent":"yBoJCB4gg",
"text":"",
"mid":"yBp39ed7l",
"date":"2012-09-11 18:44:52"
},
{
"kids":[],
"uid":"songqi307",
"parent":"",
"text":"艹，买！然后把日本人弄去养猪",
"mid":"yBp384V3b",
"date":"2012-09-11 18:44:49"
},
{
"kids":[
"yBpaftGRv"
],
"uid":"1731332675",
"parent":"",
"text":"有用么？？？？？？吵翻天 闹翻天 无非也是砸砸尼桑类的 不还是中国人花自己钱买的 别让他们入关阿 该说话的不吱声 自己瞎蹦哒能蹦达出什么花花",
"mid":"yBp384k50",
"date":"2012-09-11 18:44:49"
},
{
"kids":[],
"uid":"daizhi524",
"parent":"",
"text":"顶起",
"mid":"yBp2ZtV0q",
"date":"2012-09-11 18:44:30"
},
{
"kids":[],
"uid":"1080242483",
"parent":"",
"text":"",
"mid":"yBp2Y39XD",
"date":"2012-09-11 18:44:25"
},
{
"kids":[],
"uid":"1975516465",
"parent":"yBoVAhrfL",
"text":"1.66亿就想买下6.344平方公里的土地？均价才26167元/平米？你觉得有这么便宜吗？我们的开发商和政府能同意吗？怎么也得出个地王吧！",
"mid":"yBp2UaT6P",
"date":"2012-09-11 18:44:14"
},
{
"kids":[
"yCmroufjq",
"yCeh1CB5N"
],
"uid":"mxxjz",
"parent":"",
"text":"钓鱼岛本来就是我们的",
"mid":"yBp2Qjrq0",
"date":"2012-09-11 18:44:07"
},
{
"kids":[],
"uid":"2178298530",
"parent":"",
"text":"",
"mid":"yBp2MtIRT",
"date":"2012-09-11 18:43:59"
},
{
"kids":[
"yBpczr0Ef"
],
"uid":"elefunk",
"parent":"yBoKxBu2x",
"text":"拜托，北海道是八点三万平方公里[挖鼻屎]，business case重新算算吧",
"mid":"yBp2L1hbJ",
"date":"2012-09-11 18:43:54"
},
{
"kids":[],
"uid":"918334703",
"parent":"yBp1NCBCy",
"text":"支持",
"mid":"yBp2AlZFB",
"date":"2012-09-11 18:43:29"
},
{
"kids":[],
"uid":"234529267",
"parent":"yBoXY3atV",
"text":"坚决顶起！！打死小日本！",
"mid":"yBp2ykmGm",
"date":"2012-09-11 18:43:24"
},
{
"kids":[
"yBpgp2vIu",
"yBp2AlZFB"
],
"uid":"2095035627",
"parent":"yBoVWpTSw",
"text":"钓鱼岛是咱国家的。。买卖就算了，后边购买北海道的建议提倡",
"mid":"yBp1NCBCy",
"date":"2012-09-11 18:41:33"
},
{
"kids":[],
"uid":"1583570783",
"parent":"yBoVWpTSw",
"text":"我觉得可以",
"mid":"yBp1IACzB",
"date":"2012-09-11 18:41:21"
},
{
"kids":[],
"uid":"2192205884",
"parent":"",
"text":"",
"mid":"yBp1I1pRu",
"date":"2012-09-11 18:41:19"
},
{
"kids":[],
"uid":"1406647557",
"parent":"",
"text":"买",
"mid":"yBp1BaDn1",
"date":"2012-09-11 18:41:03"
},
{
"kids":[],
"uid":"evawilliams611504",
"parent":"yBoWVzY1g",
"text":"转起[good]",
"mid":"yBp1desP6",
"date":"2012-09-11 18:40:06"
},
{
"kids":[],
"uid":"1885418111",
"parent":"",
"text":"[good]",
"mid":"yBp19915b",
"date":"2012-09-11 18:39:56"
},
{
"kids":[],
"uid":"2111890881",
"parent":"",
"text":"",
"mid":"yBp18gjfI",
"date":"2012-09-11 18:39:54"
},
{
"kids":[],
"uid":"myq950408",
"parent":"",
"text":"",
"mid":"yBp11aMX1",
"date":"2012-09-11 18:39:38"
},
{
"kids":[],
"uid":"richardlyhte",
"parent":"yBoRS7BwV",
"text":"",
"mid":"yBp0Zl689",
"date":"2012-09-11 18:39:33"
},
{
"kids":[],
"uid":"2308652101",
"parent":"yBoY29zif",
"text":"",
"mid":"yBp0WnMfR",
"date":"2012-09-11 18:39:27"
},
{
"kids":[],
"uid":"1789005931",
"parent":"yBoW3hw4T",
"text":"",
"mid":"yBp0Vg73J",
"date":"2012-09-11 18:39:21"
},
{
"kids":[],
"uid":"1497533690",
"parent":"",
"text":"顶一把，是不是每人捐九百可以买下整个日本，现在我们中国人不就有的就是钱吗...",
"mid":"yBp0U3nbU",
"date":"2012-09-11 18:39:20"
},
{
"kids":[],
"uid":"tangytang",
"parent":"yBoKAyO19",
"text":"那日本不是赚了？",
"mid":"yBp0Rmnja",
"date":"2012-09-11 18:39:12"
},
{
"kids":[],
"uid":"1089483467",
"parent":"yBoXso6pk",
"text":"",
"mid":"yBp0Nx5zw",
"date":"2012-09-11 18:39:05"
},
{
"kids":[],
"uid":"1944968883",
"parent":"",
"text":"[酷]必须支持！",
"mid":"yBp0KiaoG",
"date":"2012-09-11 18:38:57"
},
{
"kids":[],
"uid":"2441822142",
"parent":"yBoLCntMU",
"text":"必须买",
"mid":"yBp0sfmxf",
"date":"2012-09-11 18:38:14"
},
{
"kids":[],
"uid":"2487219935",
"parent":"yBoYOD7FE",
"text":"",
"mid":"yBp0r8D41",
"date":"2012-09-11 18:38:12"
},
{
"kids":[],
"uid":"349755366",
"parent":"yBoQd0A2L",
"text":"@青年生活百科 真会放p，你买盒饭的钱还有吗？",
"mid":"yBp0nzE77",
"date":"2012-09-11 18:38:03"
},
{
"kids":[],
"uid":"leeming21",
"parent":"",
"text":"北海道小了点，先买个九州玩玩吧！",
"mid":"yBp0c1AfV",
"date":"2012-09-11 18:37:35"
},
{
"kids":[],
"uid":"53335444",
"parent":"yBoLqgAE4",
"text":"顶起！",
"mid":"yBp00uZkE",
"date":"2012-09-11 18:37:08"
},
{
"kids":[],
"uid":"1817697437",
"parent":"",
"text":"",
"mid":"yBoZJFOnC",
"date":"2012-09-11 18:36:28"
},
{
"kids":[],
"uid":"2711498647",
"parent":"",
"text":"团结就是力量",
"mid":"yBoZJ6BL6",
"date":"2012-09-11 18:36:27"
},
{
"kids":[],
"uid":"kennyxk",
"parent":"",
"text":"看傻逼，秀下限！",
"mid":"yBoZvtaTg",
"date":"2012-09-11 18:35:54"
},
{
"kids":[
"yBp7nCt7j"
],
"uid":"ada2323",
"parent":"yBoIHg1Uz",
"text":"买起来买起来！",
"mid":"yBoZsvQ9X",
"date":"2012-09-11 18:35:47"
},
{
"kids":[],
"uid":"1861021222",
"parent":"",
"text":"[怒]",
"mid":"yBoZr3oqE",
"date":"2012-09-11 18:35:43"
},
{
"kids":[],
"uid":"2841978415",
"parent":"",
"text":"钓鱼岛本来就是中国领土  何须花钱购买，钓鱼岛是中国的！！！！！！！！！小日本那群混蛋该死的！！[抓狂][抓狂][抓狂][怒骂][怒骂][怒骂]",
"mid":"yBoZpA5BZ",
"date":"2012-09-11 18:35:40"
},
{
"kids":[],
"uid":"2366252213",
"parent":"yBoX2FrUW",
"text":"既然是自己的就不需要买，捐款没有道理，咱直接登岛盖房子多好",
"mid":"yBoZpxAEu",
"date":"2012-09-11 18:35:37"
},
{
"kids":[],
"uid":"1875590771",
"parent":"yBoYgmnOA",
"text":"",
"mid":"yBoZhAQdU",
"date":"2012-09-11 18:35:19"
},
{
"kids":[
"yBq8TEWRl"
],
"uid":"1943614081",
"parent":"",
"text":"",
"mid":"yBoZ2wyC0",
"date":"2012-09-11 18:34:45"
},
{
"kids":[],
"uid":"2266196204",
"parent":"",
"text":"然后日本动漫就变成国漫了……",
"mid":"yBoYXv8b2",
"date":"2012-09-11 18:34:31"
},
{
"kids":[
"yBp0r8D41"
],
"uid":"jjliu",
"parent":"yBoI2eEs0",
"text":"交换倒也可以",
"mid":"yBoYOD7FE",
"date":"2012-09-11 18:34:12"
},
{
"kids":[],
"uid":"1883961114",
"parent":"yBoW3hw4T",
"text":"",
"mid":"yBoYKdkWS",
"date":"2012-09-11 18:34:01"
},
{
"kids":[
"yBoZhAQdU"
],
"uid":"oldwolfz",
"parent":"yBoFYznIW",
"text":"",
"mid":"yBoYgmnOA",
"date":"2012-09-11 18:32:50"
},
{
"kids":[
"yBpl0q4A4"
],
"uid":"275599537",
"parent":"yBoWVzY1g",
"text":"",
"mid":"yBoYe0GSF",
"date":"2012-09-11 18:32:44"
},
{
"kids":[],
"uid":"1996942957",
"parent":"",
"text":"",
"mid":"yBoY7tP2b",
"date":"2012-09-11 18:32:29"
},
{
"kids":[
"yBp0WnMfR"
],
"uid":"xuanyuanxiaoze",
"parent":"",
"text":"",
"mid":"yBoY29zif",
"date":"2012-09-11 18:32:16"
},
{
"kids":[
"yBp2ykmGm"
],
"uid":"thanksjj",
"parent":"yBoW3hw4T",
"text":"[good]全日本都是中国的！！！",
"mid":"yBoXY3atV",
"date":"2012-09-11 18:32:06"
},
{
"kids":[],
"uid":"williamliuwei",
"parent":"",
"text":"",
"mid":"yBoXUubFH",
"date":"2012-09-11 18:31:58"
},
{
"kids":[],
"uid":"1986049395",
"parent":"yBoJrlUSM",
"text":"顶",
"mid":"yBoXLBIQ3",
"date":"2012-09-11 18:31:37"
},
{
"kids":[],
"uid":"2411515374",
"parent":"yBoWVzY1g",
"text":"",
"mid":"yBoXCu6r4",
"date":"2012-09-11 18:31:15"
},
{
"kids":[],
"uid":"boringxi",
"parent":"",
"text":"这尼玛，才2.2e，多买几个撒！",
"mid":"yBoXx9xJm",
"date":"2012-09-11 18:31:02"
},
{
"kids":[],
"uid":"1845250681",
"parent":"",
"text":"",
"mid":"yBoXtiAti",
"date":"2012-09-11 18:30:53"
},
{
"kids":[
"yBp0Nx5zw"
],
"uid":"singleivy",
"parent":"yBoW3hvY4",
"text":"打吧",
"mid":"yBoXso6pk",
"date":"2012-09-11 18:30:51"
},
{
"kids":[],
"uid":"haozi0509",
"parent":"",
"text":"",
"mid":"yBoXpciD8",
"date":"2012-09-11 18:30:43"
},
{
"kids":[
"yBp8ikmv5"
],
"uid":"2102625723",
"parent":"",
"text":"",
"mid":"yBoXimxDb",
"date":"2012-09-11 18:30:27"
},
{
"kids":[],
"uid":"2109790067",
"parent":"",
"text":"",
"mid":"yBoX6z1bj",
"date":"2012-09-11 18:29:59"
},
{
"kids":[
"yBoZpxAEu"
],
"uid":"boboshuai",
"parent":"yBoVAhrfL",
"text":"",
"mid":"yBoX2FrUW",
"date":"2012-09-11 18:29:47"
},
{
"kids":[
"yBpfhgHHX",
"yBp1desP6",
"yBoYe0GSF",
"yBoXCu6r4"
],
"uid":"zhangminglun",
"parent":"yBoUulqmV",
"text":"[赞]",
"mid":"yBoWVzY1g",
"date":"2012-09-11 18:29:34"
},
{
"kids":[
"yBp5FyCQo"
],
"uid":"tl23paul",
"parent":"",
"text":"直接买东京！",
"mid":"yBoWU7wId",
"date":"2012-09-11 18:29:29"
},
{
"kids":[],
"uid":"wozaijia582",
"parent":"",
"text":"",
"mid":"yBoWOxobC",
"date":"2012-09-11 18:29:17"
},
{
"kids":[],
"uid":"1669214340",
"parent":"",
"text":"买个鸟，拿回来",
"mid":"yBoWJvyqn",
"date":"2012-09-11 18:29:05"
},
{
"kids":[],
"uid":"zqp19930620",
"parent":"",
"text":"钓鱼岛是中国的,日本岛迟早也是中国的",
"mid":"yBoWI3vkj",
"date":"2012-09-11 18:28:59"
},
{
"kids":[],
"uid":"2574193294",
"parent":"yBoEEp4Ho",
"text":"[赞]",
"mid":"yBoWFFnao",
"date":"2012-09-11 18:28:55"
},
{
"kids":[],
"uid":"1652436062",
"parent":"",
"text":"",
"mid":"yBoWD1G6N",
"date":"2012-09-11 18:28:46"
},
{
"kids":[
"yBAqlqQGG",
"yBqR6miPb"
],
"uid":"1966686930",
"parent":"",
"text":"",
"mid":"yBoWvjlNt",
"date":"2012-09-11 18:28:29"
},
{
"kids":[],
"uid":"tyrozhoujun",
"parent":"",
"text":"我出10块。",
"mid":"yBoWnkCRO",
"date":"2012-09-11 18:28:11"
},
{
"kids":[],
"uid":"2385185394",
"parent":"",
"text":"打酱油路过",
"mid":"yBoWn1N8x",
"date":"2012-09-11 18:28:07"
},
{
"kids":[],
"uid":"2405979610",
"parent":"yBoEYvGYQ",
"text":"",
"mid":"yBoWjdz65",
"date":"2012-09-11 18:27:58"
},
{
"kids":[
"yBpgzAx7A"
],
"uid":"kiyo0218",
"parent":"yBoKAyO19",
"text":"全部都买下来~",
"mid":"yBoWdASut",
"date":"2012-09-11 18:27:46"
},
{
"kids":[],
"uid":"kamikun",
"parent":"",
"text":"真傻逼",
"mid":"yBoWdhOXr",
"date":"2012-09-11 18:27:47"
},
{
"kids":[],
"uid":"yuyilitwo",
"parent":"",
"text":"",
"mid":"yBoWc82Qp",
"date":"2012-09-11 18:27:42"
},
{
"kids":[],
"uid":"tt0815",
"parent":"",
"text":"果断买了！",
"mid":"yBoW4smB6",
"date":"2012-09-11 18:27:27"
},
{
"kids":[
"yBp0Vg73J",
"yBoYKdkWS",
"yBoXY3atV"
],
"uid":"cdma189",
"parent":"",
"text":"买下它们!",
"mid":"yBoW3hw4T",
"date":"2012-09-11 18:27:24"
},
{
"kids":[
"yBoXso6pk"
],
"uid":"1057064750",
"parent":"",
"text":"",
"mid":"yBoW3hvY4",
"date":"2012-09-11 18:27:23"
},
{
"kids":[],
"uid":"1317060935",
"parent":"",
"text":"",
"mid":"yBoW0zieH",
"date":"2012-09-11 18:27:17"
},
{
"kids":[
"yByNspEp9",
"yBp1NCBCy",
"yBp1IACzB"
],
"uid":"tomotocake",
"parent":"yBoHFbA0O",
"text":"",
"mid":"yBoVWpTSw",
"date":"2012-09-11 18:27:07"
},
{
"kids":[],
"uid":"t1249500627",
"parent":"",
"text":"",
"mid":"yBoVQxryB",
"date":"2012-09-11 18:26:50"
},
{
"kids":[
"yBp4Fu2Kp",
"yBp2UaT6P",
"yBoX2FrUW"
],
"uid":"1651616463",
"parent":"yBoJujeOn",
"text":"",
"mid":"yBoVAhrfL",
"date":"2012-09-11 18:26:13"
},
{
"kids":[],
"uid":"1770258835",
"parent":"yBoRbwlBC",
"text":"北海道这么便宜 不如把整个日本一起买了呗",
"mid":"yBoVz5n2J",
"date":"2012-09-11 18:26:12"
},
{
"kids":[
"yByLJ9H4J"
],
"uid":"1689214365",
"parent":"yBoHq7hrF",
"text":"靖国神社便宜 先买下来改装成厕所!",
"mid":"yBoVwbAyW",
"date":"2012-09-11 18:26:02"
},
{
"kids":[],
"uid":"alexis1985",
"parent":"",
"text":"买啊",
"mid":"yBoVuFeVS",
"date":"2012-09-11 18:26:01"
},
{
"kids":[],
"uid":"1170008362",
"parent":"yBoRxrzKZ",
"text":"",
"mid":"yBoVu62gH",
"date":"2012-09-11 18:25:59"
},
{
"kids":[
"yBpt0AJFr"
],
"uid":"1933974043",
"parent":"yBoKxBu2x",
"text":"买啊，这么低价",
"mid":"yBoV1FB4a",
"date":"2012-09-11 18:24:52"
},
{
"kids":[],
"uid":"2441609633",
"parent":"",
"text":"顶",
"mid":"yBoUWpVvv",
"date":"2012-09-11 18:24:39"
},
{
"kids":[],
"uid":"1901166307",
"parent":"yBoT2uA5O",
"text":"",
"mid":"yBoUwpbJj",
"date":"2012-09-11 18:23:37"
},
{
"kids":[
"yBpwZiUnz",
"yBoWVzY1g"
],
"uid":"1836714282",
"parent":"yBoMZeLzs",
"text":"",
"mid":"yBoUulqmV",
"date":"2012-09-11 18:23:32"
},
{
"kids":[
"z3QYw69ge",
"z3QYw4wVp"
],
"uid":"wenzear",
"parent":"",
"text":"",
"mid":"yBoUk0DlQ",
"date":"2012-09-11 18:23:07"
},
{
"kids":[],
"uid":"2002649457",
"parent":"",
"text":"我愿意出9元买下！",
"mid":"yBoUhCuXk",
"date":"2012-09-11 18:23:01"
},
{
"kids":[],
"uid":"puppetbaby",
"parent":"",
"text":"这个好啊!转.",
"mid":"yBoU6njkQ",
"date":"2012-09-11 18:22:33"
},
{
"kids":[
"yBp4PhkRR"
],
"uid":"2099963221",
"parent":"",
"text":"",
"mid":"yBoTitveD",
"date":"2012-09-11 18:20:36"
},
{
"kids":[],
"uid":"1793158224",
"parent":"",
"text":"顶",
"mid":"yBoTibU1j",
"date":"2012-09-11 18:20:35"
},
{
"kids":[
"yBoUwpbJj"
],
"uid":"1740284495",
"parent":"",
"text":"",
"mid":"yBoT2uA5O",
"date":"2012-09-11 18:19:58"
},
{
"kids":[],
"uid":"yayaandmatthew",
"parent":"yBoJzm86G",
"text":"",
"mid":"yBoT2cYDa",
"date":"2012-09-11 18:19:54"
},
{
"kids":[
"yBqPsmxRW"
],
"uid":"2216798213",
"parent":"",
"text":"必须转！全给丫买了！让小日本都住海里去",
"mid":"yBoSZxfhg",
"date":"2012-09-11 18:19:52"
},
{
"kids":[
"yBPOC3GWx"
],
"uid":"315444700",
"parent":"",
"text":"",
"mid":"yBoSWBhFA",
"date":"2012-09-11 18:19:44"
},
{
"kids":[],
"uid":"1826894502",
"parent":"",
"text":"钓鱼岛是中国的",
"mid":"yBoSL5YrE",
"date":"2012-09-11 18:19:16"
},
{
"kids":[
"yBp7Wc0Mw"
],
"uid":"floraxiaoxi",
"parent":"yBoIgpI9f",
"text":"哈哈，买了北海道就可以直接去玩了[偷笑]",
"mid":"yBoSGkMf4",
"date":"2012-09-11 18:19:05"
},
{
"kids":[],
"uid":"gadpark",
"parent":"",
"text":"来一个！",
"mid":"yBoSD5Q32",
"date":"2012-09-11 18:18:57"
},
{
"kids":[],
"uid":"2176513970",
"parent":"",
"text":"",
"mid":"yBoSBjlJO",
"date":"2012-09-11 18:18:52"
},
{
"kids":[],
"uid":"1794036124",
"parent":"",
"text":"呃  钓鱼岛本来就是我们的  为什么要，用买回来这个词  …",
"mid":"yBoSutfcY",
"date":"2012-09-11 18:18:37"
},
{
"kids":[],
"uid":"maggielovebi",
"parent":"",
"text":"+1",
"mid":"yBoSj1uax",
"date":"2012-09-11 18:18:09"
},
{
"kids":[],
"uid":"wulanping",
"parent":"",
"text":"[",
"mid":"yBoSheZHo",
"date":"2012-09-11 18:18:05"
},
{
"kids":[],
"uid":"2114407740",
"parent":"",
"text":"",
"mid":"yBoSa9tuR",
"date":"2012-09-11 18:17:48"
},
{
"kids":[],
"uid":"2152973421",
"parent":"",
"text":"",
"mid":"yBoS8EAou",
"date":"2012-09-11 18:17:46"
},
{
"kids":[],
"uid":"phinome",
"parent":"",
"text":"转起……",
"mid":"yBoRVmMK7",
"date":"2012-09-11 18:17:10"
},
{
"kids":[],
"uid":"1669169805",
"parent":"",
"text":"",
"mid":"yBoRUtxwN",
"date":"2012-09-11 18:17:11"
},
{
"kids":[],
"uid":"2419003693",
"parent":"",
"text":"",
"mid":"yBoRTy8m4",
"date":"2012-09-11 18:17:10"
},
{
"kids":[],
"uid":"har159",
"parent":"",
"text":"",
"mid":"yBoRTwWgo",
"date":"2012-09-11 18:17:09"
},
{
"kids":[
"yBp0Zl689"
],
"uid":"2052213112",
"parent":"",
"text":"转发微博。",
"mid":"yBoRS7BwV",
"date":"2012-09-11 18:17:05"
},
{
"kids":[
"yBwQyp6Wl"
],
"uid":"1741663744",
"parent":"",
"text":"又开始比傻了",
"mid":"yBoRLBwvl",
"date":"2012-09-11 18:16:50"
},
{
"kids":[],
"uid":"tvxqdtforeverhero",
"parent":"",
"text":"",
"mid":"yBoRHbJJn",
"date":"2012-09-11 18:16:37"
},
{
"kids":[],
"uid":"guodandaong",
"parent":"",
"text":"哈哈！这个用选吗？日本恐怕要死无葬身之地了",
"mid":"yBoRAnAmh",
"date":"2012-09-11 18:16:22"
},
{
"kids":[
"yBoVu62gH"
],
"uid":"1749832611",
"parent":"",
"text":"必须顶起",
"mid":"yBoRxrzKZ",
"date":"2012-09-11 18:16:16"
},
{
"kids":[],
"uid":"1800919035",
"parent":"",
"text":"",
"mid":"yBoRwdBbO",
"date":"2012-09-11 18:16:13"
},
{
"kids":[],
"uid":"1908559525",
"parent":"",
"text":"北海道8.3平方公里。。我长见识了。。呵呵",
"mid":"yBoRnoI3h",
"date":"2012-09-11 18:15:52"
},
{
"kids":[],
"uid":"yuanyuan5165",
"parent":"",
"text":"",
"mid":"yBoRghS2N",
"date":"2012-09-11 18:15:35"
},
{
"kids":[
"yBoVz5n2J"
],
"uid":"1721783445",
"parent":"",
"text":"谁出钱？好奇",
"mid":"yBoRbwlBC",
"date":"2012-09-11 18:15:23"
},
{
"kids":[],
"uid":"ry0828",
"parent":"",
"text":"",
"mid":"yBoQXFUeE",
"date":"2012-09-11 18:14:51"
},
{
"kids":[],
"uid":"2083389871",
"parent":"",
"text":"顶顶顶",
"mid":"yBoQTwqfm",
"date":"2012-09-11 18:14:41"
},
{
"kids":[],
"uid":"2239827872",
"parent":"",
"text":"",
"mid":"yBoQCpkOi",
"date":"2012-09-11 18:13:57"
},
{
"kids":[],
"uid":"1790230077",
"parent":"",
"text":"",
"mid":"yBoQBuNAq",
"date":"2012-09-11 18:13:58"
},
{
"kids":[],
"uid":"1731178743",
"parent":"",
"text":"",
"mid":"yBoQA3DNx",
"date":"2012-09-11 18:13:54"
},
{
"kids":[],
"uid":"1889067263",
"parent":"",
"text":"",
"mid":"yBoQlfFzT",
"date":"2012-09-11 18:13:19"
},
{
"kids":[
"yBZx422bh",
"yBQ5QfSfo"
],
"uid":"2330077382",
"parent":"",
"text":"转发微博。",
"mid":"yBoQdzMCD",
"date":"2012-09-11 18:13:01"
},
{
"kids":[
"yBpdlAjWh",
"yBp0nzE77"
],
"uid":"popopopop",
"parent":"",
"text":"龙哥你不会用你的小肚腩想想，这个号家产过亿？明显借着爱国情结刷粉丝",
"mid":"yBoQd0A2L",
"date":"2012-09-11 18:13:00"
},
{
"kids":[],
"uid":"zhuzi0305",
"parent":"",
"text":"",
"mid":"yBoQ48ze1",
"date":"2012-09-11 18:12:37"
},
{
"kids":[],
"uid":"kakueli",
"parent":"",
"text":"捐了落到谁手里？",
"mid":"yBoPR8mP4",
"date":"2012-09-11 18:12:05"
},
{
"kids":[],
"uid":"qidw1985",
"parent":"",
"text":"顶……",
"mid":"yBoPO8q3A",
"date":"2012-09-11 18:12:00"
},
{
"kids":[],
"uid":"madiguo",
"parent":"",
"text":"",
"mid":"yBoPH2WbV",
"date":"2012-09-11 18:11:42"
},
{
"kids":[],
"uid":"wuwubb1107",
"parent":"",
"text":"转发微博。",
"mid":"yBoPFhDjd",
"date":"2012-09-11 18:11:37"
},
{
"kids":[],
"uid":"2246945184",
"parent":"",
"text":"",
"mid":"yBoPsAg4N",
"date":"2012-09-11 18:11:09"
},
{
"kids":[],
"uid":"1262410934",
"parent":"",
"text":"这个我也就转一下…",
"mid":"yBoPk1bjz",
"date":"2012-09-11 18:10:48"
},
{
"kids":[],
"uid":"2830798680",
"parent":"yBoL0ijXn",
"text":"我只想说，钓鱼岛是中国的",
"mid":"yBoPhBT0E",
"date":"2012-09-11 18:10:43"
},
{
"kids":[],
"uid":"2709139180",
"parent":"",
"text":"尼玛必须转[good][good][good]",
"mid":"yBoP9p2bt",
"date":"2012-09-11 18:10:21"
},
{
"kids":[],
"uid":"2030825803",
"parent":"",
"text":"这钱可以出！",
"mid":"yBoOUA7xA",
"date":"2012-09-11 18:09:46"
},
{
"kids":[],
"uid":"evegao0622",
"parent":"yBoI92zVK",
"text":"",
"mid":"yBoOHAUKB",
"date":"2012-09-11 18:09:18"
},
{
"kids":[],
"uid":"fuluoer",
"parent":"",
"text":"擦 中国国库是没钱吗 需要您开微博诈捐！",
"mid":"yBoOz0U3J",
"date":"2012-09-11 18:08:56"
},
{
"kids":[],
"uid":"1992533573",
"parent":"",
"text":"转",
"mid":"yBoOqtKKq",
"date":"2012-09-11 18:08:34"
},
{
"kids":[],
"uid":"1924279265",
"parent":"",
"text":"",
"mid":"yBoOpzi6W",
"date":"2012-09-11 18:08:31"
},
{
"kids":[],
"uid":"lovemyself110",
"parent":"",
"text":"",
"mid":"yBoOjmdu2",
"date":"2012-09-11 18:08:20"
},
{
"kids":[],
"uid":"1580032697",
"parent":"",
"text":"转发博文",
"mid":"yBoO90EiJ",
"date":"2012-09-11 18:07:54"
},
{
"kids":[],
"uid":"1419686052",
"parent":"",
"text":"",
"mid":"yBoNZ0TSN",
"date":"2012-09-11 18:07:30"
},
{
"kids":[],
"uid":"2494758294",
"parent":"",
"text":"",
"mid":"yBoNRixvm",
"date":"2012-09-11 18:07:12"
},
{
"kids":[],
"uid":"1618969595",
"parent":"",
"text":"顶！二瓶红牛的事！",
"mid":"yBoNLFsRW",
"date":"2012-09-11 18:06:59"
},
{
"kids":[],
"uid":"2900583057",
"parent":"yBoLThzpw",
"text":"",
"mid":"yBoNJkXIz",
"date":"2012-09-11 18:06:53"
},
{
"kids":[],
"uid":"pingfeng8848",
"parent":"",
"text":"[good]支持",
"mid":"yBoNFunuO",
"date":"2012-09-11 18:06:44"
},
{
"kids":[],
"uid":"mengji22",
"parent":"yBoHOBOsx",
"text":"强烈要求@Maserati灿 一哥出资!!",
"mid":"yBoNCcvXK",
"date":"2012-09-11 18:06:37"
},
{
"kids":[],
"uid":"zouxin",
"parent":"",
"text":"真JB恶心，人家买到，我们却用民族情绪骗粉和骗点击率，果断举报了。",
"mid":"yBoNsbowW",
"date":"2012-09-11 18:06:12"
},
{
"kids":[],
"uid":"1938377917",
"parent":"",
"text":"",
"mid":"yBoNl5nIX",
"date":"2012-09-11 18:05:55"
},
{
"kids":[],
"uid":"duolaxiaowo",
"parent":"",
"text":"支持 支持 支持[",
"mid":"yBoNjkyQe",
"date":"2012-09-11 18:05:51"
},
{
"kids":[],
"uid":"2794402544",
"parent":"",
"text":"",
"mid":"yBoN9hHgZ",
"date":"2012-09-11 18:05:27"
},
{
"kids":[],
"uid":"2019515197",
"parent":"",
"text":"",
"mid":"yBoN4dxuF",
"date":"2012-09-11 18:05:15"
},
{
"kids":[
"yBpfIsVau",
"yBoUulqmV"
],
"uid":"1705449760",
"parent":"",
"text":"",
"mid":"yBoMZeLzs",
"date":"2012-09-11 18:05:01"
},
{
"kids":[],
"uid":"2216582832",
"parent":"",
"text":"",
"mid":"yBoMXbQ3i",
"date":"2012-09-11 18:04:58"
},
{
"kids":[],
"uid":"527054377",
"parent":"yBoKteAgu",
"text":"尼玛呀。直接发动那些煤老板。一个人出个一千万。反正对他们来说不痛不痒的。",
"mid":"yBoMWz24N",
"date":"2012-09-11 18:04:54"
},
{
"kids":[],
"uid":"2182328343",
"parent":"",
"text":"",
"mid":"yBoMMuKUg",
"date":"2012-09-11 18:04:30"
},
{
"kids":[],
"uid":"lixiaoliu",
"parent":"yBoLThzpw",
"text":"",
"mid":"yBoMGyXKw",
"date":"2012-09-11 18:04:19"
},
{
"kids":[],
"uid":"xl312801883",
"parent":"",
"text":"第一个站出来以实际行动，抗议中国领土钓鱼岛的买卖行为，对付小日本的侵权单靠声明是不够的！同意的一起接力发起！",
"mid":"yBoMtyPLa",
"date":"2012-09-11 18:03:48"
},
{
"kids":[],
"uid":"1868665413",
"parent":"",
"text":"",
"mid":"yBoMjyqqj",
"date":"2012-09-11 18:03:22"
},
{
"kids":[
"yBpsSABBe"
],
"uid":"1956349482",
"parent":"yBoJaxCep",
"text":"顶[good][good][good]",
"mid":"yBoMefoIP",
"date":"2012-09-11 18:03:11"
},
{
"kids":[],
"uid":"1879611810",
"parent":"",
"text":"",
"mid":"yBoMdDKKQ",
"date":"2012-09-11 18:03:10"
},
{
"kids":[],
"uid":"573399380",
"parent":"",
"text":"回复@傻小子好孩子:说得对！",
"mid":"yBoM2rbzY",
"date":"2012-09-11 18:02:40"
},
{
"kids":[],
"uid":"1674270640",
"parent":"",
"text":"",
"mid":"yBoLZcfuK",
"date":"2012-09-11 18:02:33"
},
{
"kids":[],
"uid":"1620136885",
"parent":"",
"text":"",
"mid":"yBoLYztii",
"date":"2012-09-11 18:02:35"
},
{
"kids":[],
"uid":"1971144623",
"parent":"",
"text":"以前是发国难财，现在是骗国难粉阿",
"mid":"yBoLYztga",
"date":"2012-09-11 18:02:33"
},
{
"kids":[],
"uid":"linketao",
"parent":"",
"text":"",
"mid":"yBoLV1N7l",
"date":"2012-09-11 18:02:25"
},
{
"kids":[],
"uid":"2050715401",
"parent":"",
"text":"毫不犹豫的买他几个平方……",
"mid":"yBoLUsq3V",
"date":"2012-09-11 18:02:24"
},
{
"kids":[
"yBoNJkXIz",
"yBoMGyXKw"
],
"uid":"rongshuwu",
"parent":"",
"text":"钓鱼岛是中国的，苍井空是大家的！",
"mid":"yBoLThzpw",
"date":"2012-09-11 18:02:21"
},
{
"kids":[],
"uid":"1841113813",
"parent":"",
"text":"[",
"mid":"yBoLCpFit",
"date":"2012-09-11 18:01:41"
},
{
"kids":[
"yBp0sfmxf"
],
"uid":"209091669",
"parent":"",
"text":"捐款！！！！！！！",
"mid":"yBoLCntMU",
"date":"2012-09-11 18:01:41"
},
{
"kids":[],
"uid":"mysean",
"parent":"",
"text":"转+关注",
"mid":"yBoLzbQCC",
"date":"2012-09-11 18:01:31"
},
{
"kids":[],
"uid":"kaiserzz007",
"parent":"",
"text":"让当官的出这些钱吧！",
"mid":"yBoLzbQzt",
"date":"2012-09-11 18:01:33"
},
{
"kids":[],
"uid":"2315736692",
"parent":"",
"text":"",
"mid":"yBoLygs7n",
"date":"2012-09-11 18:01:31"
},
{
"kids":[],
"uid":"1314758331",
"parent":"",
"text":"转起",
"mid":"yBoLupTbM",
"date":"2012-09-11 18:01:20"
},
{
"kids":[
"yBp00uZkE"
],
"uid":"1919121007",
"parent":"",
"text":"这个不顶我还是中国人吗！！[",
"mid":"yBoLqgAE4",
"date":"2012-09-11 18:01:12"
},
{
"kids":[],
"uid":"2126300072",
"parent":"",
"text":"[顶]",
"mid":"yBoLnlnwr",
"date":"2012-09-11 18:01:02"
},
{
"kids":[],
"uid":"1736638827",
"parent":"",
"text":"顶",
"mid":"yBoLlyTa7",
"date":"2012-09-11 18:00:58"
},
{
"kids":[
"yBYH54z9s"
],
"uid":"2053001907",
"parent":"yBoKjaE2i",
"text":"额。。。北海道8.3万平方公里，咋就成了8.3平方公里了呢。。。",
"mid":"yBoLlioQN",
"date":"2012-09-11 18:00:59"
},
{
"kids":[],
"uid":"ryansty",
"parent":"",
"text":"我要取消对你的关注了。",
"mid":"yBoLi0gqi",
"date":"2012-09-11 18:00:52"
},
{
"kids":[],
"uid":"muzhilin",
"parent":"yBoI2eEs0",
"text":"支持",
"mid":"yBoLhqHQC",
"date":"2012-09-11 18:00:51"
},
{
"kids":[],
"uid":"2033847314",
"parent":"",
"text":"转起来，中国加油",
"mid":"yBoLfnILv",
"date":"2012-09-11 18:00:46"
},
{
"kids":[
"yBoPhBT0E"
],
"uid":"327231318",
"parent":"",
"text":"",
"mid":"yBoL0ijXn",
"date":"2012-09-11 18:00:10"
},
{
"kids":[],
"uid":"yanghuaitao",
"parent":"",
"text":"领土争端靠耍嘴皮子能解决的了吗？",
"mid":"yBoKWqTRO",
"date":"2012-09-11 18:00:01"
},
{
"kids":[],
"uid":"338222818",
"parent":"",
"text":"@全球热门排行榜 @全球顶尖摄影 @几米漫画世界 @创业家杂志 @第一财经周刊 @董路 @蝈蝈的 @互动百科 @贾乃亮 @李晨nic @LoveLady社区  @全球创意搜罗 @全球流行风尚 @珠宝小百科 @新加坡旅游局官方微博 @手机新浪网 @全球热门排行榜 @薛凯琪",
"mid":"yBoKSDlCq",
"date":"2012-09-11 17:59:52"
},
{
"kids":[],
"uid":"1888901617",
"parent":"",
"text":"",
"mid":"yBoKLuQWi",
"date":"2012-09-11 17:59:35"
},
{
"kids":[
"yBRjGFOTz",
"yBIj7CC8P"
],
"uid":"1201480260",
"parent":"",
"text":"支持！！！",
"mid":"yBoKGtrVh",
"date":"2012-09-11 17:59:23"
},
{
"kids":[],
"uid":"pinkface4",
"parent":"",
"text":"",
"mid":"yBoKDw7Z5",
"date":"2012-09-11 17:59:16"
},
{
"kids":[
"yBp0Rmnja",
"yBoWdASut"
],
"uid":"2187499407",
"parent":"",
"text":"顶了",
"mid":"yBoKAyO19",
"date":"2012-09-11 17:59:09"
},
{
"kids":[
"yBp2L1hbJ",
"yBoV1FB4a"
],
"uid":"fanchunsheng",
"parent":"",
"text":"顶死他！捐款把整个小日本买下来！",
"mid":"yBoKxBu2x",
"date":"2012-09-11 17:59:02"
},
{
"kids":[],
"uid":"2120494752",
"parent":"",
"text":"顶起来[酷][酷]",
"mid":"yBoKxmLUS",
"date":"2012-09-11 17:59:02"
},
{
"kids":[
"yBoMWz24N"
],
"uid":"2183646640",
"parent":"",
"text":"支持，顶起来[围观][拳头]",
"mid":"yBoKteAgu",
"date":"2012-09-11 17:58:50"
},
{
"kids":[],
"uid":"2102278693",
"parent":"",
"text":"必须支持",
"mid":"yBoKk11N8",
"date":"2012-09-11 17:58:29"
},
{
"kids":[
"yBoLlioQN"
],
"uid":"1882448482",
"parent":"",
"text":"买来之后，那个限定版的巧克力可以不出境就买了！[鼓掌][鼓掌]",
"mid":"yBoKjaE2i",
"date":"2012-09-11 17:58:27"
},
{
"kids":[],
"uid":"unique1989",
"parent":"",
"text":"",
"mid":"yBoKf3x9j",
"date":"2012-09-11 17:58:16"
},
{
"kids":[
"yBwHkCaDp"
],
"uid":"klyvanness",
"parent":"",
"text":"",
"mid":"yBoK8usHP",
"date":"2012-09-11 17:58:02"
},
{
"kids":[],
"uid":"206276660",
"parent":"",
"text":"",
"mid":"yBoK3vMf6",
"date":"2012-09-11 17:57:50"
},
{
"kids":[],
"uid":"flowergrower",
"parent":"",
"text":"这么算的话，中国的贪官们可以买多少钓鱼岛了''''贪官们，爱国的事情都靠你们了哟'''''",
"mid":"yBoK0yreN",
"date":"2012-09-11 17:57:41"
},
{
"kids":[],
"uid":"1746109257",
"parent":"",
"text":"",
"mid":"yBoJZ4Vmc",
"date":"2012-09-11 17:57:40"
},
{
"kids":[],
"uid":"513312382",
"parent":"",
"text":"转！",
"mid":"yBoJR69AU",
"date":"2012-09-11 17:57:17"
},
{
"kids":[],
"uid":"z240155079",
"parent":"",
"text":"骗粉的方式越来越多了",
"mid":"yBoJP23Uk",
"date":"2012-09-11 17:57:13"
},
{
"kids":[],
"uid":"2679658784",
"parent":"",
"text":"",
"mid":"yBoJJ5QC9",
"date":"2012-09-11 17:57:01"
},
{
"kids":[],
"uid":"cscec6",
"parent":"yBoECiXQr",
"text":"支持",
"mid":"yBoJHCuZ2",
"date":"2012-09-11 17:56:59"
},
{
"kids":[
"yC95pwg61",
"yBZwgDDjn"
],
"uid":"1133812031",
"parent":"",
"text":"",
"mid":"yBoJHCuQF",
"date":"2012-09-11 17:56:58"
},
{
"kids":[],
"uid":"2421537691",
"parent":"",
"text":"",
"mid":"yBoJFvLy4",
"date":"2012-09-11 17:56:54"
},
{
"kids":[
"yBp39ed7l"
],
"uid":"huangshiner",
"parent":"",
"text":"",
"mid":"yBoJCB4gg",
"date":"2012-09-11 17:56:46"
},
{
"kids":[
"yBoT2cYDa"
],
"uid":"ivy811112",
"parent":"",
"text":"",
"mid":"yBoJzm86G",
"date":"2012-09-11 17:56:37"
},
{
"kids":[
"yBoVAhrfL"
],
"uid":"vivi52025",
"parent":"",
"text":"买丫北海道！！！",
"mid":"yBoJujeOn",
"date":"2012-09-11 17:56:26"
},
{
"kids":[
"yBpjD3itR",
"yBoXLBIQ3"
],
"uid":"1986090331",
"parent":"",
"text":"顶!",
"mid":"yBoJrlUSM",
"date":"2012-09-11 17:56:19"
},
{
"kids":[],
"uid":"wangshunda",
"parent":"",
"text":"转发可以，关注就算了，要是中国人就别再利用国难骗粉！",
"mid":"yBoJchHNL",
"date":"2012-09-11 17:55:43"
},
{
"kids":[
"yBoMefoIP"
],
"uid":"1852827667",
"parent":"",
"text":"[good][good][good][弱]",
"mid":"yBoJaxCep",
"date":"2012-09-11 17:55:39"
},
{
"kids":[],
"uid":"1741596550",
"parent":"yBoI92zVK",
"text":"[good]",
"mid":"yBoJ9jgMq",
"date":"2012-09-11 17:55:37"
},
{
"kids":[],
"uid":"2027774823",
"parent":"",
"text":"先露脸'再上新闻'最后当面拔钱",
"mid":"yBoJ7iFYR",
"date":"2012-09-11 17:55:30"
},
{
"kids":[],
"uid":"marialikebulesky",
"parent":"yBoIsvER2",
"text":"",
"mid":"yBoJ1Ez8t",
"date":"2012-09-11 17:55:18"
},
{
"kids":[
"yBpuKo4EN"
],
"uid":"grassgu",
"parent":"",
"text":"真的假的",
"mid":"yBoJ0aNS4",
"date":"2012-09-11 17:55:14"
},
{
"kids":[],
"uid":"2205839211",
"parent":"",
"text":"",
"mid":"yBoIV9oQm",
"date":"2012-09-11 17:55:02"
},
{
"kids":[],
"uid":"1656235012",
"parent":"yBoIpgIzf",
"text":"没的说。。顶起吧",
"mid":"yBoIPh2vB",
"date":"2012-09-11 17:54:48"
},
{
"kids":[
"yBpTKyepo"
],
"uid":"kagura",
"parent":"",
"text":"要能买就直接买吧，不用先求转发关注再买，你真买下来了自然有人关注你了",
"mid":"yBoIOmLDg",
"date":"2012-09-11 17:54:46"
},
{
"kids":[],
"uid":"2421366937",
"parent":"",
"text":"[奥特曼]消灭入侵者",
"mid":"yBoINbMHF",
"date":"2012-09-11 17:54:43"
},
{
"kids":[],
"uid":"1317806367",
"parent":"yBoG7qsZV",
"text":"@Miss-n_n @X-ONE_T 必须呢噶@余多多121",
"mid":"yBoIMBiF5",
"date":"2012-09-11 17:54:42"
},
{
"kids":[],
"uid":"1838284874",
"parent":"",
"text":"",
"mid":"yBoIM14z3",
"date":"2012-09-11 17:54:40"
},
{
"kids":[
"yBoZsvQ9X"
],
"uid":"1864444604",
"parent":"",
"text":"真买算我",
"mid":"yBoIHg1Uz",
"date":"2012-09-11 17:54:29"
},
{
"kids":[],
"uid":"1869035714",
"parent":"",
"text":"支持，但不明白，自己的东西还需要买吗？？",
"mid":"yBoIDbbi6",
"date":"2012-09-11 17:54:16"
},
{
"kids":[],
"uid":"josama",
"parent":"",
"text":"",
"mid":"yBoIAdQgC",
"date":"2012-09-11 17:54:12"
},
{
"kids":[],
"uid":"yijian828",
"parent":"",
"text":"",
"mid":"yBoIzkB8z",
"date":"2012-09-11 17:54:08"
},
{
"kids":[
"yBpA30gk0"
],
"uid":"iamnaoting",
"parent":"yBoE1mFrM",
"text":"就财大气粗咋地吧！喵了个咪的!",
"mid":"yBoIy8Jtu",
"date":"2012-09-11 17:54:07"
},
{
"kids":[
"yBoJ1Ez8t"
],
"uid":"2270578480",
"parent":"yBoEzFfvd",
"text":"算中国有十万领导，每次吃饭的开销是500，只需要两天便能买下北海道！希望党国能看到",
"mid":"yBoIsvER2",
"date":"2012-09-11 17:53:54"
},
{
"kids":[
"yBoIPh2vB"
],
"uid":"2718391021",
"parent":"",
"text":"转！！！",
"mid":"yBoIpgIzf",
"date":"2012-09-11 17:53:44"
},
{
"kids":[],
"uid":"2279321667",
"parent":"yBoE1mFrM",
"text":"北海道8平方公里？先把常识搞清楚再来爱国吧，省得日本人笑话。",
"mid":"yBoIm0GuO",
"date":"2012-09-11 17:53:38"
},
{
"kids":[],
"uid":"1730243221",
"parent":"",
"text":"",
"mid":"yBoIl8x8o",
"date":"2012-09-11 17:53:34"
},
{
"kids":[
"yBoSGkMf4"
],
"uid":"1888954923",
"parent":"",
"text":"再买块东京，世界化",
"mid":"yBoIgpI9f",
"date":"2012-09-11 17:53:25"
},
{
"kids":[],
"uid":"he1314521",
"parent":"",
"text":"",
"mid":"yBoIbFSrb",
"date":"2012-09-11 17:53:11"
},
{
"kids":[],
"uid":"georgina99",
"parent":"",
"text":"[good]",
"mid":"yBoIav202",
"date":"2012-09-11 17:53:10"
},
{
"kids":[],
"uid":"2249468520",
"parent":"",
"text":"顶",
"mid":"yBoI9kbqB",
"date":"2012-09-11 17:53:07"
},
{
"kids":[],
"uid":"linjinbiao",
"parent":"",
"text":"日本四岛全买了。",
"mid":"yBoI9kbhL",
"date":"2012-09-11 17:53:05"
},
{
"kids":[
"yBoOHAUKB",
"yBoJ9jgMq"
],
"uid":"239700456",
"parent":"",
"text":"",
"mid":"yBoI92zVK",
"date":"2012-09-11 17:53:07"
},
{
"kids":[],
"uid":"2483682681",
"parent":"",
"text":"",
"mid":"yBoI4AlMW",
"date":"2012-09-11 17:52:57"
},
{
"kids":[
"yBoYOD7FE",
"yBoLhqHQC"
],
"uid":"tonyuk",
"parent":"",
"text":"顶",
"mid":"yBoI2eEs0",
"date":"2012-09-11 17:52:50"
},
{
"kids":[],
"uid":"litong321",
"parent":"",
"text":"爱国是好事，无聊是闲事",
"mid":"yBoI07ugI",
"date":"2012-09-11 17:52:46"
},
{
"kids":[],
"uid":"1453515013",
"parent":"",
"text":"",
"mid":"yBoHYm6Kn",
"date":"2012-09-11 17:52:42"
},
{
"kids":[],
"uid":"1859438030",
"parent":"",
"text":"",
"mid":"yBoHTmDu9",
"date":"2012-09-11 17:52:30"
},
{
"kids":[],
"uid":"1784510482",
"parent":"",
"text":"",
"mid":"yBoHT42xF",
"date":"2012-09-11 17:52:29"
},
{
"kids":[],
"uid":"2027364735",
"parent":"",
"text":"这个必须顶了",
"mid":"yBoHRz9vB",
"date":"2012-09-11 17:52:26"
},
{
"kids":[
"yBoNCcvXK"
],
"uid":"303345804",
"parent":"",
"text":"一直有这类似想法",
"mid":"yBoHOBOsx",
"date":"2012-09-11 17:52:18"
},
{
"kids":[],
"uid":"1953461990",
"parent":"",
"text":"[酷]我也来尽一份微博之力！",
"mid":"yBoHMxIJ5",
"date":"2012-09-11 17:52:12"
},
{
"kids":[],
"uid":"1972514051",
"parent":"yBoES0UZR",
"text":"",
"mid":"yBoHL5gWv",
"date":"2012-09-11 17:52:09"
},
{
"kids":[
"yBoVWpTSw"
],
"uid":"2723747693",
"parent":"",
"text":"顶起",
"mid":"yBoHFbA0O",
"date":"2012-09-11 17:51:54"
},
{
"kids":[],
"uid":"234517621",
"parent":"",
"text":"买了！",
"mid":"yBoHEguCa",
"date":"2012-09-11 17:51:54"
},
{
"kids":[],
"uid":"2925411491",
"parent":"",
"text":"我想把日本卖了，两块钱，谁都可以买。因为我说日本岛是我的。",
"mid":"yBoHvpkSr",
"date":"2012-09-11 17:51:33"
},
{
"kids":[],
"uid":"1593477834",
"parent":"",
"text":"",
"mid":"yBoHr0wFr",
"date":"2012-09-11 17:51:22"
},
{
"kids":[
"yBoVwbAyW"
],
"uid":"teacamel",
"parent":"yBoFu9bnA",
"text":"有理。",
"mid":"yBoHq7hrF",
"date":"2012-09-11 17:51:18"
},
{
"kids":[],
"uid":"1658267592",
"parent":"yBoELvtLR",
"text":"",
"mid":"yBoHmeXLW",
"date":"2012-09-11 17:51:12"
},
{
"kids":[],
"uid":"1873170453",
"parent":"",
"text":"",
"mid":"yBoHmeXJP",
"date":"2012-09-11 17:51:10"
},
{
"kids":[],
"uid":"2745750163",
"parent":"",
"text":"真sb还捐钱买日本岛···钱早tm黑掉了",
"mid":"yBoHllIQZ",
"date":"2012-09-11 17:51:09"
},
{
"kids":[],
"uid":"iseeithink",
"parent":"",
"text":"",
"mid":"yBoHl4S8Q",
"date":"2012-09-11 17:51:09"
},
{
"kids":[],
"uid":"1666387897",
"parent":"",
"text":"买一个！",
"mid":"yBoHkstT6",
"date":"2012-09-11 17:51:07"
},
{
"kids":[],
"uid":"helloyongqi",
"parent":"",
"text":"",
"mid":"yBoHjzYSG",
"date":"2012-09-11 17:51:03"
},
{
"kids":[],
"uid":"srephealsjyy",
"parent":"",
"text":"",
"mid":"yBoHgm0QB",
"date":"2012-09-11 17:50:57"
},
{
"kids":[],
"uid":"liuwentingmo860426",
"parent":"",
"text":"",
"mid":"yBoHg1CGQ",
"date":"2012-09-11 17:50:56"
},
{
"kids":[],
"uid":"valentinelee",
"parent":"",
"text":"收了他们！",
"mid":"yBoHfbajE",
"date":"2012-09-11 17:50:52"
},
{
"kids":[],
"uid":"2000517457",
"parent":"yBoGMv18p",
"text":"",
"mid":"yBoHfbaib",
"date":"2012-09-11 17:50:54"
},
{
"kids":[],
"uid":"jason0002",
"parent":"",
"text":"支持一下",
"mid":"yBoHeyycf",
"date":"2012-09-11 17:50:53"
},
{
"kids":[],
"uid":"1674304622",
"parent":"",
"text":"",
"mid":"yBoHcsF1e",
"date":"2012-09-11 17:50:47"
},
{
"kids":[],
"uid":"2365528202",
"parent":"",
"text":"支持",
"mid":"yBoHarkQc",
"date":"2012-09-11 17:50:43"
},
{
"kids":[],
"uid":"1243116752",
"parent":"",
"text":"",
"mid":"yBoHa8Lny",
"date":"2012-09-11 17:50:42"
},
{
"kids":[],
"uid":"supercz1118",
"parent":"",
"text":"有病啊，你邻居装疯卖傻，你也跟着瞎闹啊，直接踹他不就行了。",
"mid":"yBoH84FGR",
"date":"2012-09-11 17:50:36"
},
{
"kids":[],
"uid":"1812459145",
"parent":"",
"text":"我擦~~这点钱我就不信ZF拿不出~~",
"mid":"yBoH61xXg",
"date":"2012-09-11 17:50:32"
},
{
"kids":[],
"uid":"207778482",
"parent":"",
"text":"",
"mid":"yBoH4tW2P",
"date":"2012-09-11 17:50:27"
},
{
"kids":[],
"uid":"scorpiokidd",
"parent":"",
"text":"",
"mid":"yBoH2sz37",
"date":"2012-09-11 17:50:24"
},
{
"kids":[
"yBpuI6cl7"
],
"uid":"2656176573",
"parent":"",
"text":"顶起",
"mid":"yBoH29ZLj",
"date":"2012-09-11 17:50:22"
},
{
"kids":[],
"uid":"1642835800",
"parent":"",
"text":"支持！",
"mid":"yBoH05gyw",
"date":"2012-09-11 17:50:18"
},
{
"kids":[],
"uid":"runfunchow",
"parent":"",
"text":"",
"mid":"yBoGZvdXJ",
"date":"2012-09-11 17:50:17"
},
{
"kids":[],
"uid":"2711452665",
"parent":"",
"text":"你是五毛吧!日本人怎么你了!",
"mid":"yBoGZsx16",
"date":"2012-09-11 17:50:17"
},
{
"kids":[],
"uid":"1889795790",
"parent":"",
"text":"",
"mid":"yBoGXqatR",
"date":"2012-09-11 17:50:13"
},
{
"kids":[],
"uid":"2294284692",
"parent":"",
"text":"",
"mid":"yBoGVDG3B",
"date":"2012-09-11 17:50:09"
},
{
"kids":[
"yBqoL4CxW"
],
"uid":"yao2082",
"parent":"yBoGg0SDP",
"text":"@XueFeia @OneZero汪洋---拾荒者 @思思的灰机 @Onezero钟俊 @W魔魔 @两个游荡的影子 @初阳浪子 @边走边摄2010",
"mid":"yBoGVn2ch",
"date":"2012-09-11 17:50:05"
},
{
"kids":[],
"uid":"tigerxiaobao",
"parent":"",
"text":"",
"mid":"yBoGSEE9A",
"date":"2012-09-11 17:50:02"
},
{
"kids":[],
"uid":"2286399233",
"parent":"",
"text":"",
"mid":"yBoGP9Ngc",
"date":"2012-09-11 17:49:52"
},
{
"kids":[],
"uid":"iswill",
"parent":"",
"text":"要买完整个日本岛的钱都有，外汇大把的~~",
"mid":"yBoGOz6Vf",
"date":"2012-09-11 17:49:48"
},
{
"kids":[
"yBoHfbaib"
],
"uid":"1770636543",
"parent":"",
"text":"买吧！",
"mid":"yBoGMv18p",
"date":"2012-09-11 17:49:46"
},
{
"kids":[],
"uid":"dabao1111",
"parent":"",
"text":"必须转起来",
"mid":"yBoGLBLKT",
"date":"2012-09-11 17:49:41"
},
{
"kids":[],
"uid":"blogoframbo",
"parent":"",
"text":"",
"mid":"yBoGK7OrC",
"date":"2012-09-11 17:49:40"
},
{
"kids":[],
"uid":"2638647810",
"parent":"",
"text":"买",
"mid":"yBoGImPmw",
"date":"2012-09-11 17:49:36"
},
{
"kids":[],
"uid":"2173641150",
"parent":"",
"text":"",
"mid":"yBoGCbEjq",
"date":"2012-09-11 17:49:19"
},
{
"kids":[],
"uid":"zhangqiyu16888",
"parent":"",
"text":"不带这么刷粉的，有点底线好不好",
"mid":"yBoGBglRM",
"date":"2012-09-11 17:49:20"
},
{
"kids":[],
"uid":"277778559",
"parent":"",
"text":"蛮好蛮好'个个闹猛",
"mid":"yBoGAEI0q",
"date":"2012-09-11 17:49:16"
},
{
"kids":[],
"uid":"539789860",
"parent":"",
"text":"我早就想说了，中国十三亿每人捐1块钱就够 了，凑",
"mid":"yBoGrfx8D",
"date":"2012-09-11 17:48:54"
},
{
"kids":[],
"uid":"2048711530",
"parent":"",
"text":"",
"mid":"yBoGq16QZ",
"date":"2012-09-11 17:48:53"
},
{
"kids":[],
"uid":"2001352807",
"parent":"",
"text":"",
"mid":"yBoGme6az",
"date":"2012-09-11 17:48:43"
},
{
"kids":[],
"uid":"2313889687",
"parent":"",
"text":"买下，买下，霸气的买下！",
"mid":"yBoGiF7hJ",
"date":"2012-09-11 17:48:33"
},
{
"kids":[
"yBp5L95Z0"
],
"uid":"2187879471",
"parent":"",
"text":"",
"mid":"yBoGhugCR",
"date":"2012-09-11 17:48:32"
},
{
"kids":[
"yBoGVn2ch"
],
"uid":"yao2082",
"parent":"",
"text":"严重支持！强烈支持！",
"mid":"yBoGg0SDP",
"date":"2012-09-11 17:48:28"
},
{
"kids":[],
"uid":"1099035293",
"parent":"",
"text":"买",
"mid":"yBoGfqaMI",
"date":"2012-09-11 17:48:26"
},
{
"kids":[],
"uid":"1736253270",
"parent":"",
"text":"这个可以有。",
"mid":"yBoGfnKAx",
"date":"2012-09-11 17:48:27"
},
{
"kids":[],
"uid":"1963471263",
"parent":"",
"text":"",
"mid":"yBoGdm50Q",
"date":"2012-09-11 17:48:20"
},
{
"kids":[],
"uid":"2746258741",
"parent":"",
"text":"转～～果断转～～",
"mid":"yBoGcsPQD",
"date":"2012-09-11 17:48:20"
},
{
"kids":[],
"uid":"qinqi8",
"parent":"",
"text":"",
"mid":"yBoGbxbJx",
"date":"2012-09-11 17:48:18"
},
{
"kids":[],
"uid":"1411606123",
"parent":"",
"text":"我想把有一个海-叫中南的卖给叙利亚，是现在的叙利亚，其他都卖给G7国家就可以了，那样我们的护照就可以畅通世界了，就是不知怎么卖啊",
"mid":"yBoGaFpta",
"date":"2012-09-11 17:48:14"
},
{
"kids":[],
"uid":"175461852",
"parent":"",
"text":"钓鱼岛自古就是我国的领土，还用买吗？我们不光一分钱不出，而且还要小日本赔偿歪曲事实赔偿金……… ，",
"mid":"yBoG9vuKD",
"date":"2012-09-11 17:48:12"
},
{
"kids":[],
"uid":"1942400727",
"parent":"",
"text":"",
"mid":"yBoG8zRK6",
"date":"2012-09-11 17:48:10"
},
{
"kids":[],
"uid":"2290419630",
"parent":"",
"text":"",
"mid":"yBoG832US",
"date":"2012-09-11 17:48:07"
},
{
"kids":[
"yCAECCTmD",
"yBuJepQIw",
"yBp7QiAET",
"yBoIMBiF5"
],
"uid":"djyexin222",
"parent":"",
"text":"",
"mid":"yBoG7qsZV",
"date":"2012-09-11 17:48:06"
},
{
"kids":[
"yBqqShr4i"
],
"uid":"1660052371",
"parent":"",
"text":"虽然知道不可能，也要支持！！",
"mid":"yBoG27r5L",
"date":"2012-09-11 17:47:55"
},
{
"kids":[
"yBI87CB9E",
"yBoYgmnOA"
],
"uid":"1079238851",
"parent":"",
"text":"转！",
"mid":"yBoFYznIW",
"date":"2012-09-11 17:47:45"
},
{
"kids":[],
"uid":"godtoy",
"parent":"",
"text":"[笑哈哈]",
"mid":"yBoFWvhVX",
"date":"2012-09-11 17:47:42"
},
{
"kids":[],
"uid":"2087792310",
"parent":"",
"text":"每人9元就可以购买豪华公厕。。。走过路过，不要错过。各种女仆萝莉等等等等哦亲。",
"mid":"yBoFWsYAZ",
"date":"2012-09-11 17:47:42"
},
{
"kids":[
"yBp5Ndb0U"
],
"uid":"xiguaxuaner",
"parent":"",
"text":"",
"mid":"yBoFWdGHi",
"date":"2012-09-11 17:47:41"
},
{
"kids":[
"yBR5sDSD2",
"yBIgoivys"
],
"uid":"maverickcy",
"parent":"",
"text":"转了，让你们狗日的全部住进大西洋去！",
"mid":"yBoFWaico",
"date":"2012-09-11 17:47:40"
},
{
"kids":[],
"uid":"81523116",
"parent":"",
"text":"我捐100[哈哈]",
"mid":"yBoFVC2K9",
"date":"2012-09-11 17:47:39"
},
{
"kids":[],
"uid":"2205024950",
"parent":"",
"text":"",
"mid":"yBoFQABUY",
"date":"2012-09-11 17:47:26"
},
{
"kids":[
"yBpkbC6Jw"
],
"uid":"2149083624",
"parent":"yBoF21Cov",
"text":"",
"mid":"yBoFPE0z4",
"date":"2012-09-11 17:47:27"
},
{
"kids":[],
"uid":"1765943835",
"parent":"",
"text":"支持",
"mid":"yBoFOvB6j",
"date":"2012-09-11 17:47:23"
},
{
"kids":[],
"uid":"2212864074",
"parent":"",
"text":"那就转呗",
"mid":"yBoFLwVvj",
"date":"2012-09-11 17:47:16"
},
{
"kids":[],
"uid":"2431950623",
"parent":"",
"text":"",
"mid":"yBoFKDGzF",
"date":"2012-09-11 17:47:15"
},
{
"kids":[],
"uid":"2290360877",
"parent":"",
"text":"",
"mid":"yBoFKCBvH",
"date":"2012-09-11 17:47:15"
},
{
"kids":[
"yBAin5WbA"
],
"uid":"527801272",
"parent":"",
"text":"",
"mid":"yBoFHoLn6",
"date":"2012-09-11 17:47:07"
},
{
"kids":[],
"uid":"1974872057",
"parent":"",
"text":"支持网上付钱吗亲？",
"mid":"yBoFxkShh",
"date":"2012-09-11 17:46:42"
},
{
"kids":[],
"uid":"elisaxm",
"parent":"",
"text":"@又又巴巴_夜落无声",
"mid":"yBoFv2qIg",
"date":"2012-09-11 17:46:37"
},
{
"kids":[
"yBoHq7hrF"
],
"uid":"1408506343",
"parent":"",
"text":"我支持，我转！",
"mid":"yBoFu9bnA",
"date":"2012-09-11 17:46:34"
},
{
"kids":[],
"uid":"moshangchenfang",
"parent":"",
"text":"转起，弄不死你个小鬼子",
"mid":"yBoFtcIg9",
"date":"2012-09-11 17:46:30"
},
{
"kids":[],
"uid":"2565517005",
"parent":"yBoE0bPgS",
"text":"",
"mid":"yBoFsEiiG",
"date":"2012-09-11 17:46:31"
},
{
"kids":[],
"uid":"1400777774",
"parent":"",
"text":"",
"mid":"yBoFsjtjM",
"date":"2012-09-11 17:46:27"
},
{
"kids":[],
"uid":"jiaoyuhui1977",
"parent":"",
"text":"这个？北海道貌似8.3“万”平方公里,要￥2.19万亿[黑线]",
"mid":"yBoFqfolo",
"date":"2012-09-11 17:46:23"
},
{
"kids":[],
"uid":"hljtvad",
"parent":"",
"text":"必须转发",
"mid":"yBoFpEPte",
"date":"2012-09-11 17:46:22"
},
{
"kids":[],
"uid":"1212585687",
"parent":"",
"text":"本来就是我们的领土干嘛要买！",
"mid":"yBoFkkKsr",
"date":"2012-09-11 17:46:11"
},
{
"kids":[],
"uid":"qxaa",
"parent":"",
"text":"",
"mid":"yBoFjtLKk",
"date":"2012-09-11 17:46:09"
},
{
"kids":[],
"uid":"2244638072",
"parent":"",
"text":"",
"mid":"yBoFf4SzA",
"date":"2012-09-11 17:45:58"
},
{
"kids":[
"yBpU2kake"
],
"uid":"1878635284",
"parent":"",
"text":"",
"mid":"yBoF9rO0F",
"date":"2012-09-11 17:45:43"
},
{
"kids":[],
"uid":"1972215325",
"parent":"",
"text":"",
"mid":"yBoF8vsBV",
"date":"2012-09-11 17:45:41"
},
{
"kids":[],
"uid":"1863537853",
"parent":"",
"text":"",
"mid":"yBoF5zdoU",
"date":"2012-09-11 17:45:37"
},
{
"kids":[],
"uid":"2956944244",
"parent":"",
"text":"",
"mid":"yBoF4ptDn",
"date":"2012-09-11 17:45:33"
},
{
"kids":[
"yBoFPE0z4"
],
"uid":"2063198024",
"parent":"",
"text":"[给力]",
"mid":"yBoF21Cov",
"date":"2012-09-11 17:45:27"
},
{
"kids":[],
"uid":"2121776667",
"parent":"",
"text":"转发微博。",
"mid":"yBoF21CnT",
"date":"2012-09-11 17:45:27"
},
{
"kids":[],
"uid":"sakuralang",
"parent":"",
"text":"日本人这么喜欢钓鱼岛，不如举国迁徙好了！把日本岛交出来他们敢么！",
"mid":"yBoF0zMIp",
"date":"2012-09-11 17:45:24"
},
{
"kids":[],
"uid":"136190695",
"parent":"",
"text":"",
"mid":"yBoF0yTsP",
"date":"2012-09-11 17:45:24"
},
{
"kids":[],
"uid":"catngwhf",
"parent":"yBoDZ4Jtk",
"text":"",
"mid":"yBoEZEztA",
"date":"2012-09-11 17:45:22"
},
{
"kids":[
"yBoWjdz65"
],
"uid":"2068502547",
"parent":"yBojBwTq8",
"text":"",
"mid":"yBoEYvGYQ",
"date":"2012-09-11 17:45:19"
},
{
"kids":[],
"uid":"2340816497",
"parent":"",
"text":"",
"mid":"yBoEYtJmR",
"date":"2012-09-11 17:45:19"
},
{
"kids":[],
"uid":"2141050743",
"parent":"",
"text":"",
"mid":"yBoEYsELQ",
"date":"2012-09-11 17:45:19"
},
{
"kids":[],
"uid":"2119263793",
"parent":"",
"text":"这个必须转！！！",
"mid":"yBoEYe5Ec",
"date":"2012-09-11 17:45:16"
},
{
"kids":[],
"uid":"2591741063",
"parent":"",
"text":"",
"mid":"yBoEVgKpP",
"date":"2012-09-11 17:45:11"
},
{
"kids":[],
"uid":"shp0218",
"parent":"",
"text":"",
"mid":"yBoETtmYP",
"date":"2012-09-11 17:45:08"
},
{
"kids":[],
"uid":"2462550921",
"parent":"",
"text":"尼瑪！！轉起來！",
"mid":"yBoES0V3k",
"date":"2012-09-11 17:45:03"
},
{
"kids":[
"yBoHL5gWv"
],
"uid":"2078600071",
"parent":"",
"text":"",
"mid":"yBoES0UZR",
"date":"2012-09-11 17:45:01"
},
{
"kids":[
"yBAcA34rY",
"yBqp1kcm8"
],
"uid":"lulina1020",
"parent":"",
"text":"真能捐，真能买吧！zf恐怕也不会同意吧，还是留点钱给我们的灾区，给我们的贫困地区吧！",
"mid":"yBoERFQus",
"date":"2012-09-11 17:45:03"
},
{
"kids":[],
"uid":"1829598980",
"parent":"",
"text":"[哼]",
"mid":"yBoERELVF",
"date":"2012-09-11 17:45:03"
},
{
"kids":[
"yBAaNf8iB"
],
"uid":"1894116635",
"parent":"",
"text":"",
"mid":"yBoEPlbf3",
"date":"2012-09-11 17:44:56"
},
{
"kids":[],
"uid":"shesaysso",
"parent":"",
"text":"必须是中国的",
"mid":"yBoEOpQLg",
"date":"2012-09-11 17:44:52"
},
{
"kids":[],
"uid":"2056619201",
"parent":"",
"text":"@青年生活百科",
"mid":"yBoENh5yQ",
"date":"2012-09-11 17:44:50"
},
{
"kids":[],
"uid":"2653724753",
"parent":"",
"text":"转 ，虽然我们没必要买，因为它本来就是我们的！@怪兽女王 @zhengaihua006 @手机用户1002991702 @Jackie_玲 @小瑶瑶是毛毛 @迷糊_vivi安 @南半球的雪1221",
"mid":"yBoEMoJ8Y",
"date":"2012-09-11 17:44:50"
},
{
"kids":[],
"uid":"amizhijia",
"parent":"",
"text":"",
"mid":"yBoEM4ayB",
"date":"2012-09-11 17:44:47"
},
{
"kids":[
"yBoHmeXLW"
],
"uid":"1814121652",
"parent":"",
"text":"这小破岛值这么多钱么，一人出一块就够了~",
"mid":"yBoELvtLR",
"date":"2012-09-11 17:44:47"
},
{
"kids":[],
"uid":"80356679",
"parent":"",
"text":"北海道太小，本州岛如何，算算要多钱……直接把小日本都赶走！",
"mid":"yBoEFhmac",
"date":"2012-09-11 17:44:33"
},
{
"kids":[
"yBphX3fiz"
],
"uid":"faye0shirley",
"parent":"",
"text":"",
"mid":"yBoEEEE3d",
"date":"2012-09-11 17:44:33"
},
{
"kids":[
"yBoWFFnao"
],
"uid":"2273860665",
"parent":"",
"text":"",
"mid":"yBoEEp4Ho",
"date":"2012-09-11 17:44:30"
},
{
"kids":[],
"uid":"nanone",
"parent":"",
"text":"[赞][赞]",
"mid":"yBoEEo7gS",
"date":"2012-09-11 17:44:31"
},
{
"kids":[
"yBoJHCuZ2"
],
"uid":"2359987275",
"parent":"",
"text":"支持",
"mid":"yBoECiXQr",
"date":"2012-09-11 17:44:24"
},
{
"kids":[
"yBoIsvER2"
],
"uid":"xinlin7972",
"parent":"",
"text":"转起。",
"mid":"yBoEzFfvd",
"date":"2012-09-11 17:44:20"
},
{
"kids":[
"yBwPE0dSd"
],
"uid":"xinranlv",
"parent":"",
"text":"买丫小日本",
"mid":"yBoEyttkB",
"date":"2012-09-11 17:44:14"
},
{
"kids":[],
"uid":"1947427004",
"parent":"",
"text":"FQ吧 天朝筹钱就默认了主权不在天朝",
"mid":"yBoEydFzL",
"date":"2012-09-11 17:44:15"
},
{
"kids":[],
"uid":"winman2011",
"parent":"",
"text":"",
"mid":"yBoExiDdg",
"date":"2012-09-11 17:44:13"
},
{
"kids":[],
"uid":"1830681055",
"parent":"",
"text":"[good]",
"mid":"yBoEw8HPM",
"date":"2012-09-11 17:44:11"
},
{
"kids":[],
"uid":"2075096311",
"parent":"",
"text":"支持转起！",
"mid":"yBoEuCUrZ",
"date":"2012-09-11 17:44:08"
},
{
"kids":[],
"uid":"gybfly",
"parent":"",
"text":"这个真可以有",
"mid":"yBoEuljio",
"date":"2012-09-11 17:44:07"
},
{
"kids":[],
"uid":"2056619201",
"parent":"",
"text":"不管真假，先表明态度@青年百科",
"mid":"yBoEr7gZ7",
"date":"2012-09-11 17:43:57"
},
{
"kids":[],
"uid":"1580333725",
"parent":"",
"text":"",
"mid":"yBoEluclp",
"date":"2012-09-11 17:43:46"
},
{
"kids":[],
"uid":"2129956843",
"parent":"",
"text":"给力",
"mid":"yBoEiwRgh",
"date":"2012-09-11 17:43:39"
},
{
"kids":[],
"uid":"1974876241",
"parent":"",
"text":"转",
"mid":"yBoEgbadS",
"date":"2012-09-11 17:43:33"
},
{
"kids":[],
"uid":"2033976577",
"parent":"",
"text":"",
"mid":"yBoEe92aJ",
"date":"2012-09-11 17:43:29"
},
{
"kids":[],
"uid":"1768784424",
"parent":"",
"text":"",
"mid":"yBoEdtyl9",
"date":"2012-09-11 17:43:28"
},
{
"kids":[],
"uid":"2135533281",
"parent":"",
"text":"",
"mid":"yBoEcmxC1",
"date":"2012-09-11 17:43:24"
},
{
"kids":[],
"uid":"1729089084",
"parent":"",
"text":"",
"mid":"yBoEaxizv",
"date":"2012-09-11 17:43:19"
},
{
"kids":[
"yBoIy8Jtu",
"yBoIm0GuO"
],
"uid":"1713224381",
"parent":"",
"text":"",
"mid":"yBoE1mFrM",
"date":"2012-09-11 17:42:59"
},
{
"kids":[],
"uid":"210102316",
"parent":"",
"text":"",
"mid":"yBoE0fA1F",
"date":"2012-09-11 17:42:53"
},
{
"kids":[
"yBoFsEiiG"
],
"uid":"gengq411266844",
"parent":"",
"text":"我早有这个想法了，钓鱼岛给日本，我们买日本岛！！",
"mid":"yBoE0bPgS",
"date":"2012-09-11 17:42:54"
},
{
"kids":[],
"uid":"1849162452",
"parent":"",
"text":"",
"mid":"yBoDZD5hw",
"date":"2012-09-11 17:42:52"
},
{
"kids":[],
"uid":"fanr",
"parent":"",
"text":"我选择举报这个微博。不要利用爱国心理而为自己博取关注。",
"mid":"yBoDZBfBw",
"date":"2012-09-11 17:42:54"
},
{
"kids":[],
"uid":"shen007",
"parent":"",
"text":"[给力][给力]",
"mid":"yBoDZmkKZ",
"date":"2012-09-11 17:42:51"
},
{
"kids":[
"yBq9zjcbx"
],
"uid":"zhaoxy1982",
"parent":"",
"text":"",
"mid":"yBoDZltZ9",
"date":"2012-09-11 17:42:54"
},
{
"kids":[
"yBoEZEztA"
],
"uid":"1714994107",
"parent":"",
"text":"",
"mid":"yBoDZ4Jtk",
"date":"2012-09-11 17:42:52"
},
{
"kids":[],
"uid":"2761254151",
"parent":"",
"text":"",
"mid":"yBoDXzQe0",
"date":"2012-09-11 17:42:49"
},
{
"kids":[],
"uid":"1204960792",
"parent":"",
"text":"",
"mid":"yBoDQqCvi",
"date":"2012-09-11 17:42:32"
},
{
"kids":[],
"uid":"1718674864",
"parent":"",
"text":"",
"mid":"yBoDKhbQh",
"date":"2012-09-11 17:42:17"
},
{
"kids":[],
"uid":"2788400871",
"parent":"",
"text":"对小日本说一句你们这些畜牲滚滚滚滚滚滚滚滚滚滚",
"mid":"yBoyxj5za",
"date":"2012-09-11 17:29:27"
},
{
"kids":[],
"uid":"2166575980",
"parent":"yBo4P9XZP",
"text":"买下日本岛然后在把它炸沉 '",
"mid":"yBowcuLY9",
"date":"2012-09-11 17:23:43"
},
{
"kids":[],
"uid":"midtone",
"parent":"",
"text":"",
"mid":"yBotBtxzZ",
"date":"2012-09-11 17:17:17"
},
{
"kids":[
"z53pYpRD1",
"z4QHN99v7",
"z4QHN7c2T",
"z48l5jeNw",
"z3RfUBlF3",
"z3RfUBlEz",
"z38j723zT",
"z33Ub5YKO",
"z33Ub5YIY"
],
"uid":"hpistg",
"parent":"",
"text":"把日本变成中国的一个省！",
"mid":"yBotn0Srx",
"date":"2012-09-11 17:16:42"
},
{
"kids":[],
"uid":"2421886732",
"parent":"",
"text":"",
"mid":"yBosrmWgm",
"date":"2012-09-11 17:14:24"
},
{
"kids":[],
"uid":"2410532573",
"parent":"",
"text":"",
"mid":"yBoqqnkHN",
"date":"2012-09-11 17:09:28"
},
{
"kids":[],
"uid":"2509447230",
"parent":"",
"text":"[围观]",
"mid":"yBoptzEvE",
"date":"2012-09-11 17:07:08"
},
{
"kids":[],
"uid":"2460506594",
"parent":"",
"text":"真的么？支持支持",
"mid":"yBokd3Q8f",
"date":"2012-09-11 16:54:07"
},
{
"kids":[
"yBoEYvGYQ"
],
"uid":"1798899647",
"parent":"",
"text":"",
"mid":"yBojBwTq8",
"date":"2012-09-11 16:52:40"
},
{
"kids":[],
"uid":"1848780155",
"parent":"",
"text":"真有趣",
"mid":"yBogQFJro",
"date":"2012-09-11 16:45:53"
},
{
"kids":[],
"uid":"2455832042",
"parent":"",
"text":"本身是中国的，干嘛还要去买?靠",
"mid":"yBog9zQdA",
"date":"2012-09-11 16:44:10"
},
{
"kids":[],
"uid":"imyur",
"parent":"yBodV0Sgg",
"text":"买!一定要买!",
"mid":"yBoes6OZF",
"date":"2012-09-11 16:39:58"
},
{
"kids":[
"yBoes6OZF"
],
"uid":"830802000",
"parent":"yBodDhQnf",
"text":"轉起來。",
"mid":"yBodV0Sgg",
"date":"2012-09-11 16:38:39"
},
{
"kids":[
"yBodV0Sgg"
],
"uid":"1962996511",
"parent":"",
"text":"@Evan筱恩 @摩羯座的菠菜外號叫_寶爺 @偶de名字叫荭 @厦门的那点事 @锅贰",
"mid":"yBodDhQnf",
"date":"2012-09-11 16:37:55"
},
{
"kids":[],
"uid":"2272689972",
"parent":"",
"text":"买！",
"mid":"yBoaQ6eRt",
"date":"2012-09-11 16:31:03"
},
{
"kids":[],
"uid":"113171278",
"parent":"",
"text":"[赞][赞][赞]轉起啊！",
"mid":"yBoamg38m",
"date":"2012-09-11 16:29:52"
},
{
"kids":[],
"uid":"2049851282",
"parent":"yBo7H6aA5",
"text":"",
"mid":"yBoabl2FY",
"date":"2012-09-11 16:29:27"
},
{
"kids":[
"yBoabl2FY"
],
"uid":"2085182683",
"parent":"",
"text":"买了[抓狂]",
"mid":"yBo7H6aA5",
"date":"2012-09-11 16:23:17"
},
{
"kids":[],
"uid":"2002608533",
"parent":"",
"text":"顶",
"mid":"yBo7rnHGT",
"date":"2012-09-11 16:22:42"
},
{
"kids":[],
"uid":"1916671441",
"parent":"",
"text":"顶！小日本该死",
"mid":"yBo73uHeO",
"date":"2012-09-11 16:21:45"
},
{
"kids":[
"yBowcuLY9"
],
"uid":"1893177790",
"parent":"",
"text":"",
"mid":"yBo4P9XZP",
"date":"2012-09-11 16:16:15"
},
{
"kids":[],
"uid":"1673876563",
"parent":"",
"text":"",
"mid":"yBo4L4nP1",
"date":"2012-09-11 16:16:05"
},
{
"kids":[],
"uid":"2899294255",
"parent":"",
"text":"",
"mid":"yBo4yCMnm",
"date":"2012-09-11 16:15:36"
},
{
"kids":[],
"uid":"1781570937",
"parent":"",
"text":"",
"mid":"yBo2XmE0g",
"date":"2012-09-11 16:11:40"
},
{
"kids":[],
"uid":"2568642030",
"parent":"",
"text":"支持啊 打倒小日本",
"mid":"yBo2maljS",
"date":"2012-09-11 16:10:08"
},
{
"kids":[],
"uid":"1721134792",
"parent":"",
"text":"[贊]",
"mid":"yBo1sAwo8",
"date":"2012-09-11 16:07:57"
},
{
"kids":[],
"uid":"2588375317",
"parent":"",
"text":"同意",
"mid":"yBo1o9ZFS",
"date":"2012-09-11 16:07:46"
},
{
"kids":[],
"uid":"2652966832",
"parent":"",
"text":"支持",
"mid":"yBnZtEk25",
"date":"2012-09-11 16:03:05"
},
{
"kids":[],
"uid":"2522028353",
"parent":"",
"text":"你们的实力我是见证了。",
"mid":"yBnYucYGJ",
"date":"2012-09-11 16:00:37"
},
{
"kids":[],
"uid":"mojinxuan",
"parent":"",
"text":"钓鱼岛是中国的！不久的将来北海道也是中国的！转起！支持购买日本岛[威武]",
"mid":"yBnT0671n",
"date":"2012-09-11 15:47:06"
}
]