[
{
"kids":[],
"uid":"2642151731",
"parent":"zd3qBdUty",
"text":"",
"mid":"zpqCnxVSR",
"date":"2013-03-27 23:25:04"
},
{
"kids":[],
"uid":"2168648483",
"parent":"zd46Hwt8K",
"text":"",
"mid":"zf0gNDe1m",
"date":"2013-01-18 09:57:27"
},
{
"kids":[],
"uid":"2811618265",
"parent":"zeVkShLLQ",
"text":"[吃惊]",
"mid":"zeVC5A98Y",
"date":"2013-01-17 22:06:10"
},
{
"kids":[
"zeVC5A98Y"
],
"uid":"1574515685",
"parent":"zd46Hwt8K",
"text":"",
"mid":"zeVkShLLQ",
"date":"2013-01-17 21:23:43"
},
{
"kids":[],
"uid":"1723683452",
"parent":"zd46Hwt8K",
"text":"",
"mid":"ze5SD0Qaf",
"date":"2013-01-12 10:24:04"
},
{
"kids":[],
"uid":"2919372804",
"parent":"zd46Hwt8K",
"text":"",
"mid":"zdVgn7CBe",
"date":"2013-01-11 07:22:20"
},
{
"kids":[],
"uid":"1842483395",
"parent":"",
"text":"",
"mid":"zdI9pz90X",
"date":"2013-01-09 21:59:27"
},
{
"kids":[],
"uid":"2645726134",
"parent":"zd3oo7yK9",
"text":"回复@业余吉他手:其实是我们都好毒，因为已经有抗体，百毒不侵了。",
"mid":"zdyLiuFHE",
"date":"2013-01-08 22:05:22"
},
{
"kids":[],
"uid":"20724300",
"parent":"",
"text":"",
"mid":"zdjMnAqg4",
"date":"2013-01-07 07:56:50"
},
{
"kids":[],
"uid":"2789905674",
"parent":"zdbqmzush",
"text":"",
"mid":"zdh068O1W",
"date":"2013-01-07 00:52:23"
},
{
"kids":[],
"uid":"1725734023",
"parent":"zdbqmzush",
"text":"",
"mid":"zde3ulSyQ",
"date":"2013-01-06 17:22:30"
},
{
"kids":[],
"uid":"2610493700",
"parent":"",
"text":"",
"mid":"zddAE3m7q",
"date":"2013-01-06 16:11:23"
},
{
"kids":[],
"uid":"1259028100",
"parent":"",
"text":"",
"mid":"zdd8AsJQe",
"date":"2013-01-06 15:02:17"
},
{
"kids":[],
"uid":"2765158497",
"parent":"zd3kJshP0",
"text":"",
"mid":"zdcFvoynj",
"date":"2013-01-06 13:50:40"
},
{
"kids":[],
"uid":"2634060793",
"parent":"",
"text":"",
"mid":"zdc9Hk1s4",
"date":"2013-01-06 12:32:17"
},
{
"kids":[],
"uid":"2356115581",
"parent":"",
"text":"@请输入用户名 @",
"mid":"zdbxlao6x",
"date":"2013-01-06 10:57:47"
},
{
"kids":[],
"uid":"2356115581",
"parent":"",
"text":"",
"mid":"zdbtqyogP",
"date":"2013-01-06 10:48:10"
},
{
"kids":[
"zdh068O1W",
"zde3ulSyQ"
],
"uid":"2074584824",
"parent":"",
"text":"",
"mid":"zdbqmzush",
"date":"2013-01-06 10:40:36"
},
{
"kids":[],
"uid":"woptang",
"parent":"zd6QS7e72",
"text":"@春天然然",
"mid":"zdbnHEJRA",
"date":"2013-01-06 10:34:04"
},
{
"kids":[],
"uid":"may53895",
"parent":"",
"text":"",
"mid":"zdbdS41tL",
"date":"2013-01-06 10:09:50"
},
{
"kids":[],
"uid":"2648615382",
"parent":"",
"text":"",
"mid":"zdb8ctBvm",
"date":"2013-01-06 09:55:51"
},
{
"kids":[],
"uid":"2563352170",
"parent":"zd3oo7yK9",
"text":"",
"mid":"zdaQazHKt",
"date":"2013-01-06 09:11:27"
},
{
"kids":[],
"uid":"1163174375",
"parent":"",
"text":"",
"mid":"zdapkq4tS",
"date":"2013-01-06 08:05:18"
},
{
"kids":[],
"uid":"2790016354",
"parent":"zdagAtFC0",
"text":"",
"mid":"zdahrjLEJ",
"date":"2013-01-06 07:45:52"
},
{
"kids":[
"zdahrjLEJ"
],
"uid":"1821648151",
"parent":"",
"text":"我勒个妈妈呀，我经常喝来着，我会不会死呀？",
"mid":"zdagAtFC0",
"date":"2013-01-06 07:43:46"
},
{
"kids":[],
"uid":"1775866683",
"parent":"",
"text":"",
"mid":"zd9ZY3Y05",
"date":"2013-01-06 07:02:50"
},
{
"kids":[],
"uid":"2808132915",
"parent":"zd5xombSE",
"text":"",
"mid":"zd9YliNWg",
"date":"2013-01-06 06:58:50"
},
{
"kids":[],
"uid":"2920514084",
"parent":"zd3PNu6nY",
"text":"",
"mid":"zd9Lfz1wq",
"date":"2013-01-06 06:26:35"
},
{
"kids":[],
"uid":"2919661582",
"parent":"zd6bFgETM",
"text":"",
"mid":"zd99kkDTm",
"date":"2013-01-06 04:53:09"
},
{
"kids":[],
"uid":"2790058950",
"parent":"zd3L5bSnA",
"text":"",
"mid":"zd97R3NRL",
"date":"2013-01-06 04:49:31"
},
{
"kids":[],
"uid":"liuqin21",
"parent":"zd6jL0HMs",
"text":"@露露的Xin宝贝 @阿玥微博 @贝贝的小幸福",
"mid":"zd7Du7Lho",
"date":"2013-01-06 01:01:57"
},
{
"kids":[],
"uid":"209097664",
"parent":"zd78JA6oC",
"text":"",
"mid":"zd7uqpmEn",
"date":"2013-01-06 00:39:38"
},
{
"kids":[],
"uid":"2920234530",
"parent":"zd46Hwt8K",
"text":"",
"mid":"zd7ro9PVr",
"date":"2013-01-06 00:32:08"
},
{
"kids":[],
"uid":"2072462671",
"parent":"",
"text":"",
"mid":"zd7pFbBPI",
"date":"2013-01-06 00:27:51"
},
{
"kids":[
"zd7uqpmEn"
],
"uid":"1944092395",
"parent":"",
"text":"[吃惊]",
"mid":"zd78JA6oC",
"date":"2013-01-05 23:46:10"
},
{
"kids":[],
"uid":"2279435561",
"parent":"",
"text":"",
"mid":"zd78B4VuM",
"date":"2013-01-05 23:45:52"
},
{
"kids":[],
"uid":"1911926437",
"parent":"",
"text":"@颂媛",
"mid":"zd74vcjw6",
"date":"2013-01-05 23:35:44"
},
{
"kids":[],
"uid":"2448347687",
"parent":"",
"text":"",
"mid":"zd73Bl5Nh",
"date":"2013-01-05 23:33:30"
},
{
"kids":[],
"uid":"82792030",
"parent":"zd6YfyCZx",
"text":"[衰]",
"mid":"zd71Zuv8N",
"date":"2013-01-05 23:29:32"
},
{
"kids":[],
"uid":"3163862903",
"parent":"",
"text":"",
"mid":"zd70raPe8",
"date":"2013-01-05 23:25:43"
},
{
"kids":[],
"uid":"2644625385",
"parent":"",
"text":"",
"mid":"zd6ZR7iF1",
"date":"2013-01-05 23:24:19"
},
{
"kids":[],
"uid":"jiude2ye",
"parent":"zd6YfyCZx",
"text":"",
"mid":"zd6Zmlxis",
"date":"2013-01-05 23:23:05"
},
{
"kids":[
"zd71Zuv8N",
"zd6Zmlxis"
],
"uid":"chenjiuan",
"parent":"zd3qJqWJi",
"text":"第一想到爱喝的人。@Me-廖文艳 @大媛hedy 媛姐也要注意[哈哈]",
"mid":"zd6YfyCZx",
"date":"2013-01-05 23:20:20"
},
{
"kids":[
"zdbnHEJRA"
],
"uid":"1787063564",
"parent":"",
"text":"WTF",
"mid":"zd6QS7e72",
"date":"2013-01-05 23:02:12"
},
{
"kids":[],
"uid":"1033773924",
"parent":"",
"text":"@美汁源饮料:看了你的辟谣微博，读到符合国家标准我就无法忍受了，我国所谓的国标就是挑战人民的智商！就如速成鸡事件一样，大企业一出事就会被全民唾骂，小公司的产品哪怕是狗屎也无人问津。人民选择的是你的品牌，你必须为你的品牌负责。别扯国标！",
"mid":"zd6PYesUG",
"date":"2013-01-05 22:59:57"
},
{
"kids":[],
"uid":"1917211577",
"parent":"zd3omh9SP",
"text":"[衰]为数不多喜欢的的饮料，一直以为有医生童鞋代言就是健康的了.......",
"mid":"zd6OU73gE",
"date":"2013-01-05 22:57:19"
},
{
"kids":[],
"uid":"1414115674",
"parent":"zd3TBy2QN",
"text":"转发微博。",
"mid":"zd6OFBU2x",
"date":"2013-01-05 22:56:44"
},
{
"kids":[],
"uid":"1956143511",
"parent":"zd6DVela5",
"text":"",
"mid":"zd6M5oA8x",
"date":"2013-01-05 22:50:22"
},
{
"kids":[],
"uid":"hacintosh",
"parent":"zd6tM82i1",
"text":"",
"mid":"zd6J3tXGP",
"date":"2013-01-05 22:42:54"
},
{
"kids":[],
"uid":"2174044047",
"parent":"",
"text":"",
"mid":"zd6I94zD9",
"date":"2013-01-05 22:40:40"
},
{
"kids":[],
"uid":"2738918437",
"parent":"zd3hHcCOl",
"text":"",
"mid":"zd6GTl6Qr",
"date":"2013-01-05 22:37:36"
},
{
"kids":[],
"uid":"3074226887",
"parent":"",
"text":"果粒橙在市面上已经卖很久了吧！为什么到现在才爆出来？卫生局是吃屎的吧！？草拟妈个B！",
"mid":"zd6EZ8rNC",
"date":"2013-01-05 22:32:52"
},
{
"kids":[
"zd6M5oA8x"
],
"uid":"2566109513",
"parent":"zd6tM82i1",
"text":"NND，我喝了好多啊",
"mid":"zd6DVela5",
"date":"2013-01-05 22:30:18"
},
{
"kids":[],
"uid":"2173165960",
"parent":"zd3MK3PqQ",
"text":"@_幻觉baby@樱雨河",
"mid":"zd6DNj2KK",
"date":"2013-01-05 22:29:55"
},
{
"kids":[],
"uid":"2997212881",
"parent":"",
"text":"转发微博。",
"mid":"zd6Cvtnt8",
"date":"2013-01-05 22:26:48"
},
{
"kids":[],
"uid":"1742449483",
"parent":"zd6cdhtZX",
"text":"OMG⋯",
"mid":"zd6CczDEJ",
"date":"2013-01-05 22:26:04"
},
{
"kids":[],
"uid":"234775388",
"parent":"",
"text":"……",
"mid":"zd6Aw19EQ",
"date":"2013-01-05 22:21:50"
},
{
"kids":[],
"uid":"1900669604",
"parent":"",
"text":"",
"mid":"zd6y3wY3E",
"date":"2013-01-05 22:15:48"
},
{
"kids":[],
"uid":"liyaming19870122",
"parent":"",
"text":"很久没喝那玩意了！！[话筒]",
"mid":"zd6vDn59k",
"date":"2013-01-05 22:09:50"
},
{
"kids":[],
"uid":"2994616823",
"parent":"",
"text":"",
"mid":"zd6uRf6qP",
"date":"2013-01-05 22:07:57"
},
{
"kids":[
"zd6J3tXGP",
"zd6DVela5"
],
"uid":"2079690225",
"parent":"",
"text":"火速转发，是真是假往后再看@Minami1911 @马小丹connie @陈小熊106",
"mid":"zd6tM82i1",
"date":"2013-01-05 22:05:17"
},
{
"kids":[],
"uid":"1909957591",
"parent":"",
"text":"草 刚买了一箱",
"mid":"zd6trahJi",
"date":"2013-01-05 22:04:27"
},
{
"kids":[],
"uid":"2641433530",
"parent":"",
"text":"[怒][怒][怒]",
"mid":"zd6tknW7B",
"date":"2013-01-05 22:04:11"
},
{
"kids":[],
"uid":"2899281421",
"parent":"",
"text":"",
"mid":"zd6tgecHH",
"date":"2013-01-05 22:04:01"
},
{
"kids":[],
"uid":"lilongbruce",
"parent":"",
"text":"@郭萌萌萌站起来 @小丹立夏 @程书耕 @Su洛y @余岚or夏夏 大家注意了啊",
"mid":"zd6nE84RO",
"date":"2013-01-05 21:50:08"
},
{
"kids":[],
"uid":"1402830434",
"parent":"",
"text":"饿死算了！",
"mid":"zd6k84L7T",
"date":"2013-01-05 21:41:31"
},
{
"kids":[],
"uid":"1337838081",
"parent":"",
"text":"",
"mid":"zd6jT2R0g",
"date":"2013-01-05 21:40:55"
},
{
"kids":[
"zd7Du7Lho"
],
"uid":"1669589431",
"parent":"zd52FmjIY",
"text":"",
"mid":"zd6jL0HMs",
"date":"2013-01-05 21:40:34"
},
{
"kids":[],
"uid":"1111619582",
"parent":"zd5xblwzD",
"text":"",
"mid":"zd6e55gkv",
"date":"2013-01-05 21:26:36"
},
{
"kids":[
"zd6CczDEJ"
],
"uid":"smallmim",
"parent":"",
"text":"",
"mid":"zd6cdhtZX",
"date":"2013-01-05 21:22:01"
},
{
"kids":[
"zd99kkDTm"
],
"uid":"2808413580",
"parent":"",
"text":"[生病]",
"mid":"zd6bFgETM",
"date":"2013-01-05 21:20:40"
},
{
"kids":[],
"uid":"1787921083",
"parent":"zd451fF0Z",
"text":"",
"mid":"zd66wbgy2",
"date":"2013-01-05 21:07:59"
},
{
"kids":[],
"uid":"2621106215",
"parent":"",
"text":"天啊 @张加振 @肖思慧919 @笑若葵花向日倾DIDO @王維--Ww @熊菲Capricorn @覃雁然 @我不是黄蓉我不会武功- 都别再喝这种了[黑线]",
"mid":"zd5UauJqU",
"date":"2013-01-05 20:37:35"
},
{
"kids":[],
"uid":"2542910397",
"parent":"",
"text":"",
"mid":"zd5R2npwF",
"date":"2013-01-05 20:29:52"
},
{
"kids":[],
"uid":"1444231781",
"parent":"",
"text":"",
"mid":"zd5QunD0j",
"date":"2013-01-05 20:28:30"
},
{
"kids":[],
"uid":"1582716560",
"parent":"zd3TBy2QN",
"text":"",
"mid":"zd5IMAG5x",
"date":"2013-01-05 20:09:30"
},
{
"kids":[],
"uid":"1771976793",
"parent":"",
"text":"",
"mid":"zd5Hg32Cw",
"date":"2013-01-05 20:05:43"
},
{
"kids":[],
"uid":"2697275074",
"parent":"zd4gnnCCJ",
"text":"",
"mid":"zd5CfsepU",
"date":"2013-01-05 19:53:22"
},
{
"kids":[],
"uid":"1219883045",
"parent":"zd3GOtbbK",
"text":"啥都不能吃啦",
"mid":"zd5xV9SVq",
"date":"2013-01-05 19:42:43"
},
{
"kids":[
"zd9YliNWg"
],
"uid":"quxianjie20071129",
"parent":"zd3j8th6y",
"text":"",
"mid":"zd5xombSE",
"date":"2013-01-05 19:41:27"
},
{
"kids":[
"zd6e55gkv"
],
"uid":"quxianjie20071129",
"parent":"zd3j8th6y",
"text":"",
"mid":"zd5xblwzD",
"date":"2013-01-05 19:40:57"
},
{
"kids":[],
"uid":"206846345",
"parent":"zd4874Erj",
"text":"从不喝",
"mid":"zd5qNpUn6",
"date":"2013-01-05 19:25:12"
},
{
"kids":[],
"uid":"2919849060",
"parent":"zd3PNu6nY",
"text":"",
"mid":"zd5mG6guI",
"date":"2013-01-05 19:15:02"
},
{
"kids":[],
"uid":"2919297424",
"parent":"zd45zwj2d",
"text":"",
"mid":"zd5jp5eKU",
"date":"2013-01-05 19:06:58"
},
{
"kids":[],
"uid":"1853779481",
"parent":"",
"text":"",
"mid":"zd5ihm75Z",
"date":"2013-01-05 19:04:14"
},
{
"kids":[],
"uid":"2998176797",
"parent":"",
"text":"[汗]",
"mid":"zd5fVmKRD",
"date":"2013-01-05 18:58:25"
},
{
"kids":[],
"uid":"andy521fl",
"parent":"",
"text":"",
"mid":"zd5erbWio",
"date":"2013-01-05 18:54:44"
},
{
"kids":[],
"uid":"2192716647",
"parent":"",
"text":"",
"mid":"zd59hsfWK",
"date":"2013-01-05 18:42:03"
},
{
"kids":[],
"uid":"2997153764",
"parent":"",
"text":"",
"mid":"zd56cy9RM",
"date":"2013-01-05 18:34:28"
},
{
"kids":[],
"uid":"wzjycm",
"parent":"",
"text":"",
"mid":"zd53dB6g1",
"date":"2013-01-05 18:27:07"
},
{
"kids":[
"zd6jL0HMs"
],
"uid":"2442966087",
"parent":"zd3m0BBUu",
"text":"",
"mid":"zd52FmjIY",
"date":"2013-01-05 18:25:44"
},
{
"kids":[],
"uid":"1864669214",
"parent":"zd4Rrcfe4",
"text":"[汗][药丸]",
"mid":"zd50AelCO",
"date":"2013-01-05 18:20:36"
},
{
"kids":[],
"uid":"1728608751",
"parent":"",
"text":"",
"mid":"zd4V37KN8",
"date":"2013-01-05 18:06:58"
},
{
"kids":[],
"uid":"1870611604",
"parent":"zd3i3457P",
"text":"",
"mid":"zd4V1FkTl",
"date":"2013-01-05 18:06:56"
},
{
"kids":[
"zd50AelCO"
],
"uid":"2532738420",
"parent":"",
"text":"[吃惊][汗][衰][话筒]",
"mid":"zd4Rrcfe4",
"date":"2013-01-05 17:58:06"
},
{
"kids":[],
"uid":"2951583254",
"parent":"zd3BM7gnw",
"text":"@郁洛_sh",
"mid":"zd4QZ7Lpo",
"date":"2013-01-05 17:56:58"
},
{
"kids":[],
"uid":"1257892743",
"parent":"",
"text":"我们以前吃了多少啊？[抓狂]",
"mid":"zd4PFfD8I",
"date":"2013-01-05 17:53:43"
},
{
"kids":[],
"uid":"2126300072",
"parent":"",
"text":"这属于旧闻吧，早知道了",
"mid":"zd4MOgXIt",
"date":"2013-01-05 17:46:41"
},
{
"kids":[],
"uid":"2736803050",
"parent":"zd3pvdfXn",
"text":"受木鸟了。朋友你喝过吗？",
"mid":"zd4M24C3E",
"date":"2013-01-05 17:44:46"
},
{
"kids":[],
"uid":"2313909901",
"parent":"zd3JTAMMm",
"text":"",
"mid":"zd4L8v1Xv",
"date":"2013-01-05 17:42:31"
},
{
"kids":[],
"uid":"1917081152",
"parent":"",
"text":"哎，悲催了",
"mid":"zd4GhoA9X",
"date":"2013-01-05 17:30:36"
},
{
"kids":[],
"uid":"1946515077",
"parent":"",
"text":"",
"mid":"zd4Dgl4Hd",
"date":"2013-01-05 17:23:10"
},
{
"kids":[],
"uid":"chazaixiang",
"parent":"",
"text":"@思园晓春",
"mid":"zd4CHtQHE",
"date":"2013-01-05 17:21:47"
},
{
"kids":[],
"uid":"2919856540",
"parent":"zd3vWpkd2",
"text":"",
"mid":"zd4B2DvAU",
"date":"2013-01-05 17:17:42"
},
{
"kids":[],
"uid":"2448406311",
"parent":"",
"text":"又一种东西不能喝了",
"mid":"zd4AihlbK",
"date":"2013-01-05 17:15:51"
},
{
"kids":[],
"uid":"1695720971",
"parent":"",
"text":"@洛妃熙demon_jjjj @Happyendingxiaoxiao 孩子伤不起来 啊",
"mid":"zd4zDe4Ud",
"date":"2013-01-05 17:14:13"
},
{
"kids":[],
"uid":"1343729192",
"parent":"",
"text":"[抓狂][怒][可怜]额每次骑车都要买瓶这个补充糖分，",
"mid":"zd4zkgC07",
"date":"2013-01-05 17:13:28"
},
{
"kids":[],
"uid":"2465724983",
"parent":"zd4gnnCCJ",
"text":"吐[吃惊]",
"mid":"zd4uqdQKJ",
"date":"2013-01-05 17:01:20"
},
{
"kids":[],
"uid":"1371388137",
"parent":"",
"text":"[怒][怒]",
"mid":"zd4oKByaP",
"date":"2013-01-05 16:47:24"
},
{
"kids":[],
"uid":"2863161357",
"parent":"",
"text":"",
"mid":"zd4lT0n9y",
"date":"2013-01-05 16:40:21"
},
{
"kids":[],
"uid":"kensel",
"parent":"",
"text":"",
"mid":"zd4jS1nNV",
"date":"2013-01-05 16:35:23"
},
{
"kids":[],
"uid":"1560152200",
"parent":"zd3tsa6fV",
"text":"",
"mid":"zd4iEFM3F",
"date":"2013-01-05 16:32:21"
},
{
"kids":[],
"uid":"2516655603",
"parent":"zd3hHcCOl",
"text":"",
"mid":"zd4i1kKHy",
"date":"2013-01-05 16:30:48"
},
{
"kids":[],
"uid":"2254315670",
"parent":"",
"text":"",
"mid":"zd4hwmODZ",
"date":"2013-01-05 16:29:34"
},
{
"kids":[],
"uid":"2374220353",
"parent":"",
"text":"哇，我都忘记了，还有这种饮料...",
"mid":"zd4hg4V5r",
"date":"2013-01-05 16:28:55"
},
{
"kids":[],
"uid":"2938193027",
"parent":"zd3hHcCOl",
"text":"",
"mid":"zd4h2eeif",
"date":"2013-01-05 16:28:24"
},
{
"kids":[],
"uid":"1871001831",
"parent":"",
"text":"",
"mid":"zd4gpb3QF",
"date":"2013-01-05 16:26:49"
},
{
"kids":[
"zd5CfsepU",
"zd4uqdQKJ"
],
"uid":"3009276945",
"parent":"",
"text":"",
"mid":"zd4gnnCCJ",
"date":"2013-01-05 16:26:47"
},
{
"kids":[
"zd5qNpUn6"
],
"uid":"1856300570",
"parent":"",
"text":"尼玛啊。。@少玲妹 @筷子基 @壹分热叁分冷_骚B伦 @Hv7ym- @罗丽端ghost @多多不是围脖控 @Ps-伟杰 @小小-蘭 @tryingtryinglai @@@@",
"mid":"zd4874Erj",
"date":"2013-01-05 16:06:25"
},
{
"kids":[],
"uid":"croclly",
"parent":"",
"text":"转发…",
"mid":"zd479BLBH",
"date":"2013-01-05 16:04:01"
},
{
"kids":[
"zf0gNDe1m",
"zeVkShLLQ",
"ze5SD0Qaf",
"zdVgn7CBe",
"zd7ro9PVr"
],
"uid":"2833272832",
"parent":"",
"text":"悲哀啊",
"mid":"zd46Hwt8K",
"date":"2013-01-05 16:02:55"
},
{
"kids":[],
"uid":"1666308781",
"parent":"",
"text":"@轻轻_zeta @一天只睡6小时 @陆兴元CFA",
"mid":"zd46y8hSD",
"date":"2013-01-05 16:02:32"
},
{
"kids":[
"zd5jp5eKU"
],
"uid":"1565379737",
"parent":"",
"text":"",
"mid":"zd45zwj2d",
"date":"2013-01-05 16:00:10"
},
{
"kids":[
"zd66wbgy2"
],
"uid":"1655376031",
"parent":"",
"text":"",
"mid":"zd451fF0Z",
"date":"2013-01-05 15:58:47"
},
{
"kids":[],
"uid":"2997734025",
"parent":"zd3pFwXHc",
"text":"罚罚罚。。。",
"mid":"zd445Dx44",
"date":"2013-01-05 15:56:30"
},
{
"kids":[],
"uid":"1403503564",
"parent":"",
"text":"[话筒]",
"mid":"zd3ZIFDtQ",
"date":"2013-01-05 15:45:45"
},
{
"kids":[],
"uid":"1248503113",
"parent":"",
"text":"@拉着小年糕的蜗牛",
"mid":"zd3Zn57lF",
"date":"2013-01-05 15:44:53"
},
{
"kids":[],
"uid":"2239329203",
"parent":"zd3p2zusd",
"text":"不要给小孩喝果粒橙",
"mid":"zd3Za7gBo",
"date":"2013-01-05 15:44:23"
},
{
"kids":[],
"uid":"2648311875",
"parent":"",
"text":"",
"mid":"zd3W0az9x",
"date":"2013-01-05 15:36:34"
},
{
"kids":[],
"uid":"2955492615",
"parent":"",
"text":"@我是猴子居然都有人注册",
"mid":"zd3VRjrMF",
"date":"2013-01-05 15:36:13"
},
{
"kids":[],
"uid":"2152194624",
"parent":"",
"text":"外面能吃的东西不多了'地沟油'奶茶'速成鸡'还有没被曝光的其他。",
"mid":"zd3TNDDH5",
"date":"2013-01-05 15:31:11"
},
{
"kids":[
"zd6OFBU2x",
"zd5IMAG5x"
],
"uid":"1732581037",
"parent":"",
"text":"是不是橙子也不能吃呀2",
"mid":"zd3TBy2QN",
"date":"2013-01-05 15:30:41"
},
{
"kids":[],
"uid":"1885121487",
"parent":"",
"text":"",
"mid":"zd3T9v1qx",
"date":"2013-01-05 15:29:34"
},
{
"kids":[],
"uid":"1886063037",
"parent":"zd3JTAMMm",
"text":"[弱]",
"mid":"zd3SQyEbM",
"date":"2013-01-05 15:28:49"
},
{
"kids":[],
"uid":"2293901097",
"parent":"",
"text":"以前好喜欢喝，怎么会这样？现在还有什么东西能吃呀？",
"mid":"zd3R8vB6h",
"date":"2013-01-05 15:24:36"
},
{
"kids":[],
"uid":"2219846283",
"parent":"",
"text":"@ding姓青年 @不是舒洁 @皮蛋爹爹 @我姓贵 @Ray霸王硬上弓 @橙梨forever @汉口小高2015 @金鱼1161 @就这个气场 @1988风逝",
"mid":"zd3QirWVU",
"date":"2013-01-05 15:22:31"
},
{
"kids":[
"zd9Lfz1wq",
"zd5mG6guI"
],
"uid":"2617967067",
"parent":"",
"text":"莫名其妙不喜欢喝果粒橙的飘过…[嘻嘻]",
"mid":"zd3PNu6nY",
"date":"2013-01-05 15:21:18"
},
{
"kids":[],
"uid":"winner1209",
"parent":"zd3Ja8pNE",
"text":"",
"mid":"zd3PA9kvC",
"date":"2013-01-05 15:20:47"
},
{
"kids":[],
"uid":"2712354630",
"parent":"",
"text":"",
"mid":"zd3OZcXZ8",
"date":"2013-01-05 15:19:18"
},
{
"kids":[],
"uid":"2671340175",
"parent":"",
"text":"快传[汗]",
"mid":"zd3OMtAyo",
"date":"2013-01-05 15:18:48"
},
{
"kids":[],
"uid":"2866095165",
"parent":"zd3BlwFTg",
"text":"",
"mid":"zd3NgzC8Z",
"date":"2013-01-05 15:15:03"
},
{
"kids":[],
"uid":"2974622573",
"parent":"",
"text":"",
"mid":"zd3NdzPEE",
"date":"2013-01-05 15:14:58"
},
{
"kids":[],
"uid":"zl82mail",
"parent":"",
"text":"",
"mid":"zd3NakU8F",
"date":"2013-01-05 15:14:49"
},
{
"kids":[
"zd6DNj2KK"
],
"uid":"2159059201",
"parent":"",
"text":"什么饮料都别喝……",
"mid":"zd3MK3PqQ",
"date":"2013-01-05 15:13:45"
},
{
"kids":[],
"uid":"2802971172",
"parent":"",
"text":"",
"mid":"zd3MDwItm",
"date":"2013-01-05 15:13:32"
},
{
"kids":[],
"uid":"2011925130",
"parent":"",
"text":"",
"mid":"zd3LqslXq",
"date":"2013-01-05 15:10:30"
},
{
"kids":[],
"uid":"1785896821",
"parent":"",
"text":"",
"mid":"zd3LgajQB",
"date":"2013-01-05 15:10:05"
},
{
"kids":[
"zd97R3NRL"
],
"uid":"2979765807",
"parent":"",
"text":"以后不喝了",
"mid":"zd3L5bSnA",
"date":"2013-01-05 15:09:41"
},
{
"kids":[],
"uid":"1277395415",
"parent":"",
"text":"",
"mid":"zd3KT5MNf",
"date":"2013-01-05 15:09:11"
},
{
"kids":[],
"uid":"2082240121",
"parent":"",
"text":"",
"mid":"zd3KnaQy3",
"date":"2013-01-05 15:07:56"
},
{
"kids":[],
"uid":"1883587141",
"parent":"",
"text":"@寸头____",
"mid":"zd3Kir2oT",
"date":"2013-01-05 15:07:43"
},
{
"kids":[],
"uid":"1876496233",
"parent":"",
"text":"",
"mid":"zd3JZxlkB",
"date":"2013-01-05 15:07:00"
},
{
"kids":[
"zd4L8v1Xv",
"zd3SQyEbM"
],
"uid":"yuhangshijian",
"parent":"zd3Ja8pNE",
"text":"[抓狂]",
"mid":"zd3JTAMMm",
"date":"2013-01-05 15:06:46"
},
{
"kids":[
"zd3PA9kvC",
"zd3JTAMMm"
],
"uid":"1769758257",
"parent":"zd3k68WOo",
"text":"",
"mid":"zd3Ja8pNE",
"date":"2013-01-05 15:04:57"
},
{
"kids":[],
"uid":"1871632657",
"parent":"",
"text":"",
"mid":"zd3IWf1TT",
"date":"2013-01-05 15:04:23"
},
{
"kids":[],
"uid":"lvyoucehua",
"parent":"zd3pFwXHc",
"text":"罚",
"mid":"zd3IOgilY",
"date":"2013-01-05 15:04:04"
},
{
"kids":[],
"uid":"3169651063",
"parent":"",
"text":"真坑人呀，朋友们，注意啦。。。。。",
"mid":"zd3IGfF1T",
"date":"2013-01-05 15:03:47"
},
{
"kids":[],
"uid":"2017486062",
"parent":"",
"text":"估计今后连自来水都会查出有问题",
"mid":"zd3HodfHO",
"date":"2013-01-05 15:00:36"
},
{
"kids":[
"zd5xV9SVq"
],
"uid":"1695395964",
"parent":"zd3BlwFTg",
"text":"果粒橙不能喝啦",
"mid":"zd3GOtbbK",
"date":"2013-01-05 14:59:09"
},
{
"kids":[],
"uid":"2875866201",
"parent":"",
"text":"那个吃货，看到没，以后当心点吧",
"mid":"zd3FKeOhi",
"date":"2013-01-05 14:56:29"
},
{
"kids":[],
"uid":"2549515530",
"parent":"",
"text":"@璟瑄爱夏明朗和臻果儿 @璟瑄6996",
"mid":"zd3CPa9kk",
"date":"2013-01-05 14:49:19"
},
{
"kids":[
"zd4QZ7Lpo"
],
"uid":"1723415650",
"parent":"",
"text":"",
"mid":"zd3BM7gnw",
"date":"2013-01-05 14:46:44"
},
{
"kids":[
"zd3NgzC8Z",
"zd3GOtbbK"
],
"uid":"2838166144",
"parent":"zd3hUtHty",
"text":"",
"mid":"zd3BlwFTg",
"date":"2013-01-05 14:45:42"
},
{
"kids":[],
"uid":"1158694283",
"parent":"",
"text":"",
"mid":"zd3AXBXQJ",
"date":"2013-01-05 14:44:44"
},
{
"kids":[],
"uid":"1051973510",
"parent":"",
"text":"[吃惊]",
"mid":"zd3ANfUTe",
"date":"2013-01-05 14:44:20"
},
{
"kids":[],
"uid":"2880325901",
"parent":"zd3hHcCOl",
"text":"为健康，转",
"mid":"zd3A1mjO2",
"date":"2013-01-05 14:42:26"
},
{
"kids":[],
"uid":"1815026845",
"parent":"",
"text":"[话筒][话筒][话筒]",
"mid":"zd3zxuHLW",
"date":"2013-01-05 14:41:15"
},
{
"kids":[],
"uid":"1231436350",
"parent":"zd3hHcCOl",
"text":"",
"mid":"zd3zmhObZ",
"date":"2013-01-05 14:40:48"
},
{
"kids":[],
"uid":"1301602051",
"parent":"",
"text":"晕，我刚戒掉可乐改喝果粒橙~",
"mid":"zd3zjktZD",
"date":"2013-01-05 14:40:41"
},
{
"kids":[],
"uid":"2910022337",
"parent":"",
"text":"@赖彦志_Dean @程小小润 @谢谢谢薇薇薇 @fragrant芳芳 @Y_Libra9 @G_Libra10",
"mid":"zd3z7eGs8",
"date":"2013-01-05 14:40:12"
},
{
"kids":[],
"uid":"2307214290",
"parent":"",
"text":"我们吃的东西里有没有毒的东西吗？求解",
"mid":"zd3yZvGR7",
"date":"2013-01-05 14:39:52"
},
{
"kids":[],
"uid":"2154635822",
"parent":"",
"text":"@钿石成金",
"mid":"zd3yGCKVK",
"date":"2013-01-05 14:39:09"
},
{
"kids":[],
"uid":"1107023641",
"parent":"",
"text":"次奥",
"mid":"zd3yd5WDd",
"date":"2013-01-05 14:37:58"
},
{
"kids":[],
"uid":"2281682422",
"parent":"",
"text":"",
"mid":"zd3wWb6da",
"date":"2013-01-05 14:34:50"
},
{
"kids":[],
"uid":"2530538585",
"parent":"",
"text":"人神共愤[怒][怒][哼][哼][衰]",
"mid":"zd3wF4P33",
"date":"2013-01-05 14:34:09"
},
{
"kids":[],
"uid":"2093751645",
"parent":"zd3uOFxAm",
"text":"",
"mid":"zd3w0hKwf",
"date":"2013-01-05 14:32:33"
},
{
"kids":[],
"uid":"1879569023",
"parent":"",
"text":"",
"mid":"zd3vWsLQ1",
"date":"2013-01-05 14:32:22"
},
{
"kids":[
"zd4B2DvAU"
],
"uid":"1768236624",
"parent":"zd3n593it",
"text":"真不是人，，",
"mid":"zd3vWpkd2",
"date":"2013-01-05 14:32:23"
},
{
"kids":[],
"uid":"1407968533",
"parent":"zd3jH06cT",
"text":"哇擦。。。。",
"mid":"zd3vJaYmQ",
"date":"2013-01-05 14:31:50"
},
{
"kids":[],
"uid":"2778634197",
"parent":"",
"text":"",
"mid":"zd3vmFwIZ",
"date":"2013-01-05 14:30:57"
},
{
"kids":[],
"uid":"sdyt23",
"parent":"zd3j70PgC",
"text":"我次奥。。。。喝了很久，现在家里还有！向狗日的索赔！！！",
"mid":"zd3ve5Tda",
"date":"2013-01-05 14:30:37"
},
{
"kids":[],
"uid":"2684023715",
"parent":"zd3iLoedn",
"text":"爬哟，我最喜欢喝这个！",
"mid":"zd3uWEh1O",
"date":"2013-01-05 14:29:55"
},
{
"kids":[
"zd3w0hKwf"
],
"uid":"2363695837",
"parent":"",
"text":"",
"mid":"zd3uOFxAm",
"date":"2013-01-05 14:29:37"
},
{
"kids":[],
"uid":"1826038260",
"parent":"zd3oJFIQg",
"text":"以后不喝了",
"mid":"zd3uGa0J7",
"date":"2013-01-05 14:29:16"
},
{
"kids":[],
"uid":"xuxiangyang0519",
"parent":"",
"text":"",
"mid":"zd3tECBmq",
"date":"2013-01-05 14:26:44"
},
{
"kids":[
"zd4iEFM3F"
],
"uid":"128rh2",
"parent":"",
"text":"造谣吧，有本事拿国内的饮料也检测一下，还有国内的农副产品~估计都要去买特供",
"mid":"zd3tsa6fV",
"date":"2013-01-05 14:26:15"
},
{
"kids":[],
"uid":"2132903067",
"parent":"",
"text":"",
"mid":"zd3sTBhhU",
"date":"2013-01-05 14:24:52"
},
{
"kids":[],
"uid":"2282303024",
"parent":"",
"text":"@陈颖薇",
"mid":"zd3sojlvk",
"date":"2013-01-05 14:23:36"
},
{
"kids":[],
"uid":"2084153515",
"parent":"",
"text":"还是喝普洱茶安全点",
"mid":"zd3s8kwfu",
"date":"2013-01-05 14:23:00"
},
{
"kids":[],
"uid":"huanlexinxinma",
"parent":"",
"text":"[怒]",
"mid":"zd3rCqLey",
"date":"2013-01-05 14:21:44"
},
{
"kids":[],
"uid":"2839594335",
"parent":"zd3hHcCOl",
"text":"这个须注意啦",
"mid":"zd3r2499Y",
"date":"2013-01-05 14:20:16"
},
{
"kids":[],
"uid":"1821023203",
"parent":"zd3n593it",
"text":"[衰][衰]家里还有一大瓶，要扔了吗？",
"mid":"zd3qWadlc",
"date":"2013-01-05 14:20:00"
},
{
"kids":[],
"uid":"2311625415",
"parent":"",
"text":"",
"mid":"zd3qQibRy",
"date":"2013-01-05 14:19:49"
},
{
"kids":[
"zd6YfyCZx"
],
"uid":"474022117",
"parent":"zd3pvdfXn",
"text":"坑爹的！",
"mid":"zd3qJqWJi",
"date":"2013-01-05 14:19:32"
},
{
"kids":[],
"uid":"2416959861",
"parent":"zd3omh9SP",
"text":"每次喝它的感觉都像火辣的姑娘那么温柔 原来姑娘全是毒药啊",
"mid":"zd3qH5YVK",
"date":"2013-01-05 14:19:28"
},
{
"kids":[
"zpqCnxVSR"
],
"uid":"1670524923",
"parent":"",
"text":"",
"mid":"zd3qBdUty",
"date":"2013-01-05 14:19:12"
},
{
"kids":[],
"uid":"3076236353",
"parent":"",
"text":"[话筒]",
"mid":"zd3qnkthh",
"date":"2013-01-05 14:18:40"
},
{
"kids":[],
"uid":"2799597625",
"parent":"",
"text":"以后不能再喝了。。。",
"mid":"zd3qk30It",
"date":"2013-01-05 14:18:30"
},
{
"kids":[],
"uid":"2440173551",
"parent":"zd3pFwXHc",
"text":"[话筒]",
"mid":"zd3qhpNBs",
"date":"2013-01-05 14:18:24"
},
{
"kids":[],
"uid":"1773080577",
"parent":"",
"text":"亲们，喝白开水相对最安全！@刘曌昭仪 @气泡yuki",
"mid":"zd3qhpNyP",
"date":"2013-01-05 14:18:26"
},
{
"kids":[],
"uid":"2724632891",
"parent":"zd3p2zusd",
"text":"",
"mid":"zd3q7jKd4",
"date":"2013-01-05 14:18:02"
},
{
"kids":[],
"uid":"mengmengzhang",
"parent":"zd3oT5lp3",
"text":"eason傻了！让你代言！",
"mid":"zd3pW6NcW",
"date":"2013-01-05 14:17:33"
},
{
"kids":[
"zd445Dx44",
"zd3IOgilY",
"zd3qhpNBs"
],
"uid":"2690518001",
"parent":"zd3o1kulB",
"text":"[右哼哼]",
"mid":"zd3pFwXHc",
"date":"2013-01-05 14:16:56"
},
{
"kids":[],
"uid":"1812077867",
"parent":"zd3okuFVV",
"text":"",
"mid":"zd3pDbZBA",
"date":"2013-01-05 14:16:48"
},
{
"kids":[
"zd4M24C3E",
"zd3qJqWJi"
],
"uid":"2767651125",
"parent":"",
"text":"我靠，以后他妈的还能不能吃点东西喝点饮料了。",
"mid":"zd3pvdfXn",
"date":"2013-01-05 14:16:31"
},
{
"kids":[],
"uid":"2185608402",
"parent":"",
"text":"",
"mid":"zd3puk0XG",
"date":"2013-01-05 14:16:29"
},
{
"kids":[
"zd3Za7gBo",
"zd3q7jKd4"
],
"uid":"emcocn",
"parent":"",
"text":"",
"mid":"zd3p2zusd",
"date":"2013-01-05 14:15:23"
},
{
"kids":[
"zd3pW6NcW"
],
"uid":"xiaoyingchao",
"parent":"",
"text":"我说我最近怎么觉得脑袋反应迟钝呢@make_朱晓旭 @面皮找馅 @王二车娜花 @Missjelly-liu @窗边的小马扎 @考拉萌萌 让你们喝！",
"mid":"zd3oT5lp3",
"date":"2013-01-05 14:14:59"
},
{
"kids":[],
"uid":"2991089600",
"parent":"",
"text":"",
"mid":"zd3oNcvdh",
"date":"2013-01-05 14:14:46"
},
{
"kids":[
"zd3uGa0J7"
],
"uid":"1163764133",
"parent":"",
"text":"[怒][怒][怒]",
"mid":"zd3oJFIQg",
"date":"2013-01-05 14:14:38"
},
{
"kids":[],
"uid":"2673293323",
"parent":"",
"text":"",
"mid":"zd3oHzs1n",
"date":"2013-01-05 14:14:32"
},
{
"kids":[],
"uid":"milu940816",
"parent":"zd3it6ZR3",
"text":"进朱者黑，唉",
"mid":"zd3oAcTrQ",
"date":"2013-01-05 14:14:14"
},
{
"kids":[
"zdyLiuFHE",
"zdaQazHKt"
],
"uid":"2645726134",
"parent":"",
"text":"看来没啥不毒了。",
"mid":"zd3oo7yK9",
"date":"2013-01-05 14:13:47"
},
{
"kids":[
"zd6OU73gE",
"zd3qH5YVK"
],
"uid":"cinderlst",
"parent":"zd3nOlUtx",
"text":"我说我这两天怎么头疼……看来地沟油还算是健康的啊………",
"mid":"zd3omh9SP",
"date":"2013-01-05 14:13:42"
},
{
"kids":[
"zd3pDbZBA"
],
"uid":"1808061682",
"parent":"",
"text":"",
"mid":"zd3okuFVV",
"date":"2013-01-05 14:13:37"
},
{
"kids":[
"zd3pFwXHc"
],
"uid":"2411213091",
"parent":"",
"text":"",
"mid":"zd3o1kulB",
"date":"2013-01-05 14:12:51"
},
{
"kids":[],
"uid":"1679283752",
"parent":"",
"text":"",
"mid":"zd3nSs6Nl",
"date":"2013-01-05 14:12:30"
},
{
"kids":[
"zd3omh9SP"
],
"uid":"2620348651",
"parent":"",
"text":"@辣干妈 @安静的游来游去 那天刚喝……[衰]",
"mid":"zd3nOlUtx",
"date":"2013-01-05 14:12:19"
},
{
"kids":[
"zd3vWpkd2",
"zd3qWadlc"
],
"uid":"1792848840",
"parent":"",
"text":"",
"mid":"zd3n593it",
"date":"2013-01-05 14:10:33"
},
{
"kids":[],
"uid":"537312393",
"parent":"",
"text":"",
"mid":"zd3n4vB3a",
"date":"2013-01-05 14:10:30"
},
{
"kids":[],
"uid":"3167846083",
"parent":"",
"text":"",
"mid":"zd3n0mJ17",
"date":"2013-01-05 14:10:22"
},
{
"kids":[],
"uid":"2088384510",
"parent":"",
"text":"",
"mid":"zd3mIlaa4",
"date":"2013-01-05 14:09:37"
},
{
"kids":[],
"uid":"2998731465",
"parent":"",
"text":"",
"mid":"zd3mI3yYl",
"date":"2013-01-05 14:09:38"
},
{
"kids":[],
"uid":"2834186250",
"parent":"",
"text":"",
"mid":"zd3mtzeom",
"date":"2013-01-05 14:09:02"
},
{
"kids":[],
"uid":"2003042575",
"parent":"",
"text":"@小可爱妈妈爱你 @神灯里的灯神 @剉冰0122 @白小白21 @小格子0127 @14号的地盘 @婧婧总是莫名发烧 @冒充小桌子 @小个175",
"mid":"zd3mqn541",
"date":"2013-01-05 14:08:56"
},
{
"kids":[],
"uid":"1891510660",
"parent":"",
"text":"晕死！我喝了不少。难怪记忆力不断减退。",
"mid":"zd3mhv4wO",
"date":"2013-01-05 14:08:35"
},
{
"kids":[
"zd52FmjIY"
],
"uid":"2693033997",
"parent":"zd3iRCuDu",
"text":"",
"mid":"zd3m0BBUu",
"date":"2013-01-05 14:07:53"
},
{
"kids":[],
"uid":"zhou001215",
"parent":"zd3iBlpgw",
"text":"喝不得这个了@玲玲330 @--小玉儿-- @尛尛尛Gabby @小莺莺妈咪 @露小妹-- @岑婷TT @戴馨怡findanewlife @HUANGQ1AN @刘白白在卖萌 @小_雨祸 @柚柚地",
"mid":"zd3lUoF2Y",
"date":"2013-01-05 14:07:40"
},
{
"kids":[],
"uid":"1659176932",
"parent":"",
"text":"",
"mid":"zd3lNjaun",
"date":"2013-01-05 14:07:23"
},
{
"kids":[],
"uid":"2150306654",
"parent":"",
"text":"",
"mid":"zd3lge4X2",
"date":"2013-01-05 14:06:03"
},
{
"kids":[],
"uid":"2735411875",
"parent":"",
"text":"对外企的新一轮扫荡",
"mid":"zd3kUCRKh",
"date":"2013-01-05 14:05:11"
},
{
"kids":[],
"uid":"2400438753",
"parent":"",
"text":"",
"mid":"zd3kP4PW0",
"date":"2013-01-05 14:04:58"
},
{
"kids":[],
"uid":"2912373935",
"parent":"",
"text":"喝可乐等于喝农药，孩子们不能再喝可乐啦！@我是动漫史努比控",
"mid":"zd3kLcnzC",
"date":"2013-01-05 14:04:49"
},
{
"kids":[
"zdcFvoynj"
],
"uid":"2949817373",
"parent":"",
"text":"@冉冉升起19821031",
"mid":"zd3kJshP0",
"date":"2013-01-05 14:04:45"
},
{
"kids":[],
"uid":"1970879647",
"parent":"zd3jH06cT",
"text":"",
"mid":"zd3kH3wbN",
"date":"2013-01-05 14:04:39"
},
{
"kids":[],
"uid":"2428155817",
"parent":"",
"text":"我靠，请严惩",
"mid":"zd3k8uDkt",
"date":"2013-01-05 14:03:18"
},
{
"kids":[
"zd3Ja8pNE"
],
"uid":"3087325211",
"parent":"zd3hHcCOl",
"text":"转起来！",
"mid":"zd3k68WOo",
"date":"2013-01-05 14:03:13"
},
{
"kids":[],
"uid":"2192517810",
"parent":"zd3iRCuDu",
"text":"港澳人小心﹗﹗﹗",
"mid":"zd3jWnIPh",
"date":"2013-01-05 14:02:49"
},
{
"kids":[],
"uid":"shiqiao1221",
"parent":"zd3iRCuDu",
"text":"",
"mid":"zd3jUzrWe",
"date":"2013-01-05 14:02:45"
},
{
"kids":[],
"uid":"1613661155",
"parent":"",
"text":"卧槽。我刚喝，",
"mid":"zd3jNclWz",
"date":"2013-01-05 14:02:24"
},
{
"kids":[
"zd3vJaYmQ",
"zd3kH3wbN"
],
"uid":"2632445212",
"parent":"",
"text":"@列那文",
"mid":"zd3jH06cT",
"date":"2013-01-05 14:02:12"
},
{
"kids":[],
"uid":"2052265722",
"parent":"",
"text":"",
"mid":"zd3j9kTIs",
"date":"2013-01-05 14:00:52"
},
{
"kids":[
"zd5xombSE",
"zd5xblwzD"
],
"uid":"baixiong1978",
"parent":"",
"text":"",
"mid":"zd3j8th6y",
"date":"2013-01-05 14:00:49"
},
{
"kids":[],
"uid":"1792017553",
"parent":"",
"text":"@猫小姐S",
"mid":"zd3j89BuC",
"date":"2013-01-05 14:00:50"
},
{
"kids":[],
"uid":"2113408073",
"parent":"zd3hHcCOl",
"text":"",
"mid":"zd3j7gmsw",
"date":"2013-01-05 14:00:47"
},
{
"kids":[
"zd3ve5Tda"
],
"uid":"3093149197",
"parent":"zd3hHcCOl",
"text":"",
"mid":"zd3j70PgC",
"date":"2013-01-05 14:00:46"
},
{
"kids":[],
"uid":"2467941433",
"parent":"",
"text":"吃的、喝的、用的都有问题，危险如影随从慢慢的弄死小百姓。。。",
"mid":"zd3j3pN3W",
"date":"2013-01-05 14:00:38"
},
{
"kids":[],
"uid":"3062912055",
"parent":"zd3hHcCOl",
"text":"",
"mid":"zd3iXdxgK",
"date":"2013-01-05 14:00:23"
},
{
"kids":[],
"uid":"2337732383",
"parent":"",
"text":"",
"mid":"zd3iWkHpq",
"date":"2013-01-05 14:00:20"
},
{
"kids":[
"zd3m0BBUu",
"zd3jWnIPh",
"zd3jUzrWe"
],
"uid":"2971676875",
"parent":"zd3it6ZR3",
"text":"[话筒][话筒][话筒]",
"mid":"zd3iRCuDu",
"date":"2013-01-05 14:00:10"
},
{
"kids":[],
"uid":"login2sap",
"parent":"zd3hHcCOl",
"text":"",
"mid":"zd3iLoedo",
"date":"2013-01-05 13:59:55"
},
{
"kids":[
"zd3uWEh1O"
],
"uid":"1463999513",
"parent":"",
"text":"",
"mid":"zd3iLoedn",
"date":"2013-01-05 13:59:55"
},
{
"kids":[
"zd3lUoF2Y"
],
"uid":"ladybuyi",
"parent":"",
"text":"........果粒橙居然是可口可乐公司的........",
"mid":"zd3iBlpgw",
"date":"2013-01-05 13:59:31"
},
{
"kids":[
"zd3oAcTrQ",
"zd3iRCuDu"
],
"uid":"1304071184",
"parent":"",
"text":"@风火猪猪侠Ramon_Zhang",
"mid":"zd3it6ZR3",
"date":"2013-01-05 13:59:11"
},
{
"kids":[
"zd4V1FkTl"
],
"uid":"2725940501",
"parent":"",
"text":"",
"mid":"zd3i3457P",
"date":"2013-01-05 13:58:09"
},
{
"kids":[],
"uid":"hqh7777",
"parent":"",
"text":"右边原来是个213",
"mid":"zd3hXr1N1",
"date":"2013-01-05 13:57:56"
},
{
"kids":[
"zd3BlwFTg"
],
"uid":"2320510322",
"parent":"zd3gS6mNo",
"text":"",
"mid":"zd3hUtHty",
"date":"2013-01-05 13:57:49"
},
{
"kids":[],
"uid":"2155389727",
"parent":"",
"text":"",
"mid":"zd3hS8H4W",
"date":"2013-01-05 13:57:43"
},
{
"kids":[],
"uid":"2467941433",
"parent":"",
"text":"",
"mid":"zd3hQD8a9",
"date":"2013-01-05 13:57:41"
},
{
"kids":[],
"uid":"1874403280",
"parent":"",
"text":"唉……幸好我不喝……",
"mid":"zd3hImMVX",
"date":"2013-01-05 13:57:18"
},
{
"kids":[
"zd6GTl6Qr",
"zd4i1kKHy",
"zd4h2eeif",
"zd3A1mjO2",
"zd3zmhObZ",
"zd3r2499Y",
"zd3k68WOo",
"zd3j7gmsw",
"zd3j70PgC",
"zd3iXdxgK",
"zd3iLoedo"
],
"uid":"yangchengping9",
"parent":"",
"text":"这个必须转",
"mid":"zd3hHcCOl",
"date":"2013-01-05 13:57:15"
},
{
"kids":[],
"uid":"1410808417",
"parent":"",
"text":"",
"mid":"zd3hF7RpN",
"date":"2013-01-05 13:57:12"
},
{
"kids":[],
"uid":"1975147232",
"parent":"",
"text":"中国人都铁打的",
"mid":"zd3gWxMwq",
"date":"2013-01-05 13:55:27"
},
{
"kids":[],
"uid":"zhangting8424",
"parent":"",
"text":"@cloris王岭",
"mid":"zd3gUtGPe",
"date":"2013-01-05 13:55:21"
},
{
"kids":[
"zd3hUtHty"
],
"uid":"2795126437",
"parent":"",
"text":"国内外没有，当做维生素[哈哈]",
"mid":"zd3gS6mNo",
"date":"2013-01-05 13:55:15"
},
{
"kids":[],
"uid":"aptx1995",
"parent":"",
"text":"。。。。[衰]",
"mid":"zd3gQlvkA",
"date":"2013-01-05 13:55:11"
},
{
"kids":[],
"uid":"2540187454",
"parent":"",
"text":"",
"mid":"zd3gN3bgc",
"date":"2013-01-05 13:55:03"
},
{
"kids":[],
"uid":"1745127561",
"parent":"",
"text":"",
"mid":"zd3gzuJ0p",
"date":"2013-01-05 13:54:31"
},
{
"kids":[],
"uid":"2604356745",
"parent":"",
"text":"",
"mid":"zd3gyhdT1",
"date":"2013-01-05 13:54:29"
},
{
"kids":[],
"uid":"mcsir1988",
"parent":"",
"text":"天朝威武。人民命大。",
"mid":"zd3gd2MYe",
"date":"2013-01-05 13:53:36"
},
{
"kids":[],
"uid":"1921626297",
"parent":"",
"text":"",
"mid":"zd3gbvQFe",
"date":"2013-01-05 13:53:34"
},
{
"kids":[],
"uid":"3080642794",
"parent":"",
"text":"美国不是好东西",
"mid":"zd3fDxUfI",
"date":"2013-01-05 13:52:13"
},
{
"kids":[],
"uid":"3196802931",
"parent":"",
"text":"",
"mid":"zd3fwaO6O",
"date":"2013-01-05 13:51:55"
}
]