[
{
"kids":[],
"uid":"2940439161",
"parent":"ywG79ijnQ",
"text":"",
"mid":"z8tJEjIXL",
"date":"2012-12-06 12:06:02"
},
{
"kids":[],
"uid":"210108606",
"parent":"",
"text":"！这是什么意思？",
"mid":"yx23bsf0m",
"date":"2012-08-14 00:50:30"
},
{
"kids":[],
"uid":"2127875884",
"parent":"",
"text":"[吃惊][吃惊][吃惊]",
"mid":"ywSsRD5hD",
"date":"2012-08-13 00:26:22"
},
{
"kids":[],
"uid":"2388660601",
"parent":"",
"text":"真的吗？没看到有官方报道啊。[哈哈]@o黄仔o@以勤修为 @西子湖畔到天涯 @辉哥驿站 @小钧他妈@小钧他爸 @大头凡九头身 @朴树baba  @xixi2011haha @海阔天空-向前行 @绍谦绍谦@铃铛儿1314@分青晕",
"mid":"ywRW9mHqG",
"date":"2012-08-12 23:05:46"
},
{
"kids":[],
"uid":"fyd0558",
"parent":"",
"text":"",
"mid":"ywQAB60he",
"date":"2012-08-12 19:39:53"
},
{
"kids":[],
"uid":"2292641505",
"parent":"ywNnhBXeJ",
"text":"求辟谣",
"mid":"ywQkmB4CV",
"date":"2012-08-12 18:59:55"
},
{
"kids":[],
"uid":"2153931687",
"parent":"ywNiUBDzU",
"text":"",
"mid":"ywPc3fkh9",
"date":"2012-08-12 16:06:41"
},
{
"kids":[],
"uid":"63728305",
"parent":"ywNXKoKMj",
"text":"",
"mid":"ywOxwF78y",
"date":"2012-08-12 14:26:52"
},
{
"kids":[],
"uid":"1909933803",
"parent":"ywNmmykgA",
"text":"",
"mid":"ywOrmkYYy",
"date":"2012-08-12 14:11:40"
},
{
"kids":[],
"uid":"1799559134",
"parent":"ywOhagl2q",
"text":"求辟谣。",
"mid":"ywOpzt9JL",
"date":"2012-08-12 14:07:17"
},
{
"kids":[],
"uid":"1806856690",
"parent":"ywMUV8Pk9",
"text":"",
"mid":"ywOofk1AD",
"date":"2012-08-12 14:04:00"
},
{
"kids":[],
"uid":"1930086211",
"parent":"",
"text":"咱们那个老百姓啊",
"mid":"ywOlXx5vC",
"date":"2012-08-12 13:58:22"
},
{
"kids":[
"ywOpzt9JL"
],
"uid":"2648930251",
"parent":"",
"text":"",
"mid":"ywOhagl2q",
"date":"2012-08-12 13:46:33"
},
{
"kids":[],
"uid":"2265959882",
"parent":"",
"text":"",
"mid":"ywOdq0s3Z",
"date":"2012-08-12 13:37:17"
},
{
"kids":[],
"uid":"1780794353",
"parent":"ywJntdG4V",
"text":"英雄",
"mid":"ywO49z5FM",
"date":"2012-08-12 13:14:30"
},
{
"kids":[],
"uid":"2708919450",
"parent":"ywJz9bBO1",
"text":"系米真嘎[可怜]",
"mid":"ywO2X5bPL",
"date":"2012-08-12 13:11:33"
},
{
"kids":[],
"uid":"1647944064",
"parent":"",
"text":"真的假的？",
"mid":"ywO0SfQuV",
"date":"2012-08-12 13:06:25"
},
{
"kids":[],
"uid":"2012953323",
"parent":"ywMZdkQxw",
"text":"继续求证！",
"mid":"ywNZJ3PB4",
"date":"2012-08-12 13:03:36"
},
{
"kids":[],
"uid":"1959064867",
"parent":"",
"text":"我靠，这都可以，警察局门口",
"mid":"ywNZ5a04m",
"date":"2012-08-12 13:02:00"
},
{
"kids":[
"ywOxwF78y"
],
"uid":"1850447165",
"parent":"",
"text":"[围观]",
"mid":"ywNXKoKMj",
"date":"2012-08-12 12:58:43"
},
{
"kids":[],
"uid":"1078323185",
"parent":"",
"text":"[鼓掌]",
"mid":"ywNVGtlsR",
"date":"2012-08-12 12:53:38"
},
{
"kids":[],
"uid":"2658303767",
"parent":"ywNnaePvk",
"text":"防不胜防",
"mid":"ywNUKhbbj",
"date":"2012-08-12 12:51:19"
},
{
"kids":[],
"uid":"2045673417",
"parent":"ywJfOkZ7l",
"text":"",
"mid":"ywNTw0uPv",
"date":"2012-08-12 12:48:17"
},
{
"kids":[],
"uid":"2818064581",
"parent":"ywNnxyKBt",
"text":"真的还是假的？",
"mid":"ywNQlw24T",
"date":"2012-08-12 12:40:28"
},
{
"kids":[],
"uid":"1406173014",
"parent":"ywNnCizST",
"text":"",
"mid":"ywNMDDKtX",
"date":"2012-08-12 12:31:19"
},
{
"kids":[],
"uid":"2669642207",
"parent":"",
"text":"",
"mid":"ywNMaopRt",
"date":"2012-08-12 12:30:11"
},
{
"kids":[],
"uid":"2271245972",
"parent":"ywKzbx0N4",
"text":"[吃惊][吃惊][衰]",
"mid":"ywNM8yLrA",
"date":"2012-08-12 12:30:07"
},
{
"kids":[],
"uid":"2252006441",
"parent":"ywNl3BArW",
"text":"有什么目的呢？",
"mid":"ywNIjkzLa",
"date":"2012-08-12 12:20:40"
},
{
"kids":[],
"uid":"1805704197",
"parent":"ywNDUfXd3",
"text":"",
"mid":"ywNIe0JGa",
"date":"2012-08-12 12:20:27"
},
{
"kids":[],
"uid":"1101086541",
"parent":"",
"text":"",
"mid":"ywNGV1JUZ",
"date":"2012-08-12 12:17:14"
},
{
"kids":[],
"uid":"1864973827",
"parent":"",
"text":"",
"mid":"ywNGyAiAa",
"date":"2012-08-12 12:16:22"
},
{
"kids":[],
"uid":"1087434497",
"parent":"",
"text":"求真相",
"mid":"ywNEzEYH4",
"date":"2012-08-12 12:11:28"
},
{
"kids":[],
"uid":"2415746105",
"parent":"",
"text":"@爱美丽-X",
"mid":"ywNEqsEdl",
"date":"2012-08-12 12:11:07"
},
{
"kids":[
"ywNIe0JGa"
],
"uid":"1831639454",
"parent":"",
"text":"",
"mid":"ywNDUfXd3",
"date":"2012-08-12 12:09:50"
},
{
"kids":[],
"uid":"tanqifeng",
"parent":"",
"text":"",
"mid":"ywNDcgHDb",
"date":"2012-08-12 12:08:05"
},
{
"kids":[],
"uid":"2270136165",
"parent":"ywNjUqaJO",
"text":"",
"mid":"ywNBGhdEw",
"date":"2012-08-12 12:04:21"
},
{
"kids":[],
"uid":"2372906200",
"parent":"ywNjV1OGh",
"text":"",
"mid":"ywNBdkBpB",
"date":"2012-08-12 12:03:10"
},
{
"kids":[],
"uid":"wuhb",
"parent":"ywNkn3kw1",
"text":"",
"mid":"ywNxbjRen",
"date":"2012-08-12 11:53:16"
},
{
"kids":[],
"uid":"2087091117",
"parent":"ywNnCizST",
"text":"",
"mid":"ywNwcsVBF",
"date":"2012-08-12 11:50:50"
},
{
"kids":[],
"uid":"2631840381",
"parent":"",
"text":"转发微博。",
"mid":"ywNw8lvrC",
"date":"2012-08-12 11:50:42"
},
{
"kids":[],
"uid":"1976603727",
"parent":"",
"text":"坐等官方说是PS的",
"mid":"ywNtAx2lw",
"date":"2012-08-12 11:44:25"
},
{
"kids":[],
"uid":"527938678",
"parent":"",
"text":"",
"mid":"ywNtybllN",
"date":"2012-08-12 11:44:19"
},
{
"kids":[],
"uid":"kanchai2010",
"parent":"",
"text":"回复@laser:辟谣。",
"mid":"ywNsdrrYt",
"date":"2012-08-12 11:41:01"
},
{
"kids":[],
"uid":"chenxuankai",
"parent":"ywNiUBDzU",
"text":"昨天上午传的谣，昨天下午辟的谣。你说都今天中午了，你还求证个啥？转发前连搜个网都不会，访民如何放心让你打维权官司啊！唉…",
"mid":"ywNrF87JT",
"date":"2012-08-12 11:39:39"
},
{
"kids":[],
"uid":"dtrmw",
"parent":"",
"text":"",
"mid":"ywNroz239",
"date":"2012-08-12 11:39:01"
},
{
"kids":[],
"uid":"2003137817",
"parent":"",
"text":"",
"mid":"ywNqzdt6Z",
"date":"2012-08-12 11:36:58"
},
{
"kids":[],
"uid":"2854944284",
"parent":"",
"text":"谁会平白无故去搞爆炸？",
"mid":"ywNqhtrFv",
"date":"2012-08-12 11:36:15"
},
{
"kids":[],
"uid":"1861655674",
"parent":"ywNnxyKBt",
"text":"针对警察下手，我相信案件有前传，才有这件案[酷]",
"mid":"ywNpcmANM",
"date":"2012-08-12 11:33:35"
},
{
"kids":[],
"uid":"2306900232",
"parent":"",
"text":"求证",
"mid":"ywNoz5T8s",
"date":"2012-08-12 11:32:01"
},
{
"kids":[],
"uid":"2693033997",
"parent":"ywNn093SU",
"text":"这个微博是昨天就有的。",
"mid":"ywNo8b6vL",
"date":"2012-08-12 11:30:58"
},
{
"kids":[],
"uid":"312187888",
"parent":"",
"text":"真相",
"mid":"ywNnG9TL1",
"date":"2012-08-12 11:29:50"
},
{
"kids":[],
"uid":"1113713111",
"parent":"ywNn093SU",
"text":"",
"mid":"ywNnDcyRQ",
"date":"2012-08-12 11:29:45"
},
{
"kids":[
"ywNMDDKtX",
"ywNwcsVBF"
],
"uid":"2100051692",
"parent":"ywNjUqaJO",
"text":"/爆破高手、为什么这样狠人民警察?[good]/@北京童木:",
"mid":"ywNnCizST",
"date":"2012-08-12 11:29:42"
},
{
"kids":[
"ywNQlw24T",
"ywNpcmANM"
],
"uid":"qiuqiutaba",
"parent":"",
"text":"",
"mid":"ywNnxyKBt",
"date":"2012-08-12 11:29:31"
},
{
"kids":[
"ywQkmB4CV"
],
"uid":"patrickpun",
"parent":"ywNmmykgA",
"text":"",
"mid":"ywNnhBXeJ",
"date":"2012-08-12 11:28:53"
},
{
"kids":[],
"uid":"1098303230",
"parent":"ywNn093SU",
"text":"怎么说？",
"mid":"ywNnbpG3h",
"date":"2012-08-12 11:28:37"
},
{
"kids":[
"ywNUKhbbj"
],
"uid":"712367955",
"parent":"ywNm9ADyx",
"text":"不是吧！",
"mid":"ywNnaePvk",
"date":"2012-08-12 11:28:35"
},
{
"kids":[],
"uid":"1909267405",
"parent":"",
"text":"",
"mid":"ywNn8aJOh",
"date":"2012-08-12 11:28:30"
},
{
"kids":[
"ywNo8b6vL",
"ywNnDcyRQ",
"ywNnbpG3h"
],
"uid":"2478810261",
"parent":"ywNmy4J6j",
"text":"官方已经辟谣了。",
"mid":"ywNn093SU",
"date":"2012-08-12 11:28:11"
},
{
"kids":[
"ywNn093SU"
],
"uid":"2151151770",
"parent":"ywNm9ADyx",
"text":"求真相",
"mid":"ywNmy4J6j",
"date":"2012-08-12 11:27:04"
},
{
"kids":[],
"uid":"huluwangyang",
"parent":"ywNlfFQtr",
"text":"",
"mid":"ywNmt3kbW",
"date":"2012-08-12 11:26:52"
},
{
"kids":[
"ywOrmkYYy",
"ywNnhBXeJ"
],
"uid":"ranguang",
"parent":"ywNkn3kw1",
"text":"求辟谣",
"mid":"ywNmmykgA",
"date":"2012-08-12 11:26:37"
},
{
"kids":[
"ywNnaePvk",
"ywNmy4J6j"
],
"uid":"1098303230",
"parent":"ywNbZgTP5",
"text":"求证！！！",
"mid":"ywNm9ADyx",
"date":"2012-08-12 11:26:06"
},
{
"kids":[],
"uid":"liucunke",
"parent":"",
"text":"",
"mid":"ywNlWh0mS",
"date":"2012-08-12 11:25:34"
},
{
"kids":[],
"uid":"cangtianbaineizhang",
"parent":"ywNlfFQtr",
"text":"?",
"mid":"ywNlHcgv7",
"date":"2012-08-12 11:24:58"
},
{
"kids":[],
"uid":"1781460022",
"parent":"",
"text":"",
"mid":"ywNlqBTm7",
"date":"2012-08-12 11:24:19"
},
{
"kids":[
"ywNmt3kbW",
"ywNlHcgv7"
],
"uid":"1810936452",
"parent":"ywNaDnEIi",
"text":"",
"mid":"ywNlfFQtr",
"date":"2012-08-12 11:23:53"
},
{
"kids":[],
"uid":"milansusu",
"parent":"ywNkn3kw1",
"text":"求辟谣…",
"mid":"ywNl557Np",
"date":"2012-08-12 11:23:27"
},
{
"kids":[
"ywNIjkzLa"
],
"uid":"jjsdd",
"parent":"ywNiUBDzU",
"text":"早已辟谣",
"mid":"ywNl3BArW",
"date":"2012-08-12 11:23:24"
},
{
"kids":[
"ywNxbjRen",
"ywNmmykgA",
"ywNl557Np"
],
"uid":"nlyw88",
"parent":"",
"text":"看不出真假，不评",
"mid":"ywNkn3kw1",
"date":"2012-08-12 11:21:42"
},
{
"kids":[],
"uid":"2346017925",
"parent":"ywNiUBDzU",
"text":"[思考]官方说假的，追查发帖者？",
"mid":"ywNjWrqUc",
"date":"2012-08-12 11:20:39"
},
{
"kids":[
"ywNBdkBpB"
],
"uid":"wuyoushui",
"parent":"ywNiUBDzU",
"text":"安徽警方已经出来辟谣了：说压根没这么回事发生[亲亲]，目前正在追究相关发贴人员的法律责任。",
"mid":"ywNjV1OGh",
"date":"2012-08-12 11:20:34"
},
{
"kids":[
"ywNBGhdEw",
"ywNnCizST"
],
"uid":"atomxue",
"parent":"",
"text":"",
"mid":"ywNjUqaJO",
"date":"2012-08-12 11:20:34"
},
{
"kids":[],
"uid":"1077417173",
"parent":"ywNiUBDzU",
"text":"求证？",
"mid":"ywNjkEx2a",
"date":"2012-08-12 11:19:09"
},
{
"kids":[],
"uid":"2519137557",
"parent":"",
"text":"终于开始了。",
"mid":"ywNiXyXte",
"date":"2012-08-12 11:18:14"
},
{
"kids":[
"ywPc3fkh9",
"ywNrF87JT",
"ywNl3BArW",
"ywNjWrqUc",
"ywNjV1OGh",
"ywNjkEx2a"
],
"uid":"1670363364",
"parent":"",
"text":"求证",
"mid":"ywNiUBDzU",
"date":"2012-08-12 11:18:07"
},
{
"kids":[],
"uid":"1667357790",
"parent":"ywNhBEEL5",
"text":"这个！",
"mid":"ywNisfHsc",
"date":"2012-08-12 11:16:58"
},
{
"kids":[],
"uid":"2609961031",
"parent":"ywNanrebZ",
"text":"这应该是昨天的事，不是今天。",
"mid":"ywNhQ8nt6",
"date":"2012-08-12 11:15:28"
},
{
"kids":[
"ywNisfHsc"
],
"uid":"2609961031",
"parent":"ywNanrebZ",
"text":"",
"mid":"ywNhBEEL5",
"date":"2012-08-12 11:14:54"
},
{
"kids":[],
"uid":"2562089185",
"parent":"",
"text":"",
"mid":"ywNhne6BZ",
"date":"2012-08-12 11:14:19"
},
{
"kids":[],
"uid":"1686993372",
"parent":"",
"text":"[din转转]",
"mid":"ywNgsbc7S",
"date":"2012-08-12 11:12:02"
},
{
"kids":[],
"uid":"1790297183",
"parent":"",
"text":"/发明者沈保民:",
"mid":"ywNgokC33",
"date":"2012-08-12 11:11:54"
},
{
"kids":[],
"uid":"1170604807",
"parent":"",
"text":"",
"mid":"ywNgo3Ia4",
"date":"2012-08-12 11:11:53"
},
{
"kids":[],
"uid":"2292408727",
"parent":"",
"text":"",
"mid":"ywNgb1Tje",
"date":"2012-08-12 11:11:22"
},
{
"kids":[],
"uid":"1959101553",
"parent":"ywNanrebZ",
"text":"",
"mid":"ywNg58QvT",
"date":"2012-08-12 11:11:09"
},
{
"kids":[],
"uid":"1909206530",
"parent":"",
"text":"",
"mid":"ywNg2t6Jx",
"date":"2012-08-12 11:11:00"
},
{
"kids":[],
"uid":"2831808470",
"parent":"",
"text":"",
"mid":"ywNeOx9yy",
"date":"2012-08-12 11:08:00"
},
{
"kids":[],
"uid":"2122260267",
"parent":"ywNcTaQXf",
"text":"什么情况？",
"mid":"ywNempd5o",
"date":"2012-08-12 11:06:52"
},
{
"kids":[],
"uid":"freeor",
"parent":"",
"text":"[疑问]",
"mid":"ywNdqfETY",
"date":"2012-08-12 11:04:35"
},
{
"kids":[
"ywNempd5o"
],
"uid":"1575364637",
"parent":"ywNaDnEIi",
"text":"",
"mid":"ywNcTaQXf",
"date":"2012-08-12 11:03:15"
},
{
"kids":[
"ywNm9ADyx"
],
"uid":"2478810261",
"parent":"ywNanrebZ",
"text":"求证！[吃惊]",
"mid":"ywNbZgTP5",
"date":"2012-08-12 11:01:03"
},
{
"kids":[],
"uid":"2319510284",
"parent":"ywMVl9bJk",
"text":"",
"mid":"ywNbwDmwz",
"date":"2012-08-12 10:59:55"
},
{
"kids":[
"ywNlfFQtr",
"ywNcTaQXf"
],
"uid":"1790597197",
"parent":"ywNanrebZ",
"text":"",
"mid":"ywNaDnEIi",
"date":"2012-08-12 10:57:43"
},
{
"kids":[
"ywNhQ8nt6",
"ywNhBEEL5",
"ywNg58QvT",
"ywNbZgTP5",
"ywNaDnEIi"
],
"uid":"2451721392",
"parent":"",
"text":"",
"mid":"ywNanrebZ",
"date":"2012-08-12 10:57:04"
},
{
"kids":[],
"uid":"lry6688",
"parent":"ywMAYvdWv",
"text":"",
"mid":"ywN8XE9Bn",
"date":"2012-08-12 10:53:36"
},
{
"kids":[],
"uid":"2606874603",
"parent":"ywMUTkP3P",
"text":"关注！",
"mid":"ywN5B1Vay",
"date":"2012-08-12 10:45:18"
},
{
"kids":[],
"uid":"1649221501",
"parent":"ywMVl9bJk",
"text":"出门右拐了",
"mid":"ywN5ykV3I",
"date":"2012-08-12 10:45:12"
},
{
"kids":[],
"uid":"2104245427",
"parent":"",
"text":"",
"mid":"ywN5y5GGF",
"date":"2012-08-12 10:45:11"
},
{
"kids":[],
"uid":"2139630935",
"parent":"ywN3YiciS",
"text":"",
"mid":"ywN5sqh4H",
"date":"2012-08-12 10:44:58"
},
{
"kids":[
"ywN5sqh4H"
],
"uid":"910771685",
"parent":"ywMVl9bJk",
"text":"回复@laser:Yes",
"mid":"ywN3YiciS",
"date":"2012-08-12 10:41:17"
},
{
"kids":[],
"uid":"2465548301",
"parent":"",
"text":"",
"mid":"ywN3wd4Yo",
"date":"2012-08-12 10:40:11"
},
{
"kids":[],
"uid":"chyiliang",
"parent":"ywLDVBeRD",
"text":"离我家是那么几十公里",
"mid":"ywN2cBzq8",
"date":"2012-08-12 10:36:56"
},
{
"kids":[],
"uid":"2338261585",
"parent":"",
"text":"如果是真的，也太惨忍。警察也是奉命行事，也要养家糊口，要炸也要炸贪官污史",
"mid":"ywN0Ata9G",
"date":"2012-08-12 10:32:58"
},
{
"kids":[],
"uid":"2491675987",
"parent":"ywLDVBeRD",
"text":"哎，越来越动荡，锅佳怎么不来管下",
"mid":"ywMZExdZs",
"date":"2012-08-12 10:30:40"
},
{
"kids":[],
"uid":"2231509350",
"parent":"ywMVl9bJk",
"text":"求辟谣",
"mid":"ywMZiFz9o",
"date":"2012-08-12 10:29:48"
},
{
"kids":[
"ywNZJ3PB4"
],
"uid":"yingnanfd",
"parent":"ywMUV8Pk9",
"text":"",
"mid":"ywMZdkQxw",
"date":"2012-08-12 10:29:35"
},
{
"kids":[],
"uid":"budaixiongxiong",
"parent":"",
"text":"",
"mid":"ywMZb1WYC",
"date":"2012-08-12 10:29:29"
},
{
"kids":[],
"uid":"2869600560",
"parent":"ywMY3eJ1u",
"text":"",
"mid":"ywMYN4gDM",
"date":"2012-08-12 10:28:32"
},
{
"kids":[],
"uid":"1401558523",
"parent":"ywMUV8Pk9",
"text":"已经辟谣",
"mid":"ywMYAn5fL",
"date":"2012-08-12 10:28:02"
},
{
"kids":[],
"uid":"uc50217383",
"parent":"ywMY3eJ1u",
"text":"[哈哈]",
"mid":"ywMYd1cUX",
"date":"2012-08-12 10:27:06"
},
{
"kids":[],
"uid":"zxqwine",
"parent":"ywMVl9bJk",
"text":"城管和警察，死一个少一个",
"mid":"ywMY3wked",
"date":"2012-08-12 10:26:44"
},
{
"kids":[
"ywMYN4gDM",
"ywMYd1cUX"
],
"uid":"1952731211",
"parent":"ywMDB2pOz",
"text":"这个好",
"mid":"ywMY3eJ1u",
"date":"2012-08-12 10:26:43"
},
{
"kids":[],
"uid":"2387890142",
"parent":"",
"text":"又有冤？",
"mid":"ywMXLgdSY",
"date":"2012-08-12 10:25:59"
},
{
"kids":[],
"uid":"1402529460",
"parent":"",
"text":"P是真，不P更真？[偷笑]政府真有喜感",
"mid":"ywMXFkVqa",
"date":"2012-08-12 10:25:46"
},
{
"kids":[],
"uid":"snowwing1013",
"parent":"",
"text":"[衰]",
"mid":"ywMX75VHg",
"date":"2012-08-12 10:24:24"
},
{
"kids":[],
"uid":"528716781",
"parent":"",
"text":"",
"mid":"ywMWDwARg",
"date":"2012-08-12 10:23:13"
},
{
"kids":[],
"uid":"2163121394",
"parent":"ywMUV8Pk9",
"text":"??什么情况。",
"mid":"ywMVJ3zbt",
"date":"2012-08-12 10:20:59"
},
{
"kids":[],
"uid":"517256758",
"parent":"ywMSP8KhF",
"text":"将会更多",
"mid":"ywMVu1cg4",
"date":"2012-08-12 10:20:23"
},
{
"kids":[
"ywNbwDmwz",
"ywN5ykV3I",
"ywN3YiciS",
"ywMZiFz9o",
"ywMY3wked"
],
"uid":"910771685",
"parent":"ywMUV8Pk9",
"text":"[吃惊]@微博辟谣",
"mid":"ywMVl9bJk",
"date":"2012-08-12 10:20:01"
},
{
"kids":[],
"uid":"lvoemmm",
"parent":"",
"text":"",
"mid":"ywMUZ17yK",
"date":"2012-08-12 10:19:08"
},
{
"kids":[
"ywOofk1AD",
"ywMZdkQxw",
"ywMYAn5fL",
"ywMVJ3zbt",
"ywMVl9bJk"
],
"uid":"shichapan",
"parent":"",
"text":"求证？",
"mid":"ywMUV8Pk9",
"date":"2012-08-12 10:19:00"
},
{
"kids":[
"ywN5B1Vay"
],
"uid":"y532",
"parent":"ywMSqzijb",
"text":"",
"mid":"ywMUTkP3P",
"date":"2012-08-12 10:18:56"
},
{
"kids":[],
"uid":"oscarzy911",
"parent":"",
"text":"",
"mid":"ywMTFr3L0",
"date":"2012-08-12 10:15:55"
},
{
"kids":[],
"uid":"1657919634",
"parent":"",
"text":"起来，不愿做奴隶的人们。。。",
"mid":"ywMT2qwLr",
"date":"2012-08-12 10:14:21"
},
{
"kids":[
"ywMVu1cg4"
],
"uid":"1805615101",
"parent":"",
"text":"谣言为何成真 删帖",
"mid":"ywMSP8KhF",
"date":"2012-08-12 10:13:50"
},
{
"kids":[
"ywMUTkP3P"
],
"uid":"gionlau",
"parent":"",
"text":"恶性爆炸事件……",
"mid":"ywMSqzijb",
"date":"2012-08-12 10:12:52"
},
{
"kids":[],
"uid":"2340560867",
"parent":"",
"text":"",
"mid":"ywMQIubPF",
"date":"2012-08-12 10:08:39"
},
{
"kids":[],
"uid":"1914135642",
"parent":"ywK3lEBKZ",
"text":"",
"mid":"ywMO03ZVx",
"date":"2012-08-12 10:01:56"
},
{
"kids":[],
"uid":"2418241720",
"parent":"ywJjP7Dbp",
"text":"@飞花飞雨飞神剑",
"mid":"ywMNWfEb4",
"date":"2012-08-12 10:01:48"
},
{
"kids":[],
"uid":"516867345",
"parent":"",
"text":"",
"mid":"ywMNTxIeX",
"date":"2012-08-12 10:01:42"
},
{
"kids":[],
"uid":"1914135642",
"parent":"",
"text":"哪个是真的？",
"mid":"ywMLjrksx",
"date":"2012-08-12 09:55:20"
},
{
"kids":[],
"uid":"2390951035",
"parent":"",
"text":"有些不可思议，这不是恐怖吗？",
"mid":"ywMIamc8H",
"date":"2012-08-12 09:47:35"
},
{
"kids":[],
"uid":"311468881",
"parent":"ywMEhxc4O",
"text":"[衰]",
"mid":"ywMESd9S3",
"date":"2012-08-12 09:39:28"
},
{
"kids":[
"ywMESd9S3"
],
"uid":"2026294767",
"parent":"ywJmFxltg",
"text":"[吃惊][吃惊]",
"mid":"ywMEhxc4O",
"date":"2012-08-12 09:38:00"
},
{
"kids":[
"ywMY3eJ1u"
],
"uid":"2621248671",
"parent":"",
"text":"[吃惊]出了第二个杨大侠?",
"mid":"ywMDB2pOz",
"date":"2012-08-12 09:36:18"
},
{
"kids":[],
"uid":"1171141060",
"parent":"ywJrmAf6X",
"text":"",
"mid":"ywMDi7Aoc",
"date":"2012-08-12 09:35:34"
},
{
"kids":[],
"uid":"2659421373",
"parent":"ywMAYvdWv",
"text":"",
"mid":"ywMBklUB8",
"date":"2012-08-12 09:30:44"
},
{
"kids":[
"ywN8XE9Bn",
"ywMBklUB8"
],
"uid":"c13121683663",
"parent":"",
"text":"",
"mid":"ywMAYvdWv",
"date":"2012-08-12 09:29:52"
},
{
"kids":[],
"uid":"c13121683663",
"parent":"",
"text":"",
"mid":"ywMzphP0q",
"date":"2012-08-12 09:25:58"
},
{
"kids":[],
"uid":"1693288575",
"parent":"",
"text":"",
"mid":"ywMrVE54L",
"date":"2012-08-12 09:07:34"
},
{
"kids":[],
"uid":"2868321282",
"parent":"ywMiUjKEt",
"text":"",
"mid":"ywMqN4ivz",
"date":"2012-08-12 09:04:46"
},
{
"kids":[],
"uid":"2129568203",
"parent":"",
"text":"",
"mid":"ywMqeaocG",
"date":"2012-08-12 09:03:22"
},
{
"kids":[],
"uid":"1135383381",
"parent":"ywJW54mnh",
"text":"",
"mid":"ywMoffsBS",
"date":"2012-08-12 08:58:30"
},
{
"kids":[],
"uid":"loogn1267",
"parent":"",
"text":"神马情况？",
"mid":"ywMkf2Rsy",
"date":"2012-08-12 08:48:38"
},
{
"kids":[
"ywMqN4ivz"
],
"uid":"503158351",
"parent":"",
"text":"警察说没炸",
"mid":"ywMiUjKEt",
"date":"2012-08-12 08:45:21"
},
{
"kids":[],
"uid":"2269094360",
"parent":"",
"text":"",
"mid":"ywMgqDFMs",
"date":"2012-08-12 08:39:15"
},
{
"kids":[],
"uid":"2269094360",
"parent":"",
"text":"",
"mid":"ywMg9vmpU",
"date":"2012-08-12 08:38:34"
},
{
"kids":[],
"uid":"2269094360",
"parent":"",
"text":"",
"mid":"ywMf4qytq",
"date":"2012-08-12 08:35:54"
},
{
"kids":[],
"uid":"2269094360",
"parent":"",
"text":"",
"mid":"ywMf1bD9g",
"date":"2012-08-12 08:35:47"
},
{
"kids":[],
"uid":"2269094360",
"parent":"",
"text":"",
"mid":"ywMeX2ZhV",
"date":"2012-08-12 08:35:36"
},
{
"kids":[],
"uid":"ren0004",
"parent":"ywMbi5hnE",
"text":"[神马][神马]",
"mid":"ywMcccEjy",
"date":"2012-08-12 08:28:49"
},
{
"kids":[
"ywMcccEjy"
],
"uid":"1872256251",
"parent":"ywJrmAf6X",
"text":"真的么？",
"mid":"ywMbi5hnE",
"date":"2012-08-12 08:26:35"
},
{
"kids":[],
"uid":"ekunkun",
"parent":"",
"text":"",
"mid":"ywM42k65j",
"date":"2012-08-12 08:08:43"
},
{
"kids":[],
"uid":"2887391003",
"parent":"ywJjP7Dbp",
"text":"信了",
"mid":"ywM35ghxd",
"date":"2012-08-12 08:06:21"
},
{
"kids":[],
"uid":"1409787510",
"parent":"ywJjP7Dbp",
"text":"",
"mid":"ywLYLerwd",
"date":"2012-08-12 07:55:43"
},
{
"kids":[],
"uid":"2632065113",
"parent":"ywLMNzTA7",
"text":"@宇辉的语汇 @小肚鸡肠眼4 合肥真事！学乖了···不敢屁了···[偷笑]",
"mid":"ywLVKur8z",
"date":"2012-08-12 07:48:17"
},
{
"kids":[],
"uid":"331678333",
"parent":"ywLu7uP2V",
"text":"",
"mid":"ywLV9y8Ka",
"date":"2012-08-12 07:46:49"
},
{
"kids":[],
"uid":"chenrongsan",
"parent":"",
"text":"",
"mid":"ywLT0B64l",
"date":"2012-08-12 07:41:32"
},
{
"kids":[],
"uid":"mademoiselleliumao",
"parent":"ywLDS5Ywx",
"text":"",
"mid":"ywLSErpkU",
"date":"2012-08-12 07:40:40"
},
{
"kids":[],
"uid":"2143384285",
"parent":"ywLzv6zfW",
"text":"",
"mid":"ywLQjjh7G",
"date":"2012-08-12 07:34:54"
},
{
"kids":[
"ywLVKur8z"
],
"uid":"2282182644",
"parent":"",
"text":"",
"mid":"ywLMNzTA7",
"date":"2012-08-12 07:26:15"
},
{
"kids":[],
"uid":"2368700343",
"parent":"",
"text":"不知道真的假的。",
"mid":"ywLMr8C3u",
"date":"2012-08-12 07:25:21"
},
{
"kids":[
"ywN2cBzq8",
"ywMZExdZs"
],
"uid":"xjt148",
"parent":"ywLrij8re",
"text":"天天粗大事",
"mid":"ywLDVBeRD",
"date":"2012-08-12 07:04:24"
},
{
"kids":[],
"uid":"2125230175",
"parent":"",
"text":"真真假假，假假真真",
"mid":"ywLDSmk36",
"date":"2012-08-12 07:04:16"
},
{
"kids":[
"ywLSErpkU"
],
"uid":"1872211734",
"parent":"",
"text":"不会吧",
"mid":"ywLDS5Ywx",
"date":"2012-08-12 07:04:15"
},
{
"kids":[],
"uid":"smallhand",
"parent":"ywLrij8re",
"text":"",
"mid":"ywLDPrFtb",
"date":"2012-08-12 07:04:08"
},
{
"kids":[],
"uid":"212810",
"parent":"",
"text":"",
"mid":"ywLBh64zi",
"date":"2012-08-12 06:57:51"
},
{
"kids":[],
"uid":"212810",
"parent":"ywLzv6zfW",
"text":"",
"mid":"ywLzY6yTG",
"date":"2012-08-12 06:54:39"
},
{
"kids":[
"ywLQjjh7G",
"ywLzY6yTG"
],
"uid":"2449187272",
"parent":"",
"text":"敌我矛盾越来越尖锐了！",
"mid":"ywLzv6zfW",
"date":"2012-08-12 06:53:29"
},
{
"kids":[],
"uid":"cmc01",
"parent":"ywLr468sX",
"text":"有个辟谣帖子：“安徽界首公安局恶性爆炸”属虚构 http:",
"mid":"ywLuel6fP",
"date":"2012-08-12 06:40:30"
},
{
"kids":[
"ywLV9y8Ka"
],
"uid":"shen13579",
"parent":"ywLr468sX",
"text":"",
"mid":"ywLu7uP2V",
"date":"2012-08-12 06:40:14"
},
{
"kids":[],
"uid":"2244374182",
"parent":"ywJDbqtO1",
"text":"感觉是谣言。",
"mid":"ywLrqzOuz",
"date":"2012-08-12 06:33:36"
},
{
"kids":[
"ywLDVBeRD",
"ywLDPrFtb"
],
"uid":"atomxue",
"parent":"ywLr468sX",
"text":"",
"mid":"ywLrij8re",
"date":"2012-08-12 06:33:16"
},
{
"kids":[
"ywLuel6fP",
"ywLu7uP2V",
"ywLrij8re"
],
"uid":"2702492941",
"parent":"",
"text":"",
"mid":"ywLr468sX",
"date":"2012-08-12 06:32:42"
},
{
"kids":[],
"uid":"2646312941",
"parent":"",
"text":"抱着鸡蛋说母鸡敲克。",
"mid":"ywLpaehhr",
"date":"2012-08-12 06:28:01"
},
{
"kids":[],
"uid":"321abc",
"parent":"",
"text":"",
"mid":"ywKMcg2IB",
"date":"2012-08-12 04:52:01"
},
{
"kids":[],
"uid":"zuzo",
"parent":"",
"text":"她这是想去拘留所体验微生活么？[偷笑]",
"mid":"ywKJruwlh",
"date":"2012-08-12 04:45:14"
},
{
"kids":[],
"uid":"2271978975",
"parent":"",
"text":"博主有点脑子好不好，小心呀小姑娘！我保证你看了这个链接屁滚尿流删帖！你犯得着吗？[挖鼻屎] [照相机] http:",
"mid":"ywKEFph23",
"date":"2012-08-12 04:33:28"
},
{
"kids":[
"ywNM8yLrA"
],
"uid":"2480752037",
"parent":"",
"text":"",
"mid":"ywKzbx0N4",
"date":"2012-08-12 04:19:57"
},
{
"kids":[],
"uid":"1302957777",
"parent":"",
"text":"",
"mid":"ywKkR4o5E",
"date":"2012-08-12 03:44:39"
},
{
"kids":[],
"uid":"1248971933",
"parent":"",
"text":"",
"mid":"ywKbocpuc",
"date":"2012-08-12 03:21:20"
},
{
"kids":[
"ywMO03ZVx"
],
"uid":"2122887265",
"parent":"",
"text":"新京报讯，昨日，一条“关于安徽界首市公安局门口发生一起恶性爆炸事件”的帖子在网上传播。昨日下午，界首市公安局通过官方微博发布消息，称该事件纯属虚构。 界首市公安局信息科工作人员介绍，目前他们正在追查发帖者的地址。对于恶意造谣者，将会根据法律规定追究责",
"mid":"ywK3lEBKZ",
"date":"2012-08-12 03:01:32"
},
{
"kids":[],
"uid":"2528997617",
"parent":"ywJmFxltg",
"text":"",
"mid":"ywJXVppbA",
"date":"2012-08-12 02:48:10"
},
{
"kids":[
"ywMoffsBS"
],
"uid":"2834686970",
"parent":"",
"text":"",
"mid":"ywJW54mnh",
"date":"2012-08-12 02:43:36"
},
{
"kids":[],
"uid":"1270801240",
"parent":"ywJeF87OF",
"text":"",
"mid":"ywJSy5j1h",
"date":"2012-08-12 02:34:55"
},
{
"kids":[],
"uid":"83527652",
"parent":"",
"text":"求辟谣！",
"mid":"ywJMSbu0a",
"date":"2012-08-12 02:20:56"
},
{
"kids":[],
"uid":"1276191272",
"parent":"",
"text":"才7个",
"mid":"ywJJu4n7Q",
"date":"2012-08-12 02:12:35"
},
{
"kids":[],
"uid":"2539261854",
"parent":"",
"text":"求证",
"mid":"ywJIfdsGC",
"date":"2012-08-12 02:09:31"
},
{
"kids":[],
"uid":"2274594564",
"parent":"",
"text":"",
"mid":"ywJHLmGml",
"date":"2012-08-12 02:08:21"
},
{
"kids":[],
"uid":"2912400784",
"parent":"",
"text":"",
"mid":"ywJHmzVDK",
"date":"2012-08-12 02:07:22"
},
{
"kids":[],
"uid":"2620169147",
"parent":"",
"text":"[疑问]",
"mid":"ywJFGzPH0",
"date":"2012-08-12 02:03:14"
},
{
"kids":[],
"uid":"2551436671",
"parent":"",
"text":"@曹艾平:",
"mid":"ywJFiBlrr",
"date":"2012-08-12 02:02:17"
},
{
"kids":[
"ywLrqzOuz"
],
"uid":"2273065234",
"parent":"",
"text":"假的吧？这么夸张!",
"mid":"ywJDbqtO1",
"date":"2012-08-12 01:57:04"
},
{
"kids":[],
"uid":"1792144652",
"parent":"",
"text":"求真相",
"mid":"ywJCOnzw5",
"date":"2012-08-12 01:56:09"
},
{
"kids":[],
"uid":"2623174777",
"parent":"",
"text":"",
"mid":"ywJBQ6NRG",
"date":"2012-08-12 01:53:45"
},
{
"kids":[],
"uid":"2792994954",
"parent":"ywJqZ0DFL",
"text":"没见主流报道",
"mid":"ywJBOAQhn",
"date":"2012-08-12 01:53:42"
},
{
"kids":[],
"uid":"2088502515",
"parent":"",
"text":"真的假的啊？没人验证？",
"mid":"ywJBok665",
"date":"2012-08-12 01:52:40"
},
{
"kids":[],
"uid":"2380014024",
"parent":"",
"text":"",
"mid":"ywJAtkIUq",
"date":"2012-08-12 01:50:23"
},
{
"kids":[
"ywO2X5bPL"
],
"uid":"2499753134",
"parent":"ywJeKsjh8",
"text":"[衰]",
"mid":"ywJz9bBO1",
"date":"2012-08-12 01:47:07"
},
{
"kids":[],
"uid":"2315399773",
"parent":"",
"text":"",
"mid":"ywJuV1WKU",
"date":"2012-08-12 01:36:42"
},
{
"kids":[],
"uid":"wurenchu1972",
"parent":"ywJsZ7G2F",
"text":"",
"mid":"ywJtX2LC1",
"date":"2012-08-12 01:34:19"
},
{
"kids":[
"ywJtX2LC1"
],
"uid":"1yitong",
"parent":"ywJrTq8Wj",
"text":"",
"mid":"ywJsZ7G2F",
"date":"2012-08-12 01:31:56"
},
{
"kids":[],
"uid":"mcleeindustrial",
"parent":"ywJjxrjFj",
"text":"[疑问]",
"mid":"ywJswFenI",
"date":"2012-08-12 01:30:49"
},
{
"kids":[],
"uid":"1877144457",
"parent":"ywJiLh8DW",
"text":"求真相！",
"mid":"ywJsk0ecQ",
"date":"2012-08-12 01:30:18"
},
{
"kids":[
"ywJsZ7G2F"
],
"uid":"ysoei",
"parent":"ywJrmAf6X",
"text":"警察說是謠言。",
"mid":"ywJrTq8Wj",
"date":"2012-08-12 01:29:15"
},
{
"kids":[],
"uid":"2091210443",
"parent":"",
"text":"",
"mid":"ywJrP1kso",
"date":"2012-08-12 01:29:04"
},
{
"kids":[],
"uid":"2510487290",
"parent":"",
"text":"",
"mid":"ywJrrEh6z",
"date":"2012-08-12 01:28:09"
},
{
"kids":[
"ywMDi7Aoc",
"ywMbi5hnE",
"ywJrTq8Wj"
],
"uid":"molafeier",
"parent":"ywJqZ0DFL",
"text":"什么情况？",
"mid":"ywJrmAf6X",
"date":"2012-08-12 01:27:58"
},
{
"kids":[
"ywJBOAQhn",
"ywJrmAf6X"
],
"uid":"ysoei",
"parent":"ywJntdG4V",
"text":"",
"mid":"ywJqZ0DFL",
"date":"2012-08-12 01:27:00"
},
{
"kids":[],
"uid":"1965881463",
"parent":"ywJntdG4V",
"text":"？？？",
"mid":"ywJqy73d4",
"date":"2012-08-12 01:25:56"
},
{
"kids":[],
"uid":"lhasawzz",
"parent":"ywJntdG4V",
"text":"这么恐怖",
"mid":"ywJpNFSxZ",
"date":"2012-08-12 01:24:06"
},
{
"kids":[],
"uid":"apcart",
"parent":"",
"text":"",
"mid":"ywJpa8lyq",
"date":"2012-08-12 01:22:31"
},
{
"kids":[],
"uid":"313213555",
"parent":"ywJjxrjFj",
"text":"",
"mid":"ywJoouxE0",
"date":"2012-08-12 01:20:38"
},
{
"kids":[],
"uid":"2454781743",
"parent":"",
"text":"谣言？",
"mid":"ywJnzp0WR",
"date":"2012-08-12 01:18:36"
},
{
"kids":[
"ywO49z5FM",
"ywJqZ0DFL",
"ywJqy73d4",
"ywJpNFSxZ"
],
"uid":"1895504130",
"parent":"ywJjP7Dbp",
"text":"[围观]",
"mid":"ywJntdG4V",
"date":"2012-08-12 01:18:21"
},
{
"kids":[
"ywMEhxc4O",
"ywJXVppbA"
],
"uid":"223454231",
"parent":"ywJfOkZ7l",
"text":"",
"mid":"ywJmFxltg",
"date":"2012-08-12 01:16:23"
},
{
"kids":[],
"uid":"2204624262",
"parent":"ywJgPiiR1",
"text":"[围观]",
"mid":"ywJlkwjhg",
"date":"2012-08-12 01:13:05"
},
{
"kids":[],
"uid":"1403184422",
"parent":"",
"text":"",
"mid":"ywJldoGsE",
"date":"2012-08-12 01:12:48"
},
{
"kids":[
"ywMNWfEb4",
"ywM35ghxd",
"ywLYLerwd",
"ywJntdG4V"
],
"uid":"1904503037",
"parent":"",
"text":"",
"mid":"ywJjP7Dbp",
"date":"2012-08-12 01:09:21"
},
{
"kids":[
"ywJswFenI",
"ywJoouxE0"
],
"uid":"1180827367",
"parent":"ywJd5jnvZ",
"text":"",
"mid":"ywJjxrjFj",
"date":"2012-08-12 01:08:40"
},
{
"kids":[
"ywJsk0ecQ"
],
"uid":"2367103762",
"parent":"ywJeF87OF",
"text":"求真象",
"mid":"ywJiLh8DW",
"date":"2012-08-12 01:06:45"
},
{
"kids":[],
"uid":"1716496265",
"parent":"",
"text":"",
"mid":"ywJiKlBBa",
"date":"2012-08-12 01:06:43"
},
{
"kids":[],
"uid":"519025567",
"parent":"",
"text":"?",
"mid":"ywJiC6DGg",
"date":"2012-08-12 01:06:23"
},
{
"kids":[],
"uid":"lu88888",
"parent":"",
"text":"呵呵，，我今天特地的问了一个界首的朋友，，他们都没有听说过，。应该是假的吧",
"mid":"ywJh4F4KP",
"date":"2012-08-12 01:02:36"
},
{
"kids":[
"ywJlkwjhg"
],
"uid":"2192464604",
"parent":"",
"text":"真的？？？？？拉登的部下到这活动啦？？",
"mid":"ywJgPiiR1",
"date":"2012-08-12 01:01:59"
},
{
"kids":[],
"uid":"333466266",
"parent":"",
"text":"假的吧？",
"mid":"ywJgzDghY",
"date":"2012-08-12 01:01:22"
},
{
"kids":[
"ywNTw0uPv",
"ywJmFxltg"
],
"uid":"336729666",
"parent":"ywJfoECLR",
"text":"[衰]",
"mid":"ywJfOkZ7l",
"date":"2012-08-12 00:59:29"
},
{
"kids":[],
"uid":"2583151574",
"parent":"",
"text":"[围观]",
"mid":"ywJfxuEx4",
"date":"2012-08-12 00:58:50"
},
{
"kids":[
"ywJfOkZ7l"
],
"uid":"1840782382",
"parent":"",
"text":"",
"mid":"ywJfoECLR",
"date":"2012-08-12 00:58:29"
},
{
"kids":[],
"uid":"2544599555",
"parent":"",
"text":"",
"mid":"ywJf7cF45",
"date":"2012-08-12 00:57:42"
},
{
"kids":[],
"uid":"2359117584",
"parent":"",
"text":"",
"mid":"ywJeXsvsy",
"date":"2012-08-12 00:57:23"
},
{
"kids":[
"ywJz9bBO1"
],
"uid":"lu88888",
"parent":"",
"text":"早不就是碧瑶了，吗？@阜阳公安在线",
"mid":"ywJeKsjh8",
"date":"2012-08-12 00:56:52"
},
{
"kids":[
"ywJSy5j1h",
"ywJiLh8DW"
],
"uid":"1504794951",
"parent":"",
"text":"[围观]惊爆！！！",
"mid":"ywJeF87OF",
"date":"2012-08-12 00:56:39"
},
{
"kids":[],
"uid":"1956774494",
"parent":"",
"text":"",
"mid":"ywJemwSVM",
"date":"2012-08-12 00:55:55"
},
{
"kids":[],
"uid":"323205728",
"parent":"ywJd5jnvZ",
"text":"",
"mid":"ywJdDyTjP",
"date":"2012-08-12 00:54:09"
},
{
"kids":[],
"uid":"714234118",
"parent":"",
"text":"",
"mid":"ywJdnE48B",
"date":"2012-08-12 00:53:30"
},
{
"kids":[
"ywJjxrjFj",
"ywJdDyTjP"
],
"uid":"313213555",
"parent":"",
"text":"",
"mid":"ywJd5jnvZ",
"date":"2012-08-12 00:52:46"
},
{
"kids":[],
"uid":"2709838975",
"parent":"",
"text":"",
"mid":"ywJbiuuNM",
"date":"2012-08-12 00:48:22"
},
{
"kids":[],
"uid":"1478700584",
"parent":"ywJ7VhCAy",
"text":"",
"mid":"ywJaVqvsF",
"date":"2012-08-12 00:47:28"
},
{
"kids":[],
"uid":"778921698",
"parent":"",
"text":"真的假的？",
"mid":"ywJ9xtxVF",
"date":"2012-08-12 00:44:02"
},
{
"kids":[],
"uid":"2690956622",
"parent":"",
"text":"",
"mid":"ywJ9cvpK4",
"date":"2012-08-12 00:43:12"
},
{
"kids":[
"ywJaVqvsF"
],
"uid":"2274594564",
"parent":"",
"text":"[吃惊]如果有假，快辟谣啊！",
"mid":"ywJ7VhCAy",
"date":"2012-08-12 00:39:59"
},
{
"kids":[],
"uid":"2432103077",
"parent":"ywICJkStG",
"text":"又出事了",
"mid":"ywJ3gAb3U",
"date":"2012-08-12 00:28:35"
},
{
"kids":[],
"uid":"1918839144",
"parent":"",
"text":"劲爆！",
"mid":"ywILJcJTR",
"date":"2012-08-11 23:45:22"
},
{
"kids":[],
"uid":"iiibao",
"parent":"",
"text":"[围观]",
"mid":"ywIIzfExs",
"date":"2012-08-11 23:37:32"
},
{
"kids":[],
"uid":"renatan2011",
"parent":"ywItBaCQd",
"text":"果真？！",
"mid":"ywIHYAVfM",
"date":"2012-08-11 23:36:07"
},
{
"kids":[],
"uid":"1553970947",
"parent":"ywICJkStG",
"text":"[围观]",
"mid":"ywIGhr5GC",
"date":"2012-08-11 23:31:56"
},
{
"kids":[],
"uid":"1945669414",
"parent":"",
"text":"",
"mid":"ywIFIxOUx",
"date":"2012-08-11 23:30:33"
},
{
"kids":[
"ywJ3gAb3U",
"ywIGhr5GC"
],
"uid":"1715921287",
"parent":"",
"text":"以暴抗暴开始了吗？",
"mid":"ywICJkStG",
"date":"2012-08-11 23:23:11"
},
{
"kids":[],
"uid":"338397878",
"parent":"",
"text":"回复@长江案侦蔡文岭:快把博主抓了！",
"mid":"ywIwsa6nP",
"date":"2012-08-11 23:07:44"
},
{
"kids":[],
"uid":"2729359583",
"parent":"",
"text":"报应！！！！！！！！！！！！",
"mid":"ywIvwcSPh",
"date":"2012-08-11 23:05:26"
},
{
"kids":[
"ywIHYAVfM"
],
"uid":"2276938677",
"parent":"ywI2FhQij",
"text":"",
"mid":"ywItBaCQd",
"date":"2012-08-11 23:00:41"
},
{
"kids":[],
"uid":"1653930433",
"parent":"ywGf8vOmk",
"text":"不弄出点事来忽悠博友一下你会死啊!社会乱了对您有什么好处!希望严査重罚!",
"mid":"ywIrb2z8g",
"date":"2012-08-11 22:54:44"
},
{
"kids":[],
"uid":"kevinleeyoung",
"parent":"ywI2FhQij",
"text":"为我的地理常识羞耻一下，我一直以为界首是湖南的……",
"mid":"ywI3Jfe1z",
"date":"2012-08-11 21:56:58"
},
{
"kids":[
"ywItBaCQd",
"ywI3Jfe1z"
],
"uid":"peachrabbit9",
"parent":"ywFBl7YyY",
"text":"",
"mid":"ywI2FhQij",
"date":"2012-08-11 21:54:21"
},
{
"kids":[],
"uid":"2257560957",
"parent":"ywFS64ZcX",
"text":"",
"mid":"ywHsrxuTh",
"date":"2012-08-11 20:25:08"
},
{
"kids":[],
"uid":"1267258141",
"parent":"ywGKj4pCW",
"text":"",
"mid":"ywHhe0D0v",
"date":"2012-08-11 19:57:28"
},
{
"kids":[],
"uid":"2614349611",
"parent":"ywFIClzqI",
"text":"？",
"mid":"ywHgzfwLN",
"date":"2012-08-11 19:55:48"
},
{
"kids":[],
"uid":"2691744843",
"parent":"",
"text":"@阜阳王鹏 @阜阳公安在线 已经解释了，是在造谣。。大家不要恐慌",
"mid":"ywHag0I5z",
"date":"2012-08-11 19:40:18"
},
{
"kids":[],
"uid":"2778656124",
"parent":"ywGMaiy09",
"text":"",
"mid":"ywH5tCDjU",
"date":"2012-08-11 19:28:33"
},
{
"kids":[
"ywH5tCDjU"
],
"uid":"2506609095",
"parent":"ywGpC2iWo",
"text":"",
"mid":"ywGMaiy09",
"date":"2012-08-11 18:40:57"
},
{
"kids":[],
"uid":"bjzsw",
"parent":"ywGFau1Xt",
"text":"求真相",
"mid":"ywGM4CbwW",
"date":"2012-08-11 18:40:43"
},
{
"kids":[],
"uid":"1749193094",
"parent":"ywGHAirBd",
"text":"[围观]",
"mid":"ywGLncVwr",
"date":"2012-08-11 18:39:01"
},
{
"kids":[],
"uid":"catmorly",
"parent":"ywGf8vOmk",
"text":"求真相！",
"mid":"ywGKT6yqC",
"date":"2012-08-11 18:37:48"
},
{
"kids":[],
"uid":"sjth",
"parent":"ywGtkruhI",
"text":"",
"mid":"ywGKEhTmh",
"date":"2012-08-11 18:37:14"
},
{
"kids":[
"ywHhe0D0v"
],
"uid":"1865231181",
"parent":"ywGDcsvAv",
"text":"真假？",
"mid":"ywGKj4pCW",
"date":"2012-08-11 18:36:20"
},
{
"kids":[
"ywGLncVwr"
],
"uid":"2399793131",
"parent":"",
"text":"",
"mid":"ywGHAirBd",
"date":"2012-08-11 18:29:40"
},
{
"kids":[
"ywGM4CbwW"
],
"uid":"xinanjiangpan",
"parent":"",
"text":"",
"mid":"ywGFau1Xt",
"date":"2012-08-11 18:23:43"
},
{
"kids":[
"ywGKj4pCW"
],
"uid":"1298425465",
"parent":"ywGtkruhI",
"text":"",
"mid":"ywGDcsvAv",
"date":"2012-08-11 18:18:52"
},
{
"kids":[],
"uid":"2161059724",
"parent":"ywGf8vOmk",
"text":"",
"mid":"ywGx2nf0s",
"date":"2012-08-11 18:03:42"
},
{
"kids":[
"ywGKEhTmh",
"ywGDcsvAv"
],
"uid":"learninglancet",
"parent":"ywGiRjCUZ",
"text":"人民警察被炸死这是恐怖活动",
"mid":"ywGtkruhI",
"date":"2012-08-11 17:54:31"
},
{
"kids":[],
"uid":"2187071624",
"parent":"ywGf8vOmk",
"text":"",
"mid":"ywGrP8EXa",
"date":"2012-08-11 17:50:50"
},
{
"kids":[],
"uid":"heqiange",
"parent":"ywGf8vOmk",
"text":"这是真的吗？",
"mid":"ywGrFCpoT",
"date":"2012-08-11 17:50:28"
},
{
"kids":[
"ywGMaiy09"
],
"uid":"2574017512",
"parent":"ywGmX8ErE",
"text":"",
"mid":"ywGpC2iWo",
"date":"2012-08-11 17:45:21"
},
{
"kids":[],
"uid":"1868790194",
"parent":"ywGjz1xPO",
"text":"[吃惊]中国病的不轻！",
"mid":"ywGphkWxa",
"date":"2012-08-11 17:44:32"
},
{
"kids":[],
"uid":"2459560997",
"parent":"ywGgkp8V5",
"text":"哇塞，，。，，要重视",
"mid":"ywGovak2x",
"date":"2012-08-11 17:42:38"
},
{
"kids":[
"ywGpC2iWo"
],
"uid":"2035124285",
"parent":"ywGiRjCUZ",
"text":"/已经辟谣/@我是快乐的人1018:",
"mid":"ywGmX8ErE",
"date":"2012-08-11 17:38:50"
},
{
"kids":[],
"uid":"2725698423",
"parent":"ywFM9jCUB",
"text":"？？？",
"mid":"ywGlhDTeU",
"date":"2012-08-11 17:34:44"
},
{
"kids":[],
"uid":"2268685041",
"parent":"",
"text":"又有一段隐情？！",
"mid":"ywGl1oQ1B",
"date":"2012-08-11 17:34:05"
},
{
"kids":[],
"uid":"2035124285",
"parent":"",
"text":"已经辟谣",
"mid":"ywGkTciCa",
"date":"2012-08-11 17:33:45"
},
{
"kids":[],
"uid":"1473101591",
"parent":"ywGiRjCUZ",
"text":"求證！",
"mid":"ywGjAwuuE",
"date":"2012-08-11 17:30:34"
},
{
"kids":[
"ywGphkWxa"
],
"uid":"yjmetal",
"parent":"",
"text":"哎 这两天悲剧连连发生",
"mid":"ywGjz1xPO",
"date":"2012-08-11 17:30:30"
},
{
"kids":[],
"uid":"1931696122",
"parent":"ywGhl0F4e",
"text":"",
"mid":"ywGj6mqPE",
"date":"2012-08-11 17:29:20"
},
{
"kids":[],
"uid":"qulina0528",
"parent":"ywGf8vOmk",
"text":"",
"mid":"ywGj1mub3",
"date":"2012-08-11 17:29:09"
},
{
"kids":[
"ywGtkruhI",
"ywGmX8ErE",
"ywGjAwuuE"
],
"uid":"1970079337",
"parent":"ywGhl0F4e",
"text":"",
"mid":"ywGiRjCUZ",
"date":"2012-08-11 17:28:45"
},
{
"kids":[],
"uid":"30985901",
"parent":"ywGgkp8V5",
"text":"",
"mid":"ywGiKvI0o",
"date":"2012-08-11 17:28:28"
},
{
"kids":[],
"uid":"2558929287",
"parent":"ywFS64ZcX",
"text":"又一被逼上绝路的[嘘]",
"mid":"ywGhpqqk6",
"date":"2012-08-11 17:25:11"
},
{
"kids":[
"ywGj6mqPE",
"ywGiRjCUZ"
],
"uid":"511251165",
"parent":"ywGf8vOmk",
"text":"@[good]",
"mid":"ywGhl0F4e",
"date":"2012-08-11 17:25:00"
},
{
"kids":[
"ywGovak2x",
"ywGiKvI0o"
],
"uid":"1605355632",
"parent":"",
"text":"[吃惊]求真相！",
"mid":"ywGgkp8V5",
"date":"2012-08-11 17:22:29"
},
{
"kids":[],
"uid":"338397878",
"parent":"ywGf8vOmk",
"text":"好假！",
"mid":"ywGg01Pf7",
"date":"2012-08-11 17:21:42"
},
{
"kids":[],
"uid":"1875269907",
"parent":"ywGf8vOmk",
"text":"",
"mid":"ywGfR7oh6",
"date":"2012-08-11 17:21:21"
},
{
"kids":[],
"uid":"30985901",
"parent":"ywGf8vOmk",
"text":"",
"mid":"ywGfwaR0y",
"date":"2012-08-11 17:20:29"
},
{
"kids":[
"ywIrb2z8g",
"ywGKT6yqC",
"ywGx2nf0s",
"ywGrP8EXa",
"ywGrFCpoT",
"ywGj1mub3",
"ywGhl0F4e",
"ywGg01Pf7",
"ywGfR7oh6",
"ywGfwaR0y"
],
"uid":"2103311393",
"parent":"ywG8c0iWY",
"text":"[汗][疑问]",
"mid":"ywGf8vOmk",
"date":"2012-08-11 17:19:35"
},
{
"kids":[],
"uid":"2451935851",
"parent":"ywFM9jCUB",
"text":"",
"mid":"ywGcD6eqs",
"date":"2012-08-11 17:13:24"
},
{
"kids":[],
"uid":"1674092232",
"parent":"",
"text":"[吃惊]",
"mid":"ywGcxbyK1",
"date":"2012-08-11 17:13:10"
},
{
"kids":[],
"uid":"2355345415",
"parent":"",
"text":"真假？",
"mid":"ywGb7nGXt",
"date":"2012-08-11 17:09:41"
},
{
"kids":[],
"uid":"2375905072",
"parent":"ywFFbA0M0",
"text":"",
"mid":"ywG8ml2LG",
"date":"2012-08-11 17:02:53"
},
{
"kids":[
"ywGf8vOmk"
],
"uid":"2375905072",
"parent":"ywFFO05hN",
"text":"",
"mid":"ywG8c0iWY",
"date":"2012-08-11 17:02:28"
},
{
"kids":[],
"uid":"208884518",
"parent":"ywFS64ZcX",
"text":"不是已经辟谣了么！",
"mid":"ywG7ole8D",
"date":"2012-08-11 17:00:30"
},
{
"kids":[
"z8tJEjIXL"
],
"uid":"sail120",
"parent":"ywFw4E9g6",
"text":"安徽穷！是因为贪官多！",
"mid":"ywG79ijnQ",
"date":"2012-08-11 16:59:54"
},
{
"kids":[],
"uid":"2713113632",
"parent":"ywFMz2hsj",
"text":"",
"mid":"ywG5foq8m",
"date":"2012-08-11 16:55:14"
},
{
"kids":[],
"uid":"1873817963",
"parent":"",
"text":"求证@人民日报",
"mid":"ywFYC1S1j",
"date":"2012-08-11 16:38:53"
},
{
"kids":[],
"uid":"207444064",
"parent":"ywFQOClHV",
"text":"",
"mid":"ywFSBp5P7",
"date":"2012-08-11 16:24:03"
},
{
"kids":[],
"uid":"woaiduhua",
"parent":"ywFS64ZcX",
"text":"",
"mid":"ywFSszMvu",
"date":"2012-08-11 16:23:43"
},
{
"kids":[],
"uid":"luoluxi",
"parent":"ywFS64ZcX",
"text":"",
"mid":"ywFScCfJi",
"date":"2012-08-11 16:23:03"
},
{
"kids":[
"ywHsrxuTh",
"ywGhpqqk6",
"ywG7ole8D",
"ywFSszMvu",
"ywFScCfJi"
],
"uid":"1757011551",
"parent":"",
"text":"",
"mid":"ywFS64ZcX",
"date":"2012-08-11 16:22:49"
},
{
"kids":[
"ywFSBp5P7"
],
"uid":"titicaca1937",
"parent":"",
"text":"",
"mid":"ywFQOClHV",
"date":"2012-08-11 16:19:39"
},
{
"kids":[],
"uid":"2641543583",
"parent":"",
"text":"不信谣不传谣",
"mid":"ywFQf7Wc7",
"date":"2012-08-11 16:18:15"
},
{
"kids":[],
"uid":"1497174487",
"parent":"ywFIClzqI",
"text":"求辟谣吧，这可怜的女生，估计又要进去喂蚊子了。",
"mid":"ywFN2gBMf",
"date":"2012-08-11 16:10:22"
},
{
"kids":[
"ywG5foq8m"
],
"uid":"1794023592",
"parent":"ywFw4E9g6",
"text":"怎么?怎么都是安徽啊?劫法场啊?妈的!",
"mid":"ywFMz2hsj",
"date":"2012-08-11 16:09:12"
},
{
"kids":[],
"uid":"1213839685",
"parent":"ywFM9jCUB",
"text":"同求。",
"mid":"ywFMo6ezt",
"date":"2012-08-11 16:08:45"
},
{
"kids":[
"ywGlhDTeU",
"ywGcD6eqs",
"ywFMo6ezt"
],
"uid":"1762692333",
"parent":"",
"text":"真心求证真假",
"mid":"ywFM9jCUB",
"date":"2012-08-11 16:08:11"
},
{
"kids":[],
"uid":"2810448334",
"parent":"",
"text":"求辟谣[围观]",
"mid":"ywFKVpqXM",
"date":"2012-08-11 16:05:09"
},
{
"kids":[],
"uid":"2798415020",
"parent":"ywFDgwPaN",
"text":"真假？今天是周六",
"mid":"ywFK7a0oQ",
"date":"2012-08-11 16:03:09"
},
{
"kids":[],
"uid":"1442617494",
"parent":"",
"text":"转",
"mid":"ywFJofUQz",
"date":"2012-08-11 16:01:20"
},
{
"kids":[
"ywHgzfwLN",
"ywFN2gBMf"
],
"uid":"2883372535",
"parent":"",
"text":"求真相",
"mid":"ywFIClzqI",
"date":"2012-08-11 15:59:26"
},
{
"kids":[],
"uid":"329252828",
"parent":"ywFFpcCDC",
"text":"",
"mid":"ywFGh1K1Q",
"date":"2012-08-11 15:53:41"
},
{
"kids":[],
"uid":"1213839685",
"parent":"ywFFpcCDC",
"text":"界首的朋友出来说明一下，当地公安说这是假消息，我希望是真消息，因为死的都是狗。",
"mid":"ywFG58nbP",
"date":"2012-08-11 15:53:13"
},
{
"kids":[
"ywG8c0iWY"
],
"uid":"2574017512",
"parent":"ywFCUDy4R",
"text":"[吃惊]",
"mid":"ywFFO05hN",
"date":"2012-08-11 15:52:32"
},
{
"kids":[
"ywFGh1K1Q",
"ywFG58nbP"
],
"uid":"1762692333",
"parent":"ywFDgwPaN",
"text":"",
"mid":"ywFFpcCDC",
"date":"2012-08-11 15:51:34"
},
{
"kids":[],
"uid":"taiqingfengle",
"parent":"ywFBl7YyY",
"text":"估计以后有关阿拉伯宗教和种族斗争，以及非洲叛乱的新闻该被屏蔽了，就怕人学。逼的民众以恐怖行为来对抗暴政，这个政权恐怕真的气数将终了",
"mid":"ywFFhvv38",
"date":"2012-08-11 15:51:14"
},
{
"kids":[
"ywG8ml2LG"
],
"uid":"2415422451",
"parent":"ywFBl7YyY",
"text":"[围观]",
"mid":"ywFFbA0M0",
"date":"2012-08-11 15:51:01"
},
{
"kids":[],
"uid":"2682894421",
"parent":"ywFyevxyb",
"text":"@李雄律师 @老朱2029358457 故事多啊",
"mid":"ywFDZqF1f",
"date":"2012-08-11 15:48:04"
},
{
"kids":[],
"uid":"tianlulaoshi",
"parent":"ywFBl7YyY",
"text":"",
"mid":"ywFDUopHl",
"date":"2012-08-11 15:47:53"
},
{
"kids":[
"ywFK7a0oQ",
"ywFFpcCDC"
],
"uid":"2417593322",
"parent":"ywFCUDy4R",
"text":"[浮云][围观]",
"mid":"ywFDgwPaN",
"date":"2012-08-11 15:46:17"
},
{
"kids":[],
"uid":"2750473675",
"parent":"ywFCUDy4R",
"text":"",
"mid":"ywFDfByjk",
"date":"2012-08-11 15:46:15"
},
{
"kids":[
"ywFFO05hN",
"ywFDgwPaN",
"ywFDfByjk"
],
"uid":"1749253941",
"parent":"",
"text":"",
"mid":"ywFCUDy4R",
"date":"2012-08-11 15:45:26"
},
{
"kids":[],
"uid":"samsungezon",
"parent":"ywFAnqlK3",
"text":"",
"mid":"ywFCp4ISf",
"date":"2012-08-11 15:44:09"
},
{
"kids":[
"ywI2FhQij",
"ywFFhvv38",
"ywFFbA0M0",
"ywFDUopHl"
],
"uid":"1650096501",
"parent":"",
"text":"",
"mid":"ywFBl7YyY",
"date":"2012-08-11 15:41:32"
},
{
"kids":[],
"uid":"2102582982",
"parent":"",
"text":"。。又是持枪又是爆炸。。莫非我以后做战地记者都不用出国了？？！！。。@某慢--FS白楔",
"mid":"ywFAY8zCf",
"date":"2012-08-11 15:40:37"
},
{
"kids":[],
"uid":"flynewhome",
"parent":"",
"text":"[吃惊]",
"mid":"ywFAnsC0T",
"date":"2012-08-11 15:39:10"
},
{
"kids":[
"ywFCp4ISf"
],
"uid":"1745939457",
"parent":"",
"text":"算因公殉职吗，乖乖",
"mid":"ywFAnqlK3",
"date":"2012-08-11 15:39:08"
},
{
"kids":[],
"uid":"2816539854",
"parent":"ywFxIiT9m",
"text":"又出事啦",
"mid":"ywFyIC7Gf",
"date":"2012-08-11 15:35:05"
},
{
"kids":[],
"uid":"hongliong",
"parent":"ywFfpBXtS",
"text":"",
"mid":"ywFyFlg95",
"date":"2012-08-11 15:34:56"
},
{
"kids":[],
"uid":"2641937102",
"parent":"ywFxIiT9m",
"text":"",
"mid":"ywFymuj02",
"date":"2012-08-11 15:34:12"
},
{
"kids":[
"ywFDZqF1f"
],
"uid":"2602273753",
"parent":"",
"text":"肿么了",
"mid":"ywFyevxyb",
"date":"2012-08-11 15:33:51"
},
{
"kids":[
"ywFyIC7Gf",
"ywFymuj02"
],
"uid":"2449121935",
"parent":"ywFw4E9g6",
"text":"猛料！！！",
"mid":"ywFxIiT9m",
"date":"2012-08-11 15:32:36"
},
{
"kids":[],
"uid":"1342100352",
"parent":"",
"text":"求证",
"mid":"ywFwNfizC",
"date":"2012-08-11 15:30:19"
},
{
"kids":[
"ywG79ijnQ",
"ywFMz2hsj",
"ywFxIiT9m"
],
"uid":"212006789",
"parent":"",
"text":"求证",
"mid":"ywFw4E9g6",
"date":"2012-08-11 15:28:32"
},
{
"kids":[],
"uid":"2900456545",
"parent":"",
"text":"这……等所谓的辟谣。",
"mid":"ywFvQt6S5",
"date":"2012-08-11 15:28:00"
},
{
"kids":[],
"uid":"1406434904",
"parent":"",
"text":"",
"mid":"ywFnVlqrV",
"date":"2012-08-11 15:08:29"
},
{
"kids":[],
"uid":"2353540373",
"parent":"",
"text":"求证。。。[吃惊][吃惊][吃惊]",
"mid":"ywFiOAcHu",
"date":"2012-08-11 14:55:53"
},
{
"kids":[],
"uid":"100195533",
"parent":"",
"text":"谣言。。。。。。",
"mid":"ywFiNmXzs",
"date":"2012-08-11 14:55:51"
},
{
"kids":[],
"uid":"1888914211",
"parent":"",
"text":"是不是真的呀？",
"mid":"ywFivCce6",
"date":"2012-08-11 14:55:09"
},
{
"kids":[],
"uid":"qszhougl",
"parent":"ywFdReQk1",
"text":"",
"mid":"ywFietUtw",
"date":"2012-08-11 14:54:28"
},
{
"kids":[],
"uid":"2661984053",
"parent":"",
"text":"",
"mid":"ywFfGpqmx",
"date":"2012-08-11 14:48:11"
},
{
"kids":[],
"uid":"919870126",
"parent":"",
"text":"求安徽的网友说明真实情况？",
"mid":"ywFfEoE68",
"date":"2012-08-11 14:48:06"
},
{
"kids":[
"ywFyFlg95"
],
"uid":"dylbn",
"parent":"",
"text":"无图无真相",
"mid":"ywFfpBXtS",
"date":"2012-08-11 14:47:31"
},
{
"kids":[],
"uid":"carrgher",
"parent":"",
"text":"好 多炸幾個警察",
"mid":"ywFeBFh0D",
"date":"2012-08-11 14:45:32"
},
{
"kids":[],
"uid":"54pengxuan",
"parent":"",
"text":"",
"mid":"ywFepfOmo",
"date":"2012-08-11 14:45:02"
},
{
"kids":[
"ywFietUtw"
],
"uid":"luoweilw",
"parent":"",
"text":"",
"mid":"ywFdReQk1",
"date":"2012-08-11 14:43:42"
}
]