[
{
"kids":[],
"uid":"1839741611",
"parent":"",
"text":"",
"mid":"yFeUr81Ik",
"date":"2012-10-07 00:17:09"
},
{
"kids":[],
"uid":"vampireeibon",
"parent":"",
"text":"好样的[挖鼻屎]",
"mid":"yDEK5rhyX",
"date":"2012-09-26 14:22:28"
},
{
"kids":[],
"uid":"2509919321",
"parent":"yCL7baT6g",
"text":"",
"mid":"yDECX3BNQ",
"date":"2012-09-26 14:04:53"
},
{
"kids":[],
"uid":"giveuhand",
"parent":"",
"text":"@周夢吟 嗯内涵了~",
"mid":"yDlIR2Gvw",
"date":"2012-09-24 13:57:14"
},
{
"kids":[],
"uid":"2631547065",
"parent":"",
"text":"",
"mid":"yDbOyb6Zo",
"date":"2012-09-23 12:43:48"
},
{
"kids":[],
"uid":"1971318605",
"parent":"",
"text":"[给力]我听见了，节操碎了一地的声音。",
"mid":"yDaSrdkGQ",
"date":"2012-09-23 10:20:38"
},
{
"kids":[],
"uid":"1583071670",
"parent":"",
"text":"",
"mid":"yDajFjDYb",
"date":"2012-09-23 08:54:57"
},
{
"kids":[],
"uid":"2919944650",
"parent":"",
"text":"",
"mid":"yDaivx68y",
"date":"2012-09-23 08:52:06"
},
{
"kids":[],
"uid":"1746924117",
"parent":"yCM8i6c0m",
"text":"不会是真的吧？",
"mid":"yDabkwwfu",
"date":"2012-09-23 08:34:26"
},
{
"kids":[],
"uid":"yidianxiaohuai1314",
"parent":"yD5iVgaFx",
"text":"",
"mid":"yD5lez7b1",
"date":"2012-09-22 20:15:05"
},
{
"kids":[
"yD5lez7b1"
],
"uid":"yidianxiaohuai1314",
"parent":"",
"text":"",
"mid":"yD5iVgaFx",
"date":"2012-09-22 20:09:24"
},
{
"kids":[],
"uid":"520aini1314",
"parent":"yCL7baT6g",
"text":"",
"mid":"yD3hs82l2",
"date":"2012-09-22 15:00:17"
},
{
"kids":[],
"uid":"1541585745",
"parent":"",
"text":"我还能说什么",
"mid":"yD1xb6XCP",
"date":"2012-09-22 10:33:32"
},
{
"kids":[],
"uid":"2083405282",
"parent":"yCLzVD7Ip",
"text":"无语…",
"mid":"yCY2KejUe",
"date":"2012-09-22 01:40:19"
},
{
"kids":[],
"uid":"kattunerica",
"parent":"",
"text":"节操碎了一地",
"mid":"yCUzTpIhT",
"date":"2012-09-21 16:51:00"
},
{
"kids":[],
"uid":"1767907520",
"parent":"",
"text":"",
"mid":"yCRrOaaXm",
"date":"2012-09-21 08:52:50"
},
{
"kids":[],
"uid":"577190022",
"parent":"",
"text":"操操操",
"mid":"yCP1H3AzB",
"date":"2012-09-21 02:43:00"
},
{
"kids":[],
"uid":"niangaomiao",
"parent":"yCL7baT6g",
"text":"掩面。。",
"mid":"yCNHBqFSL",
"date":"2012-09-20 23:20:47"
},
{
"kids":[],
"uid":"1845307915",
"parent":"yCLkQ4Pna",
"text":"",
"mid":"yCNzZhgbW",
"date":"2012-09-20 23:02:00"
},
{
"kids":[],
"uid":"someacid",
"parent":"yCKnavEC7",
"text":"[汗]",
"mid":"yCNrMagRH",
"date":"2012-09-20 22:41:45"
},
{
"kids":[],
"uid":"koshuna",
"parent":"yCKrWjhUG",
"text":"[哈哈]",
"mid":"yCNp7gHca",
"date":"2012-09-20 22:35:13"
},
{
"kids":[],
"uid":"1574783463",
"parent":"yCKrWjhUG",
"text":"",
"mid":"yCNi1hzPQ",
"date":"2012-09-20 22:17:41"
},
{
"kids":[],
"uid":"1768928574",
"parent":"",
"text":"",
"mid":"yCN9Z5kcB",
"date":"2012-09-20 21:57:57"
},
{
"kids":[],
"uid":"1256140263",
"parent":"yCLvhefgJ",
"text":"创意。",
"mid":"yCMZNjEGk",
"date":"2012-09-20 21:32:50"
},
{
"kids":[],
"uid":"maezhang",
"parent":"yCLOK1XsO",
"text":"[嘻嘻][嘻嘻]",
"mid":"yCMSujFtO",
"date":"2012-09-20 21:14:49"
},
{
"kids":[],
"uid":"vivianying430",
"parent":"yCMjtkOG4",
"text":"唉，眼见这么好的品牌传播机会木有了。Ryanair真心不应该辟谣，而应该启用这个作为正式logo,一改低价品牌形象，相信不乏高帅富会倾情力挺[偷笑]",
"mid":"yCMRl7gJH",
"date":"2012-09-20 21:11:59"
},
{
"kids":[],
"uid":"2284508150",
"parent":"",
"text":"",
"mid":"yCMIVgTqr",
"date":"2012-09-20 20:51:15"
},
{
"kids":[],
"uid":"1105247293",
"parent":"yCLKbdXuz",
"text":"怎么觉得像空少啊？",
"mid":"yCMwLtrI5",
"date":"2012-09-20 20:21:19"
},
{
"kids":[],
"uid":"cherryzhuang",
"parent":"yCK5B3KWO",
"text":"[脸红]",
"mid":"yCMuo3tJ7",
"date":"2012-09-20 20:15:28"
},
{
"kids":[],
"uid":"scobydoo",
"parent":"yCLlmim7n",
"text":"[奥特曼]@cantonashen--曼联曼联",
"mid":"yCMsm7kg8",
"date":"2012-09-20 20:10:24"
},
{
"kids":[],
"uid":"1766353682",
"parent":"yCM6ikdEa",
"text":"[晕][汗][偷笑]",
"mid":"yCMqC0oSU",
"date":"2012-09-20 20:06:09"
},
{
"kids":[],
"uid":"2493884303",
"parent":"yCLj7p9Qs",
"text":"Ryanair!!! [哈哈][哈哈][哈哈]",
"mid":"yCMkTEixP",
"date":"2012-09-20 19:52:05"
},
{
"kids":[
"yCMRl7gJH"
],
"uid":"2026334823",
"parent":"yCM8i6c0m",
"text":"已经有人辟谣了，不是真的",
"mid":"yCMjtkOG4",
"date":"2012-09-20 19:48:34"
},
{
"kids":[],
"uid":"2029417357",
"parent":"yCKDYpfga",
"text":"[哈哈]",
"mid":"yCMin3vII",
"date":"2012-09-20 19:45:51"
},
{
"kids":[],
"uid":"2119836395",
"parent":"yCL7baT6g",
"text":"碎的好彻底 伴随菊花台悠扬的声音。。。",
"mid":"yCMfWFadb",
"date":"2012-09-20 19:39:54"
},
{
"kids":[],
"uid":"catrainbaby",
"parent":"yCLQjfAX0",
"text":"啊啊啊这都没看懂啊[黑线]@人生如此",
"mid":"yCMfL9QFQ",
"date":"2012-09-20 19:39:25"
},
{
"kids":[],
"uid":"1885376331",
"parent":"",
"text":"回复@给力牧羊犬_喆:意思是坐瑞安，与天使亲密接触，爽？[嘻嘻][哈哈]",
"mid":"yCMcp7qmM",
"date":"2012-09-20 19:31:06"
},
{
"kids":[],
"uid":"2106015697",
"parent":"yCM4o8Ekr",
"text":"[吃惊]佩服佩服！",
"mid":"yCM9czs5z",
"date":"2012-09-20 19:23:16"
},
{
"kids":[],
"uid":"tianyi930",
"parent":"yCKB4u8ec",
"text":"姿势水平真是高啊",
"mid":"yCM8V5qgQ",
"date":"2012-09-20 19:22:35"
},
{
"kids":[
"yDabkwwfu",
"yCMjtkOG4"
],
"uid":"2139868823",
"parent":"yCLQjfAX0",
"text":"你妹，Ryanair什么时候搞了这么猥亵的logo/@凯莉BB_Kelly:说实话，没看懂",
"mid":"yCM8i6c0m",
"date":"2012-09-20 19:21:02"
},
{
"kids":[],
"uid":"yelan81",
"parent":"yCLXpd1NJ",
"text":"右边，你了解偶的！！节操已经没有了！！",
"mid":"yCM81htv7",
"date":"2012-09-20 19:20:21"
},
{
"kids":[],
"uid":"1801312863",
"parent":"yCLtvk022",
"text":"[吃惊]基情啊！！！我们的鸡皮也碎了一地~~",
"mid":"yCM7ReBzH",
"date":"2012-09-20 19:19:54"
},
{
"kids":[],
"uid":"2033320210",
"parent":"",
"text":"[哈哈]! Poor Ryanair ! @FengRan_Mi @Dan2002 @吴迪大官人 @浮云上一灰机 @YK_S2012",
"mid":"yCM7DlL5n",
"date":"2012-09-20 19:19:24"
},
{
"kids":[],
"uid":"2414172635",
"parent":"yCM08xTQi",
"text":"[哈哈]",
"mid":"yCM7nnC9Q",
"date":"2012-09-20 19:18:46"
},
{
"kids":[
"yCMqC0oSU"
],
"uid":"801980101",
"parent":"yCLOK1XsO",
"text":"[吃惊]",
"mid":"yCM6ikdEa",
"date":"2012-09-20 19:16:06"
},
{
"kids":[
"yCM9czs5z"
],
"uid":"wxj0823",
"parent":"yCLaRBFxz",
"text":"太重口味了~",
"mid":"yCM4o8Ekr",
"date":"2012-09-20 19:11:21"
},
{
"kids":[],
"uid":"keenxu",
"parent":"",
"text":"我的神啊。。。。。。",
"mid":"yCM4awO8h",
"date":"2012-09-20 19:10:52"
},
{
"kids":[],
"uid":"doumabenben",
"parent":"",
"text":"[黑线]",
"mid":"yCM2csVGC",
"date":"2012-09-20 19:05:58"
},
{
"kids":[],
"uid":"2251011443",
"parent":"",
"text":"这个够狠",
"mid":"yCM227rfQ",
"date":"2012-09-20 19:05:35"
},
{
"kids":[],
"uid":"1934722841",
"parent":"",
"text":"",
"mid":"yCM1qktKi",
"date":"2012-09-20 19:04:06"
},
{
"kids":[],
"uid":"1871431724",
"parent":"yCM08xTQi",
"text":"",
"mid":"yCM10k5eq",
"date":"2012-09-20 19:03:05"
},
{
"kids":[],
"uid":"2251011443",
"parent":"",
"text":"这个够狠",
"mid":"yCM0PDaZt",
"date":"2012-09-20 19:02:39"
},
{
"kids":[],
"uid":"1730959374",
"parent":"",
"text":"左四全是备用吗..",
"mid":"yCM0ErcxS",
"date":"2012-09-20 19:02:10"
},
{
"kids":[
"yCM7nnC9Q",
"yCM10k5eq"
],
"uid":"1893168263",
"parent":"yCLNw2eqp",
"text":"",
"mid":"yCM08xTQi",
"date":"2012-09-20 19:00:56"
},
{
"kids":[],
"uid":"1949331521",
"parent":"yCLQjfAX0",
"text":"",
"mid":"yCLYqaC75",
"date":"2012-09-20 18:56:40"
},
{
"kids":[],
"uid":"1707014010",
"parent":"",
"text":"节操啊",
"mid":"yCLXMhSyW",
"date":"2012-09-20 18:55:06"
},
{
"kids":[
"yCM81htv7"
],
"uid":"1870452014",
"parent":"yCLTJnXHT",
"text":"@夜岚",
"mid":"yCLXpd1NJ",
"date":"2012-09-20 18:54:12"
},
{
"kids":[],
"uid":"2627363194",
"parent":"",
"text":"[汗]",
"mid":"yCLX5q0X9",
"date":"2012-09-20 18:53:22"
},
{
"kids":[],
"uid":"1735286253",
"parent":"",
"text":"",
"mid":"yCLWjxpcW",
"date":"2012-09-20 18:51:30"
},
{
"kids":[],
"uid":"1692059993",
"parent":"yCLs6qM5C",
"text":"",
"mid":"yCLW3iYMf",
"date":"2012-09-20 18:50:52"
},
{
"kids":[],
"uid":"1797123307",
"parent":"yCLTJnXHT",
"text":"这尼玛是什么标..",
"mid":"yCLVgdPej",
"date":"2012-09-20 18:48:56"
},
{
"kids":[],
"uid":"aaiseng",
"parent":"yCL7baT6g",
"text":"哎哟,少儿不宜坐此飞机",
"mid":"yCLV8ztl0",
"date":"2012-09-20 18:48:37"
},
{
"kids":[],
"uid":"2674849252",
"parent":"yCLpimvDr",
"text":"这个。。。",
"mid":"yCLUz7S7E",
"date":"2012-09-20 18:47:12"
},
{
"kids":[],
"uid":"ikezawanatsuki",
"parent":"",
"text":"嘩啦嘩啦……",
"mid":"yCLU72FuY",
"date":"2012-09-20 18:46:02"
},
{
"kids":[
"yCLXpd1NJ",
"yCLVgdPej"
],
"uid":"2513620390",
"parent":"yCLQnFnz4",
"text":"创意无限，相当的给力！[嘻嘻][威武]",
"mid":"yCLTJnXHT",
"date":"2012-09-20 18:45:09"
},
{
"kids":[],
"uid":"1570464257",
"parent":"yCLQnFnz4",
"text":"",
"mid":"yCLSJDL6x",
"date":"2012-09-20 18:42:42"
},
{
"kids":[
"yCLTJnXHT",
"yCLSJDL6x"
],
"uid":"208385050",
"parent":"yCLOkzZkg",
"text":"只转",
"mid":"yCLQnFnz4",
"date":"2012-09-20 18:36:54"
},
{
"kids":[
"yCMfL9QFQ",
"yCM8i6c0m",
"yCLYqaC75"
],
"uid":"2026334823",
"parent":"yCLOkzZkg",
"text":"说实话，没看懂",
"mid":"yCLQjfAX0",
"date":"2012-09-20 18:36:43"
},
{
"kids":[],
"uid":"1871696203",
"parent":"yCLKbdXuz",
"text":"",
"mid":"yCLQebOyE",
"date":"2012-09-20 18:36:29"
},
{
"kids":[
"yCMSujFtO",
"yCM6ikdEa"
],
"uid":"2160399382",
"parent":"yCKZe3L0M",
"text":"[汗][汗][汗]",
"mid":"yCLOK1XsO",
"date":"2012-09-20 18:32:49"
},
{
"kids":[
"yCLQnFnz4",
"yCLQjfAX0"
],
"uid":"gigifang",
"parent":"",
"text":"这是真的么？太开放了吧，节操啊[神马]@Vivian_应 @艾寇姐姐 @凯莉BB_Kelly @海伦F @jiejie_lovely @种向日葵的阿土伯 @William_Lei @奔波熊lee @sam_chen73",
"mid":"yCLOkzZkg",
"date":"2012-09-20 18:31:51"
},
{
"kids":[],
"uid":"danielpurcell",
"parent":"yCLkQ4Pna",
"text":"。。。。。",
"mid":"yCLOkhpL7",
"date":"2012-09-20 18:31:50"
},
{
"kids":[],
"uid":"1783626531",
"parent":"yCLKbdXuz",
"text":"回复@T66_coins:[汗]躺着也会中枪[衰]",
"mid":"yCLO5uOja",
"date":"2012-09-20 18:31:13"
},
{
"kids":[
"yCM08xTQi"
],
"uid":"lghraul2",
"parent":"",
"text":"@捷酱鸳鸯锅 [挖鼻屎]",
"mid":"yCLNw2eqp",
"date":"2012-09-20 18:29:50"
},
{
"kids":[
"yCMwLtrI5",
"yCLQebOyE",
"yCLO5uOja"
],
"uid":"1435772824",
"parent":"yCLAFoIje",
"text":"这个航空公司的空姐真开放，得挣多少钱啊[偷笑][威武]",
"mid":"yCLKbdXuz",
"date":"2012-09-20 18:21:35"
},
{
"kids":[],
"uid":"17441517",
"parent":"yCLpimvDr",
"text":"[晕][汗]",
"mid":"yCLHYmZF9",
"date":"2012-09-20 18:16:11"
},
{
"kids":[],
"uid":"1453647590",
"parent":"yCLzVD7Ip",
"text":"这是要干嘛尼？！",
"mid":"yCLGlm1cx",
"date":"2012-09-20 18:12:09"
},
{
"kids":[],
"uid":"1874018377",
"parent":"yCLAFoIje",
"text":"[挖鼻屎]",
"mid":"yCLGedNXm",
"date":"2012-09-20 18:11:53"
},
{
"kids":[],
"uid":"1644933081",
"parent":"",
"text":"次奥",
"mid":"yCLFN3QX3",
"date":"2012-09-20 18:10:47"
},
{
"kids":[],
"uid":"2677459217",
"parent":"",
"text":"",
"mid":"yCLFyg5A4",
"date":"2012-09-20 18:10:13"
},
{
"kids":[],
"uid":"1968148051",
"parent":"yCL7baT6g",
"text":"",
"mid":"yCLCcf4jt",
"date":"2012-09-20 18:01:58"
},
{
"kids":[],
"uid":"stewartcheung2010",
"parent":"yCLp1vOAc",
"text":"请问还有其他解释方法吗？还是只有我们看得出来...",
"mid":"yCLBCwSER",
"date":"2012-09-20 18:00:32"
},
{
"kids":[
"yCLKbdXuz",
"yCLGedNXm"
],
"uid":"t66coins",
"parent":"yCLzVD7Ip",
"text":"看了半天，觉得都没有第二种解释可能",
"mid":"yCLAFoIje",
"date":"2012-09-20 17:58:10"
},
{
"kids":[],
"uid":"tankhome",
"parent":"",
"text":"",
"mid":"yCLAiCede",
"date":"2012-09-20 17:57:15"
},
{
"kids":[
"yCY2KejUe",
"yCLGlm1cx",
"yCLAFoIje"
],
"uid":"anniedw",
"parent":"yCLtMrifg",
"text":"哇！太牛啦！！！@Gabrielzh @宁波小妮",
"mid":"yCLzVD7Ip",
"date":"2012-09-20 17:56:22"
},
{
"kids":[],
"uid":"1591183203",
"parent":"",
"text":"转发微博。",
"mid":"yCLyNj5vD",
"date":"2012-09-20 17:53:34"
},
{
"kids":[],
"uid":"2752624791",
"parent":"yCLvUwiRb",
"text":"。。@安倾天下",
"mid":"yCLxUk10J",
"date":"2012-09-20 17:51:23"
},
{
"kids":[],
"uid":"1742356200",
"parent":"yCL7baT6g",
"text":"额。。。",
"mid":"yCLxtrsQu",
"date":"2012-09-20 17:50:19"
},
{
"kids":[],
"uid":"1774609233",
"parent":"yCL7baT6g",
"text":"@条爷在北京",
"mid":"yCLxroiK3",
"date":"2012-09-20 17:50:11"
},
{
"kids":[],
"uid":"33vincent",
"parent":"yCLhvv9V8",
"text":"",
"mid":"yCLvW1c3a",
"date":"2012-09-20 17:46:31"
},
{
"kids":[
"yCLxUk10J"
],
"uid":"1822709685",
"parent":"yCLtMrifg",
"text":"@Angus-小A 是你的瑞安",
"mid":"yCLvUwiRb",
"date":"2012-09-20 17:46:28"
},
{
"kids":[
"yCMZNjEGk"
],
"uid":"bjfeb",
"parent":"yCLhvv9V8",
"text":"[黑线]",
"mid":"yCLvhefgJ",
"date":"2012-09-20 17:44:52"
},
{
"kids":[],
"uid":"2113299703",
"parent":"yCLrlsvhK",
"text":"回复@往南漂的小熊:我情愿相信它是ps的。。。",
"mid":"yCLu24gvN",
"date":"2012-09-20 17:41:51"
},
{
"kids":[
"yCLzVD7Ip",
"yCLvUwiRb"
],
"uid":"1976575481",
"parent":"",
"text":"[黑线]@好雨时节性福时刻 快来看",
"mid":"yCLtMrifg",
"date":"2012-09-20 17:41:13"
},
{
"kids":[
"yCM7ReBzH"
],
"uid":"2167063724",
"parent":"yCL7baT6g",
"text":"咣当~咣当~咣当……【[黑线]刚刚什么东西碎了？】",
"mid":"yCLtvk022",
"date":"2012-09-20 17:40:32"
},
{
"kids":[],
"uid":"1905783254",
"parent":"yCKKsgh62",
"text":"@龙迈康 @FlyEmirates888 @wyodoodoyw @郑ciao",
"mid":"yCLsLsZip",
"date":"2012-09-20 17:38:41"
},
{
"kids":[],
"uid":"fengjuanmao",
"parent":"",
"text":"……………",
"mid":"yCLsrEY7A",
"date":"2012-09-20 17:37:56"
},
{
"kids":[
"yCLW3iYMf"
],
"uid":"2478220822",
"parent":"",
"text":"动航应该好好学习人家",
"mid":"yCLs6qM5C",
"date":"2012-09-20 17:37:05"
},
{
"kids":[],
"uid":"lastlarme",
"parent":"yCL7sjbwf",
"text":"[囧]",
"mid":"yCLrWkyYE",
"date":"2012-09-20 17:36:40"
},
{
"kids":[
"yCLu24gvN"
],
"uid":"1402318994",
"parent":"yCLhfznQ0",
"text":"@MasakoTZ @往南漂的小熊 @小妖怪的大妖精quan @枫叶佩佩 。。。震惊了",
"mid":"yCLrlsvhK",
"date":"2012-09-20 17:35:13"
},
{
"kids":[],
"uid":"1495875094",
"parent":"yCL9bhysM",
"text":"适合你们… 太适合了… @笨手笨脚爱跌倒 @天你那么蓝看的我很烦 @坏人无所不能 … 不过你们三个人",
"mid":"yCLqSqFz5",
"date":"2012-09-20 17:34:02"
},
{
"kids":[],
"uid":"logotree",
"parent":"yCL7baT6g",
"text":"",
"mid":"yCLqB4Lzl",
"date":"2012-09-20 17:33:22"
},
{
"kids":[],
"uid":"benniejie",
"parent":"yCLlO5gL0",
"text":"。。。。。[汗][汗]",
"mid":"yCLpEdtwN",
"date":"2012-09-20 17:31:02"
},
{
"kids":[],
"uid":"liangliangsh",
"parent":"yCLp1vOAc",
"text":"",
"mid":"yCLpx9vZK",
"date":"2012-09-20 17:30:44"
},
{
"kids":[],
"uid":"lgc06041117",
"parent":"yCKNkdtkg",
"text":"[囧]",
"mid":"yCLpvECYs",
"date":"2012-09-20 17:30:42"
},
{
"kids":[
"yCLUz7S7E",
"yCLHYmZF9"
],
"uid":"2360721524",
"parent":"yCLntcCiA",
"text":"[xb压力]",
"mid":"yCLpimvDr",
"date":"2012-09-20 17:30:10"
},
{
"kids":[],
"uid":"zigzag",
"parent":"yCL7baT6g",
"text":"我也听到了[吐]@废柴-桑 @小小小学究 @小白的昭昭",
"mid":"yCLpdnsbK",
"date":"2012-09-20 17:29:58"
},
{
"kids":[],
"uid":"hongdafeng",
"parent":"",
"text":"[吃惊][思考][思考]",
"mid":"yCLp4vr2q",
"date":"2012-09-20 17:29:37"
},
{
"kids":[
"yCLBCwSER",
"yCLpx9vZK"
],
"uid":"mosquitoo1023",
"parent":"",
"text":"眼都快瞎了。。。",
"mid":"yCLp1vOAc",
"date":"2012-09-20 17:29:30"
},
{
"kids":[],
"uid":"2663531683",
"parent":"yCLbElOvv",
"text":"难道是我太淫荡，看到的只有情色",
"mid":"yCLoeb0yI",
"date":"2012-09-20 17:27:32"
},
{
"kids":[],
"uid":"gegeisagoodprincess",
"parent":"yCLmE4BFm",
"text":"@菠萝3袋你在哪 你知道这个@4ever昊 是阿弟哦，加哦",
"mid":"yCLnYx3cK",
"date":"2012-09-20 17:26:53"
},
{
"kids":[],
"uid":"hostph",
"parent":"yCL7baT6g",
"text":"",
"mid":"yCLnXldMh",
"date":"2012-09-20 17:26:50"
},
{
"kids":[
"yCLpimvDr"
],
"uid":"grlscz",
"parent":"yCL7baT6g",
"text":"[晕][汗]",
"mid":"yCLntcCiA",
"date":"2012-09-20 17:25:41"
},
{
"kids":[],
"uid":"337852786",
"parent":"",
"text":"",
"mid":"yCLnld9Jd",
"date":"2012-09-20 17:25:22"
},
{
"kids":[
"yCLnYx3cK"
],
"uid":"heizong",
"parent":"yCLltoSpz",
"text":"节操何在。。噗。。",
"mid":"yCLmE4BFm",
"date":"2012-09-20 17:23:38"
},
{
"kids":[],
"uid":"avinsui",
"parent":"yCLkY3ynR",
"text":"寓意着什么？呵呵",
"mid":"yCLm5eEJn",
"date":"2012-09-20 17:22:15"
},
{
"kids":[
"yCLpEdtwN"
],
"uid":"yuan015814",
"parent":"",
"text":"[巨汗][巨汗]",
"mid":"yCLlO5gL0",
"date":"2012-09-20 17:21:35"
},
{
"kids":[],
"uid":"boxofficegroup",
"parent":"",
"text":"求解释~",
"mid":"yCLlIpUep",
"date":"2012-09-20 17:21:21"
},
{
"kids":[
"yCLmE4BFm"
],
"uid":"gegeisagoodprincess",
"parent":"yCLeI3GWa",
"text":"这。。。[汗][汗][汗]",
"mid":"yCLltoSpz",
"date":"2012-09-20 17:20:45"
},
{
"kids":[
"yCMsm7kg8"
],
"uid":"1496887284",
"parent":"yCLgsgogn",
"text":"",
"mid":"yCLlmim7n",
"date":"2012-09-20 17:20:27"
},
{
"kids":[],
"uid":"2139036710",
"parent":"",
"text":"[偷笑]",
"mid":"yCLlfcPcG",
"date":"2012-09-20 17:20:12"
},
{
"kids":[
"yCLm5eEJn"
],
"uid":"duckysnail",
"parent":"yCKgBjuTf",
"text":"好有爱的国家",
"mid":"yCLkY3ynR",
"date":"2012-09-20 17:19:30"
},
{
"kids":[
"yCNzZhgbW",
"yCLOkhpL7"
],
"uid":"terrymomo",
"parent":"yCLe2oHej",
"text":"...................",
"mid":"yCLkQ4Pna",
"date":"2012-09-20 17:19:09"
},
{
"kids":[],
"uid":"1963654267",
"parent":"yCL7baT6g",
"text":"",
"mid":"yCLk6ic8k",
"date":"2012-09-20 17:17:21"
},
{
"kids":[],
"uid":"tangbao1019",
"parent":"yCLaq9Te1",
"text":"[衰]",
"mid":"yCLjZcFbW",
"date":"2012-09-20 17:17:02"
},
{
"kids":[],
"uid":"shchenxing",
"parent":"yCLhvv9V8",
"text":"[哈哈]",
"mid":"yCLjNlLLi",
"date":"2012-09-20 17:16:36"
},
{
"kids":[
"yCMkTEixP"
],
"uid":"1743265232",
"parent":"",
"text":"@暴力缺乏症 @李晔amylee @蚊小纸 @无菌的乌托邦者 @奶茶Ching",
"mid":"yCLj7p9Qs",
"date":"2012-09-20 17:14:55"
},
{
"kids":[],
"uid":"2275169532",
"parent":"",
"text":"我不知道正确的看法",
"mid":"yCLhH5GXu",
"date":"2012-09-20 17:11:26"
},
{
"kids":[
"yCLvW1c3a",
"yCLvhefgJ",
"yCLjNlLLi"
],
"uid":"gulijun0814",
"parent":"",
"text":"",
"mid":"yCLhvv9V8",
"date":"2012-09-20 17:10:59"
},
{
"kids":[
"yCLrlsvhK"
],
"uid":"alwaysthat",
"parent":"yCL7baT6g",
"text":"这是真的咩",
"mid":"yCLhfznQ0",
"date":"2012-09-20 17:10:21"
},
{
"kids":[],
"uid":"1961003793",
"parent":"yCL7baT6g",
"text":"毫无下限",
"mid":"yCLgIuxgv",
"date":"2012-09-20 17:09:02"
},
{
"kids":[],
"uid":"2381500880",
"parent":"yCLdY1tLv",
"text":"强的",
"mid":"yCLgyb4j8",
"date":"2012-09-20 17:08:37"
},
{
"kids":[
"yCLlmim7n"
],
"uid":"2258711204",
"parent":"",
"text":"[哈哈]重口味",
"mid":"yCLgsgogn",
"date":"2012-09-20 17:08:23"
},
{
"kids":[],
"uid":"1813632054",
"parent":"yCL7baT6g",
"text":"",
"mid":"yCLgidwo5",
"date":"2012-09-20 17:07:59"
},
{
"kids":[
"yCLltoSpz"
],
"uid":"1885551952",
"parent":"",
"text":"@倪DD龙年要努力 [汗][汗][汗]",
"mid":"yCLeI3GWa",
"date":"2012-09-20 17:04:05"
},
{
"kids":[],
"uid":"harusumoa",
"parent":"yCLd6d7EB",
"text":"眼瞎",
"mid":"yCLey3LbR",
"date":"2012-09-20 17:03:39"
},
{
"kids":[],
"uid":"2276225090",
"parent":"yCL7baT6g",
"text":"我看不懂",
"mid":"yCLef9SoS",
"date":"2012-09-20 17:02:56"
},
{
"kids":[
"yCLkQ4Pna"
],
"uid":"thegodland",
"parent":"",
"text":"'''''''",
"mid":"yCLe2oHej",
"date":"2012-09-20 17:02:26"
},
{
"kids":[
"yCLgyb4j8"
],
"uid":"qmzmpp",
"parent":"",
"text":"我什么都不知道，我的节操还在@请输入用户名 @零_求语速正常者",
"mid":"yCLdY1tLv",
"date":"2012-09-20 17:02:13"
},
{
"kids":[],
"uid":"amethysl",
"parent":"yCL7baT6g",
"text":"",
"mid":"yCLdFlKU3",
"date":"2012-09-20 17:01:31"
},
{
"kids":[
"yCLey3LbR"
],
"uid":"fusanshui",
"parent":"yCL7baT6g",
"text":"真的大丈夫么...",
"mid":"yCLd6d7EB",
"date":"2012-09-20 17:00:05"
},
{
"kids":[],
"uid":"nickwang1989",
"parent":"",
"text":"节操摔得好响",
"mid":"yCLcWqIdn",
"date":"2012-09-20 16:59:42"
},
{
"kids":[],
"uid":"1793513133",
"parent":"yCL7baT6g",
"text":"",
"mid":"yCLcM6iVE",
"date":"2012-09-20 16:59:19"
},
{
"kids":[],
"uid":"1038466830",
"parent":"",
"text":"[笑哈哈][笑哈哈][笑哈哈]",
"mid":"yCLcgbou5",
"date":"2012-09-20 16:58:03"
},
{
"kids":[],
"uid":"1938206037",
"parent":"",
"text":"",
"mid":"yCLcc3d4Y",
"date":"2012-09-20 16:57:51"
},
{
"kids":[],
"uid":"1846853972",
"parent":"",
"text":"[哈哈][哈哈][哈哈]这个得 @心外無物CV",
"mid":"yCLc7mmhs",
"date":"2012-09-20 16:57:42"
},
{
"kids":[],
"uid":"zhaokun0818",
"parent":"",
"text":"好丽友,",
"mid":"yCLc18hgJ",
"date":"2012-09-20 16:57:27"
},
{
"kids":[],
"uid":"1615685102",
"parent":"",
"text":"伦敦奥运口交的logo和这个比，简直是弱爆了！",
"mid":"yCLbU1FFJ",
"date":"2012-09-20 16:57:10"
},
{
"kids":[],
"uid":"1749091072",
"parent":"yCL9NrRwT",
"text":"好有动感",
"mid":"yCLbSi3dJ",
"date":"2012-09-20 16:57:04"
},
{
"kids":[
"yCLoeb0yI"
],
"uid":"1973901220",
"parent":"",
"text":"是不是暗示坐他们公司的飞机,会有基情?",
"mid":"yCLbElOvv",
"date":"2012-09-20 16:56:30"
},
{
"kids":[],
"uid":"1807648582",
"parent":"",
"text":"",
"mid":"yCLbE5kFb",
"date":"2012-09-20 16:56:30"
},
{
"kids":[],
"uid":"2680815875",
"parent":"yCL7baT6g",
"text":"我……[挖鼻屎]无语了",
"mid":"yCLb2eEJT",
"date":"2012-09-20 16:55:02"
},
{
"kids":[],
"uid":"kkwelove",
"parent":"",
"text":"转发微博.",
"mid":"yCLaXwlTG",
"date":"2012-09-20 16:54:51"
},
{
"kids":[],
"uid":"2537194745",
"parent":"yCL7baT6g",
"text":"不是真的吧[衰]",
"mid":"yCLaXvYdt",
"date":"2012-09-20 16:54:51"
},
{
"kids":[],
"uid":"208378980",
"parent":"",
"text":"算了这个时代需要基情 何有正常的理性",
"mid":"yCLaW3wTD",
"date":"2012-09-20 16:54:47"
},
{
"kids":[
"yCM4o8Ekr"
],
"uid":"leedayang",
"parent":"",
"text":"乘客趴在行李上就被会飞的干了。",
"mid":"yCLaRBFxz",
"date":"2012-09-20 16:54:38"
},
{
"kids":[
"yCLjZcFbW"
],
"uid":"senguoguo",
"parent":"yCL7baT6g",
"text":"[吃惊]艹！",
"mid":"yCLaq9Te1",
"date":"2012-09-20 16:53:32"
},
{
"kids":[],
"uid":"1987686827",
"parent":"yCL7baT6g",
"text":"[衰]",
"mid":"yCLa7g0yU",
"date":"2012-09-20 16:52:46"
},
{
"kids":[],
"uid":"2568303692",
"parent":"yCL9S9D1O",
"text":"大丈夫萌大奶。。。哈哈哈哈",
"mid":"yCLa59Lfv",
"date":"2012-09-20 16:52:41"
},
{
"kids":[],
"uid":"2800190724",
"parent":"",
"text":"吊",
"mid":"yCL9YlSk9",
"date":"2012-09-20 16:52:25"
},
{
"kids":[],
"uid":"trendbane",
"parent":"yCL7baT6g",
"text":"[偷笑]",
"mid":"yCL9Wyh8N",
"date":"2012-09-20 16:52:21"
},
{
"kids":[],
"uid":"zhixianglin",
"parent":"yCL7baT6g",
"text":"",
"mid":"yCL9T4WHH",
"date":"2012-09-20 16:52:12"
},
{
"kids":[
"yCLa59Lfv"
],
"uid":"vanessa1005",
"parent":"yCL7baT6g",
"text":"这样。。真的。。。大丈夫。。么。。。。[挖鼻屎]",
"mid":"yCL9S9D1O",
"date":"2012-09-20 16:52:10"
},
{
"kids":[
"yCLbSi3dJ"
],
"uid":"sunwillwu",
"parent":"yCL7baT6g",
"text":"吓死人",
"mid":"yCL9NrRwT",
"date":"2012-09-20 16:51:59"
},
{
"kids":[],
"uid":"518576123",
"parent":"",
"text":"果然掉了一地。。。",
"mid":"yCL9ynyF7",
"date":"2012-09-20 16:51:23"
},
{
"kids":[],
"uid":"fuleizhenshuai",
"parent":"yCL2VD7aB",
"text":"基友专用航空公司",
"mid":"yCL9bhyt9",
"date":"2012-09-20 16:50:27"
},
{
"kids":[
"yCLqSqFz5"
],
"uid":"luckyleelucky",
"parent":"yCL7baT6g",
"text":"怒转！！！碎的一塌糊涂！！！",
"mid":"yCL9bhysM",
"date":"2012-09-20 16:50:28"
},
{
"kids":[],
"uid":"207445682",
"parent":"yCL7baT6g",
"text":"十一月我就要坐着印有这个标志的飞机去德国么……节操啊！！",
"mid":"yCL94tFB7",
"date":"2012-09-20 16:50:12"
},
{
"kids":[],
"uid":"fatdododo",
"parent":"yCL7baT6g",
"text":"[j挂了]",
"mid":"yCL94dbyN",
"date":"2012-09-20 16:50:08"
},
{
"kids":[],
"uid":"xueling",
"parent":"yCL7baT6g",
"text":"我了个擦",
"mid":"yCL93AqDV",
"date":"2012-09-20 16:50:10"
},
{
"kids":[],
"uid":"zjfreeway",
"parent":"yCL7baT6g",
"text":"太直接了",
"mid":"yCL93AqC0",
"date":"2012-09-20 16:50:10"
},
{
"kids":[],
"uid":"2509919321",
"parent":"yCL7baT6g",
"text":"",
"mid":"yCL8OwdxY",
"date":"2012-09-20 16:49:34"
},
{
"kids":[],
"uid":"roddickw",
"parent":"yCL7baT6g",
"text":"hold不住啊。。。",
"mid":"yCL8titi8",
"date":"2012-09-20 16:48:42"
},
{
"kids":[],
"uid":"1765059702",
"parent":"yCL7baT6g",
"text":"",
"mid":"yCL8gfDcx",
"date":"2012-09-20 16:48:10"
},
{
"kids":[],
"uid":"chantecaille2010",
"parent":"yCL7baT6g",
"text":"[威武]",
"mid":"yCL7Esu1n",
"date":"2012-09-20 16:46:42"
},
{
"kids":[
"yCLrWkyYE"
],
"uid":"1829631952",
"parent":"yCL7baT6g",
"text":"这。。。。[汗]",
"mid":"yCL7sjbwf",
"date":"2012-09-20 16:46:11"
},
{
"kids":[],
"uid":"1919671930",
"parent":"",
"text":"@清真素食唐 @NX大项 @新闻重播-曹杰",
"mid":"yCL7f2z7W",
"date":"2012-09-20 16:45:38"
},
{
"kids":[],
"uid":"singlesing",
"parent":"",
"text":"其实，佢想表达D咩？！……",
"mid":"yCL7diefO",
"date":"2012-09-20 16:45:37"
},
{
"kids":[
"yDECX3BNQ",
"yD3hs82l2",
"yCNHBqFSL",
"yCMfWFadb",
"yCLV8ztl0",
"yCLCcf4jt",
"yCLxtrsQu",
"yCLxroiK3",
"yCLtvk022",
"yCLqB4Lzl",
"yCLpdnsbK",
"yCLnXldMh",
"yCLntcCiA",
"yCLk6ic8k",
"yCLhfznQ0",
"yCLgIuxgv",
"yCLgidwo5",
"yCLef9SoS",
"yCLdFlKU3",
"yCLd6d7EB",
"yCLcM6iVE",
"yCLb2eEJT",
"yCLaXvYdt",
"yCLaq9Te1",
"yCLa7g0yU",
"yCL9Wyh8N",
"yCL9T4WHH",
"yCL9S9D1O",
"yCL9NrRwT",
"yCL9bhysM",
"yCL94tFB7",
"yCL94dbyN",
"yCL93AqDV",
"yCL93AqC0",
"yCL8OwdxY",
"yCL8titi8",
"yCL8gfDcx",
"yCL7Esu1n",
"yCL7sjbwf"
],
"uid":"kiraaa",
"parent":"",
"text":"我听见了，节操碎了一地的声音。",
"mid":"yCL7baT6g",
"date":"2012-09-20 16:45:33"
},
{
"kids":[],
"uid":"2091275145",
"parent":"",
"text":"omg",
"mid":"yCL6XkFYv",
"date":"2012-09-20 16:44:59"
},
{
"kids":[],
"uid":"rasheedunk",
"parent":"",
"text":"惊了",
"mid":"yCL5pgivd",
"date":"2012-09-20 16:41:11"
},
{
"kids":[],
"uid":"1738177123",
"parent":"",
"text":"",
"mid":"yCL4915bD",
"date":"2012-09-20 16:38:03"
},
{
"kids":[
"yCL9bhyt9"
],
"uid":"tadeokun",
"parent":"",
"text":"不会吧。。。我曾经整天刷机票的瑞安。。。@林胖妞要健健康康 @岚cacela @DorisaEwbar",
"mid":"yCL2VD7aB",
"date":"2012-09-20 16:35:04"
},
{
"kids":[],
"uid":"2120082041",
"parent":"yCK4gzHz6",
"text":"啊？",
"mid":"yCKZUyeOF",
"date":"2012-09-20 16:27:38"
},
{
"kids":[],
"uid":"1788609690",
"parent":"",
"text":"求证实。",
"mid":"yCKZKgsoZ",
"date":"2012-09-20 16:27:11"
},
{
"kids":[
"yCLOK1XsO"
],
"uid":"2166085594",
"parent":"yCKLqirut",
"text":"[汗][汗][汗]",
"mid":"yCKZe3L0M",
"date":"2012-09-20 16:25:55"
},
{
"kids":[],
"uid":"1925505332",
"parent":"",
"text":"[汗][汗][汗]",
"mid":"yCKXv5POC",
"date":"2012-09-20 16:21:41"
},
{
"kids":[],
"uid":"209594747",
"parent":"",
"text":"",
"mid":"yCKWSlMQJ",
"date":"2012-09-20 16:20:07"
},
{
"kids":[],
"uid":"k1do",
"parent":"yCKUw5Dgb",
"text":"...............",
"mid":"yCKUIcAB2",
"date":"2012-09-20 16:14:48"
},
{
"kids":[
"yCKUIcAB2"
],
"uid":"1804916803",
"parent":"yCKLqirut",
"text":"................",
"mid":"yCKUw5Dgb",
"date":"2012-09-20 16:14:18"
},
{
"kids":[],
"uid":"2130415354",
"parent":"",
"text":"[哈哈]",
"mid":"yCKTQ9NuK",
"date":"2012-09-20 16:12:40"
},
{
"kids":[],
"uid":"2670521020",
"parent":"",
"text":"假的",
"mid":"yCKSjgIMH",
"date":"2012-09-20 16:08:53"
},
{
"kids":[],
"uid":"kuangfengge",
"parent":"",
"text":"节操在那里啊`````我晕```",
"mid":"yCKPgtadL",
"date":"2012-09-20 16:01:24"
},
{
"kids":[],
"uid":"bamboosuri",
"parent":"",
"text":"妈呀···",
"mid":"yCKOwCQ9F",
"date":"2012-09-20 15:59:34"
},
{
"kids":[],
"uid":"kittenlau",
"parent":"yCKLqirut",
"text":"呢啲叫：画公仔画出场。。。",
"mid":"yCKO4z57l",
"date":"2012-09-20 15:58:27"
},
{
"kids":[],
"uid":"belovedsnow",
"parent":"",
"text":"系统自动转发....",
"mid":"yCKNW3eBe",
"date":"2012-09-20 15:58:07"
},
{
"kids":[
"yCLpvECYs"
],
"uid":"2030833723",
"parent":"",
"text":"呢个logo米叫天人合一罗[偷笑]",
"mid":"yCKNkdtkg",
"date":"2012-09-20 15:56:36"
},
{
"kids":[],
"uid":"1245775694",
"parent":"yCKB4u8ec",
"text":"这标也太霸气侧漏了",
"mid":"yCKN61oi8",
"date":"2012-09-20 15:56:02"
},
{
"kids":[
"yCKZe3L0M",
"yCKUw5Dgb",
"yCKO4z57l"
],
"uid":"cyrustang",
"parent":"",
"text":"........................",
"mid":"yCKLqirut",
"date":"2012-09-20 15:51:55"
},
{
"kids":[],
"uid":"523461448",
"parent":"",
"text":"...........................",
"mid":"yCKKIy0d6",
"date":"2012-09-20 15:50:10"
},
{
"kids":[
"yCLsLsZip"
],
"uid":"pandaleonlee",
"parent":"yCK1M47z6",
"text":"回复@Hazol训过龙就是睡过头:神一样的LOGO！节操全无！",
"mid":"yCKKsgh62",
"date":"2012-09-20 15:49:33"
},
{
"kids":[],
"uid":"1419395207",
"parent":"yCKkc75Gy",
"text":"爱航就是不一样",
"mid":"yCKKh3Iwv",
"date":"2012-09-20 15:49:06"
},
{
"kids":[],
"uid":"1107072594",
"parent":"",
"text":"哇塞～",
"mid":"yCKIQqwg0",
"date":"2012-09-20 15:45:33"
},
{
"kids":[
"yCMin3vII"
],
"uid":"2024993501",
"parent":"yCKxfdLhH",
"text":"这设计，真奔放！@糖沁苹果",
"mid":"yCKDYpfga",
"date":"2012-09-20 15:33:34"
},
{
"kids":[],
"uid":"1749689205",
"parent":"",
"text":"no way",
"mid":"yCKD9zyJj",
"date":"2012-09-20 15:31:34"
},
{
"kids":[
"yCM8V5qgQ",
"yCKN61oi8"
],
"uid":"blucek",
"parent":"yCKlEeKQj",
"text":"这",
"mid":"yCKB4u8ec",
"date":"2012-09-20 15:26:26"
},
{
"kids":[],
"uid":"1734670747",
"parent":"",
"text":"@傻出名 @alx_supertramp",
"mid":"yCKA47F6k",
"date":"2012-09-20 15:23:57"
},
{
"kids":[],
"uid":"jophyliu",
"parent":"yCKq3iAxy",
"text":"……",
"mid":"yCKxU0RoK",
"date":"2012-09-20 15:18:38"
},
{
"kids":[
"yCKDYpfga"
],
"uid":"thedogchi",
"parent":"yCKmO3ihN",
"text":"",
"mid":"yCKxfdLhH",
"date":"2012-09-20 15:16:58"
},
{
"kids":[],
"uid":"2344020874",
"parent":"yCKpyxnM1",
"text":"[晕]",
"mid":"yCKvwxvxe",
"date":"2012-09-20 15:12:46"
},
{
"kids":[],
"uid":"pansy830720",
"parent":"yCKp9siAN",
"text":"是说我要at给客户看么[汗]@miffy的叉叉嘴 @winniemaaaa",
"mid":"yCKucn3CO",
"date":"2012-09-20 15:09:28"
},
{
"kids":[],
"uid":"darinhan",
"parent":"yCKqv6w9J",
"text":"",
"mid":"yCKtFxwSt",
"date":"2012-09-20 15:08:12"
},
{
"kids":[],
"uid":"qiangqiangqiang",
"parent":"yCKnavEC7",
"text":"[吃惊][吃惊][吃惊]",
"mid":"yCKtbaGhZ",
"date":"2012-09-20 15:06:57"
},
{
"kids":[],
"uid":"1798570351",
"parent":"yCK2Ermjh",
"text":"。。。",
"mid":"yCKshig8k",
"date":"2012-09-20 15:04:47"
},
{
"kids":[
"yCNp7gHca",
"yCNi1hzPQ"
],
"uid":"1916431921",
"parent":"",
"text":"這Logo高喊著：我們天天幹客戶！！！！！",
"mid":"yCKrWjhUG",
"date":"2012-09-20 15:03:54"
},
{
"kids":[
"yCKtFxwSt"
],
"uid":"2400452202",
"parent":"",
"text":"好天真",
"mid":"yCKqv6w9J",
"date":"2012-09-20 15:00:23"
},
{
"kids":[],
"uid":"jiji1221",
"parent":"",
"text":"真的假的！",
"mid":"yCKqn6HVj",
"date":"2012-09-20 15:00:01"
},
{
"kids":[],
"uid":"smweiyiing",
"parent":"",
"text":"",
"mid":"yCKq7rOlC",
"date":"2012-09-20 14:59:26"
},
{
"kids":[
"yCKxU0RoK"
],
"uid":"2303642560",
"parent":"",
"text":"太开放啦 [偷笑]",
"mid":"yCKq3iAxy",
"date":"2012-09-20 14:59:17"
},
{
"kids":[],
"uid":"michaelzouzou",
"parent":"",
"text":"",
"mid":"yCKpYic7r",
"date":"2012-09-20 14:59:06"
},
{
"kids":[
"yCKvwxvxe"
],
"uid":"itsduoduo",
"parent":"yCKnavEC7",
"text":"还是一对基…………[挖鼻屎]",
"mid":"yCKpyxnM1",
"date":"2012-09-20 14:58:04"
},
{
"kids":[],
"uid":"huoyaoshiren",
"parent":"yCKmO3ihN",
"text":"老外就是狠。。。",
"mid":"yCKpvA3Nv",
"date":"2012-09-20 14:57:57"
},
{
"kids":[
"yCKucn3CO"
],
"uid":"1843762307",
"parent":"yCKlceAhn",
"text":"好Logo",
"mid":"yCKp9siAN",
"date":"2012-09-20 14:57:02"
},
{
"kids":[
"yCNrMagRH",
"yCKtbaGhZ",
"yCKpyxnM1"
],
"uid":"1326602321",
"parent":"",
"text":"[吃惊][吃惊][吃惊]",
"mid":"yCKnavEC7",
"date":"2012-09-20 14:52:10"
},
{
"kids":[
"yCKxfdLhH",
"yCKpvA3Nv"
],
"uid":"bobooo1984",
"parent":"yCKkBvHOB",
"text":"。。。。。。。。。",
"mid":"yCKmO3ihN",
"date":"2012-09-20 14:51:17"
},
{
"kids":[],
"uid":"sinjpg",
"parent":"",
"text":"",
"mid":"yCKlF7ZO7",
"date":"2012-09-20 14:48:29"
},
{
"kids":[
"yCKB4u8ec"
],
"uid":"ijuventinizhangzhuo",
"parent":"yCKkBvHOB",
"text":"我勒个去",
"mid":"yCKlEeKQj",
"date":"2012-09-20 14:48:26"
},
{
"kids":[],
"uid":"jasonchu",
"parent":"yCKgBjuTf",
"text":"@sclera 爱尔兰才是和谐社会啊",
"mid":"yCKleeuHq",
"date":"2012-09-20 14:47:22"
},
{
"kids":[
"yCKp9siAN"
],
"uid":"pinker007",
"parent":"",
"text":"@夏呼 这个这个！！！",
"mid":"yCKlceAhn",
"date":"2012-09-20 14:47:17"
},
{
"kids":[],
"uid":"1832817823",
"parent":"yCKkBvHOB",
"text":"[衰]",
"mid":"yCKkZcPEP",
"date":"2012-09-20 14:46:48"
},
{
"kids":[],
"uid":"2163739312",
"parent":"yCK2Ermjh",
"text":"",
"mid":"yCKkDkACn",
"date":"2012-09-20 14:45:57"
},
{
"kids":[
"yCKmO3ihN",
"yCKlEeKQj",
"yCKkZcPEP"
],
"uid":"gaoyuan0214",
"parent":"yCKkc75Gy",
"text":"哈哈哈",
"mid":"yCKkBvHOB",
"date":"2012-09-20 14:45:52"
},
{
"kids":[],
"uid":"bdwsjc",
"parent":"",
"text":"哇塞[lxhx逗左右]",
"mid":"yCKkd2ypR",
"date":"2012-09-20 14:44:53"
},
{
"kids":[
"yCKKh3Iwv",
"yCKkBvHOB"
],
"uid":"1823680511",
"parent":"",
"text":"这姿势。。。",
"mid":"yCKkc75Gy",
"date":"2012-09-20 14:44:51"
},
{
"kids":[],
"uid":"1094663647",
"parent":"",
"text":"告诉我 这不是真的",
"mid":"yCKjP49xl",
"date":"2012-09-20 14:43:56"
},
{
"kids":[],
"uid":"1894116355",
"parent":"",
"text":"一定是我看的方式不对！！！",
"mid":"yCKjrpzSE",
"date":"2012-09-20 14:43:00"
},
{
"kids":[],
"uid":"veeravit",
"parent":"yCKgBjuTf",
"text":"[衰]这是属木？",
"mid":"yCKjaCTm6",
"date":"2012-09-20 14:42:20"
},
{
"kids":[],
"uid":"1645719547",
"parent":"yCKgBjuTf",
"text":"",
"mid":"yCKhis0Yx",
"date":"2012-09-20 14:37:44"
},
{
"kids":[
"yCLkY3ynR",
"yCKleeuHq",
"yCKjaCTm6",
"yCKhis0Yx"
],
"uid":"vainsid1982",
"parent":"",
"text":"真他妈细致啊",
"mid":"yCKgBjuTf",
"date":"2012-09-20 14:35:59"
},
{
"kids":[],
"uid":"1747686620",
"parent":"",
"text":"......邪恶[偷笑]",
"mid":"yCKfUc020",
"date":"2012-09-20 14:34:17"
},
{
"kids":[],
"uid":"206160444",
"parent":"",
"text":"",
"mid":"yCKemsq0Q",
"date":"2012-09-20 14:30:29"
},
{
"kids":[],
"uid":"1892908952",
"parent":"",
"text":"哈哈哈哈 内涵",
"mid":"yCKc9js51",
"date":"2012-09-20 14:25:03"
},
{
"kids":[],
"uid":"ooiooooo",
"parent":"",
"text":"弄死我都不得信",
"mid":"yCK8Txbtv",
"date":"2012-09-20 14:17:01"
},
{
"kids":[],
"uid":"apple2500",
"parent":"",
"text":"真的假的！这也太直率了！",
"mid":"yCK8FCplY",
"date":"2012-09-20 14:16:27"
},
{
"kids":[],
"uid":"100tccollection",
"parent":"",
"text":"wtf",
"mid":"yCK8gg4kp",
"date":"2012-09-20 14:15:25"
},
{
"kids":[],
"uid":"rainstop",
"parent":"",
"text":"@武装小裤衩",
"mid":"yCK7CmbYs",
"date":"2012-09-20 14:13:50"
},
{
"kids":[],
"uid":"2269057560",
"parent":"",
"text":"",
"mid":"yCK7orwdm",
"date":"2012-09-20 14:13:18"
},
{
"kids":[],
"uid":"1836292364",
"parent":"",
"text":"",
"mid":"yCK6SwoB0",
"date":"2012-09-20 14:12:01"
},
{
"kids":[],
"uid":"bincun",
"parent":"",
"text":"",
"mid":"yCK5LoezB",
"date":"2012-09-20 14:09:18"
},
{
"kids":[
"yCMuo3tJ7"
],
"uid":"lolycherry",
"parent":"",
"text":"我应该是不够CJ~邪恶了人家一把~",
"mid":"yCK5B3KWO",
"date":"2012-09-20 14:08:51"
},
{
"kids":[],
"uid":"rooton",
"parent":"",
"text":"我擦！！！！！！！",
"mid":"yCK56CllL",
"date":"2012-09-20 14:07:41"
},
{
"kids":[],
"uid":"1943932123",
"parent":"",
"text":"擦…@李灿灿疯了",
"mid":"yCK4Zd8Bu",
"date":"2012-09-20 14:07:21"
},
{
"kids":[],
"uid":"133386638",
"parent":"",
"text":"这。。。",
"mid":"yCK4Hv1HC",
"date":"2012-09-20 14:06:41"
},
{
"kids":[
"yCKZUyeOF"
],
"uid":"huanxin0305",
"parent":"",
"text":"[哈哈]",
"mid":"yCK4gzHz6",
"date":"2012-09-20 14:05:37"
},
{
"kids":[],
"uid":"1851463417",
"parent":"",
"text":"我们的同志打入了敌人的内部",
"mid":"yCK42789t",
"date":"2012-09-20 14:05:02"
},
{
"kids":[],
"uid":"cululong",
"parent":"",
"text":"哈哈哈哈哈哈~",
"mid":"yCK3RsGn9",
"date":"2012-09-20 14:04:37"
},
{
"kids":[
"yCKshig8k",
"yCKkDkACn"
],
"uid":"1909954811",
"parent":"",
"text":"[挖鼻屎]",
"mid":"yCK2Ermjh",
"date":"2012-09-20 14:01:36"
},
{
"kids":[],
"uid":"2323536873",
"parent":"",
"text":"旗帜鲜明啊",
"mid":"yCK2xDB4a",
"date":"2012-09-20 14:01:22"
},
{
"kids":[],
"uid":"spuerovvo",
"parent":"",
"text":"@邵翔_Shine 。。。。。。这尼玛。。。",
"mid":"yCK2xlZG5",
"date":"2012-09-20 14:01:21"
},
{
"kids":[],
"uid":"rudong2010",
"parent":"",
"text":"",
"mid":"yCK2754kX",
"date":"2012-09-20 14:00:19"
},
{
"kids":[],
"uid":"528027892",
"parent":"",
"text":"处处是基情......",
"mid":"yCK26ayzz",
"date":"2012-09-20 14:00:16"
},
{
"kids":[
"yCKKsgh62"
],
"uid":"dianmei011ban",
"parent":"",
"text":"哇太强了吧？",
"mid":"yCK1M47z6",
"date":"2012-09-20 13:59:28"
}
]