[
{
"kids":[],
"uid":"3177434541",
"parent":"",
"text":"",
"mid":"A2hv9r8ng",
"date":"2013-07-29 16:39:51"
},
{
"kids":[],
"uid":"3045067854",
"parent":"zyDK34a2K",
"text":"",
"mid":"zCI2NbS7T",
"date":"2013-06-23 07:40:46"
},
{
"kids":[],
"uid":"2809563220",
"parent":"",
"text":"",
"mid":"zABpc2m16",
"date":"2013-06-09 11:06:07"
},
{
"kids":[],
"uid":"3045449284",
"parent":"",
"text":"",
"mid":"zAzUoevfC",
"date":"2013-06-09 07:17:29"
},
{
"kids":[],
"uid":"2804946034",
"parent":"",
"text":"",
"mid":"zAta5aoyy",
"date":"2013-06-08 14:06:56"
},
{
"kids":[],
"uid":"2273028063",
"parent":"",
"text":"",
"mid":"zzV05F7eC",
"date":"2013-06-04 23:08:56"
},
{
"kids":[],
"uid":"2789779330",
"parent":"",
"text":"",
"mid":"zzy6N4BFP",
"date":"2013-06-02 12:52:14"
},
{
"kids":[],
"uid":"2790131174",
"parent":"",
"text":"",
"mid":"zznZHmVHn",
"date":"2013-06-01 11:07:19"
},
{
"kids":[],
"uid":"1583868952",
"parent":"",
"text":"",
"mid":"zzmNCxmfe",
"date":"2013-06-01 08:04:49"
},
{
"kids":[],
"uid":"2314328117",
"parent":"",
"text":"",
"mid":"zyQsu2SjE",
"date":"2013-05-28 21:44:47"
},
{
"kids":[],
"uid":"3486775905",
"parent":"zyEc2v8nF",
"text":"",
"mid":"zyQkmeCl5",
"date":"2013-05-28 21:24:48"
},
{
"kids":[],
"uid":"1801562292",
"parent":"zywNp3c12",
"text":"这虫有毒是真的。我小时候曾被它爬过产生和图中类似皮肤溃烂。而且是很难好的。虽不至于伤害生命但还是很恶心的@微博小秘书",
"mid":"zyPyqttVQ",
"date":"2013-05-28 19:26:43"
},
{
"kids":[],
"uid":"1778163502",
"parent":"zyEc2v8nF",
"text":"",
"mid":"zyMqXeszA",
"date":"2013-05-28 11:30:05"
},
{
"kids":[],
"uid":"2474103393",
"parent":"",
"text":"太吓人了！",
"mid":"zyI0DjoKR",
"date":"2013-05-28 00:14:12"
},
{
"kids":[],
"uid":"234611688",
"parent":"zyxgdg6sy",
"text":"",
"mid":"zyHS3bcqT",
"date":"2013-05-27 23:53:03"
},
{
"kids":[],
"uid":"2239637844",
"parent":"zyHvg8sUy",
"text":"",
"mid":"zyHPqAGXV",
"date":"2013-05-27 23:46:40"
},
{
"kids":[],
"uid":"2302325730",
"parent":"zyHvg8sUy",
"text":"[衰]",
"mid":"zyHG0p9V4",
"date":"2013-05-27 23:23:25"
},
{
"kids":[
"zyHPqAGXV",
"zyHG0p9V4"
],
"uid":"2074771153",
"parent":"zyGzjvkX1",
"text":"我也受过隐翅虫的折磨呀，很难受！",
"mid":"zyHvg8sUy",
"date":"2013-05-27 22:56:57"
},
{
"kids":[],
"uid":"1651170262",
"parent":"zyD5YkpYu",
"text":"",
"mid":"zyHm5ANvp",
"date":"2013-05-27 22:34:20"
},
{
"kids":[],
"uid":"waterfishxu",
"parent":"zyFMegoxi",
"text":"中毒后的反应好好好好恶心啊[生病]",
"mid":"zyHe6l63V",
"date":"2013-05-27 22:14:41"
},
{
"kids":[],
"uid":"1755388401",
"parent":"zyFfDnscx",
"text":"果壳网有辟过谣，http:",
"mid":"zyGUJpWcl",
"date":"2013-05-27 21:26:58"
},
{
"kids":[
"zyHPqAGXV",
"zyHG0p9V4",
"zyHvg8sUy"
],
"uid":"3229197325",
"parent":"",
"text":"",
"mid":"zyGzjvkX1",
"date":"2013-05-27 20:34:11"
},
{
"kids":[],
"uid":"2104349592",
"parent":"",
"text":"",
"mid":"zyGhwoNel",
"date":"2013-05-27 19:50:20"
},
{
"kids":[],
"uid":"2437130984",
"parent":"",
"text":"",
"mid":"zyG4B3yNF",
"date":"2013-05-27 19:18:29"
},
{
"kids":[],
"uid":"neusion",
"parent":"zyFfDnscx",
"text":"",
"mid":"zyG2x9zfg",
"date":"2013-05-27 19:13:26"
},
{
"kids":[
"zyHe6l63V"
],
"uid":"elinezhang",
"parent":"zywNp3c12",
"text":"又是虫又是虫！最近满脑子都是灭虫，一楼的真心伤不起啊[抓狂]",
"mid":"zyFMegoxi",
"date":"2013-05-27 18:33:16"
},
{
"kids":[],
"uid":"wrf361",
"parent":"zyDhaoLX4",
"text":"",
"mid":"zyFKC3nAr",
"date":"2013-05-27 18:29:17"
},
{
"kids":[],
"uid":"2787603434",
"parent":"",
"text":"真系吓死。 大家注意啦。",
"mid":"zyFD11OAU",
"date":"2013-05-27 18:10:35"
},
{
"kids":[],
"uid":"2289477807",
"parent":"",
"text":"太可怕了，小心！",
"mid":"zyFhcyZTl",
"date":"2013-05-27 17:16:48"
},
{
"kids":[
"zyGUJpWcl",
"zyG2x9zfg"
],
"uid":"1557208794",
"parent":"zyEY4bFpC",
"text":"次奥！！我昨天见过这个虫子！！就在我家！",
"mid":"zyFfDnscx",
"date":"2013-05-27 17:12:56"
},
{
"kids":[],
"uid":"2619785605",
"parent":"zyDblyV39",
"text":"",
"mid":"zyFcyvnbS",
"date":"2013-05-27 17:05:22"
},
{
"kids":[],
"uid":"2028405663",
"parent":"zyEIcbuBk",
"text":"",
"mid":"zyF9Xrtjp",
"date":"2013-05-27 16:59:00"
},
{
"kids":[],
"uid":"2040051894",
"parent":"",
"text":"",
"mid":"zyF8C74kh",
"date":"2013-05-27 16:55:40"
},
{
"kids":[
"zyGUJpWcl",
"zyG2x9zfg",
"zyFfDnscx"
],
"uid":"2090424195",
"parent":"zyCL4eVy3",
"text":"@静香大吉君 @腹黑女王攻",
"mid":"zyEY4bFpC",
"date":"2013-05-27 16:29:39"
},
{
"kids":[],
"uid":"2367667290",
"parent":"",
"text":"",
"mid":"zyEMVjZzk",
"date":"2013-05-27 16:02:14"
},
{
"kids":[
"zyF9Xrtjp"
],
"uid":"pchyfish",
"parent":"zyDWBniPw",
"text":"",
"mid":"zyEIcbuBk",
"date":"2013-05-27 15:50:33"
},
{
"kids":[],
"uid":"2119278604",
"parent":"zyDblyV39",
"text":"[震惊]",
"mid":"zyEw2mZA8",
"date":"2013-05-27 15:20:36"
},
{
"kids":[],
"uid":"2775255334",
"parent":"zyEfu7OJC",
"text":"",
"mid":"zyEorFCgt",
"date":"2013-05-27 15:01:56"
},
{
"kids":[
"zyEorFCgt"
],
"uid":"3075293477",
"parent":"zyDqkltB1",
"text":"好恶心啊",
"mid":"zyEfu7OJC",
"date":"2013-05-27 14:39:51"
},
{
"kids":[
"zyQkmeCl5",
"zyMqXeszA"
],
"uid":"1847936210",
"parent":"",
"text":"",
"mid":"zyEc2v8nF",
"date":"2013-05-27 14:31:21"
},
{
"kids":[],
"uid":"2965167811",
"parent":"",
"text":"",
"mid":"zyE98gFlv",
"date":"2013-05-27 14:24:12"
},
{
"kids":[],
"uid":"1909096951",
"parent":"zyD5YkpYu",
"text":"",
"mid":"zyE6l760S",
"date":"2013-05-27 14:17:19"
},
{
"kids":[
"zyF9Xrtjp",
"zyEIcbuBk"
],
"uid":"1880608654",
"parent":"zyDM0fPF1",
"text":"好恶心啊 我靠",
"mid":"zyDWBniPw",
"date":"2013-05-27 13:53:19"
},
{
"kids":[],
"uid":"2052671964",
"parent":"zyxgdg6sy",
"text":"我除了蚊子会打 其他的都是哄走",
"mid":"zyDT2pe3g",
"date":"2013-05-27 13:44:33"
},
{
"kids":[
"zyF9Xrtjp",
"zyEIcbuBk",
"zyDWBniPw"
],
"uid":"1627712232",
"parent":"zyD5YkpYu",
"text":"",
"mid":"zyDM0fPF1",
"date":"2013-05-27 13:27:12"
},
{
"kids":[
"zCI2NbS7T"
],
"uid":"3263469414",
"parent":"",
"text":"",
"mid":"zyDK34a2K",
"date":"2013-05-27 13:22:24"
},
{
"kids":[],
"uid":"2337756125",
"parent":"zyD5YkpYu",
"text":"",
"mid":"zyDDD4gaY",
"date":"2013-05-27 13:06:35"
},
{
"kids":[
"zyEorFCgt",
"zyEfu7OJC"
],
"uid":"206001028",
"parent":"zyxG9k36u",
"text":"我記得去年也鬧了一個蟲害，沒記錯的話叫蜱蟲吧〜轉起〜大家注意防範",
"mid":"zyDqkltB1",
"date":"2013-05-27 12:33:49"
},
{
"kids":[
"zyFKC3nAr"
],
"uid":"2062940211",
"parent":"",
"text":"轉發微博",
"mid":"zyDhaoLX4",
"date":"2013-05-27 12:11:15"
},
{
"kids":[],
"uid":"1ai2zi3ji",
"parent":"zyD5YkpYu",
"text":"不知道这次过敏是不是被这种虫子咬了？？下巴和脖子脱皮后有印子。",
"mid":"zyDfK3tzm",
"date":"2013-05-27 12:07:47"
},
{
"kids":[],
"uid":"730678384",
"parent":"zyD5YkpYu",
"text":"@某某鱼--",
"mid":"zyDdauFCc",
"date":"2013-05-27 12:01:22"
},
{
"kids":[
"zyFcyvnbS",
"zyEw2mZA8"
],
"uid":"aiyazhi",
"parent":"zyD5YkpYu",
"text":"[震惊]",
"mid":"zyDblyV39",
"date":"2013-05-27 11:56:58"
},
{
"kids":[],
"uid":"1583040740",
"parent":"zyD2kfCDl",
"text":"真的假的[思考]，還是轉了吧！",
"mid":"zyD97Bx6B",
"date":"2013-05-27 11:51:25"
},
{
"kids":[],
"uid":"wangguangna",
"parent":"zyD5YkpYu",
"text":"[惊恐]",
"mid":"zyD8JFf4n",
"date":"2013-05-27 11:50:28"
},
{
"kids":[
"zyHm5ANvp",
"zyFcyvnbS",
"zyF9Xrtjp",
"zyEIcbuBk",
"zyEw2mZA8",
"zyE6l760S",
"zyDWBniPw",
"zyDM0fPF1",
"zyDDD4gaY",
"zyDfK3tzm",
"zyDdauFCc",
"zyDblyV39",
"zyD8JFf4n"
],
"uid":"2086696775",
"parent":"zyD2kfCDl",
"text":"我被咬过，左肩现在还有个疤！！",
"mid":"zyD5YkpYu",
"date":"2013-05-27 11:43:40"
},
{
"kids":[
"zyHm5ANvp",
"zyFcyvnbS",
"zyF9Xrtjp",
"zyEIcbuBk",
"zyEw2mZA8",
"zyE6l760S",
"zyDWBniPw",
"zyDM0fPF1",
"zyDDD4gaY",
"zyDfK3tzm",
"zyDdauFCc",
"zyDblyV39",
"zyD97Bx6B",
"zyD8JFf4n",
"zyD5YkpYu"
],
"uid":"2616514835",
"parent":"zyxgdg6sy",
"text":"太可怕了[衰]",
"mid":"zyD2kfCDl",
"date":"2013-05-27 11:34:41"
},
{
"kids":[],
"uid":"2382485983",
"parent":"",
"text":"",
"mid":"zyCPiCLgI",
"date":"2013-05-27 11:02:36"
},
{
"kids":[],
"uid":"dasongb",
"parent":"zyCL4eVy3",
"text":"林哥说得好！都是缘分啊！！！",
"mid":"zyCNF0Ob5",
"date":"2013-05-27 10:58:33"
},
{
"kids":[],
"uid":"678041621",
"parent":"zyxLLFssw",
"text":"好可怕！",
"mid":"zyCNEqCft",
"date":"2013-05-27 10:58:32"
},
{
"kids":[],
"uid":"1823014021",
"parent":"",
"text":"",
"mid":"zyCN9mcc3",
"date":"2013-05-27 10:57:19"
},
{
"kids":[
"zyGUJpWcl",
"zyG2x9zfg",
"zyFfDnscx",
"zyEY4bFpC",
"zyCNF0Ob5"
],
"uid":"703888360",
"parent":"",
"text":"你给他一条生路，他就不会伤害你。福祸自招。@一庭风月缠绵初",
"mid":"zyCL4eVy3",
"date":"2013-05-27 10:52:10"
},
{
"kids":[],
"uid":"2467893094",
"parent":"zyxgdg6sy",
"text":"[衰][衰][衰][衰][衰][衰][衰][衰]",
"mid":"zyCI8feaj",
"date":"2013-05-27 10:44:55"
},
{
"kids":[],
"uid":"niu43",
"parent":"zyCzlEr38",
"text":"这个家伙!好厉害!!",
"mid":"zyCCifQwy",
"date":"2013-05-27 10:30:33"
},
{
"kids":[
"zyCCifQwy"
],
"uid":"2516561572",
"parent":"zyCyvEiwK",
"text":"老雨，你这都是什么时候的消息了。。",
"mid":"zyCzlEr38",
"date":"2013-05-27 10:23:18"
},
{
"kids":[
"zyCCifQwy",
"zyCzlEr38"
],
"uid":"gadgetmaster",
"parent":"",
"text":"体液是ph1到2的强酸，会诱发皮炎。并非毒剂，触发及时使用碱液中和即可。勿太过惊吓。",
"mid":"zyCyvEiwK",
"date":"2013-05-27 10:21:14"
},
{
"kids":[],
"uid":"1891788445",
"parent":"",
"text":"",
"mid":"zyCjZfOgM",
"date":"2013-05-27 09:45:26"
},
{
"kids":[],
"uid":"2702276122",
"parent":"",
"text":"[害羞]恐怖",
"mid":"zyCfe7AkT",
"date":"2013-05-27 09:33:43"
},
{
"kids":[],
"uid":"1798429591",
"parent":"",
"text":"",
"mid":"zyC91kQPw",
"date":"2013-05-27 09:18:24"
},
{
"kids":[],
"uid":"2686055843",
"parent":"zyyrF6Son",
"text":"@So_what_18301 @XXBer-雅望天堂1998 @my_甄萱桦 @维夏六月 @薇若梦兮 @南昌大学周川",
"mid":"zyBSgpGH3",
"date":"2013-05-27 08:37:09"
},
{
"kids":[],
"uid":"1860917704",
"parent":"",
"text":"初高中好可怕的死东西",
"mid":"zyBrxBpmU",
"date":"2013-05-27 07:31:18"
},
{
"kids":[],
"uid":"wander1forruola",
"parent":"",
"text":"科普右边+1",
"mid":"zyBpHePpS",
"date":"2013-05-27 07:26:46"
},
{
"kids":[],
"uid":"2738167462",
"parent":"",
"text":"",
"mid":"zyBeL4eL3",
"date":"2013-05-27 06:59:49"
},
{
"kids":[],
"uid":"2420771282",
"parent":"",
"text":"[衰]鸡皮疙瘩",
"mid":"zyAjrc1xH",
"date":"2013-05-27 04:38:36"
},
{
"kids":[],
"uid":"joymay419",
"parent":"",
"text":"咦 好恶心[生病]貌似见到过",
"mid":"zyyYlgaTF",
"date":"2013-05-27 01:13:53"
},
{
"kids":[],
"uid":"2823647464",
"parent":"",
"text":"",
"mid":"zyyKb4XF0",
"date":"2013-05-27 00:39:00"
},
{
"kids":[
"zyBSgpGH3"
],
"uid":"1688508673",
"parent":"",
"text":"[围观][围观]",
"mid":"zyyrF6Son",
"date":"2013-05-26 23:53:23"
},
{
"kids":[],
"uid":"2517747894",
"parent":"zyyfsEEUl",
"text":"我都没有见过这种虫捏…",
"mid":"zyyn59ZHs",
"date":"2013-05-26 23:42:02"
},
{
"kids":[],
"uid":"3181481615",
"parent":"",
"text":"以前中学时学校有很多这种虫。中招之后用肥皂水洗或直接把肥皂水涂在身上，很有用！",
"mid":"zyykge27C",
"date":"2013-05-26 23:35:08"
},
{
"kids":[],
"uid":"2794505294",
"parent":"",
"text":"",
"mid":"zyyfSE65B",
"date":"2013-05-26 23:24:18"
},
{
"kids":[
"zyyn59ZHs"
],
"uid":"2001194441",
"parent":"zyybTBok5",
"text":"好恶心[生病]我喉咙里的刺都要呕出来去",
"mid":"zyyfsEEUl",
"date":"2013-05-26 23:23:17"
},
{
"kids":[],
"uid":"1785311852",
"parent":"zyxAhAE1J",
"text":"[汗]",
"mid":"zyydadyCS",
"date":"2013-05-26 23:17:40"
},
{
"kids":[
"zyyn59ZHs",
"zyyfsEEUl"
],
"uid":"2587073421",
"parent":"",
"text":"不是吧！有毒？[衰]",
"mid":"zyybTBok5",
"date":"2013-05-26 23:14:32"
},
{
"kids":[],
"uid":"1916081991",
"parent":"",
"text":"好恐怖",
"mid":"zyybgCp9V",
"date":"2013-05-26 23:12:59"
},
{
"kids":[],
"uid":"2813833292",
"parent":"",
"text":"",
"mid":"zyy8U4YtP",
"date":"2013-05-26 23:07:09"
},
{
"kids":[],
"uid":"2308606207",
"parent":"",
"text":"",
"mid":"zyy8BFNNq",
"date":"2013-05-26 23:06:23"
},
{
"kids":[],
"uid":"1742807593",
"parent":"",
"text":"",
"mid":"zyy8u4pVL",
"date":"2013-05-26 23:06:08"
},
{
"kids":[],
"uid":"1635753392",
"parent":"",
"text":"",
"mid":"zyy7BoE7Z",
"date":"2013-05-26 23:03:57"
},
{
"kids":[],
"uid":"jiangany",
"parent":"",
"text":"[震惊][震惊][震惊][震惊]",
"mid":"zyxXAhm7q",
"date":"2013-05-26 22:39:14"
},
{
"kids":[],
"uid":"2950832054",
"parent":"",
"text":"轉發微博",
"mid":"zyxQv8h4x",
"date":"2013-05-26 22:21:48"
},
{
"kids":[],
"uid":"2365285910",
"parent":"zyxgdg6sy",
"text":"呀~~你表吓我，我最怕这些什么什么虫子叻~~[悲伤]",
"mid":"zyxOQzJpt",
"date":"2013-05-26 22:17:45"
},
{
"kids":[],
"uid":"2692337860",
"parent":"",
"text":"可怕",
"mid":"zyxMU5ByY",
"date":"2013-05-26 22:12:58"
},
{
"kids":[],
"uid":"2748847027",
"parent":"",
"text":"",
"mid":"zyxMulQyM",
"date":"2013-05-26 22:11:57"
},
{
"kids":[
"zyCNEqCft"
],
"uid":"234405011",
"parent":"",
"text":"",
"mid":"zyxLLFssw",
"date":"2013-05-26 22:10:10"
},
{
"kids":[],
"uid":"2257886014",
"parent":"zyx1imzcE",
"text":"",
"mid":"zyxLr2zR7",
"date":"2013-05-26 22:09:17"
},
{
"kids":[],
"uid":"zhuzhiashin",
"parent":"zyxId1FJ5",
"text":"",
"mid":"zyxIV2OwH",
"date":"2013-05-26 22:03:06"
},
{
"kids":[
"zyxIV2OwH"
],
"uid":"2845518465",
"parent":"zywOE7YIa",
"text":"卧槽 恶心死了 要吐了  再也不随便把图点开来了 [愤怒][愤怒]",
"mid":"zyxId1FJ5",
"date":"2013-05-26 22:01:24"
},
{
"kids":[],
"uid":"2064006652",
"parent":"zyxrV2fHv",
"text":"",
"mid":"zyxH4EadM",
"date":"2013-05-26 21:58:34"
},
{
"kids":[],
"uid":"2247598312",
"parent":"",
"text":"[生病]",
"mid":"zyxGW5J2D",
"date":"2013-05-26 21:58:13"
},
{
"kids":[
"zyEorFCgt",
"zyEfu7OJC",
"zyDqkltB1"
],
"uid":"1639775122",
"parent":"zyxhyBrJh",
"text":"注意@夏的雨吖 @小贼贼头 @BlingM @北落不二",
"mid":"zyxG9k36u",
"date":"2013-05-26 21:56:19"
},
{
"kids":[],
"uid":"jiezhang2011",
"parent":"",
"text":"@LuckyPrinceJC",
"mid":"zyxCslUFJ",
"date":"2013-05-26 21:47:12"
},
{
"kids":[],
"uid":"xiaoqinLoVefish",
"parent":"zyxAJ2yIV",
"text":"",
"mid":"zyxCcDWc0",
"date":"2013-05-26 21:46:36"
},
{
"kids":[],
"uid":"1881180107",
"parent":"",
"text":"好恐怖！大家千万小心[吃惊]",
"mid":"zyxBsxZ2b",
"date":"2013-05-26 21:44:44"
},
{
"kids":[
"zyxCcDWc0"
],
"uid":"2887658450",
"parent":"zyxtyCBo0",
"text":"",
"mid":"zyxAJ2yIV",
"date":"2013-05-26 21:42:58"
},
{
"kids":[
"zyydadyCS"
],
"uid":"1976450231",
"parent":"",
"text":"[吃惊]",
"mid":"zyxAhAE1J",
"date":"2013-05-26 21:41:48"
},
{
"kids":[],
"uid":"2437733522",
"parent":"",
"text":"",
"mid":"zyxwE8zlo",
"date":"2013-05-26 21:32:52"
},
{
"kids":[],
"uid":"2722759417",
"parent":"",
"text":"[吃惊]",
"mid":"zyxvmlIoG",
"date":"2013-05-26 21:29:44"
},
{
"kids":[
"zyxCcDWc0",
"zyxAJ2yIV"
],
"uid":"2554919432",
"parent":"zyxjUwpZ9",
"text":"好恶心哦~~[衰]",
"mid":"zyxtyCBo0",
"date":"2013-05-26 21:25:16"
},
{
"kids":[],
"uid":"1922849585",
"parent":"",
"text":"[惊恐][惊恐][惊恐]",
"mid":"zyxs5mLbf",
"date":"2013-05-26 21:21:39"
},
{
"kids":[
"zyxH4EadM"
],
"uid":"1874906573",
"parent":"",
"text":"",
"mid":"zyxrV2fHv",
"date":"2013-05-26 21:21:13"
},
{
"kids":[],
"uid":"1737588002",
"parent":"",
"text":"[晕][晕]",
"mid":"zyxrQiphd",
"date":"2013-05-26 21:21:04"
},
{
"kids":[],
"uid":"younggirl0921",
"parent":"",
"text":"恐怖",
"mid":"zyxqmmu0g",
"date":"2013-05-26 21:17:25"
},
{
"kids":[],
"uid":"2882535094",
"parent":"",
"text":"好恐怖",
"mid":"zyxqfiXRH",
"date":"2013-05-26 21:17:08"
},
{
"kids":[],
"uid":"830629777",
"parent":"",
"text":"[吃惊]",
"mid":"zyxqfhNcj",
"date":"2013-05-26 21:17:07"
},
{
"kids":[],
"uid":"2787702851",
"parent":"",
"text":"好恶心。。。。",
"mid":"zyxq3a4Gm",
"date":"2013-05-26 21:16:37"
},
{
"kids":[],
"uid":"2365495694",
"parent":"",
"text":"我不会告诉你们我有过类似惨剧…  所以看到它们都躲着走…",
"mid":"zyxpUiLvn",
"date":"2013-05-26 21:16:18"
},
{
"kids":[],
"uid":"1795198171",
"parent":"",
"text":"",
"mid":"zyxpH24JR",
"date":"2013-05-26 21:15:46"
},
{
"kids":[],
"uid":"2900994215",
"parent":"",
"text":"[吐][吐]",
"mid":"zyxpbpB2A",
"date":"2013-05-26 21:14:31"
},
{
"kids":[],
"uid":"lineh",
"parent":"zyx0PpOal",
"text":"这么可怕啊!千万不要打!!!",
"mid":"zyxoKegil",
"date":"2013-05-26 21:13:26"
},
{
"kids":[],
"uid":"1923807474",
"parent":"",
"text":"",
"mid":"zyxkuAXNS",
"date":"2013-05-26 21:02:56"
},
{
"kids":[
"zyxCcDWc0",
"zyxAJ2yIV",
"zyxtyCBo0"
],
"uid":"3140691711",
"parent":"zyxhX7Q0x",
"text":"看起来好恶心呀[抓狂][吐][吐]大家要注意哟[可怜]",
"mid":"zyxjUwpZ9",
"date":"2013-05-26 21:01:32"
},
{
"kids":[],
"uid":"1130005963",
"parent":"",
"text":"#隐翅虫#",
"mid":"zyxiHxiCZ",
"date":"2013-05-26 20:58:31"
},
{
"kids":[
"zyxCcDWc0",
"zyxAJ2yIV",
"zyxtyCBo0",
"zyxjUwpZ9"
],
"uid":"3119383485",
"parent":"zyxey9O6F",
"text":"",
"mid":"zyxhX7Q0x",
"date":"2013-05-26 20:56:40"
},
{
"kids":[
"zyEorFCgt",
"zyEfu7OJC",
"zyDqkltB1",
"zyxG9k36u"
],
"uid":"2502231302",
"parent":"zyxgdg6sy",
"text":"哎呀好可怕啊 @肥猪phoebe @天然呆的斋MS @小电器是落爷 @六阿哥奕訢 @Vicky_鸯桃",
"mid":"zyxhyBrJh",
"date":"2013-05-26 20:55:41"
},
{
"kids":[
"zyHS3bcqT",
"zyHm5ANvp",
"zyFcyvnbS",
"zyF9Xrtjp",
"zyEIcbuBk",
"zyEw2mZA8",
"zyEorFCgt",
"zyEfu7OJC",
"zyE6l760S",
"zyDWBniPw",
"zyDT2pe3g",
"zyDM0fPF1",
"zyDDD4gaY",
"zyDqkltB1",
"zyDfK3tzm",
"zyDdauFCc",
"zyDblyV39",
"zyD97Bx6B",
"zyD8JFf4n",
"zyD5YkpYu",
"zyD2kfCDl",
"zyCI8feaj",
"zyxOQzJpt",
"zyxG9k36u",
"zyxhyBrJh"
],
"uid":"leight8",
"parent":"",
"text":"@米韵ASUS @叶雨慧又要思考人参了 @忆昔花间初识面_LV @差一点的地老天荒 @L-幼安的夏至日 @忘记便利店 @一切随缘吗 @王慧红_本来就是一个坏脾气小姐 @夏的雨吖 【夏，记得圈十人小组】@一庭风月缠绵初 @不要阻止橘子成为禽兽 保住命啊~",
"mid":"zyxgdg6sy",
"date":"2013-05-26 20:52:24"
},
{
"kids":[],
"uid":"1892220855",
"parent":"",
"text":"@兰花的小小世界",
"mid":"zyxeJ5VTd",
"date":"2013-05-26 20:48:45"
},
{
"kids":[
"zyxCcDWc0",
"zyxAJ2yIV",
"zyxtyCBo0",
"zyxjUwpZ9",
"zyxhX7Q0x"
],
"uid":"534667882",
"parent":"zywO6rESh",
"text":"哇，我好多同学以前就被中招它爬过留下的地方就是一道红痕又痛又痒，以前我也为了预防它搽过好多药水[可怜]",
"mid":"zyxey9O6F",
"date":"2013-05-26 20:48:17"
},
{
"kids":[],
"uid":"1866351340",
"parent":"",
"text":"好惡心的蟲！",
"mid":"zyxdKcZCd",
"date":"2013-05-26 20:46:18"
},
{
"kids":[],
"uid":"summerll",
"parent":"zyx9nxfhU",
"text":"回复@芥末快樂的葉子:你的手快些…[嘻嘻][嘻嘻][嘻嘻]",
"mid":"zyxa0fdYN",
"date":"2013-05-26 20:37:04"
},
{
"kids":[
"zyxa0fdYN"
],
"uid":"summerll",
"parent":"zyx7cveBs",
"text":"回复@Oo努力賺錢de聰de喵oO:怕睡不着的不要点大图，真的很恶心！",
"mid":"zyx9nxfhU",
"date":"2013-05-26 20:35:33"
},
{
"kids":[],
"uid":"1586891042",
"parent":"",
"text":"",
"mid":"zyx7GlGbu",
"date":"2013-05-26 20:31:24"
},
{
"kids":[
"zyxa0fdYN",
"zyx9nxfhU"
],
"uid":"summerll",
"parent":"",
"text":"对不起大家了…@芥末快樂的葉子 @Oo努力賺錢de聰de喵oO @玖兰家de啾啾 @娘阔三散 @24克先生 @永齐人生 @美丽的前台 @wxq0409 @laneestar806 @红运小齶狼 @barbie-t @Clair_zizi神奇小饼干 @dora_糖朵 @Doudou薇 @落叶冰泉0",
"mid":"zyx7cveBs",
"date":"2013-05-26 20:30:13"
},
{
"kids":[],
"uid":"2686807471",
"parent":"",
"text":"[衰]好恐怖啊",
"mid":"zyx5vyCsn",
"date":"2013-05-26 20:26:01"
},
{
"kids":[],
"uid":"sj97",
"parent":"",
"text":"",
"mid":"zyx4lvGJQ",
"date":"2013-05-26 20:23:09"
},
{
"kids":[],
"uid":"3205182244",
"parent":"",
"text":"$(content13695708453979)",
"mid":"zyx3xynAR",
"date":"2013-05-26 20:21:12"
},
{
"kids":[],
"uid":"2692274162",
"parent":"",
"text":"[汗]",
"mid":"zyx39kqqK",
"date":"2013-05-26 20:20:13"
},
{
"kids":[
"zyxLr2zR7"
],
"uid":"149100342",
"parent":"",
"text":"@G_F_B_追逐那顆九號球 你喜欢的",
"mid":"zyx1imzcE",
"date":"2013-05-26 20:15:39"
},
{
"kids":[
"zyxoKegil"
],
"uid":"1930840407",
"parent":"",
"text":"OMG！！！！",
"mid":"zyx0PpOal",
"date":"2013-05-26 20:14:31"
},
{
"kids":[],
"uid":"1689734595",
"parent":"",
"text":"[衰][衰][衰]",
"mid":"zyx0vk3d3",
"date":"2013-05-26 20:13:44"
},
{
"kids":[],
"uid":"2654635887",
"parent":"",
"text":"虽然好恶心也不知道是真假，但是，防着点吧……",
"mid":"zywXHfhNU",
"date":"2013-05-26 20:06:48"
},
{
"kids":[],
"uid":"1824924525",
"parent":"",
"text":"看评论都说好恐怖，就没开图看，还是转一个吧！",
"mid":"zywXvtZQ9",
"date":"2013-05-26 20:06:18"
},
{
"kids":[],
"uid":"1785723823",
"parent":"",
"text":"",
"mid":"zywXeB6Uy",
"date":"2013-05-26 20:05:40"
},
{
"kids":[],
"uid":"2675484137",
"parent":"",
"text":"[吃惊][吃惊][生病][生病]",
"mid":"zywWynyyd",
"date":"2013-05-26 20:03:59"
},
{
"kids":[],
"uid":"2570382571",
"parent":"",
"text":"",
"mid":"zywVVCV9s",
"date":"2013-05-26 20:02:27"
},
{
"kids":[],
"uid":"1312145035",
"parent":"",
"text":"[生病]",
"mid":"zywVa5Avx",
"date":"2013-05-26 20:00:33"
},
{
"kids":[],
"uid":"2854205020",
"parent":"",
"text":"轉發微博",
"mid":"zywV0ixzS",
"date":"2013-05-26 20:00:07"
},
{
"kids":[],
"uid":"1838090844",
"parent":"",
"text":"",
"mid":"zywTw92jt",
"date":"2013-05-26 19:56:30"
},
{
"kids":[],
"uid":"1821263235",
"parent":"zywOM8UFG",
"text":"",
"mid":"zywSPxg1C",
"date":"2013-05-26 19:54:46"
},
{
"kids":[],
"uid":"1559346084",
"parent":"",
"text":"[吃惊][话筒]",
"mid":"zywS8pKzK",
"date":"2013-05-26 19:53:06"
},
{
"kids":[],
"uid":"3469817854",
"parent":"",
"text":"",
"mid":"zywR63rHE",
"date":"2013-05-26 19:50:32"
},
{
"kids":[],
"uid":"2598877813",
"parent":"",
"text":"[惊恐][惊恐][惊恐]艾瑪太可怕了！怎麼這麼毒呢？？？[被电][被电][被电]",
"mid":"zywQbjQ4R",
"date":"2013-05-26 19:48:15"
},
{
"kids":[],
"uid":"pangruina",
"parent":"",
"text":"吓死了！",
"mid":"zywQ2padb",
"date":"2013-05-26 19:47:54"
},
{
"kids":[],
"uid":"2042711367",
"parent":"",
"text":"",
"mid":"zywPjeSzh",
"date":"2013-05-26 19:46:09"
},
{
"kids":[],
"uid":"chsily",
"parent":"",
"text":"@Jolinice @浅笑安安然 @深海TT @cherry想留长头发 @可爱Libra @鄧萃雯 @木丁0727 @叫我圆圆酱 @miss_J_Z @墨磬 @Vanessa蔡婧儿 @独特A_A小天使 @雪地蔷薇之敏儿",
"mid":"zywOUEE67",
"date":"2013-05-26 19:45:10"
},
{
"kids":[
"zywSPxg1C"
],
"uid":"1677256165",
"parent":"",
"text":"",
"mid":"zywOM8UFG",
"date":"2013-05-26 19:44:47"
},
{
"kids":[
"zyxIV2OwH",
"zyxId1FJ5"
],
"uid":"1739547750",
"parent":"",
"text":"虽然恶心，但是的转",
"mid":"zywOE7YIa",
"date":"2013-05-26 19:44:28"
},
{
"kids":[],
"uid":"2421753670",
"parent":"",
"text":"明白！鳥兄！隱翅虫，我記住了！[鼓掌][鼓掌]",
"mid":"zywO7Dm9s",
"date":"2013-05-26 19:43:12"
},
{
"kids":[
"zyxCcDWc0",
"zyxAJ2yIV",
"zyxtyCBo0",
"zyxjUwpZ9",
"zyxhX7Q0x",
"zyxey9O6F"
],
"uid":"2447191450",
"parent":"",
"text":"轉發微博",
"mid":"zywO6rESh",
"date":"2013-05-26 19:43:09"
},
{
"kids":[
"zyPyqttVQ",
"zyHe6l63V",
"zyFMegoxi"
],
"uid":"1801562292",
"parent":"",
"text":"这个虫好恐怖！[惊恐]在南方会有！！大家见到一定要当心",
"mid":"zywNp3c12",
"date":"2013-05-26 19:41:26"
},
{
"kids":[],
"uid":"xiaolunlunjay2u",
"parent":"",
"text":"",
"mid":"zywN70rni",
"date":"2013-05-26 19:40:43"
},
{
"kids":[],
"uid":"3217308341",
"parent":"",
"text":"恐怖，大家要注意。",
"mid":"zywMrmePi",
"date":"2013-05-26 19:39:04"
},
{
"kids":[],
"uid":"571939389",
"parent":"",
"text":"",
"mid":"zywMntcf9",
"date":"2013-05-26 19:38:55"
},
{
"kids":[],
"uid":"2693241961",
"parent":"",
"text":"[吐][吐][吐]",
"mid":"zywMl9X23",
"date":"2013-05-26 19:38:47"
},
{
"kids":[],
"uid":"longan182",
"parent":"",
"text":"[生病]",
"mid":"zywMbDTGw",
"date":"2013-05-26 19:38:26"
},
{
"kids":[],
"uid":"1737887544",
"parent":"",
"text":"",
"mid":"zywMacLuR",
"date":"2013-05-26 19:38:22"
},
{
"kids":[],
"uid":"2251687360",
"parent":"",
"text":"",
"mid":"zywLEiI3J",
"date":"2013-05-26 19:37:06"
},
{
"kids":[],
"uid":"2059422434",
"parent":"",
"text":"注意哦",
"mid":"zywLsaHbD",
"date":"2013-05-26 19:36:37"
}
]