[
{
"kids":[],
"uid":"2810515450",
"parent":"ywnqa6a4Z",
"text":"",
"mid":"yxlS16jov",
"date":"2012-08-16 03:17:59"
},
{
"kids":[],
"uid":"2810514790",
"parent":"ywnqa6a4Z",
"text":"",
"mid":"yxcIdkZeh",
"date":"2012-08-15 03:59:07"
},
{
"kids":[],
"uid":"1440397894",
"parent":"",
"text":"",
"mid":"yx7vkDLvp",
"date":"2012-08-14 14:43:39"
},
{
"kids":[],
"uid":"2717220665",
"parent":"ywgbKa2za",
"text":"",
"mid":"ywoJkE1jK",
"date":"2012-08-09 20:44:32"
},
{
"kids":[
"yxlS16jov",
"yxcIdkZeh"
],
"uid":"2033183435",
"parent":"ywdp0zoha",
"text":"有什么话说？",
"mid":"ywnqa6a4Z",
"date":"2012-08-09 17:24:33"
},
{
"kids":[],
"uid":"328892926",
"parent":"",
"text":"操，手术还没动，图都出来了，赚同情心不能无底线",
"mid":"ywlSbuSSn",
"date":"2012-08-09 13:28:04"
},
{
"kids":[],
"uid":"575993324",
"parent":"ywfyHt1xf",
"text":"[抓狂][生病]",
"mid":"ywlOjh6AW",
"date":"2012-08-09 13:18:31"
},
{
"kids":[],
"uid":"2695844250",
"parent":"ywgo6EHZO",
"text":"以后还是别跑了…伤了自己，而别人却不理解你。去找属于你的幸福去吧。",
"mid":"ywkLBlcaL",
"date":"2012-08-09 10:39:08"
},
{
"kids":[],
"uid":"2022543910",
"parent":"",
"text":"他用自己的身体作为牺牲，只为十三亿人口对他的期望和虚荣心。我心中他永远是英雄。",
"mid":"ywjiMb28X",
"date":"2012-08-09 06:55:22"
},
{
"kids":[],
"uid":"2091549117",
"parent":"",
"text":"",
"mid":"ywj3fs11h",
"date":"2012-08-09 06:17:07"
},
{
"kids":[],
"uid":"279447749",
"parent":"ywfCAAWE2",
"text":"",
"mid":"ywi8k7hvM",
"date":"2012-08-09 03:56:52"
},
{
"kids":[],
"uid":"2874456474",
"parent":"ywcOZzY3O",
"text":"有良知的人，请不要拿刘翔说事，有本事自己去拿个金牌破个记录，中国体育的悲哀，太注重表面的浮夸，有多少人真正关注他们的伤痛，以及伤痛背后的努力，和代价，[衰]",
"mid":"ywhs63v0q",
"date":"2012-08-09 02:12:50"
},
{
"kids":[],
"uid":"2354432964",
"parent":"",
"text":"",
"mid":"ywgM9Ex5E",
"date":"2012-08-09 00:29:28"
},
{
"kids":[],
"uid":"2802812202",
"parent":"ywdvL4fJq",
"text":"",
"mid":"ywgEFsGhS",
"date":"2012-08-09 00:11:01"
},
{
"kids":[],
"uid":"2651903294",
"parent":"",
"text":"看了我都疼！！好好静养吧！",
"mid":"ywgwhqu4B",
"date":"2012-08-08 23:50:24"
},
{
"kids":[
"ywkLBlcaL"
],
"uid":"1878894102",
"parent":"ywg1T5Sb8",
"text":"刘翔真的太不容易了，心痛[泪]",
"mid":"ywgo6EHZO",
"date":"2012-08-08 23:30:16"
},
{
"kids":[],
"uid":"lynnmmfromsh",
"parent":"",
"text":"真的假的，干嘛还拍照？！疼啊………",
"mid":"ywgh6hErd",
"date":"2012-08-08 23:13:00"
},
{
"kids":[
"ywoJkE1jK"
],
"uid":"2881914184",
"parent":"ywcKkjmUF",
"text":"",
"mid":"ywgbKa2za",
"date":"2012-08-08 22:59:45"
},
{
"kids":[],
"uid":"208081246",
"parent":"",
"text":"",
"mid":"ywgaQzGdr",
"date":"2012-08-08 22:57:36"
},
{
"kids":[],
"uid":"ruirui0926",
"parent":"",
"text":"[吃惊]甘都被人睇到?",
"mid":"ywg9QfbMC",
"date":"2012-08-08 22:55:07"
},
{
"kids":[
"ywgo6EHZO"
],
"uid":"2082882081",
"parent":"ywfEEwT2K",
"text":"心痛",
"mid":"ywg1T5Sb8",
"date":"2012-08-08 22:35:31"
},
{
"kids":[
"ywg1T5Sb8"
],
"uid":"1961408537",
"parent":"",
"text":"额~刘翔真可怜。做个手术也不太平！",
"mid":"ywfEEwT2K",
"date":"2012-08-08 21:38:18"
},
{
"kids":[
"ywi8k7hvM"
],
"uid":"2386187054",
"parent":"ywcKP2zaX",
"text":"",
"mid":"ywfCAAWE2",
"date":"2012-08-08 21:33:12"
},
{
"kids":[
"ywlOjh6AW"
],
"uid":"rtmj",
"parent":"ywfkNwp83",
"text":"有必要吗@聚势酉成文化传媒",
"mid":"ywfyHt1xf",
"date":"2012-08-08 21:23:35"
},
{
"kids":[],
"uid":"1903585262",
"parent":"ywfkNwp83",
"text":"哇，这照片有点恐怖啊。",
"mid":"ywfnBf23U",
"date":"2012-08-08 20:56:13"
},
{
"kids":[],
"uid":"1791305352",
"parent":"ywetbvCFl",
"text":"我觉得是假的，不是说推迟一天手术嘛！这种图弄出来，真心的是添乱！@人事科的W主任_nike @香山芋头很大",
"mid":"ywflosRc0",
"date":"2012-08-08 20:50:49"
},
{
"kids":[
"ywfyHt1xf",
"ywfnBf23U"
],
"uid":"yulili504",
"parent":"",
"text":"给他做手术的是个大猩猩么？[挖鼻屎][偷笑]",
"mid":"ywfkNwp83",
"date":"2012-08-08 20:49:22"
},
{
"kids":[],
"uid":"1931663705",
"parent":"",
"text":"[吃惊][泪]",
"mid":"ywffRoPFc",
"date":"2012-08-08 20:37:12"
},
{
"kids":[],
"uid":"alexarrival",
"parent":"",
"text":"居然要到这样的程度了！中国那些所谓保持清醒理智不被“假伤”轻易蒙骗而赋予同情的心的人！这样的图片一旦出来了，是多么的可悲，刘翔能够得到世界的掌声，能够得到来自国外的喝彩，却得不到祖国同胞的支持与理解，遭受着自己同胞的谩骂和侮辱，这程度难道不是中国的可悲么？！",
"mid":"ywf9IvrOc",
"date":"2012-08-08 20:22:01"
},
{
"kids":[],
"uid":"eastwo",
"parent":"yweo6waWN",
"text":"08年手术",
"mid":"ywf83lHal",
"date":"2012-08-08 20:17:58"
},
{
"kids":[],
"uid":"zmagic",
"parent":"",
"text":"的确。不是他，我他妈连110米栏是什么的都不知道.",
"mid":"ywf3rE2zu",
"date":"2012-08-08 20:06:37"
},
{
"kids":[],
"uid":"2424318735",
"parent":"",
"text":"……看着就好痛",
"mid":"ywf2Xuw4q",
"date":"2012-08-08 20:05:25"
},
{
"kids":[],
"uid":"2670083674",
"parent":"yweyRb9l4",
"text":"刘翔还没开始手术呢，所以那些图片都是【骗人的！怎么总是有些人兴风作浪个没完没了呢！[哼][怒骂][怒骂]",
"mid":"ywf2hxqlk",
"date":"2012-08-08 20:03:43"
},
{
"kids":[],
"uid":"1972413037",
"parent":"",
"text":"",
"mid":"yweYUzpNY",
"date":"2012-08-08 19:55:27"
},
{
"kids":[],
"uid":"1816228430",
"parent":"yweJEaYVM",
"text":"[吃惊]",
"mid":"yweRj2Wud",
"date":"2012-08-08 19:36:42"
},
{
"kids":[],
"uid":"1720191484",
"parent":"yweJEaYVM",
"text":"",
"mid":"yweQforon",
"date":"2012-08-08 19:34:06"
},
{
"kids":[],
"uid":"2186848633",
"parent":"yweMRkbRz",
"text":"假到。。才刚说找到芬兰的医生。。",
"mid":"yweOdwEnJ",
"date":"2012-08-08 19:29:06"
},
{
"kids":[
"yweOdwEnJ"
],
"uid":"1762205713",
"parent":"",
"text":"假图？",
"mid":"yweMRkbRz",
"date":"2012-08-08 19:25:45"
},
{
"kids":[],
"uid":"2163052882",
"parent":"ywdKqyV0T",
"text":"",
"mid":"yweKHbCIG",
"date":"2012-08-08 19:20:25"
},
{
"kids":[
"yweRj2Wud",
"yweQforon"
],
"uid":"queen19960707",
"parent":"",
"text":"[吃惊]",
"mid":"yweJEaYVM",
"date":"2012-08-08 19:17:50"
},
{
"kids":[],
"uid":"lon777",
"parent":"",
"text":"有多少人能知道成功背后的艰辛",
"mid":"yweHz26Vb",
"date":"2012-08-08 19:12:42"
},
{
"kids":[],
"uid":"1968073841",
"parent":"",
"text":"",
"mid":"yweGUyj3E",
"date":"2012-08-08 19:11:06"
},
{
"kids":[],
"uid":"279800707",
"parent":"yweo6waWN",
"text":"[吃惊][吃惊][吃惊]",
"mid":"yweEh99lk",
"date":"2012-08-08 19:04:36"
},
{
"kids":[],
"uid":"waj66",
"parent":"yweemdz3B",
"text":"借似咋说滴捏！",
"mid":"ywezd0qZC",
"date":"2012-08-08 18:52:08"
},
{
"kids":[
"ywf2hxqlk"
],
"uid":"2619570044",
"parent":"",
"text":"@HY-影 我的心都碎了",
"mid":"yweyRb9l4",
"date":"2012-08-08 18:51:16"
},
{
"kids":[],
"uid":"1784314644",
"parent":"ywesDyrS2",
"text":"",
"mid":"yweyqAHWi",
"date":"2012-08-08 18:50:09"
},
{
"kids":[],
"uid":"linjia1",
"parent":"",
"text":"早日恢复",
"mid":"ywexCDXIu",
"date":"2012-08-08 18:48:13"
},
{
"kids":[],
"uid":"2860525354",
"parent":"ywemDfv6f",
"text":"唉，刘翔熬落去啦！",
"mid":"ywewrDEMK",
"date":"2012-08-08 18:45:17"
},
{
"kids":[],
"uid":"2057244184",
"parent":"",
"text":"",
"mid":"ywevVaWNK",
"date":"2012-08-08 18:43:58"
},
{
"kids":[],
"uid":"1726867712",
"parent":"ywetbvCFl",
"text":"轉發微博",
"mid":"yweujA8pc",
"date":"2012-08-08 18:40:04"
},
{
"kids":[
"ywflosRc0",
"yweujA8pc"
],
"uid":"masonjyt",
"parent":"ywelvcEVG",
"text":"这个图是假的",
"mid":"ywetbvCFl",
"date":"2012-08-08 18:37:17"
},
{
"kids":[
"yweyqAHWi"
],
"uid":"fightingelyn",
"parent":"",
"text":"[委屈]",
"mid":"ywesDyrS2",
"date":"2012-08-08 18:35:56"
},
{
"kids":[],
"uid":"wuguichucan",
"parent":"",
"text":"@-JasonBoy",
"mid":"yweqqrUhK",
"date":"2012-08-08 18:30:28"
},
{
"kids":[],
"uid":"happylinks",
"parent":"",
"text":"[泪流满面] 永远是我们的冠军",
"mid":"ywepZwhDc",
"date":"2012-08-08 18:29:26"
},
{
"kids":[],
"uid":"wuguichucan",
"parent":"",
"text":"转给那些黑刘翔的人看！",
"mid":"ywepGljJQ",
"date":"2012-08-08 18:28:39"
},
{
"kids":[],
"uid":"1940720204",
"parent":"ywelvcEVG",
"text":"加油！",
"mid":"yweoJdAuu",
"date":"2012-08-08 18:26:18"
},
{
"kids":[
"ywf83lHal",
"yweEh99lk"
],
"uid":"1850943711",
"parent":"",
"text":"转发微博。",
"mid":"yweo6waWN",
"date":"2012-08-08 18:24:46"
},
{
"kids":[
"ywewrDEMK"
],
"uid":"2034253130",
"parent":"",
"text":"",
"mid":"ywemDfv6f",
"date":"2012-08-08 18:21:06"
},
{
"kids":[
"ywetbvCFl",
"yweoJdAuu"
],
"uid":"1627828367",
"parent":"",
"text":"做手术。拍照？",
"mid":"ywelvcEVG",
"date":"2012-08-08 18:18:21"
},
{
"kids":[],
"uid":"1703602022",
"parent":"ywebJ9KFz",
"text":"[泪]",
"mid":"ywehgbkMl",
"date":"2012-08-08 18:07:54"
},
{
"kids":[
"ywezd0qZC"
],
"uid":"2176133541",
"parent":"ywe4fevVd",
"text":"[可怜]/加油/@时事新闻: 刘翔，加油！！！",
"mid":"yweemdz3B",
"date":"2012-08-08 18:00:45"
},
{
"kids":[],
"uid":"2868001392",
"parent":"ywedJhv1i",
"text":"[抓狂]",
"mid":"yweehvQoR",
"date":"2012-08-08 18:00:35"
},
{
"kids":[],
"uid":"2699461532",
"parent":"ywed2oTsu",
"text":"。。。好惨啊",
"mid":"ywedLAc7A",
"date":"2012-08-08 17:59:17"
},
{
"kids":[
"yweehvQoR"
],
"uid":"2867018972",
"parent":"ywed2oTsu",
"text":"加油！！！",
"mid":"ywedJhv1i",
"date":"2012-08-08 17:59:12"
},
{
"kids":[
"ywedLAc7A",
"ywedJhv1i"
],
"uid":"2866497184",
"parent":"",
"text":"[加油]",
"mid":"ywed2oTsu",
"date":"2012-08-08 17:57:29"
},
{
"kids":[],
"uid":"2095572004",
"parent":"",
"text":"加油阿翔哥[泪]",
"mid":"ywebKkBrF",
"date":"2012-08-08 17:54:19"
},
{
"kids":[
"ywehgbkMl"
],
"uid":"guzongxi",
"parent":"",
"text":"安好",
"mid":"ywebJ9KFz",
"date":"2012-08-08 17:54:16"
},
{
"kids":[],
"uid":"2629378163",
"parent":"",
"text":"",
"mid":"yweaXyFYY",
"date":"2012-08-08 17:52:23"
},
{
"kids":[],
"uid":"hhn520",
"parent":"",
"text":"对他来说，身体上的伤痛根本不算什么，更深沉的伤痛刻在心里！",
"mid":"ywea4BzVd",
"date":"2012-08-08 17:50:12"
},
{
"kids":[],
"uid":"2884921790",
"parent":"ywe4fevVd",
"text":"[加油]",
"mid":"ywe51oXZd",
"date":"2012-08-08 17:37:45"
},
{
"kids":[
"yweemdz3B",
"ywe51oXZd"
],
"uid":"2884676250",
"parent":"ywdGO1F85",
"text":"刘翔，加油！！！",
"mid":"ywe4fevVd",
"date":"2012-08-08 17:35:48"
},
{
"kids":[],
"uid":"wangwying",
"parent":"ywdP8wqaC",
"text":"新的人生从此启程，看好你！加油！",
"mid":"ywe3l3q3Z",
"date":"2012-08-08 17:33:36"
},
{
"kids":[],
"uid":"2707156637",
"parent":"",
"text":"我希望误会刘翔的童鞋注意点，你们还有没有良心呀！！加油！翔，我永远爱你。。。",
"mid":"ywdXIpwle",
"date":"2012-08-08 17:19:46"
},
{
"kids":[],
"uid":"2868048952",
"parent":"ywdIswxSG",
"text":"刘翔，加油！！！",
"mid":"ywdR8llEf",
"date":"2012-08-08 17:03:32"
},
{
"kids":[
"ywe3l3q3Z"
],
"uid":"ziyoujiefeng",
"parent":"",
"text":"",
"mid":"ywdP8wqaC",
"date":"2012-08-08 16:58:37"
},
{
"kids":[],
"uid":"2629500554",
"parent":"",
"text":"@海仔__君君",
"mid":"ywdKA3ByH",
"date":"2012-08-08 16:47:21"
},
{
"kids":[],
"uid":"jiesally",
"parent":"",
"text":"好可怕！",
"mid":"ywdKzam5o",
"date":"2012-08-08 16:47:21"
},
{
"kids":[
"yweKHbCIG"
],
"uid":"1936523107",
"parent":"",
"text":"@kklovefish KK同志，告诉你同学，别再误会刘翔了，他那么厉害他去跑",
"mid":"ywdKqyV0T",
"date":"2012-08-08 16:47:00"
},
{
"kids":[
"ywdR8llEf"
],
"uid":"2867018972",
"parent":"ywdGO1F85",
"text":"[泪]",
"mid":"ywdIswxSG",
"date":"2012-08-08 16:42:10"
},
{
"kids":[],
"uid":"2485513371",
"parent":"ywdGO1F85",
"text":"慎入！[吃惊]",
"mid":"ywdIe3RK6",
"date":"2012-08-08 16:41:35"
},
{
"kids":[
"ywe4fevVd",
"ywdIswxSG",
"ywdIe3RK6"
],
"uid":"2866497184",
"parent":"",
"text":"一定会好起来的！！",
"mid":"ywdGO1F85",
"date":"2012-08-08 16:38:03"
},
{
"kids":[],
"uid":"dreamhong",
"parent":"",
"text":"真系惨",
"mid":"ywdziB5jf",
"date":"2012-08-08 16:19:36"
},
{
"kids":[],
"uid":"2298058900",
"parent":"",
"text":"@小Carry聪明一个",
"mid":"ywdwstVJM",
"date":"2012-08-08 16:12:36"
},
{
"kids":[
"ywgEFsGhS"
],
"uid":"1971129622",
"parent":"",
"text":"天啊 ！不要吓我啊！可怜的刘翔！加油！一定要挺过来啊！希望那些黑刘翔的观众，请看仔细了，这是真的还是假的！",
"mid":"ywdvL4fJq",
"date":"2012-08-08 16:10:52"
},
{
"kids":[],
"uid":"2256564260",
"parent":"ywcUne5dl",
"text":"[吃惊]",
"mid":"ywduiCWUa",
"date":"2012-08-08 16:07:17"
},
{
"kids":[],
"uid":"xingxiaoxing",
"parent":"",
"text":"[泪]",
"mid":"ywdsOrA8Q",
"date":"2012-08-08 16:03:37"
},
{
"kids":[
"ywnqa6a4Z"
],
"uid":"2033183435",
"parent":"",
"text":"。。。。",
"mid":"ywdp0zoha",
"date":"2012-08-08 15:54:13"
},
{
"kids":[],
"uid":"404228248",
"parent":"ywcSzbulr",
"text":"",
"mid":"ywdo7opL0",
"date":"2012-08-08 15:52:03"
},
{
"kids":[],
"uid":"2406390077",
"parent":"",
"text":"那些骂刘翔的人应该拖出去活刮的了 [怒骂]",
"mid":"ywdhro1Xl",
"date":"2012-08-08 15:35:36"
},
{
"kids":[],
"uid":"2097148167",
"parent":"ywcJMAs0p",
"text":"我也跟风吧。",
"mid":"ywddH8Ig0",
"date":"2012-08-08 15:26:21"
},
{
"kids":[],
"uid":"2648846042",
"parent":"ywdc5gdj6",
"text":"想当年我的我也做过同样的手术啊……",
"mid":"ywddm8uci",
"date":"2012-08-08 15:25:32"
},
{
"kids":[
"ywddm8uci"
],
"uid":"1681358520",
"parent":"",
"text":"@蘑菇点点-P",
"mid":"ywdc5gdj6",
"date":"2012-08-08 15:22:24"
},
{
"kids":[],
"uid":"ellen2dawn",
"parent":"",
"text":"看得我脚也痛了[生病]",
"mid":"ywdb39Xj9",
"date":"2012-08-08 15:19:52"
},
{
"kids":[],
"uid":"colahzp",
"parent":"ywcL99B0o",
"text":"胆小勿看！ 跟腱断成这样，一定很疼！无论你是否还能再站在110米栏的跑道上，都无所谓，因为，你一直都是家人的骄傲。你代表不了中国，也无须代表中国去承担那些重担。",
"mid":"ywd9kbTXJ",
"date":"2012-08-08 15:15:36"
},
{
"kids":[],
"uid":"2674638013",
"parent":"",
"text":"转发微博。",
"mid":"ywd8HrfDF",
"date":"2012-08-08 15:14:03"
},
{
"kids":[],
"uid":"1725627430",
"parent":"",
"text":"骂刘翔的那些人看看，做运动员不容易的！",
"mid":"ywd7x461X",
"date":"2012-08-08 15:11:10"
},
{
"kids":[],
"uid":"1858153282",
"parent":"ywcUne5dl",
"text":"又把一个人逼疯了 ··",
"mid":"ywd6Fig2i",
"date":"2012-08-08 15:09:04"
},
{
"kids":[],
"uid":"2140492100",
"parent":"",
"text":"[加油]",
"mid":"ywd5LqkB5",
"date":"2012-08-08 15:06:49"
},
{
"kids":[],
"uid":"devilsuper",
"parent":"ywcMvDL5E",
"text":"好痛！ 翔哥要好好的！！[蜡烛]",
"mid":"ywd3TAisL",
"date":"2012-08-08 15:02:14"
},
{
"kids":[],
"uid":"2239389672",
"parent":"",
"text":"白痴们速速退下 [泪]",
"mid":"ywd2Xl6Ku",
"date":"2012-08-08 14:59:55"
},
{
"kids":[],
"uid":"35and521",
"parent":"ywcK95Dq3",
"text":"加油，刘翔",
"mid":"ywd2F4Wjn",
"date":"2012-08-08 14:59:11"
},
{
"kids":[],
"uid":"2768099330",
"parent":"",
"text":"用这么残酷的图击退SB们 心痛",
"mid":"ywd2vBEL9",
"date":"2012-08-08 14:58:47"
},
{
"kids":[],
"uid":"1260628065",
"parent":"",
"text":"哈疼",
"mid":"ywd1ZmYfQ",
"date":"2012-08-08 14:57:31"
},
{
"kids":[],
"uid":"2551486332",
"parent":"ywcYmxMMc",
"text":"[泪]",
"mid":"ywd0Yb0hM",
"date":"2012-08-08 14:55:01"
},
{
"kids":[
"ywd0Yb0hM"
],
"uid":"1742480814",
"parent":"ywcT1j78L",
"text":"@下午茶1988",
"mid":"ywcYmxMMc",
"date":"2012-08-08 14:48:36"
},
{
"kids":[],
"uid":"2760515695",
"parent":"ywcTDpbh9",
"text":"",
"mid":"ywcXMbqrw",
"date":"2012-08-08 14:47:06"
},
{
"kids":[],
"uid":"2284385542",
"parent":"",
"text":"",
"mid":"ywcVQdbrA",
"date":"2012-08-08 14:42:24"
},
{
"kids":[
"ywduiCWUa",
"ywd6Fig2i"
],
"uid":"2299599874",
"parent":"ywcKP2zaX",
"text":"",
"mid":"ywcUne5dl",
"date":"2012-08-08 14:38:46"
},
{
"kids":[
"ywcXMbqrw"
],
"uid":"andylam21",
"parent":"ywcLK6blh",
"text":"",
"mid":"ywcTDpbh9",
"date":"2012-08-08 14:36:55"
},
{
"kids":[
"ywcYmxMMc"
],
"uid":"537955123",
"parent":"ywcKP2zaX",
"text":"那些闹刘翔假摔的，闭嘴。",
"mid":"ywcT1j78L",
"date":"2012-08-08 14:35:24"
},
{
"kids":[],
"uid":"2705255163",
"parent":"ywcR2F6fi",
"text":"无限拼接啊！",
"mid":"ywcSYlM1I",
"date":"2012-08-08 14:35:19"
},
{
"kids":[],
"uid":"zzmm333",
"parent":"",
"text":"[威武]",
"mid":"ywcSFFkNq",
"date":"2012-08-08 14:34:34"
},
{
"kids":[
"ywdo7opL0"
],
"uid":"519243453",
"parent":"",
"text":"[泪]",
"mid":"ywcSzbulr",
"date":"2012-08-08 14:34:19"
},
{
"kids":[],
"uid":"2871426414",
"parent":"",
"text":"起码别人也为亚洲人创造过奇迹了，祝早日康复",
"mid":"ywcRs4ZU8",
"date":"2012-08-08 14:31:34"
},
{
"kids":[],
"uid":"2497110692",
"parent":"",
"text":"[吃惊]",
"mid":"ywcRn3yH6",
"date":"2012-08-08 14:31:22"
},
{
"kids":[
"ywcSYlM1I"
],
"uid":"2129899054",
"parent":"ywcQGajPj",
"text":"",
"mid":"ywcR2F6fi",
"date":"2012-08-08 14:30:34"
},
{
"kids":[],
"uid":"802111010",
"parent":"",
"text":"",
"mid":"ywcR1qMoR",
"date":"2012-08-08 14:30:29"
},
{
"kids":[],
"uid":"2080672471",
"parent":"ywcKkjmUF",
"text":"。。。。恐怖",
"mid":"ywcQX4sfA",
"date":"2012-08-08 14:30:21"
},
{
"kids":[
"ywcR2F6fi"
],
"uid":"2156856697",
"parent":"ywcKMo5oy",
"text":"那些演戏论者，你们要是能演出这种水平，我就叫你一万声：影帝。",
"mid":"ywcQGajPj",
"date":"2012-08-08 14:29:39"
},
{
"kids":[
"ywhs63v0q"
],
"uid":"2861072260",
"parent":"",
"text":"",
"mid":"ywcOZzY3O",
"date":"2012-08-08 14:25:30"
},
{
"kids":[],
"uid":"2868001392",
"parent":"",
"text":"你们那些骂他的人，好好看看吧！！！",
"mid":"ywcNzfevH",
"date":"2012-08-08 14:22:00"
},
{
"kids":[
"ywd3TAisL"
],
"uid":"1807030944",
"parent":"",
"text":"救命！好痛！",
"mid":"ywcMvDL5E",
"date":"2012-08-08 14:19:23"
},
{
"kids":[],
"uid":"sminson",
"parent":"",
"text":"",
"mid":"ywcM0hYtR",
"date":"2012-08-08 14:18:09"
},
{
"kids":[],
"uid":"2867018972",
"parent":"",
"text":"刘翔，加油，挺你！！！",
"mid":"ywcLQ0Sh7",
"date":"2012-08-08 14:17:44"
},
{
"kids":[],
"uid":"2435289644",
"parent":"ywcKSfUTV",
"text":"加油！！",
"mid":"ywcLP6lME",
"date":"2012-08-08 14:17:40"
},
{
"kids":[
"ywcTDpbh9"
],
"uid":"2083860545",
"parent":"ywcKP2zaX",
"text":"[泪][泪][泪]",
"mid":"ywcLK6blh",
"date":"2012-08-08 14:17:30"
},
{
"kids":[],
"uid":"baolimei",
"parent":"",
"text":"",
"mid":"ywcLxmhUg",
"date":"2012-08-08 14:17:00"
},
{
"kids":[],
"uid":"lovecxp01",
"parent":"ywcK95Dq3",
"text":"运动员都是在和自己的极限拼命",
"mid":"ywcLf2bd4",
"date":"2012-08-08 14:16:17"
},
{
"kids":[
"ywd9kbTXJ"
],
"uid":"1906840821",
"parent":"ywcKiwSbO",
"text":"",
"mid":"ywcL99B0o",
"date":"2012-08-08 14:16:02"
},
{
"kids":[
"ywcLP6lME"
],
"uid":"dangao",
"parent":"",
"text":"",
"mid":"ywcKSfUTV",
"date":"2012-08-08 14:15:23"
},
{
"kids":[
"ywfCAAWE2",
"ywcUne5dl",
"ywcT1j78L",
"ywcLK6blh"
],
"uid":"2807504714",
"parent":"ywcKkjmUF",
"text":"[泪]",
"mid":"ywcKP2zaX",
"date":"2012-08-08 14:15:13"
},
{
"kids":[
"ywcQGajPj"
],
"uid":"2866977452",
"parent":"ywcKkjmUF",
"text":"",
"mid":"ywcKMo5oy",
"date":"2012-08-08 14:15:08"
},
{
"kids":[
"ywgbKa2za",
"ywcQX4sfA",
"ywcKP2zaX",
"ywcKMo5oy"
],
"uid":"2867015610",
"parent":"",
"text":"顶   ~~~~~~",
"mid":"ywcKkjmUF",
"date":"2012-08-08 14:14:00"
},
{
"kids":[
"ywcL99B0o"
],
"uid":"1782729167",
"parent":"",
"text":"好吓人啊！",
"mid":"ywcKiwSbO",
"date":"2012-08-08 14:13:56"
},
{
"kids":[
"ywd2F4Wjn",
"ywcLf2bd4"
],
"uid":"2866497184",
"parent":"",
"text":"刘翔，给力！！！",
"mid":"ywcK95Dq3",
"date":"2012-08-08 14:13:35"
},
{
"kids":[
"ywddH8Ig0"
],
"uid":"cunnywan",
"parent":"",
"text":"果断转了~~",
"mid":"ywcJMAs0p",
"date":"2012-08-08 14:12:40"
},
{
"kids":[],
"uid":"2909275465",
"parent":"",
"text":"力挺到底",
"mid":"ywcJEjcNd",
"date":"2012-08-08 14:12:21"
}
]