[
{
"kids":[],
"uid":"2891219344",
"parent":"znJL0mFvr",
"text":"[",
"mid":"B66SxcPv1",
"date":"2014-05-26 19:42:44"
},
{
"kids":[],
"uid":"2920237760",
"parent":"znNOU3Ljl",
"text":"",
"mid":"zpMi81MSR",
"date":"2013-03-30 06:35:36"
},
{
"kids":[],
"uid":"2920475420",
"parent":"znNOU3Ljl",
"text":"",
"mid":"zpMi80K17",
"date":"2013-03-30 06:35:36"
},
{
"kids":[],
"uid":"2299322553",
"parent":"znK0k5hRG",
"text":"[哈哈][哈哈][哈哈] 其实他真的删了最后一句的",
"mid":"zphpGoBEO",
"date":"2013-03-26 23:59:02"
},
{
"kids":[],
"uid":"1010013945",
"parent":"",
"text":"何同学的稿费拿到了么[哈哈]",
"mid":"zoAUAln0e",
"date":"2013-03-22 11:47:05"
},
{
"kids":[],
"uid":"1583003305",
"parent":"znL0YBQcc",
"text":"",
"mid":"zogU9bUAv",
"date":"2013-03-20 08:51:04"
},
{
"kids":[],
"uid":"1777922112",
"parent":"znJWlFUYV",
"text":"",
"mid":"zo6U6gjQ0",
"date":"2013-03-19 07:23:28"
},
{
"kids":[],
"uid":"1821298451",
"parent":"znJF3k0Aw",
"text":"@Jaline_Jin",
"mid":"znZEIk9nP",
"date":"2013-03-18 12:56:21"
},
{
"kids":[],
"uid":"2729159142",
"parent":"znJKhsp9t",
"text":"",
"mid":"znZiJfMcP",
"date":"2013-03-18 12:02:09"
},
{
"kids":[],
"uid":"333638038",
"parent":"znKHt9VoP",
"text":"[笑哈哈]",
"mid":"znYAFFDsl",
"date":"2013-03-18 10:13:38"
},
{
"kids":[],
"uid":"2789807112",
"parent":"znJWlFUYV",
"text":"",
"mid":"znUCMEelM",
"date":"2013-03-18 00:07:52"
},
{
"kids":[],
"uid":"2498857800",
"parent":"znKCLenWK",
"text":"",
"mid":"znUw0c5ac",
"date":"2013-03-17 23:51:09"
},
{
"kids":[],
"uid":"2050000174",
"parent":"znP2D6UAQ",
"text":"[哈哈]",
"mid":"znUhqgtHC",
"date":"2013-03-17 23:15:14"
},
{
"kids":[],
"uid":"2155360774",
"parent":"znKCLenWK",
"text":"",
"mid":"znTZtsaLr",
"date":"2013-03-17 22:31:02"
},
{
"kids":[],
"uid":"huahua86",
"parent":"",
"text":"[笑哈哈][笑哈哈][笑哈哈]笑左！！！！哈哈哈哈！！！",
"mid":"znTY6lGeg",
"date":"2013-03-17 22:27:37"
},
{
"kids":[],
"uid":"1748942424",
"parent":"",
"text":"[嘻嘻][哈哈][鼓掌]",
"mid":"znTW1xnbr",
"date":"2013-03-17 22:22:31"
},
{
"kids":[],
"uid":"1464102942",
"parent":"znS3ty9rS",
"text":"[汗]",
"mid":"znTMrgQHe",
"date":"2013-03-17 21:58:53"
},
{
"kids":[],
"uid":"2667682411",
"parent":"znKETk8zD",
"text":"",
"mid":"znTnVh55A",
"date":"2013-03-17 20:58:30"
},
{
"kids":[],
"uid":"1652344933",
"parent":"znLd15S4r",
"text":"真是高手啊，揣着明白装糊涂的腹黑高手啊！",
"mid":"znSwjzhQT",
"date":"2013-03-17 18:46:23"
},
{
"kids":[],
"uid":"2903876334",
"parent":"znRWafOLX",
"text":"[哈哈]",
"mid":"znS9sFKQb",
"date":"2013-03-17 17:50:08"
},
{
"kids":[
"znTMrgQHe"
],
"uid":"benzhan008",
"parent":"",
"text":"确实删掉了",
"mid":"znS3ty9rS",
"date":"2013-03-17 17:35:23"
},
{
"kids":[
"znS9sFKQb"
],
"uid":"336069998",
"parent":"",
"text":"不实消息我也想转。发时把最后一句删掉。哈哈哈哈哈哈.........",
"mid":"znRWafOLX",
"date":"2013-03-17 17:17:20"
},
{
"kids":[],
"uid":"277981086",
"parent":"znJXIu6KR",
"text":"",
"mid":"znRPOpl3f",
"date":"2013-03-17 17:01:41"
},
{
"kids":[],
"uid":"igrl",
"parent":"znKCLenWK",
"text":"",
"mid":"znRE2gicP",
"date":"2013-03-17 16:32:42"
},
{
"kids":[],
"uid":"melissaxue",
"parent":"znOOcFpZ9",
"text":"哈哈",
"mid":"znQxY2WfY",
"date":"2013-03-17 13:44:59"
},
{
"kids":[],
"uid":"baobeishasha",
"parent":"znKCLenWK",
"text":"",
"mid":"znQiy6q2u",
"date":"2013-03-17 13:06:59"
},
{
"kids":[],
"uid":"1761838017",
"parent":"znPZlgTKV",
"text":"真不怪何润东",
"mid":"znQ1ln3Ut",
"date":"2013-03-17 12:24:38"
},
{
"kids":[],
"uid":"2683141833",
"parent":"",
"text":"除了大笑三声，我能说什么呢？？？哈哈哈",
"mid":"znQ1jhv6N",
"date":"2013-03-17 12:24:32"
},
{
"kids":[],
"uid":"yybaby7670",
"parent":"znKCLenWK",
"text":"",
"mid":"znQ17sbW9",
"date":"2013-03-17 12:24:05"
},
{
"kids":[],
"uid":"sunjt",
"parent":"znPY8ebw1",
"text":"好好笑",
"mid":"znQ0pu2JD",
"date":"2013-03-17 12:22:19"
},
{
"kids":[],
"uid":"1777855075",
"parent":"znPZlgTKV",
"text":"[偷笑]",
"mid":"znPZVzspv",
"date":"2013-03-17 12:21:07"
},
{
"kids":[
"znQ1ln3Ut",
"znPZVzspv"
],
"uid":"fanyyeric",
"parent":"znPUf43VE",
"text":"真不怪何润东",
"mid":"znPZlgTKV",
"date":"2013-03-17 12:19:41"
},
{
"kids":[],
"uid":"sirxumenglong",
"parent":"",
"text":"",
"mid":"znPZhptPV",
"date":"2013-03-17 12:19:32"
},
{
"kids":[
"znQ0pu2JD"
],
"uid":"mattina729",
"parent":"znKUMuSIq",
"text":"[赞]",
"mid":"znPY8ebw1",
"date":"2013-03-17 12:16:43"
},
{
"kids":[],
"uid":"wraithhero",
"parent":"znPUf43VE",
"text":"原作者是个写段子的啊，真有营销号拿来当真相转载了[汗]",
"mid":"znPUQkoUn",
"date":"2013-03-17 12:08:37"
},
{
"kids":[
"znPZlgTKV",
"znPUQkoUn"
],
"uid":"roy9018",
"parent":"znJIqxCtE",
"text":"",
"mid":"znPUf43VE",
"date":"2013-03-17 12:07:08"
},
{
"kids":[],
"uid":"maiziguzi",
"parent":"znKGKy3bj",
"text":"网友真有才。",
"mid":"znPS4DhkV",
"date":"2013-03-17 12:01:48"
},
{
"kids":[],
"uid":"1886544497",
"parent":"",
"text":"[哈哈]][黑线]",
"mid":"znPKsq5MB",
"date":"2013-03-17 11:43:02"
},
{
"kids":[],
"uid":"hachihachi",
"parent":"znMZa9708",
"text":"[偷笑][偷笑][偷笑]",
"mid":"znPG6441f",
"date":"2013-03-17 11:32:16"
},
{
"kids":[],
"uid":"2511083642",
"parent":"znKCLenWK",
"text":"[哈哈]",
"mid":"znPE29eHy",
"date":"2013-03-17 11:27:11"
},
{
"kids":[],
"uid":"sherry1739",
"parent":"",
"text":"[哈哈][哈哈]",
"mid":"znPDs74If",
"date":"2013-03-17 11:25:46"
},
{
"kids":[],
"uid":"2305100664",
"parent":"",
"text":"",
"mid":"znPvqaATP",
"date":"2013-03-17 11:05:58"
},
{
"kids":[],
"uid":"1980443013",
"parent":"znKo3BtqO",
"text":"",
"mid":"znPumAFeq",
"date":"2013-03-17 11:03:23"
},
{
"kids":[],
"uid":"1814378493",
"parent":"",
"text":"@嗨angeline",
"mid":"znPsqjEcP",
"date":"2013-03-17 10:58:34"
},
{
"kids":[],
"uid":"1070041591",
"parent":"znObFyr1t",
"text":"",
"mid":"znPqtaQOV",
"date":"2013-03-17 10:53:47"
},
{
"kids":[],
"uid":"mosterxj",
"parent":"",
"text":"谁能告诉我发生什么了？求解",
"mid":"znPplnxBW",
"date":"2013-03-17 10:51:01"
},
{
"kids":[],
"uid":"1220264647",
"parent":"znJL6AmhC",
"text":"确实很欢乐！",
"mid":"znPp7f2y2",
"date":"2013-03-17 10:50:27"
},
{
"kids":[],
"uid":"1761200603",
"parent":"znOKrdJcR",
"text":"妥妥的[哈哈]",
"mid":"znPmNAmQq",
"date":"2013-03-17 10:44:45"
},
{
"kids":[],
"uid":"1788924175",
"parent":"",
"text":"8点20",
"mid":"znPmD0lEh",
"date":"2013-03-17 10:44:19"
},
{
"kids":[],
"uid":"1657204963",
"parent":"znJEOh9DQ",
"text":"[给力]",
"mid":"znPlZDRqj",
"date":"2013-03-17 10:42:46"
},
{
"kids":[],
"uid":"272233836",
"parent":"",
"text":"",
"mid":"znPlH4VF8",
"date":"2013-03-17 10:42:00"
},
{
"kids":[],
"uid":"drwangli",
"parent":"",
"text":"[哈哈][哈哈][哈哈]应该说把最后两句删了",
"mid":"znPh9tSyV",
"date":"2013-03-17 10:30:49"
},
{
"kids":[],
"uid":"hlwxiao3",
"parent":"",
"text":"[偷笑]",
"mid":"znPfNf7jV",
"date":"2013-03-17 10:27:29"
},
{
"kids":[],
"uid":"xiaoweicq",
"parent":"znKCLenWK",
"text":"这个世界太复杂了，我看不懂[兔子]",
"mid":"znPetngGC",
"date":"2013-03-17 10:24:14"
},
{
"kids":[],
"uid":"moneysong",
"parent":"znKGKy3bj",
"text":"",
"mid":"znPbhnL1z",
"date":"2013-03-17 10:16:21"
},
{
"kids":[],
"uid":"1062261731",
"parent":"",
"text":"",
"mid":"znPa8wi1S",
"date":"2013-03-17 10:13:33"
},
{
"kids":[],
"uid":"1841110247",
"parent":"znNa4wm86",
"text":"这是怎么回事啊 ？没看懂啊？",
"mid":"znP9ItC6G",
"date":"2013-03-17 10:12:30"
},
{
"kids":[],
"uid":"2020996251",
"parent":"znKPZxka8",
"text":"完整版",
"mid":"znP33EyyA",
"date":"2013-03-17 09:56:06"
},
{
"kids":[
"znUhqgtHC"
],
"uid":"lovesthm",
"parent":"",
"text":"噗",
"mid":"znP2D6UAQ",
"date":"2013-03-17 09:55:02"
},
{
"kids":[],
"uid":"candice721",
"parent":"znNRjgvwi",
"text":"[围观]",
"mid":"znP0xnRTp",
"date":"2013-03-17 09:49:53"
},
{
"kids":[],
"uid":"3181650830",
"parent":"znKCLenWK",
"text":"[笑哈哈][笑哈哈][笑哈哈]",
"mid":"znOZF04I5",
"date":"2013-03-17 09:47:43"
},
{
"kids":[],
"uid":"2125256327",
"parent":"znKCLenWK",
"text":"",
"mid":"znOZoskTQ",
"date":"2013-03-17 09:47:04"
},
{
"kids":[],
"uid":"1974901631",
"parent":"znKCLenWK",
"text":"这算是低端黑吗？",
"mid":"znOVBwK4J",
"date":"2013-03-17 09:37:46"
},
{
"kids":[
"znQxY2WfY"
],
"uid":"2086293523",
"parent":"znKfKC5rj",
"text":"",
"mid":"znOOcFpZ9",
"date":"2013-03-17 09:19:30"
},
{
"kids":[],
"uid":"1966195761",
"parent":"znOKrdJcR",
"text":"[偷笑]",
"mid":"znOKXa7FR",
"date":"2013-03-17 09:11:30"
},
{
"kids":[],
"uid":"2039065063",
"parent":"",
"text":"大概八点二十发，又产生了一个流行语",
"mid":"znOKL0CCd",
"date":"2013-03-17 09:11:01"
},
{
"kids":[
"znPmNAmQq",
"znOKXa7FR"
],
"uid":"1773876603",
"parent":"",
"text":"妥了",
"mid":"znOKrdJcR",
"date":"2013-03-17 09:10:14"
},
{
"kids":[],
"uid":"2390991565",
"parent":"znKCLenWK",
"text":"呵呵",
"mid":"znOG4gRRy",
"date":"2013-03-17 08:59:26"
},
{
"kids":[],
"uid":"2194358094",
"parent":"znKCLenWK",
"text":"",
"mid":"znOERbp5i",
"date":"2013-03-17 08:56:29"
},
{
"kids":[],
"uid":"1403200741",
"parent":"znOpdpebp",
"text":"",
"mid":"znOEN3LAC",
"date":"2013-03-17 08:56:18"
},
{
"kids":[],
"uid":"1785670567",
"parent":"",
"text":"何的确把最后句删掉了呀[哈哈]",
"mid":"znODC3hHT",
"date":"2013-03-17 08:53:25"
},
{
"kids":[],
"uid":"he2811206",
"parent":"znOpdpebp",
"text":"",
"mid":"znOvYmuqM",
"date":"2013-03-17 08:34:36"
},
{
"kids":[],
"uid":"unclenian",
"parent":"znL3OaJX2",
"text":"尿了[嘻嘻]",
"mid":"znOvPuwmZ",
"date":"2013-03-17 08:34:15"
},
{
"kids":[],
"uid":"sevenqueen",
"parent":"znKMMCMvb",
"text":"这特么一大早的，又有大笑料儿！",
"mid":"znOvKbvYl",
"date":"2013-03-17 08:34:02"
},
{
"kids":[],
"uid":"lovejayfoever",
"parent":"znK49npiW",
"text":"",
"mid":"znOsFBBJP",
"date":"2013-03-17 08:26:28"
},
{
"kids":[],
"uid":"1873898775",
"parent":"",
"text":"真丢脸",
"mid":"znOsfkPLE",
"date":"2013-03-17 08:25:24"
},
{
"kids":[],
"uid":"1760062231",
"parent":"",
"text":"[哈哈][哈哈]",
"mid":"znOqSuqFb",
"date":"2013-03-17 08:22:03"
},
{
"kids":[],
"uid":"1781275901",
"parent":"znKF8EipJ",
"text":"太好笑了！",
"mid":"znOpQ83Vj",
"date":"2013-03-17 08:19:29"
},
{
"kids":[
"znOEN3LAC",
"znOvYmuqM"
],
"uid":"xiding",
"parent":"znKCLenWK",
"text":"[哈哈][哈哈][哈哈]",
"mid":"znOpdpebp",
"date":"2013-03-17 08:17:57"
},
{
"kids":[],
"uid":"2090799194",
"parent":"znKCLenWK",
"text":"开心一下。。。[哈哈][哈哈][哈哈]",
"mid":"znOnCDZqr",
"date":"2013-03-17 08:14:02"
},
{
"kids":[],
"uid":"2190564492",
"parent":"znOjmexCI",
"text":"",
"mid":"znOm205Bh",
"date":"2013-03-17 08:10:06"
},
{
"kids":[],
"uid":"2053149864",
"parent":"",
"text":"真的假的",
"mid":"znOlDtBvE",
"date":"2013-03-17 08:09:07"
},
{
"kids":[
"znOm205Bh"
],
"uid":"2191236544",
"parent":"",
"text":"",
"mid":"znOjmexCI",
"date":"2013-03-17 08:03:30"
},
{
"kids":[],
"uid":"1652946105",
"parent":"znKaXDZ69",
"text":"",
"mid":"znOhKCPZ0",
"date":"2013-03-17 07:59:34"
},
{
"kids":[],
"uid":"2655842725",
"parent":"znKCLenWK",
"text":"晕，[哈哈][哈哈][哈哈]",
"mid":"znOc3dK3Q",
"date":"2013-03-17 07:45:31"
},
{
"kids":[
"znPqtaQOV"
],
"uid":"1738928581",
"parent":"znMo6rOQ5",
"text":"高级黑[汗][衰]",
"mid":"znObFyr1t",
"date":"2013-03-17 07:44:35"
},
{
"kids":[],
"uid":"1763279435",
"parent":"znKCLenWK",
"text":"",
"mid":"znO8K8jL0",
"date":"2013-03-17 07:37:21"
},
{
"kids":[],
"uid":"mindmatters",
"parent":"znNLgAFfR",
"text":"",
"mid":"znO05fETw",
"date":"2013-03-17 07:16:01"
},
{
"kids":[],
"uid":"aibi529",
"parent":"",
"text":"@_白薇 这就是事情的原委。猪一样的队友啊。哈哈。",
"mid":"znNY4gB1L",
"date":"2013-03-17 07:11:03"
},
{
"kids":[],
"uid":"zongdehuan3099",
"parent":"",
"text":"哈哈，人才中的人才啊！",
"mid":"znNTwEMia",
"date":"2013-03-17 06:59:53"
},
{
"kids":[],
"uid":"applei321",
"parent":"znKTVzYHJ",
"text":"",
"mid":"znNSOjCiy",
"date":"2013-03-17 06:58:07"
},
{
"kids":[
"znP0xnRTp"
],
"uid":"1859061394",
"parent":"znKr8eSPJ",
"text":"[嘻嘻][围观]",
"mid":"znNRjgvwi",
"date":"2013-03-17 06:54:25"
},
{
"kids":[],
"uid":"2246541044",
"parent":"znKCLenWK",
"text":"",
"mid":"znNPE8NAK",
"date":"2013-03-17 06:50:19"
},
{
"kids":[
"zpMi81MSR",
"zpMi80K17"
],
"uid":"3173598641",
"parent":"znKCLenWK",
"text":"[黑线]",
"mid":"znNOU3Ljl",
"date":"2013-03-17 06:48:29"
},
{
"kids":[],
"uid":"1216256987",
"parent":"znKHt9VoP",
"text":"",
"mid":"znNO94GKw",
"date":"2013-03-17 06:46:37"
},
{
"kids":[
"znO05fETw"
],
"uid":"1400277332",
"parent":"znKDA6D7R",
"text":"",
"mid":"znNLgAFfR",
"date":"2013-03-17 06:39:31"
},
{
"kids":[],
"uid":"1357890443",
"parent":"znJG1Be9K",
"text":"",
"mid":"znNFcqyxS",
"date":"2013-03-17 06:24:34"
},
{
"kids":[],
"uid":"bellyang",
"parent":"",
"text":"[哈哈][泪]",
"mid":"znNasdBpe",
"date":"2013-03-17 05:08:50"
},
{
"kids":[
"znP9ItC6G"
],
"uid":"1825178490",
"parent":"znKSc4bWw",
"text":"[哈哈]",
"mid":"znNa4wm86",
"date":"2013-03-17 05:07:54"
},
{
"kids":[],
"uid":"madexin",
"parent":"",
"text":"[哈哈][哈哈]",
"mid":"znN3Jg72Z",
"date":"2013-03-17 04:52:15"
},
{
"kids":[
"znPG6441f"
],
"uid":"1980595815",
"parent":"znKLadRKw",
"text":"最后知道真相的我眼泪流下来",
"mid":"znMZa9708",
"date":"2013-03-17 04:41:01"
},
{
"kids":[],
"uid":"2576857834",
"parent":"znKCLenWK",
"text":"[哈哈][哈哈][哈哈]",
"mid":"znMGmtCQK",
"date":"2013-03-17 03:54:42"
},
{
"kids":[],
"uid":"1883470672",
"parent":"znKGKy3bj",
"text":"",
"mid":"znMDpwYGi",
"date":"2013-03-17 03:47:26"
},
{
"kids":[
"znObFyr1t"
],
"uid":"wenminjie46",
"parent":"",
"text":"",
"mid":"znMo6rOQ5",
"date":"2013-03-17 03:09:43"
},
{
"kids":[],
"uid":"207075917",
"parent":"znKCLenWK",
"text":"[哈哈][哈哈]",
"mid":"znMckfOZo",
"date":"2013-03-17 02:40:42"
},
{
"kids":[],
"uid":"menghuizuinuan",
"parent":"",
"text":"[哈哈][哈哈][哈哈][哈哈][哈哈]",
"mid":"znM58mh03",
"date":"2013-03-17 02:22:59"
},
{
"kids":[],
"uid":"syllia",
"parent":"znJF78AJS",
"text":"8点20分发",
"mid":"znLZGzkK4",
"date":"2013-03-17 02:09:34"
},
{
"kids":[],
"uid":"948332123",
"parent":"",
"text":"这事确实不能怪润东了，人家已经把最后一句删了，谁让ccav点错标点的！",
"mid":"znLTLAZ51",
"date":"2013-03-17 01:54:59"
},
{
"kids":[],
"uid":"a794732469",
"parent":"",
"text":"=_=",
"mid":"znLRW7qss",
"date":"2013-03-17 01:50:28"
},
{
"kids":[],
"uid":"312664666",
"parent":"znJKUsRtH",
"text":"八九不离十。。",
"mid":"znLPUhwvs",
"date":"2013-03-17 01:45:28"
},
{
"kids":[],
"uid":"2539311495",
"parent":"znJGNrqSd",
"text":"@李润泽Lee 看看",
"mid":"znLNd3gb4",
"date":"2013-03-17 01:38:49"
},
{
"kids":[],
"uid":"1684753707",
"parent":"znLcuhsyM",
"text":"先转了再说",
"mid":"znLMC5L2l",
"date":"2013-03-17 01:37:21"
},
{
"kids":[],
"uid":"2241038001",
"parent":"znLHn32Y6",
"text":"哈哈哈哈哈，半夜看到又笑精神了[哈哈][哈哈][哈哈]",
"mid":"znLM3eBoj",
"date":"2013-03-17 01:35:57"
},
{
"kids":[],
"uid":"1752779634",
"parent":"",
"text":"[偷笑]",
"mid":"znLKpg8Qk",
"date":"2013-03-17 01:31:55"
},
{
"kids":[
"znLM3eBoj"
],
"uid":"kakalu20",
"parent":"znKFLpK5p",
"text":"[哈哈][哈哈][哈哈]",
"mid":"znLHn32Y6",
"date":"2013-03-17 01:24:26"
},
{
"kids":[],
"uid":"1405662444",
"parent":"znK6mvltn",
"text":"@新东方Q姐 ：你喜欢的明星。会是诬陷么？",
"mid":"znLGkAigx",
"date":"2013-03-17 01:21:53"
},
{
"kids":[],
"uid":"ljiean",
"parent":"znKJbwWYQ",
"text":"不是真的吧，这央视的员工还敢传出来，不想混了？",
"mid":"znLGe9I1v",
"date":"2013-03-17 01:21:36"
},
{
"kids":[],
"uid":"2285205430",
"parent":"znKCLenWK",
"text":"[哈哈][哈哈][哈哈]",
"mid":"znLEjlKcF",
"date":"2013-03-17 01:16:54"
},
{
"kids":[],
"uid":"tumblerl",
"parent":"znJUc4w9T",
"text":"",
"mid":"znLE876JO",
"date":"2013-03-17 01:16:27"
},
{
"kids":[],
"uid":"jqhv",
"parent":"znKCLenWK",
"text":"8点20！笑得眼珠都快掉下来！",
"mid":"znLDVo0mW",
"date":"2013-03-17 01:15:56"
},
{
"kids":[],
"uid":"206222705",
"parent":"",
"text":"@靠嘴活着滴话痨 你今天说的是这个吗？哈哈哈~~~~@月中梦游",
"mid":"znLB0wDkw",
"date":"2013-03-17 01:08:46"
},
{
"kids":[],
"uid":"2478177121",
"parent":"",
"text":"",
"mid":"znLzugKLX",
"date":"2013-03-17 01:05:01"
},
{
"kids":[],
"uid":"2097042325",
"parent":"znKJOgqge",
"text":"",
"mid":"znLwU6Vol",
"date":"2013-03-17 00:58:39"
},
{
"kids":[],
"uid":"601220977",
"parent":"",
"text":"",
"mid":"znLwnmsvb",
"date":"2013-03-17 00:57:21"
},
{
"kids":[],
"uid":"3033947381",
"parent":"",
"text":"",
"mid":"znLtBkHoh",
"date":"2013-03-17 00:50:31"
},
{
"kids":[],
"uid":"2190299104",
"parent":"znLryBRf1",
"text":"大半夜的笑死我啊[哈哈]",
"mid":"znLtuzc0q",
"date":"2013-03-17 00:50:15"
},
{
"kids":[],
"uid":"2388203445",
"parent":"",
"text":"闭嘴啦！",
"mid":"znLtb5MfK",
"date":"2013-03-17 00:49:26"
},
{
"kids":[],
"uid":"1973406145",
"parent":"znKCLenWK",
"text":"",
"mid":"znLta9zAW",
"date":"2013-03-17 00:49:26"
},
{
"kids":[],
"uid":"1589864877",
"parent":"znK3Vtio9",
"text":"",
"mid":"znLsiE7uO",
"date":"2013-03-17 00:47:19"
},
{
"kids":[
"znLtuzc0q"
],
"uid":"thisisdennis",
"parent":"znK4e8ngn",
"text":"太假了。。。不过还是很搞笑。。。何润东被黑出翔了。。。",
"mid":"znLryBRf1",
"date":"2013-03-17 00:45:26"
},
{
"kids":[],
"uid":"rollozhang",
"parent":"znL5A3rW5",
"text":"不能这样坑爹啊~",
"mid":"znLriAJj2",
"date":"2013-03-17 00:44:47"
},
{
"kids":[],
"uid":"1292955934",
"parent":"",
"text":"原来是酱紫···何哥哥在卖萌么···[哈哈]",
"mid":"znLreaXGe",
"date":"2013-03-17 00:44:38"
},
{
"kids":[],
"uid":"2143145315",
"parent":"znKgi2aP8",
"text":"笑尿了",
"mid":"znLpT9MVL",
"date":"2013-03-17 00:41:22"
},
{
"kids":[],
"uid":"pku1984",
"parent":"znKDdics7",
"text":"猪头三助理？",
"mid":"znLpSgxUv",
"date":"2013-03-17 00:41:20"
},
{
"kids":[],
"uid":"2260611491",
"parent":"znKGw5rf6",
"text":"",
"mid":"znLpxCobd",
"date":"2013-03-17 00:40:29"
},
{
"kids":[],
"uid":"1495358082",
"parent":"",
"text":"[偷笑]",
"mid":"znLoJCLCT",
"date":"2013-03-17 00:38:32"
},
{
"kids":[],
"uid":"weibopiao",
"parent":"znKeXwhl6",
"text":"",
"mid":"znLoaun4J",
"date":"2013-03-17 00:37:04"
},
{
"kids":[],
"uid":"577551372",
"parent":"",
"text":"尼玛笑屎了！",
"mid":"znLnOkEcs",
"date":"2013-03-17 00:36:15"
},
{
"kids":[],
"uid":"1737432085",
"parent":"",
"text":"搜索了一下笑飞了@miranda_fighting",
"mid":"znLiQqlFH",
"date":"2013-03-17 00:23:58"
},
{
"kids":[],
"uid":"tracyyylai",
"parent":"znKCLenWK",
"text":"",
"mid":"znLib6SiZ",
"date":"2013-03-17 00:22:22"
},
{
"kids":[],
"uid":"2914787143",
"parent":"",
"text":"[good]",
"mid":"znLhn7GFA",
"date":"2013-03-17 00:20:24"
},
{
"kids":[],
"uid":"2388203445",
"parent":"znKCLenWK",
"text":"",
"mid":"znLgTACHz",
"date":"2013-03-17 00:19:11"
},
{
"kids":[],
"uid":"itnihao",
"parent":"znKsS53Gb",
"text":"从此8点20火了",
"mid":"znLgQ1tCH",
"date":"2013-03-17 00:19:04"
},
{
"kids":[],
"uid":"zhengdanglu",
"parent":"znKqytjfv",
"text":"",
"mid":"znLdac30R",
"date":"2013-03-17 00:10:01"
},
{
"kids":[
"znSwjzhQT"
],
"uid":"1426919820",
"parent":"znKCLenWK",
"text":"的确把最后一句删了！[哈哈][嘻嘻][酷][偷笑][馋嘴]",
"mid":"znLd15S4r",
"date":"2013-03-17 00:09:37"
},
{
"kids":[],
"uid":"crystal66",
"parent":"znKGKy3bj",
"text":"biu biu biu ~",
"mid":"znLcQ9JM6",
"date":"2013-03-17 00:09:13"
},
{
"kids":[],
"uid":"3257811840",
"parent":"znL8or6U6",
"text":"还不睡觉呀？",
"mid":"znLcG3ZqJ",
"date":"2013-03-17 00:08:47"
},
{
"kids":[
"znLMC5L2l"
],
"uid":"206052225",
"parent":"",
"text":"",
"mid":"znLcuhsyM",
"date":"2013-03-17 00:08:20"
},
{
"kids":[],
"uid":"nemoomen",
"parent":"",
"text":"[哈哈][哈哈]逗〜",
"mid":"znLbb2aH2",
"date":"2013-03-17 00:05:05"
},
{
"kids":[],
"uid":"kalven",
"parent":"znKL9yMfG",
"text":"[哈哈]",
"mid":"znLaRakel",
"date":"2013-03-17 00:04:20"
},
{
"kids":[],
"uid":"1998657074",
"parent":"znL56vgqK",
"text":"",
"mid":"znLaGvR8M",
"date":"2013-03-17 00:03:54"
},
{
"kids":[],
"uid":"xueooo",
"parent":"znK3Vtio9",
"text":"哈",
"mid":"znLalwXFD",
"date":"2013-03-17 00:03:05"
},
{
"kids":[],
"uid":"1896664212",
"parent":"znJBfxjzY",
"text":"[哈哈][哈哈][哈哈] 删的好",
"mid":"znL8IwU2J",
"date":"2013-03-16 23:59:03"
},
{
"kids":[],
"uid":"2045566844",
"parent":"znKFBngKE",
"text":"都怪发字后面是句号不是逗号啊[泪][哈哈][哈哈][哈哈][哈哈]",
"mid":"znL8w7rhF",
"date":"2013-03-16 23:58:32"
},
{
"kids":[
"znLcG3ZqJ"
],
"uid":"liangjiajia",
"parent":"znKCLenWK",
"text":"哈哈哈[哈哈]",
"mid":"znL8or6U6",
"date":"2013-03-16 23:58:17"
},
{
"kids":[],
"uid":"2050940063",
"parent":"znKCLenWK",
"text":"笑尿了",
"mid":"znL814mqp",
"date":"2013-03-16 23:57:19"
},
{
"kids":[],
"uid":"2362764642",
"parent":"znKCLenWK",
"text":"@sad_verysad",
"mid":"znL7WFdz3",
"date":"2013-03-16 23:57:08"
},
{
"kids":[],
"uid":"1891200852",
"parent":"znKCLenWK",
"text":"",
"mid":"znL7jlbor",
"date":"2013-03-16 23:55:34"
},
{
"kids":[],
"uid":"1921472234",
"parent":"znKCLenWK",
"text":"笑晕了[哈哈][哈哈][哈哈][偷笑]",
"mid":"znL78pVvO",
"date":"2013-03-16 23:55:10"
},
{
"kids":[],
"uid":"2012556611",
"parent":"znKRSh3NF",
"text":"",
"mid":"znL6TkS8O",
"date":"2013-03-16 23:54:34"
},
{
"kids":[],
"uid":"u2martin",
"parent":"",
"text":"$_$！",
"mid":"znL6FtY7L",
"date":"2013-03-16 23:54:01"
},
{
"kids":[],
"uid":"heress",
"parent":"znKLadRKw",
"text":"好段子[哈哈]",
"mid":"znL6a9Fl5",
"date":"2013-03-16 23:52:46"
},
{
"kids":[],
"uid":"napaliving",
"parent":"znKCLenWK",
"text":"",
"mid":"znL5S7YLB",
"date":"2013-03-16 23:52:03"
},
{
"kids":[
"znLriAJj2"
],
"uid":"1238154581",
"parent":"",
"text":"转发微博。",
"mid":"znL5A3rW5",
"date":"2013-03-16 23:51:20"
},
{
"kids":[],
"uid":"1809971284",
"parent":"",
"text":"",
"mid":"znL5yiwuK",
"date":"2013-03-16 23:51:17"
},
{
"kids":[],
"uid":"1661229375",
"parent":"znKCLenWK",
"text":"",
"mid":"znL5jvSKc",
"date":"2013-03-16 23:50:41"
},
{
"kids":[
"znLaGvR8M"
],
"uid":"1747856340",
"parent":"znJBfxjzY",
"text":"",
"mid":"znL56vgqK",
"date":"2013-03-16 23:50:10"
},
{
"kids":[],
"uid":"1646153262",
"parent":"",
"text":"其实我还是相信@何润东 同学的，那段话应该不是他本人发的，只是单纯的辩解在一边倒的局势面前有些苍白无力，希望能有更加透明有公信力的调查介入！【特别申明：以下转发内容是个笑话而已，如有巧合，请咨询CCTV】",
"mid":"znL4Ou9yF",
"date":"2013-03-16 23:49:24"
},
{
"kids":[],
"uid":"viviansunsun",
"parent":"",
"text":"哈哈哈",
"mid":"znL47D70I",
"date":"2013-03-16 23:47:46"
},
{
"kids":[],
"uid":"ranjun",
"parent":"znKCLenWK",
"text":"搞笑啊！",
"mid":"znL43cSgn",
"date":"2013-03-16 23:47:33"
},
{
"kids":[
"znOvPuwmZ"
],
"uid":"linyingking",
"parent":"znKL9yMfG",
"text":"",
"mid":"znL3OaJX2",
"date":"2013-03-16 23:46:58"
},
{
"kids":[],
"uid":"2673095953",
"parent":"znJLYFiyp",
"text":"",
"mid":"znL3GvgQL",
"date":"2013-03-16 23:46:39"
},
{
"kids":[],
"uid":"orangewind",
"parent":"znKXm3Gj3",
"text":"@平凡的单调",
"mid":"znL2PhA3T",
"date":"2013-03-16 23:44:33"
},
{
"kids":[],
"uid":"mengfanjin1989",
"parent":"znKSc4bWw",
"text":"此条略扯~",
"mid":"znL2E54gS",
"date":"2013-03-16 23:44:06"
},
{
"kids":[],
"uid":"yjy829",
"parent":"",
"text":"[笑哈哈]果断被黑了～～",
"mid":"znL2y7FZo",
"date":"2013-03-16 23:43:51"
},
{
"kids":[],
"uid":"1162387611",
"parent":"znL1v7YSj",
"text":"",
"mid":"znL2hgWL3",
"date":"2013-03-16 23:43:09"
},
{
"kids":[],
"uid":"1842214173",
"parent":"znKCLenWK",
"text":"真的假的？[抓狂]",
"mid":"znL28oXyc",
"date":"2013-03-16 23:42:50"
},
{
"kids":[],
"uid":"zhoulang315",
"parent":"znKCLenWK",
"text":"这个比较讲得通。",
"mid":"znL288VU9",
"date":"2013-03-16 23:42:51"
},
{
"kids":[],
"uid":"315168777",
"parent":"znKXm3Gj3",
"text":"我去……[哈哈][哈哈][哈哈][哈哈][哈哈]",
"mid":"znL26E37O",
"date":"2013-03-16 23:42:48"
},
{
"kids":[
"znL2hgWL3"
],
"uid":"mstarlight",
"parent":"",
"text":"最后一句真的删掉了(\"▔□▔)",
"mid":"znL1v7YSj",
"date":"2013-03-16 23:41:15"
},
{
"kids":[
"zogU9bUAv"
],
"uid":"wangjin9",
"parent":"znKCLenWK",
"text":"笑死我了",
"mid":"znL0YBQcc",
"date":"2013-03-16 23:39:58"
},
{
"kids":[],
"uid":"1681901042",
"parent":"",
"text":"哈哈。8点20哥。",
"mid":"znKZ0kEw7",
"date":"2013-03-16 23:35:04"
},
{
"kids":[],
"uid":"kawilam888",
"parent":"znKM9nwOJ",
"text":"笑了",
"mid":"znKYRsAP3",
"date":"2013-03-16 23:34:44"
},
{
"kids":[],
"uid":"2748376225",
"parent":"",
"text":"起个哄。他是不是高级黑呢?",
"mid":"znKXP0PZ4",
"date":"2013-03-16 23:32:10"
},
{
"kids":[
"znL2PhA3T",
"znL26E37O"
],
"uid":"206088808",
"parent":"znKHHCxyc",
"text":"",
"mid":"znKXm3Gj3",
"date":"2013-03-16 23:31:04"
},
{
"kids":[],
"uid":"1580478687",
"parent":"znKCLenWK",
"text":"真的假的阿。。。不过觉得好可爱！哈哈[哈哈]",
"mid":"znKX89Mhb",
"date":"2013-03-16 23:30:29"
},
{
"kids":[],
"uid":"superman81",
"parent":"znKIr9lmv",
"text":"个人认为，截图内容超过90％的可能是伪造的，这种截图我也能弄出来，想要和总书记的短信对话都行，看看短信发送时间与截图显示的时间，太明显了。。。不过这个笑话确实还是有笑点的，网络淫才确实多啊。。。。。。",
"mid":"znKX5uyaO",
"date":"2013-03-16 23:30:25"
},
{
"kids":[],
"uid":"feelinglock",
"parent":"znKFz185t",
"text":"按合同办事[奥特曼]",
"mid":"znKWCwowS",
"date":"2013-03-16 23:29:16"
},
{
"kids":[],
"uid":"liaojiabolawyer",
"parent":"znKCLenWK",
"text":"",
"mid":"znKWxh174",
"date":"2013-03-16 23:29:02"
},
{
"kids":[],
"uid":"1932984745",
"parent":"znKJHalv3",
"text":"[哈哈]",
"mid":"znKVhy7wG",
"date":"2013-03-16 23:25:55"
},
{
"kids":[
"znPY8ebw1"
],
"uid":"526234688",
"parent":"znKLadRKw",
"text":"[哈哈][嘻嘻][偷笑]",
"mid":"znKUMuSIq",
"date":"2013-03-16 23:24:43"
},
{
"kids":[],
"uid":"1060297021",
"parent":"",
"text":"",
"mid":"znKULlgUS",
"date":"2013-03-16 23:24:41"
},
{
"kids":[],
"uid":"2427902591",
"parent":"",
"text":"把最后一句删掉",
"mid":"znKUjyeDV",
"date":"2013-03-16 23:23:32"
},
{
"kids":[],
"uid":"207085923",
"parent":"",
"text":"高级黑！！！",
"mid":"znKUgASM4",
"date":"2013-03-16 23:23:28"
},
{
"kids":[],
"uid":"1727337204",
"parent":"",
"text":"真相只有一个！",
"mid":"znKU9bgBB",
"date":"2013-03-16 23:23:10"
},
{
"kids":[
"znNSOjCiy"
],
"uid":"1207852834",
"parent":"znKCLenWK",
"text":"[哈哈][哈哈][哈哈]",
"mid":"znKTVzYHJ",
"date":"2013-03-16 23:22:38"
},
{
"kids":[],
"uid":"1549026211",
"parent":"znKCLenWK",
"text":"",
"mid":"znKTtvz5N",
"date":"2013-03-16 23:21:30"
},
{
"kids":[],
"uid":"3306426081",
"parent":"znKCLenWK",
"text":"",
"mid":"znKSNyXWc",
"date":"2013-03-16 23:19:48"
},
{
"kids":[],
"uid":"66map",
"parent":"znKCLenWK",
"text":"[嘻嘻][嘻嘻][嘻嘻]",
"mid":"znKSuCoLa",
"date":"2013-03-16 23:19:07"
},
{
"kids":[],
"uid":"youngriver",
"parent":"",
"text":"",
"mid":"znKSngV3T",
"date":"2013-03-16 23:18:46"
},
{
"kids":[
"znNa4wm86",
"znL2E54gS"
],
"uid":"1849960953",
"parent":"znKCLenWK",
"text":"我操...竟然是真的@榮心遠",
"mid":"znKSc4bWw",
"date":"2013-03-16 23:18:19"
},
{
"kids":[
"znL6TkS8O"
],
"uid":"2713179020",
"parent":"znJRe1l7V",
"text":"",
"mid":"znKRSh3NF",
"date":"2013-03-16 23:17:34"
},
{
"kids":[],
"uid":"littleshaka",
"parent":"znKdFtFcT",
"text":"....[衰][衰][衰].",
"mid":"znKR08NFr",
"date":"2013-03-16 23:15:24"
},
{
"kids":[],
"uid":"2409455997",
"parent":"znKLBF2rs",
"text":"太搞了吧",
"mid":"znKQGDXOB",
"date":"2013-03-16 23:14:39"
},
{
"kids":[],
"uid":"20741830",
"parent":"znKINj6oF",
"text":"",
"mid":"znKQFvuy5",
"date":"2013-03-16 23:14:34"
},
{
"kids":[],
"uid":"sirxa",
"parent":"",
"text":"黑个没完没了啊[汗]。",
"mid":"znKQux2Jp",
"date":"2013-03-16 23:14:10"
},
{
"kids":[],
"uid":"2691510725",
"parent":"znJCrpiX2",
"text":"[哈哈][哈哈]",
"mid":"znKQq7gti",
"date":"2013-03-16 23:13:58"
},
{
"kids":[],
"uid":"1406886135",
"parent":"znKP5FOqj",
"text":"有预谋的公关，一波一波的集中爆出来了，这次是躺枪了！",
"mid":"znKQ9gwPW",
"date":"2013-03-16 23:13:19"
},
{
"kids":[
"znP33EyyA"
],
"uid":"alienw9",
"parent":"znKLBlB7B",
"text":"[哈哈][哈哈][哈哈][哈哈]",
"mid":"znKPZxka8",
"date":"2013-03-16 23:12:57"
},
{
"kids":[],
"uid":"ichencheng",
"parent":"znKL0aX6S",
"text":"@张雯倩-拉拉",
"mid":"znKPUfmrQ",
"date":"2013-03-16 23:12:44"
},
{
"kids":[],
"uid":"2327375503",
"parent":"znKP5FOqj",
"text":"你给你哥们儿跪了",
"mid":"znKPIE1g6",
"date":"2013-03-16 23:12:12"
},
{
"kids":[],
"uid":"1268348210",
"parent":"znKCLenWK",
"text":"17:15合作结束，17：16就屏幕截图了？显然这图片是某人自己编的。",
"mid":"znKPg0oHt",
"date":"2013-03-16 23:11:07"
},
{
"kids":[
"znKQ9gwPW",
"znKPIE1g6"
],
"uid":"2693966454",
"parent":"",
"text":"真无语了。。。。。。",
"mid":"znKP5FOqj",
"date":"2013-03-16 23:10:40"
},
{
"kids":[],
"uid":"flynina",
"parent":"znKCLenWK",
"text":"多年建立的形象毁于八点二十！",
"mid":"znKOYi3yb",
"date":"2013-03-16 23:10:24"
},
{
"kids":[],
"uid":"diskzhang",
"parent":"",
"text":"刘总，这可是当年小保姆和包工头强力推荐的当然音乐的戏子。",
"mid":"znKOvBZOz",
"date":"2013-03-16 23:09:16"
},
{
"kids":[],
"uid":"yss287",
"parent":"znJWNpoOY",
"text":"[嘻嘻][偷笑]",
"mid":"znKOdkalQ",
"date":"2013-03-16 23:08:33"
},
{
"kids":[],
"uid":"bmdirtyoldtown",
"parent":"znKCLenWK",
"text":"",
"mid":"znKNs3Oo9",
"date":"2013-03-16 23:06:40"
},
{
"kids":[],
"uid":"1846845360",
"parent":"",
"text":"",
"mid":"znKNp4Dkd",
"date":"2013-03-16 23:06:33"
},
{
"kids":[
"znOvKbvYl"
],
"uid":"1832945781",
"parent":"znKCLenWK",
"text":"最后一句还真给删掉了，哈哈。",
"mid":"znKMMCMvb",
"date":"2013-03-16 23:05:03"
},
{
"kids":[],
"uid":"2921368343",
"parent":"znJJ3vzgc",
"text":"猪队友",
"mid":"znKMu50M2",
"date":"2013-03-16 23:04:17"
},
{
"kids":[
"znKYRsAP3"
],
"uid":"g2dson",
"parent":"znKLadRKw",
"text":"我笑了！",
"mid":"znKM9nwOJ",
"date":"2013-03-16 23:03:27"
},
{
"kids":[],
"uid":"1985304383",
"parent":"znKLadRKw",
"text":"[哈哈][哈哈]",
"mid":"znKM0vsSX",
"date":"2013-03-16 23:03:06"
},
{
"kids":[],
"uid":"243476902",
"parent":"",
"text":"[哈哈][哈哈][哈哈][哈哈][哈哈]",
"mid":"znKLOnH8a",
"date":"2013-03-16 23:02:36"
},
{
"kids":[],
"uid":"1258950790",
"parent":"znKGw5rf6",
"text":"",
"mid":"znKLJDBNo",
"date":"2013-03-16 23:02:28"
},
{
"kids":[
"znKQGDXOB"
],
"uid":"lenovoemg",
"parent":"znKIr9lmv",
"text":"",
"mid":"znKLBF2rs",
"date":"2013-03-16 23:02:05"
},
{
"kids":[
"znKPZxka8"
],
"uid":"1925404997",
"parent":"znKCLenWK",
"text":"[嘻嘻][嘻嘻][哈哈]",
"mid":"znKLBlB7B",
"date":"2013-03-16 23:02:07"
},
{
"kids":[],
"uid":"lifigo",
"parent":"",
"text":"",
"mid":"znKLdr0WY",
"date":"2013-03-16 23:01:07"
},
{
"kids":[
"znMZa9708",
"znL6a9Fl5",
"znKUMuSIq",
"znKM9nwOJ",
"znKM0vsSX"
],
"uid":"2117536505",
"parent":"znKF8EipJ",
"text":"真像？[哈哈][哈哈][哈哈]@XXL梁 @三木一了 @Ball杨波 @许方健",
"mid":"znKLadRKw",
"date":"2013-03-16 23:00:59"
},
{
"kids":[
"znLaRakel",
"znL3OaJX2"
],
"uid":"sunniecheung",
"parent":"znKGKy3bj",
"text":"[哈哈]",
"mid":"znKL9yMfG",
"date":"2013-03-16 23:00:59"
},
{
"kids":[],
"uid":"3218220500",
"parent":"znKIrsCFY",
"text":"晚会本身就造假！[汗]",
"mid":"znKL2tgRk",
"date":"2013-03-16 23:00:44"
},
{
"kids":[
"znKPUfmrQ"
],
"uid":"jaysin1025",
"parent":"znKDwd1H8",
"text":"你们实在太草率~我们看的那么嗨~",
"mid":"znKL0aX6S",
"date":"2013-03-16 23:00:38"
},
{
"kids":[],
"uid":"1744774307",
"parent":"znKCLenWK",
"text":"编的挺应景儿啊～",
"mid":"znKKWiFRh",
"date":"2013-03-16 23:00:29"
},
{
"kids":[],
"uid":"1506126071",
"parent":"",
"text":"猪一样的帮手！",
"mid":"znKKPvGys",
"date":"2013-03-16 23:00:09"
},
{
"kids":[],
"uid":"1882794500",
"parent":"znKCLenWK",
"text":"[哈哈][哈哈]",
"mid":"znKKOD8Bh",
"date":"2013-03-16 23:00:11"
},
{
"kids":[],
"uid":"2264887620",
"parent":"",
"text":"[嘻嘻][哈哈][嘻嘻][哈哈]",
"mid":"znKKrjrtx",
"date":"2013-03-16 22:59:14"
},
{
"kids":[],
"uid":"2430352900",
"parent":"znKINj6oF",
"text":"[哈哈]",
"mid":"znKK29PzX",
"date":"2013-03-16 22:58:15"
},
{
"kids":[],
"uid":"1718122791",
"parent":"znKJzcazu",
"text":"必须删了",
"mid":"znKK0nly0",
"date":"2013-03-16 22:58:09"
},
{
"kids":[],
"uid":"2548065101",
"parent":"znKCLenWK",
"text":"",
"mid":"znKJVlmfu",
"date":"2013-03-16 22:57:59"
},
{
"kids":[
"znLwU6Vol"
],
"uid":"2683671081",
"parent":"znKJzcazu",
"text":"我去",
"mid":"znKJOgqge",
"date":"2013-03-16 22:57:41"
},
{
"kids":[
"znKVhy7wG"
],
"uid":"sevenwjw",
"parent":"znJJ3vzgc",
"text":"哈哈哈哈。哎，话说，我还蛮喜欢peter的。",
"mid":"znKJHalv3",
"date":"2013-03-16 22:57:25"
},
{
"kids":[],
"uid":"1267789192",
"parent":"znKCLenWK",
"text":"人家确实删了啊。。哈哈哈！智商真的是硬伤啊。。。",
"mid":"znKJFnRnk",
"date":"2013-03-16 22:57:20"
},
{
"kids":[],
"uid":"mxwqf9166",
"parent":"znKCLenWK",
"text":"[偷笑]东东同学很实在，这不能怪他啊！",
"mid":"znKJztcj0",
"date":"2013-03-16 22:57:04"
},
{
"kids":[
"znKK0nly0",
"znKJOgqge"
],
"uid":"1096530647",
"parent":"znKINj6oF",
"text":"",
"mid":"znKJzcazu",
"date":"2013-03-16 22:57:06"
},
{
"kids":[],
"uid":"zhupeng",
"parent":"",
"text":"妈呀$真是娱乐每一天",
"mid":"znKJmdYul",
"date":"2013-03-16 22:56:33"
},
{
"kids":[],
"uid":"1715551857",
"parent":"znKCLenWK",
"text":"他确实把最后一句删掉了[哈哈][哈哈]",
"mid":"znKJikR9Y",
"date":"2013-03-16 22:56:25"
},
{
"kids":[],
"uid":"1933962107",
"parent":"",
"text":"",
"mid":"znKJi3fTc",
"date":"2013-03-16 22:56:24"
},
{
"kids":[
"znLGe9I1v"
],
"uid":"1695306595",
"parent":"znKCLenWK",
"text":"对@子談風月 说：@",
"mid":"znKJbwWYQ",
"date":"2013-03-16 22:56:08"
},
{
"kids":[
"znKQFvuy5",
"znKK29PzX",
"znKJzcazu"
],
"uid":"2292242773",
"parent":"znKCLenWK",
"text":"[哈哈][哈哈][哈哈]确实删了[good]",
"mid":"znKINj6oF",
"date":"2013-03-16 22:55:11"
},
{
"kids":[],
"uid":"diskzhang",
"parent":"znKDwd1H8",
"text":"",
"mid":"znKIMtdRk",
"date":"2013-03-16 22:55:10"
},
{
"kids":[],
"uid":"1789443261",
"parent":"",
"text":"",
"mid":"znKIz85KJ",
"date":"2013-03-16 22:54:35"
},
{
"kids":[],
"uid":"yonn",
"parent":"",
"text":"",
"mid":"znKIuqUKS",
"date":"2013-03-16 22:54:28"
},
{
"kids":[
"znKL2tgRk"
],
"uid":"cmshx",
"parent":"znKCLenWK",
"text":"[浮云]",
"mid":"znKIrsCFY",
"date":"2013-03-16 22:54:17"
},
{
"kids":[
"znKX5uyaO",
"znKLBF2rs"
],
"uid":"119990909",
"parent":"",
"text":"[哈哈]太不专业了！",
"mid":"znKIr9lmv",
"date":"2013-03-16 22:54:19"
},
{
"kids":[],
"uid":"jfulu",
"parent":"znKCLenWK",
"text":"纯转",
"mid":"znKIh6vwK",
"date":"2013-03-16 22:53:52"
},
{
"kids":[],
"uid":"makimm",
"parent":"",
"text":"何是无辜的！",
"mid":"znKIh6vvq",
"date":"2013-03-16 22:53:55"
},
{
"kids":[],
"uid":"1808966775",
"parent":"znKCLenWK",
"text":"尼玛内牛满面啊[哈哈][哈哈][哈哈][泪][泪][泪]",
"mid":"znKIfDiMS",
"date":"2013-03-16 22:53:49"
},
{
"kids":[],
"uid":"bloglucifer",
"parent":"",
"text":"硬伤！",
"mid":"znKIdACsL",
"date":"2013-03-16 22:53:47"
},
{
"kids":[],
"uid":"1936906771",
"parent":"znKFl82y1",
"text":"强大！",
"mid":"znKIbbQt9",
"date":"2013-03-16 22:53:39"
},
{
"kids":[],
"uid":"515812220",
"parent":"znKDwd1H8",
"text":"",
"mid":"znKIaAcGt",
"date":"2013-03-16 22:53:40"
},
{
"kids":[],
"uid":"hou212z",
"parent":"znJWNpoOY",
"text":"真的吗？",
"mid":"znKI49lRU",
"date":"2013-03-16 22:53:24"
},
{
"kids":[],
"uid":"happyguaizhu",
"parent":"znKCLenWK",
"text":"[哈哈][哈哈]",
"mid":"znKHW7ALC",
"date":"2013-03-16 22:53:05"
},
{
"kids":[
"znKXm3Gj3"
],
"uid":"2306584325",
"parent":"znKF8EipJ",
"text":"",
"mid":"znKHHCxyc",
"date":"2013-03-16 22:52:31"
},
{
"kids":[],
"uid":"2521882754",
"parent":"",
"text":"",
"mid":"znKHEnBNc",
"date":"2013-03-16 22:52:21"
},
{
"kids":[],
"uid":"uc49975407",
"parent":"znKfKC5rj",
"text":"应该发：删最后两句！ [哈哈][哈哈]",
"mid":"znKHDerJE",
"date":"2013-03-16 22:52:20"
},
{
"kids":[],
"uid":"2846235452",
"parent":"znKGw5rf6",
"text":"",
"mid":"znKHt9VuA",
"date":"2013-03-16 22:51:56"
},
{
"kids":[
"znYAFFDsl",
"znNO94GKw"
],
"uid":"317290724",
"parent":"",
"text":"很明显是伪造的，不过和事实也差不太远了。。",
"mid":"znKHt9VoP",
"date":"2013-03-16 22:51:55"
},
{
"kids":[],
"uid":"berry1122",
"parent":"znKGKy3bj",
"text":"[bm可愛]",
"mid":"znKHhDT93",
"date":"2013-03-16 22:51:28"
},
{
"kids":[],
"uid":"1600962053",
"parent":"znKCLenWK",
"text":"估计何哥昨晚也纳闷怎么没有读他的微博",
"mid":"znKHg9L5q",
"date":"2013-03-16 22:51:25"
},
{
"kids":[],
"uid":"1958389660",
"parent":"znKETk8zD",
"text":"",
"mid":"znKGTq2IB",
"date":"2013-03-16 22:50:31"
},
{
"kids":[],
"uid":"toocj",
"parent":"znKCLenWK",
"text":"这。。。",
"mid":"znKGR4m1k",
"date":"2013-03-16 22:50:25"
},
{
"kids":[],
"uid":"yirandeyi",
"parent":"znKCLenWK",
"text":"笑抽乐。",
"mid":"znKGM2W7X",
"date":"2013-03-16 22:50:14"
},
{
"kids":[
"znPS4DhkV",
"znPbhnL1z",
"znMDpwYGi",
"znLcQ9JM6",
"znKL9yMfG",
"znKHhDT93"
],
"uid":"xuxiaoning",
"parent":"znKCLenWK",
"text":"真是漂在黄浦江上其中一头啊！",
"mid":"znKGKy3bj",
"date":"2013-03-16 22:50:09"
},
{
"kids":[],
"uid":"1843032647",
"parent":"znKCLenWK",
"text":"",
"mid":"znKGKxsGP",
"date":"2013-03-16 22:50:08"
},
{
"kids":[],
"uid":"1792941221",
"parent":"znKCLenWK",
"text":"何哥稿费拿不到了。[偷笑]",
"mid":"znKGKgrRQ",
"date":"2013-03-16 22:50:09"
},
{
"kids":[],
"uid":"1666884947",
"parent":"",
"text":"没办法智商是硬伤[打哈气]@黄瓜战香蕉 @_Vikki_",
"mid":"znKGHkRZ5",
"date":"2013-03-16 22:50:00"
},
{
"kids":[],
"uid":"2480327922",
"parent":"znKCLenWK",
"text":"[偷笑]",
"mid":"znKGw8csv",
"date":"2013-03-16 22:49:35"
},
{
"kids":[
"znLpxCobd",
"znKLJDBNo",
"znKHt9VuA"
],
"uid":"1569305477",
"parent":"",
"text":"@何润东 [偷笑][偷笑][偷笑][偷笑][偷笑][偷笑]",
"mid":"znKGw5rf6",
"date":"2013-03-16 22:49:35"
},
{
"kids":[],
"uid":"elephantdong",
"parent":"znKCLenWK",
"text":"年年有看笑话看 期待来年",
"mid":"znKGr3qFu",
"date":"2013-03-16 22:49:21"
},
{
"kids":[],
"uid":"2483874812",
"parent":"znKCLenWK",
"text":"",
"mid":"znKGqaMhA",
"date":"2013-03-16 22:49:21"
},
{
"kids":[],
"uid":"335368777",
"parent":"znKCLenWK",
"text":"",
"mid":"znKFXcwiW",
"date":"2013-03-16 22:48:12"
},
{
"kids":[
"znLHn32Y6"
],
"uid":"1198799464",
"parent":"znKCLenWK",
"text":"[哈哈][哈哈][哈哈][哈哈]",
"mid":"znKFLpK5p",
"date":"2013-03-16 22:47:43"
},
{
"kids":[],
"uid":"1631282047",
"parent":"znKCLenWK",
"text":"[哈哈]",
"mid":"znKFElHYA",
"date":"2013-03-16 22:47:24"
},
{
"kids":[
"znL8w7rhF"
],
"uid":"xiexinquan",
"parent":"znKCLenWK",
"text":"彪悍",
"mid":"znKFBngKE",
"date":"2013-03-16 22:47:20"
},
{
"kids":[
"znKWCwowS"
],
"uid":"luchenghaohao",
"parent":"",
"text":"[哈哈][哈哈][哈哈][哈哈]",
"mid":"znKFz185t",
"date":"2013-03-16 22:47:14"
},
{
"kids":[],
"uid":"2201688200",
"parent":"znKCLenWK",
"text":"[哈哈][哈哈][哈哈]",
"mid":"znKFsvcWf",
"date":"2013-03-16 22:46:59"
},
{
"kids":[],
"uid":"2285602285",
"parent":"znKCLenWK",
"text":"",
"mid":"znKFm1ib5",
"date":"2013-03-16 22:46:42"
},
{
"kids":[
"znKIbbQt9"
],
"uid":"jiangliah",
"parent":"znKCLenWK",
"text":"稿费还能兑现么[偷笑]",
"mid":"znKFl82y1",
"date":"2013-03-16 22:46:41"
},
{
"kids":[],
"uid":"1651109517",
"parent":"",
"text":"炒鸡萌",
"mid":"znKFfcUT7",
"date":"2013-03-16 22:46:24"
},
{
"kids":[],
"uid":"19820331xiaohei",
"parent":"znKCLenWK",
"text":"我说的就是这个[哈哈][哈哈][哈哈]@张某和某",
"mid":"znKFfbc8f",
"date":"2013-03-16 22:46:28"
},
{
"kids":[
"znOpQ83Vj",
"znKLadRKw",
"znKHHCxyc"
],
"uid":"1701186295",
"parent":"znKDIkyp4",
"text":"仰天大笑,尼玛傻逼",
"mid":"znKF8EipJ",
"date":"2013-03-16 22:46:12"
},
{
"kids":[],
"uid":"2329334861",
"parent":"znKCLenWK",
"text":"",
"mid":"znKEXaIaf",
"date":"2013-03-16 22:45:43"
},
{
"kids":[
"znTnVh55A",
"znKGTq2IB"
],
"uid":"runningan",
"parent":"",
"text":"呵呵，这是YY出来的吗。。。",
"mid":"znKETk8zD",
"date":"2013-03-16 22:45:33"
},
{
"kids":[],
"uid":"1915127410",
"parent":"",
"text":"。。。。",
"mid":"znKEPrRKH",
"date":"2013-03-16 22:45:23"
},
{
"kids":[],
"uid":"alwaysme511",
"parent":"znKCLenWK",
"text":"[泪]",
"mid":"znKEKsyyf",
"date":"2013-03-16 22:45:12"
},
{
"kids":[],
"uid":"mcloudfei",
"parent":"znKsS53Gb",
"text":"终于懂了.....",
"mid":"znKEKqrNt",
"date":"2013-03-16 22:45:13"
},
{
"kids":[],
"uid":"1612481921",
"parent":"znKCLenWK",
"text":"",
"mid":"znKECbNvN",
"date":"2013-03-16 22:44:54"
},
{
"kids":[],
"uid":"1760203234",
"parent":"znKCLenWK",
"text":"我刚刚在吃蛋黄派 笑的的差噎到了",
"mid":"znKEbBrnm",
"date":"2013-03-16 22:43:51"
},
{
"kids":[],
"uid":"2655992400",
"parent":"znKCLenWK",
"text":"原来不怪何哥是央视[哈哈][哈哈]",
"mid":"znKEaqAxG",
"date":"2013-03-16 22:43:48"
},
{
"kids":[],
"uid":"1969268247",
"parent":"",
"text":"我之前对何润东感觉还不错！现在看来，眼神还不太好！",
"mid":"znKE9vJrt",
"date":"2013-03-16 22:43:46"
},
{
"kids":[],
"uid":"geyi19691210",
"parent":"znKCLenWK",
"text":"",
"mid":"znKE8kT8S",
"date":"2013-03-16 22:43:41"
},
{
"kids":[],
"uid":"2083396444",
"parent":"znKCLenWK",
"text":"",
"mid":"znKE7rE11",
"date":"2013-03-16 22:43:38"
},
{
"kids":[],
"uid":"wulonghaoyangde",
"parent":"znKCLenWK",
"text":"哈哈哈哈！接下来，何大哥估计会再次蹦出来说这是对他的污蔑！图是P的！之后广大网友又会陷入嘲笑的狂欢中！[偷笑]",
"mid":"znKE0kr9f",
"date":"2013-03-16 22:43:24"
},
{
"kids":[],
"uid":"1912863383",
"parent":"",
"text":"",
"mid":"znKDX7d07",
"date":"2013-03-16 22:43:16"
},
{
"kids":[],
"uid":"jmjt6688",
"parent":"znKCLenWK",
"text":"[哈哈][哈哈][话筒]",
"mid":"znKDS45oI",
"date":"2013-03-16 22:43:04"
},
{
"kids":[],
"uid":"2168738282",
"parent":"",
"text":"[笑哈哈][笑哈哈][笑哈哈]飙泪啊",
"mid":"znKDRaQot",
"date":"2013-03-16 22:43:02"
},
{
"kids":[
"znKF8EipJ"
],
"uid":"2435159034",
"parent":"znKCLenWK",
"text":"",
"mid":"znKDIkyp4",
"date":"2013-03-16 22:42:39"
},
{
"kids":[
"znNLgAFfR"
],
"uid":"redemptionmm",
"parent":"znKCLenWK",
"text":"",
"mid":"znKDA6D7R",
"date":"2013-03-16 22:42:21"
},
{
"kids":[
"znKL0aX6S",
"znKIMtdRk",
"znKIaAcGt"
],
"uid":"136914264",
"parent":"",
"text":"遇上笨猪一样的队友啊，你就折了。",
"mid":"znKDwd1H8",
"date":"2013-03-16 22:42:11"
},
{
"kids":[],
"uid":"577774289",
"parent":"znKCLenWK",
"text":"",
"mid":"znKDlz9Af",
"date":"2013-03-16 22:41:47"
},
{
"kids":[
"znLpSgxUv"
],
"uid":"1990125847",
"parent":"znKCLenWK",
"text":"",
"mid":"znKDdics7",
"date":"2013-03-16 22:41:27"
},
{
"kids":[
"znUw0c5ac",
"znTZtsaLr",
"znRE2gicP",
"znQiy6q2u",
"znQ17sbW9",
"znPE29eHy",
"znPetngGC",
"znOZF04I5",
"znOZoskTQ",
"znOVBwK4J",
"znOG4gRRy",
"znOERbp5i",
"znOpdpebp",
"znOnCDZqr",
"znOc3dK3Q",
"znO8K8jL0",
"znNPE8NAK",
"znNOU3Ljl",
"znMGmtCQK",
"znMckfOZo",
"znLEjlKcF",
"znLDVo0mW",
"znLta9zAW",
"znLib6SiZ",
"znLgTACHz",
"znLd15S4r",
"znL8or6U6",
"znL814mqp",
"znL7WFdz3",
"znL7jlbor",
"znL78pVvO",
"znL5S7YLB",
"znL5jvSKc",
"znL43cSgn",
"znL28oXyc",
"znL288VU9",
"znL0YBQcc",
"znKX89Mhb",
"znKWxh174",
"znKTVzYHJ",
"znKTtvz5N",
"znKSNyXWc",
"znKSuCoLa",
"znKSc4bWw",
"znKPg0oHt",
"znKOYi3yb",
"znKNs3Oo9",
"znKMMCMvb",
"znKLBlB7B",
"znKKWiFRh",
"znKKOD8Bh",
"znKJVlmfu",
"znKJFnRnk",
"znKJztcj0",
"znKJikR9Y",
"znKJbwWYQ",
"znKINj6oF",
"znKIrsCFY",
"znKIh6vwK",
"znKIfDiMS",
"znKHW7ALC",
"znKHg9L5q",
"znKGR4m1k",
"znKGM2W7X",
"znKGKy3bj",
"znKGKxsGP",
"znKGKgrRQ",
"znKGw8csv",
"znKGr3qFu",
"znKGqaMhA",
"znKFXcwiW",
"znKFLpK5p",
"znKFElHYA",
"znKFBngKE",
"znKFsvcWf",
"znKFm1ib5",
"znKFl82y1",
"znKFfbc8f",
"znKEXaIaf",
"znKEKsyyf",
"znKECbNvN",
"znKEbBrnm",
"znKEaqAxG",
"znKE8kT8S",
"znKE7rE11",
"znKE0kr9f",
"znKDS45oI",
"znKDIkyp4",
"znKDA6D7R",
"znKDlz9Af",
"znKDdics7"
],
"uid":"chengqingsong",
"parent":"znJEs5RPb",
"text":"[哈哈][哈哈][淚]我不得不说我连眼泪都笑出来了",
"mid":"znKCLenWK",
"date":"2013-03-16 22:40:20"
},
{
"kids":[],
"uid":"2530441925",
"parent":"znKeXwhl6",
"text":"[嘻嘻]",
"mid":"znKBb75Lq",
"date":"2013-03-16 22:36:25"
},
{
"kids":[],
"uid":"2693438841",
"parent":"znJKXaLAG",
"text":"[笑哈哈]",
"mid":"znKArAhHU",
"date":"2013-03-16 22:34:38"
},
{
"kids":[],
"uid":"279933264",
"parent":"znJP54HOs",
"text":"23333",
"mid":"znKzXbh8F",
"date":"2013-03-16 22:33:25"
},
{
"kids":[],
"uid":"jjp021",
"parent":"znKol5CXB",
"text":"...马中赤兔，人中吕布",
"mid":"znKzSs5bg",
"date":"2013-03-16 22:33:14"
},
{
"kids":[],
"uid":"renyi557",
"parent":"",
"text":"[哈哈] 这水平，无敌了，我要笑死了[哈哈][哈哈][哈哈]",
"mid":"znKzA8TMn",
"date":"2013-03-16 22:32:28"
},
{
"kids":[],
"uid":"1786213877",
"parent":"znJYKh5ID",
"text":"",
"mid":"znKxq09Xe",
"date":"2013-03-16 22:27:10"
},
{
"kids":[],
"uid":"1838102173",
"parent":"",
"text":"[哈哈]@Jenny亮菁菁",
"mid":"znKw0vwmI",
"date":"2013-03-16 22:23:42"
},
{
"kids":[],
"uid":"1865777332",
"parent":"",
"text":"[哈哈]好吧~无敌了",
"mid":"znKuJABRn",
"date":"2013-03-16 22:20:34"
},
{
"kids":[],
"uid":"cathyk412",
"parent":"znKsS53Gb",
"text":"[哈哈][哈哈][哈哈]",
"mid":"znKul8iwR",
"date":"2013-03-16 22:19:35"
},
{
"kids":[],
"uid":"tommyhihi",
"parent":"znKg3fqUi",
"text":"。。。",
"mid":"znKtzvlAC",
"date":"2013-03-16 22:17:42"
},
{
"kids":[],
"uid":"lamanaxieshier",
"parent":"",
"text":"",
"mid":"znKta7iTA",
"date":"2013-03-16 22:16:38"
},
{
"kids":[
"znLgQ1tCH",
"znKEKqrNt",
"znKul8iwR"
],
"uid":"frankymryao",
"parent":"znKsur3XJ",
"text":"看懂了终于",
"mid":"znKsS53Gb",
"date":"2013-03-16 22:15:55"
},
{
"kids":[
"znKsS53Gb"
],
"uid":"1769689125",
"parent":"znJRUzhWu",
"text":"不能怪他不能怪他！",
"mid":"znKsur3XJ",
"date":"2013-03-16 22:15:02"
},
{
"kids":[],
"uid":"1678098412",
"parent":"",
"text":"智商问题",
"mid":"znKsmaIad",
"date":"2013-03-16 22:14:41"
},
{
"kids":[],
"uid":"3048699732",
"parent":"znJBg7BH7",
"text":"[哈哈][哈哈]",
"mid":"znKs8BwoE",
"date":"2013-03-16 22:14:10"
},
{
"kids":[],
"uid":"eastpig2011",
"parent":"",
"text":"",
"mid":"znKrD0kCm",
"date":"2013-03-16 22:12:53"
},
{
"kids":[
"znNRjgvwi"
],
"uid":"2025395920",
"parent":"znJLRiJ5C",
"text":"",
"mid":"znKr8eSPJ",
"date":"2013-03-16 22:11:41"
},
{
"kids":[
"znLdac30R"
],
"uid":"1733672970",
"parent":"znK6mvltn",
"text":"",
"mid":"znKqytjfv",
"date":"2013-03-16 22:10:14"
},
{
"kids":[],
"uid":"alexhp",
"parent":"",
"text":"虽然假，但是真的戳中了笑点啊。",
"mid":"znKqkiiry",
"date":"2013-03-16 22:09:40"
},
{
"kids":[],
"uid":"2144284481",
"parent":"",
"text":"猪是怎么死的？笨死的[酷]",
"mid":"znKprmPDq",
"date":"2013-03-16 22:07:30"
},
{
"kids":[],
"uid":"zwjhxy",
"parent":"",
"text":"",
"mid":"znKpgpRzo",
"date":"2013-03-16 22:07:05"
},
{
"kids":[],
"uid":"1674893127",
"parent":"",
"text":"他真的已经删了最后一句～",
"mid":"znKoEj9WP",
"date":"2013-03-16 22:05:33"
},
{
"kids":[
"znKzSs5bg"
],
"uid":"1727130431",
"parent":"znKjasnXn",
"text":"项将军果然碉堡。。。",
"mid":"znKol5CXB",
"date":"2013-03-16 22:04:49"
},
{
"kids":[
"znPumAFeq"
],
"uid":"2351059033",
"parent":"znKeboOJp",
"text":"啊，就怕猪一样搭档。[花心]",
"mid":"znKo3BtqO",
"date":"2013-03-16 22:04:06"
},
{
"kids":[],
"uid":"2741634613",
"parent":"znKeXwhl6",
"text":"[哈哈]",
"mid":"znKn79yM9",
"date":"2013-03-16 22:01:44"
},
{
"kids":[],
"uid":"2017804385",
"parent":"znKm0hk7J",
"text":"[转发]",
"mid":"znKmLxux8",
"date":"2013-03-16 22:00:56"
},
{
"kids":[],
"uid":"2061210925",
"parent":"znKj0oRpw",
"text":"",
"mid":"znKmrrONv",
"date":"2013-03-16 22:00:06"
},
{
"kids":[
"znKmLxux8"
],
"uid":"2065963784",
"parent":"znKiSseu3",
"text":"[笑哈哈]@王小亚",
"mid":"znKm0hk7J",
"date":"2013-03-16 21:59:02"
},
{
"kids":[],
"uid":"1669743913",
"parent":"znJON0O1r",
"text":"噗",
"mid":"znKlz5sRA",
"date":"2013-03-16 21:57:58"
},
{
"kids":[],
"uid":"zihunjun",
"parent":"",
"text":"二三三三三三 明显是假的 ，不过戳中笑点 o,o 这次何润东丢了我大何氏族人的脸么【滚",
"mid":"znKljqfHC",
"date":"2013-03-16 21:57:21"
},
{
"kids":[],
"uid":"1649414993",
"parent":"",
"text":"@草莓粉嘟嘟kuromi",
"mid":"znKlfCEI7",
"date":"2013-03-16 21:57:09"
},
{
"kids":[],
"uid":"223231121",
"parent":"znJP54HOs",
"text":"噗噗噗",
"mid":"znKl67NBX",
"date":"2013-03-16 21:56:45"
},
{
"kids":[],
"uid":"1821862551",
"parent":"znJP54HOs",
"text":"[哈哈]",
"mid":"znKkrmBkl",
"date":"2013-03-16 21:55:12"
},
{
"kids":[],
"uid":"xuyoudong",
"parent":"znJFXa4UL",
"text":"[偷笑]",
"mid":"znKkeFuhb",
"date":"2013-03-16 21:54:42"
},
{
"kids":[],
"uid":"1506144915",
"parent":"znKg3fqUi",
"text":"猪一样的队友，何润东，八点二十发，[嘻嘻]哎，咱能不能不装傻",
"mid":"znKjdpIoe",
"date":"2013-03-16 21:52:09"
},
{
"kids":[
"znKol5CXB"
],
"uid":"1860587260",
"parent":"znK9ECPCn",
"text":"发微博前怎么不请教下亚父啊。。",
"mid":"znKjasnXn",
"date":"2013-03-16 21:52:03"
},
{
"kids":[
"znKmrrONv"
],
"uid":"2194572717",
"parent":"",
"text":"[威武]",
"mid":"znKj0oRpw",
"date":"2013-03-16 21:51:38"
},
{
"kids":[
"znKm0hk7J"
],
"uid":"2132623047",
"parent":"",
"text":"",
"mid":"znKiSseu3",
"date":"2013-03-16 21:51:17"
},
{
"kids":[],
"uid":"1803495711",
"parent":"znKg3fqUi",
"text":"笑死了。。智商拙计",
"mid":"znKiv7uka",
"date":"2013-03-16 21:50:25"
},
{
"kids":[],
"uid":"1775655437",
"parent":"znJDUpnue",
"text":"8：20发[嘻嘻]",
"mid":"znKhUu5hR",
"date":"2013-03-16 21:48:57"
},
{
"kids":[],
"uid":"1722848260",
"parent":"znKeboOJp",
"text":"他微博删了。说有人盗号",
"mid":"znKgF3axz",
"date":"2013-03-16 21:45:53"
},
{
"kids":[],
"uid":"2611537367",
"parent":"znK1gjRiU",
"text":"",
"mid":"znKgnjbI4",
"date":"2013-03-16 21:45:11"
},
{
"kids":[
"znLpT9MVL"
],
"uid":"zhouhui1313",
"parent":"znJWNpoOY",
"text":"",
"mid":"znKgi2aP8",
"date":"2013-03-16 21:44:55"
},
{
"kids":[],
"uid":"1973813621",
"parent":"znK1s8fLe",
"text":"[哈哈][熊猫][哈哈]",
"mid":"znKg7nDhX",
"date":"2013-03-16 21:44:31"
},
{
"kids":[
"znKtzvlAC",
"znKjdpIoe",
"znKiv7uka"
],
"uid":"yamayiyi0508",
"parent":"znKcY2NOM",
"text":"。。",
"mid":"znKg3fqUi",
"date":"2013-03-16 21:44:20"
},
{
"kids":[
"znOOcFpZ9",
"znKHDerJE"
],
"uid":"1444461261",
"parent":"",
"text":"[哈哈]",
"mid":"znKfKC5rj",
"date":"2013-03-16 21:43:36"
},
{
"kids":[
"znLoaun4J",
"znKBb75Lq",
"znKn79yM9"
],
"uid":"2135737902",
"parent":"znK6mvltn",
"text":"",
"mid":"znKeXwhl6",
"date":"2013-03-16 21:41:43"
},
{
"kids":[],
"uid":"hanshuibei",
"parent":"",
"text":"",
"mid":"znKerC15j",
"date":"2013-03-16 21:40:23"
},
{
"kids":[
"znKo3BtqO",
"znKgF3axz"
],
"uid":"1305971331",
"parent":"znKcY2NOM",
"text":"ccav要何润东和一些人在8点20分发微博黑苹果，何润东个比转发的时候把后面那句8点20分转发也发出去了，你搜搜微博",
"mid":"znKeboOJp",
"date":"2013-03-16 21:39:47"
},
{
"kids":[
"znKR08NFr"
],
"uid":"nini1983uk",
"parent":"",
"text":"[衰]",
"mid":"znKdFtFcT",
"date":"2013-03-16 21:38:31"
},
{
"kids":[],
"uid":"beibeinihao",
"parent":"znJIIzgXM",
"text":"",
"mid":"znKdhv02I",
"date":"2013-03-16 21:37:32"
},
{
"kids":[],
"uid":"1777052303",
"parent":"znKbDhjxO",
"text":"哈哈哈··8点20 发哦哦哦",
"mid":"znKd6l06s",
"date":"2013-03-16 21:37:07"
},
{
"kids":[
"znKg3fqUi",
"znKeboOJp"
],
"uid":"1722848260",
"parent":"znJFXa4UL",
"text":"没看懂呢？",
"mid":"znKcY2NOM",
"date":"2013-03-16 21:36:47"
},
{
"kids":[],
"uid":"kamiaomiao",
"parent":"",
"text":"",
"mid":"znKcS8tO1",
"date":"2013-03-16 21:36:31"
},
{
"kids":[],
"uid":"1769892700",
"parent":"znK9PyU5h",
"text":"脑白金要普及一下",
"mid":"znKbRu8fa",
"date":"2013-03-16 21:34:04"
},
{
"kids":[
"znKd6l06s"
],
"uid":"tangtang0408",
"parent":"znK9PyU5h",
"text":"[哈哈] 对啊 没错",
"mid":"znKbDhjxO",
"date":"2013-03-16 21:33:30"
},
{
"kids":[
"znOhKCPZ0"
],
"uid":"cocteaujj",
"parent":"znJCX0RmW",
"text":"哈哈哈哈",
"mid":"znKaXDZ69",
"date":"2013-03-16 21:31:51"
},
{
"kids":[
"znKbRu8fa",
"znKbDhjxO"
],
"uid":"pbprince",
"parent":"",
"text":"何润东还真没删错",
"mid":"znK9PyU5h",
"date":"2013-03-16 21:29:04"
},
{
"kids":[],
"uid":"2359149424",
"parent":"",
"text":"引以为戒！",
"mid":"znK9H4sO7",
"date":"2013-03-16 21:28:42"
},
{
"kids":[
"znKjasnXn"
],
"uid":"joeywang33",
"parent":"znJE759hc",
"text":"奉先果然有勇无谋啊",
"mid":"znK9ECPCn",
"date":"2013-03-16 21:28:37"
},
{
"kids":[],
"uid":"mysmallniba",
"parent":"",
"text":"最后一句真的删掉了(¬_¬)小云你没上成春晚怨念是有多大丫。。",
"mid":"znK8ZBw51",
"date":"2013-03-16 21:26:56"
},
{
"kids":[],
"uid":"wangyonghi",
"parent":"",
"text":"哈哈哈，机智的吕布",
"mid":"znK8YpgBQ",
"date":"2013-03-16 21:26:58"
},
{
"kids":[],
"uid":"1950677774",
"parent":"",
"text":"",
"mid":"znK84y41z",
"date":"2013-03-16 21:24:45"
},
{
"kids":[],
"uid":"1865323507",
"parent":"",
"text":"",
"mid":"znK7YnWrU",
"date":"2013-03-16 21:24:27"
},
{
"kids":[],
"uid":"1957501194",
"parent":"znK7bBOi5",
"text":"哎吗！",
"mid":"znK7PuEaE",
"date":"2013-03-16 21:24:08"
},
{
"kids":[],
"uid":"1728226752",
"parent":"znJML7sdk",
"text":"",
"mid":"znK7Gjukl",
"date":"2013-03-16 21:23:44"
},
{
"kids":[],
"uid":"1564746467",
"parent":"",
"text":"",
"mid":"znK7rzwGq",
"date":"2013-03-16 21:23:08"
},
{
"kids":[
"znK7PuEaE"
],
"uid":"johnnywangyi",
"parent":"znJLlE0Fk",
"text":"。。。",
"mid":"znK7bBOi5",
"date":"2013-03-16 21:22:33"
},
{
"kids":[],
"uid":"1784792893",
"parent":"",
"text":"猪一样的队友[偷笑][偷笑][偷笑]",
"mid":"znK6IFeex",
"date":"2013-03-16 21:21:23"
},
{
"kids":[
"znLGkAigx",
"znKqytjfv",
"znKeXwhl6"
],
"uid":"kevinzq1578",
"parent":"znK3HCFGm",
"text":"[哈哈][哈哈][哈哈]节操啊",
"mid":"znK6mvltn",
"date":"2013-03-16 21:20:31"
},
{
"kids":[],
"uid":"2255664625",
"parent":"",
"text":"@公平4123 @阿人DUST_IN_THE_WIND @國民歌王ROBI",
"mid":"znK4Ydt8L",
"date":"2013-03-16 21:17:04"
},
{
"kids":[],
"uid":"yuanzhui",
"parent":"",
"text":"呵呵呵呵",
"mid":"znK4W7Ef0",
"date":"2013-03-16 21:17:00"
},
{
"kids":[],
"uid":"1433245224",
"parent":"znJTszFcj",
"text":"[嘻嘻]",
"mid":"znK4SjW3B",
"date":"2013-03-16 21:16:49"
},
{
"kids":[
"znLryBRf1"
],
"uid":"1062758204",
"parent":"",
"text":"[衰][衰][衰][衰][衰]",
"mid":"znK4e8ngn",
"date":"2013-03-16 21:15:14"
},
{
"kids":[
"znOsFBBJP"
],
"uid":"1987079363",
"parent":"znJTP4jWi",
"text":"@翼-堂 明白了[偷笑]",
"mid":"znK49npiW",
"date":"2013-03-16 21:15:04"
},
{
"kids":[
"znLsiE7uO",
"znLalwXFD"
],
"uid":"meilixueshandemao",
"parent":"znJVkqs05",
"text":"太强了,哈哈哈哈[偷笑][偷笑]",
"mid":"znK3Vtio9",
"date":"2013-03-16 21:14:29"
},
{
"kids":[
"znK6mvltn"
],
"uid":"2128267557",
"parent":"",
"text":"哈哈",
"mid":"znK3HCFGm",
"date":"2013-03-16 21:13:58"
},
{
"kids":[],
"uid":"yvette310",
"parent":"",
"text":"@daisyqqs 我又来刺激你了，是姓孙不？",
"mid":"znK2Zy0M1",
"date":"2013-03-16 21:12:13"
},
{
"kids":[],
"uid":"2173531227",
"parent":"znJMTFozE",
"text":"呆萌的何润东......",
"mid":"znK2lmHGr",
"date":"2013-03-16 21:10:37"
},
{
"kids":[],
"uid":"2277550743",
"parent":"znK1gjRiU",
"text":"这要是是真的话 ，，，哈哈哈哈哈哈哈",
"mid":"znK1VDdOP",
"date":"2013-03-16 21:09:35"
},
{
"kids":[],
"uid":"mikedusty",
"parent":"znJXJ4Pov",
"text":"[威武]",
"mid":"znK1Mc2g5",
"date":"2013-03-16 21:09:13"
},
{
"kids":[
"znKg7nDhX"
],
"uid":"estellewei",
"parent":"znJML7sdk",
"text":"",
"mid":"znK1s8fLe",
"date":"2013-03-16 21:08:22"
},
{
"kids":[
"znKgnjbI4",
"znK1VDdOP"
],
"uid":"jeffbond",
"parent":"znJLlE0Fk",
"text":"哈哈哈〜",
"mid":"znK1gjRiU",
"date":"2013-03-16 21:07:56"
},
{
"kids":[
"zphpGoBEO"
],
"uid":"jingjingdandan",
"parent":"",
"text":"",
"mid":"znK0k5hRG",
"date":"2013-03-16 21:05:36"
},
{
"kids":[],
"uid":"2072270021",
"parent":"",
"text":"[围观][哈哈]",
"mid":"znJZW9QqR",
"date":"2013-03-16 21:04:41"
},
{
"kids":[],
"uid":"1058673354",
"parent":"",
"text":"[偷笑][偷笑][酷] 笑得我眼泪都出来了",
"mid":"znJZP4lx7",
"date":"2013-03-16 21:04:24"
},
{
"kids":[],
"uid":"1650784900",
"parent":"znJW6gLhq",
"text":"央视现在只有新闻联播的这句我信:现在是北京时间七点整[偷笑]",
"mid":"znJZqgltR",
"date":"2013-03-16 21:03:23"
},
{
"kids":[
"znKxq09Xe"
],
"uid":"seanyao",
"parent":"znJL0mFvr",
"text":"[哈哈][哈哈][哈哈][哈哈] 笑翻了 笑死我了",
"mid":"znJYKh5ID",
"date":"2013-03-16 21:01:45"
},
{
"kids":[
"znK1Mc2g5"
],
"uid":"2177174187",
"parent":"znJGNrqSd",
"text":"[汗]",
"mid":"znJXJ4Pov",
"date":"2013-03-16 20:59:13"
},
{
"kids":[
"znRPOpl3f"
],
"uid":"2925882990",
"parent":"znJW6gLhq",
"text":"@阳光的草叶",
"mid":"znJXIu6KR",
"date":"2013-03-16 20:59:12"
},
{
"kids":[
"znKOdkalQ",
"znKI49lRU",
"znKgi2aP8"
],
"uid":"chenbinhu",
"parent":"",
"text":"笑笑",
"mid":"znJWNpoOY",
"date":"2013-03-16 20:56:57"
},
{
"kids":[
"zo6U6gjQ0",
"znUCMEelM"
],
"uid":"2010428875",
"parent":"znJMy7iFX",
"text":"[哈哈][晕][哼][怒]",
"mid":"znJWlFUYV",
"date":"2013-03-16 20:55:52"
},
{
"kids":[],
"uid":"sunavenue",
"parent":"",
"text":"转发微博。",
"mid":"znJWka9PA",
"date":"2013-03-16 20:55:47"
},
{
"kids":[
"znJZqgltR",
"znJXIu6KR"
],
"uid":"allenstone2011",
"parent":"znJRvs5cB",
"text":"",
"mid":"znJW6gLhq",
"date":"2013-03-16 20:55:14"
},
{
"kids":[],
"uid":"1673319497",
"parent":"znJBfxjzY",
"text":"嗯 的确是删掉了。[嘻嘻]",
"mid":"znJVA4caI",
"date":"2013-03-16 20:53:58"
},
{
"kids":[
"znK3Vtio9"
],
"uid":"1697476540",
"parent":"",
"text":"这个姓孙的助理才是被苹果拿下的。@郑渊洁 也晒下你的短信截图！",
"mid":"znJVkqs05",
"date":"2013-03-16 20:53:20"
},
{
"kids":[],
"uid":"3285993167",
"parent":"",
"text":"",
"mid":"znJUPozCv",
"date":"2013-03-16 20:52:03"
},
{
"kids":[],
"uid":"2622833472",
"parent":"",
"text":"何润东被坑了，哎",
"mid":"znJUqjj0z",
"date":"2013-03-16 20:51:06"
},
{
"kids":[],
"uid":"shineey",
"parent":"",
"text":"[衰][衰][衰][衰]",
"mid":"znJUjcWZm",
"date":"2013-03-16 20:50:47"
},
{
"kids":[],
"uid":"zhuimengbbs",
"parent":"znJIp4HRT",
"text":"[挖鼻屎]",
"mid":"znJUfEMt3",
"date":"2013-03-16 20:50:41"
},
{
"kids":[
"znLE876JO"
],
"uid":"2116431044",
"parent":"znJSSx6X4",
"text":"好欢乐！",
"mid":"znJUc4w9T",
"date":"2013-03-16 20:50:28"
},
{
"kids":[
"znK49npiW"
],
"uid":"2869926224",
"parent":"znJGzAQ3a",
"text":"",
"mid":"znJTP4jWi",
"date":"2013-03-16 20:49:34"
},
{
"kids":[
"znK4SjW3B"
],
"uid":"citileanne",
"parent":"",
"text":"[偷笑]",
"mid":"znJTszFcj",
"date":"2013-03-16 20:48:44"
},
{
"kids":[],
"uid":"ogatayue",
"parent":"",
"text":"[偷笑]",
"mid":"znJTp4FZV",
"date":"2013-03-16 20:48:35"
},
{
"kids":[],
"uid":"1934152355",
"parent":"",
"text":"这真的不是在黑何演员么？哈哈哈啊啊。。。肚子疼",
"mid":"znJTeElKk",
"date":"2013-03-16 20:48:10"
},
{
"kids":[
"znJUc4w9T"
],
"uid":"315508832",
"parent":"",
"text":"[哈哈]",
"mid":"znJSSx6X4",
"date":"2013-03-16 20:47:17"
},
{
"kids":[],
"uid":"yvonnehuang2011",
"parent":"",
"text":"[哈哈]",
"mid":"znJSKfmqX",
"date":"2013-03-16 20:46:58"
},
{
"kids":[],
"uid":"2038345423",
"parent":"znJRvs5cB",
"text":"",
"mid":"znJSCgCjO",
"date":"2013-03-16 20:46:37"
},
{
"kids":[
"znKsur3XJ"
],
"uid":"1829984764",
"parent":"",
"text":"[哈哈]",
"mid":"znJRUzhWu",
"date":"2013-03-16 20:44:54"
},
{
"kids":[],
"uid":"moonamoon",
"parent":"",
"text":"",
"mid":"znJRTnHdu",
"date":"2013-03-16 20:44:51"
},
{
"kids":[
"znJW6gLhq",
"znJSCgCjO"
],
"uid":"1992214487",
"parent":"",
"text":"原来315是喜剧，建议每年搞个贺岁大片",
"mid":"znJRvs5cB",
"date":"2013-03-16 20:43:55"
},
{
"kids":[
"znKRSh3NF"
],
"uid":"2355675657",
"parent":"",
"text":"考验智商啊[哈哈][哈哈][哈哈]",
"mid":"znJRe1l7V",
"date":"2013-03-16 20:43:12"
},
{
"kids":[],
"uid":"1392572971",
"parent":"",
"text":"戆大！！！",
"mid":"znJQyjWFk",
"date":"2013-03-16 20:41:32"
},
{
"kids":[],
"uid":"201256668",
"parent":"znJFanwkK",
"text":"2货哥",
"mid":"znJPYhUud",
"date":"2013-03-16 20:40:08"
},
{
"kids":[],
"uid":"1783785910",
"parent":"znJGNrqSd",
"text":"[哈哈]",
"mid":"znJPq1gvp",
"date":"2013-03-16 20:38:43"
},
{
"kids":[
"znKzXbh8F",
"znKl67NBX",
"znKkrmBkl"
],
"uid":"rosemaryclover",
"parent":"znJMTFozE",
"text":"原来白天的段子是真的[偷笑]",
"mid":"znJP54HOs",
"date":"2013-03-16 20:37:56"
},
{
"kids":[],
"uid":"2375247182",
"parent":"",
"text":"[吃惊]",
"mid":"znJOYvf36",
"date":"2013-03-16 20:37:41"
},
{
"kids":[
"znKlz5sRA"
],
"uid":"1492061953",
"parent":"znJMTFozE",
"text":"笑死了好吗！！！",
"mid":"znJON0O1r",
"date":"2013-03-16 20:37:13"
},
{
"kids":[],
"uid":"eleven11zs",
"parent":"",
"text":"@牧羊少年芒果仔 [哈哈]",
"mid":"znJOpFVqR",
"date":"2013-03-16 20:36:19"
},
{
"kids":[],
"uid":"1949385791",
"parent":"",
"text":"原来如此啊！[哈哈]@维尼他妈yolanda",
"mid":"znJNOrLHH",
"date":"2013-03-16 20:34:49"
},
{
"kids":[],
"uid":"1274790584",
"parent":"znJMTFozE",
"text":"233333333",
"mid":"znJNMCuGr",
"date":"2013-03-16 20:34:45"
},
{
"kids":[],
"uid":"2480116093",
"parent":"",
"text":"",
"mid":"znJN66lw2",
"date":"2013-03-16 20:33:02"
},
{
"kids":[],
"uid":"206111755",
"parent":"znJM7cUlN",
"text":"[嘻嘻]你说到点子上了",
"mid":"znJN5vPTj",
"date":"2013-03-16 20:33:02"
},
{
"kids":[
"znK2lmHGr",
"znJP54HOs",
"znJON0O1r",
"znJNMCuGr"
],
"uid":"purplesunshine",
"parent":"znJIMEQoR",
"text":"2333333",
"mid":"znJMTFozE",
"date":"2013-03-16 20:32:34"
},
{
"kids":[],
"uid":"2133019943",
"parent":"znJCX0RmW",
"text":"[哈哈]",
"mid":"znJMRmtg6",
"date":"2013-03-16 20:32:27"
},
{
"kids":[],
"uid":"kimifan520",
"parent":"",
"text":"奉先确实猛",
"mid":"znJMR26MG",
"date":"2013-03-16 20:32:27"
},
{
"kids":[
"znK7Gjukl",
"znK1s8fLe"
],
"uid":"2136266941",
"parent":"",
"text":"",
"mid":"znJML7sdk",
"date":"2013-03-16 20:32:12"
},
{
"kids":[],
"uid":"2401073323",
"parent":"",
"text":"这助理坑死人了！",
"mid":"znJMzi8WP",
"date":"2013-03-16 20:31:45"
},
{
"kids":[
"znJWlFUYV"
],
"uid":"ztgodo",
"parent":"",
"text":"",
"mid":"znJMy7iFX",
"date":"2013-03-16 20:31:42"
},
{
"kids":[],
"uid":"tenggang",
"parent":"",
"text":"[哈哈]",
"mid":"znJMbDwv6",
"date":"2013-03-16 20:30:49"
},
{
"kids":[
"znJN5vPTj"
],
"uid":"ten6",
"parent":"znJLeAMpx",
"text":"智商果然是硬伤",
"mid":"znJM7cUlN",
"date":"2013-03-16 20:30:38"
},
{
"kids":[
"znL3GvgQL"
],
"uid":"1769133254",
"parent":"znJCX0RmW",
"text":"[哈哈][哈哈][哈哈][哈哈]",
"mid":"znJLYFiyp",
"date":"2013-03-16 20:30:17"
},
{
"kids":[
"znKr8eSPJ"
],
"uid":"1891988424",
"parent":"",
"text":"[哈哈]",
"mid":"znJLRiJ5C",
"date":"2013-03-16 20:30:01"
},
{
"kids":[],
"uid":"strangevillage",
"parent":"",
"text":"",
"mid":"znJLFbchU",
"date":"2013-03-16 20:29:29"
},
{
"kids":[],
"uid":"xiaxi21",
"parent":"znJKhsp9t",
"text":"",
"mid":"znJLlE0FA",
"date":"2013-03-16 20:28:45"
},
{
"kids":[
"znK7bBOi5",
"znK1gjRiU"
],
"uid":"315262227",
"parent":"",
"text":"",
"mid":"znJLlE0Fk",
"date":"2013-03-16 20:28:45"
},
{
"kids":[
"znJM7cUlN"
],
"uid":"206111755",
"parent":"znJKrunAg",
"text":"[挖鼻屎][围观]",
"mid":"znJLeAMpx",
"date":"2013-03-16 20:28:26"
},
{
"kids":[
"znPp7f2y2"
],
"uid":"2108115952",
"parent":"znJKrunAg",
"text":"哈哈",
"mid":"znJL6AmhC",
"date":"2013-03-16 20:28:09"
},
{
"kids":[
"B66SxcPv1",
"znJYKh5ID"
],
"uid":"1731925617",
"parent":"",
"text":"[",
"mid":"znJL0mFvr",
"date":"2013-03-16 20:27:54"
},
{
"kids":[
"znKArAhHU"
],
"uid":"jujufish",
"parent":"znJDSjo6e",
"text":"[哈哈][哈哈]特嘲了！",
"mid":"znJKXaLAG",
"date":"2013-03-16 20:27:45"
},
{
"kids":[],
"uid":"tanpiqiang",
"parent":"znJKcsqxj",
"text":"呵呵，这是真的吗？！",
"mid":"znJKVCR9q",
"date":"2013-03-16 20:27:43"
},
{
"kids":[
"znLPUhwvs"
],
"uid":"wendyichen",
"parent":"",
"text":"哈哈哈，我笑喷了，猪一样的队友啊!",
"mid":"znJKUsRtH",
"date":"2013-03-16 20:27:40"
},
{
"kids":[],
"uid":"2307101922",
"parent":"znJIW7C4N",
"text":"",
"mid":"znJKAnEsG",
"date":"2013-03-16 20:26:51"
},
{
"kids":[
"znJLeAMpx",
"znJL6AmhC"
],
"uid":"1779815261",
"parent":"",
"text":"哈哈哈哈啊哈",
"mid":"znJKrunAg",
"date":"2013-03-16 20:26:31"
},
{
"kids":[
"znZiJfMcP",
"znJLlE0FA"
],
"uid":"2478086347",
"parent":"",
"text":"大概8点20转",
"mid":"znJKhsp9t",
"date":"2013-03-16 20:26:07"
},
{
"kids":[
"znJKVCR9q"
],
"uid":"1465066157",
"parent":"",
"text":"强大",
"mid":"znJKcsqxj",
"date":"2013-03-16 20:25:54"
},
{
"kids":[],
"uid":"1735286253",
"parent":"znJCX0RmW",
"text":"[哈哈]",
"mid":"znJK49NBx",
"date":"2013-03-16 20:25:35"
},
{
"kids":[],
"uid":"2136710701",
"parent":"",
"text":"[哈哈][哈哈][哈哈]",
"mid":"znJJz84Vl",
"date":"2013-03-16 20:24:21"
},
{
"kids":[],
"uid":"zuipo",
"parent":"znJIqxCtE",
"text":"真的假的",
"mid":"znJJ3vzj1",
"date":"2013-03-16 20:23:06"
},
{
"kids":[
"znKMu50M2",
"znKJHalv3"
],
"uid":"2184617292",
"parent":"",
"text":"猪一般的队友",
"mid":"znJJ3vzgc",
"date":"2013-03-16 20:23:05"
},
{
"kids":[
"znJKAnEsG"
],
"uid":"2038981301",
"parent":"znJFYEh7T",
"text":"内幕啊内幕",
"mid":"znJIW7C4N",
"date":"2013-03-16 20:22:48"
},
{
"kids":[
"znJMTFozE"
],
"uid":"1629968364",
"parent":"znJC0cmgm",
"text":"23333",
"mid":"znJIMEQoR",
"date":"2013-03-16 20:22:25"
},
{
"kids":[
"znKdhv02I"
],
"uid":"zxylaw",
"parent":"znJG1Be9K",
"text":"但愿是假的，要不太侮辱智商了",
"mid":"znJIIzgXM",
"date":"2013-03-16 20:22:14"
},
{
"kids":[],
"uid":"470411478",
"parent":"znJFXa4UL",
"text":"",
"mid":"znJIH6P0l",
"date":"2013-03-16 20:22:09"
},
{
"kids":[],
"uid":"1749688423",
"parent":"znJFanwkK",
"text":"[哈哈][哈哈]",
"mid":"znJICC17t",
"date":"2013-03-16 20:22:00"
},
{
"kids":[],
"uid":"2672599371",
"parent":"znJCrpiX2",
"text":"转发了。",
"mid":"znJICjyJi",
"date":"2013-03-16 20:22:01"
},
{
"kids":[
"znPUf43VE",
"znJJ3vzj1"
],
"uid":"iamxx1021",
"parent":"",
"text":"😆😆",
"mid":"znJIqxCtE",
"date":"2013-03-16 20:21:33"
},
{
"kids":[
"znJUfEMt3"
],
"uid":"zhuimengbian",
"parent":"",
"text":"真相啊[偷笑][偷笑][偷笑]",
"mid":"znJIp4HRT",
"date":"2013-03-16 20:21:27"
},
{
"kids":[],
"uid":"patricklee1222",
"parent":"",
"text":"智商无下限",
"mid":"znJInAhjA",
"date":"2013-03-16 20:21:26"
},
{
"kids":[],
"uid":"jindc",
"parent":"",
"text":"",
"mid":"znJIm5kT3",
"date":"2013-03-16 20:21:21"
},
{
"kids":[],
"uid":"bluefoxhy",
"parent":"",
"text":"原来这几天在讨论的是这个哈哈哈哈",
"mid":"znJIkhZJ1",
"date":"2013-03-16 20:21:19"
},
{
"kids":[],
"uid":"1884616590",
"parent":"",
"text":"哎~~~ 果然是猪一样的队友",
"mid":"znJHIukvt",
"date":"2013-03-16 20:19:48"
},
{
"kids":[],
"uid":"1958190177",
"parent":"",
"text":"这个不能责怪“何润东”！他真的钱了最后一句[哈哈]@狮子座Elaine的妈妈",
"mid":"znJHpAbHJ",
"date":"2013-03-16 20:19:03"
},
{
"kids":[],
"uid":"1361306944",
"parent":"",
"text":"哈哈，吕布果然有勇无谋",
"mid":"znJH41qbA",
"date":"2013-03-16 20:18:07"
},
{
"kids":[
"znLNd3gb4",
"znJXJ4Pov",
"znJPq1gvp"
],
"uid":"lizhenjie",
"parent":"",
"text":"真捉急啊！[哈哈]",
"mid":"znJGNrqSd",
"date":"2013-03-16 20:17:29"
},
{
"kids":[
"znJTP4jWi"
],
"uid":"2262087295",
"parent":"",
"text":"还能说什么…[哈哈][哈哈][哈哈][哈哈]",
"mid":"znJGzAQ3a",
"date":"2013-03-16 20:16:57"
},
{
"kids":[],
"uid":"xiaoli860930",
"parent":"",
"text":"[哈哈]",
"mid":"znJGzgqWp",
"date":"2013-03-16 20:16:57"
},
{
"kids":[],
"uid":"206139994",
"parent":"",
"text":"[哈哈][哈哈]",
"mid":"znJGv8gdL",
"date":"2013-03-16 20:16:48"
},
{
"kids":[
"znNFcqyxS",
"znJIIzgXM"
],
"uid":"1711178462",
"parent":"znJCrpiX2",
"text":"",
"mid":"znJG1Be9K",
"date":"2013-03-16 20:15:39"
},
{
"kids":[
"znJIW7C4N"
],
"uid":"chenying4499",
"parent":"znJCX0RmW",
"text":"",
"mid":"znJFYEh7T",
"date":"2013-03-16 20:15:32"
},
{
"kids":[
"znKkeFuhb",
"znKcY2NOM",
"znJIH6P0l"
],
"uid":"1305971331",
"parent":"",
"text":"此时有蹊跷，估计何润东也收了苹果的钱[嘻嘻]",
"mid":"znJFXa4UL",
"date":"2013-03-16 20:15:27"
},
{
"kids":[],
"uid":"12694152",
"parent":"",
"text":"[挖鼻屎]",
"mid":"znJFglGcg",
"date":"2013-03-16 20:13:45"
},
{
"kids":[
"znJPYhUud",
"znJICC17t"
],
"uid":"405558660",
"parent":"",
"text":"笑喷了",
"mid":"znJFanwkK",
"date":"2013-03-16 20:13:31"
},
{
"kids":[
"znLZGzkK4"
],
"uid":"superchen08",
"parent":"",
"text":"",
"mid":"znJF78AJS",
"date":"2013-03-16 20:13:22"
},
{
"kids":[
"znZEIk9nP"
],
"uid":"1418466623",
"parent":"znJEDBbRi",
"text":"[哈哈][哈哈][哈哈]",
"mid":"znJF3k0Aw",
"date":"2013-03-16 20:13:14"
},
{
"kids":[
"znPlZDRqj"
],
"uid":"1738410420",
"parent":"",
"text":"[哈哈][哈哈][哈哈][哈哈][哈哈][哈哈][哈哈]",
"mid":"znJEOh9DQ",
"date":"2013-03-16 20:12:38"
},
{
"kids":[
"znJF3k0Aw"
],
"uid":"1821298451",
"parent":"znJCX0RmW",
"text":"[哈哈][哈哈][哈哈]",
"mid":"znJEDBbRi",
"date":"2013-03-16 20:12:10"
},
{
"kids":[
"znKCLenWK"
],
"uid":"miaokin",
"parent":"",
"text":"@电影人程青松",
"mid":"znJEs5RPb",
"date":"2013-03-16 20:11:45"
},
{
"kids":[],
"uid":"wysh",
"parent":"",
"text":"这个是搞笑的吧。。",
"mid":"znJEnCHMa",
"date":"2013-03-16 20:11:35"
},
{
"kids":[],
"uid":"rz13",
"parent":"",
"text":"",
"mid":"znJEl1r9C",
"date":"2013-03-16 20:11:28"
},
{
"kids":[],
"uid":"1905416565",
"parent":"znJCawMHO",
"text":"哈哈哈哈哈哈哈",
"mid":"znJEjwSYz",
"date":"2013-03-16 20:11:23"
},
{
"kids":[],
"uid":"529751678",
"parent":"",
"text":"合作愉快！@作家鲁奇",
"mid":"znJEbvNnZ",
"date":"2013-03-16 20:11:06"
},
{
"kids":[
"znK9ECPCn"
],
"uid":"takamina48",
"parent":"",
"text":"哈哈哈哈",
"mid":"znJE759hc",
"date":"2013-03-16 20:10:52"
},
{
"kids":[],
"uid":"1929894033",
"parent":"",
"text":"[哈哈]",
"mid":"znJDX5rqY",
"date":"2013-03-16 20:10:27"
},
{
"kids":[],
"uid":"sinky0719",
"parent":"",
"text":"[哈哈]",
"mid":"znJDV11qf",
"date":"2013-03-16 20:10:24"
},
{
"kids":[
"znKhUu5hR"
],
"uid":"guyan316",
"parent":"",
"text":"要不要那么好笑，哈哈，我们昨天应该关注315晚会的喏@小K-韩总 @点晃晃悠悠 @水瓶座的懒懒米 @littlejiljil @年年_永远不变的Juliet",
"mid":"znJDUpnue",
"date":"2013-03-16 20:10:25"
},
{
"kids":[],
"uid":"2097154942",
"parent":"",
"text":"哈哈哈，不能怪奉先，他照办了。",
"mid":"znJDTeQXD",
"date":"2013-03-16 20:10:22"
},
{
"kids":[
"znJKXaLAG"
],
"uid":"1745789963",
"parent":"",
"text":"[哈哈][哈哈][哈哈]",
"mid":"znJDSjo6e",
"date":"2013-03-16 20:10:19"
},
{
"kids":[],
"uid":"2211714603",
"parent":"",
"text":"这年头什么都可以是假的，一个充满谎言与欺骗的世界……",
"mid":"znJDKFwXU",
"date":"2013-03-16 20:10:01"
},
{
"kids":[],
"uid":"2009371443",
"parent":"",
"text":"真不能怪东哥",
"mid":"znJDI2ehc",
"date":"2013-03-16 20:09:54"
},
{
"kids":[],
"uid":"2073839045",
"parent":"",
"text":"",
"mid":"znJDHpaAn",
"date":"2013-03-16 20:09:54"
},
{
"kids":[],
"uid":"iainli",
"parent":"",
"text":"",
"mid":"znJD9rns4",
"date":"2013-03-16 20:08:33"
},
{
"kids":[],
"uid":"yumukui",
"parent":"",
"text":"原来是这样",
"mid":"znJD4oxC5",
"date":"2013-03-16 20:08:21"
},
{
"kids":[],
"uid":"baibaimuer",
"parent":"",
"text":"我晕 这智商 杠杠の",
"mid":"znJD2Btxu",
"date":"2013-03-16 20:08:18"
},
{
"kids":[
"znKaXDZ69",
"znJMRmtg6",
"znJLYFiyp",
"znJK49NBx",
"znJFYEh7T",
"znJEDBbRi"
],
"uid":"liancoffee",
"parent":"",
"text":"哈哈哈哈哈[哈哈][哈哈][哈哈]",
"mid":"znJCX0RmW",
"date":"2013-03-16 20:08:02"
},
{
"kids":[],
"uid":"1796308185",
"parent":"",
"text":"额…[汗]",
"mid":"znJCUEFJu",
"date":"2013-03-16 20:07:55"
},
{
"kids":[
"znKQq7gti",
"znJICjyJi",
"znJG1Be9K"
],
"uid":"52dubai",
"parent":"",
"text":"造谣！",
"mid":"znJCrpiX2",
"date":"2013-03-16 20:06:48"
},
{
"kids":[],
"uid":"1740349931",
"parent":"",
"text":"[哈哈][哈哈][哈哈]",
"mid":"znJCm4uvW",
"date":"2013-03-16 20:06:33"
},
{
"kids":[
"znJEjwSYz"
],
"uid":"jzzcyy",
"parent":"znJBswaK9",
"text":"哈哈，真的只删除了最后一句！",
"mid":"znJCawMHO",
"date":"2013-03-16 20:06:09"
},
{
"kids":[],
"uid":"oasismed",
"parent":"",
"text":"",
"mid":"znJC963nI",
"date":"2013-03-16 20:06:03"
},
{
"kids":[
"znJIMEQoR"
],
"uid":"1423340240",
"parent":"",
"text":"真的？太搞笑了！ 大概8点20分发。。。",
"mid":"znJC0cmgm",
"date":"2013-03-16 20:05:40"
},
{
"kids":[],
"uid":"1733875741",
"parent":"",
"text":"[哈哈][哈哈][哈哈][哈哈]",
"mid":"znJBW5zwm",
"date":"2013-03-16 20:05:33"
},
{
"kids":[],
"uid":"shanghaimorning",
"parent":"znJB5r3nS",
"text":"笑喷饭了！",
"mid":"znJBzD3Lx",
"date":"2013-03-16 20:04:37"
},
{
"kids":[
"znJCawMHO"
],
"uid":"1532670263",
"parent":"",
"text":"一夜爆红的8点20[偷笑]",
"mid":"znJBswaK9",
"date":"2013-03-16 20:04:22"
},
{
"kids":[],
"uid":"2189356921",
"parent":"",
"text":"这是假的吧？[偷笑][疑问]",
"mid":"znJBqu76j",
"date":"2013-03-16 20:04:14"
},
{
"kids":[],
"uid":"2148541174",
"parent":"",
"text":"[哈哈][哈哈][哈哈]",
"mid":"znJBqtqXY",
"date":"2013-03-16 20:04:15"
},
{
"kids":[
"znKs8BwoE"
],
"uid":"mornray",
"parent":"",
"text":"[哈哈]这种智商能混娱乐圈？",
"mid":"znJBg7BH7",
"date":"2013-03-16 20:03:53"
},
{
"kids":[
"znL8IwU2J",
"znL56vgqK",
"znJVA4caI"
],
"uid":"xmy324",
"parent":"",
"text":"他是删掉了！",
"mid":"znJBfxjzY",
"date":"2013-03-16 20:03:50"
},
{
"kids":[],
"uid":"vankisun",
"parent":"",
"text":"[哈哈]",
"mid":"znJB7v8Ht",
"date":"2013-03-16 20:03:33"
},
{
"kids":[
"znJBzD3Lx"
],
"uid":"joey12",
"parent":"",
"text":"真相！",
"mid":"znJB5r3nS",
"date":"2013-03-16 20:03:28"
},
{
"kids":[],
"uid":"clorischenchen",
"parent":"",
"text":"[哈哈][哈哈][哈哈]",
"mid":"znJB0bpcp",
"date":"2013-03-16 20:03:14"
},
{
"kids":[],
"uid":"xuenanli",
"parent":"",
"text":"助理哈〜",
"mid":"znJAOCiOK",
"date":"2013-03-16 20:02:48"
}
]