[
{
"kids":[],
"uid":"2919523622",
"parent":"zkXj1mXqQ",
"text":"",
"mid":"zp49n6Ct6",
"date":"2013-03-25 14:13:08"
},
{
"kids":[],
"uid":"2919464624",
"parent":"zkXj1mXqQ",
"text":"",
"mid":"zp49mtPaf",
"date":"2013-03-25 14:13:09"
},
{
"kids":[],
"uid":"2672249881",
"parent":"",
"text":"",
"mid":"zoBPHcVm3",
"date":"2013-03-22 14:07:47"
},
{
"kids":[],
"uid":"1658281940",
"parent":"",
"text":"",
"mid":"zmPjE3P6x",
"date":"2013-03-10 20:46:38"
},
{
"kids":[],
"uid":"2690483124",
"parent":"zkXd1kLz4",
"text":"为反腐必转",
"mid":"zmiWD79pI",
"date":"2013-03-07 10:22:04"
},
{
"kids":[],
"uid":"1593777913",
"parent":"",
"text":"[围观]",
"mid":"zlYKm2bUt",
"date":"2013-03-05 06:56:52"
},
{
"kids":[],
"uid":"2920535690",
"parent":"zkXeYtSFI",
"text":"",
"mid":"zlPIkt2o9",
"date":"2013-03-04 07:57:11"
},
{
"kids":[],
"uid":"1758806657",
"parent":"zkXBu5ItF",
"text":"",
"mid":"zlM1PotaX",
"date":"2013-03-03 22:34:12"
},
{
"kids":[],
"uid":"1723901082",
"parent":"zkXeYtSFI",
"text":"",
"mid":"zlFYy4DHO",
"date":"2013-03-03 07:09:39"
},
{
"kids":[],
"uid":"2030160117",
"parent":"",
"text":"啊[怒][怒][怒]",
"mid":"zljXS6fXj",
"date":"2013-02-28 23:07:34"
},
{
"kids":[],
"uid":"2131364635",
"parent":"",
"text":"",
"mid":"zljA9EL0M",
"date":"2013-02-28 22:09:09"
},
{
"kids":[],
"uid":"2805445564",
"parent":"zlaX07GzH",
"text":"",
"mid":"zldGshDfu",
"date":"2013-02-28 07:08:10"
},
{
"kids":[
"zldGshDfu"
],
"uid":"1895150211",
"parent":"",
"text":"",
"mid":"zlaX07GzH",
"date":"2013-02-28 00:10:42"
},
{
"kids":[],
"uid":"1843086543",
"parent":"",
"text":"",
"mid":"zla15wypB",
"date":"2013-02-27 21:48:03"
},
{
"kids":[],
"uid":"1093869164",
"parent":"zkXwKDeFu",
"text":"@南方都市报 查查?????",
"mid":"zl70McAWm",
"date":"2013-02-27 14:09:00"
},
{
"kids":[],
"uid":"tuzhi871107",
"parent":"",
"text":"",
"mid":"zl5xO8Reo",
"date":"2013-02-27 10:24:54"
},
{
"kids":[],
"uid":"stxdzyzs",
"parent":"zkXdUjYiB",
"text":"[围观][围观]",
"mid":"zl52a2LYB",
"date":"2013-02-27 09:06:56"
},
{
"kids":[],
"uid":"522813458",
"parent":"",
"text":"",
"mid":"zl3L7jVez",
"date":"2013-02-27 05:52:11"
},
{
"kids":[],
"uid":"1915147490",
"parent":"",
"text":"",
"mid":"zl1DyzSLx",
"date":"2013-02-27 00:28:05"
},
{
"kids":[],
"uid":"1392597350",
"parent":"zkXy11izg",
"text":"",
"mid":"zl1ArinuJ",
"date":"2013-02-27 00:20:24"
},
{
"kids":[],
"uid":"1847176691",
"parent":"zkXy11izg",
"text":"@范崇宁",
"mid":"zl1wm3f5U",
"date":"2013-02-27 00:10:20"
},
{
"kids":[],
"uid":"xymydy",
"parent":"",
"text":"",
"mid":"zl1p7vzv5",
"date":"2013-02-26 23:52:31"
},
{
"kids":[],
"uid":"2419399237",
"parent":"zkXS9aHFX",
"text":"",
"mid":"zl1bigXNM",
"date":"2013-02-26 23:18:26"
},
{
"kids":[],
"uid":"2116567193",
"parent":"",
"text":"",
"mid":"zl0ZrF9UR",
"date":"2013-02-26 22:49:14"
},
{
"kids":[],
"uid":"2373171190",
"parent":"",
"text":"",
"mid":"zl0Hgq6LF",
"date":"2013-02-26 22:04:28"
},
{
"kids":[],
"uid":"1162822810",
"parent":"",
"text":"",
"mid":"zl0rhBuWt",
"date":"2013-02-26 21:25:06"
},
{
"kids":[],
"uid":"1797032360",
"parent":"zkZeBgISe",
"text":"",
"mid":"zl0pbzYAu",
"date":"2013-02-26 21:19:56"
},
{
"kids":[],
"uid":"2819601382",
"parent":"",
"text":"",
"mid":"zl0hnhFBc",
"date":"2013-02-26 21:00:39"
},
{
"kids":[],
"uid":"1159148852",
"parent":"",
"text":"",
"mid":"zkZOswZuV",
"date":"2013-02-26 19:49:26"
},
{
"kids":[],
"uid":"1884577312",
"parent":"",
"text":"",
"mid":"zkZLXEsEj",
"date":"2013-02-26 19:43:16"
},
{
"kids":[],
"uid":"2266279001",
"parent":"",
"text":"[草泥马]",
"mid":"zkZIq80E6",
"date":"2013-02-26 19:34:35"
},
{
"kids":[],
"uid":"2266279001",
"parent":"",
"text":"",
"mid":"zkZIfbWUk",
"date":"2013-02-26 19:34:08"
},
{
"kids":[],
"uid":"2001711507",
"parent":"",
"text":"[good]",
"mid":"zkZpu92Ce",
"date":"2013-02-26 18:47:55"
},
{
"kids":[
"zl0pbzYAu"
],
"uid":"2665494551",
"parent":"zkXfkCPpK",
"text":"",
"mid":"zkZeBgISe",
"date":"2013-02-26 18:21:06"
},
{
"kids":[],
"uid":"2736422455",
"parent":"",
"text":"造谣死一户口本的，傻逼！辟谣没看见？",
"mid":"zkZbq9Jy4",
"date":"2013-02-26 18:13:16"
},
{
"kids":[],
"uid":"2130233613",
"parent":"",
"text":"",
"mid":"zkZ9tzvjL",
"date":"2013-02-26 18:08:28"
},
{
"kids":[],
"uid":"206781679",
"parent":"",
"text":"",
"mid":"zkZ8BwS0H",
"date":"2013-02-26 18:06:19"
},
{
"kids":[],
"uid":"1365295640",
"parent":"zkYbN88Lu",
"text":"",
"mid":"zkZ6cyHoV",
"date":"2013-02-26 18:00:23"
},
{
"kids":[],
"uid":"2664667283",
"parent":"",
"text":"",
"mid":"zkZ4GAnFY",
"date":"2013-02-26 17:56:41"
},
{
"kids":[],
"uid":"325250809",
"parent":"zkXy11izg",
"text":"",
"mid":"zkZ1x1h7C",
"date":"2013-02-26 17:48:52"
},
{
"kids":[],
"uid":"1650254484",
"parent":"",
"text":"",
"mid":"zkYYccXhG",
"date":"2013-02-26 17:40:42"
},
{
"kids":[],
"uid":"1653615713",
"parent":"",
"text":"",
"mid":"zkYXK5tLv",
"date":"2013-02-26 17:39:34"
},
{
"kids":[],
"uid":"1994025630",
"parent":"",
"text":"我们的底线在哪里",
"mid":"zkYTCbVuo",
"date":"2013-02-26 17:29:24"
},
{
"kids":[],
"uid":"1223114672",
"parent":"zkYPjmiG1",
"text":"",
"mid":"zkYSfpooE",
"date":"2013-02-26 17:26:01"
},
{
"kids":[],
"uid":"1563745644",
"parent":"zkXy11izg",
"text":"土司啊",
"mid":"zkYS52L4S",
"date":"2013-02-26 17:25:37"
},
{
"kids":[],
"uid":"1960076217",
"parent":"",
"text":"",
"mid":"zkYQTa4Ck",
"date":"2013-02-26 17:22:41"
},
{
"kids":[],
"uid":"1997282015",
"parent":"",
"text":"[黑线]",
"mid":"zkYPOFACk",
"date":"2013-02-26 17:20:04"
},
{
"kids":[
"zkYSfpooE"
],
"uid":"1804332953",
"parent":"zkXg0jZfH",
"text":"",
"mid":"zkYPjmiG1",
"date":"2013-02-26 17:18:46"
},
{
"kids":[],
"uid":"2724528647",
"parent":"zkXy11izg",
"text":"",
"mid":"zkYKKjgTl",
"date":"2013-02-26 17:07:33"
},
{
"kids":[],
"uid":"dapeng74",
"parent":"",
"text":"又一个",
"mid":"zkYDCvyYo",
"date":"2013-02-26 16:49:58"
},
{
"kids":[],
"uid":"1752010283",
"parent":"",
"text":"[吃惊]",
"mid":"zkYzhAOxt",
"date":"2013-02-26 16:39:19"
},
{
"kids":[],
"uid":"niuxinniu",
"parent":"zkYrDCgJj",
"text":"",
"mid":"zkYz41tuP",
"date":"2013-02-26 16:38:46"
},
{
"kids":[],
"uid":"2008399723",
"parent":"",
"text":"",
"mid":"zkYv7EiNW",
"date":"2013-02-26 16:29:05"
},
{
"kids":[],
"uid":"1897237591",
"parent":"",
"text":"",
"mid":"zkYu43k8B",
"date":"2013-02-26 16:26:25"
},
{
"kids":[],
"uid":"1043022725",
"parent":"zkYnR51jx",
"text":"",
"mid":"zkYu2gQdO",
"date":"2013-02-26 16:26:22"
},
{
"kids":[],
"uid":"1652374771",
"parent":"",
"text":"",
"mid":"zkYtndqwo",
"date":"2013-02-26 16:24:45"
},
{
"kids":[],
"uid":"3210881861",
"parent":"",
"text":"",
"mid":"zkYrHdpUC",
"date":"2013-02-26 16:20:37"
},
{
"kids":[
"zkYz41tuP"
],
"uid":"2010634263",
"parent":"",
"text":"",
"mid":"zkYrDCgJj",
"date":"2013-02-26 16:20:30"
},
{
"kids":[],
"uid":"1633364153",
"parent":"",
"text":"",
"mid":"zkYrqEOUh",
"date":"2013-02-26 16:19:57"
},
{
"kids":[],
"uid":"2136746821",
"parent":"",
"text":"",
"mid":"zkYrefOqB",
"date":"2013-02-26 16:19:26"
},
{
"kids":[],
"uid":"3153986071",
"parent":"",
"text":"爆料！！",
"mid":"zkYqWdbqv",
"date":"2013-02-26 16:18:44"
},
{
"kids":[],
"uid":"2202724422",
"parent":"",
"text":"",
"mid":"zkYo7zpdz",
"date":"2013-02-26 16:11:47"
},
{
"kids":[
"zkYu2gQdO"
],
"uid":"1879742490",
"parent":"",
"text":"民政局，主管城市农村居民最低生活保障、社会福利和社会事务",
"mid":"zkYnR51jx",
"date":"2013-02-26 16:11:09"
},
{
"kids":[],
"uid":"1879742490",
"parent":"",
"text":"",
"mid":"zkYmCcKZj",
"date":"2013-02-26 16:08:06"
},
{
"kids":[],
"uid":"2181919765",
"parent":"zkYg83Vgu",
"text":"",
"mid":"zkYly1fip",
"date":"2013-02-26 16:05:28"
},
{
"kids":[],
"uid":"2291391107",
"parent":"",
"text":"顶起！",
"mid":"zkYibF08n",
"date":"2013-02-26 15:57:12"
},
{
"kids":[],
"uid":"2210537831",
"parent":"",
"text":"这身体那是相当滴好啊，敢问这厮吃滴啥滴?",
"mid":"zkYhhwhEw",
"date":"2013-02-26 15:54:56"
},
{
"kids":[],
"uid":"wj481120",
"parent":"zkXkgadjt",
"text":"",
"mid":"zkYhcelQe",
"date":"2013-02-26 15:54:45"
},
{
"kids":[],
"uid":"1259772364",
"parent":"",
"text":"[汗]",
"mid":"zkYgyCiv4",
"date":"2013-02-26 15:53:10"
},
{
"kids":[],
"uid":"1973108842",
"parent":"",
"text":"",
"mid":"zkYglC9Zl",
"date":"2013-02-26 15:52:40"
},
{
"kids":[],
"uid":"sayolijian",
"parent":"",
"text":"",
"mid":"zkYgi4yXe",
"date":"2013-02-26 15:52:31"
},
{
"kids":[
"zkYly1fip"
],
"uid":"1882850634",
"parent":"zkXAKxZ16",
"text":"这些个官啊，，，无语了",
"mid":"zkYg83Vgu",
"date":"2013-02-26 15:52:07"
},
{
"kids":[],
"uid":"sisivan",
"parent":"",
"text":"火速围观！",
"mid":"zkYef1Ccd",
"date":"2013-02-26 15:47:28"
},
{
"kids":[],
"uid":"2291391107",
"parent":"",
"text":"@妈妈爱小蚂蚁",
"mid":"zkYe96Y2L",
"date":"2013-02-26 15:47:14"
},
{
"kids":[],
"uid":"1615393550",
"parent":"zkXBp4jlE",
"text":"",
"mid":"zkYdYtAfx",
"date":"2013-02-26 15:46:48"
},
{
"kids":[],
"uid":"2676376443",
"parent":"",
"text":"",
"mid":"zkYdtrU3v",
"date":"2013-02-26 15:45:33"
},
{
"kids":[],
"uid":"2615040511",
"parent":"zkXXH6DVk",
"text":"求证实",
"mid":"zkYd0cHMy",
"date":"2013-02-26 15:44:24"
},
{
"kids":[
"zkZ6cyHoV"
],
"uid":"cxlcxr",
"parent":"",
"text":"",
"mid":"zkYbN88Lu",
"date":"2013-02-26 15:41:25"
},
{
"kids":[],
"uid":"1994570282",
"parent":"",
"text":"",
"mid":"zkYblCYYl",
"date":"2013-02-26 15:40:21"
},
{
"kids":[],
"uid":"2237978795",
"parent":"",
"text":"",
"mid":"zkY9S3VB4",
"date":"2013-02-26 15:36:42"
},
{
"kids":[],
"uid":"2681848302",
"parent":"",
"text":"",
"mid":"zkY8BaW8X",
"date":"2013-02-26 15:33:32"
},
{
"kids":[],
"uid":"1499007030",
"parent":"",
"text":"",
"mid":"zkY7UjXHH",
"date":"2013-02-26 15:31:50"
},
{
"kids":[],
"uid":"1072650051",
"parent":"",
"text":"天朝！",
"mid":"zkY584o33",
"date":"2013-02-26 15:25:01"
},
{
"kids":[],
"uid":"1390463232",
"parent":"zkXy11izg",
"text":"",
"mid":"zkY3460qI",
"date":"2013-02-26 15:19:54"
},
{
"kids":[],
"uid":"pegasuz",
"parent":"",
"text":"小三反腐，情人反腐，小偷反腐",
"mid":"zkY2PmKUm",
"date":"2013-02-26 15:19:21"
},
{
"kids":[],
"uid":"2625306467",
"parent":"zkXvtaZS8",
"text":"",
"mid":"zkY19kION",
"date":"2013-02-26 15:15:13"
},
{
"kids":[],
"uid":"234927418",
"parent":"",
"text":"求真相？",
"mid":"zkY0n9naw",
"date":"2013-02-26 15:13:18"
},
{
"kids":[],
"uid":"ddeng",
"parent":"zkXy11izg",
"text":"",
"mid":"zkXYWcuKD",
"date":"2013-02-26 15:09:45"
},
{
"kids":[],
"uid":"2115152697",
"parent":"",
"text":"",
"mid":"zkXYKENFO",
"date":"2013-02-26 15:09:19"
},
{
"kids":[],
"uid":"2230343127",
"parent":"",
"text":"",
"mid":"zkXYvkSKF",
"date":"2013-02-26 15:08:41"
},
{
"kids":[
"zkYd0cHMy"
],
"uid":"2044986073",
"parent":"",
"text":"",
"mid":"zkXXH6DVk",
"date":"2013-02-26 15:06:42"
},
{
"kids":[],
"uid":"1949930732",
"parent":"",
"text":"",
"mid":"zkXVUxA5j",
"date":"2013-02-26 15:02:19"
},
{
"kids":[],
"uid":"2252096311",
"parent":"",
"text":"",
"mid":"zkXUXaZVc",
"date":"2013-02-26 14:59:57"
},
{
"kids":[],
"uid":"2118697474",
"parent":"",
"text":"",
"mid":"zkXUUvh2Y",
"date":"2013-02-26 14:59:51"
},
{
"kids":[],
"uid":"danandbobo",
"parent":"",
"text":"狗官去死。",
"mid":"zkXTYjpBq",
"date":"2013-02-26 14:57:30"
},
{
"kids":[],
"uid":"2686005951",
"parent":"",
"text":"身体这样好？？",
"mid":"zkXTN8p7G",
"date":"2013-02-26 14:57:03"
},
{
"kids":[],
"uid":"2625720385",
"parent":"",
"text":"",
"mid":"zkXTn3uYQ",
"date":"2013-02-26 14:56:03"
},
{
"kids":[],
"uid":"superquant2014",
"parent":"zkXLem4Uq",
"text":"源于儒家文化中的“仕”高人一等、官本位、独党政治缺乏监督机制等原因。现在的社会是官商勾结、权钱合一、钱色交易，反腐到底有多少力度可言，没有一个切实长效的廉政制度，也许只能是能改良一点算一点，博得百姓拍手称快、大快人心一次罢了。",
"mid":"zkXSJaU50",
"date":"2013-02-26 14:54:28"
},
{
"kids":[
"zl1bigXNM"
],
"uid":"3047312483",
"parent":"zkXRIx0nj",
"text":"",
"mid":"zkXS9aHFX",
"date":"2013-02-26 14:53:02"
},
{
"kids":[],
"uid":"handsometalent",
"parent":"",
"text":"",
"mid":"zkXRX0Yll",
"date":"2013-02-26 14:52:33"
},
{
"kids":[
"zkXS9aHFX"
],
"uid":"1874748877",
"parent":"",
"text":"",
"mid":"zkXRIx0nj",
"date":"2013-02-26 14:51:58"
},
{
"kids":[],
"uid":"1172004852",
"parent":"",
"text":"",
"mid":"zkXRmniAA",
"date":"2013-02-26 14:51:05"
},
{
"kids":[],
"uid":"2729711681",
"parent":"",
"text":"[din推撞]",
"mid":"zkXQQrkiz",
"date":"2013-02-26 14:49:51"
},
{
"kids":[],
"uid":"1370112454",
"parent":"",
"text":"",
"mid":"zkXQ40Nfz",
"date":"2013-02-26 14:47:54"
},
{
"kids":[],
"uid":"dxdxw",
"parent":"",
"text":"我靠！",
"mid":"zkXPo20TY",
"date":"2013-02-26 14:46:12"
},
{
"kids":[],
"uid":"2109576093",
"parent":"",
"text":"",
"mid":"zkXOy4ts3",
"date":"2013-02-26 14:44:10"
},
{
"kids":[],
"uid":"2715206027",
"parent":"",
"text":"",
"mid":"zkXO2FKJF",
"date":"2013-02-26 14:42:55"
},
{
"kids":[],
"uid":"noellewu",
"parent":"zkXDa5LOO",
"text":"一個人點捋509份低保？求指教",
"mid":"zkXNx7ETs",
"date":"2013-02-26 14:41:40"
},
{
"kids":[],
"uid":"2610590400",
"parent":"zkXy11izg",
"text":"",
"mid":"zkXNlxbj2",
"date":"2013-02-26 14:41:12"
},
{
"kids":[],
"uid":"2367588780",
"parent":"",
"text":"",
"mid":"zkXN1ryBp",
"date":"2013-02-26 14:40:25"
},
{
"kids":[],
"uid":"2419134972",
"parent":"",
"text":"这管当的多潇洒，位子再高点，估计的三宫六院",
"mid":"zkXMPkF5v",
"date":"2013-02-26 14:39:55"
},
{
"kids":[],
"uid":"2430902071",
"parent":"",
"text":"",
"mid":"zkXLuB8E5",
"date":"2013-02-26 14:36:40"
},
{
"kids":[
"zkXSJaU50"
],
"uid":"lxw8888",
"parent":"zkXy11izg",
"text":"",
"mid":"zkXLem4Uq",
"date":"2013-02-26 14:36:00"
},
{
"kids":[],
"uid":"1416160952",
"parent":"",
"text":"",
"mid":"zkXLczB1J",
"date":"2013-02-26 14:35:55"
},
{
"kids":[],
"uid":"1914300823",
"parent":"",
"text":"央视也有牛人啊",
"mid":"zkXIeuEWp",
"date":"2013-02-26 14:28:37"
},
{
"kids":[],
"uid":"2557852290",
"parent":"",
"text":"",
"mid":"zkXHBtcYM",
"date":"2013-02-26 14:27:03"
},
{
"kids":[],
"uid":"1876007103",
"parent":"zkXp4DNNq",
"text":"房姐，表叔爆料这么久了没结果吧，天朝官员都懂一个字“拖”",
"mid":"zkXHA3lYc",
"date":"2013-02-26 14:26:58"
},
{
"kids":[],
"uid":"1145952535",
"parent":"",
"text":"",
"mid":"zkXHxl2M3",
"date":"2013-02-26 14:26:55"
},
{
"kids":[],
"uid":"1029211121",
"parent":"",
"text":"",
"mid":"zkXHn3ZNl",
"date":"2013-02-26 14:26:29"
},
{
"kids":[],
"uid":"2165340353",
"parent":"zkXGhBPrD",
"text":"帝王吃低保？哈哈，这帝王也够猥琐的",
"mid":"zkXHfjvcd",
"date":"2013-02-26 14:26:12"
},
{
"kids":[],
"uid":"1373114347",
"parent":"",
"text":"",
"mid":"zkXGpk03X",
"date":"2013-02-26 14:24:07"
},
{
"kids":[
"zkXHfjvcd"
],
"uid":"sichuangaoyulin",
"parent":"zkXy11izg",
"text":"",
"mid":"zkXGhBPrD",
"date":"2013-02-26 14:23:47"
},
{
"kids":[],
"uid":"3176167234",
"parent":"",
"text":"",
"mid":"zkXGcmZee",
"date":"2013-02-26 14:23:35"
},
{
"kids":[],
"uid":"2252562725",
"parent":"",
"text":"",
"mid":"zkXG70ReY",
"date":"2013-02-26 14:23:21"
},
{
"kids":[],
"uid":"1781145285",
"parent":"",
"text":"@401我要隐姓埋名 [吃惊]",
"mid":"zkXFQuNai",
"date":"2013-02-26 14:22:44"
},
{
"kids":[],
"uid":"2938066397",
"parent":"",
"text":"转起",
"mid":"zkXFMCicW",
"date":"2013-02-26 14:22:35"
},
{
"kids":[],
"uid":"1679559112",
"parent":"",
"text":"",
"mid":"zkXFK0V0c",
"date":"2013-02-26 14:22:25"
},
{
"kids":[],
"uid":"2439040625",
"parent":"",
"text":"",
"mid":"zkXF9DEl8",
"date":"2013-02-26 14:21:02"
},
{
"kids":[],
"uid":"1852278422",
"parent":"",
"text":"",
"mid":"zkXDc9QXM",
"date":"2013-02-26 14:16:12"
},
{
"kids":[
"zkXNx7ETs"
],
"uid":"1769598103",
"parent":"",
"text":"",
"mid":"zkXDa5LOO",
"date":"2013-02-26 14:16:05"
},
{
"kids":[],
"uid":"2032280244",
"parent":"",
"text":"",
"mid":"zkXCImiWA",
"date":"2013-02-26 14:15:01"
},
{
"kids":[],
"uid":"1638035217",
"parent":"",
"text":"",
"mid":"zkXCF7mJ4",
"date":"2013-02-26 14:14:53"
},
{
"kids":[],
"uid":"536752012",
"parent":"",
"text":"哈哈，没吃过猪肉，还能没见过猪跑吗？小说、影视、网络，乃至生活，哪儿见不到？主簿君不会是生活在真空中的吧？[哈哈]",
"mid":"zkXCijMqW",
"date":"2013-02-26 14:13:59"
},
{
"kids":[],
"uid":"adamspz",
"parent":"",
"text":"膜拜",
"mid":"zkXCdjS7Z",
"date":"2013-02-26 14:13:47"
},
{
"kids":[],
"uid":"2028618813",
"parent":"",
"text":"老虎还是苍蝇？错！这连个细菌都算不上！洋洋官场动物园目前为止连个蚊子都还没看到一只，别说苍蝇老虎了，呵呵",
"mid":"zkXBUmylm",
"date":"2013-02-26 14:13:01"
},
{
"kids":[],
"uid":"2661372631",
"parent":"",
"text":"",
"mid":"zkXBCDEhm",
"date":"2013-02-26 14:12:20"
},
{
"kids":[],
"uid":"1740988855",
"parent":"",
"text":"",
"mid":"zkXBC6qgx",
"date":"2013-02-26 14:12:18"
},
{
"kids":[
"zlM1PotaX"
],
"uid":"2641856235",
"parent":"zkXy11izg",
"text":"",
"mid":"zkXBu5ItF",
"date":"2013-02-26 14:11:58"
},
{
"kids":[],
"uid":"1770638010",
"parent":"zkXwEtPLh",
"text":"转！",
"mid":"zkXBpCtsw",
"date":"2013-02-26 14:11:48"
},
{
"kids":[
"zkYdYtAfx"
],
"uid":"1692688413",
"parent":"",
"text":"",
"mid":"zkXBp4jlE",
"date":"2013-02-26 14:11:47"
},
{
"kids":[],
"uid":"1280192637",
"parent":"",
"text":"",
"mid":"zkXB2zwEJ",
"date":"2013-02-26 14:10:53"
},
{
"kids":[],
"uid":"2643774757",
"parent":"zkXenwLSI",
"text":"帝王",
"mid":"zkXB21mw7",
"date":"2013-02-26 14:10:51"
},
{
"kids":[],
"uid":"1218071570",
"parent":"zkXtUy5Hm",
"text":"",
"mid":"zkXARmUmb",
"date":"2013-02-26 14:10:27"
},
{
"kids":[
"zkYg83Vgu"
],
"uid":"208881297",
"parent":"zkXwa0Wzk",
"text":"嗯，其实总结出来还有别的",
"mid":"zkXAKxZ16",
"date":"2013-02-26 14:10:12"
},
{
"kids":[],
"uid":"1106623342",
"parent":"",
"text":"民主监督已让贪官们无处藏身。",
"mid":"zkXAHlgzt",
"date":"2013-02-26 14:10:02"
},
{
"kids":[],
"uid":"1700901637",
"parent":"",
"text":"[吃惊]",
"mid":"zkXAFArRv",
"date":"2013-02-26 14:09:59"
},
{
"kids":[],
"uid":"xiaopenglu",
"parent":"",
"text":"",
"mid":"zkXACD6Ul",
"date":"2013-02-26 14:09:51"
},
{
"kids":[],
"uid":"waitforsmile",
"parent":"zkXwEtPLh",
"text":"",
"mid":"zkXAC03fD",
"date":"2013-02-26 14:09:50"
},
{
"kids":[],
"uid":"2704541744",
"parent":"zkXenwLSI",
"text":"不敢相信。",
"mid":"zkXAwn0iy",
"date":"2013-02-26 14:09:36"
},
{
"kids":[],
"uid":"713403451",
"parent":"zkXy11izg",
"text":"不杀不平民愤。",
"mid":"zkXAcA0U8",
"date":"2013-02-26 14:08:50"
},
{
"kids":[],
"uid":"536752012",
"parent":"zkXndFCKt",
"text":"不像真的啊，看小三的名字，咋这么像KTV、夜总会小姐的艺名啊，要不然是领导口味重，不爱良家只爱小姐？",
"mid":"zkXzXd9Pg",
"date":"2013-02-26 14:08:13"
},
{
"kids":[],
"uid":"1691742194",
"parent":"",
"text":"",
"mid":"zkXzSvuaI",
"date":"2013-02-26 14:08:01"
},
{
"kids":[],
"uid":"1262579145",
"parent":"zkXy11izg",
"text":"",
"mid":"zkXzMkKry",
"date":"2013-02-26 14:07:45"
},
{
"kids":[],
"uid":"2625327042",
"parent":"",
"text":"这这这这太过分了吧？多少人还讨不到老婆呢！",
"mid":"zkXzH0emE",
"date":"2013-02-26 14:07:33"
},
{
"kids":[],
"uid":"1409270504",
"parent":"zkXy11izg",
"text":"",
"mid":"zkXzB72TM",
"date":"2013-02-26 14:07:20"
},
{
"kids":[],
"uid":"1439091635",
"parent":"",
"text":"",
"mid":"zkXzxgt3B",
"date":"2013-02-26 14:07:11"
},
{
"kids":[],
"uid":"1376764114",
"parent":"",
"text":"[围观]",
"mid":"zkXzrjkN7",
"date":"2013-02-26 14:06:57"
},
{
"kids":[],
"uid":"2632281977",
"parent":"",
"text":"转发微博。",
"mid":"zkXzkdQv8",
"date":"2013-02-26 14:06:39"
},
{
"kids":[],
"uid":"2268819633",
"parent":"",
"text":"没有最无耻，只有更无耻！",
"mid":"zkXzirmCO",
"date":"2013-02-26 14:06:36"
},
{
"kids":[],
"uid":"2048490232",
"parent":"",
"text":"",
"mid":"zkXzbogLj",
"date":"2013-02-26 14:06:19"
},
{
"kids":[],
"uid":"3204007711",
"parent":"zkXy11izg",
"text":"厉害,",
"mid":"zkXz6lvhK",
"date":"2013-02-26 14:06:07"
},
{
"kids":[],
"uid":"2262735114",
"parent":"",
"text":"",
"mid":"zkXyO2mhH",
"date":"2013-02-26 14:05:23"
},
{
"kids":[],
"uid":"every55",
"parent":"",
"text":"这算是苍蝇吗？",
"mid":"zkXyfaL5i",
"date":"2013-02-26 14:03:59"
},
{
"kids":[],
"uid":"1264582731",
"parent":"",
"text":"",
"mid":"zkXyctm7B",
"date":"2013-02-26 14:03:52"
},
{
"kids":[],
"uid":"2392824762",
"parent":"",
"text":"",
"mid":"zkXy2qxKB",
"date":"2013-02-26 14:03:31"
},
{
"kids":[
"zl1ArinuJ",
"zl1wm3f5U",
"zkZ1x1h7C",
"zkYS52L4S",
"zkYKKjgTl",
"zkY3460qI",
"zkXYWcuKD",
"zkXNlxbj2",
"zkXLem4Uq",
"zkXGhBPrD",
"zkXBu5ItF",
"zkXAcA0U8",
"zkXzMkKry",
"zkXzB72TM",
"zkXz6lvhK"
],
"uid":"fzx59",
"parent":"zkXxqDzRb",
"text":"纪检该介入调查！",
"mid":"zkXy11izg",
"date":"2013-02-26 14:03:25"
},
{
"kids":[],
"uid":"1967066183",
"parent":"",
"text":"",
"mid":"zkXy0nuIo",
"date":"2013-02-26 14:03:25"
},
{
"kids":[],
"uid":"1997045023",
"parent":"",
"text":"[围观][给力]",
"mid":"zkXxx8it0",
"date":"2013-02-26 14:02:15"
},
{
"kids":[
"zkXy11izg"
],
"uid":"1150882233",
"parent":"",
"text":"@陈竹父 @安替 @戴小京 @范学德 @范忠信 @复旦大学冯玮 @复旦陈云 @郭少坤 @黄铁鹰 @孔曦2010 @李文的围脖 @马清运的微博 @李庄 @李",
"mid":"zkXxqDzRb",
"date":"2013-02-26 14:02:00"
},
{
"kids":[],
"uid":"2832269232",
"parent":"",
"text":"",
"mid":"zkXxohSYh",
"date":"2013-02-26 14:01:53"
},
{
"kids":[],
"uid":"anxianghotel",
"parent":"",
"text":"@徐昕 后宫",
"mid":"zkXxggyNU",
"date":"2013-02-26 14:01:33"
},
{
"kids":[],
"uid":"earthquakealarm",
"parent":"",
"text":"威一一武！[吃惊][钱][阴险]",
"mid":"zkXx8BYkN",
"date":"2013-02-26 14:01:17"
},
{
"kids":[],
"uid":"1713739567",
"parent":"",
"text":"",
"mid":"zkXwZpRhN",
"date":"2013-02-26 14:00:55"
},
{
"kids":[],
"uid":"1641164922",
"parent":"",
"text":"[围观]广西都安纪委请查实！",
"mid":"zkXwPEDZh",
"date":"2013-02-26 14:00:32"
},
{
"kids":[
"zl70McAWm"
],
"uid":"2702767517",
"parent":"",
"text":"帅气",
"mid":"zkXwKDeFu",
"date":"2013-02-26 14:00:20"
},
{
"kids":[],
"uid":"1713739567",
"parent":"",
"text":"",
"mid":"zkXwF2CSw",
"date":"2013-02-26 14:00:04"
},
{
"kids":[
"zkXBpCtsw",
"zkXAC03fD"
],
"uid":"kakushinnsei",
"parent":"",
"text":"速转",
"mid":"zkXwEtPLh",
"date":"2013-02-26 14:00:05"
},
{
"kids":[],
"uid":"2631652821",
"parent":"",
"text":"",
"mid":"zkXwajzLY",
"date":"2013-02-26 13:58:53"
},
{
"kids":[
"zkXAKxZ16"
],
"uid":"1905667197",
"parent":"zkXvSgZYO",
"text":"你们居然还能得出这个结论[哈哈]",
"mid":"zkXwa0Wzk",
"date":"2013-02-26 13:58:51"
},
{
"kids":[
"zkXwa0Wzk"
],
"uid":"208881297",
"parent":"zkXr99B5q",
"text":"回覆@兔兔不吃草儿:所以说还是一个好",
"mid":"zkXvSgZYO",
"date":"2013-02-26 13:58:10"
},
{
"kids":[],
"uid":"1859827785",
"parent":"",
"text":"淫才。俺田伯光自愧不如。",
"mid":"zkXvIy1Gf",
"date":"2013-02-26 13:57:48"
},
{
"kids":[],
"uid":"1873409060",
"parent":"",
"text":"",
"mid":"zkXvCjxjd",
"date":"2013-02-26 13:57:31"
},
{
"kids":[],
"uid":"1600504223",
"parent":"",
"text":"",
"mid":"zkXvB9J7N",
"date":"2013-02-26 13:57:29"
},
{
"kids":[],
"uid":"mcchoo",
"parent":"",
"text":"",
"mid":"zkXvu3cQm",
"date":"2013-02-26 13:57:12"
},
{
"kids":[
"zkY19kION"
],
"uid":"1416867173",
"parent":"",
"text":"",
"mid":"zkXvtaZS8",
"date":"2013-02-26 13:57:08"
},
{
"kids":[],
"uid":"vqiao",
"parent":"",
"text":"",
"mid":"zkXvlsPPm",
"date":"2013-02-26 13:56:50"
},
{
"kids":[],
"uid":"1827369784",
"parent":"",
"text":"",
"mid":"zkXvc2H9d",
"date":"2013-02-26 13:56:29"
},
{
"kids":[],
"uid":"1969377125",
"parent":"zkXndFCKt",
"text":"",
"mid":"zkXuZj7O7",
"date":"2013-02-26 13:55:57"
},
{
"kids":[],
"uid":"10170523",
"parent":"",
"text":"[囧]还有马尔泰 若曦呢！",
"mid":"zkXuWDp0s",
"date":"2013-02-26 13:55:53"
},
{
"kids":[],
"uid":"liangsheng100",
"parent":"",
"text":"",
"mid":"zkXuT8Wa5",
"date":"2013-02-26 13:55:42"
},
{
"kids":[],
"uid":"2373310961",
"parent":"",
"text":"@冰霜咏叹调 认不认识帝王局长[偷笑][偷笑][偷笑]",
"mid":"zkXuJFieE",
"date":"2013-02-26 13:55:22"
},
{
"kids":[],
"uid":"swordultra29",
"parent":"",
"text":"",
"mid":"zkXuuz2Tf",
"date":"2013-02-26 13:54:45"
},
{
"kids":[],
"uid":"2245436083",
"parent":"",
"text":"",
"mid":"zkXurBIPK",
"date":"2013-02-26 13:54:39"
},
{
"kids":[],
"uid":"1402373510",
"parent":"",
"text":"谁说反腐靠二奶，三奶也不是吃素的",
"mid":"zkXum17h9",
"date":"2013-02-26 13:54:24"
},
{
"kids":[],
"uid":"1436630933",
"parent":"",
"text":"",
"mid":"zkXu6FQAl",
"date":"2013-02-26 13:53:44"
},
{
"kids":[],
"uid":"1725801391",
"parent":"",
"text":"",
"mid":"zkXu4C4Sg",
"date":"2013-02-26 13:53:44"
},
{
"kids":[],
"uid":"2604138961",
"parent":"",
"text":"腐败透顶，无药可治，官员成疾。",
"mid":"zkXu0tzWj",
"date":"2013-02-26 13:53:34"
},
{
"kids":[
"zkXARmUmb"
],
"uid":"1102457865",
"parent":"",
"text":"",
"mid":"zkXtUy5Hm",
"date":"2013-02-26 13:53:20"
},
{
"kids":[],
"uid":"tianerge",
"parent":"",
"text":"",
"mid":"zkXtQFozr",
"date":"2013-02-26 13:53:11"
},
{
"kids":[],
"uid":"2238941347",
"parent":"",
"text":"",
"mid":"zkXtQaxDj",
"date":"2013-02-26 13:53:07"
},
{
"kids":[],
"uid":"1265055564",
"parent":"",
"text":"",
"mid":"zkXtNqtgV",
"date":"2013-02-26 13:53:03"
},
{
"kids":[],
"uid":"hihan",
"parent":"",
"text":"",
"mid":"zkXtFsQfJ",
"date":"2013-02-26 13:52:42"
},
{
"kids":[],
"uid":"2338220213",
"parent":"",
"text":"正义的微友们，动手吧[怒]",
"mid":"zkXtjka7B",
"date":"2013-02-26 13:51:51"
},
{
"kids":[],
"uid":"2232171431",
"parent":"",
"text":"真的？猛料！求辟谣",
"mid":"zkXthymHY",
"date":"2013-02-26 13:51:45"
},
{
"kids":[],
"uid":"2638686970",
"parent":"",
"text":"[爱你][晕]",
"mid":"zkXtg7ja9",
"date":"2013-02-26 13:51:43"
},
{
"kids":[],
"uid":"2267682152",
"parent":"",
"text":"",
"mid":"zkXtfvFmn",
"date":"2013-02-26 13:51:40"
},
{
"kids":[],
"uid":"131452111",
"parent":"",
"text":"",
"mid":"zkXt1jfwT",
"date":"2013-02-26 13:51:08"
},
{
"kids":[],
"uid":"coast1234",
"parent":"",
"text":"",
"mid":"zkXsWAO2f",
"date":"2013-02-26 13:50:57"
},
{
"kids":[],
"uid":"211567878",
"parent":"",
"text":"[吃惊]",
"mid":"zkXsN7DJP",
"date":"2013-02-26 13:50:33"
},
{
"kids":[],
"uid":"2971456923",
"parent":"",
"text":"",
"mid":"zkXsLk83V",
"date":"2013-02-26 13:50:29"
},
{
"kids":[],
"uid":"1259318000",
"parent":"",
"text":"结棍",
"mid":"zkXsEweSD",
"date":"2013-02-26 13:50:13"
},
{
"kids":[],
"uid":"2003400407",
"parent":"",
"text":"转发微博。",
"mid":"zkXsEhAvt",
"date":"2013-02-26 13:50:11"
},
{
"kids":[],
"uid":"1657846967",
"parent":"",
"text":"",
"mid":"zkXsDCZXL",
"date":"2013-02-26 13:50:12"
},
{
"kids":[],
"uid":"1053620130",
"parent":"",
"text":"",
"mid":"zkXsq3EXw",
"date":"2013-02-26 13:49:39"
},
{
"kids":[],
"uid":"1599351277",
"parent":"",
"text":"转起来！",
"mid":"zkXrRvwNV",
"date":"2013-02-26 13:48:17"
},
{
"kids":[],
"uid":"1911169900",
"parent":"",
"text":"快乐30分开始",
"mid":"zkXrFn96n",
"date":"2013-02-26 13:47:48"
},
{
"kids":[],
"uid":"1599351277",
"parent":"",
"text":"",
"mid":"zkXrwwAxW",
"date":"2013-02-26 13:47:25"
},
{
"kids":[],
"uid":"1800208793",
"parent":"",
"text":"转发微博。",
"mid":"zkXrnoj4g",
"date":"2013-02-26 13:47:04"
},
{
"kids":[],
"uid":"yanlibing",
"parent":"zkXp4DNNq",
"text":"我觉得微博迟早会被和谐",
"mid":"zkXrdzmuM",
"date":"2013-02-26 13:46:42"
},
{
"kids":[],
"uid":"tbc616577355",
"parent":"",
"text":"",
"mid":"zkXr9aCPL",
"date":"2013-02-26 13:46:32"
},
{
"kids":[
"zkXvSgZYO"
],
"uid":"208881297",
"parent":"zkX8W5MBG",
"text":"[挖鼻屎]吃这么多社保，畜生啊！~~@香香的大蒜 @天涯悠悠skyline @吴小奈and培文 @北京江少 @棱雪儿 @兔兔不吃草儿",
"mid":"zkXr99B5q",
"date":"2013-02-26 13:46:31"
},
{
"kids":[],
"uid":"lacus9318",
"parent":"",
"text":"哇擦，这个叼爆了。",
"mid":"zkXr6eCRS",
"date":"2013-02-26 13:46:23"
},
{
"kids":[],
"uid":"jobsbob",
"parent":"",
"text":"反腐从民众监督做起",
"mid":"zkXqJalP1",
"date":"2013-02-26 13:45:28"
},
{
"kids":[],
"uid":"1895454284",
"parent":"zkXp4DNNq",
"text":"",
"mid":"zkXqh4Y14",
"date":"2013-02-26 13:44:21"
},
{
"kids":[],
"uid":"1190621441",
"parent":"",
"text":"",
"mid":"zkXq8e1nO",
"date":"2013-02-26 13:43:59"
},
{
"kids":[],
"uid":"2106144570",
"parent":"zkXdUjYiB",
"text":"",
"mid":"zkXq7CnCn",
"date":"2013-02-26 13:44:00"
},
{
"kids":[],
"uid":"1708025387",
"parent":"zkXdUjYiB",
"text":"比GMD的时候还严重！反了！",
"mid":"zkXpswRge",
"date":"2013-02-26 13:42:21"
},
{
"kids":[
"zkXHA3lYc",
"zkXrdzmuM",
"zkXqh4Y14"
],
"uid":"2178869293",
"parent":"zkXa2lqJ0",
"text":"微薄真是个好东西",
"mid":"zkXp4DNNq",
"date":"2013-02-26 13:41:24"
},
{
"kids":[],
"uid":"2718168943",
"parent":"",
"text":"[嘘]",
"mid":"zkXoYopTu",
"date":"2013-02-26 13:41:09"
},
{
"kids":[],
"uid":"1996654827",
"parent":"zkXhgl87L",
"text":"",
"mid":"zkXoSf80g",
"date":"2013-02-26 13:40:54"
},
{
"kids":[],
"uid":"1401120837",
"parent":"zkXhgl87L",
"text":"",
"mid":"zkXoO8aE9",
"date":"2013-02-26 13:40:44"
},
{
"kids":[],
"uid":"2420252767",
"parent":"",
"text":"",
"mid":"zkXostukS",
"date":"2013-02-26 13:39:53"
},
{
"kids":[],
"uid":"2695992203",
"parent":"",
"text":"",
"mid":"zkXojBw1c",
"date":"2013-02-26 13:39:34"
},
{
"kids":[],
"uid":"asight",
"parent":"zkXf2ksPd",
"text":"娱乐至死。",
"mid":"zkXnfs6CU",
"date":"2013-02-26 13:36:55"
},
{
"kids":[
"zkXzXd9Pg",
"zkXuZj7O7"
],
"uid":"dxuyunfeng",
"parent":"",
"text":"",
"mid":"zkXndFCKt",
"date":"2013-02-26 13:36:50"
},
{
"kids":[],
"uid":"715261678",
"parent":"",
"text":"",
"mid":"zkXn33BNJ",
"date":"2013-02-26 13:36:26"
},
{
"kids":[],
"uid":"2457212321",
"parent":"",
"text":"",
"mid":"zkXmUc2gt",
"date":"2013-02-26 13:36:04"
},
{
"kids":[],
"uid":"1097371073",
"parent":"",
"text":"",
"mid":"zkXmHts8B",
"date":"2013-02-26 13:35:35"
},
{
"kids":[],
"uid":"jessie2008",
"parent":"",
"text":"",
"mid":"zkXlU9xtY",
"date":"2013-02-26 13:33:36"
},
{
"kids":[],
"uid":"1714450457",
"parent":"zkXksi8om",
"text":"战栗吧！",
"mid":"zkXlDhyXc",
"date":"2013-02-26 13:32:56"
},
{
"kids":[],
"uid":"1408917182",
"parent":"zkXaA1PX8",
"text":"",
"mid":"zkXlnBHsE",
"date":"2013-02-26 13:32:19"
},
{
"kids":[],
"uid":"2787453104",
"parent":"",
"text":"期待续集",
"mid":"zkXkzpElw",
"date":"2013-02-26 13:30:19"
},
{
"kids":[
"zkXlDhyXc"
],
"uid":"1146143810",
"parent":"",
"text":"又一个火了@朗山律师 @平仕涛财通证券",
"mid":"zkXksi8om",
"date":"2013-02-26 13:30:03"
},
{
"kids":[
"zkYhcelQe"
],
"uid":"1064017025",
"parent":"",
"text":"",
"mid":"zkXkgadjt",
"date":"2013-02-26 13:29:32"
},
{
"kids":[],
"uid":"1886767014",
"parent":"",
"text":"不断吃惊，麻木不仁。",
"mid":"zkXke95pn",
"date":"2013-02-26 13:29:28"
},
{
"kids":[],
"uid":"imshout",
"parent":"zkXgzadfK",
"text":"怎么后宫名字取得都这么风尘。[哈哈]",
"mid":"zkXjH3fK6",
"date":"2013-02-26 13:28:09"
},
{
"kids":[],
"uid":"superpill",
"parent":"",
"text":"低调点就是人生的赢家啊！！！",
"mid":"zkXjEnwfK",
"date":"2013-02-26 13:28:03"
},
{
"kids":[],
"uid":"2085100343",
"parent":"",
"text":"网见不平马上转",
"mid":"zkXjAv5ZF",
"date":"2013-02-26 13:27:54"
},
{
"kids":[],
"uid":"1273561892",
"parent":"",
"text":"au！",
"mid":"zkXjvsFlv",
"date":"2013-02-26 13:27:41"
},
{
"kids":[
"zp49n6Ct6",
"zp49mtPaf"
],
"uid":"1952819390",
"parent":"zkXhgl87L",
"text":"为啥子个个想当公务员?当官好呀，帝王生活，不杀不平民愤。",
"mid":"zkXj1mXqQ",
"date":"2013-02-26 13:26:30"
},
{
"kids":[],
"uid":"1808327527",
"parent":"",
"text":"",
"mid":"zkXiVpzCI",
"date":"2013-02-26 13:26:16"
},
{
"kids":[],
"uid":"hymnliang",
"parent":"",
"text":"",
"mid":"zkXiSvWDI",
"date":"2013-02-26 13:26:08"
},
{
"kids":[],
"uid":"2015581457",
"parent":"",
"text":"",
"mid":"zkXit3BUw",
"date":"2013-02-26 13:25:07"
},
{
"kids":[],
"uid":"1949741113",
"parent":"zkXhgl87L",
"text":"不得不服啊",
"mid":"zkXig3tjU",
"date":"2013-02-26 13:24:37"
},
{
"kids":[],
"uid":"1869821473",
"parent":"",
"text":"看看这个贴子能活多长时间",
"mid":"zkXiejxFI",
"date":"2013-02-26 13:24:31"
},
{
"kids":[],
"uid":"1496893247",
"parent":"",
"text":"",
"mid":"zkXi9yhxn",
"date":"2013-02-26 13:24:23"
},
{
"kids":[],
"uid":"2057242021",
"parent":"zkXfUEUc0",
"text":"[衰]",
"mid":"zkXi1hWRJ",
"date":"2013-02-26 13:24:01"
},
{
"kids":[],
"uid":"1816395115",
"parent":"",
"text":"[围观]",
"mid":"zkXhYEzJy",
"date":"2013-02-26 13:23:55"
},
{
"kids":[],
"uid":"2727094837",
"parent":"",
"text":"",
"mid":"zkXhLD6JO",
"date":"2013-02-26 13:23:24"
},
{
"kids":[],
"uid":"1879757740",
"parent":"",
"text":"[围观]",
"mid":"zkXhxr6zX",
"date":"2013-02-26 13:22:51"
},
{
"kids":[],
"uid":"1276410787",
"parent":"",
"text":"转发微博。",
"mid":"zkXhx9vnn",
"date":"2013-02-26 13:22:50"
},
{
"kids":[],
"uid":"sayuchang",
"parent":"",
"text":"",
"mid":"zkXhoiylE",
"date":"2013-02-26 13:22:29"
},
{
"kids":[],
"uid":"1851520221",
"parent":"",
"text":"[围观]又有大鳄。",
"mid":"zkXhgAoT2",
"date":"2013-02-26 13:22:11"
},
{
"kids":[
"zkXoSf80g",
"zkXoO8aE9",
"zkXj1mXqQ",
"zkXig3tjU"
],
"uid":"jinbifun",
"parent":"",
"text":"后宫真烦传",
"mid":"zkXhgl87L",
"date":"2013-02-26 13:22:09"
},
{
"kids":[],
"uid":"2502502512",
"parent":"",
"text":"",
"mid":"zkXhfpyHG",
"date":"2013-02-26 13:22:08"
},
{
"kids":[],
"uid":"bupingzheming",
"parent":"",
"text":"",
"mid":"zkXhd6bVV",
"date":"2013-02-26 13:22:00"
},
{
"kids":[],
"uid":"czgongzuo",
"parent":"zkXdUjYiB",
"text":"",
"mid":"zkXgWgkYa",
"date":"2013-02-26 13:21:22"
},
{
"kids":[],
"uid":"2360532142",
"parent":"",
"text":"",
"mid":"zkXgRunFl",
"date":"2013-02-26 13:21:11"
},
{
"kids":[
"zkXjH3fK6"
],
"uid":"2791979045",
"parent":"",
"text":"",
"mid":"zkXgzadfK",
"date":"2013-02-26 13:20:25"
},
{
"kids":[],
"uid":"1205219154",
"parent":"",
"text":"[围观]",
"mid":"zkXgqAR6E",
"date":"2013-02-26 13:20:07"
},
{
"kids":[],
"uid":"2703319381",
"parent":"zkXcToarC",
"text":"",
"mid":"zkXgbxGIC",
"date":"2013-02-26 13:19:29"
},
{
"kids":[],
"uid":"1893217122",
"parent":"",
"text":"",
"mid":"zkXg9rwRA",
"date":"2013-02-26 13:19:26"
},
{
"kids":[
"zkYPjmiG1"
],
"uid":"1958736425",
"parent":"",
"text":"尼玛，羡慕死我[怒][怒]",
"mid":"zkXg0jZfH",
"date":"2013-02-26 13:19:04"
},
{
"kids":[
"zkXi1hWRJ"
],
"uid":"2494963093",
"parent":"zkXf46a3p",
"text":"",
"mid":"zkXfUEUc0",
"date":"2013-02-26 13:18:51"
},
{
"kids":[],
"uid":"2081591993",
"parent":"",
"text":"",
"mid":"zkXfABcTl",
"date":"2013-02-26 13:18:02"
},
{
"kids":[
"zkZeBgISe"
],
"uid":"2064576443",
"parent":"",
"text":"",
"mid":"zkXfkCPpK",
"date":"2013-02-26 13:17:25"
},
{
"kids":[],
"uid":"2164937525",
"parent":"",
"text":"",
"mid":"zkXfkm50c",
"date":"2013-02-26 13:17:24"
},
{
"kids":[],
"uid":"shaeler",
"parent":"",
"text":"",
"mid":"zkXfh6iOy",
"date":"2013-02-26 13:17:16"
},
{
"kids":[],
"uid":"bxwl777",
"parent":"zkXdUjYiB",
"text":"黄局长，你贪上大事了[偷笑]",
"mid":"zkXfcnjDy",
"date":"2013-02-26 13:17:05"
},
{
"kids":[],
"uid":"1897002155",
"parent":"",
"text":"牛逼[围观]",
"mid":"zkXfbseBZ",
"date":"2013-02-26 13:17:04"
},
{
"kids":[
"zkXfUEUc0"
],
"uid":"wjnggg",
"parent":"",
"text":"",
"mid":"zkXf46a3p",
"date":"2013-02-26 13:16:44"
},
{
"kids":[
"zkXnfs6CU"
],
"uid":"2618462601",
"parent":"",
"text":"[吃惊]",
"mid":"zkXf2ksPd",
"date":"2013-02-26 13:16:41"
},
{
"kids":[],
"uid":"jnesf",
"parent":"zkXd9B6cy",
"text":"太猛了，得转啊",
"mid":"zkXeZCW2K",
"date":"2013-02-26 13:16:35"
},
{
"kids":[],
"uid":"3228121907",
"parent":"",
"text":"",
"mid":"zkXeZ3JCp",
"date":"2013-02-26 13:16:33"
},
{
"kids":[
"zlPIkt2o9",
"zlFYy4DHO"
],
"uid":"2280236564",
"parent":"",
"text":"",
"mid":"zkXeYtSFI",
"date":"2013-02-26 13:16:30"
},
{
"kids":[],
"uid":"kidluv",
"parent":"",
"text":"wuhuangwansuiwansuiwanansui！",
"mid":"zkXeQfrKi",
"date":"2013-02-26 13:16:12"
},
{
"kids":[],
"uid":"1878835655",
"parent":"",
"text":"妹子电话，估计还很漂亮@爱上一坨屎 @抖dou @朝日新闻中文网 @全力少年本尊",
"mid":"zkXeM3APO",
"date":"2013-02-26 13:16:02"
},
{
"kids":[],
"uid":"2808700725",
"parent":"",
"text":"转发微博。",
"mid":"zkXeDw1OA",
"date":"2013-02-26 13:15:40"
},
{
"kids":[],
"uid":"1914966552",
"parent":"",
"text":"",
"mid":"zkXeCzYJZ",
"date":"2013-02-26 13:15:40"
},
{
"kids":[],
"uid":"3218573857",
"parent":"",
"text":"这就是现在的皇帝待遇吗？",
"mid":"zkXeBq9Cj",
"date":"2013-02-26 13:15:37"
},
{
"kids":[],
"uid":"csliver",
"parent":"zkX8W5MBG",
"text":"必火！",
"mid":"zkXeBp8y9",
"date":"2013-02-26 13:15:38"
},
{
"kids":[],
"uid":"2680012977",
"parent":"",
"text":"求证转",
"mid":"zkXeyuBi9",
"date":"2013-02-26 13:15:29"
},
{
"kids":[],
"uid":"1588125294",
"parent":"",
"text":"哎呀妈呀。吃那么多低保也不怕下辈子变乞丐。",
"mid":"zkXettZfw",
"date":"2013-02-26 13:15:18"
},
{
"kids":[
"zkXB21mw7",
"zkXAwn0iy"
],
"uid":"2277134807",
"parent":"zkXdt6qZV",
"text":"",
"mid":"zkXenwLSI",
"date":"2013-02-26 13:15:03"
},
{
"kids":[],
"uid":"2281872460",
"parent":"",
"text":"",
"mid":"zkXela4mP",
"date":"2013-02-26 13:14:56"
},
{
"kids":[],
"uid":"2546547744",
"parent":"",
"text":"",
"mid":"zkXegcbE7",
"date":"2013-02-26 13:14:46"
},
{
"kids":[],
"uid":"1834615541",
"parent":"",
"text":"",
"mid":"zkXefiWuu",
"date":"2013-02-26 13:14:44"
},
{
"kids":[],
"uid":"1745930773",
"parent":"",
"text":"求辟谣",
"mid":"zkXdYrmCx",
"date":"2013-02-26 13:14:02"
},
{
"kids":[
"zl52a2LYB",
"zkXq7CnCn",
"zkXpswRge",
"zkXgWgkYa",
"zkXfcnjDy"
],
"uid":"jjy1959",
"parent":"zkXbY1qZh",
"text":"[围观]",
"mid":"zkXdUjYiB",
"date":"2013-02-26 13:13:54"
},
{
"kids":[
"zkXenwLSI"
],
"uid":"1338019175",
"parent":"",
"text":"",
"mid":"zkXdt6qZV",
"date":"2013-02-26 13:12:47"
},
{
"kids":[
"zkXeZCW2K"
],
"uid":"liuwenzhongjn",
"parent":"zkXaA1PX8",
"text":"又一个中枪的。这得转。",
"mid":"zkXd9B6cy",
"date":"2013-02-26 13:12:03"
},
{
"kids":[],
"uid":"1444284292",
"parent":"",
"text":"",
"mid":"zkXd9lHD0",
"date":"2013-02-26 13:12:02"
},
{
"kids":[],
"uid":"1691879611",
"parent":"",
"text":"纪委：快抓贪官，越来越猖狂了。",
"mid":"zkXd6BERb",
"date":"2013-02-26 13:11:55"
},
{
"kids":[],
"uid":"1212223245",
"parent":"",
"text":"",
"mid":"zkXd64UaT",
"date":"2013-02-26 13:11:54"
},
{
"kids":[
"zmiWD79pI"
],
"uid":"1662640560",
"parent":"",
"text":"@khakiekic @ade在广州 @檸檬蘋果可樂 有电话哦。",
"mid":"zkXd1kLz4",
"date":"2013-02-26 13:11:43"
},
{
"kids":[
"zkXgbxGIC"
],
"uid":"3192555580",
"parent":"zkXbY1qZh",
"text":"",
"mid":"zkXcToarC",
"date":"2013-02-26 13:11:24"
},
{
"kids":[],
"uid":"3192595364",
"parent":"zkXbY1qZh",
"text":"",
"mid":"zkXcTmjPI",
"date":"2013-02-26 13:11:24"
},
{
"kids":[],
"uid":"3073239575",
"parent":"zkXbY1qZh",
"text":"",
"mid":"zkXcTmjPe",
"date":"2013-02-26 13:11:24"
},
{
"kids":[],
"uid":"leekungfu",
"parent":"zkXbY1qZh",
"text":"",
"mid":"zkXcTmjNT",
"date":"2013-02-26 13:11:24"
},
{
"kids":[],
"uid":"transientman",
"parent":"zkXaWczrz",
"text":"",
"mid":"zkXcG3h46",
"date":"2013-02-26 13:10:51"
},
{
"kids":[],
"uid":"2266581575",
"parent":"",
"text":"[good]",
"mid":"zkXcFa26c",
"date":"2013-02-26 13:10:49"
},
{
"kids":[],
"uid":"candytse11",
"parent":"",
"text":"",
"mid":"zkXctlVVe",
"date":"2013-02-26 13:10:22"
},
{
"kids":[],
"uid":"1850167262",
"parent":"",
"text":"[吃惊]",
"mid":"zkXcqoB6S",
"date":"2013-02-26 13:10:14"
},
{
"kids":[],
"uid":"1154951152",
"parent":"zkXa4pvYZ",
"text":"灭了蛀虫[怒]",
"mid":"zkXcqoqeU",
"date":"2013-02-26 13:10:15"
},
{
"kids":[],
"uid":"1892585073",
"parent":"",
"text":"509份低保，考。",
"mid":"zkXcjhUCV",
"date":"2013-02-26 13:09:58"
},
{
"kids":[],
"uid":"iron34",
"parent":"zkXaztNHF",
"text":"老虎还是苍蝇[哼]",
"mid":"zkXcdohfK",
"date":"2013-02-26 13:09:44"
},
{
"kids":[],
"uid":"2137533493",
"parent":"",
"text":"没什么新鲜的，现在底保，都是层层克扣，到百姓手里的就那么一点。如果有意见，那么，一个子都没有。",
"mid":"zkXccv2ht",
"date":"2013-02-26 13:09:42"
},
{
"kids":[],
"uid":"maomaoyuailaoxiong",
"parent":"zkXbwhr2b",
"text":"",
"mid":"zkXcaaz6x",
"date":"2013-02-26 13:09:36"
},
{
"kids":[
"zkXdUjYiB",
"zkXcToarC",
"zkXcTmjPI",
"zkXcTmjPe",
"zkXcTmjNT"
],
"uid":"bxwl777",
"parent":"",
"text":"",
"mid":"zkXbY1qZh",
"date":"2013-02-26 13:09:07"
},
{
"kids":[],
"uid":"1916775395",
"parent":"",
"text":"",
"mid":"zkXbV6htZ",
"date":"2013-02-26 13:08:59"
},
{
"kids":[],
"uid":"027wuhan",
"parent":"",
"text":"这速度!",
"mid":"zkXbV57Ke",
"date":"2013-02-26 13:08:58"
},
{
"kids":[],
"uid":"2609287793",
"parent":"",
"text":"509份低保是好多钱？",
"mid":"zkXbUttWn",
"date":"2013-02-26 13:08:57"
},
{
"kids":[],
"uid":"1662640560",
"parent":"",
"text":"哈哈。。。",
"mid":"zkXbQ3IoH",
"date":"2013-02-26 13:08:48"
},
{
"kids":[],
"uid":"2628280861",
"parent":"",
"text":"真的假的？岐山书记看到了吗？",
"mid":"zkXbGiuRJ",
"date":"2013-02-26 13:08:25"
},
{
"kids":[],
"uid":"2211813747",
"parent":"zkXa4pvYZ",
"text":"",
"mid":"zkXbA7kio",
"date":"2013-02-26 13:08:10"
},
{
"kids":[],
"uid":"2166460281",
"parent":"",
"text":"",
"mid":"zkXbylwRl",
"date":"2013-02-26 13:08:06"
},
{
"kids":[],
"uid":"yinfandongma",
"parent":"zkXaA1PX8",
"text":"[打哈气]",
"mid":"zkXbyiKmH",
"date":"2013-02-26 13:08:06"
},
{
"kids":[
"zkXcaaz6x"
],
"uid":"xiayurong8",
"parent":"",
"text":"这力度!",
"mid":"zkXbwhr2b",
"date":"2013-02-26 13:08:02"
},
{
"kids":[],
"uid":"1781781342",
"parent":"",
"text":"转发。",
"mid":"zkXbq7c6d",
"date":"2013-02-26 13:07:45"
},
{
"kids":[],
"uid":"2121154817",
"parent":"",
"text":"",
"mid":"zkXaYzc3n",
"date":"2013-02-26 13:06:40"
},
{
"kids":[
"zkXcG3h46"
],
"uid":"dennyhe",
"parent":"",
"text":"众位小三目前算是国内的反腐先锋队。",
"mid":"zkXaWczrz",
"date":"2013-02-26 13:06:35"
},
{
"kids":[],
"uid":"2204733482",
"parent":"",
"text":"",
"mid":"zkXaUsLY4",
"date":"2013-02-26 13:06:29"
},
{
"kids":[],
"uid":"bigtiger945",
"parent":"",
"text":"牛逼！",
"mid":"zkXaLjnZH",
"date":"2013-02-26 13:06:07"
},
{
"kids":[],
"uid":"2317476265",
"parent":"",
"text":"关注。",
"mid":"zkXaKmfNK",
"date":"2013-02-26 13:06:06"
},
{
"kids":[
"zkXlnBHsE",
"zkXd9B6cy",
"zkXbyiKmH"
],
"uid":"1792441035",
"parent":"zkX8W5MBG",
"text":"[围观]",
"mid":"zkXaA1PX8",
"date":"2013-02-26 13:05:42"
},
{
"kids":[
"zkXcdohfK"
],
"uid":"caogui1314",
"parent":"",
"text":"@国家廉政网 @公安部打四黑除四害",
"mid":"zkXaztNHF",
"date":"2013-02-26 13:05:41"
},
{
"kids":[],
"uid":"2769209433",
"parent":"",
"text":"[围观][汗]",
"mid":"zkXax6m0t",
"date":"2013-02-26 13:05:34"
},
{
"kids":[],
"uid":"2790311215",
"parent":"",
"text":"",
"mid":"zkXaqgCun",
"date":"2013-02-26 13:05:19"
},
{
"kids":[],
"uid":"1848368991",
"parent":"",
"text":"",
"mid":"zkXa7lPfG",
"date":"2013-02-26 13:04:34"
},
{
"kids":[],
"uid":"2096177097",
"parent":"",
"text":"",
"mid":"zkXa6aZ34",
"date":"2013-02-26 13:04:31"
},
{
"kids":[
"zkXcqoqeU",
"zkXbA7kio"
],
"uid":"2288047354",
"parent":"",
"text":"[吃惊]",
"mid":"zkXa4pvYZ",
"date":"2013-02-26 13:04:28"
},
{
"kids":[],
"uid":"yjc508891",
"parent":"",
"text":"@人民日报",
"mid":"zkXa4pvVj",
"date":"2013-02-26 13:04:27"
},
{
"kids":[
"zkXp4DNNq"
],
"uid":"2018615677",
"parent":"",
"text":"越来都是娱乐圈的呀",
"mid":"zkXa2lqJ0",
"date":"2013-02-26 13:04:22"
},
{
"kids":[],
"uid":"minhym",
"parent":"",
"text":"[吃惊][吃惊][吃惊]",
"mid":"zkXa24xvF",
"date":"2013-02-26 13:04:20"
},
{
"kids":[],
"uid":"2453159400",
"parent":"",
"text":"狼局长要火@耳光乐队",
"mid":"zkX9PFgHZ",
"date":"2013-02-26 13:03:52"
},
{
"kids":[],
"uid":"hzfss",
"parent":"",
"text":"我打赌黄某是中共党员",
"mid":"zkX9HohwP",
"date":"2013-02-26 13:03:32"
},
{
"kids":[],
"uid":"3215202235",
"parent":"",
"text":"",
"mid":"zkX9DenSi",
"date":"2013-02-26 13:03:22"
},
{
"kids":[],
"uid":"313029666",
"parent":"",
"text":"[嘻嘻]",
"mid":"zkX9CEsko",
"date":"2013-02-26 13:03:21"
},
{
"kids":[],
"uid":"skychan168",
"parent":"",
"text":"",
"mid":"zkX9BcCgU",
"date":"2013-02-26 13:03:16"
},
{
"kids":[],
"uid":"lyhwh",
"parent":"",
"text":"顶起",
"mid":"zkX9qeeTN",
"date":"2013-02-26 13:02:50"
},
{
"kids":[],
"uid":"xyljx",
"parent":"",
"text":"必火！",
"mid":"zkX9letzg",
"date":"2013-02-26 13:02:38"
},
{
"kids":[],
"uid":"sxhgm",
"parent":"",
"text":"非实名认证的央视员工呢，求证……",
"mid":"zkX9hmgjS",
"date":"2013-02-26 13:02:29"
},
{
"kids":[],
"uid":"zjiajin1986",
"parent":"",
"text":"哈哈，转起",
"mid":"zkX9fjNHH",
"date":"2013-02-26 13:02:23"
},
{
"kids":[],
"uid":"1738264820",
"parent":"",
"text":"[吃惊]",
"mid":"zkX9cn3DF",
"date":"2013-02-26 13:02:17"
},
{
"kids":[],
"uid":"2247566854",
"parent":"",
"text":"",
"mid":"zkX98bFOh",
"date":"2013-02-26 13:02:09"
},
{
"kids":[],
"uid":"2439706260",
"parent":"",
"text":"",
"mid":"zkX920qVy",
"date":"2013-02-26 13:01:53"
},
{
"kids":[
"zkXr99B5q",
"zkXeBp8y9",
"zkXaA1PX8"
],
"uid":"ziven1984",
"parent":"",
"text":"要火啊！",
"mid":"zkX8W5MBG",
"date":"2013-02-26 13:01:39"
}
]