[
{
"kids":[],
"uid":"2704180053",
"parent":"zsGGxzXAk",
"text":"没错，每次骑车的时候总是有那些无良司机挤到非机动车道上来！很火大！",
"mid":"zsINgkvMr",
"date":"2013-04-18 15:12:14"
},
{
"kids":[
"zsINgkvMr"
],
"uid":"2919499022",
"parent":"zpeaXsx9Y",
"text":"",
"mid":"zsGGxzXAk",
"date":"2013-04-18 09:50:09"
},
{
"kids":[],
"uid":"2790036524",
"parent":"zpeaXsx9Y",
"text":"",
"mid":"zsvsdj8B8",
"date":"2013-04-17 05:14:39"
},
{
"kids":[],
"uid":"1725838161",
"parent":"zpeaXsx9Y",
"text":"",
"mid":"zsvsd0MdL",
"date":"2013-04-17 05:14:39"
},
{
"kids":[],
"uid":"3043532970",
"parent":"zpeaXsx9Y",
"text":"",
"mid":"zrIz1srpA",
"date":"2013-04-12 00:46:51"
},
{
"kids":[],
"uid":"1778090952",
"parent":"zpeaXsx9Y",
"text":"",
"mid":"zryZx3dC6",
"date":"2013-04-11 00:24:40"
},
{
"kids":[],
"uid":"2920482762",
"parent":"zpeaXsx9Y",
"text":"",
"mid":"zryZx3dyA",
"date":"2013-04-11 00:24:41"
},
{
"kids":[],
"uid":"yiyechangfeng",
"parent":"",
"text":"都特么多少年前的旧事了还翻出来，辟谣正狗眼都没人看。这组照片7、8年前北京还没“机非分离”的时候拍的。还特么问平安北京管不管，我倒是想平安北京管不管散布谣言？？？",
"mid":"zqchDgvcK",
"date":"2013-04-02 00:45:46"
},
{
"kids":[],
"uid":"1980346443",
"parent":"",
"text":"",
"mid":"zpHK9eXec",
"date":"2013-03-29 19:00:55"
},
{
"kids":[],
"uid":"1980346443",
"parent":"zoPFNn72F",
"text":"",
"mid":"zpHJvldOv",
"date":"2013-03-29 18:59:19"
},
{
"kids":[],
"uid":"2726301875",
"parent":"zoWOOhuJX",
"text":"",
"mid":"zpEdHC48Z",
"date":"2013-03-29 10:02:43"
},
{
"kids":[],
"uid":"1803920477",
"parent":"zoPFNn72F",
"text":"",
"mid":"zpCSX3002",
"date":"2013-03-29 06:38:50"
},
{
"kids":[],
"uid":"2438695570",
"parent":"zoObwkxsf",
"text":"现眼ing",
"mid":"zpvOLbY00",
"date":"2013-03-28 12:39:18"
},
{
"kids":[],
"uid":"1589665921",
"parent":"",
"text":"",
"mid":"zpnUjzwku",
"date":"2013-03-27 16:31:00"
},
{
"kids":[],
"uid":"2809477812",
"parent":"zpfJdvHSt",
"text":"",
"mid":"zpgNNweoW",
"date":"2013-03-26 22:25:41"
},
{
"kids":[],
"uid":"2919288672",
"parent":"zpfJdvHSt",
"text":"",
"mid":"zpgNNfPOj",
"date":"2013-03-26 22:25:40"
},
{
"kids":[
"zpgNNweoW",
"zpgNNfPOj"
],
"uid":"zuinorway",
"parent":"",
"text":"",
"mid":"zpfJdvHSt",
"date":"2013-03-26 19:41:40"
},
{
"kids":[
"zsGGxzXAk",
"zsvsdj8B8",
"zsvsd0MdL",
"zrIz1srpA",
"zryZx3dC6",
"zryZx3dyA"
],
"uid":"1965679115",
"parent":"",
"text":"人肉！！",
"mid":"zpeaXsx9Y",
"date":"2013-03-26 15:44:32"
},
{
"kids":[],
"uid":"walterxu",
"parent":"zoWHz8BSc",
"text":"",
"mid":"zpd190QzQ",
"date":"2013-03-26 12:47:37"
},
{
"kids":[],
"uid":"1725406304",
"parent":"",
"text":"",
"mid":"zp93lyAgd",
"date":"2013-03-26 02:42:04"
},
{
"kids":[],
"uid":"2790128074",
"parent":"",
"text":"",
"mid":"zp93lidtv",
"date":"2013-03-26 02:42:03"
},
{
"kids":[],
"uid":"1428029724",
"parent":"zp7oxfnOX",
"text":"[怒]",
"mid":"zp7y58rRO",
"date":"2013-03-25 22:52:15"
},
{
"kids":[
"zp7y58rRO"
],
"uid":"3194402973",
"parent":"zoObwkxsf",
"text":"有人管不？[怒]",
"mid":"zp7oxfnOX",
"date":"2013-03-25 22:28:43"
},
{
"kids":[],
"uid":"sofyso",
"parent":"zoYC05yQl",
"text":"唉。",
"mid":"zp7hq5g7C",
"date":"2013-03-25 22:11:14"
},
{
"kids":[],
"uid":"puma555",
"parent":"zoWUiE7W5",
"text":"有图有真相；我们的交警那？",
"mid":"zp6NJqAZQ",
"date":"2013-03-25 20:58:05"
},
{
"kids":[],
"uid":"1095246343",
"parent":"zp2Z8DX6X",
"text":"丢到国外了",
"mid":"zp6ygwXEL",
"date":"2013-03-25 20:20:00"
},
{
"kids":[],
"uid":"2536637901",
"parent":"",
"text":"丢份",
"mid":"zp5einrj9",
"date":"2013-03-25 16:58:03"
},
{
"kids":[],
"uid":"1170788885",
"parent":"zoYjP567i",
"text":"素质啊...",
"mid":"zp59zykME",
"date":"2013-03-25 16:46:25"
},
{
"kids":[],
"uid":"1824252782",
"parent":"zoLUGfniv",
"text":"戴眼镜，有辱斯文",
"mid":"zp4vxrMDh",
"date":"2013-03-25 15:07:47"
},
{
"kids":[],
"uid":"1097706767",
"parent":"zoLAL6hZ7",
"text":"很久之前的了，这傻逼开车的到国外早就被废了",
"mid":"zp3T7ahjd",
"date":"2013-03-25 13:33:07"
},
{
"kids":[],
"uid":"2077834767",
"parent":"zoYKgrfM4",
"text":"他不是国人，丢脸",
"mid":"zp3w8iO6t",
"date":"2013-03-25 12:36:28"
},
{
"kids":[],
"uid":"woodrose",
"parent":"zoX0ZuREv",
"text":"能说啥。。。",
"mid":"zp370t6Cb",
"date":"2013-03-25 11:34:36"
},
{
"kids":[
"zp6ygwXEL"
],
"uid":"2875132300",
"parent":"",
"text":"火起来",
"mid":"zp2Z8DX6X",
"date":"2013-03-25 11:15:13"
},
{
"kids":[],
"uid":"shangshangke",
"parent":"zoWPT4Yon",
"text":"多NB啊，丢不丢人",
"mid":"zp2SF3ABt",
"date":"2013-03-25 10:59:13"
},
{
"kids":[],
"uid":"1869739297",
"parent":"zoWOOhuJX",
"text":"",
"mid":"zp2JWhIpi",
"date":"2013-03-25 10:37:45"
},
{
"kids":[],
"uid":"3172898931",
"parent":"zoX2Sxbda",
"text":"",
"mid":"zp2jVufNd",
"date":"2013-03-25 09:33:41"
},
{
"kids":[],
"uid":"misswang0305",
"parent":"",
"text":"[囧]",
"mid":"zp2jKgzgO",
"date":"2013-03-25 09:33:14"
},
{
"kids":[],
"uid":"finscofiel",
"parent":"zoYKgrfM4",
"text":"还笑得出来的路人[衰]",
"mid":"zp2goh7Z7",
"date":"2013-03-25 09:24:58"
},
{
"kids":[],
"uid":"evilbabywang",
"parent":"zoWOOhuJX",
"text":"丢人",
"mid":"zp22rCYwx",
"date":"2013-03-25 08:50:36"
},
{
"kids":[],
"uid":"2117215304",
"parent":"zoXZa6ddm",
"text":"",
"mid":"zp20rvred",
"date":"2013-03-25 08:45:42"
},
{
"kids":[],
"uid":"pengziting",
"parent":"zoXED8hz6",
"text":"",
"mid":"zp18wkMmr",
"date":"2013-03-25 06:32:50"
},
{
"kids":[],
"uid":"boweiwei",
"parent":"zoZ0mENsy",
"text":"",
"mid":"zoZDAeBYv",
"date":"2013-03-25 02:43:51"
},
{
"kids":[],
"uid":"1913364815",
"parent":"",
"text":"",
"mid":"zoZpUaZuP",
"date":"2013-03-25 02:10:10"
},
{
"kids":[
"zoZDAeBYv"
],
"uid":"bjbiggirl",
"parent":"zoWPT4Yon",
"text":"早不过一袋烟晚不过一顿饭。。。那只能解释为急着送死投胎呢吧",
"mid":"zoZ0mENsy",
"date":"2013-03-25 01:07:14"
},
{
"kids":[],
"uid":"72102018",
"parent":"zoYhEjmPL",
"text":"[围观]",
"mid":"zoYVMp25S",
"date":"2013-03-25 00:55:57"
},
{
"kids":[],
"uid":"1977492567",
"parent":"zoWOOhuJX",
"text":"一辆小现代都这么牛逼",
"mid":"zoYTZzvft",
"date":"2013-03-25 00:51:29"
},
{
"kids":[],
"uid":"2678840891",
"parent":"",
"text":"",
"mid":"zoYMp7JDm",
"date":"2013-03-25 00:32:48"
},
{
"kids":[],
"uid":"1650551840",
"parent":"zoLBDsE5T",
"text":"真TM丢人！",
"mid":"zoYLCEMLA",
"date":"2013-03-25 00:30:53"
},
{
"kids":[
"zp3w8iO6t",
"zp2goh7Z7"
],
"uid":"luqingyao",
"parent":"zoYC05yQl",
"text":"执法不力的后果。典型的中国风格，制度很多，执行却不到位。",
"mid":"zoYKgrfM4",
"date":"2013-03-25 00:27:32"
},
{
"kids":[
"zp7hq5g7C",
"zoYKgrfM4"
],
"uid":"1988ivan",
"parent":"zoXcgEz9q",
"text":"国民的素质全世界都有目共睹。不多解释。",
"mid":"zoYC05yQl",
"date":"2013-03-25 00:07:12"
},
{
"kids":[],
"uid":"1935511972",
"parent":"zoXUMfesz",
"text":"现代还狂呢嘛",
"mid":"zoYAEqh3C",
"date":"2013-03-25 00:03:53"
},
{
"kids":[],
"uid":"2169464634",
"parent":"zoXXOcxq2",
"text":"国人是不是该反省自己了。",
"mid":"zoYtcAUps",
"date":"2013-03-24 23:45:32"
},
{
"kids":[],
"uid":"jiangodaye",
"parent":"",
"text":"",
"mid":"zoYsSfTAC",
"date":"2013-03-24 23:44:44"
},
{
"kids":[],
"uid":"2157941947",
"parent":"zoWPT4Yon",
"text":"",
"mid":"zoYlJguIT",
"date":"2013-03-24 23:27:08"
},
{
"kids":[],
"uid":"1847975001",
"parent":"zoYjP567i",
"text":"屎",
"mid":"zoYlI5EmD",
"date":"2013-03-24 23:27:05"
},
{
"kids":[
"zp59zykME",
"zoYlI5EmD"
],
"uid":"wayne1210",
"parent":"",
"text":"难不成北京的秩序都需要国际友人维持？真不觉得脸红啊？",
"mid":"zoYjP567i",
"date":"2013-03-24 23:22:27"
},
{
"kids":[],
"uid":"wayne1210",
"parent":"",
"text":"能不能别给咱北京人丢脸了？",
"mid":"zoYjttmCX",
"date":"2013-03-24 23:21:35"
},
{
"kids":[
"zoYVMp25S"
],
"uid":"2008534291",
"parent":"zoWxSmg7c",
"text":"[围观]",
"mid":"zoYhEjmPL",
"date":"2013-03-24 23:17:05"
},
{
"kids":[],
"uid":"1961696157",
"parent":"zoXOfq80G",
"text":"整个社会都冲满了负面情绪[弱]",
"mid":"zoYdulUWl",
"date":"2013-03-24 23:06:49"
},
{
"kids":[],
"uid":"4ming",
"parent":"zoXUMfesz",
"text":"",
"mid":"zoYaK9IMx",
"date":"2013-03-24 23:00:02"
},
{
"kids":[],
"uid":"thecitizen",
"parent":"zoXUMfesz",
"text":"国人的耻辱，鲁迅笔下的看客。",
"mid":"zoY8XmMvp",
"date":"2013-03-24 22:55:40"
},
{
"kids":[],
"uid":"2105773574",
"parent":"",
"text":"",
"mid":"zoY5Q95FE",
"date":"2013-03-24 22:47:58"
},
{
"kids":[],
"uid":"2034785570",
"parent":"zoWOOhuJX",
"text":"",
"mid":"zoY2W8x7H",
"date":"2013-03-24 22:40:52"
},
{
"kids":[
"zp20rvred"
],
"uid":"1903867431",
"parent":"zoXUMfesz",
"text":"什么是老表？",
"mid":"zoXZa6ddm",
"date":"2013-03-24 22:31:29"
},
{
"kids":[],
"uid":"1676701743",
"parent":"zoWQ11S9k",
"text":"真TMD丢人现眼！！国耻",
"mid":"zoXYS5DA5",
"date":"2013-03-24 22:30:48"
},
{
"kids":[
"zoYtcAUps"
],
"uid":"1884600075",
"parent":"zoXUMfesz",
"text":"",
"mid":"zoXXOcxq2",
"date":"2013-03-24 22:28:12"
},
{
"kids":[
"zoYAEqh3C",
"zoYaK9IMx",
"zoY8XmMvp",
"zoXZa6ddm",
"zoXXOcxq2"
],
"uid":"kunmingfunk69",
"parent":"zoXOfq80G",
"text":"看看我们丑陋的嘴脸。",
"mid":"zoXUMfesz",
"date":"2013-03-24 22:20:43"
},
{
"kids":[
"zoYdulUWl",
"zoXUMfesz"
],
"uid":"1734171964",
"parent":"zoWNe9jgH",
"text":"",
"mid":"zoXOfq80G",
"date":"2013-03-24 22:04:39"
},
{
"kids":[],
"uid":"gp61888",
"parent":"zoWPT4Yon",
"text":"怎么那么nb？",
"mid":"zoXID3YFg",
"date":"2013-03-24 21:50:47"
},
{
"kids":[],
"uid":"2217140263",
"parent":"",
"text":"",
"mid":"zoXGIgUhM",
"date":"2013-03-24 21:46:06"
},
{
"kids":[
"zp18wkMmr"
],
"uid":"1366855760",
"parent":"",
"text":"",
"mid":"zoXED8hz6",
"date":"2013-03-24 21:40:57"
},
{
"kids":[],
"uid":"leisure33",
"parent":"",
"text":"自从学会开车 我就觉得满大街都是sb 正常得没几个。。。一定要挑心情好的时候开开 不然真会被气死",
"mid":"zoXCzwbSQ",
"date":"2013-03-24 21:35:54"
},
{
"kids":[],
"uid":"1685001784",
"parent":"zoSmxcdkZ",
"text":"8",
"mid":"zoXBc64NW",
"date":"2013-03-24 21:32:30"
},
{
"kids":[],
"uid":"1843847625",
"parent":"",
"text":"",
"mid":"zoXAUm4a7",
"date":"2013-03-24 21:31:47"
},
{
"kids":[],
"uid":"xiaofin",
"parent":"zoXesz6ZB",
"text":"我喜欢这种较真。",
"mid":"zoXzY89YZ",
"date":"2013-03-24 21:29:28"
},
{
"kids":[],
"uid":"1717344710",
"parent":"zoXyfs6hP",
"text":"捍卫权力的勇气。嘿，你有没有做过让自己心跳加速的好事。",
"mid":"zoXzT7E47",
"date":"2013-03-24 21:29:16"
},
{
"kids":[
"zoXzT7E47"
],
"uid":"jianghao1516",
"parent":"zoXgBfwMc",
"text":"",
"mid":"zoXyfs6hP",
"date":"2013-03-24 21:25:14"
},
{
"kids":[],
"uid":"1768635873",
"parent":"zoWNe9jgH",
"text":"",
"mid":"zoXxbifqo",
"date":"2013-03-24 21:22:36"
},
{
"kids":[],
"uid":"2668549051",
"parent":"zoWOOhuJX",
"text":"[吃惊][吃惊]",
"mid":"zoXvknexi",
"date":"2013-03-24 21:18:02"
},
{
"kids":[],
"uid":"moqixinmiao",
"parent":"zoX0ZuREv",
"text":"正能量没电了！",
"mid":"zoXuumkEs",
"date":"2013-03-24 21:15:58"
},
{
"kids":[],
"uid":"820311789",
"parent":"zoXig6U5h",
"text":"[怒]",
"mid":"zoXucBr7e",
"date":"2013-03-24 21:15:16"
},
{
"kids":[],
"uid":"kaneshi",
"parent":"zoXgBfwMc",
"text":"@旭翔英文名叫特伦:1955年美国黑人妇女帕克斯拒不让坐给白人，这事件最后发展成公车运动，结果是黑人隔离制度的瓦解。权利如果不去捍卫就成为一纸空谈，这一点，显然美国人更明白。",
"mid":"zoXszgr0K",
"date":"2013-03-24 21:11:14"
},
{
"kids":[],
"uid":"2460886314",
"parent":"",
"text":"",
"mid":"zoXnI9ojz",
"date":"2013-03-24 20:59:16"
},
{
"kids":[],
"uid":"2268603721",
"parent":"",
"text":"国人的素质啊！！！我已经看不到这个国家的希望了。礼仪之邦，狗P！",
"mid":"zoXmaFTkn",
"date":"2013-03-24 20:55:29"
},
{
"kids":[
"zoXucBr7e"
],
"uid":"ilovenoodle",
"parent":"",
"text":"",
"mid":"zoXig6U5h",
"date":"2013-03-24 20:45:48"
},
{
"kids":[],
"uid":"zlsgzsx",
"parent":"zoWOOhuJX",
"text":"",
"mid":"zoXhezbmr",
"date":"2013-03-24 20:43:18"
},
{
"kids":[
"zoXyfs6hP",
"zoXszgr0K"
],
"uid":"1748329073",
"parent":"zoXcgEz9q",
"text":"呃…最鄙视这种人…明明无耻的行为却能做的这么光明正大，不要脸…",
"mid":"zoXgBfwMc",
"date":"2013-03-24 20:41:43"
},
{
"kids":[],
"uid":"1292439385",
"parent":"",
"text":"",
"mid":"zoXgrgomc",
"date":"2013-03-24 20:41:18"
},
{
"kids":[],
"uid":"1920148975",
"parent":"zoObwkxsf",
"text":"",
"mid":"zoXfQyEfz",
"date":"2013-03-24 20:39:52"
},
{
"kids":[],
"uid":"1864078422",
"parent":"",
"text":"",
"mid":"zoXePB2p9",
"date":"2013-03-24 20:37:24"
},
{
"kids":[],
"uid":"emissarry",
"parent":"zoX4ZqlHC",
"text":"",
"mid":"zoXeGdf2p",
"date":"2013-03-24 20:37:00"
},
{
"kids":[
"zoXzY89YZ"
],
"uid":"1891612703",
"parent":"zoXcgEz9q",
"text":"是阿！感叹美国人民捍卫自己权利的较真！国人要学习阿！",
"mid":"zoXesz6ZB",
"date":"2013-03-24 20:36:28"
},
{
"kids":[],
"uid":"2606781763",
"parent":"",
"text":"",
"mid":"zoXepkb0Z",
"date":"2013-03-24 20:36:21"
},
{
"kids":[],
"uid":"1967654655",
"parent":"zoWUzv9B4",
"text":"",
"mid":"zoXdauKFG",
"date":"2013-03-24 20:33:16"
},
{
"kids":[],
"uid":"1763125852",
"parent":"",
"text":"我也经常这样，不过福州的好像没敢那么野，顶多骂街",
"mid":"zoXcxwuOE",
"date":"2013-03-24 20:31:44"
},
{
"kids":[
"zoYC05yQl",
"zoXgBfwMc",
"zoXesz6ZB"
],
"uid":"suxuxiang",
"parent":"zoX2E4yxG",
"text":"1955年美国黑人妇女帕克斯拒不让坐给白人，这事件最后发展成公车运动，结果是黑人隔离制度的瓦解。权利如果不去捍卫就成为一纸空谈，这一点，显然美国人更明白。",
"mid":"zoXcgEz9q",
"date":"2013-03-24 20:31:05"
},
{
"kids":[],
"uid":"1781942567",
"parent":"",
"text":"",
"mid":"zoX7WCzEX",
"date":"2013-03-24 20:20:26"
},
{
"kids":[],
"uid":"1848167827",
"parent":"",
"text":"。。。。",
"mid":"zoX7QqiVx",
"date":"2013-03-24 20:20:08"
},
{
"kids":[],
"uid":"206214148",
"parent":"zoX4ZqlHC",
"text":"爱我中华",
"mid":"zoX6UfbDz",
"date":"2013-03-24 20:17:50"
},
{
"kids":[],
"uid":"123456789kkk",
"parent":"zoX0ZuREv",
"text":"可恨的是司机，比司机更可恨的是笑着围观的无心人",
"mid":"zoX6CbJi4",
"date":"2013-03-24 20:17:07"
},
{
"kids":[],
"uid":"2682871482",
"parent":"",
"text":"说",
"mid":"zoX6inDU2",
"date":"2013-03-24 20:16:22"
},
{
"kids":[],
"uid":"wanja",
"parent":"",
"text":"看看评论，明明是机动车和非机动车混合行驶的车道。洋大人侵犯正常行驶的司机的路权。",
"mid":"zoX5Mutw2",
"date":"2013-03-24 20:15:07"
},
{
"kids":[
"zoXeGdf2p",
"zoX6UfbDz"
],
"uid":"1976184834",
"parent":"",
"text":"",
"mid":"zoX4ZqlHC",
"date":"2013-03-24 20:13:08"
},
{
"kids":[],
"uid":"coopersheng",
"parent":"zoWNa3uza",
"text":"现状也就是这样",
"mid":"zoX4Gytdp",
"date":"2013-03-24 20:12:21"
},
{
"kids":[],
"uid":"2646278831",
"parent":"zoLuW2cc5",
"text":"走你",
"mid":"zoX4iio5z",
"date":"2013-03-24 20:11:25"
},
{
"kids":[],
"uid":"jeson2010",
"parent":"zoWOOhuJX",
"text":"旧闻新提",
"mid":"zoX3rrA5m",
"date":"2013-03-24 20:09:20"
},
{
"kids":[],
"uid":"734800456",
"parent":"",
"text":"出一点力",
"mid":"zoX34mvGp",
"date":"2013-03-24 20:08:22"
},
{
"kids":[
"zp2jVufNd"
],
"uid":"huangxinquan",
"parent":"",
"text":"这不是最近的事",
"mid":"zoX2Sxbda",
"date":"2013-03-24 20:07:57"
},
{
"kids":[],
"uid":"1717172681",
"parent":"",
"text":"",
"mid":"zoX2NdpX4",
"date":"2013-03-24 20:07:44"
},
{
"kids":[],
"uid":"mrhan19",
"parent":"",
"text":"？",
"mid":"zoX2G8E5f",
"date":"2013-03-24 20:07:27"
},
{
"kids":[
"zoXcgEz9q"
],
"uid":"1891612703",
"parent":"zoWOOhuJX",
"text":"",
"mid":"zoX2E4yxG",
"date":"2013-03-24 20:07:22"
},
{
"kids":[],
"uid":"2212017283",
"parent":"zoWOOhuJX",
"text":"",
"mid":"zoX27hEIc",
"date":"2013-03-24 20:06:03"
},
{
"kids":[],
"uid":"1855233281",
"parent":"zoWZjuz1S",
"text":"这就是天朝的法治社会，违法的的比守法的横，国人早就麻木到见怪不怪的地步……",
"mid":"zoX1JATNC",
"date":"2013-03-24 20:05:06"
},
{
"kids":[],
"uid":"shiliangshi",
"parent":"zoWHz8BSc",
"text":"",
"mid":"zoX1BC9aA",
"date":"2013-03-24 20:04:50"
},
{
"kids":[
"zp370t6Cb",
"zoXuumkEs",
"zoX6CbJi4"
],
"uid":"yunfeiyang",
"parent":"zoWHz8BSc",
"text":"真是强悍输出价值观，负面的。",
"mid":"zoX0ZuREv",
"date":"2013-03-24 20:03:15"
},
{
"kids":[],
"uid":"534878988",
"parent":"zoWOOhuJX",
"text":"",
"mid":"zoX0WhQXs",
"date":"2013-03-24 20:03:10"
},
{
"kids":[],
"uid":"3119276525",
"parent":"zoWOOhuJX",
"text":"",
"mid":"zoWZU9oTF",
"date":"2013-03-24 20:00:37"
},
{
"kids":[],
"uid":"1065820520",
"parent":"zoWPT4Yon",
"text":"让人失望啊",
"mid":"zoWZI4cg2",
"date":"2013-03-24 20:00:08"
},
{
"kids":[
"zoX1JATNC"
],
"uid":"2201554025",
"parent":"",
"text":"",
"mid":"zoWZjuz1S",
"date":"2013-03-24 19:59:10"
},
{
"kids":[],
"uid":"hantao2011",
"parent":"",
"text":"帮你火，你不是牛吗！",
"mid":"zoWZ5kgts",
"date":"2013-03-24 19:58:34"
},
{
"kids":[],
"uid":"hanzhiyong",
"parent":"zoWQV9hj8",
"text":"",
"mid":"zoWWLqbiW",
"date":"2013-03-24 19:52:50"
},
{
"kids":[],
"uid":"jijw",
"parent":"zoWOOhuJX",
"text":"",
"mid":"zoWWJ6Omg",
"date":"2013-03-24 19:52:44"
},
{
"kids":[],
"uid":"1677405952",
"parent":"",
"text":"大批富豪移民是有原因的，缺乏精神文明的建设是不健全的",
"mid":"zoWWc0fde",
"date":"2013-03-24 19:51:26"
},
{
"kids":[],
"uid":"3227048852",
"parent":"",
"text":"",
"mid":"zoWV6yVEs",
"date":"2013-03-24 19:48:48"
},
{
"kids":[
"zoXdauKFG"
],
"uid":"bearsiji",
"parent":"zoWPT4Yon",
"text":"",
"mid":"zoWUzv9B4",
"date":"2013-03-24 19:47:28"
},
{
"kids":[],
"uid":"qq168869",
"parent":"",
"text":"围观是我们的传统。居然有人相信围观改变中国，太可笑了，围观完了还要去打酱油呢。",
"mid":"zoWUpqenT",
"date":"2013-03-24 19:47:04"
},
{
"kids":[
"zp6NJqAZQ"
],
"uid":"1497276334",
"parent":"",
"text":"丢人",
"mid":"zoWUiE7W5",
"date":"2013-03-24 19:46:49"
},
{
"kids":[],
"uid":"1381472393",
"parent":"",
"text":"国人素质很够呛！",
"mid":"zoWUbil6y",
"date":"2013-03-24 19:46:29"
},
{
"kids":[],
"uid":"1805293942",
"parent":"",
"text":"",
"mid":"zoWUaDzxn",
"date":"2013-03-24 19:46:28"
},
{
"kids":[],
"uid":"2163300687",
"parent":"",
"text":"",
"mid":"zoWTM9cZK",
"date":"2013-03-24 19:45:29"
},
{
"kids":[],
"uid":"1485689884",
"parent":"",
"text":"丢人现眼了〜我有时也走非机动车道，但若有人抗议，我必乖乖溜走〜",
"mid":"zoWTABtPQ",
"date":"2013-03-24 19:45:04"
},
{
"kids":[],
"uid":"1632115283",
"parent":"",
"text":"",
"mid":"zoWTbdtly",
"date":"2013-03-24 19:44:04"
},
{
"kids":[],
"uid":"malub",
"parent":"",
"text":"买了车做代步工具就更要遵守交规，这点起码的规范都做不到，开车出来就是丢人现眼，建议吊销其驾驶执照，十年不许开车，以示惩罚。",
"mid":"zoWT8g8HL",
"date":"2013-03-24 19:43:57"
},
{
"kids":[],
"uid":"1928142281",
"parent":"",
"text":"来帮帮他出名",
"mid":"zoWSqebyQ",
"date":"2013-03-24 19:42:11"
},
{
"kids":[],
"uid":"1740200030",
"parent":"zoWOOhuJX",
"text":"",
"mid":"zoWS6sg7e",
"date":"2013-03-24 19:41:24"
},
{
"kids":[],
"uid":"1892489942",
"parent":"zoWQcwmPF",
"text":"国人，不解释。能笑出来的确实是白痴！",
"mid":"zoWRRnXLf",
"date":"2013-03-24 19:40:48"
},
{
"kids":[],
"uid":"erming1996",
"parent":"",
"text":"",
"mid":"zoWRNcY0w",
"date":"2013-03-24 19:40:38"
},
{
"kids":[],
"uid":"1251430274",
"parent":"zoWHz8BSc",
"text":"高下立判，社会主义精神建设出了一堆精神病",
"mid":"zoWRDbUKy",
"date":"2013-03-24 19:40:11"
},
{
"kids":[],
"uid":"3174868704",
"parent":"zoWPT4Yon",
"text":"",
"mid":"zoWRCgSDj",
"date":"2013-03-24 19:40:10"
},
{
"kids":[],
"uid":"2191782591",
"parent":"",
"text":"",
"mid":"zoWRxyQCT",
"date":"2013-03-24 19:40:00"
},
{
"kids":[],
"uid":"2705527290",
"parent":"zoWPT4Yon",
"text":"说实话我真就烦围观起哄的",
"mid":"zoWRe6uy0",
"date":"2013-03-24 19:39:14"
},
{
"kids":[],
"uid":"yueguogong",
"parent":"zoWQV9hj8",
"text":"",
"mid":"zoWR7wIaR",
"date":"2013-03-24 19:38:59"
},
{
"kids":[
"zoWWLqbiW",
"zoWR7wIaR"
],
"uid":"1734391954",
"parent":"",
"text":"",
"mid":"zoWQV9hj8",
"date":"2013-03-24 19:38:26"
},
{
"kids":[],
"uid":"3094312981",
"parent":"",
"text":"",
"mid":"zoWQE0Vpe",
"date":"2013-03-24 19:37:46"
},
{
"kids":[
"zoWRRnXLf"
],
"uid":"jiangganlin123",
"parent":"zoWOOhuJX",
"text":"----唉，中国的交通秩序也需要国际友人帮助来整顿吗？无限悲凉中",
"mid":"zoWQcwmPF",
"date":"2013-03-24 19:36:41"
},
{
"kids":[
"zoXYS5DA5"
],
"uid":"1741739673",
"parent":"",
"text":"真没素质",
"mid":"zoWQ11S9k",
"date":"2013-03-24 19:36:15"
},
{
"kids":[
"zp2SF3ABt",
"zoZ0mENsy",
"zoYlJguIT",
"zoXID3YFg",
"zoWZI4cg2",
"zoWUzv9B4",
"zoWRCgSDj",
"zoWRe6uy0"
],
"uid":"mycat300",
"parent":"zoWNe9jgH",
"text":"还是那句话，拍照的人只是在拍照是吧？",
"mid":"zoWPT4Yon",
"date":"2013-03-24 19:35:56"
},
{
"kids":[],
"uid":"zhaohui01982",
"parent":"zoWOOhuJX",
"text":"",
"mid":"zoWPL6cIp",
"date":"2013-03-24 19:35:36"
},
{
"kids":[],
"uid":"1878023243",
"parent":"zoWOOhuJX",
"text":"",
"mid":"zoWPBkWSm",
"date":"2013-03-24 19:35:15"
},
{
"kids":[
"zpEdHC48Z",
"zp2JWhIpi",
"zp22rCYwx",
"zoYTZzvft",
"zoY2W8x7H",
"zoXvknexi",
"zoXhezbmr",
"zoX3rrA5m",
"zoX2E4yxG",
"zoX27hEIc",
"zoX0WhQXs",
"zoWZU9oTF",
"zoWWJ6Omg",
"zoWS6sg7e",
"zoWQcwmPF",
"zoWPL6cIp",
"zoWPBkWSm"
],
"uid":"zhengyunjacky",
"parent":"zoWOaDSIp",
"text":"",
"mid":"zoWOOhuJX",
"date":"2013-03-24 19:33:16"
},
{
"kids":[
"zoWOOhuJX"
],
"uid":"1994519817",
"parent":"",
"text":"",
"mid":"zoWOaDSIp",
"date":"2013-03-24 19:31:41"
},
{
"kids":[
"zoXOfq80G",
"zoXxbifqo",
"zoWPT4Yon"
],
"uid":"dengsheng",
"parent":"",
"text":"都说抬手不打笑脸人，对一个这么和气客气的大姐，怎么就这么NB呢？京HL2021",
"mid":"zoWNe9jgH",
"date":"2013-03-24 19:29:22"
},
{
"kids":[
"zoX4Gytdp"
],
"uid":"haoranfilm",
"parent":"",
"text":"这贴老被删呀",
"mid":"zoWNa3uza",
"date":"2013-03-24 19:29:13"
},
{
"kids":[],
"uid":"zhengping827",
"parent":"",
"text":"感到悲哀的是，这时候勇敢地站出来的是一位洋人，这就是客人帮咱扫地。",
"mid":"zoWMUmJj7",
"date":"2013-03-24 19:28:36"
},
{
"kids":[],
"uid":"zhengping827",
"parent":"",
"text":"真服了这些人，违法还理直气壮。",
"mid":"zoWMuDVIW",
"date":"2013-03-24 19:27:35"
},
{
"kids":[],
"uid":"sunjune",
"parent":"",
"text":"",
"mid":"zoWMnwXuh",
"date":"2013-03-24 19:27:18"
},
{
"kids":[],
"uid":"1836695007",
"parent":"zoWBrnxBn",
"text":"能再丢人点么",
"mid":"zoWMm3QsR",
"date":"2013-03-24 19:27:14"
},
{
"kids":[],
"uid":"2082404625",
"parent":"",
"text":"原来是官人官车吧",
"mid":"zoWLzzGdM",
"date":"2013-03-24 19:25:19"
},
{
"kids":[],
"uid":"zhangchi19921215",
"parent":"zoWHz8BSc",
"text":"怎么还有这样人……",
"mid":"zoWKrhxmc",
"date":"2013-03-24 19:22:31"
},
{
"kids":[
"zpd190QzQ",
"zoX1BC9aA",
"zoX0ZuREv",
"zoWRDbUKy",
"zoWKrhxmc"
],
"uid":"lixingwen",
"parent":"zoWxSmg7c",
"text":"几乎每天都要为各种横七竖八的车憋气。有车开好歹也是有产一族了吧，有恒产无恒心，奔驰宝马都撅着屁股乱停，更别说之下的各种乱窜乱放。",
"mid":"zoWHz8BSc",
"date":"2013-03-24 19:15:26"
},
{
"kids":[
"zoWMm3QsR"
],
"uid":"besterluna",
"parent":"",
"text":"",
"mid":"zoWBrnxBn",
"date":"2013-03-24 19:00:20"
},
{
"kids":[
"zoYhEjmPL",
"zoWHz8BSc"
],
"uid":"zhangjian7551",
"parent":"zoWvU29Je",
"text":"抓了当壮丁，解放钓鱼岛！",
"mid":"zoWxSmg7c",
"date":"2013-03-24 18:51:34"
},
{
"kids":[
"zoWxSmg7c"
],
"uid":"1990044723",
"parent":"zoUrXgWU2",
"text":"[怒]",
"mid":"zoWvU29Je",
"date":"2013-03-24 18:46:42"
},
{
"kids":[],
"uid":"1742962195",
"parent":"zoSxtm7Xq",
"text":"",
"mid":"zoWdMy9RR",
"date":"2013-03-24 18:02:04"
},
{
"kids":[],
"uid":"1790062143",
"parent":"zoUAUaJj5",
"text":"",
"mid":"zoVLRhTp9",
"date":"2013-03-24 16:53:15"
},
{
"kids":[],
"uid":"1434058597",
"parent":"zoObwkxsf",
"text":"真丢人显眼",
"mid":"zoVykn3AP",
"date":"2013-03-24 16:19:55"
},
{
"kids":[],
"uid":"2272611450",
"parent":"zoPFNn72F",
"text":"",
"mid":"zoVo3zacb",
"date":"2013-03-24 15:54:36"
},
{
"kids":[],
"uid":"1044958430",
"parent":"",
"text":"[鄙视]",
"mid":"zoUYy8A0S",
"date":"2013-03-24 14:51:45"
},
{
"kids":[],
"uid":"908181288",
"parent":"zoMmvD5tW",
"text":"只有老外干这事，如果大家都抵制呢?那是人家那不存在这事，也是路见不平了。我们呢，麻木？习惯?怪不得三轮车可以在人行道上。[失望]",
"mid":"zoUWHduJh",
"date":"2013-03-24 14:47:12"
},
{
"kids":[],
"uid":"2659316930",
"parent":"zoUnN1d9f",
"text":"京HL2021！[怒]",
"mid":"zoUR5pqZZ",
"date":"2013-03-24 14:33:24"
},
{
"kids":[],
"uid":"1012115552",
"parent":"zoOJJ7IjL",
"text":"无语[汗]",
"mid":"zoUG8Djeg",
"date":"2013-03-24 14:06:24"
},
{
"kids":[],
"uid":"2802400385",
"parent":"zoTxO4Ldo",
"text":"无语",
"mid":"zoUD5xSz4",
"date":"2013-03-24 13:58:54"
},
{
"kids":[
"zoVLRhTp9"
],
"uid":"345800810",
"parent":"zoTzah1Fo",
"text":"教育失败",
"mid":"zoUAUaJj5",
"date":"2013-03-24 13:53:31"
},
{
"kids":[],
"uid":"2540550244",
"parent":"zoTBp9KCc",
"text":"非机动车道 非机动车道 非机动车道 大家看清楚吖",
"mid":"zoUsNxS8K",
"date":"2013-03-24 13:33:34"
},
{
"kids":[
"zoWvU29Je"
],
"uid":"aialyf",
"parent":"zoUcKmeAD",
"text":"。。。",
"mid":"zoUrXgWU2",
"date":"2013-03-24 13:31:29"
},
{
"kids":[
"zoUR5pqZZ"
],
"uid":"1729598990",
"parent":"zoMMfBfXW",
"text":"这样的垃圾国内满天飞",
"mid":"zoUnN1d9f",
"date":"2013-03-24 13:21:13"
},
{
"kids":[],
"uid":"2816144890",
"parent":"zoUcKmeAD",
"text":"支持这个二货一下！",
"mid":"zoUhhn9AZ",
"date":"2013-03-24 13:05:11"
},
{
"kids":[
"zoUrXgWU2",
"zoUhhn9AZ"
],
"uid":"1690942885",
"parent":"zoTb7x5vj",
"text":"哎。。",
"mid":"zoUcKmeAD",
"date":"2013-03-24 12:54:01"
},
{
"kids":[],
"uid":"2770475365",
"parent":"zoPo0j7JJ",
"text":"猴年马月的事了，早就坚定完毕，拍照发帖这哥们是个事B",
"mid":"zoUaatkI8",
"date":"2013-03-24 12:47:40"
},
{
"kids":[],
"uid":"2112508005",
"parent":"zoTOCiP3K",
"text":"哎，习近平开个微博吧",
"mid":"zoTZhhExb",
"date":"2013-03-24 12:20:50"
},
{
"kids":[],
"uid":"1351766727",
"parent":"zoOUFwbWj",
"text":"",
"mid":"zoTOIr3dh",
"date":"2013-03-24 11:54:49"
},
{
"kids":[
"zoTZhhExb"
],
"uid":"1923129757",
"parent":"zoTzN0IZs",
"text":"素质好差",
"mid":"zoTOCiP3K",
"date":"2013-03-24 11:54:33"
},
{
"kids":[],
"uid":"2492628792",
"parent":"zoTzN0IZs",
"text":"",
"mid":"zoTLjbo5a",
"date":"2013-03-24 11:46:24"
},
{
"kids":[],
"uid":"1920415087",
"parent":"zoTzN0IZs",
"text":"现眼[怒]",
"mid":"zoTD3oIh9",
"date":"2013-03-24 11:26:05"
},
{
"kids":[
"zoUsNxS8K"
],
"uid":"cndp246755",
"parent":"",
"text":"",
"mid":"zoTBp9KCc",
"date":"2013-03-24 11:22:01"
},
{
"kids":[],
"uid":"2054012027",
"parent":"zoTyrlOog",
"text":"唉",
"mid":"zoTAvjxNR",
"date":"2013-03-24 11:19:47"
},
{
"kids":[
"zoTOCiP3K",
"zoTLjbo5a",
"zoTD3oIh9"
],
"uid":"haoshiren",
"parent":"zoTvS5MaR",
"text":"人肉一下~",
"mid":"zoTzN0IZs",
"date":"2013-03-24 11:18:02"
},
{
"kids":[
"zoUAUaJj5"
],
"uid":"2883096450",
"parent":"",
"text":"太没素质了",
"mid":"zoTzah1Fo",
"date":"2013-03-24 11:16:30"
},
{
"kids":[
"zoTAvjxNR"
],
"uid":"1908807183",
"parent":"zoLq7fYO4",
"text":"太可悲了",
"mid":"zoTyrlOog",
"date":"2013-03-24 11:14:42"
},
{
"kids":[
"zoUD5xSz4"
],
"uid":"1802413261",
"parent":"zoMol6Jnb",
"text":"",
"mid":"zoTxO4Ldo",
"date":"2013-03-24 11:13:07"
},
{
"kids":[],
"uid":"1670041997",
"parent":"zoObwkxsf",
"text":"注意素质[哼]",
"mid":"zoTw0CRRI",
"date":"2013-03-24 11:08:43"
},
{
"kids":[
"zoTzN0IZs"
],
"uid":"1882804590",
"parent":"zoObwkxsf",
"text":"[鄙视]",
"mid":"zoTvS5MaR",
"date":"2013-03-24 11:08:23"
},
{
"kids":[
"zoUcKmeAD"
],
"uid":"2083975925",
"parent":"zoT6GpgqE",
"text":"国人的是非观，此时倒是一致对外了",
"mid":"zoTb7x5vj",
"date":"2013-03-24 10:17:16"
},
{
"kids":[
"zoTb7x5vj"
],
"uid":"hanxueshi",
"parent":"",
"text":"帮他火，什么素质[怒]",
"mid":"zoT6GpgqE",
"date":"2013-03-24 10:06:20"
},
{
"kids":[],
"uid":"wolfyee",
"parent":"zoPo0j7JJ",
"text":"火了，围观也火了",
"mid":"zoT3TzdWw",
"date":"2013-03-24 09:59:28"
},
{
"kids":[],
"uid":"1157346015",
"parent":"zoSmxcdkZ",
"text":"开韩国车的人...",
"mid":"zoSVVb5hA",
"date":"2013-03-24 09:39:49"
},
{
"kids":[],
"uid":"2537971712",
"parent":"zoPFNn72F",
"text":"有一部分北京人以為自己是中國的首都住著就是皇上就是一切。目中無人自以為是。真可悲。這樣的人這樣的行為就該全部暴光。讓他們成為過街老鼠。 還是一句話中國的經濟上揚了。人的道德觀行為約束力是越來越沒了！[泪][泪][泪]",
"mid":"zoSPsfPc9",
"date":"2013-03-24 09:23:53"
},
{
"kids":[
"zoWdMy9RR"
],
"uid":"shufengzong",
"parent":"zoPFNn72F",
"text":"",
"mid":"zoSxtm7Xq",
"date":"2013-03-24 08:39:35"
},
{
"kids":[],
"uid":"1937407431",
"parent":"zoOJ7hjal",
"text":"丢人现眼",
"mid":"zoSuZpsOH",
"date":"2013-03-24 08:33:27"
},
{
"kids":[],
"uid":"1683727185",
"parent":"zoSmxcdkZ",
"text":"",
"mid":"zoSpgbUDl",
"date":"2013-03-24 08:19:21"
},
{
"kids":[
"zoXBc64NW",
"zoSVVb5hA",
"zoSpgbUDl"
],
"uid":"1726057430",
"parent":"zoSkCE7w1",
"text":"帮下吧",
"mid":"zoSmxcdkZ",
"date":"2013-03-24 08:12:38"
},
{
"kids":[
"zoSmxcdkZ"
],
"uid":"2096861642",
"parent":"zoObwkxsf",
"text":"[弱]",
"mid":"zoSkCE7w1",
"date":"2013-03-24 08:07:56"
},
{
"kids":[],
"uid":"1814369190",
"parent":"",
"text":"",
"mid":"zoS9XFAl9",
"date":"2013-03-24 07:41:40"
},
{
"kids":[],
"uid":"2277267920",
"parent":"zoLS45IRQ",
"text":"",
"mid":"zoS9lfu7U",
"date":"2013-03-24 07:40:08"
},
{
"kids":[],
"uid":"1660290321",
"parent":"zoPrae6xY",
"text":"想说的话很多",
"mid":"zoS2CiBPU",
"date":"2013-03-24 07:23:33"
},
{
"kids":[],
"uid":"jimmyzhou1981",
"parent":"",
"text":"",
"mid":"zoS08ofMH",
"date":"2013-03-24 07:17:28"
},
{
"kids":[],
"uid":"1413422707",
"parent":"zoPFNn72F",
"text":"说的不错 [鼓掌]",
"mid":"zoRRUDtbM",
"date":"2013-03-24 06:57:12"
},
{
"kids":[],
"uid":"1411572727",
"parent":"zoNe0w6w0",
"text":"",
"mid":"zoRPf9YyE",
"date":"2013-03-24 06:50:37"
},
{
"kids":[],
"uid":"1824598732",
"parent":"",
"text":"京HL2021你可真够给中国人长脸的啊！[挖鼻屎][挖鼻屎][挖鼻屎][挖鼻屎]",
"mid":"zoRKBn0hm",
"date":"2013-03-24 06:39:11"
},
{
"kids":[],
"uid":"aabbieelau",
"parent":"zoPgawMLN",
"text":"素质素质~",
"mid":"zoQswdLvq",
"date":"2013-03-24 03:21:53"
},
{
"kids":[],
"uid":"2920480444",
"parent":"zoMMvxwvf",
"text":"",
"mid":"zoQ1Zu42F",
"date":"2013-03-24 02:16:31"
},
{
"kids":[],
"uid":"2920415312",
"parent":"zoMMvxwvf",
"text":"",
"mid":"zoQ1ZcsSw",
"date":"2013-03-24 02:16:31"
},
{
"kids":[],
"uid":"1465663150",
"parent":"",
"text":"這種已經是是非都不分了。",
"mid":"zoPMmy1Zs",
"date":"2013-03-24 01:38:02"
},
{
"kids":[
"zpHJvldOv",
"zpCSX3002",
"zoVo3zacb",
"zoSPsfPc9",
"zoSxtm7Xq",
"zoRRUDtbM"
],
"uid":"2880496080",
"parent":"zoOJ7hjal",
"text":"这不是北京人的错！物价房价上涨！每天都生活在压力之中！如果国人真的生活好了！我相信人也会变了更谦虚和博爱了否则小事都会剑拔弩张！",
"mid":"zoPFNn72F",
"date":"2013-03-24 01:21:51"
},
{
"kids":[],
"uid":"1875751521",
"parent":"zoPg6DHmi",
"text":"打女人是不是男人，你个怂逼操的！",
"mid":"zoPBlqbBF",
"date":"2013-03-24 01:10:52"
},
{
"kids":[
"zoS2CiBPU"
],
"uid":"2151103765",
"parent":"zoPo0j7JJ",
"text":"大姐的微笑是亮点，其他见怪不怪了。",
"mid":"zoPrae6xY",
"date":"2013-03-24 00:45:48"
},
{
"kids":[],
"uid":"2610620157",
"parent":"zoObwkxsf",
"text":"",
"mid":"zoPoRbUg7",
"date":"2013-03-24 00:40:06"
},
{
"kids":[],
"uid":"valenti",
"parent":"zoPo7qvtb",
"text":"扩，人渣！",
"mid":"zoPoK7BMs",
"date":"2013-03-24 00:39:48"
},
{
"kids":[
"zoPoK7BMs"
],
"uid":"kikissa",
"parent":"zoOchBqhQ",
"text":"[弱]",
"mid":"zoPo7qvtb",
"date":"2013-03-24 00:38:19"
},
{
"kids":[
"zoUaatkI8",
"zoT3TzdWw",
"zoPrae6xY"
],
"uid":"1497623991",
"parent":"zoPaL9zMl",
"text":"嗯，帮人很快乐！",
"mid":"zoPo0j7JJ",
"date":"2013-03-24 00:38:02"
},
{
"kids":[
"zoQswdLvq"
],
"uid":"chavalitojo",
"parent":"zoObwkxsf",
"text":"重点不在丢人 而是这行为本身就是违规的 是错的！",
"mid":"zoPgawMLN",
"date":"2013-03-24 00:18:40"
},
{
"kids":[
"zoPBlqbBF"
],
"uid":"ushuaiaflyer",
"parent":"zoPc4nlGX",
"text":"。。。。。",
"mid":"zoPg6DHmi",
"date":"2013-03-24 00:18:32"
},
{
"kids":[],
"uid":"1294547714",
"parent":"",
"text":"我也顶一下",
"mid":"zoPdTBdsP",
"date":"2013-03-24 00:13:07"
},
{
"kids":[
"zoPg6DHmi"
],
"uid":"drkider",
"parent":"zoOhrkHtB",
"text":"",
"mid":"zoPc4nlGX",
"date":"2013-03-24 00:08:36"
},
{
"kids":[
"zoPo0j7JJ"
],
"uid":"1835109807",
"parent":"",
"text":"京HL2021，你火了",
"mid":"zoPaL9zMl",
"date":"2013-03-24 00:05:22"
},
{
"kids":[
"zoTOIr3dh"
],
"uid":"commanderthor",
"parent":"zoOsonnvq",
"text":"",
"mid":"zoOUFwbWj",
"date":"2013-03-23 23:25:45"
},
{
"kids":[],
"uid":"2809743664",
"parent":"zoObwkxsf",
"text":"没有正面特写吗？",
"mid":"zoON5ayVP",
"date":"2013-03-23 23:07:01"
},
{
"kids":[],
"uid":"aaronxu431074",
"parent":"zoObwkxsf",
"text":"北京人都那样！正常！",
"mid":"zoOL9rzzF",
"date":"2013-03-23 23:02:19"
},
{
"kids":[],
"uid":"xiaokui0301",
"parent":"zoObwkxsf",
"text":"有人管早好了，今天在道上就看着一辆辆车在你旁边的应急车道嗖嗖超过去，真的有几度也想绕过自己拥堵的车道凑下热闹，其实人都是这样的，有一个人做其他人都会想去做再给自己开解[汗]",
"mid":"zoOJNfe9m",
"date":"2013-03-23 22:58:57"
},
{
"kids":[
"zoUG8Djeg"
],
"uid":"2032003685",
"parent":"zoMQvsZhj",
"text":"[怒]",
"mid":"zoOJJ7IjL",
"date":"2013-03-23 22:58:45"
},
{
"kids":[
"zoSuZpsOH",
"zoPFNn72F"
],
"uid":"2039810705",
"parent":"zoOkg1UGY",
"text":"真给北京人长脸。。@北京人不知道的北京事",
"mid":"zoOJ7hjal",
"date":"2013-03-23 22:57:16"
},
{
"kids":[],
"uid":"3035711664",
"parent":"zoObwkxsf",
"text":"",
"mid":"zoOHBD59O",
"date":"2013-03-23 22:53:34"
},
{
"kids":[],
"uid":"2257588012",
"parent":"zoOdE8NTN",
"text":"",
"mid":"zoOGd1bdt",
"date":"2013-03-23 22:50:06"
},
{
"kids":[],
"uid":"2244589452",
"parent":"zoOkg1UGY",
"text":"",
"mid":"zoOA8jVit",
"date":"2013-03-23 22:35:09"
},
{
"kids":[],
"uid":"2684806551",
"parent":"",
"text":"",
"mid":"zoOz4FK04",
"date":"2013-03-23 22:32:33"
},
{
"kids":[],
"uid":"geminia",
"parent":"",
"text":"旧文",
"mid":"zoOvZaYA1",
"date":"2013-03-23 22:24:56"
},
{
"kids":[],
"uid":"319333280",
"parent":"zoOkg1UGY",
"text":"[鄙视]",
"mid":"zoOvefGFA",
"date":"2013-03-23 22:23:04"
},
{
"kids":[],
"uid":"1594033665",
"parent":"zoOkg1UGY",
"text":"人肉他，灭了他",
"mid":"zoOtuFHb3",
"date":"2013-03-23 22:18:48"
},
{
"kids":[
"zoOUFwbWj"
],
"uid":"1977652745",
"parent":"zoOdE8NTN",
"text":"",
"mid":"zoOsonnvq",
"date":"2013-03-23 22:16:05"
},
{
"kids":[],
"uid":"2014279483",
"parent":"zoOkg1UGY",
"text":"摊台!",
"mid":"zoOs9DN0s",
"date":"2013-03-23 22:15:30"
},
{
"kids":[],
"uid":"1939257172",
"parent":"zoOkg1UGY",
"text":"",
"mid":"zoOpC71vw",
"date":"2013-03-23 22:09:11"
},
{
"kids":[],
"uid":"2806476072",
"parent":"zoOkg1UGY",
"text":"这就是LBJ",
"mid":"zoOnObuY7",
"date":"2013-03-23 22:04:45"
},
{
"kids":[],
"uid":"mikodono",
"parent":"zoOdE8NTN",
"text":"国人的应对能力真强，外国人想不到的。",
"mid":"zoOnwpGyw",
"date":"2013-03-23 22:04:02"
},
{
"kids":[],
"uid":"yayavicky523",
"parent":"zoOkg1UGY",
"text":"[想火帮帮你咯]个么我想问问PO主你在干嘛?",
"mid":"zoOntaJll",
"date":"2013-03-23 22:03:57"
},
{
"kids":[],
"uid":"2236659777",
"parent":"zoOkg1UGY",
"text":"这回摊上事儿了",
"mid":"zoOn1DBz5",
"date":"2013-03-23 22:02:52"
},
{
"kids":[],
"uid":"2766440441",
"parent":"zoObwkxsf",
"text":"丢人",
"mid":"zoOmJnLd3",
"date":"2013-03-23 22:02:08"
},
{
"kids":[],
"uid":"yunvwawa",
"parent":"zoOkg1UGY",
"text":"就是,还是我光叔素质最高,顶级厨师的难波万[ppb鼓掌]",
"mid":"zoOmIr8FG",
"date":"2013-03-23 22:02:06"
},
{
"kids":[
"zoOJ7hjal",
"zoOA8jVit",
"zoOvefGFA",
"zoOtuFHb3",
"zoOs9DN0s",
"zoOpC71vw",
"zoOnObuY7",
"zoOntaJll",
"zoOn1DBz5",
"zoOmIr8FG"
],
"uid":"2880496080",
"parent":"zoOh7ywqE",
"text":"丢人啊！",
"mid":"zoOkg1UGY",
"date":"2013-03-23 21:56:01"
},
{
"kids":[
"zoPc4nlGX"
],
"uid":"meyiao",
"parent":"zoObwkxsf",
"text":"",
"mid":"zoOhrkHtB",
"date":"2013-03-23 21:49:06"
},
{
"kids":[
"zoOkg1UGY"
],
"uid":"yunvwawa",
"parent":"zoObwkxsf",
"text":"丢脸啊,别在外国人面前丢中国人的脸,别去外国丢中国人的脸",
"mid":"zoOh7ywqE",
"date":"2013-03-23 21:48:20"
},
{
"kids":[],
"uid":"1927392687",
"parent":"",
"text":"",
"mid":"zoOgkwFBh",
"date":"2013-03-23 21:46:19"
},
{
"kids":[],
"uid":"carol77c",
"parent":"zoObwkxsf",
"text":"丢脸倒是其次素质这个东西怎么提高要好好研究下",
"mid":"zoOfg1Lk6",
"date":"2013-03-23 21:43:42"
},
{
"kids":[],
"uid":"201267345",
"parent":"zoObwkxsf",
"text":"这就是中国人的素质.",
"mid":"zoOdNhjal",
"date":"2013-03-23 21:40:04"
},
{
"kids":[
"zoOGd1bdt",
"zoOsonnvq",
"zoOnwpGyw"
],
"uid":"2397058291",
"parent":"zoObwkxsf",
"text":"这次丫牛逼大发了。",
"mid":"zoOdE8NTN",
"date":"2013-03-23 21:39:45"
},
{
"kids":[],
"uid":"1893086543",
"parent":"zoObwkxsf",
"text":"",
"mid":"zoOdahRtQ",
"date":"2013-03-23 21:38:34"
},
{
"kids":[
"zoPo7qvtb"
],
"uid":"57131874",
"parent":"zoObwkxsf",
"text":"丢人!",
"mid":"zoOchBqhQ",
"date":"2013-03-23 21:36:22"
},
{
"kids":[
"zpvOLbY00",
"zp7oxfnOX",
"zoXfQyEfz",
"zoVykn3AP",
"zoTw0CRRI",
"zoTvS5MaR",
"zoSkCE7w1",
"zoPoRbUg7",
"zoPgawMLN",
"zoON5ayVP",
"zoOL9rzzF",
"zoOJNfe9m",
"zoOHBD59O",
"zoOmJnLd3",
"zoOhrkHtB",
"zoOh7ywqE",
"zoOfg1Lk6",
"zoOdNhjal",
"zoOdE8NTN",
"zoOdahRtQ",
"zoOchBqhQ"
],
"uid":"2686856477",
"parent":"zoO9L3pcs",
"text":"@平安北京 这事有人管不 [怒]",
"mid":"zoObwkxsf",
"date":"2013-03-23 21:34:30"
},
{
"kids":[
"zoObwkxsf"
],
"uid":"2637312684",
"parent":"zoLrNBrwo",
"text":"这回可现大眼了",
"mid":"zoO9L3pcs",
"date":"2013-03-23 21:30:09"
},
{
"kids":[
"zoRPf9YyE"
],
"uid":"1916591725",
"parent":"zoLUGfniv",
"text":"最右",
"mid":"zoNe0w6w0",
"date":"2013-03-23 19:07:54"
},
{
"kids":[],
"uid":"1365979712",
"parent":"zoLlOamzN",
"text":"",
"mid":"zoN2AftcA",
"date":"2013-03-23 18:39:46"
},
{
"kids":[],
"uid":"1039174327",
"parent":"",
"text":"开个破车还挺牛",
"mid":"zoN15sTnR",
"date":"2013-03-23 18:36:01"
},
{
"kids":[
"zoOJJ7IjL"
],
"uid":"1594779633",
"parent":"zoMMfBfXW",
"text":"不知道如何形容。。。无语呀。。。",
"mid":"zoMQvsZhj",
"date":"2013-03-23 18:10:00"
},
{
"kids":[
"zoQ1Zu42F",
"zoQ1ZcsSw"
],
"uid":"baomingw",
"parent":"",
"text":"",
"mid":"zoMMvxwvf",
"date":"2013-03-23 18:00:08"
},
{
"kids":[
"zoUnN1d9f",
"zoMQvsZhj"
],
"uid":"qdean",
"parent":"zoMrvAxvK",
"text":"什么垃圾啊！",
"mid":"zoMMfBfXW",
"date":"2013-03-23 17:59:30"
},
{
"kids":[],
"uid":"gaoxiang824",
"parent":"",
"text":"这都多早的事了，现在还拿来说。。。太2B了",
"mid":"zoMIko8eA",
"date":"2013-03-23 17:49:51"
},
{
"kids":[],
"uid":"1658976880",
"parent":"",
"text":"",
"mid":"zoMH5xY6y",
"date":"2013-03-23 17:46:49"
},
{
"kids":[],
"uid":"1551140451",
"parent":"zoMol6Jnb",
"text":"国人之耻",
"mid":"zoMFR2WLE",
"date":"2013-03-23 17:43:43"
},
{
"kids":[],
"uid":"bimaiw",
"parent":"",
"text":"",
"mid":"zoMzkv48k",
"date":"2013-03-23 17:27:39"
},
{
"kids":[
"zoMMfBfXW"
],
"uid":"1448750275",
"parent":"zoLvcyTOU",
"text":"让他火！",
"mid":"zoMrvAxvK",
"date":"2013-03-23 17:08:24"
},
{
"kids":[
"zoTxO4Ldo",
"zoMFR2WLE"
],
"uid":"2089248957",
"parent":"",
"text":"",
"mid":"zoMol6Jnb",
"date":"2013-03-23 17:00:35"
},
{
"kids":[
"zoUWHduJh"
],
"uid":"1085131134",
"parent":"",
"text":"",
"mid":"zoMmvD5tW",
"date":"2013-03-23 16:56:06"
},
{
"kids":[],
"uid":"2803001233",
"parent":"",
"text":"",
"mid":"zoMlBcqCP",
"date":"2013-03-23 16:53:51"
},
{
"kids":[],
"uid":"babyfrogel",
"parent":"zoMeYsxWG",
"text":"[最差]",
"mid":"zoMkAzfR8",
"date":"2013-03-23 16:51:22"
},
{
"kids":[
"zoMkAzfR8"
],
"uid":"richmanterry",
"parent":"",
"text":"真傻逼！这种人就欠揍！",
"mid":"zoMeYsxWG",
"date":"2013-03-23 16:37:32"
},
{
"kids":[],
"uid":"1990705267",
"parent":"",
"text":"丢人[鄙视]",
"mid":"zoMdhk0Em",
"date":"2013-03-23 16:33:19"
},
{
"kids":[],
"uid":"hanniballq",
"parent":"",
"text":"丢中国人的脸。旁边围观的人干嘛去了？[哼]",
"mid":"zoM9FA2Jy",
"date":"2013-03-23 16:24:28"
},
{
"kids":[],
"uid":"yaohaimei",
"parent":"",
"text":"丢脸啊",
"mid":"zoM6tCj4B",
"date":"2013-03-23 16:16:34"
},
{
"kids":[],
"uid":"tiansou",
"parent":"",
"text":"#让他火#人性问题，不论国籍。让他火！",
"mid":"zoM20pC2q",
"date":"2013-03-23 16:05:35"
},
{
"kids":[],
"uid":"2007917315",
"parent":"",
"text":"围观国人更让人伤心！",
"mid":"zoLXB8Twk",
"date":"2013-03-23 15:54:41"
},
{
"kids":[],
"uid":"1422284785",
"parent":"",
"text":"让他火",
"mid":"zoLUZd2CU",
"date":"2013-03-23 15:48:17"
},
{
"kids":[
"zp4vxrMDh",
"zoNe0w6w0"
],
"uid":"2254243923",
"parent":"zoLzbjpk4",
"text":"",
"mid":"zoLUGfniv",
"date":"2013-03-23 15:47:31"
},
{
"kids":[],
"uid":"2702586103",
"parent":"",
"text":"",
"mid":"zoLTJutU1",
"date":"2013-03-23 15:45:12"
},
{
"kids":[],
"uid":"2697650913",
"parent":"",
"text":"",
"mid":"zoLTJtuyD",
"date":"2013-03-23 15:45:11"
},
{
"kids":[],
"uid":"2656039411",
"parent":"",
"text":"",
"mid":"zoLTJcSyn",
"date":"2013-03-23 15:45:11"
},
{
"kids":[],
"uid":"1937630105",
"parent":"zoLytxZTk",
"text":"好！记住了京HL2021！又他妈的一个见着女人忍不住火的玩意！",
"mid":"zoLT0faWr",
"date":"2013-03-23 15:43:24"
},
{
"kids":[
"zoS9lfu7U"
],
"uid":"1744091973",
"parent":"",
"text":"真丢人",
"mid":"zoLS45IRQ",
"date":"2013-03-23 15:41:05"
},
{
"kids":[],
"uid":"2702630721",
"parent":"",
"text":"",
"mid":"zoLRJEXdH",
"date":"2013-03-23 15:40:16"
},
{
"kids":[],
"uid":"jackichongechong",
"parent":"",
"text":"[汗][汗]丢人",
"mid":"zoLMFgj5m",
"date":"2013-03-23 15:27:46"
},
{
"kids":[],
"uid":"2491161687",
"parent":"",
"text":"又要肉了…",
"mid":"zoLLLp4A6",
"date":"2013-03-23 15:25:33"
},
{
"kids":[],
"uid":"2698394811",
"parent":"",
"text":"",
"mid":"zoLLBmFSk",
"date":"2013-03-23 15:25:10"
},
{
"kids":[],
"uid":"2135566137",
"parent":"",
"text":"垃圾！",
"mid":"zoLLpwUIK",
"date":"2013-03-23 15:24:42"
},
{
"kids":[],
"uid":"heheguan",
"parent":"zoLAL6hZ7",
"text":"",
"mid":"zoLJ2FAUR",
"date":"2013-03-23 15:18:51"
},
{
"kids":[],
"uid":"1458237477",
"parent":"",
"text":"",
"mid":"zoLHQdysm",
"date":"2013-03-23 15:15:54"
},
{
"kids":[],
"uid":"shenjie1983",
"parent":"",
"text":"太尼玛丢人了[囧]",
"mid":"zoLEVFlFo",
"date":"2013-03-23 15:08:44"
},
{
"kids":[],
"uid":"dywh80618",
"parent":"",
"text":"真丢人",
"mid":"zoLEwxEoJ",
"date":"2013-03-23 15:07:44"
},
{
"kids":[],
"uid":"2425863573",
"parent":"",
"text":"",
"mid":"zoLCrqkug",
"date":"2013-03-23 15:02:34"
},
{
"kids":[
"zoYLCEMLA"
],
"uid":"yuanyong",
"parent":"zoLytxZTk",
"text":"",
"mid":"zoLBDsE5T",
"date":"2013-03-23 15:00:36"
},
{
"kids":[],
"uid":"2785809662",
"parent":"",
"text":"",
"mid":"zoLByuIAu",
"date":"2013-03-23 15:00:26"
},
{
"kids":[],
"uid":"2702663701",
"parent":"",
"text":"",
"mid":"zoLBxBtnu",
"date":"2013-03-23 15:00:23"
},
{
"kids":[],
"uid":"2702661631",
"parent":"",
"text":"",
"mid":"zoLBwpkOd",
"date":"2013-03-23 15:00:19"
},
{
"kids":[
"zp3T7ahjd",
"zoLJ2FAUR"
],
"uid":"mf1006",
"parent":"",
"text":"亲~要入乡随俗~习惯，习惯就好了",
"mid":"zoLAL6hZ7",
"date":"2013-03-23 14:58:27"
},
{
"kids":[],
"uid":"2882278563",
"parent":"",
"text":"转发博文",
"mid":"zoLzIq5X0",
"date":"2013-03-23 14:55:52"
},
{
"kids":[
"zoLUGfniv"
],
"uid":"2197908411",
"parent":"",
"text":"丢人啊",
"mid":"zoLzbjpk4",
"date":"2013-03-23 14:54:33"
},
{
"kids":[],
"uid":"1779788183",
"parent":"",
"text":"[怒骂][怒骂][怒骂]",
"mid":"zoLyQ1NzS",
"date":"2013-03-23 14:53:43"
},
{
"kids":[
"zoLT0faWr",
"zoLBDsE5T"
],
"uid":"1400500255",
"parent":"",
"text":"傻逼！",
"mid":"zoLytxZTk",
"date":"2013-03-23 14:52:49"
},
{
"kids":[],
"uid":"1401625060",
"parent":"",
"text":"丢人现眼",
"mid":"zoLxyvUGN",
"date":"2013-03-23 14:50:33"
},
{
"kids":[],
"uid":"2702588363",
"parent":"",
"text":"",
"mid":"zoLxovQzj",
"date":"2013-03-23 14:50:10"
},
{
"kids":[],
"uid":"landy0836",
"parent":"",
"text":"",
"mid":"zoLx5hJ4V",
"date":"2013-03-23 14:49:23"
},
{
"kids":[],
"uid":"2755036463",
"parent":"",
"text":"有人要火了！[阴险]不过还真挺觉得丢人的！",
"mid":"zoLwidiFo",
"date":"2013-03-23 14:47:27"
},
{
"kids":[],
"uid":"2446737153",
"parent":"",
"text":"",
"mid":"zoLwbqtic",
"date":"2013-03-23 14:47:09"
},
{
"kids":[],
"uid":"2658107993",
"parent":"",
"text":"",
"mid":"zoLvypZf2",
"date":"2013-03-23 14:45:38"
},
{
"kids":[
"zoMrvAxvK"
],
"uid":"2062325841",
"parent":"",
"text":"特理解老外的较真，使劲转你。",
"mid":"zoLvcyTOU",
"date":"2013-03-23 14:44:46"
},
{
"kids":[
"zoX4iio5z"
],
"uid":"2357178802",
"parent":"",
"text":"帮它一把[转发]",
"mid":"zoLuW2cc5",
"date":"2013-03-23 14:44:06"
},
{
"kids":[],
"uid":"2708429941",
"parent":"zoLq7fYO4",
"text":"国人确实缺少这种较真精神。",
"mid":"zoLrQyqk0",
"date":"2013-03-23 14:36:28"
},
{
"kids":[
"zoO9L3pcs"
],
"uid":"1949658344",
"parent":"zoLq7fYO4",
"text":"丢人现眼",
"mid":"zoLrNBrwo",
"date":"2013-03-23 14:36:23"
},
{
"kids":[],
"uid":"casey1011",
"parent":"zoLmGxKFQ",
"text":"horse road kill hand。。。。",
"mid":"zoLrpl4dl",
"date":"2013-03-23 14:35:24"
},
{
"kids":[],
"uid":"1770266980",
"parent":"",
"text":"",
"mid":"zoLqJFT9v",
"date":"2013-03-23 14:33:46"
},
{
"kids":[
"zoTyrlOog",
"zoLrQyqk0",
"zoLrNBrwo"
],
"uid":"8727maoer",
"parent":"",
"text":"[汗]",
"mid":"zoLq7fYO4",
"date":"2013-03-23 14:32:14"
},
{
"kids":[],
"uid":"wxt705",
"parent":"",
"text":"",
"mid":"zoLpUiSM6",
"date":"2013-03-23 14:31:41"
},
{
"kids":[],
"uid":"1811724971",
"parent":"",
"text":"很久以前的事了",
"mid":"zoLptDPYe",
"date":"2013-03-23 14:30:39"
},
{
"kids":[],
"uid":"1708194033",
"parent":"",
"text":"[鄙视]",
"mid":"zoLoexbf1",
"date":"2013-03-23 14:27:37"
},
{
"kids":[],
"uid":"1803447315",
"parent":"",
"text":"",
"mid":"zoLo8lXnm",
"date":"2013-03-23 14:27:20"
},
{
"kids":[],
"uid":"2562300131",
"parent":"",
"text":"尽丢人",
"mid":"zoLnvD3AB",
"date":"2013-03-23 14:25:47"
},
{
"kids":[
"zoLrpl4dl"
],
"uid":"2110806735",
"parent":"",
"text":"畜生开车上路很危险！",
"mid":"zoLmGxKFQ",
"date":"2013-03-23 14:23:45"
},
{
"kids":[],
"uid":"2686115571",
"parent":"",
"text":"丢人现眼",
"mid":"zoLmBehiZ",
"date":"2013-03-23 14:23:34"
},
{
"kids":[],
"uid":"viki106",
"parent":"",
"text":"",
"mid":"zoLmklRDL",
"date":"2013-03-23 14:22:52"
},
{
"kids":[
"zoN2AftcA"
],
"uid":"2367387212",
"parent":"",
"text":"",
"mid":"zoLlOamzN",
"date":"2013-03-23 14:21:37"
}
]