[
{
"kids":[],
"uid":"1878949953",
"parent":"",
"text":"转发微博。",
"mid":"z2ONaaM0a",
"date":"2012-10-30 06:40:34"
},
{
"kids":[],
"uid":"1417383037",
"parent":"z2BTPpPqC",
"text":"记忆深刻。",
"mid":"z2OzaBr2d",
"date":"2012-10-30 06:06:06"
},
{
"kids":[],
"uid":"luyeluye",
"parent":"",
"text":"",
"mid":"z2MufylLe",
"date":"2012-10-30 00:48:29"
},
{
"kids":[],
"uid":"1180356550",
"parent":"z2BTPpPqC",
"text":"",
"mid":"z2J2A2hxa",
"date":"2012-10-29 16:02:04"
},
{
"kids":[],
"uid":"1887126274",
"parent":"z2C7Brvfu",
"text":"越来越极端，索幸不要化工企业来，世界也别运转了",
"mid":"z2IwDn2WU",
"date":"2012-10-29 14:43:23"
},
{
"kids":[],
"uid":"2170650932",
"parent":"",
"text":"@火月影霄",
"mid":"z2HTV7wKQ",
"date":"2012-10-29 13:07:59"
},
{
"kids":[],
"uid":"2808864432",
"parent":"z2CjsiT6d",
"text":"",
"mid":"z2Hcab9Wd",
"date":"2012-10-29 11:20:10"
},
{
"kids":[],
"uid":"2919540272",
"parent":"z2CjsiT6d",
"text":"",
"mid":"z2Hcab9Uo",
"date":"2012-10-29 11:20:11"
},
{
"kids":[],
"uid":"1988875745",
"parent":"",
"text":"转发微博。",
"mid":"z2GmqjPv2",
"date":"2012-10-29 09:12:43"
},
{
"kids":[],
"uid":"1961529013",
"parent":"",
"text":"竟然还在大学城……",
"mid":"z2GhnpPfT",
"date":"2012-10-29 09:00:17"
},
{
"kids":[],
"uid":"1572553292",
"parent":"",
"text":"@陶瓷人偶2011 @敦珠_百花私处 @来瓶陈醋 @宁晶世界",
"mid":"z2FT7AEk2",
"date":"2012-10-29 08:00:32"
},
{
"kids":[],
"uid":"1572553292",
"parent":"",
"text":"",
"mid":"z2FSW7lck",
"date":"2012-10-29 08:00:04"
},
{
"kids":[],
"uid":"1584037352",
"parent":"z2CjsiT6d",
"text":"",
"mid":"z2FGFchhc",
"date":"2012-10-29 07:29:50"
},
{
"kids":[],
"uid":"1973110275",
"parent":"z2FqGprDZ",
"text":"Zhuan",
"mid":"z2Fs02uhd",
"date":"2012-10-29 06:53:42"
},
{
"kids":[
"z2Fs02uhd"
],
"uid":"2186250791",
"parent":"",
"text":"转发微博。",
"mid":"z2FqGprDZ",
"date":"2012-10-29 06:50:28"
},
{
"kids":[],
"uid":"d8c8",
"parent":"z2CiRngFR",
"text":"大家帮忙转发 谢谢",
"mid":"z2F964DUF",
"date":"2012-10-29 06:07:08"
},
{
"kids":[],
"uid":"prinzecheme",
"parent":"z2EtWuQTT",
"text":"剧毒氰化物管理十分严格，不仅工厂重重保护，当地政府部门也会监管，大规模氰化物泄露导致大规模死伤基本不可能。",
"mid":"z2EPWcw0s",
"date":"2012-10-29 05:19:56"
},
{
"kids":[
"z2EPWcw0s"
],
"uid":"pittsburgh",
"parent":"",
"text":"已google。wikipedia文章如下——此次灾难被称为Bhopal Disater，泄露气体主要为methyl isocyanate @微博小秘书 请对谣言采取措施",
"mid":"z2EtWuQTT",
"date":"2012-10-29 04:25:45"
},
{
"kids":[],
"uid":"2804768864",
"parent":"",
"text":"",
"mid":"z2DAwcEZf",
"date":"2012-10-29 02:09:12"
},
{
"kids":[],
"uid":"2266487647",
"parent":"z2CnoleO5",
"text":"",
"mid":"z2Di4EV9W",
"date":"2012-10-29 01:23:46"
},
{
"kids":[],
"uid":"1803064590",
"parent":"z2BTPpPqC",
"text":"",
"mid":"z2D9bA5kX",
"date":"2012-10-29 01:01:52"
},
{
"kids":[],
"uid":"2145785217",
"parent":"z2BTPpPqC",
"text":"",
"mid":"z2D6S09xh",
"date":"2012-10-29 00:56:09"
},
{
"kids":[],
"uid":"1865787661",
"parent":"z2C8O9qUT",
"text":"[泪]",
"mid":"z2D5OCHP8",
"date":"2012-10-29 00:53:35"
},
{
"kids":[],
"uid":"1145252671",
"parent":"",
"text":"",
"mid":"z2D5qoU3a",
"date":"2012-10-29 00:52:36"
},
{
"kids":[],
"uid":"1093182627",
"parent":"z2BTPpPqC",
"text":"",
"mid":"z2D378YhY",
"date":"2012-10-29 00:46:54"
},
{
"kids":[],
"uid":"1418114730",
"parent":"z2CiRngFR",
"text":"",
"mid":"z2CVjFeH1",
"date":"2012-10-29 00:27:41"
},
{
"kids":[],
"uid":"830526123",
"parent":"z2Cad2lhi",
"text":"难道就没有人关注过南京的px项目？",
"mid":"z2CEK154S",
"date":"2012-10-28 23:46:49"
},
{
"kids":[],
"uid":"coconutyue",
"parent":"z2BTPpPqC",
"text":"",
"mid":"z2CzYv59g",
"date":"2012-10-28 23:35:05"
},
{
"kids":[],
"uid":"aameepagyd",
"parent":"z2CnoleO5",
"text":"死了也倒算了，就怕被弄个半死不活。哎~",
"mid":"z2CzW9n26",
"date":"2012-10-28 23:35:01"
},
{
"kids":[],
"uid":"1441598361",
"parent":"z2BTPpPqC",
"text":"",
"mid":"z2CtvuIPH",
"date":"2012-10-28 23:19:11"
},
{
"kids":[],
"uid":"1709043611",
"parent":"z2CloAkUa",
"text":"",
"mid":"z2Crss0DE",
"date":"2012-10-28 23:14:08"
},
{
"kids":[
"z2Di4EV9W",
"z2CzW9n26"
],
"uid":"1889952700",
"parent":"z2CjsiT6d",
"text":"上海的空气最近非常不好'谁能帮忙解决下'嗓子难受",
"mid":"z2CnoleO5",
"date":"2012-10-28 23:04:08"
},
{
"kids":[],
"uid":"wsdie",
"parent":"",
"text":"这个谣言造的有点丧心病狂了，博帕尔惨案泄露的是制造农药“西维因”的氰化物，跟批叉没有半毛钱关系",
"mid":"z2Cmw0l99",
"date":"2012-10-28 23:01:57"
},
{
"kids":[],
"uid":"divingpanda",
"parent":"z2BTPpPqC",
"text":"我就不明白韩国日本那些px 项目怎么就可以得到民众理解落地",
"mid":"z2ClImv8J",
"date":"2012-10-28 22:59:59"
},
{
"kids":[
"z2Crss0DE"
],
"uid":"1709043611",
"parent":"",
"text":"",
"mid":"z2CloAkUa",
"date":"2012-10-28 22:59:12"
},
{
"kids":[],
"uid":"1619644830",
"parent":"z2BTPpPqC",
"text":"",
"mid":"z2CkXDuQY",
"date":"2012-10-28 22:58:09"
},
{
"kids":[],
"uid":"1769476482",
"parent":"",
"text":"转发微博。",
"mid":"z2CjN0n1Q",
"date":"2012-10-28 22:55:13"
},
{
"kids":[
"z2Hcab9Wd",
"z2Hcab9Uo",
"z2FGFchhc",
"z2CnoleO5"
],
"uid":"xiaowenwenautoman",
"parent":"z2Chypoip",
"text":"[吃惊][闭嘴]",
"mid":"z2CjsiT6d",
"date":"2012-10-28 22:54:25"
},
{
"kids":[
"z2F964DUF",
"z2CVjFeH1"
],
"uid":"1750707721",
"parent":"z2BTPpPqC",
"text":"应该转给大连人民看看， P~X项目貌似一直在正常运转中",
"mid":"z2CiRngFR",
"date":"2012-10-28 22:52:57"
},
{
"kids":[],
"uid":"2003267677",
"parent":"z2Cc5cLtd",
"text":"南京也有吧",
"mid":"z2CicAZBp",
"date":"2012-10-28 22:51:18"
},
{
"kids":[
"z2CjsiT6d"
],
"uid":"lithiumliu",
"parent":"z2BTPpPqC",
"text":"",
"mid":"z2Chypoip",
"date":"2012-10-28 22:49:44"
},
{
"kids":[],
"uid":"2181126575",
"parent":"",
"text":"",
"mid":"z2CfrwyvF",
"date":"2012-10-28 22:44:32"
},
{
"kids":[],
"uid":"1830125343",
"parent":"",
"text":"这不是生化危机吗？",
"mid":"z2Cf9tVXy",
"date":"2012-10-28 22:43:46"
},
{
"kids":[],
"uid":"1589037155",
"parent":"",
"text":"",
"mid":"z2Cdz6Qy1",
"date":"2012-10-28 22:39:53"
},
{
"kids":[
"z2CicAZBp"
],
"uid":"2103021164",
"parent":"z2Cad2lhi",
"text":"",
"mid":"z2Cc5cLtd",
"date":"2012-10-28 22:36:14"
},
{
"kids":[],
"uid":"aoniayyx",
"parent":"z2Cad2lhi",
"text":"",
"mid":"z2CbWkIw8",
"date":"2012-10-28 22:35:52"
},
{
"kids":[
"z2CEK154S",
"z2Cc5cLtd",
"z2CbWkIw8"
],
"uid":"kerrzhang",
"parent":"z2BTPpPqC",
"text":"",
"mid":"z2Cad2lhi",
"date":"2012-10-28 22:31:38"
},
{
"kids":[
"z2D5OCHP8"
],
"uid":"1162013484",
"parent":"z2BTPpPqC",
"text":"[衰]",
"mid":"z2C8O9qUT",
"date":"2012-10-28 22:28:11"
},
{
"kids":[],
"uid":"2601160687",
"parent":"",
"text":"",
"mid":"z2C80vJid",
"date":"2012-10-28 22:26:14"
},
{
"kids":[
"z2IwDn2WU"
],
"uid":"2165319790",
"parent":"z2C1zklVD",
"text":"Lake_ice:没脑子的暴民，印度那个根本不是PX项目，漏的是异氰酸甲酯（MIC）",
"mid":"z2C7Brvfu",
"date":"2012-10-28 22:25:13"
},
{
"kids":[],
"uid":"1459367390",
"parent":"z2C5Sa74w",
"text":"民主国家也不会允许造谣煽动动乱吧？",
"mid":"z2C7qtTjk",
"date":"2012-10-28 22:24:45"
},
{
"kids":[
"z2C7qtTjk"
],
"uid":"2642953450",
"parent":"z2BZIpd4G",
"text":"印度是民主国家吧？",
"mid":"z2C5Sa74w",
"date":"2012-10-28 22:20:56"
},
{
"kids":[],
"uid":"1734199207",
"parent":"",
"text":"大连的那个停了吗？",
"mid":"z2C556gke",
"date":"2012-10-28 22:19:00"
},
{
"kids":[],
"uid":"238496123",
"parent":"z2BTPpPqC",
"text":"",
"mid":"z2C3ws7Ct",
"date":"2012-10-28 22:15:11"
},
{
"kids":[],
"uid":"2672299784",
"parent":"z2BTPpPqC",
"text":"@芋头嘴嘴 @楚形人 @冲出自己的圈子",
"mid":"z2C27CjCL",
"date":"2012-10-28 22:11:43"
},
{
"kids":[
"z2C7Brvfu"
],
"uid":"treeofmercury",
"parent":"z2BTPpPqC",
"text":"PX工艺里有氰化物？暴民越走越远了",
"mid":"z2C1zklVD",
"date":"2012-10-28 22:10:21"
},
{
"kids":[
"z2C5Sa74w"
],
"uid":"1459367390",
"parent":"",
"text":"你丫没被送进毒气室是老天没长眼！你丫凌迟死都不解恨！@宁波发布 你要及时辟谣、别他妈尸位素餐！f**k sob你丫@麦兜style ！",
"mid":"z2BZIpd4G",
"date":"2012-10-28 22:05:44"
},
{
"kids":[],
"uid":"1459367390",
"parent":"z2BTPpPqC",
"text":"印度博帕尔泄漏的是一种叫异氰酸甲酯（MIC）的剧毒气体。@麦兜style 你怎么没被mic直接毒死呢、然后留在这里祸害？！@宁波发布 Google一下会死啊？！",
"mid":"z2BXH6LrC",
"date":"2012-10-28 22:00:47"
},
{
"kids":[],
"uid":"yangwenli28",
"parent":"z2BTPpPqC",
"text":"px毒性这么强？？？",
"mid":"z2BWk0MSs",
"date":"2012-10-28 21:57:24"
},
{
"kids":[],
"uid":"2240405791",
"parent":"z2BTPpPqC",
"text":"",
"mid":"z2BW3oZmz",
"date":"2012-10-28 21:56:46"
},
{
"kids":[],
"uid":"3048900417",
"parent":"z2BTPpPqC",
"text":"",
"mid":"z2BUy5ELM",
"date":"2012-10-28 21:53:03"
},
{
"kids":[],
"uid":"1723114617",
"parent":"",
"text":"政府一边短信说停 一边市政府门口冲出武警拖人进去打~",
"mid":"z2BUfrP4H",
"date":"2012-10-28 21:52:15"
},
{
"kids":[],
"uid":"1865283717",
"parent":"z2BTPpPqC",
"text":"[吃惊]",
"mid":"z2BU0nt2b",
"date":"2012-10-28 21:51:41"
},
{
"kids":[
"z2OzaBr2d",
"z2J2A2hxa",
"z2D9bA5kX",
"z2D6S09xh",
"z2D378YhY",
"z2CzYv59g",
"z2CtvuIPH",
"z2ClImv8J",
"z2CkXDuQY",
"z2CiRngFR",
"z2Chypoip",
"z2Cad2lhi",
"z2C8O9qUT",
"z2C3ws7Ct",
"z2C27CjCL",
"z2C1zklVD",
"z2BXH6LrC",
"z2BWk0MSs",
"z2BW3oZmz",
"z2BUy5ELM",
"z2BU0nt2b"
],
"uid":"jiemuxiake",
"parent":"z2BNHscuI",
"text":"",
"mid":"z2BTPpPqC",
"date":"2012-10-28 21:51:18"
},
{
"kids":[],
"uid":"1692997635",
"parent":"z2Brlz0sE",
"text":"",
"mid":"z2BTy0Zay",
"date":"2012-10-28 21:50:36"
},
{
"kids":[],
"uid":"1958348977",
"parent":"z2BNHscuI",
"text":"[吃惊][汗][衰][黑线]",
"mid":"z2BP87eFA",
"date":"2012-10-28 21:39:42"
},
{
"kids":[
"z2BTPpPqC",
"z2BP87eFA"
],
"uid":"yesedanbo",
"parent":"",
"text":"",
"mid":"z2BNHscuI",
"date":"2012-10-28 21:36:10"
},
{
"kids":[],
"uid":"1773140462",
"parent":"z2B1TC3Pz",
"text":"我帮你转",
"mid":"z2BLu4Fis",
"date":"2012-10-28 21:30:43"
},
{
"kids":[],
"uid":"prettywenwen",
"parent":"",
"text":"",
"mid":"z2BJqoTDS",
"date":"2012-10-28 21:25:39"
},
{
"kids":[],
"uid":"1882165281",
"parent":"z2B0F8dXD",
"text":"",
"mid":"z2BE7uMI7",
"date":"2012-10-28 21:12:35"
},
{
"kids":[],
"uid":"1355660967",
"parent":"",
"text":"事情都是被这种别有用心的人挑起来的",
"mid":"z2BDW0YTa",
"date":"2012-10-28 21:12:07"
},
{
"kids":[],
"uid":"zzy518888",
"parent":"z2BwgwSA1",
"text":"不是吧。。。。",
"mid":"z2BBfBQtP",
"date":"2012-10-28 21:05:31"
},
{
"kids":[
"z2BBfBQtP"
],
"uid":"xiaohuihui0",
"parent":"z2Bp0aXFf",
"text":"",
"mid":"z2BwgwSA1",
"date":"2012-10-28 20:53:13"
},
{
"kids":[],
"uid":"1866103830",
"parent":"",
"text":"a ?",
"mid":"z2BrAFlas",
"date":"2012-10-28 20:41:43"
},
{
"kids":[
"z2BTy0Zay"
],
"uid":"xiaokanloushi",
"parent":"z2Bp0aXFf",
"text":"宁波停止PX了，也是一种进步，尽管代价不菲。",
"mid":"z2Brlz0sE",
"date":"2012-10-28 20:41:07"
},
{
"kids":[],
"uid":"shinjico",
"parent":"z2B4H7iZS",
"text":"什么居心？",
"mid":"z2BqPmtT9",
"date":"2012-10-28 20:39:50"
},
{
"kids":[
"z2BwgwSA1",
"z2Brlz0sE"
],
"uid":"1458506722",
"parent":"",
"text":"",
"mid":"z2Bp0aXFf",
"date":"2012-10-28 20:35:19"
},
{
"kids":[],
"uid":"2952165700",
"parent":"",
"text":"",
"mid":"z2BnDDOV1",
"date":"2012-10-28 20:31:59"
},
{
"kids":[],
"uid":"3028408921",
"parent":"",
"text":"",
"mid":"z2BhHsOIp",
"date":"2012-10-28 20:17:22"
},
{
"kids":[],
"uid":"nongba",
"parent":"z2ATP6bgm",
"text":"",
"mid":"z2Bd5u4qI",
"date":"2012-10-28 20:05:59"
},
{
"kids":[],
"uid":"2310230171",
"parent":"z2AVy59c8",
"text":"",
"mid":"z2B7y7IfO",
"date":"2012-10-28 19:52:18"
},
{
"kids":[],
"uid":"1989726427",
"parent":"z2AKefGeg",
"text":"",
"mid":"z2B56etH2",
"date":"2012-10-28 19:46:18"
},
{
"kids":[
"z2BqPmtT9"
],
"uid":"liubmw",
"parent":"z2AZS5Pyj",
"text":"杨博[威武]",
"mid":"z2B4H7iZS",
"date":"2012-10-28 19:45:19"
},
{
"kids":[],
"uid":"1877882360",
"parent":"z2B0Xphbb",
"text":"支持阿！",
"mid":"z2B3ycGfs",
"date":"2012-10-28 19:42:29"
},
{
"kids":[
"z2BLu4Fis"
],
"uid":"1938769651",
"parent":"z2B0Xphbb",
"text":"[哈哈][奥特曼]",
"mid":"z2B1TC3Pz",
"date":"2012-10-28 19:38:25"
},
{
"kids":[],
"uid":"1840821562",
"parent":"z2B0F8dXD",
"text":"专业人士果然不一样",
"mid":"z2B161SY0",
"date":"2012-10-28 19:36:26"
},
{
"kids":[
"z2B3ycGfs",
"z2B1TC3Pz"
],
"uid":"1925412087",
"parent":"z2AKefGeg",
"text":"回复@搞不懂哎:顶起！这个提议好！立项吧",
"mid":"z2B0Xphbb",
"date":"2012-10-28 19:36:07"
},
{
"kids":[
"z2BE7uMI7",
"z2B161SY0"
],
"uid":"1919253767",
"parent":"z2Ao2svPj",
"text":"那个所谓的麦兜就是个sx，和PX毛关系都没有，是农药厂的异氰酸酯爆炸泄露，而且导致巨大伤亡更多的是管理的问题，美方的厂家拒绝提供泄露气体的治疗信息，将气体描述为类似于催泪瓦斯的东西。",
"mid":"z2B0F8dXD",
"date":"2012-10-28 19:35:22"
},
{
"kids":[
"z2B4H7iZS"
],
"uid":"hugh0401",
"parent":"",
"text":"拜托能不能转点靠谱的啊？！印度那个是农药厂跟对二甲苯没半毛钱关系…对二甲苯的生产方式就那么几种：煤干馏副产煤焦油分馏精制；直馏汽油加氢重整抽提；3裂解汽油的C8馏分。那个是要用到氰化合物？！再说了，对二甲苯分子里面都是CH元素，要氰化合物来做死啊！",
"mid":"z2AZS5Pyj",
"date":"2012-10-28 19:33:25"
},
{
"kids":[],
"uid":"huangshaoyan",
"parent":"z2ACC3ihD",
"text":"",
"mid":"z2AXFwmkV",
"date":"2012-10-28 19:28:00"
},
{
"kids":[
"z2B7y7IfO"
],
"uid":"1407647627",
"parent":"z2AR14jlS",
"text":"",
"mid":"z2AVy59c8",
"date":"2012-10-28 19:22:46"
},
{
"kids":[],
"uid":"bfcww",
"parent":"z2AKefGeg",
"text":"这个号好像专门造谣的，说北京出租车窗摇杆必须全都卸掉的也是这个号，一听就知道胡说阿。",
"mid":"z2ATXFu8Z",
"date":"2012-10-28 19:18:50"
},
{
"kids":[
"z2Bd5u4qI"
],
"uid":"2093492011",
"parent":"z2AR14jlS",
"text":"PX。。氰化物。。。氮（蛋）在哪里啊。。。",
"mid":"z2ATP6bgm",
"date":"2012-10-28 19:18:31"
},
{
"kids":[],
"uid":"rickzhaoyi",
"parent":"",
"text":"",
"mid":"z2ASybQ1r",
"date":"2012-10-28 19:15:23"
},
{
"kids":[],
"uid":"1496947131",
"parent":"",
"text":"为抢粉丝的造谣也太过了，这和px毛关系，被爆是枪手微博后掉粉太多急了?",
"mid":"z2ARo7nnQ",
"date":"2012-10-28 19:12:31"
},
{
"kids":[
"z2AVy59c8",
"z2ATP6bgm"
],
"uid":"zjudengjian",
"parent":"z2AKefGeg",
"text":"博帕尔惨案泄露的是剧毒的异氰酸甲酯，虽然我也反对在长江上游搞MDI、在宁波边上搞PX，但希望不要以讹传讹！！！",
"mid":"z2AR14jlS",
"date":"2012-10-28 19:11:35"
},
{
"kids":[],
"uid":"elliott828",
"parent":"z2AwszTgb",
"text":"",
"mid":"z2APZwUuH",
"date":"2012-10-28 19:09:05"
},
{
"kids":[],
"uid":"2643160352",
"parent":"",
"text":"",
"mid":"z2APMdWlj",
"date":"2012-10-28 19:08:31"
},
{
"kids":[],
"uid":"1925412087",
"parent":"z2AKefGeg",
"text":"附议：造谣的要抓！",
"mid":"z2APBxHIn",
"date":"2012-10-28 19:08:08"
},
{
"kids":[
"z2B56etH2",
"z2B0Xphbb",
"z2ATXFu8Z",
"z2AR14jlS",
"z2APBxHIn"
],
"uid":"1938769651",
"parent":"",
"text":"造谣的微博怎么没人来管管啊",
"mid":"z2AKefGeg",
"date":"2012-10-28 18:54:53"
},
{
"kids":[],
"uid":"1891395012",
"parent":"",
"text":"操",
"mid":"z2AJImiaH",
"date":"2012-10-28 18:53:36"
},
{
"kids":[],
"uid":"2023209817",
"parent":"z2AwszTgb",
"text":"",
"mid":"z2AG0tVi6",
"date":"2012-10-28 18:44:29"
},
{
"kids":[],
"uid":"2200142194",
"parent":"",
"text":"宁波加油！",
"mid":"z2AE0nGo0",
"date":"2012-10-28 18:39:33"
},
{
"kids":[
"z2AXFwmkV"
],
"uid":"209107373",
"parent":"",
"text":"",
"mid":"z2ACC3ihD",
"date":"2012-10-28 18:36:06"
},
{
"kids":[],
"uid":"2097914835",
"parent":"z2AwszTgb",
"text":"",
"mid":"z2AzlFJSY",
"date":"2012-10-28 18:28:04"
},
{
"kids":[],
"uid":"investfutures",
"parent":"",
"text":"印度的博帕尔惨案确实不是P／X，但联合碳化物公司因此股价暴跌被陶氏并购却是事实",
"mid":"z2Ayx9Q54",
"date":"2012-10-28 18:26:04"
},
{
"kids":[],
"uid":"jelly2wynne",
"parent":"z2AvP1dDn",
"text":"",
"mid":"z2AxrcCiw",
"date":"2012-10-28 18:23:21"
},
{
"kids":[],
"uid":"1317622953",
"parent":"z2AwszTgb",
"text":"他们的昨天即将成为宁波的明天",
"mid":"z2AxkEKdk",
"date":"2012-10-28 18:23:05"
},
{
"kids":[],
"uid":"mayiheihei",
"parent":"",
"text":"@我是小星星2010 [吃惊][吃惊][吃惊]",
"mid":"z2Ax4ra7Q",
"date":"2012-10-28 18:22:28"
},
{
"kids":[
"z2APZwUuH",
"z2AG0tVi6",
"z2AzlFJSY",
"z2AxkEKdk"
],
"uid":"1950815684",
"parent":"z2AvP1dDn",
"text":"科普",
"mid":"z2AwszTgb",
"date":"2012-10-28 18:20:58"
},
{
"kids":[
"z2AxrcCiw",
"z2AwszTgb"
],
"uid":"2290868542",
"parent":"",
"text":"为了自己和下一代，我还想在宁波呆呢",
"mid":"z2AvP1dDn",
"date":"2012-10-28 18:19:22"
},
{
"kids":[],
"uid":"319409000",
"parent":"z2AnCrolr",
"text":"",
"mid":"z2AtY3Avq",
"date":"2012-10-28 18:14:46"
},
{
"kids":[],
"uid":"2274589392",
"parent":"",
"text":"",
"mid":"z2At7r2he",
"date":"2012-10-28 18:12:42"
},
{
"kids":[],
"uid":"hooboxu",
"parent":"z2Ap4iNAB",
"text":"",
"mid":"z2As7745T",
"date":"2012-10-28 18:10:15"
},
{
"kids":[],
"uid":"1669595660",
"parent":"z2Ao2svPj",
"text":"太恐怖了吧",
"mid":"z2Aq94ZQ9",
"date":"2012-10-28 18:05:24"
},
{
"kids":[],
"uid":"1873960555",
"parent":"",
"text":"",
"mid":"z2Aq43zim",
"date":"2012-10-28 18:05:12"
},
{
"kids":[
"z2As7745T"
],
"uid":"2112841553",
"parent":"",
"text":"@宁波发布",
"mid":"z2Ap4iNAB",
"date":"2012-10-28 18:02:45"
},
{
"kids":[
"z2B0F8dXD",
"z2Aq94ZQ9"
],
"uid":"1840821562",
"parent":"",
"text":"@晓香红茶",
"mid":"z2Ao2svPj",
"date":"2012-10-28 18:00:11"
},
{
"kids":[
"z2AtY3Avq"
],
"uid":"justin8281",
"parent":"",
"text":"",
"mid":"z2AnCrolr",
"date":"2012-10-28 17:59:09"
}
]