[
{
"kids":[],
"uid":"2067329893",
"parent":"",
"text":"快",
"mid":"A6vLBoDF9",
"date":"2013-08-26 12:20:03"
},
{
"kids":[],
"uid":"2789748244",
"parent":"A1G6VsIdX",
"text":"",
"mid":"A2RrWffWN",
"date":"2013-08-02 12:10:48"
},
{
"kids":[],
"uid":"3044649384",
"parent":"A1G6VsIdX",
"text":"",
"mid":"A2HQ7Bafc",
"date":"2013-08-01 11:42:56"
},
{
"kids":[],
"uid":"3045261180",
"parent":"A1G6VsIdX",
"text":"",
"mid":"A2HzicA86",
"date":"2013-08-01 11:01:27"
},
{
"kids":[],
"uid":"1778556124",
"parent":"A1G6VsIdX",
"text":"",
"mid":"A1X4VpGOI",
"date":"2013-07-27 12:40:18"
},
{
"kids":[],
"uid":"2920330922",
"parent":"A1G6VsIdX",
"text":"",
"mid":"A1VAc2zK5",
"date":"2013-07-27 08:51:48"
},
{
"kids":[],
"uid":"2803891244",
"parent":"zFWnRiQmu",
"text":"",
"mid":"A1OCHEcyT",
"date":"2013-07-26 15:08:48"
},
{
"kids":[
"A2RrWffWN",
"A2HQ7Bafc",
"A2HzicA86",
"A1X4VpGOI",
"A1VAc2zK5"
],
"uid":"2920053840",
"parent":"zFWnRiQmu",
"text":"",
"mid":"A1G6VsIdX",
"date":"2013-07-25 17:28:32"
},
{
"kids":[],
"uid":"2920640314",
"parent":"zFWnRiQmu",
"text":"",
"mid":"A1FS47ZHi",
"date":"2013-07-25 16:51:54"
},
{
"kids":[],
"uid":"2919613284",
"parent":"zFWnRiQmu",
"text":"",
"mid":"A0U2z2ZA0",
"date":"2013-07-20 15:05:56"
},
{
"kids":[],
"uid":"2919616112",
"parent":"zFWnRiQmu",
"text":"",
"mid":"A0SLmg22v",
"date":"2013-07-20 11:50:47"
},
{
"kids":[],
"uid":"2919904310",
"parent":"zFWnRiQmu",
"text":"",
"mid":"A0FFZpbZu",
"date":"2013-07-19 02:31:52"
},
{
"kids":[],
"uid":"zengxiansen",
"parent":"A00mWprJp",
"text":"@祈祷V信仰 基本一模一样，骗转发的",
"mid":"A0fTc0dXX",
"date":"2013-07-16 08:52:58"
},
{
"kids":[],
"uid":"2803079780",
"parent":"zFVD0jhkO",
"text":"",
"mid":"A07dG2W7n",
"date":"2013-07-15 10:48:43"
},
{
"kids":[],
"uid":"1623916504",
"parent":"",
"text":"",
"mid":"A030Zyltc",
"date":"2013-07-15 00:06:26"
},
{
"kids":[],
"uid":"1821227780",
"parent":"",
"text":"",
"mid":"A02p5tcOG",
"date":"2013-07-14 22:33:07"
},
{
"kids":[],
"uid":"1934576461",
"parent":"zFXksCi6k",
"text":"",
"mid":"A02nL5lqj",
"date":"2013-07-14 22:29:50"
},
{
"kids":[],
"uid":"3515083802",
"parent":"A005Gaxqy",
"text":"",
"mid":"A01B65vGn",
"date":"2013-07-14 20:29:56"
},
{
"kids":[],
"uid":"2842801075",
"parent":"",
"text":"",
"mid":"A01tXawyM",
"date":"2013-07-14 20:12:19"
},
{
"kids":[],
"uid":"1805075202",
"parent":"",
"text":"",
"mid":"A019qruSA",
"date":"2013-07-14 19:21:46"
},
{
"kids":[],
"uid":"dickylau123",
"parent":"A00Xdpq0B",
"text":"",
"mid":"A00Xi9eZz",
"date":"2013-07-14 18:51:51"
},
{
"kids":[
"A00Xi9eZz"
],
"uid":"2434856304",
"parent":"A00h6qrpJ",
"text":"",
"mid":"A00Xdpq0B",
"date":"2013-07-14 18:51:39"
},
{
"kids":[],
"uid":"1771940912",
"parent":"zFWn6juF6",
"text":"",
"mid":"A00NJ31pC",
"date":"2013-07-14 18:28:15"
},
{
"kids":[],
"uid":"1923453131",
"parent":"",
"text":"",
"mid":"A00NbmTr7",
"date":"2013-07-14 18:26:55"
},
{
"kids":[],
"uid":"2152647644",
"parent":"zFVFFc8nX",
"text":"扩散！",
"mid":"A00BAceOf",
"date":"2013-07-14 17:58:24"
},
{
"kids":[],
"uid":"1797197493",
"parent":"",
"text":"",
"mid":"A00sbtvIl",
"date":"2013-07-14 17:35:15"
},
{
"kids":[],
"uid":"1768100790",
"parent":"",
"text":"",
"mid":"A00qj3oTs",
"date":"2013-07-14 17:30:35"
},
{
"kids":[],
"uid":"1985591463",
"parent":"zFVxXFa7d",
"text":"@Missy_TSQ",
"mid":"A00pc9T33",
"date":"2013-07-14 17:27:52"
},
{
"kids":[
"A0fTc0dXX"
],
"uid":"1893093884",
"parent":"zFVKY4bFN",
"text":"好像今天听广播，淄博大润发也有一个三岁小女孩被40多岁男子抱走，天打雷劈！",
"mid":"A00mWprJp",
"date":"2013-07-14 17:22:18"
},
{
"kids":[],
"uid":"3240294624",
"parent":"zFXksCi6k",
"text":"",
"mid":"A00m3sHRj",
"date":"2013-07-14 17:20:08"
},
{
"kids":[],
"uid":"1588890340",
"parent":"",
"text":"快扩散出去",
"mid":"A00ili02g",
"date":"2013-07-14 17:11:00"
},
{
"kids":[
"A00Xi9eZz",
"A00Xdpq0B"
],
"uid":"2067329893",
"parent":"",
"text":"",
"mid":"A00h6qrpJ",
"date":"2013-07-14 17:07:54"
},
{
"kids":[],
"uid":"1747790632",
"parent":"A009i7Qzu",
"text":"",
"mid":"A00dXpNxk",
"date":"2013-07-14 17:00:09"
},
{
"kids":[],
"uid":"1135974222",
"parent":"zFXkP4xZG",
"text":"",
"mid":"A00dcpqRM",
"date":"2013-07-14 16:58:19"
},
{
"kids":[],
"uid":"23670373",
"parent":"A005Gaxqy",
"text":"",
"mid":"A00bYaUzO",
"date":"2013-07-14 16:55:16"
},
{
"kids":[
"A00dXpNxk"
],
"uid":"foxfu12",
"parent":"zFXsfs8KC",
"text":"",
"mid":"A009i7Qzu",
"date":"2013-07-14 16:48:41"
},
{
"kids":[
"A01B65vGn",
"A00bYaUzO"
],
"uid":"jqjds",
"parent":"zFXkP4xZG",
"text":"请帮忙转发!",
"mid":"A005Gaxqy",
"date":"2013-07-14 16:39:47"
},
{
"kids":[],
"uid":"1826418122",
"parent":"",
"text":"",
"mid":"A003EgYWJ",
"date":"2013-07-14 16:34:47"
},
{
"kids":[],
"uid":"2670147483",
"parent":"zFXoJnDpR",
"text":"[话筒]",
"mid":"A000Zm6Vc",
"date":"2013-07-14 16:28:12"
},
{
"kids":[
"A00dXpNxk",
"A009i7Qzu"
],
"uid":"1796943580",
"parent":"",
"text":"",
"mid":"zFXsfs8KC",
"date":"2013-07-14 16:25:37"
},
{
"kids":[],
"uid":"1913361971",
"parent":"zFXksCi6k",
"text":"",
"mid":"zFXqvDzWZ",
"date":"2013-07-14 16:21:20"
},
{
"kids":[],
"uid":"3478823291",
"parent":"zFXkP4xZG",
"text":"",
"mid":"zFXpC6i2t",
"date":"2013-07-14 16:19:07"
},
{
"kids":[],
"uid":"3145368814",
"parent":"zFXksCi6k",
"text":"",
"mid":"zFXpu5DXm",
"date":"2013-07-14 16:18:48"
},
{
"kids":[
"A000Zm6Vc"
],
"uid":"3320575780",
"parent":"zFXh8EnMS",
"text":"",
"mid":"zFXoJnDpR",
"date":"2013-07-14 16:16:57"
},
{
"kids":[],
"uid":"3478703984",
"parent":"zFXm59mbH",
"text":"",
"mid":"zFXms8tr5",
"date":"2013-07-14 16:11:20"
},
{
"kids":[
"zFXms8tr5"
],
"uid":"3478703984",
"parent":"",
"text":"",
"mid":"zFXm59mbH",
"date":"2013-07-14 16:10:25"
},
{
"kids":[
"A01B65vGn",
"A00dcpqRM",
"A00bYaUzO",
"A005Gaxqy",
"zFXpC6i2t"
],
"uid":"1917610867",
"parent":"zFWuPxsB3",
"text":"",
"mid":"zFXkP4xZG",
"date":"2013-07-14 16:07:19"
},
{
"kids":[],
"uid":"3409993552",
"parent":"zFXksCi6k",
"text":"",
"mid":"zFXkA3doQ",
"date":"2013-07-14 16:06:42"
},
{
"kids":[
"A02nL5lqj",
"A00m3sHRj",
"zFXqvDzWZ",
"zFXpu5DXm",
"zFXkA3doQ"
],
"uid":"3453363552",
"parent":"zFXfLhO80",
"text":"",
"mid":"zFXksCi6k",
"date":"2013-07-14 16:06:26"
},
{
"kids":[],
"uid":"2657740727",
"parent":"",
"text":"帮转。",
"mid":"zFXiVvWdZ",
"date":"2013-07-14 16:02:39"
},
{
"kids":[
"A000Zm6Vc",
"zFXoJnDpR"
],
"uid":"1790889897",
"parent":"",
"text":"",
"mid":"zFXh8EnMS",
"date":"2013-07-14 15:58:16"
},
{
"kids":[
"A02nL5lqj",
"A00m3sHRj",
"zFXqvDzWZ",
"zFXpu5DXm",
"zFXkA3doQ",
"zFXksCi6k"
],
"uid":"3145368814",
"parent":"zFXefBLu4",
"text":"",
"mid":"zFXfLhO80",
"date":"2013-07-14 15:54:51"
},
{
"kids":[],
"uid":"2520572127",
"parent":"",
"text":"[伤心][伤心][伤心]好朋友们，帮帮他们！[话筒][话筒][话筒]",
"mid":"zFXePFxB3",
"date":"2013-07-14 15:52:34"
},
{
"kids":[
"A02nL5lqj",
"A00m3sHRj",
"zFXqvDzWZ",
"zFXpu5DXm",
"zFXkA3doQ",
"zFXksCi6k",
"zFXfLhO80"
],
"uid":"2520572127",
"parent":"zFXbTBnhk",
"text":"[伤心][伤心][伤心][话筒]",
"mid":"zFXefBLu4",
"date":"2013-07-14 15:51:06"
},
{
"kids":[
"A02nL5lqj",
"A00m3sHRj",
"zFXqvDzWZ",
"zFXpu5DXm",
"zFXkA3doQ",
"zFXksCi6k",
"zFXfLhO80",
"zFXefBLu4"
],
"uid":"1835632653",
"parent":"",
"text":"",
"mid":"zFXbTBnhk",
"date":"2013-07-14 15:45:20"
},
{
"kids":[],
"uid":"2517300185",
"parent":"zFWpT96FF",
"text":"",
"mid":"zFXaBhP32",
"date":"2013-07-14 15:42:09"
},
{
"kids":[],
"uid":"1415230271",
"parent":"",
"text":"",
"mid":"zFX9PFmZu",
"date":"2013-07-14 15:40:16"
},
{
"kids":[],
"uid":"1805207962",
"parent":"zFWsRw8mt",
"text":"",
"mid":"zFX47pbka",
"date":"2013-07-14 15:26:08"
},
{
"kids":[],
"uid":"2368145231",
"parent":"zFRdnf4kn",
"text":"",
"mid":"zFWUJyW8z",
"date":"2013-07-14 15:03:03"
},
{
"kids":[],
"uid":"dora816",
"parent":"",
"text":"转，希望小孩平安回家",
"mid":"zFWSJrYp6",
"date":"2013-07-14 14:58:06"
},
{
"kids":[],
"uid":"1003292310",
"parent":"",
"text":"昨天在微信朋友圈已有很多人发了",
"mid":"zFWNS6nWU",
"date":"2013-07-14 14:46:06"
},
{
"kids":[],
"uid":"olay810",
"parent":"zFWpT96FF",
"text":"",
"mid":"zFWGPBOaF",
"date":"2013-07-14 14:28:47"
},
{
"kids":[],
"uid":"3180595072",
"parent":"",
"text":"",
"mid":"zFWGxh074",
"date":"2013-07-14 14:28:04"
},
{
"kids":[],
"uid":"misschildmelody",
"parent":"",
"text":"@及时雨张姐",
"mid":"zFWzW3PqN",
"date":"2013-07-14 14:11:48"
},
{
"kids":[],
"uid":"1684472495",
"parent":"zFW33bqyG",
"text":"[怒]",
"mid":"zFWxDkmT3",
"date":"2013-07-14 14:06:09"
},
{
"kids":[
"A01B65vGn",
"A00dcpqRM",
"A00bYaUzO",
"A005Gaxqy",
"zFXpC6i2t",
"zFXkP4xZG"
],
"uid":"3460792932",
"parent":"",
"text":"",
"mid":"zFWuPxsB3",
"date":"2013-07-14 13:59:14"
},
{
"kids":[
"zFX47pbka"
],
"uid":"shirlly8703",
"parent":"zFWpDdtBy",
"text":"",
"mid":"zFWsRw8mt",
"date":"2013-07-14 13:54:23"
},
{
"kids":[],
"uid":"1871768287",
"parent":"",
"text":"",
"mid":"zFWs0mE3S",
"date":"2013-07-14 13:52:16"
},
{
"kids":[],
"uid":"1855568477",
"parent":"zFWn6juF6",
"text":"",
"mid":"zFWqPoAU4",
"date":"2013-07-14 13:49:22"
},
{
"kids":[
"zFXaBhP32",
"zFWGPBOaF"
],
"uid":"sunshinehome",
"parent":"zFVUoxT41",
"text":"",
"mid":"zFWpT96FF",
"date":"2013-07-14 13:47:03"
},
{
"kids":[],
"uid":"1646087707",
"parent":"",
"text":"",
"mid":"zFWpHkyLf",
"date":"2013-07-14 13:46:35"
},
{
"kids":[
"zFX47pbka",
"zFWsRw8mt"
],
"uid":"yuyuqiyan",
"parent":"zFVPOAE02",
"text":"",
"mid":"zFWpDdtBy",
"date":"2013-07-14 13:46:25"
},
{
"kids":[],
"uid":"1903490911",
"parent":"zFW8e65Qj",
"text":"次奥，这不是前两天我们这一个人发的吗？被忽悠了[怒]",
"mid":"zFWohfk0J",
"date":"2013-07-14 13:43:05"
},
{
"kids":[
"A2RrWffWN",
"A2HQ7Bafc",
"A2HzicA86",
"A1X4VpGOI",
"A1VAc2zK5",
"A1OCHEcyT",
"A1G6VsIdX",
"A1FS47ZHi",
"A0U2z2ZA0",
"A0SLmg22v",
"A0FFZpbZu"
],
"uid":"1938164157",
"parent":"",
"text":"",
"mid":"zFWnRiQmu",
"date":"2013-07-14 13:42:02"
},
{
"kids":[],
"uid":"1404242597",
"parent":"",
"text":"",
"mid":"zFWnPwm2x",
"date":"2013-07-14 13:42:00"
},
{
"kids":[
"A00NJ31pC",
"zFWqPoAU4"
],
"uid":"1242298617",
"parent":"zFW2LFxwb",
"text":"",
"mid":"zFWn6juF6",
"date":"2013-07-14 13:40:10"
},
{
"kids":[],
"uid":"2578110851",
"parent":"zFVUvEc68",
"text":"",
"mid":"zFWmp8F3p",
"date":"2013-07-14 13:38:28"
},
{
"kids":[],
"uid":"syjj80",
"parent":"",
"text":"帮转，万恶的人贩子",
"mid":"zFWkytRYB",
"date":"2013-07-14 13:33:54"
},
{
"kids":[],
"uid":"2275968271",
"parent":"zFURardZ2",
"text":"",
"mid":"zFWkxACMk",
"date":"2013-07-14 13:33:53"
},
{
"kids":[],
"uid":"ilovegaga",
"parent":"",
"text":"",
"mid":"zFWh3zCw1",
"date":"2013-07-14 13:25:17"
},
{
"kids":[],
"uid":"1300535697",
"parent":"zFVTkm4s5",
"text":"",
"mid":"zFWgf6LOw",
"date":"2013-07-14 13:23:17"
},
{
"kids":[],
"uid":"228823",
"parent":"",
"text":"",
"mid":"zFWg008Gh",
"date":"2013-07-14 13:22:40"
},
{
"kids":[],
"uid":"1616311990",
"parent":"",
"text":"Help",
"mid":"zFWfxDHmY",
"date":"2013-07-14 13:21:35"
},
{
"kids":[],
"uid":"1755415775",
"parent":"",
"text":"帮帮忙",
"mid":"zFWfp74yf",
"date":"2013-07-14 13:21:12"
},
{
"kids":[],
"uid":"2722970517",
"parent":"",
"text":"[话筒][话筒][话筒][话筒][话筒][话筒][话筒]",
"mid":"zFWf4lO8F",
"date":"2013-07-14 13:20:24"
},
{
"kids":[],
"uid":"2450056104",
"parent":"",
"text":"",
"mid":"zFWeT87JJ",
"date":"2013-07-14 13:19:57"
},
{
"kids":[],
"uid":"1746460091",
"parent":"",
"text":"速度！",
"mid":"zFWdDsnDT",
"date":"2013-07-14 13:16:53"
},
{
"kids":[],
"uid":"1796549053",
"parent":"",
"text":"",
"mid":"zFWbwwYbU",
"date":"2013-07-14 13:11:40"
},
{
"kids":[],
"uid":"binfenhui",
"parent":"",
"text":"",
"mid":"zFWbqBSjX",
"date":"2013-07-14 13:11:25"
},
{
"kids":[],
"uid":"2048100631",
"parent":"zFVFFc8nX",
"text":"",
"mid":"zFWb03Vqs",
"date":"2013-07-14 13:10:22"
},
{
"kids":[],
"uid":"1654643991",
"parent":"",
"text":"",
"mid":"zFWaFCAn4",
"date":"2013-07-14 13:09:35"
},
{
"kids":[],
"uid":"1780588781",
"parent":"zFVMlsuuS",
"text":"",
"mid":"zFW9c4zC0",
"date":"2013-07-14 13:05:54"
},
{
"kids":[],
"uid":"1369548043",
"parent":"",
"text":"",
"mid":"zFW944DM7",
"date":"2013-07-14 13:05:35"
},
{
"kids":[],
"uid":"1750618137",
"parent":"",
"text":"",
"mid":"zFW8Nc0lO",
"date":"2013-07-14 13:04:56"
},
{
"kids":[
"zFWohfk0J"
],
"uid":"2093896374",
"parent":"",
"text":"亲，这条是旧闻，娃已经找到了。俺报记者核实：此事不久前发生在杭州桐庐，孩子7月1日已在贵州被警方找到。",
"mid":"zFW8e65Qj",
"date":"2013-07-14 13:03:31"
},
{
"kids":[],
"uid":"champagneoolong",
"parent":"",
"text":"",
"mid":"zFW6N5Y2N",
"date":"2013-07-14 13:00:00"
},
{
"kids":[],
"uid":"flyinglight",
"parent":"",
"text":"",
"mid":"zFW5P6u7V",
"date":"2013-07-14 12:57:36"
},
{
"kids":[],
"uid":"1760891570",
"parent":"",
"text":"",
"mid":"zFW5sEobE",
"date":"2013-07-14 12:56:44"
},
{
"kids":[],
"uid":"2261165257",
"parent":"",
"text":"",
"mid":"zFW3eFJoG",
"date":"2013-07-14 12:51:15"
},
{
"kids":[
"zFWxDkmT3"
],
"uid":"2137858775",
"parent":"",
"text":"",
"mid":"zFW33bqyG",
"date":"2013-07-14 12:50:47"
},
{
"kids":[
"A00NJ31pC",
"zFWqPoAU4",
"zFWn6juF6"
],
"uid":"aicairuming",
"parent":"",
"text":"",
"mid":"zFW2LFxwb",
"date":"2013-07-14 12:50:05"
},
{
"kids":[],
"uid":"1869825232",
"parent":"zFVFFc8nX",
"text":"",
"mid":"zFW1OiOdN",
"date":"2013-07-14 12:47:44"
},
{
"kids":[],
"uid":"3381194594",
"parent":"",
"text":"",
"mid":"zFW1BAeiU",
"date":"2013-07-14 12:47:13"
},
{
"kids":[],
"uid":"jackie224",
"parent":"",
"text":"转",
"mid":"zFW0bwihd",
"date":"2013-07-14 12:43:43"
},
{
"kids":[],
"uid":"1751783974",
"parent":"",
"text":"",
"mid":"zFVZOvvhB",
"date":"2013-07-14 12:42:49"
},
{
"kids":[],
"uid":"1934574614",
"parent":"",
"text":"[话筒]新塘附近的留意一下，多一份转发就多一份希望@于建嵘",
"mid":"zFVYGb6p8",
"date":"2013-07-14 12:40:01"
},
{
"kids":[],
"uid":"1375006523",
"parent":"",
"text":"",
"mid":"zFVY17Wt7",
"date":"2013-07-14 12:38:23"
},
{
"kids":[],
"uid":"moyanqinzi",
"parent":"zFVwMmJV2",
"text":"",
"mid":"zFVWJ2qPE",
"date":"2013-07-14 12:35:11"
},
{
"kids":[],
"uid":"arbentsai",
"parent":"zFVxXFa7d",
"text":"",
"mid":"zFVVCsyVF",
"date":"2013-07-14 12:32:29"
},
{
"kids":[],
"uid":"liangfanggsta",
"parent":"zFVDSob25",
"text":"",
"mid":"zFVVx8SSK",
"date":"2013-07-14 12:32:16"
},
{
"kids":[],
"uid":"1559045293",
"parent":"",
"text":"",
"mid":"zFVVcbRsk",
"date":"2013-07-14 12:31:25"
},
{
"kids":[
"zFWmp8F3p"
],
"uid":"2642129804",
"parent":"",
"text":"",
"mid":"zFVUvEc68",
"date":"2013-07-14 12:29:43"
},
{
"kids":[
"zFXaBhP32",
"zFWGPBOaF",
"zFWpT96FF"
],
"uid":"1006133250",
"parent":"",
"text":"",
"mid":"zFVUoxT41",
"date":"2013-07-14 12:29:29"
},
{
"kids":[],
"uid":"1955107527",
"parent":"",
"text":"",
"mid":"zFVTXBk8D",
"date":"2013-07-14 12:28:23"
},
{
"kids":[],
"uid":"2623227693",
"parent":"",
"text":"",
"mid":"zFVTJasFa",
"date":"2013-07-14 12:27:49"
},
{
"kids":[
"zFWgf6LOw"
],
"uid":"1737944047",
"parent":"",
"text":"",
"mid":"zFVTkm4s5",
"date":"2013-07-14 12:26:50"
},
{
"kids":[],
"uid":"2042654752",
"parent":"",
"text":"",
"mid":"zFVSshddm",
"date":"2013-07-14 12:24:40"
},
{
"kids":[],
"uid":"szgll",
"parent":"",
"text":"",
"mid":"zFVQQ6p3Z",
"date":"2013-07-14 12:20:41"
},
{
"kids":[],
"uid":"1245826657",
"parent":"",
"text":"速度转发",
"mid":"zFVQvrOD4",
"date":"2013-07-14 12:19:52"
},
{
"kids":[],
"uid":"1297285697",
"parent":"",
"text":"",
"mid":"zFVQ1fRaU",
"date":"2013-07-14 12:18:40"
},
{
"kids":[
"zFX47pbka",
"zFWsRw8mt",
"zFWpDdtBy"
],
"uid":"1hto0cinderella",
"parent":"zFVDSob25",
"text":"",
"mid":"zFVPOAE02",
"date":"2013-07-14 12:18:10"
},
{
"kids":[],
"uid":"361qq",
"parent":"",
"text":"速转",
"mid":"zFVPruW14",
"date":"2013-07-14 12:17:16"
},
{
"kids":[],
"uid":"2230524103",
"parent":"",
"text":"",
"mid":"zFVPlCUxO",
"date":"2013-07-14 12:17:02"
},
{
"kids":[],
"uid":"2642331493",
"parent":"",
"text":"",
"mid":"zFVOF2x1K",
"date":"2013-07-14 12:15:20"
},
{
"kids":[],
"uid":"2616962960",
"parent":"",
"text":"速转",
"mid":"zFVOBdJ8X",
"date":"2013-07-14 12:15:10"
},
{
"kids":[],
"uid":"2861992984",
"parent":"",
"text":"",
"mid":"zFVOrckro",
"date":"2013-07-14 12:14:47"
},
{
"kids":[],
"uid":"1645485175",
"parent":"",
"text":"",
"mid":"zFVNnAOq8",
"date":"2013-07-14 12:12:11"
},
{
"kids":[],
"uid":"2490531895",
"parent":"",
"text":"",
"mid":"zFVMYbsDB",
"date":"2013-07-14 12:11:09"
},
{
"kids":[],
"uid":"1406479713",
"parent":"",
"text":"@陈士渠 帮找孩子",
"mid":"zFVMW4Rei",
"date":"2013-07-14 12:11:03"
},
{
"kids":[],
"uid":"bfycm",
"parent":"",
"text":"紧急扩散",
"mid":"zFVMvvloH",
"date":"2013-07-14 12:10:02"
},
{
"kids":[
"zFW9c4zC0"
],
"uid":"ichbinsean",
"parent":"",
"text":"",
"mid":"zFVMlsuuS",
"date":"2013-07-14 12:09:37"
},
{
"kids":[],
"uid":"1457586044",
"parent":"",
"text":"",
"mid":"zFVLrAvvA",
"date":"2013-07-14 12:07:25"
},
{
"kids":[],
"uid":"boyili",
"parent":"",
"text":"[din看看]",
"mid":"zFVL3lX5l",
"date":"2013-07-14 12:06:27"
},
{
"kids":[],
"uid":"1802738460",
"parent":"",
"text":"快帮忙转吧！",
"mid":"zFVL11wwR",
"date":"2013-07-14 12:06:20"
},
{
"kids":[
"A0fTc0dXX",
"A00mWprJp"
],
"uid":"206112318",
"parent":"",
"text":"",
"mid":"zFVKY4bFN",
"date":"2013-07-14 12:06:14"
},
{
"kids":[],
"uid":"2540104660",
"parent":"",
"text":"",
"mid":"zFVKryAzH",
"date":"2013-07-14 12:04:57"
},
{
"kids":[],
"uid":"1758822853",
"parent":"",
"text":"",
"mid":"zFVK2rs7N",
"date":"2013-07-14 12:03:57"
},
{
"kids":[],
"uid":"3591878114",
"parent":"",
"text":"",
"mid":"zFVJQC6Wv",
"date":"2013-07-14 12:03:29"
},
{
"kids":[],
"uid":"630383789",
"parent":"",
"text":"帮转！",
"mid":"zFVJN65Wk",
"date":"2013-07-14 12:03:20"
},
{
"kids":[],
"uid":"tiantiansweet",
"parent":"",
"text":"",
"mid":"zFVJdlxUd",
"date":"2013-07-14 12:01:56"
},
{
"kids":[],
"uid":"1722246084",
"parent":"",
"text":"赶紧转，",
"mid":"zFVG5cWAv",
"date":"2013-07-14 11:54:11"
},
{
"kids":[],
"uid":"512395200",
"parent":"",
"text":"",
"mid":"zFVFFtJID",
"date":"2013-07-14 11:53:11"
},
{
"kids":[
"A00BAceOf",
"zFWb03Vqs",
"zFW1OiOdN"
],
"uid":"tomuch",
"parent":"",
"text":"泥马，拐子们，见一个杀一个！！速度！！",
"mid":"zFVFFc8nX",
"date":"2013-07-14 11:53:08"
},
{
"kids":[],
"uid":"2375911820",
"parent":"zFVxHr8sz",
"text":"",
"mid":"zFVFDF9WQ",
"date":"2013-07-14 11:53:06"
},
{
"kids":[
"zFX47pbka",
"zFWsRw8mt",
"zFWpDdtBy",
"zFVVx8SSK",
"zFVPOAE02"
],
"uid":"1461631287",
"parent":"",
"text":"",
"mid":"zFVDSob25",
"date":"2013-07-14 11:48:45"
},
{
"kids":[],
"uid":"1737756763",
"parent":"",
"text":"",
"mid":"zFVDQBGEh",
"date":"2013-07-14 11:48:41"
},
{
"kids":[],
"uid":"2265828852",
"parent":"",
"text":"",
"mid":"zFVDDjSR7",
"date":"2013-07-14 11:48:11"
},
{
"kids":[
"A07dG2W7n"
],
"uid":"1894653590",
"parent":"",
"text":"好心人帮忙啊",
"mid":"zFVD0jhkO",
"date":"2013-07-14 11:46:37"
},
{
"kids":[],
"uid":"datouwawa0505",
"parent":"",
"text":"速度速度",
"mid":"zFVCDyUUc",
"date":"2013-07-14 11:45:42"
},
{
"kids":[],
"uid":"1187911032",
"parent":"",
"text":"",
"mid":"zFVCfl172",
"date":"2013-07-14 11:44:44"
},
{
"kids":[],
"uid":"1980026603",
"parent":"",
"text":"",
"mid":"zFVC6rzOB",
"date":"2013-07-14 11:44:24"
},
{
"kids":[],
"uid":"sunnyjiajia",
"parent":"",
"text":"连小女孩都不放过？！把那些人贩子给宰了吧！[怒][怒][怒]",
"mid":"zFVBKANXi",
"date":"2013-07-14 11:43:31"
},
{
"kids":[],
"uid":"1676154871",
"parent":"",
"text":"",
"mid":"zFVBt9pne",
"date":"2013-07-14 11:42:50"
},
{
"kids":[],
"uid":"1825565505",
"parent":"",
"text":"",
"mid":"zFVBo68Qv",
"date":"2013-07-14 11:42:37"
},
{
"kids":[],
"uid":"ambcw",
"parent":"",
"text":"",
"mid":"zFVB37cNX",
"date":"2013-07-14 11:41:48"
},
{
"kids":[],
"uid":"1463102874",
"parent":"",
"text":"扩散！",
"mid":"zFVAxwGPM",
"date":"2013-07-14 11:40:33"
},
{
"kids":[],
"uid":"ddung11j",
"parent":"",
"text":"转",
"mid":"zFVAsdXbf",
"date":"2013-07-14 11:40:19"
},
{
"kids":[],
"uid":"1746218863",
"parent":"",
"text":"",
"mid":"zFVzPbjq8",
"date":"2013-07-14 11:38:46"
},
{
"kids":[],
"uid":"1955792521",
"parent":"",
"text":"",
"mid":"zFVzInp0N",
"date":"2013-07-14 11:38:31"
},
{
"kids":[],
"uid":"1579089412",
"parent":"",
"text":"",
"mid":"zFVzue8Od",
"date":"2013-07-14 11:37:56"
},
{
"kids":[],
"uid":"tanict",
"parent":"",
"text":"",
"mid":"zFVzst1g2",
"date":"2013-07-14 11:37:52"
},
{
"kids":[],
"uid":"missmybojue",
"parent":"",
"text":"",
"mid":"zFVzd77UB",
"date":"2013-07-14 11:37:15"
},
{
"kids":[],
"uid":"2533134062",
"parent":"",
"text":"",
"mid":"zFVyogWDw",
"date":"2013-07-14 11:35:15"
},
{
"kids":[],
"uid":"2664696951",
"parent":"",
"text":"警察干嘛了?电视不是经常那么多高手警察利用视频几小时就破案的吗？[疑问][话筒]",
"mid":"zFVxZrEEy",
"date":"2013-07-14 11:34:15"
},
{
"kids":[
"A00pc9T33",
"zFVVCsyVF"
],
"uid":"lovelovefish123",
"parent":"",
"text":"",
"mid":"zFVxXFa7d",
"date":"2013-07-14 11:34:12"
},
{
"kids":[
"zFVFDF9WQ"
],
"uid":"1442259464",
"parent":"",
"text":"",
"mid":"zFVxHr8sz",
"date":"2013-07-14 11:33:31"
},
{
"kids":[],
"uid":"1731346163",
"parent":"",
"text":"",
"mid":"zFVxFEE3D",
"date":"2013-07-14 11:33:28"
},
{
"kids":[],
"uid":"2674134291",
"parent":"",
"text":"",
"mid":"zFVxkEmXy",
"date":"2013-07-14 11:32:39"
},
{
"kids":[],
"uid":"1752668115",
"parent":"",
"text":"",
"mid":"zFVxfll6A",
"date":"2013-07-14 11:32:26"
},
{
"kids":[],
"uid":"1958259411",
"parent":"",
"text":"",
"mid":"zFVxaBw1m",
"date":"2013-07-14 11:32:14"
},
{
"kids":[],
"uid":"1940551305",
"parent":"",
"text":"",
"mid":"zFVx1bCn6",
"date":"2013-07-14 11:31:52"
},
{
"kids":[
"zFVWJ2qPE"
],
"uid":"yayaxinruqinmu",
"parent":"",
"text":"",
"mid":"zFVwMmJV2",
"date":"2013-07-14 11:31:15"
},
{
"kids":[],
"uid":"lz301",
"parent":"",
"text":"",
"mid":"zFVwE6nR5",
"date":"2013-07-14 11:30:57"
},
{
"kids":[],
"uid":"liye2010",
"parent":"",
"text":"",
"mid":"zFVwny5U5",
"date":"2013-07-14 11:30:18"
},
{
"kids":[],
"uid":"zhouleian",
"parent":"",
"text":"",
"mid":"zFVvWmS8b",
"date":"2013-07-14 11:29:12"
},
{
"kids":[],
"uid":"zhsdwb8021",
"parent":"",
"text":"",
"mid":"zFVvQbHex",
"date":"2013-07-14 11:28:57"
},
{
"kids":[],
"uid":"1865041284",
"parent":"",
"text":"",
"mid":"zFVvMCUdc",
"date":"2013-07-14 11:28:51"
},
{
"kids":[],
"uid":"2091507223",
"parent":"",
"text":"",
"mid":"zFVvzl6W2",
"date":"2013-07-14 11:28:18"
},
{
"kids":[],
"uid":"1801819642",
"parent":"",
"text":"",
"mid":"zFVvjnoQ0",
"date":"2013-07-14 11:27:39"
},
{
"kids":[],
"uid":"3232745940",
"parent":"",
"text":"",
"mid":"zFVvbElFC",
"date":"2013-07-14 11:27:22"
},
{
"kids":[
"zFWkxACMk"
],
"uid":"mmsleopard",
"parent":"zFTGYBqoz",
"text":"",
"mid":"zFURardZ2",
"date":"2013-07-14 09:48:45"
},
{
"kids":[],
"uid":"2200617663",
"parent":"",
"text":"",
"mid":"zFUKh80c4",
"date":"2013-07-14 09:31:48"
},
{
"kids":[
"zFWkxACMk",
"zFURardZ2"
],
"uid":"1458315990",
"parent":"zFRnwi9TU",
"text":"",
"mid":"zFTGYBqoz",
"date":"2013-07-14 06:50:55"
},
{
"kids":[],
"uid":"1000396465",
"parent":"",
"text":"",
"mid":"zFTGt0Nam",
"date":"2013-07-14 06:49:39"
},
{
"kids":[],
"uid":"2015444691",
"parent":"zFRnwi9TU",
"text":"",
"mid":"zFTEIhQJa",
"date":"2013-07-14 06:45:20"
},
{
"kids":[],
"uid":"1686609121",
"parent":"",
"text":"",
"mid":"zFSpC6SVN",
"date":"2013-07-14 03:35:23"
},
{
"kids":[],
"uid":"2676339661",
"parent":"zFRnwi9TU",
"text":"",
"mid":"zFRUj1aZ6",
"date":"2013-07-14 02:18:15"
},
{
"kids":[],
"uid":"1370391521",
"parent":"",
"text":"",
"mid":"zFRz38T4D",
"date":"2013-07-14 01:25:53"
},
{
"kids":[],
"uid":"2019738410",
"parent":"",
"text":"请大家注意小孩子",
"mid":"zFRrBhlPN",
"date":"2013-07-14 01:07:32"
},
{
"kids":[
"zFWkxACMk",
"zFURardZ2",
"zFTGYBqoz",
"zFTEIhQJa",
"zFRUj1aZ6"
],
"uid":"1047400625",
"parent":"zFRdnf4kn",
"text":"",
"mid":"zFRnwi9TU",
"date":"2013-07-14 00:57:29"
},
{
"kids":[],
"uid":"1784098980",
"parent":"zFRdvcHdV",
"text":"急，求转！",
"mid":"zFRekALQ7",
"date":"2013-07-14 00:34:48"
},
{
"kids":[],
"uid":"2122820817",
"parent":"zFRdnf4kn",
"text":"[爱心传递]",
"mid":"zFRdZBNdb",
"date":"2013-07-14 00:34:01"
},
{
"kids":[
"zFRekALQ7"
],
"uid":"1784098980",
"parent":"",
"text":"",
"mid":"zFRdvcHdV",
"date":"2013-07-14 00:32:47"
},
{
"kids":[
"zFWUJyW8z",
"zFWkxACMk",
"zFURardZ2",
"zFTGYBqoz",
"zFTEIhQJa",
"zFRUj1aZ6",
"zFRnwi9TU",
"zFRdZBNdb"
],
"uid":"ahshan",
"parent":"",
"text":"回复@红姑_LAU:帮忙啊！",
"mid":"zFRdnf4kn",
"date":"2013-07-14 00:32:28"
}
]