[
{
"kids":[],
"uid":"2789876324",
"parent":"yDlIO2L8U",
"text":"",
"mid":"zcZv51D7v",
"date":"2013-01-05 04:19:15"
},
{
"kids":[],
"uid":"1582769361",
"parent":"yDlIO2L8U",
"text":"",
"mid":"zcZv504vy",
"date":"2013-01-05 04:19:16"
},
{
"kids":[],
"uid":"2919297204",
"parent":"yDlIO2L8U",
"text":"",
"mid":"zceGAkIlH",
"date":"2012-12-31 05:08:31"
},
{
"kids":[],
"uid":"2919877954",
"parent":"yDlIO2L8U",
"text":"",
"mid":"zcbHz30XM",
"date":"2012-12-30 21:32:39"
},
{
"kids":[],
"uid":"1582926363",
"parent":"yDlIO2L8U",
"text":"",
"mid":"zcbHyrnfA",
"date":"2012-12-30 21:32:40"
},
{
"kids":[],
"uid":"2789837250",
"parent":"yDlIO2L8U",
"text":"",
"mid":"z4bEdyzeK",
"date":"2012-11-08 06:42:01"
},
{
"kids":[],
"uid":"2803200804",
"parent":"yDlIO2L8U",
"text":"",
"mid":"z4bEdyze7",
"date":"2012-11-08 06:42:01"
},
{
"kids":[],
"uid":"2808752390",
"parent":"yDlIO2L8U",
"text":"",
"mid":"z48vu3L9V",
"date":"2012-11-07 22:42:14"
},
{
"kids":[],
"uid":"2809350314",
"parent":"yDlIO2L8U",
"text":"",
"mid":"z3f5h1O7K",
"date":"2012-11-02 01:36:36"
},
{
"kids":[],
"uid":"2920102884",
"parent":"yDlIO2L8U",
"text":"",
"mid":"z3f5h1O6Y",
"date":"2012-11-02 01:36:36"
},
{
"kids":[],
"uid":"2920117980",
"parent":"yDlIO2L8U",
"text":"",
"mid":"z38AgcH4Y",
"date":"2012-11-01 09:03:42"
},
{
"kids":[],
"uid":"2804007174",
"parent":"yDlIO2L8U",
"text":"",
"mid":"z2gpWohEx",
"date":"2012-10-26 15:09:56"
},
{
"kids":[],
"uid":"2919854680",
"parent":"yDlIO2L8U",
"text":"",
"mid":"z2gpWohDs",
"date":"2012-10-26 15:09:58"
},
{
"kids":[],
"uid":"2656720513",
"parent":"",
"text":"",
"mid":"yFCQsyj13",
"date":"2012-10-09 13:13:16"
},
{
"kids":[],
"uid":"1961529653",
"parent":"",
"text":"[挖鼻屎]",
"mid":"yEvG94s7j",
"date":"2012-10-02 05:08:20"
},
{
"kids":[],
"uid":"eileenhw",
"parent":"",
"text":"没事 大家都信这个是属实的[嘻嘻][嘻嘻]",
"mid":"yDZ8Gr7Ad",
"date":"2012-09-28 18:18:00"
},
{
"kids":[],
"uid":"2805206750",
"parent":"yDlWRt7rg",
"text":"",
"mid":"yDS8jhSvB",
"date":"2012-09-28 00:27:48"
},
{
"kids":[],
"uid":"2920139324",
"parent":"yDlWRt7rg",
"text":"",
"mid":"yDS8jgMPL",
"date":"2012-09-28 00:27:52"
},
{
"kids":[],
"uid":"2919682692",
"parent":"yDJ0YgG6i",
"text":"",
"mid":"yDJAl9xMl",
"date":"2012-09-27 02:42:11"
},
{
"kids":[
"yDJAl9xMl"
],
"uid":"207072369",
"parent":"",
"text":"",
"mid":"yDJ0YgG6i",
"date":"2012-09-27 01:15:03"
},
{
"kids":[],
"uid":"2919684790",
"parent":"yDlWRt7rg",
"text":"",
"mid":"yDEw50YTU",
"date":"2012-09-26 13:47:55"
},
{
"kids":[],
"uid":"1727573957",
"parent":"yDlWRt7rg",
"text":"",
"mid":"yDEw50YPc",
"date":"2012-09-26 13:47:55"
},
{
"kids":[],
"uid":"1728858097",
"parent":"",
"text":"",
"mid":"yDD0njwve",
"date":"2012-09-26 09:57:06"
},
{
"kids":[],
"uid":"2920075514",
"parent":"yDlWRt7rg",
"text":"",
"mid":"yDy50hE1S",
"date":"2012-09-25 21:24:46"
},
{
"kids":[],
"uid":"2919593252",
"parent":"yDlWRt7rg",
"text":"",
"mid":"yDy50hDW6",
"date":"2012-09-25 21:24:46"
},
{
"kids":[],
"uid":"2236284091",
"parent":"yDx6f1SUL",
"text":"一家拿走一块，8000万党员别说80吨",
"mid":"yDxHj2you",
"date":"2012-09-25 20:26:23"
},
{
"kids":[],
"uid":"2031340757",
"parent":"yDx6f1SUL",
"text":"",
"mid":"yDxdBytsl",
"date":"2012-09-25 19:13:13"
},
{
"kids":[
"yDxHj2you",
"yDxdBytsl"
],
"uid":"603234128",
"parent":"yDlFc4pcM",
"text":"",
"mid":"yDx6f1SUL",
"date":"2012-09-25 18:55:04"
},
{
"kids":[],
"uid":"1417303983",
"parent":"",
"text":"额滴神啊",
"mid":"yDuWjp7vR",
"date":"2012-09-25 13:25:08"
},
{
"kids":[],
"uid":"1865329511",
"parent":"yDu00D7H9",
"text":"真丢了也没人知道",
"mid":"yDuTGBkPP",
"date":"2012-09-25 13:18:38"
},
{
"kids":[],
"uid":"2804838164",
"parent":"yDlDacO4I",
"text":"",
"mid":"yDuCIDhkc",
"date":"2012-09-25 12:36:49"
},
{
"kids":[],
"uid":"1061301667",
"parent":"yDlQV23QS",
"text":"",
"mid":"yDusi5Za6",
"date":"2012-09-25 12:11:09"
},
{
"kids":[
"yDuTGBkPP"
],
"uid":"cnszou",
"parent":"yDlQV23QS",
"text":"",
"mid":"yDu00D7H9",
"date":"2012-09-25 11:01:29"
},
{
"kids":[],
"uid":"2487972503",
"parent":"",
"text":"",
"mid":"yDslR3jrW",
"date":"2012-09-25 06:49:48"
},
{
"kids":[],
"uid":"1583935403",
"parent":"yDlDacO4I",
"text":"",
"mid":"yDs5Vy3hc",
"date":"2012-09-25 06:10:33"
},
{
"kids":[],
"uid":"1722905664",
"parent":"yDoakDD4q",
"text":"",
"mid":"yDrZtbfeU",
"date":"2012-09-25 05:54:38"
},
{
"kids":[],
"uid":"1025890020",
"parent":"yDlOYofnQ",
"text":"",
"mid":"yDrbM4hGB",
"date":"2012-09-25 03:52:13"
},
{
"kids":[],
"uid":"2085217455",
"parent":"",
"text":"",
"mid":"yDq4D1SAN",
"date":"2012-09-25 01:01:53"
},
{
"kids":[],
"uid":"2920237092",
"parent":"yDlDacO4I",
"text":"",
"mid":"yDpSSFia4",
"date":"2012-09-25 00:32:56"
},
{
"kids":[],
"uid":"2168531333",
"parent":"yDlDacO4I",
"text":"",
"mid":"yDpSSnGWt",
"date":"2012-09-25 00:32:56"
},
{
"kids":[],
"uid":"1495877597",
"parent":"yDlQV23QS",
"text":"[挖鼻屎]",
"mid":"yDpFnxffn",
"date":"2012-09-24 23:59:40"
},
{
"kids":[],
"uid":"2034220670",
"parent":"",
"text":"",
"mid":"yDpFlaxqq",
"date":"2012-09-24 23:59:34"
},
{
"kids":[],
"uid":"2904400815",
"parent":"yDlU5cAAA",
"text":"跟踪到底！扭到费！",
"mid":"yDoFW3uDX",
"date":"2012-09-24 21:28:14"
},
{
"kids":[],
"uid":"2516148084",
"parent":"yDlQBcHQw",
"text":"没听说啊",
"mid":"yDoAMDpmA",
"date":"2012-09-24 21:15:33"
},
{
"kids":[],
"uid":"1980286583",
"parent":"",
"text":"",
"mid":"yDobyk1Ij",
"date":"2012-09-24 20:13:27"
},
{
"kids":[
"yDrZtbfeU"
],
"uid":"2532847702",
"parent":"",
"text":"",
"mid":"yDoakDD4q",
"date":"2012-09-24 20:10:26"
},
{
"kids":[],
"uid":"1131650005",
"parent":"yDno9uznZ",
"text":"",
"mid":"yDo6T2rAa",
"date":"2012-09-24 20:01:56"
},
{
"kids":[],
"uid":"1778656765",
"parent":"",
"text":"[吃惊]",
"mid":"yDo61f4TA",
"date":"2012-09-24 19:59:47"
},
{
"kids":[],
"uid":"2035659893",
"parent":"",
"text":"真的假的？ 黄金大劫案",
"mid":"yDo5N57co",
"date":"2012-09-24 19:59:14"
},
{
"kids":[],
"uid":"2067446427",
"parent":"",
"text":"",
"mid":"yDo5AjM41",
"date":"2012-09-24 19:58:44"
},
{
"kids":[],
"uid":"347757514wanwjb672",
"parent":"yDlOEmBab",
"text":"",
"mid":"yDo46rKqu",
"date":"2012-09-24 19:55:05"
},
{
"kids":[],
"uid":"208184000",
"parent":"yDm4FtdtF",
"text":"黄金大劫案啊",
"mid":"yDo3Qay9k",
"date":"2012-09-24 19:54:25"
},
{
"kids":[],
"uid":"2173398550",
"parent":"",
"text":"咄咄怪事，80吨国库黄金居然会下落不明？求真相!",
"mid":"yDnT4DRRD",
"date":"2012-09-24 19:27:55"
},
{
"kids":[],
"uid":"1418207154",
"parent":"yDlSprCEz",
"text":"",
"mid":"yDnS1DUI0",
"date":"2012-09-24 19:25:20"
},
{
"kids":[],
"uid":"cooldiy",
"parent":"yDnJdAzqS",
"text":"图中为透明水晶，难怪是不实消息",
"mid":"yDnPvnf8s",
"date":"2012-09-24 19:19:05"
},
{
"kids":[],
"uid":"chuangyuanjita",
"parent":"",
"text":"",
"mid":"yDnORbLU2",
"date":"2012-09-24 19:17:29"
},
{
"kids":[
"yDnPvnf8s"
],
"uid":"liuqiongxiong",
"parent":"yDnmABnPp",
"text":"外星人拿去用了",
"mid":"yDnJdAzqS",
"date":"2012-09-24 19:03:38"
},
{
"kids":[],
"uid":"1299838900",
"parent":"yDno9uznZ",
"text":"",
"mid":"yDnCbby5V",
"date":"2012-09-24 18:46:16"
},
{
"kids":[],
"uid":"2799546933",
"parent":"",
"text":"拿去抵押贷款了。",
"mid":"yDnBbErCv",
"date":"2012-09-24 18:43:51"
},
{
"kids":[],
"uid":"1892627901",
"parent":"yDno9uznZ",
"text":"现实版黄金大劫案",
"mid":"yDnoN5gGF",
"date":"2012-09-24 18:13:18"
},
{
"kids":[
"yDo6T2rAa",
"yDnCbby5V",
"yDnoN5gGF"
],
"uid":"1316227835",
"parent":"",
"text":"这是坑害啊！",
"mid":"yDno9uznZ",
"date":"2012-09-24 18:11:44"
},
{
"kids":[
"yDnJdAzqS"
],
"uid":"retow",
"parent":"",
"text":"怪不得下价@星期绿",
"mid":"yDnmABnPp",
"date":"2012-09-24 18:07:53"
},
{
"kids":[],
"uid":"1873152062",
"parent":"",
"text":"右边是无脑大V的代表",
"mid":"yDniYhIa5",
"date":"2012-09-24 17:58:58"
},
{
"kids":[],
"uid":"2620079477",
"parent":"",
"text":"",
"mid":"yDniI3X93",
"date":"2012-09-24 17:58:18"
},
{
"kids":[],
"uid":"momowufengtuo",
"parent":"yDlDT9vB8",
"text":"[吃惊]",
"mid":"yDnipqM8w",
"date":"2012-09-24 17:57:35"
},
{
"kids":[],
"uid":"919720222",
"parent":"",
"text":"靠，真的？！[怒]",
"mid":"yDnaqc41A",
"date":"2012-09-24 17:37:52"
},
{
"kids":[],
"uid":"2949449440",
"parent":"",
"text":"",
"mid":"yDn6wsuGc",
"date":"2012-09-24 17:28:18"
},
{
"kids":[],
"uid":"1701904393",
"parent":"",
"text":"",
"mid":"yDn4ZkDBu",
"date":"2012-09-24 17:24:30"
},
{
"kids":[],
"uid":"2270118954",
"parent":"yDmS35Vi5",
"text":"天朝爆出的案件没有一个不能撼动世界",
"mid":"yDn1Zc3b1",
"date":"2012-09-24 17:17:05"
},
{
"kids":[],
"uid":"cnnndb",
"parent":"",
"text":"[吃惊]",
"mid":"yDmZCk9OQ",
"date":"2012-09-24 17:11:16"
},
{
"kids":[],
"uid":"bannan2011",
"parent":"",
"text":"",
"mid":"yDmZshhiG",
"date":"2012-09-24 17:10:53"
},
{
"kids":[],
"uid":"govelandscape",
"parent":"",
"text":"也就相当于一个百亿富豪移民啦，党国淡定[威武]",
"mid":"yDmWMt5ZS",
"date":"2012-09-24 17:04:18"
},
{
"kids":[],
"uid":"shiji47",
"parent":"",
"text":"[吃惊]神马情况？",
"mid":"yDmWJyhYn",
"date":"2012-09-24 17:04:11"
},
{
"kids":[],
"uid":"2299053894",
"parent":"",
"text":"",
"mid":"yDmW7oDnP",
"date":"2012-09-24 17:02:40"
},
{
"kids":[
"yDn1Zc3b1"
],
"uid":"2687969972",
"parent":"yDm4st5JZ",
"text":"",
"mid":"yDmS35Vi5",
"date":"2012-09-24 16:52:38"
},
{
"kids":[],
"uid":"2688944652",
"parent":"",
"text":"",
"mid":"yDmQEdHey",
"date":"2012-09-24 16:49:11"
},
{
"kids":[],
"uid":"1865627290",
"parent":"",
"text":"左小，你能看完动动脑吗",
"mid":"yDmMgCpek",
"date":"2012-09-24 16:38:24"
},
{
"kids":[],
"uid":"2871218511",
"parent":"",
"text":"",
"mid":"yDmHUyOQ9",
"date":"2012-09-24 16:27:39"
},
{
"kids":[],
"uid":"2642031397",
"parent":"",
"text":"",
"mid":"yDmH9gjt3",
"date":"2012-09-24 16:25:48"
},
{
"kids":[],
"uid":"2311875020",
"parent":"",
"text":"",
"mid":"yDmGSswK2",
"date":"2012-09-24 16:25:06"
},
{
"kids":[],
"uid":"imagehuiqueen",
"parent":"",
"text":"现在国家出什么事情都不稀奇了",
"mid":"yDmE7mjGW",
"date":"2012-09-24 16:18:19"
},
{
"kids":[],
"uid":"2136993560",
"parent":"",
"text":"好啊，比当年国民党时代好不到哪去，把江山社稷当儿戏！",
"mid":"yDmBO3t8z",
"date":"2012-09-24 16:12:37"
},
{
"kids":[],
"uid":"gaiyadi",
"parent":"",
"text":"",
"mid":"yDmz51iSN",
"date":"2012-09-24 16:05:54"
},
{
"kids":[],
"uid":"1949288011",
"parent":"",
"text":"",
"mid":"yDmyVhE3W",
"date":"2012-09-24 16:05:31"
},
{
"kids":[],
"uid":"2159130521",
"parent":"yDlUm1GRi",
"text":"找小东北",
"mid":"yDmy723Pu",
"date":"2012-09-24 16:03:31"
},
{
"kids":[],
"uid":"1570583941",
"parent":"yDlQV23QS",
"text":"求证",
"mid":"yDmw1yX9Q",
"date":"2012-09-24 15:58:23"
},
{
"kids":[],
"uid":"2078836061",
"parent":"",
"text":"布达拉宫三十七吨黄金各种珠宝",
"mid":"yDmuV2Toc",
"date":"2012-09-24 15:55:38"
},
{
"kids":[],
"uid":"234538997",
"parent":"",
"text":"",
"mid":"yDmtTgrJl",
"date":"2012-09-24 15:53:06"
},
{
"kids":[],
"uid":"1944998090",
"parent":"",
"text":"窃国之贼，高居庙堂，这种用脚后跟就能想明白的事，调查往往是没有结果的。",
"mid":"yDmsAzrUl",
"date":"2012-09-24 15:49:55"
},
{
"kids":[],
"uid":"1025905753",
"parent":"",
"text":"黄金类似泸州老窖，具有挥发性，300亿小意思，不值一提",
"mid":"yDmrDaOoG",
"date":"2012-09-24 15:47:33"
},
{
"kids":[],
"uid":"tony7l",
"parent":"yDlQV23QS",
"text":"",
"mid":"yDmp1gvIC",
"date":"2012-09-24 15:41:06"
},
{
"kids":[],
"uid":"319361110",
"parent":"",
"text":"",
"mid":"yDmne8BjX",
"date":"2012-09-24 15:36:42"
},
{
"kids":[],
"uid":"1509082383",
"parent":"yDlQV23QS",
"text":"三百亿人民币呀！尼玛胃口的确够大。。。。。。",
"mid":"yDmmrnOoM",
"date":"2012-09-24 15:34:46"
},
{
"kids":[],
"uid":"1799453812",
"parent":"",
"text":"看看@南山书院掌院",
"mid":"yDmlcfNrK",
"date":"2012-09-24 15:31:40"
},
{
"kids":[],
"uid":"1632023113",
"parent":"",
"text":"",
"mid":"yDmk4eo9X",
"date":"2012-09-24 15:28:55"
},
{
"kids":[],
"uid":"1651482084",
"parent":"",
"text":"放美国安全呐",
"mid":"yDmhOpPU5",
"date":"2012-09-24 15:23:23"
},
{
"kids":[],
"uid":"1631390982",
"parent":"yDmdee8VX",
"text":"",
"mid":"yDmhIdARo",
"date":"2012-09-24 15:23:05"
},
{
"kids":[],
"uid":"2025398324",
"parent":"",
"text":"",
"mid":"yDmhE7C74",
"date":"2012-09-24 15:22:57"
},
{
"kids":[],
"uid":"2432820391",
"parent":"",
"text":"",
"mid":"yDmh9nmFg",
"date":"2012-09-24 15:21:44"
},
{
"kids":[],
"uid":"xks2011",
"parent":"",
"text":"哇塞！国库黄金都有人盗用。这个社会尤其是上层权贵们真的是疯狂了。",
"mid":"yDmgIsNWz",
"date":"2012-09-24 15:20:40"
},
{
"kids":[],
"uid":"musicanhua",
"parent":"yDlGghtWx",
"text":"领导拿去买iphone5了吧[偷笑]",
"mid":"yDmgrnfnW",
"date":"2012-09-24 15:19:59"
},
{
"kids":[],
"uid":"2113378652",
"parent":"yDlVfkjb4",
"text":"黄金和汽油一样带挥发性的，不能存太多特别在贪官多的国家！没文化多可怕！280亿小数一单，不值一提！！[哈哈]",
"mid":"yDmgq8L46",
"date":"2012-09-24 15:19:56"
},
{
"kids":[],
"uid":"1986921194",
"parent":"yDlXhabmo",
"text":"",
"mid":"yDmfMA8hG",
"date":"2012-09-24 15:18:22"
},
{
"kids":[],
"uid":"1977034411",
"parent":"yDmdee8VX",
"text":"",
"mid":"yDmft62K0",
"date":"2012-09-24 15:17:35"
},
{
"kids":[],
"uid":"1733314632",
"parent":"yDlOEmBab",
"text":"把他们赶走了，剩下的也是烂摊子!",
"mid":"yDmeaphbn",
"date":"2012-09-24 15:14:21"
},
{
"kids":[],
"uid":"2692741865",
"parent":"",
"text":"还是放美国安全啊",
"mid":"yDme6hY90",
"date":"2012-09-24 15:14:12"
},
{
"kids":[],
"uid":"2722840151",
"parent":"yDlO6BhtJ",
"text":"[围观]",
"mid":"yDmdOdHKR",
"date":"2012-09-24 15:13:29"
},
{
"kids":[],
"uid":"1933067627",
"parent":"",
"text":"",
"mid":"yDmdJe0rn",
"date":"2012-09-24 15:13:19"
},
{
"kids":[
"yDmhIdARo",
"yDmft62K0"
],
"uid":"339529333",
"parent":"",
"text":"以前是谣言！如今转世了？",
"mid":"yDmdee8VX",
"date":"2012-09-24 15:12:04"
},
{
"kids":[],
"uid":"dadaozf",
"parent":"",
"text":"",
"mid":"yDmcC6Lha",
"date":"2012-09-24 15:10:33"
},
{
"kids":[],
"uid":"1217523890",
"parent":"",
"text":"",
"mid":"yDmcc3ih6",
"date":"2012-09-24 15:09:30"
},
{
"kids":[],
"uid":"2116416310",
"parent":"",
"text":"",
"mid":"yDmc5A18n",
"date":"2012-09-24 15:09:16"
},
{
"kids":[],
"uid":"1814640450",
"parent":"",
"text":"等辟谣",
"mid":"yDmbZ5dyF",
"date":"2012-09-24 15:08:59"
},
{
"kids":[],
"uid":"1752641897",
"parent":"",
"text":"",
"mid":"yDmbXBfdB",
"date":"2012-09-24 15:08:56"
},
{
"kids":[],
"uid":"2407073495",
"parent":"",
"text":"",
"mid":"yDmbznkfR",
"date":"2012-09-24 15:07:59"
},
{
"kids":[],
"uid":"1847058187",
"parent":"",
"text":"这个逗了，老百姓见都见不到，更没机会偷，那这个，是谁偷的呢？ 想起和绅的一句话：虎兕出于柙，龟玉毁于椟中，是谁之过与？",
"mid":"yDmbkyOeg",
"date":"2012-09-24 15:07:24"
},
{
"kids":[],
"uid":"2683816201",
"parent":"",
"text":"",
"mid":"yDmbhCn76",
"date":"2012-09-24 15:07:16"
},
{
"kids":[],
"uid":"1913455503",
"parent":"yDlSprCEz",
"text":"",
"mid":"yDmb1mrlV",
"date":"2012-09-24 15:06:36"
},
{
"kids":[],
"uid":"benberba",
"parent":"",
"text":"",
"mid":"yDmaI9bdq",
"date":"2012-09-24 15:05:52"
},
{
"kids":[],
"uid":"1095225730",
"parent":"",
"text":"旧片新拍？谣贴啊",
"mid":"yDmaz0voa",
"date":"2012-09-24 15:05:30"
},
{
"kids":[],
"uid":"2423450042",
"parent":"",
"text":"",
"mid":"yDmakgs7Y",
"date":"2012-09-24 15:04:55"
},
{
"kids":[],
"uid":"kingofcds",
"parent":"yDlVfkjb4",
"text":"？？？传说中会跑？？",
"mid":"yDm9j1VHP",
"date":"2012-09-24 15:02:22"
},
{
"kids":[],
"uid":"fpizy",
"parent":"",
"text":"我敢说绝对不是一天搬走的，80吨，累也累死了。",
"mid":"yDm9ine9n",
"date":"2012-09-24 15:02:24"
},
{
"kids":[],
"uid":"1568454757",
"parent":"",
"text":"",
"mid":"yDm96AVQS",
"date":"2012-09-24 15:01:55"
},
{
"kids":[],
"uid":"1893455321",
"parent":"yDlFeb4Hw",
"text":"[威武]",
"mid":"yDm8Jeio7",
"date":"2012-09-24 15:00:59"
},
{
"kids":[],
"uid":"2274876004",
"parent":"",
"text":"我擦，真的假的？80吨啊",
"mid":"yDm8Amkys",
"date":"2012-09-24 15:00:38"
},
{
"kids":[],
"uid":"nuannuan110",
"parent":"",
"text":"外星人干的",
"mid":"yDm8qE4Yh",
"date":"2012-09-24 15:00:15"
},
{
"kids":[],
"uid":"2802556697",
"parent":"",
"text":"内鬼！",
"mid":"yDm8fF51V",
"date":"2012-09-24 14:59:49"
},
{
"kids":[],
"uid":"jzashui",
"parent":"yDm1azfN5",
"text":"幾車才能裝走？",
"mid":"yDm89rXxr",
"date":"2012-09-24 14:59:33"
},
{
"kids":[],
"uid":"1737649251",
"parent":"yDlOEmBab",
"text":"这是个笑话",
"mid":"yDm83xjPx",
"date":"2012-09-24 14:59:20"
},
{
"kids":[],
"uid":"pku1984",
"parent":"yDlQU54Ay",
"text":"数量最庞大的公务员系统看不住那一点点黄金？哪天会不会80枚核弹下落不明？[织]",
"mid":"yDm825L5o",
"date":"2012-09-24 14:59:16"
},
{
"kids":[],
"uid":"1259977680",
"parent":"",
"text":"好像主流媒体辟谣过，不知是真是假~",
"mid":"yDm7QfB2r",
"date":"2012-09-24 14:58:48"
},
{
"kids":[],
"uid":"tsonline",
"parent":"yDlOEmBab",
"text":"真牛",
"mid":"yDm7s3NX1",
"date":"2012-09-24 14:57:49"
},
{
"kids":[],
"uid":"312819993",
"parent":"",
"text":"最后的结论会跟《黄金大劫案》一样，被“王水”化光，查无依据。",
"mid":"yDm7rtDNq",
"date":"2012-09-24 14:57:47"
},
{
"kids":[],
"uid":"2183772425",
"parent":"",
"text":"[花心]",
"mid":"yDm7qzpLb",
"date":"2012-09-24 14:57:45"
},
{
"kids":[],
"uid":"1959083805",
"parent":"yDlJauPFt",
"text":"刚才浙江台雍正王朝播到山西国库里300两银子短了270万两",
"mid":"yDm7eaQKu",
"date":"2012-09-24 14:57:14"
},
{
"kids":[],
"uid":"208884594",
"parent":"",
"text":"黄金大劫案",
"mid":"yDm6X3rix",
"date":"2012-09-24 14:56:36"
},
{
"kids":[],
"uid":"1748789832",
"parent":"",
"text":"n久之前就辟谣啦，我还做了个报摘",
"mid":"yDm6W9cZT",
"date":"2012-09-24 14:56:32"
},
{
"kids":[],
"uid":"1845169520",
"parent":"yDm4st5JZ",
"text":"",
"mid":"yDm6U4PCY",
"date":"2012-09-24 14:56:29"
},
{
"kids":[],
"uid":"1001796145",
"parent":"yDm3SsmGn",
"text":"",
"mid":"yDm6Cl4Rr",
"date":"2012-09-24 14:55:48"
},
{
"kids":[],
"uid":"1839638533",
"parent":"",
"text":"",
"mid":"yDm646o0K",
"date":"2012-09-24 14:54:25"
},
{
"kids":[],
"uid":"dalianmaojingjing",
"parent":"yDm5y9rjc",
"text":"@刘小谁 黄金大劫案",
"mid":"yDm60fNJo",
"date":"2012-09-24 14:54:16"
},
{
"kids":[],
"uid":"1920776067",
"parent":"",
"text":"",
"mid":"yDm5Zlyl2",
"date":"2012-09-24 14:54:11"
},
{
"kids":[],
"uid":"1723837473",
"parent":"yDm4st5JZ",
"text":"",
"mid":"yDm5KzR8J",
"date":"2012-09-24 14:53:39"
},
{
"kids":[],
"uid":"fzdca",
"parent":"",
"text":"",
"mid":"yDm5HkUJv",
"date":"2012-09-24 14:53:30"
},
{
"kids":[],
"uid":"2077581655",
"parent":"",
"text":"那帮＂为人民服务＂的管家们尽干些监守自盗的活吧！八十吨黄金，能干这买卖的绝对不是一般银啊！[怒][怒][怒]",
"mid":"yDm5BF5Jb",
"date":"2012-09-24 14:53:18"
},
{
"kids":[
"yDm60fNJo"
],
"uid":"dezhang",
"parent":"",
"text":"",
"mid":"yDm5y9rjc",
"date":"2012-09-24 14:53:07"
},
{
"kids":[],
"uid":"1219732085",
"parent":"",
"text":"查完又要挂一批",
"mid":"yDm5idKW4",
"date":"2012-09-24 14:52:30"
},
{
"kids":[],
"uid":"2585430655",
"parent":"yDm4st5JZ",
"text":"",
"mid":"yDm54BUoa",
"date":"2012-09-24 14:51:59"
},
{
"kids":[],
"uid":"338391333",
"parent":"",
"text":"黄金大劫案",
"mid":"yDm4W2j0J",
"date":"2012-09-24 14:51:38"
},
{
"kids":[],
"uid":"1341417004",
"parent":"yDlOEmBab",
"text":"",
"mid":"yDm4Jkjiy",
"date":"2012-09-24 14:51:05"
},
{
"kids":[
"yDo3Qay9k"
],
"uid":"conman0426",
"parent":"",
"text":"[衰]",
"mid":"yDm4FtdtF",
"date":"2012-09-24 14:50:59"
},
{
"kids":[],
"uid":"2302996711",
"parent":"",
"text":"",
"mid":"yDm4Dp8va",
"date":"2012-09-24 14:50:54"
},
{
"kids":[],
"uid":"2589847697",
"parent":"",
"text":"进入市场了[偷笑]",
"mid":"yDm4CyvtQ",
"date":"2012-09-24 14:50:50"
},
{
"kids":[
"yDmS35Vi5",
"yDm6U4PCY",
"yDm5KzR8J",
"yDm54BUoa"
],
"uid":"2687969972",
"parent":"yDlPsieqE",
"text":"",
"mid":"yDm4st5JZ",
"date":"2012-09-24 14:50:28"
},
{
"kids":[],
"uid":"1678283535",
"parent":"yDlVfkjb4",
"text":"",
"mid":"yDm4j3opy",
"date":"2012-09-24 14:50:04"
},
{
"kids":[],
"uid":"zhangx1120",
"parent":"",
"text":"在黄四郎手里",
"mid":"yDm4cx4qA",
"date":"2012-09-24 14:49:51"
},
{
"kids":[],
"uid":"2329971130",
"parent":"",
"text":"大大大案啊…",
"mid":"yDm4au0n8",
"date":"2012-09-24 14:49:45"
},
{
"kids":[],
"uid":"1884762257",
"parent":"",
"text":"",
"mid":"yDm3Zgif5",
"date":"2012-09-24 14:49:18"
},
{
"kids":[],
"uid":"1834833674",
"parent":"",
"text":"[吃惊]",
"mid":"yDm3UdPan",
"date":"2012-09-24 14:49:06"
},
{
"kids":[
"yDm6Cl4Rr"
],
"uid":"culiangpingguo",
"parent":"",
"text":"",
"mid":"yDm3SsmGn",
"date":"2012-09-24 14:49:03"
},
{
"kids":[],
"uid":"1911187345",
"parent":"yDlSprCEz",
"text":"",
"mid":"yDm3MwEtQ",
"date":"2012-09-24 14:48:47"
},
{
"kids":[],
"uid":"1863457823",
"parent":"",
"text":"[吃惊]",
"mid":"yDm3DlPqi",
"date":"2012-09-24 14:48:24"
},
{
"kids":[],
"uid":"quhuanmengxiang",
"parent":"",
"text":"",
"mid":"yDm3BBzP2",
"date":"2012-09-24 14:48:22"
},
{
"kids":[],
"uid":"1718748332",
"parent":"",
"text":"这盗贼碉堡了好吗--",
"mid":"yDm3vn6zX",
"date":"2012-09-24 14:48:07"
},
{
"kids":[],
"uid":"2244742337",
"parent":"",
"text":"这个央行不是辟谣了吗？到底怎么回事？谁在撒谎？",
"mid":"yDm3v6EyI",
"date":"2012-09-24 14:48:06"
},
{
"kids":[],
"uid":"1833522127",
"parent":"yDlYO3Y7G",
"text":"连粮库都空了，还守得住金库？",
"mid":"yDm3qDiQs",
"date":"2012-09-24 14:47:56"
},
{
"kids":[],
"uid":"hanzhiyong",
"parent":"",
"text":"",
"mid":"yDm3puCev",
"date":"2012-09-24 14:47:52"
},
{
"kids":[],
"uid":"2055632347",
"parent":"",
"text":"",
"mid":"yDm3evyDf",
"date":"2012-09-24 14:47:26"
},
{
"kids":[],
"uid":"2865773032",
"parent":"",
"text":"",
"mid":"yDm3dEduA",
"date":"2012-09-24 14:47:24"
},
{
"kids":[],
"uid":"534556919",
"parent":"yDm0axYpD",
"text":"耸人听闻[怒]",
"mid":"yDm39eqB5",
"date":"2012-09-24 14:47:14"
},
{
"kids":[],
"uid":"hzxq999",
"parent":"yDm0axYpD",
"text":"可能吗？",
"mid":"yDm35nQ7L",
"date":"2012-09-24 14:47:05"
},
{
"kids":[],
"uid":"1434260657",
"parent":"yDlZSwkUX",
"text":"早都辟谣了怎么又出来了",
"mid":"yDm2Ua7LN",
"date":"2012-09-24 14:46:38"
},
{
"kids":[],
"uid":"soccerbet",
"parent":"",
"text":"被张麻子劫了。",
"mid":"yDm2RdPQV",
"date":"2012-09-24 14:46:31"
},
{
"kids":[],
"uid":"1405491624",
"parent":"yDlQV23QS",
"text":"太牛了！80吨的黄金会神奇丢失！",
"mid":"yDm2xoEH5",
"date":"2012-09-24 14:45:43"
},
{
"kids":[],
"uid":"cissydxy",
"parent":"",
"text":"跟近期的表哥表姐表弟表妹们有关吗？",
"mid":"yDm247Rdj",
"date":"2012-09-24 14:44:34"
},
{
"kids":[],
"uid":"1656320897",
"parent":"",
"text":"八十吨···吨·····",
"mid":"yDm1XF8kg",
"date":"2012-09-24 14:44:17"
},
{
"kids":[],
"uid":"2165810467",
"parent":"yDlGTf9lV",
"text":"",
"mid":"yDm1UmEHm",
"date":"2012-09-24 14:44:11"
},
{
"kids":[],
"uid":"1400970745",
"parent":"",
"text":"[吃惊]",
"mid":"yDm1SAaSh",
"date":"2012-09-24 14:44:07"
},
{
"kids":[],
"uid":"angelatwork",
"parent":"",
"text":"",
"mid":"yDm1Qw5TC",
"date":"2012-09-24 14:44:02"
},
{
"kids":[],
"uid":"2413763344",
"parent":"",
"text":"",
"mid":"yDm1Q0oRv",
"date":"2012-09-24 14:44:00"
},
{
"kids":[],
"uid":"2583256487",
"parent":"",
"text":"",
"mid":"yDm1MoMT8",
"date":"2012-09-24 14:43:52"
},
{
"kids":[],
"uid":"liaoshuren",
"parent":"yDlOEmBab",
"text":"这个不是早辟谣了么。。",
"mid":"yDm1wtSba",
"date":"2012-09-24 14:43:14"
},
{
"kids":[
"yDm89rXxr"
],
"uid":"1816672693",
"parent":"yDlOEmBab",
"text":"惊天动地！",
"mid":"yDm1azfN5",
"date":"2012-09-24 14:42:22"
},
{
"kids":[],
"uid":"zhaofeng13818598218",
"parent":"",
"text":"不了了之",
"mid":"yDm0U2BLh",
"date":"2012-09-24 14:41:42"
},
{
"kids":[],
"uid":"crazymose",
"parent":"",
"text":"",
"mid":"yDm0CBnUR",
"date":"2012-09-24 14:41:00"
},
{
"kids":[],
"uid":"2050366663",
"parent":"",
"text":"",
"mid":"yDm0ndCQZ",
"date":"2012-09-24 14:40:24"
},
{
"kids":[],
"uid":"beiguofengguang",
"parent":"",
"text":"咋这么乱，表哥、表嫂、打人、开枪打死人、打砸抢、塌桥、外逃、投毒、偷渡、。。。。。，再加上黄金大逃亡，还真不让人活通快了，全是负面的，正面的没有，真没有！ (10秒前)",
"mid":"yDm0mnkmo",
"date":"2012-09-24 14:40:22"
},
{
"kids":[],
"uid":"2044463697",
"parent":"",
"text":"",
"mid":"yDm0m4Dti",
"date":"2012-09-24 14:40:20"
},
{
"kids":[],
"uid":"xingwxing",
"parent":"",
"text":"",
"mid":"yDm0id4G0",
"date":"2012-09-24 14:40:13"
},
{
"kids":[
"yDm39eqB5",
"yDm35nQ7L"
],
"uid":"2684092253",
"parent":"yDlP6pRhL",
"text":"好莱坞电影黄金大劫案，真实版竟发生在我朝！八十吨！天呐！八万公斤！八万万公克！天文数字，太吓人了！监守自盗！肯定监守自盗！金库固若金汤，岂是一般毛贼可染指的！",
"mid":"yDm0axYpD",
"date":"2012-09-24 14:39:54"
},
{
"kids":[],
"uid":"2504812773",
"parent":"",
"text":"",
"mid":"yDm096Clp",
"date":"2012-09-24 14:39:49"
},
{
"kids":[],
"uid":"wenwenYa910626",
"parent":"",
"text":"原来黄金大劫案每个时代都能发生",
"mid":"yDm06qSHk",
"date":"2012-09-24 14:39:44"
},
{
"kids":[],
"uid":"homework",
"parent":"yDlQV23QS",
"text":"我操～@Arvin-TATA",
"mid":"yDm041gib",
"date":"2012-09-24 14:39:37"
},
{
"kids":[
"yDm2Ua7LN"
],
"uid":"wugufengdeng",
"parent":"yDlSprCEz",
"text":"查！查！查！",
"mid":"yDlZSwkUX",
"date":"2012-09-24 14:39:09"
},
{
"kids":[],
"uid":"1287948465",
"parent":"",
"text":"",
"mid":"yDlZJBCa6",
"date":"2012-09-24 14:38:48"
},
{
"kids":[],
"uid":"1746667053",
"parent":"yDlZ10DHV",
"text":"哎",
"mid":"yDlZBCTlC",
"date":"2012-09-24 14:38:30"
},
{
"kids":[],
"uid":"szc999",
"parent":"",
"text":"",
"mid":"yDlZya6wo",
"date":"2012-09-24 14:38:21"
},
{
"kids":[],
"uid":"1987406793",
"parent":"",
"text":"[得瑟]",
"mid":"yDlZrAW1v",
"date":"2012-09-24 14:38:06"
},
{
"kids":[],
"uid":"1868520357",
"parent":"yDlSspLwc",
"text":"真的？",
"mid":"yDlZrA5An",
"date":"2012-09-24 14:38:07"
},
{
"kids":[],
"uid":"523756757",
"parent":"",
"text":"新浪没有说这个是不实信息，难道是真的？",
"mid":"yDlZo68jq",
"date":"2012-09-24 14:37:58"
},
{
"kids":[],
"uid":"2505166720",
"parent":"",
"text":"",
"mid":"yDlZjmiFs",
"date":"2012-09-24 14:37:47"
},
{
"kids":[],
"uid":"1086542422",
"parent":"",
"text":"",
"mid":"yDlZhjjDe",
"date":"2012-09-24 14:37:42"
},
{
"kids":[
"yDlZBCTlC"
],
"uid":"1151208107",
"parent":"yDlSprCEz",
"text":"[疑问]",
"mid":"yDlZ10DHV",
"date":"2012-09-24 14:37:02"
},
{
"kids":[
"yDm3qDiQs"
],
"uid":"2193118383",
"parent":"",
"text":"各种国有资产都在流失[din推撞]",
"mid":"yDlYO3Y7G",
"date":"2012-09-24 14:36:32"
},
{
"kids":[],
"uid":"010mymusic",
"parent":"",
"text":"怎么还能弄个下落不明？？",
"mid":"yDlYMe2bz",
"date":"2012-09-24 14:36:27"
},
{
"kids":[],
"uid":"1933158793",
"parent":"yDlQV23QS",
"text":"",
"mid":"yDlYyo1Ro",
"date":"2012-09-24 14:35:53"
},
{
"kids":[],
"uid":"1595659574",
"parent":"yDlQV23QS",
"text":"",
"mid":"yDlYmxkgS",
"date":"2012-09-24 14:35:27"
},
{
"kids":[],
"uid":"2120919363",
"parent":"",
"text":"借去买彩票了 最后还落在国库了",
"mid":"yDlYbzl8t",
"date":"2012-09-24 14:34:59"
},
{
"kids":[],
"uid":"1324825931",
"parent":"",
"text":"才80吨，天朝之富，无所谓！",
"mid":"yDlY82OTl",
"date":"2012-09-24 14:34:51"
},
{
"kids":[],
"uid":"1613947683",
"parent":"",
"text":"拍新片",
"mid":"yDlY61UeH",
"date":"2012-09-24 14:34:47"
},
{
"kids":[],
"uid":"barbielu16",
"parent":"yDlVfkjb4",
"text":"@小海天 大案",
"mid":"yDlY1ANMN",
"date":"2012-09-24 14:34:37"
},
{
"kids":[],
"uid":"1921289142",
"parent":"",
"text":"",
"mid":"yDlXVnoFP",
"date":"2012-09-24 14:34:20"
},
{
"kids":[],
"uid":"hetianen789",
"parent":"",
"text":"结果：差无线索！",
"mid":"yDlXoAc3u",
"date":"2012-09-24 14:33:03"
},
{
"kids":[
"yDmfMA8hG"
],
"uid":"thisisray",
"parent":"",
"text":"",
"mid":"yDlXhabmo",
"date":"2012-09-24 14:32:47"
},
{
"kids":[],
"uid":"1996013927",
"parent":"",
"text":"8月跑了821名贪官，和这有关吧？",
"mid":"yDlXcbDoI",
"date":"2012-09-24 14:32:34"
},
{
"kids":[],
"uid":"1963361675",
"parent":"yDlPGrVAt",
"text":"？？？",
"mid":"yDlXbxYIJ",
"date":"2012-09-24 14:32:32"
},
{
"kids":[],
"uid":"heyouyou",
"parent":"",
"text":"",
"mid":"yDlX9vTM1",
"date":"2012-09-24 14:32:28"
},
{
"kids":[],
"uid":"anothersheep",
"parent":"",
"text":"这个案子要参考古龙所著《陆小凤传奇.绣花大盗》。如此扑朔迷离的黄金大案，只有陆小凤，花满楼、司空摘星再加上西门吹雪一起出动才能破得了。根据书里的提示，这种案子一般都有王爷参与的，一般人去查，死了死了的。这个谜案，要成永久谜案喽",
"mid":"yDlX303DB",
"date":"2012-09-24 14:32:12"
},
{
"kids":[],
"uid":"2266292502",
"parent":"",
"text":"",
"mid":"yDlWV26of",
"date":"2012-09-24 14:31:53"
},
{
"kids":[],
"uid":"2617042181",
"parent":"",
"text":"",
"mid":"yDlWTxdbj",
"date":"2012-09-24 14:31:50"
},
{
"kids":[
"yDS8jhSvB",
"yDS8jgMPL",
"yDEw50YTU",
"yDEw50YPc",
"yDy50hE1S",
"yDy50hDW6"
],
"uid":"1066972384",
"parent":"yDlQV23QS",
"text":"",
"mid":"yDlWRt7rg",
"date":"2012-09-24 14:31:45"
},
{
"kids":[],
"uid":"176888178",
"parent":"",
"text":"官仓鼠，大如牛",
"mid":"yDlWQjpDU",
"date":"2012-09-24 14:31:41"
},
{
"kids":[],
"uid":"1996013927",
"parent":"",
"text":"@七兵",
"mid":"yDlWD0sQn",
"date":"2012-09-24 14:31:10"
},
{
"kids":[],
"uid":"2122586520",
"parent":"yDlSspLwc",
"text":"",
"mid":"yDlWBcuvE",
"date":"2012-09-24 14:31:07"
},
{
"kids":[],
"uid":"qqqqkkkk",
"parent":"",
"text":"[挖鼻屎]这个也能丢？",
"mid":"yDlWwbVov",
"date":"2012-09-24 14:30:54"
},
{
"kids":[],
"uid":"1855805643",
"parent":"",
"text":"",
"mid":"yDlWvji4s",
"date":"2012-09-24 14:30:52"
},
{
"kids":[],
"uid":"139176678",
"parent":"yDlV21l7V",
"text":"藏在美国比较稳妥，估计运到那里去了。",
"mid":"yDlWsDynN",
"date":"2012-09-24 14:30:46"
},
{
"kids":[],
"uid":"1737931171",
"parent":"yDlVfkjb4",
"text":"霸气！如果不是监守自盗，就怪了~",
"mid":"yDlWslX2C",
"date":"2012-09-24 14:30:45"
},
{
"kids":[],
"uid":"1900430465",
"parent":"yDlDCgpNm",
"text":"额",
"mid":"yDlWknaVy",
"date":"2012-09-24 14:30:25"
},
{
"kids":[],
"uid":"2233278750",
"parent":"",
"text":"",
"mid":"yDlWeaTfV",
"date":"2012-09-24 14:30:11"
},
{
"kids":[],
"uid":"pszpqmz",
"parent":"",
"text":"",
"mid":"yDlW46LtB",
"date":"2012-09-24 14:29:46"
},
{
"kids":[],
"uid":"1882144453",
"parent":"yDlOEmBab",
"text":"<天下粮仓><纽约大劫案>!两部作品!",
"mid":"yDlVVeNJj",
"date":"2012-09-24 14:29:26"
},
{
"kids":[],
"uid":"1880501655",
"parent":"yDlPVw8iZ",
"text":"这帮废物连黄金都能成吨的丢？监守自盗吧？",
"mid":"yDlVUlyQ2",
"date":"2012-09-24 14:29:24"
},
{
"kids":[],
"uid":"sk8suke",
"parent":"",
"text":"",
"mid":"yDlVRa4xp",
"date":"2012-09-24 14:29:16"
},
{
"kids":[],
"uid":"multimediavision",
"parent":"",
"text":"",
"mid":"yDlVJpw8n",
"date":"2012-09-24 14:28:58"
},
{
"kids":[],
"uid":"1771767604",
"parent":"",
"text":"知情者官员吔，监守自盗，坐地分赃。无视王法。",
"mid":"yDlVIx6Qi",
"date":"2012-09-24 14:28:56"
},
{
"kids":[],
"uid":"2173036365",
"parent":"",
"text":"80×1000×1000×360(金价现在多少，算360吧)= 28800000000元…",
"mid":"yDlVHmgKp",
"date":"2012-09-24 14:28:53"
},
{
"kids":[],
"uid":"redston7709",
"parent":"",
"text":"@山东商报 @山东卫视 @齐鲁晚报 @生活日报 @济南时报 @济南日报新闻在线 @济南日报集团孙华调查",
"mid":"yDlVu3Ief",
"date":"2012-09-24 14:28:20"
},
{
"kids":[],
"uid":"1879468961",
"parent":"yDlSprCEz",
"text":"",
"mid":"yDlVskvUQ",
"date":"2012-09-24 14:28:17"
},
{
"kids":[],
"uid":"2043387425",
"parent":"yDlEU3EGh",
"text":"",
"mid":"yDlVrFAIz",
"date":"2012-09-24 14:28:16"
},
{
"kids":[],
"uid":"1967300992",
"parent":"",
"text":"溶了？",
"mid":"yDlVrrgEK",
"date":"2012-09-24 14:28:15"
},
{
"kids":[],
"uid":"1438753713",
"parent":"",
"text":"@薛蛮子 求辟谣....",
"mid":"yDlVr8viH",
"date":"2012-09-24 14:28:14"
},
{
"kids":[
"yDmgq8L46",
"yDm9j1VHP",
"yDm4j3opy",
"yDlY1ANMN",
"yDlWslX2C"
],
"uid":"howbuygongmu",
"parent":"",
"text":"呃。。。。",
"mid":"yDlVfkjb4",
"date":"2012-09-24 14:27:46"
},
{
"kids":[],
"uid":"2409049005",
"parent":"yDlOEmBab",
"text":"唯独没有公安部，可见不是毛贼干的。",
"mid":"yDlVeFt5n",
"date":"2012-09-24 14:27:45"
},
{
"kids":[],
"uid":"ylw1980bj",
"parent":"",
"text":"ZF真牛，还能干点啥？",
"mid":"yDlV70MSX",
"date":"2012-09-24 14:27:27"
},
{
"kids":[],
"uid":"baobeiweihua",
"parent":"yDlUdrkiS",
"text":"",
"mid":"yDlV6p97N",
"date":"2012-09-24 14:27:25"
},
{
"kids":[],
"uid":"2375494504",
"parent":"",
"text":"",
"mid":"yDlV3uXgV",
"date":"2012-09-24 14:27:18"
},
{
"kids":[],
"uid":"603859316",
"parent":"",
"text":"",
"mid":"yDlV3b3x7",
"date":"2012-09-24 14:27:15"
},
{
"kids":[
"yDlWsDynN"
],
"uid":"1910799347",
"parent":"yDlNHwbaO",
"text":"",
"mid":"yDlV21l7V",
"date":"2012-09-24 14:27:15"
},
{
"kids":[],
"uid":"2268180060",
"parent":"yDlQV23QS",
"text":"已存入米国金库",
"mid":"yDlV0dJCY",
"date":"2012-09-24 14:27:10"
},
{
"kids":[],
"uid":"redston7709",
"parent":"",
"text":"",
"mid":"yDlUY9ECp",
"date":"2012-09-24 14:27:05"
},
{
"kids":[],
"uid":"345485169",
"parent":"",
"text":"",
"mid":"yDlUXxbqk",
"date":"2012-09-24 14:27:04"
},
{
"kids":[],
"uid":"ldb666",
"parent":"",
"text":"",
"mid":"yDlUT9jIz",
"date":"2012-09-24 14:26:53"
},
{
"kids":[],
"uid":"hhl593",
"parent":"",
"text":"[奥特曼][奥特曼][奥特曼]",
"mid":"yDlUR3lee",
"date":"2012-09-24 14:26:48"
},
{
"kids":[],
"uid":"zero2zero",
"parent":"",
"text":"#子夜#",
"mid":"yDlUNcMqH",
"date":"2012-09-24 14:26:39"
},
{
"kids":[],
"uid":"1857568263",
"parent":"yDlQV23QS",
"text":"",
"mid":"yDlUDcWy1",
"date":"2012-09-24 14:26:15"
},
{
"kids":[],
"uid":"2537611031",
"parent":"yDlPGrVAt",
"text":"这个博能火多久",
"mid":"yDlUCA800",
"date":"2012-09-24 14:26:13"
},
{
"kids":[],
"uid":"1400471577",
"parent":"yDlNV78Di",
"text":"赶上了真的黄金大劫案",
"mid":"yDlUuiQbr",
"date":"2012-09-24 14:25:54"
},
{
"kids":[
"yDmy723Pu"
],
"uid":"206049696",
"parent":"yDlNV78Di",
"text":"[吃惊]",
"mid":"yDlUm1GRi",
"date":"2012-09-24 14:25:32"
},
{
"kids":[
"yDlV6p97N"
],
"uid":"unishindo",
"parent":"",
"text":"",
"mid":"yDlUdrkiS",
"date":"2012-09-24 14:25:14"
},
{
"kids":[],
"uid":"1841123731",
"parent":"",
"text":"",
"mid":"yDlU654s2",
"date":"2012-09-24 14:24:55"
},
{
"kids":[
"yDoFW3uDX"
],
"uid":"jinanliu",
"parent":"yDlQV23QS",
"text":"靠，拿去养情妇了[偷笑]",
"mid":"yDlU5cAAA",
"date":"2012-09-24 14:24:54"
},
{
"kids":[],
"uid":"317050001",
"parent":"",
"text":"80T",
"mid":"yDlU3plLr",
"date":"2012-09-24 14:24:48"
},
{
"kids":[],
"uid":"2536129254",
"parent":"yDlPGrVAt",
"text":"",
"mid":"yDlU2y27S",
"date":"2012-09-24 14:24:49"
},
{
"kids":[],
"uid":"208376060",
"parent":"",
"text":"官方己辟谣，看来是真事了",
"mid":"yDlU0s1V6",
"date":"2012-09-24 14:24:44"
},
{
"kids":[],
"uid":"1358612870",
"parent":"yDlPsieqE",
"text":"",
"mid":"yDlTXeZYA",
"date":"2012-09-24 14:24:36"
},
{
"kids":[],
"uid":"2036193407",
"parent":"",
"text":"",
"mid":"yDlTXchAW",
"date":"2012-09-24 14:24:35"
},
{
"kids":[],
"uid":"fengsuran",
"parent":"",
"text":"这是什么情况？",
"mid":"yDlTVpNPk",
"date":"2012-09-24 14:24:32"
},
{
"kids":[],
"uid":"1586888207",
"parent":"",
"text":"黄金大劫案",
"mid":"yDlTTmy5k",
"date":"2012-09-24 14:24:26"
},
{
"kids":[],
"uid":"604164959",
"parent":"",
"text":"江西南昌五号黄金库？@南昌帮帮帮 @365贺华平 @聚南昌",
"mid":"yDlTO5nsP",
"date":"2012-09-24 14:24:13"
},
{
"kids":[],
"uid":"1283301407",
"parent":"",
"text":"不丢才不正常吧。",
"mid":"yDlTG7HL9",
"date":"2012-09-24 14:23:53"
},
{
"kids":[],
"uid":"1768678884",
"parent":"",
"text":"",
"mid":"yDlTo4SIP",
"date":"2012-09-24 14:23:12"
},
{
"kids":[],
"uid":"2137492093",
"parent":"",
"text":"该欢呼才对，他们要走了",
"mid":"yDlTkx5hR",
"date":"2012-09-24 14:23:02"
},
{
"kids":[],
"uid":"7575926",
"parent":"",
"text":"奇艺用",
"mid":"yDlTcgIbb",
"date":"2012-09-24 14:22:43"
},
{
"kids":[],
"uid":"1583538663",
"parent":"yDlLMrK0k",
"text":"",
"mid":"yDlTbnsXn",
"date":"2012-09-24 14:22:42"
},
{
"kids":[],
"uid":"2789699692",
"parent":"yDlLMrK0k",
"text":"",
"mid":"yDlTbnsTp",
"date":"2012-09-24 14:22:39"
},
{
"kids":[],
"uid":"3030003",
"parent":"",
"text":"三明居然上榜了？都没好事。",
"mid":"yDlT1jpeb",
"date":"2012-09-24 14:22:16"
},
{
"kids":[],
"uid":"juegogame",
"parent":"yDlFcEO3l",
"text":"[吃惊]",
"mid":"yDlSXsOYM",
"date":"2012-09-24 14:22:08"
},
{
"kids":[],
"uid":"2716174691",
"parent":"",
"text":"",
"mid":"yDlSW1yX1",
"date":"2012-09-24 14:22:04"
},
{
"kids":[],
"uid":"1869811733",
"parent":"yDlO6BhtJ",
"text":"你也是党员,怎么这么穷呢?",
"mid":"yDlSSaYLT",
"date":"2012-09-24 14:21:56"
},
{
"kids":[],
"uid":"wolforce",
"parent":"yDlSspLwc",
"text":"购买外星技术了?",
"mid":"yDlSSaYE6",
"date":"2012-09-24 14:21:54"
},
{
"kids":[],
"uid":"dezhou0534",
"parent":"yDlO6BhtJ",
"text":"",
"mid":"yDlSRvXaP",
"date":"2012-09-24 14:21:54"
},
{
"kids":[],
"uid":"1566069331",
"parent":"",
"text":"真滴?",
"mid":"yDlSLDsNV",
"date":"2012-09-24 14:21:40"
},
{
"kids":[],
"uid":"1049273195",
"parent":"",
"text":"",
"mid":"yDlSJ0afN",
"date":"2012-09-24 14:21:33"
},
{
"kids":[],
"uid":"2765043570",
"parent":"",
"text":"不是又贼喊捉贼了吧。。。",
"mid":"yDlSBgUl1",
"date":"2012-09-24 14:21:16"
},
{
"kids":[],
"uid":"2093716563",
"parent":"yDlOEmBab",
"text":"黄金大劫案",
"mid":"yDlSwza7z",
"date":"2012-09-24 14:21:02"
},
{
"kids":[],
"uid":"1744042557",
"parent":"",
"text":"",
"mid":"yDlStzMHw",
"date":"2012-09-24 14:20:58"
},
{
"kids":[
"yDlZrA5An",
"yDlWBcuvE",
"yDlSSaYE6"
],
"uid":"wangjiacong",
"parent":"yDlQV23QS",
"text":"求证",
"mid":"yDlSspLwc",
"date":"2012-09-24 14:20:52"
},
{
"kids":[
"yDnS1DUI0",
"yDmb1mrlV",
"yDm3MwEtQ",
"yDlZSwkUX",
"yDlZ10DHV",
"yDlVskvUQ"
],
"uid":"michaelyewen",
"parent":"",
"text":"无法想象，咱们这个牛鼻的大管家把这个国家治理成这个熊样。",
"mid":"yDlSprCEz",
"date":"2012-09-24 14:20:46"
},
{
"kids":[],
"uid":"1757563011",
"parent":"",
"text":"可以做素材",
"mid":"yDlSojZpq",
"date":"2012-09-24 14:20:42"
},
{
"kids":[],
"uid":"2638619894",
"parent":"yDlQV23QS",
"text":"真人板黄金大劫案",
"mid":"yDlSkbNRO",
"date":"2012-09-24 14:20:35"
},
{
"kids":[],
"uid":"siyuxiaobai",
"parent":"",
"text":"哇靠",
"mid":"yDlSipjkG",
"date":"2012-09-24 14:20:29"
},
{
"kids":[],
"uid":"1244774590",
"parent":"",
"text":"",
"mid":"yDlSg3Cew",
"date":"2012-09-24 14:20:24"
},
{
"kids":[],
"uid":"209998478",
"parent":"yDlQV23QS",
"text":"",
"mid":"yDlS9eueT",
"date":"2012-09-24 14:20:08"
},
{
"kids":[],
"uid":"coco0308",
"parent":"",
"text":"",
"mid":"yDlS8k9NF",
"date":"2012-09-24 14:20:06"
},
{
"kids":[],
"uid":"jieaowulei",
"parent":"",
"text":"",
"mid":"yDlS6ffVX",
"date":"2012-09-24 14:20:00"
},
{
"kids":[],
"uid":"1055942247",
"parent":"yDlDT9vB8",
"text":"公仆杰作吧",
"mid":"yDlS4tAZp",
"date":"2012-09-24 14:19:57"
},
{
"kids":[],
"uid":"2894411423",
"parent":"",
"text":"",
"mid":"yDlRYgxa0",
"date":"2012-09-24 14:19:43"
},
{
"kids":[],
"uid":"1694599352",
"parent":"yDlQV23QS",
"text":"这胃口越来越大了",
"mid":"yDlRQCpHy",
"date":"2012-09-24 14:19:23"
},
{
"kids":[],
"uid":"2360842335",
"parent":"",
"text":"那粮库呢?棉库呢?",
"mid":"yDlRMs4lZ",
"date":"2012-09-24 14:19:12"
},
{
"kids":[],
"uid":"fbhyq",
"parent":"",
"text":"这么大案子监守自盗可能性很大吧，建议挨个有关领导审查！",
"mid":"yDlRKELJB",
"date":"2012-09-24 14:19:09"
},
{
"kids":[],
"uid":"2401181035",
"parent":"",
"text":"跟粮仓一样一样的!!!!!!!!",
"mid":"yDlRKnZmC",
"date":"2012-09-24 14:19:09"
},
{
"kids":[],
"uid":"1893871782",
"parent":"yDlFpmUlL",
"text":"哇~！",
"mid":"yDlRDhGHi",
"date":"2012-09-24 14:18:52"
},
{
"kids":[],
"uid":"wsunine",
"parent":"",
"text":"",
"mid":"yDlRweY47",
"date":"2012-09-24 14:18:33"
},
{
"kids":[],
"uid":"1844979924",
"parent":"",
"text":"",
"mid":"yDlRspAYp",
"date":"2012-09-24 14:18:24"
},
{
"kids":[],
"uid":"2238215657",
"parent":"",
"text":"早就证明是假新闻了",
"mid":"yDlRqBTo6",
"date":"2012-09-24 14:18:22"
},
{
"kids":[],
"uid":"1168882075",
"parent":"yDlQV23QS",
"text":"",
"mid":"yDlRk80oM",
"date":"2012-09-24 14:18:05"
},
{
"kids":[],
"uid":"1197277617",
"parent":"",
"text":"乱世黄金盛世古董……",
"mid":"yDlRaCxc7",
"date":"2012-09-24 14:17:44"
},
{
"kids":[],
"uid":"2047905687",
"parent":"",
"text":"",
"mid":"yDlQXFmkr",
"date":"2012-09-24 14:17:12"
},
{
"kids":[
"yDusi5Za6",
"yDu00D7H9",
"yDpFnxffn",
"yDmw1yX9Q",
"yDmp1gvIC",
"yDmmrnOoM",
"yDm2xoEH5",
"yDm041gib",
"yDlYyo1Ro",
"yDlYmxkgS",
"yDlWRt7rg",
"yDlV0dJCY",
"yDlUDcWy1",
"yDlU5cAAA",
"yDlSspLwc",
"yDlSkbNRO",
"yDlS9eueT",
"yDlRQCpHy",
"yDlRk80oM"
],
"uid":"liuqihui",
"parent":"",
"text":"这可不是开玩笑的消息，疑问，求证",
"mid":"yDlQV23QS",
"date":"2012-09-24 14:17:06"
},
{
"kids":[
"yDm825L5o"
],
"uid":"2128011037",
"parent":"",
"text":"@益达whl：【80吨国库黄金下落不明】 @左小祖咒 80吨国库黄金下落不明 香港《动向》：财政部、央行、监察部和审计署已经成立专案组，调查存放在八个省市国库内的黄金储备有八十吨下落不明。列作调查的有山东济南三号黄金库、江西南昌五号黄金库、福建三明七号黄金库。",
"mid":"yDlQU54Ay",
"date":"2012-09-24 14:17:04"
},
{
"kids":[],
"uid":"chucksony",
"parent":"",
"text":"",
"mid":"yDlQSDVmK",
"date":"2012-09-24 14:17:01"
},
{
"kids":[],
"uid":"2335435992",
"parent":"yDlNG48HZ",
"text":"",
"mid":"yDlQFkTxB",
"date":"2012-09-24 14:16:27"
},
{
"kids":[
"yDoAMDpmA"
],
"uid":"jzrobert",
"parent":"",
"text":"@大脸小鼻姐 真的啊？",
"mid":"yDlQBcHQw",
"date":"2012-09-24 14:16:17"
},
{
"kids":[],
"uid":"2951362984",
"parent":"",
"text":"这个该怎么销赃啊，国库的黄金一上市就会被发现啊",
"mid":"yDlQm9Di7",
"date":"2012-09-24 14:15:43"
},
{
"kids":[],
"uid":"tyougi2010",
"parent":"",
"text":"这点钱算个p，全国苟官一年三公牙缝都不够塞",
"mid":"yDlQ7Djhy",
"date":"2012-09-24 14:15:09"
},
{
"kids":[],
"uid":"1880921441",
"parent":"",
"text":"",
"mid":"yDlQ5iQrn",
"date":"2012-09-24 14:15:03"
},
{
"kids":[],
"uid":"1848010054",
"parent":"",
"text":"现实版黄金大案",
"mid":"yDlPXiQ5g",
"date":"2012-09-24 14:14:44"
},
{
"kids":[],
"uid":"1218799910",
"parent":"",
"text":"",
"mid":"yDlPVwlAv",
"date":"2012-09-24 14:14:40"
},
{
"kids":[
"yDlVUlyQ2"
],
"uid":"2049211852",
"parent":"",
"text":"@传说中的宇2504372725 @参天小树苗--CUC 这个牛逼了。。",
"mid":"yDlPVw8iZ",
"date":"2012-09-24 14:14:40"
},
{
"kids":[],
"uid":"puhw",
"parent":"",
"text":"被王水给溶了。[嘻嘻]",
"mid":"yDlPVeKbu",
"date":"2012-09-24 14:14:39"
},
{
"kids":[],
"uid":"1743148487",
"parent":"",
"text":"",
"mid":"yDlPSAf41",
"date":"2012-09-24 14:14:32"
},
{
"kids":[],
"uid":"1953539673",
"parent":"yDlOEmBab",
"text":"[思考]",
"mid":"yDlPSwTJM",
"date":"2012-09-24 14:14:33"
},
{
"kids":[],
"uid":"wbswolf",
"parent":"yDlOEmBab",
"text":"估计黄金已经到美国，加拿大等地方了。",
"mid":"yDlPS12oV",
"date":"2012-09-24 14:14:31"
},
{
"kids":[],
"uid":"chetailang",
"parent":"",
"text":"电影：黄金大劫案",
"mid":"yDlPQey3E",
"date":"2012-09-24 14:14:27"
},
{
"kids":[],
"uid":"lztenor",
"parent":"yDlNHwbaO",
"text":"进小金库了吧？",
"mid":"yDlPP3Hm2",
"date":"2012-09-24 14:14:24"
},
{
"kids":[],
"uid":"lazi4",
"parent":"",
"text":"这票够大~~~",
"mid":"yDlPNyOp6",
"date":"2012-09-24 14:14:21"
},
{
"kids":[],
"uid":"2923789092",
"parent":"yDlNHwbaO",
"text":"",
"mid":"yDlPJ7EjD",
"date":"2012-09-24 14:14:10"
},
{
"kids":[],
"uid":"2496787471",
"parent":"yDlOEmBab",
"text":"",
"mid":"yDlPH3zkU",
"date":"2012-09-24 14:14:04"
},
{
"kids":[
"yDlXbxYIJ",
"yDlUCA800",
"yDlU2y27S"
],
"uid":"1078679594",
"parent":"yDlNHwbaO",
"text":"",
"mid":"yDlPGrVAt",
"date":"2012-09-24 14:14:04"
},
{
"kids":[],
"uid":"315965557",
"parent":"yDlNV78Di",
"text":"[怒]",
"mid":"yDlPEnQC0",
"date":"2012-09-24 14:13:59"
},
{
"kids":[],
"uid":"1920521302",
"parent":"yDlLBwV7j",
"text":"左小祖咒哈哈哈哈",
"mid":"yDlPAh0kO",
"date":"2012-09-24 14:13:49"
},
{
"kids":[],
"uid":"1935594760",
"parent":"yDlNHwbaO",
"text":"",
"mid":"yDlPw5C3P",
"date":"2012-09-24 14:13:40"
},
{
"kids":[
"yDm4st5JZ",
"yDlTXeZYA"
],
"uid":"1561979683",
"parent":"yDlNHwbaO",
"text":"",
"mid":"yDlPsieqE",
"date":"2012-09-24 14:13:30"
},
{
"kids":[],
"uid":"2048498311",
"parent":"",
"text":"80吨国库黄金下落不明？？？",
"mid":"yDlPr7nYD",
"date":"2012-09-24 14:13:25"
},
{
"kids":[],
"uid":"2480664251",
"parent":"",
"text":"前些天不是还拼命辟谣么，怎么又起来了？",
"mid":"yDlPr7f2x",
"date":"2012-09-24 14:13:27"
},
{
"kids":[],
"uid":"1803129681",
"parent":"",
"text":"神马国库啊，军备啊，军备粮仓啊，这些的建立，就是为了无法分子给“大家”一个各取所需的地方。",
"mid":"yDlPk2Xsy",
"date":"2012-09-24 14:13:10"
},
{
"kids":[],
"uid":"315212666",
"parent":"",
"text":"家贼",
"mid":"yDlPhndKU",
"date":"2012-09-24 14:13:04"
},
{
"kids":[],
"uid":"rainismkang",
"parent":"yDlNV78Di",
"text":"去买钓鱼岛和黄岩岛",
"mid":"yDlPcC8L0",
"date":"2012-09-24 14:12:53"
},
{
"kids":[
"yDm0axYpD"
],
"uid":"534556919",
"parent":"yDlNHwbaO",
"text":"这！[吃惊]",
"mid":"yDlP6pRhL",
"date":"2012-09-24 14:12:36"
},
{
"kids":[],
"uid":"2908811533",
"parent":"yDlNHwbaO",
"text":"[围观][围观][围观]",
"mid":"yDlP5tJds",
"date":"2012-09-24 14:12:37"
},
{
"kids":[],
"uid":"333198291",
"parent":"",
"text":"这事儿得问小东北！",
"mid":"yDlP4lLt2",
"date":"2012-09-24 14:12:32"
},
{
"kids":[],
"uid":"209373779",
"parent":"yDlOEmBab",
"text":"",
"mid":"yDlP3swgA",
"date":"2012-09-24 14:12:29"
},
{
"kids":[
"yDrbM4hGB"
],
"uid":"1711643237",
"parent":"",
"text":"精彩",
"mid":"yDlOYofnQ",
"date":"2012-09-24 14:12:17"
},
{
"kids":[],
"uid":"2771787493",
"parent":"",
"text":"",
"mid":"yDlOXwUWF",
"date":"2012-09-24 14:12:17"
},
{
"kids":[],
"uid":"1786723983",
"parent":"",
"text":"[哈哈]",
"mid":"yDlOUiTDZ",
"date":"2012-09-24 14:12:09"
},
{
"kids":[],
"uid":"1436777695",
"parent":"yDlNV78Di",
"text":"",
"mid":"yDlOSg38U",
"date":"2012-09-24 14:12:04"
},
{
"kids":[],
"uid":"2633553044",
"parent":"",
"text":"不会是放在天堂金库吧！",
"mid":"yDlORlyt7",
"date":"2012-09-24 14:12:02"
},
{
"kids":[],
"uid":"534533802",
"parent":"yDlOEmBab",
"text":"",
"mid":"yDlOOFOBM",
"date":"2012-09-24 14:11:56"
},
{
"kids":[],
"uid":"2316632137",
"parent":"yDlNHwbaO",
"text":"[吃惊]真的假的？",
"mid":"yDlONu7e9",
"date":"2012-09-24 14:11:51"
},
{
"kids":[],
"uid":"2206624737",
"parent":"",
"text":"",
"mid":"yDlOHAhQi",
"date":"2012-09-24 14:11:39"
},
{
"kids":[
"yDo46rKqu",
"yDmeaphbn",
"yDm83xjPx",
"yDm7s3NX1",
"yDm4Jkjiy",
"yDm1wtSba",
"yDm1azfN5",
"yDlVVeNJj",
"yDlVeFt5n",
"yDlSwza7z",
"yDlPSwTJM",
"yDlPS12oV",
"yDlPH3zkU",
"yDlP3swgA",
"yDlOOFOBM"
],
"uid":"yzh",
"parent":"",
"text":"别找纪委，找武警黄金部队持枪追捕丫们。",
"mid":"yDlOEmBab",
"date":"2012-09-24 14:11:31"
},
{
"kids":[],
"uid":"532256756",
"parent":"yDlNHwbaO",
"text":"",
"mid":"yDlOxwFUC",
"date":"2012-09-24 14:11:15"
},
{
"kids":[],
"uid":"qianjin1969",
"parent":"",
"text":"",
"mid":"yDlOrCJSK",
"date":"2012-09-24 14:11:01"
},
{
"kids":[],
"uid":"1233904150",
"parent":"",
"text":"？真的？国家机密吧",
"mid":"yDlOpyDXi",
"date":"2012-09-24 14:10:56"
},
{
"kids":[],
"uid":"2367183265",
"parent":"",
"text":"这个~~~可以有~~~~黄金大劫案！！！！",
"mid":"yDlOarQiu",
"date":"2012-09-24 14:10:21"
},
{
"kids":[],
"uid":"2275100857",
"parent":"",
"text":"",
"mid":"yDlO9yBmP",
"date":"2012-09-24 14:10:18"
},
{
"kids":[],
"uid":"ypcsyt",
"parent":"",
"text":"划到每省才10吨，不算多。",
"mid":"yDlO8pFDn",
"date":"2012-09-24 14:10:13"
},
{
"kids":[
"yDmdOdHKR",
"yDlSSaYLT",
"yDlSRvXaP"
],
"uid":"1884792311",
"parent":"",
"text":"同意！",
"mid":"yDlO6BhtJ",
"date":"2012-09-24 14:10:10"
},
{
"kids":[
"yDlUuiQbr",
"yDlUm1GRi",
"yDlPEnQC0",
"yDlPcC8L0",
"yDlOSg38U"
],
"uid":"netcar9910",
"parent":"yDlNHwbaO",
"text":"",
"mid":"yDlNV78Di",
"date":"2012-09-24 14:09:43"
},
{
"kids":[],
"uid":"2158016464",
"parent":"",
"text":"",
"mid":"yDlNM05kf",
"date":"2012-09-24 14:09:21"
},
{
"kids":[],
"uid":"2162713790",
"parent":"",
"text":"[晕]",
"mid":"yDlNLoroA",
"date":"2012-09-24 14:09:20"
},
{
"kids":[],
"uid":"2264732011",
"parent":"",
"text":"",
"mid":"yDlNKtVGd",
"date":"2012-09-24 14:09:18"
},
{
"kids":[],
"uid":"1695225160",
"parent":"",
"text":"直接问红十字会要",
"mid":"yDlNKckry",
"date":"2012-09-24 14:09:16"
},
{
"kids":[],
"uid":"sonart",
"parent":"",
"text":"",
"mid":"yDlNI8evB",
"date":"2012-09-24 14:09:12"
},
{
"kids":[
"yDlV21l7V",
"yDlPP3Hm2",
"yDlPJ7EjD",
"yDlPGrVAt",
"yDlPw5C3P",
"yDlPsieqE",
"yDlP6pRhL",
"yDlP5tJds",
"yDlONu7e9",
"yDlOxwFUC",
"yDlNV78Di"
],
"uid":"316630333",
"parent":"",
"text":"尼玛能买半个小日本了！[怒]",
"mid":"yDlNHwbaO",
"date":"2012-09-24 14:09:11"
},
{
"kids":[
"yDlQFkTxB"
],
"uid":"2012changyuan",
"parent":"",
"text":"",
"mid":"yDlNG48HZ",
"date":"2012-09-24 14:09:07"
},
{
"kids":[],
"uid":"1519072195",
"parent":"",
"text":"放我家抽屉里都比放国库保险…",
"mid":"yDlNtEpoL",
"date":"2012-09-24 14:08:38"
},
{
"kids":[],
"uid":"dyfpdd",
"parent":"",
"text":"",
"mid":"yDlNkuCkq",
"date":"2012-09-24 14:08:16"
},
{
"kids":[],
"uid":"2156750837",
"parent":"",
"text":"",
"mid":"yDlN9wp0P",
"date":"2012-09-24 14:07:50"
},
{
"kids":[],
"uid":"1040970030",
"parent":"",
"text":"做成炮弹，打到钓鱼岛去。",
"mid":"yDlN9iaUc",
"date":"2012-09-24 14:07:49"
},
{
"kids":[],
"uid":"1766480721",
"parent":"",
"text":"擦，黄金大劫案",
"mid":"yDlN0Ff8T",
"date":"2012-09-24 14:07:28"
},
{
"kids":[],
"uid":"fangyushu",
"parent":"yDlLnlRWY",
"text":"",
"mid":"yDlMZwUQY",
"date":"2012-09-24 14:07:26"
},
{
"kids":[],
"uid":"haitracy1216",
"parent":"yDlIw52GP",
"text":"其实…捆扎妥当的纸币也是非常重的…",
"mid":"yDlMZc01R",
"date":"2012-09-24 14:07:25"
},
{
"kids":[],
"uid":"207194012",
"parent":"",
"text":"真假？！多不好变现啊！",
"mid":"yDlMYDFzr",
"date":"2012-09-24 14:07:23"
},
{
"kids":[],
"uid":"bjyangjianming",
"parent":"",
"text":"",
"mid":"yDlMQ3f2e",
"date":"2012-09-24 14:07:03"
},
{
"kids":[],
"uid":"2267754863",
"parent":"",
"text":"现实版的！",
"mid":"yDlMNEjDR",
"date":"2012-09-24 14:06:58"
},
{
"kids":[],
"uid":"2176133541",
"parent":"",
"text":"鬼才知道藏哪儿去了！",
"mid":"yDlML1Q5s",
"date":"2012-09-24 14:06:51"
},
{
"kids":[],
"uid":"fanrenart",
"parent":"",
"text":"",
"mid":"yDlMJ0af6",
"date":"2012-09-24 14:06:44"
},
{
"kids":[],
"uid":"701227976",
"parent":"",
"text":"",
"mid":"yDlMnngF0",
"date":"2012-09-24 14:05:54"
},
{
"kids":[],
"uid":"q67701",
"parent":"",
"text":"呵呵，别找了，在西方资本主义国家那里给我们妥善保管呢。",
"mid":"yDlMhbYZb",
"date":"2012-09-24 14:05:38"
},
{
"kids":[],
"uid":"qfwfq",
"parent":"",
"text":"",
"mid":"yDlMdEi0z",
"date":"2012-09-24 14:05:32"
},
{
"kids":[],
"uid":"1889357570",
"parent":"",
"text":"神奇阿天朝，大贼偷黄金匿于美国，小贼盗黄金藏于家室？",
"mid":"yDlM4d4ku",
"date":"2012-09-24 14:05:09"
},
{
"kids":[],
"uid":"1782740987",
"parent":"",
"text":"只要有机会，人人抢银行，个个掏国库。这就是天朝现状。",
"mid":"yDlLRrzT9",
"date":"2012-09-24 14:04:40"
},
{
"kids":[
"yDlTbnsXn",
"yDlTbnsTp"
],
"uid":"hujiaoxiaojie",
"parent":"",
"text":"咦莫非流到河里了，这是真的假的？",
"mid":"yDlLMrK0k",
"date":"2012-09-24 14:04:27"
},
{
"kids":[],
"uid":"2130906447",
"parent":"",
"text":"出大事了",
"mid":"yDlLH8HF5",
"date":"2012-09-24 14:04:12"
},
{
"kids":[],
"uid":"1753026430",
"parent":"",
"text":"偷天换日！",
"mid":"yDlLGgKDK",
"date":"2012-09-24 14:04:12"
},
{
"kids":[
"yDlPAh0kO"
],
"uid":"pimaozi",
"parent":"yDlGhskwM",
"text":"@公安部打四黑除四害 有人散布谣言，而且还是已经辟过的谣言。",
"mid":"yDlLBwV7j",
"date":"2012-09-24 14:04:01"
},
{
"kids":[],
"uid":"2001729514",
"parent":"",
"text":"从专案组的结构看，80T黄金属于监守自盗。",
"mid":"yDlLyfdlt",
"date":"2012-09-24 14:03:53"
},
{
"kids":[],
"uid":"2000208251",
"parent":"",
"text":"有点意思",
"mid":"yDlLtfftr",
"date":"2012-09-24 14:03:39"
},
{
"kids":[],
"uid":"1712907801",
"parent":"",
"text":"[围观]",
"mid":"yDlLqj0Fw",
"date":"2012-09-24 14:03:33"
},
{
"kids":[
"yDlMZwUQY"
],
"uid":"1644328753",
"parent":"",
"text":"",
"mid":"yDlLnlRWY",
"date":"2012-09-24 14:03:27"
},
{
"kids":[],
"uid":"nieuu",
"parent":"",
"text":"",
"mid":"yDlLhpkoL",
"date":"2012-09-24 14:03:14"
},
{
"kids":[],
"uid":"phonecen",
"parent":"",
"text":"此前是谣言，果然是遥远的预言",
"mid":"yDlLbeUlq",
"date":"2012-09-24 14:02:58"
},
{
"kids":[],
"uid":"1877924857",
"parent":"",
"text":"转发微博。",
"mid":"yDlLaD4av",
"date":"2012-09-24 14:02:57"
},
{
"kids":[],
"uid":"1828386615",
"parent":"",
"text":"真的假啊？八十吨？我只要一块就可以了",
"mid":"yDlKYxphk",
"date":"2012-09-24 14:02:26"
},
{
"kids":[],
"uid":"1874474004",
"parent":"",
"text":"",
"mid":"yDlKWtjD7",
"date":"2012-09-24 14:02:23"
},
{
"kids":[],
"uid":"1268208992",
"parent":"",
"text":"80吨[浮云]",
"mid":"yDlKU4Nyy",
"date":"2012-09-24 14:02:17"
},
{
"kids":[],
"uid":"2128173723",
"parent":"",
"text":"",
"mid":"yDlKSl7WP",
"date":"2012-09-24 14:02:12"
},
{
"kids":[],
"uid":"2330615974",
"parent":"",
"text":"",
"mid":"yDlKS0IyV",
"date":"2012-09-24 14:02:12"
},
{
"kids":[],
"uid":"atu21",
"parent":"",
"text":"+1",
"mid":"yDlKLfBmb",
"date":"2012-09-24 14:01:56"
},
{
"kids":[],
"uid":"1843762307",
"parent":"",
"text":"",
"mid":"yDlKF0AMy",
"date":"2012-09-24 14:01:41"
},
{
"kids":[],
"uid":"2168104391",
"parent":"",
"text":"",
"mid":"yDlKAyoal",
"date":"2012-09-24 14:01:31"
},
{
"kids":[],
"uid":"1872174745",
"parent":"",
"text":"",
"mid":"yDlKz59Ah",
"date":"2012-09-24 14:01:28"
},
{
"kids":[],
"uid":"2021775457",
"parent":"",
"text":"@微博小秘书 求辟谣。",
"mid":"yDlKpBy7n",
"date":"2012-09-24 14:01:05"
},
{
"kids":[],
"uid":"leeleewaiwai",
"parent":"",
"text":"",
"mid":"yDlKhETUm",
"date":"2012-09-24 14:00:46"
},
{
"kids":[],
"uid":"1707167995",
"parent":"",
"text":"牛了",
"mid":"yDlKhoBKG",
"date":"2012-09-24 14:00:45"
},
{
"kids":[],
"uid":"2268373884",
"parent":"",
"text":"国家储备还不够一千吨吧?一下少十分一？太能编了",
"mid":"yDlKh70ph",
"date":"2012-09-24 14:00:44"
},
{
"kids":[],
"uid":"1419457761",
"parent":"",
"text":"OMG！这得多大功夫才运走啊！",
"mid":"yDlKahLAk",
"date":"2012-09-24 14:00:28"
},
{
"kids":[],
"uid":"liyue1003",
"parent":"",
"text":"",
"mid":"yDlKagxs5",
"date":"2012-09-24 14:00:28"
},
{
"kids":[],
"uid":"2640716917",
"parent":"",
"text":"真的假的？",
"mid":"yDlK8eZgY",
"date":"2012-09-24 14:00:23"
},
{
"kids":[],
"uid":"1715438314",
"parent":"",
"text":"",
"mid":"yDlK4op4C",
"date":"2012-09-24 14:00:13"
},
{
"kids":[],
"uid":"2404839013",
"parent":"",
"text":"",
"mid":"yDlK20dtm",
"date":"2012-09-24 14:00:09"
},
{
"kids":[],
"uid":"zhuzhuxiaoaojianghu",
"parent":"",
"text":"",
"mid":"yDlK1ozHm",
"date":"2012-09-24 14:00:07"
},
{
"kids":[],
"uid":"1879839512",
"parent":"",
"text":"让我咱感觉回到了清朝。。。怪不得钓鱼岛回不来",
"mid":"yDlK19sqI",
"date":"2012-09-24 14:00:06"
},
{
"kids":[],
"uid":"1748911653",
"parent":"",
"text":"",
"mid":"yDlJZ42TN",
"date":"2012-09-24 14:00:01"
},
{
"kids":[],
"uid":"3110914",
"parent":"",
"text":"呵呵呵呵",
"mid":"yDlJYrfOh",
"date":"2012-09-24 14:00:00"
},
{
"kids":[],
"uid":"freeread",
"parent":"",
"text":"居然有三明",
"mid":"yDlJPyuTc",
"date":"2012-09-24 13:59:39"
},
{
"kids":[],
"uid":"234519361",
"parent":"",
"text":"我发现，难倒宁浩也会成为预言家？",
"mid":"yDlJMjzOi",
"date":"2012-09-24 13:59:29"
},
{
"kids":[],
"uid":"2270978827",
"parent":"",
"text":"",
"mid":"yDlJFxwxU",
"date":"2012-09-24 13:59:13"
},
{
"kids":[],
"uid":"1400436140",
"parent":"",
"text":"",
"mid":"yDlJnehAm",
"date":"2012-09-24 13:58:31"
},
{
"kids":[],
"uid":"1880464900",
"parent":"",
"text":"？",
"mid":"yDlJndmhW",
"date":"2012-09-24 13:58:31"
},
{
"kids":[],
"uid":"2836679382",
"parent":"",
"text":"擦",
"mid":"yDlJivMab",
"date":"2012-09-24 13:58:18"
},
{
"kids":[
"yDm7eaQKu"
],
"uid":"1700533672",
"parent":"",
"text":"80吨啊~~~等于8千万克啊~~ 按现在400一克算 320亿啊~~",
"mid":"yDlJauPFt",
"date":"2012-09-24 13:58:01"
},
{
"kids":[],
"uid":"benzh",
"parent":"",
"text":"这种盗窃国库的方式比起那些动辄上千万上亿几十亿行贿受贿的盗取方式要幸苦得多，多累啊！",
"mid":"yDlIQr2Jk",
"date":"2012-09-24 13:57:12"
},
{
"kids":[
"zcZv51D7v",
"zcZv504vy",
"zceGAkIlH",
"zcbHz30XM",
"zcbHyrnfA",
"z4bEdyzeK",
"z4bEdyze7",
"z48vu3L9V",
"z3f5h1O7K",
"z3f5h1O6Y",
"z38AgcH4Y",
"z2gpWohEx",
"z2gpWohDs"
],
"uid":"keeptheromantic",
"parent":"",
"text":"",
"mid":"yDlIO2L8U",
"date":"2012-09-24 13:57:08"
},
{
"kids":[],
"uid":"1592769853",
"parent":"",
"text":"",
"mid":"yDlILEDAC",
"date":"2012-09-24 13:57:02"
},
{
"kids":[],
"uid":"lvhongbing",
"parent":"",
"text":"满朝尽带黄金走。",
"mid":"yDlIIpIwt",
"date":"2012-09-24 13:56:54"
},
{
"kids":[],
"uid":"2344107824",
"parent":"",
"text":"",
"mid":"yDlIH19rY",
"date":"2012-09-24 13:56:48"
},
{
"kids":[],
"uid":"1728106122",
"parent":"",
"text":"只有俩字，呵呵。",
"mid":"yDlIFtbyM",
"date":"2012-09-24 13:56:47"
},
{
"kids":[],
"uid":"520106999",
"parent":"",
"text":"估计被官员倒卖，流向市场，真正做到藏富于民了……",
"mid":"yDlIAqZHT",
"date":"2012-09-24 13:56:35"
},
{
"kids":[],
"uid":"2382909013",
"parent":"",
"text":"[吃惊]真的吗？",
"mid":"yDlIyFiMg",
"date":"2012-09-24 13:56:32"
},
{
"kids":[],
"uid":"1800963281",
"parent":"",
"text":"",
"mid":"yDlIypoY5",
"date":"2012-09-24 13:56:30"
},
{
"kids":[
"yDlMZc01R"
],
"uid":"njufz",
"parent":"",
"text":"你以为搬黄金就是搬钞票那么容易……",
"mid":"yDlIw52GP",
"date":"2012-09-24 13:56:24"
},
{
"kids":[],
"uid":"zhyl",
"parent":"",
"text":"",
"mid":"yDlIt3Uxy",
"date":"2012-09-24 13:56:17"
},
{
"kids":[],
"uid":"oneredcloth",
"parent":"",
"text":"找宁浩。",
"mid":"yDlIq91MH",
"date":"2012-09-24 13:56:10"
},
{
"kids":[],
"uid":"2682675475",
"parent":"",
"text":"求辟谣",
"mid":"yDlIlnzJn",
"date":"2012-09-24 13:55:59"
},
{
"kids":[],
"uid":"1071751730",
"parent":"",
"text":"这个和咱小百姓唯一的关系就是钱没了",
"mid":"yDlIdqqrG",
"date":"2012-09-24 13:55:40"
},
{
"kids":[],
"uid":"fml1982",
"parent":"",
"text":"如果金价大幅变动,则有可能,是真的。",
"mid":"yDlHY5S6Z",
"date":"2012-09-24 13:55:03"
},
{
"kids":[],
"uid":"liclyr",
"parent":"",
"text":"真实版大劫案",
"mid":"yDlHXcCMb",
"date":"2012-09-24 13:55:01"
},
{
"kids":[],
"uid":"vivianxu2010",
"parent":"yDlDuBy5z",
"text":"@wickedly @砚田雅缘 还记得谭老师甚为感动的老王的故事不",
"mid":"yDlHXcCI5",
"date":"2012-09-24 13:54:59"
},
{
"kids":[],
"uid":"freeread",
"parent":"",
"text":"窃国大盗",
"mid":"yDlHIE0Fz",
"date":"2012-09-24 13:54:27"
},
{
"kids":[],
"uid":"2585836733",
"parent":"",
"text":"不是吧[挖鼻屎][挖鼻屎][挖鼻屎]",
"mid":"yDlHt426J",
"date":"2012-09-24 13:53:49"
},
{
"kids":[],
"uid":"2496797165",
"parent":"",
"text":"",
"mid":"yDlHsr2o8",
"date":"2012-09-24 13:53:46"
},
{
"kids":[],
"uid":"ginway",
"parent":"",
"text":"",
"mid":"yDlHqoipu",
"date":"2012-09-24 13:53:43"
},
{
"kids":[],
"uid":"kevin99",
"parent":"",
"text":"",
"mid":"yDlHl1SBX",
"date":"2012-09-24 13:53:30"
},
{
"kids":[],
"uid":"2711397964",
"parent":"",
"text":"宁浩早就知道了",
"mid":"yDlHjAn3V",
"date":"2012-09-24 13:53:25"
},
{
"kids":[],
"uid":"adsfasdfasdf",
"parent":"",
"text":"救国会还是垓溜子党？！",
"mid":"yDlHjfoMS",
"date":"2012-09-24 13:53:26"
},
{
"kids":[],
"uid":"laymant",
"parent":"",
"text":"",
"mid":"yDlH9xvt9",
"date":"2012-09-24 13:53:03"
},
{
"kids":[],
"uid":"848412104",
"parent":"",
"text":"求辟谣，这完全是污蔑我挡，污蔑我人民民主专政制度的优越性，你们这些攻击当今全宇宙最先进政治制度的人居心叵测啊，我先去算算换成RMB后面几个0.....求政府拿出80吨来辟谣，砸死造谣者和怀疑论者~~",
"mid":"yDlH60XRa",
"date":"2012-09-24 13:52:52"
},
{
"kids":[],
"uid":"1752831507",
"parent":"",
"text":"转换为GDP了",
"mid":"yDlGZrojg",
"date":"2012-09-24 13:52:38"
},
{
"kids":[
"yDm1UmEHm"
],
"uid":"2490535422",
"parent":"",
"text":"",
"mid":"yDlGTf9lV",
"date":"2012-09-24 13:52:24"
},
{
"kids":[],
"uid":"1647828677",
"parent":"",
"text":"[吃惊]",
"mid":"yDlGTf9l9",
"date":"2012-09-24 13:52:24"
},
{
"kids":[],
"uid":"2714182742",
"parent":"",
"text":"[吃惊]",
"mid":"yDlGS7w4I",
"date":"2012-09-24 13:52:20"
},
{
"kids":[],
"uid":"macula",
"parent":"",
"text":"",
"mid":"yDlGOyx2e",
"date":"2012-09-24 13:52:12"
},
{
"kids":[],
"uid":"1253191250",
"parent":"",
"text":"",
"mid":"yDlGNnGE5",
"date":"2012-09-24 13:52:11"
},
{
"kids":[],
"uid":"poss",
"parent":"",
"text":"一切就像是电影，比电还要精彩。。【晴朗】许巍",
"mid":"yDlGNnGuu",
"date":"2012-09-24 13:52:08"
},
{
"kids":[],
"uid":"wenruifd",
"parent":"",
"text":"吨…",
"mid":"yDlGLjkxR",
"date":"2012-09-24 13:52:03"
},
{
"kids":[],
"uid":"2106099812",
"parent":"yDlD7gSsX",
"text":"天！真疯了？",
"mid":"yDlGLgqxL",
"date":"2012-09-24 13:52:05"
},
{
"kids":[],
"uid":"1946906427",
"parent":"",
"text":"可演绎成一部好莱坞惊险大片",
"mid":"yDlGofnCd",
"date":"2012-09-24 13:51:10"
},
{
"kids":[],
"uid":"1896675612",
"parent":"",
"text":"本来就没有放进去吧？！",
"mid":"yDlGliUJx",
"date":"2012-09-24 13:51:03"
},
{
"kids":[
"yDlLBwV7j"
],
"uid":"2190964492",
"parent":"",
"text":"艹！都贴了“左小祖咒”这个造谣标签了还发出来",
"mid":"yDlGhskwM",
"date":"2012-09-24 13:50:54"
},
{
"kids":[
"yDmgrnfnW"
],
"uid":"2217919095",
"parent":"",
"text":"",
"mid":"yDlGghtWx",
"date":"2012-09-24 13:50:51"
},
{
"kids":[],
"uid":"1167402433",
"parent":"",
"text":"真的假的？",
"mid":"yDlGf5ODc",
"date":"2012-09-24 13:50:48"
},
{
"kids":[],
"uid":"luoxuan2379",
"parent":"",
"text":"",
"mid":"yDlGesilZ",
"date":"2012-09-24 13:50:47"
},
{
"kids":[],
"uid":"1647916121",
"parent":"",
"text":"周克华干的…………[哈哈][哈哈]",
"mid":"yDlGeaH9Z",
"date":"2012-09-24 13:50:45"
},
{
"kids":[],
"uid":"1766300135",
"parent":"",
"text":"有趣",
"mid":"yDlGd1JAE",
"date":"2012-09-24 13:50:43"
},
{
"kids":[],
"uid":"2904400815",
"parent":"",
"text":"哼，很显然，它们到了能控制得了它们的人手里去了！",
"mid":"yDlGaBJxE",
"date":"2012-09-24 13:50:37"
},
{
"kids":[],
"uid":"1244507550",
"parent":"",
"text":"",
"mid":"yDlGaoawG",
"date":"2012-09-24 13:50:36"
},
{
"kids":[],
"uid":"1896402841",
"parent":"",
"text":"真实的黄金大劫案！！",
"mid":"yDlGam0QJ",
"date":"2012-09-24 13:50:37"
},
{
"kids":[],
"uid":"qpzshiliuzi",
"parent":"",
"text":"瓦屋。。。",
"mid":"yDlG8iHU4",
"date":"2012-09-24 13:50:32"
},
{
"kids":[],
"uid":"1948474931",
"parent":"",
"text":"",
"mid":"yDlG5mJR6",
"date":"2012-09-24 13:50:25"
},
{
"kids":[],
"uid":"2976213604",
"parent":"",
"text":"我操！！！",
"mid":"yDlG3Afq5",
"date":"2012-09-24 13:50:21"
},
{
"kids":[],
"uid":"1581384140",
"parent":"",
"text":"哇！拍电影吧〜[吃惊]",
"mid":"yDlG2FDd5",
"date":"2012-09-24 13:50:17"
},
{
"kids":[],
"uid":"2679489873",
"parent":"",
"text":"80吨，也不知道一辆重卡能不能拉走？中国卡车都特能超载，应该可以。",
"mid":"yDlFWd7hn",
"date":"2012-09-24 13:50:03"
},
{
"kids":[],
"uid":"1752501794",
"parent":"",
"text":"",
"mid":"yDlFQyFB6",
"date":"2012-09-24 13:49:50"
},
{
"kids":[],
"uid":"1927040314",
"parent":"",
"text":"周克华干的。。恩恩",
"mid":"yDlFQh49B",
"date":"2012-09-24 13:49:48"
},
{
"kids":[],
"uid":"1896675612",
"parent":"",
"text":"烂掉了",
"mid":"yDlFPpc2M",
"date":"2012-09-24 13:49:47"
},
{
"kids":[],
"uid":"1883242293",
"parent":"",
"text":"黄金大劫案……",
"mid":"yDlFP7AIn",
"date":"2012-09-24 13:49:45"
},
{
"kids":[],
"uid":"207778385",
"parent":"yDlF2lIpP",
"text":"可靠么。。中国的黄金储量才几百吨。。。",
"mid":"yDlFGdB0Y",
"date":"2012-09-24 13:49:26"
},
{
"kids":[],
"uid":"liyumei",
"parent":"",
"text":"",
"mid":"yDlFFDVLe",
"date":"2012-09-24 13:49:23"
},
{
"kids":[],
"uid":"allen20082008",
"parent":"",
"text":"",
"mid":"yDlFFkm6Q",
"date":"2012-09-24 13:49:23"
},
{
"kids":[],
"uid":"cooldeivy",
"parent":"",
"text":"这也可以？@弘一发丝",
"mid":"yDlFDeoHW",
"date":"2012-09-24 13:49:18"
},
{
"kids":[],
"uid":"1965170947",
"parent":"",
"text":"",
"mid":"yDlFAkTNY",
"date":"2012-09-24 13:49:11"
},
{
"kids":[],
"uid":"1417551882",
"parent":"",
"text":"80*1000000*350=28800000000元，差不多吧？[疑问]",
"mid":"yDlFycZMy",
"date":"2012-09-24 13:49:06"
},
{
"kids":[],
"uid":"2077505687",
"parent":"",
"text":"",
"mid":"yDlFu6I7m",
"date":"2012-09-24 13:48:55"
},
{
"kids":[],
"uid":"shidandanagou",
"parent":"",
"text":"",
"mid":"yDlFq0qRr",
"date":"2012-09-24 13:48:47"
},
{
"kids":[
"yDlRDhGHi"
],
"uid":"1516057250",
"parent":"",
"text":"三明。。。",
"mid":"yDlFpmUlL",
"date":"2012-09-24 13:48:46"
},
{
"kids":[],
"uid":"2808744162",
"parent":"",
"text":"",
"mid":"yDlFnAV22",
"date":"2012-09-24 13:48:41"
},
{
"kids":[],
"uid":"happyzhao79",
"parent":"",
"text":"丢黄金算啥，丢了良心这国家就没啥不能丢。",
"mid":"yDlFmq4rd",
"date":"2012-09-24 13:48:36"
},
{
"kids":[
"yDm8Jeio7"
],
"uid":"jenny13",
"parent":"",
"text":"热闹了",
"mid":"yDlFeb4Hw",
"date":"2012-09-24 13:48:16"
},
{
"kids":[
"yDlSXsOYM"
],
"uid":"2051206720",
"parent":"",
"text":"",
"mid":"yDlFcEO3l",
"date":"2012-09-24 13:48:16"
},
{
"kids":[
"yDx6f1SUL"
],
"uid":"2790454533",
"parent":"",
"text":"",
"mid":"yDlFc4pcM",
"date":"2012-09-24 13:48:12"
},
{
"kids":[],
"uid":"2723864891",
"parent":"",
"text":"",
"mid":"yDlF4ESOB",
"date":"2012-09-24 13:47:56"
},
{
"kids":[],
"uid":"if00",
"parent":"",
"text":"一定是被腐蚀了…",
"mid":"yDlF3dzPQ",
"date":"2012-09-24 13:47:50"
},
{
"kids":[
"yDlFGdB0Y"
],
"uid":"2105539032",
"parent":"",
"text":"[思考][吃惊][吃惊][衰]",
"mid":"yDlF2lIpP",
"date":"2012-09-24 13:47:50"
},
{
"kids":[],
"uid":"2641199803",
"parent":"",
"text":"",
"mid":"yDlF2lqSc",
"date":"2012-09-24 13:47:50"
},
{
"kids":[],
"uid":"1938776201",
"parent":"",
"text":"[围观]真实版黄金大劫案",
"mid":"yDlEWqKJP",
"date":"2012-09-24 13:47:35"
},
{
"kids":[],
"uid":"1714756867",
"parent":"",
"text":"啥都能卖，啥也都能丢！",
"mid":"yDlEUktRt",
"date":"2012-09-24 13:47:31"
},
{
"kids":[
"yDlVrFAIz"
],
"uid":"2125591665",
"parent":"",
"text":"",
"mid":"yDlEU3EGh",
"date":"2012-09-24 13:47:28"
},
{
"kids":[],
"uid":"tootoocold",
"parent":"",
"text":"80吨，80000000g,1g算400,80000000X400=32000000000,320亿。。。",
"mid":"yDlERpBAw",
"date":"2012-09-24 13:47:24"
},
{
"kids":[],
"uid":"2616972070",
"parent":"",
"text":"求真相！前一段网上疯传。谣言不要是真的！",
"mid":"yDlEQeL17",
"date":"2012-09-24 13:47:20"
},
{
"kids":[],
"uid":"haojingyu2010",
"parent":"",
"text":"",
"mid":"yDlEM6zt5",
"date":"2012-09-24 13:47:11"
},
{
"kids":[],
"uid":"ironsid",
"parent":"",
"text":"家贼",
"mid":"yDlEDvRNQ",
"date":"2012-09-24 13:46:51"
},
{
"kids":[],
"uid":"2393052492",
"parent":"",
"text":"贪了？挪用？",
"mid":"yDlECCCw2",
"date":"2012-09-24 13:46:49"
},
{
"kids":[],
"uid":"michaelsi0688",
"parent":"",
"text":"",
"mid":"yDlEC27Tj",
"date":"2012-09-24 13:46:47"
},
{
"kids":[],
"uid":"2357132802",
"parent":"",
"text":"",
"mid":"yDlEB871R",
"date":"2012-09-24 13:46:43"
},
{
"kids":[],
"uid":"1421353041",
"parent":"",
"text":"400X80X1000X1000=?",
"mid":"yDlEo8LcJ",
"date":"2012-09-24 13:46:13"
},
{
"kids":[],
"uid":"574411980",
"parent":"",
"text":"电影成现实了？",
"mid":"yDlEjq85j",
"date":"2012-09-24 13:46:03"
},
{
"kids":[],
"uid":"t000ld",
"parent":"",
"text":"@阿多同学的地盘  如果用来虚报黄金产量，需要弄到金库外面去吗？",
"mid":"yDlEifhy2",
"date":"2012-09-24 13:46:00"
},
{
"kids":[],
"uid":"2726854330",
"parent":"",
"text":"嘎个？",
"mid":"yDlEfg1xf",
"date":"2012-09-24 13:45:51"
},
{
"kids":[],
"uid":"longik",
"parent":"",
"text":"",
"mid":"yDlEaeCwI",
"date":"2012-09-24 13:45:41"
},
{
"kids":[],
"uid":"529301292",
"parent":"",
"text":"能查出来吗",
"mid":"yDlE7javj",
"date":"2012-09-24 13:45:34"
},
{
"kids":[],
"uid":"63313884",
"parent":"",
"text":"",
"mid":"yDlE3qJKz",
"date":"2012-09-24 13:45:25"
},
{
"kids":[],
"uid":"t000ld",
"parent":"",
"text":"!!!!!!!!!!!!!!!!!!!!!!!!!!!!!!!!",
"mid":"yDlDZ2N3l",
"date":"2012-09-24 13:45:14"
},
{
"kids":[],
"uid":"1697159035",
"parent":"",
"text":"80T好多钱呀，哈哈",
"mid":"yDlDY7JBI",
"date":"2012-09-24 13:45:12"
},
{
"kids":[],
"uid":"skycaptainleo",
"parent":"",
"text":"囧",
"mid":"yDlDXwRDJ",
"date":"2012-09-24 13:45:09"
},
{
"kids":[
"yDnipqM8w",
"yDlS4tAZp"
],
"uid":"2003022490",
"parent":"",
"text":"[吃惊]",
"mid":"yDlDT9vB8",
"date":"2012-09-24 13:44:58"
},
{
"kids":[],
"uid":"2317848381",
"parent":"",
"text":"大案",
"mid":"yDlDNbGPm",
"date":"2012-09-24 13:44:45"
},
{
"kids":[],
"uid":"2034800242",
"parent":"",
"text":"",
"mid":"yDlDM0QJA",
"date":"2012-09-24 13:44:43"
},
{
"kids":[],
"uid":"fjx57",
"parent":"",
"text":"",
"mid":"yDlDL8nzo",
"date":"2012-09-24 13:44:41"
},
{
"kids":[],
"uid":"hymanye",
"parent":"",
"text":"[思考]",
"mid":"yDlDL7BQp",
"date":"2012-09-24 13:44:41"
},
{
"kids":[],
"uid":"wineidiot",
"parent":"",
"text":"自导自演",
"mid":"yDlDJmQAd",
"date":"2012-09-24 13:44:37"
},
{
"kids":[],
"uid":"1309139207",
"parent":"",
"text":"又要大开杀戒了！！！有好戏看了！",
"mid":"yDlDGpvwE",
"date":"2012-09-24 13:44:30"
},
{
"kids":[],
"uid":"1651891937",
"parent":"",
"text":"",
"mid":"yDlDElpF3",
"date":"2012-09-24 13:44:25"
},
{
"kids":[],
"uid":"zhyaking",
"parent":"",
"text":"这个好久以前就辟谣了吧，说也根本就没有所谓的金库。",
"mid":"yDlDE2TCc",
"date":"2012-09-24 13:44:22"
},
{
"kids":[],
"uid":"zhaojiyong",
"parent":"",
"text":"",
"mid":"yDlDE27TJ",
"date":"2012-09-24 13:44:23"
},
{
"kids":[
"yDlWknaVy"
],
"uid":"1879576053",
"parent":"",
"text":"现实版黄金大劫案？",
"mid":"yDlDCgpNm",
"date":"2012-09-24 13:44:20"
},
{
"kids":[],
"uid":"2089034175",
"parent":"",
"text":"真人真事,我high了",
"mid":"yDlDzjYGO",
"date":"2012-09-24 13:44:13"
},
{
"kids":[],
"uid":"flynegg",
"parent":"",
"text":"还是放美国吧。",
"mid":"yDlDzik9s",
"date":"2012-09-24 13:44:13"
},
{
"kids":[],
"uid":"2632531861",
"parent":"",
"text":"",
"mid":"yDlDz3Msi",
"date":"2012-09-24 13:44:12"
},
{
"kids":[
"yDlHXcCI5"
],
"uid":"1774774691",
"parent":"",
"text":"",
"mid":"yDlDuBy5z",
"date":"2012-09-24 13:44:02"
},
{
"kids":[],
"uid":"songbeichen",
"parent":"",
"text":"[吃惊]",
"mid":"yDlDu2lsR",
"date":"2012-09-24 13:44:00"
},
{
"kids":[],
"uid":"yangtze1987",
"parent":"",
"text":"",
"mid":"yDlDo7Fkr",
"date":"2012-09-24 13:43:45"
},
{
"kids":[],
"uid":"soniawoo",
"parent":"",
"text":"[圍觀]",
"mid":"yDlDmCMg4",
"date":"2012-09-24 13:43:42"
},
{
"kids":[],
"uid":"gaoyqi",
"parent":"",
"text":"",
"mid":"yDlDlqwvM",
"date":"2012-09-24 13:43:39"
},
{
"kids":[],
"uid":"leeyip561",
"parent":"",
"text":"好重",
"mid":"yDlDirDHi",
"date":"2012-09-24 13:43:33"
},
{
"kids":[
"yDuCIDhkc",
"yDs5Vy3hc",
"yDpSSFia4",
"yDpSSnGWt"
],
"uid":"712399617",
"parent":"",
"text":"哈哈",
"mid":"yDlDacO4I",
"date":"2012-09-24 13:43:13"
},
{
"kids":[
"yDlGLgqxL"
],
"uid":"sunzhizheng",
"parent":"",
"text":"",
"mid":"yDlD7gSsX",
"date":"2012-09-24 13:43:06"
},
{
"kids":[],
"uid":"2926855931",
"parent":"",
"text":"我勒了个去惊 着我了。",
"mid":"yDkJong5i",
"date":"2012-09-24 11:25:47"
}
]