[
{
"kids":[],
"uid":"2805569190",
"parent":"z5IAf9a1a",
"text":"",
"mid":"z9fUKewgg",
"date":"2012-12-11 14:45:14"
},
{
"kids":[],
"uid":"2920141570",
"parent":"z5IAf9a1a",
"text":"",
"mid":"z91yfjwUg",
"date":"2012-12-10 02:11:21"
},
{
"kids":[],
"uid":"2803147590",
"parent":"z5IAf9a1a",
"text":"",
"mid":"z91yf122n",
"date":"2012-12-10 02:11:20"
},
{
"kids":[],
"uid":"2919530632",
"parent":"z5IAf9a1a",
"text":"",
"mid":"z8kEdduHO",
"date":"2012-12-05 12:57:54"
},
{
"kids":[],
"uid":"2803985594",
"parent":"z5IAf9a1a",
"text":"",
"mid":"z88TGADuW",
"date":"2012-12-04 07:03:05"
},
{
"kids":[],
"uid":"2805197072",
"parent":"z5IAf9a1a",
"text":"",
"mid":"z88TGzL9j",
"date":"2012-12-04 07:03:06"
},
{
"kids":[],
"uid":"1589639894",
"parent":"z5IAf9a1a",
"text":"",
"mid":"z7ngxrXYD",
"date":"2012-11-29 05:47:33"
},
{
"kids":[],
"uid":"2789893492",
"parent":"z5IAf9a1a",
"text":"",
"mid":"z7fKyzLbW",
"date":"2012-11-28 10:39:31"
},
{
"kids":[],
"uid":"2808208562",
"parent":"z5IAf9a1a",
"text":"",
"mid":"z7fKyzLaN",
"date":"2012-11-28 10:39:31"
},
{
"kids":[],
"uid":"aviva000",
"parent":"",
"text":"总有一天改的谁都不会念了，有毛病",
"mid":"z6eSL9h7d",
"date":"2012-11-21 18:36:40"
},
{
"kids":[],
"uid":"suiyuan213",
"parent":"z5ETbbUSA",
"text":"看看看！！！什么叫火眼金睛，什么叫有政治觉悟！！！伪诏就是伪诏！！！",
"mid":"z64zctqtu",
"date":"2012-11-20 16:21:02"
},
{
"kids":[],
"uid":"2789974830",
"parent":"z5EU6xccw",
"text":"",
"mid":"z5ZhTzfjF",
"date":"2012-11-20 02:54:40"
},
{
"kids":[],
"uid":"2790131574",
"parent":"z5EU6xccw",
"text":"",
"mid":"z5ZhThE9j",
"date":"2012-11-20 02:54:39"
},
{
"kids":[],
"uid":"1249127185",
"parent":"",
"text":"真的吗",
"mid":"z5WTVpSii",
"date":"2012-11-19 20:50:07"
},
{
"kids":[],
"uid":"2920535372",
"parent":"",
"text":"",
"mid":"z5SOszduU",
"date":"2012-11-19 10:25:38"
},
{
"kids":[],
"uid":"2789936634",
"parent":"",
"text":"",
"mid":"z5SOsxaC1",
"date":"2012-11-19 10:25:40"
},
{
"kids":[],
"uid":"2804196484",
"parent":"z5IcK5W7T",
"text":"",
"mid":"z5OZ6bcTo",
"date":"2012-11-19 00:40:50"
},
{
"kids":[],
"uid":"1589493857",
"parent":"z5Fjg8EFn",
"text":"",
"mid":"z5OIEqOQ6",
"date":"2012-11-19 00:00:20"
},
{
"kids":[],
"uid":"2805189424",
"parent":"z5Fjg8EFn",
"text":"",
"mid":"z5OIEpEry",
"date":"2012-11-19 00:00:23"
},
{
"kids":[],
"uid":"ap47",
"parent":"z5EXe7lR3",
"text":"哈哈哈哈哈还有电饼dang铛",
"mid":"z5MHE1Gv2",
"date":"2012-11-18 18:52:23"
},
{
"kids":[],
"uid":"2920228464",
"parent":"z5Kmn4dIQ",
"text":"",
"mid":"z5LWOsoKH",
"date":"2012-11-18 16:57:01"
},
{
"kids":[],
"uid":"2919283134",
"parent":"z5Kmn4dIQ",
"text":"",
"mid":"z5LWOrGth",
"date":"2012-11-18 16:56:59"
},
{
"kids":[],
"uid":"2811374804",
"parent":"z5FbWx8Bu",
"text":"",
"mid":"z5LiT9ihA",
"date":"2012-11-18 15:18:38"
},
{
"kids":[],
"uid":"2920471584",
"parent":"z5FbWx8Bu",
"text":"",
"mid":"z5LiT9ifK",
"date":"2012-11-18 15:18:40"
},
{
"kids":[],
"uid":"1778275567",
"parent":"z5F055VlL",
"text":"",
"mid":"z5KRLttSA",
"date":"2012-11-18 14:11:50"
},
{
"kids":[],
"uid":"2919563544",
"parent":"z5F055VlL",
"text":"",
"mid":"z5KRLtjCY",
"date":"2012-11-18 14:11:49"
},
{
"kids":[],
"uid":"gossiptim",
"parent":"",
"text":"真的假的？？？！！！！！",
"mid":"z5Kyxblb6",
"date":"2012-11-18 13:24:27"
},
{
"kids":[],
"uid":"1040392371",
"parent":"z5K6K97wH",
"text":"求辟谣！！这是闹那样",
"mid":"z5KsfpJ6q",
"date":"2012-11-18 13:08:59"
},
{
"kids":[],
"uid":"xiaoshuipier",
"parent":"z5Kmn4dIQ",
"text":"@赳赳吴景颐 吴大pang、马麻也救不了你了[衰]",
"mid":"z5KpU5gVe",
"date":"2012-11-18 13:03:11"
},
{
"kids":[
"z5LWOsoKH",
"z5LWOrGth",
"z5KpU5gVe"
],
"uid":"lilaclichao",
"parent":"z5F345gYa",
"text":"好吧，词怎么读暴露了年龄有多大。",
"mid":"z5Kmn4dIQ",
"date":"2012-11-18 12:54:30"
},
{
"kids":[],
"uid":"1045534261",
"parent":"z5IVPq7J6",
"text":"艹，脑残专家[怒]",
"mid":"z5KfCEEin",
"date":"2012-11-18 12:37:52"
},
{
"kids":[],
"uid":"2327595845",
"parent":"",
"text":"",
"mid":"z5KcFqU7h",
"date":"2012-11-18 12:30:34"
},
{
"kids":[
"z5KsfpJ6q"
],
"uid":"songyichao1987",
"parent":"z5FgwgavO",
"text":"还我考试分！[泪]",
"mid":"z5K6K97wH",
"date":"2012-11-18 12:15:59"
},
{
"kids":[],
"uid":"2920189020",
"parent":"",
"text":"",
"mid":"z5JVyDFmy",
"date":"2012-11-18 11:48:24"
},
{
"kids":[],
"uid":"1720892863",
"parent":"z5Gpa2HeO",
"text":"这都能改？！",
"mid":"z5JT24rXK",
"date":"2012-11-18 11:42:11"
},
{
"kids":[],
"uid":"1855036583",
"parent":"",
"text":"丫的，想当年那么辛苦纠正过来，我们容易吗？现在又你妹的改回去，让我等情何以堪！[怒]",
"mid":"z5JGfdhvj",
"date":"2012-11-18 11:10:42"
},
{
"kids":[],
"uid":"2280118573",
"parent":"",
"text":"@胡大婷上班中 [神马][织]",
"mid":"z5JyT0m8R",
"date":"2012-11-18 10:52:33"
},
{
"kids":[],
"uid":"tenuo",
"parent":"",
"text":"[囧]",
"mid":"z5Jv36Ktn",
"date":"2012-11-18 10:43:07"
},
{
"kids":[],
"uid":"tian1203",
"parent":"z5JdFrafY",
"text":"",
"mid":"z5JtedG5S",
"date":"2012-11-18 10:38:38"
},
{
"kids":[],
"uid":"1201983717",
"parent":"",
"text":"NMLGB",
"mid":"z5JolCFIk",
"date":"2012-11-18 10:26:37"
},
{
"kids":[],
"uid":"1651705451",
"parent":"",
"text":"这哪个傻子改的！传统文化都要消亡了吗？",
"mid":"z5Jmr90VG",
"date":"2012-11-18 10:21:54"
},
{
"kids":[],
"uid":"1974060902",
"parent":"z5GAdgkrA",
"text":"回复@五月青藤:貌似是这样的，太没原则了",
"mid":"z5JgK3VhO",
"date":"2012-11-18 10:07:51"
},
{
"kids":[],
"uid":"2656724424",
"parent":"",
"text":"转发微博。",
"mid":"z5Jg9qQ5m",
"date":"2012-11-18 10:06:25"
},
{
"kids":[
"z5JtedG5S"
],
"uid":"zhaoshuang72",
"parent":"z5IJHpBdh",
"text":"经查实，第六版《现代汉语词典》上没有“阿房宫”一词，心宽体胖仍读pan（二声），地壳仍然读qiao（四声），不要误导大家！！！！！@来自火星2010",
"mid":"z5JdFrafY",
"date":"2012-11-18 10:00:17"
},
{
"kids":[],
"uid":"wangnaizhuo198883",
"parent":"",
"text":"",
"mid":"z5J8Fbw8u",
"date":"2012-11-18 09:47:58"
},
{
"kids":[],
"uid":"1687334394",
"parent":"z5Gpa2HeO",
"text":"嗷嗷 还有高中老师最爱的标识zhi",
"mid":"z5J3rmb2W",
"date":"2012-11-18 09:35:05"
},
{
"kids":[],
"uid":"mydearqiqi",
"parent":"z5IHQa1mr",
"text":"各种白学了啊",
"mid":"z5J1Nnrbb",
"date":"2012-11-18 09:31:03"
},
{
"kids":[],
"uid":"babyvois",
"parent":"",
"text":"逼大家买字典！",
"mid":"z5IZlerEB",
"date":"2012-11-18 09:25:00"
},
{
"kids":[],
"uid":"2528925913",
"parent":"",
"text":"",
"mid":"z5IXl5n46",
"date":"2012-11-18 09:20:04"
},
{
"kids":[],
"uid":"1863031780",
"parent":"",
"text":"不会吧！当年那么痛苦的说！",
"mid":"z5IWArpkm",
"date":"2012-11-18 09:18:13"
},
{
"kids":[
"z5KfCEEin"
],
"uid":"1417064620",
"parent":"z5Id0j0UD",
"text":"总有那么一群傻逼把字典改来改去，但自己却一嘴方言！[怒]",
"mid":"z5IVPq7J6",
"date":"2012-11-18 09:16:21"
},
{
"kids":[],
"uid":"2790013494",
"parent":"",
"text":"",
"mid":"z5IVk6R39",
"date":"2012-11-18 09:15:05"
},
{
"kids":[],
"uid":"cardiology",
"parent":"z5F9kn0il",
"text":"蛋定，荨xun麻疹，呆dai 板，这些都改了多少年了...",
"mid":"z5ILlBYNx",
"date":"2012-11-18 08:50:32"
},
{
"kids":[
"z5JdFrafY"
],
"uid":"1432737824",
"parent":"",
"text":"是这样吗？@小苏的妈妈 @来自火星2010",
"mid":"z5IJHpBdh",
"date":"2012-11-18 08:46:28"
},
{
"kids":[
"z5J1Nnrbb"
],
"uid":"2290056861",
"parent":"z5GAdgkrA",
"text":"[吃惊]",
"mid":"z5IHQa1mr",
"date":"2012-11-18 08:41:53"
},
{
"kids":[],
"uid":"1490482341",
"parent":"",
"text":"我就擦！[闭嘴][怒]",
"mid":"z5IHz4coq",
"date":"2012-11-18 08:41:12"
},
{
"kids":[],
"uid":"rainingrui",
"parent":"",
"text":"@阿李玥航啊 @屈元媛--要去马尔代夫 @二娃娃娃娃娃娃娃 @童心未泯的TT @大白菜and小西瓜",
"mid":"z5IFqo4zg",
"date":"2012-11-18 08:35:56"
},
{
"kids":[],
"uid":"1766308441",
"parent":"",
"text":"到底要怎样啊！",
"mid":"z5IFaqAYv",
"date":"2012-11-18 08:35:18"
},
{
"kids":[],
"uid":"youyou0404",
"parent":"",
"text":"白学了[衰]",
"mid":"z5IDifb0A",
"date":"2012-11-18 08:30:41"
},
{
"kids":[
"z9fUKewgg",
"z91yfjwUg",
"z91yf122n",
"z8kEdduHO",
"z88TGADuW",
"z88TGzL9j",
"z7ngxrXYD",
"z7fKyzLbW",
"z7fKyzLaN"
],
"uid":"2755291717",
"parent":"z5ETF5PEG",
"text":"谁编的啊，老没事拿自己人开涮，整那么多多音字有啥意义。除了折腾学生和播音员，其他人谁会在意这个",
"mid":"z5IAf9a1a",
"date":"2012-11-18 08:23:10"
},
{
"kids":[],
"uid":"2723940090",
"parent":"",
"text":"真的？！擦！读了这么多年了……",
"mid":"z5IA1xfTR",
"date":"2012-11-18 08:22:38"
},
{
"kids":[],
"uid":"forgetcq",
"parent":"",
"text":"不可信",
"mid":"z5IzFnzsq",
"date":"2012-11-18 08:21:45"
},
{
"kids":[],
"uid":"2397523441",
"parent":"",
"text":"那以后东阿阿胶，是不是叫 a娇 呀。",
"mid":"z5Iy0iFlW",
"date":"2012-11-18 08:17:38"
},
{
"kids":[],
"uid":"xxg04",
"parent":"z5IhHoadE",
"text":"魂淡〜〜〜",
"mid":"z5ItmbNd4",
"date":"2012-11-18 08:06:12"
},
{
"kids":[],
"uid":"smilealltime",
"parent":"",
"text":"次奥。。。开玩笑呢",
"mid":"z5IngfmhO",
"date":"2012-11-18 07:51:11"
},
{
"kids":[
"z5ItmbNd4"
],
"uid":"1409253237",
"parent":"",
"text":"又是国家语委干的吗？！无耻[怒]@沙龙的新家",
"mid":"z5IhHoadE",
"date":"2012-11-18 07:37:28"
},
{
"kids":[],
"uid":"becareful12",
"parent":"",
"text":"擦！以后再说别人没文化真可怕之前必须好好掂量一下到底谁没文化了[泪]",
"mid":"z5Ift7zXK",
"date":"2012-11-18 07:31:58"
},
{
"kids":[],
"uid":"1581681640",
"parent":"",
"text":"",
"mid":"z5If4he2X",
"date":"2012-11-18 07:31:00"
},
{
"kids":[
"z5IVPq7J6"
],
"uid":"2882054165",
"parent":"z5FZ6y07t",
"text":"以前的错误现在成正确的了？",
"mid":"z5Id0j0UD",
"date":"2012-11-18 07:25:55"
},
{
"kids":[
"z5OZ6bcTo"
],
"uid":"2047329824",
"parent":"",
"text":"真心白学了…[晕]",
"mid":"z5IcK5W7T",
"date":"2012-11-18 07:25:15"
},
{
"kids":[],
"uid":"maoweilin",
"parent":"",
"text":"[泪]",
"mid":"z5HWww3uF",
"date":"2012-11-18 06:45:19"
},
{
"kids":[],
"uid":"vanessabeijing",
"parent":"",
"text":"",
"mid":"z5Ht75mT7",
"date":"2012-11-18 05:32:51"
},
{
"kids":[],
"uid":"1582894697",
"parent":"z5F1j1Es0",
"text":"",
"mid":"z5Hpp9ATO",
"date":"2012-11-18 05:23:43"
},
{
"kids":[
"z5JgK3VhO",
"z5IHQa1mr"
],
"uid":"1974060902",
"parent":"",
"text":"[汗]",
"mid":"z5GAdgkrA",
"date":"2012-11-18 03:17:36"
},
{
"kids":[
"z5JT24rXK",
"z5J3rmb2W"
],
"uid":"1881723033",
"parent":"z5Fni8GVV",
"text":"nnd，当初花了多少血泪才把这几个字念对的！",
"mid":"z5Gpa2HeO",
"date":"2012-11-18 02:50:22"
},
{
"kids":[],
"uid":"1906302615",
"parent":"z5FDX9a7D",
"text":"假做真时真亦假！",
"mid":"z5G2Wpndb",
"date":"2012-11-18 01:55:38"
},
{
"kids":[],
"uid":"wigicat",
"parent":"",
"text":"这房子那胖子的改就改吧都是半死不活的词了，地壳改个毛线啊[挖鼻屎]",
"mid":"z5G1dswKA",
"date":"2012-11-18 01:51:23"
},
{
"kids":[],
"uid":"1038550463",
"parent":"",
"text":"教育部你tm在玩我们？[打哈气]",
"mid":"z5G0ZhyOM",
"date":"2012-11-18 01:50:49"
},
{
"kids":[
"z5Id0j0UD"
],
"uid":"1923494422",
"parent":"",
"text":"蜀山兀，a fang出？我完全无语了！真心想学中文的孩纸以后可以出国深造了！",
"mid":"z5FZ6y07t",
"date":"2012-11-18 01:46:11"
},
{
"kids":[],
"uid":"2830061170",
"parent":"",
"text":"擦！白学了………",
"mid":"z5FUGD9qd",
"date":"2012-11-18 01:35:18"
},
{
"kids":[],
"uid":"1445453322",
"parent":"z5ETgeahG",
"text":"瞎折腾",
"mid":"z5FOa9lGj",
"date":"2012-11-18 01:19:13"
},
{
"kids":[],
"uid":"lawulawu",
"parent":"",
"text":"[汗][汗][汗]",
"mid":"z5FO793Uj",
"date":"2012-11-18 01:19:06"
},
{
"kids":[],
"uid":"2174317744",
"parent":"",
"text":"真？我们如果按照早年间上学时所读，岂不是要被后生们耻笑？",
"mid":"z5FNRw73Q",
"date":"2012-11-18 01:18:29"
},
{
"kids":[],
"uid":"1864122697",
"parent":"",
"text":"到时候我没文化真可怕了……",
"mid":"z5FNiES98",
"date":"2012-11-18 01:17:06"
},
{
"kids":[],
"uid":"serafinagao",
"parent":"z5F1XtDbL",
"text":"太贱了！知识啊怎么能这样改来改去的",
"mid":"z5FLnx3QU",
"date":"2012-11-18 01:12:22"
},
{
"kids":[
"z5G2Wpndb"
],
"uid":"1260182624",
"parent":"z5FzUkFeK",
"text":"嗯，吃饱了撑的，说的就是这些人",
"mid":"z5FDX9a7D",
"date":"2012-11-18 00:54:05"
},
{
"kids":[
"z5FDX9a7D"
],
"uid":"bixuanxuan8033",
"parent":"",
"text":"神马东西啊，能干点人事么？我们就是被你们拿出来耍着玩的么？",
"mid":"z5FzUkFeK",
"date":"2012-11-18 00:44:04"
},
{
"kids":[],
"uid":"xiccxi",
"parent":"",
"text":"一直就觉得什么通假字压根就是祖师爷的＂错别字＂！[衰][衰]",
"mid":"z5Fyglf5J",
"date":"2012-11-18 00:40:03"
},
{
"kids":[],
"uid":"thesizhao",
"parent":"z5FpTbPvX",
"text":"[哈哈]",
"mid":"z5FxQ3m4m",
"date":"2012-11-18 00:39:00"
},
{
"kids":[],
"uid":"1632897640",
"parent":"",
"text":"砖家们真不白挣工资，总要让人们看出来他们并没有闲着",
"mid":"z5Fw2E6bA",
"date":"2012-11-18 00:34:32"
},
{
"kids":[],
"uid":"1669167410",
"parent":"",
"text":"这些字从此正式搞不清楚了",
"mid":"z5Ft2f6rR",
"date":"2012-11-18 00:27:10"
},
{
"kids":[],
"uid":"678092472",
"parent":"",
"text":"不能吧，朝令夕改啊，过几年成白字先生了该[晕]",
"mid":"z5FsDmvvo",
"date":"2012-11-18 00:26:10"
},
{
"kids":[
"z5FxQ3m4m"
],
"uid":"1912084940",
"parent":"z5Fni8GVV",
"text":"阿胶糕是a jiao糕吗 是啊娇做的糕吗……",
"mid":"z5FpTbPvX",
"date":"2012-11-18 00:19:26"
},
{
"kids":[],
"uid":"1805292274",
"parent":"z5EVQnm5k",
"text":"每次新华字典修正都是在刷下限！",
"mid":"z5FpfAxv7",
"date":"2012-11-18 00:17:51"
},
{
"kids":[],
"uid":"2090377057",
"parent":"",
"text":"真是给跪了",
"mid":"z5FoJ68qx",
"date":"2012-11-18 00:16:30"
},
{
"kids":[
"z5Gpa2HeO",
"z5FpTbPvX"
],
"uid":"1912084940",
"parent":"",
"text":"不能因为念错音的多就把对的改了 就像说外埠 听不明白 还得给翻译成外fu",
"mid":"z5Fni8GVV",
"date":"2012-11-18 00:13:01"
},
{
"kids":[],
"uid":"suixiao1008",
"parent":"",
"text":"6+3+3+4=白费",
"mid":"z5FkhEuur",
"date":"2012-11-18 00:05:38"
},
{
"kids":[],
"uid":"littlemoore0530",
"parent":"z5Fd4hGor",
"text":"一年改八次，有谱没谱？改读音有回扣是怎么着啊？！",
"mid":"z5FjQdYH4",
"date":"2012-11-18 00:04:30"
},
{
"kids":[],
"uid":"rayzbo",
"parent":"",
"text":"专家抠个牙缝可以决定所谓对的读音 但我这没文化的就爱照＂错＂的读",
"mid":"z5FjCB5J6",
"date":"2012-11-18 00:03:59"
},
{
"kids":[
"z5OIEqOQ6",
"z5OIEpEry"
],
"uid":"cx7even",
"parent":"",
"text":"我了个去。。",
"mid":"z5Fjg8EFn",
"date":"2012-11-18 00:03:05"
},
{
"kids":[],
"uid":"1882308755",
"parent":"",
"text":"怎么都颠覆了 这还带改来改去的呢 改的依据呢 改后效果呢 都想过没有啊",
"mid":"z5FiD8fWc",
"date":"2012-11-18 00:01:32"
},
{
"kids":[],
"uid":"1like1",
"parent":"",
"text":"[泪]难得学会了还没忘的点儿东西全过期了？！",
"mid":"z5Fijli7p",
"date":"2012-11-18 00:00:44"
},
{
"kids":[],
"uid":"1624417691",
"parent":"",
"text":"把传统都扔了?",
"mid":"z5FhInRV3",
"date":"2012-11-17 23:59:18"
},
{
"kids":[],
"uid":"caixincat",
"parent":"z5ETF5PEG",
"text":"该死的新华字典。。毁了好几代人。我还念pan二声[怒]",
"mid":"z5FgCpOWZ",
"date":"2012-11-17 23:56:35"
},
{
"kids":[
"z5K6K97wH"
],
"uid":"1483176464",
"parent":"z5EWQrZPf",
"text":"为什么？求辟谣！！还嫌糟毁得不够么！",
"mid":"z5FgwgavO",
"date":"2012-11-17 23:56:19"
},
{
"kids":[],
"uid":"paradisekiss0421",
"parent":"z5EUnFHi8",
"text":"我操！这完全就是对我本科学历的嘲讽！",
"mid":"z5Fgthihr",
"date":"2012-11-17 23:56:13"
},
{
"kids":[],
"uid":"2625719861",
"parent":"",
"text":"按照这种“顺应民意”的文字改革趋势，估计“差强人意”未来就会被成语词典解释为“很令人失望”[嘻嘻]",
"mid":"z5FeXiW8H",
"date":"2012-11-17 23:52:26"
},
{
"kids":[],
"uid":"2784423364",
"parent":"",
"text":"",
"mid":"z5FeFAyt0",
"date":"2012-11-17 23:51:48"
},
{
"kids":[],
"uid":"sunlucy123",
"parent":"",
"text":"@淼淼皮皮鲁 ，这说的是真的吗？",
"mid":"z5Fdtaa1n",
"date":"2012-11-17 23:48:46"
},
{
"kids":[],
"uid":"0424xoxo",
"parent":"",
"text":"说shui服都改成shuo服了，文盲太多教又教不会，只能修改好为文盲服务嘛！[打哈气]",
"mid":"z5Fdo8HZ1",
"date":"2012-11-17 23:48:38"
},
{
"kids":[
"z5FjQdYH4"
],
"uid":"2315003037",
"parent":"",
"text":"妈的！我平时不骂人，真的",
"mid":"z5Fd4hGor",
"date":"2012-11-17 23:47:50"
},
{
"kids":[
"z5LiT9ihA",
"z5LiT9ifK"
],
"uid":"hutianyikp",
"parent":"",
"text":"语委一帮闲B，一会儿来回改笔顺，一会儿来回改读音，非得做点样子来证明他们存在。[挖鼻屎][鄙视]",
"mid":"z5FbWx8Bu",
"date":"2012-11-17 23:45:01"
},
{
"kids":[],
"uid":"naomi35",
"parent":"z5ETTvocx",
"text":"至今还用小学时代的字典→_→这些白字念着多别扭",
"mid":"z5FbEeZo2",
"date":"2012-11-17 23:44:20"
},
{
"kids":[],
"uid":"colalake",
"parent":"",
"text":"呸！",
"mid":"z5Fby4Kc0",
"date":"2012-11-17 23:44:05"
},
{
"kids":[],
"uid":"hezhijuan1219",
"parent":"",
"text":"坑爹哇！改来改去的！[右哼哼][左哼哼]",
"mid":"z5Fb2qZjr",
"date":"2012-11-17 23:42:50"
},
{
"kids":[],
"uid":"1920688914",
"parent":"",
"text":"",
"mid":"z5FaUazre",
"date":"2012-11-17 23:42:27"
},
{
"kids":[],
"uid":"liushukun",
"parent":"",
"text":"好吧。。心宽体胖那个我真心是刚知道。。。",
"mid":"z5FaOdofG",
"date":"2012-11-17 23:42:16"
},
{
"kids":[
"z5ILlBYNx"
],
"uid":"moonlovely",
"parent":"z5F3lfcot",
"text":"偶觉得这就跟外国人说long time no see一个意思，说的人多了也就成了真理...",
"mid":"z5F9kn0il",
"date":"2012-11-17 23:38:37"
},
{
"kids":[],
"uid":"1429251833",
"parent":"",
"text":"真的吗？[汗]",
"mid":"z5F9hEvtb",
"date":"2012-11-17 23:38:31"
},
{
"kids":[],
"uid":"1240040927",
"parent":"",
"text":"",
"mid":"z5F7AdHVP",
"date":"2012-11-17 23:34:19"
},
{
"kids":[],
"uid":"2365759353",
"parent":"",
"text":"",
"mid":"z5F5XoCps",
"date":"2012-11-17 23:30:19"
},
{
"kids":[],
"uid":"1740691927",
"parent":"",
"text":"我真有先见之明[威武][威武][威武]",
"mid":"z5F5ztmnr",
"date":"2012-11-17 23:29:22"
},
{
"kids":[],
"uid":"1864130914",
"parent":"",
"text":"那高考的时候要记哪个?",
"mid":"z5F5whfiu",
"date":"2012-11-17 23:29:13"
},
{
"kids":[],
"uid":"1871570942",
"parent":"",
"text":"不能把@新世界的Anne @李小玥玥 [汗][汗][汗][汗]",
"mid":"z5F4Urg4A",
"date":"2012-11-17 23:27:41"
},
{
"kids":[],
"uid":"446892077",
"parent":"",
"text":"我靠。，。要死啊！！！！！！",
"mid":"z5F4zr2rI",
"date":"2012-11-17 23:26:54"
},
{
"kids":[],
"uid":"ylove0302",
"parent":"",
"text":"求真相@Narcissus深",
"mid":"z5F3ZEzDp",
"date":"2012-11-17 23:25:29"
},
{
"kids":[],
"uid":"2153982787",
"parent":"",
"text":"哎，定规则就是好玩",
"mid":"z5F3Yd4sy",
"date":"2012-11-17 23:25:25"
},
{
"kids":[],
"uid":"2974825613",
"parent":"z5EZhqZa0",
"text":"这些都能随意修改？怀疑",
"mid":"z5F3KloWP",
"date":"2012-11-17 23:24:49"
},
{
"kids":[],
"uid":"1257730887",
"parent":"z5EZTxjn1",
"text":"[衰]",
"mid":"z5F3C3kNI",
"date":"2012-11-17 23:24:29"
},
{
"kids":[],
"uid":"1848199975",
"parent":"z5EXR5E4J",
"text":"@大卫洋可夫",
"mid":"z5F3ycLnX",
"date":"2012-11-17 23:24:23"
},
{
"kids":[
"z5F9kn0il"
],
"uid":"1177201921",
"parent":"",
"text":"白扫盲了[泪][泪][泪][泪][泪]",
"mid":"z5F3lfcot",
"date":"2012-11-17 23:23:52"
},
{
"kids":[
"z5Kmn4dIQ"
],
"uid":"shaliuxin",
"parent":"",
"text":"眼泪哗哗的",
"mid":"z5F345gYa",
"date":"2012-11-17 23:23:11"
},
{
"kids":[],
"uid":"1456225113",
"parent":"",
"text":"忘本了！",
"mid":"z5F2R4ZpU",
"date":"2012-11-17 23:22:40"
},
{
"kids":[],
"uid":"leila82",
"parent":"",
"text":"真心觉得这改了才念得顺口！",
"mid":"z5F1Y5gZp",
"date":"2012-11-17 23:20:29"
},
{
"kids":[
"z5FLnx3QU"
],
"uid":"kiteinbuaa",
"parent":"",
"text":"新华字典，你大爷，把小学语文丢的分还给我！！",
"mid":"z5F1XtDbL",
"date":"2012-11-17 23:20:27"
},
{
"kids":[],
"uid":"zouhuajuan",
"parent":"z5ETTvocx",
"text":"反正还是该念啥念啥 这个必须心宽体胖pan",
"mid":"z5F1BjTOR",
"date":"2012-11-17 23:19:35"
},
{
"kids":[
"z5Hpp9ATO"
],
"uid":"rabbit47",
"parent":"",
"text":"真的假的？求证实！",
"mid":"z5F1j1Es0",
"date":"2012-11-17 23:18:51"
},
{
"kids":[],
"uid":"1937846740",
"parent":"z5F055VlL",
"text":"语言是人民的！[挖鼻屎]",
"mid":"z5F1cxKx4",
"date":"2012-11-17 23:18:33"
},
{
"kids":[],
"uid":"yummyci",
"parent":"",
"text":"艹。三观。",
"mid":"z5F1a8L7C",
"date":"2012-11-17 23:18:30"
},
{
"kids":[],
"uid":"2633484642",
"parent":"",
"text":"玩毛",
"mid":"z5F0HfdyN",
"date":"2012-11-17 23:17:21"
},
{
"kids":[],
"uid":"essing",
"parent":"",
"text":"有咩好改啫",
"mid":"z5F0oxVOB",
"date":"2012-11-17 23:16:36"
},
{
"kids":[],
"uid":"2076336243",
"parent":"",
"text":"不是真的吧？",
"mid":"z5F0nEGHV",
"date":"2012-11-17 23:16:34"
},
{
"kids":[],
"uid":"1828429151",
"parent":"",
"text":"不是吧 以后在那么说要被别人当成文盲了 当时还特意记呢",
"mid":"z5F0bySrU",
"date":"2012-11-17 23:16:06"
},
{
"kids":[],
"uid":"jamiehx",
"parent":"",
"text":"这帮专家就是吃饱了闲的啊",
"mid":"z5F05mCDq",
"date":"2012-11-17 23:15:51"
},
{
"kids":[
"z5KRLttSA",
"z5KRLtjCY",
"z5F1cxKx4"
],
"uid":"1026587872",
"parent":"",
"text":"早晚有一天 别墅Ye也会被扶正~",
"mid":"z5F055VlL",
"date":"2012-11-17 23:15:51"
},
{
"kids":[],
"uid":"bigebala",
"parent":"",
"text":"进步？？？",
"mid":"z5F04vYQI",
"date":"2012-11-17 23:15:48"
},
{
"kids":[],
"uid":"2146611335",
"parent":"",
"text":"[哼]",
"mid":"z5F028B4h",
"date":"2012-11-17 23:15:43"
},
{
"kids":[
"z5F3C3kNI"
],
"uid":"821819666",
"parent":"",
"text":"我将来怎么教育我孩子啊",
"mid":"z5EZTxjn1",
"date":"2012-11-17 23:15:23"
},
{
"kids":[],
"uid":"z1j99",
"parent":"",
"text":"…………",
"mid":"z5EZSE4mo",
"date":"2012-11-17 23:15:18"
},
{
"kids":[],
"uid":"amberstars",
"parent":"",
"text":"..................",
"mid":"z5EZRbCS3",
"date":"2012-11-17 23:15:17"
},
{
"kids":[],
"uid":"1880897203",
"parent":"",
"text":"擦，有没有搞错，我们好不容易扳过来了，又特么改回去了。",
"mid":"z5EZAmMdq",
"date":"2012-11-17 23:14:37"
},
{
"kids":[],
"uid":"bluenagisa",
"parent":"",
"text":"……我上高中还有什么意义！反正的地得都不分了！接受不能！",
"mid":"z5EZnmus1",
"date":"2012-11-17 23:14:03"
},
{
"kids":[],
"uid":"2109442640",
"parent":"",
"text":"我还是都记得的[酷]对得起当年语文老师！",
"mid":"z5EZkp8oa",
"date":"2012-11-17 23:13:59"
},
{
"kids":[
"z5F3KloWP"
],
"uid":"xia11371",
"parent":"",
"text":"我不相信！",
"mid":"z5EZhqZa0",
"date":"2012-11-17 23:13:52"
},
{
"kids":[],
"uid":"1572109597",
"parent":"",
"text":"……太白了，文化都没了。",
"mid":"z5EZ7oQRU",
"date":"2012-11-17 23:13:26"
},
{
"kids":[],
"uid":"2250704845",
"parent":"",
"text":"[汗]",
"mid":"z5EZ6djHb",
"date":"2012-11-17 23:13:25"
},
{
"kids":[],
"uid":"1911452675",
"parent":"",
"text":"好不容易记住这几个,又改了,彻底没文化了.",
"mid":"z5EYUn7g2",
"date":"2012-11-17 23:12:57"
},
{
"kids":[],
"uid":"1239445707",
"parent":"",
"text":"因为白字儿的太多么？",
"mid":"z5EYpDSTh",
"date":"2012-11-17 23:11:44"
},
{
"kids":[],
"uid":"azumila",
"parent":"",
"text":"更可悲的是以后还会被熊孩子们嘲笑念错字好嘛！！！",
"mid":"z5EYgbOBj",
"date":"2012-11-17 23:11:20"
},
{
"kids":[],
"uid":"1785539855",
"parent":"",
"text":"看来要活到老学到老啊！",
"mid":"z5EXWFnb2",
"date":"2012-11-17 23:10:34"
},
{
"kids":[
"z5F3ycLnX"
],
"uid":"910557541",
"parent":"",
"text":"完了，以后更没法得瑟自己认的那几个多音字了。",
"mid":"z5EXR5E4J",
"date":"2012-11-17 23:10:22"
},
{
"kids":[],
"uid":"2823301990",
"parent":"",
"text":"[汗]",
"mid":"z5EXx1R4o",
"date":"2012-11-17 23:09:32"
},
{
"kids":[],
"uid":"1290010060",
"parent":"",
"text":"绿树成荫改成绿树成阴；乡音无改鬓毛衰cui改成shuai了[抓狂][抓狂][抓狂]",
"mid":"z5EXlaG1K",
"date":"2012-11-17 23:09:04"
},
{
"kids":[
"z5MHE1Gv2"
],
"uid":"1824484583",
"parent":"",
"text":"开什么玩笑,姐是经历多少个做错的选择题才记得的心宽体pan 啊",
"mid":"z5EXe7lR3",
"date":"2012-11-17 23:08:47"
},
{
"kids":[],
"uid":"10272572",
"parent":"",
"text":"啊, 心宽体胖pan",
"mid":"z5EXadJqT",
"date":"2012-11-17 23:08:38"
},
{
"kids":[],
"uid":"silvershining",
"parent":"",
"text":"以前好不容易背的考点都没了。。。",
"mid":"z5EWVbR7H",
"date":"2012-11-17 23:08:00"
},
{
"kids":[
"z5FgwgavO"
],
"uid":"xorms",
"parent":"z5ETF5PEG",
"text":"是不是下一版干脆取消“壳”的qiao音，只保留ke音啊[右哼哼]  净没事瞎折腾！",
"mid":"z5EWQrZPf",
"date":"2012-11-17 23:07:51"
},
{
"kids":[],
"uid":"1036959050",
"parent":"",
"text":"Zhende? Nimei! Nimei! Nimei!",
"mid":"z5EWJkbCp",
"date":"2012-11-17 23:07:34"
},
{
"kids":[],
"uid":"weldone",
"parent":"",
"text":"pan这个不知道哦",
"mid":"z5EWr4G7T",
"date":"2012-11-17 23:06:50"
},
{
"kids":[],
"uid":"1706076982",
"parent":"",
"text":"因为语言只有记录没有规定，如果大家都说地ke，那就应该是地ke而不是地qiao。[泪]终于给了我一次可以运用专业的机会，那本大屁股的《语言学》我可以说我没有白背么？",
"mid":"z5EW4xfxg",
"date":"2012-11-17 23:05:58"
},
{
"kids":[],
"uid":"at1226",
"parent":"",
"text":"尊滴假滴？！",
"mid":"z5EVRgB5x",
"date":"2012-11-17 23:05:26"
},
{
"kids":[
"z5FpfAxv7"
],
"uid":"luanyunjushi",
"parent":"",
"text":"其他就罢了，地壳这个太雷了。。。",
"mid":"z5EVQnm5k",
"date":"2012-11-17 23:05:24"
},
{
"kids":[],
"uid":"1517721540",
"parent":"",
"text":"真的假的？",
"mid":"z5EVMfbtZ",
"date":"2012-11-17 23:05:14"
},
{
"kids":[],
"uid":"huangmoyizhu",
"parent":"",
"text":"[汗][汗][汗]",
"mid":"z5EVzxuvD",
"date":"2012-11-17 23:04:44"
},
{
"kids":[],
"uid":"fengyepiaoling1015",
"parent":"",
"text":"真。。。的。。。假、、、的、、、[疑问]",
"mid":"z5EVyDoef",
"date":"2012-11-17 23:04:42"
},
{
"kids":[],
"uid":"1645480085",
"parent":"",
"text":"改来改去的，没谱啊",
"mid":"z5EVxcoXS",
"date":"2012-11-17 23:04:39"
},
{
"kids":[],
"uid":"gjzloveyou",
"parent":"",
"text":"[黑线]",
"mid":"z5EVxaWEU",
"date":"2012-11-17 23:04:39"
},
{
"kids":[],
"uid":"102210197",
"parent":"",
"text":"每次改了字典我就觉得专家都是没事干吃饱了撑的",
"mid":"z5EVpccLm",
"date":"2012-11-17 23:04:20"
},
{
"kids":[],
"uid":"1257519553",
"parent":"",
"text":"[打哈欠]",
"mid":"z5EVmxkR6",
"date":"2012-11-17 23:04:13"
},
{
"kids":[],
"uid":"1065626640",
"parent":"",
"text":"不是吧[吃惊]",
"mid":"z5EVktfxI",
"date":"2012-11-17 23:04:07"
},
{
"kids":[],
"uid":"901281082",
"parent":"",
"text":"转发微博。",
"mid":"z5EVbApxg",
"date":"2012-11-17 23:03:44"
},
{
"kids":[],
"uid":"1848403117",
"parent":"",
"text":"为什么是不是也要改成 为神马",
"mid":"z5EUwhPAM",
"date":"2012-11-17 23:02:07"
},
{
"kids":[],
"uid":"1730502180",
"parent":"",
"text":"我又想骂人了[怒]",
"mid":"z5EUsnGwI",
"date":"2012-11-17 23:01:58"
},
{
"kids":[],
"uid":"tiancai86",
"parent":"",
"text":"哈哈哈@记忆女神的女儿们",
"mid":"z5EUptRTO",
"date":"2012-11-17 23:01:52"
},
{
"kids":[],
"uid":"1177321747",
"parent":"",
"text":"就会这么几个词还都改过来了",
"mid":"z5EUpcgyW",
"date":"2012-11-17 23:01:52"
},
{
"kids":[
"z5Fgthihr"
],
"uid":"1885818585",
"parent":"",
"text":"日啊",
"mid":"z5EUnFHi8",
"date":"2012-11-17 23:01:49"
},
{
"kids":[],
"uid":"ly1205",
"parent":"z5ETk4JGR",
"text":"高中白学了",
"mid":"z5EUl0ApJ",
"date":"2012-11-17 23:01:42"
},
{
"kids":[],
"uid":"206056773",
"parent":"",
"text":"不止白学。因为这个错而抄的100遍都白瞎了！！！",
"mid":"z5EUhssJO",
"date":"2012-11-17 23:01:33"
},
{
"kids":[],
"uid":"yuliang418",
"parent":"",
"text":"找本字典翻翻看[思考]",
"mid":"z5EU9c7nG",
"date":"2012-11-17 23:01:13"
},
{
"kids":[],
"uid":"2079056205",
"parent":"",
"text":"都回去了[汗]",
"mid":"z5EU8iShr",
"date":"2012-11-17 23:01:11"
},
{
"kids":[
"z5ZhTzfjF",
"z5ZhThE9j"
],
"uid":"1586762603",
"parent":"z5EToxE6h",
"text":"表示白学了。。。",
"mid":"z5EU6xccw",
"date":"2012-11-17 23:01:07"
},
{
"kids":[
"z5FbEeZo2",
"z5F1BjTOR"
],
"uid":"1412124021",
"parent":"",
"text":"啊不是吧！！！！强迫症患者表示不同意啊！！！！@熊猫闹闹滚来滚去",
"mid":"z5ETTvocx",
"date":"2012-11-17 23:00:36"
},
{
"kids":[],
"uid":"1853928415",
"parent":"",
"text":"真的么？",
"mid":"z5ETSkxVv",
"date":"2012-11-17 23:00:29"
},
{
"kids":[],
"uid":"1136369920",
"parent":"",
"text":"",
"mid":"z5ETOcniD",
"date":"2012-11-17 23:00:21"
},
{
"kids":[],
"uid":"wangsure84",
"parent":"",
"text":"",
"mid":"z5ETM98cx",
"date":"2012-11-17 23:00:19"
},
{
"kids":[],
"uid":"1402830434",
"parent":"",
"text":"照这样下去，马上就得回小学从新开始识字了？",
"mid":"z5ETKFVmK",
"date":"2012-11-17 23:00:15"
},
{
"kids":[],
"uid":"wgsndy",
"parent":"",
"text":"创造历史，改写历史永远是胜利者的“权力”。",
"mid":"z5ETKmE5a",
"date":"2012-11-17 23:00:14"
},
{
"kids":[],
"uid":"1842938113",
"parent":"",
"text":"擦！ 为毛要改啊！！！",
"mid":"z5ETK4cGN",
"date":"2012-11-17 23:00:12"
},
{
"kids":[
"z5IAf9a1a",
"z5FgCpOWZ",
"z5EWQrZPf"
],
"uid":"jinlingx",
"parent":"",
"text":"高中白学了[悲伤]",
"mid":"z5ETF5PEG",
"date":"2012-11-17 23:00:00"
},
{
"kids":[],
"uid":"kelvinlee0224",
"parent":"",
"text":"坚持多年的epang宫崩塌了。。。",
"mid":"z5ETsCG1z",
"date":"2012-11-17 22:59:32"
},
{
"kids":[
"z5EU6xccw"
],
"uid":"1975477593",
"parent":"",
"text":"这个。。。[奥特曼]",
"mid":"z5EToxE6h",
"date":"2012-11-17 22:59:22"
},
{
"kids":[],
"uid":"ykwi",
"parent":"",
"text":"初中高中什么的。。。。。。[怒][衰][非常汗]",
"mid":"z5ETn1dXD",
"date":"2012-11-17 22:59:18"
},
{
"kids":[
"z5EUl0ApJ"
],
"uid":"1241369497",
"parent":"",
"text":"不是吧  好不容易念习惯了，又改回去了",
"mid":"z5ETk4JGR",
"date":"2012-11-17 22:59:12"
},
{
"kids":[
"z5FOa9lGj"
],
"uid":"gaoxinbaobao",
"parent":"",
"text":"是因为文盲太多？",
"mid":"z5ETgeahG",
"date":"2012-11-17 22:59:02"
},
{
"kids":[],
"uid":"jylovezdm",
"parent":"",
"text":"真的假的?",
"mid":"z5ETfCwtk",
"date":"2012-11-17 22:59:00"
},
{
"kids":[
"z64zctqtu"
],
"uid":"suiyuan213",
"parent":"",
"text":"伪诏！！！",
"mid":"z5ETbbUSA",
"date":"2012-11-17 22:58:49"
},
{
"kids":[],
"uid":"tinym0118",
"parent":"",
"text":"我擦 玩我呢？改这个的绝对是 以前受过打击！",
"mid":"z5ET5yRxw",
"date":"2012-11-17 22:58:37"
},
{
"kids":[],
"uid":"919854678",
"parent":"",
"text":"这个可靠么？那么我们当年的分白丢了？",
"mid":"z5ET22kLz",
"date":"2012-11-17 22:58:24"
},
{
"kids":[],
"uid":"jinggang0203",
"parent":"",
"text":"白学了",
"mid":"z5ESSyI12",
"date":"2012-11-17 22:58:06"
},
{
"kids":[],
"uid":"778930113",
"parent":"",
"text":"哎。。。。",
"mid":"z5ESQyfJT",
"date":"2012-11-17 22:58:01"
},
{
"kids":[],
"uid":"1609190064",
"parent":"",
"text":"这是骗人的！[怒]",
"mid":"z5ESH5mXF",
"date":"2012-11-17 22:57:39"
}
]