[
{
"kids":[],
"uid":"3381055380",
"parent":"zD69FstN8",
"text":"",
"mid":"zDaJItiAw",
"date":"2013-06-26 08:43:27"
},
{
"kids":[
"zDaJItiAw"
],
"uid":"1826090910",
"parent":"",
"text":"",
"mid":"zD69FstN8",
"date":"2013-06-25 21:03:37"
},
{
"kids":[],
"uid":"1046477115",
"parent":"zxTDKf01v",
"text":"",
"mid":"zyOZOkzeo",
"date":"2013-05-28 18:01:25"
},
{
"kids":[],
"uid":"1154952602",
"parent":"zxTTj3oG6",
"text":"@冉冉浮生_snow",
"mid":"zymOBblZd",
"date":"2013-05-25 18:16:53"
},
{
"kids":[],
"uid":"1028486963",
"parent":"zy4cEnXtp",
"text":"等双薪了，咱买蓝绿色的尝尝",
"mid":"zy9ck115F",
"date":"2013-05-24 07:36:54"
},
{
"kids":[
"zy9ck115F"
],
"uid":"1222358693",
"parent":"zxTJrj5An",
"text":"我擦！黑色了！没有下次了",
"mid":"zy4cEnXtp",
"date":"2013-05-23 18:53:59"
},
{
"kids":[],
"uid":"hntvjsb",
"parent":"zxU5scK4G",
"text":"",
"mid":"zy0fwBKhh",
"date":"2013-05-23 08:50:05"
},
{
"kids":[],
"uid":"2752606081",
"parent":"zxTFxCMDk",
"text":"你的牙膏什么色？",
"mid":"zxZKpF6Ur",
"date":"2013-05-23 07:33:25"
},
{
"kids":[],
"uid":"1132643951",
"parent":"zxTTj3oG6",
"text":"",
"mid":"zxWTh9cPa",
"date":"2013-05-23 00:16:59"
},
{
"kids":[],
"uid":"1239853332",
"parent":"zxTSQ5C1U",
"text":"这个还真不知道，学一招。",
"mid":"zxWIA2fcO",
"date":"2013-05-22 23:50:37"
},
{
"kids":[],
"uid":"1264522170",
"parent":"zxTDKf01v",
"text":"",
"mid":"zxWrxjEaF",
"date":"2013-05-22 23:08:39"
},
{
"kids":[],
"uid":"2625342753",
"parent":"zxVtjv0sH",
"text":"",
"mid":"zxWrnhUwz",
"date":"2013-05-22 23:08:14"
},
{
"kids":[],
"uid":"737267858",
"parent":"zxTTj3oG6",
"text":"",
"mid":"zxWcd3mgJ",
"date":"2013-05-22 22:30:56"
},
{
"kids":[],
"uid":"2764560763",
"parent":"zxUrmzqfk",
"text":"",
"mid":"zxVVUu6i0",
"date":"2013-05-22 21:50:43"
},
{
"kids":[],
"uid":"2437371105",
"parent":"zxU5scK4G",
"text":"普及知识很有必要呀，从来没有听说过，对比了一下，自己买的是蓝色的！",
"mid":"zxVMokPvy",
"date":"2013-05-22 21:27:20"
},
{
"kids":[],
"uid":"2067199957",
"parent":"zxU7C5daq",
"text":"蓝滴！舒适达",
"mid":"zxVITsF0D",
"date":"2013-05-22 21:18:42"
},
{
"kids":[],
"uid":"2019270071",
"parent":"zxTTj3oG6",
"text":"",
"mid":"zxVGQqWJq",
"date":"2013-05-22 21:13:39"
},
{
"kids":[],
"uid":"hongyun1104",
"parent":"zxVtLAUPC",
"text":"不敢用黑人了！！！！！！",
"mid":"zxVvG6Ozm",
"date":"2013-05-22 20:46:07"
},
{
"kids":[
"zxVvG6Ozm"
],
"uid":"3221600661",
"parent":"",
"text":"@L杰先生说 @v-v魏超 @残留一丝暧昧o @天涯梦圆",
"mid":"zxVtLAUPC",
"date":"2013-05-22 20:41:24"
},
{
"kids":[
"zxWrnhUwz"
],
"uid":"fang1999",
"parent":"zxU7C5daq",
"text":"[吃惊]",
"mid":"zxVtjv0sH",
"date":"2013-05-22 20:40:18"
},
{
"kids":[],
"uid":"2659534755",
"parent":"",
"text":"我现在用的云南白药牙膏是蓝色条，七达白牙素牙膏是黑色条，还有一只写的日本字（健康呆强，，，，）也是黑条，这个小知识还真得注意。大家多注意吧！！！",
"mid":"zxUY5qP9s",
"date":"2013-05-22 19:23:23"
},
{
"kids":[],
"uid":"2427798107",
"parent":"zxTKLdJ3o",
"text":"尼玛，我用的就是黑人的[抓狂][抓狂]",
"mid":"zxUQlykPd",
"date":"2013-05-22 19:04:19"
},
{
"kids":[],
"uid":"2160383400",
"parent":"zxU4lnrBr",
"text":"真的假的？@立哥他妈",
"mid":"zxUKN46tP",
"date":"2013-05-22 18:50:35"
},
{
"kids":[],
"uid":"1802121002",
"parent":"zxTDKf01v",
"text":"",
"mid":"zxUFrdE2y",
"date":"2013-05-22 18:37:24"
},
{
"kids":[],
"uid":"2335052173",
"parent":"zxTDKf01v",
"text":"",
"mid":"zxUBi8tUt",
"date":"2013-05-22 18:27:13"
},
{
"kids":[],
"uid":"2632480077",
"parent":"zxTDKf01v",
"text":"",
"mid":"zxUAGgybh",
"date":"2013-05-22 18:25:43"
},
{
"kids":[
"zxVVUu6i0"
],
"uid":"2342505705",
"parent":"zxTKLdJ3o",
"text":"",
"mid":"zxUrmzqfk",
"date":"2013-05-22 18:02:46"
},
{
"kids":[],
"uid":"1084717734",
"parent":"zxTJrj5An",
"text":"涨知识了~",
"mid":"zxUnsjqQm",
"date":"2013-05-22 17:53:08"
},
{
"kids":[],
"uid":"1079559315",
"parent":"zxTDKf01v",
"text":"回去看看自己用的，是啥情况？",
"mid":"zxUiTg3Yo",
"date":"2013-05-22 17:41:51"
},
{
"kids":[],
"uid":"xyf008",
"parent":"zxTDKf01v",
"text":"",
"mid":"zxUiJ9tCM",
"date":"2013-05-22 17:41:30"
},
{
"kids":[],
"uid":"1212875777",
"parent":"zxTIue5TR",
"text":"电视台辟谣了。某人说我没文化呢[汗]",
"mid":"zxUiBu8da",
"date":"2013-05-22 17:41:10"
},
{
"kids":[],
"uid":"2210734652",
"parent":"",
"text":"[吃惊]我家黑色的",
"mid":"zxUcHmEvX",
"date":"2013-05-22 17:26:39"
},
{
"kids":[],
"uid":"2051264940",
"parent":"zxTDKf01v",
"text":"@听见月光_erin 牙膏底部的条色共分4种:绿、蓝、红、黑. 绿色:纯天然；蓝色:天然+药物；红色:天然+化学成分；黑色:纯化学。绝大部分品牌是黑色的，买牙膏时注意牙膏管反面底部的颜色条,尽量选择绿色和蓝。留印学习，防止河蟹。",
"mid":"zxUcB8V3w",
"date":"2013-05-22 17:26:22"
},
{
"kids":[],
"uid":"2370664915",
"parent":"zxTTj3oG6",
"text":"有用  推！",
"mid":"zxUaRl3i1",
"date":"2013-05-22 17:22:06"
},
{
"kids":[],
"uid":"1774162573",
"parent":"zxTOLoD0B",
"text":"真的假的 求辟谣！",
"mid":"zxUa58cgy",
"date":"2013-05-22 17:20:11"
},
{
"kids":[],
"uid":"2125847561",
"parent":"zxU5scK4G",
"text":"",
"mid":"zxU9paO1H",
"date":"2013-05-22 17:18:31"
},
{
"kids":[],
"uid":"3230345874",
"parent":"",
"text":"",
"mid":"zxU9ozadO",
"date":"2013-05-22 17:18:30"
},
{
"kids":[],
"uid":"2387108473",
"parent":"zxU2ebqyq",
"text":"",
"mid":"zxU8OvEzL",
"date":"2013-05-22 17:17:05"
},
{
"kids":[
"zxVITsF0D",
"zxVtjv0sH"
],
"uid":"2366894307",
"parent":"zxU3BgYxF",
"text":"黑哒！舒适达[生病]@妞妞_12946 @芳之佳晨 @刘书艳 @如鱼饮水1982 @千千0210 @银色意象",
"mid":"zxU7C5daq",
"date":"2013-05-22 17:14:04"
},
{
"kids":[],
"uid":"mokexmoke",
"parent":"zxTDKf01v",
"text":"",
"mid":"zxU695oDQ",
"date":"2013-05-22 17:10:27"
},
{
"kids":[
"zy0fwBKhh",
"zxVMokPvy",
"zxU9paO1H"
],
"uid":"2033513824",
"parent":"zxTDKf01v",
"text":"",
"mid":"zxU5scK4G",
"date":"2013-05-22 17:08:48"
},
{
"kids":[],
"uid":"2704553461",
"parent":"zxTDKf01v",
"text":"这个要普及一下！[酷]",
"mid":"zxU4Cc8Go",
"date":"2013-05-22 17:06:43"
},
{
"kids":[
"zxUKN46tP"
],
"uid":"vivianweng48",
"parent":"zxU2btlZu",
"text":"还好yoyo用的牙膏是蓝色！",
"mid":"zxU4lnrBr",
"date":"2013-05-22 17:06:01"
},
{
"kids":[],
"uid":"2314429520",
"parent":"zxTTj3oG6",
"text":"",
"mid":"zxU44ya0n",
"date":"2013-05-22 17:05:23"
},
{
"kids":[
"zxU7C5daq"
],
"uid":"1400713092",
"parent":"zxTTYn9a2",
"text":"@李相如-Li @山高水长1116 @娓娓道来9015 @矮人天使 @嘻哈怒客亲王 @水中人儿V @芸豆139 @小魔仙的快乐生活2010 @笑花儿-Joyce @ToBy_4_Lau @佟老三2010",
"mid":"zxU3BgYxF",
"date":"2013-05-22 17:04:12"
},
{
"kids":[],
"uid":"2369819051",
"parent":"zxTOLoD0B",
"text":"难道牙都不能刷了[汗]",
"mid":"zxU3qCHsS",
"date":"2013-05-22 17:03:47"
},
{
"kids":[],
"uid":"2273832057",
"parent":"",
"text":"@阴天里的阳光66",
"mid":"zxU2i21eT",
"date":"2013-05-22 17:00:59"
},
{
"kids":[
"zxU8OvEzL"
],
"uid":"1963046810",
"parent":"zxU1m7Qbv",
"text":"绿色的'是如新！",
"mid":"zxU2ebqyq",
"date":"2013-05-22 17:00:49"
},
{
"kids":[
"zxU4lnrBr"
],
"uid":"2284397474",
"parent":"zxTDKf01v",
"text":"[疑问]",
"mid":"zxU2btlZu",
"date":"2013-05-22 17:00:43"
},
{
"kids":[
"zxU2ebqyq"
],
"uid":"2293618904",
"parent":"zxTDKf01v",
"text":"这个需要普及哈，但真假能分么？[熊猫]",
"mid":"zxU1m7Qbv",
"date":"2013-05-22 16:58:42"
},
{
"kids":[],
"uid":"1864672185",
"parent":"zxTTj3oG6",
"text":"",
"mid":"zxU0o7LQL",
"date":"2013-05-22 16:56:18"
},
{
"kids":[],
"uid":"2744572042",
"parent":"zxTDKf01v",
"text":"",
"mid":"zxU0bFcMo",
"date":"2013-05-22 16:55:47"
},
{
"kids":[],
"uid":"3308695561",
"parent":"zxTDKf01v",
"text":"力转力转，大家快来学习一下，买的时候多多注意哦",
"mid":"zxTZ86LJ3",
"date":"2013-05-22 16:53:12"
},
{
"kids":[],
"uid":"2835171050",
"parent":"zxTDKf01v",
"text":"",
"mid":"zxTWVyYgf",
"date":"2013-05-22 16:47:47"
},
{
"kids":[],
"uid":"sunlshine",
"parent":"",
"text":"@玲忆忆",
"mid":"zxTWOamr9",
"date":"2013-05-22 16:47:28"
},
{
"kids":[],
"uid":"1792347004",
"parent":"zxTDKf01v",
"text":"[吃惊]@肥肥肥腊肉 @小小小悦朗 @靓靓靓猪猪 @肥肥肥唐老鸭 @sthyi",
"mid":"zxTWlvR5X",
"date":"2013-05-22 16:46:19"
},
{
"kids":[],
"uid":"2042741233",
"parent":"zxTTj3oG6",
"text":"",
"mid":"zxTVf0bGv",
"date":"2013-05-22 16:43:35"
},
{
"kids":[],
"uid":"apeacefulworld",
"parent":"",
"text":"",
"mid":"zxTUY7rEM",
"date":"2013-05-22 16:42:57"
},
{
"kids":[
"zxU3BgYxF"
],
"uid":"600767857",
"parent":"zxTSQ5C1U",
"text":"黑啊！",
"mid":"zxTTYn9a2",
"date":"2013-05-22 16:40:30"
},
{
"kids":[
"zymOBblZd",
"zxWTh9cPa",
"zxWcd3mgJ",
"zxVGQqWJq",
"zxUaRl3i1",
"zxU44ya0n",
"zxU0o7LQL",
"zxTVf0bGv"
],
"uid":"2723406541",
"parent":"zxTDKf01v",
"text":"推一把！[赞]",
"mid":"zxTTj3oG6",
"date":"2013-05-22 16:38:51"
},
{
"kids":[],
"uid":"2210038232",
"parent":"zxTDKf01v",
"text":"",
"mid":"zxTTeyO9W",
"date":"2013-05-22 16:38:39"
},
{
"kids":[
"zxWIA2fcO",
"zxTTYn9a2"
],
"uid":"2723532513",
"parent":"zxTDKf01v",
"text":"我靠，一直化学！[泪]",
"mid":"zxTSQ5C1U",
"date":"2013-05-22 16:37:42"
},
{
"kids":[],
"uid":"2319289161",
"parent":"zxTDKf01v",
"text":"",
"mid":"zxTSGzLRV",
"date":"2013-05-22 16:37:20"
},
{
"kids":[],
"uid":"2178976221",
"parent":"zxTDKf01v",
"text":"[怒]早不说。",
"mid":"zxTSA5UWy",
"date":"2013-05-22 16:37:04"
},
{
"kids":[],
"uid":"2669069083",
"parent":"zxTDKf01v",
"text":"受益了！",
"mid":"zxTRFl5Pj",
"date":"2013-05-22 16:34:50"
},
{
"kids":[],
"uid":"1626894032",
"parent":"zxTDKf01v",
"text":"",
"mid":"zxTQ9offx",
"date":"2013-05-22 16:31:05"
},
{
"kids":[],
"uid":"2818065452",
"parent":"",
"text":"",
"mid":"zxTPWo6fh",
"date":"2013-05-22 16:30:33"
},
{
"kids":[],
"uid":"1760673783",
"parent":"zxTDKf01v",
"text":"",
"mid":"zxTPbno5Q",
"date":"2013-05-22 16:28:42"
},
{
"kids":[],
"uid":"1275715940",
"parent":"zxTDKf01v",
"text":"普及贴",
"mid":"zxTOWAKV7",
"date":"2013-05-22 16:28:07"
},
{
"kids":[
"zxUa58cgy",
"zxU3qCHsS"
],
"uid":"1934781020",
"parent":"zxTM24F5q",
"text":"现在有不少网友说是假新闻，还是先慎重一些吧。",
"mid":"zxTOLoD0B",
"date":"2013-05-22 16:27:38"
},
{
"kids":[],
"uid":"2194094754",
"parent":"zxTDKf01v",
"text":"",
"mid":"zxTOaqJnu",
"date":"2013-05-22 16:26:12"
},
{
"kids":[
"zxTOLoD0B"
],
"uid":"1934781020",
"parent":"zxTDKf01v",
"text":"啊，原来还有这么一说呀！！一定要扩散！@耍流氓桃丸子",
"mid":"zxTM24F5q",
"date":"2013-05-22 16:20:56"
},
{
"kids":[],
"uid":"zixuan911",
"parent":"zxTDKf01v",
"text":"",
"mid":"zxTLn1GAb",
"date":"2013-05-22 16:19:18"
},
{
"kids":[
"zxUQlykPd",
"zxUrmzqfk"
],
"uid":"2810144272",
"parent":"zxTHgAJCU",
"text":"",
"mid":"zxTKLdJ3o",
"date":"2013-05-22 16:17:48"
},
{
"kids":[],
"uid":"2279731974",
"parent":"",
"text":"牙膏的秘密。",
"mid":"zxTK9CxeE",
"date":"2013-05-22 16:16:17"
},
{
"kids":[
"zy9ck115F",
"zy4cEnXtp",
"zxUnsjqQm"
],
"uid":"1028486963",
"parent":"zxTDKf01v",
"text":"",
"mid":"zxTJrj5An",
"date":"2013-05-22 16:14:31"
},
{
"kids":[],
"uid":"1839535671",
"parent":"",
"text":"[话筒]这个要普及一下",
"mid":"zxTIFa9W4",
"date":"2013-05-22 16:12:38"
},
{
"kids":[
"zxUiBu8da"
],
"uid":"1212875777",
"parent":"zxTDKf01v",
"text":"[泪]今天给儿子买的儿童牙膏，管底是黑条",
"mid":"zxTIue5TR",
"date":"2013-05-22 16:12:11"
},
{
"kids":[],
"uid":"2027927154",
"parent":"zxTDKf01v",
"text":"刚看了一眼，纯黑[衰[衰]",
"mid":"zxTHXtfCG",
"date":"2013-05-22 16:10:54"
},
{
"kids":[],
"uid":"2618251605",
"parent":"zxTDKf01v",
"text":"",
"mid":"zxTHAq9PC",
"date":"2013-05-22 16:09:59"
},
{
"kids":[],
"uid":"eaneed",
"parent":"zxTDKf01v",
"text":"",
"mid":"zxTHpu2fH",
"date":"2013-05-22 16:09:33"
},
{
"kids":[],
"uid":"1761527393",
"parent":"zxTDKf01v",
"text":"[吃惊]",
"mid":"zxTHogtTM",
"date":"2013-05-22 16:09:29"
},
{
"kids":[
"zxTKLdJ3o"
],
"uid":"2431310615",
"parent":"zxTDKf01v",
"text":"不要用黑人了，纯黑的",
"mid":"zxTHgAJCU",
"date":"2013-05-22 16:09:12"
},
{
"kids":[],
"uid":"champs",
"parent":"zxTDKf01v",
"text":"",
"mid":"zxTGHqyYJ",
"date":"2013-05-22 16:07:48"
},
{
"kids":[
"zxZKpF6Ur"
],
"uid":"1296479475",
"parent":"",
"text":"",
"mid":"zxTFxCMDk",
"date":"2013-05-22 16:04:56"
},
{
"kids":[],
"uid":"2177143305",
"parent":"zxTDKf01v",
"text":"",
"mid":"zxTFr859w",
"date":"2013-05-22 16:04:41"
},
{
"kids":[],
"uid":"2601831991",
"parent":"zxTDKf01v",
"text":"",
"mid":"zxTF6rvl2",
"date":"2013-05-22 16:03:50"
},
{
"kids":[],
"uid":"2271143012",
"parent":"",
"text":"",
"mid":"zxTEG7lVR",
"date":"2013-05-22 16:02:49"
},
{
"kids":[],
"uid":"2880420540",
"parent":"zxTDKf01v",
"text":"这个应该知道",
"mid":"zxTEix48n",
"date":"2013-05-22 16:01:53"
},
{
"kids":[],
"uid":"1219131394",
"parent":"",
"text":"",
"mid":"zxTEgsYgS",
"date":"2013-05-22 16:01:48"
},
{
"kids":[],
"uid":"1749859912",
"parent":"",
"text":"",
"mid":"zxTE3q4Bb",
"date":"2013-05-22 16:01:17"
},
{
"kids":[
"zyOZOkzeo",
"zymOBblZd",
"zy9ck115F",
"zxWrxjEaF",
"zxUFrdE2y",
"zxUBi8tUt",
"zxUAGgybh",
"zxUiTg3Yo",
"zxUiJ9tCM",
"zxUcB8V3w",
"zxU695oDQ",
"zxU5scK4G",
"zxU4Cc8Go",
"zxU2btlZu",
"zxU1m7Qbv",
"zxU0bFcMo",
"zxTZ86LJ3",
"zxTWVyYgf",
"zxTWlvR5X",
"zxTTj3oG6",
"zxTTeyO9W",
"zxTSQ5C1U",
"zxTSGzLRV",
"zxTSA5UWy",
"zxTRFl5Pj",
"zxTQ9offx",
"zxTPbno5Q",
"zxTOWAKV7",
"zxTOaqJnu",
"zxTM24F5q",
"zxTLn1GAb",
"zxTJrj5An",
"zxTIue5TR",
"zxTHXtfCG",
"zxTHAq9PC",
"zxTHpu2fH",
"zxTHogtTM",
"zxTHgAJCU",
"zxTGHqyYJ",
"zxTFr859w",
"zxTF6rvl2",
"zxTEix48n"
],
"uid":"1285020581",
"parent":"",
"text":"哇咔咔，这个要普及一下！[酷]",
"mid":"zxTDKf01v",
"date":"2013-05-22 16:00:31"
},
{
"kids":[],
"uid":"1145041642",
"parent":"",
"text":"普及一下知识！",
"mid":"zxSPT7fpx",
"date":"2013-05-22 13:57:40"
}
]