[
{
"kids":[],
"uid":"2292765573",
"parent":"",
"text":"标记谣言",
"mid":"A7JmMpc4Q",
"date":"2013-09-03 12:47:39"
},
{
"kids":[],
"uid":"1263077904",
"parent":"",
"text":"博主心真宽！爷们儿！ 壮士！真汉子！居然还不删！换做我………！真佩服！有性格！路过~→_→",
"mid":"zqflrfYZX",
"date":"2013-04-02 08:33:24"
},
{
"kids":[],
"uid":"2920254532",
"parent":"",
"text":"",
"mid":"zpj4thLAf",
"date":"2013-03-27 04:12:17"
},
{
"kids":[],
"uid":"2920275234",
"parent":"",
"text":"",
"mid":"zpj4tgqyU",
"date":"2013-03-27 04:12:18"
},
{
"kids":[],
"uid":"2919561792",
"parent":"",
"text":"",
"mid":"zopdKoI8T",
"date":"2013-03-21 06:01:19"
},
{
"kids":[],
"uid":"narella0121",
"parent":"zo1ipx6nl",
"text":"[吃惊][吃惊][吃惊]",
"mid":"zo2jN0HRl",
"date":"2013-03-18 19:43:02"
},
{
"kids":[],
"uid":"2951160651",
"parent":"",
"text":"博主是什么心态？这tm也能乱吹的？[鄙视]",
"mid":"zo2eiBvY4",
"date":"2013-03-18 19:29:29"
},
{
"kids":[
"zo2jN0HRl"
],
"uid":"1663660893",
"parent":"",
"text":"想出名想疯了",
"mid":"zo1ipx6nl",
"date":"2013-03-18 17:06:52"
},
{
"kids":[],
"uid":"atangge20120218",
"parent":"",
"text":"我看你就是为了想出名，让很多的人对你的微博关注！真龌龊！[怒][怒][怒][怒][怒][怒][怒][怒][怒][怒][怒][怒][怒][怒][怒][怒][怒][怒][怒][怒][怒][怒][怒][怒][怒][怒][怒][怒][怒][怒][怒][怒][怒][怒][怒][怒][怒][怒][怒][怒][怒][怒][怒][怒][怒][怒][怒][怒][怒]",
"mid":"zo0ThFRgv",
"date":"2013-03-18 16:04:58"
},
{
"kids":[],
"uid":"atangge20120218",
"parent":"",
"text":"你这样说的目的是什么意思呢？他哪里得罪你了呢？",
"mid":"zo0SShdiu",
"date":"2013-03-18 16:03:58"
},
{
"kids":[],
"uid":"arlueng",
"parent":"",
"text":"草泥马。",
"mid":"zo0su9NDh",
"date":"2013-03-18 14:58:59"
},
{
"kids":[],
"uid":"1617408075",
"parent":"",
"text":"@六小龄童 噗[蜡烛]",
"mid":"znZbPoLfP",
"date":"2013-03-18 11:45:11"
},
{
"kids":[],
"uid":"3220927462",
"parent":"",
"text":"果然空虚无聊到他人的生死也能调戏一番！",
"mid":"znYGDDiAb",
"date":"2013-03-18 10:28:19"
},
{
"kids":[],
"uid":"yoyozhanglin",
"parent":"",
"text":"喂，不要随便咒别人好吗？为自己出名干这么损人的事情，对不起良心哦",
"mid":"znXZ7dVWi",
"date":"2013-03-18 08:41:06"
},
{
"kids":[],
"uid":"317498882",
"parent":"",
"text":"",
"mid":"znV7588OH",
"date":"2013-03-18 01:22:30"
},
{
"kids":[],
"uid":"2059329007",
"parent":"",
"text":"大胆妖怪 竟然诅咒猴哥 吃老孙一棒先[怒]@over-11 @lsc让青春继续-_- @Eailin @Believe_jim @傅家明宇 @驼哥养生堂店长谭思源 @荒唐的高强政委",
"mid":"znUky6Y5C",
"date":"2013-03-17 23:22:55"
},
{
"kids":[],
"uid":"3266132305",
"parent":"",
"text":"我们永远猴哥 走好",
"mid":"znTPahTk2",
"date":"2013-03-17 22:05:37"
},
{
"kids":[],
"uid":"3266132305",
"parent":"",
"text":"",
"mid":"znTP21xKf",
"date":"2013-03-17 22:05:17"
},
{
"kids":[],
"uid":"1774539311",
"parent":"",
"text":"活该你给禁言! 亏你还是个经理!!最恨就是这些散布谣言的人!",
"mid":"znSsK0WRQ",
"date":"2013-03-17 18:37:37"
},
{
"kids":[],
"uid":"2009507097",
"parent":"",
"text":"瞎扯什么，无中生有!!你知不知道舆论有时候会让一个人身败名裂!!",
"mid":"znQBs1RVN",
"date":"2013-03-17 13:53:35"
},
{
"kids":[],
"uid":"1668971137",
"parent":"",
"text":"骗子~~",
"mid":"znQq7jcPR",
"date":"2013-03-17 13:25:40"
},
{
"kids":[],
"uid":"1668971137",
"parent":"",
"text":"",
"mid":"znQpWolVq",
"date":"2013-03-17 13:25:14"
},
{
"kids":[],
"uid":"laptop1209",
"parent":"",
"text":"加V的乱放屁",
"mid":"znNU4Bacf",
"date":"2013-03-17 07:01:14"
},
{
"kids":[],
"uid":"2565812655",
"parent":"",
"text":"你的节操呢？",
"mid":"znJZw8KMN",
"date":"2013-03-16 21:03:39"
},
{
"kids":[],
"uid":"2637393350",
"parent":"",
"text":"吃饱了没事干，没事找事。[怒]",
"mid":"znJZbrswG",
"date":"2013-03-16 21:02:50"
},
{
"kids":[],
"uid":"2876639680",
"parent":"",
"text":"",
"mid":"znJmmmiJs",
"date":"2013-03-16 19:27:09"
},
{
"kids":[],
"uid":"9018jolin",
"parent":"",
"text":"没礼貌的家伙！！！",
"mid":"znIOJ5JJG",
"date":"2013-03-16 18:04:17"
},
{
"kids":[],
"uid":"tutu3tutu",
"parent":"",
"text":"造谣我初恋！！作死啊！！！[怒][怒][怒]",
"mid":"znH9ppnbO",
"date":"2013-03-16 13:49:45"
},
{
"kids":[],
"uid":"calvinchanlu",
"parent":"",
"text":"",
"mid":"znGWKhhcm",
"date":"2013-03-16 13:18:35"
},
{
"kids":[],
"uid":"lihaocunatc",
"parent":"",
"text":"沙师弟已经走了，您还诅咒大师兄，您这是想让八戒和师父玩二人转啊。。打假要从打击虚假消息做起。。。",
"mid":"znGPKdxkC",
"date":"2013-03-16 13:01:21"
},
{
"kids":[],
"uid":"2778248753",
"parent":"",
"text":"",
"mid":"znGo7wCja",
"date":"2013-03-16 11:53:17"
},
{
"kids":[],
"uid":"2404358951",
"parent":"",
"text":"这年头，真是什么人都来加个V，造谣也要有分寸好吗？无聊不？",
"mid":"znCubfuMj",
"date":"2013-03-16 01:57:12"
},
{
"kids":[],
"uid":"2097362227",
"parent":"",
"text":"吓！！！！！唔系挂？",
"mid":"znC4ZdGch",
"date":"2013-03-16 00:55:06"
},
{
"kids":[],
"uid":"1980261347",
"parent":"",
"text":"真胆儿大，不怕被人骂呀",
"mid":"znAVmya44",
"date":"2013-03-15 21:58:42"
},
{
"kids":[],
"uid":"1972615523",
"parent":"",
"text":"死骗子",
"mid":"znAMVf9OR",
"date":"2013-03-15 21:37:54"
},
{
"kids":[],
"uid":"yuanchenghua",
"parent":"",
"text":"回复@六小龄童:[蜡烛]",
"mid":"znylFdO5I",
"date":"2013-03-15 15:25:16"
},
{
"kids":[],
"uid":"2884732761",
"parent":"znsXmgIxI",
"text":"一路走好，悟空！",
"mid":"znxrLn6wx",
"date":"2013-03-15 13:07:30"
},
{
"kids":[],
"uid":"yunergongzhu",
"parent":"",
"text":"SB",
"mid":"znwUMjLtr",
"date":"2013-03-15 11:46:16"
},
{
"kids":[],
"uid":"1897446941",
"parent":"",
"text":"让老孙一棒子打死你",
"mid":"znw4k5I0g",
"date":"2013-03-15 09:37:02"
},
{
"kids":[],
"uid":"2357340355",
"parent":"znoeJzJn4",
"text":"",
"mid":"znt13gxpt",
"date":"2013-03-15 01:50:44"
},
{
"kids":[
"znxrLn6wx"
],
"uid":"2095205640",
"parent":"",
"text":"二货一个#你根本不懂#",
"mid":"znsXmgIxI",
"date":"2013-03-15 01:41:37"
},
{
"kids":[],
"uid":"firstlove19810120",
"parent":"",
"text":"",
"mid":"znsDXxw2b",
"date":"2013-03-15 00:53:51"
},
{
"kids":[],
"uid":"2180225661",
"parent":"",
"text":"[伤心]",
"mid":"znrAgtVW3",
"date":"2013-03-14 22:12:01"
},
{
"kids":[],
"uid":"1937868350",
"parent":"",
"text":"",
"mid":"znrzAevso",
"date":"2013-03-14 22:10:19"
},
{
"kids":[],
"uid":"3256350413",
"parent":"",
"text":"你摊上大事了！",
"mid":"znrxssFPB",
"date":"2013-03-14 22:05:05"
},
{
"kids":[],
"uid":"1922894717",
"parent":"",
"text":"假新闻！[挖鼻屎]",
"mid":"znrngoccQ",
"date":"2013-03-14 21:39:59"
},
{
"kids":[],
"uid":"570033862",
"parent":"",
"text":"你这样是求人气么？卖肉吧！",
"mid":"znramzzdp",
"date":"2013-03-14 21:08:07"
},
{
"kids":[],
"uid":"2824113751",
"parent":"",
"text":"这个机制不错，投票来选新闻真实性，假新闻打上标识，希望对待所有微博都能如此，而不是一味的删除。",
"mid":"znqTlhOAx",
"date":"2013-03-14 20:26:15"
},
{
"kids":[],
"uid":"1769689607",
"parent":"",
"text":"一条无心的转载让这么多人煞费苦心的关注与漫骂，只能说多谢你们的关心了，网上面那么多不真实的娱乐新闻要挨个吐槽也不容易，人家一个平头百姓一不图出名二没钱赚非诅咒人家老艺术家不闲得慌吗？再说谁能在这文字里看出一点不尊敬了。有那份正义感还是多做做身边事实吧。",
"mid":"znqxsqRrj",
"date":"2013-03-14 19:32:20"
},
{
"kids":[],
"uid":"lss88712",
"parent":"",
"text":"通常来说 内容信息量越大越详细约精准的消息往往是假的",
"mid":"znpm99XGm",
"date":"2013-03-14 16:31:41"
},
{
"kids":[],
"uid":"1661154250",
"parent":"",
"text":"@EMmaaaaaA_ 吓死我了",
"mid":"znoLefhJr",
"date":"2013-03-14 15:00:47"
},
{
"kids":[
"znt13gxpt"
],
"uid":"wzpjnu",
"parent":"",
"text":"回复@圆轱辘波:敖！妖精~哪里逃！",
"mid":"znoeJzJn4",
"date":"2013-03-14 13:40:43"
},
{
"kids":[],
"uid":"tcfj",
"parent":"",
"text":"我发现发这种明星死的人都是这种莫名其妙的女V 这是为啥",
"mid":"znnG4cVK0",
"date":"2013-03-14 12:15:17"
},
{
"kids":[],
"uid":"1905400045",
"parent":"znnmekw92",
"text":"假的",
"mid":"znnwgnHg4",
"date":"2013-03-14 11:51:09"
},
{
"kids":[
"znnwgnHg4"
],
"uid":"1731020140",
"parent":"znnl1k82r",
"text":"真的假啊",
"mid":"znnmekw92",
"date":"2013-03-14 11:26:25"
},
{
"kids":[
"znnmekw92"
],
"uid":"1905400045",
"parent":"znjyTAd9a",
"text":"绝对脑残 噶希望人家死册那",
"mid":"znnl1k82r",
"date":"2013-03-14 11:23:27"
},
{
"kids":[],
"uid":"zhainvdemengxiang",
"parent":"",
"text":"这娘儿们是想让自己火一把，你的目的达到了。",
"mid":"znmD8s25Y",
"date":"2013-03-14 09:35:20"
},
{
"kids":[],
"uid":"54887199",
"parent":"",
"text":"[挖鼻屎]就是此卖B女说猴哥上天当齐天大圣了，假消息喷死他",
"mid":"znmhRBxab",
"date":"2013-03-14 08:42:55"
},
{
"kids":[],
"uid":"akergraham",
"parent":"",
"text":"妖孽竟敢妖言惑众！速吃老孙一棒！",
"mid":"znlL1n70r",
"date":"2013-03-14 07:22:01"
},
{
"kids":[],
"uid":"hudu123",
"parent":"",
"text":"你个贱人！！！你才去死！",
"mid":"znk8w3er9",
"date":"2013-03-14 03:14:24"
},
{
"kids":[
"znnl1k82r"
],
"uid":"1764449997",
"parent":"",
"text":"好笑哇'评论不能发！那么就随便可以发人家去世的微博咯！",
"mid":"znjyTAd9a",
"date":"2013-03-14 01:46:38"
},
{
"kids":[],
"uid":"1764449997",
"parent":"",
"text":"转！脑残！",
"mid":"znjwqvZcE",
"date":"2013-03-14 01:40:33"
},
{
"kids":[],
"uid":"PKVIP168",
"parent":"",
"text":"",
"mid":"zniQ79H3D",
"date":"2013-03-13 23:56:17"
},
{
"kids":[],
"uid":"1894667003",
"parent":"",
"text":"傻逼",
"mid":"znisWrjue",
"date":"2013-03-13 22:59:10"
},
{
"kids":[],
"uid":"2652289421",
"parent":"",
"text":"",
"mid":"znigCy3M7",
"date":"2013-03-13 22:28:53"
},
{
"kids":[],
"uid":"2530816510",
"parent":"",
"text":"有些人可能被去世 有些人真不行 你摊上事了",
"mid":"zni3tiLz5",
"date":"2013-03-13 21:56:25"
},
{
"kids":[],
"uid":"1747440173",
"parent":"",
"text":"他肯定会说被黑了账号。",
"mid":"zni1n3de9",
"date":"2013-03-13 21:51:15"
},
{
"kids":[],
"uid":"2182007067",
"parent":"",
"text":"等着查水表吧",
"mid":"znhY7rYM4",
"date":"2013-03-13 21:43:17"
},
{
"kids":[],
"uid":"2963931417",
"parent":"",
"text":"猴哥成佛了",
"mid":"znhTJDsPw",
"date":"2013-03-13 21:32:30"
},
{
"kids":[],
"uid":"2655288941",
"parent":"",
"text":"你丫的还好意思搞个“新浪认证”？认证你个妹妹！！！就你还好意思说人家猴哥六爷爷去世？我看你就连个猪八戒都当不成呢！！！！[弱][弱][弱]",
"mid":"znhGZuZfw",
"date":"2013-03-13 21:01:06"
},
{
"kids":[],
"uid":"207272502",
"parent":"",
"text":"",
"mid":"znhCAb3B4",
"date":"2013-03-13 20:50:14"
},
{
"kids":[],
"uid":"2657334557",
"parent":"",
"text":"",
"mid":"znhzr6J4S",
"date":"2013-03-13 20:42:29"
},
{
"kids":[],
"uid":"234221047",
"parent":"",
"text":"1",
"mid":"znhv7FfBk",
"date":"2013-03-13 20:31:53"
},
{
"kids":[],
"uid":"2723170767",
"parent":"zngolraYZ",
"text":"",
"mid":"znhrJ3xG6",
"date":"2013-03-13 20:23:28"
},
{
"kids":[],
"uid":"2959853345",
"parent":"",
"text":"",
"mid":"znho9qxJo",
"date":"2013-03-13 20:14:41"
},
{
"kids":[],
"uid":"2880850845",
"parent":"",
"text":"",
"mid":"zngWP3iOb",
"date":"2013-03-13 19:07:21"
},
{
"kids":[],
"uid":"934115364",
"parent":"",
"text":"你有病啊？人家好好的，干嘛咒人家？[怒][怒骂]",
"mid":"zngMjd5p1",
"date":"2013-03-13 18:41:27"
},
{
"kids":[],
"uid":"2130523200",
"parent":"",
"text":"大爱最右！造谣的可以去死一死了",
"mid":"zngBTxqxp",
"date":"2013-03-13 18:15:49"
},
{
"kids":[],
"uid":"2160305113",
"parent":"",
"text":"诈尸么[偷笑][偷笑][偷笑]妹子何必啊",
"mid":"zngAvgdAW",
"date":"2013-03-13 18:12:23"
},
{
"kids":[],
"uid":"1273653570",
"parent":"",
"text":"这帮人和家人肯定内什么不了。活得滋润着呐。",
"mid":"zngzW6lqE",
"date":"2013-03-13 18:10:56"
},
{
"kids":[
"znhrJ3xG6"
],
"uid":"2694283051",
"parent":"",
"text":"依法剥夺其生存权利一天！",
"mid":"zngolraYZ",
"date":"2013-03-13 17:42:22"
},
{
"kids":[],
"uid":"420376895",
"parent":"",
"text":"[蜡烛][蜡烛][蜡烛]永远的博主一路走好",
"mid":"znge2jA00",
"date":"2013-03-13 17:17:01"
},
{
"kids":[],
"uid":"315698999",
"parent":"",
"text":"擦。。。真的假的？不要吓我。",
"mid":"zng4lzj4z",
"date":"2013-03-13 16:53:09"
},
{
"kids":[],
"uid":"1766926882",
"parent":"",
"text":"还有，她并不希望出名，她只是踏踏实实的好好工作的女人，也希望大家不要再重伤她，再转发这条微博了，她真的不是故意的，而且她并不想对章老师表示不尊敬，只是没有搞清楚状况，希望你们能理解！",
"mid":"znfXWpdTf",
"date":"2013-03-13 16:37:21"
},
{
"kids":[],
"uid":"1583846911",
"parent":"",
"text":"猴哥有九条命，是九命弥猴~",
"mid":"znfRm42Lq",
"date":"2013-03-13 16:21:08"
},
{
"kids":[],
"uid":"1766926882",
"parent":"",
"text":"我只想说她是昨天在微信上发现这个帖子的，她就信以为真了，脑袋一热就PO到微博上了，她其实也是不知道怎么回事，也请大家见谅！她现在不删除是因为她删除不了，她的微博被封着了，根本什么都做不了！她其实比你们都着急！也请大家给她点时间，我们也在积极的和微博联系，也希望早点平息这件事情！",
"mid":"znfQJDU47",
"date":"2013-03-13 16:19:37"
},
{
"kids":[],
"uid":"206012823",
"parent":"",
"text":"缺德",
"mid":"znfEgk526",
"date":"2013-03-13 15:48:53"
},
{
"kids":[],
"uid":"1722651235",
"parent":"",
"text":"....",
"mid":"znfmkomTB",
"date":"2013-03-13 15:04:43"
},
{
"kids":[],
"uid":"3172097291",
"parent":"",
"text":"网友忒搞笑了，都是群笑话……没事让我乐乐",
"mid":"znfkb7ZSj",
"date":"2013-03-13 14:59:24"
},
{
"kids":[],
"uid":"1012536242",
"parent":"",
"text":"[汗]",
"mid":"znfctkKcw",
"date":"2013-03-13 14:40:26"
},
{
"kids":[],
"uid":"sheshess",
"parent":"",
"text":"猴哥一路走好[阴险][阴险]",
"mid":"znfaAjrVM",
"date":"2013-03-13 14:35:45"
},
{
"kids":[],
"uid":"1960673500",
"parent":"",
"text":"",
"mid":"zneNDdG6v",
"date":"2013-03-13 13:39:12"
},
{
"kids":[],
"uid":"c7o9394",
"parent":"",
"text":"PO主你摊上大事了，造谣一时爽。。。[蜡烛][蜡烛][蜡烛]",
"mid":"zneHpAQs0",
"date":"2013-03-13 13:23:52"
},
{
"kids":[],
"uid":"huazhiweiyan",
"parent":"",
"text":"猴哥可以再活500年",
"mid":"zneGo7aDV",
"date":"2013-03-13 13:21:22"
},
{
"kids":[],
"uid":"3191585380",
"parent":"",
"text":"[怒骂][怒骂]",
"mid":"zneBzCPJb",
"date":"2013-03-13 13:09:32"
},
{
"kids":[],
"uid":"313055521",
"parent":"",
"text":"你半夜是不是空虚寂寞冷",
"mid":"znex17Ivx",
"date":"2013-03-13 12:58:17"
},
{
"kids":[],
"uid":"319777319",
"parent":"",
"text":"人人上一堆人转发走好......我去....[汗][汗]真捉急",
"mid":"zneuI8X99",
"date":"2013-03-13 12:52:35"
},
{
"kids":[],
"uid":"2241071145",
"parent":"",
"text":"最右",
"mid":"znerZonyk",
"date":"2013-03-13 12:45:53"
},
{
"kids":[],
"uid":"1728939764",
"parent":"",
"text":"微博转发",
"mid":"zneooiJOg",
"date":"2013-03-13 12:37:02"
},
{
"kids":[],
"uid":"1110998861",
"parent":"",
"text":"最右好威武",
"mid":"znenOfBc1",
"date":"2013-03-13 12:35:35"
},
{
"kids":[],
"uid":"1808658160",
"parent":"",
"text":"回复@六小龄童:大师兄威武雄壮",
"mid":"znem4oTt4",
"date":"2013-03-13 12:31:19"
},
{
"kids":[],
"uid":"2624236711",
"parent":"",
"text":"猴哥猴哥！你真了不的！",
"mid":"znefYcj8A",
"date":"2013-03-13 12:16:15"
},
{
"kids":[],
"uid":"y303632312",
"parent":"",
"text":"脑子有问题的！！！果然油菜花开的季节",
"mid":"zneeuy3Qn",
"date":"2013-03-13 12:12:39"
},
{
"kids":[],
"uid":"cahlz",
"parent":"",
"text":"一咒十年旺，猴哥必有新作品展示！",
"mid":"zneckpw5S",
"date":"2013-03-13 12:07:19"
},
{
"kids":[],
"uid":"2101760501",
"parent":"",
"text":"为我们儿时的快乐逝去所祭奠[悲伤]！",
"mid":"zne6Efft8",
"date":"2013-03-13 11:53:17"
},
{
"kids":[],
"uid":"mahongkun",
"parent":"",
"text":"假假真真",
"mid":"zne5dhxQk",
"date":"2013-03-13 11:49:46"
},
{
"kids":[],
"uid":"1808084790",
"parent":"",
"text":"无语。。",
"mid":"zne4Yabwi",
"date":"2013-03-13 11:49:10"
},
{
"kids":[],
"uid":"2044751917",
"parent":"",
"text":"你个傻逼！！！为毛新浪还不删了这个造谣的微博？？",
"mid":"zndQy1Yrc",
"date":"2013-03-13 11:13:39"
},
{
"kids":[],
"uid":"2175703501",
"parent":"",
"text":"假的 本人已澄清",
"mid":"zndMwDGYs",
"date":"2013-03-13 11:03:45"
},
{
"kids":[],
"uid":"ybsx",
"parent":"",
"text":"我知道了，死的那个是六耳猕猴",
"mid":"zndHRjy5t",
"date":"2013-03-13 10:52:14"
}
]