[
{
"kids":[],
"uid":"2789903764",
"parent":"",
"text":"",
"mid":"z6o34uHFm",
"date":"2012-11-22 17:56:47"
},
{
"kids":[],
"uid":"2920014934",
"parent":"",
"text":"",
"mid":"z6o34d6rs",
"date":"2012-11-22 17:56:48"
},
{
"kids":[],
"uid":"2789728752",
"parent":"",
"text":"",
"mid":"z6buB9rTN",
"date":"2012-11-21 09:58:55"
},
{
"kids":[],
"uid":"2919277490",
"parent":"",
"text":"",
"mid":"z6aXmE075",
"date":"2012-11-21 08:37:02"
},
{
"kids":[],
"uid":"2809254790",
"parent":"z5Ecg2u8s",
"text":"",
"mid":"z5YU9oVZU",
"date":"2012-11-20 01:56:09"
},
{
"kids":[],
"uid":"1583948305",
"parent":"z5EVJB2AP",
"text":"",
"mid":"z5Xe0CKpB",
"date":"2012-11-19 21:39:34"
},
{
"kids":[],
"uid":"2920024160",
"parent":"z5EVJB2AP",
"text":"",
"mid":"z5Xe0CKnx",
"date":"2012-11-19 21:39:37"
},
{
"kids":[],
"uid":"sinetitans",
"parent":"",
"text":"怎么样，我说了假新闻吧~",
"mid":"z5VSIlY4Y",
"date":"2012-11-19 18:14:23"
},
{
"kids":[],
"uid":"2808775004",
"parent":"",
"text":"",
"mid":"z5UqybdYe",
"date":"2012-11-19 14:32:14"
},
{
"kids":[],
"uid":"2920523122",
"parent":"",
"text":"",
"mid":"z5UqxzAcy",
"date":"2012-11-19 14:32:12"
},
{
"kids":[],
"uid":"2805134502",
"parent":"z5ES4oPk4",
"text":"",
"mid":"z5SPjrXQQ",
"date":"2012-11-19 10:27:47"
},
{
"kids":[],
"uid":"2920335490",
"parent":"z5ES4oPk4",
"text":"",
"mid":"z5SPjrXOA",
"date":"2012-11-19 10:27:46"
},
{
"kids":[],
"uid":"2919493764",
"parent":"z5ETi3IT3",
"text":"",
"mid":"z5RpIAZi2",
"date":"2012-11-19 06:51:57"
},
{
"kids":[],
"uid":"1583356310",
"parent":"z5ETi3IT3",
"text":"",
"mid":"z5RpIzNcO",
"date":"2012-11-19 06:51:58"
},
{
"kids":[],
"uid":"1589497270",
"parent":"",
"text":"",
"mid":"z5R2PlmEG",
"date":"2012-11-19 05:55:33"
},
{
"kids":[],
"uid":"2919879240",
"parent":"",
"text":"",
"mid":"z5R2P3Lwi",
"date":"2012-11-19 05:55:33"
},
{
"kids":[],
"uid":"2919441050",
"parent":"z5ES4oPk4",
"text":"",
"mid":"z5Q2931tP",
"date":"2012-11-19 03:21:07"
},
{
"kids":[],
"uid":"2809498340",
"parent":"z5ES4oPk4",
"text":"",
"mid":"z5Q28rnNr",
"date":"2012-11-19 03:21:07"
},
{
"kids":[],
"uid":"502001314",
"parent":"z5EJwfCHJ",
"text":"哈哈，举报成功，让你骗人！",
"mid":"z5OxA1520",
"date":"2012-11-18 23:33:04"
},
{
"kids":[],
"uid":"2805212732",
"parent":"",
"text":"",
"mid":"z5OdctGWe",
"date":"2012-11-18 22:42:50"
},
{
"kids":[],
"uid":"2718994383",
"parent":"z5Fu68pia",
"text":"弱弱问句，大四之前，学的东西多少有用？还不是为了一次次考试",
"mid":"z5NdiDdYm",
"date":"2012-11-18 20:10:23"
},
{
"kids":[],
"uid":"2919322972",
"parent":"z5DMyoNGP",
"text":"",
"mid":"z5N7H8ijr",
"date":"2012-11-18 19:56:32"
},
{
"kids":[],
"uid":"2920548192",
"parent":"z5DMyoNGP",
"text":"",
"mid":"z5N7H83vk",
"date":"2012-11-18 19:56:31"
},
{
"kids":[],
"uid":"1898410540",
"parent":"z5IUPFFhL",
"text":"原来是假消息[汗][汗]",
"mid":"z5Mso865B",
"date":"2012-11-18 18:14:47"
},
{
"kids":[],
"uid":"791115776chengwei",
"parent":"z5Kk17TbQ",
"text":"微博上面好似标住\"不实消息\"……",
"mid":"z5LuuENnO",
"date":"2012-11-18 15:47:12"
},
{
"kids":[],
"uid":"2790121624",
"parent":"",
"text":"",
"mid":"z5L8BajQN",
"date":"2012-11-18 14:53:17"
},
{
"kids":[],
"uid":"2807855432",
"parent":"",
"text":"",
"mid":"z5L8BajPt",
"date":"2012-11-18 14:53:18"
},
{
"kids":[],
"uid":"2669136293",
"parent":"",
"text":"尼玛，这不科学[右哼哼][左哼哼]",
"mid":"z5L4a33vE",
"date":"2012-11-18 14:42:23"
},
{
"kids":[],
"uid":"2809605304",
"parent":"z5JHbskLQ",
"text":"",
"mid":"z5KUb01xn",
"date":"2012-11-18 14:17:44"
},
{
"kids":[],
"uid":"2184527933",
"parent":"",
"text":"哪个无聊人胡说八道",
"mid":"z5KT6xglj",
"date":"2012-11-18 14:15:07"
},
{
"kids":[],
"uid":"1943410490",
"parent":"",
"text":"这不是真的吧吧[衰]",
"mid":"z5KCI2hR6",
"date":"2012-11-18 13:34:44"
},
{
"kids":[],
"uid":"3067340807",
"parent":"",
"text":"坑…",
"mid":"z5KAW7A18",
"date":"2012-11-18 13:30:23"
},
{
"kids":[],
"uid":"1922098855",
"parent":"",
"text":"",
"mid":"z5KwXE1JF",
"date":"2012-11-18 13:20:35"
},
{
"kids":[],
"uid":"3113050067",
"parent":"z5Fa6eNyL",
"text":"是mai怨还man怨？",
"mid":"z5Kt63pgK",
"date":"2012-11-18 13:11:03"
},
{
"kids":[],
"uid":"srxsl",
"parent":"z5Kk17TbQ",
"text":"WTF",
"mid":"z5KsqlMV0",
"date":"2012-11-18 13:09:23"
},
{
"kids":[
"z5LuuENnO",
"z5KsqlMV0"
],
"uid":"limlimliang",
"parent":"z5JWxfrG8",
"text":"白学了……",
"mid":"z5Kk17TbQ",
"date":"2012-11-18 12:48:40"
},
{
"kids":[],
"uid":"2834365150",
"parent":"z5JWxfrG8",
"text":"[打哈欠]突然觉得做语文老师真系辛苦。。",
"mid":"z5Kib4qjP",
"date":"2012-11-18 12:44:09"
},
{
"kids":[],
"uid":"1898262263",
"parent":"z5JRg7166",
"text":"[吃惊]",
"mid":"z5K87x3D2",
"date":"2012-11-18 12:19:23"
},
{
"kids":[
"z5Kk17TbQ",
"z5Kib4qjP"
],
"uid":"1751238493",
"parent":"",
"text":"…",
"mid":"z5JWxfrG8",
"date":"2012-11-18 11:50:50"
},
{
"kids":[],
"uid":"2344992992",
"parent":"z5JsZtfQb",
"text":"白学了..好不容易纠正过来的读音又回到以前去了",
"mid":"z5JUY3C4M",
"date":"2012-11-18 11:46:58"
},
{
"kids":[
"z5K87x3D2"
],
"uid":"aaarkingqi",
"parent":"z5JHbskLQ",
"text":"真咖?",
"mid":"z5JRg7166",
"date":"2012-11-18 11:37:49"
},
{
"kids":[],
"uid":"1960582112",
"parent":"",
"text":"这是第几次了。万人空巷，空穴来风这些词，都是错的人用的多了就成了对的了，这样以后都不用多音字了 = =",
"mid":"z5JOiDHr2",
"date":"2012-11-18 11:30:32"
},
{
"kids":[],
"uid":"2963578895",
"parent":"",
"text":"大学之后发现以前的语文都白学了[汗][汗]以后出去混，不知道会不会被00后笑不识字[囧][囧]",
"mid":"z5JHtuYKw",
"date":"2012-11-18 11:13:44"
},
{
"kids":[
"z5KUb01xn",
"z5JRg7166"
],
"uid":"1710819131",
"parent":"z5Jacm29s",
"text":"我了个去…",
"mid":"z5JHbskLQ",
"date":"2012-11-18 11:13:01"
},
{
"kids":[],
"uid":"2959464853",
"parent":"",
"text":"我草",
"mid":"z5JAeBMSQ",
"date":"2012-11-18 10:55:54"
},
{
"kids":[],
"uid":"pangkakit",
"parent":"z5Jacm29s",
"text":"高考悲了个催，高中做咁多练习为咩…",
"mid":"z5JyD42UC",
"date":"2012-11-18 10:51:56"
},
{
"kids":[],
"uid":"annejiayan",
"parent":"z5JsZtfQb",
"text":"@无涯_正能量小金刚 。。。",
"mid":"z5JxM7qcz",
"date":"2012-11-18 10:49:50"
},
{
"kids":[],
"uid":"1747877164",
"parent":"",
"text":"改掉作甚！",
"mid":"z5Jvp0GBJ",
"date":"2012-11-18 10:43:59"
},
{
"kids":[
"z5JUY3C4M",
"z5JxM7qcz"
],
"uid":"conniefish0319",
"parent":"z5Jsmciad",
"text":"比如荨xun以前在字典是jun。",
"mid":"z5JsZtfQb",
"date":"2012-11-18 10:38:03"
},
{
"kids":[
"z5JsZtfQb"
],
"uid":"conniefish0319",
"parent":"z5JmHo4D0",
"text":"如果是真的也没必要太激动啊，读音语言都是约定俗成的，要是某个字大家习惯性一起读错，原本正确的读音知者甚少，久而久之错误的读音取代正确的也是不可避免的，大家一起读错字！",
"mid":"z5Jsmciad",
"date":"2012-11-18 10:36:29"
},
{
"kids":[],
"uid":"1957921544",
"parent":"",
"text":"当年栽了几次跟斗才记住的呀。",
"mid":"z5JqaylB1",
"date":"2012-11-18 10:31:05"
},
{
"kids":[
"z5Jsmciad"
],
"uid":"2129683377",
"parent":"",
"text":"为什么我觉得在我生命中这么多读音修正",
"mid":"z5JmHo4D0",
"date":"2012-11-18 10:22:32"
},
{
"kids":[],
"uid":"1838685940",
"parent":"",
"text":"",
"mid":"z5Jmua6nx",
"date":"2012-11-18 10:22:02"
},
{
"kids":[],
"uid":"2049816480",
"parent":"",
"text":"高考完了管你改不改……",
"mid":"z5JgPEVRM",
"date":"2012-11-18 10:08:06"
},
{
"kids":[],
"uid":"1985428113",
"parent":"z5FGQyLx5",
"text":"通过百度得知此消息纯属误传，大家看完笑笑就好，切勿当真。",
"mid":"z5JgiArGu",
"date":"2012-11-18 10:06:45"
},
{
"kids":[],
"uid":"2086883413",
"parent":"z5FIaoTok",
"text":"这是真的吗？坑爹啊",
"mid":"z5JdNscMA",
"date":"2012-11-18 10:00:37"
},
{
"kids":[],
"uid":"1783566560",
"parent":"",
"text":"...........",
"mid":"z5JbOvQx2",
"date":"2012-11-18 09:55:44"
},
{
"kids":[],
"uid":"1644267712",
"parent":"",
"text":"不带这么玩儿的",
"mid":"z5Jbr9tUS",
"date":"2012-11-18 09:54:48"
},
{
"kids":[
"z5JHbskLQ",
"z5JyD42UC"
],
"uid":"minorzo",
"parent":"z5Isszwva",
"text":"我能说粗口么[汗]",
"mid":"z5Jacm29s",
"date":"2012-11-18 09:51:45"
},
{
"kids":[],
"uid":"salitario",
"parent":"z5J6spsc8",
"text":"搞毛！！",
"mid":"z5J9wFK4A",
"date":"2012-11-18 09:50:06"
},
{
"kids":[],
"uid":"206234807",
"parent":"z5J31DUTs",
"text":"发觉这年头骗小孩真的太轻松了，随便抛个笑话一样的东西出来就一抓一大把的跟风[哈哈]还真有人信这个",
"mid":"z5J8lnuZO",
"date":"2012-11-18 09:47:12"
},
{
"kids":[],
"uid":"tiantian245383500",
"parent":"z5J1JfgZe",
"text":"这又是他妈哪个傻逼砖家干的蠢事啊！！！！！！！！",
"mid":"z5J81zS2P",
"date":"2012-11-18 09:46:22"
},
{
"kids":[
"z5J9wFK4A"
],
"uid":"airplaneariaa6380",
"parent":"z5J2i9wwY",
"text":"我高考完蛋了",
"mid":"z5J6spsc8",
"date":"2012-11-18 09:42:30"
},
{
"kids":[
"z5J8lnuZO"
],
"uid":"1348317600",
"parent":"z5J1JfgZe",
"text":"坑",
"mid":"z5J31DUTs",
"date":"2012-11-18 09:34:05"
},
{
"kids":[
"z5J6spsc8"
],
"uid":"ahsammas",
"parent":"z5FwTyg4L",
"text":"白学了。。。",
"mid":"z5J2i9wwY",
"date":"2012-11-18 09:32:14"
},
{
"kids":[
"z5J81zS2P",
"z5J31DUTs"
],
"uid":"2674384773",
"parent":"z5Ei3mGBN",
"text":"无力吐槽",
"mid":"z5J1JfgZe",
"date":"2012-11-18 09:30:53"
},
{
"kids":[],
"uid":"2602929202",
"parent":"z5ICFzFeO",
"text":"真的么？",
"mid":"z5IWj0TEM",
"date":"2012-11-18 09:17:31"
},
{
"kids":[
"z5Mso865B"
],
"uid":"1898410540",
"parent":"",
"text":"还好二甲过了。不然又得好好纠结一番了[汗][汗]",
"mid":"z5IUPFFhL",
"date":"2012-11-18 09:13:52"
},
{
"kids":[],
"uid":"2690437894",
"parent":"z5DUu7NHI",
"text":"好你个新华字典！！！",
"mid":"z5ITixqhJ",
"date":"2012-11-18 09:10:07"
},
{
"kids":[],
"uid":"2534415713",
"parent":"",
"text":"系吖[爱你]，龙哥好好人啊，仲记得次次上课唔听课，一到晚修时就缠住距讲返上课内容[嘻嘻]……距真系唔话的[赞]，所以话龙哥几时都甘好素养[偷笑][偷笑]……",
"mid":"z5IO3utid",
"date":"2012-11-18 08:57:12"
},
{
"kids":[],
"uid":"2214832741",
"parent":"z5ICFzFeO",
"text":"天理在哪！！！！[泪][泪][泪]",
"mid":"z5IMRlR8G",
"date":"2012-11-18 08:54:14"
},
{
"kids":[
"z5IWj0TEM",
"z5IMRlR8G"
],
"uid":"timxzz",
"parent":"",
"text":"@容易生气的驴 [抓狂]",
"mid":"z5ICFzFeO",
"date":"2012-11-18 08:29:08"
},
{
"kids":[],
"uid":"1791784321",
"parent":"z5ImbbsW0",
"text":"窩草",
"mid":"z5IyfDHLk",
"date":"2012-11-18 08:18:16"
},
{
"kids":[],
"uid":"2344586923",
"parent":"z5EaPFCwc",
"text":"跟不上时代了",
"mid":"z5IsX1YwZ",
"date":"2012-11-18 08:05:12"
},
{
"kids":[
"z5Jacm29s"
],
"uid":"lwenx",
"parent":"",
"text":"那些年，我们都是正确的！",
"mid":"z5Isszwva",
"date":"2012-11-18 08:04:00"
},
{
"kids":[
"z5IyfDHLk"
],
"uid":"1733465533",
"parent":"",
"text":"[怒]",
"mid":"z5ImbbsW0",
"date":"2012-11-18 07:48:30"
},
{
"kids":[],
"uid":"2803668492",
"parent":"z5FO2pg2L",
"text":"",
"mid":"z5HMY3QqO",
"date":"2012-11-18 06:21:45"
},
{
"kids":[],
"uid":"2919340894",
"parent":"z5Epxiijf",
"text":"",
"mid":"z5HkutOit",
"date":"2012-11-18 05:11:37"
},
{
"kids":[],
"uid":"2919956252",
"parent":"z5Epxiijf",
"text":"",
"mid":"z5HkutOhV",
"date":"2012-11-18 05:11:36"
},
{
"kids":[],
"uid":"2919921740",
"parent":"",
"text":"",
"mid":"z5GY78M9j",
"date":"2012-11-18 04:16:29"
},
{
"kids":[],
"uid":"2919746042",
"parent":"",
"text":"",
"mid":"z5GY6xQJp",
"date":"2012-11-18 04:16:28"
},
{
"kids":[],
"uid":"1583154925",
"parent":"z5EVJB2AP",
"text":"",
"mid":"z5GfEd8in",
"date":"2012-11-18 02:26:56"
},
{
"kids":[],
"uid":"mzoli",
"parent":"",
"text":"除了无语仲系无语",
"mid":"z5G59xQyT",
"date":"2012-11-18 02:01:05"
},
{
"kids":[],
"uid":"1096812597",
"parent":"",
"text":"凭什么丫！",
"mid":"z5G3V1Rsz",
"date":"2012-11-18 01:58:02"
},
{
"kids":[],
"uid":"lwenx",
"parent":"",
"text":"纳尼...世界逆转了..",
"mid":"z5FQ6FWxu",
"date":"2012-11-18 01:24:01"
},
{
"kids":[],
"uid":"2789895984",
"parent":"",
"text":"",
"mid":"z5FPri0Kf",
"date":"2012-11-18 01:22:22"
},
{
"kids":[],
"uid":"2919946704",
"parent":"z5ETi3IT3",
"text":"",
"mid":"z5FOvmQ9W",
"date":"2012-11-18 01:20:03"
},
{
"kids":[
"z5HMY3QqO"
],
"uid":"2677972652",
"parent":"",
"text":"地什么来着？不是读qiao么！！！？？？",
"mid":"z5FO2pg2L",
"date":"2012-11-18 01:18:55"
},
{
"kids":[],
"uid":"1584001564",
"parent":"",
"text":"",
"mid":"z5FK3o5Qf",
"date":"2012-11-18 01:09:06"
},
{
"kids":[],
"uid":"2920628040",
"parent":"",
"text":"",
"mid":"z5FK3o5O3",
"date":"2012-11-18 01:09:06"
},
{
"kids":[],
"uid":"2919864360",
"parent":"",
"text":"",
"mid":"z5FIQkoJ6",
"date":"2012-11-18 01:06:07"
},
{
"kids":[],
"uid":"nior2222",
"parent":"z5F4raHlO",
"text":"",
"mid":"z5FIi6x7E",
"date":"2012-11-18 01:04:45"
},
{
"kids":[
"z5JdNscMA"
],
"uid":"kenneth00",
"parent":"",
"text":"这……",
"mid":"z5FIaoTok",
"date":"2012-11-18 01:04:27"
},
{
"kids":[
"z5JgiArGu"
],
"uid":"2835242072",
"parent":"",
"text":"[晕]擦！这不科学！！！",
"mid":"z5FGQyLx5",
"date":"2012-11-18 01:01:12"
},
{
"kids":[],
"uid":"2193378983",
"parent":"z5Fuifols",
"text":"不是吧！！！",
"mid":"z5FBPFh2l",
"date":"2012-11-18 00:48:51"
},
{
"kids":[],
"uid":"sinetitans",
"parent":"",
"text":"淡定，这基本属于假新闻",
"mid":"z5FxrfSjh",
"date":"2012-11-18 00:38:01"
},
{
"kids":[
"z5J2i9wwY"
],
"uid":"1775174034",
"parent":"z5E05DEPg",
"text":"[怒]白学了！",
"mid":"z5FwTyg4L",
"date":"2012-11-18 00:36:41"
},
{
"kids":[
"z5FBPFh2l"
],
"uid":"charm461393822",
"parent":"",
"text":"真的假的。。。又有几个绝佳出题素材←_←",
"mid":"z5Fuifols",
"date":"2012-11-18 00:30:16"
},
{
"kids":[],
"uid":"2351131123",
"parent":"",
"text":"盗版的吧？！",
"mid":"z5Fu94ZR1",
"date":"2012-11-18 00:29:54"
},
{
"kids":[
"z5NdiDdYm"
],
"uid":"2430712737",
"parent":"z5FiAaVO8",
"text":"脱了裤子放屁",
"mid":"z5Fu68pia",
"date":"2012-11-18 00:29:44"
},
{
"kids":[],
"uid":"1795209322",
"parent":"z5ETy0gwT",
"text":"是想怎样[鄙视]",
"mid":"z5FqBcFCl",
"date":"2012-11-18 00:21:07"
},
{
"kids":[],
"uid":"1687319997",
"parent":"z5DRU0Scd",
"text":"好吧，真的白学了…",
"mid":"z5FjIebYz",
"date":"2012-11-18 00:04:11"
},
{
"kids":[],
"uid":"2841233854",
"parent":"z5FcHfJBU",
"text":"这不摆明坑爹么...",
"mid":"z5FjkfKp3",
"date":"2012-11-18 00:03:15"
},
{
"kids":[
"z5Fu68pia"
],
"uid":"2308998654",
"parent":"",
"text":"[挖鼻屎]到头来，不止高中，从小到大都白学了",
"mid":"z5FiAaVO8",
"date":"2012-11-18 00:01:22"
},
{
"kids":[],
"uid":"2809664504",
"parent":"",
"text":"",
"mid":"z5FgWeUDu",
"date":"2012-11-17 23:57:19"
},
{
"kids":[],
"uid":"1933425287",
"parent":"z5F1Uis38",
"text":"同意右边。阿房宫绝对不能改。",
"mid":"z5Fgno6Tp",
"date":"2012-11-17 23:55:59"
},
{
"kids":[],
"uid":"2600796382",
"parent":"",
"text":"shit!!!",
"mid":"z5FfFmVVW",
"date":"2012-11-17 23:54:14"
},
{
"kids":[],
"uid":"1941248055",
"parent":"z5F9RrSCi",
"text":"[抓狂]还记得第一次读“阿房宫”还被人笑",
"mid":"z5FeidndM",
"date":"2012-11-17 23:50:51"
},
{
"kids":[
"z5FjkfKp3"
],
"uid":"2248760174",
"parent":"",
"text":"无敌了！！",
"mid":"z5FcHfJBU",
"date":"2012-11-17 23:46:55"
},
{
"kids":[],
"uid":"sumgh",
"parent":"",
"text":"[生病][生病]",
"mid":"z5FbLEdG0",
"date":"2012-11-17 23:44:35"
},
{
"kids":[
"z5Kt63pgK"
],
"uid":"2973792944",
"parent":"",
"text":"怎么可能？@Lukpargum @我爱资优十一班 @SCAU信院12级地信2班",
"mid":"z5Fa6eNyL",
"date":"2012-11-17 23:40:31"
},
{
"kids":[
"z5FeidndM"
],
"uid":"evil1429173696",
"parent":"z5F6LDHw3",
"text":"真的改了？！！[怒]",
"mid":"z5F9RrSCi",
"date":"2012-11-17 23:39:54"
},
{
"kids":[],
"uid":"2805996317",
"parent":"",
"text":"真的假的。",
"mid":"z5F8mEw9j",
"date":"2012-11-17 23:36:12"
},
{
"kids":[],
"uid":"1890754595",
"parent":"",
"text":"那我们改用oxford dictionary吧",
"mid":"z5F7W62Gq",
"date":"2012-11-17 23:35:11"
},
{
"kids":[
"z5F9RrSCi"
],
"uid":"523034520",
"parent":"",
"text":"@我叫刘浩锋 你留意留意，高考或许会坑你[酷]",
"mid":"z5F6LDHw3",
"date":"2012-11-17 23:32:19"
},
{
"kids":[
"z5FIi6x7E"
],
"uid":"2062167252",
"parent":"",
"text":"肿么可以这样[泪]",
"mid":"z5F4raHlO",
"date":"2012-11-17 23:26:34"
},
{
"kids":[],
"uid":"2665146381",
"parent":"",
"text":"多数人读错了，干脆将错就错，给个正确的名分！这是文字工作者的悲哀！ 番禺有个石碁镇，大家都不认识这个“碁”字，都读“石基”，其实“碁”是“棋”的异体字，现在只有老一辈的“石碁村”人，依然坚持读“石棋”。",
"mid":"z5F2axH97",
"date":"2012-11-17 23:20:56"
},
{
"kids":[
"z5Fgno6Tp"
],
"uid":"1790561397",
"parent":"z5ETy0gwT",
"text":"阿房宫怎么也不应该改吧！！",
"mid":"z5F1Uis38",
"date":"2012-11-17 23:20:20"
},
{
"kids":[],
"uid":"2706965670",
"parent":"",
"text":"",
"mid":"z5EYZ9Y38",
"date":"2012-11-17 23:13:08"
},
{
"kids":[],
"uid":"123971217",
"parent":"",
"text":"然后这是什么状况 我刚记住 他就改了？",
"mid":"z5EYploFd",
"date":"2012-11-17 23:11:39"
},
{
"kids":[],
"uid":"rena12",
"parent":"",
"text":"还是觉得以前的读音更好听啊",
"mid":"z5EW9j1L3",
"date":"2012-11-17 23:06:10"
},
{
"kids":[
"z5Xe0CKpB",
"z5Xe0CKnx",
"z5GfEd8in"
],
"uid":"2180053632",
"parent":"",
"text":"那尼",
"mid":"z5EVJB2AP",
"date":"2012-11-17 23:05:08"
},
{
"kids":[
"z5FqBcFCl",
"z5F1Uis38"
],
"uid":"rsugus",
"parent":"",
"text":"不会吧？！感觉好奇怪啊~~",
"mid":"z5ETy0gwT",
"date":"2012-11-17 22:59:44"
},
{
"kids":[
"z5RpIAZi2",
"z5RpIzNcO",
"z5FOvmQ9W"
],
"uid":"1947151303",
"parent":"",
"text":"到底为什么要改",
"mid":"z5ETi3IT3",
"date":"2012-11-17 22:59:05"
},
{
"kids":[],
"uid":"1914436647",
"parent":"",
"text":"白学了[挖鼻屎]",
"mid":"z5ES6bkbI",
"date":"2012-11-17 22:56:10"
},
{
"kids":[
"z5SPjrXQQ",
"z5SPjrXOA",
"z5Q2931tP",
"z5Q28rnNr"
],
"uid":"lavendarying",
"parent":"z5ENnjGKL",
"text":"枉蛾當年記甘耐[泪]",
"mid":"z5ES4oPk4",
"date":"2012-11-17 22:56:03"
},
{
"kids":[],
"uid":"2945901093",
"parent":"z5EhZstg3",
"text":"麻痹，我一直都冇抄過，你地都未做抄毛啊[挖鼻屎]",
"mid":"z5ERBqglW",
"date":"2012-11-17 22:54:57"
},
{
"kids":[],
"uid":"2945901093",
"parent":"z5Epp1SZf",
"text":"你冇份[挖鼻屎]",
"mid":"z5EQMyh5C",
"date":"2012-11-17 22:52:53"
},
{
"kids":[],
"uid":"dh69271001",
"parent":"",
"text":"真的假的……",
"mid":"z5EQzi4MA",
"date":"2012-11-17 22:52:22"
},
{
"kids":[],
"uid":"1832894834",
"parent":"z5EvndNZw",
"text":"白学了很多东西呢",
"mid":"z5EOLAK7b",
"date":"2012-11-17 22:47:55"
},
{
"kids":[],
"uid":"kink37",
"parent":"",
"text":"次奥...我们老师绝壁不知道...怎么考啊这(。",
"mid":"z5EOK8Zxa",
"date":"2012-11-17 22:47:54"
},
{
"kids":[],
"uid":"2259346582",
"parent":"z5Etmxt58",
"text":"根据我的直觉，早知道了",
"mid":"z5EOpsBBd",
"date":"2012-11-17 22:47:05"
},
{
"kids":[],
"uid":"2390818912",
"parent":"z5EL9kcL7",
"text":"真的假的...尼玛地ke好难听= =",
"mid":"z5ENxEdKb",
"date":"2012-11-17 22:44:57"
},
{
"kids":[
"z5ES4oPk4"
],
"uid":"2248218112",
"parent":"",
"text":"@Jusickie_KIM @月光狩夜人 @DONG-DONG_ @林晓彬Lin 记得啦！反去同语文老师讲。",
"mid":"z5ENnjGKL",
"date":"2012-11-17 22:44:32"
},
{
"kids":[],
"uid":"wollet",
"parent":"z5EL9kcL7",
"text":"",
"mid":"z5EMngI2f",
"date":"2012-11-17 22:42:04"
},
{
"kids":[],
"uid":"chenjunp",
"parent":"z5EAPzkyT",
"text":"老湿说一切商务印书馆的为准，谁有第六版翻翻看。要是真的语委闲得蛋疼害死人啊",
"mid":"z5EMmm3ka",
"date":"2012-11-17 22:42:02"
},
{
"kids":[
"z5ENxEdKb",
"z5EMngI2f"
],
"uid":"2010475223",
"parent":"",
"text":".......我擦",
"mid":"z5EL9kcL7",
"date":"2012-11-17 22:39:04"
},
{
"kids":[],
"uid":"2485494400",
"parent":"",
"text":"大（pu）陆（tong）语（hua）",
"mid":"z5EJFEY3A",
"date":"2012-11-17 22:35:21"
},
{
"kids":[
"z5OxA1520"
],
"uid":"502001314",
"parent":"",
"text":"楼主，我已经举报你了。。。还30多万粉丝的公共微博。。。草！乱发[汗]",
"mid":"z5EJwfCHJ",
"date":"2012-11-17 22:34:59"
},
{
"kids":[],
"uid":"502001314",
"parent":"z5DNHEqeF",
"text":"什么微博啊？乱发！才不相信！微博太乱了！娱乐不是这样娱乐的！",
"mid":"z5EIDyxzN",
"date":"2012-11-17 22:32:51"
},
{
"kids":[],
"uid":"2945901093",
"parent":"z5EE60Zm8",
"text":"是嗎→_→",
"mid":"z5EH6aJZZ",
"date":"2012-11-17 22:29:04"
},
{
"kids":[],
"uid":"1910568257",
"parent":"z5DUu7NHI",
"text":"。。。",
"mid":"z5EFsePaj",
"date":"2012-11-17 22:25:00"
},
{
"kids":[],
"uid":"1986979725",
"parent":"",
"text":"这以前辛辛苦苦背的人情何以堪啊！！",
"mid":"z5EFj2N7b",
"date":"2012-11-17 22:24:39"
},
{
"kids":[],
"uid":"1796966094",
"parent":"",
"text":"",
"mid":"z5EFcyNLZ",
"date":"2012-11-17 22:24:21"
},
{
"kids":[
"z5EH6aJZZ"
],
"uid":"cfoever1st",
"parent":"z5EDjdtDu",
"text":"我普通话最标准了[挖鼻屎][挖鼻屎]",
"mid":"z5EE60Zm8",
"date":"2012-11-17 22:21:37"
},
{
"kids":[
"z5EE60Zm8"
],
"uid":"2945901093",
"parent":"z5EAIbinf",
"text":"是失誤嗎[挖鼻屎]，哥最認真了！",
"mid":"z5EDjdtDu",
"date":"2012-11-17 22:19:43"
},
{
"kids":[],
"uid":"zhenghaosmile",
"parent":"",
"text":"",
"mid":"z5ECyhfC1",
"date":"2012-11-17 22:17:52"
},
{
"kids":[
"z5EMmm3ka"
],
"uid":"1643144997",
"parent":"",
"text":"初中就觉得新华字典坑爹了…[汗]",
"mid":"z5EAPzkyT",
"date":"2012-11-17 22:13:38"
},
{
"kids":[
"z5EDjdtDu"
],
"uid":"cfoever1st",
"parent":"z5Epp1SZf",
"text":"那次完全失误 罚站而已 小意思[挖鼻屎][挖鼻屎][挖鼻屎]",
"mid":"z5EAIbinf",
"date":"2012-11-17 22:13:21"
},
{
"kids":[],
"uid":"2828910122",
"parent":"",
"text":"不会吧？原来当年哥我的答案才是正确的...[泪][泪][泪]终于平反了",
"mid":"z5EAvausT",
"date":"2012-11-17 22:12:46"
},
{
"kids":[],
"uid":"1626615843",
"parent":"z5Etmxt58",
"text":"",
"mid":"z5Ezd8hWD",
"date":"2012-11-17 22:09:38"
},
{
"kids":[],
"uid":"2965226900",
"parent":"",
"text":"看来以前D语文测验卑人多扣左唔少分[汗]",
"mid":"z5Ez36tw3",
"date":"2012-11-17 22:09:11"
},
{
"kids":[],
"uid":"chenhuimao",
"parent":"",
"text":"简直不敢相信，就去百度百科查了一下，最新版是2011年6月第11版，全文没有提及上面列举的重大修改。一般来说就算改，也改为双音都可以用，不将涉及巨大的图书发行市场。现在，我用搜狗拼音输入法打“dike”，显示第五项“地壳”的拼音应为“diqiao”。这条微博应该是乱来的吧？",
"mid":"z5Evvtyob",
"date":"2012-11-17 22:00:32"
},
{
"kids":[
"z5EOLAK7b"
],
"uid":"groundc",
"parent":"z5DWiq487",
"text":"这样多音字有毛用[挖鼻屎]",
"mid":"z5EvndNZw",
"date":"2012-11-17 22:00:11"
},
{
"kids":[],
"uid":"alien062959",
"parent":"",
"text":"语音观又要颠覆了",
"mid":"z5Euynr4E",
"date":"2012-11-17 21:58:07"
},
{
"kids":[],
"uid":"2878179112",
"parent":"",
"text":"",
"mid":"z5EtwjZaX",
"date":"2012-11-17 21:55:38"
},
{
"kids":[
"z5EOpsBBd",
"z5Ezd8hWD"
],
"uid":"1811208994",
"parent":"",
"text":"怎么会[可怜]",
"mid":"z5Etmxt58",
"date":"2012-11-17 21:55:11"
},
{
"kids":[],
"uid":"2132946863",
"parent":"",
"text":"不带这样玩的[怒]",
"mid":"z5Er3u7JS",
"date":"2012-11-17 21:49:34"
},
{
"kids":[
"z5HkutOit",
"z5HkutOhV"
],
"uid":"2461309752",
"parent":"z5DPG04uU",
"text":"真的假的？？？？",
"mid":"z5Epxiijf",
"date":"2012-11-17 21:45:48"
},
{
"kids":[
"z5EQMyh5C",
"z5EAIbinf"
],
"uid":"2094951534",
"parent":"z5EonsPEo",
"text":"都不知哪个回答黄皮书问题比肥佬叼呢",
"mid":"z5Epp1SZf",
"date":"2012-11-17 21:45:28"
},
{
"kids":[],
"uid":"1799749230",
"parent":"",
"text":"卧槽，这修改坑爹的",
"mid":"z5EoXeRqs",
"date":"2012-11-17 21:44:22"
},
{
"kids":[
"z5Epp1SZf"
],
"uid":"cfoever1st",
"parent":"z5EhZstg3",
"text":"最认真就我啦  唔知边个语文课开始前就抄黄皮书",
"mid":"z5EonsPEo",
"date":"2012-11-17 21:42:54"
},
{
"kids":[],
"uid":"devil520angle",
"parent":"",
"text":"a 房@fighting--zyh",
"mid":"z5Emdj7JX",
"date":"2012-11-17 21:37:37"
},
{
"kids":[],
"uid":"2115863100",
"parent":"",
"text":"",
"mid":"z5El7lyQj",
"date":"2012-11-17 21:34:55"
},
{
"kids":[],
"uid":"gafun333",
"parent":"z5Ei3mGBN",
"text":"不是吧？！[晕]有这个迎合的需要吗？",
"mid":"z5EkUliyx",
"date":"2012-11-17 21:34:24"
},
{
"kids":[],
"uid":"qxylyx",
"parent":"z5EhZstg3",
"text":"[挖鼻屎]我好认真的，因为我太认真了，肥佬一般不想叫我",
"mid":"z5EjEDP4f",
"date":"2012-11-17 21:31:19"
},
{
"kids":[
"z5J1JfgZe",
"z5EkUliyx"
],
"uid":"2491409620",
"parent":"z5DP2llZG",
"text":"表示不理解为什么要修改…",
"mid":"z5Ei3mGBN",
"date":"2012-11-17 21:27:22"
},
{
"kids":[
"z5ERBqglW",
"z5EonsPEo",
"z5EjEDP4f"
],
"uid":"2094951534",
"parent":"z5DYlcnb6",
"text":"麻痹，你们有认真做过黄皮？",
"mid":"z5EhZstg3",
"date":"2012-11-17 21:27:13"
},
{
"kids":[],
"uid":"2795015721",
"parent":"",
"text":"真的吗？好像真的很悲催的样子",
"mid":"z5EhZeufU",
"date":"2012-11-17 21:27:12"
},
{
"kids":[],
"uid":"fasten1991",
"parent":"",
"text":"深深的说一句...我艹.......[怒]",
"mid":"z5EhZeua2",
"date":"2012-11-17 21:27:12"
},
{
"kids":[],
"uid":"2194405242",
"parent":"z5DSsgCJs",
"text":"語文科代凌亂了[偷笑][偷笑][偷笑][偷笑]",
"mid":"z5EdkwBkh",
"date":"2012-11-17 21:15:43"
},
{
"kids":[
"z5YU9oVZU"
],
"uid":"2890812764",
"parent":"",
"text":"白学了白学了，真白学了尼玛啊！！！！包包大人~小汪思密达~",
"mid":"z5Ecg2u8s",
"date":"2012-11-17 21:13:02"
},
{
"kids":[],
"uid":"234781480",
"parent":"",
"text":"高中…",
"mid":"z5EbWxrEs",
"date":"2012-11-17 21:12:18"
},
{
"kids":[],
"uid":"1809776074",
"parent":"",
"text":"什么都改了它吧，最好把中文也改成英文",
"mid":"z5Ebebo6q",
"date":"2012-11-17 21:10:30"
},
{
"kids":[
"z5IsX1YwZ"
],
"uid":"2391752342",
"parent":"",
"text":"[泪]",
"mid":"z5EaPFCwc",
"date":"2012-11-17 21:09:36"
},
{
"kids":[],
"uid":"monkeydont",
"parent":"z5E62pKl4",
"text":"读书顶个鸟用",
"mid":"z5EaNBwc0",
"date":"2012-11-17 21:09:29"
},
{
"kids":[],
"uid":"yellow1915",
"parent":"",
"text":"........坑爹吗",
"mid":"z5E8IaEmH",
"date":"2012-11-17 21:04:20"
},
{
"kids":[
"z5EaNBwc0"
],
"uid":"1748376274",
"parent":"z5DNHEqeF",
"text":"",
"mid":"z5E62pKl4",
"date":"2012-11-17 20:57:45"
},
{
"kids":[],
"uid":"2050203117",
"parent":"",
"text":"物极必反！错多了索性就当对的，可见对错、美丑、善恶等真无界限。",
"mid":"z5E4fy9lL",
"date":"2012-11-17 20:53:22"
},
{
"kids":[],
"uid":"yyhwang",
"parent":"",
"text":"尼玛，学了这么久，说改就改",
"mid":"z5E3B8X9u",
"date":"2012-11-17 20:51:45"
},
{
"kids":[],
"uid":"2819510117",
"parent":"z5DPEdzLl",
"text":"改黎改去，一D意义都无，鄙视煲冬瓜",
"mid":"z5E3jEkZ6",
"date":"2012-11-17 20:51:03"
},
{
"kids":[],
"uid":"2497911490",
"parent":"",
"text":"",
"mid":"z5E2lqe8X",
"date":"2012-11-17 20:48:40"
},
{
"kids":[],
"uid":"1955956630",
"parent":"",
"text":"不是吧，高中都白学了",
"mid":"z5E20rcqY",
"date":"2012-11-17 20:47:51"
},
{
"kids":[
"z5FwTyg4L"
],
"uid":"pearrrr",
"parent":"",
"text":"读afang宫多恶心阿！难道错多了就变成对的了？oh no！博大精深的文化阿！高考第一题都错了！白学了！！！",
"mid":"z5E05DEPg",
"date":"2012-11-17 20:43:07"
},
{
"kids":[],
"uid":"betterman24",
"parent":"z5DZp5IPv",
"text":"我能说粗口吗~",
"mid":"z5DZWcpwF",
"date":"2012-11-17 20:42:44"
},
{
"kids":[
"z5DZWcpwF"
],
"uid":"3053771563",
"parent":"",
"text":"尼玛！！！",
"mid":"z5DZp5IPv",
"date":"2012-11-17 20:41:24"
},
{
"kids":[
"z5EhZstg3"
],
"uid":"2945901093",
"parent":"z5DX4hIcu",
"text":"艹泥煤[泪]",
"mid":"z5DYlcnb6",
"date":"2012-11-17 20:38:45"
},
{
"kids":[
"z5DYlcnb6"
],
"uid":"cfoever1st",
"parent":"",
"text":"[衰][衰][衰]我做黄皮书做得那么辛苦才记下来",
"mid":"z5DX4hIcu",
"date":"2012-11-17 20:35:40"
},
{
"kids":[
"z5EvndNZw"
],
"uid":"inceptionelisa",
"parent":"z5DP2llZG",
"text":"改来都多余的 以前这样读多有意义",
"mid":"z5DWiq487",
"date":"2012-11-17 20:33:47"
},
{
"kids":[],
"uid":"3120488443",
"parent":"",
"text":"普通話，你又一次讓我見識了你的節操。",
"mid":"z5DVWvQcz",
"date":"2012-11-17 20:32:53"
},
{
"kids":[
"z5ITixqhJ",
"z5EFsePaj"
],
"uid":"portablepiano",
"parent":"z5DMH0s2f",
"text":"求真相@容易生气的驴",
"mid":"z5DUu7NHI",
"date":"2012-11-17 20:29:16"
},
{
"kids":[],
"uid":"2261017524",
"parent":"",
"text":"顶！",
"mid":"z5DT4BXNT",
"date":"2012-11-17 20:25:50"
},
{
"kids":[
"z5EdkwBkh"
],
"uid":"uncle376586792",
"parent":"",
"text":"课本和高考会不会与时俱进是一个问题",
"mid":"z5DSsgCJs",
"date":"2012-11-17 20:24:19"
},
{
"kids":[
"z5FjIebYz"
],
"uid":"1736795907",
"parent":"",
"text":"呃",
"mid":"z5DRU0Scd",
"date":"2012-11-17 20:22:56"
},
{
"kids":[],
"uid":"chenxujun1991",
"parent":"",
"text":"[吃惊]这都可以乱改！！！还是编错了？[汗]",
"mid":"z5DRwDIFK",
"date":"2012-11-17 20:22:01"
},
{
"kids":[],
"uid":"2801952703",
"parent":"z5DP2llZG",
"text":"改你妹！",
"mid":"z5DQGkoAK",
"date":"2012-11-17 20:19:56"
},
{
"kids":[],
"uid":"2610298120",
"parent":"z5DP2llZG",
"text":"",
"mid":"z5DQudpCH",
"date":"2012-11-17 20:19:27"
},
{
"kids":[],
"uid":"2610298120",
"parent":"z5DP2llZG",
"text":"",
"mid":"z5DQf94N5",
"date":"2012-11-17 20:18:51"
},
{
"kids":[
"z5Epxiijf"
],
"uid":"2208394533",
"parent":"",
"text":"恶心了六年",
"mid":"z5DPG04uU",
"date":"2012-11-17 20:17:28"
},
{
"kids":[
"z5E3jEkZ6"
],
"uid":"littlekidkid",
"parent":"z5DP2llZG",
"text":"语言都是 说得多而创造出来得",
"mid":"z5DPEdzLl",
"date":"2012-11-17 20:17:20"
},
{
"kids":[
"z5Ei3mGBN",
"z5DWiq487",
"z5DQGkoAK",
"z5DQudpCH",
"z5DQf94N5",
"z5DPEdzLl"
],
"uid":"1737231582",
"parent":"",
"text":"[怒]改你妹！我以后怎么教孩子们？！你们有根据吗？你们给出证据来啊！现在很多学者恃才傲物，以改掉前辈的成果为光荣，悲哀。",
"mid":"z5DP2llZG",
"date":"2012-11-17 20:15:53"
},
{
"kids":[],
"uid":"2210532275",
"parent":"",
"text":"这不科学。。。",
"mid":"z5DOqzNLe",
"date":"2012-11-17 20:14:23"
},
{
"kids":[],
"uid":"junnjun",
"parent":"",
"text":"[崩溃]",
"mid":"z5DO0zkUQ",
"date":"2012-11-17 20:13:21"
},
{
"kids":[
"z5EIDyxzN",
"z5E62pKl4"
],
"uid":"babykissmoney",
"parent":"",
"text":"白学了",
"mid":"z5DNHEqeF",
"date":"2012-11-17 20:12:36"
},
{
"kids":[],
"uid":"1766880172",
"parent":"",
"text":"路本来是没有的走的人多了，就成了路，当习惯变成真理的时候= =",
"mid":"z5DNxAFWi",
"date":"2012-11-17 20:12:12"
},
{
"kids":[],
"uid":"2812130250",
"parent":"",
"text":"[哼]真心觉得这样子的修正很恼火，让我们失去太多东西了",
"mid":"z5DNmnNO5",
"date":"2012-11-17 20:11:45"
},
{
"kids":[],
"uid":"zhibeiluotuo",
"parent":"",
"text":"这是真坑爹啊，以后我怎么教我儿子做作业啊[抓狂]",
"mid":"z5DN9Ej0Q",
"date":"2012-11-17 20:11:15"
},
{
"kids":[
"z5DUu7NHI"
],
"uid":"2930123261",
"parent":"",
"text":"[挖鼻屎]支持现代汉语词典",
"mid":"z5DMH0s2f",
"date":"2012-11-17 20:10:06"
},
{
"kids":[
"z5N7H8ijr",
"z5N7H83vk"
],
"uid":"2206423975",
"parent":"",
"text":"",
"mid":"z5DMyoNGP",
"date":"2012-11-17 20:09:46"
}
]