[
{
"kids":[],
"uid":"2557913873",
"parent":"",
"text":"+1",
"mid":"yyxXSwrU8",
"date":"2012-08-23 23:55:43"
},
{
"kids":[],
"uid":"2866325424",
"parent":"",
"text":"",
"mid":"yyxjasi9l",
"date":"2012-08-23 22:15:22"
},
{
"kids":[],
"uid":"2102443630",
"parent":"",
"text":"",
"mid":"yxzpOxyc1",
"date":"2012-08-17 13:46:58"
},
{
"kids":[],
"uid":"1424190580",
"parent":"",
"text":"",
"mid":"yxh7rBXjb",
"date":"2012-08-15 15:12:16"
},
{
"kids":[],
"uid":"2640252203",
"parent":"",
"text":"",
"mid":"ywZ40rI6h",
"date":"2012-08-13 17:14:21"
},
{
"kids":[],
"uid":"neilsuit",
"parent":"",
"text":"额。。。",
"mid":"ywT8dBUOf",
"date":"2012-08-13 02:08:15"
},
{
"kids":[],
"uid":"1865202072",
"parent":"",
"text":"[可怜]",
"mid":"ywR606Qkf",
"date":"2012-08-12 20:57:17"
},
{
"kids":[],
"uid":"2803556212",
"parent":"",
"text":"",
"mid":"ywzBKf6VT",
"date":"2012-08-11 00:26:00"
},
{
"kids":[],
"uid":"2370096083",
"parent":"",
"text":"",
"mid":"ywzbWp78c",
"date":"2012-08-10 23:22:29"
},
{
"kids":[],
"uid":"promise2j",
"parent":"ywtUNy1yK",
"text":"但願你早日康復，重拾信心，期待2016年巴西奧運會の出戰!!![good]",
"mid":"ywyXBk8pe",
"date":"2012-08-10 22:47:10"
},
{
"kids":[],
"uid":"xsblk",
"parent":"",
"text":"",
"mid":"ywygRDIw3",
"date":"2012-08-10 21:01:50"
},
{
"kids":[],
"uid":"1781605651",
"parent":"ywtUNy1yK",
"text":"好心痛啊！！[伤心][伤心]",
"mid":"ywvxmtbIU",
"date":"2012-08-10 14:04:16"
},
{
"kids":[
"ywyXBk8pe",
"ywvxmtbIU"
],
"uid":"NgHiuDan",
"parent":"",
"text":"",
"mid":"ywtUNy1yK",
"date":"2012-08-10 09:56:31"
},
{
"kids":[],
"uid":"2803115070",
"parent":"",
"text":"",
"mid":"ywr4V3BEF",
"date":"2012-08-10 02:43:12"
},
{
"kids":[],
"uid":"summerrain77",
"parent":"ywfFq6elL",
"text":"[围观][围观][围观][围观][围观][围观][泪]",
"mid":"ywpO9pypf",
"date":"2012-08-09 23:29:10"
},
{
"kids":[],
"uid":"2789982682",
"parent":"",
"text":"",
"mid":"ywoIwo86w",
"date":"2012-08-09 20:42:31"
},
{
"kids":[],
"uid":"2923558254",
"parent":"",
"text":"",
"mid":"ywo8a5UhL",
"date":"2012-08-09 19:12:57"
},
{
"kids":[],
"uid":"2685575193",
"parent":"",
"text":"",
"mid":"ywnyw8xdV",
"date":"2012-08-09 17:45:08"
},
{
"kids":[],
"uid":"2685575193",
"parent":"",
"text":"妈的 早知道 不看他跨栏了 看了伤心死 [泪][泪] 妈的你真丢中国人的脸",
"mid":"ywnyeEocS",
"date":"2012-08-09 17:44:27"
},
{
"kids":[],
"uid":"roselrz",
"parent":"",
"text":"[生病]第一次转这么心痛的图片[淚][淚][淚][淚]",
"mid":"ywmpqxBOX",
"date":"2012-08-09 14:49:58"
},
{
"kids":[],
"uid":"2325249692",
"parent":"",
"text":"",
"mid":"ywmjcldtq",
"date":"2012-08-09 14:34:39"
},
{
"kids":[],
"uid":"2083572601",
"parent":"",
"text":"[泪][泪][泪]",
"mid":"ywmj4EzPX",
"date":"2012-08-09 14:34:19"
},
{
"kids":[],
"uid":"2723205581",
"parent":"",
"text":"[泪][衰][可憐][悲傷]",
"mid":"ywlxVB2r4",
"date":"2012-08-09 12:38:12"
},
{
"kids":[],
"uid":"2909264522",
"parent":"",
"text":"",
"mid":"ywlr0zKBw",
"date":"2012-08-09 12:21:09"
},
{
"kids":[],
"uid":"2328485925",
"parent":"",
"text":"看到好心痛",
"mid":"ywkcl2WEG",
"date":"2012-08-09 09:12:15"
},
{
"kids":[],
"uid":"2646721943",
"parent":"",
"text":"所有体育爱好者闻风丧胆的。看到这里我没hold住眼泪",
"mid":"ywk3sd9fT",
"date":"2012-08-09 08:50:21"
},
{
"kids":[],
"uid":"1878609177",
"parent":"",
"text":"@UtagawaKuniyoshi 嘴賤的人兒，你上街看到一個男的你都要叫他爹吧？胎盆的樣子好惡心，都不知道你靠什麼長大的[吐]",
"mid":"ywjCOEJE8",
"date":"2012-08-09 07:44:45"
},
{
"kids":[],
"uid":"2357653825",
"parent":"",
"text":"",
"mid":"ywjwisVx2",
"date":"2012-08-09 07:28:41"
},
{
"kids":[],
"uid":"2903454495",
"parent":"",
"text":"",
"mid":"ywi8yzPFt",
"date":"2012-08-09 03:57:26"
},
{
"kids":[],
"uid":"1891796444",
"parent":"ywgBj8Up4",
"text":"",
"mid":"ywh5lCDAU",
"date":"2012-08-09 01:16:48"
},
{
"kids":[],
"uid":"339515551",
"parent":"",
"text":"",
"mid":"ywh0RjA5g",
"date":"2012-08-09 01:05:44"
},
{
"kids":[],
"uid":"2771375707",
"parent":"ywddyhe30",
"text":"這個傻逼阿 劉翔還沒有做手術就有這個圖 而且這個圖是示範圖 發微博的是腦殘嗎",
"mid":"ywgYwtbSf",
"date":"2012-08-09 01:00:00"
},
{
"kids":[],
"uid":"2710058954",
"parent":"ywg8dt7uP",
"text":"好心疼。那些没心没肺的废物闭上你们的臭嘴",
"mid":"ywgO6hsFo",
"date":"2012-08-09 00:34:19"
},
{
"kids":[
"ywh5lCDAU"
],
"uid":"1818820767",
"parent":"ywgvqxkRs",
"text":"[爱心传递][威武]",
"mid":"ywgBj8Up4",
"date":"2012-08-09 00:02:47"
},
{
"kids":[],
"uid":"2148402680",
"parent":"",
"text":"十朴你·世界冠軍",
"mid":"ywgB8e8O2",
"date":"2012-08-09 00:02:21"
},
{
"kids":[],
"uid":"1943468187",
"parent":"ywfvXiyIg",
"text":"",
"mid":"ywgAB75Fo",
"date":"2012-08-09 00:01:02"
},
{
"kids":[
"ywgBj8Up4"
],
"uid":"1799133613",
"parent":"ywdxJnrtp",
"text":"",
"mid":"ywgvqxkRs",
"date":"2012-08-08 23:48:15"
},
{
"kids":[],
"uid":"2265291800",
"parent":"",
"text":"[泪]心痛啊@Lee曉潔除了你一無所知",
"mid":"ywgvpD4WM",
"date":"2012-08-08 23:48:16"
},
{
"kids":[],
"uid":"2802966502",
"parent":"",
"text":"",
"mid":"ywgsbgeW4",
"date":"2012-08-08 23:40:16"
},
{
"kids":[],
"uid":"2356058643",
"parent":"",
"text":"[可怜][可怜][可怜]",
"mid":"ywgoNeuY6",
"date":"2012-08-08 23:31:57"
},
{
"kids":[],
"uid":"1833328785",
"parent":"",
"text":"",
"mid":"ywggXq58S",
"date":"2012-08-08 23:12:36"
},
{
"kids":[],
"uid":"2423871460",
"parent":"",
"text":"[可怜][可怜]",
"mid":"ywge72AIE",
"date":"2012-08-08 23:05:36"
},
{
"kids":[],
"uid":"1856114404",
"parent":"",
"text":"[淚][淚]别发了 我快哭了",
"mid":"ywgceApTl",
"date":"2012-08-08 23:01:01"
},
{
"kids":[],
"uid":"1884616320",
"parent":"",
"text":"[泪]刘翔是最棒的 祝早日康复 让那些流言都见鬼去吧[怒]",
"mid":"ywgaBf2Yg",
"date":"2012-08-08 22:56:59"
},
{
"kids":[],
"uid":"aibieber184",
"parent":"",
"text":"[失望]看着有点....",
"mid":"ywg8Rorvs",
"date":"2012-08-08 22:52:40"
},
{
"kids":[
"ywgO6hsFo"
],
"uid":"1773228790",
"parent":"",
"text":"",
"mid":"ywg8dt7uP",
"date":"2012-08-08 22:51:04"
},
{
"kids":[],
"uid":"2824260342",
"parent":"",
"text":"[抓狂]",
"mid":"ywfYzqslt",
"date":"2012-08-08 22:27:21"
},
{
"kids":[],
"uid":"2034238731",
"parent":"ywfFq6elL",
"text":"[可怜]快好起来！！！",
"mid":"ywfOguVhF",
"date":"2012-08-08 22:01:57"
},
{
"kids":[],
"uid":"2412937295",
"parent":"ywfHIgQ72",
"text":"不知是真是假　但愿平安恢复、翔哥[蜡烛]",
"mid":"ywfNqwcFZ",
"date":"2012-08-08 21:59:51"
},
{
"kids":[],
"uid":"2239004391",
"parent":"",
"text":"加油···",
"mid":"ywfK6Az3x",
"date":"2012-08-08 21:51:41"
},
{
"kids":[],
"uid":"2528620244",
"parent":"",
"text":"",
"mid":"ywfK33yRu",
"date":"2012-08-08 21:51:35"
},
{
"kids":[
"ywfNqwcFZ"
],
"uid":"yijie0211",
"parent":"",
"text":"好恶心，不过很假",
"mid":"ywfHIgQ72",
"date":"2012-08-08 21:45:46"
},
{
"kids":[],
"uid":"1793549281",
"parent":"",
"text":"[可憐]",
"mid":"ywfGPfWsP",
"date":"2012-08-08 21:43:39"
},
{
"kids":[
"ywpO9pypf",
"ywfOguVhF"
],
"uid":"1707122394",
"parent":"",
"text":"",
"mid":"ywfFq6elL",
"date":"2012-08-08 21:40:11"
},
{
"kids":[],
"uid":"2647923912",
"parent":"",
"text":"",
"mid":"ywfBQvK1d",
"date":"2012-08-08 21:31:21"
},
{
"kids":[],
"uid":"2533476267",
"parent":"",
"text":"[悲伤][泪][泪]那些嘴贱的狗有什么资格？敢看吗？",
"mid":"ywfz1yNUy",
"date":"2012-08-08 21:24:25"
},
{
"kids":[
"ywgAB75Fo"
],
"uid":"2342736200",
"parent":"",
"text":"[悲伤]",
"mid":"ywfvXiyIg",
"date":"2012-08-08 21:16:51"
},
{
"kids":[],
"uid":"7ureloveforu",
"parent":"",
"text":"[泪][加油]",
"mid":"ywfjT6ZO3",
"date":"2012-08-08 20:47:07"
},
{
"kids":[],
"uid":"linhc",
"parent":"ywfgu52uU",
"text":"[可怜]",
"mid":"ywfjR2U4I",
"date":"2012-08-08 20:47:02"
},
{
"kids":[],
"uid":"1970343974",
"parent":"ywfbOvzW1",
"text":"",
"mid":"ywfjJCfpI",
"date":"2012-08-08 20:46:45"
},
{
"kids":[
"ywfjR2U4I"
],
"uid":"2362583361",
"parent":"",
"text":"。。。真的？",
"mid":"ywfgu52uU",
"date":"2012-08-08 20:38:44"
},
{
"kids":[
"ywfjJCfpI"
],
"uid":"2459208233",
"parent":"",
"text":"[可怜]",
"mid":"ywfbOvzW1",
"date":"2012-08-08 20:27:11"
},
{
"kids":[],
"uid":"137907793",
"parent":"",
"text":"老是转这图恶心si了，真替你们智商捉急啊== Surgery for an Achilles Tendon Rupture示范图来的》》http:",
"mid":"ywfaVzsJu",
"date":"2012-08-08 20:25:02"
},
{
"kids":[],
"uid":"2635911733",
"parent":"",
"text":"[抓狂][抓狂][抓狂]",
"mid":"ywf6F6pro",
"date":"2012-08-08 20:14:30"
},
{
"kids":[],
"uid":"2143821353",
"parent":"",
"text":"运动时间苦差事，更何况这回奥运会还这么坑爹。。。。",
"mid":"ywf3Qc1Jg",
"date":"2012-08-08 20:07:32"
},
{
"kids":[],
"uid":"1843707452",
"parent":"",
"text":"@夏河",
"mid":"ywf0k5oVk",
"date":"2012-08-08 19:58:55"
},
{
"kids":[],
"uid":"1917302854",
"parent":"",
"text":"",
"mid":"yweZnid0x",
"date":"2012-08-08 19:56:34"
},
{
"kids":[],
"uid":"2551966377",
"parent":"yweVv1Svw",
"text":"",
"mid":"yweZluv1h",
"date":"2012-08-08 19:56:32"
},
{
"kids":[],
"uid":"2507970700",
"parent":"",
"text":"",
"mid":"yweYHl4Fx",
"date":"2012-08-08 19:54:55"
},
{
"kids":[
"yweZluv1h"
],
"uid":"2251265843",
"parent":"",
"text":"[可怜][可怜][可怜][可怜]",
"mid":"yweVv1Svw",
"date":"2012-08-08 19:46:59"
},
{
"kids":[],
"uid":"2309051414",
"parent":"",
"text":"",
"mid":"yweSO6GK4",
"date":"2012-08-08 19:40:24"
},
{
"kids":[],
"uid":"1750372433",
"parent":"ywczgu75p",
"text":"[傷心]",
"mid":"yweQI5Fzg",
"date":"2012-08-08 19:35:14"
},
{
"kids":[],
"uid":"weihaomin",
"parent":"yweAk9gJU",
"text":"",
"mid":"yweQjzwKM",
"date":"2012-08-08 19:34:13"
},
{
"kids":[],
"uid":"gdybz",
"parent":"",
"text":"看着就好痛啊，他要承受多大的痛苦啊！心疼死了[奥运金牌][奥运金牌]",
"mid":"yweOM7vb9",
"date":"2012-08-08 19:30:28"
},
{
"kids":[],
"uid":"2237606957",
"parent":"",
"text":"泪",
"mid":"yweMt6fXI",
"date":"2012-08-08 19:24:44"
},
{
"kids":[],
"uid":"1887406582",
"parent":"",
"text":"天哪。",
"mid":"yweK5CLmD",
"date":"2012-08-08 19:18:53"
},
{
"kids":[],
"uid":"sudafei",
"parent":"",
"text":"",
"mid":"yweGVrybZ",
"date":"2012-08-08 19:11:08"
},
{
"kids":[],
"uid":"2021261691",
"parent":"",
"text":"",
"mid":"yweGntrDl",
"date":"2012-08-08 19:09:47"
},
{
"kids":[],
"uid":"2368427383",
"parent":"yweBIqpj5",
"text":"回复@JOrDaN_sCake_3z_弄願意咋嗲咋嗲:[委屈]亲，我也没职责的意味呀！",
"mid":"yweEZ9VHD",
"date":"2012-08-08 19:06:20"
},
{
"kids":[
"yweEZ9VHD"
],
"uid":"2368427383",
"parent":"",
"text":"虽然此图不真实，但看到此图我们多多少少能体味到刘翔曾经为此忍受了多少，他的坚持、隐忍、痛苦、压力！没有谁能比他做的更好，因此，谁也没有资格来指评他！",
"mid":"yweBIqpj5",
"date":"2012-08-08 18:58:18"
},
{
"kids":[
"yweQjzwKM"
],
"uid":"yclovealifetime",
"parent":"",
"text":"",
"mid":"yweAk9gJU",
"date":"2012-08-08 18:54:53"
},
{
"kids":[],
"uid":"2656448573",
"parent":"",
"text":"[泪][泪][泪]",
"mid":"ywezDDx44",
"date":"2012-08-08 18:53:11"
},
{
"kids":[],
"uid":"2288923624",
"parent":"ywcZ1B6zl",
"text":"[泪][伤心]",
"mid":"ywevQ7V0S",
"date":"2012-08-08 18:43:49"
},
{
"kids":[],
"uid":"2737086990",
"parent":"",
"text":"[悲伤]",
"mid":"ywesXmAfP",
"date":"2012-08-08 18:36:42"
},
{
"kids":[],
"uid":"guojiabi",
"parent":"",
"text":"",
"mid":"ywesxlI3r",
"date":"2012-08-08 18:35:42"
},
{
"kids":[],
"uid":"2384644164",
"parent":"",
"text":"[衰]",
"mid":"ywepTEEQS",
"date":"2012-08-08 18:29:11"
},
{
"kids":[],
"uid":"2115916991",
"parent":"",
"text":"",
"mid":"ywemDwICr",
"date":"2012-08-08 18:21:07"
},
{
"kids":[],
"uid":"1998391612",
"parent":"",
"text":"",
"mid":"ywem2AccA",
"date":"2012-08-08 18:19:40"
},
{
"kids":[],
"uid":"2161955005",
"parent":"",
"text":"[可怜][可怜][可怜]加油啊",
"mid":"ywek86Z5t",
"date":"2012-08-08 18:14:58"
},
{
"kids":[],
"uid":"1821237880",
"parent":"",
"text":"扩",
"mid":"ywejsqD8N",
"date":"2012-08-08 18:13:19"
},
{
"kids":[],
"uid":"2095679384",
"parent":"",
"text":"刘翔是我偶像！！",
"mid":"yweiF5xSr",
"date":"2012-08-08 18:11:21"
},
{
"kids":[],
"uid":"2250166700",
"parent":"",
"text":"",
"mid":"ywehfBJXn",
"date":"2012-08-08 18:07:51"
},
{
"kids":[],
"uid":"2271308434",
"parent":"ywd1Ldsi3",
"text":"心痛",
"mid":"yweexbNgw",
"date":"2012-08-08 18:01:09"
},
{
"kids":[],
"uid":"1765519385",
"parent":"",
"text":"ho",
"mid":"ywebQd4uA",
"date":"2012-08-08 17:54:33"
},
{
"kids":[],
"uid":"1963327003",
"parent":"",
"text":"早日康复[爱心]",
"mid":"ywe860hoV",
"date":"2012-08-08 17:45:17"
},
{
"kids":[],
"uid":"1679956837",
"parent":"",
"text":"看看就疼",
"mid":"ywe5XyQyB",
"date":"2012-08-08 17:40:04"
},
{
"kids":[],
"uid":"2538898154",
"parent":"",
"text":"一个运动员的运动生命周期很短。高端运动员也就是为了一两场大型比赛。因为伤病是不可逆转因素。能够坚持参加这么多届已经是他的水平，国人不要过分要求了。他已经为国人争过脸了！还想要他怎样？赢到60岁？田径项目是真真正正的实力，跑不到秒就是输。",
"mid":"ywdZop3sl",
"date":"2012-08-08 17:23:53"
},
{
"kids":[],
"uid":"2789918920",
"parent":"",
"text":"",
"mid":"ywdX8CrFL",
"date":"2012-08-08 17:18:19"
},
{
"kids":[],
"uid":"2363791945",
"parent":"",
"text":"",
"mid":"ywdWFojAO",
"date":"2012-08-08 17:17:08"
},
{
"kids":[],
"uid":"karytam28",
"parent":"ywdNHiotu",
"text":"[淚][淚][淚]心痛，劉翔加油[可憐]",
"mid":"ywdTHzL6a",
"date":"2012-08-08 17:09:51"
},
{
"kids":[],
"uid":"pigsblood",
"parent":"",
"text":"[伤心]",
"mid":"ywdRkskQb",
"date":"2012-08-08 17:03:59"
},
{
"kids":[],
"uid":"2203521334",
"parent":"",
"text":"",
"mid":"ywdPyedHX",
"date":"2012-08-08 16:59:36"
},
{
"kids":[
"ywdTHzL6a"
],
"uid":"chloe1021",
"parent":"",
"text":"看到我都覺得痛了[大哭][大哭][大哭][大哭]！[愤怒]那些罵人的混蛋，你們撲街去",
"mid":"ywdNHiotu",
"date":"2012-08-08 16:55:04"
},
{
"kids":[],
"uid":"2595430891",
"parent":"",
"text":"[泪][泪][泪][泪][伤心][伤心][伤心][可怜][可怜][生病][生病][生病][抓狂][抓狂][抓狂]",
"mid":"ywdJYtFlv",
"date":"2012-08-08 16:45:54"
},
{
"kids":[],
"uid":"2770364200",
"parent":"",
"text":"我去。。",
"mid":"ywdCY7szq",
"date":"2012-08-08 16:28:38"
},
{
"kids":[],
"uid":"319753888",
"parent":"",
"text":"",
"mid":"ywdAvlxOU",
"date":"2012-08-08 16:22:32"
},
{
"kids":[
"ywgvqxkRs"
],
"uid":"1856241913",
"parent":"",
"text":"[心][心][心]",
"mid":"ywdxJnrtp",
"date":"2012-08-08 16:15:44"
},
{
"kids":[],
"uid":"1929170785",
"parent":"",
"text":"这图不是真的，起码不是刘翔的，他还没有做手术。",
"mid":"ywdx3qeZc",
"date":"2012-08-08 16:14:04"
},
{
"kids":[],
"uid":"aaajlove",
"parent":"",
"text":"请闭嘴 有本事你自己跑去",
"mid":"ywdvQE5VF",
"date":"2012-08-08 16:11:06"
},
{
"kids":[],
"uid":"2089718427",
"parent":"ywdrnaRBZ",
"text":"",
"mid":"ywdv60z0w",
"date":"2012-08-08 16:09:13"
},
{
"kids":[],
"uid":"208067670",
"parent":"",
"text":"看着好恐怖的感觉...",
"mid":"ywdsb9igU",
"date":"2012-08-08 16:02:03"
},
{
"kids":[],
"uid":"2689264071",
"parent":"",
"text":"@-Candy-师 @DJ-TT甜 @Maggie_顾 @ @ @Simm廖紫歆 @何炅 @陈巧蓓isabella @邱启明 @何炅 @凯夫邓 @凌泉造型 @发呆考拉 @索尔汤 @",
"mid":"ywds8tynp",
"date":"2012-08-08 16:01:57"
},
{
"kids":[],
"uid":"1960641531",
"parent":"",
"text":"好心疼阿［可怜］加油",
"mid":"ywds5dQvo",
"date":"2012-08-08 16:01:46"
},
{
"kids":[
"ywdv60z0w"
],
"uid":"1418997620",
"parent":"",
"text":"看看，烟雾弹放出来了吧，我们就是被这些假消息假图片蒙蔽掉，官方都解释是不完全断裂，还非要有人放出一个不知道从哪里搜来的完全断裂图",
"mid":"ywdrnaRBZ",
"date":"2012-08-08 16:00:04"
},
{
"kids":[],
"uid":"2107089645",
"parent":"ywdjQ1ltN",
"text":"好假。。输就输，赢就赢！何必p上图！@黑妹吴系叫黑妹:",
"mid":"ywdqPdB3h",
"date":"2012-08-08 15:58:43"
},
{
"kids":[],
"uid":"111080526",
"parent":"",
"text":"[泪][泪]",
"mid":"ywdpOzZHN",
"date":"2012-08-08 15:56:15"
},
{
"kids":[],
"uid":"2440835734",
"parent":"",
"text":"脚痛心也痛..",
"mid":"ywdmlt1kA",
"date":"2012-08-08 15:47:41"
},
{
"kids":[
"ywdqPdB3h"
],
"uid":"2169253180",
"parent":"",
"text":"",
"mid":"ywdjQ1ltN",
"date":"2012-08-08 15:41:31"
},
{
"kids":[],
"uid":"2214340114",
"parent":"",
"text":"[围观][可怜]",
"mid":"ywdjk7WdT",
"date":"2012-08-08 15:40:14"
},
{
"kids":[],
"uid":"2558910205",
"parent":"",
"text":"",
"mid":"ywdi47GEa",
"date":"2012-08-08 15:37:08"
},
{
"kids":[],
"uid":"1859188702",
"parent":"",
"text":"",
"mid":"ywdhfhE8j",
"date":"2012-08-08 15:35:06"
},
{
"kids":[],
"uid":"flowerlgh",
"parent":"",
"text":"心痛啊~",
"mid":"ywdgMjgnD",
"date":"2012-08-08 15:33:58"
},
{
"kids":[],
"uid":"chj903698510",
"parent":"",
"text":"好恶心",
"mid":"ywdemtps9",
"date":"2012-08-08 15:28:01"
},
{
"kids":[
"ywgYwtbSf"
],
"uid":"loveychristyshiyin",
"parent":"",
"text":"[伤心]#劉翔加油#[爱心传递][泪]",
"mid":"ywddyhe30",
"date":"2012-08-08 15:26:01"
},
{
"kids":[],
"uid":"1860203300",
"parent":"",
"text":"看到都觉得好痛",
"mid":"ywdbCiqip",
"date":"2012-08-08 15:21:14"
},
{
"kids":[],
"uid":"1991220707",
"parent":"ywdaKf2tJ",
"text":"",
"mid":"ywdbbEZrB",
"date":"2012-08-08 15:20:13"
},
{
"kids":[
"ywdbbEZrB"
],
"uid":"2450038692",
"parent":"ywd2gyr2R",
"text":"好恐怖啊…喷子你他妈试一下这样还单脚跳过终点给哥看看[怒]",
"mid":"ywdaKf2tJ",
"date":"2012-08-08 15:19:06"
},
{
"kids":[],
"uid":"318922693",
"parent":"ywd8K6Zri",
"text":"[可怜]",
"mid":"ywd9GBLY7",
"date":"2012-08-08 15:16:29"
},
{
"kids":[],
"uid":"338378678",
"parent":"",
"text":"",
"mid":"ywd8Ru80J",
"date":"2012-08-08 15:14:26"
},
{
"kids":[
"ywd9GBLY7"
],
"uid":"belien647",
"parent":"",
"text":"好恐怖，好心疼[加油]",
"mid":"ywd8K6Zri",
"date":"2012-08-08 15:14:10"
},
{
"kids":[],
"uid":"2643699563",
"parent":"",
"text":"",
"mid":"ywd8iCKTy",
"date":"2012-08-08 15:13:05"
},
{
"kids":[],
"uid":"mchuck",
"parent":"",
"text":"[爱你] 小翔子，加油~",
"mid":"ywd5hjdZr",
"date":"2012-08-08 15:05:38"
},
{
"kids":[],
"uid":"fanxingtingting",
"parent":"",
"text":"",
"mid":"ywd3Rwcqu",
"date":"2012-08-08 15:02:09"
},
{
"kids":[],
"uid":"2168502984",
"parent":"",
"text":"好痛啊！！！[泪]",
"mid":"ywd3KpiP6",
"date":"2012-08-08 15:01:50"
},
{
"kids":[
"ywdaKf2tJ"
],
"uid":"2432361983",
"parent":"",
"text":"[伤心]",
"mid":"ywd2gyr2R",
"date":"2012-08-08 14:58:13"
},
{
"kids":[],
"uid":"2019204150",
"parent":"",
"text":"[泪]",
"mid":"ywd1RpKsF",
"date":"2012-08-08 14:57:14"
},
{
"kids":[
"yweexbNgw"
],
"uid":"2168758994",
"parent":"",
"text":"[可怜][可怜][可怜][可怜]",
"mid":"ywd1Ldsi3",
"date":"2012-08-08 14:56:58"
},
{
"kids":[],
"uid":"2070285487",
"parent":"",
"text":"[泪]",
"mid":"ywd17CC75",
"date":"2012-08-08 14:55:24"
},
{
"kids":[
"ywevQ7V0S"
],
"uid":"2389199114",
"parent":"",
"text":"",
"mid":"ywcZ1B6zl",
"date":"2012-08-08 14:50:13"
},
{
"kids":[],
"uid":"2475926225",
"parent":"",
"text":"",
"mid":"ywcX2FwJa",
"date":"2012-08-08 14:45:21"
},
{
"kids":[],
"uid":"2505190404",
"parent":"",
"text":"",
"mid":"ywcVNwj1R",
"date":"2012-08-08 14:42:17"
},
{
"kids":[],
"uid":"2062015653",
"parent":"",
"text":"",
"mid":"ywcUw4Jwl",
"date":"2012-08-08 14:39:06"
},
{
"kids":[],
"uid":"1774763620",
"parent":"ywcN4uXe4",
"text":"[泪]",
"mid":"ywcU1lORt",
"date":"2012-08-08 14:37:54"
},
{
"kids":[],
"uid":"2113119203",
"parent":"",
"text":"[泪]",
"mid":"ywcSvCwzC",
"date":"2012-08-08 14:34:09"
},
{
"kids":[],
"uid":"2046915215",
"parent":"",
"text":"",
"mid":"ywcSd4I3A",
"date":"2012-08-08 14:33:26"
},
{
"kids":[],
"uid":"2716973380",
"parent":"",
"text":"",
"mid":"ywcRc8M1x",
"date":"2012-08-08 14:30:54"
},
{
"kids":[],
"uid":"2112124222",
"parent":"ywcOT64EO",
"text":"",
"mid":"ywcPsg9ES",
"date":"2012-08-08 14:26:38"
},
{
"kids":[
"ywcPsg9ES"
],
"uid":"2019770097",
"parent":"",
"text":"[淚][淚]",
"mid":"ywcOT64EO",
"date":"2012-08-08 14:25:15"
},
{
"kids":[],
"uid":"roseflowers",
"parent":"",
"text":"[悲傷]",
"mid":"ywcNylZhJ",
"date":"2012-08-08 14:21:56"
},
{
"kids":[
"ywcU1lORt"
],
"uid":"1918883460",
"parent":"",
"text":"心都痛了",
"mid":"ywcN4uXe4",
"date":"2012-08-08 14:20:47"
},
{
"kids":[],
"uid":"2729675485",
"parent":"",
"text":"他妈的，让老子心疼！",
"mid":"ywcLJbFez",
"date":"2012-08-08 14:17:28"
},
{
"kids":[],
"uid":"2250280570",
"parent":"",
"text":"",
"mid":"ywcL75uUQ",
"date":"2012-08-08 14:15:57"
},
{
"kids":[],
"uid":"2597715871",
"parent":"",
"text":"刘翔，快点好起来吧！！",
"mid":"ywcKJqJOY",
"date":"2012-08-08 14:15:01"
},
{
"kids":[],
"uid":"2398891107",
"parent":"",
"text":"挖槽",
"mid":"ywcKAgWop",
"date":"2012-08-08 14:14:39"
},
{
"kids":[
"yweQI5Fzg"
],
"uid":"2115243607",
"parent":"ywcoj9IZX",
"text":"[可怜]",
"mid":"ywczgu75p",
"date":"2012-08-08 13:46:45"
},
{
"kids":[],
"uid":"1739267813",
"parent":"",
"text":"!!!!",
"mid":"ywcwQDDv1",
"date":"2012-08-08 13:40:48"
},
{
"kids":[],
"uid":"2445948430",
"parent":"",
"text":"草他妈的   想来你们的狗眼   看清楚刘翔的痛苦[哼]",
"mid":"ywctKjekB",
"date":"2012-08-08 13:33:10"
},
{
"kids":[],
"uid":"2308489234",
"parent":"",
"text":"那些还谩骂的人张开你的狗眼看清",
"mid":"ywcqa5BKv",
"date":"2012-08-08 13:24:19"
},
{
"kids":[
"ywczgu75p"
],
"uid":"2120068603",
"parent":"",
"text":"[悲伤]",
"mid":"ywcoj9IZX",
"date":"2012-08-08 13:19:46"
},
{
"kids":[],
"uid":"1864433884",
"parent":"",
"text":"[泪]",
"mid":"ywckxFVCR",
"date":"2012-08-08 13:10:30"
},
{
"kids":[],
"uid":"1733122697",
"parent":"",
"text":"[可怜]好好休养",
"mid":"ywcj9mJM8",
"date":"2012-08-08 13:07:04"
},
{
"kids":[],
"uid":"338130888",
"parent":"ywc61kNbg",
"text":"",
"mid":"ywciH34Mz",
"date":"2012-08-08 13:05:56"
},
{
"kids":[],
"uid":"hongly0116",
"parent":"",
"text":"[可怜][可怜][可怜]",
"mid":"ywcineUcx",
"date":"2012-08-08 13:05:07"
},
{
"kids":[],
"uid":"1688429451",
"parent":"",
"text":"……痛",
"mid":"ywchQ84LS",
"date":"2012-08-08 13:03:50"
},
{
"kids":[],
"uid":"1994871700",
"parent":"",
"text":"",
"mid":"ywcg4w8TK",
"date":"2012-08-08 12:59:29"
},
{
"kids":[],
"uid":"2488423874",
"parent":"",
"text":"[泪]",
"mid":"ywcfRwPmZ",
"date":"2012-08-08 12:58:58"
},
{
"kids":[],
"uid":"2170292544",
"parent":"",
"text":"无论这张图片是不是刘翔的，但是都请不要再争论刘翔到底是不是真摔了！因为他曾经也打破过世界纪录，也曾经为我们中国拿过金牌，这是铁一般的事实！不能因为任何理由而抹杀他的功劳！[泪][泪]",
"mid":"ywcf2qe4L",
"date":"2012-08-08 12:56:54"
},
{
"kids":[],
"uid":"1768673164",
"parent":"ywcdM7cu5",
"text":"真的不明白有什么好骂的，在骂的同时根本就不想想运动员身后的痛苦~",
"mid":"ywceU9PCb",
"date":"2012-08-08 12:56:36"
},
{
"kids":[
"ywceU9PCb"
],
"uid":"2170292544",
"parent":"",
"text":"[泪][泪]真的不要再骂刘翔了。。",
"mid":"ywcdM7cu5",
"date":"2012-08-08 12:53:47"
},
{
"kids":[],
"uid":"2004362984",
"parent":"ywc61kNbg",
"text":"",
"mid":"ywcb910MK",
"date":"2012-08-08 12:47:20"
},
{
"kids":[
"ywciH34Mz",
"ywcb910MK"
],
"uid":"2242089080",
"parent":"",
"text":"",
"mid":"ywc61kNbg",
"date":"2012-08-08 12:34:42"
},
{
"kids":[],
"uid":"2449796770",
"parent":"",
"text":"凸",
"mid":"ywbT3hYvE",
"date":"2012-08-08 12:02:44"
},
{
"kids":[],
"uid":"1725149425",
"parent":"",
"text":"让你们骂！[怒]",
"mid":"ywbSrrTDs",
"date":"2012-08-08 12:01:16"
},
{
"kids":[],
"uid":"1991721511",
"parent":"",
"text":"",
"mid":"ywbS5zNp5",
"date":"2012-08-08 12:00:23"
},
{
"kids":[],
"uid":"zijan",
"parent":"",
"text":"刘翔，您辛苦了！！！",
"mid":"ywbMebjHT",
"date":"2012-08-08 11:45:56"
},
{
"kids":[],
"uid":"foreverstrong",
"parent":"",
"text":"[泪][泪][泪][泪]",
"mid":"ywbE5snW4",
"date":"2012-08-08 11:25:54"
},
{
"kids":[],
"uid":"1934481823",
"parent":"",
"text":"",
"mid":"ywbB5172U",
"date":"2012-08-08 11:18:28"
},
{
"kids":[],
"uid":"1777468314",
"parent":"",
"text":"",
"mid":"ywbz6F2zR",
"date":"2012-08-08 11:13:37"
},
{
"kids":[],
"uid":"1841927857",
"parent":"",
"text":"",
"mid":"ywbwajl62",
"date":"2012-08-08 11:06:23"
},
{
"kids":[],
"uid":"1547702621",
"parent":"",
"text":"",
"mid":"ywaGSwk8I",
"date":"2012-08-08 09:00:01"
}
]