[
{
"kids":[],
"uid":"1993711593",
"parent":"",
"text":"",
"mid":"AhZqqC3jc",
"date":"2013-11-10 00:03:36"
},
{
"kids":[],
"uid":"2991290077",
"parent":"",
"text":"",
"mid":"Ai89ixpk2",
"date":"2013-11-10 22:16:10"
},
{
"kids":[],
"uid":"2786764291",
"parent":"",
"text":"",
"mid":"B0kAevrLv",
"date":"2014-04-18 19:34:17"
},
{
"kids":[],
"uid":"3045110444",
"parent":"AhZqqC3jc",
"text":"",
"mid":"AoTlRz0iP",
"date":"2013-12-25 09:28:02"
},
{
"kids":[],
"uid":"2804212892",
"parent":"AhZqqC3jc",
"text":"",
"mid":"AoTks6vrQ",
"date":"2013-12-25 09:24:33"
},
{
"kids":[],
"uid":"2919762690",
"parent":"AhZqqC3jc",
"text":"",
"mid":"AoSydr8PA",
"date":"2013-12-25 07:25:43"
},
{
"kids":[],
"uid":"1583094632",
"parent":"AhZqqC3jc",
"text":"",
"mid":"AoSrNFFGe",
"date":"2013-12-25 07:09:54"
},
{
"kids":[],
"uid":"3043753632",
"parent":"AhZqqC3jc",
"text":"",
"mid":"AoN0tnpRZ",
"date":"2013-12-24 17:18:50"
},
{
"kids":[],
"uid":"3044144050",
"parent":"",
"text":"",
"mid":"AoMAe765o",
"date":"2013-12-24 16:14:09"
},
{
"kids":[],
"uid":"3043585944",
"parent":"",
"text":"",
"mid":"AoMitmS2I",
"date":"2013-12-24 15:30:26"
},
{
"kids":[],
"uid":"2808322034",
"parent":"AhZqqC3jc",
"text":"",
"mid":"AoLUth1vT",
"date":"2013-12-24 14:31:18"
},
{
"kids":[],
"uid":"2789820400",
"parent":"AhZqqC3jc",
"text":"",
"mid":"AoKIclFb6",
"date":"2013-12-24 11:28:20"
},
{
"kids":[],
"uid":"1589548675",
"parent":"AhZqqC3jc",
"text":"",
"mid":"AoKpssJTW",
"date":"2013-12-24 10:42:10"
},
{
"kids":[],
"uid":"1588510344",
"parent":"",
"text":"",
"mid":"AoKcSDVE1",
"date":"2013-12-24 10:11:10"
},
{
"kids":[],
"uid":"1728079413",
"parent":"",
"text":"",
"mid":"AoDnzlOST",
"date":"2013-12-23 16:48:17"
},
{
"kids":[],
"uid":"1580307060",
"parent":"",
"text":"",
"mid":"AoCjXAiCa",
"date":"2013-12-23 14:06:38"
},
{
"kids":[],
"uid":"2919368120",
"parent":"AhZqqC3jc",
"text":"",
"mid":"AosQZ6d0B",
"date":"2013-12-22 14:00:32"
},
{
"kids":[],
"uid":"3043760872",
"parent":"AhZqqC3jc",
"text":"",
"mid":"AorUUeO4K",
"date":"2013-12-22 11:37:26"
},
{
"kids":[],
"uid":"3044092640",
"parent":"AhZqqC3jc",
"text":"",
"mid":"AoqOD0OcB",
"date":"2013-12-22 08:49:13"
},
{
"kids":[],
"uid":"1583964042",
"parent":"AohKwmOyc",
"text":"",
"mid":"Aoqms5CD5",
"date":"2013-12-22 07:39:48"
},
{
"kids":[],
"uid":"2919984772",
"parent":"",
"text":"",
"mid":"AoksotNbQ",
"date":"2013-12-21 16:37:58"
},
{
"kids":[],
"uid":"2920279582",
"parent":"AohKwmOyc",
"text":"",
"mid":"AokfUArFR",
"date":"2013-12-21 16:07:12"
},
{
"kids":[],
"uid":"2168635213",
"parent":"AhZqqC3jc",
"text":"",
"mid":"Aok8d5zfo",
"date":"2013-12-21 15:48:14"
},
{
"kids":[],
"uid":"1437506032",
"parent":"Ai89ixpk2",
"text":"",
"mid":"AojPv0Kcf",
"date":"2013-12-21 15:02:06"
},
{
"kids":[],
"uid":"2920425440",
"parent":"Ai89ixpk2",
"text":"",
"mid":"AojsUEEhy",
"date":"2013-12-21 14:06:30"
},
{
"kids":[],
"uid":"2920203134",
"parent":"Ai89ixpk2",
"text":"",
"mid":"Aojbdd5RC",
"date":"2013-12-21 13:22:53"
},
{
"kids":[],
"uid":"1582730264",
"parent":"",
"text":"",
"mid":"Aoiy2fNXO",
"date":"2013-12-21 11:46:21"
},
{
"kids":[
"Aoqms5CD5",
"AokfUArFR"
],
"uid":"2805065282",
"parent":"AhZqqC3jc",
"text":"",
"mid":"AohKwmOyc",
"date":"2013-12-21 09:44:24"
},
{
"kids":[],
"uid":"3043695770",
"parent":"",
"text":"",
"mid":"AoaWfcf4c",
"date":"2013-12-20 16:24:02"
},
{
"kids":[],
"uid":"1582525317",
"parent":"AhZqqC3jc",
"text":"",
"mid":"AoaggugAh",
"date":"2013-12-20 14:40:38"
},
{
"kids":[],
"uid":"2803462450",
"parent":"",
"text":"",
"mid":"AoadWAdFA",
"date":"2013-12-20 14:34:52"
},
{
"kids":[],
"uid":"2790098522",
"parent":"Ai89ixpk2",
"text":"",
"mid":"Ao9SFvS8H",
"date":"2013-12-20 13:42:30"
},
{
"kids":[],
"uid":"2919483800",
"parent":"Ai89ixpk2",
"text":"",
"mid":"Ao9Ltl5I4",
"date":"2013-12-20 13:24:46"
},
{
"kids":[],
"uid":"3043778272",
"parent":"Ai89ixpk2",
"text":"",
"mid":"Ao9FYkm5D",
"date":"2013-12-20 13:11:12"
},
{
"kids":[],
"uid":"3044579052",
"parent":"AhZqqC3jc",
"text":"",
"mid":"Ao8BuwcnR",
"date":"2013-12-20 10:27:25"
},
{
"kids":[],
"uid":"2919473392",
"parent":"",
"text":"",
"mid":"Ao7RNkJHw",
"date":"2013-12-20 08:34:50"
},
{
"kids":[],
"uid":"2789741092",
"parent":"AhZqqC3jc",
"text":"",
"mid":"Ao2xTnKas",
"date":"2013-12-19 19:02:03"
},
{
"kids":[],
"uid":"1776550822",
"parent":"AhZqqC3jc",
"text":"",
"mid":"Ao26zkBQI",
"date":"2013-12-19 17:54:45"
},
{
"kids":[],
"uid":"3043535534",
"parent":"",
"text":"",
"mid":"Ao0W9C6js",
"date":"2013-12-19 14:56:20"
},
{
"kids":[],
"uid":"2789676914",
"parent":"",
"text":"",
"mid":"AnZr9FegN",
"date":"2013-12-19 11:07:14"
},
{
"kids":[],
"uid":"2919492904",
"parent":"",
"text":"",
"mid":"AnYbP2vwa",
"date":"2013-12-19 07:56:42"
},
{
"kids":[],
"uid":"3044015420",
"parent":"",
"text":"",
"mid":"AnSttbvEK",
"date":"2013-12-18 17:23:41"
},
{
"kids":[],
"uid":"2919789944",
"parent":"Ai89ixpk2",
"text":"",
"mid":"AnS2VAjrP",
"date":"2013-12-18 16:18:19"
},
{
"kids":[],
"uid":"1776801961",
"parent":"Ai89ixpk2",
"text":"",
"mid":"AnRW0fS3q",
"date":"2013-12-18 16:01:15"
},
{
"kids":[],
"uid":"3045147310",
"parent":"",
"text":"",
"mid":"AnRVEnI9K",
"date":"2013-12-18 16:00:23"
},
{
"kids":[],
"uid":"2920189904",
"parent":"AhZqqC3jc",
"text":"",
"mid":"AnRNf9vq9",
"date":"2013-12-18 15:39:39"
},
{
"kids":[],
"uid":"2804797572",
"parent":"AhZqqC3jc",
"text":"",
"mid":"AnQeYuLNE",
"date":"2013-12-18 11:42:31"
},
{
"kids":[],
"uid":"3043718604",
"parent":"Ai89ixpk2",
"text":"",
"mid":"AnOvAbkTL",
"date":"2013-12-18 07:17:55"
},
{
"kids":[],
"uid":"2920177332",
"parent":"Ai89ixpk2",
"text":"",
"mid":"AnJCorxgu",
"date":"2013-12-17 18:50:56"
},
{
"kids":[],
"uid":"3043451230",
"parent":"",
"text":"",
"mid":"AnIT8aOE3",
"date":"2013-12-17 16:59:27"
},
{
"kids":[],
"uid":"3044860154",
"parent":"Ai89ixpk2",
"text":"",
"mid":"AnFTalwjN",
"date":"2013-12-17 09:21:19"
},
{
"kids":[],
"uid":"2809703052",
"parent":"",
"text":"",
"mid":"AnFGPAsGG",
"date":"2013-12-17 08:50:56"
},
{
"kids":[],
"uid":"2919639724",
"parent":"",
"text":"",
"mid":"AnFvopX8n",
"date":"2013-12-17 08:22:45"
},
{
"kids":[],
"uid":"2803092164",
"parent":"Ai89ixpk2",
"text":"",
"mid":"AnFrYxqgW",
"date":"2013-12-17 08:14:20"
},
{
"kids":[],
"uid":"2919642952",
"parent":"Ai89ixpk2",
"text":"",
"mid":"AnrilsZ6q",
"date":"2013-12-15 20:12:09"
},
{
"kids":[],
"uid":"2919505564",
"parent":"Ai89ixpk2",
"text":"",
"mid":"Anrfdlps9",
"date":"2013-12-15 20:04:23"
},
{
"kids":[],
"uid":"2920441264",
"parent":"Ai89ixpk2",
"text":"",
"mid":"Anpdbmvya",
"date":"2013-12-15 14:53:56"
},
{
"kids":[],
"uid":"1778372492",
"parent":"Ai89ixpk2",
"text":"",
"mid":"AnfVKwIpr",
"date":"2013-12-14 15:16:16"
},
{
"kids":[],
"uid":"3045296830",
"parent":"Ai89ixpk2",
"text":"",
"mid":"Ane8AskOi",
"date":"2013-12-14 10:42:23"
},
{
"kids":[],
"uid":"3044356470",
"parent":"Ai89ixpk2",
"text":"",
"mid":"AncZQt6Pj",
"date":"2013-12-14 07:48:06"
},
{
"kids":[],
"uid":"3044909680",
"parent":"AhZqqC3jc",
"text":"",
"mid":"An7fblljR",
"date":"2013-12-13 17:09:24"
},
{
"kids":[],
"uid":"2789659404",
"parent":"AhZqqC3jc",
"text":"",
"mid":"An6ZMB4fD",
"date":"2013-12-13 16:31:28"
},
{
"kids":[],
"uid":"3044671054",
"parent":"AhZqqC3jc",
"text":"",
"mid":"An6oS0Zbf",
"date":"2013-12-13 15:00:32"
},
{
"kids":[],
"uid":"3044848120",
"parent":"AhZqqC3jc",
"text":"",
"mid":"An5Hs4DoA",
"date":"2013-12-13 13:13:32"
},
{
"kids":[],
"uid":"1778195432",
"parent":"AhZqqC3jc",
"text":"",
"mid":"An49J7vPp",
"date":"2013-12-13 09:17:43"
},
{
"kids":[],
"uid":"2919517520",
"parent":"AhZqqC3jc",
"text":"",
"mid":"AmY05B5HS",
"date":"2013-12-12 17:37:31"
},
{
"kids":[],
"uid":"2804534534",
"parent":"AhZqqC3jc",
"text":"",
"mid":"AmWXtk33F",
"date":"2013-12-12 14:58:17"
},
{
"kids":[],
"uid":"1777236214",
"parent":"",
"text":"",
"mid":"AmWUZ3Fkk",
"date":"2013-12-12 14:52:11"
},
{
"kids":[],
"uid":"2789753200",
"parent":"",
"text":"",
"mid":"AmVUAtCO3",
"date":"2013-12-12 12:18:27"
},
{
"kids":[],
"uid":"1778147894",
"parent":"AhZqqC3jc",
"text":"",
"mid":"AmVr79oHP",
"date":"2013-12-12 11:05:50"
},
{
"kids":[],
"uid":"2803138642",
"parent":"",
"text":"",
"mid":"AmUShFOG6",
"date":"2013-12-12 09:40:03"
},
{
"kids":[],
"uid":"2803195230",
"parent":"",
"text":"",
"mid":"AmM7SlQih",
"date":"2013-12-11 11:23:44"
},
{
"kids":[],
"uid":"3044978430",
"parent":"",
"text":"",
"mid":"AmM28ztla",
"date":"2013-12-11 11:09:36"
},
{
"kids":[],
"uid":"1582734932",
"parent":"",
"text":"",
"mid":"AmKHd0LHx",
"date":"2013-12-11 07:45:17"
},
{
"kids":[],
"uid":"2803833850",
"parent":"",
"text":"",
"mid":"AmKzt9e7L",
"date":"2013-12-11 07:26:11"
},
{
"kids":[],
"uid":"2789859692",
"parent":"Ai89ixpk2",
"text":"",
"mid":"Amv9IBD35",
"date":"2013-12-09 16:11:34"
},
{
"kids":[],
"uid":"3044730640",
"parent":"",
"text":"",
"mid":"AmuIuc1wx",
"date":"2013-12-09 15:04:30"
},
{
"kids":[],
"uid":"3044721004",
"parent":"Ai89ixpk2",
"text":"",
"mid":"AmuuYc04v",
"date":"2013-12-09 14:31:11"
},
{
"kids":[],
"uid":"3044772912",
"parent":"AhZqqC3jc",
"text":"",
"mid":"Amugmud5y",
"date":"2013-12-09 13:55:12"
},
{
"kids":[],
"uid":"2919571574",
"parent":"",
"text":"",
"mid":"Amu6v74XX",
"date":"2013-12-09 13:30:53"
},
{
"kids":[],
"uid":"2805166254",
"parent":"Ai89ixpk2",
"text":"",
"mid":"Amu4FliBD",
"date":"2013-12-09 13:26:22"
},
{
"kids":[],
"uid":"1583314117",
"parent":"AhZqqC3jc",
"text":"",
"mid":"Amt1QnQs1",
"date":"2013-12-09 10:46:41"
},
{
"kids":[],
"uid":"1440402857",
"parent":"Ai89ixpk2",
"text":"",
"mid":"AmsExpYDz",
"date":"2013-12-09 09:49:15"
},
{
"kids":[],
"uid":"2920149122",
"parent":"Ai89ixpk2",
"text":"",
"mid":"AmsmunTOG",
"date":"2013-12-09 09:04:47"
},
{
"kids":[],
"uid":"2805199090",
"parent":"Ai89ixpk2",
"text":"",
"mid":"AmrFYiFkG",
"date":"2013-12-09 07:20:02"
},
{
"kids":[],
"uid":"2040769491",
"parent":"AmlcfgnLc",
"text":"@c江沙: 懂得人很多，真正能做到的人却很少。",
"mid":"AmmUNAKkZ",
"date":"2013-12-08 19:12:50"
},
{
"kids":[],
"uid":"2919590874",
"parent":"Ai89ixpk2",
"text":"",
"mid":"Amlum9nhQ",
"date":"2013-12-08 15:34:57"
},
{
"kids":[],
"uid":"2168630847",
"parent":"Ai89ixpk2",
"text":"",
"mid":"AmlmHztkk",
"date":"2013-12-08 15:16:06"
},
{
"kids":[],
"uid":"3044597522",
"parent":"",
"text":"",
"mid":"AmlkyiKMS",
"date":"2013-12-08 15:10:46"
},
{
"kids":[
"AmmUNAKkZ"
],
"uid":"1582963520",
"parent":"",
"text":"",
"mid":"AmlcfgnLc",
"date":"2013-12-08 14:50:19"
},
{
"kids":[],
"uid":"2804992432",
"parent":"AhZqqC3jc",
"text":"",
"mid":"AmkWsAaex",
"date":"2013-12-08 14:11:26"
},
{
"kids":[],
"uid":"3045281524",
"parent":"AhZqqC3jc",
"text":"",
"mid":"AmjrurJJ0",
"date":"2013-12-08 10:22:23"
},
{
"kids":[],
"uid":"2919812520",
"parent":"Ai89ixpk2",
"text":"",
"mid":"Amjr4riXM",
"date":"2013-12-08 10:21:21"
},
{
"kids":[],
"uid":"2803451782",
"parent":"AhZqqC3jc",
"text":"",
"mid":"Amjiux6Dd",
"date":"2013-12-08 10:00:13"
},
{
"kids":[],
"uid":"2919973394",
"parent":"Ai89ixpk2",
"text":"",
"mid":"Amj3KAFTO",
"date":"2013-12-08 09:23:55"
},
{
"kids":[],
"uid":"1588609542",
"parent":"",
"text":"",
"mid":"Amcd9uU55",
"date":"2013-12-07 15:57:49"
},
{
"kids":[],
"uid":"1583050181",
"parent":"AhZqqC3jc",
"text":"",
"mid":"Amc3O3bxs",
"date":"2013-12-07 15:34:46"
},
{
"kids":[],
"uid":"2919643070",
"parent":"",
"text":"",
"mid":"AmbwW1T7Z",
"date":"2013-12-07 14:13:49"
},
{
"kids":[],
"uid":"2920457362",
"parent":"",
"text":"",
"mid":"Amb3fqyy5",
"date":"2013-12-07 13:00:41"
},
{
"kids":[],
"uid":"3045399494",
"parent":"AhZqqC3jc",
"text":"",
"mid":"Am9tl8Pfu",
"date":"2013-12-07 08:59:29"
},
{
"kids":[],
"uid":"1582836693",
"parent":"Ai89ixpk2",
"text":"",
"mid":"Am2QB2riy",
"date":"2013-12-06 16:07:30"
},
{
"kids":[],
"uid":"2803275624",
"parent":"AhZqqC3jc",
"text":"",
"mid":"Am2mk3O0V",
"date":"2013-12-06 14:52:57"
},
{
"kids":[],
"uid":"1778430092",
"parent":"",
"text":"",
"mid":"Am1U5xDYY",
"date":"2013-12-06 13:43:23"
},
{
"kids":[],
"uid":"3044054600",
"parent":"Ai89ixpk2",
"text":"",
"mid":"Am1IUljY2",
"date":"2013-12-06 13:15:51"
},
{
"kids":[],
"uid":"1584034302",
"parent":"",
"text":"",
"mid":"Am11i0rHo",
"date":"2013-12-06 11:28:22"
},
{
"kids":[],
"uid":"2789720020",
"parent":"Ai89ixpk2",
"text":"",
"mid":"AlZOipJmE",
"date":"2013-12-06 08:23:38"
},
{
"kids":[],
"uid":"1581809291",
"parent":"AhZqqC3jc",
"text":"",
"mid":"AlZynbzGD",
"date":"2013-12-06 07:44:24"
},
{
"kids":[],
"uid":"3541525603",
"parent":"AhZhHhGe9",
"text":"",
"mid":"AlV67hHHJ",
"date":"2013-12-05 20:23:49"
},
{
"kids":[],
"uid":"2790058830",
"parent":"",
"text":"",
"mid":"AlT9skfp8",
"date":"2013-12-05 15:26:33"
},
{
"kids":[],
"uid":"2789886332",
"parent":"Ai89ixpk2",
"text":"",
"mid":"AlSx6cxz1",
"date":"2013-12-05 13:52:03"
},
{
"kids":[],
"uid":"3045208140",
"parent":"",
"text":"",
"mid":"AlStT3rzF",
"date":"2013-12-05 13:44:07"
},
{
"kids":[],
"uid":"3043935950",
"parent":"Ai89ixpk2",
"text":"",
"mid":"AlSfzoiig",
"date":"2013-12-05 13:08:50"
},
{
"kids":[],
"uid":"3044510404",
"parent":"",
"text":"",
"mid":"AlS5HqA2w",
"date":"2013-12-05 12:44:33"
},
{
"kids":[],
"uid":"2919271012",
"parent":"Ai89ixpk2",
"text":"",
"mid":"AlPXAnkKF",
"date":"2013-12-05 07:19:03"
},
{
"kids":[],
"uid":"3043849042",
"parent":"Ai89ixpk2",
"text":"",
"mid":"AlAQSDIlP",
"date":"2013-12-03 16:51:20"
},
{
"kids":[],
"uid":"1582646035",
"parent":"Ai89ixpk2",
"text":"",
"mid":"AlAEKknpA",
"date":"2013-12-03 16:21:27"
},
{
"kids":[],
"uid":"1723041287",
"parent":"Ai89ixpk2",
"text":"",
"mid":"Alzaioct0",
"date":"2013-12-03 12:33:40"
},
{
"kids":[],
"uid":"2920431552",
"parent":"Ai89ixpk2",
"text":"",
"mid":"AlqxBplHc",
"date":"2013-12-02 14:36:22"
},
{
"kids":[],
"uid":"3044881890",
"parent":"Ai89ixpk2",
"text":"",
"mid":"Alpq3BXxL",
"date":"2013-12-02 11:45:02"
},
{
"kids":[],
"uid":"2919784420",
"parent":"Ai89ixpk2",
"text":"",
"mid":"AlnMR8RUR",
"date":"2013-12-02 07:35:43"
},
{
"kids":[],
"uid":"1582741733",
"parent":"AhZqqC3jc",
"text":"",
"mid":"AlhZdiF49",
"date":"2013-12-01 16:49:37"
},
{
"kids":[],
"uid":"2919470554",
"parent":"AhZqqC3jc",
"text":"",
"mid":"Alhs7FKTq",
"date":"2013-12-01 15:28:10"
},
{
"kids":[],
"uid":"1778239220",
"parent":"AhZqqC3jc",
"text":"",
"mid":"AlfDzlToU",
"date":"2013-12-01 10:50:51"
},
{
"kids":[],
"uid":"3045299050",
"parent":"AhZqqC3jc",
"text":"",
"mid":"Alfn44p3W",
"date":"2013-12-01 10:10:11"
},
{
"kids":[],
"uid":"3044521864",
"parent":"AhZqqC3jc",
"text":"",
"mid":"Alfjurj6E",
"date":"2013-12-01 10:01:24"
},
{
"kids":[],
"uid":"2920028662",
"parent":"AhZqqC3jc",
"text":"",
"mid":"AleFguqLL",
"date":"2013-12-01 08:22:18"
},
{
"kids":[],
"uid":"2920045432",
"parent":"",
"text":"",
"mid":"Al9lvpDcU",
"date":"2013-11-30 18:49:53"
},
{
"kids":[],
"uid":"1583704650",
"parent":"AhZqqC3jc",
"text":"",
"mid":"Al7sDlFUp",
"date":"2013-11-30 14:01:57"
},
{
"kids":[],
"uid":"3045057480",
"parent":"",
"text":"",
"mid":"Al7bHaDG1",
"date":"2013-11-30 13:20:11"
},
{
"kids":[],
"uid":"2919781162",
"parent":"AhZqqC3jc",
"text":"",
"mid":"Al6TR8Ds2",
"date":"2013-11-30 12:36:16"
},
{
"kids":[],
"uid":"3045356182",
"parent":"",
"text":"",
"mid":"Al5PcnyGU",
"date":"2013-11-30 09:52:03"
},
{
"kids":[],
"uid":"2919507874",
"parent":"AhZqqC3jc",
"text":"",
"mid":"Al5MOE0Sb",
"date":"2013-11-30 09:46:11"
},
{
"kids":[],
"uid":"1011135007",
"parent":"",
"text":"",
"mid":"Al5Ecq9aw",
"date":"2013-11-30 09:24:57"
},
{
"kids":[],
"uid":"3044691444",
"parent":"AhZqqC3jc",
"text":"",
"mid":"Al5ut0xik",
"date":"2013-11-30 09:00:58"
},
{
"kids":[],
"uid":"2804353640",
"parent":"Ai89ixpk2",
"text":"",
"mid":"AkYYTjLYJ",
"date":"2013-11-29 16:26:40"
},
{
"kids":[],
"uid":"3044064154",
"parent":"Ai89ixpk2",
"text":"",
"mid":"AkYl04TaB",
"date":"2013-11-29 14:48:22"
},
{
"kids":[],
"uid":"3044347992",
"parent":"",
"text":"",
"mid":"AkXKYpSsy",
"date":"2013-11-29 13:19:39"
},
{
"kids":[],
"uid":"2803626012",
"parent":"",
"text":"",
"mid":"AkXJjBsgg",
"date":"2013-11-29 13:15:35"
},
{
"kids":[],
"uid":"1583295427",
"parent":"Ai89ixpk2",
"text":"",
"mid":"AkXsi7irW",
"date":"2013-11-29 12:33:37"
},
{
"kids":[],
"uid":"3045427234",
"parent":"",
"text":"",
"mid":"AkX89m4mi",
"date":"2013-11-29 11:44:00"
},
{
"kids":[],
"uid":"2415621997",
"parent":"",
"text":"",
"mid":"AkWUiFcy3",
"date":"2013-11-29 11:09:54"
},
{
"kids":[],
"uid":"2919582892",
"parent":"",
"text":"",
"mid":"AkWsyyXOb",
"date":"2013-11-29 10:01:33"
},
{
"kids":[],
"uid":"2804489792",
"parent":"AhZqqC3jc",
"text":"",
"mid":"AkOJ0cyL6",
"date":"2013-11-28 14:20:04"
},
{
"kids":[],
"uid":"3044789742",
"parent":"AhZqqC3jc",
"text":"",
"mid":"AkOtj8VJ9",
"date":"2013-11-28 13:41:25"
},
{
"kids":[],
"uid":"1776501332",
"parent":"AhZqqC3jc",
"text":"",
"mid":"AkOoM78UR",
"date":"2013-11-28 13:30:15"
},
{
"kids":[],
"uid":"2919830460",
"parent":"Ai89ixpk2",
"text":"",
"mid":"AkG9e54ZD",
"date":"2013-11-27 16:29:57"
},
{
"kids":[],
"uid":"3045161960",
"parent":"AhZqqC3jc",
"text":"",
"mid":"AkFrUBTZQ",
"date":"2013-11-27 14:43:16"
},
{
"kids":[],
"uid":"2919595680",
"parent":"Ai89ixpk2",
"text":"",
"mid":"AkFkEBrvy",
"date":"2013-11-27 14:25:21"
},
{
"kids":[],
"uid":"2789650222",
"parent":"AhZqqC3jc",
"text":"",
"mid":"AkEjaEamq",
"date":"2013-11-27 11:48:58"
},
{
"kids":[],
"uid":"3043867662",
"parent":"AhZqqC3jc",
"text":"",
"mid":"AkDE9C1B0",
"date":"2013-11-27 10:07:55"
},
{
"kids":[],
"uid":"3043657024",
"parent":"Ai89ixpk2",
"text":"",
"mid":"AkDC4cFbU",
"date":"2013-11-27 10:02:46"
},
{
"kids":[],
"uid":"3044721540",
"parent":"",
"text":"",
"mid":"AkDAHp8Ah",
"date":"2013-11-27 09:59:25"
},
{
"kids":[],
"uid":"3043647854",
"parent":"Ai89ixpk2",
"text":"",
"mid":"AkDoroh4P",
"date":"2013-11-27 09:29:12"
},
{
"kids":[],
"uid":"2920510230",
"parent":"",
"text":"",
"mid":"AkDers0h7",
"date":"2013-11-27 09:04:33"
},
{
"kids":[],
"uid":"3044930474",
"parent":"Ai89ixpk2",
"text":"",
"mid":"AkD7ZF9MG",
"date":"2013-11-27 08:48:41"
},
{
"kids":[],
"uid":"3045423300",
"parent":"",
"text":"",
"mid":"Akwuj40q2",
"date":"2013-11-26 15:54:24"
},
{
"kids":[],
"uid":"3043794914",
"parent":"AhZqqC3jc",
"text":"",
"mid":"Akwt7u5dY",
"date":"2013-11-26 15:51:31"
},
{
"kids":[],
"uid":"3044163674",
"parent":"Ai89ixpk2",
"text":"",
"mid":"Akw9gsEpL",
"date":"2013-11-26 15:02:36"
},
{
"kids":[],
"uid":"2919693302",
"parent":"",
"text":"",
"mid":"Akv9G7YCL",
"date":"2013-11-26 12:30:51"
},
{
"kids":[],
"uid":"3044381830",
"parent":"AhZqqC3jc",
"text":"",
"mid":"Akv90a5Or",
"date":"2013-11-26 12:29:11"
},
{
"kids":[],
"uid":"3045023320",
"parent":"",
"text":"",
"mid":"Akv0uo7DB",
"date":"2013-11-26 12:08:13"
},
{
"kids":[],
"uid":"1583984695",
"parent":"Ai89ixpk2",
"text":"",
"mid":"AkuMZhlWa",
"date":"2013-11-26 11:34:58"
},
{
"kids":[],
"uid":"2920339930",
"parent":"Ai89ixpk2",
"text":"",
"mid":"AkuEn28II",
"date":"2013-11-26 11:13:43"
},
{
"kids":[],
"uid":"2789653270",
"parent":"Ai89ixpk2",
"text":"",
"mid":"AkuCAua7C",
"date":"2013-11-26 11:09:20"
},
{
"kids":[],
"uid":"3044162024",
"parent":"AhZqqC3jc",
"text":"",
"mid":"Aku7di57H",
"date":"2013-11-26 09:52:03"
},
{
"kids":[],
"uid":"2920455852",
"parent":"AhZqqC3jc",
"text":"",
"mid":"AkmI3zMyY",
"date":"2013-11-25 15:00:49"
},
{
"kids":[],
"uid":"1440503134",
"parent":"AhZqqC3jc",
"text":"",
"mid":"AkkxuD7PS",
"date":"2013-11-25 09:29:20"
},
{
"kids":[],
"uid":"2920376852",
"parent":"",
"text":"",
"mid":"AkcFb9jlI",
"date":"2013-11-24 13:26:16"
},
{
"kids":[],
"uid":"2790085350",
"parent":"AhZqqC3jc",
"text":"",
"mid":"AkciIsTtr",
"date":"2013-11-24 12:30:57"
},
{
"kids":[],
"uid":"2810936604",
"parent":"AhZqqC3jc",
"text":"",
"mid":"Akbb1uekW",
"date":"2013-11-24 09:39:15"
},
{
"kids":[],
"uid":"3043713854",
"parent":"AhZqqC3jc",
"text":"",
"mid":"AkaSopIS2",
"date":"2013-11-24 08:53:21"
},
{
"kids":[],
"uid":"2920201630",
"parent":"AhZqqC3jc",
"text":"",
"mid":"Akawlcp81",
"date":"2013-11-24 07:59:00"
},
{
"kids":[],
"uid":"2789785232",
"parent":"AhZqqC3jc",
"text":"",
"mid":"AkahFlnuW",
"date":"2013-11-24 07:22:50"
},
{
"kids":[],
"uid":"2920358630",
"parent":"AhZqqC3jc",
"text":"",
"mid":"AkahC6rIg",
"date":"2013-11-24 07:22:44"
},
{
"kids":[],
"uid":"3044006902",
"parent":"",
"text":"",
"mid":"Ak3dJbJdx",
"date":"2013-11-23 13:23:55"
},
{
"kids":[],
"uid":"3045375324",
"parent":"",
"text":"",
"mid":"Ak12RE81v",
"date":"2013-11-23 07:51:40"
},
{
"kids":[],
"uid":"3824678891",
"parent":"",
"text":"2@山东英才学院团委 @山东英才学院学前教育学院团委",
"mid":"AjMmy7JmB",
"date":"2013-11-21 18:28:58"
},
{
"kids":[],
"uid":"2919475830",
"parent":"Ai89ixpk2",
"text":"",
"mid":"AjJNx0sA1",
"date":"2013-11-21 11:57:12"
},
{
"kids":[],
"uid":"3044630770",
"parent":"Ai2E9dyYz",
"text":"",
"mid":"AjJ3xsBFr",
"date":"2013-11-21 10:03:54"
},
{
"kids":[],
"uid":"2920426100",
"parent":"Ai2E9dyYz",
"text":"",
"mid":"AjIA0BNSs",
"date":"2013-11-21 08:51:09"
},
{
"kids":[],
"uid":"3178713600",
"parent":"AjAqagptF",
"text":"[带着微博去旅行]",
"mid":"AjDXxcL0n",
"date":"2013-11-20 21:05:21"
},
{
"kids":[
"AjDXxcL0n"
],
"uid":"2804160762",
"parent":"Ai2I752x1",
"text":"",
"mid":"AjAqagptF",
"date":"2013-11-20 12:04:53"
},
{
"kids":[],
"uid":"2919465000",
"parent":"Ai89ixpk2",
"text":"",
"mid":"AjzOmpn5X",
"date":"2013-11-20 10:31:46"
},
{
"kids":[],
"uid":"2789789422",
"parent":"Ai2I752x1",
"text":"",
"mid":"Ajz6ErV3s",
"date":"2013-11-20 08:44:06"
},
{
"kids":[],
"uid":"2803301850",
"parent":"AhZqqC3jc",
"text":"",
"mid":"AjshPio1N",
"date":"2013-11-19 15:22:22"
},
{
"kids":[],
"uid":"2808570374",
"parent":"AhZPOF3AR",
"text":"",
"mid":"Ajq6BzyPC",
"date":"2013-11-19 09:49:15"
},
{
"kids":[],
"uid":"2809875932",
"parent":"AhZqqC3jc",
"text":"",
"mid":"Ajpd9fN4s",
"date":"2013-11-19 07:32:38"
},
{
"kids":[],
"uid":"3045326524",
"parent":"",
"text":"",
"mid":"Ajik60BJG",
"date":"2013-11-18 14:00:30"
},
{
"kids":[],
"uid":"2919972070",
"parent":"AhZqqC3jc",
"text":"",
"mid":"AjgZGDbkn",
"date":"2013-11-18 10:37:29"
},
{
"kids":[],
"uid":"1560970221",
"parent":"",
"text":"",
"mid":"AjgHICnSO",
"date":"2013-11-18 09:53:13"
},
{
"kids":[],
"uid":"2919334990",
"parent":"",
"text":"",
"mid":"Aj9Z6u1JF",
"date":"2013-11-17 16:46:47"
},
{
"kids":[],
"uid":"1776564332",
"parent":"Ai3mYiJPX",
"text":"",
"mid":"Aj7kbyTSy",
"date":"2013-11-17 10:00:31"
},
{
"kids":[],
"uid":"2301254365",
"parent":"",
"text":"我荒废的今日，正是昨天殒身之人祈求的明天；请享受无法回避的痛苦；觉得自己为时已晚的时候，恰恰是最早的时候。",
"mid":"Aj6MQCl8O",
"date":"2013-11-17 08:38:24"
},
{
"kids":[],
"uid":"1440481237",
"parent":"Ai3mYiJPX",
"text":"",
"mid":"Aj6gmfO6w",
"date":"2013-11-17 07:18:21"
},
{
"kids":[],
"uid":"1583973564",
"parent":"AhZfqC1il",
"text":"",
"mid":"AiZpFxsiv",
"date":"2013-11-16 13:52:03"
},
{
"kids":[],
"uid":"3044792352",
"parent":"Ai2E9dyYz",
"text":"",
"mid":"AiXxvvE4z",
"date":"2013-11-16 09:05:52"
},
{
"kids":[],
"uid":"2919749780",
"parent":"Ai2I752x1",
"text":"",
"mid":"AiOUp7Yhd",
"date":"2013-11-15 11:07:33"
},
{
"kids":[],
"uid":"3044569154",
"parent":"",
"text":"",
"mid":"AiORJmUkE",
"date":"2013-11-15 11:00:59"
},
{
"kids":[],
"uid":"3044278580",
"parent":"Ai2E9dyYz",
"text":"",
"mid":"AiOAmiC1C",
"date":"2013-11-15 10:18:10"
},
{
"kids":[],
"uid":"2920579962",
"parent":"Ai89ixpk2",
"text":"",
"mid":"AiOeHyCpd",
"date":"2013-11-15 09:24:49"
},
{
"kids":[],
"uid":"3044768620",
"parent":"",
"text":"",
"mid":"AiNASrcfa",
"date":"2013-11-15 07:46:42"
},
{
"kids":[],
"uid":"1440398085",
"parent":"AhZfqC1il",
"text":"",
"mid":"AiNw9BNoY",
"date":"2013-11-15 07:35:05"
},
{
"kids":[],
"uid":"2803497462",
"parent":"Ai0s8stft",
"text":"",
"mid":"AiFWltoaY",
"date":"2013-11-14 12:17:36"
},
{
"kids":[],
"uid":"3045267584",
"parent":"AhZPOF3AR",
"text":"",
"mid":"AiEeU2301",
"date":"2013-11-14 07:57:51"
},
{
"kids":[],
"uid":"1622669620",
"parent":"",
"text":"",
"mid":"AiDtf8UdW",
"date":"2013-11-14 06:00:25"
},
{
"kids":[],
"uid":"2331579502",
"parent":"",
"text":"",
"mid":"Aiz8DteSP",
"date":"2013-11-13 18:58:41"
},
{
"kids":[],
"uid":"1944089625",
"parent":"",
"text":"",
"mid":"AiwRueesz",
"date":"2013-11-13 13:10:56"
},
{
"kids":[],
"uid":"2810572150",
"parent":"AhZqqC3jc",
"text":"",
"mid":"Aiwxfv0uk",
"date":"2013-11-13 12:21:05"
},
{
"kids":[],
"uid":"2919486132",
"parent":"",
"text":"",
"mid":"AiwrTEQe9",
"date":"2013-11-13 12:07:52"
},
{
"kids":[],
"uid":"2920595480",
"parent":"",
"text":"",
"mid":"Aiwpmc3Mm",
"date":"2013-11-13 12:01:37"
},
{
"kids":[],
"uid":"2803660262",
"parent":"AhZPOF3AR",
"text":"",
"mid":"AiwbFvQ7n",
"date":"2013-11-13 11:27:55"
},
{
"kids":[],
"uid":"3266122441",
"parent":"",
"text":"想到国内的学霸们，估计我开飞机都追不上了。",
"mid":"Aiw8i4fZk",
"date":"2013-11-13 11:19:35"
},
{
"kids":[],
"uid":"2920087690",
"parent":"AhZPOF3AR",
"text":"",
"mid":"AivqMtAxB",
"date":"2013-11-13 09:32:23"
},
{
"kids":[],
"uid":"2696284105",
"parent":"AhZf1uO3Z",
"text":"尽力而为之",
"mid":"AivcwEoOi",
"date":"2013-11-13 08:57:17"
},
{
"kids":[],
"uid":"2359375594",
"parent":"",
"text":"",
"mid":"Aiq8IyITG",
"date":"2013-11-12 20:04:09"
},
{
"kids":[],
"uid":"3266361705",
"parent":"",
"text":"",
"mid":"AioQfv6Ah",
"date":"2013-11-12 16:45:54"
},
{
"kids":[],
"uid":"1724915430",
"parent":"AhZqqC3jc",
"text":"",
"mid":"AimMFsfCZ",
"date":"2013-11-12 11:31:35"
},
{
"kids":[],
"uid":"1777029702",
"parent":"AhZqqC3jc",
"text":"",
"mid":"AilLQys0l",
"date":"2013-11-12 08:56:50"
},
{
"kids":[],
"uid":"1880131264",
"parent":"",
"text":"",
"mid":"AihEHsk2G",
"date":"2013-11-11 22:28:12"
},
{
"kids":[],
"uid":"3026214383",
"parent":"",
"text":"",
"mid":"AieQG7vY4",
"date":"2013-11-11 15:19:31"
},
{
"kids":[],
"uid":"2803316110",
"parent":"Ai2B4i9CY",
"text":"",
"mid":"AidbfCbjc",
"date":"2013-11-11 11:04:41"
},
{
"kids":[],
"uid":"1946271481",
"parent":"",
"text":"",
"mid":"Aid9Tbb5U",
"date":"2013-11-11 11:01:20"
},
{
"kids":[],
"uid":"1582549234",
"parent":"Ai2B4i9CY",
"text":"",
"mid":"AicdMtwe1",
"date":"2013-11-11 08:38:11"
},
{
"kids":[],
"uid":"veniceeeee",
"parent":"Ai7CRmwTY",
"text":"共勉之",
"mid":"Aic86joRu",
"date":"2013-11-11 08:24:11"
},
{
"kids":[],
"uid":"3888738443",
"parent":"",
"text":"",
"mid":"AibO3agdY",
"date":"2013-11-11 07:34:47"
},
{
"kids":[],
"uid":"1887444365",
"parent":"",
"text":"想起了高中老师说过的一句话，青春要无悔！",
"mid":"Ai9gB0EaF",
"date":"2013-11-11 01:06:51"
},
{
"kids":[],
"uid":"2920142151",
"parent":"",
"text":"",
"mid":"Ai8TOuj7I",
"date":"2013-11-11 00:10:45"
},
{
"kids":[],
"uid":"3846113272",
"parent":"",
"text":"",
"mid":"Ai8NBv22x",
"date":"2013-11-10 23:55:27"
},
{
"kids":[],
"uid":"2819131973",
"parent":"",
"text":"转发微博。",
"mid":"Ai8L40fxq",
"date":"2013-11-10 23:49:11"
},
{
"kids":[],
"uid":"3290761323",
"parent":"",
"text":"",
"mid":"Ai8prnH3q",
"date":"2013-11-10 22:55:52"
},
{
"kids":[],
"uid":"2404500821",
"parent":"",
"text":"",
"mid":"Ai8mFDSz8",
"date":"2013-11-10 22:49:05"
},
{
"kids":[],
"uid":"2692721622",
"parent":"",
"text":"",
"mid":"Ai8mf3E8B",
"date":"2013-11-10 22:48:00"
},
{
"kids":[],
"uid":"1957525853",
"parent":"",
"text":"",
"mid":"Ai8h1dG68",
"date":"2013-11-10 22:35:08"
},
{
"kids":[
"AojPv0Kcf",
"AojsUEEhy",
"Aojbdd5RC",
"Ao9SFvS8H",
"Ao9Ltl5I4",
"Ao9FYkm5D",
"AnS2VAjrP",
"AnRW0fS3q",
"AnOvAbkTL",
"AnJCorxgu",
"AnFTalwjN",
"AnFrYxqgW",
"AnrilsZ6q",
"Anrfdlps9",
"Anpdbmvya",
"AnfVKwIpr",
"Ane8AskOi",
"AncZQt6Pj",
"Amv9IBD35",
"AmuuYc04v",
"Amu4FliBD",
"AmsExpYDz",
"AmsmunTOG",
"AmrFYiFkG",
"Amlum9nhQ",
"AmlmHztkk",
"Amjr4riXM",
"Amj3KAFTO",
"Am2QB2riy",
"Am1IUljY2",
"AlZOipJmE",
"AlSx6cxz1",
"AlSfzoiig",
"AlPXAnkKF",
"AlAQSDIlP",
"AlAEKknpA",
"Alzaioct0",
"AlqxBplHc",
"Alpq3BXxL",
"AlnMR8RUR",
"AkYYTjLYJ",
"AkYl04TaB",
"AkXsi7irW",
"AkG9e54ZD",
"AkFkEBrvy",
"AkDC4cFbU",
"AkDoroh4P",
"AkD7ZF9MG",
"Akw9gsEpL",
"AkuMZhlWa",
"AkuEn28II",
"AkuCAua7C",
"AjJNx0sA1",
"AjzOmpn5X",
"AiOeHyCpd"
],
"uid":"2991290077",
"parent":"",
"text":"",
"mid":"Ai89ixpk2",
"date":"2013-11-10 22:16:10"
},
{
"kids":[],
"uid":"ranwei65",
"parent":"",
"text":"@在枫林漂流 @郦桦2011 @海马体里的神经传送素",
"mid":"Ai7KXpXuG",
"date":"2013-11-10 21:16:11"
},
{
"kids":[],
"uid":"1297511055",
"parent":"",
"text":"清华墙上的话，北大，放学后操场上我们单练！",
"mid":"Ai7ErecD1",
"date":"2013-11-10 21:00:05"
},
{
"kids":[
"Aic86joRu"
],
"uid":"2668293843",
"parent":"",
"text":"不断地进步",
"mid":"Ai7CRmwTY",
"date":"2013-11-10 20:56:15"
},
{
"kids":[],
"uid":"206035444",
"parent":"",
"text":"",
"mid":"Ai7AT6zYQ",
"date":"2013-11-10 20:51:20"
},
{
"kids":[],
"uid":"1946634682",
"parent":"",
"text":"我又在荒废了",
"mid":"Ai7tlyBle",
"date":"2013-11-10 20:32:47"
},
{
"kids":[],
"uid":"2261102955",
"parent":"",
"text":"[奥特曼][奥特曼][懒得理你]",
"mid":"Ai7svj72N",
"date":"2013-11-10 20:30:44"
},
{
"kids":[],
"uid":"3107655441",
"parent":"",
"text":"",
"mid":"Ai7pehQNB",
"date":"2013-11-10 20:22:40"
},
{
"kids":[],
"uid":"3292705660",
"parent":"",
"text":"[ok]",
"mid":"Ai7eOnb63",
"date":"2013-11-10 19:56:57"
},
{
"kids":[],
"uid":"2079319163",
"parent":"",
"text":"转发微博。",
"mid":"Ai6WrewF8",
"date":"2013-11-10 19:11:41"
},
{
"kids":[],
"uid":"2848210241",
"parent":"",
"text":"",
"mid":"Ai6T9Ee5m",
"date":"2013-11-10 19:03:38"
},
{
"kids":[],
"uid":"1787750031",
"parent":"",
"text":"",
"mid":"Ai6JC4Rhx",
"date":"2013-11-10 18:40:06"
},
{
"kids":[],
"uid":"2721860523",
"parent":"",
"text":"这几句话从高一就知道了，可是，哎。。。",
"mid":"Ai6Dni47H",
"date":"2013-11-10 18:24:43"
},
{
"kids":[],
"uid":"1864389344",
"parent":"",
"text":"",
"mid":"Ai6ddgY5p",
"date":"2013-11-10 17:20:17"
},
{
"kids":[],
"uid":"2936399073",
"parent":"",
"text":"有点不知所措",
"mid":"Ai66Ytii7",
"date":"2013-11-10 17:04:56"
},
{
"kids":[],
"uid":"1789418771",
"parent":"",
"text":"",
"mid":"Ai5AfCdLm",
"date":"2013-11-10 15:44:19"
},
{
"kids":[],
"uid":"1883928254",
"parent":"",
"text":"",
"mid":"Ai4Weq16Z",
"date":"2013-11-10 14:05:42"
},
{
"kids":[],
"uid":"2176547651",
"parent":"",
"text":"荒废中…",
"mid":"Ai4GLgMOZ",
"date":"2013-11-10 13:27:36"
},
{
"kids":[],
"uid":"2998794981",
"parent":"",
"text":"",
"mid":"Ai4vZqKv2",
"date":"2013-11-10 13:01:02"
},
{
"kids":[],
"uid":"2600243512",
"parent":"",
"text":"",
"mid":"Ai4tNvaz7",
"date":"2013-11-10 12:55:40"
},
{
"kids":[],
"uid":"1305780024",
"parent":"",
"text":"",
"mid":"Ai4sGneJ5",
"date":"2013-11-10 12:52:54"
},
{
"kids":[],
"uid":"2956369290",
"parent":"",
"text":"",
"mid":"Ai4rFqewi",
"date":"2013-11-10 12:50:24"
},
{
"kids":[],
"uid":"1581813892",
"parent":"AhZfqC1il",
"text":"",
"mid":"Ai48e64MJ",
"date":"2013-11-10 12:02:29"
},
{
"kids":[],
"uid":"2808730794",
"parent":"Ai3mYiJPX",
"text":"",
"mid":"Ai42ZDCWb",
"date":"2013-11-10 11:49:37"
},
{
"kids":[],
"uid":"3738604227",
"parent":"",
"text":"",
"mid":"Ai3ZOfFKI",
"date":"2013-11-10 11:41:47"
},
{
"kids":[],
"uid":"2622199044",
"parent":"",
"text":"",
"mid":"Ai3ZqkxmT",
"date":"2013-11-10 11:40:49"
},
{
"kids":[],
"uid":"2708421171",
"parent":"",
"text":"",
"mid":"Ai3YOflaw",
"date":"2013-11-10 11:39:19"
},
{
"kids":[],
"uid":"534100678",
"parent":"",
"text":"",
"mid":"Ai3X17f54",
"date":"2013-11-10 11:34:53"
},
{
"kids":[],
"uid":"1951656615",
"parent":"",
"text":"",
"mid":"Ai3Uxc4RU",
"date":"2013-11-10 11:28:46"
},
{
"kids":[],
"uid":"3733897381",
"parent":"",
"text":"",
"mid":"Ai3Sld683",
"date":"2013-11-10 11:23:23"
},
{
"kids":[],
"uid":"1977614302",
"parent":"",
"text":"",
"mid":"Ai3FwFH8y",
"date":"2013-11-10 10:51:49"
},
{
"kids":[],
"uid":"3300875105",
"parent":"",
"text":"#",
"mid":"Ai3D1eZXj",
"date":"2013-11-10 10:45:37"
},
{
"kids":[],
"uid":"2097036563",
"parent":"",
"text":"",
"mid":"Ai3CqfJly",
"date":"2013-11-10 10:44:10"
},
{
"kids":[],
"uid":"2955257161",
"parent":"",
"text":"我荒废的今日，正是昨天殒身之人祈求的明天",
"mid":"Ai3AQdMLS",
"date":"2013-11-10 10:40:16"
},
{
"kids":[],
"uid":"1102578227",
"parent":"",
"text":"",
"mid":"Ai3z6DdMv",
"date":"2013-11-10 10:36:00"
},
{
"kids":[],
"uid":"2805385394",
"parent":"",
"text":"",
"mid":"Ai3qngkwm",
"date":"2013-11-10 10:14:27"
},
{
"kids":[
"Aj7kbyTSy",
"Aj6gmfO6w",
"Ai42ZDCWb"
],
"uid":"3278819314",
"parent":"",
"text":"",
"mid":"Ai3mYiJPX",
"date":"2013-11-10 10:06:06"
},
{
"kids":[],
"uid":"2804761220",
"parent":"Ai2E9dyYz",
"text":"",
"mid":"Ai3kPAQm2",
"date":"2013-11-10 10:00:49"
},
{
"kids":[],
"uid":"2045219137",
"parent":"",
"text":"嗯",
"mid":"Ai3jqqbOl",
"date":"2013-11-10 09:57:22"
},
{
"kids":[],
"uid":"2310761264",
"parent":"",
"text":"",
"mid":"Ai3iKufVf",
"date":"2013-11-10 09:55:42"
},
{
"kids":[],
"uid":"mengyu5945",
"parent":"",
"text":"励志[妖怪]",
"mid":"Ai3iz1bei",
"date":"2013-11-10 09:55:13"
},
{
"kids":[],
"uid":"2930790155",
"parent":"",
"text":"",
"mid":"Ai3guqXPe",
"date":"2013-11-10 09:50:07"
},
{
"kids":[],
"uid":"2517882934",
"parent":"",
"text":"",
"mid":"Ai3g1cvws",
"date":"2013-11-10 09:48:58"
},
{
"kids":[],
"uid":"2834162904",
"parent":"",
"text":"学霸的霸气~~~",
"mid":"Ai3a7C2Sk",
"date":"2013-11-10 09:34:27"
},
{
"kids":[],
"uid":"2819615292",
"parent":"",
"text":"珍惜时间",
"mid":"Ai36UaOoo",
"date":"2013-11-10 09:26:31"
},
{
"kids":[],
"uid":"2975961153",
"parent":"",
"text":"",
"mid":"Ai35n52Pg",
"date":"2013-11-10 09:22:43"
},
{
"kids":[],
"uid":"1708461850",
"parent":"",
"text":"",
"mid":"Ai33SfN3M",
"date":"2013-11-10 09:19:03"
},
{
"kids":[],
"uid":"llxiyuan",
"parent":"",
"text":"",
"mid":"Ai32qqvhh",
"date":"2013-11-10 09:15:29"
},
{
"kids":[],
"uid":"3559976212",
"parent":"",
"text":"@我的印象笔记",
"mid":"Ai327f5uk",
"date":"2013-11-10 09:14:43"
},
{
"kids":[],
"uid":"cmf20",
"parent":"",
"text":"请享受无法回避的痛苦",
"mid":"Ai2ZV01n8",
"date":"2013-11-10 09:09:18"
},
{
"kids":[],
"uid":"2820514510",
"parent":"",
"text":"",
"mid":"Ai2Xlsx8p",
"date":"2013-11-10 09:02:57"
},
{
"kids":[],
"uid":"2840429015",
"parent":"",
"text":"",
"mid":"Ai2Ul0qW7",
"date":"2013-11-10 08:55:32"
},
{
"kids":[],
"uid":"3537355934",
"parent":"",
"text":"",
"mid":"Ai2UikGRr",
"date":"2013-11-10 08:55:26"
},
{
"kids":[],
"uid":"2692651710",
"parent":"",
"text":"@梦游的孩子丶 中大！[给劲]",
"mid":"Ai2SG7XCu",
"date":"2013-11-10 08:51:27"
},
{
"kids":[],
"uid":"2785876192",
"parent":"",
"text":"It is me for myself.",
"mid":"Ai2SB9I5G",
"date":"2013-11-10 08:51:16"
},
{
"kids":[],
"uid":"2537997881",
"parent":"",
"text":"",
"mid":"Ai2Sr3HXU",
"date":"2013-11-10 08:50:52"
},
{
"kids":[],
"uid":"3608123387",
"parent":"",
"text":"嗯哪",
"mid":"Ai2RmB7K8",
"date":"2013-11-10 08:48:14"
},
{
"kids":[],
"uid":"2235129624",
"parent":"",
"text":"",
"mid":"Ai2Qz00iV",
"date":"2013-11-10 08:46:15"
},
{
"kids":[],
"uid":"2459255407",
"parent":"",
"text":"",
"mid":"Ai2LMhUMn",
"date":"2013-11-10 08:34:27"
},
{
"kids":[],
"uid":"2789688107",
"parent":"",
"text":"今天不走，明天要跑，所以努力吧，[做鬼脸]",
"mid":"Ai2LstK0E",
"date":"2013-11-10 08:33:40"
},
{
"kids":[],
"uid":"3327043490",
"parent":"",
"text":"",
"mid":"Ai2Jc9gL3",
"date":"2013-11-10 08:28:06"
},
{
"kids":[
"AjDXxcL0n",
"AjAqagptF",
"Ajz6ErV3s",
"AiOUp7Yhd"
],
"uid":"2931587047",
"parent":"",
"text":"",
"mid":"Ai2I752x1",
"date":"2013-11-10 08:25:26"
},
{
"kids":[],
"uid":"3459849674",
"parent":"",
"text":"[奥特曼][奥特曼]",
"mid":"Ai2I3c8V8",
"date":"2013-11-10 08:25:16"
},
{
"kids":[],
"uid":"1969850213",
"parent":"",
"text":"",
"mid":"Ai2FXsdtd",
"date":"2013-11-10 08:20:08"
},
{
"kids":[
"AjJ3xsBFr",
"AjIA0BNSs",
"AiXxvvE4z",
"AiOAmiC1C",
"Ai3kPAQm2"
],
"uid":"2513603260",
"parent":"",
"text":"",
"mid":"Ai2E9dyYz",
"date":"2013-11-10 08:15:39"
},
{
"kids":[],
"uid":"xiaoxingougou",
"parent":"",
"text":"",
"mid":"Ai2CX4IPS",
"date":"2013-11-10 08:12:42"
},
{
"kids":[],
"uid":"1268569677",
"parent":"",
"text":"喜欢",
"mid":"Ai2CpkBHc",
"date":"2013-11-10 08:11:23"
},
{
"kids":[],
"uid":"2261433084",
"parent":"",
"text":"",
"mid":"Ai2CjpaPI",
"date":"2013-11-10 08:11:08"
},
{
"kids":[],
"uid":"1752477821",
"parent":"",
"text":"",
"mid":"Ai2Ceq2ft",
"date":"2013-11-10 08:10:56"
},
{
"kids":[
"AidbfCbjc",
"AicdMtwe1"
],
"uid":"3890126266",
"parent":"",
"text":"",
"mid":"Ai2B4i9CY",
"date":"2013-11-10 08:08:04"
},
{
"kids":[],
"uid":"sjapple65",
"parent":"",
"text":"",
"mid":"Ai2AnqmG6",
"date":"2013-11-10 08:06:23"
},
{
"kids":[],
"uid":"2990713783",
"parent":"",
"text":"[",
"mid":"Ai2zN9VJb",
"date":"2013-11-10 08:04:55"
},
{
"kids":[],
"uid":"3890235720",
"parent":"",
"text":"",
"mid":"Ai2zegH3n",
"date":"2013-11-10 08:03:33"
},
{
"kids":[],
"uid":"1817478727",
"parent":"",
"text":"",
"mid":"Ai2ySohXg",
"date":"2013-11-10 08:02:40"
},
{
"kids":[],
"uid":"1824472151",
"parent":"",
"text":"",
"mid":"Ai2yzrU4R",
"date":"2013-11-10 08:01:55"
},
{
"kids":[],
"uid":"3290230613",
"parent":"",
"text":"谁也不可能轻易成功，它来自彻底的自我管理和毅力@L思思_要停下脚步抬头看@钱小妞妞爱贪心 @追风筝的孩子之歌 @独行小乐 @吴姥姥的姥姥",
"mid":"Ai2yqlcPm",
"date":"2013-11-10 08:01:33"
},
{
"kids":[],
"uid":"1891459900",
"parent":"",
"text":"@cappuction",
"mid":"Ai2trwCjJ",
"date":"2013-11-10 07:49:18"
},
{
"kids":[],
"uid":"2739067317",
"parent":"",
"text":"",
"mid":"Ai2tp9b2D",
"date":"2013-11-10 07:49:12"
},
{
"kids":[],
"uid":"2530918171",
"parent":"",
"text":"",
"mid":"Ai2sFkone",
"date":"2013-11-10 07:47:23"
},
{
"kids":[],
"uid":"2155054203",
"parent":"",
"text":"",
"mid":"Ai2q0uDPa",
"date":"2013-11-10 07:40:50"
},
{
"kids":[],
"uid":"2058944714",
"parent":"",
"text":"",
"mid":"Ai2oktuMV",
"date":"2013-11-10 07:36:42"
},
{
"kids":[],
"uid":"3044183794",
"parent":"",
"text":"",
"mid":"Ai2nK6ExF",
"date":"2013-11-10 07:35:14"
},
{
"kids":[],
"uid":"2749981957",
"parent":"",
"text":"",
"mid":"Ai2iZwmC7",
"date":"2013-11-10 07:23:33"
},
{
"kids":[],
"uid":"3295867875",
"parent":"",
"text":"",
"mid":"Ai2iusGBk",
"date":"2013-11-10 07:22:19"
},
{
"kids":[],
"uid":"3281878960",
"parent":"",
"text":"",
"mid":"Ai2ghnsi5",
"date":"2013-11-10 07:16:51"
},
{
"kids":[],
"uid":"2954494224",
"parent":"",
"text":"",
"mid":"Ai29PhBME",
"date":"2013-11-10 07:00:58"
},
{
"kids":[],
"uid":"3769472817",
"parent":"",
"text":"@珊_巧克力",
"mid":"Ai24g9SZd",
"date":"2013-11-10 06:47:15"
},
{
"kids":[],
"uid":"2159095947",
"parent":"",
"text":"",
"mid":"Ai225FAGz",
"date":"2013-11-10 06:41:55"
},
{
"kids":[],
"uid":"1683469380",
"parent":"",
"text":"",
"mid":"Ai1Z9mshH",
"date":"2013-11-10 06:34:40"
},
{
"kids":[],
"uid":"2394950024",
"parent":"",
"text":"",
"mid":"Ai1Z223eb",
"date":"2013-11-10 06:34:22"
},
{
"kids":[],
"uid":"1890974625",
"parent":"",
"text":"",
"mid":"Ai1XCwI9Q",
"date":"2013-11-10 06:30:53"
},
{
"kids":[],
"uid":"1820746904",
"parent":"",
"text":"",
"mid":"Ai1XzhN8k",
"date":"2013-11-10 06:30:46"
},
{
"kids":[],
"uid":"1861943330",
"parent":"",
"text":"",
"mid":"Ai1OJ99Lu",
"date":"2013-11-10 06:08:58"
},
{
"kids":[],
"uid":"2133711294",
"parent":"",
"text":"",
"mid":"Ai1IS10yK",
"date":"2013-11-10 05:54:32"
},
{
"kids":[],
"uid":"3512426691",
"parent":"",
"text":"",
"mid":"Ai1Fi4PCT",
"date":"2013-11-10 05:45:43"
},
{
"kids":[],
"uid":"2280337600",
"parent":"",
"text":"",
"mid":"Ai1zprZkk",
"date":"2013-11-10 05:31:15"
},
{
"kids":[],
"uid":"1949330831",
"parent":"",
"text":"",
"mid":"Ai10luBC5",
"date":"2013-11-10 04:04:52"
},
{
"kids":[],
"uid":"208882019",
"parent":"",
"text":"",
"mid":"Ai0VE8Y8F",
"date":"2013-11-10 03:53:17"
},
{
"kids":[],
"uid":"jmh3129",
"parent":"",
"text":"",
"mid":"Ai0TjlZRy",
"date":"2013-11-10 03:47:32"
},
{
"kids":[],
"uid":"2446071404",
"parent":"",
"text":"",
"mid":"Ai0P4lQdy",
"date":"2013-11-10 03:37:05"
},
{
"kids":[],
"uid":"2627874433",
"parent":"",
"text":"",
"mid":"Ai0LebEpy",
"date":"2013-11-10 03:27:37"
},
{
"kids":[],
"uid":"1985441575",
"parent":"",
"text":"[威武]",
"mid":"Ai0KX3nSF",
"date":"2013-11-10 03:26:56"
},
{
"kids":[
"AiFWltoaY"
],
"uid":"3275488184",
"parent":"",
"text":"",
"mid":"Ai0s8stft",
"date":"2013-11-10 02:40:35"
},
{
"kids":[],
"uid":"3028394680",
"parent":"",
"text":"",
"mid":"Ai0mDpi9p",
"date":"2013-11-10 02:27:02"
},
{
"kids":[],
"uid":"2647613997",
"parent":"",
"text":"",
"mid":"Ai0lqpccR",
"date":"2013-11-10 02:24:03"
},
{
"kids":[],
"uid":"2751100457",
"parent":"",
"text":"",
"mid":"Ai0k30LB8",
"date":"2013-11-10 02:20:39"
},
{
"kids":[],
"uid":"3169171065",
"parent":"",
"text":"",
"mid":"Ai0hw87d5",
"date":"2013-11-10 02:14:25"
},
{
"kids":[],
"uid":"2606894992",
"parent":"",
"text":"",
"mid":"Ai0gfdvXM",
"date":"2013-11-10 02:11:17"
},
{
"kids":[],
"uid":"2126826621",
"parent":"",
"text":"",
"mid":"Ai0gb22u9",
"date":"2013-11-10 02:11:07"
},
{
"kids":[],
"uid":"2597609714",
"parent":"",
"text":"",
"mid":"Ai0cDdwzl",
"date":"2013-11-10 02:02:23"
},
{
"kids":[],
"uid":"1927152460",
"parent":"",
"text":"",
"mid":"Ai09yBYhU",
"date":"2013-11-10 01:54:49"
},
{
"kids":[],
"uid":"537677897",
"parent":"",
"text":"",
"mid":"Ai09qAPLj",
"date":"2013-11-10 01:54:29"
},
{
"kids":[],
"uid":"3375068954",
"parent":"",
"text":"",
"mid":"Ai06DcAbH",
"date":"2013-11-10 01:47:36"
},
{
"kids":[],
"uid":"2805836934",
"parent":"",
"text":"",
"mid":"Ai05bENlG",
"date":"2013-11-10 01:44:03"
},
{
"kids":[],
"uid":"yunqiass",
"parent":"",
"text":"",
"mid":"Ai02yfY5T",
"date":"2013-11-10 01:37:33"
},
{
"kids":[],
"uid":"guobiao520",
"parent":"",
"text":"",
"mid":"Ai01gbLWX",
"date":"2013-11-10 01:34:22"
},
{
"kids":[],
"uid":"1844009255",
"parent":"",
"text":"",
"mid":"Ai01br5Vz",
"date":"2013-11-10 01:34:11"
},
{
"kids":[],
"uid":"2512174202",
"parent":"",
"text":"",
"mid":"AhZZD8281",
"date":"2013-11-10 01:30:21"
},
{
"kids":[],
"uid":"1719835802",
"parent":"",
"text":"",
"mid":"AhZYVoA5Y",
"date":"2013-11-10 01:28:37"
},
{
"kids":[],
"uid":"3770088250",
"parent":"",
"text":"请享受无法回避的痛苦",
"mid":"AhZV9DNQs",
"date":"2013-11-10 01:19:20"
},
{
"kids":[],
"uid":"2619123475",
"parent":"",
"text":"🕧",
"mid":"AhZTTEchJ",
"date":"2013-11-10 01:16:14"
},
{
"kids":[],
"uid":"1878117873",
"parent":"",
"text":"",
"mid":"AhZTS950L",
"date":"2013-11-10 01:16:10"
},
{
"kids":[],
"uid":"2306544913",
"parent":"",
"text":"",
"mid":"AhZSVBhnv",
"date":"2013-11-10 01:13:51"
},
{
"kids":[],
"uid":"zhaoliliang",
"parent":"",
"text":"",
"mid":"AhZS023Vt",
"date":"2013-11-10 01:11:32"
},
{
"kids":[],
"uid":"1737133917",
"parent":"",
"text":"现在流的口水将成为明天的脂肪@张阿绵准备考试了 @我真的只想再活五百年喵",
"mid":"AhZRQxz4I",
"date":"2013-11-10 01:11:11"
},
{
"kids":[],
"uid":"2372833400",
"parent":"",
"text":"",
"mid":"AhZQDwkcW",
"date":"2013-11-10 01:08:12"
},
{
"kids":[
"Ajq6BzyPC",
"AiEeU2301",
"AiwbFvQ7n",
"AivqMtAxB"
],
"uid":"3161959882",
"parent":"",
"text":"",
"mid":"AhZPOF3AR",
"date":"2013-11-10 01:06:11"
},
{
"kids":[],
"uid":"zszk",
"parent":"",
"text":"",
"mid":"AhZOG62aH",
"date":"2013-11-10 01:03:22"
},
{
"kids":[],
"uid":"2798109657",
"parent":"",
"text":"",
"mid":"AhZOw2sEV",
"date":"2013-11-10 01:02:58"
},
{
"kids":[],
"uid":"2571162144",
"parent":"",
"text":"",
"mid":"AhZNt2p0c",
"date":"2013-11-10 01:00:23"
},
{
"kids":[],
"uid":"1817015623",
"parent":"",
"text":"",
"mid":"AhZNq3SU0",
"date":"2013-11-10 01:00:16"
},
{
"kids":[],
"uid":"3099629945",
"parent":"",
"text":"",
"mid":"AhZMwvn8H",
"date":"2013-11-10 00:58:04"
},
{
"kids":[],
"uid":"2928175445",
"parent":"",
"text":"",
"mid":"AhZM1vjYy",
"date":"2013-11-10 00:56:50"
},
{
"kids":[],
"uid":"1831555054",
"parent":"",
"text":"@麦尕 @芭比娃娃很cute @老顽童happyeveryday @巧克力夹心米果果",
"mid":"AhZLh5gVT",
"date":"2013-11-10 00:54:58"
},
{
"kids":[],
"uid":"2675226323",
"parent":"",
"text":"",
"mid":"AhZKAek2r",
"date":"2013-11-10 00:53:17"
},
{
"kids":[],
"uid":"3167513087",
"parent":"",
"text":"",
"mid":"AhZJwDoae",
"date":"2013-11-10 00:50:39"
},
{
"kids":[],
"uid":"1738089410",
"parent":"",
"text":"",
"mid":"AhZJ5saL8",
"date":"2013-11-10 00:49:35"
},
{
"kids":[],
"uid":"2958988631",
"parent":"",
"text":"学霸的世界",
"mid":"AhZITleuz",
"date":"2013-11-10 00:49:08"
},
{
"kids":[],
"uid":"1694362660",
"parent":"",
"text":"",
"mid":"AhZIgDnAZ",
"date":"2013-11-10 00:47:36"
},
{
"kids":[],
"uid":"1946211443",
"parent":"",
"text":"",
"mid":"AhZI9ggsi",
"date":"2013-11-10 00:47:18"
},
{
"kids":[],
"uid":"3264387440",
"parent":"",
"text":"我荒废的今日，正是昨天殒身之人祈求的明天",
"mid":"AhZELrSjU",
"date":"2013-11-10 00:38:56"
},
{
"kids":[],
"uid":"2136225423",
"parent":"",
"text":"",
"mid":"AhZE3pRjj",
"date":"2013-11-10 00:37:11"
},
{
"kids":[],
"uid":"1943942845",
"parent":"",
"text":"",
"mid":"AhZDa8J5c",
"date":"2013-11-10 00:34:59"
},
{
"kids":[],
"uid":"3863999204",
"parent":"",
"text":"老师交给我们的  死后必然长眠  现在何必久睡",
"mid":"AhZCY4gLZ",
"date":"2013-11-10 00:34:32"
},
{
"kids":[],
"uid":"3194598235",
"parent":"",
"text":"",
"mid":"AhZCUdGuA",
"date":"2013-11-10 00:34:19"
},
{
"kids":[],
"uid":"1668314010",
"parent":"",
"text":"",
"mid":"AhZCGkItH",
"date":"2013-11-10 00:33:47"
},
{
"kids":[],
"uid":"WUCHENGJIEME",
"parent":"",
"text":"",
"mid":"AhZBxq70R",
"date":"2013-11-10 00:30:58"
},
{
"kids":[],
"uid":"1678133281",
"parent":"",
"text":"",
"mid":"AhZAPkMmr",
"date":"2013-11-10 00:29:15"
},
{
"kids":[],
"uid":"2122382614",
"parent":"",
"text":"有没有一种痛心疾首的感觉，但我觉得懒惰还是会打败我……哎……",
"mid":"AhZAvhT3V",
"date":"2013-11-10 00:28:27"
},
{
"kids":[],
"uid":"1624301350",
"parent":"",
"text":"转发微博。",
"mid":"AhZA6cf3h",
"date":"2013-11-10 00:27:27"
},
{
"kids":[],
"uid":"loveingyingying",
"parent":"",
"text":"[呵呵]",
"mid":"AhZzJ9ac1",
"date":"2013-11-10 00:26:32"
},
{
"kids":[],
"uid":"2603546231",
"parent":"",
"text":"",
"mid":"AhZy5tVXA",
"date":"2013-11-10 00:22:29"
},
{
"kids":[],
"uid":"1284728503",
"parent":"",
"text":"",
"mid":"AhZxrhQUc",
"date":"2013-11-10 00:20:52"
},
{
"kids":[],
"uid":"1790601223",
"parent":"",
"text":"转发微博。",
"mid":"AhZwohwtP",
"date":"2013-11-10 00:18:17"
},
{
"kids":[],
"uid":"1913079374",
"parent":"",
"text":"",
"mid":"AhZvYg12z",
"date":"2013-11-10 00:17:18"
},
{
"kids":[],
"uid":"2721273315",
"parent":"",
"text":"",
"mid":"AhZvTwcg7",
"date":"2013-11-10 00:17:06"
},
{
"kids":[],
"uid":"1765868134",
"parent":"",
"text":"[good]",
"mid":"AhZvxowpG",
"date":"2013-11-10 00:16:09"
},
{
"kids":[],
"uid":"2386615724",
"parent":"",
"text":"铭记！",
"mid":"AhZvx3ciq",
"date":"2013-11-10 00:16:12"
},
{
"kids":[],
"uid":"2747921391",
"parent":"",
"text":"",
"mid":"AhZv5B9v9",
"date":"2013-11-10 00:15:05"
},
{
"kids":[],
"uid":"2854415230",
"parent":"",
"text":"",
"mid":"AhZuOqL93",
"date":"2013-11-10 00:14:26"
},
{
"kids":[],
"uid":"1851710453",
"parent":"",
"text":"每一秒都在与自己博弈。",
"mid":"AhZuFklK4",
"date":"2013-11-10 00:14:05"
},
{
"kids":[],
"uid":"3143128923",
"parent":"",
"text":"轉發微博",
"mid":"AhZuDxQrr",
"date":"2013-11-10 00:14:00"
},
{
"kids":[],
"uid":"2132131417",
"parent":"",
"text":"",
"mid":"AhZuu6yzk",
"date":"2013-11-10 00:13:37"
},
{
"kids":[],
"uid":"tasuke",
"parent":"",
"text":"No Nuli Just Die.",
"mid":"AhZubabtS",
"date":"2013-11-10 00:12:51"
},
{
"kids":[],
"uid":"3225918690",
"parent":"",
"text":"",
"mid":"AhZtZDsqs",
"date":"2013-11-10 00:12:25"
},
{
"kids":[],
"uid":"2349812724",
"parent":"",
"text":"请享受无法避免的痛苦。",
"mid":"AhZtIwiLE",
"date":"2013-11-10 00:11:42"
},
{
"kids":[],
"uid":"2355363191",
"parent":"",
"text":"",
"mid":"AhZtqbBgv",
"date":"2013-11-10 00:11:00"
},
{
"kids":[],
"uid":"2867367010",
"parent":"",
"text":"",
"mid":"AhZtgFOZi",
"date":"2013-11-10 00:10:37"
},
{
"kids":[],
"uid":"2512321454",
"parent":"",
"text":"明天要跑啦",
"mid":"AhZsT6Mi6",
"date":"2013-11-10 00:09:41"
},
{
"kids":[],
"uid":"huxin0505",
"parent":"",
"text":"",
"mid":"AhZsy8KBt",
"date":"2013-11-10 00:08:48"
},
{
"kids":[],
"uid":"dai0611",
"parent":"",
"text":"",
"mid":"AhZs8lZGm",
"date":"2013-11-10 00:07:50"
},
{
"kids":[],
"uid":"2960856753",
"parent":"",
"text":"",
"mid":"AhZrQ4lj0",
"date":"2013-11-10 00:07:07"
},
{
"kids":[],
"uid":"2178050957",
"parent":"",
"text":"",
"mid":"AhZrlBN8v",
"date":"2013-11-10 00:05:54"
},
{
"kids":[],
"uid":"3078400870",
"parent":"",
"text":"",
"mid":"AhZqRvS8H",
"date":"2013-11-10 00:04:41"
},
{
"kids":[],
"uid":"3017044111",
"parent":"",
"text":"花花加油",
"mid":"AhZqKEYPp",
"date":"2013-11-10 00:04:27"
},
{
"kids":[],
"uid":"2827471455",
"parent":"",
"text":"",
"mid":"AhZqEvAhw",
"date":"2013-11-10 00:04:11"
},
{
"kids":[
"AoTlRz0iP",
"AoTks6vrQ",
"AoSydr8PA",
"AoSrNFFGe",
"AoN0tnpRZ",
"AoLUth1vT",
"AoKIclFb6",
"AoKpssJTW",
"AosQZ6d0B",
"AorUUeO4K",
"AoqOD0OcB",
"Aoqms5CD5",
"AokfUArFR",
"Aok8d5zfo",
"AohKwmOyc",
"AoaggugAh",
"Ao8BuwcnR",
"Ao2xTnKas",
"Ao26zkBQI",
"AnRNf9vq9",
"AnQeYuLNE",
"An7fblljR",
"An6ZMB4fD",
"An6oS0Zbf",
"An5Hs4DoA",
"An49J7vPp",
"AmY05B5HS",
"AmWXtk33F",
"AmVr79oHP",
"Amugmud5y",
"Amt1QnQs1",
"AmkWsAaex",
"AmjrurJJ0",
"Amjiux6Dd",
"Amc3O3bxs",
"Am9tl8Pfu",
"Am2mk3O0V",
"AlZynbzGD",
"AlhZdiF49",
"Alhs7FKTq",
"AlfDzlToU",
"Alfn44p3W",
"Alfjurj6E",
"AleFguqLL",
"Al7sDlFUp",
"Al6TR8Ds2",
"Al5MOE0Sb",
"Al5ut0xik",
"AkOJ0cyL6",
"AkOtj8VJ9",
"AkOoM78UR",
"AkFrUBTZQ",
"AkEjaEamq",
"AkDE9C1B0",
"Akwt7u5dY",
"Akv90a5Or",
"Aku7di57H",
"AkmI3zMyY",
"AkkxuD7PS",
"AkciIsTtr",
"Akbb1uekW",
"AkaSopIS2",
"Akawlcp81",
"AkahFlnuW",
"AkahC6rIg",
"AjshPio1N",
"Ajpd9fN4s",
"AjgZGDbkn",
"Aiwxfv0uk",
"AimMFsfCZ",
"AilLQys0l"
],
"uid":"1993711593",
"parent":"",
"text":"",
"mid":"AhZqqC3jc",
"date":"2013-11-10 00:03:36"
},
{
"kids":[],
"uid":"2802988560",
"parent":"",
"text":"",
"mid":"AhZqbwxVc",
"date":"2013-11-10 00:03:02"
},
{
"kids":[],
"uid":"3082422681",
"parent":"",
"text":"",
"mid":"AhZpx29SJ",
"date":"2013-11-10 00:01:23"
},
{
"kids":[],
"uid":"1919286474",
"parent":"",
"text":"",
"mid":"AhZpe9lPs",
"date":"2013-11-10 00:00:38"
},
{
"kids":[],
"uid":"1965532891",
"parent":"",
"text":"",
"mid":"AhZoXBlMx",
"date":"2013-11-09 23:59:59"
},
{
"kids":[],
"uid":"3188700857",
"parent":"",
"text":"",
"mid":"AhZoX293m",
"date":"2013-11-09 23:59:59"
},
{
"kids":[],
"uid":"2471797584",
"parent":"",
"text":"",
"mid":"AhZogbZ2E",
"date":"2013-11-09 23:58:14"
},
{
"kids":[],
"uid":"1413680362",
"parent":"",
"text":"晚安",
"mid":"AhZoeFSSX",
"date":"2013-11-09 23:58:14"
},
{
"kids":[],
"uid":"2723481631",
"parent":"",
"text":"",
"mid":"AhZnDbjzX",
"date":"2013-11-09 23:56:45"
},
{
"kids":[],
"uid":"1724317433",
"parent":"",
"text":"[奥特曼]",
"mid":"AhZnuyHfF",
"date":"2013-11-09 23:56:24"
},
{
"kids":[],
"uid":"1890174451",
"parent":"",
"text":"",
"mid":"AhZnsd0SA",
"date":"2013-11-09 23:56:18"
},
{
"kids":[],
"uid":"3178474674",
"parent":"",
"text":"",
"mid":"AhZn87nls",
"date":"2013-11-09 23:55:29"
},
{
"kids":[],
"uid":"3267753632",
"parent":"",
"text":"",
"mid":"AhZmWk35s",
"date":"2013-11-09 23:55:02"
},
{
"kids":[],
"uid":"2278157222",
"parent":"",
"text":"",
"mid":"AhZmRA8uK",
"date":"2013-11-09 23:54:49"
},
{
"kids":[],
"uid":"3729982461",
"parent":"",
"text":"一切皆有可能。加油！",
"mid":"AhZmQ7L97",
"date":"2013-11-09 23:54:47"
},
{
"kids":[],
"uid":"2983994085",
"parent":"",
"text":"",
"mid":"AhZmPw2Bg",
"date":"2013-11-09 23:54:44"
},
{
"kids":[],
"uid":"3829344579",
"parent":"",
"text":"",
"mid":"AhZmvqhUi",
"date":"2013-11-09 23:53:58"
},
{
"kids":[],
"uid":"1984883843",
"parent":"",
"text":"",
"mid":"AhZmf99qt",
"date":"2013-11-09 23:53:18"
},
{
"kids":[],
"uid":"2708039852",
"parent":"",
"text":"安！",
"mid":"AhZlZthJJ",
"date":"2013-11-09 23:52:42"
},
{
"kids":[],
"uid":"3514643500",
"parent":"",
"text":"",
"mid":"AhZlVD2i0",
"date":"2013-11-09 23:52:31"
},
{
"kids":[],
"uid":"2788551664",
"parent":"",
"text":"转！",
"mid":"AhZlPaGJv",
"date":"2013-11-09 23:52:18"
},
{
"kids":[],
"uid":"679864234",
"parent":"",
"text":"s",
"mid":"AhZlDjSHS",
"date":"2013-11-09 23:51:49"
},
{
"kids":[],
"uid":"2509084474",
"parent":"",
"text":"",
"mid":"AhZlCs4mM",
"date":"2013-11-09 23:51:47"
},
{
"kids":[],
"uid":"1827618865",
"parent":"AhZkraFW9",
"text":"",
"mid":"AhZlxqD4R",
"date":"2013-11-09 23:51:32"
},
{
"kids":[],
"uid":"2063331950",
"parent":"",
"text":"",
"mid":"AhZlowWsS",
"date":"2013-11-09 23:51:12"
},
{
"kids":[],
"uid":"2695874891",
"parent":"",
"text":"",
"mid":"AhZld1GjM",
"date":"2013-11-09 23:50:46"
},
{
"kids":[],
"uid":"3815200600",
"parent":"",
"text":"古人云，知错能改善莫大焉！ 曰，回头是岸！逝去的别再惋惜，察觉了错误所在便是美好的开始……",
"mid":"AhZl1wDbo",
"date":"2013-11-09 23:50:20"
},
{
"kids":[],
"uid":"1359770551",
"parent":"",
"text":"[微风][微风][微风]",
"mid":"AhZkWwhBa",
"date":"2013-11-09 23:50:07"
},
{
"kids":[],
"uid":"3447594164",
"parent":"",
"text":"",
"mid":"AhZkEtulV",
"date":"2013-11-09 23:49:24"
},
{
"kids":[
"AhZlxqD4R"
],
"uid":"1789409625",
"parent":"",
"text":"今天不走，明天要跑，跑的时候还略带扑街。",
"mid":"AhZkraFW9",
"date":"2013-11-09 23:48:52"
},
{
"kids":[],
"uid":"2558179507",
"parent":"",
"text":"",
"mid":"AhZk5h9Nr",
"date":"2013-11-09 23:48:00"
},
{
"kids":[],
"uid":"1839821310",
"parent":"",
"text":"哈佛墙上的话：我荒废的今日，正是昨天殒身之人祈求的明天；请享受无法回避的痛苦；觉得自己为时已晚的时候，恰恰是最早的时候；谁也不可能轻易成功，它来自彻底的自我管理和毅力；现在流的口水，将成为明天的眼泪；今天不走，明天要跑；即使此刻，对手也在不停地翻动书页。",
"mid":"AhZk23CTH",
"date":"2013-11-09 23:47:49"
},
{
"kids":[],
"uid":"1760745391",
"parent":"",
"text":"",
"mid":"AhZjJ9ziO",
"date":"2013-11-09 23:47:06"
},
{
"kids":[],
"uid":"3044314297",
"parent":"",
"text":"对手在努力，我在干嘛？",
"mid":"AhZjzmdMf",
"date":"2013-11-09 23:46:45"
},
{
"kids":[],
"uid":"2031163913",
"parent":"",
"text":"",
"mid":"AhZjsAmeQ",
"date":"2013-11-09 23:46:26"
},
{
"kids":[],
"uid":"3109945653",
"parent":"",
"text":"",
"mid":"AhZjcCMXa",
"date":"2013-11-09 23:45:51"
},
{
"kids":[],
"uid":"2809594732",
"parent":"",
"text":"",
"mid":"AhZiSgwvA",
"date":"2013-11-09 23:45:01"
},
{
"kids":[],
"uid":"3145400262",
"parent":"",
"text":"",
"mid":"AhZio5aKl",
"date":"2013-11-09 23:43:49"
},
{
"kids":[],
"uid":"1620146990",
"parent":"",
"text":"",
"mid":"AhZhY6fWH",
"date":"2013-11-09 23:42:48"
},
{
"kids":[],
"uid":"2934082065",
"parent":"",
"text":"对手在不停地翻动书页",
"mid":"AhZhPgt1J",
"date":"2013-11-09 23:42:26"
},
{
"kids":[
"AlV67hHHJ"
],
"uid":"3301651647",
"parent":"",
"text":"哈佛图书馆",
"mid":"AhZhHhGe9",
"date":"2013-11-09 23:42:08"
},
{
"kids":[],
"uid":"2367285712",
"parent":"",
"text":"",
"mid":"AhZhrBI2p",
"date":"2013-11-09 23:41:30"
},
{
"kids":[],
"uid":"1876567340",
"parent":"",
"text":"",
"mid":"AhZhpeXJE",
"date":"2013-11-09 23:41:22"
},
{
"kids":[],
"uid":"1692287921",
"parent":"",
"text":"",
"mid":"AhZhmygiY",
"date":"2013-11-09 23:41:19"
},
{
"kids":[],
"uid":"1559779573",
"parent":"",
"text":"",
"mid":"AhZhl6LH5",
"date":"2013-11-09 23:41:12"
},
{
"kids":[],
"uid":"2520950465",
"parent":"",
"text":"",
"mid":"AhZh7eoG0",
"date":"2013-11-09 23:40:39"
},
{
"kids":[],
"uid":"3814959375",
"parent":"",
"text":"",
"mid":"AhZh0ruFj",
"date":"2013-11-09 23:40:25"
},
{
"kids":[],
"uid":"3236866322",
"parent":"",
"text":"……",
"mid":"AhZgTj2qD",
"date":"2013-11-09 23:40:07"
},
{
"kids":[],
"uid":"2830883404",
"parent":"",
"text":"Fighting~@dream_can [呵呵]",
"mid":"AhZgRwymp",
"date":"2013-11-09 23:40:02"
},
{
"kids":[],
"uid":"1311690040",
"parent":"",
"text":"",
"mid":"AhZgGkGPY",
"date":"2013-11-09 23:39:37"
},
{
"kids":[],
"uid":"2960637363",
"parent":"",
"text":"转发微博。",
"mid":"AhZgEyckf",
"date":"2013-11-09 23:39:31"
},
{
"kids":[],
"uid":"1732353175",
"parent":"",
"text":"",
"mid":"AhZgE014g",
"date":"2013-11-09 23:39:29"
},
{
"kids":[],
"uid":"2377674917",
"parent":"",
"text":"[躁狂症]",
"mid":"AhZgtA5E4",
"date":"2013-11-09 23:39:06"
},
{
"kids":[],
"uid":"2115277023",
"parent":"",
"text":"最后一句顿感亚历山大[有鸭梨]",
"mid":"AhZgrw0sP",
"date":"2013-11-09 23:39:02"
},
{
"kids":[],
"uid":"2151301915",
"parent":"",
"text":"",
"mid":"AhZgi4PsG",
"date":"2013-11-09 23:38:37"
},
{
"kids":[],
"uid":"2298661417",
"parent":"",
"text":"",
"mid":"AhZgbAoM7",
"date":"2013-11-09 23:38:22"
},
{
"kids":[],
"uid":"3777510875",
"parent":"",
"text":"转发微博。",
"mid":"AhZfRvDB6",
"date":"2013-11-09 23:37:36"
},
{
"kids":[],
"uid":"3177553930",
"parent":"",
"text":"加油",
"mid":"AhZfQ2b8w",
"date":"2013-11-09 23:37:31"
},
{
"kids":[],
"uid":"47kxr",
"parent":"",
"text":"",
"mid":"AhZfIDB6O",
"date":"2013-11-09 23:37:13"
},
{
"kids":[],
"uid":"1001604361",
"parent":"",
"text":"",
"mid":"AhZfHq4QE",
"date":"2013-11-09 23:37:11"
},
{
"kids":[],
"uid":"1843260061",
"parent":"",
"text":"今天不走，明天要跑",
"mid":"AhZfGzuZi",
"date":"2013-11-09 23:37:08"
},
{
"kids":[],
"uid":"2471385780",
"parent":"",
"text":"",
"mid":"AhZfvDsH0",
"date":"2013-11-09 23:36:42"
},
{
"kids":[],
"uid":"1731223063",
"parent":"",
"text":"",
"mid":"AhZfthLur",
"date":"2013-11-09 23:36:38"
},
{
"kids":[],
"uid":"mintAliaoguniang",
"parent":"",
"text":"",
"mid":"AhZfrvgIq",
"date":"2013-11-09 23:36:34"
},
{
"kids":[
"AiZpFxsiv",
"AiNw9BNoY",
"Ai48e64MJ"
],
"uid":"3149634030",
"parent":"",
"text":"",
"mid":"AhZfqC1il",
"date":"2013-11-09 23:36:31"
},
{
"kids":[],
"uid":"3283811005",
"parent":"",
"text":"",
"mid":"AhZfq0adt",
"date":"2013-11-09 23:36:30"
},
{
"kids":[],
"uid":"2653476463",
"parent":"",
"text":"",
"mid":"AhZfnlM2O",
"date":"2013-11-09 23:36:24"
},
{
"kids":[],
"uid":"2556289465",
"parent":"",
"text":"",
"mid":"AhZf8z8QV",
"date":"2013-11-09 23:35:49"
},
{
"kids":[
"AivcwEoOi"
],
"uid":"1942544611",
"parent":"",
"text":"我会努力的，不分心。不多想。不软弱。",
"mid":"AhZf1uO3Z",
"date":"2013-11-09 23:35:32"
},
{
"kids":[],
"uid":"2136635934",
"parent":"",
"text":"",
"mid":"AhZeTfoG0",
"date":"2013-11-09 23:35:12"
},
{
"kids":[],
"uid":"2556289465",
"parent":"",
"text":"",
"mid":"AhZeF0ZsE",
"date":"2013-11-09 23:34:38"
},
{
"kids":[],
"uid":"2019766117",
"parent":"",
"text":"",
"mid":"AhZetwwWc",
"date":"2013-11-09 23:34:10"
},
{
"kids":[],
"uid":"tntclub",
"parent":"",
"text":"我错过了很多昨天",
"mid":"AhZeteVMS",
"date":"2013-11-09 23:34:09"
},
{
"kids":[],
"uid":"2524040581",
"parent":"",
"text":"",
"mid":"AhZes2aBr",
"date":"2013-11-09 23:34:07"
},
{
"kids":[],
"uid":"2938322151",
"parent":"",
"text":"是啊",
"mid":"AhZerrsLu",
"date":"2013-11-09 23:34:04"
},
{
"kids":[],
"uid":"319920301",
"parent":"",
"text":"",
"mid":"AhZenimgj",
"date":"2013-11-09 23:33:56"
},
{
"kids":[],
"uid":"2271554164",
"parent":"",
"text":"",
"mid":"AhZefku8m",
"date":"2013-11-09 23:33:35"
},
{
"kids":[],
"uid":"2613011845",
"parent":"",
"text":"",
"mid":"AhZecEK7r",
"date":"2013-11-09 23:33:28"
},
{
"kids":[],
"uid":"2502537735",
"parent":"",
"text":"",
"mid":"AhZe5zcDf",
"date":"2013-11-09 23:33:14"
},
{
"kids":[],
"uid":"2248533205",
"parent":"",
"text":"Fighting ~",
"mid":"AhZe21S4V",
"date":"2013-11-09 23:33:05"
},
{
"kids":[],
"uid":"2433918367",
"parent":"",
"text":"",
"mid":"AhZe0yIF3",
"date":"2013-11-09 23:32:59"
},
{
"kids":[],
"uid":"1001050763",
"parent":"",
"text":"",
"mid":"AhZdWpznh",
"date":"2013-11-09 23:32:52"
},
{
"kids":[],
"uid":"1455752263",
"parent":"",
"text":"",
"mid":"AhZdVwk0A",
"date":"2013-11-09 23:32:50"
},
{
"kids":[],
"uid":"3863889237",
"parent":"",
"text":"",
"mid":"AhZdO9b8f",
"date":"2013-11-09 23:32:29"
},
{
"kids":[],
"uid":"1909572844",
"parent":"",
"text":"共勉！！！！[爱你]",
"mid":"AhZdM4oGL",
"date":"2013-11-09 23:32:25"
},
{
"kids":[],
"uid":"1847018295",
"parent":"",
"text":"",
"mid":"AhZdAyoDs",
"date":"2013-11-09 23:31:57"
},
{
"kids":[],
"uid":"3754046560",
"parent":"",
"text":"",
"mid":"AhZdxBZXn",
"date":"2013-11-09 23:31:51"
},
{
"kids":[],
"uid":"zhaoyuan528",
"parent":"",
"text":"",
"mid":"AhZdh1nyL",
"date":"2013-11-09 23:31:10"
},
{
"kids":[],
"uid":"1857706262",
"parent":"",
"text":"",
"mid":"AhZd2xEsC",
"date":"2013-11-09 23:30:38"
},
{
"kids":[],
"uid":"2558179507",
"parent":"",
"text":"",
"mid":"AhZd1D6BW",
"date":"2013-11-09 23:30:37"
},
{
"kids":[],
"uid":"3861646917",
"parent":"",
"text":"",
"mid":"AhZd1oi3U",
"date":"2013-11-09 23:30:36"
},
{
"kids":[],
"uid":"2140604503",
"parent":"",
"text":"",
"mid":"AhZcZ2AtX",
"date":"2013-11-09 23:30:28"
}
]