[
{
"kids":[],
"uid":"2789929980",
"parent":"zt0bXD8vi",
"text":"",
"mid":"zv60R4by5",
"date":"2013-05-04 05:59:30"
},
{
"kids":[],
"uid":"2919696804",
"parent":"zt0bXD8vi",
"text":"",
"mid":"zv60R2PVU",
"date":"2013-05-04 05:59:29"
},
{
"kids":[],
"uid":"3044662722",
"parent":"",
"text":"",
"mid":"zuMDZ60Ix",
"date":"2013-05-02 04:40:58"
},
{
"kids":[],
"uid":"2803061394",
"parent":"",
"text":"",
"mid":"zuFkADeJ6",
"date":"2013-05-01 10:03:57"
},
{
"kids":[],
"uid":"3044621732",
"parent":"",
"text":"",
"mid":"zuFkAlDwM",
"date":"2013-05-01 10:03:57"
},
{
"kids":[],
"uid":"2920124144",
"parent":"",
"text":"",
"mid":"ztTGocjmy",
"date":"2013-04-26 08:45:49"
},
{
"kids":[],
"uid":"3045074572",
"parent":"",
"text":"",
"mid":"ztTGob6gi",
"date":"2013-04-26 08:45:49"
},
{
"kids":[],
"uid":"3044877210",
"parent":"",
"text":"",
"mid":"ztR9B558a",
"date":"2013-04-26 02:19:31"
},
{
"kids":[],
"uid":"2920395254",
"parent":"",
"text":"",
"mid":"ztJp50GAJ",
"date":"2013-04-25 06:35:42"
},
{
"kids":[],
"uid":"2438863464",
"parent":"zsZQmsgkq",
"text":"看到不实消息几个字。。。",
"mid":"ztaVYjM4l",
"date":"2013-04-21 14:50:35"
},
{
"kids":[],
"uid":"1804514984",
"parent":"zt9eN6u5i",
"text":"[蜡烛][蜡烛][蜡烛]",
"mid":"zta9Y88VB",
"date":"2013-04-21 12:52:19"
},
{
"kids":[
"zta9Y88VB"
],
"uid":"toobeeyeung",
"parent":"",
"text":"昨天吉兆很早就发出来的，难道微博小秘书那时还不知道事情的发生吗?",
"mid":"zt9eN6u5i",
"date":"2013-04-21 10:31:26"
},
{
"kids":[],
"uid":"vinsonlam",
"parent":"zt6D51j53",
"text":"@微博小秘书 你他妈的倒是解释一下哪里不实了？",
"mid":"zt6J9w4UT",
"date":"2013-04-21 04:08:02"
},
{
"kids":[
"zt6J9w4UT"
],
"uid":"vinsonlam",
"parent":"zsZUEqJqP",
"text":"我艹你妈这叫不实消息？？是新浪你要反了吗？？！！",
"mid":"zt6D51j53",
"date":"2013-04-21 03:53:04"
},
{
"kids":[],
"uid":"2920475084",
"parent":"",
"text":"",
"mid":"zt6r6s3ZO",
"date":"2013-04-21 03:23:34"
},
{
"kids":[],
"uid":"2093649723",
"parent":"zsZRIq3LS",
"text":"希望平安~[蜡烛]",
"mid":"zt1bsEsXV",
"date":"2013-04-20 14:01:16"
},
{
"kids":[],
"uid":"210wawa",
"parent":"",
"text":"[蜡烛][蜡烛][蜡烛][蜡烛][蜡烛][泪]",
"mid":"zt1a189vw",
"date":"2013-04-20 13:57:44"
},
{
"kids":[],
"uid":"2008603842",
"parent":"",
"text":"[蜡烛][蜡烛][蜡烛]平安。",
"mid":"zt0U9sKxG",
"date":"2013-04-20 13:18:39"
},
{
"kids":[],
"uid":"1815845983",
"parent":"",
"text":"平安。。[蜡烛][蜡烛]",
"mid":"zt0Kxs08q",
"date":"2013-04-20 12:54:57"
},
{
"kids":[],
"uid":"2898210131",
"parent":"zsZIrln8S",
"text":"[泪][泪][泪][蜡烛][蜡烛]",
"mid":"zt0CSjTON",
"date":"2013-04-20 12:36:05"
},
{
"kids":[],
"uid":"mjfluck",
"parent":"",
"text":"@吉兆寿司 已经被禁言禁止关注，可能是企业的原因才7天@微博小秘书",
"mid":"zt0zf7aRQ",
"date":"2013-04-20 12:27:07"
},
{
"kids":[],
"uid":"1874711717",
"parent":"",
"text":"",
"mid":"zt0w2xOq6",
"date":"2013-04-20 12:19:13"
},
{
"kids":[],
"uid":"2195363253",
"parent":"",
"text":"[蜡烛][蜡烛][蜡烛]",
"mid":"zt0sWc7KY",
"date":"2013-04-20 12:11:36"
},
{
"kids":[],
"uid":"1548228872",
"parent":"zsZCwlwt3",
"text":"[蜡烛]",
"mid":"zt0kYov87",
"date":"2013-04-20 11:51:58"
},
{
"kids":[],
"uid":"xsssusan",
"parent":"",
"text":"造谣可耻",
"mid":"zt0iFpjXB",
"date":"2013-04-20 11:46:18"
},
{
"kids":[],
"uid":"mjfluck",
"parent":"zt0bEafUN",
"text":"请右边的轻轻点击举报",
"mid":"zt0fxjcKj",
"date":"2013-04-20 11:38:35"
},
{
"kids":[],
"uid":"2191554501",
"parent":"",
"text":"[蜡烛]",
"mid":"zt0cDAYJg",
"date":"2013-04-20 11:31:27"
},
{
"kids":[
"zv60R4by5",
"zv60R2PVU"
],
"uid":"1727638752",
"parent":"",
"text":"[蜡烛][蜡烛]",
"mid":"zt0bXD8vi",
"date":"2013-04-20 11:29:46"
},
{
"kids":[
"zt0fxjcKj"
],
"uid":"shidayou",
"parent":"zt02ojCxL",
"text":"你要觉得一个两个客户无所谓 一点两点责任无所谓？真是干你娘的企业",
"mid":"zt0bEafUN",
"date":"2013-04-20 11:29:00"
},
{
"kids":[],
"uid":"2270518665",
"parent":"",
"text":"",
"mid":"zt08vpgvM",
"date":"2013-04-20 11:21:15"
},
{
"kids":[],
"uid":"729763938",
"parent":"zsZJU7g5b",
"text":"[蜡烛][心]",
"mid":"zt0776WlP",
"date":"2013-04-20 11:17:49"
},
{
"kids":[],
"uid":"1925723005",
"parent":"",
"text":"[蜡烛]",
"mid":"zt03SsoOo",
"date":"2013-04-20 11:09:51"
},
{
"kids":[
"zt0bEafUN"
],
"uid":"1806049630",
"parent":"",
"text":"回复@吉兆寿司:哈哈你造谣还有理了？不关注是肯定的，骂你也是肯定的。这种时候造谣你良心狗都不吃",
"mid":"zt02ojCxL",
"date":"2013-04-20 11:06:11"
},
{
"kids":[],
"uid":"2849379800",
"parent":"",
"text":"",
"mid":"zt01zuCjo",
"date":"2013-04-20 11:04:11"
},
{
"kids":[],
"uid":"m1277961082",
"parent":"zsZH9AESD",
"text":"[蜡烛]",
"mid":"zt00Ig59x",
"date":"2013-04-20 11:02:04"
},
{
"kids":[],
"uid":"1987187632",
"parent":"",
"text":"又是地震。。又是四川。。到底有完没完。。可以安定点吗。。[右哼哼]",
"mid":"zt00jrGuZ",
"date":"2013-04-20 11:01:05"
},
{
"kids":[],
"uid":"1764086622",
"parent":"zsZYW76xA",
"text":"[蜡烛][蜡烛][蜡烛]",
"mid":"zsZZz432n",
"date":"2013-04-20 10:59:15"
},
{
"kids":[],
"uid":"2398075950",
"parent":"",
"text":"[蜡烛][蜡烛][蜡烛]",
"mid":"zsZZtd4fq",
"date":"2013-04-20 10:58:59"
},
{
"kids":[],
"uid":"1116351993",
"parent":"",
"text":"",
"mid":"zsZZ4F5te",
"date":"2013-04-20 10:58:00"
},
{
"kids":[],
"uid":"2063964163",
"parent":"zsZQ316Zz",
"text":"[蜡烛][蜡烛][蜡烛] 安好",
"mid":"zsZYZAZai",
"date":"2013-04-20 10:57:50"
},
{
"kids":[
"zsZZz432n"
],
"uid":"2090209615",
"parent":"zsZBgEIo5",
"text":"[蜡烛][蜡烛][蜡烛]",
"mid":"zsZYW76xA",
"date":"2013-04-20 10:57:40"
},
{
"kids":[],
"uid":"2641071315",
"parent":"",
"text":"祈祷[蜡烛][蜡烛][蜡烛][蜡烛][蜡烛][蜡烛]",
"mid":"zsZYG61wd",
"date":"2013-04-20 10:57:03"
},
{
"kids":[],
"uid":"1856541412",
"parent":"",
"text":"[伤心][蜡烛]",
"mid":"zsZYt5QR4",
"date":"2013-04-20 10:56:32"
},
{
"kids":[],
"uid":"2196416950",
"parent":"",
"text":"[蜡烛]",
"mid":"zsZYd9gxl",
"date":"2013-04-20 10:55:54"
},
{
"kids":[],
"uid":"2915860810",
"parent":"",
"text":"[蜡烛][蜡烛]",
"mid":"zsZX0nlbu",
"date":"2013-04-20 10:52:56"
},
{
"kids":[],
"uid":"3306369455",
"parent":"",
"text":"",
"mid":"zsZWogYIU",
"date":"2013-04-20 10:51:24"
},
{
"kids":[],
"uid":"kinedong",
"parent":"zsZwOnx4E",
"text":"[蜡烛][蜡烛][蜡烛][蜡烛][蜡烛]",
"mid":"zsZV2FTj0",
"date":"2013-04-20 10:48:05"
},
{
"kids":[
"zt6D51j53"
],
"uid":"vinsonlam",
"parent":"",
"text":"[蜡烛]",
"mid":"zsZUEqJqP",
"date":"2013-04-20 10:47:08"
},
{
"kids":[],
"uid":"1774228372",
"parent":"",
"text":"[蜡烛]",
"mid":"zsZTXz2Dq",
"date":"2013-04-20 10:45:26"
},
{
"kids":[],
"uid":"1822382952",
"parent":"",
"text":"[蜡烛][蜡烛][蜡烛]",
"mid":"zsZTWpSyN",
"date":"2013-04-20 10:45:22"
},
{
"kids":[],
"uid":"1874007761",
"parent":"",
"text":"[蜡烛][蜡烛]",
"mid":"zsZTOr63y",
"date":"2013-04-20 10:45:03"
},
{
"kids":[],
"uid":"1238898234",
"parent":"zsZFp8GxQ",
"text":"平安就好",
"mid":"zsZSD9t7p",
"date":"2013-04-20 10:42:09"
},
{
"kids":[],
"uid":"a519757377",
"parent":"",
"text":"",
"mid":"zsZSBofYg",
"date":"2013-04-20 10:42:03"
},
{
"kids":[],
"uid":"3174198591",
"parent":"",
"text":"[害羞][蜡烛][蜡烛][蜡烛]",
"mid":"zsZSkxsvP",
"date":"2013-04-20 10:41:25"
},
{
"kids":[
"zt1bsEsXV"
],
"uid":"1029114573",
"parent":"",
"text":"祈祷平安~[蜡烛][蜡烛]",
"mid":"zsZRIq3LS",
"date":"2013-04-20 10:39:53"
},
{
"kids":[],
"uid":"mingmingchi",
"parent":"",
"text":"[蜡烛][蜡烛]",
"mid":"zsZQzbIZM",
"date":"2013-04-20 10:37:04"
},
{
"kids":[
"ztaVYjM4l"
],
"uid":"1774008907",
"parent":"",
"text":"[蜡烛]",
"mid":"zsZQmsgkq",
"date":"2013-04-20 10:36:33"
},
{
"kids":[],
"uid":"3070254873",
"parent":"",
"text":"",
"mid":"zsZQall1R",
"date":"2013-04-20 10:36:04"
},
{
"kids":[],
"uid":"2693893821",
"parent":"",
"text":"[蜡烛][蜡烛][蜡烛]",
"mid":"zsZQ82xSK",
"date":"2013-04-20 10:35:59"
},
{
"kids":[
"zsZYZAZai"
],
"uid":"2185038090",
"parent":"",
"text":"[蜡烛]愿一切安好",
"mid":"zsZQ316Zz",
"date":"2013-04-20 10:35:48"
},
{
"kids":[],
"uid":"2101606025",
"parent":"zsZPflGDn",
"text":"[蜡烛]",
"mid":"zsZPPEUJG",
"date":"2013-04-20 10:35:15"
},
{
"kids":[],
"uid":"1799938294",
"parent":"",
"text":"[蜡烛][蜡烛][蜡烛]",
"mid":"zsZPxFd79",
"date":"2013-04-20 10:34:31"
},
{
"kids":[
"zsZPPEUJG"
],
"uid":"1920547244",
"parent":"",
"text":"",
"mid":"zsZPflGDn",
"date":"2013-04-20 10:33:49"
},
{
"kids":[],
"uid":"2215952132",
"parent":"",
"text":"[蜡烛][蜡烛][蜡烛]",
"mid":"zsZODxhgJ",
"date":"2013-04-20 10:32:19"
},
{
"kids":[],
"uid":"722125345",
"parent":"",
"text":"[悲伤]",
"mid":"zsZOybsDW",
"date":"2013-04-20 10:32:06"
},
{
"kids":[],
"uid":"1817509401",
"parent":"zsZzLhaB5",
"text":"[蜡烛]",
"mid":"zsZOaxUN1",
"date":"2013-04-20 10:31:11"
},
{
"kids":[],
"uid":"1801439371",
"parent":"",
"text":"",
"mid":"zsZN2daFB",
"date":"2013-04-20 10:28:22"
},
{
"kids":[],
"uid":"2419159234",
"parent":"",
"text":"",
"mid":"zsZMIpYpT",
"date":"2013-04-20 10:27:35"
},
{
"kids":[],
"uid":"234506803",
"parent":"",
"text":"[蜡烛][蜡烛][蜡烛][蜡烛][蜡烛][蜡烛][蜡烛][蜡烛][蜡烛][蜡烛][蜡烛][蜡烛][蜡烛][蜡烛]",
"mid":"zsZMr2mOv",
"date":"2013-04-20 10:26:53"
},
{
"kids":[],
"uid":"1782645907",
"parent":"",
"text":"[蜡烛]",
"mid":"zsZKSkUwZ",
"date":"2013-04-20 10:23:03"
},
{
"kids":[],
"uid":"534573861",
"parent":"",
"text":"",
"mid":"zsZKflv1Y",
"date":"2013-04-20 10:21:30"
},
{
"kids":[
"zt0776WlP"
],
"uid":"1842480977",
"parent":"",
"text":"好怕又一场512啊！@我叫徐乐卿：[蜡烛][蜡烛][蜡烛]",
"mid":"zsZJU7g5b",
"date":"2013-04-20 10:20:39"
},
{
"kids":[],
"uid":"2827720982",
"parent":"",
"text":"",
"mid":"zsZJN29MM",
"date":"2013-04-20 10:20:21"
},
{
"kids":[],
"uid":"3203395722",
"parent":"",
"text":"祈祷平安",
"mid":"zsZJtcfNQ",
"date":"2013-04-20 10:19:34"
},
{
"kids":[],
"uid":"2288232030",
"parent":"",
"text":"[蜡烛][蜡烛][蜡烛]",
"mid":"zsZJ2BvgT",
"date":"2013-04-20 10:18:32"
},
{
"kids":[],
"uid":"1942340933",
"parent":"",
"text":"[蜡烛]",
"mid":"zsZIP01Fm",
"date":"2013-04-20 10:17:59"
},
{
"kids":[],
"uid":"2249097294",
"parent":"zsZH9AESD",
"text":"[蜡烛]",
"mid":"zsZILrUTs",
"date":"2013-04-20 10:17:50"
},
{
"kids":[
"zt0CSjTON"
],
"uid":"2194533471",
"parent":"",
"text":"…………[蜡烛]死者安息！……願更多的人平安無事！平安四川！平安中國！",
"mid":"zsZIrln8S",
"date":"2013-04-20 10:17:03"
},
{
"kids":[],
"uid":"2724158792",
"parent":"",
"text":"[蜡烛][蜡烛]祈祷",
"mid":"zsZIbnRYw",
"date":"2013-04-20 10:16:24"
},
{
"kids":[],
"uid":"1951188845",
"parent":"",
"text":"[蜡烛]",
"mid":"zsZI4zXNn",
"date":"2013-04-20 10:16:09"
},
{
"kids":[],
"uid":"jasimlee",
"parent":"",
"text":"佑平安",
"mid":"zsZHWEF1v",
"date":"2013-04-20 10:15:49"
},
{
"kids":[],
"uid":"1818854977",
"parent":"",
"text":"@_Rainness_ 发哥你噶边无事吧！！",
"mid":"zsZHOCsI1",
"date":"2013-04-20 10:15:31"
},
{
"kids":[],
"uid":"2094261537",
"parent":"",
"text":"[蜡烛][蜡烛]",
"mid":"zsZHLpujs",
"date":"2013-04-20 10:15:22"
},
{
"kids":[],
"uid":"741911595rd",
"parent":"",
"text":"[蜡烛][蜡烛][蜡烛]",
"mid":"zsZHBEfsF",
"date":"2013-04-20 10:15:00"
},
{
"kids":[],
"uid":"2428993124",
"parent":"",
"text":"",
"mid":"zsZHkwMcx",
"date":"2013-04-20 10:14:18"
},
{
"kids":[],
"uid":"534573861",
"parent":"",
"text":"",
"mid":"zsZHhgYaM",
"date":"2013-04-20 10:14:11"
},
{
"kids":[],
"uid":"1856977230",
"parent":"",
"text":"[蜡烛]",
"mid":"zsZHadTZo",
"date":"2013-04-20 10:13:53"
},
{
"kids":[
"zt00Ig59x",
"zsZILrUTs"
],
"uid":"1675412455",
"parent":"zsZCwp1tx",
"text":"[蜡烛]",
"mid":"zsZH9AESD",
"date":"2013-04-20 10:13:53"
},
{
"kids":[],
"uid":"1768040014",
"parent":"",
"text":"[蜡烛][蜡烛][蜡烛]",
"mid":"zsZH3Ej0K",
"date":"2013-04-20 10:13:39"
},
{
"kids":[],
"uid":"1784360632",
"parent":"zsZE9rFf4",
"text":"天啊，娇姐姐你电话怎么通话中，快接。[悲伤][悲伤][悲伤]",
"mid":"zsZGStRzX",
"date":"2013-04-20 10:13:12"
},
{
"kids":[],
"uid":"lhz1024",
"parent":"",
"text":"[蜡烛]",
"mid":"zsZGKducO",
"date":"2013-04-20 10:12:51"
},
{
"kids":[],
"uid":"10312385",
"parent":"",
"text":"祈祷平安[蜡烛]",
"mid":"zsZFUarxi",
"date":"2013-04-20 10:10:47"
},
{
"kids":[],
"uid":"1800887065",
"parent":"zsZD6pwEd",
"text":"",
"mid":"zsZFG1AF9",
"date":"2013-04-20 10:10:13"
},
{
"kids":[
"zsZSD9t7p"
],
"uid":"2752676523",
"parent":"zsZDEnM9N",
"text":"嗯嗯！学校放假现在很high",
"mid":"zsZFp8GxQ",
"date":"2013-04-20 10:09:34"
},
{
"kids":[],
"uid":"puzzlk",
"parent":"",
"text":"[蜡烛][蜡烛]",
"mid":"zsZFn6HBd",
"date":"2013-04-20 10:09:30"
},
{
"kids":[],
"uid":"936796048",
"parent":"",
"text":"。。。。。。",
"mid":"zsZEV0aJ6",
"date":"2013-04-20 10:08:22"
},
{
"kids":[],
"uid":"1930044721",
"parent":"",
"text":"",
"mid":"zsZEBdcjV",
"date":"2013-04-20 10:07:35"
},
{
"kids":[],
"uid":"2878715980",
"parent":"",
"text":"雅安，加油",
"mid":"zsZEmqxA0",
"date":"2013-04-20 10:07:00"
},
{
"kids":[
"zsZGStRzX"
],
"uid":"yan911002",
"parent":"",
"text":"[蜡烛][蜡烛][蜡烛]",
"mid":"zsZE9rFf4",
"date":"2013-04-20 10:06:28"
},
{
"kids":[],
"uid":"justinluffy",
"parent":"",
"text":"[蜡烛][蜡烛][蜡烛]",
"mid":"zsZDWaqNl",
"date":"2013-04-20 10:05:57"
},
{
"kids":[
"zsZFp8GxQ"
],
"uid":"2329700692",
"parent":"",
"text":"你hold住了吗？@广西精嗓子喉片",
"mid":"zsZDEnM9N",
"date":"2013-04-20 10:05:15"
},
{
"kids":[],
"uid":"3177573695",
"parent":"",
"text":"[蜡烛] 广铁学院学子请为他们祈祷",
"mid":"zsZDsys4N",
"date":"2013-04-20 10:04:46"
},
{
"kids":[],
"uid":"1761860330",
"parent":"",
"text":"轉發微博",
"mid":"zsZDs05y5",
"date":"2013-04-20 10:04:44"
},
{
"kids":[],
"uid":"1847393220",
"parent":"",
"text":"[吃惊][思考][蜡烛]",
"mid":"zsZDr6Qub",
"date":"2013-04-20 10:04:42"
},
{
"kids":[
"zsZFG1AF9"
],
"uid":"819931114",
"parent":"",
"text":"[蜡烛]",
"mid":"zsZD6pwEd",
"date":"2013-04-20 10:03:53"
},
{
"kids":[],
"uid":"2735120793",
"parent":"",
"text":"[蜡烛][蜡烛][蜡烛][蜡烛][蜡烛][蜡烛]",
"mid":"zsZCBnMe8",
"date":"2013-04-20 10:02:40"
},
{
"kids":[],
"uid":"ZiyeNayko",
"parent":"",
"text":"[蜡烛][蜡烛]",
"mid":"zsZCziR3c",
"date":"2013-04-20 10:02:35"
},
{
"kids":[
"zsZH9AESD"
],
"uid":"2167571537",
"parent":"",
"text":"[蜡烛]",
"mid":"zsZCwp1tx",
"date":"2013-04-20 10:02:28"
},
{
"kids":[
"zt0kYov87"
],
"uid":"waynechan327",
"parent":"",
"text":"[蜡烛][蜡烛]",
"mid":"zsZCwlwt3",
"date":"2013-04-20 10:02:28"
},
{
"kids":[],
"uid":"717073453",
"parent":"",
"text":"[蜡烛][蜡烛][蜡烛][蜡烛][蜡烛][蜡烛]",
"mid":"zsZCfuMub",
"date":"2013-04-20 10:01:48"
},
{
"kids":[],
"uid":"2515267394",
"parent":"",
"text":"",
"mid":"zsZCeEYXE",
"date":"2013-04-20 10:01:45"
},
{
"kids":[],
"uid":"littlelittlemingming",
"parent":"",
"text":"[蜡烛][蜡烛][心][心][心]",
"mid":"zsZC7hR3x",
"date":"2013-04-20 10:01:28"
},
{
"kids":[],
"uid":"1617579363",
"parent":"",
"text":"",
"mid":"zsZBB2ESQ",
"date":"2013-04-20 10:00:11"
},
{
"kids":[],
"uid":"1850985954",
"parent":"",
"text":"[蜡烛][蜡烛]",
"mid":"zsZBuxse6",
"date":"2013-04-20 09:59:55"
},
{
"kids":[],
"uid":"xiaoqingwoo",
"parent":"",
"text":"[蜡烛][爱心传递]望一切平安",
"mid":"zsZBugzzs",
"date":"2013-04-20 09:59:55"
},
{
"kids":[],
"uid":"linzhiaiyyu",
"parent":"",
"text":"[蜡烛][蜡烛][蜡烛]",
"mid":"zsZBrjep7",
"date":"2013-04-20 09:59:48"
},
{
"kids":[
"zsZYW76xA"
],
"uid":"1832891773",
"parent":"",
"text":"[蜡烛][蜡烛][蜡烛][蜡烛][蜡烛][蜡烛][蜡烛][蜡烛][蜡烛][蜡烛][蜡烛][蜡烛][蜡烛]",
"mid":"zsZBgEIo5",
"date":"2013-04-20 09:59:22"
},
{
"kids":[],
"uid":"2088344767",
"parent":"",
"text":"[蜡烛]",
"mid":"zsZBapRdb",
"date":"2013-04-20 09:59:07"
},
{
"kids":[],
"uid":"2811527817",
"parent":"",
"text":"[蜡烛]",
"mid":"zsZAYAx5t",
"date":"2013-04-20 09:58:40"
},
{
"kids":[],
"uid":"2699246394",
"parent":"",
"text":"",
"mid":"zsZAa8cRL",
"date":"2013-04-20 09:56:39"
},
{
"kids":[],
"uid":"336038999",
"parent":"",
"text":"[蠟燭]",
"mid":"zsZzTf6ho",
"date":"2013-04-20 09:55:59"
},
{
"kids":[],
"uid":"2041340251",
"parent":"",
"text":"[失望][失望]",
"mid":"zsZzRvBxg",
"date":"2013-04-20 09:55:55"
},
{
"kids":[
"zsZOaxUN1"
],
"uid":"gzweico",
"parent":"",
"text":"",
"mid":"zsZzLhaB5",
"date":"2013-04-20 09:55:40"
},
{
"kids":[],
"uid":"402133287",
"parent":"",
"text":"祈祷[蜡烛]",
"mid":"zsZzn3jNV",
"date":"2013-04-20 09:54:42"
},
{
"kids":[],
"uid":"tinaczy",
"parent":"",
"text":"",
"mid":"zsZzam5PI",
"date":"2013-04-20 09:54:12"
},
{
"kids":[],
"uid":"lixiaofeng668",
"parent":"",
"text":"祈福",
"mid":"zsZyZoFhY",
"date":"2013-04-20 09:53:46"
},
{
"kids":[],
"uid":"2263986914",
"parent":"",
"text":"[吃惊][吃惊][吃惊]又地震啦！[蜡烛]",
"mid":"zsZyFDEzo",
"date":"2013-04-20 09:52:59"
},
{
"kids":[],
"uid":"1864448601",
"parent":"",
"text":"[蜡烛]",
"mid":"zsZysDrW7",
"date":"2013-04-20 09:52:28"
},
{
"kids":[],
"uid":"716782686",
"parent":"",
"text":"",
"mid":"zsZyo9PQU",
"date":"2013-04-20 09:52:17"
},
{
"kids":[],
"uid":"1996589463",
"parent":"",
"text":"[泪][爱心传递][蜡烛][蜡烛][蜡烛]一觉醒来发生了这么件大事，真不敢相信，希望四川同胞们都平安度过这场灾难。",
"mid":"zsZykEFPH",
"date":"2013-04-20 09:52:08"
},
{
"kids":[],
"uid":"378950427",
"parent":"",
"text":"这地球真的太累了！[蜡烛]",
"mid":"zsZyjtPgx",
"date":"2013-04-20 09:52:05"
},
{
"kids":[],
"uid":"2783359181",
"parent":"",
"text":"",
"mid":"zsZy5wBIL",
"date":"2013-04-20 09:51:33"
},
{
"kids":[],
"uid":"2837348292",
"parent":"",
"text":"加油。。雅安",
"mid":"zsZxQugyZ",
"date":"2013-04-20 09:50:56"
},
{
"kids":[],
"uid":"1958825715",
"parent":"",
"text":"轉發微博",
"mid":"zsZxuiAGK",
"date":"2013-04-20 09:50:04"
},
{
"kids":[],
"uid":"jmjm730",
"parent":"",
"text":"[蜡烛][蜡烛][蜡烛]",
"mid":"zsZxtt0da",
"date":"2013-04-20 09:50:00"
},
{
"kids":[],
"uid":"emericake",
"parent":"",
"text":"希望大家都沒啥事[失望]",
"mid":"zsZxp0FBc",
"date":"2013-04-20 09:49:51"
},
{
"kids":[],
"uid":"619801227",
"parent":"",
"text":"[蜡烛][蜡烛]",
"mid":"zsZxnxzSE",
"date":"2013-04-20 09:49:48"
},
{
"kids":[],
"uid":"2796141914",
"parent":"",
"text":"雅安祈祷",
"mid":"zsZxgarNU",
"date":"2013-04-20 09:49:29"
},
{
"kids":[],
"uid":"2695507000",
"parent":"",
"text":"[蜡烛][蜡烛][蜡烛][蜡烛][蜡烛]",
"mid":"zsZx6F2IY",
"date":"2013-04-20 09:49:08"
},
{
"kids":[],
"uid":"enniscrying",
"parent":"",
"text":"[泪][泪][蜡烛][蜡烛][蜡烛][蜡烛]",
"mid":"zsZx0dEvf",
"date":"2013-04-20 09:48:52"
},
{
"kids":[],
"uid":"2331054197",
"parent":"",
"text":"",
"mid":"zsZwODsA3",
"date":"2013-04-20 09:48:25"
},
{
"kids":[
"zsZV2FTj0"
],
"uid":"1861923762",
"parent":"",
"text":"[蜡烛][蜡烛][蜡烛][蜡烛][蜡烛]",
"mid":"zsZwOnx4E",
"date":"2013-04-20 09:48:24"
},
{
"kids":[],
"uid":"316663233",
"parent":"",
"text":"[蜡烛]",
"mid":"zsZwNsCb8",
"date":"2013-04-20 09:48:21"
},
{
"kids":[],
"uid":"pzbzwbpzx",
"parent":"",
"text":"[蜡烛][蜡烛][蜡烛]",
"mid":"zsZwEj1j9",
"date":"2013-04-20 09:47:58"
},
{
"kids":[],
"uid":"lqaihuguiying",
"parent":"",
"text":"[蜡烛]老天保佑大家！！！",
"mid":"zsZwiqRtd",
"date":"2013-04-20 09:47:08"
},
{
"kids":[],
"uid":"1732829413",
"parent":"",
"text":"[蜡烛]",
"mid":"zsZwboMqY",
"date":"2013-04-20 09:46:51"
}
]