[
{
"kids":[],
"uid":"2789848060",
"parent":"zFQ75DP7P",
"text":"",
"mid":"A31J8DgdC",
"date":"2013-08-03 14:20:39"
},
{
"kids":[],
"uid":"2804406530",
"parent":"zFQ75DP7P",
"text":"",
"mid":"A2PWOjfOc",
"date":"2013-08-02 08:21:23"
},
{
"kids":[],
"uid":"2919504424",
"parent":"zFQ75DP7P",
"text":"",
"mid":"A26WltSrG",
"date":"2013-07-28 13:46:37"
},
{
"kids":[],
"uid":"1776581352",
"parent":"zFQ75DP7P",
"text":"",
"mid":"A24sFEfcG",
"date":"2013-07-28 07:28:01"
},
{
"kids":[],
"uid":"2809058714",
"parent":"zFQ75DP7P",
"text":"",
"mid":"A0RuI5dem",
"date":"2013-07-20 08:37:01"
},
{
"kids":[],
"uid":"2919909300",
"parent":"zFQ75DP7P",
"text":"",
"mid":"A0IDc87j0",
"date":"2013-07-19 10:03:13"
},
{
"kids":[],
"uid":"2920123122",
"parent":"zFQ75DP7P",
"text":"",
"mid":"A0I6s7ars",
"date":"2013-07-19 08:42:33"
},
{
"kids":[],
"uid":"2273538114",
"parent":"zFPrrE8Oe",
"text":"@大叔型_少女心",
"mid":"A0bJiA0Gp",
"date":"2013-07-15 22:17:37"
},
{
"kids":[],
"uid":"2865860152",
"parent":"zFOTNfpis",
"text":"",
"mid":"A09JVsL4N",
"date":"2013-07-15 17:13:39"
},
{
"kids":[],
"uid":"337540808",
"parent":"A02etrqOH",
"text":"寻人真相",
"mid":"A03A0gcZr",
"date":"2013-07-15 01:32:44"
},
{
"kids":[],
"uid":"1001055022",
"parent":"zFQ78B9Ik",
"text":"@魔童-monchichi- @心愿blog2012 网民@岚0109 上午8时许自称“朋友的同事的女儿在江西省南昌市广场南路大润发超市附近被人拐走”江西部分蓝V进行了转发。12时许发微博称孩子已找到。所有信息均只有该网民一人所述，无法证实真假。但是，直接将信息造谣为中山大润发孩子被拐，野原新之介是始作俑者。",
"mid":"A036z00YJ",
"date":"2013-07-15 00:20:12"
},
{
"kids":[],
"uid":"3460742264",
"parent":"",
"text":"",
"mid":"A02h3BNaO",
"date":"2013-07-14 22:13:20"
},
{
"kids":[],
"uid":"2302532604",
"parent":"zFQ16x0XI",
"text":"",
"mid":"A02fr5Ps0",
"date":"2013-07-14 22:09:22"
},
{
"kids":[
"A03A0gcZr"
],
"uid":"hbjszb",
"parent":"zFVQBmupi",
"text":"寻人真相",
"mid":"A02etrqOH",
"date":"2013-07-14 22:06:55"
},
{
"kids":[],
"uid":"2271682352",
"parent":"",
"text":"",
"mid":"A00MKt3oM",
"date":"2013-07-14 18:25:54"
},
{
"kids":[],
"uid":"3015232501",
"parent":"zFWAAwhE7",
"text":"我勒去",
"mid":"A00GT1fzN",
"date":"2013-07-14 18:11:27"
},
{
"kids":[],
"uid":"2642815295",
"parent":"",
"text":"",
"mid":"zFWTqCU2u",
"date":"2013-07-14 14:59:48"
},
{
"kids":[],
"uid":"1495301781",
"parent":"zFQ78B9Ik",
"text":"一定要严惩故意改编成中山大润发的造谣者！",
"mid":"zFWLk18SG",
"date":"2013-07-14 14:39:50"
},
{
"kids":[],
"uid":"1589525630",
"parent":"zFQ75DP7P",
"text":"",
"mid":"zFWJcrwiJ",
"date":"2013-07-14 14:34:35"
},
{
"kids":[
"A00GT1fzN"
],
"uid":"lwbbill",
"parent":"",
"text":"我靠，这么猖狂",
"mid":"zFWAAwhE7",
"date":"2013-07-14 14:13:25"
},
{
"kids":[],
"uid":"zsradio",
"parent":"zFQ78B9Ik",
"text":"",
"mid":"zFWymxfsD",
"date":"2013-07-14 14:07:56"
},
{
"kids":[],
"uid":"3200574404",
"parent":"zFQY3c9M1",
"text":"我买",
"mid":"zFWlUq4x6",
"date":"2013-07-14 13:37:13"
},
{
"kids":[
"A03A0gcZr",
"A02etrqOH"
],
"uid":"gdzqga",
"parent":"zFQ78B9Ik",
"text":"[话筒]",
"mid":"zFVQBmupi",
"date":"2013-07-14 12:20:07"
},
{
"kids":[],
"uid":"lvdangyang",
"parent":"zFQ78B9Ik",
"text":"@由7楼跌落3楼-Effie",
"mid":"zFVN744ZS",
"date":"2013-07-14 12:11:30"
},
{
"kids":[],
"uid":"2798770037",
"parent":"",
"text":"",
"mid":"zFVpwk5Pm",
"date":"2013-07-14 11:13:24"
},
{
"kids":[],
"uid":"2438945724",
"parent":"",
"text":"",
"mid":"zFVgz8sBn",
"date":"2013-07-14 10:51:20"
},
{
"kids":[],
"uid":"1731193181",
"parent":"zFUQPqgBw",
"text":"",
"mid":"zFVdY4Ea6",
"date":"2013-07-14 10:44:56"
},
{
"kids":[],
"uid":"2939252645",
"parent":"",
"text":"转发微博。",
"mid":"zFV3OoTOj",
"date":"2013-07-14 10:19:54"
},
{
"kids":[
"zFVdY4Ea6"
],
"uid":"2675099531",
"parent":"",
"text":"父母伤心死了@摩卡geng @简单是happiness @Canli87 @kathyhuj @蟹蟹珊珊 @jaymondlove",
"mid":"zFUQPqgBw",
"date":"2013-07-14 09:47:56"
},
{
"kids":[],
"uid":"2675099531",
"parent":"",
"text":"",
"mid":"zFUPcnfiO",
"date":"2013-07-14 09:43:55"
},
{
"kids":[],
"uid":"2649026330",
"parent":"",
"text":"",
"mid":"zFUHkxcS7",
"date":"2013-07-14 09:24:31"
},
{
"kids":[],
"uid":"1778195934",
"parent":"zFQ75DP7P",
"text":"",
"mid":"zFUxGs7Lq",
"date":"2013-07-14 09:00:45"
},
{
"kids":[],
"uid":"2010447841",
"parent":"zFRnue4uv",
"text":"",
"mid":"zFUwzAEEq",
"date":"2013-07-14 08:58:01"
},
{
"kids":[],
"uid":"2615325750",
"parent":"zFQOaE6zS",
"text":"",
"mid":"zFRAvf4DR",
"date":"2013-07-14 01:29:27"
},
{
"kids":[],
"uid":"1958974825",
"parent":"",
"text":"",
"mid":"zFRwFEo7b",
"date":"2013-07-14 01:20:02"
},
{
"kids":[
"zFUwzAEEq"
],
"uid":"1951316487",
"parent":"zFPrrE8Oe",
"text":"表示木有见到…",
"mid":"zFRnue4uv",
"date":"2013-07-14 00:57:24"
},
{
"kids":[],
"uid":"2404420432",
"parent":"",
"text":"",
"mid":"zFRmyjSu9",
"date":"2013-07-14 00:55:06"
},
{
"kids":[],
"uid":"3509246084",
"parent":"",
"text":"",
"mid":"zFRkOtUja",
"date":"2013-07-14 00:50:47"
},
{
"kids":[],
"uid":"72420527",
"parent":"zFQL7eGZZ",
"text":"",
"mid":"zFR58kmhv",
"date":"2013-07-14 00:12:10"
},
{
"kids":[],
"uid":"208087009",
"parent":"zFQL7eGZZ",
"text":"扩散",
"mid":"zFR2SdTgn",
"date":"2013-07-14 00:06:37"
},
{
"kids":[
"zFWlUq4x6"
],
"uid":"2621744215",
"parent":"",
"text":"",
"mid":"zFQY3c9M1",
"date":"2013-07-13 23:54:44"
},
{
"kids":[],
"uid":"2322776370",
"parent":"",
"text":"",
"mid":"zFQVbB9UX",
"date":"2013-07-13 23:47:42"
},
{
"kids":[],
"uid":"3100341621",
"parent":"zFQmppeyA",
"text":"本人建议人大立法相关部门，凡属拐卖妇女儿童的人贩子一律判处死刑，买妇女或儿童的一经定罪判处死刑或终生监禁！赞成的请[耶]",
"mid":"zFQRHkBzi",
"date":"2013-07-13 23:39:02"
},
{
"kids":[
"zFRAvf4DR"
],
"uid":"2437340112",
"parent":"",
"text":"",
"mid":"zFQOaE6zS",
"date":"2013-07-13 23:30:20"
},
{
"kids":[],
"uid":"3199757472",
"parent":"zFPtdjtNj",
"text":"",
"mid":"zFQNotKkk",
"date":"2013-07-13 23:28:26"
},
{
"kids":[
"zFR58kmhv",
"zFR2SdTgn"
],
"uid":"liuyetin9",
"parent":"zFOU66TuQ",
"text":"急！@Rodick_ @黎文涛Bruce-Li @萝莉控怪蜀黍 @小萝莉_lily",
"mid":"zFQL7eGZZ",
"date":"2013-07-13 23:22:51"
},
{
"kids":[],
"uid":"2789864393",
"parent":"",
"text":"扩散",
"mid":"zFQJbxAwU",
"date":"2013-07-13 23:18:07"
},
{
"kids":[],
"uid":"1871995287",
"parent":"zFQvui1qS",
"text":"",
"mid":"zFQDRsF54",
"date":"2013-07-13 23:04:59"
},
{
"kids":[],
"uid":"dunfon",
"parent":"zFQ78B9Ik",
"text":"",
"mid":"zFQDP8VU1",
"date":"2013-07-13 23:04:55"
},
{
"kids":[],
"uid":"2863583312",
"parent":"",
"text":"",
"mid":"zFQDd3keV",
"date":"2013-07-13 23:03:22"
},
{
"kids":[],
"uid":"beinglive",
"parent":"zFQbruSzG",
"text":"",
"mid":"zFQCYuBS9",
"date":"2013-07-13 23:02:49"
},
{
"kids":[],
"uid":"ricardo11",
"parent":"zFQ78B9Ik",
"text":"请问这些造谣者该怎么处理？难道就没有办法治治么？！可悲的是那么多人为谎言蒙蔽双目；可恨的是别有用心者或喜于见他人恐慌或热衷提高关注度！言论自由和不负责任不是一回事，任何国家都如此，凡事有度有理，醒醒吧！",
"mid":"zFQCgdCkJ",
"date":"2013-07-13 23:01:02"
},
{
"kids":[],
"uid":"lcRaymmond",
"parent":"zFQw67I8g",
"text":"",
"mid":"zFQwMEWJx",
"date":"2013-07-13 22:47:32"
},
{
"kids":[],
"uid":"3513274774",
"parent":"zFQ78B9Ik",
"text":"我去 ,欺骗我感情 。@平安中山",
"mid":"zFQwgcOAB",
"date":"2013-07-13 22:46:16"
},
{
"kids":[
"zFQwMEWJx"
],
"uid":"2288923624",
"parent":"",
"text":"",
"mid":"zFQw67I8g",
"date":"2013-07-13 22:45:51"
},
{
"kids":[
"zFQDRsF54"
],
"uid":"2344850077",
"parent":"zFPrrE8Oe",
"text":"",
"mid":"zFQvui1qS",
"date":"2013-07-13 22:44:23"
},
{
"kids":[],
"uid":"2091801895",
"parent":"zFQ78B9Ik",
"text":"",
"mid":"zFQtDFjnX",
"date":"2013-07-13 22:39:47"
},
{
"kids":[],
"uid":"zxlu",
"parent":"zFQbruSzG",
"text":"丢@平安中山: 经多方了解，找到了信息来源：网民@岚0109 上午8时许自称“朋友的同事的女儿在江西省南昌市大润发超市附近被人拐走”江西部分蓝V进行了转发。12时许发微博称孩子已找到。所有信息均只有该网民一人所述，无法证实真假。但是，直接将信息造谣为中山大润发孩子被拐，野原新之介是始作俑者。",
"mid":"zFQrznSBi",
"date":"2013-07-13 22:34:43"
},
{
"kids":[],
"uid":"1892696983",
"parent":"zFPrrE8Oe",
"text":"",
"mid":"zFQqtbpVf",
"date":"2013-07-13 22:32:00"
},
{
"kids":[],
"uid":"2085874723",
"parent":"zFQbruSzG",
"text":"不管点，孩子找到就好了，希望那孩子的父母下次要注意了，同时也提醒广大父母带孩子出门要看好孩子，预防走失",
"mid":"zFQno0HdO",
"date":"2013-07-13 22:24:24"
},
{
"kids":[
"zFQRHkBzi"
],
"uid":"2729489334",
"parent":"zFQ78B9Ik",
"text":"，",
"mid":"zFQmppeyA",
"date":"2013-07-13 22:22:00"
},
{
"kids":[],
"uid":"2613234937",
"parent":"zFQ78B9Ik",
"text":"",
"mid":"zFQjZ0hCD",
"date":"2013-07-13 22:16:00"
},
{
"kids":[],
"uid":"2780306547",
"parent":"zFQbruSzG",
"text":"",
"mid":"zFQjt7uR9",
"date":"2013-07-13 22:14:45"
},
{
"kids":[],
"uid":"vvincy2",
"parent":"",
"text":"",
"mid":"zFQgtxif8",
"date":"2013-07-13 22:07:21"
},
{
"kids":[],
"uid":"2136222171",
"parent":"zFQbruSzG",
"text":"中山真的不平安",
"mid":"zFQgnhdTW",
"date":"2013-07-13 22:07:08"
},
{
"kids":[],
"uid":"1652568984",
"parent":"zFQbruSzG",
"text":"@fanny--fanny 又系谣传啊",
"mid":"zFQeTr7vO",
"date":"2013-07-13 22:03:29"
},
{
"kids":[],
"uid":"1764921431",
"parent":"zFQbruSzG",
"text":"",
"mid":"zFQerlJ4c",
"date":"2013-07-13 22:02:21"
},
{
"kids":[],
"uid":"2475926225",
"parent":"",
"text":"",
"mid":"zFQemBT7E",
"date":"2013-07-13 22:02:11"
},
{
"kids":[],
"uid":"zwpla",
"parent":"zFQ78B9Ik",
"text":"",
"mid":"zFQdoBplq",
"date":"2013-07-13 21:59:46"
},
{
"kids":[],
"uid":"1751933292",
"parent":"zFQbruSzG",
"text":"",
"mid":"zFQdnqyUE",
"date":"2013-07-13 21:59:42"
},
{
"kids":[],
"uid":"diaomanbabay",
"parent":"zFQbruSzG",
"text":"TNND，这不是欺骗我们感情吗？够下贱的。",
"mid":"zFQctzipe",
"date":"2013-07-13 21:57:33"
},
{
"kids":[],
"uid":"1532402955",
"parent":"zFQbruSzG",
"text":"",
"mid":"zFQc30Qx7",
"date":"2013-07-13 21:56:27"
},
{
"kids":[
"zFQCYuBS9",
"zFQrznSBi",
"zFQno0HdO",
"zFQjt7uR9",
"zFQgnhdTW",
"zFQeTr7vO",
"zFQerlJ4c",
"zFQdnqyUE",
"zFQctzipe",
"zFQc30Qx7"
],
"uid":"chengshilingjuli",
"parent":"zFQ78B9Ik",
"text":"",
"mid":"zFQbruSzG",
"date":"2013-07-13 21:54:56"
},
{
"kids":[],
"uid":"kakarong",
"parent":"zFQ78B9Ik",
"text":"造谣死全家",
"mid":"zFQ93s05I",
"date":"2013-07-13 21:49:05"
},
{
"kids":[],
"uid":"2045511100",
"parent":"zFQ1TC2kk",
"text":"@多矛盾大只咪",
"mid":"zFQ7oips7",
"date":"2013-07-13 21:45:03"
},
{
"kids":[
"A03A0gcZr",
"A036z00YJ",
"A02etrqOH",
"zFWLk18SG",
"zFWymxfsD",
"zFVQBmupi",
"zFVN744ZS",
"zFQRHkBzi",
"zFQDP8VU1",
"zFQCYuBS9",
"zFQCgdCkJ",
"zFQwgcOAB",
"zFQtDFjnX",
"zFQrznSBi",
"zFQno0HdO",
"zFQmppeyA",
"zFQjZ0hCD",
"zFQjt7uR9",
"zFQgnhdTW",
"zFQeTr7vO",
"zFQerlJ4c",
"zFQdoBplq",
"zFQdnqyUE",
"zFQctzipe",
"zFQc30Qx7",
"zFQbruSzG",
"zFQ93s05I"
],
"uid":"345760110",
"parent":"",
"text":"经多方了解，找到了信息来源：网民@岚0109 上午8时许自称“朋友的同事的女儿在江西省南昌市广场南路大润发超市附近被人拐走”江西部分蓝V进行了转发。12时许发微博称孩子已找到。所有信息均只有该网民一人所述，无法证实真假。但是，直接将信息造谣为中山大润发孩子被拐，野原新之介是始作俑者。",
"mid":"zFQ78B9Ik",
"date":"2013-07-13 21:44:23"
},
{
"kids":[
"A31J8DgdC",
"A2PWOjfOc",
"A26WltSrG",
"A24sFEfcG",
"A0RuI5dem",
"A0IDc87j0",
"A0I6s7ars",
"zFWJcrwiJ",
"zFUxGs7Lq"
],
"uid":"2714715887",
"parent":"",
"text":"",
"mid":"zFQ75DP7P",
"date":"2013-07-13 21:44:16"
},
{
"kids":[],
"uid":"2707871322",
"parent":"",
"text":"",
"mid":"zFQ6X99YL",
"date":"2013-07-13 21:43:53"
},
{
"kids":[],
"uid":"2189711910",
"parent":"",
"text":"个人觉得事情需要考证。",
"mid":"zFQ5WrMhG",
"date":"2013-07-13 21:41:27"
},
{
"kids":[],
"uid":"2435221232",
"parent":"zFQ1w0Prd",
"text":"",
"mid":"zFQ3OETjA",
"date":"2013-07-13 21:36:12"
},
{
"kids":[
"zFQ7oips7"
],
"uid":"2797167404",
"parent":"",
"text":"【紧急辟谣：女童被拐是谣言】\"同学的同事的女儿\"在多个城市大润发被拐走……新会、珠海、增城、广州、中山……谣言是时候终止了！女童被拐是谣言！ （@新会网 ）",
"mid":"zFQ1TC2kk",
"date":"2013-07-13 21:31:25"
},
{
"kids":[
"zFQ3OETjA"
],
"uid":"lzyyyyyyy",
"parent":"",
"text":"",
"mid":"zFQ1w0Prd",
"date":"2013-07-13 21:30:31"
},
{
"kids":[
"A02fr5Ps0"
],
"uid":"funkydancer",
"parent":"zFPrrE8Oe",
"text":"",
"mid":"zFQ16x0XI",
"date":"2013-07-13 21:29:35"
},
{
"kids":[],
"uid":"2272365112",
"parent":"",
"text":"",
"mid":"zFQ03gQPa",
"date":"2013-07-13 21:26:53"
},
{
"kids":[],
"uid":"yuxiaoya751026",
"parent":"",
"text":"求证！",
"mid":"zFPZK4kyI",
"date":"2013-07-13 21:26:09"
},
{
"kids":[],
"uid":"2531814040",
"parent":"zFPhai4H7",
"text":"",
"mid":"zFPWheS8m",
"date":"2013-07-13 21:17:37"
},
{
"kids":[],
"uid":"yukulian0520",
"parent":"",
"text":"",
"mid":"zFPLfqSTG",
"date":"2013-07-13 20:50:24"
},
{
"kids":[],
"uid":"2653677141",
"parent":"zFPwZ3kaL",
"text":"",
"mid":"zFPyOwaA5",
"date":"2013-07-13 20:19:50"
},
{
"kids":[
"zFPyOwaA5"
],
"uid":"1001132493",
"parent":"",
"text":"",
"mid":"zFPwZ3kaL",
"date":"2013-07-13 20:15:19"
},
{
"kids":[
"zFQNotKkk"
],
"uid":"3129476012",
"parent":"",
"text":"",
"mid":"zFPtdjtNj",
"date":"2013-07-13 20:06:00"
},
{
"kids":[
"A0bJiA0Gp",
"A02fr5Ps0",
"zFUwzAEEq",
"zFRnue4uv",
"zFQDRsF54",
"zFQvui1qS",
"zFQqtbpVf",
"zFQ16x0XI"
],
"uid":"1801995340",
"parent":"",
"text":"",
"mid":"zFPrrE8Oe",
"date":"2013-07-13 20:01:41"
},
{
"kids":[
"zFPWheS8m"
],
"uid":"2499818510",
"parent":"",
"text":"",
"mid":"zFPhai4H7",
"date":"2013-07-13 19:36:23"
},
{
"kids":[],
"uid":"1771655510",
"parent":"",
"text":"",
"mid":"zFP7pFT3c",
"date":"2013-07-13 19:12:19"
},
{
"kids":[],
"uid":"2645071411",
"parent":"",
"text":"转转转！！",
"mid":"zFP776ct4",
"date":"2013-07-13 19:11:34"
},
{
"kids":[
"zFR58kmhv",
"zFR2SdTgn",
"zFQL7eGZZ"
],
"uid":"1951102102",
"parent":"",
"text":"[衰]",
"mid":"zFOU66TuQ",
"date":"2013-07-13 18:39:30"
},
{
"kids":[
"A09JVsL4N"
],
"uid":"1862277035",
"parent":"",
"text":"",
"mid":"zFOTNfpis",
"date":"2013-07-13 18:38:43"
},
{
"kids":[],
"uid":"2472155910",
"parent":"",
"text":"",
"mid":"zFOTFyeVB",
"date":"2013-07-13 18:38:26"
},
{
"kids":[],
"uid":"samsonlu",
"parent":"",
"text":"求好心人~帮帮手",
"mid":"zFOHAc9FM",
"date":"2013-07-13 18:08:40"
},
{
"kids":[],
"uid":"1893492491",
"parent":"",
"text":"",
"mid":"zFOxT95xw",
"date":"2013-07-13 17:44:45"
},
{
"kids":[],
"uid":"2498838150",
"parent":"",
"text":"",
"mid":"zFOkjh9ym",
"date":"2013-07-13 17:11:19"
},
{
"kids":[],
"uid":"2534193624",
"parent":"",
"text":"",
"mid":"zFObAup7e",
"date":"2013-07-13 16:49:49"
},
{
"kids":[],
"uid":"2130082842",
"parent":"",
"text":"",
"mid":"zFNVmlE86",
"date":"2013-07-13 16:09:52"
},
{
"kids":[],
"uid":"1851180140",
"parent":"",
"text":"",
"mid":"zFNNy4Tdg",
"date":"2013-07-13 15:50:36"
}
]