[
{
"kids":[],
"uid":"2805371410",
"parent":"zsZSiqV02",
"text":"",
"mid":"zwmt7xalV",
"date":"2013-05-12 13:43:22"
},
{
"kids":[],
"uid":"2804525444",
"parent":"zsZSiqV02",
"text":"",
"mid":"zwcTRyV7l",
"date":"2013-05-11 13:21:49"
},
{
"kids":[],
"uid":"2919573484",
"parent":"zsZSiqV02",
"text":"",
"mid":"zwcTRyV4B",
"date":"2013-05-11 13:21:47"
},
{
"kids":[],
"uid":"3045369652",
"parent":"zsZSiqV02",
"text":"",
"mid":"zvpMPmemd",
"date":"2013-05-06 08:19:52"
},
{
"kids":[],
"uid":"3043612272",
"parent":"zsZSiqV02",
"text":"",
"mid":"zvpMP3L7T",
"date":"2013-05-06 08:19:52"
},
{
"kids":[],
"uid":"3043960232",
"parent":"zsZSiqV02",
"text":"",
"mid":"zvoJf5qRw",
"date":"2013-05-06 05:38:18"
},
{
"kids":[],
"uid":"2790013032",
"parent":"zt0Bz2e4E",
"text":"",
"mid":"zthdT66IN",
"date":"2013-04-22 06:51:13"
},
{
"kids":[],
"uid":"2808669424",
"parent":"zt0Bz2e4E",
"text":"",
"mid":"zt7gjefN4",
"date":"2013-04-21 05:29:43"
},
{
"kids":[],
"uid":"2919731910",
"parent":"zt0Bz2e4E",
"text":"",
"mid":"zt7gjdsMZ",
"date":"2013-04-21 05:29:43"
},
{
"kids":[],
"uid":"ymz23",
"parent":"zsZK99eDn",
"text":"",
"mid":"zt1Zc8YAb",
"date":"2013-04-20 16:03:49"
},
{
"kids":[],
"uid":"2208956122",
"parent":"",
"text":"祈福[蜡烛]",
"mid":"zt0TveMuK",
"date":"2013-04-20 13:17:03"
},
{
"kids":[],
"uid":"2263854731",
"parent":"zt0wiuh9d",
"text":"",
"mid":"zt0HwnPow",
"date":"2013-04-20 12:47:30"
},
{
"kids":[],
"uid":"207771336",
"parent":"",
"text":"",
"mid":"zt0Fn8hJo",
"date":"2013-04-20 12:42:15"
},
{
"kids":[
"zthdT66IN",
"zt7gjefN4",
"zt7gjdsMZ"
],
"uid":"333801987",
"parent":"",
"text":"",
"mid":"zt0Bz2e4E",
"date":"2013-04-20 12:32:50"
},
{
"kids":[
"zt0HwnPow"
],
"uid":"2803107792",
"parent":"zt05zpJ83",
"text":"",
"mid":"zt0wiuh9d",
"date":"2013-04-20 12:19:53"
},
{
"kids":[],
"uid":"2426776853",
"parent":"",
"text":"",
"mid":"zt0lQcFwM",
"date":"2013-04-20 11:54:06"
},
{
"kids":[],
"uid":"gintama02200059",
"parent":"",
"text":"",
"mid":"zt0jE0BX2",
"date":"2013-04-20 11:48:42"
},
{
"kids":[],
"uid":"1249457480",
"parent":"",
"text":"",
"mid":"zt0bx3B0c",
"date":"2013-04-20 11:28:43"
},
{
"kids":[],
"uid":"1720446524",
"parent":"zt04CC2Jm",
"text":"",
"mid":"zt07VCJz9",
"date":"2013-04-20 11:19:50"
},
{
"kids":[],
"uid":"1401255515",
"parent":"",
"text":"",
"mid":"zt06qiX6l",
"date":"2013-04-20 11:16:08"
},
{
"kids":[
"zt0wiuh9d"
],
"uid":"2124456477",
"parent":"zt04CC2Jm",
"text":"",
"mid":"zt05zpJ83",
"date":"2013-04-20 11:14:00"
},
{
"kids":[],
"uid":"zsic",
"parent":"zt04CC2Jm",
"text":"",
"mid":"zt04PBkSJ",
"date":"2013-04-20 11:12:12"
},
{
"kids":[
"zt07VCJz9",
"zt05zpJ83",
"zt04PBkSJ"
],
"uid":"1904696020",
"parent":"",
"text":"时间就是生命！[吃惊]",
"mid":"zt04CC2Jm",
"date":"2013-04-20 11:11:40"
},
{
"kids":[],
"uid":"1957441563",
"parent":"zsZRoj9SO",
"text":"生命为大",
"mid":"zt02YExOa",
"date":"2013-04-20 11:07:39"
},
{
"kids":[],
"uid":"1237987240",
"parent":"",
"text":"",
"mid":"zt022qdNJ",
"date":"2013-04-20 11:05:19"
},
{
"kids":[],
"uid":"2477373654",
"parent":"",
"text":"",
"mid":"zt00PlAx4",
"date":"2013-04-20 11:02:21"
},
{
"kids":[],
"uid":"caoxiwa",
"parent":"zsZX85pow",
"text":"",
"mid":"zsZZwFUVm",
"date":"2013-04-20 10:59:08"
},
{
"kids":[
"zsZZwFUVm"
],
"uid":"37232528",
"parent":"zsZEQx6WQ",
"text":"为什么总让我们看到这样的场景？",
"mid":"zsZX85pow",
"date":"2013-04-20 10:53:13"
},
{
"kids":[],
"uid":"enjoymydream",
"parent":"",
"text":"",
"mid":"zsZWs7yo4",
"date":"2013-04-20 10:51:33"
},
{
"kids":[],
"uid":"suikaibuki",
"parent":"zsZUmmwSd",
"text":"直接举报，小黑屋7天，不谢",
"mid":"zsZVD06Ko",
"date":"2013-04-20 10:49:32"
},
{
"kids":[],
"uid":"2909572382",
"parent":"zsZv1ie1t",
"text":"",
"mid":"zsZVesddi",
"date":"2013-04-20 10:48:33"
},
{
"kids":[],
"uid":"2291925403",
"parent":"zsZUmmwSd",
"text":"",
"mid":"zsZULc1Ii",
"date":"2013-04-20 10:47:23"
},
{
"kids":[
"zsZVD06Ko",
"zsZULc1Ii"
],
"uid":"kyonxharuharu",
"parent":"zsZKSnpfJ",
"text":"伪图确认#造谣一时爽，全家火葬场#",
"mid":"zsZUmmwSd",
"date":"2013-04-20 10:46:25"
},
{
"kids":[],
"uid":"1896597443",
"parent":"",
"text":"",
"mid":"zsZTnxgdg",
"date":"2013-04-20 10:44:00"
},
{
"kids":[
"zwmt7xalV",
"zwcTRyV7l",
"zwcTRyV4B",
"zvpMPmemd",
"zvpMP3L7T",
"zvoJf5qRw"
],
"uid":"2276438275",
"parent":"zsZRoj9SO",
"text":"",
"mid":"zsZSiqV02",
"date":"2013-04-20 10:41:21"
},
{
"kids":[
"zt02YExOa",
"zsZSiqV02"
],
"uid":"zhou123zhou",
"parent":"zsZvMitdS",
"text":"请开车的朋友出行主动避开永丰路和成雅高速！",
"mid":"zsZRoj9SO",
"date":"2013-04-20 10:39:05"
},
{
"kids":[],
"uid":"reisenudongein",
"parent":"",
"text":"冷静点",
"mid":"zsZR8jFaP",
"date":"2013-04-20 10:38:29"
},
{
"kids":[],
"uid":"2400931631",
"parent":"",
"text":"",
"mid":"zsZQgyuJq",
"date":"2013-04-20 10:36:20"
},
{
"kids":[],
"uid":"1485713381",
"parent":"zsZIB6C8i",
"text":"",
"mid":"zsZP4o3Rt",
"date":"2013-04-20 10:33:23"
},
{
"kids":[],
"uid":"2787017857",
"parent":"zsZu81iS5",
"text":"",
"mid":"zsZNZ3SAz",
"date":"2013-04-20 10:30:41"
},
{
"kids":[],
"uid":"3302838513",
"parent":"zsZKvBUZq",
"text":"挺住",
"mid":"zsZNMCRqv",
"date":"2013-04-20 10:30:12"
},
{
"kids":[],
"uid":"dido2013",
"parent":"zsZIO7E5Q",
"text":"@中奢网",
"mid":"zsZNjD7mB",
"date":"2013-04-20 10:29:04"
},
{
"kids":[],
"uid":"1497214743",
"parent":"zsZvdqjRD",
"text":"",
"mid":"zsZNfdl91",
"date":"2013-04-20 10:28:53"
},
{
"kids":[],
"uid":"rikusrocks",
"parent":"",
"text":"路啊……大部队过去的话会很多人吧，这边在跟着走，势必会影响交通……",
"mid":"zsZMxuNG5",
"date":"2013-04-20 10:27:09"
},
{
"kids":[],
"uid":"yys885",
"parent":"zsZK99eDn",
"text":"",
"mid":"zsZMi79If",
"date":"2013-04-20 10:26:32"
},
{
"kids":[],
"uid":"2291167370",
"parent":"zsZJ68np8",
"text":"",
"mid":"zsZLYDOfB",
"date":"2013-04-20 10:25:45"
},
{
"kids":[],
"uid":"rikusrocks",
"parent":"zsZKSnpfJ",
"text":"其实我也想去……但是怕添乱啊",
"mid":"zsZLiFrEY",
"date":"2013-04-20 10:24:06"
},
{
"kids":[
"zsZUmmwSd",
"zsZLiFrEY"
],
"uid":"kotoridesuno",
"parent":"",
"text":"……那注意安全……",
"mid":"zsZKSnpfJ",
"date":"2013-04-20 10:23:03"
},
{
"kids":[
"zsZNMCRqv"
],
"uid":"3199453125",
"parent":"",
"text":"",
"mid":"zsZKvBUZq",
"date":"2013-04-20 10:22:08"
},
{
"kids":[],
"uid":"kotoridesuno",
"parent":"",
"text":"还是别去吧……给专业的让路",
"mid":"zsZKbg5HS",
"date":"2013-04-20 10:21:20"
},
{
"kids":[
"zt1Zc8YAb",
"zsZMi79If"
],
"uid":"1091866683",
"parent":"",
"text":"",
"mid":"zsZK99eDn",
"date":"2013-04-20 10:21:14"
},
{
"kids":[],
"uid":"2612719333",
"parent":"zsZGTluZi",
"text":"",
"mid":"zsZK513NB",
"date":"2013-04-20 10:21:06"
},
{
"kids":[],
"uid":"1423065143",
"parent":"zsZqJ5ckt",
"text":"柏桦保重！四川朋友保重！",
"mid":"zsZJK303a",
"date":"2013-04-20 10:20:15"
},
{
"kids":[],
"uid":"kotoridesuno",
"parent":"",
"text":"卧艹……",
"mid":"zsZJnjl8R",
"date":"2013-04-20 10:19:20"
},
{
"kids":[
"zsZLYDOfB"
],
"uid":"2129805232",
"parent":"zsZIZ4XcY",
"text":"我也去不成QAQ",
"mid":"zsZJ68np8",
"date":"2013-04-20 10:18:40"
},
{
"kids":[
"zsZJ68np8"
],
"uid":"kotoridesuno",
"parent":"zsZIElxTy",
"text":"高速已封……",
"mid":"zsZIZ4XcY",
"date":"2013-04-20 10:18:22"
},
{
"kids":[
"zsZNjD7mB"
],
"uid":"sx1204",
"parent":"zsZIt7Rki",
"text":"",
"mid":"zsZIO7E5Q",
"date":"2013-04-20 10:17:57"
},
{
"kids":[
"zsZIZ4XcY"
],
"uid":"2129805232",
"parent":"zsZIdvsKs",
"text":"我好像去雅安帮忙QAQ",
"mid":"zsZIElxTy",
"date":"2013-04-20 10:17:33"
},
{
"kids":[
"zsZP4o3Rt"
],
"uid":"laile",
"parent":"zsZGTluZi",
"text":"",
"mid":"zsZIB6C8i",
"date":"2013-04-20 10:17:27"
},
{
"kids":[
"zsZIO7E5Q"
],
"uid":"1783036874",
"parent":"",
"text":"",
"mid":"zsZIt7Rki",
"date":"2013-04-20 10:17:07"
},
{
"kids":[],
"uid":"beiqiao",
"parent":"zsZEQx6WQ",
"text":"",
"mid":"zsZImjXbJ",
"date":"2013-04-20 10:16:51"
},
{
"kids":[],
"uid":"zzshenghuo",
"parent":"zsZvdqjRD",
"text":"",
"mid":"zsZIf0lOw",
"date":"2013-04-20 10:16:32"
},
{
"kids":[
"zsZIElxTy"
],
"uid":"kotoridesuno",
"parent":"",
"text":"雅安雨城区没啥大问题",
"mid":"zsZIdvsKs",
"date":"2013-04-20 10:16:30"
},
{
"kids":[
"zsZK513NB",
"zsZIB6C8i"
],
"uid":"ayuan133",
"parent":"zsZvMitdS",
"text":"",
"mid":"zsZGTluZi",
"date":"2013-04-20 10:13:13"
},
{
"kids":[],
"uid":"lovelykira",
"parent":"",
"text":"",
"mid":"zsZG56wFA",
"date":"2013-04-20 10:11:14"
},
{
"kids":[],
"uid":"207512373",
"parent":"zsZEQx6WQ",
"text":"",
"mid":"zsZFBfC31",
"date":"2013-04-20 10:10:03"
},
{
"kids":[],
"uid":"220444678",
"parent":"zsZCHB18Q",
"text":"祈祷雅安平安！！！！！",
"mid":"zsZFbwSaA",
"date":"2013-04-20 10:09:02"
},
{
"kids":[],
"uid":"1348435165",
"parent":"",
"text":"",
"mid":"zsZEQzoLK",
"date":"2013-04-20 10:08:12"
},
{
"kids":[
"zsZX85pow",
"zsZImjXbJ",
"zsZFBfC31"
],
"uid":"yobang",
"parent":"",
"text":"",
"mid":"zsZEQx6WQ",
"date":"2013-04-20 10:08:10"
},
{
"kids":[],
"uid":"3255849804",
"parent":"",
"text":"",
"mid":"zsZEqfaQR",
"date":"2013-04-20 10:07:09"
},
{
"kids":[],
"uid":"2129805232",
"parent":"",
"text":"",
"mid":"zsZDHFkXg",
"date":"2013-04-20 10:05:22"
},
{
"kids":[],
"uid":"1657563582",
"parent":"",
"text":"保佑！",
"mid":"zsZDoqhhh",
"date":"2013-04-20 10:04:37"
},
{
"kids":[
"zsZFbwSaA"
],
"uid":"1804356172",
"parent":"zsZCgoR8D",
"text":"让出生命通道！",
"mid":"zsZCHB18Q",
"date":"2013-04-20 10:02:54"
},
{
"kids":[],
"uid":"1769497022",
"parent":"",
"text":"",
"mid":"zsZCsuWUr",
"date":"2013-04-20 10:02:19"
},
{
"kids":[
"zsZCHB18Q"
],
"uid":"baiyiding",
"parent":"zsZvMitdS",
"text":"",
"mid":"zsZCgoR8D",
"date":"2013-04-20 10:01:49"
},
{
"kids":[],
"uid":"jinzhong1989",
"parent":"",
"text":"[伤心]",
"mid":"zsZCg7fZ7",
"date":"2013-04-20 10:01:49"
},
{
"kids":[],
"uid":"2143408177",
"parent":"zsZv3AHnE",
"text":"",
"mid":"zsZBWCHKY",
"date":"2013-04-20 10:01:03"
},
{
"kids":[],
"uid":"zjy2345",
"parent":"",
"text":"",
"mid":"zsZBQowam",
"date":"2013-04-20 10:00:47"
},
{
"kids":[],
"uid":"cf1132",
"parent":"",
"text":"",
"mid":"zsZBl4kLV",
"date":"2013-04-20 09:59:32"
},
{
"kids":[],
"uid":"1933486225",
"parent":"zsZwHxXch",
"text":"",
"mid":"zsZAEemh9",
"date":"2013-04-20 09:57:50"
},
{
"kids":[],
"uid":"1841466001",
"parent":"zsZw90tpB",
"text":"祈祷!",
"mid":"zsZAi4ATB",
"date":"2013-04-20 09:56:58"
},
{
"kids":[],
"uid":"2117138260",
"parent":"zsZwb7b7f",
"text":"请尽量让出成雅高速",
"mid":"zsZA7aRJK",
"date":"2013-04-20 09:56:30"
},
{
"kids":[],
"uid":"3213991205",
"parent":"",
"text":"",
"mid":"zsZxlsvx5",
"date":"2013-04-20 09:49:43"
},
{
"kids":[],
"uid":"yuxd",
"parent":"zsZwb7b7f",
"text":"成都市民也能行动！！1",
"mid":"zsZxh1VbT",
"date":"2013-04-20 09:49:31"
},
{
"kids":[],
"uid":"2957465047",
"parent":"",
"text":"",
"mid":"zsZx93aMv",
"date":"2013-04-20 09:49:12"
},
{
"kids":[
"zsZAEemh9"
],
"uid":"cmrlin",
"parent":"zsZvdqjRD",
"text":"",
"mid":"zsZwHxXch",
"date":"2013-04-20 09:48:07"
},
{
"kids":[],
"uid":"2510473135",
"parent":"zsZwb7b7f",
"text":"转发微博。",
"mid":"zsZwrmk9z",
"date":"2013-04-20 09:47:29"
},
{
"kids":[],
"uid":"qinke81",
"parent":"zsZtsDYEU",
"text":"",
"mid":"zsZwo3VhP",
"date":"2013-04-20 09:47:21"
},
{
"kids":[],
"uid":"linfangping1",
"parent":"zsZvdqjRD",
"text":"",
"mid":"zsZweAhUJ",
"date":"2013-04-20 09:46:58"
},
{
"kids":[],
"uid":"2954368902",
"parent":"zsZu81iS5",
"text":"[蜡烛]",
"mid":"zsZwdsS28",
"date":"2013-04-20 09:46:54"
},
{
"kids":[
"zsZA7aRJK",
"zsZxh1VbT",
"zsZwrmk9z"
],
"uid":"chenxin331122",
"parent":"zsZvdqjRD",
"text":"转！！",
"mid":"zsZwb7b7f",
"date":"2013-04-20 09:46:51"
},
{
"kids":[
"zsZAi4ATB"
],
"uid":"shengyiyingct",
"parent":"zsZqJ5ckt",
"text":"祈祷！",
"mid":"zsZw90tpB",
"date":"2013-04-20 09:46:44"
},
{
"kids":[],
"uid":"2485094335",
"parent":"zsZu81iS5",
"text":"雅安挺住",
"mid":"zsZvSqwI8",
"date":"2013-04-20 09:46:06"
},
{
"kids":[
"zsZRoj9SO",
"zsZGTluZi",
"zsZCgoR8D"
],
"uid":"chuyu0858",
"parent":"zsZvdqjRD",
"text":"",
"mid":"zsZvMitdS",
"date":"2013-04-20 09:45:50"
},
{
"kids":[],
"uid":"2247652947",
"parent":"zsZsqcGhp",
"text":"",
"mid":"zsZvhdjr2",
"date":"2013-04-20 09:44:37"
},
{
"kids":[
"zsZNfdl91",
"zsZIf0lOw",
"zsZwHxXch",
"zsZweAhUJ",
"zsZwb7b7f",
"zsZvMitdS"
],
"uid":"hebaoguo",
"parent":"zsZtSmNdc",
"text":"",
"mid":"zsZvdqjRD",
"date":"2013-04-20 09:44:26"
},
{
"kids":[
"zsZBWCHKY"
],
"uid":"234798162",
"parent":"zsZtK4g9d",
"text":"",
"mid":"zsZv3AHnE",
"date":"2013-04-20 09:44:05"
},
{
"kids":[
"zsZVesddi"
],
"uid":"edant",
"parent":"",
"text":"",
"mid":"zsZv1ie1t",
"date":"2013-04-20 09:43:58"
},
{
"kids":[],
"uid":"lovekfx",
"parent":"zsZu81iS5",
"text":"",
"mid":"zsZuMcEKe",
"date":"2013-04-20 09:43:23"
},
{
"kids":[],
"uid":"1106212411",
"parent":"zsZu81iS5",
"text":"",
"mid":"zsZuwf9Jz",
"date":"2013-04-20 09:42:45"
},
{
"kids":[],
"uid":"2350839751",
"parent":"zsZu81iS5",
"text":"转发微博。",
"mid":"zsZus7nEh",
"date":"2013-04-20 09:42:35"
},
{
"kids":[],
"uid":"2762283817",
"parent":"",
"text":"",
"mid":"zsZus6YNL",
"date":"2013-04-20 09:42:34"
},
{
"kids":[
"zsZNZ3SAz",
"zsZwdsS28",
"zsZvSqwI8",
"zsZuMcEKe",
"zsZuwf9Jz",
"zsZus7nEh"
],
"uid":"tjdafa",
"parent":"zsZtSmNdc",
"text":"",
"mid":"zsZu81iS5",
"date":"2013-04-20 09:41:47"
},
{
"kids":[],
"uid":"2737693913",
"parent":"",
"text":"谢谢",
"mid":"zsZtXm1Q7",
"date":"2013-04-20 09:41:22"
},
{
"kids":[
"zsZvdqjRD",
"zsZu81iS5"
],
"uid":"275533495",
"parent":"zsZtsDYEU",
"text":"",
"mid":"zsZtSmNdc",
"date":"2013-04-20 09:41:09"
},
{
"kids":[],
"uid":"1424243372",
"parent":"",
"text":"",
"mid":"zsZtNAN8s",
"date":"2013-04-20 09:40:58"
},
{
"kids":[
"zsZv3AHnE"
],
"uid":"moyuemili",
"parent":"",
"text":"扩",
"mid":"zsZtK4g9d",
"date":"2013-04-20 09:40:50"
},
{
"kids":[
"zsZwo3VhP",
"zsZtSmNdc"
],
"uid":"hanzongbao",
"parent":"zsZqJ5ckt",
"text":"[话筒]",
"mid":"zsZtsDYEU",
"date":"2013-04-20 09:40:08"
},
{
"kids":[
"zsZvhdjr2"
],
"uid":"wangfudong",
"parent":"",
"text":"",
"mid":"zsZsqcGhp",
"date":"2013-04-20 09:37:35"
},
{
"kids":[],
"uid":"guilinivan",
"parent":"",
"text":"[蜡烛]",
"mid":"zsZrLqtIS",
"date":"2013-04-20 09:35:58"
},
{
"kids":[
"zsZJK303a",
"zsZw90tpB",
"zsZtsDYEU"
],
"uid":"2419535043",
"parent":"",
"text":"痛哭！",
"mid":"zsZqJ5ckt",
"date":"2013-04-20 09:33:24"
}
]