[
{
"kids":[],
"uid":"3043893402",
"parent":"ztceW8h9h",
"text":"",
"mid":"zvbrSc4kv",
"date":"2013-05-04 19:49:48"
},
{
"kids":[],
"uid":"2920180470",
"parent":"ztceW8h9h",
"text":"",
"mid":"zvbrSafE4",
"date":"2013-05-04 19:49:45"
},
{
"kids":[],
"uid":"2453170860",
"parent":"zt2yd793e",
"text":"",
"mid":"zv8TIibBi",
"date":"2013-05-04 13:20:08"
},
{
"kids":[],
"uid":"1582916687",
"parent":"",
"text":"",
"mid":"zv52c1Slf",
"date":"2013-05-04 03:30:03"
},
{
"kids":[],
"uid":"3043531354",
"parent":"",
"text":"",
"mid":"zv52c1SjC",
"date":"2013-05-04 03:30:03"
},
{
"kids":[],
"uid":"3044194570",
"parent":"",
"text":"",
"mid":"zuORMD5ag",
"date":"2013-05-02 10:20:26"
},
{
"kids":[],
"uid":"3044369400",
"parent":"zt7Aro2Dp",
"text":"",
"mid":"zuFcU1zgC",
"date":"2013-05-01 09:45:00"
},
{
"kids":[],
"uid":"1583698710",
"parent":"zt3aipO4a",
"text":"",
"mid":"zuE0gk2Fz",
"date":"2013-05-01 06:41:06"
},
{
"kids":[],
"uid":"3043967542",
"parent":"",
"text":"",
"mid":"zuBwDpYCD",
"date":"2013-05-01 00:22:38"
},
{
"kids":[],
"uid":"2919783002",
"parent":"",
"text":"",
"mid":"zuBwD8nkL",
"date":"2013-05-01 00:22:38"
},
{
"kids":[],
"uid":"2789817762",
"parent":"zt3aipO4a",
"text":"",
"mid":"zut9AgAec",
"date":"2013-04-30 03:03:52"
},
{
"kids":[],
"uid":"2803373950",
"parent":"zt3aipO4a",
"text":"",
"mid":"zut9zEWwN",
"date":"2013-04-30 03:03:52"
},
{
"kids":[],
"uid":"3043536724",
"parent":"",
"text":"",
"mid":"zu9rtj242",
"date":"2013-04-28 00:52:58"
},
{
"kids":[],
"uid":"1722974887",
"parent":"",
"text":"",
"mid":"zu2xV2n8E",
"date":"2013-04-27 07:19:40"
},
{
"kids":[],
"uid":"3043910472",
"parent":"",
"text":"",
"mid":"zu2xV1o4u",
"date":"2013-04-27 07:19:40"
},
{
"kids":[],
"uid":"2060657511",
"parent":"zt4jHqYTd",
"text":"我兄弟不容易啊，走哪震哪！",
"mid":"ztYR8frcg",
"date":"2013-04-26 21:55:58"
},
{
"kids":[],
"uid":"2920330080",
"parent":"",
"text":"",
"mid":"ztJVEnvgy",
"date":"2013-04-25 07:55:56"
},
{
"kids":[],
"uid":"1582877835",
"parent":"zt3aipO4a",
"text":"",
"mid":"ztIMDwWYj",
"date":"2013-04-25 05:00:59"
},
{
"kids":[],
"uid":"1440482283",
"parent":"zt9mZDuLW",
"text":"",
"mid":"ztIvFjltV",
"date":"2013-04-25 04:19:11"
},
{
"kids":[],
"uid":"2789941060",
"parent":"zt3aipO4a",
"text":"",
"mid":"ztF905jh4",
"date":"2013-04-24 19:45:05"
},
{
"kids":[],
"uid":"2919713414",
"parent":"zt3aipO4a",
"text":"",
"mid":"ztF8ZtFzj",
"date":"2013-04-24 19:45:05"
},
{
"kids":[],
"uid":"2671147261",
"parent":"",
"text":"",
"mid":"ztBxh4KFO",
"date":"2013-04-24 10:33:55"
},
{
"kids":[],
"uid":"2809680710",
"parent":"zt9mZDuLW",
"text":"",
"mid":"ztzbl7gsT",
"date":"2013-04-24 04:34:23"
},
{
"kids":[],
"uid":"3043740470",
"parent":"zt9mZDuLW",
"text":"",
"mid":"ztzbl7grv",
"date":"2013-04-24 04:34:23"
},
{
"kids":[],
"uid":"3044251194",
"parent":"",
"text":"",
"mid":"ztyO0mQgm",
"date":"2013-04-24 03:36:54"
},
{
"kids":[],
"uid":"2920168162",
"parent":"",
"text":"",
"mid":"ztyO0mQeI",
"date":"2013-04-24 03:36:54"
},
{
"kids":[],
"uid":"1874474183",
"parent":"",
"text":"受不了了，太可爱了，好像要一只熊猫",
"mid":"ztvdUsjEb",
"date":"2013-04-23 18:29:43"
},
{
"kids":[],
"uid":"2789860662",
"parent":"zt2yzyv7I",
"text":"",
"mid":"ztr8XwcDB",
"date":"2013-04-23 08:06:33"
},
{
"kids":[],
"uid":"3087629253",
"parent":"",
"text":"真的心酸",
"mid":"ztjHO0GJy",
"date":"2013-04-22 13:10:25"
},
{
"kids":[],
"uid":"2920286764",
"parent":"zt2yzyv7I",
"text":"",
"mid":"ztgPedonD",
"date":"2013-04-22 05:50:27"
},
{
"kids":[],
"uid":"3044177102",
"parent":"zt2yzyv7I",
"text":"",
"mid":"ztgPdBKH4",
"date":"2013-04-22 05:50:27"
},
{
"kids":[],
"uid":"3044297100",
"parent":"",
"text":"",
"mid":"ztgmWtaWp",
"date":"2013-04-22 04:40:46"
},
{
"kids":[],
"uid":"1440772042",
"parent":"",
"text":"",
"mid":"ztfUpmwya",
"date":"2013-04-22 03:30:28"
},
{
"kids":[],
"uid":"2920074560",
"parent":"",
"text":"",
"mid":"ztfUpkWoZ",
"date":"2013-04-22 03:30:29"
},
{
"kids":[],
"uid":"1560967535",
"parent":"",
"text":"",
"mid":"ztfQa494z",
"date":"2013-04-22 03:20:00"
},
{
"kids":[],
"uid":"2311758251",
"parent":"zt4sSz606",
"text":"",
"mid":"ztetU6N7Y",
"date":"2013-04-21 23:52:24"
},
{
"kids":[],
"uid":"2161173801",
"parent":"",
"text":"",
"mid":"ztdZirGcf",
"date":"2013-04-21 22:37:03"
},
{
"kids":[],
"uid":"3052072263",
"parent":"",
"text":"被吓到了吧。[熊猫]",
"mid":"ztdmQpbms",
"date":"2013-04-21 21:02:18"
},
{
"kids":[
"zvbrSc4kv",
"zvbrSafE4"
],
"uid":"2557844745",
"parent":"",
"text":"@李玉婷Georgina 很乖很萌有木有",
"mid":"ztceW8h9h",
"date":"2013-04-21 18:10:04"
},
{
"kids":[],
"uid":"1792067401",
"parent":"zt9PTsreM",
"text":"求抱我！",
"mid":"ztbOu8jZR",
"date":"2013-04-21 17:04:52"
},
{
"kids":[],
"uid":"guaiff",
"parent":"zt96Rp5Ab",
"text":"造孽得很，每次地震都要吓到这些宝贝儿",
"mid":"ztacZrVzl",
"date":"2013-04-21 12:59:45"
},
{
"kids":[
"ztbOu8jZR"
],
"uid":"beckathunder",
"parent":"zt56Hp29r",
"text":"[许愿]",
"mid":"zt9PTsreM",
"date":"2013-04-21 12:02:53"
},
{
"kids":[],
"uid":"3247169614",
"parent":"",
"text":"",
"mid":"zt9LMdPGU",
"date":"2013-04-21 11:52:44"
},
{
"kids":[],
"uid":"3226188105",
"parent":"",
"text":"",
"mid":"zt9xL7CuX",
"date":"2013-04-21 11:18:10"
},
{
"kids":[
"ztIvFjltV",
"ztzbl7gsT",
"ztzbl7grv"
],
"uid":"2296371225",
"parent":"",
"text":"姐姐把脚借给你们@恬Myra @_张大谦 @Y瀚林每个月总有那么几天扶不住 [亲亲]",
"mid":"zt9mZDuLW",
"date":"2013-04-21 10:51:41"
},
{
"kids":[
"ztacZrVzl"
],
"uid":"1561190875",
"parent":"",
"text":"可怜滴宝贝[爱你]",
"mid":"zt96Rp5Ab",
"date":"2013-04-21 10:11:56"
},
{
"kids":[],
"uid":"2526610614",
"parent":"",
"text":"哇！！好萌",
"mid":"zt8PO6gVk",
"date":"2013-04-21 09:29:55"
},
{
"kids":[],
"uid":"2628265447",
"parent":"",
"text":"",
"mid":"zt8Gtx4Ve",
"date":"2013-04-21 09:06:56"
},
{
"kids":[],
"uid":"1847436692",
"parent":"",
"text":"[蜡烛]",
"mid":"zt8k2nEnu",
"date":"2013-04-21 08:11:38"
},
{
"kids":[],
"uid":"3039032111",
"parent":"",
"text":"",
"mid":"zt8gmhlZo",
"date":"2013-04-21 08:02:35"
},
{
"kids":[],
"uid":"2879341011",
"parent":"",
"text":"",
"mid":"zt8drn1ks",
"date":"2013-04-21 07:55:24"
},
{
"kids":[],
"uid":"2483992394",
"parent":"",
"text":"尼玛的  [哈哈][哈哈][哈哈][哈哈][哈哈][哈哈]",
"mid":"zt8ag3fks",
"date":"2013-04-21 07:47:32"
},
{
"kids":[],
"uid":"2952533807",
"parent":"zt4HlEyGP",
"text":"好乖喔、、、@---不能再手贱的WTT @熹熹要考研 @陈海静- @Daisyv茜 @Jason_黄灿 @君永远记得他想做的 @要努力的曹童鞋",
"mid":"zt84X91dg",
"date":"2013-04-21 07:34:28"
},
{
"kids":[],
"uid":"3103716793",
"parent":"",
"text":"哈哈哈哈，太可爱了",
"mid":"zt7IKaFZ0",
"date":"2013-04-21 06:39:46"
},
{
"kids":[],
"uid":"1658829343",
"parent":"zt55X2Yzs",
"text":"[爱你][泪]",
"mid":"zt7Bu8V4h",
"date":"2013-04-21 06:21:53"
},
{
"kids":[
"zuFcU1zgC"
],
"uid":"2707346263",
"parent":"zt3jBsVjk",
"text":"无情的天灾！可爱的国宝！",
"mid":"zt7Aro2Dp",
"date":"2013-04-21 06:19:19"
},
{
"kids":[],
"uid":"2576853055",
"parent":"",
"text":"祝你一臂之力[强壮][强壮][强壮]",
"mid":"zt6CZr0Pz",
"date":"2013-04-21 03:52:51"
},
{
"kids":[],
"uid":"1588507100",
"parent":"",
"text":"",
"mid":"zt6BLsx4V",
"date":"2013-04-21 03:49:50"
},
{
"kids":[],
"uid":"2536102234",
"parent":"zt3oKCiDO",
"text":"",
"mid":"zt6oBkE18",
"date":"2013-04-21 03:17:23"
},
{
"kids":[],
"uid":"1439562411",
"parent":"zt3RADeEX",
"text":"",
"mid":"zt6ca6Whj",
"date":"2013-04-21 02:46:45"
},
{
"kids":[],
"uid":"1582731007",
"parent":"zt3RADeEX",
"text":"",
"mid":"zt6ca5J43",
"date":"2013-04-21 02:46:45"
},
{
"kids":[],
"uid":"1583092117",
"parent":"",
"text":"",
"mid":"zt69tpnLA",
"date":"2013-04-21 02:40:08"
},
{
"kids":[],
"uid":"1052706073",
"parent":"",
"text":"多么可爱的熊猫，似乎它也有和人一样的感应！宝贝，挺住！[可怜][围观]",
"mid":"zt60Ute3b",
"date":"2013-04-21 02:19:02"
},
{
"kids":[],
"uid":"1583549184",
"parent":"",
"text":"哎，真的好造孽，",
"mid":"zt5QUwUSh",
"date":"2013-04-21 01:54:24"
},
{
"kids":[],
"uid":"1690000297",
"parent":"",
"text":"",
"mid":"zt5L2stad",
"date":"2013-04-21 01:39:55"
},
{
"kids":[],
"uid":"cherryyang1111",
"parent":"",
"text":"",
"mid":"zt5HSgnhi",
"date":"2013-04-21 01:32:08"
},
{
"kids":[],
"uid":"2287980507",
"parent":"",
"text":"太可爱了！",
"mid":"zt5Ef6wQ5",
"date":"2013-04-21 01:23:11"
},
{
"kids":[],
"uid":"2707614741",
"parent":"",
"text":"[爱心传递]感动……",
"mid":"zt5C71R8x",
"date":"2013-04-21 01:17:56"
},
{
"kids":[],
"uid":"1440414292",
"parent":"",
"text":"",
"mid":"zt5vStAfg",
"date":"2013-04-21 01:02:35"
},
{
"kids":[],
"uid":"3049031461",
"parent":"",
"text":"",
"mid":"zt5sWaBtK",
"date":"2013-04-21 00:55:20"
},
{
"kids":[],
"uid":"2804643390",
"parent":"",
"text":"",
"mid":"zt5nfmpdE",
"date":"2013-04-21 00:41:20"
},
{
"kids":[],
"uid":"2271258804",
"parent":"zt4B4xB0l",
"text":"",
"mid":"zt5l0dLla",
"date":"2013-04-21 00:35:44"
},
{
"kids":[],
"uid":"1823361122",
"parent":"",
"text":"轉發微博",
"mid":"zt5hn342E",
"date":"2013-04-21 00:26:49"
},
{
"kids":[],
"uid":"1936382475",
"parent":"",
"text":"可怜滴熊猫猫，不怕不怕哈",
"mid":"zt5fpzRaH",
"date":"2013-04-21 00:22:01"
},
{
"kids":[],
"uid":"claudialam000",
"parent":"zt2pLvHOO",
"text":"[晕][偷笑][偷笑][萌]",
"mid":"zt5fd9heL",
"date":"2013-04-21 00:21:31"
},
{
"kids":[],
"uid":"2735962744",
"parent":"zt5aIuo2E",
"text":"",
"mid":"zt5bTwFtW",
"date":"2013-04-21 00:13:21"
},
{
"kids":[
"zt5bTwFtW"
],
"uid":"2837024424",
"parent":"",
"text":"",
"mid":"zt5aIuo2E",
"date":"2013-04-21 00:10:23"
},
{
"kids":[],
"uid":"takarainatusmi",
"parent":"zt56Hp29r",
"text":"萌翻了@JudyGWeir",
"mid":"zt59Yq9P6",
"date":"2013-04-21 00:08:37"
},
{
"kids":[],
"uid":"2695364211",
"parent":"",
"text":"这不是汶川地震的时候被吓坏的熊猫么...",
"mid":"zt59B4yCb",
"date":"2013-04-21 00:07:41"
},
{
"kids":[],
"uid":"1878357824",
"parent":"",
"text":"传是假消息，利用灾害搏眼球的娃儿要走十年霉运！",
"mid":"zt57fpyvs",
"date":"2013-04-21 00:01:52"
},
{
"kids":[
"zt9PTsreM",
"zt59Yq9P6"
],
"uid":"2646695863",
"parent":"zt54g5Zaj",
"text":"好乖哦[偷笑]",
"mid":"zt56Hp29r",
"date":"2013-04-21 00:00:30"
},
{
"kids":[],
"uid":"1769139345",
"parent":"",
"text":"[爱心传递]",
"mid":"zt5624X1t",
"date":"2013-04-20 23:58:54"
},
{
"kids":[
"zt7Bu8V4h"
],
"uid":"shan333shan",
"parent":"zt4Vn2FBn",
"text":"",
"mid":"zt55X2Yzs",
"date":"2013-04-20 23:58:39"
},
{
"kids":[
"zt56Hp29r"
],
"uid":"1655644080",
"parent":"",
"text":"回复@Miss-Titanium:乖得板！！！",
"mid":"zt54g5Zaj",
"date":"2013-04-20 23:54:31"
},
{
"kids":[],
"uid":"2343242744",
"parent":"",
"text":"看的眼泪都出来了好可怜好可爱的熊猫::>_<::",
"mid":"zt4ZldjLs",
"date":"2013-04-20 23:42:25"
},
{
"kids":[],
"uid":"2127933591",
"parent":"",
"text":"[蜡烛][蜡烛][蜡烛]@简洁emily",
"mid":"zt4Zh4aXc",
"date":"2013-04-20 23:42:15"
},
{
"kids":[],
"uid":"1776695633",
"parent":"",
"text":"整喊我了…[泪][泪]",
"mid":"zt4YE3nmx",
"date":"2013-04-20 23:40:42"
},
{
"kids":[
"zt55X2Yzs"
],
"uid":"cjoeson",
"parent":"",
"text":"我們熊貓不怕的！！[熊猫]",
"mid":"zt4Vn2FBn",
"date":"2013-04-20 23:32:38"
},
{
"kids":[],
"uid":"little3zi",
"parent":"",
"text":"",
"mid":"zt4TTrt4z",
"date":"2013-04-20 23:29:00"
},
{
"kids":[],
"uid":"234895949",
"parent":"zt40p2Er0",
"text":"[泪] 雅安挺住",
"mid":"zt4TQckJY",
"date":"2013-04-20 23:28:52"
},
{
"kids":[],
"uid":"january16",
"parent":"zt4L3zhEk",
"text":"",
"mid":"zt4TcifCl",
"date":"2013-04-20 23:27:17"
},
{
"kids":[],
"uid":"2044343944",
"parent":"zt4PDw6Vg",
"text":"",
"mid":"zt4RDC5HV",
"date":"2013-04-20 23:23:28"
},
{
"kids":[],
"uid":"2691934742",
"parent":"",
"text":"",
"mid":"zt4QLgNRz",
"date":"2013-04-20 23:21:14"
},
{
"kids":[
"zt4RDC5HV"
],
"uid":"2402155304",
"parent":"",
"text":"[熊猫]发嗲~@猫S熊 [bm可爱]",
"mid":"zt4PDw6Vg",
"date":"2013-04-20 23:18:31"
},
{
"kids":[],
"uid":"2267539037",
"parent":"",
"text":"抱抱[泪][泪]",
"mid":"zt4Pza9Ud",
"date":"2013-04-20 23:18:20"
},
{
"kids":[],
"uid":"730127712",
"parent":"zt3mWEgID",
"text":"",
"mid":"zt4PuEVc9",
"date":"2013-04-20 23:18:11"
},
{
"kids":[],
"uid":"3194184084",
"parent":"zt2EIrpD6",
"text":"",
"mid":"zt4OhiMSt",
"date":"2013-04-20 23:15:10"
},
{
"kids":[],
"uid":"1845354031",
"parent":"",
"text":"",
"mid":"zt4MJ0pNt",
"date":"2013-04-20 23:11:20"
},
{
"kids":[],
"uid":"1850659545",
"parent":"",
"text":"",
"mid":"zt4MG3505",
"date":"2013-04-20 23:11:13"
},
{
"kids":[
"zt4TcifCl"
],
"uid":"djjl1985",
"parent":"zt3oocf8d",
"text":"",
"mid":"zt4L3zhEk",
"date":"2013-04-20 23:07:11"
},
{
"kids":[],
"uid":"2792151357",
"parent":"",
"text":"",
"mid":"zt4L3yv9p",
"date":"2013-04-20 23:07:12"
},
{
"kids":[],
"uid":"2519499863",
"parent":"",
"text":"[衰]我晕死！",
"mid":"zt4JKCOlA",
"date":"2013-04-20 23:03:59"
},
{
"kids":[
"zt84X91dg"
],
"uid":"2687910901",
"parent":"zt4FRuhYD",
"text":"好萌啊",
"mid":"zt4HlEyGP",
"date":"2013-04-20 22:58:06"
},
{
"kids":[],
"uid":"lz1573",
"parent":"",
"text":"",
"mid":"zt4GQ3z21",
"date":"2013-04-20 22:56:50"
},
{
"kids":[],
"uid":"527891167",
"parent":"",
"text":"乖乖会没事的",
"mid":"zt4Ggk2mh",
"date":"2013-04-20 22:55:23"
},
{
"kids":[
"zt4HlEyGP"
],
"uid":"3218958431",
"parent":"zt4hm55rt",
"text":"好乖，说明熊猫好信任人",
"mid":"zt4FRuhYD",
"date":"2013-04-20 22:54:26"
},
{
"kids":[],
"uid":"2481196833",
"parent":"",
"text":"",
"mid":"zt4FD0TRO",
"date":"2013-04-20 22:53:47"
},
{
"kids":[],
"uid":"2883024341",
"parent":"zt3PAvF74",
"text":"",
"mid":"zt4EX315u",
"date":"2013-04-20 22:52:11"
},
{
"kids":[],
"uid":"2132552743",
"parent":"",
"text":"太萌了",
"mid":"zt4EGuBTx",
"date":"2013-04-20 22:51:32"
},
{
"kids":[],
"uid":"2170180874",
"parent":"",
"text":"",
"mid":"zt4DLtGPH",
"date":"2013-04-20 22:49:16"
},
{
"kids":[],
"uid":"1830654230",
"parent":"",
"text":"[熊猫]",
"mid":"zt4DLc5au",
"date":"2013-04-20 22:49:13"
},
{
"kids":[],
"uid":"2119651484",
"parent":"",
"text":"雅安平安，熊猫宝宝平安",
"mid":"zt4CNu3iF",
"date":"2013-04-20 22:46:53"
},
{
"kids":[],
"uid":"2599880964",
"parent":"zt4hm55rt",
"text":"熊宝宝[亲亲]",
"mid":"zt4BeguuA",
"date":"2013-04-20 22:42:59"
},
{
"kids":[
"zt5l0dLla"
],
"uid":"1739892717",
"parent":"",
"text":"好萌好感动。。。",
"mid":"zt4B4xB0l",
"date":"2013-04-20 22:42:36"
},
{
"kids":[],
"uid":"3149042754",
"parent":"",
"text":"",
"mid":"zt4xRn8Rw",
"date":"2013-04-20 22:34:42"
},
{
"kids":[],
"uid":"2713188737",
"parent":"zt4u0zEjz",
"text":"平安就好",
"mid":"zt4x3pNnd",
"date":"2013-04-20 22:32:44"
},
{
"kids":[],
"uid":"2077136685",
"parent":"",
"text":"萌翻了",
"mid":"zt4waqZoS",
"date":"2013-04-20 22:30:34"
},
{
"kids":[],
"uid":"jiuaixiaoye",
"parent":"",
"text":"",
"mid":"zt4vJAwoS",
"date":"2013-04-20 22:29:27"
},
{
"kids":[],
"uid":"678547909",
"parent":"zt4s43eCM",
"text":"",
"mid":"zt4ujwwEJ",
"date":"2013-04-20 22:25:57"
},
{
"kids":[
"zt4x3pNnd"
],
"uid":"2173238771",
"parent":"",
"text":"萌翻了。",
"mid":"zt4u0zEjz",
"date":"2013-04-20 22:25:15"
},
{
"kids":[
"ztetU6N7Y"
],
"uid":"2825544107",
"parent":"",
"text":"好萌!",
"mid":"zt4sSz606",
"date":"2013-04-20 22:22:24"
},
{
"kids":[
"zt4ujwwEJ"
],
"uid":"2645770790",
"parent":"zt4iR8FwP",
"text":"@陈文灵在菜园种菜啦 @曹茜C @大微筠子 @陈璐还是想要当学霸 @娟er做自己",
"mid":"zt4s43eCM",
"date":"2013-04-20 22:20:24"
},
{
"kids":[],
"uid":"2622493755",
"parent":"",
"text":"[爱你][爱你]",
"mid":"zt4rXyj8J",
"date":"2013-04-20 22:20:11"
},
{
"kids":[],
"uid":"2569870811",
"parent":"",
"text":"可怜兮兮的还认识警察叔叔哦，宝贝儿不怕不怕[绿丝带][绿丝带]",
"mid":"zt4rD8V2Z",
"date":"2013-04-20 22:19:24"
},
{
"kids":[],
"uid":"3123587384",
"parent":"",
"text":"",
"mid":"zt4rgntRc",
"date":"2013-04-20 22:18:26"
},
{
"kids":[],
"uid":"3240351810",
"parent":"",
"text":"乖乖不怕啦[爱你][爱你][熊猫][熊猫][萌][萌]小宝贝儿太萌太可爱了好像抱抱",
"mid":"zt4pLANkI",
"date":"2013-04-20 22:14:47"
},
{
"kids":[],
"uid":"2101891903",
"parent":"",
"text":"",
"mid":"zt4o1sWpz",
"date":"2013-04-20 22:10:29"
},
{
"kids":[],
"uid":"3085722455",
"parent":"",
"text":"",
"mid":"zt4n0evJg",
"date":"2013-04-20 22:07:55"
},
{
"kids":[],
"uid":"1955721015",
"parent":"",
"text":"看的好揪心[悲伤][悲伤][悲伤]",
"mid":"zt4m1EtSv",
"date":"2013-04-20 22:05:32"
},
{
"kids":[
"ztYR8frcg"
],
"uid":"roxanna1029",
"parent":"zt4i8xlQa",
"text":"好可怜！",
"mid":"zt4jHqYTd",
"date":"2013-04-20 21:59:49"
},
{
"kids":[
"zt4s43eCM"
],
"uid":"2716808661",
"parent":"zt4hm55rt",
"text":"好可爱啊，他居然认识警察叔叔[哈哈]@chy要加油了 @邢润兰 @我不会地球自转_ @葳v崴 @L淇文真的要这样认了么",
"mid":"zt4iR8FwP",
"date":"2013-04-20 21:57:45"
},
{
"kids":[
"zt4jHqYTd"
],
"uid":"hlwhappy",
"parent":"zt4e3jfv9",
"text":"心痛.",
"mid":"zt4i8xlQa",
"date":"2013-04-20 21:55:57"
},
{
"kids":[],
"uid":"317528777",
"parent":"zt4cnxLDP",
"text":"",
"mid":"zt4i22XYR",
"date":"2013-04-20 21:55:42"
},
{
"kids":[],
"uid":"2929984623",
"parent":"",
"text":"啊啊啊。。好可爱。好有爱啊。。[可怜][可怜][可怜]",
"mid":"zt4hUF2ek",
"date":"2013-04-20 21:55:24"
},
{
"kids":[
"zt4FRuhYD",
"zt4BeguuA",
"zt4iR8FwP"
],
"uid":"2212015743",
"parent":"",
"text":"[哈哈]萌宝宝！[太开心][太开心][太开心]",
"mid":"zt4hm55rt",
"date":"2013-04-20 21:54:02"
},
{
"kids":[],
"uid":"2209914861",
"parent":"",
"text":"好可怜。宝贝不怕！",
"mid":"zt4h0fivZ",
"date":"2013-04-20 21:53:11"
},
{
"kids":[],
"uid":"2916480371",
"parent":"",
"text":"",
"mid":"zt4fLooat",
"date":"2013-04-20 21:50:06"
},
{
"kids":[],
"uid":"2832113760",
"parent":"zt2y4wyck",
"text":"不要怕 不要怕~",
"mid":"zt4eNoi54",
"date":"2013-04-20 21:47:45"
},
{
"kids":[
"zt4i8xlQa"
],
"uid":"1961446887",
"parent":"",
"text":"他还认得到警察蜀黍",
"mid":"zt4e3jfv9",
"date":"2013-04-20 21:45:55"
},
{
"kids":[],
"uid":"1871026440",
"parent":"zt2vYuWIG",
"text":"",
"mid":"zt4dGwaSB",
"date":"2013-04-20 21:45:01"
},
{
"kids":[],
"uid":"1810763211",
"parent":"",
"text":"[熊猫][许愿][可怜]抱抱你~~",
"mid":"zt4dzriyq",
"date":"2013-04-20 21:44:44"
},
{
"kids":[],
"uid":"2652153251",
"parent":"",
"text":"",
"mid":"zt4d76YBT",
"date":"2013-04-20 21:43:36"
},
{
"kids":[
"zt4i22XYR"
],
"uid":"ZLDYT",
"parent":"",
"text":"",
"mid":"zt4cnxLDP",
"date":"2013-04-20 21:41:45"
},
{
"kids":[],
"uid":"3219030034",
"parent":"",
"text":"熊猫宝宝很害怕，不知道雅安的熊猫宝宝们怎样了...一定会没事的！@cici-Leung思婷 @huang育娴 @伊苗要出家因为CX不回家 @月影好栋 @ZLL_曾曾曾莉",
"mid":"zt4a61O4P",
"date":"2013-04-20 21:36:09"
},
{
"kids":[],
"uid":"2099084140",
"parent":"",
"text":"",
"mid":"zt49QpEW5",
"date":"2013-04-20 21:35:30"
},
{
"kids":[],
"uid":"2837435425",
"parent":"",
"text":"木马～",
"mid":"zt48TAIdV",
"date":"2013-04-20 21:33:12"
},
{
"kids":[],
"uid":"2692513291",
"parent":"",
"text":"",
"mid":"zt48urhi9",
"date":"2013-04-20 21:32:10"
},
{
"kids":[],
"uid":"2030172163",
"parent":"",
"text":"乖乖不怕[爱你]",
"mid":"zt464EZFA",
"date":"2013-04-20 21:26:15"
},
{
"kids":[],
"uid":"2407895650",
"parent":"zt2xoh8tN",
"text":"",
"mid":"zt44RhOoa",
"date":"2013-04-20 21:23:14"
},
{
"kids":[],
"uid":"3170387897",
"parent":"",
"text":"",
"mid":"zt44PuJk2",
"date":"2013-04-20 21:23:13"
},
{
"kids":[],
"uid":"ssstranger",
"parent":"",
"text":"@Ju_L 快给栗本看 [可怜]",
"mid":"zt44O2hFt",
"date":"2013-04-20 21:23:06"
},
{
"kids":[],
"uid":"2040541152",
"parent":"",
"text":"@我是大面包拉拉 @嗷_亚亚雪梨走日系",
"mid":"zt43J1bMS",
"date":"2013-04-20 21:20:28"
},
{
"kids":[],
"uid":"monkeylazy",
"parent":"zt3YF8OcW",
"text":"[熊猫]",
"mid":"zt42KEUh0",
"date":"2013-04-20 21:18:04"
},
{
"kids":[],
"uid":"2996687133",
"parent":"",
"text":"真聪明",
"mid":"zt42p97PR",
"date":"2013-04-20 21:17:13"
},
{
"kids":[],
"uid":"2967869293",
"parent":"",
"text":"",
"mid":"zt41dxEK0",
"date":"2013-04-20 21:14:16"
},
{
"kids":[],
"uid":"2079308483",
"parent":"zt40p2Er0",
"text":"所有的安全",
"mid":"zt412B5hd",
"date":"2013-04-20 21:13:50"
},
{
"kids":[],
"uid":"2714551811",
"parent":"",
"text":"[可怜]",
"mid":"zt40tsstJ",
"date":"2013-04-20 21:12:26"
},
{
"kids":[
"zt4TQckJY",
"zt412B5hd"
],
"uid":"2963892773",
"parent":"",
"text":"当时看到就要哭了！",
"mid":"zt40p2Er0",
"date":"2013-04-20 21:12:17"
},
{
"kids":[],
"uid":"2735765793",
"parent":"",
"text":"",
"mid":"zt3ZW5MgK",
"date":"2013-04-20 21:11:07"
},
{
"kids":[],
"uid":"selinayxl",
"parent":"zt3jBsVjk",
"text":"好萌啊",
"mid":"zt3ZNcKSP",
"date":"2013-04-20 21:10:47"
},
{
"kids":[],
"uid":"gengweiche",
"parent":"zt2V6EhdU",
"text":"",
"mid":"zt3ZMkump",
"date":"2013-04-20 21:10:45"
},
{
"kids":[
"zt42KEUh0"
],
"uid":"2994797984",
"parent":"",
"text":"",
"mid":"zt3YF8OcW",
"date":"2013-04-20 21:07:58"
},
{
"kids":[],
"uid":"2811329614",
"parent":"",
"text":"piapia啊~",
"mid":"zt3VMmWBc",
"date":"2013-04-20 21:00:52"
},
{
"kids":[],
"uid":"2658359482",
"parent":"",
"text":"",
"mid":"zt3Ur2jfv",
"date":"2013-04-20 20:57:35"
},
{
"kids":[],
"uid":"2846239442",
"parent":"",
"text":"动物也是有感情的",
"mid":"zt3TmxEs8",
"date":"2013-04-20 20:54:57"
},
{
"kids":[],
"uid":"1941208535",
"parent":"",
"text":"二货！！！",
"mid":"zt3Szf4Gw",
"date":"2013-04-20 20:52:57"
},
{
"kids":[],
"uid":"2631268393",
"parent":"zt3RjuT8C",
"text":"警察叔叔保护大家",
"mid":"zt3RX8VHv",
"date":"2013-04-20 20:51:29"
},
{
"kids":[
"zt6ca6Whj",
"zt6ca5J43"
],
"uid":"2111153224",
"parent":"",
"text":"好可爱的熊猫，看着好心酸",
"mid":"zt3RADeEX",
"date":"2013-04-20 20:50:35"
},
{
"kids":[],
"uid":"326270712",
"parent":"zt3PdtaLJ",
"text":"加油",
"mid":"zt3RnlsPu",
"date":"2013-04-20 20:50:04"
},
{
"kids":[
"zt3RX8VHv"
],
"uid":"1868825487",
"parent":"",
"text":"[泪]",
"mid":"zt3RjuT8C",
"date":"2013-04-20 20:49:52"
},
{
"kids":[],
"uid":"3050578747",
"parent":"",
"text":"看着想哭",
"mid":"zt3QmoGYZ",
"date":"2013-04-20 20:47:33"
},
{
"kids":[
"zt4EX315u"
],
"uid":"2392839471",
"parent":"zt3Fv1vUK",
"text":"",
"mid":"zt3PAvF74",
"date":"2013-04-20 20:45:36"
},
{
"kids":[
"zt3RnlsPu"
],
"uid":"housisi122",
"parent":"zt2vx2bdg",
"text":"加油[熊猫][熊猫][熊猫]",
"mid":"zt3PdtaLJ",
"date":"2013-04-20 20:44:44"
},
{
"kids":[],
"uid":"2400801607",
"parent":"zt2Gtbs7Q",
"text":"[绿丝带]",
"mid":"zt3P1nl7D",
"date":"2013-04-20 20:44:15"
},
{
"kids":[],
"uid":"3198867267",
"parent":"zt2DLEAyV",
"text":"",
"mid":"zt3OwBz4g",
"date":"2013-04-20 20:43:02"
},
{
"kids":[],
"uid":"1998750653",
"parent":"",
"text":"太乖了",
"mid":"zt3Ow3YC9",
"date":"2013-04-20 20:42:58"
},
{
"kids":[],
"uid":"1960820710",
"parent":"zt2xoh8tN",
"text":"没有受伤哈。",
"mid":"zt3Oq9K4s",
"date":"2013-04-20 20:42:44"
},
{
"kids":[],
"uid":"3190846275",
"parent":"",
"text":"",
"mid":"zt3NPwezp",
"date":"2013-04-20 20:41:19"
},
{
"kids":[],
"uid":"2105759367",
"parent":"",
"text":"",
"mid":"zt3NlD2Ht",
"date":"2013-04-20 20:40:08"
},
{
"kids":[],
"uid":"2435722412",
"parent":"",
"text":"好可怜又好可爱〜哎！",
"mid":"zt3MvngNK",
"date":"2013-04-20 20:38:02"
},
{
"kids":[],
"uid":"2507997650",
"parent":"",
"text":"",
"mid":"zt3KW7gjP",
"date":"2013-04-20 20:34:08"
},
{
"kids":[],
"uid":"3096725967",
"parent":"",
"text":"[心]",
"mid":"zt3KvyPk5",
"date":"2013-04-20 20:33:08"
},
{
"kids":[],
"uid":"1863611024",
"parent":"",
"text":"转发微博。",
"mid":"zt3G4pNPp",
"date":"2013-04-20 20:22:12"
},
{
"kids":[
"zt3PAvF74"
],
"uid":"3023118832",
"parent":"zt3xmAtGB",
"text":"别怕，我们在",
"mid":"zt3Fv1vUK",
"date":"2013-04-20 20:20:46"
},
{
"kids":[],
"uid":"2349451034",
"parent":"",
"text":"",
"mid":"zt3EhkuB1",
"date":"2013-04-20 20:17:44"
},
{
"kids":[],
"uid":"2145459221",
"parent":"",
"text":"好可爱@南北易极moi 每天被梦想叫醒的娃儿",
"mid":"zt3CMy06v",
"date":"2013-04-20 20:14:05"
},
{
"kids":[],
"uid":"2875315507",
"parent":"",
"text":"[泪]",
"mid":"zt3CbjSGp",
"date":"2013-04-20 20:12:37"
},
{
"kids":[],
"uid":"eternalmemory14",
"parent":"",
"text":"额……这个…………[哈哈]",
"mid":"zt3zlfxhd",
"date":"2013-04-20 20:05:38"
},
{
"kids":[],
"uid":"1922303490",
"parent":"",
"text":"好可爱的熊猫",
"mid":"zt3yShKng",
"date":"2013-04-20 20:04:29"
},
{
"kids":[],
"uid":"1764078641",
"parent":"",
"text":"转发微博。",
"mid":"zt3xpxPiq",
"date":"2013-04-20 20:00:50"
},
{
"kids":[],
"uid":"1799240547",
"parent":"",
"text":"@鸭子是你爸",
"mid":"zt3xnrUNv",
"date":"2013-04-20 20:00:45"
},
{
"kids":[
"zt3Fv1vUK"
],
"uid":"1807156774",
"parent":"zt3nMklFL",
"text":"宝宝 别怕",
"mid":"zt3xmAtGB",
"date":"2013-04-20 20:00:45"
},
{
"kids":[],
"uid":"127752777",
"parent":"",
"text":"",
"mid":"zt3wN78L2",
"date":"2013-04-20 19:59:17"
},
{
"kids":[],
"uid":"2885002191",
"parent":"",
"text":"造孽",
"mid":"zt3vu8mq0",
"date":"2013-04-20 19:56:07"
},
{
"kids":[],
"uid":"2702671005",
"parent":"",
"text":"真让人感伤。[泪][爱心传递]",
"mid":"zt3v99rv0",
"date":"2013-04-20 19:55:17"
},
{
"kids":[],
"uid":"vengaga",
"parent":"zt3tIxkDI",
"text":"@不繁亦不凡的RuigUoo [泪][熊猫]萌哭了 保护欲",
"mid":"zt3v8Au6L",
"date":"2013-04-20 19:55:17"
},
{
"kids":[],
"uid":"314593888",
"parent":"zt3kcrfff",
"text":"乖乖不怕",
"mid":"zt3uSCUqr",
"date":"2013-04-20 19:54:38"
},
{
"kids":[],
"uid":"michellewu",
"parent":"",
"text":"感动感动中国！[蜡烛]",
"mid":"zt3ucot9L",
"date":"2013-04-20 19:52:54"
},
{
"kids":[
"zt3v8Au6L"
],
"uid":"duozz",
"parent":"",
"text":"雅安加油 天佑雅安",
"mid":"zt3tIxkDI",
"date":"2013-04-20 19:51:46"
},
{
"kids":[],
"uid":"2375347785",
"parent":"",
"text":"",
"mid":"zt3tBpxOJ",
"date":"2013-04-20 19:51:27"
},
{
"kids":[],
"uid":"23007956",
"parent":"",
"text":"[泪流满面]好有爱的画面。。[蜡烛][蜡烛][蜡烛]",
"mid":"zt3sY9vts",
"date":"2013-04-20 19:49:54"
},
{
"kids":[],
"uid":"1772154324",
"parent":"zt2OSb8RO",
"text":"真可怜",
"mid":"zt3rKs7pu",
"date":"2013-04-20 19:46:55"
},
{
"kids":[],
"uid":"3086965757",
"parent":"",
"text":"",
"mid":"zt3rxbRwG",
"date":"2013-04-20 19:46:23"
},
{
"kids":[],
"uid":"2244280471",
"parent":"",
"text":"",
"mid":"zt3qUaWKY",
"date":"2013-04-20 19:44:48"
},
{
"kids":[],
"uid":"2380115462",
"parent":"",
"text":"好萌啊，希望萌货们都没事[熊猫]",
"mid":"zt3qztCOE",
"date":"2013-04-20 19:44:02"
},
{
"kids":[],
"uid":"3265193024",
"parent":"",
"text":"[蜡烛]",
"mid":"zt3pFkLR4",
"date":"2013-04-20 19:41:48"
},
{
"kids":[],
"uid":"roman123",
"parent":"",
"text":"",
"mid":"zt3pEbqFo",
"date":"2013-04-20 19:41:44"
},
{
"kids":[
"zt6oBkE18"
],
"uid":"516784166",
"parent":"",
"text":"",
"mid":"zt3oKCiDO",
"date":"2013-04-20 19:39:31"
},
{
"kids":[
"zt4L3zhEk"
],
"uid":"1234032231",
"parent":"",
"text":"[悲伤]",
"mid":"zt3oocf8d",
"date":"2013-04-20 19:38:36"
},
{
"kids":[
"zt3xmAtGB"
],
"uid":"2416538824",
"parent":"zt3cXiAjq",
"text":"",
"mid":"zt3nMklFL",
"date":"2013-04-20 19:37:06"
},
{
"kids":[
"zt4PuEVc9"
],
"uid":"535856589",
"parent":"",
"text":"我刚也看了新闻，熊猫宝贝不怕~[心]愿雅安平安平安",
"mid":"zt3mWEgID",
"date":"2013-04-20 19:35:05"
},
{
"kids":[],
"uid":"3033978923",
"parent":"",
"text":"@大捷儿Zzz:[熊猫][熊猫][熊猫]看新闻越看越心酸~愿一切平安，熊猫宝宝不怕[紫心]",
"mid":"zt3mOmqox",
"date":"2013-04-20 19:34:44"
},
{
"kids":[],
"uid":"1785565863",
"parent":"",
"text":"",
"mid":"zt3muhLbr",
"date":"2013-04-20 19:33:56"
},
{
"kids":[],
"uid":"tonxz",
"parent":"",
"text":"好可爱[熊猫][熊猫]",
"mid":"zt3mpdPLL",
"date":"2013-04-20 19:33:45"
},
{
"kids":[],
"uid":"3202056064",
"parent":"",
"text":"",
"mid":"zt3lwxqx3",
"date":"2013-04-20 19:31:35"
},
{
"kids":[],
"uid":"3310734707",
"parent":"",
"text":"大爱。",
"mid":"zt3kqAJG8",
"date":"2013-04-20 19:28:50"
},
{
"kids":[
"zt3uSCUqr"
],
"uid":"tiancaimeng",
"parent":"",
"text":"@莫若飞show  你关注的熊猫们……果然被吓瓜了",
"mid":"zt3kcrfff",
"date":"2013-04-20 19:28:17"
},
{
"kids":[
"zt7Aro2Dp",
"zt3ZNcKSP"
],
"uid":"liutiaotiao",
"parent":"zt2YvnjQ1",
"text":"QvQ【滚滚的爪子……",
"mid":"zt3jBsVjk",
"date":"2013-04-20 19:26:49"
},
{
"kids":[],
"uid":"2175385577",
"parent":"",
"text":"可爱的幺幺",
"mid":"zt3j2iZHN",
"date":"2013-04-20 19:25:28"
},
{
"kids":[],
"uid":"1827438004",
"parent":"",
"text":"",
"mid":"zt3iGqPO0",
"date":"2013-04-20 19:24:33"
},
{
"kids":[],
"uid":"zsflame",
"parent":"",
"text":"[good][good]",
"mid":"zt3hT8hZP",
"date":"2013-04-20 19:22:34"
},
{
"kids":[],
"uid":"xzhih927",
"parent":"",
"text":"",
"mid":"zt3fqCZgo",
"date":"2013-04-20 19:16:34"
},
{
"kids":[],
"uid":"2531746077",
"parent":"",
"text":"",
"mid":"zt3efBWvN",
"date":"2013-04-20 19:13:40"
},
{
"kids":[],
"uid":"niuniuesp",
"parent":"zt2DLEAyV",
"text":"[泪][泪][泪]乡亲们和国宝们都要平安啊！加油",
"mid":"zt3dyvEh5",
"date":"2013-04-20 19:11:55"
},
{
"kids":[],
"uid":"2117019173",
"parent":"",
"text":"好可怜 加油'[熊猫][熊猫][熊猫][熊猫][熊猫]@壁炉小猫",
"mid":"zt3d236k6",
"date":"2013-04-20 19:10:37"
},
{
"kids":[
"zt3nMklFL"
],
"uid":"nanaaiqing",
"parent":"zt36HB19q",
"text":"宝宝别害怕",
"mid":"zt3cXiAjq",
"date":"2013-04-20 19:10:28"
},
{
"kids":[],
"uid":"fannyxue",
"parent":"",
"text":"[祈祷][祈祷][祈祷]",
"mid":"zt3ckzwOR",
"date":"2013-04-20 19:08:54"
},
{
"kids":[],
"uid":"544490291",
"parent":"zt2IyELUk",
"text":"",
"mid":"zt3cad1oD",
"date":"2013-04-20 19:08:31"
},
{
"kids":[],
"uid":"3196952497",
"parent":"",
"text":"",
"mid":"zt3c1oQ0F",
"date":"2013-04-20 19:08:09"
},
{
"kids":[],
"uid":"2101412371",
"parent":"zt35Pw3nM",
"text":"",
"mid":"zt3bW20JJ",
"date":"2013-04-20 19:07:54"
},
{
"kids":[],
"uid":"1838710457",
"parent":"",
"text":"雅安，一切会好的！",
"mid":"zt3bjj7aS",
"date":"2013-04-20 19:06:25"
},
{
"kids":[],
"uid":"1308352685",
"parent":"",
"text":"好可爱[爱你][心]大家都会好好的！",
"mid":"zt3bbFB0Y",
"date":"2013-04-20 19:06:07"
},
{
"kids":[],
"uid":"3260530751",
"parent":"",
"text":"都害怕了！",
"mid":"zt3b4zjVy",
"date":"2013-04-20 19:05:48"
},
{
"kids":[
"zuE0gk2Fz",
"zut9AgAec",
"zut9zEWwN",
"ztIMDwWYj",
"ztF905jh4",
"ztF8ZtFzj"
],
"uid":"2663607973",
"parent":"",
"text":"",
"mid":"zt3aipO4a",
"date":"2013-04-20 19:03:52"
},
{
"kids":[],
"uid":"2437895422",
"parent":"zt2Rs3plx",
"text":"",
"mid":"zt39d0Wbg",
"date":"2013-04-20 19:01:15"
},
{
"kids":[],
"uid":"kecson",
"parent":"",
"text":"",
"mid":"zt38NC5LZ",
"date":"2013-04-20 19:00:12"
},
{
"kids":[],
"uid":"1849655874",
"parent":"",
"text":"",
"mid":"zt37sBiTj",
"date":"2013-04-20 18:56:56"
},
{
"kids":[
"zt3cXiAjq"
],
"uid":"1749820613",
"parent":"",
"text":"",
"mid":"zt36HB19q",
"date":"2013-04-20 18:55:02"
},
{
"kids":[],
"uid":"2128609923",
"parent":"",
"text":"愿一切安好[爱心传递][爱心传递]",
"mid":"zt36xeNcb",
"date":"2013-04-20 18:54:38"
},
{
"kids":[],
"uid":"1826121182",
"parent":"zt2zMC8YL",
"text":"[泪][爱你]",
"mid":"zt36o6UEB",
"date":"2013-04-20 18:54:15"
},
{
"kids":[],
"uid":"1638129745",
"parent":"",
"text":"宝宝遭吓到了！",
"mid":"zt35WlZ1N",
"date":"2013-04-20 18:53:09"
},
{
"kids":[
"zt3bW20JJ"
],
"uid":"liumiaowa",
"parent":"",
"text":"我就最怕死亡，何况动物呢",
"mid":"zt35Pw3nM",
"date":"2013-04-20 18:52:56"
},
{
"kids":[],
"uid":"2469021384",
"parent":"",
"text":"",
"mid":"zt34P9o0F",
"date":"2013-04-20 18:50:27"
},
{
"kids":[],
"uid":"1808706194",
"parent":"",
"text":"[泪]四川，雄起！雅安，雄起！",
"mid":"zt34y12NL",
"date":"2013-04-20 18:49:44"
},
{
"kids":[],
"uid":"1749706935",
"parent":"",
"text":"哈可怜[泪][泪][泪]@melodyland",
"mid":"zt33BfI39",
"date":"2013-04-20 18:47:25"
},
{
"kids":[],
"uid":"2633439573",
"parent":"",
"text":"[可怜]",
"mid":"zt33ygywX",
"date":"2013-04-20 18:47:16"
},
{
"kids":[],
"uid":"2672156273",
"parent":"",
"text":"动物都在这样了，何况人呢？",
"mid":"zt3348379",
"date":"2013-04-20 18:46:05"
},
{
"kids":[],
"uid":"1843823567",
"parent":"",
"text":"好可爱的熊猫",
"mid":"zt316nQ86",
"date":"2013-04-20 18:41:13"
},
{
"kids":[],
"uid":"3195474032",
"parent":"",
"text":"",
"mid":"zt30rzt1I",
"date":"2013-04-20 18:39:39"
},
{
"kids":[],
"uid":"2917515914",
"parent":"",
"text":"[泪]",
"mid":"zt2ZZeyga",
"date":"2013-04-20 18:38:29"
},
{
"kids":[],
"uid":"2092883004",
"parent":"",
"text":"",
"mid":"zt2ZVFRVw",
"date":"2013-04-20 18:38:21"
},
{
"kids":[],
"uid":"6jiang",
"parent":"",
"text":"",
"mid":"zt2ZL3xEp",
"date":"2013-04-20 18:37:56"
},
{
"kids":[],
"uid":"yurol",
"parent":"",
"text":"可怜的国宝啊！[熊猫][熊猫]",
"mid":"zt2Zt1XKJ",
"date":"2013-04-20 18:37:15"
},
{
"kids":[],
"uid":"milssa99",
"parent":"zt2Xz7f0e",
"text":"熊猫宝宝！",
"mid":"zt2ZeyiNU",
"date":"2013-04-20 18:36:37"
},
{
"kids":[],
"uid":"1812569902",
"parent":"zt2Qs0O2I",
"text":"@Suzuki桑",
"mid":"zt2YYCFU7",
"date":"2013-04-20 18:36:01"
},
{
"kids":[],
"uid":"2084064397",
"parent":"",
"text":"别怕，国宝宝！[绿丝带]",
"mid":"zt2YP9CkF",
"date":"2013-04-20 18:35:39"
},
{
"kids":[],
"uid":"1829136794",
"parent":"",
"text":"",
"mid":"zt2YMuBuw",
"date":"2013-04-20 18:35:31"
},
{
"kids":[
"zt3jBsVjk"
],
"uid":"1974815143",
"parent":"",
"text":"[泪]",
"mid":"zt2YvnjQ1",
"date":"2013-04-20 18:34:52"
},
{
"kids":[],
"uid":"2624028761",
"parent":"",
"text":"好感人[泪][泪]",
"mid":"zt2Yd0YzR",
"date":"2013-04-20 18:34:06"
},
{
"kids":[
"zt2ZeyiNU"
],
"uid":"love19901027",
"parent":"zt2WYsrbX",
"text":"连熊猫都这样，何况是我们的孩子。",
"mid":"zt2Xz7f0e",
"date":"2013-04-20 18:32:33"
},
{
"kids":[
"zt2Xz7f0e"
],
"uid":"2237372531",
"parent":"",
"text":"太可怜了，好想抱抱他，宝宝不怕哦[熊猫][熊猫][爱心传递][绿丝带]",
"mid":"zt2WYsrbX",
"date":"2013-04-20 18:31:03"
},
{
"kids":[],
"uid":"2290678423",
"parent":"",
"text":"",
"mid":"zt2WLc3q3",
"date":"2013-04-20 18:30:34"
},
{
"kids":[],
"uid":"schumicd",
"parent":"zt2S8hnao",
"text":"",
"mid":"zt2WgaiWP",
"date":"2013-04-20 18:29:20"
},
{
"kids":[],
"uid":"2651737152",
"parent":"",
"text":"",
"mid":"zt2W3a8FX",
"date":"2013-04-20 18:28:48"
},
{
"kids":[],
"uid":"273399340",
"parent":"",
"text":"太可爱了！希望所有的大熊猫都没事。",
"mid":"zt2VXwNTC",
"date":"2013-04-20 18:28:36"
},
{
"kids":[],
"uid":"2558278810",
"parent":"",
"text":"[可怜]",
"mid":"zt2VSe3XI",
"date":"2013-04-20 18:28:21"
},
{
"kids":[],
"uid":"chengyu0507",
"parent":"zt2Ms1OCY",
"text":"",
"mid":"zt2VMAJ1Z",
"date":"2013-04-20 18:28:07"
},
{
"kids":[],
"uid":"2001438400",
"parent":"",
"text":"[熊猫][熊猫][熊猫]祈福",
"mid":"zt2VtakCn",
"date":"2013-04-20 18:27:21"
},
{
"kids":[
"zt3ZMkump"
],
"uid":"luohuiwenlois",
"parent":"zt2UxwqtK",
"text":"",
"mid":"zt2V6EhdU",
"date":"2013-04-20 18:26:30"
},
{
"kids":[],
"uid":"2491246803",
"parent":"zt2T54POW",
"text":"",
"mid":"zt2UQ7zSC",
"date":"2013-04-20 18:25:50"
},
{
"kids":[],
"uid":"2605033160",
"parent":"",
"text":"#四川雅安地震#國寶「貓熊＂」加油！團團，圓圓為你們打氣！一切都會好的！",
"mid":"zt2UO4og4",
"date":"2013-04-20 18:25:42"
},
{
"kids":[
"zt2V6EhdU"
],
"uid":"2094233044",
"parent":"",
"text":"熊猫也怕、被地震吓坏了",
"mid":"zt2UxwqtK",
"date":"2013-04-20 18:25:03"
},
{
"kids":[],
"uid":"1369673312",
"parent":"zt2K94Gxj",
"text":"",
"mid":"zt2UjhYuo",
"date":"2013-04-20 18:24:32"
},
{
"kids":[],
"uid":"1822215487",
"parent":"",
"text":"熊猫宝宝不怕！[爱你]",
"mid":"zt2Uis7Oa",
"date":"2013-04-20 18:24:29"
},
{
"kids":[],
"uid":"zhanyujiazyj",
"parent":"",
"text":"感动啊 [泪]",
"mid":"zt2Uiq6i7",
"date":"2013-04-20 18:24:30"
},
{
"kids":[],
"uid":"716782686",
"parent":"zt2T54POW",
"text":"",
"mid":"zt2U85F66",
"date":"2013-04-20 18:24:04"
},
{
"kids":[],
"uid":"jasmine1102",
"parent":"",
"text":"[熊猫]",
"mid":"zt2U1zmmo",
"date":"2013-04-20 18:23:50"
},
{
"kids":[],
"uid":"1762100437",
"parent":"",
"text":"汶川有一张类似的，瞬间觉得熊猫就像个失去庇护的孩子",
"mid":"zt2TksmnB",
"date":"2013-04-20 18:22:07"
},
{
"kids":[
"zt2UQ7zSC",
"zt2U85F66"
],
"uid":"422593369",
"parent":"",
"text":"",
"mid":"zt2T54POW",
"date":"2013-04-20 18:21:30"
},
{
"kids":[],
"uid":"2712064107",
"parent":"",
"text":"[心][心]",
"mid":"zt2T06i5U",
"date":"2013-04-20 18:21:18"
},
{
"kids":[],
"uid":"2907784085",
"parent":"",
"text":"熊猫宝宝不用怕",
"mid":"zt2SFlQfF",
"date":"2013-04-20 18:20:29"
},
{
"kids":[],
"uid":"2322823510",
"parent":"",
"text":"宝宝不怕，没事的，祖国人民会保护你！四川的同胞们，为你们祈福！一切都会好起来的！祖国人民是你们坚实的后盾！",
"mid":"zt2Stzy7I",
"date":"2013-04-20 18:20:01"
},
{
"kids":[
"zt2WgaiWP"
],
"uid":"678884888",
"parent":"",
"text":"[绿丝带]",
"mid":"zt2S8hnao",
"date":"2013-04-20 18:19:10"
},
{
"kids":[
"zt39d0Wbg"
],
"uid":"1569579582",
"parent":"zt2Na54Kd",
"text":"",
"mid":"zt2Rs3plx",
"date":"2013-04-20 18:17:29"
},
{
"kids":[],
"uid":"1843936643",
"parent":"zt2MS3uuf",
"text":"乖乖哦",
"mid":"zt2Rr7lsC",
"date":"2013-04-20 18:17:27"
},
{
"kids":[],
"uid":"3047340885",
"parent":"",
"text":"@jeremy杜 @囧木子三 @汪贵喜",
"mid":"zt2R3u3AE",
"date":"2013-04-20 18:16:28"
},
{
"kids":[],
"uid":"2146735725",
"parent":"",
"text":"",
"mid":"zt2QyaHWP",
"date":"2013-04-20 18:15:16"
},
{
"kids":[
"zt2YYCFU7"
],
"uid":"krforever",
"parent":"zt2K94Gxj",
"text":"",
"mid":"zt2Qs0O2I",
"date":"2013-04-20 18:15:01"
},
{
"kids":[],
"uid":"indivicelebration",
"parent":"",
"text":"",
"mid":"zt2PY9Om9",
"date":"2013-04-20 18:13:48"
},
{
"kids":[
"zt3rKs7pu"
],
"uid":"hihibutterfly",
"parent":"zt2IxtVmN",
"text":"百分之百见过",
"mid":"zt2OSb8RO",
"date":"2013-04-20 18:11:07"
},
{
"kids":[],
"uid":"klalao",
"parent":"",
"text":"萌死了呀！[嘻嘻]",
"mid":"zt2ON94kR",
"date":"2013-04-20 18:10:54"
},
{
"kids":[],
"uid":"2846554273",
"parent":"",
"text":"",
"mid":"zt2OMy46N",
"date":"2013-04-20 18:10:55"
},
{
"kids":[],
"uid":"ho11ey",
"parent":"zt2IyELUk",
"text":"",
"mid":"zt2OF8YdY",
"date":"2013-04-20 18:10:37"
},
{
"kids":[],
"uid":"1783975320",
"parent":"",
"text":"[爱心传递]",
"mid":"zt2NnmQ9c",
"date":"2013-04-20 18:07:26"
},
{
"kids":[],
"uid":"3286895973",
"parent":"",
"text":"",
"mid":"zt2Ng1upZ",
"date":"2013-04-20 18:07:07"
},
{
"kids":[
"zt2Rs3plx"
],
"uid":"1724718051",
"parent":"",
"text":"好可爱！",
"mid":"zt2Na54Kd",
"date":"2013-04-20 18:06:57"
},
{
"kids":[],
"uid":"2509625923",
"parent":"zt2JFabZW",
"text":"真的好有爱，不会有事",
"mid":"zt2N6xtyz",
"date":"2013-04-20 18:06:46"
},
{
"kids":[],
"uid":"1724718051",
"parent":"",
"text":"好可爱！",
"mid":"zt2MXmvCX",
"date":"2013-04-20 18:06:23"
},
{
"kids":[],
"uid":"1150946187",
"parent":"",
"text":"",
"mid":"zt2MUpb9U",
"date":"2013-04-20 18:06:16"
},
{
"kids":[
"zt2Rr7lsC"
],
"uid":"237893301",
"parent":"zt2Kr41jm",
"text":"宝宝不怕！",
"mid":"zt2MS3uuf",
"date":"2013-04-20 18:06:11"
},
{
"kids":[],
"uid":"zxydota",
"parent":"",
"text":"",
"mid":"zt2MzsZsM",
"date":"2013-04-20 18:05:28"
},
{
"kids":[],
"uid":"3128638347",
"parent":"",
"text":"",
"mid":"zt2Mz8Fk9",
"date":"2013-04-20 18:05:27"
},
{
"kids":[
"zt2VMAJ1Z"
],
"uid":"9momo",
"parent":"",
"text":"请别怕！[淚][淚]",
"mid":"zt2Ms1OCY",
"date":"2013-04-20 18:05:08"
},
{
"kids":[],
"uid":"becky0503",
"parent":"",
"text":"熊猫，不要怕……",
"mid":"zt2MfnfXA",
"date":"2013-04-20 18:04:40"
},
{
"kids":[],
"uid":"2165257914",
"parent":"",
"text":"熊宝宝加油",
"mid":"zt2LK2k26",
"date":"2013-04-20 18:03:23"
},
{
"kids":[],
"uid":"2169879257",
"parent":"",
"text":"[红丝带][红丝带]",
"mid":"zt2KQtArD",
"date":"2013-04-20 18:01:12"
},
{
"kids":[
"zt2MS3uuf"
],
"uid":"2704545971",
"parent":"",
"text":"",
"mid":"zt2Kr41jm",
"date":"2013-04-20 18:00:12"
},
{
"kids":[
"zt2UjhYuo",
"zt2Qs0O2I"
],
"uid":"2235625930",
"parent":"zt2Gtbs7Q",
"text":"熊猫宝宝们要没事啊！",
"mid":"zt2K94Gxj",
"date":"2013-04-20 17:59:29"
},
{
"kids":[],
"uid":"3180461357",
"parent":"zt2ITCaTP",
"text":"",
"mid":"zt2K5s7Wh",
"date":"2013-04-20 17:59:19"
},
{
"kids":[],
"uid":"1809588217",
"parent":"zt2Ik96oZ",
"text":"雅安不哭，熊猫宝宝加油！",
"mid":"zt2K1jX7R",
"date":"2013-04-20 17:59:11"
},
{
"kids":[
"zt2N6xtyz"
],
"uid":"2803968141",
"parent":"",
"text":"一定会没事的[熊猫][熊猫][熊猫]",
"mid":"zt2JFabZW",
"date":"2013-04-20 17:58:18"
},
{
"kids":[],
"uid":"234900781",
"parent":"",
"text":"萌啊，，，希望熊猫是安全的",
"mid":"zt2Jvqi3X",
"date":"2013-04-20 17:57:52"
},
{
"kids":[],
"uid":"1835925452",
"parent":"",
"text":"",
"mid":"zt2JnbAm6",
"date":"2013-04-20 17:57:35"
},
{
"kids":[],
"uid":"1921816181",
"parent":"zt2rvmPJR",
"text":"乖乖不怕[爱你]",
"mid":"zt2IYC3dU",
"date":"2013-04-20 17:56:36"
},
{
"kids":[
"zt2K5s7Wh"
],
"uid":"libei1989",
"parent":"",
"text":"[泪][泪][泪][爱心传递][爱心传递][爱心传递]",
"mid":"zt2ITCaTP",
"date":"2013-04-20 17:56:23"
},
{
"kids":[],
"uid":"1099398921",
"parent":"",
"text":"",
"mid":"zt2ILBEmw",
"date":"2013-04-20 17:56:06"
},
{
"kids":[
"zt3cad1oD",
"zt2OF8YdY"
],
"uid":"ForParkSoYeon",
"parent":"",
"text":"",
"mid":"zt2IyELUk",
"date":"2013-04-20 17:55:33"
},
{
"kids":[
"zt2OSb8RO"
],
"uid":"206868608",
"parent":"",
"text":"眼熟这图",
"mid":"zt2IxtVmN",
"date":"2013-04-20 17:55:33"
},
{
"kids":[
"zt2K1jX7R"
],
"uid":"yanyan0622",
"parent":"",
"text":"四川啊！",
"mid":"zt2Ik96oZ",
"date":"2013-04-20 17:55:00"
},
{
"kids":[],
"uid":"2104287997",
"parent":"",
"text":"就是就是，一定会好好的！",
"mid":"zt2HSpcZj",
"date":"2013-04-20 17:53:52"
},
{
"kids":[],
"uid":"1105238514",
"parent":"",
"text":"可怜的熊猫！加油哈！[心][心]",
"mid":"zt2HfmSlG",
"date":"2013-04-20 17:52:19"
},
{
"kids":[],
"uid":"3240804534",
"parent":"",
"text":"[熊猫][熊猫]",
"mid":"zt2GTtobB",
"date":"2013-04-20 17:51:29"
},
{
"kids":[],
"uid":"xiaozhuqian",
"parent":"",
"text":"不怕不怕，宝宝[心]",
"mid":"zt2GJsWHS",
"date":"2013-04-20 17:51:05"
},
{
"kids":[],
"uid":"3185497524",
"parent":"",
"text":"不晓得用啥子语言才能表达。",
"mid":"zt2GCCEcS",
"date":"2013-04-20 17:50:50"
},
{
"kids":[],
"uid":"2830662395",
"parent":"",
"text":"[泪]",
"mid":"zt2Gvyt2X",
"date":"2013-04-20 17:50:32"
},
{
"kids":[
"zt3P1nl7D",
"zt2K94Gxj"
],
"uid":"746308025",
"parent":"",
"text":"祈福[绿丝带]",
"mid":"zt2Gtbs7Q",
"date":"2013-04-20 17:50:23"
},
{
"kids":[],
"uid":"2288165474",
"parent":"",
"text":"",
"mid":"zt2Gf2Jqm",
"date":"2013-04-20 17:49:50"
},
{
"kids":[],
"uid":"1400127673",
"parent":"",
"text":"",
"mid":"zt2G9rjqw",
"date":"2013-04-20 17:49:39"
},
{
"kids":[],
"uid":"yq5417",
"parent":"zt2F2hvhY",
"text":"带感",
"mid":"zt2FMknD2",
"date":"2013-04-20 17:48:43"
},
{
"kids":[],
"uid":"2207356047",
"parent":"",
"text":"",
"mid":"zt2FrEoj8",
"date":"2013-04-20 17:47:54"
},
{
"kids":[],
"uid":"2966149374",
"parent":"",
"text":"[熊猫][熊猫]",
"mid":"zt2FgqusR",
"date":"2013-04-20 17:47:28"
},
{
"kids":[],
"uid":"1784778817",
"parent":"",
"text":"[蜡烛]",
"mid":"zt2FemCQs",
"date":"2013-04-20 17:47:23"
},
{
"kids":[],
"uid":"1952426652",
"parent":"",
"text":"",
"mid":"zt2F7yIL5",
"date":"2013-04-20 17:47:05"
},
{
"kids":[
"zt2FMknD2"
],
"uid":"1255066842",
"parent":"zt2ErEhy7",
"text":"",
"mid":"zt2F2hvhY",
"date":"2013-04-20 17:46:52"
},
{
"kids":[],
"uid":"2722550631",
"parent":"",
"text":"",
"mid":"zt2ERlo5O",
"date":"2013-04-20 17:46:28"
},
{
"kids":[],
"uid":"2780900151",
"parent":"",
"text":"轉發微博",
"mid":"zt2ENuNTK",
"date":"2013-04-20 17:46:19"
},
{
"kids":[
"zt4OhiMSt"
],
"uid":"mali87",
"parent":"zt2wImz6u",
"text":"",
"mid":"zt2EIrpD6",
"date":"2013-04-20 17:46:05"
},
{
"kids":[],
"uid":"1702875602",
"parent":"",
"text":"不怕不怕哦",
"mid":"zt2EGoE4O",
"date":"2013-04-20 17:46:02"
},
{
"kids":[],
"uid":"1367024140",
"parent":"zt2wBvqhD",
"text":"",
"mid":"zt2EstV2j",
"date":"2013-04-20 17:45:29"
},
{
"kids":[
"zt2F2hvhY"
],
"uid":"janet2mm",
"parent":"zt2zhAp8p",
"text":"萌翻~",
"mid":"zt2ErEhy7",
"date":"2013-04-20 17:45:27"
},
{
"kids":[
"zt3OwBz4g",
"zt3dyvEh5"
],
"uid":"1862811822",
"parent":"",
"text":"好揪心…[泪]",
"mid":"zt2DLEAyV",
"date":"2013-04-20 17:43:47"
},
{
"kids":[],
"uid":"3200912555",
"parent":"",
"text":"",
"mid":"zt2D3kESg",
"date":"2013-04-20 17:42:01"
},
{
"kids":[],
"uid":"2284601932",
"parent":"",
"text":"",
"mid":"zt2D3jljZ",
"date":"2013-04-20 17:41:59"
},
{
"kids":[],
"uid":"1948074805",
"parent":"",
"text":"好可年得小熊猫。希望我家哎呀和猫猫没有被吓到。[泪]",
"mid":"zt2CnD7xl",
"date":"2013-04-20 17:40:22"
},
{
"kids":[],
"uid":"3253612600",
"parent":"",
"text":"好想把它领回来，哈哈",
"mid":"zt2CdBBhu",
"date":"2013-04-20 17:39:58"
},
{
"kids":[],
"uid":"1891173704",
"parent":"",
"text":"宝宝别怕～",
"mid":"zt2C4s0Ez",
"date":"2013-04-20 17:39:36"
},
{
"kids":[],
"uid":"2629190371",
"parent":"",
"text":"不怕不怕，熊宝宝。",
"mid":"zt2BvkdRJ",
"date":"2013-04-20 17:38:10"
},
{
"kids":[],
"uid":"20860669",
"parent":"",
"text":"不怕",
"mid":"zt2Bm8hRN",
"date":"2013-04-20 17:37:50"
},
{
"kids":[],
"uid":"2705808057",
"parent":"",
"text":"",
"mid":"zt2AYuXtw",
"date":"2013-04-20 17:36:54"
},
{
"kids":[],
"uid":"234661961",
"parent":"zt2zsftIC",
"text":"它也是一条生命啊",
"mid":"zt2AIxsSG",
"date":"2013-04-20 17:36:17"
},
{
"kids":[],
"uid":"2785981574",
"parent":"zt2zsftIC",
"text":"大家都要平安无事噢～",
"mid":"zt2Akkpp4",
"date":"2013-04-20 17:35:16"
},
{
"kids":[],
"uid":"2519499863",
"parent":"",
"text":"熊猫猫！",
"mid":"zt2AdwtFo",
"date":"2013-04-20 17:35:02"
},
{
"kids":[
"zt36o6UEB"
],
"uid":"2195418383",
"parent":"zt2zr6uMf",
"text":"@龍陵陵陵陵_图样图森破",
"mid":"zt2zMC8YL",
"date":"2013-04-20 17:33:56"
},
{
"kids":[],
"uid":"2369883341",
"parent":"",
"text":"好可爱啊。。。",
"mid":"zt2zM1DaU",
"date":"2013-04-20 17:33:56"
},
{
"kids":[],
"uid":"2732847421",
"parent":"",
"text":"熊猫宝宝很害怕，不知道雅安的熊猫宝宝们怎样了...一定会没事的！加油'[熊猫][熊猫][熊猫][熊猫][熊猫]",
"mid":"zt2zIuD5o",
"date":"2013-04-20 17:33:49"
},
{
"kids":[],
"uid":"3161034855",
"parent":"",
"text":"",
"mid":"zt2zzl0Db",
"date":"2013-04-20 17:33:24"
},
{
"kids":[
"zt2AIxsSG",
"zt2Akkpp4"
],
"uid":"1169248091",
"parent":"",
"text":"@波密小熊喵 雅安是野生大熊猫的家乡啊",
"mid":"zt2zsftIC",
"date":"2013-04-20 17:33:08"
},
{
"kids":[
"zt2zMC8YL"
],
"uid":"yysmile99",
"parent":"",
"text":"@周子喻会画眼线哈哈 [爱你]",
"mid":"zt2zr6uMf",
"date":"2013-04-20 17:33:07"
},
{
"kids":[],
"uid":"xinmingyunStyle",
"parent":"",
"text":"",
"mid":"zt2znf8S5",
"date":"2013-04-20 17:32:56"
},
{
"kids":[],
"uid":"3289980442",
"parent":"zt2xmvX6B",
"text":"",
"mid":"zt2zndsF6",
"date":"2013-04-20 17:32:57"
},
{
"kids":[
"zt2ErEhy7"
],
"uid":"nekozy",
"parent":"",
"text":"",
"mid":"zt2zhAp8p",
"date":"2013-04-20 17:32:45"
},
{
"kids":[],
"uid":"yxyjolin",
"parent":"",
"text":"好可爱的熊猫宝宝！[绿丝带][绿丝带][绿丝带][绿丝带][绿丝带]",
"mid":"zt2zb5eC8",
"date":"2013-04-20 17:32:26"
},
{
"kids":[],
"uid":"2690845283",
"parent":"",
"text":"雅安挺住！",
"mid":"zt2z92sjC",
"date":"2013-04-20 17:32:22"
},
{
"kids":[],
"uid":"1739417383",
"parent":"",
"text":"",
"mid":"zt2z5vSJP",
"date":"2013-04-20 17:32:15"
},
{
"kids":[],
"uid":"cbzyzfwd",
"parent":"zt2y4wyck",
"text":"",
"mid":"zt2yQFwUP",
"date":"2013-04-20 17:31:38"
},
{
"kids":[
"ztr8XwcDB",
"ztgPedonD",
"ztgPdBKH4"
],
"uid":"1051483790",
"parent":"zt2yg4gN6",
"text":"[可怜][可怜]",
"mid":"zt2yzyv7I",
"date":"2013-04-20 17:30:58"
},
{
"kids":[],
"uid":"2643756974",
"parent":"",
"text":"[泪][泪][泪]",
"mid":"zt2yt67AS",
"date":"2013-04-20 17:30:43"
},
{
"kids":[
"zt2yzyv7I"
],
"uid":"tvxqbabylove",
"parent":"",
"text":"[悲伤]",
"mid":"zt2yg4gN6",
"date":"2013-04-20 17:30:12"
},
{
"kids":[
"zv8TIibBi"
],
"uid":"2689073681",
"parent":"",
"text":"",
"mid":"zt2yd793e",
"date":"2013-04-20 17:30:05"
},
{
"kids":[],
"uid":"138887403",
"parent":"",
"text":"[熊猫]",
"mid":"zt2y8n7Gu",
"date":"2013-04-20 17:29:52"
},
{
"kids":[
"zt4eNoi54",
"zt2yQFwUP"
],
"uid":"2903408743",
"parent":"",
"text":"Come on baby.",
"mid":"zt2y4wyck",
"date":"2013-04-20 17:29:45"
},
{
"kids":[],
"uid":"3177715672",
"parent":"",
"text":"@原帖帖爱香雪",
"mid":"zt2xVpkTg",
"date":"2013-04-20 17:29:23"
},
{
"kids":[],
"uid":"2502519091",
"parent":"zt2w6tGQk",
"text":"会没事的！[泪]",
"mid":"zt2xHfnSc",
"date":"2013-04-20 17:28:46"
},
{
"kids":[],
"uid":"1919239154",
"parent":"",
"text":"",
"mid":"zt2xEfVKG",
"date":"2013-04-20 17:28:41"
},
{
"kids":[],
"uid":"1296452202",
"parent":"",
"text":"大家轻松一下吧",
"mid":"zt2xDmGHH",
"date":"2013-04-20 17:28:39"
},
{
"kids":[],
"uid":"1897752157",
"parent":"",
"text":"不怕不怕不怕不怕不怕不怕不怕不怕不怕不怕不怕不怕",
"mid":"zt2xvmDIC",
"date":"2013-04-20 17:28:19"
},
{
"kids":[],
"uid":"2594869597",
"parent":"",
"text":"都很怕。",
"mid":"zt2xqldZy",
"date":"2013-04-20 17:28:10"
},
{
"kids":[
"zt44RhOoa",
"zt3Oq9K4s"
],
"uid":"2101029173",
"parent":"",
"text":"",
"mid":"zt2xoh8tN",
"date":"2013-04-20 17:28:03"
},
{
"kids":[
"zt2zndsF6"
],
"uid":"577110150",
"parent":"",
"text":"",
"mid":"zt2xmvX6B",
"date":"2013-04-20 17:27:58"
},
{
"kids":[],
"uid":"1617953817",
"parent":"",
"text":"我可爱的熊猫们，可一定要好好的啊[熊猫]",
"mid":"zt2xlBpp1",
"date":"2013-04-20 17:27:56"
},
{
"kids":[],
"uid":"2851876204",
"parent":"",
"text":"[熊猫][熊猫][悲伤]",
"mid":"zt2xjj4yf",
"date":"2013-04-20 17:27:51"
},
{
"kids":[],
"uid":"1813470341",
"parent":"",
"text":"",
"mid":"zt2xhe97B",
"date":"2013-04-20 17:27:47"
},
{
"kids":[],
"uid":"yuanxinee0",
"parent":"",
"text":"哇，萌翻了",
"mid":"zt2x84wI0",
"date":"2013-04-20 17:27:23"
},
{
"kids":[],
"uid":"278860022",
"parent":"zt2uZkIlR",
"text":"",
"mid":"zt2x7tIJX",
"date":"2013-04-20 17:27:24"
},
{
"kids":[],
"uid":"247717199",
"parent":"",
"text":"🐼🐼",
"mid":"zt2x6zDAT",
"date":"2013-04-20 17:27:21"
},
{
"kids":[],
"uid":"2718840454",
"parent":"",
"text":"",
"mid":"zt2x4dWuH",
"date":"2013-04-20 17:27:15"
},
{
"kids":[],
"uid":"2038694417",
"parent":"",
"text":"[悲伤][蜡烛]",
"mid":"zt2x4dWm1",
"date":"2013-04-20 17:27:15"
},
{
"kids":[],
"uid":"278729933",
"parent":"",
"text":"",
"mid":"zt2x30D7h",
"date":"2013-04-20 17:27:12"
},
{
"kids":[],
"uid":"moriryu46",
"parent":"",
"text":"[泪]",
"mid":"zt2wRsUN9",
"date":"2013-04-20 17:26:44"
},
{
"kids":[
"zt2EIrpD6"
],
"uid":"vipchenyiyu",
"parent":"zt2tLoW30",
"text":"[哈哈]",
"mid":"zt2wImz6u",
"date":"2013-04-20 17:26:23"
},
{
"kids":[],
"uid":"1714336505",
"parent":"",
"text":"把国宝吓到了",
"mid":"zt2wC745O",
"date":"2013-04-20 17:26:09"
},
{
"kids":[
"zt2EstV2j"
],
"uid":"226499",
"parent":"",
"text":"[熊猫][熊猫][熊猫][熊猫]",
"mid":"zt2wBvqhD",
"date":"2013-04-20 17:26:07"
},
{
"kids":[],
"uid":"1932283212",
"parent":"",
"text":"",
"mid":"zt2wvksKm",
"date":"2013-04-20 17:25:51"
},
{
"kids":[],
"uid":"1909640455",
"parent":"zt2vYuWIG",
"text":"加油",
"mid":"zt2wk6MZf",
"date":"2013-04-20 17:25:25"
},
{
"kids":[],
"uid":"208080727",
"parent":"",
"text":"呜呜呜抱大腿TUT",
"mid":"zt2wf44Kh",
"date":"2013-04-20 17:25:14"
},
{
"kids":[
"zt2xHfnSc"
],
"uid":"wttjiayou99",
"parent":"",
"text":"",
"mid":"zt2w6tGQk",
"date":"2013-04-20 17:24:54"
},
{
"kids":[],
"uid":"1971534605",
"parent":"",
"text":"",
"mid":"zt2w5ArNQ",
"date":"2013-04-20 17:24:52"
},
{
"kids":[],
"uid":"2214048801",
"parent":"",
"text":"",
"mid":"zt2w4sIBb",
"date":"2013-04-20 17:24:49"
},
{
"kids":[],
"uid":"1341472692",
"parent":"",
"text":"[爱心传递][爱心传递][爱心传递]",
"mid":"zt2w023wU",
"date":"2013-04-20 17:24:38"
},
{
"kids":[
"zt4dGwaSB",
"zt2wk6MZf"
],
"uid":"2289129817",
"parent":"",
"text":"加油[熊貓][愛你]",
"mid":"zt2vYuWIG",
"date":"2013-04-20 17:24:34"
},
{
"kids":[],
"uid":"1486067750",
"parent":"",
"text":"[熊猫][熊猫][熊猫]",
"mid":"zt2vKBxyk",
"date":"2013-04-20 17:24:00"
},
{
"kids":[],
"uid":"233280061",
"parent":"",
"text":"乖，表慌[爱心传递]",
"mid":"zt2vJaomG",
"date":"2013-04-20 17:23:58"
},
{
"kids":[],
"uid":"12191015",
"parent":"",
"text":"",
"mid":"zt2vHoLFb",
"date":"2013-04-20 17:23:54"
},
{
"kids":[
"zt3PdtaLJ"
],
"uid":"3195123564",
"parent":"",
"text":"加油[熊猫][熊猫][熊猫]",
"mid":"zt2vx2bdg",
"date":"2013-04-20 17:23:29"
},
{
"kids":[],
"uid":"3103417533",
"parent":"",
"text":"太可爱了，也好心痛哦",
"mid":"zt2vnj2bU",
"date":"2013-04-20 17:23:04"
},
{
"kids":[],
"uid":"Failycat",
"parent":"",
"text":"可怜的熊猫。你是中国人的宝，我们会保护你的",
"mid":"zt2vhFXoa",
"date":"2013-04-20 17:22:51"
},
{
"kids":[],
"uid":"3103417533",
"parent":"",
"text":"",
"mid":"zt2vdzLGz",
"date":"2013-04-20 17:22:43"
},
{
"kids":[
"zt2x7tIJX"
],
"uid":"3235434952",
"parent":"",
"text":"",
"mid":"zt2uZkIlR",
"date":"2013-04-20 17:22:09"
},
{
"kids":[],
"uid":"2806014115",
"parent":"",
"text":"",
"mid":"zt2uGcf7n",
"date":"2013-04-20 17:21:24"
},
{
"kids":[],
"uid":"1678613350",
"parent":"",
"text":"不要乱讲好不好！这根本就是旧图！",
"mid":"zt2u7jP5F",
"date":"2013-04-20 17:20:00"
},
{
"kids":[
"zt2wImz6u"
],
"uid":"shero7979",
"parent":"",
"text":"[悲伤]",
"mid":"zt2tLoW30",
"date":"2013-04-20 17:19:09"
},
{
"kids":[],
"uid":"2187621814",
"parent":"",
"text":"",
"mid":"zt2tpy4Ml",
"date":"2013-04-20 17:18:16"
},
{
"kids":[],
"uid":"2510732867",
"parent":"",
"text":"",
"mid":"zt2sqmyxY",
"date":"2013-04-20 17:15:49"
},
{
"kids":[],
"uid":"2183455660",
"parent":"",
"text":"有爱。",
"mid":"zt2sjC9Nr",
"date":"2013-04-20 17:15:32"
},
{
"kids":[],
"uid":"1674173344",
"parent":"",
"text":"@思柳LL",
"mid":"zt2rNptnw",
"date":"2013-04-20 17:14:15"
},
{
"kids":[
"zt2IYC3dU"
],
"uid":"2273214341",
"parent":"",
"text":"乖乖不怕[爱你]",
"mid":"zt2rvmPJR",
"date":"2013-04-20 17:13:34"
},
{
"kids":[],
"uid":"1969504384",
"parent":"",
"text":"",
"mid":"zt2rqBXWr",
"date":"2013-04-20 17:13:21"
},
{
"kids":[],
"uid":"1674173344",
"parent":"",
"text":"好乖。。。。",
"mid":"zt2qWvvfL",
"date":"2013-04-20 17:12:11"
},
{
"kids":[],
"uid":"3039622131",
"parent":"",
"text":"",
"mid":"zt2qowk0P",
"date":"2013-04-20 17:10:50"
},
{
"kids":[],
"uid":"2269797540",
"parent":"",
"text":"[可怜][可怜]乖乖不怕。。。。警察叔叔保护你。",
"mid":"zt2qdzqyq",
"date":"2013-04-20 17:10:24"
},
{
"kids":[],
"uid":"2212239327",
"parent":"",
"text":"[挖鼻屎]",
"mid":"zt2qd10ol",
"date":"2013-04-20 17:10:21"
},
{
"kids":[],
"uid":"robiwu",
"parent":"",
"text":"512的老图老消息，就不要拿出来消费了嘛！谢谢了！",
"mid":"zt2pU81ha",
"date":"2013-04-20 17:09:37"
},
{
"kids":[],
"uid":"2673550371",
"parent":"",
"text":"",
"mid":"zt2pNxPyU",
"date":"2013-04-20 17:09:21"
},
{
"kids":[
"zt5fd9heL"
],
"uid":"1826392733",
"parent":"",
"text":"[害羞][害羞]",
"mid":"zt2pLvHOO",
"date":"2013-04-20 17:09:17"
},
{
"kids":[],
"uid":"3276372680",
"parent":"",
"text":"",
"mid":"zt2pHErRH",
"date":"2013-04-20 17:09:08"
}
]