[
{
"kids":[],
"uid":"671634508",
"parent":"",
"text":"你把信息来源给个链接或截图，不然就是你自己造谣！",
"mid":"ztk30mn5z",
"date":"2013-04-22 14:02:37"
},
{
"kids":[],
"uid":"shuyingsuifeng",
"parent":"",
"text":"排右",
"mid":"ztciar0E3",
"date":"2013-04-21 18:18:03"
},
{
"kids":[],
"uid":"1858436244",
"parent":"",
"text":"",
"mid":"ztc8NwS2m",
"date":"2013-04-21 17:54:57"
},
{
"kids":[],
"uid":"2716625623",
"parent":"zt8jPDm21",
"text":"",
"mid":"ztc5RukoQ",
"date":"2013-04-21 17:47:41"
},
{
"kids":[],
"uid":"hongzhang661",
"parent":"zt7sueO4F",
"text":"49年前只有四大家族发国难财，现在有数不清的“大家族”",
"mid":"ztbNVAE2p",
"date":"2013-04-21 17:03:30"
},
{
"kids":[],
"uid":"2334219605",
"parent":"ztbu3EMqi",
"text":"有危就有机！",
"mid":"ztbC4otHP",
"date":"2013-04-21 16:34:17"
},
{
"kids":[
"ztbC4otHP"
],
"uid":"2673210115",
"parent":"zt8Qor10G",
"text":"这叫囯情，中国特色的社会主义",
"mid":"ztbu3EMqi",
"date":"2013-04-21 16:14:35"
},
{
"kids":[],
"uid":"2791277355",
"parent":"zt8HbhlFa",
"text":"",
"mid":"ztanBdfQG",
"date":"2013-04-21 13:25:53"
},
{
"kids":[],
"uid":"2620923221",
"parent":"",
"text":"哈哈，骂得好。",
"mid":"ztaajpkk3",
"date":"2013-04-21 12:53:09"
},
{
"kids":[],
"uid":"3109808097",
"parent":"",
"text":"没人性！[怒]",
"mid":"zt9VPnG6R",
"date":"2013-04-21 12:17:30"
},
{
"kids":[],
"uid":"1001172130",
"parent":"zt8Qor10G",
"text":"震区是旅游区，平时快食面10元一个，地震发生后小卖部卖3块5，而更多是免费的！",
"mid":"zt9AvnvJz",
"date":"2013-04-21 11:24:57"
},
{
"kids":[],
"uid":"2379730944",
"parent":"",
"text":"",
"mid":"zt9yNwNBs",
"date":"2013-04-21 11:20:46"
},
{
"kids":[],
"uid":"1828509575",
"parent":"zt7uz65ao",
"text":"双流机场因救灾限制，已经减少民航客机流量。航空票价目前已经市场化，航空公司恢复不打折票价完全是自主行为、市场行为的表现，否则市场机制就乱了！将其拔高到发国难财的高度，未免有扯淡嫌疑。爱国有很多种，不要总这样。为雅安祈福[蜡烛][蜡烛][蜡烛][蜡烛]",
"mid":"zt9uK51h6",
"date":"2013-04-21 11:10:45"
},
{
"kids":[],
"uid":"ainai",
"parent":"",
"text":"",
"mid":"zt9cPlns8",
"date":"2013-04-21 10:26:38"
},
{
"kids":[],
"uid":"2340534043",
"parent":"",
"text":"",
"mid":"zt925kaFS",
"date":"2013-04-21 10:00:09"
},
{
"kids":[],
"uid":"210101445",
"parent":"zt8SmeNzk",
"text":"",
"mid":"zt904CAd2",
"date":"2013-04-21 09:55:13"
},
{
"kids":[],
"uid":"2175774692",
"parent":"zt8SmeNzk",
"text":"那里是人",
"mid":"zt8Z9iB3s",
"date":"2013-04-21 09:52:56"
},
{
"kids":[],
"uid":"2912419251",
"parent":"zt7zHALfD",
"text":"",
"mid":"zt8WGwCHE",
"date":"2013-04-21 09:46:51"
},
{
"kids":[],
"uid":"2893307517",
"parent":"",
"text":"搭飞机的不一定都是救灾的吧。救人要紧，但是添乱就不对了。而且航班也是危险的。无关国企不国企吧。只能说他涨得太不是时候。。",
"mid":"zt8Ue1HP3",
"date":"2013-04-21 09:40:46"
},
{
"kids":[],
"uid":"1852071410",
"parent":"",
"text":"",
"mid":"zt8TV9kqv",
"date":"2013-04-21 09:40:01"
},
{
"kids":[
"zt904CAd2",
"zt8Z9iB3s"
],
"uid":"2452461947",
"parent":"",
"text":"好JB锤子！",
"mid":"zt8SmeNzk",
"date":"2013-04-21 09:36:12"
},
{
"kids":[
"ztbu3EMqi",
"zt9AvnvJz"
],
"uid":"1109113217",
"parent":"",
"text":"没有道德底线。。这国家废了。。。",
"mid":"zt8Qor10G",
"date":"2013-04-21 09:31:22"
},
{
"kids":[],
"uid":"2642162273",
"parent":"zt8HbhlFa",
"text":"",
"mid":"zt8MFndFD",
"date":"2013-04-21 09:22:11"
},
{
"kids":[],
"uid":"1055803920",
"parent":"zt8HYCAH0",
"text":"查，傻！",
"mid":"zt8M014Ld",
"date":"2013-04-21 09:20:32"
},
{
"kids":[],
"uid":"2105218353",
"parent":"",
"text":"",
"mid":"zt8Jrk2u6",
"date":"2013-04-21 09:14:13"
},
{
"kids":[],
"uid":"1835586861",
"parent":"zt8yXhBN2",
"text":"比震区仍坚守在收费第一线的收费站员工还感人",
"mid":"zt8JbmyZg",
"date":"2013-04-21 09:13:36"
},
{
"kids":[],
"uid":"934373010",
"parent":"zt8HbhlFa",
"text":"",
"mid":"zt8ILEpnJ",
"date":"2013-04-21 09:12:35"
},
{
"kids":[
"zt8M014Ld"
],
"uid":"newzyq",
"parent":"zt8CpuNTp",
"text":"",
"mid":"zt8HYCAH0",
"date":"2013-04-21 09:10:38"
},
{
"kids":[
"ztanBdfQG",
"zt8MFndFD",
"zt8ILEpnJ"
],
"uid":"1896419845",
"parent":"",
"text":"",
"mid":"zt8HbhlFa",
"date":"2013-04-21 09:08:40"
},
{
"kids":[],
"uid":"2624951137",
"parent":"",
"text":"",
"mid":"zt8DpwdWI",
"date":"2013-04-21 08:59:23"
},
{
"kids":[
"zt8HYCAH0"
],
"uid":"1456256811",
"parent":"zt8nchg7H",
"text":"",
"mid":"zt8CpuNTp",
"date":"2013-04-21 08:56:55"
},
{
"kids":[],
"uid":"ilovechristie",
"parent":"zt8jHn1qC",
"text":"",
"mid":"zt8Bs6cYy",
"date":"2013-04-21 08:54:33"
},
{
"kids":[],
"uid":"1249267375",
"parent":"",
"text":"无耻啊！[怒骂]",
"mid":"zt8zXzJD0",
"date":"2013-04-21 08:50:53"
},
{
"kids":[
"zt8JbmyZg"
],
"uid":"1009875201",
"parent":"",
"text":"",
"mid":"zt8yXhBN2",
"date":"2013-04-21 08:48:24"
},
{
"kids":[],
"uid":"538097899",
"parent":"",
"text":"求证",
"mid":"zt8xD5GFi",
"date":"2013-04-21 08:45:06"
},
{
"kids":[],
"uid":"1009875201",
"parent":"",
"text":"",
"mid":"zt8wGBY4k",
"date":"2013-04-21 08:42:49"
},
{
"kids":[],
"uid":"1513705924",
"parent":"",
"text":"旧社会统治阶级发国难财!囤积居奇!剥削苦难大众!今又见卷土重来。怒",
"mid":"zt8wyBJf0",
"date":"2013-04-21 08:42:29"
},
{
"kids":[],
"uid":"2255960401",
"parent":"zt8fc7XkB",
"text":"回复@爱丽黎:说对了，别有用心。这个时候博眼球的营销账号才是无下限",
"mid":"zt8vmrql6",
"date":"2013-04-21 08:39:33"
},
{
"kids":[],
"uid":"2724508082",
"parent":"zt5ymchfs",
"text":"良心被狗吃了？？！",
"mid":"zt8vf5I0X",
"date":"2013-04-21 08:39:14"
},
{
"kids":[],
"uid":"yitu1213",
"parent":"zt8fc7XkB",
"text":"只能说那个楼主没网上订过票吧，而且连搜索也忘了怎么用。他别有用心。。。唯恐不够乱",
"mid":"zt8tZ2UIO",
"date":"2013-04-21 08:36:09"
},
{
"kids":[],
"uid":"1685945517",
"parent":"zt8nchg7H",
"text":"",
"mid":"zt8pA2va0",
"date":"2013-04-21 08:25:18"
},
{
"kids":[
"zt8CpuNTp",
"zt8pA2va0"
],
"uid":"newnbo",
"parent":"zt8jPDm21",
"text":"",
"mid":"zt8nchg7H",
"date":"2013-04-21 08:19:25"
},
{
"kids":[
"ztc5RukoQ",
"zt8nchg7H"
],
"uid":"2276870447",
"parent":"",
"text":"",
"mid":"zt8jPDm21",
"date":"2013-04-21 08:11:09"
},
{
"kids":[
"zt8Bs6cYy"
],
"uid":"2285100837",
"parent":"",
"text":"",
"mid":"zt8jHn1qC",
"date":"2013-04-21 08:10:48"
},
{
"kids":[],
"uid":"3208041397",
"parent":"",
"text":"",
"mid":"zt8hG73Sf",
"date":"2013-04-21 08:05:49"
},
{
"kids":[],
"uid":"2644925087",
"parent":"",
"text":"",
"mid":"zt8h5shHQ",
"date":"2013-04-21 08:04:22"
},
{
"kids":[],
"uid":"2255960401",
"parent":"",
"text":"回复@围棋蔡竞:越临近起飞时间的票价越贵这是常态，平时也是这样，你看看周二周三，打折的大把大把，最便宜的票不到四折。",
"mid":"zt8gN81b0",
"date":"2013-04-21 08:03:39"
},
{
"kids":[
"zt8vmrql6",
"zt8tZ2UIO"
],
"uid":"2255960401",
"parent":"",
"text":"自己不会查一下机票价格？还相关机构核实，装什么B,核实你妈！随便打开个机票网站看看，北京飞成都四折五折的机票多得是，广州飞成都四五六折的也一堆。造谣的生孩子没屁眼",
"mid":"zt8fc7XkB",
"date":"2013-04-21 07:59:43"
},
{
"kids":[],
"uid":"baijianbo",
"parent":"zt89Oy5mF",
"text":"[吃惊]",
"mid":"zt8eP506C",
"date":"2013-04-21 07:58:48"
},
{
"kids":[],
"uid":"fishingplayers",
"parent":"zt7zHALfD",
"text":"震了雅安，肥了航运！",
"mid":"zt8eEqxQM",
"date":"2013-04-21 07:58:23"
},
{
"kids":[],
"uid":"1597842273",
"parent":"",
"text":"",
"mid":"zt8eDhjDh",
"date":"2013-04-21 07:58:20"
},
{
"kids":[],
"uid":"2311428490",
"parent":"zt7zHALfD",
"text":"希望不是真的！",
"mid":"zt8ez9Fnp",
"date":"2013-04-21 07:58:10"
},
{
"kids":[],
"uid":"2771755153",
"parent":"",
"text":"",
"mid":"zt8etuuiG",
"date":"2013-04-21 07:57:56"
},
{
"kids":[],
"uid":"3174535082",
"parent":"zt5mWpF7Y",
"text":"发国难财，真不要脸",
"mid":"zt8ckxmVD",
"date":"2013-04-21 07:52:39"
},
{
"kids":[],
"uid":"glorfindel",
"parent":"zt6l0f9ES",
"text":"是什么心态就不好说了",
"mid":"zt8bloO1P",
"date":"2013-04-21 07:50:13"
},
{
"kids":[],
"uid":"3030545503",
"parent":"",
"text":"核实严办[怒]",
"mid":"zt8aI5dtG",
"date":"2013-04-21 07:48:39"
},
{
"kids":[
"zt8eP506C"
],
"uid":"1882031872",
"parent":"zt7z1lu0t",
"text":"要不然那些人怎么发国难财，无奸不商啊。习惯就好，送他们老来买药吃。",
"mid":"zt89Oy5mF",
"date":"2013-04-21 07:46:28"
},
{
"kids":[],
"uid":"1891617497",
"parent":"",
"text":"",
"mid":"zt898z3sD",
"date":"2013-04-21 07:44:48"
},
{
"kids":[],
"uid":"2422485503",
"parent":"",
"text":"",
"mid":"zt898hUbT",
"date":"2013-04-21 07:44:47"
},
{
"kids":[],
"uid":"3206370324",
"parent":"",
"text":"如属实，那这就是一帮牲口不如的家伙。在你们领导们心底，还有那么一点点怜悯之心吗？",
"mid":"zt86XyDWn",
"date":"2013-04-21 07:39:26"
},
{
"kids":[],
"uid":"3127251143",
"parent":"zt85kak61",
"text":"",
"mid":"zt861kZJc",
"date":"2013-04-21 07:37:07"
},
{
"kids":[],
"uid":"foclub",
"parent":"zt84f7ch2",
"text":"",
"mid":"zt85Jkiyx",
"date":"2013-04-21 07:36:24"
},
{
"kids":[],
"uid":"benzh",
"parent":"",
"text":"刚查了一下，基本算正常，我经常往返成都和上海，票价变化不大！",
"mid":"zt85HwXWF",
"date":"2013-04-21 07:36:19"
},
{
"kids":[
"zt861kZJc"
],
"uid":"1498748524",
"parent":"",
"text":"",
"mid":"zt85kak61",
"date":"2013-04-21 07:35:24"
},
{
"kids":[
"zt85Jkiyx"
],
"uid":"foclub",
"parent":"",
"text":"",
"mid":"zt84f7ch2",
"date":"2013-04-21 07:32:43"
},
{
"kids":[],
"uid":"2428302921",
"parent":"",
"text":"没良心！发的是人命才，国难财！",
"mid":"zt80R0UKx",
"date":"2013-04-21 07:24:22"
},
{
"kids":[],
"uid":"1343844537",
"parent":"",
"text":"",
"mid":"zt80Qa6dw",
"date":"2013-04-21 07:24:21"
},
{
"kids":[],
"uid":"1926706120",
"parent":"zt5V6yF5e",
"text":"",
"mid":"zt80n9vaA",
"date":"2013-04-21 07:23:12"
},
{
"kids":[],
"uid":"234396785",
"parent":"",
"text":"",
"mid":"zt80kejot",
"date":"2013-04-21 07:23:04"
},
{
"kids":[],
"uid":"2532533982",
"parent":"",
"text":"[怒]",
"mid":"zt80jAxiV",
"date":"2013-04-21 07:23:04"
},
{
"kids":[],
"uid":"2637791401",
"parent":"",
"text":"如果是真的那是无耻",
"mid":"zt7ZQolCz",
"date":"2013-04-21 07:21:54"
},
{
"kids":[],
"uid":"2764704621",
"parent":"",
"text":"无耻，龌龊！",
"mid":"zt7Zx9x7n",
"date":"2013-04-21 07:21:07"
},
{
"kids":[],
"uid":"1831417663",
"parent":"",
"text":"",
"mid":"zt7Zhc4yC",
"date":"2013-04-21 07:20:29"
},
{
"kids":[],
"uid":"1100930727",
"parent":"",
"text":"",
"mid":"zt7Z78G60",
"date":"2013-04-21 07:20:06"
},
{
"kids":[],
"uid":"gz0009",
"parent":"",
"text":"",
"mid":"zt7Z0E4lt",
"date":"2013-04-21 07:19:51"
},
{
"kids":[],
"uid":"2365115097",
"parent":"",
"text":"",
"mid":"zt7Z03bJt",
"date":"2013-04-21 07:19:49"
},
{
"kids":[],
"uid":"2935394361",
"parent":"",
"text":"",
"mid":"zt7XJspOW",
"date":"2013-04-21 07:16:42"
},
{
"kids":[],
"uid":"3260650585",
"parent":"",
"text":"",
"mid":"zt7Whnc3m",
"date":"2013-04-21 07:13:07"
},
{
"kids":[],
"uid":"1609190293",
"parent":"",
"text":"",
"mid":"zt7SovvWo",
"date":"2013-04-21 07:03:32"
},
{
"kids":[],
"uid":"1866679202",
"parent":"",
"text":"如属实，当给人民大众以交代，不能总是玩深沉，，",
"mid":"zt7RMmE1v",
"date":"2013-04-21 07:02:02"
},
{
"kids":[],
"uid":"2823027450",
"parent":"zt7wD3bXY",
"text":"国企么，国难当头",
"mid":"zt7PY7zER",
"date":"2013-04-21 06:57:34"
},
{
"kids":[],
"uid":"1441666404",
"parent":"",
"text":"",
"mid":"zt7OIqpw5",
"date":"2013-04-21 06:54:29"
},
{
"kids":[],
"uid":"2216526753",
"parent":"zt7z1lu0t",
"text":"",
"mid":"zt7NYzwde",
"date":"2013-04-21 06:52:40"
},
{
"kids":[],
"uid":"2244268251",
"parent":"",
"text":"",
"mid":"zt7MQxsBE",
"date":"2013-04-21 06:49:53"
},
{
"kids":[],
"uid":"1115472640",
"parent":"zt7sueO4F",
"text":"对与救灾有关的乘客应该免票",
"mid":"zt7M9qGfC",
"date":"2013-04-21 06:48:09"
},
{
"kids":[],
"uid":"2539644777",
"parent":"",
"text":"转发微博。",
"mid":"zt7JA7MkN",
"date":"2013-04-21 06:41:50"
},
{
"kids":[],
"uid":"1405425444",
"parent":"",
"text":"",
"mid":"zt7IMvrOq",
"date":"2013-04-21 06:39:52"
},
{
"kids":[],
"uid":"cpttptpbcptbtptp",
"parent":"zt7z1lu0t",
"text":"",
"mid":"zt7HviqiL",
"date":"2013-04-21 06:36:43"
},
{
"kids":[],
"uid":"1916882097",
"parent":"zt7zHALfD",
"text":"刚查了一下，现在定明天的票，还是有5折的。",
"mid":"zt7GJ8tky",
"date":"2013-04-21 06:34:48"
},
{
"kids":[],
"uid":"2123777355",
"parent":"zt7yGkW6o",
"text":"",
"mid":"zt7FQseEg",
"date":"2013-04-21 06:32:38"
},
{
"kids":[],
"uid":"1797263545",
"parent":"",
"text":"刚看了，一下去哪网…和昨天比，没有明显变化…卤煮，请自查…勿信信谣言…",
"mid":"zt7FFi6gQ",
"date":"2013-04-21 06:32:11"
},
{
"kids":[],
"uid":"1616291205",
"parent":"zt7C8zSTw",
"text":"[怒]",
"mid":"zt7FmE1u1",
"date":"2013-04-21 06:31:27"
},
{
"kids":[
"zt7FmE1u1"
],
"uid":"1913482433",
"parent":"zt7z1lu0t",
"text":"",
"mid":"zt7C8zSTw",
"date":"2013-04-21 06:23:28"
},
{
"kids":[],
"uid":"2518440375",
"parent":"",
"text":"",
"mid":"zt7Alvhco",
"date":"2013-04-21 06:19:05"
},
{
"kids":[],
"uid":"1687679173",
"parent":"",
"text":"",
"mid":"zt7zWmoi0",
"date":"2013-04-21 06:18:05"
},
{
"kids":[
"zt8WGwCHE",
"zt8eEqxQM",
"zt8ez9Fnp",
"zt7GJ8tky"
],
"uid":"ttiandy",
"parent":"zt5On2H1I",
"text":"[哼]",
"mid":"zt7zHALfD",
"date":"2013-04-21 06:17:30"
},
{
"kids":[
"zt89Oy5mF",
"zt7NYzwde",
"zt7HviqiL",
"zt7C8zSTw"
],
"uid":"2458730241",
"parent":"zt7y57K6E",
"text":"[衰]",
"mid":"zt7z1lu0t",
"date":"2013-04-21 06:15:49"
},
{
"kids":[
"zt7FQseEg"
],
"uid":"2702492941",
"parent":"zt7y57K6E",
"text":"",
"mid":"zt7yGkW6o",
"date":"2013-04-21 06:14:58"
},
{
"kids":[],
"uid":"3203674593",
"parent":"",
"text":"真正的在发国难财。",
"mid":"zt7yarLuY",
"date":"2013-04-21 06:13:43"
},
{
"kids":[
"zt7z1lu0t",
"zt7yGkW6o"
],
"uid":"shen13579",
"parent":"",
"text":"",
"mid":"zt7y57K6E",
"date":"2013-04-21 06:13:29"
},
{
"kids":[
"zt7PY7zER"
],
"uid":"2991292107",
"parent":"",
"text":"",
"mid":"zt7wD3bXY",
"date":"2013-04-21 06:09:55"
},
{
"kids":[],
"uid":"2723446740",
"parent":"",
"text":"",
"mid":"zt7wD3bWS",
"date":"2013-04-21 06:09:54"
},
{
"kids":[],
"uid":"2624157297",
"parent":"",
"text":"[吃惊]",
"mid":"zt7vtaRO1",
"date":"2013-04-21 06:07:04"
},
{
"kids":[
"zt9uK51h6"
],
"uid":"1509576682",
"parent":"",
"text":"",
"mid":"zt7uz65ao",
"date":"2013-04-21 06:04:50"
},
{
"kids":[
"ztbNVAE2p",
"zt7M9qGfC"
],
"uid":"weigetz",
"parent":"",
"text":"卑鄙无耻下流，发灾难财，发灾民财，无良国企。",
"mid":"zt7sueO4F",
"date":"2013-04-21 05:59:43"
},
{
"kids":[],
"uid":"1836621005",
"parent":"",
"text":"",
"mid":"zt7neB9qf",
"date":"2013-04-21 05:46:46"
},
{
"kids":[],
"uid":"2427076543",
"parent":"",
"text":"无耻！",
"mid":"zt7n8FA8d",
"date":"2013-04-21 05:46:32"
},
{
"kids":[],
"uid":"2315137571",
"parent":"",
"text":"缺德的社会[怒]",
"mid":"zt7n3COt4",
"date":"2013-04-21 05:46:20"
},
{
"kids":[],
"uid":"2614761415",
"parent":"",
"text":"发国难财要遭到报应。",
"mid":"zt7mRx1RY",
"date":"2013-04-21 05:45:52"
},
{
"kids":[],
"uid":"1448472592",
"parent":"",
"text":"[怒]",
"mid":"zt7mRdzn2",
"date":"2013-04-21 05:45:51"
},
{
"kids":[],
"uid":"braveheart121",
"parent":"",
"text":"证实后再说",
"mid":"zt7mv61Xv",
"date":"2013-04-21 05:44:58"
},
{
"kids":[],
"uid":"liangjichao",
"parent":"",
"text":"",
"mid":"zt7mgjqWW",
"date":"2013-04-21 05:44:23"
},
{
"kids":[],
"uid":"1961008342",
"parent":"zt5MnsMya",
"text":"",
"mid":"zt7iM038D",
"date":"2013-04-21 05:35:47"
},
{
"kids":[],
"uid":"2742112567",
"parent":"zt5AjAcBD",
"text":"",
"mid":"zt7hUwZ3S",
"date":"2013-04-21 05:33:40"
},
{
"kids":[],
"uid":"1922216183",
"parent":"",
"text":"",
"mid":"zt78ZoB1f",
"date":"2013-04-21 05:11:40"
},
{
"kids":[],
"uid":"3098169195",
"parent":"zt5MnsMya",
"text":"何为卑鄙？何为无耻？天良何在？人性何在？围观也是支持！！",
"mid":"zt78hjZaI",
"date":"2013-04-21 05:09:56"
},
{
"kids":[],
"uid":"1846653134",
"parent":"",
"text":"",
"mid":"zt6O2lGPk",
"date":"2013-04-21 04:20:04"
},
{
"kids":[
"zt8bloO1P"
],
"uid":"ecthelion",
"parent":"",
"text":"这种时候最重要的是协助救援，救人等不得，问责却可以秋后算账。现在忙着指责这那的，就算不是造谣，最好听的形容也是不分轻重缓急。",
"mid":"zt6l0f9ES",
"date":"2013-04-21 03:08:32"
},
{
"kids":[],
"uid":"xpunk",
"parent":"zt5zsqtVp",
"text":"[怒]",
"mid":"zt6j5cuBM",
"date":"2013-04-21 03:03:48"
},
{
"kids":[],
"uid":"falcon1983",
"parent":"",
"text":"转发，求辟谣！！",
"mid":"zt6cJ0xLE",
"date":"2013-04-21 02:48:08"
},
{
"kids":[],
"uid":"wanglingyan789",
"parent":"zt5MnsMya",
"text":"昨天还看过，最近到成都机票折扣很高，最低北京—成都才550元",
"mid":"zt66fo053",
"date":"2013-04-21 02:32:11"
},
{
"kids":[],
"uid":"2727581307",
"parent":"zt5FlEgb5",
"text":"",
"mid":"zt64Ttuyi",
"date":"2013-04-21 02:28:51"
},
{
"kids":[],
"uid":"1770216135",
"parent":"zt5NCjoxl",
"text":"",
"mid":"zt64mFilO",
"date":"2013-04-21 02:27:33"
},
{
"kids":[],
"uid":"1888859563",
"parent":"zt5MnsMya",
"text":"良心泯灭！",
"mid":"zt63EDpuy",
"date":"2013-04-21 02:25:47"
},
{
"kids":[],
"uid":"platujiu",
"parent":"zt5Nlu9r8",
"text":"果然很无耻！@新浪航空 求证",
"mid":"zt60X5YtJ",
"date":"2013-04-21 02:19:08"
},
{
"kids":[
"zt80n9vaA"
],
"uid":"2885686107",
"parent":"",
"text":"真的吗?不敢相信。先不说是不是国企，即便是稍有良知的商者都不会如此趁火打劫。只有不良商人才会发国难财。",
"mid":"zt5V6yF5e",
"date":"2013-04-21 02:04:43"
},
{
"kids":[],
"uid":"1952675840",
"parent":"zt5MnsMya",
"text":"求真相",
"mid":"zt5Ueu179",
"date":"2013-04-21 02:02:34"
},
{
"kids":[],
"uid":"hechangxing",
"parent":"zt5MnsMya",
"text":"",
"mid":"zt5TLu4do",
"date":"2013-04-21 02:01:26"
},
{
"kids":[],
"uid":"277225941",
"parent":"zt5MnsMya",
"text":"@姚健说 脸皮厚我就踢你卵子",
"mid":"zt5TAAlQd",
"date":"2013-04-21 02:01:00"
},
{
"kids":[],
"uid":"138791456",
"parent":"zt5SvcBIi",
"text":"",
"mid":"zt5T2BkCU",
"date":"2013-04-21 01:59:39"
},
{
"kids":[
"zt5T2BkCU"
],
"uid":"2280368457",
"parent":"zt5On2H1I",
"text":"",
"mid":"zt5SvcBIi",
"date":"2013-04-21 01:58:19"
},
{
"kids":[],
"uid":"2710985121",
"parent":"",
"text":"",
"mid":"zt5SqtYhF",
"date":"2013-04-21 01:58:08"
},
{
"kids":[],
"uid":"honggongming",
"parent":"",
"text":"唉，怎么有脸这样干？人道何在？良知何在？",
"mid":"zt5OTtGIw",
"date":"2013-04-21 01:49:26"
},
{
"kids":[
"zt7zHALfD",
"zt5SvcBIi"
],
"uid":"2192948080",
"parent":"",
"text":"",
"mid":"zt5On2H1I",
"date":"2013-04-21 01:48:08"
},
{
"kids":[],
"uid":"2102508271",
"parent":"zt5FlEgb5",
"text":"哪个航空公司？报上名来，骂这个狗娘养的。",
"mid":"zt5NYby5K",
"date":"2013-04-21 01:47:09"
},
{
"kids":[
"zt64mFilO"
],
"uid":"daguaizyzxue",
"parent":"zt5MnsMya",
"text":"",
"mid":"zt5NCjoxl",
"date":"2013-04-21 01:46:17"
},
{
"kids":[],
"uid":"273550093",
"parent":"zt5MnsMya",
"text":"防谣言，兄弟们。",
"mid":"zt5NnyeGa",
"date":"2013-04-21 01:45:41"
},
{
"kids":[
"zt60X5YtJ"
],
"uid":"2049794287",
"parent":"zt5MnsMya",
"text":"[怒]TMD！！！@前陆军少尉 @鱼迷eva @蒲公英的斗士斑斑",
"mid":"zt5Nlu9r8",
"date":"2013-04-21 01:45:36"
},
{
"kids":[
"zt7iM038D",
"zt78hjZaI",
"zt66fo053",
"zt63EDpuy",
"zt5Ueu179",
"zt5TLu4do",
"zt5TAAlQd",
"zt5NCjoxl",
"zt5NnyeGa",
"zt5Nlu9r8"
],
"uid":"210106038",
"parent":"zt5FlEgb5",
"text":"求证！",
"mid":"zt5MnsMya",
"date":"2013-04-21 01:43:14"
},
{
"kids":[],
"uid":"2049187740",
"parent":"",
"text":"",
"mid":"zt5LKvIw2",
"date":"2013-04-21 01:41:41"
},
{
"kids":[],
"uid":"2160358165",
"parent":"",
"text":"趁火打劫是这些垄断行业的习惯~但高速收费站、移动、中石油都在免费了...中国航空还在趁机涨价，不与时俱进呀！[挖鼻屎]",
"mid":"zt5JF5xzj",
"date":"2013-04-21 01:36:32"
},
{
"kids":[],
"uid":"2603476250",
"parent":"",
"text":"[怒][怒][怒][怒][怒][怒][怒][怒]",
"mid":"zt5J25nnO",
"date":"2013-04-21 01:34:59"
},
{
"kids":[],
"uid":"2798989975",
"parent":"zt5HgsaTz",
"text":"",
"mid":"zt5J19B7H",
"date":"2013-04-21 01:34:57"
},
{
"kids":[],
"uid":"2234980750",
"parent":"",
"text":"太过份",
"mid":"zt5HZniMJ",
"date":"2013-04-21 01:32:25"
},
{
"kids":[],
"uid":"2214181952",
"parent":"zt5ymchfs",
"text":"不至于吧",
"mid":"zt5HNxZjx",
"date":"2013-04-21 01:31:57"
},
{
"kids":[],
"uid":"526912308",
"parent":"",
"text":"[怒]",
"mid":"zt5HkAlyF",
"date":"2013-04-21 01:30:48"
},
{
"kids":[
"zt5J19B7H"
],
"uid":"3162574844",
"parent":"",
"text":"[弱]",
"mid":"zt5HgsaTz",
"date":"2013-04-21 01:30:37"
},
{
"kids":[],
"uid":"2910190217",
"parent":"",
"text":"",
"mid":"zt5HeFGU4",
"date":"2013-04-21 01:30:34"
},
{
"kids":[],
"uid":"30985901",
"parent":"",
"text":"可耻啊",
"mid":"zt5Gsub7N",
"date":"2013-04-21 01:28:38"
},
{
"kids":[
"zt64Ttuyi",
"zt5NYby5K",
"zt5MnsMya"
],
"uid":"1794499275",
"parent":"zt5EedhOw",
"text":"",
"mid":"zt5FlEgb5",
"date":"2013-04-21 01:25:55"
},
{
"kids":[],
"uid":"chrnomylovey",
"parent":"zt5AZwkrf",
"text":"卧槽？！",
"mid":"zt5Fa8Z5v",
"date":"2013-04-21 01:25:27"
},
{
"kids":[],
"uid":"2804575860",
"parent":"",
"text":"[怒]",
"mid":"zt5EVF2m4",
"date":"2013-04-21 01:24:53"
},
{
"kids":[
"zt5FlEgb5"
],
"uid":"2620124513",
"parent":"",
"text":"",
"mid":"zt5EedhOw",
"date":"2013-04-21 01:23:09"
},
{
"kids":[],
"uid":"1897619971",
"parent":"",
"text":"",
"mid":"zt5Ecq4w6",
"date":"2013-04-21 01:23:05"
},
{
"kids":[
"zt5Fa8Z5v"
],
"uid":"beryl421",
"parent":"",
"text":"",
"mid":"zt5AZwkrf",
"date":"2013-04-21 01:15:11"
},
{
"kids":[
"zt7hUwZ3S"
],
"uid":"2546869340",
"parent":"zt5ymchfs",
"text":"",
"mid":"zt5AjAcBD",
"date":"2013-04-21 01:13:31"
},
{
"kids":[
"zt6j5cuBM"
],
"uid":"2387436772",
"parent":"",
"text":"[怒]",
"mid":"zt5zsqtVp",
"date":"2013-04-21 01:11:24"
},
{
"kids":[
"zt8vf5I0X",
"zt5HNxZjx",
"zt5AjAcBD"
],
"uid":"2890742807",
"parent":"",
"text":"",
"mid":"zt5ymchfs",
"date":"2013-04-21 01:08:41"
},
{
"kids":[],
"uid":"2242898394",
"parent":"zt5t24z7M",
"text":"",
"mid":"zt5w6n058",
"date":"2013-04-21 01:03:08"
},
{
"kids":[],
"uid":"532596123",
"parent":"zt5pQn8Rg",
"text":"",
"mid":"zt5tsE89A",
"date":"2013-04-21 00:56:38"
},
{
"kids":[
"zt5w6n058"
],
"uid":"skylawyer",
"parent":"",
"text":"[怒]",
"mid":"zt5t24z7M",
"date":"2013-04-21 00:55:35"
},
{
"kids":[],
"uid":"2655065091",
"parent":"",
"text":"",
"mid":"zt5sf3mGC",
"date":"2013-04-21 00:53:35"
},
{
"kids":[],
"uid":"3033533422",
"parent":"",
"text":"求证!",
"mid":"zt5rDcyr1",
"date":"2013-04-21 00:52:07"
},
{
"kids":[],
"uid":"3052864854",
"parent":"",
"text":"[怒駡][弱]发国难财？！！",
"mid":"zt5r0tAYU",
"date":"2013-04-21 00:50:33"
},
{
"kids":[],
"uid":"1461197401",
"parent":"zt5oqn1tb",
"text":"",
"mid":"zt5qbq1Uw",
"date":"2013-04-21 00:48:30"
},
{
"kids":[],
"uid":"1064790771",
"parent":"",
"text":"",
"mid":"zt5q5saa9",
"date":"2013-04-21 00:48:19"
},
{
"kids":[
"zt5tsE89A"
],
"uid":"2119240055",
"parent":"zt5p3mPDZ",
"text":"真的有人发国难财？",
"mid":"zt5pQn8Rg",
"date":"2013-04-21 00:47:43"
},
{
"kids":[],
"uid":"1146080997",
"parent":"",
"text":"[吃惊][围观]",
"mid":"zt5pQ5xuy",
"date":"2013-04-21 00:47:40"
},
{
"kids":[],
"uid":"3215981012",
"parent":"zt5od4pde",
"text":"",
"mid":"zt5p9zToI",
"date":"2013-04-21 00:46:00"
},
{
"kids":[
"zt5pQn8Rg"
],
"uid":"2713671505",
"parent":"zt5oqn1tb",
"text":"晕",
"mid":"zt5p3mPDZ",
"date":"2013-04-21 00:45:45"
},
{
"kids":[
"zt5qbq1Uw",
"zt5p3mPDZ"
],
"uid":"2291481300",
"parent":"",
"text":"求证。",
"mid":"zt5oqn1tb",
"date":"2013-04-21 00:44:14"
},
{
"kids":[],
"uid":"heyongfang2010",
"parent":"",
"text":"良心何在！",
"mid":"zt5onpGn1",
"date":"2013-04-21 00:44:05"
},
{
"kids":[
"zt5p9zToI"
],
"uid":"535896234",
"parent":"zt5noepOi",
"text":"",
"mid":"zt5od4pde",
"date":"2013-04-21 00:43:38"
},
{
"kids":[],
"uid":"106377180",
"parent":"",
"text":"",
"mid":"zt5nRb1Zt",
"date":"2013-04-21 00:42:48"
},
{
"kids":[],
"uid":"2339884553",
"parent":"",
"text":"这是真的吗？？求证！！@人民网 @长江日报@京华时报@中国新闻网",
"mid":"zt5nqz0u8",
"date":"2013-04-21 00:41:46"
},
{
"kids":[
"zt5od4pde"
],
"uid":"1863242387",
"parent":"",
"text":"",
"mid":"zt5noepOi",
"date":"2013-04-21 00:41:41"
},
{
"kids":[
"zt8ckxmVD"
],
"uid":"1458748722",
"parent":"",
"text":"转发，求证！@胶东县令 @中文台张婉 @域内发声 @隆裕太后 @焦点联播 @凤凰网 @焦点联播 @民生焦点转播 @摆古论今 @真实的阿甘 @青岛晚报调查 @第一新闻 [话筒]",
"mid":"zt5mWpF7Y",
"date":"2013-04-21 00:40:35"
},
{
"kids":[],
"uid":"lingaowang",
"parent":"",
"text":"求证实",
"mid":"zt5mOcehQ",
"date":"2013-04-21 00:40:14"
},
{
"kids":[],
"uid":"3179358454",
"parent":"",
"text":"",
"mid":"zt5msCt1v",
"date":"2013-04-21 00:39:21"
},
{
"kids":[],
"uid":"3207179763",
"parent":"",
"text":"",
"mid":"zt5lPkfxX",
"date":"2013-04-21 00:37:49"
},
{
"kids":[],
"uid":"1773098565",
"parent":"",
"text":"辛苦的努力会换来勤奋的果实！",
"mid":"zt5lNvUPs",
"date":"2013-04-21 00:37:45"
}
]