[
{
"kids":[],
"uid":"2207806673",
"parent":"zvX119IJ6",
"text":"这也信，弄尸油还挺费劲呢，图什么",
"mid":"zxscy5usk",
"date":"2013-05-19 18:09:22"
},
{
"kids":[],
"uid":"2714175904",
"parent":"zvXi3xklO",
"text":"差不多快把我小学的吐出来了",
"mid":"zwmyxhxl0",
"date":"2013-05-12 13:56:44"
},
{
"kids":[],
"uid":"345980818",
"parent":"zvWSBfWCp",
"text":"",
"mid":"zwg48fwNT",
"date":"2013-05-11 21:25:21"
},
{
"kids":[],
"uid":"dewxx",
"parent":"zwcu5h2Ro",
"text":"原勃涉嫌违规喂！哥连续吃了两周……",
"mid":"zwfm1bGMd",
"date":"2013-05-11 19:36:41"
},
{
"kids":[],
"uid":"hushem",
"parent":"zwfdzAolY",
"text":"尸油很贵的比食用油贵多了好么= =",
"mid":"zwfhNn5b7",
"date":"2013-05-11 19:26:14"
},
{
"kids":[],
"uid":"2328531964",
"parent":"zwfcSpSo3",
"text":".....",
"mid":"zwfe5rRJD",
"date":"2013-05-11 19:17:08"
},
{
"kids":[
"zwfhNn5b7"
],
"uid":"zoropy",
"parent":"zwfcSpSo3",
"text":"被这条轮了80多条@0_O蹄子兽 你感受下←_←/@D菌_進擊的雅安:......",
"mid":"zwfdzAolY",
"date":"2013-05-11 19:15:52"
},
{
"kids":[
"zwfe5rRJD",
"zwfdzAolY"
],
"uid":"2506842544",
"parent":"",
"text":"......",
"mid":"zwfcSpSo3",
"date":"2013-05-11 19:14:06"
},
{
"kids":[],
"uid":"2201390352",
"parent":"",
"text":"一天一尸油 强壮中国人",
"mid":"zwenp9bAw",
"date":"2013-05-11 17:07:21"
},
{
"kids":[],
"uid":"2400801607",
"parent":"zwcwLjRuC",
"text":"我到宁愿相信是地沟油炸的……",
"mid":"zwe9RiPx2",
"date":"2013-05-11 16:33:58"
},
{
"kids":[],
"uid":"330126406",
"parent":"",
"text":"..每天..",
"mid":"zwe1kofYJ",
"date":"2013-05-11 16:12:57"
},
{
"kids":[],
"uid":"3103632681",
"parent":"zwcGgeKfR",
"text":"放你妈的屁，用普通的油比尸油成本便宜得多，谁会那么蛋疼去搞这种？没确切证据别随便造谣，扯你妈蛋去",
"mid":"zwdk8laa8",
"date":"2013-05-11 14:26:32"
},
{
"kids":[],
"uid":"2408750985",
"parent":"zwcdX1KJX",
"text":"听着好假啊……哪来难多死人啊……",
"mid":"zwdeTBpo4",
"date":"2013-05-11 14:13:38"
},
{
"kids":[],
"uid":"1944116637",
"parent":"zwcaMeDdw",
"text":"？",
"mid":"zwd5kglWA",
"date":"2013-05-11 13:50:02"
},
{
"kids":[],
"uid":"withtheosang",
"parent":"zwbOhwEGe",
"text":"成本真高，价钱良心",
"mid":"zwd2Rexc2",
"date":"2013-05-11 13:43:58"
},
{
"kids":[],
"uid":"sawokor",
"parent":"zwc3wdjNo",
"text":"尸油有那么便宜么",
"mid":"zwcTmiLlA",
"date":"2013-05-11 13:20:33"
},
{
"kids":[],
"uid":"xxx3333",
"parent":"",
"text":"真的假的。。。。。求证实。。完蛋了",
"mid":"zwcPSzxI5",
"date":"2013-05-11 13:11:59"
},
{
"kids":[],
"uid":"2846012362",
"parent":"zvX7J9LaZ",
"text":"!!!从小吃到大  求附身吧",
"mid":"zwcHQ7yiH",
"date":"2013-05-11 12:52:11"
},
{
"kids":[
"zwdk8laa8"
],
"uid":"2908130531",
"parent":"zwcjh8sRV",
"text":"这么说我也是吃过人的人了..",
"mid":"zwcGgeKfR",
"date":"2013-05-11 12:48:16"
},
{
"kids":[],
"uid":"2431167411",
"parent":"zwcu5h2Ro",
"text":"才不吃要花钱的东西但是恶意满满的@包纸不磨叽_果断要减肥",
"mid":"zwcFABN4j",
"date":"2013-05-11 12:46:39"
},
{
"kids":[],
"uid":"blackenter",
"parent":"zwcu5h2Ro",
"text":"右右哈哈哈哈哈",
"mid":"zwcCyF0ya",
"date":"2013-05-11 12:39:11"
},
{
"kids":[],
"uid":"2662505261",
"parent":"",
"text":"再给你带两包怎样→ w →",
"mid":"zwcAh6HE6",
"date":"2013-05-11 12:33:32"
},
{
"kids":[
"zwe9RiPx2"
],
"uid":"1627100312",
"parent":"zwcgV814h",
"text":"尸油是稀有品吧。。这也信。。",
"mid":"zwcwLjRuC",
"date":"2013-05-11 12:24:52"
},
{
"kids":[],
"uid":"2139512750",
"parent":"zwcaMeDdw",
"text":"",
"mid":"zwcvknRPP",
"date":"2013-05-11 12:21:22"
},
{
"kids":[
"zwfm1bGMd",
"zwcFABN4j",
"zwcCyF0ya"
],
"uid":"paimon028",
"parent":"",
"text":"噢——好几年没吃了",
"mid":"zwcu5h2Ro",
"date":"2013-05-11 12:18:17"
},
{
"kids":[],
"uid":"3197117197",
"parent":"",
"text":"我是吃过尸油的人【自豪脸",
"mid":"zwcq4viVl",
"date":"2013-05-11 12:08:23"
},
{
"kids":[],
"uid":"1010738632",
"parent":"",
"text":"嘛，没事反正还挺好吃的",
"mid":"zwclL3bdh",
"date":"2013-05-11 11:57:47"
},
{
"kids":[],
"uid":"1374135651",
"parent":"",
"text":"",
"mid":"zwcjJ9Fm5",
"date":"2013-05-11 11:52:47"
},
{
"kids":[],
"uid":"lensongaga",
"parent":"zwbQz5Z5b",
"text":"尸油是什么狗屁！！！",
"mid":"zwcjrbu0t",
"date":"2013-05-11 11:52:03"
},
{
"kids":[
"zwcGgeKfR"
],
"uid":"2815255333",
"parent":"",
"text":"吃的我无比愉悦",
"mid":"zwcjh8sRV",
"date":"2013-05-11 11:51:40"
},
{
"kids":[
"zwcwLjRuC"
],
"uid":"akkid511",
"parent":"zwc46y643",
"text":"四五年前的了怎么现在还在说？不都说了是造谣的么？",
"mid":"zwcgV814h",
"date":"2013-05-11 11:45:52"
},
{
"kids":[],
"uid":"AlwaysBeEkin",
"parent":"zwcdX1KJX",
"text":"尸油很贵的",
"mid":"zwcgJhOOp",
"date":"2013-05-11 11:45:24"
},
{
"kids":[],
"uid":"1935490467",
"parent":"",
"text":"右邊+1。就算是。你不照樣吃的嘎嘣脆？好像還有雞肉味的吧。",
"mid":"zwcgtkjNt",
"date":"2013-05-11 11:44:46"
},
{
"kids":[],
"uid":"1777942173",
"parent":"zwcdX1KJX",
"text":"何止魔法师。。。高中同学说的基本涵盖所有一块左右的干吃面了",
"mid":"zwcgi6Dyx",
"date":"2013-05-11 11:44:18"
},
{
"kids":[],
"uid":"2477001037",
"parent":"",
"text":"太假，尸油什么味？？？开玩笑呢？",
"mid":"zwcfprjSs",
"date":"2013-05-11 11:42:07"
},
{
"kids":[
"zwdeTBpo4",
"zwcgJhOOp",
"zwcgi6Dyx"
],
"uid":"2009150955",
"parent":"zwc46y643",
"text":"淡定脸】这个传言从我小学就有了",
"mid":"zwcdX1KJX",
"date":"2013-05-11 11:38:33"
},
{
"kids":[
"zwd5kglWA",
"zwcvknRPP"
],
"uid":"sylvia0w0",
"parent":"",
"text":"卧槽……",
"mid":"zwcaMeDdw",
"date":"2013-05-11 11:30:44"
},
{
"kids":[],
"uid":"secretlove0505",
"parent":"",
"text":"感受一下（（（",
"mid":"zwc9U91wH",
"date":"2013-05-11 11:28:35"
},
{
"kids":[],
"uid":"2533414253",
"parent":"zwc46y643",
"text":"小学就知道了，嚼人类精华的感觉",
"mid":"zwc8PmN0K",
"date":"2013-05-11 11:25:56"
},
{
"kids":[],
"uid":"2457089742",
"parent":"",
"text":"卧槽",
"mid":"zwc6M4BYa",
"date":"2013-05-11 11:20:51"
},
{
"kids":[],
"uid":"2245330363",
"parent":"zwbOQE5OE",
"text":"辣条不服",
"mid":"zwc4MdeO2",
"date":"2013-05-11 11:15:57"
},
{
"kids":[
"zwcgV814h",
"zwcdX1KJX",
"zwc8PmN0K"
],
"uid":"2267827332",
"parent":"zwbOhwEGe",
"text":"na wo jiujing chi l duo shao ren de you a ...@渐蓝-原地满状态复活 @墨荼君___跪求RP",
"mid":"zwc46y643",
"date":"2013-05-11 11:14:18"
},
{
"kids":[
"zwcTmiLlA"
],
"uid":"1309532945",
"parent":"zwc0wjyGC",
"text":"哇..为什么觉得反正都吃下去了ORZ",
"mid":"zwc3wdjNo",
"date":"2013-05-11 11:12:50"
},
{
"kids":[],
"uid":"fatecytell",
"parent":"",
"text":"！！擦真的假的，高三尼码我买了三箱全吃了啊三箱啊啊啊",
"mid":"zwc3s58PK",
"date":"2013-05-11 11:12:40"
},
{
"kids":[],
"uid":"1676747275",
"parent":"zwbZxanyN",
"text":"右边真讨厌！我原来想着说不吃就好了结果现在电影都不能直视了",
"mid":"zwc3hpS5l",
"date":"2013-05-11 11:12:16"
},
{
"kids":[
"zwc3wdjNo"
],
"uid":"turnblackcat",
"parent":"",
"text":"哇尸油好便宜=。=",
"mid":"zwc0wjyGC",
"date":"2013-05-11 11:05:27"
},
{
"kids":[
"zwc3hpS5l"
],
"uid":"2454454887",
"parent":"",
"text":"。。。。不是说是谣言么[bm震惊]突然想到了《香水》",
"mid":"zwbZxanyN",
"date":"2013-05-11 11:03:02"
},
{
"kids":[],
"uid":"1922175167",
"parent":"zwbWtu1iJ",
"text":"不是说尸油太昂贵只用来做香水么？如果真的吃了也很酷炫啊！",
"mid":"zwbXuFciJ",
"date":"2013-05-11 10:58:00"
},
{
"kids":[
"zwbXuFciJ"
],
"uid":"NTRNTRNTRNTR",
"parent":"",
"text":"不喜欢吃魔法士我就笑笑",
"mid":"zwbWtu1iJ",
"date":"2013-05-11 10:55:29"
},
{
"kids":[
"zwcjrbu0t"
],
"uid":"ScyllaRiddle",
"parent":"zwbOhwEGe",
"text":"没感觉，继续吃吧？@看向云雀De恭弥 @溯景_Sin27没有度",
"mid":"zwbQz5Z5b",
"date":"2013-05-11 10:40:55"
},
{
"kids":[],
"uid":"2308779464",
"parent":"zwbOhwEGe",
"text":"想吃！！",
"mid":"zwbQixShG",
"date":"2013-05-11 10:40:17"
},
{
"kids":[],
"uid":"14yearskui",
"parent":"zvWXrcWu3",
"text":"难道不是安最喜欢的那个吗",
"mid":"zwbPuyyM4",
"date":"2013-05-11 10:38:16"
},
{
"kids":[
"zwc4MdeO2"
],
"uid":"syeason",
"parent":"",
"text":"我……寝室……还有……一包",
"mid":"zwbOQE5OE",
"date":"2013-05-11 10:36:43"
},
{
"kids":[
"zwd2Rexc2",
"zwc46y643",
"zwbQz5Z5b",
"zwbQixShG"
],
"uid":"1116825030",
"parent":"",
"text":"没吃过。。",
"mid":"zwbOhwEGe",
"date":"2013-05-11 10:35:17"
},
{
"kids":[],
"uid":"1842908337",
"parent":"zvWXrcWu3",
"text":"幸亏早戒了……[生病]",
"mid":"zw8pbkqAe",
"date":"2013-05-11 01:55:14"
},
{
"kids":[],
"uid":"2688957402",
"parent":"",
"text":"幸好我不吃[可爱]",
"mid":"zw7Jdbxg8",
"date":"2013-05-11 00:11:47"
},
{
"kids":[],
"uid":"2613117542",
"parent":"zvXBT1MhZ",
"text":"。。。。。我擦！？昨天还吃了一包。。。尼玛！！",
"mid":"zw6V5c7kp",
"date":"2013-05-10 22:08:18"
},
{
"kids":[],
"uid":"614SAMA",
"parent":"",
"text":"",
"mid":"zw6Setzv2",
"date":"2013-05-10 22:01:20"
},
{
"kids":[],
"uid":"3027802565",
"parent":"",
"text":"神毛！！！！！@刘睿晴 @18岁hyggelig @吴世勋嫁给我好不好  让你们再吃！！！",
"mid":"zw6O0EFUU",
"date":"2013-05-10 21:50:54"
},
{
"kids":[],
"uid":"2689330114",
"parent":"zw6BcrhnO",
"text":"ciao....我之前好像吃了不少，怎么办",
"mid":"zw6DtDluf",
"date":"2013-05-10 21:24:56"
},
{
"kids":[
"zw6DtDluf"
],
"uid":"2610654375",
"parent":"",
"text":"",
"mid":"zw6BcrhnO",
"date":"2013-05-10 21:19:21"
},
{
"kids":[],
"uid":"2855292062",
"parent":"",
"text":"我最爱吃了尼玛！",
"mid":"zw69AloEp",
"date":"2013-05-10 20:11:18"
},
{
"kids":[],
"uid":"1757680351",
"parent":"zvX2V1suH",
"text":"卧槽。。我们班这几天一直都有人在吃 。。。[衰][衰][衰]",
"mid":"zw5YlyRVV",
"date":"2013-05-10 19:43:38"
},
{
"kids":[],
"uid":"1995196021",
"parent":"",
"text":"@WW斐 @疯哥哥的_发情期到了",
"mid":"zw5Sh8C8q",
"date":"2013-05-10 19:28:38"
},
{
"kids":[],
"uid":"2855715611",
"parent":"",
"text":"",
"mid":"zw5DiFlse",
"date":"2013-05-10 18:51:46"
},
{
"kids":[],
"uid":"2406799474",
"parent":"zvWXrcWu3",
"text":"我的三观…",
"mid":"zw56I8wxw",
"date":"2013-05-10 17:31:28"
},
{
"kids":[],
"uid":"2129683377",
"parent":"zw3rj5Pp5",
"text":"…………",
"mid":"zw4XMkXnQ",
"date":"2013-05-10 17:09:29"
},
{
"kids":[],
"uid":"hzhzhzhzhzhzhzhzhzhz",
"parent":"zvXWsoIuv",
"text":"这么性感…",
"mid":"zw4VIE3b2",
"date":"2013-05-10 17:04:26"
},
{
"kids":[],
"uid":"2904869933",
"parent":"",
"text":"说不定我们死了之后下一代也能吃到美味的魔法士",
"mid":"zw4kQrq7w",
"date":"2013-05-10 15:33:32"
},
{
"kids":[],
"uid":"2427694147",
"parent":"",
"text":"我擦～难怪这么好吃。。。。哦也[嘻嘻]",
"mid":"zw3Z8uUaa",
"date":"2013-05-10 14:40:03"
},
{
"kids":[],
"uid":"2610541465",
"parent":"",
"text":"那是神马食物-.-",
"mid":"zw3WllXeX",
"date":"2013-05-10 14:33:11"
},
{
"kids":[],
"uid":"2161792307",
"parent":"",
"text":"不错啊。挺好吃的，嘎嘎脆。哈哈哈哈@莫俊成哇",
"mid":"zw3LjguM3",
"date":"2013-05-10 14:06:01"
},
{
"kids":[],
"uid":"lucianowang",
"parent":"zw3DZpjaf",
"text":"po傻逼，鉴定完毕",
"mid":"zw3EhoEzH",
"date":"2013-05-10 13:48:43"
},
{
"kids":[
"zw3EhoEzH"
],
"uid":"siney940725",
"parent":"",
"text":"你觉得尸油会比普通的油好找是么？",
"mid":"zw3DZpjaf",
"date":"2013-05-10 13:47:59"
},
{
"kids":[],
"uid":"2550842841",
"parent":"zw3j02XWl",
"text":"废话除了植物油什么不是尸油，食堂肉片还是尸体咧@[哈哈]",
"mid":"zw3wMjZUH",
"date":"2013-05-10 13:30:12"
},
{
"kids":[],
"uid":"2367338371",
"parent":"",
"text":"这个都信的你们是缺心眼儿么。另外原Po作的一手好死，不知道最近抓造谣抓的严么？刚进去一个，你也想赶时髦是么。",
"mid":"zw3vMxnFA",
"date":"2013-05-10 13:27:44"
},
{
"kids":[
"zw4XMkXnQ"
],
"uid":"2286417635",
"parent":"",
"text":"徒弟...@南宫都-No_Forever",
"mid":"zw3rj5Pp5",
"date":"2013-05-10 13:16:42"
},
{
"kids":[],
"uid":"zm0910",
"parent":"zw3oHckWB",
"text":"！！！",
"mid":"zw3p57H7g",
"date":"2013-05-10 13:11:14"
},
{
"kids":[
"zw3p57H7g"
],
"uid":"577442881",
"parent":"zw0MKBm9B",
"text":"我了个操啊。。。",
"mid":"zw3oHckWB",
"date":"2013-05-10 13:10:18"
},
{
"kids":[],
"uid":"835830862",
"parent":"zw3f0sh3Y",
"text":"哇！！！太猛了！！",
"mid":"zw3mAiYnZ",
"date":"2013-05-10 13:05:06"
},
{
"kids":[],
"uid":"2030308484",
"parent":"zvWQ20bJ9",
"text":"多少没脑子的啊...",
"mid":"zw3kxbfb5",
"date":"2013-05-10 13:00:02"
},
{
"kids":[
"zw3wMjZUH"
],
"uid":"2977903505",
"parent":"zw3cWv5Es",
"text":"@林被少明 @-柚柚柚柚子- @SHARKSHARK-WXJ 。。粗。。大。。事。。了。。",
"mid":"zw3j02XWl",
"date":"2013-05-10 12:56:16"
},
{
"kids":[
"zw3mAiYnZ"
],
"uid":"ridelifedahon",
"parent":"",
"text":"Real?",
"mid":"zw3f0sh3Y",
"date":"2013-05-10 12:46:24"
},
{
"kids":[
"zw3j02XWl"
],
"uid":"2047851355",
"parent":"zvY5VwgL8",
"text":"@96-108的叶梓 @媛媛-Voc 你们.....我们...",
"mid":"zw3cWv5Es",
"date":"2013-05-10 12:41:21"
},
{
"kids":[],
"uid":"2164456630",
"parent":"zvX2RrjIE",
"text":"老子呕他一脸啊。。",
"mid":"zw3bf0xKE",
"date":"2013-05-10 12:37:08"
},
{
"kids":[],
"uid":"206567251",
"parent":"",
"text":"阿昨天才吃的！呕",
"mid":"zw38Zy4ax",
"date":"2013-05-10 12:31:35"
},
{
"kids":[],
"uid":"1783780250",
"parent":"zvXwUi1zP",
"text":"不要吓我………",
"mid":"zw33hx3BV",
"date":"2013-05-10 12:17:33"
},
{
"kids":[],
"uid":"1715204407",
"parent":"zw2Jgsvs0",
"text":"我觉得我赚了…那么高的成本居然只买五毛…",
"mid":"zw2OUAfFQ",
"date":"2013-05-10 11:42:08"
},
{
"kids":[],
"uid":"2822409832",
"parent":"zw2Jgsvs0",
"text":"。。五毛钱一袋你值得拥有。。尸油多贵呢。。",
"mid":"zw2Ke9y1L",
"date":"2013-05-10 11:30:36"
},
{
"kids":[
"zw2OUAfFQ",
"zw2Ke9y1L"
],
"uid":"usiromiyabattler",
"parent":"zw2dYzIAi",
"text":"黑完周小玲黑魔法士？",
"mid":"zw2Jgsvs0",
"date":"2013-05-10 11:28:14"
},
{
"kids":[],
"uid":"2385788154",
"parent":"zvX2H83br",
"text":"吃了2年[泪]",
"mid":"zw2I7eD0h",
"date":"2013-05-10 11:25:23"
},
{
"kids":[],
"uid":"2574853114",
"parent":"",
"text":"恶心",
"mid":"zw2kl1XYL",
"date":"2013-05-10 10:26:49"
},
{
"kids":[],
"uid":"2644797081",
"parent":"",
"text":"",
"mid":"zw2jqiAbL",
"date":"2013-05-10 10:24:34"
},
{
"kids":[
"zw2Jgsvs0"
],
"uid":"2405638411",
"parent":"",
"text":"@哎呀我是酸晓琪- 嘻嘻嘻嘻嘻嘻",
"mid":"zw2dYzIAi",
"date":"2013-05-10 10:11:08"
},
{
"kids":[],
"uid":"2129763283",
"parent":"zvWYrfgMX",
"text":"我日，我吃了几百袋！！！",
"mid":"zw290BLBH",
"date":"2013-05-10 09:58:54"
},
{
"kids":[],
"uid":"online19",
"parent":"zw1YPcAYG",
"text":"分析一下，我们平时吃的动物油包括猪油牛油其实都是尸油，这么说的话勃主没有说错，是大家错怪勃主啦。狭义的尸油才是指人死后高度腐烂时流出来的脂肪，魔法士去哪找那么多死人，骂勃主的都是没脑的",
"mid":"zw24TE4PK",
"date":"2013-05-10 09:48:46"
},
{
"kids":[],
"uid":"2413873214",
"parent":"zw1gi6u1k",
"text":"肯定假的还有得说？",
"mid":"zw20yc3It",
"date":"2013-05-10 09:38:04"
},
{
"kids":[
"zw24TE4PK"
],
"uid":"online19",
"parent":"",
"text":"右边请别侮辱傻逼这个词好吗",
"mid":"zw1YPcAYG",
"date":"2013-05-10 09:33:49"
},
{
"kids":[],
"uid":"3245769011",
"parent":"zvWQDvMLK",
"text":"原Po脑残，智商都被提炼了",
"mid":"zw1VC09QO",
"date":"2013-05-10 09:25:53"
},
{
"kids":[],
"uid":"zeizeimajia",
"parent":"zvXVovW5Z",
"text":"騙人！！！",
"mid":"zw1TB2pKY",
"date":"2013-05-10 09:20:56"
},
{
"kids":[],
"uid":"3030943237",
"parent":"zvXM1zIaY",
"text":"@水原杨宇熙子 @曲媛- @T-Aff @top崔嘉颖 @康清钰 @郑唯一的唯一 @方莉薇KiAile",
"mid":"zw1S0l4SA",
"date":"2013-05-10 09:17:01"
},
{
"kids":[],
"uid":"2830356990",
"parent":"",
"text":"我到底吃了多少。。。",
"mid":"zw1QXl3MN",
"date":"2013-05-10 09:14:25"
},
{
"kids":[],
"uid":"2919517870",
"parent":"",
"text":"",
"mid":"zw1ItCoJj",
"date":"2013-05-10 08:53:34"
},
{
"kids":[],
"uid":"2919628830",
"parent":"",
"text":"",
"mid":"zw1ItCoG5",
"date":"2013-05-10 08:53:33"
},
{
"kids":[],
"uid":"3071567161",
"parent":"",
"text":"那是什么东东，没听过啊！",
"mid":"zw1Hrw84j",
"date":"2013-05-10 08:51:00"
},
{
"kids":[],
"uid":"2681801281",
"parent":"zvYiiDSuy",
"text":"回复@鸽鸽王子小莎:骗人的啦··尸油在泰国论克卖的···拿来炸方便面？···",
"mid":"zw1EDbDQ4",
"date":"2013-05-10 08:44:03"
},
{
"kids":[],
"uid":"2847925397",
"parent":"",
"text":"呵呵",
"mid":"zw1vxoNAp",
"date":"2013-05-10 08:21:40"
},
{
"kids":[],
"uid":"yatori",
"parent":"",
"text":"",
"mid":"zw1kYfBBo",
"date":"2013-05-10 07:55:38"
},
{
"kids":[],
"uid":"2035982521",
"parent":"zvYBhAsmg",
"text":"。。。。求辟谣啊",
"mid":"zw1jpoiUM",
"date":"2013-05-10 07:51:46"
},
{
"kids":[
"zw20yc3It"
],
"uid":"ssuck",
"parent":"",
"text":"确定是真的？",
"mid":"zw1gi6u1k",
"date":"2013-05-10 07:44:06"
},
{
"kids":[],
"uid":"2150037720",
"parent":"",
"text":"以前常州某著名辣条也有过这样的传闻 还说厂旁边就是火葬场",
"mid":"zw1fmcpqB",
"date":"2013-05-10 07:41:49"
},
{
"kids":[],
"uid":"2152662483",
"parent":"",
"text":"尸油比地沟油便宜???",
"mid":"zw1e7DO6u",
"date":"2013-05-10 07:38:46"
},
{
"kids":[],
"uid":"vienuncle",
"parent":"",
"text":"我………已………经………死………了",
"mid":"zw1d1o6fO",
"date":"2013-05-10 07:36:03"
},
{
"kids":[],
"uid":"mrsyouyun",
"parent":"",
"text":"我的胃。。。",
"mid":"zw1bi9ZRY",
"date":"2013-05-10 07:31:46"
},
{
"kids":[],
"uid":"1839067453",
"parent":"",
"text":"尸油很贵啊都拿来做香水了",
"mid":"zw0Wf0ExO",
"date":"2013-05-10 06:54:42"
},
{
"kids":[],
"uid":"2009185063",
"parent":"zvXD2eX7z",
"text":"[吐]",
"mid":"zw0VkuNnU",
"date":"2013-05-10 06:52:28"
},
{
"kids":[],
"uid":"vampirewung",
"parent":"zw0Pn9dmg",
"text":"别傻，有这样的可能性？",
"mid":"zw0UA9ywx",
"date":"2013-05-10 06:50:37"
},
{
"kids":[
"zw0UA9ywx"
],
"uid":"512303622",
"parent":"",
"text":"[蜡烛]",
"mid":"zw0Pn9dmg",
"date":"2013-05-10 06:37:46"
},
{
"kids":[],
"uid":"youmukonpaku",
"parent":"zvX5w5CUb",
"text":"Po主别恶心好吗",
"mid":"zw0OyCugl",
"date":"2013-05-10 06:35:47"
},
{
"kids":[
"zw3oHckWB"
],
"uid":"mumoran",
"parent":"zvZcBA3jd",
"text":"甚。。。。。",
"mid":"zw0MKBm9B",
"date":"2013-05-10 06:31:19"
},
{
"kids":[],
"uid":"2623950940",
"parent":"",
"text":"我。。。。操。。。。",
"mid":"zw0ERkoLe",
"date":"2013-05-10 06:11:52"
},
{
"kids":[],
"uid":"2632901694",
"parent":"zvXstqDRm",
"text":"莫名有点自豪厉害的我们。。。。。。。",
"mid":"zw0BYgtua",
"date":"2013-05-10 06:04:45"
},
{
"kids":[
"zw0MKBm9B"
],
"uid":"1769338950",
"parent":"",
"text":"。。。。。。。。。。。。。。。。。。。。",
"mid":"zvZcBA3jd",
"date":"2013-05-10 02:29:32"
},
{
"kids":[],
"uid":"dollarsmaoxian",
"parent":"",
"text":"吾辈，吃过人。【深沉的",
"mid":"zvYSW43Eb",
"date":"2013-05-10 01:41:04"
},
{
"kids":[],
"uid":"1981261797",
"parent":"zvWWihtJN",
"text":"尸油那么好弄？",
"mid":"zvYQx7YS7",
"date":"2013-05-10 01:35:09"
},
{
"kids":[],
"uid":"shirunyi",
"parent":"zvXlejv1a",
"text":"卧槽！",
"mid":"zvYKP8bL2",
"date":"2013-05-10 01:21:05"
},
{
"kids":[],
"uid":"207779205",
"parent":"",
"text":"怪不得那么好吃",
"mid":"zvYEbffiu",
"date":"2013-05-10 01:04:42"
},
{
"kids":[
"zw1jpoiUM"
],
"uid":"axy963",
"parent":"zvWYrfgMX",
"text":"尼。。。玛。。。真。。。的。。。。假。。。。的。。。。。。。",
"mid":"zvYBhAsmg",
"date":"2013-05-10 00:57:34"
},
{
"kids":[],
"uid":"paranoidox",
"parent":"zvXgHhxnR",
"text":"一边聊一边吃屌炸",
"mid":"zvYvolLQv",
"date":"2013-05-10 00:43:02"
},
{
"kids":[],
"uid":"1783948383",
"parent":"zvXVGdAiU",
"text":"不会那么恐怖吧。。。[晕][晕][晕][晕]",
"mid":"zvYpSaT1s",
"date":"2013-05-10 00:29:28"
},
{
"kids":[],
"uid":"easonbigguy",
"parent":"zvWXrcWu3",
"text":"好…炫酷…真…的……吗",
"mid":"zvYnPFtFx",
"date":"2013-05-10 00:24:27"
},
{
"kids":[],
"uid":"xiaogelaiyifa",
"parent":"",
"text":"初中吃了好多。。。。求辟谣……",
"mid":"zvYnOuDoR",
"date":"2013-05-10 00:24:21"
},
{
"kids":[],
"uid":"alessagillespie",
"parent":"",
"text":"我要............去买.............",
"mid":"zvYmw9ujY",
"date":"2013-05-10 00:21:12"
},
{
"kids":[
"zw1EDbDQ4"
],
"uid":"sekainoowaring",
"parent":"zvY8N8Yf0",
"text":"很久不吃了。。。。",
"mid":"zvYiiDSuy",
"date":"2013-05-10 00:10:49"
},
{
"kids":[],
"uid":"12090113",
"parent":"",
"text":"不会。但是LXZ每天一包。我要告诉他嘛0.0",
"mid":"zvYfwofhw",
"date":"2013-05-10 00:03:54"
},
{
"kids":[],
"uid":"2122801181",
"parent":"",
"text":"大晚上的不要这样。。",
"mid":"zvYcZaE64",
"date":"2013-05-09 23:57:41"
},
{
"kids":[],
"uid":"justbefriends",
"parent":"zvXHMx7oc",
"text":"卧槽骗……人……吧……",
"mid":"zvYcPoGCK",
"date":"2013-05-09 23:57:16"
},
{
"kids":[],
"uid":"3131026093",
"parent":"zvX7J9LaZ",
"text":"哈哈哈哈哈哈哈哈博主够我笑一年",
"mid":"zvYcEvnH6",
"date":"2013-05-09 23:56:55"
},
{
"kids":[],
"uid":"2122278743",
"parent":"zvX8a6e5b",
"text":"不会吧",
"mid":"zvYaYspvs",
"date":"2013-05-09 23:52:46"
},
{
"kids":[],
"uid":"2824901554",
"parent":"zvXJuDXqo",
"text":"不爱吃[最差]",
"mid":"zvYakiZ21",
"date":"2013-05-09 23:51:10"
},
{
"kids":[
"zvYiiDSuy"
],
"uid":"2291882495",
"parent":"zvY8n8sRJ",
"text":"@长谷川MADAO @030子 …………艹快看",
"mid":"zvY8N8Yf0",
"date":"2013-05-09 23:47:24"
},
{
"kids":[
"zvY8N8Yf0"
],
"uid":"sakicici",
"parent":"",
"text":"尼玛！！！！求可靠消息！！！",
"mid":"zvY8n8sRJ",
"date":"2013-05-09 23:46:18"
},
{
"kids":[
"zw3cWv5Es"
],
"uid":"nexxxxxxxs",
"parent":"zvXEx5HCR",
"text":"@柒柒晴晴 我们。。。。",
"mid":"zvY5VwgL8",
"date":"2013-05-09 23:40:19"
},
{
"kids":[],
"uid":"2794378122F",
"parent":"zvXVovW5Z",
"text":"真的么",
"mid":"zvY3zf6MZ",
"date":"2013-05-09 23:34:28"
},
{
"kids":[],
"uid":"207848403",
"parent":"zvXJX46tA",
"text":"看过配料表不会再爱",
"mid":"zvXZwDYyZ",
"date":"2013-05-09 23:24:31"
},
{
"kids":[],
"uid":"1809657381",
"parent":"",
"text":"(#‵′)靠",
"mid":"zvXYXdQoD",
"date":"2013-05-09 23:23:05"
},
{
"kids":[],
"uid":"2201890850",
"parent":"zvXstqDRm",
"text":"[bm干笑]作为天朝人尸油还吃的少吗...",
"mid":"zvXXudJqg",
"date":"2013-05-09 23:19:30"
},
{
"kids":[],
"uid":"1832847351",
"parent":"zvXQyyvvj",
"text":"我就吃过一两口.......",
"mid":"zvXX4uZnm",
"date":"2013-05-09 23:18:28"
},
{
"kids":[],
"uid":"2495772022",
"parent":"",
"text":"特！！！！！么！！！！！！的！！！！！在！！！！！！逗！！！！！我！！！！！！",
"mid":"zvXWyleXa",
"date":"2013-05-09 23:17:14"
},
{
"kids":[],
"uid":"wzyzlwsc",
"parent":"zvXEunctl",
"text":"我是要变成尸体了吗",
"mid":"zvXWv3r9y",
"date":"2013-05-09 23:17:07"
},
{
"kids":[
"zw4VIE3b2"
],
"uid":"yishuimo",
"parent":"zvXMuuzbY",
"text":"@伏八一生推_含_被兵长萌了一脸血 。。。",
"mid":"zvXWsoIuv",
"date":"2013-05-09 23:16:59"
},
{
"kids":[],
"uid":"1767688664",
"parent":"",
"text":"涌到喉咙口的吐意@叁公玖卿_尼玛名字真难取一皿一",
"mid":"zvXWq4P9X",
"date":"2013-05-09 23:16:54"
},
{
"kids":[
"zvYpSaT1s"
],
"uid":"fcuz520",
"parent":"",
"text":"[泪]",
"mid":"zvXVGdAiU",
"date":"2013-05-09 23:15:04"
},
{
"kids":[
"zw1TB2pKY",
"zvY3zf6MZ"
],
"uid":"vera0wang",
"parent":"",
"text":"妈呀我今天才吃过！！假的吧",
"mid":"zvXVovW5Z",
"date":"2013-05-09 23:14:22"
},
{
"kids":[],
"uid":"2576181047",
"parent":"",
"text":"我特么刚吃了两包！！！艹！！",
"mid":"zvXUSzFZn",
"date":"2013-05-09 23:13:07"
},
{
"kids":[],
"uid":"1648213915",
"parent":"",
"text":"尸。。。。",
"mid":"zvXUc4qfA",
"date":"2013-05-09 23:11:24"
},
{
"kids":[],
"uid":"2698792810",
"parent":"",
"text":"",
"mid":"zvXTonBKB",
"date":"2013-05-09 23:09:25"
},
{
"kids":[],
"uid":"3127467661",
"parent":"zvXOkBzOS",
"text":"…尸油比普通食用油好弄到?",
"mid":"zvXSCfFF3",
"date":"2013-05-09 23:07:31"
},
{
"kids":[],
"uid":"cassiopeiawelf",
"parent":"",
"text":"@窝是李晟敏无误_ @Yakira琰琰 你们都来感受一下",
"mid":"zvXRKrow1",
"date":"2013-05-09 23:05:22"
},
{
"kids":[],
"uid":"3155940242",
"parent":"zvX7U5Q2Z",
"text":"艾玛快告诉我这不是真的当年为了集海贼王的那个牌牌我我我→_→…",
"mid":"zvXRvFrcK",
"date":"2013-05-09 23:04:50"
},
{
"kids":[
"zvXX4uZnm"
],
"uid":"1776904073",
"parent":"zvX5zjOz8",
"text":"@请叫杨大虎 @灰机_龚满杰 @袁浩泽 你们要变魔法士了!?!",
"mid":"zvXQyyvvj",
"date":"2013-05-09 23:02:28"
},
{
"kids":[],
"uid":"2202238013",
"parent":"",
"text":"。。。。！",
"mid":"zvXQovFeJ",
"date":"2013-05-09 23:02:04"
},
{
"kids":[],
"uid":"1677132434",
"parent":"",
"text":"卧槽！！正在吃！！！！",
"mid":"zvXQii1c9",
"date":"2013-05-09 23:01:48"
},
{
"kids":[],
"uid":"suruoran",
"parent":"",
"text":"。。。。。这特么不科学",
"mid":"zvXPumLIN",
"date":"2013-05-09 22:59:48"
},
{
"kids":[],
"uid":"1077401307",
"parent":"zvXOkBzOS",
"text":"猪油也算尸油吧233",
"mid":"zvXPrqxjl",
"date":"2013-05-09 22:59:44"
},
{
"kids":[],
"uid":"3170317255",
"parent":"zvX2H83br",
"text":"我你妈[衰]",
"mid":"zvXOB6Rg5",
"date":"2013-05-09 22:57:38"
},
{
"kids":[
"zvXSCfFF3",
"zvXPrqxjl"
],
"uid":"newsunerrex",
"parent":"",
"text":"尸油哪里那么好弄啊",
"mid":"zvXOkBzOS",
"date":"2013-05-09 22:56:59"
},
{
"kids":[],
"uid":"2944363420",
"parent":"",
"text":"@胡源大人带凤梨环游六界 完了，你天天吃那东西以后咋办！",
"mid":"zvXNHjagm",
"date":"2013-05-09 22:55:25"
},
{
"kids":[],
"uid":"1769080822",
"parent":"zvX7J9LaZ",
"text":"我操你妈！！！！！",
"mid":"zvXNm2tGk",
"date":"2013-05-09 22:54:34"
},
{
"kids":[],
"uid":"youjasonme",
"parent":"",
"text":"坐等辟谣",
"mid":"zvXMBA4Mp",
"date":"2013-05-09 22:52:40"
},
{
"kids":[
"zvXWsoIuv"
],
"uid":"2773799257",
"parent":"",
"text":"我靠这是什么！！！！",
"mid":"zvXMuuzbY",
"date":"2013-05-09 22:52:27"
},
{
"kids":[
"zw1S0l4SA"
],
"uid":"likun1019",
"parent":"",
"text":"[泪]如果真的、我好受伤。。。。",
"mid":"zvXM1zIaY",
"date":"2013-05-09 22:51:19"
},
{
"kids":[],
"uid":"2184071473",
"parent":"",
"text":"假的～",
"mid":"zvXLV30Im",
"date":"2013-05-09 22:51:01"
},
{
"kids":[],
"uid":"panda0featherwhite",
"parent":"zvXHMx7oc",
"text":"尸油比普通油贵的年轻人，而且尸油一般只用来做化妆品，所以最多是用地沟油了",
"mid":"zvXLV30Cm",
"date":"2013-05-09 22:51:01"
},
{
"kids":[],
"uid":"1946097913",
"parent":"zvX6Id12p",
"text":"我。。。。他妈。。。。想。。。一刀。。。。砍死你",
"mid":"zvXL7q9v3",
"date":"2013-05-09 22:49:04"
},
{
"kids":[],
"uid":"franceslovevivi",
"parent":"",
"text":"我勒个去我小学吃过这个！！！",
"mid":"zvXKZsHtS",
"date":"2013-05-09 22:48:45"
},
{
"kids":[],
"uid":"1936352531",
"parent":"",
"text":"卧……槽…幸亏没怎么吃过..",
"mid":"zvXKyyCfc",
"date":"2013-05-09 22:47:40"
},
{
"kids":[],
"uid":"1850625561",
"parent":"",
"text":"@Breathe-LSY 今天谁推箱了[汗]",
"mid":"zvXKvjEyh",
"date":"2013-05-09 22:47:34"
},
{
"kids":[
"zvXZwDYyZ"
],
"uid":"ayumu1250",
"parent":"",
"text":"挺带感的",
"mid":"zvXJX46tA",
"date":"2013-05-09 22:46:10"
},
{
"kids":[],
"uid":"biyanxi",
"parent":"zvXJuDXqo",
"text":"[吐]我草！！",
"mid":"zvXJMo6ej",
"date":"2013-05-09 22:45:43"
},
{
"kids":[
"zvYakiZ21",
"zvXJMo6ej"
],
"uid":"zcysmile",
"parent":"",
"text":"你sure吗我们班天天吃[蜡烛][生病]",
"mid":"zvXJuDXqo",
"date":"2013-05-09 22:45:03"
},
{
"kids":[],
"uid":"2296934565",
"parent":"zvWL2j94P",
"text":"哪来这么多尸油",
"mid":"zvXJr7qf9",
"date":"2013-05-09 22:44:53"
},
{
"kids":[],
"uid":"1745410255",
"parent":"",
"text":"你以为尸油那么多那么容易搞到么……，放心吧，顶多地沟油",
"mid":"zvXJfzGSa",
"date":"2013-05-09 22:44:25"
},
{
"kids":[],
"uid":"2084981957",
"parent":"",
"text":"尸油比地沟油还要难弄到手啊·····这种一看就是骗人的还有人相信·····",
"mid":"zvXHNqmpu",
"date":"2013-05-09 22:40:53"
},
{
"kids":[
"zvYcPoGCK",
"zvXLV30Cm"
],
"uid":"323450707",
"parent":"",
"text":"",
"mid":"zvXHMx7oc",
"date":"2013-05-09 22:40:51"
},
{
"kids":[],
"uid":"kurumi0731",
"parent":"zvXg7vQCn",
"text":"哪来这么多的尸油啊。。@___GST 。",
"mid":"zvXHL60xt",
"date":"2013-05-09 22:40:47"
},
{
"kids":[],
"uid":"AoWuuuu",
"parent":"zvX2H83br",
"text":"……槽",
"mid":"zvXH10X2h",
"date":"2013-05-09 22:38:56"
},
{
"kids":[],
"uid":"hzw19971211",
"parent":"zvX31eJRD",
"text":"妈的尸油哪儿来的",
"mid":"zvXGXt3fd",
"date":"2013-05-09 22:38:50"
},
{
"kids":[],
"uid":"ichihatsu",
"parent":"zvXsqdikF",
"text":"啥？",
"mid":"zvXGWzNAu",
"date":"2013-05-09 22:38:47"
},
{
"kids":[],
"uid":"2857260684",
"parent":"zvXD2eX7z",
"text":"[熊猫] 吓尿",
"mid":"zvXGcdsrt",
"date":"2013-05-09 22:36:56"
},
{
"kids":[],
"uid":"2013030642",
"parent":"zvX2H83br",
"text":"呵呵",
"mid":"zvXG3hP4k",
"date":"2013-05-09 22:36:32"
},
{
"kids":[],
"uid":"1892585820",
"parent":"",
"text":"小学吃过不少。。",
"mid":"zvXFyjpMh",
"date":"2013-05-09 22:35:18"
},
{
"kids":[],
"uid":"1954565917",
"parent":"zvX2H83br",
"text":"魔法士是什么",
"mid":"zvXEX3iFj",
"date":"2013-05-09 22:33:49"
},
{
"kids":[
"zvY5VwgL8"
],
"uid":"2423482707",
"parent":"",
"text":"@Right-01 [晕]",
"mid":"zvXEx5HCR",
"date":"2013-05-09 22:32:47"
},
{
"kids":[
"zvXWv3r9y"
],
"uid":"sunnydreaming",
"parent":"zvXDRnKy5",
"text":"...我艹 ？",
"mid":"zvXEunctl",
"date":"2013-05-09 22:32:42"
},
{
"kids":[],
"uid":"2252816713",
"parent":"zvXyhmuWP",
"text":"啊……",
"mid":"zvXEbujG8",
"date":"2013-05-09 22:31:56"
},
{
"kids":[
"zvXEunctl"
],
"uid":"2037617173",
"parent":"",
"text":"。。。。",
"mid":"zvXDRnKy5",
"date":"2013-05-09 22:31:09"
},
{
"kids":[],
"uid":"524565455",
"parent":"",
"text":"每天都吃 我日！！！",
"mid":"zvXDmE4r2",
"date":"2013-05-09 22:29:56"
},
{
"kids":[
"zw0VkuNnU",
"zvXGcdsrt"
],
"uid":"610523346",
"parent":"zvXvZx8OX",
"text":"[生病]",
"mid":"zvXD2eX7z",
"date":"2013-05-09 22:29:07"
},
{
"kids":[],
"uid":"1629778897",
"parent":"zvX31eJRD",
"text":"@大声喊茄子 @不是桂是假发啊不对是桂 卧槽！！！真的假啊 我吃了好久啊！！！",
"mid":"zvXCGEn90",
"date":"2013-05-09 22:28:18"
},
{
"kids":[
"zw6V5c7kp"
],
"uid":"544314809",
"parent":"zvXyhmuWP",
"text":"",
"mid":"zvXBT1MhZ",
"date":"2013-05-09 22:26:19"
},
{
"kids":[],
"uid":"1604508425",
"parent":"",
"text":"滚吧！刚吃完一箱！！",
"mid":"zvXBHy8Yu",
"date":"2013-05-09 22:25:52"
},
{
"kids":[],
"uid":"sherlyfay",
"parent":"zvWU3Fqh4",
"text":"尸油味道不错~ Ov<)~",
"mid":"zvXBtkkaH",
"date":"2013-05-09 22:25:14"
},
{
"kids":[],
"uid":"1799669921",
"parent":"zvXyh3BwJ",
"text":"用地沟油还差不多哈哈！！",
"mid":"zvXAK95wC",
"date":"2013-05-09 22:23:27"
},
{
"kids":[],
"uid":"wangyue2013",
"parent":"",
"text":"好。。。好。。。说。。。卧。。。槽。。。",
"mid":"zvXA8CJOQ",
"date":"2013-05-09 22:22:01"
},
{
"kids":[],
"uid":"1805802824",
"parent":"zvXwUi1zP",
"text":"卧槽！！！我早上还吃的别吓我！！！",
"mid":"zvXyP4KDk",
"date":"2013-05-09 22:18:46"
},
{
"kids":[
"zvXEbujG8",
"zvXBT1MhZ"
],
"uid":"2691454290",
"parent":"zvXwUi1zP",
"text":"咦…………",
"mid":"zvXyhmuWP",
"date":"2013-05-09 22:17:26"
},
{
"kids":[
"zvXAK95wC"
],
"uid":"lim870905",
"parent":"zvXvGDiVk",
"text":"滚吧尸油比花生油贵多了 什么破料",
"mid":"zvXyh3BwJ",
"date":"2013-05-09 22:17:25"
},
{
"kids":[
"zw33hx3BV",
"zvXyP4KDk",
"zvXyhmuWP"
],
"uid":"2239564613",
"parent":"zvXolA7IQ",
"text":"。。。什。。。么。。。",
"mid":"zvXwUi1zP",
"date":"2013-05-09 22:14:03"
},
{
"kids":[],
"uid":"2135635563",
"parent":"zvX2H83br",
"text":"我！去！",
"mid":"zvXw5rQs5",
"date":"2013-05-09 22:12:03"
},
{
"kids":[
"zvXD2eX7z"
],
"uid":"3216498711",
"parent":"zvXtn0uo1",
"text":"[吃惊]今天我们可是吃了一箱啊",
"mid":"zvXvZx8OX",
"date":"2013-05-09 22:11:47"
},
{
"kids":[
"zvXyh3BwJ"
],
"uid":"1799669921",
"parent":"",
"text":"今天刚吃完一包好吗！！！！！！别闹了[泪][泪]",
"mid":"zvXvGDiVk",
"date":"2013-05-09 22:11:01"
},
{
"kids":[],
"uid":"yinalong",
"parent":"",
"text":"呵……呵",
"mid":"zvXvpapXK",
"date":"2013-05-09 22:10:22"
},
{
"kids":[],
"uid":"1864070750",
"parent":"",
"text":"卧……槽",
"mid":"zvXvjA9bG",
"date":"2013-05-09 22:10:06"
},
{
"kids":[],
"uid":"271009962",
"parent":"",
"text":"怎么还在造谣 尸油是那么容易收集的啊",
"mid":"zvXtOthS5",
"date":"2013-05-09 22:06:25"
},
{
"kids":[],
"uid":"2424919924",
"parent":"",
"text":"我会说我看到这个之前还是喜欢吃的吗QAQ！！！！！",
"mid":"zvXtKnboC",
"date":"2013-05-09 22:06:16"
},
{
"kids":[],
"uid":"519356776",
"parent":"zvXlswgSC",
"text":"神经啊尸油比地沟油贵多了，博主脑子有坑？",
"mid":"zvXtBbvBA",
"date":"2013-05-09 22:05:53"
},
{
"kids":[
"zvXvZx8OX"
],
"uid":"610523346",
"parent":"zvXnvhxRz",
"text":"[吐]",
"mid":"zvXtn0uo1",
"date":"2013-05-09 22:05:20"
},
{
"kids":[],
"uid":"sakatagintokilove",
"parent":"zvWLBt3oS",
"text":"我次奥别这样啊",
"mid":"zvXth5P7z",
"date":"2013-05-09 22:05:06"
},
{
"kids":[],
"uid":"2802975044",
"parent":"zvXssiHSF",
"text":"",
"mid":"zvXtfzFe4",
"date":"2013-05-09 22:05:04"
},
{
"kids":[],
"uid":"2650591374",
"parent":"zvX2H83br",
"text":"什么？？？！！！擦擦擦擦擦",
"mid":"zvXt7kAcV",
"date":"2013-05-09 22:04:42"
},
{
"kids":[
"zw0BYgtua",
"zvXXudJqg"
],
"uid":"1639588743",
"parent":"zvXlswgSC",
"text":"肚子好痛OTZ@牧二三水 @我的46路已远离 @我不是你笑啥 @秋明阿弥",
"mid":"zvXstqDRm",
"date":"2013-05-09 22:03:06"
},
{
"kids":[
"zvXtfzFe4"
],
"uid":"leslie19950912",
"parent":"zvXpecS9f",
"text":"妈！呀！",
"mid":"zvXssiHSF",
"date":"2013-05-09 22:03:05"
},
{
"kids":[],
"uid":"kazeshi",
"parent":"zvXoDAjjk",
"text":"=L=经常吃啊，话说po主智商呢。。？人家没事情去提炼这不麻烦么",
"mid":"zvXss16jV",
"date":"2013-05-09 22:03:02"
},
{
"kids":[
"zvXGWzNAu"
],
"uid":"1640130084",
"parent":"",
"text":"我擦？",
"mid":"zvXsqdikF",
"date":"2013-05-09 22:03:00"
},
{
"kids":[],
"uid":"2152539971",
"parent":"zvXkmukhd",
"text":"[生病]",
"mid":"zvXslt9NS",
"date":"2013-05-09 22:02:47"
},
{
"kids":[],
"uid":"himehimesama",
"parent":"zvWYrfgMX",
"text":"人干事？！",
"mid":"zvXrY9Mdj",
"date":"2013-05-09 22:01:53"
},
{
"kids":[],
"uid":"207604560",
"parent":"",
"text":"@DaeHyun大大大贤 @chanyeol-park @W陈哓婯 ：[泪]你们吃了多少魔法士了……",
"mid":"zvXrMANSG",
"date":"2013-05-09 22:01:27"
},
{
"kids":[],
"uid":"2092633185",
"parent":"",
"text":"喝喝，尸油？棕榈油算植物油，植物的尸体炸的油，勉强算吧",
"mid":"zvXqF8Ta4",
"date":"2013-05-09 21:58:42"
},
{
"kids":[],
"uid":"2628218697",
"parent":"zvXj49Xlt",
"text":"[生病][吐]",
"mid":"zvXqEiIHY",
"date":"2013-05-09 21:58:39"
},
{
"kids":[],
"uid":"lzyh",
"parent":"zvXnvhxRz",
"text":"@可能是潮州最好的增勋 [蜡烛][蜡烛]",
"mid":"zvXpreiI1",
"date":"2013-05-09 21:55:40"
},
{
"kids":[
"zvXssiHSF"
],
"uid":"521598123",
"parent":"",
"text":"巴西烤肉味…不要…",
"mid":"zvXpecS9f",
"date":"2013-05-09 21:55:08"
},
{
"kids":[],
"uid":"3225216801",
"parent":"zvXlejv1a",
"text":"啧，大天朝的智慧",
"mid":"zvXpa5X1U",
"date":"2013-05-09 21:54:57"
},
{
"kids":[],
"uid":"3291802523",
"parent":"zvX15eQTF",
"text":"刚刚解决掉一包无鸭梨！尸油就尸油吧",
"mid":"zvXoOcx9D",
"date":"2013-05-09 21:54:06"
},
{
"kids":[
"zvXss16jV"
],
"uid":"2823684967",
"parent":"zvXgHhxnR",
"text":"我好像没吃过魔法士＝＿＝",
"mid":"zvXoDAjjk",
"date":"2013-05-09 21:53:42"
},
{
"kids":[],
"uid":"1793954681",
"parent":"zvX70fMyI",
"text":"右右真是[赞]",
"mid":"zvXoBdCgA",
"date":"2013-05-09 21:53:36"
},
{
"kids":[
"zvXwUi1zP"
],
"uid":"2843904392",
"parent":"zvXgxv5hf",
"text":"……",
"mid":"zvXolA7IQ",
"date":"2013-05-09 21:52:58"
},
{
"kids":[],
"uid":"kurekazuhiro",
"parent":"zvXg7vQCn",
"text":"哎卧槽今儿才吃了一包",
"mid":"zvXnGt6Q3",
"date":"2013-05-09 21:51:18"
},
{
"kids":[
"zvXtn0uo1",
"zvXpreiI1"
],
"uid":"2042009151",
"parent":"",
"text":"@刘成_LC  @贵顺从12月17日开始努力证明自己 @逵逵逵逵逵 @一次米思荻 @Justin_陈杰 [吃惊]",
"mid":"zvXnvhxRz",
"date":"2013-05-09 21:50:50"
},
{
"kids":[],
"uid":"1757017581",
"parent":"",
"text":"用什么动物的尸油？人的话就想多了，那玩意儿比金子还贵",
"mid":"zvXnvhxOj",
"date":"2013-05-09 21:50:50"
},
{
"kids":[],
"uid":"1798497202",
"parent":"",
"text":"真的？！要死",
"mid":"zvXmWlQ3A",
"date":"2013-05-09 21:49:28"
},
{
"kids":[],
"uid":"1794298864",
"parent":"zvX31eJRD",
"text":"麻麻麻麻吉？！",
"mid":"zvXmVvh33",
"date":"2013-05-09 21:49:29"
},
{
"kids":[],
"uid":"3402924382",
"parent":"zvX2H83br",
"text":"好可怕。。",
"mid":"zvXmshqLN",
"date":"2013-05-09 21:48:15"
},
{
"kids":[],
"uid":"erbandechenci",
"parent":"",
"text":"尸油比金贵",
"mid":"zvXmrlaIf",
"date":"2013-05-09 21:48:16"
},
{
"kids":[],
"uid":"2193623354",
"parent":"zvX4y4iyu",
"text":"[吐]",
"mid":"zvXmmCARJ",
"date":"2013-05-09 21:48:06"
},
{
"kids":[],
"uid":"1692619162",
"parent":"",
"text":"用尸油很难大规模生产吧…",
"mid":"zvXm7zZYV",
"date":"2013-05-09 21:47:29"
},
{
"kids":[],
"uid":"1817764737",
"parent":"",
"text":"一边吃着，一边聊尸油，手里还拿着几包",
"mid":"zvXlzA9Gf",
"date":"2013-05-09 21:46:08"
},
{
"kids":[
"zvXtBbvBA",
"zvXstqDRm"
],
"uid":"1616955937",
"parent":"zvXgxv5hf",
"text":"这成本还卖五毛一包太良心了-_-||",
"mid":"zvXlswgSC",
"date":"2013-05-09 21:45:49"
},
{
"kids":[],
"uid":"2306208703",
"parent":"zvXkBksNq",
"text":"这是。。假的吧。。一定是。。假的吧。",
"mid":"zvXlr0305",
"date":"2013-05-09 21:45:47"
},
{
"kids":[
"zvYKP8bL2",
"zvXpa5X1U"
],
"uid":"2035000372",
"parent":"zvXj49Xlt",
"text":"天啊！！尸油？！我操！！！！",
"mid":"zvXlejv1a",
"date":"2013-05-09 21:45:16"
},
{
"kids":[],
"uid":"mmzs1023",
"parent":"zvX2H83br",
"text":"。。尸油比食用油难搞到多了吧。。个人意见→_→",
"mid":"zvXkGBepj",
"date":"2013-05-09 21:43:57"
},
{
"kids":[
"zvXlr0305"
],
"uid":"Namuhee",
"parent":"",
"text":"卧………………槽……………………！！@Holy木兆ink木头",
"mid":"zvXkBksNq",
"date":"2013-05-09 21:43:43"
},
{
"kids":[],
"uid":"echo0311s",
"parent":"zvXhwqxtS",
"text":"这种谣言果然检测智商啊_(:з」∠)_ 快戳链接看！www.guokr.com/article/61861/",
"mid":"zvXkyjElT",
"date":"2013-05-09 21:43:35"
},
{
"kids":[
"zvXslt9NS"
],
"uid":"2512552441",
"parent":"zvWPIdfIk",
"text":"要吐了！[生病]",
"mid":"zvXkmukhd",
"date":"2013-05-09 21:43:09"
},
{
"kids":[],
"uid":"2359706045",
"parent":"",
"text":"@曼突奥 我永远记得你们带了五包跑去深圳[呵呵]",
"mid":"zvXjPr3ll",
"date":"2013-05-09 21:41:48"
},
{
"kids":[],
"uid":"2097757865",
"parent":"",
"text":"小学的时候每天都吃。。。。。",
"mid":"zvXjvn1Pa",
"date":"2013-05-09 21:41:02"
},
{
"kids":[
"zvXqEiIHY",
"zvXlejv1a"
],
"uid":"2293563632",
"parent":"",
"text":"辣条好像也是",
"mid":"zvXj49Xlt",
"date":"2013-05-09 21:39:54"
},
{
"kids":[],
"uid":"2256583027",
"parent":"zvXdztaGt",
"text":"我。。。想。。。吐。。。[泪]",
"mid":"zvXiqhKDd",
"date":"2013-05-09 21:38:22"
},
{
"kids":[],
"uid":"2567151801",
"parent":"zvX31eJRD",
"text":"纳尼！！！！！！",
"mid":"zvXi6bewV",
"date":"2013-05-09 21:37:33"
},
{
"kids":[
"zwmyxhxl0"
],
"uid":"xiolu",
"parent":"zvXe6zaHW",
"text":"尸油比花生油不知道贵多少倍 5毛不得亏死",
"mid":"zvXi3xklO",
"date":"2013-05-09 21:37:28"
},
{
"kids":[],
"uid":"xxm1995",
"parent":"",
"text":"证据？",
"mid":"zvXhXjbrV",
"date":"2013-05-09 21:37:13"
},
{
"kids":[],
"uid":"2273226030",
"parent":"zvX0Ycns8",
"text":"尸体炸出来的油么。",
"mid":"zvXhWFGgl",
"date":"2013-05-09 21:37:10"
},
{
"kids":[],
"uid":"1824281387",
"parent":"zvXa6DJGH",
"text":"我刚刚拆开一包…………",
"mid":"zvXhRmF3P",
"date":"2013-05-09 21:36:59"
},
{
"kids":[],
"uid":"doochan",
"parent":"",
"text":"",
"mid":"zvXhGqAcY",
"date":"2013-05-09 21:36:32"
},
{
"kids":[],
"uid":"11270675",
"parent":"",
"text":"卧槽。尸。。。。油！！",
"mid":"zvXhEmuQp",
"date":"2013-05-09 21:36:27"
},
{
"kids":[
"zvXkyjElT"
],
"uid":"1922753577",
"parent":"",
"text":"→_→怎么可能。尸油比廉价油还贵而且还会带来麻烦。说地沟油还或许可信。。化妆品的假货才会用尸油。",
"mid":"zvXhwqxtS",
"date":"2013-05-09 21:36:09"
},
{
"kids":[],
"uid":"2003769657",
"parent":"zvX2M9t2y",
"text":"真！！的！！假！！的！！",
"mid":"zvXhkBVlb",
"date":"2013-05-09 21:35:40"
},
{
"kids":[],
"uid":"3415846950",
"parent":"zvX0KyIdp",
"text":"真的吗。",
"mid":"zvXh1DARE",
"date":"2013-05-09 21:34:53"
},
{
"kids":[
"zvYvolLQv",
"zvXoDAjjk"
],
"uid":"limgo",
"parent":"zvWXrcWu3",
"text":"人肉味嘎嘣脆吗==",
"mid":"zvXgHhxnR",
"date":"2013-05-09 21:34:05"
},
{
"kids":[
"zvXolA7IQ",
"zvXlswgSC"
],
"uid":"woshifumeizi",
"parent":"",
"text":"啊！？",
"mid":"zvXgxv5hf",
"date":"2013-05-09 21:33:43"
},
{
"kids":[],
"uid":"loewegao",
"parent":"zvX08sG6g",
"text":"。。。。。",
"mid":"zvXgcxnR3",
"date":"2013-05-09 21:32:54"
},
{
"kids":[],
"uid":"yy5626",
"parent":"zvX3MtpC3",
"text":"还好我不知道这玩意！！",
"mid":"zvXgbFe8x",
"date":"2013-05-09 21:32:50"
},
{
"kids":[
"zvXHL60xt",
"zvXnGt6Q3"
],
"uid":"cmj893319110",
"parent":"zvWM2511X",
"text":"不要这么悲观嘛魔法士都用那个了其他的还会好到哪里去吗【",
"mid":"zvXg7vQCn",
"date":"2013-05-09 21:32:42"
},
{
"kids":[],
"uid":"2767826911",
"parent":"zvX2H83br",
"text":"[lxhx吐血]",
"mid":"zvXfQ5U9z",
"date":"2013-05-09 21:32:00"
},
{
"kids":[],
"uid":"2853011870",
"parent":"zvWKJ9S8l",
"text":"尸。。。油。。。是。。。啥。。。啊",
"mid":"zvXfKsQsz",
"date":"2013-05-09 21:31:46"
},
{
"kids":[],
"uid":"2380318345",
"parent":"zvX2H83br",
"text":"我。。昨。。天。。刚。。吃。。了。。一。。袋。。",
"mid":"zvXfy7fHY",
"date":"2013-05-09 21:31:18"
},
{
"kids":[],
"uid":"1774976945",
"parent":"",
"text":"卧槽！！",
"mid":"zvXf3m3vg",
"date":"2013-05-09 21:30:04"
},
{
"kids":[],
"uid":"onlyxiaoye",
"parent":"zvWMP8kj4",
"text":"。  不敢再吃干脆面了。。。",
"mid":"zvXeX7TWG",
"date":"2013-05-09 21:29:47"
},
{
"kids":[],
"uid":"3179745015",
"parent":"",
"text":"诶！！哪里搞了那么多尸油！！？！【重点错】",
"mid":"zvXepbzWH",
"date":"2013-05-09 21:28:27"
},
{
"kids":[],
"uid":"2574853114",
"parent":"",
"text":"好多年没吃了",
"mid":"zvXefqhE8",
"date":"2013-05-09 21:28:04"
},
{
"kids":[
"zvXi3xklO"
],
"uid":"wc33",
"parent":"zvX2H83br",
"text":"呵 下午刚吃",
"mid":"zvXe6zaHW",
"date":"2013-05-09 21:27:42"
},
{
"kids":[],
"uid":"1800054371",
"parent":"",
"text":"",
"mid":"zvXdNkn98",
"date":"2013-05-09 21:26:59"
},
{
"kids":[
"zvXiqhKDd"
],
"uid":"2044337493",
"parent":"zvXbvtgmj",
"text":"卧槽！！！初中高中那会儿吃了不少啊",
"mid":"zvXdztaGt",
"date":"2013-05-09 21:26:24"
},
{
"kids":[],
"uid":"2280593495",
"parent":"zvX2H83br",
"text":"初中吃到吐！！！",
"mid":"zvXdyeUub",
"date":"2013-05-09 21:26:23"
},
{
"kids":[],
"uid":"2450185992",
"parent":"",
"text":"大。。爷。。的。。",
"mid":"zvXcNjW6M",
"date":"2013-05-09 21:24:30"
},
{
"kids":[],
"uid":"1661187984",
"parent":"zvXbwE6M6",
"text":"切，哪来这么多尸油[挖鼻屎]",
"mid":"zvXcAjHE4",
"date":"2013-05-09 21:23:59"
},
{
"kids":[],
"uid":"xianingwang",
"parent":"zvWZWjo1O",
"text":"操你妈真的假的",
"mid":"zvXckDJyu",
"date":"2013-05-09 21:23:19"
},
{
"kids":[],
"uid":"271611008",
"parent":"zvX0KyIdp",
"text":"",
"mid":"zvXchEyYS",
"date":"2013-05-09 21:23:14"
},
{
"kids":[],
"uid":"2528500154",
"parent":"",
"text":"尼玛毁童年 还好我现在只吃小浣熊和小当家",
"mid":"zvXce6Puz",
"date":"2013-05-09 21:23:06"
},
{
"kids":[
"zvXcAjHE4"
],
"uid":"3226279270",
"parent":"",
"text":"！！！！！！！！",
"mid":"zvXbwE6M6",
"date":"2013-05-09 21:21:20"
},
{
"kids":[
"zvXdztaGt"
],
"uid":"raywithyj1314",
"parent":"zvX2H83br",
"text":"小当家表示我们只用放心油",
"mid":"zvXbvtgmj",
"date":"2013-05-09 21:21:20"
},
{
"kids":[],
"uid":"3168800340",
"parent":"zvX3f8eyl",
"text":"这个世界太疯狂了",
"mid":"zvXaR40iP",
"date":"2013-05-09 21:19:43"
},
{
"kids":[],
"uid":"anoisykid",
"parent":"zvX0UjWDS",
"text":"难怪我吃了这么健康！",
"mid":"zvXaJ49ag",
"date":"2013-05-09 21:19:24"
},
{
"kids":[],
"uid":"1888873711",
"parent":"zvX9i5AqF",
"text":"要真是尸油炸得我就把它放在佛牌里，卖给小明星们！",
"mid":"zvXaEkjd6",
"date":"2013-05-09 21:19:11"
},
{
"kids":[],
"uid":"wrr7925",
"parent":"",
"text":"不会吧。。",
"mid":"zvXayn5QP",
"date":"2013-05-09 21:18:58"
},
{
"kids":[],
"uid":"rickypapa",
"parent":"zvX5h1igr",
"text":"卧槽...高二时候每天来个几包....",
"mid":"zvXaxtQOi",
"date":"2013-05-09 21:18:57"
},
{
"kids":[],
"uid":"2499751000",
"parent":"",
"text":"不会把…………………………",
"mid":"zvXaipB84",
"date":"2013-05-09 21:18:19"
},
{
"kids":[],
"uid":"1855150155",
"parent":"zvX7Obb5a",
"text":"卧槽還好我現在不吃了",
"mid":"zvXacfJba",
"date":"2013-05-09 21:18:06"
},
{
"kids":[
"zvXhRmF3P"
],
"uid":"2796589203",
"parent":"zvX15eQTF",
"text":"我吃了尸油",
"mid":"zvXa6DJGH",
"date":"2013-05-09 21:17:51"
},
{
"kids":[],
"uid":"675217099",
"parent":"zvX31eJRD",
"text":"这明显是竞争对手造谣,提炼尸油成本很高.尸油做成香水倒是不错.法国香水提取的物质是皮脂分泌物我会乱说",
"mid":"zvX9Y2k1A",
"date":"2013-05-09 21:17:32"
},
{
"kids":[],
"uid":"2788594845",
"parent":"",
"text":"从来不吃魔法士的笑看右边",
"mid":"zvX9F8Gzv",
"date":"2013-05-09 21:16:48"
},
{
"kids":[
"zvXaEkjd6"
],
"uid":"1266478685",
"parent":"zvX7J9LaZ",
"text":"大家的脑子都是放在冰箱里的么？",
"mid":"zvX9i5AqF",
"date":"2013-05-09 21:15:50"
},
{
"kids":[],
"uid":"woaixizai",
"parent":"zvX7R9H5k",
"text":"前天吃完。。[大哭][大哭]",
"mid":"zvX97uhqz",
"date":"2013-05-09 21:15:27"
},
{
"kids":[],
"uid":"1630276452",
"parent":"",
"text":"卧槽！",
"mid":"zvX8QDsgU",
"date":"2013-05-09 21:14:47"
},
{
"kids":[],
"uid":"tangyisheng123",
"parent":"",
"text":"我。。。。。。。。。刚。。。。。。。。刚。。。。。。。。。才。。。。。。。。吃。。。。。。。。。完。。。。。。。。(((( ;°Д°))))",
"mid":"zvX8QlQZr",
"date":"2013-05-09 21:14:45"
},
{
"kids":[],
"uid":"fairytailsonic",
"parent":"zvX7R9H5k",
"text":"来来来，明天我请客",
"mid":"zvX8yhblJ",
"date":"2013-05-09 21:14:04"
},
{
"kids":[],
"uid":"chenx1yi",
"parent":"",
"text":"WTF!!",
"mid":"zvX8vCDNZ",
"date":"2013-05-09 21:13:57"
},
{
"kids":[
"zvYaYspvs"
],
"uid":"man555",
"parent":"zvX7J9LaZ",
"text":"哪来那么多室友，你们这些小孩子。",
"mid":"zvX8a6e5b",
"date":"2013-05-09 21:13:04"
},
{
"kids":[],
"uid":"1773589730",
"parent":"zvWZvpP4T",
"text":"曾经为了这个在食堂挤死挤活的。。。。",
"mid":"zvX82p2E4",
"date":"2013-05-09 21:12:48"
},
{
"kids":[],
"uid":"QianXiJackson",
"parent":"",
"text":".........",
"mid":"zvX80AT5q",
"date":"2013-05-09 21:12:42"
},
{
"kids":[
"zvXRvFrcK"
],
"uid":"1652802055",
"parent":"",
"text":"今天才吃过..",
"mid":"zvX7U5Q2Z",
"date":"2013-05-09 21:12:25"
},
{
"kids":[
"zvX97uhqz",
"zvX8yhblJ"
],
"uid":"zhongkoulam",
"parent":"",
"text":"！！！！！！！",
"mid":"zvX7R9H5k",
"date":"2013-05-09 21:12:18"
},
{
"kids":[],
"uid":"1971109457",
"parent":"",
"text":"我昨天还干掉两包还在攒卡片！！！",
"mid":"zvX7P5BFC",
"date":"2013-05-09 21:12:15"
},
{
"kids":[
"zvXacfJba"
],
"uid":"lllll521",
"parent":"zvWZmjUC2",
"text":"小学吃过233",
"mid":"zvX7Obb5a",
"date":"2013-05-09 21:12:12"
},
{
"kids":[
"zwcHQ7yiH",
"zvYcEvnH6",
"zvXNm2tGk",
"zvX9i5AqF",
"zvX8a6e5b"
],
"uid":"1761103923",
"parent":"zvX2H83br",
"text":"尸油成本多高博主你知道吗？",
"mid":"zvX7J9LaZ",
"date":"2013-05-09 21:11:59"
},
{
"kids":[],
"uid":"1814574381",
"parent":"zvX2H83br",
"text":"这样我有尸体的味道 末日的话丧尸应该不会咬我了吧",
"mid":"zvX7Hosx0",
"date":"2013-05-09 21:11:57"
},
{
"kids":[
"zvXoBdCgA"
],
"uid":"2964608665",
"parent":"zvX6vf6YY",
"text":"蟹蟹右边QAQ",
"mid":"zvX70fMyI",
"date":"2013-05-09 21:10:12"
},
{
"kids":[
"zvXL7q9v3"
],
"uid":"2626834595",
"parent":"zvWLAid9W",
"text":"这。。可。。。。让。。。。我。。。。怎。。。。么。。。。活。。。。。",
"mid":"zvX6Id12p",
"date":"2013-05-09 21:09:28"
},
{
"kids":[],
"uid":"3286199254",
"parent":"zvX2H83br",
"text":"啊！啊！！啊！！！",
"mid":"zvX6E61tE",
"date":"2013-05-09 21:09:18"
},
{
"kids":[],
"uid":"1689941233",
"parent":"",
"text":"操你妈！！！！",
"mid":"zvX6Cim00",
"date":"2013-05-09 21:09:15"
},
{
"kids":[
"zvX70fMyI"
],
"uid":"xunkonghan",
"parent":"zvX4y4iyu",
"text":"辟谣走起：http:",
"mid":"zvX6vf6YY",
"date":"2013-05-09 21:09:00"
},
{
"kids":[],
"uid":"2260128210",
"parent":"zvWW2iQ4m",
"text":"今。天。吃。了。好。多。。。[吐][吐]",
"mid":"zvX62iopD",
"date":"2013-05-09 21:07:49"
},
{
"kids":[],
"uid":"929charlie",
"parent":"zvWYLDH0s",
"text":"卧槽！！！！！还好我不吃那个。。。",
"mid":"zvX5Ve7x7",
"date":"2013-05-09 21:07:34"
},
{
"kids":[],
"uid":"3037335447",
"parent":"",
"text":"星期一才吃了的。。",
"mid":"zvX5E2rYr",
"date":"2013-05-09 21:06:54"
},
{
"kids":[
"zvXQyyvvj"
],
"uid":"yinhaoneko",
"parent":"",
"text":"魔法士？？？",
"mid":"zvX5zjOz8",
"date":"2013-05-09 21:06:43"
},
{
"kids":[
"zw0OyCugl"
],
"uid":"zyqwert2",
"parent":"zvX3soUvw",
"text":"http:",
"mid":"zvX5w5CUb",
"date":"2013-05-09 21:06:34"
},
{
"kids":[],
"uid":"2354485601",
"parent":"zvWZvpP4T",
"text":"怪不得很好吃[馋嘴]",
"mid":"zvX5o68kT",
"date":"2013-05-09 21:06:15"
},
{
"kids":[
"zvXaxtQOi"
],
"uid":"mayday46",
"parent":"zvX08sG6g",
"text":"@敏敏是个孩子王 你还吃不吃。。。",
"mid":"zvX5h1igr",
"date":"2013-05-09 21:05:55"
},
{
"kids":[],
"uid":"1758261321",
"parent":"",
"text":"怎么可能 尸油多贵啊 吃到算是给你们开大荤了 用地沟油还差不多",
"mid":"zvX4PvpMy",
"date":"2013-05-09 21:04:53"
},
{
"kids":[],
"uid":"1972300675",
"parent":"",
"text":"百度了一下，已证实是造谣……啧。",
"mid":"zvX4LEQhV",
"date":"2013-05-09 21:04:44"
},
{
"kids":[],
"uid":"2452605290",
"parent":"zvX2H83br",
"text":"那我也算吃过人了",
"mid":"zvX4EzkX5",
"date":"2013-05-09 21:04:24"
},
{
"kids":[
"zvXmmCARJ",
"zvX6vf6YY"
],
"uid":"2964608665",
"parent":"zvX3F8IG5",
"text":"[吐]",
"mid":"zvX4y4iyu",
"date":"2013-05-09 21:04:10"
},
{
"kids":[],
"uid":"311190919",
"parent":"",
"text":"…",
"mid":"zvX4vozit",
"date":"2013-05-09 21:04:02"
},
{
"kids":[],
"uid":"2245455482",
"parent":"zvX2H83br",
"text":"还好吃的是小浣熊。。。",
"mid":"zvX4mxKRd",
"date":"2013-05-09 21:03:44"
},
{
"kids":[],
"uid":"1574248115",
"parent":"zvX2H83br",
"text":"卧槽我现在也特别喜欢吃啊！！！",
"mid":"zvX4kdLuo",
"date":"2013-05-09 21:03:38"
},
{
"kids":[],
"uid":"majestyjin",
"parent":"zvX31eJRD",
"text":"有很多谣言是来测智商的",
"mid":"zvX4d5odt",
"date":"2013-05-09 21:03:22"
},
{
"kids":[],
"uid":"1956210093",
"parent":"",
"text":"我。。。擦。。。整。。。个。。。人。。。都。。不。。好。。。了。。。",
"mid":"zvX49z06y",
"date":"2013-05-09 21:03:13"
},
{
"kids":[],
"uid":"2934279273",
"parent":"zvWZWjo1O",
"text":"没吃过",
"mid":"zvX3VnUKR",
"date":"2013-05-09 21:02:37"
},
{
"kids":[],
"uid":"vivianaiweichen",
"parent":"zvX2H83br",
"text":"你怎么知道",
"mid":"zvX3UayQB",
"date":"2013-05-09 21:02:33"
},
{
"kids":[
"zvXgbFe8x"
],
"uid":"2013813792",
"parent":"zvWYrfgMX",
"text":"卧槽！假的？",
"mid":"zvX3MtpC3",
"date":"2013-05-09 21:02:14"
},
{
"kids":[
"zvX4y4iyu"
],
"uid":"520xjw",
"parent":"",
"text":"只要5毛钱一包。。。",
"mid":"zvX3F8IG5",
"date":"2013-05-09 21:01:57"
},
{
"kids":[],
"uid":"1956075255",
"parent":"zvX2RrjIE",
"text":"小时候就知道==",
"mid":"zvX3Ed3Ts",
"date":"2013-05-09 21:01:55"
},
{
"kids":[],
"uid":"2711295447",
"parent":"zvX2H83br",
"text":"放屁",
"mid":"zvX3zvCMt",
"date":"2013-05-09 21:01:46"
},
{
"kids":[],
"uid":"qzy1998",
"parent":"zvX2H83br",
"text":"卧槽六年级那会儿天天吃",
"mid":"zvX3yCnGw",
"date":"2013-05-09 21:01:43"
},
{
"kids":[
"zvX5w5CUb"
],
"uid":"2175764554",
"parent":"zvWMP8kj4",
"text":"上礼拜刚吃了一箱子，我会不会飞升233",
"mid":"zvX3soUvw",
"date":"2013-05-09 21:01:29"
},
{
"kids":[],
"uid":"1827059145",
"parent":"",
"text":"",
"mid":"zvX3rvFpl",
"date":"2013-05-09 21:01:28"
},
{
"kids":[],
"uid":"1822539875",
"parent":"zvX2H83br",
"text":"我今天下午刚吃的能别这样对我吗இдஇ",
"mid":"zvX3k8yDg",
"date":"2013-05-09 21:01:07"
},
{
"kids":[
"zvXaR40iP"
],
"uid":"1268724474",
"parent":"zvX15eQTF",
"text":"次奥。。。真的吗[衰]",
"mid":"zvX3f8eyl",
"date":"2013-05-09 21:00:55"
},
{
"kids":[],
"uid":"1710136187",
"parent":"",
"text":"右边泥垢了= =",
"mid":"zvX3f78F6",
"date":"2013-05-09 21:00:57"
},
{
"kids":[],
"uid":"3259185964",
"parent":"zvX2H83br",
"text":"上个月吃了一箱！！",
"mid":"zvX3anjPg",
"date":"2013-05-09 21:00:48"
},
{
"kids":[],
"uid":"hgc29710",
"parent":"zvX2H83br",
"text":"魔法士是什么东西啊",
"mid":"zvX37aPC0",
"date":"2013-05-09 21:00:37"
},
{
"kids":[
"zvXGXt3fd",
"zvXCGEn90",
"zvXmVvh33",
"zvXi6bewV",
"zvX9Y2k1A",
"zvX4d5odt"
],
"uid":"jcdmjx",
"parent":"zvX2H83br",
"text":"擦？？？！！！",
"mid":"zvX31eJRD",
"date":"2013-05-09 21:00:22"
},
{
"kids":[],
"uid":"1087503104",
"parent":"",
"text":"为什么我还没有通灵啊！",
"mid":"zvX2YyZJu",
"date":"2013-05-09 21:00:20"
},
{
"kids":[
"zw5YlyRVV"
],
"uid":"1825404741",
"parent":"zvX2H83br",
"text":"哈哈哈哈我小学一天吃两包！",
"mid":"zvX2V1suH",
"date":"2013-05-09 21:00:11"
},
{
"kids":[
"zw3bf0xKE",
"zvX3Ed3Ts"
],
"uid":"1850545573",
"parent":"zvX0KyIdp",
"text":"我的老天爷。。。我的麻辣烫味儿。。。",
"mid":"zvX2RrjIE",
"date":"2013-05-09 21:00:03"
},
{
"kids":[
"zvXhkBVlb"
],
"uid":"3131564455",
"parent":"",
"text":"！！凸(艹皿艹 )",
"mid":"zvX2M9t2y",
"date":"2013-05-09 20:59:49"
},
{
"kids":[
"zw2I7eD0h",
"zvXOB6Rg5",
"zvXH10X2h",
"zvXG3hP4k",
"zvXEX3iFj",
"zvXw5rQs5",
"zvXt7kAcV",
"zvXmshqLN",
"zvXkGBepj",
"zvXfQ5U9z",
"zvXfy7fHY",
"zvXe6zaHW",
"zvXdyeUub",
"zvXbvtgmj",
"zvX7J9LaZ",
"zvX7Hosx0",
"zvX6E61tE",
"zvX4EzkX5",
"zvX4mxKRd",
"zvX4kdLuo",
"zvX3UayQB",
"zvX3zvCMt",
"zvX3yCnGw",
"zvX3k8yDg",
"zvX3anjPg",
"zvX37aPC0",
"zvX31eJRD",
"zvX2V1suH"
],
"uid":"fox3yeah",
"parent":"",
"text":"哦",
"mid":"zvX2H83br",
"date":"2013-05-09 20:59:34"
},
{
"kids":[],
"uid":"ww94ww",
"parent":"zvWXlyJkr",
"text":"不只是谣传简直是用肚子考虑都不可能的事哈哈哈哈",
"mid":"zvX2mqFQO",
"date":"2013-05-09 20:58:48"
},
{
"kids":[],
"uid":"1748745707",
"parent":"",
"text":"次奥！！！！！！",
"mid":"zvX2kpZ1s",
"date":"2013-05-09 20:58:43"
},
{
"kids":[],
"uid":"socrpio",
"parent":"zvWQ20bJ9",
"text":"...干脆面我只记得传奇的小浣熊",
"mid":"zvX25ikXq",
"date":"2013-05-09 20:58:05"
},
{
"kids":[],
"uid":"1804761785",
"parent":"",
"text":"几年前就传过了 假的 竞争对手黑的",
"mid":"zvX20BPtw",
"date":"2013-05-09 20:57:56"
},
{
"kids":[],
"uid":"wallace",
"parent":"",
"text":"呵呵，用尸油炸你早就吃不起了。当石油随地捡么",
"mid":"zvX1UpxMG",
"date":"2013-05-09 20:57:42"
},
{
"kids":[],
"uid":"1840239922",
"parent":"",
"text":"真的…假的…",
"mid":"zvX1R8uM7",
"date":"2013-05-09 20:57:30"
},
{
"kids":[],
"uid":"nizixia",
"parent":"",
"text":"不是吧！！！我的童年！！！",
"mid":"zvX1qdLdW",
"date":"2013-05-09 20:56:29"
},
{
"kids":[],
"uid":"2791254927",
"parent":"zvWLBt3oS",
"text":"这么好的消息当然不能一个人独吞 你们快看。。。",
"mid":"zvX1k2Fgx",
"date":"2013-05-09 20:56:11"
},
{
"kids":[],
"uid":"TwoStupid233",
"parent":"zvWZWjo1O",
"text":"假的那时候就澄清过了 现在我们班男生还不是天天几天",
"mid":"zvX1dwmxU",
"date":"2013-05-09 20:55:57"
},
{
"kids":[
"zvXoOcx9D",
"zvXa6DJGH",
"zvX3f8eyl"
],
"uid":"2107715745",
"parent":"",
"text":"高中时候经常、、、卧槽！",
"mid":"zvX15eQTF",
"date":"2013-05-09 20:55:38"
},
{
"kids":[
"zxscy5usk"
],
"uid":"2638603232",
"parent":"zvWNRyBRc",
"text":"哈哈哈哈哈哈哈哈哈哈哈哈右边",
"mid":"zvX119IJ6",
"date":"2013-05-09 20:55:26"
},
{
"kids":[
"zvXhWFGgl"
],
"uid":"2389062730",
"parent":"zvX0DtcZX",
"text":"依稀觉得尸油比普通油还贵",
"mid":"zvX0Ycns8",
"date":"2013-05-09 20:55:21"
},
{
"kids":[],
"uid":"3219827080",
"parent":"",
"text":"@圈圈桑 呵",
"mid":"zvX0WpSXI",
"date":"2013-05-09 20:55:18"
},
{
"kids":[],
"uid":"2520317372",
"parent":"zvWOGETVY",
"text":"我……………………我艹……………………",
"mid":"zvX0UloCb",
"date":"2013-05-09 20:55:11"
},
{
"kids":[
"zvXaJ49ag"
],
"uid":"1518034667",
"parent":"",
"text":"@苏打陈",
"mid":"zvX0UjWDS",
"date":"2013-05-09 20:55:14"
},
{
"kids":[
"zvXh1DARE",
"zvXchEyYS",
"zvX2RrjIE"
],
"uid":"1772985007",
"parent":"",
"text":"wocao !!!!!!!!!!!",
"mid":"zvX0KyIdp",
"date":"2013-05-09 20:54:51"
},
{
"kids":[
"zvX0Ycns8"
],
"uid":"2387375170",
"parent":"zvX04i8mb",
"text":"依稀记得以前吃过不少但是我就想问尸油是什么",
"mid":"zvX0DtcZX",
"date":"2013-05-09 20:54:33"
},
{
"kids":[
"zvXgcxnR3",
"zvX5h1igr"
],
"uid":"ninosatoshi3104617",
"parent":"",
"text":"幸好。。。。我。。。没。。。跟风。。",
"mid":"zvX08sG6g",
"date":"2013-05-09 20:53:19"
},
{
"kids":[
"zvX0DtcZX"
],
"uid":"1728580900",
"parent":"",
"text":"",
"mid":"zvX04i8mb",
"date":"2013-05-09 20:53:08"
},
{
"kids":[
"zvXckDJyu",
"zvX3VnUKR",
"zvX1dwmxU"
],
"uid":"221007123",
"parent":"",
"text":"。。。。。。",
"mid":"zvWZWjo1O",
"date":"2013-05-09 20:52:48"
},
{
"kids":[],
"uid":"ruanruan0258",
"parent":"zvWSAFrlh",
"text":"尸油是高档货= =怎么可能给乃们炸东西吃╮(╯▽╰)╭",
"mid":"zvWZUfiJ1",
"date":"2013-05-09 20:52:46"
},
{
"kids":[],
"uid":"kizuna1582",
"parent":"",
"text":"呀",
"mid":"zvWZTndzB",
"date":"2013-05-09 20:52:41"
},
{
"kids":[],
"uid":"1019229617",
"parent":"",
"text":"#智商测试#",
"mid":"zvWZJAPmB",
"date":"2013-05-09 20:52:20"
},
{
"kids":[],
"uid":"tvxqyunjaeforever610",
"parent":"zvWW4FG3L",
"text":"我也想问。。",
"mid":"zvWZz2wKe",
"date":"2013-05-09 20:51:52"
},
{
"kids":[],
"uid":"207775272",
"parent":"zvWXSo6X7",
"text":"排右侧，被害妄想？",
"mid":"zvWZw1sWy",
"date":"2013-05-09 20:51:47"
},
{
"kids":[
"zvX82p2E4",
"zvX5o68kT"
],
"uid":"3216779301",
"parent":"",
"text":"我艹，我高中常吃啊！！！",
"mid":"zvWZvpP4T",
"date":"2013-05-09 20:51:43"
},
{
"kids":[
"zvX7Obb5a"
],
"uid":"summernighte",
"parent":"zvWYrfgMX",
"text":"草？！",
"mid":"zvWZmjUC2",
"date":"2013-05-09 20:51:24"
},
{
"kids":[
"zvX5Ve7x7"
],
"uid":"2522316423",
"parent":"",
"text":"。。。。。。。。。。。。。。",
"mid":"zvWYLDH0s",
"date":"2013-05-09 20:49:58"
},
{
"kids":[],
"uid":"2708875737",
"parent":"",
"text":"坑爹的。。我。。。。早。。。已经。。。戒。。。。了",
"mid":"zvWYJAnLq",
"date":"2013-05-09 20:49:50"
},
{
"kids":[],
"uid":"1562983480",
"parent":"zvWXrcWu3",
"text":"",
"mid":"zvWYy4krx",
"date":"2013-05-09 20:49:25"
},
{
"kids":[],
"uid":"3210192475",
"parent":"",
"text":"不。。会。。的。。。",
"mid":"zvWYxuZBi",
"date":"2013-05-09 20:49:23"
},
{
"kids":[
"zw290BLBH",
"zvYBhAsmg",
"zvXrY9Mdj",
"zvX3MtpC3",
"zvWZmjUC2"
],
"uid":"2847322761",
"parent":"zvWHVn4ys",
"text":"卧槽！",
"mid":"zvWYrfgMX",
"date":"2013-05-09 20:49:06"
},
{
"kids":[],
"uid":"yuinagi",
"parent":"",
"text":"@__飛君",
"mid":"zvWYl4OOD",
"date":"2013-05-09 20:48:51"
},
{
"kids":[],
"uid":"3180714292",
"parent":"zvWW2iQ4m",
"text":"@-奥利_汝乃总受 虽然不记得这是什么了但是好像有高能QAQ",
"mid":"zvWYaqiAt",
"date":"2013-05-09 20:48:28"
},
{
"kids":[
"zvWZw1sWy"
],
"uid":"3104d",
"parent":"zvWXrcWu3",
"text":"●⊙﹏⊙● 假的绝对，尸油还没地沟油便宜呢",
"mid":"zvWXSo6X7",
"date":"2013-05-09 20:47:45"
},
{
"kids":[],
"uid":"1891613825",
"parent":"",
"text":"哈？！！！！！！！！！",
"mid":"zvWXQiRYx",
"date":"2013-05-09 20:47:39"
},
{
"kids":[],
"uid":"2951409184",
"parent":"",
"text":"用尸油...魔法士大土豪！！！",
"mid":"zvWXEv9Vm",
"date":"2013-05-09 20:47:09"
},
{
"kids":[],
"uid":"2944150067",
"parent":"",
"text":"好彩我唔吃魔法士。转",
"mid":"zvWXvCIvP",
"date":"2013-05-09 20:46:49"
},
{
"kids":[
"zwbPuyyM4",
"zw8pbkqAe",
"zw56I8wxw",
"zvYnPFtFx",
"zvXgHhxnR",
"zvWYy4krx",
"zvWXSo6X7"
],
"uid":"guoguniang",
"parent":"zvWVX0YfL",
"text":"我……也算……吃过人肉味咯？",
"mid":"zvWXrcWu3",
"date":"2013-05-09 20:46:41"
},
{
"kids":[
"zvX2mqFQO"
],
"uid":"tennoonnet",
"parent":"",
"text":"这个是谣传吧，论成本还不如用地沟油...",
"mid":"zvWXlyJkr",
"date":"2013-05-09 20:46:27"
},
{
"kids":[],
"uid":"yukimesilenciosa",
"parent":"zvWW8eEh8",
"text":"哪儿给你找这么多尸油去，说好的休渔期呢",
"mid":"zvWWH6XiC",
"date":"2013-05-09 20:44:48"
},
{
"kids":[],
"uid":"2751665541",
"parent":"zvWW2iQ4m",
"text":"[蜡烛][蜡烛]给我不懂事的青春",
"mid":"zvWWviPmx",
"date":"2013-05-09 20:44:20"
},
{
"kids":[
"zvYQx7YS7"
],
"uid":"yumekuku",
"parent":"",
"text":"卧槽…………………",
"mid":"zvWWihtJN",
"date":"2013-05-09 20:43:49"
},
{
"kids":[],
"uid":"2281986955",
"parent":"",
"text":"糙[生病][生病][生病][生病][生病]",
"mid":"zvWWhFPVh",
"date":"2013-05-09 20:43:51"
},
{
"kids":[
"zvWWH6XiC"
],
"uid":"tigerrampage",
"parent":"",
"text":"动物尸油吧233333这鱼钓的",
"mid":"zvWW8eEh8",
"date":"2013-05-09 20:43:26"
},
{
"kids":[
"zvWZz2wKe"
],
"uid":"2397528161",
"parent":"",
"text":"尸油是啥。。",
"mid":"zvWW4FG3L",
"date":"2013-05-09 20:43:19"
},
{
"kids":[
"zvX62iopD",
"zvWYaqiAt",
"zvWWviPmx"
],
"uid":"1785935683",
"parent":"zvWUKyhh2",
"text":"那些辣条也一样，我。。会。，告诉。。你？",
"mid":"zvWW2iQ4m",
"date":"2013-05-09 20:43:13"
},
{
"kids":[
"zvWXrcWu3"
],
"uid":"604978929",
"parent":"zvWV4mrjL",
"text":"魔法士是什么？",
"mid":"zvWVX0YfL",
"date":"2013-05-09 20:42:59"
},
{
"kids":[],
"uid":"1854604190",
"parent":"",
"text":"我早就知道了所以就算送海贼王的卡片我也就买了两袋→_→",
"mid":"zvWVEmBvW",
"date":"2013-05-09 20:42:14"
},
{
"kids":[],
"uid":"523432762",
"parent":"zvWPIdfIk",
"text":"毁三观！！！！",
"mid":"zvWVgb0VJ",
"date":"2013-05-09 20:41:17"
},
{
"kids":[],
"uid":"crookshanks",
"parent":"zvWSiniIp",
"text":"窝童年缺失了么）不过感觉尸油挺贵的吧...",
"mid":"zvWV4n433",
"date":"2013-05-09 20:40:48"
},
{
"kids":[
"zvWVX0YfL"
],
"uid":"1698737773",
"parent":"",
"text":"什......么。。。。。。",
"mid":"zvWV4mrjL",
"date":"2013-05-09 20:40:50"
},
{
"kids":[
"zvWW2iQ4m"
],
"uid":"337155353",
"parent":"zvWSBfWCp",
"text":"我……次奥…………昨天……刚吃……过……[蜡烛]",
"mid":"zvWUKyhh2",
"date":"2013-05-09 20:40:01"
},
{
"kids":[],
"uid":"kuroro100",
"parent":"",
"text":"07年就听过，一些谣言是用来测智商的http:",
"mid":"zvWUdvN2o",
"date":"2013-05-09 20:38:41"
},
{
"kids":[],
"uid":"1998429572",
"parent":"zvWR3fDwF",
"text":"@李沅轩_ @习惯主好- @808999-",
"mid":"zvWUb4Y8s",
"date":"2013-05-09 20:38:38"
},
{
"kids":[
"zvXBtkkaH"
],
"uid":"kettar0",
"parent":"zvWNS97Y7",
"text":"我以为魔法士尸油什么的说的是新番呢。。。。",
"mid":"zvWU3Fqh4",
"date":"2013-05-09 20:38:21"
},
{
"kids":[],
"uid":"2963247154",
"parent":"zvWSAFrlh",
"text":"还好我不吃。。。",
"mid":"zvWTzy4iE",
"date":"2013-05-09 20:37:08"
},
{
"kids":[],
"uid":"2680239441",
"parent":"zvWNpbtwl",
"text":"假。。。。",
"mid":"zvWTmhEQy",
"date":"2013-05-09 20:36:38"
},
{
"kids":[],
"uid":"1591732824",
"parent":"",
"text":"不是真的。",
"mid":"zvWTb1uMk",
"date":"2013-05-09 20:36:08"
},
{
"kids":[],
"uid":"532256757",
"parent":"",
"text":"魔法士是什么？？",
"mid":"zvWSVDcWd",
"date":"2013-05-09 20:35:35"
},
{
"kids":[
"zwg48fwNT",
"zvWUKyhh2"
],
"uid":"11041208",
"parent":"zvWPIdfIk",
"text":"初中跟同桌3人爲了海賊王吃了一包又一包…最後三個人喉嚨都啞了…就買了讓同學吃。。。",
"mid":"zvWSBfWCp",
"date":"2013-05-09 20:34:44"
},
{
"kids":[
"zvWZUfiJ1",
"zvWTzy4iE"
],
"uid":"60046002",
"parent":"zvWNS97Y7",
"text":"猪油其实也是尸油吧猪的尸体嘛╮(╯▽╰)╭【是说之前这事儿不是已经澄清了吗【另外右边点赞w",
"mid":"zvWSAFrlh",
"date":"2013-05-09 20:34:43"
},
{
"kids":[],
"uid":"wowojiang",
"parent":"",
"text":"救命………@yry彭丽",
"mid":"zvWSy3gqf",
"date":"2013-05-09 20:34:38"
},
{
"kids":[],
"uid":"729487174",
"parent":"zvWKNwvka",
"text":"无法直视那时候收集的卡片了。。",
"mid":"zvWSt3E5E",
"date":"2013-05-09 20:34:25"
},
{
"kids":[
"zvWV4n433"
],
"uid":"hajime82",
"parent":"",
"text":"…就我一个没吃过也没听过吗（。",
"mid":"zvWSiniIp",
"date":"2013-05-09 20:34:00"
},
{
"kids":[],
"uid":"echik",
"parent":"",
"text":"之前不是还有说卫龙是尸油做的吗结果是假的不知道这个……",
"mid":"zvWS8zTz2",
"date":"2013-05-09 20:33:38"
},
{
"kids":[],
"uid":"2434816082",
"parent":"",
"text":"什....！",
"mid":"zvWS4sRfh",
"date":"2013-05-09 20:33:27"
},
{
"kids":[],
"uid":"1903077437",
"parent":"",
"text":"我……操……我……一……直…………",
"mid":"zvWRZbTbF",
"date":"2013-05-09 20:33:14"
},
{
"kids":[],
"uid":"1880370987",
"parent":"zvWPIdfIk",
"text":"我他妈的还在吃@啤酒鸡翅-",
"mid":"zvWRKEL5v",
"date":"2013-05-09 20:32:39"
},
{
"kids":[],
"uid":"delia0205",
"parent":"zvWLaABAa",
"text":"天朝人民一个抵两贝爷",
"mid":"zvWRDBZsF",
"date":"2013-05-09 20:32:21"
},
{
"kids":[],
"uid":"2174920181",
"parent":"zvWKNwvka",
"text":"求尸源",
"mid":"zvWRABVyl",
"date":"2013-05-09 20:32:15"
},
{
"kids":[],
"uid":"2556642062",
"parent":"",
"text":"[生病]为啥没听过。。。上学期还吃过几包[生病]",
"mid":"zvWRs3YSo",
"date":"2013-05-09 20:31:52"
},
{
"kids":[],
"uid":"121789644",
"parent":"",
"text":"[兔子]纳尼我们昨天还买了五包(为了梦三国礼包)",
"mid":"zvWRrdpTd",
"date":"2013-05-09 20:31:50"
},
{
"kids":[],
"uid":"3364092432",
"parent":"",
"text":"这么说还真不能吃",
"mid":"zvWRjvtDo",
"date":"2013-05-09 20:31:36"
},
{
"kids":[],
"uid":"tvxqsujusosisiki",
"parent":"zvWNS97Y7",
"text":"小学的时候就知道了= =然后还告诉同学，从此可怜的妹子这辈子都不敢碰方便面了= =",
"mid":"zvWRjtB1v",
"date":"2013-05-09 20:31:32"
},
{
"kids":[],
"uid":"1360077433",
"parent":"",
"text":"业界良心啊居然不用便宜的地沟油",
"mid":"zvWRiiKJt",
"date":"2013-05-09 20:31:33"
},
{
"kids":[],
"uid":"2250412905",
"parent":"zvWNS97Y7",
"text":"我........操",
"mid":"zvWR7mG6F",
"date":"2013-05-09 20:31:06"
},
{
"kids":[],
"uid":"2499414365",
"parent":"",
"text":"…………我吃过",
"mid":"zvWR4akc5",
"date":"2013-05-09 20:30:55"
},
{
"kids":[
"zvWUb4Y8s"
],
"uid":"2518195897",
"parent":"",
"text":"不吃",
"mid":"zvWR3fDwF",
"date":"2013-05-09 20:30:56"
},
{
"kids":[
"zw1VC09QO"
],
"uid":"124355567",
"parent":"",
"text":"业界良心！真有钱啊我擦……",
"mid":"zvWQDvMLK",
"date":"2013-05-09 20:29:53"
},
{
"kids":[],
"uid":"1752296984",
"parent":"zvWPIdfIk",
"text":"还好吃的不多。。。。。。。。",
"mid":"zvWQ5gfri",
"date":"2013-05-09 20:28:34"
},
{
"kids":[
"zw3kxbfb5",
"zvX25ikXq"
],
"uid":"naimensoliton",
"parent":"zvWMP8kj4",
"text":"这种都有人信啊....",
"mid":"zvWQ20bJ9",
"date":"2013-05-09 20:28:25"
},
{
"kids":[],
"uid":"330311717",
"parent":"",
"text":"我艹。。。",
"mid":"zvWPWEJjI",
"date":"2013-05-09 20:28:13"
},
{
"kids":[],
"uid":"aboutray",
"parent":"",
"text":"屁啊，尸油好贵的把！",
"mid":"zvWPUADXd",
"date":"2013-05-09 20:28:09"
},
{
"kids":[],
"uid":"3011718895",
"parent":"",
"text":"我嘞个去！",
"mid":"zvWPTqVH5",
"date":"2013-05-09 20:28:05"
},
{
"kids":[
"zvXkmukhd",
"zvWVgb0VJ",
"zvWSBfWCp",
"zvWRKEL5v",
"zvWQ5gfri"
],
"uid":"515738813",
"parent":"zvWPtb7eJ",
"text":"一秒钟……毁……童……年……[蜡烛]",
"mid":"zvWPIdfIk",
"date":"2013-05-09 20:27:36"
},
{
"kids":[
"zvWPIdfIk"
],
"uid":"271199525",
"parent":"",
"text":"他妈………真的假的………曾经为了海贼卡片买了得四五箱的我…………",
"mid":"zvWPtb7eJ",
"date":"2013-05-09 20:27:01"
},
{
"kids":[],
"uid":"mengfanli1827370",
"parent":"zvWM5nlXx",
"text":"@龙隽婷 初三……嗯",
"mid":"zvWPoFF88",
"date":"2013-05-09 20:26:53"
},
{
"kids":[],
"uid":"heytherelee",
"parent":"",
"text":"卧。。。。。槽。。。。。。昨。。。天。。才。。。。。。吃。。。。。。了。。。",
"mid":"zvWP92dwx",
"date":"2013-05-09 20:26:13"
},
{
"kids":[],
"uid":"3167340650",
"parent":"",
"text":"一看就是假的 尸油什么价格",
"mid":"zvWOW23HR",
"date":"2013-05-09 20:25:43"
},
{
"kids":[
"zvX0UloCb"
],
"uid":"pagipagi",
"parent":"",
"text":"我草草草草草草@进击的硝基苯",
"mid":"zvWOGETVY",
"date":"2013-05-09 20:25:07"
},
{
"kids":[],
"uid":"2822087151",
"parent":"",
"text":"尸油很贵的高档化妆品才用",
"mid":"zvWOB7fk7",
"date":"2013-05-09 20:24:50"
},
{
"kids":[],
"uid":"2653896511",
"parent":"",
"text":"不可能尸油又不是地沟油到处都有。",
"mid":"zvWOpzu3O",
"date":"2013-05-09 20:24:27"
},
{
"kids":[],
"uid":"2393897213",
"parent":"",
"text":"。。。卧。。。槽。。。",
"mid":"zvWNW0P5p",
"date":"2013-05-09 20:23:12"
},
{
"kids":[
"zvWU3Fqh4",
"zvWSAFrlh",
"zvWRjtB1v",
"zvWR7mG6F"
],
"uid":"209993130",
"parent":"zvWKrEmkO",
"text":"尸油一小小瓶就要好几万，魔法士业界良心",
"mid":"zvWNS97Y7",
"date":"2013-05-09 20:23:06"
},
{
"kids":[
"zvX119IJ6"
],
"uid":"kurosakikin",
"parent":"zvWMP8kj4",
"text":"卧槽以前吃了好......多....................",
"mid":"zvWNRyBRc",
"date":"2013-05-09 20:23:05"
},
{
"kids":[],
"uid":"gomenyuki",
"parent":"zvWMP8kj4",
"text":"我先吐一会",
"mid":"zvWNHd3or",
"date":"2013-05-09 20:22:38"
},
{
"kids":[],
"uid":"hellraor",
"parent":"zvWKrEmkO",
"text":"尸油味嘎嘣脆",
"mid":"zvWNCem2G",
"date":"2013-05-09 20:22:26"
},
{
"kids":[],
"uid":"iamziliu",
"parent":"zvWMkrFi1",
"text":"[吐]",
"mid":"zvWNsrwOp",
"date":"2013-05-09 20:22:05"
},
{
"kids":[
"zvWTmhEQy"
],
"uid":"2586889730",
"parent":"",
"text":"哈。。。哈。。。没。。吃。。过。。的。。路。。过。。",
"mid":"zvWNpbtwl",
"date":"2013-05-09 20:21:57"
},
{
"kids":[],
"uid":"2468065845",
"parent":"zvWLObC6m",
"text":"卧操！！我初中还在吃！！",
"mid":"zvWNjjs4R",
"date":"2013-05-09 20:21:40"
},
{
"kids":[],
"uid":"3029494227",
"parent":"zvWLBt3oS",
"text":"不。。。。。。。。。。。。",
"mid":"zvWMQki47",
"date":"2013-05-09 20:20:34"
},
{
"kids":[
"zvXeX7TWG",
"zvX3soUvw",
"zvWQ20bJ9",
"zvWNRyBRc",
"zvWNHd3or"
],
"uid":"208080664",
"parent":"",
"text":"不干不净吃了没病",
"mid":"zvWMP8kj4",
"date":"2013-05-09 20:20:31"
},
{
"kids":[],
"uid":"2845659954",
"parent":"",
"text":"还。。吃。。么@李_皓子 @1m1m1m1m-",
"mid":"zvWMI4mhN",
"date":"2013-05-09 20:20:14"
},
{
"kids":[],
"uid":"yangmaomiemie",
"parent":"",
"text":"卧槽？！po主咋知道的？！妈蛋窝…………（（不过味道确实比小浣熊（（（等等？！",
"mid":"zvWMGz3D2",
"date":"2013-05-09 20:20:11"
},
{
"kids":[],
"uid":"anotherid",
"parent":"",
"text":"尸油很便宜吗…?觉得略假…(。",
"mid":"zvWMCaLPV",
"date":"2013-05-09 20:20:00"
},
{
"kids":[
"zvWNsrwOp"
],
"uid":"kylelie",
"parent":"zvWHVn4ys",
"text":"卧槽",
"mid":"zvWMkrFi1",
"date":"2013-05-09 20:19:18"
},
{
"kids":[],
"uid":"3123415002",
"parent":"",
"text":"...我昨天还吃的..救命卧槽",
"mid":"zvWManPwq",
"date":"2013-05-09 20:18:52"
},
{
"kids":[
"zvWPoFF88"
],
"uid":"2204149572",
"parent":"zvWL2j94P",
"text":"哪来那麽多尸油啊？",
"mid":"zvWM5nlXx",
"date":"2013-05-09 20:18:42"
},
{
"kids":[
"zvXg7vQCn"
],
"uid":"2757329742",
"parent":"",
"text":"。。。。。。。。",
"mid":"zvWM2511X",
"date":"2013-05-09 20:18:33"
},
{
"kids":[
"zvWNjjs4R"
],
"uid":"3264746607",
"parent":"",
"text":"……卧槽啊？！！",
"mid":"zvWLObC6m",
"date":"2013-05-09 20:18:01"
},
{
"kids":[
"zvXth5P7z",
"zvX1k2Fgx",
"zvWMQki47"
],
"uid":"akiakane",
"parent":"",
"text":"卧槽啥………………",
"mid":"zvWLBt3oS",
"date":"2013-05-09 20:17:28"
},
{
"kids":[
"zvX6Id12p"
],
"uid":"1762717820",
"parent":"",
"text":"操。。",
"mid":"zvWLAid9W",
"date":"2013-05-09 20:17:28"
},
{
"kids":[
"zvWRDBZsF"
],
"uid":"2797107077",
"parent":"zvWHVn4ys",
"text":"nashishenme ....",
"mid":"zvWLaABAa",
"date":"2013-05-09 20:16:27"
},
{
"kids":[
"zvXJr7qf9",
"zvWM5nlXx"
],
"uid":"ccarol525",
"parent":"zvWKrEmkO",
"text":"操。。。。。。。",
"mid":"zvWL2j94P",
"date":"2013-05-09 20:16:05"
},
{
"kids":[],
"uid":"1843914754",
"parent":"",
"text":"一秒毁童年！",
"mid":"zvWKSA0zs",
"date":"2013-05-09 20:15:41"
},
{
"kids":[
"zvWSt3E5E",
"zvWRABVyl"
],
"uid":"1579163211",
"parent":"zvWF7ma0k",
"text":"。。哪。。有。。那。。么。多。。尸。。油。。",
"mid":"zvWKNwvka",
"date":"2013-05-09 20:15:32"
},
{
"kids":[
"zvXfKsQsz"
],
"uid":"2611895345",
"parent":"",
"text":"真。。。的。。。。。。。假。。。的。。。。。我。。。们。。。。学。。。。校还。。。。在。。。卖。。。。。呢。。。。。我。。。勒个。。。大操。。。。",
"mid":"zvWKJ9S8l",
"date":"2013-05-09 20:15:19"
},
{
"kids":[],
"uid":"210008925",
"parent":"",
"text":"卧……槽……",
"mid":"zvWKJ7QdY",
"date":"2013-05-09 20:15:20"
},
{
"kids":[
"zvWNS97Y7",
"zvWNCem2G",
"zvWL2j94P"
],
"uid":"rollinggulutan",
"parent":"",
"text":"我们班好像挺多人吃",
"mid":"zvWKrEmkO",
"date":"2013-05-09 20:14:40"
},
{
"kids":[],
"uid":"arronmiyue",
"parent":"",
"text":"还好不吃这种东西w",
"mid":"zvWKfyyFx",
"date":"2013-05-09 20:14:12"
},
{
"kids":[],
"uid":"3167456842",
"parent":"",
"text":"啊！！！！！！！！！！！",
"mid":"zvWJmCcvM",
"date":"2013-05-09 20:12:00"
},
{
"kids":[],
"uid":"kyuominh",
"parent":"",
"text":"味道还蛮好的……………………………………………………………………",
"mid":"zvWIAqwYS",
"date":"2013-05-09 20:10:05"
},
{
"kids":[],
"uid":"yotsu",
"parent":"zvWHVn4ys",
"text":"卧槽几乎天天吃啊！！！",
"mid":"zvWImAD27",
"date":"2013-05-09 20:09:31"
},
{
"kids":[],
"uid":"gerrard1989",
"parent":"zvWHWAco9",
"text":"操",
"mid":"zvWIj1HCY",
"date":"2013-05-09 20:09:22"
},
{
"kids":[
"zvWIj1HCY"
],
"uid":"2253095823",
"parent":"",
"text":"高一吃了一年啊！！！",
"mid":"zvWHWAco9",
"date":"2013-05-09 20:08:30"
},
{
"kids":[
"zvWYrfgMX",
"zvWMkrFi1",
"zvWLaABAa",
"zvWImAD27"
],
"uid":"345971126",
"parent":"",
"text":"真的？！小学经常吃！",
"mid":"zvWHVn4ys",
"date":"2013-05-09 20:08:27"
},
{
"kids":[],
"uid":"111233233",
"parent":"",
"text":"尸油比地沟油难弄，真用尸油的话华丰早破产了",
"mid":"zvWFLg9rc",
"date":"2013-05-09 20:03:06"
},
{
"kids":[
"zvWKNwvka"
],
"uid":"NAOBUTOTAI",
"parent":"",
"text":"哪里搜集到的尸油啊真是太方便了，我想做降头盅可是弄不到尸油。",
"mid":"zvWF7ma0k",
"date":"2013-05-09 20:01:30"
},
{
"kids":[],
"uid":"lixiaosan20",
"parent":"",
"text":"对啊ww好些都是呢ww你们才知道？w",
"mid":"zvWF21FeF",
"date":"2013-05-09 20:01:19"
},
{
"kids":[],
"uid":"yingxuandie",
"parent":"",
"text":"请。。。。告。。诉。。我。。。这不。。。是。。。真。。。。的",
"mid":"zvWDJkZeA",
"date":"2013-05-09 19:58:07"
},
{
"kids":[],
"uid":"denggaoxuan",
"parent":"zvWyDv1bX",
"text":"/呵呵[蜡烛]/@轻轻河边艸:呕！！！呕！！！！！！",
"mid":"zvWzIg2uW",
"date":"2013-05-09 19:48:14"
},
{
"kids":[
"zvWzIg2uW"
],
"uid":"1611019711",
"parent":"",
"text":"呕！！！呕！！！！！！",
"mid":"zvWyDv1bX",
"date":"2013-05-09 19:45:32"
}
]