[
{
"kids":[],
"uid":"1778413622",
"parent":"ywPSo4xiv",
"text":"",
"mid":"yz5DXvegX",
"date":"2012-08-27 13:40:01"
},
{
"kids":[],
"uid":"1777804972",
"parent":"ywPSo4xiv",
"text":"",
"mid":"yyDISCKwa",
"date":"2012-08-24 14:35:14"
},
{
"kids":[],
"uid":"1582615213",
"parent":"ywUrLrkgr",
"text":"",
"mid":"yy2xKooor",
"date":"2012-08-20 15:56:10"
},
{
"kids":[],
"uid":"1582615425",
"parent":"ywUrLrkgr",
"text":"",
"mid":"yxT5q6F0T",
"date":"2012-08-19 15:51:37"
},
{
"kids":[],
"uid":"2632286581",
"parent":"ywO4JirQf",
"text":"",
"mid":"yxJ1KiX1i",
"date":"2012-08-18 14:15:08"
},
{
"kids":[],
"uid":"2314257300",
"parent":"ywO4JirQf",
"text":"",
"mid":"yxChSr7Os",
"date":"2012-08-17 21:05:37"
},
{
"kids":[],
"uid":"1590239820",
"parent":"yxzqJ1bkV",
"text":"",
"mid":"yxzGUsibI",
"date":"2012-08-17 14:29:05"
},
{
"kids":[
"yxzGUsibI"
],
"uid":"1589664654",
"parent":"ywPSo4xiv",
"text":"",
"mid":"yxzqJ1bkV",
"date":"2012-08-17 13:49:11"
},
{
"kids":[],
"uid":"1889989614",
"parent":"ywO4JirQf",
"text":"靠啊！",
"mid":"yxa7a27PT",
"date":"2012-08-14 21:22:20"
},
{
"kids":[],
"uid":"1793313444",
"parent":"ywO4JirQf",
"text":"[泪]靠",
"mid":"yxa1RqTlS",
"date":"2012-08-14 21:09:16"
},
{
"kids":[],
"uid":"2363669090",
"parent":"yx7DvqhRq",
"text":"我也要摸摸",
"mid":"yx8bQa75h",
"date":"2012-08-14 16:28:20"
},
{
"kids":[
"yx8bQa75h"
],
"uid":"1918195154",
"parent":"yx7C6vQ5q",
"text":"怪不得！！",
"mid":"yx7DvqhRq",
"date":"2012-08-14 15:03:46"
},
{
"kids":[
"yx7DvqhRq"
],
"uid":"2801066374",
"parent":"",
"text":"怪不得我家BARRY老是往云南跑@Barrylife @Vi露怡Vi @lijia_meimei @wangfengjiao @50Feng-Hey_13point_You_win @喵喵疯人",
"mid":"yx7C6vQ5q",
"date":"2012-08-14 15:00:19"
},
{
"kids":[],
"uid":"1440395382",
"parent":"ywPSo4xiv",
"text":"",
"mid":"yx7zbocR0",
"date":"2012-08-14 14:53:09"
},
{
"kids":[],
"uid":"1979232671",
"parent":"",
"text":"",
"mid":"yx6YFkzuH",
"date":"2012-08-14 13:23:11"
},
{
"kids":[],
"uid":"royofon",
"parent":"ywO4JirQf",
"text":"[泪]@骑着猪头上高速",
"mid":"yx6NtvoVR",
"date":"2012-08-14 12:55:34"
},
{
"kids":[],
"uid":"carlho015",
"parent":"yx22bpnTb",
"text":"回复@王小小瑨:要不这个月底去云南旅游？！[哈哈]",
"mid":"yx6G441Jm",
"date":"2012-08-14 12:37:20"
},
{
"kids":[],
"uid":"2258293177",
"parent":"ywO4JirQf",
"text":"",
"mid":"yx5Pi1d4y",
"date":"2012-08-14 10:27:19"
},
{
"kids":[],
"uid":"antyli",
"parent":"ywO4JirQf",
"text":"[衰]还有这种节日？！！！真有想象力",
"mid":"yx5L7vgUT",
"date":"2012-08-14 10:17:03"
},
{
"kids":[],
"uid":"snseric",
"parent":"yx5CltyWB",
"text":"",
"mid":"yx5Epqn8j",
"date":"2012-08-14 10:00:30"
},
{
"kids":[
"yx5Epqn8j"
],
"uid":"hzshark",
"parent":"",
"text":"你不怕晚上睡地板吗？",
"mid":"yx5CltyWB",
"date":"2012-08-14 09:55:26"
},
{
"kids":[],
"uid":"2134493445",
"parent":"ywS1b69nt",
"text":"啊？",
"mid":"yx5uuv1i0",
"date":"2012-08-14 09:36:05"
},
{
"kids":[],
"uid":"1851869254",
"parent":"yx5jvqygj",
"text":"[怒]",
"mid":"yx5tG05XT",
"date":"2012-08-14 09:34:03"
},
{
"kids":[],
"uid":"2082102607",
"parent":"yx5hjbVbe",
"text":"我去!!真的假的",
"mid":"yx5mj8nnI",
"date":"2012-08-14 09:15:54"
},
{
"kids":[
"yx5tG05XT"
],
"uid":"1933501425",
"parent":"ywO4JirQf",
"text":"",
"mid":"yx5jvqygj",
"date":"2012-08-14 09:09:01"
},
{
"kids":[
"yx5mj8nnI"
],
"uid":"40947669",
"parent":"ywO4JirQf",
"text":"好重的口味啊",
"mid":"yx5hjbVbe",
"date":"2012-08-14 09:03:35"
},
{
"kids":[],
"uid":"kingwu2099",
"parent":"",
"text":"",
"mid":"yx32K4MDC",
"date":"2012-08-14 03:22:13"
},
{
"kids":[
"yx6G441Jm"
],
"uid":"carlho015",
"parent":"ywZeB1H1V",
"text":"彝族的姑娘们，哥会来探望你们的[闭嘴]",
"mid":"yx22bpnTb",
"date":"2012-08-14 00:48:03"
},
{
"kids":[],
"uid":"1978220137",
"parent":"ywO4JirQf",
"text":"转发微博。",
"mid":"yx0U01ZxW",
"date":"2012-08-13 21:55:11"
},
{
"kids":[],
"uid":"2870762080",
"parent":"",
"text":"",
"mid":"yx0sUa0Cp",
"date":"2012-08-13 20:48:24"
},
{
"kids":[],
"uid":"1588327374",
"parent":"ywOIWFFIY",
"text":"",
"mid":"yx0r69s1f",
"date":"2012-08-13 20:43:57"
},
{
"kids":[],
"uid":"1938973167",
"parent":"",
"text":"原来老毕没坑爹= =",
"mid":"yx0k63ZRe",
"date":"2012-08-13 20:26:43"
},
{
"kids":[],
"uid":"yeevanice",
"parent":"yx04vvNH2",
"text":"oh册那，",
"mid":"yx06m84zL",
"date":"2012-08-13 19:52:53"
},
{
"kids":[
"yx06m84zL"
],
"uid":"1666475320",
"parent":"ywO4JirQf",
"text":"奇葩的中国人…………………………[囧]@寿司loveSHARKS刘尧天",
"mid":"yx04vvNH2",
"date":"2012-08-13 19:48:17"
},
{
"kids":[
"yx22bpnTb"
],
"uid":"steric520",
"parent":"",
"text":"@s_夏天的风 @最初的红豆 @StericJ",
"mid":"ywZeB1H1V",
"date":"2012-08-13 17:40:27"
},
{
"kids":[],
"uid":"franklzhang",
"parent":"ywO4JirQf",
"text":"",
"mid":"ywZ2fDp6z",
"date":"2012-08-13 17:10:02"
},
{
"kids":[],
"uid":"1727522812",
"parent":"ywPSo4xiv",
"text":"",
"mid":"ywYdh6rdc",
"date":"2012-08-13 15:04:26"
},
{
"kids":[],
"uid":"1872713837",
"parent":"ywO4JirQf",
"text":"另类风俗！难以想象，大开眼界[黑线]",
"mid":"ywXTQ3YKZ",
"date":"2012-08-13 14:16:32"
},
{
"kids":[],
"uid":"tmaxpli",
"parent":"",
"text":"这一切都是为了你啊~~~~~",
"mid":"ywXQtr4J1",
"date":"2012-08-13 14:08:15"
},
{
"kids":[],
"uid":"2522182625",
"parent":"ywWcXu15l",
"text":"@魏孝东说今晚打老虎jacky @何婧___KOBE24",
"mid":"ywWNbf1ag",
"date":"2012-08-13 11:27:23"
},
{
"kids":[],
"uid":"wonjo",
"parent":"ywW9yvJmi",
"text":"这么邪恶的说",
"mid":"ywWg2nFWN",
"date":"2012-08-13 10:05:45"
},
{
"kids":[
"ywWNbf1ag"
],
"uid":"2119176931",
"parent":"ywO4JirQf",
"text":"@Crossover23 @邓孟宇yyy @薛良舜x @",
"mid":"ywWcXu15l",
"date":"2012-08-13 09:58:10"
},
{
"kids":[],
"uid":"2119176931",
"parent":"ywO4JirQf",
"text":"陈远赵俊薛良顺，我们组队去玩吧",
"mid":"ywWcymRYJ",
"date":"2012-08-13 09:57:10"
},
{
"kids":[
"ywWg2nFWN"
],
"uid":"tsans",
"parent":"",
"text":"那必须要去下了[强][强壮]",
"mid":"ywW9yvJmi",
"date":"2012-08-13 09:49:47"
},
{
"kids":[
"yy2xKooor",
"yxT5q6F0T"
],
"uid":"2100680185",
"parent":"ywO4JirQf",
"text":"",
"mid":"ywUrLrkgr",
"date":"2012-08-13 05:29:09"
},
{
"kids":[],
"uid":"2905318545",
"parent":"ywO67BbFa",
"text":"",
"mid":"ywU43mfSU",
"date":"2012-08-13 04:30:44"
},
{
"kids":[],
"uid":"1597973230",
"parent":"",
"text":"无语了，还有这样节。",
"mid":"ywSu94Dnw",
"date":"2012-08-13 00:29:30"
},
{
"kids":[],
"uid":"tjxone",
"parent":"ywO4JirQf",
"text":"",
"mid":"ywSk8i9ds",
"date":"2012-08-13 00:04:50"
},
{
"kids":[
"yx5uuv1i0"
],
"uid":"merandalee",
"parent":"",
"text":"现在还有吗？特想知道文革时期这节过吗？为什么现在又拿出来",
"mid":"ywS1b69nt",
"date":"2012-08-12 23:18:09"
},
{
"kids":[],
"uid":"tmaxpli",
"parent":"ywO4JirQf",
"text":"。。。。。",
"mid":"ywRxs6qcr",
"date":"2012-08-12 22:04:55"
},
{
"kids":[],
"uid":"2151205380",
"parent":"ywO4JirQf",
"text":"我去 你会喜欢的@不要这样啦空荡荡",
"mid":"ywRx03o25",
"date":"2012-08-12 22:03:48"
},
{
"kids":[],
"uid":"2472473284",
"parent":"ywODQeDMs",
"text":"这个。。。。",
"mid":"ywRlx74uj",
"date":"2012-08-12 21:35:33"
},
{
"kids":[],
"uid":"1887256277",
"parent":"ywO4JirQf",
"text":"",
"mid":"ywQJZvUgS",
"date":"2012-08-12 20:03:05"
},
{
"kids":[],
"uid":"1836930543",
"parent":"ywO4JirQf",
"text":"",
"mid":"ywQIkD0Pp",
"date":"2012-08-12 19:58:59"
},
{
"kids":[],
"uid":"hahaleer",
"parent":"ywO4JirQf",
"text":"不摸白不摸……………………………………………………………………………………………………摸了也白摸……",
"mid":"ywQI6aJAj",
"date":"2012-08-12 19:58:22"
},
{
"kids":[],
"uid":"silentfantasy",
"parent":"ywO4JirQf",
"text":"",
"mid":"ywQGWnSDq",
"date":"2012-08-12 19:55:33"
},
{
"kids":[],
"uid":"2866392300",
"parent":"ywOSI81WK",
"text":"找展展问地点！NND必须去······",
"mid":"ywQCu8u4X",
"date":"2012-08-12 19:44:33"
},
{
"kids":[],
"uid":"2620672413",
"parent":"",
"text":"尼玛，云南人还真是猥琐。",
"mid":"ywQB7AVy1",
"date":"2012-08-12 19:41:13"
},
{
"kids":[],
"uid":"2915253533",
"parent":"ywO4JirQf",
"text":"很猥琐啊",
"mid":"ywQtMfzwe",
"date":"2012-08-12 19:23:06"
},
{
"kids":[],
"uid":"zthhhhhhhhh",
"parent":"ywO4JirQf",
"text":"唉。。。",
"mid":"ywQsxnmj0",
"date":"2012-08-12 19:20:02"
},
{
"kids":[],
"uid":"kingden",
"parent":"ywPhdhHq9",
"text":"@紫凌水晶 这就是你要的。。。",
"mid":"ywQ68juYt",
"date":"2012-08-12 18:24:53"
},
{
"kids":[
"yz5DXvegX",
"yyDISCKwa",
"yxzqJ1bkV",
"yx7zbocR0",
"ywYdh6rdc"
],
"uid":"2623882043",
"parent":"",
"text":"",
"mid":"ywPSo4xiv",
"date":"2012-08-12 17:51:01"
},
{
"kids":[],
"uid":"2914744387",
"parent":"ywO4JirQf",
"text":"",
"mid":"ywPFgBJSy",
"date":"2012-08-12 17:18:39"
},
{
"kids":[],
"uid":"1805328680",
"parent":"ywODQeDMs",
"text":"求摸鸟节[哈哈]",
"mid":"ywPqJ4hRw",
"date":"2012-08-12 16:42:51"
},
{
"kids":[],
"uid":"2364699713",
"parent":"ywO4JirQf",
"text":"大师兄闷骚的可以啊…",
"mid":"ywPic7Aui",
"date":"2012-08-12 16:21:50"
},
{
"kids":[
"ywQ68juYt"
],
"uid":"2206673632",
"parent":"ywO4JirQf",
"text":"",
"mid":"ywPhdhHq9",
"date":"2012-08-12 16:19:23"
},
{
"kids":[],
"uid":"2698628240",
"parent":"ywO4JirQf",
"text":"小鑫就是彝族的！@MIC小鑫Steelo 你参加过么？总觉得好那个……",
"mid":"ywPgYv1Dj",
"date":"2012-08-12 16:18:50"
},
{
"kids":[],
"uid":"2181290590",
"parent":"ywO4JirQf",
"text":"",
"mid":"ywPcKFFn0",
"date":"2012-08-12 16:08:26"
},
{
"kids":[],
"uid":"1463380157",
"parent":"ywO4JirQf",
"text":"[黑線]",
"mid":"ywP1V3QjS",
"date":"2012-08-12 15:41:42"
},
{
"kids":[],
"uid":"1903571555",
"parent":"ywO4JirQf",
"text":"大师兄说的很有道理啊。。[哈哈][哈哈]",
"mid":"ywP1yyKGz",
"date":"2012-08-12 15:40:51"
},
{
"kids":[],
"uid":"2562913387",
"parent":"ywO4JirQf",
"text":"@默默0910",
"mid":"ywOZr5xo8",
"date":"2012-08-12 15:35:36"
},
{
"kids":[],
"uid":"wangjunhuai",
"parent":"ywO4JirQf",
"text":"大师兄你的节操碎了一地啊",
"mid":"ywOU4jH3I",
"date":"2012-08-12 15:22:24"
},
{
"kids":[
"ywQCu8u4X"
],
"uid":"2880251855",
"parent":"",
"text":"笑倒了",
"mid":"ywOSI81WK",
"date":"2012-08-12 15:19:02"
},
{
"kids":[],
"uid":"windflewyang",
"parent":"ywO4JirQf",
"text":"",
"mid":"ywOR7aErQ",
"date":"2012-08-12 15:15:05"
},
{
"kids":[],
"uid":"2020481325",
"parent":"ywO4JirQf",
"text":"大师兄发人深省啊好想法啊",
"mid":"ywOPV000k",
"date":"2012-08-12 15:12:08"
},
{
"kids":[],
"uid":"2624527074",
"parent":"ywO4JirQf",
"text":"这回 我是真凌乱了~、、[bed凌乱][bed凌乱][bed凌乱]",
"mid":"ywOPTbMG1",
"date":"2012-08-12 15:12:06"
},
{
"kids":[],
"uid":"1956729562",
"parent":"ywODQeDMs",
"text":"",
"mid":"ywONZBgiQ",
"date":"2012-08-12 15:07:26"
},
{
"kids":[],
"uid":"davidfang43",
"parent":"",
"text":"有人去吗？",
"mid":"ywOK4qv0S",
"date":"2012-08-12 14:57:46"
},
{
"kids":[
"yx0r69s1f"
],
"uid":"2244894201",
"parent":"ywO4JirQf",
"text":"喜欢被动的不是曾小贤吗？",
"mid":"ywOIWFFIY",
"date":"2012-08-12 14:55:00"
},
{
"kids":[],
"uid":"1925907723",
"parent":"ywO4JirQf",
"text":"",
"mid":"ywOGGC2YR",
"date":"2012-08-12 14:49:25"
},
{
"kids":[
"ywRlx74uj",
"ywPqJ4hRw",
"ywONZBgiQ"
],
"uid":"2672866553",
"parent":"ywO5Awn9S",
"text":"坑妹",
"mid":"ywODQeDMs",
"date":"2012-08-12 14:42:23"
},
{
"kids":[],
"uid":"1731236625",
"parent":"ywO61nieL",
"text":"@瘋錵 @莱斯利米米",
"mid":"ywOCPhLGU",
"date":"2012-08-12 14:39:55"
},
{
"kids":[],
"uid":"1188046723",
"parent":"",
"text":"我靠，有机会一定去一下",
"mid":"ywOA5EKbO",
"date":"2012-08-12 14:33:11"
},
{
"kids":[],
"uid":"2618212283",
"parent":"",
"text":"想不到隋朝的人口味就那么重……",
"mid":"ywOwjkOFn",
"date":"2012-08-12 14:23:50"
},
{
"kids":[],
"uid":"1878423327",
"parent":"ywO61nieL",
"text":"厄。。。[汗][汗]",
"mid":"ywOvSsimU",
"date":"2012-08-12 14:22:48"
},
{
"kids":[],
"uid":"shezhangv5",
"parent":"",
"text":"我计划明年这个时间去云南旅游…",
"mid":"ywOsKgdMr",
"date":"2012-08-12 14:15:06"
},
{
"kids":[],
"uid":"rongjinwang",
"parent":"ywO4JirQf",
"text":"[吃惊]爽",
"mid":"ywOsu2ux4",
"date":"2012-08-12 14:14:26"
},
{
"kids":[],
"uid":"516785973",
"parent":"ywO4JirQf",
"text":"這是神馬東東節啊？？！！",
"mid":"ywOrPhBcR",
"date":"2012-08-12 14:12:49"
},
{
"kids":[],
"uid":"2186562161",
"parent":"ywO4JirQf",
"text":"大师兄你重口味了",
"mid":"ywOqA6NgM",
"date":"2012-08-12 14:09:45"
},
{
"kids":[],
"uid":"2466392170",
"parent":"ywO4JirQf",
"text":"大师兄的节操乃~[挖鼻屎]",
"mid":"ywOpd341m",
"date":"2012-08-12 14:06:20"
},
{
"kids":[],
"uid":"2724428701",
"parent":"ywO4JirQf",
"text":"什么时候开呀",
"mid":"ywOoC6FxE",
"date":"2012-08-12 14:04:54"
},
{
"kids":[],
"uid":"2173172625",
"parent":"ywO4JirQf",
"text":"期待“摸鸟节”~~~[阴险]@nana-world",
"mid":"ywOicEyBU",
"date":"2012-08-12 13:49:05"
},
{
"kids":[],
"uid":"xuhong830513",
"parent":"",
"text":"出发了~",
"mid":"ywOhvgiRG",
"date":"2012-08-12 13:47:23"
},
{
"kids":[],
"uid":"1213151213",
"parent":"ywO4JirQf",
"text":"原来，大师兄是这么的。。。。。。。。。。。。邪恶！",
"mid":"ywOhmFTzN",
"date":"2012-08-12 13:47:01"
},
{
"kids":[],
"uid":"2803706002",
"parent":"ywO4JirQf",
"text":"脱力屋大师兄你太色啦！！！！",
"mid":"ywOfPwmaI",
"date":"2012-08-12 13:43:16"
},
{
"kids":[],
"uid":"206299797",
"parent":"ywO4JirQf",
"text":"[围观]",
"mid":"ywOfKuVwV",
"date":"2012-08-12 13:43:04"
},
{
"kids":[],
"uid":"2000887635",
"parent":"ywO4JirQf",
"text":"",
"mid":"ywObE5lxZ",
"date":"2012-08-12 13:32:58"
},
{
"kids":[],
"uid":"1768564092",
"parent":"",
"text":"我要过节",
"mid":"ywOaTl9ld",
"date":"2012-08-12 13:31:06"
},
{
"kids":[],
"uid":"1167499984",
"parent":"",
"text":"@颜先生每天都觉得很饿",
"mid":"ywOapwCzK",
"date":"2012-08-12 13:29:55"
},
{
"kids":[],
"uid":"2917257687",
"parent":"ywO4JirQf",
"text":"",
"mid":"ywOa3DkZB",
"date":"2012-08-12 13:29:01"
},
{
"kids":[],
"uid":"2615671857",
"parent":"ywO4JirQf",
"text":"",
"mid":"ywOa06OHQ",
"date":"2012-08-12 13:28:55"
},
{
"kids":[],
"uid":"2455392725",
"parent":"ywO4JirQf",
"text":"经百度研究查询之后，证明为虚构之物，没这么个节",
"mid":"ywO8C7khk",
"date":"2012-08-12 13:25:27"
},
{
"kids":[
"ywU43mfSU"
],
"uid":"1076738555",
"parent":"ywO4JirQf",
"text":"貌似爽的都是男人。。？",
"mid":"ywO67BbFa",
"date":"2012-08-12 13:19:20"
},
{
"kids":[
"ywOCPhLGU",
"ywOvSsimU"
],
"uid":"1996196641",
"parent":"ywO4JirQf",
"text":"竟然有这种节！",
"mid":"ywO61nieL",
"date":"2012-08-12 13:19:05"
},
{
"kids":[],
"uid":"comeonwoshitz",
"parent":"ywO4JirQf",
"text":"矮油、、大师兄邪恶了、",
"mid":"ywO5OoIqC",
"date":"2012-08-12 13:18:35"
},
{
"kids":[
"ywODQeDMs"
],
"uid":"0yihan0",
"parent":"ywO4JirQf",
"text":"",
"mid":"ywO5Awn9S",
"date":"2012-08-12 13:18:02"
},
{
"kids":[],
"uid":"810999687",
"parent":"ywO4JirQf",
"text":"大师兄想多了…",
"mid":"ywO5sxByq",
"date":"2012-08-12 13:17:42"
},
{
"kids":[
"yxJ1KiX1i",
"yxChSr7Os",
"yxa7a27PT",
"yxa1RqTlS",
"yx6NtvoVR",
"yx5Pi1d4y",
"yx5L7vgUT",
"yx5jvqygj",
"yx5hjbVbe",
"yx0U01ZxW",
"yx04vvNH2",
"ywZ2fDp6z",
"ywXTQ3YKZ",
"ywWcXu15l",
"ywWcymRYJ",
"ywUrLrkgr",
"ywSk8i9ds",
"ywRxs6qcr",
"ywRx03o25",
"ywQJZvUgS",
"ywQIkD0Pp",
"ywQI6aJAj",
"ywQGWnSDq",
"ywQtMfzwe",
"ywQsxnmj0",
"ywPFgBJSy",
"ywPic7Aui",
"ywPhdhHq9",
"ywPgYv1Dj",
"ywPcKFFn0",
"ywP1V3QjS",
"ywP1yyKGz",
"ywOZr5xo8",
"ywOU4jH3I",
"ywOR7aErQ",
"ywOPV000k",
"ywOPTbMG1",
"ywOIWFFIY",
"ywOGGC2YR",
"ywOsu2ux4",
"ywOrPhBcR",
"ywOqA6NgM",
"ywOpd341m",
"ywOoC6FxE",
"ywOicEyBU",
"ywOhmFTzN",
"ywOfPwmaI",
"ywOfKuVwV",
"ywObE5lxZ",
"ywOa3DkZB",
"ywOa06OHQ",
"ywO8C7khk",
"ywO67BbFa",
"ywO61nieL",
"ywO5OoIqC",
"ywO5Awn9S",
"ywO5sxByq"
],
"uid":"tolydujun",
"parent":"",
"text":"在一阵美好的意淫幻想后，我陷入了一个深层次的思考之中：隋朝发明这个节日的家伙啊，你的性别身份到底是什么呀？你当时到底怎么想的呀？为何只有男摸女呀？为什么不干脆点再发明一个＂摸鸟节＂呀？",
"mid":"ywO4JirQf",
"date":"2012-08-12 13:15:55"
},
{
"kids":[],
"uid":"benbel",
"parent":"",
"text":"@如果面包不再是面包 我觉得佢个样好似你啊[夺冠感动]",
"mid":"yvTMuAyiI",
"date":"2012-08-06 13:57:10"
},
{
"kids":[],
"uid":"1880416831",
"parent":"",
"text":"色鬼都去",
"mid":"yvpqNyFh8",
"date":"2012-08-03 08:41:19"
},
{
"kids":[],
"uid":"2258112321",
"parent":"yuMfqoSIm",
"text":"以后给女人们创个摸蛋节",
"mid":"yvaKrlUcy",
"date":"2012-08-01 19:18:30"
},
{
"kids":[],
"uid":"1961230300",
"parent":"yuRgJDTyq",
"text":"",
"mid":"yuXPXDT2v",
"date":"2012-07-31 10:26:24"
},
{
"kids":[],
"uid":"2674694031",
"parent":"",
"text":"",
"mid":"yuXMSaV51",
"date":"2012-07-31 10:18:45"
},
{
"kids":[],
"uid":"2126750184",
"parent":"yuNZhoyeW",
"text":"我问了当地同事云南确有这个节日[泪]",
"mid":"yuTIMt7dW",
"date":"2012-07-30 23:57:39"
},
{
"kids":[],
"uid":"2356353225",
"parent":"yuRJDyalw",
"text":"真的假的[酷]去去[自行车]",
"mid":"yuTx3dMfg",
"date":"2012-07-30 23:28:49"
},
{
"kids":[],
"uid":"2319911437",
"parent":"yuRq6AlyU",
"text":"8111姿态挺高'还挑三拣四",
"mid":"yuTthbhYK",
"date":"2012-07-30 23:19:32"
},
{
"kids":[],
"uid":"736786418",
"parent":"yuRTziHqq",
"text":"这个真心嗲",
"mid":"yuSUvByBU",
"date":"2012-07-30 21:53:51"
},
{
"kids":[
"yuSUvByBU"
],
"uid":"2478356427",
"parent":"yuN8qqiiW",
"text":"去不去？",
"mid":"yuRTziHqq",
"date":"2012-07-30 19:18:48"
},
{
"kids":[
"yuTx3dMfg"
],
"uid":"cindybruce321",
"parent":"yuMYqqSIU",
"text":"年赶紧买机票还来得及",
"mid":"yuRJDyalw",
"date":"2012-07-30 18:54:20"
},
{
"kids":[
"yuTthbhYK"
],
"uid":"sanjuqinganmenban",
"parent":"",
"text":"要看摸谁的！",
"mid":"yuRq6AlyU",
"date":"2012-07-30 18:06:13"
},
{
"kids":[],
"uid":"1742356671",
"parent":"yuPYpbf9x",
"text":"我锺意[酷]",
"mid":"yuRpY3GsJ",
"date":"2012-07-30 18:05:52"
},
{
"kids":[
"yuXPXDT2v"
],
"uid":"doruime",
"parent":"yuRemwdbY",
"text":"老程，去摸吧",
"mid":"yuRgJDTyq",
"date":"2012-07-30 17:43:08"
},
{
"kids":[
"yuRgJDTyq"
],
"uid":"2493070850",
"parent":"yuN8qqiiW",
"text":"[太开心]",
"mid":"yuRemwdbY",
"date":"2012-07-30 17:37:16"
},
{
"kids":[],
"uid":"2102596005",
"parent":"yuQ7r6MCN",
"text":"回复@陆丹V5:今年会有尝试者，明年就有亲身体验者，最终变成有偿摸奶节。",
"mid":"yuQVqxlYU",
"date":"2012-07-30 16:50:38"
},
{
"kids":[],
"uid":"54318445",
"parent":"yuOcfsxTC",
"text":"这个笑话每年都讲，有点乏味了",
"mid":"yuQNW1xNs",
"date":"2012-07-30 16:32:10"
},
{
"kids":[],
"uid":"329393898",
"parent":"",
"text":"有色心又没色胆…估计假都请不到哦~[眨眼]",
"mid":"yuQForYv0",
"date":"2012-07-30 16:11:08"
},
{
"kids":[
"yuQVqxlYU"
],
"uid":"2102596005",
"parent":"yuP3TenLs",
"text":"我敢保证，自此发布后明年农历七月十四到此旅游人满为患",
"mid":"yuQ7r6MCN",
"date":"2012-07-30 14:47:26"
},
{
"kids":[],
"uid":"1824726900",
"parent":"yuPYpbf9x",
"text":"zhende .",
"mid":"yuPZWipfH",
"date":"2012-07-30 14:29:00"
},
{
"kids":[
"yuRpY3GsJ",
"yuPZWipfH"
],
"uid":"2349048411",
"parent":"yuOqleusC",
"text":"真的假的？？",
"mid":"yuPYpbf9x",
"date":"2012-07-30 14:25:12"
},
{
"kids":[],
"uid":"2762619981",
"parent":"",
"text":"美得很呐 哈哈",
"mid":"yuPL3tuoA",
"date":"2012-07-30 13:52:20"
},
{
"kids":[],
"uid":"2311724632",
"parent":"",
"text":"亲，想去吗",
"mid":"yuPJqqkbZ",
"date":"2012-07-30 13:48:19"
},
{
"kids":[],
"uid":"2903474915",
"parent":"",
"text":"假的吧！",
"mid":"yuPweekrn",
"date":"2012-07-30 13:15:48"
},
{
"kids":[],
"uid":"2184736613",
"parent":"",
"text":"@紫瞳殿下 @王小贱在7月份丢了很多东西 @学会开心9264926 @阳光猪饭团 @愤怒的小鸟801210 你们赶紧去",
"mid":"yuPlRtB5V",
"date":"2012-07-30 12:50:16"
},
{
"kids":[],
"uid":"2288304342",
"parent":"",
"text":"组队去摸哇",
"mid":"yuPhjBYbG",
"date":"2012-07-30 12:39:04"
},
{
"kids":[],
"uid":"2797338512",
"parent":"yuOVrjDFy",
"text":"[花心]我也要撒，哈哈哈。",
"mid":"yuP528ZUK",
"date":"2012-07-30 12:08:48"
},
{
"kids":[
"yuQ7r6MCN"
],
"uid":"ludan1120",
"parent":"yuOVrjDFy",
"text":"[吃惊]",
"mid":"yuP3TenLs",
"date":"2012-07-30 12:05:59"
},
{
"kids":[],
"uid":"1956973420",
"parent":"",
"text":"[偷笑]@Dear-oscar @我是Me是我",
"mid":"yuP27j8qt",
"date":"2012-07-30 12:01:37"
},
{
"kids":[],
"uid":"1420301572",
"parent":"yuOVrjDFy",
"text":"",
"mid":"yuOWy9OnP",
"date":"2012-07-30 11:47:54"
},
{
"kids":[
"yuP528ZUK",
"yuP3TenLs",
"yuOWy9OnP"
],
"uid":"2319911437",
"parent":"yuOHOa67I",
"text":"能不能挨揍",
"mid":"yuOVrjDFy",
"date":"2012-07-30 11:45:10"
},
{
"kids":[],
"uid":"2047086467",
"parent":"",
"text":"[思考][偷笑]",
"mid":"yuOSguGl4",
"date":"2012-07-30 11:37:21"
},
{
"kids":[
"yuOVrjDFy"
],
"uid":"fallzone",
"parent":"",
"text":"转发微博。",
"mid":"yuOHOa67I",
"date":"2012-07-30 11:11:35"
},
{
"kids":[],
"uid":"lowry508",
"parent":"yuN8qqiiW",
"text":"[花心]下次去过节[嘘]",
"mid":"yuODn7GoC",
"date":"2012-07-30 11:00:39"
},
{
"kids":[],
"uid":"2110687321",
"parent":"yuN8qqiiW",
"text":"可以吗?[害羞]",
"mid":"yuOxMcdTO",
"date":"2012-07-30 10:46:52"
},
{
"kids":[],
"uid":"2831568797",
"parent":"yuN4cgwjV",
"text":"@红帽徽 你去最合适…[偷笑][偷笑][偷笑]",
"mid":"yuOwC2Wjr",
"date":"2012-07-30 10:44:00"
},
{
"kids":[],
"uid":"1068403440",
"parent":"yuNk6kKVa",
"text":"[吃惊]",
"mid":"yuOrn21Ti",
"date":"2012-07-30 10:31:05"
},
{
"kids":[
"yuPYpbf9x"
],
"uid":"2128780825",
"parent":"",
"text":"真的假的 ?",
"mid":"yuOqleusC",
"date":"2012-07-30 10:28:33"
},
{
"kids":[],
"uid":"xxll3344",
"parent":"",
"text":"这个节日好啊@阿猫爱进球 @潼翰柏致杉 @無鋤得讀過書 @奇華利 @夏天味道 @低调优乐美",
"mid":"yuOoynjvy",
"date":"2012-07-30 10:24:09"
},
{
"kids":[],
"uid":"2675865590",
"parent":"",
"text":"",
"mid":"yuOh6z9aX",
"date":"2012-07-30 10:05:47"
},
{
"kids":[],
"uid":"amoryj",
"parent":"yuMYqqSIU",
"text":"时间久了，就腻了！不懂吧？",
"mid":"yuOgmbpgZ",
"date":"2012-07-30 10:03:57"
},
{
"kids":[
"yuQNW1xNs"
],
"uid":"crystallock",
"parent":"",
"text":"@懒猫_扮竹子吃熊猫 [吃惊]",
"mid":"yuOcfsxTC",
"date":"2012-07-30 09:53:50"
},
{
"kids":[],
"uid":"2630524843",
"parent":"",
"text":"宣传片很诱惑, 想组队参加, 只怕到时候街上全是六十几岁的阿婆",
"mid":"yuObMdcCd",
"date":"2012-07-30 09:52:38"
},
{
"kids":[],
"uid":"dawnaisese",
"parent":"",
"text":"",
"mid":"yuO7qqaAC",
"date":"2012-07-30 09:41:55"
},
{
"kids":[],
"uid":"1881039754",
"parent":"",
"text":"[围观]",
"mid":"yuO5P7wrp",
"date":"2012-07-30 09:38:00"
},
{
"kids":[
"yuTIMt7dW"
],
"uid":"1400065443",
"parent":"yuNSMjxN1",
"text":"@彼得潘潘V ：这么爽？",
"mid":"yuNZhoyeW",
"date":"2012-07-30 09:21:53"
},
{
"kids":[],
"uid":"2369368125",
"parent":"",
"text":"[花心]",
"mid":"yuNWasuAu",
"date":"2012-07-30 09:14:13"
},
{
"kids":[],
"uid":"wqkee",
"parent":"yuNCwrAqh",
"text":"这样也行啊？！~[疑问]",
"mid":"yuNVubtK7",
"date":"2012-07-30 09:12:32"
},
{
"kids":[
"yuNZhoyeW"
],
"uid":"1846948293",
"parent":"yuNk6kKVa",
"text":"终于知道每年啥季节去云南了",
"mid":"yuNSMjxN1",
"date":"2012-07-30 09:05:52"
},
{
"kids":[],
"uid":"tang1027",
"parent":"",
"text":"你地话云南波有没去呢？话唔定佢人妖都杀。[吃惊][偷笑]@猪华2011 @强人摘星族 @烟雨凄迷2012 @银河星星2",
"mid":"yuNLBja1r",
"date":"2012-07-30 08:48:11"
},
{
"kids":[],
"uid":"2604636513",
"parent":"",
"text":"确定不是和人妖的合照？",
"mid":"yuNI45L3h",
"date":"2012-07-30 08:39:28"
},
{
"kids":[],
"uid":"2600973451",
"parent":"",
"text":"",
"mid":"yuNGabvgk",
"date":"2012-07-30 08:34:47"
},
{
"kids":[],
"uid":"2249627557",
"parent":"",
"text":"[给力]",
"mid":"yuNFdFj0h",
"date":"2012-07-30 08:32:28"
},
{
"kids":[],
"uid":"2879128295",
"parent":"",
"text":"哇靠！",
"mid":"yuNEv5ZGi",
"date":"2012-07-30 08:30:41"
},
{
"kids":[],
"uid":"2651846521",
"parent":"",
"text":"还有这节日[挖鼻屎]@lenawr @陈捷_CJ1221",
"mid":"yuNDOuOYH",
"date":"2012-07-30 08:29:00"
},
{
"kids":[
"yuNVubtK7"
],
"uid":"1751884184",
"parent":"yuN8qqiiW",
"text":"……手感如何",
"mid":"yuNCwrAqh",
"date":"2012-07-30 08:25:49"
},
{
"kids":[],
"uid":"2009678414",
"parent":"",
"text":"还有这样的节日 无语",
"mid":"yuNCs1OBr",
"date":"2012-07-30 08:25:38"
},
{
"kids":[],
"uid":"sugar5302",
"parent":"",
"text":"[黑线]",
"mid":"yuNwaxLKM",
"date":"2012-07-30 08:10:10"
},
{
"kids":[],
"uid":"2129086162",
"parent":"yuNk6kKVa",
"text":"这是谁想出来了！",
"mid":"yuNtTjPEe",
"date":"2012-07-30 08:04:33"
},
{
"kids":[],
"uid":"2744329884",
"parent":"",
"text":"[吃惊]",
"mid":"yuNtcrb4w",
"date":"2012-07-30 08:02:50"
},
{
"kids":[],
"uid":"2746123763",
"parent":"",
"text":"好[给力]",
"mid":"yuNsq1hbO",
"date":"2012-07-30 08:00:55"
},
{
"kids":[],
"uid":"2425683891",
"parent":"",
"text":"",
"mid":"yuNpbBgaH",
"date":"2012-07-30 07:52:58"
},
{
"kids":[],
"uid":"1889112980",
"parent":"",
"text":"@肥三的一些事一些情 真定假？[思考]有甘既节日？",
"mid":"yuNoo02lZ",
"date":"2012-07-30 07:50:59"
},
{
"kids":[],
"uid":"1089091180",
"parent":"",
"text":"",
"mid":"yuNlAvgO7",
"date":"2012-07-30 07:44:06"
},
{
"kids":[
"yuOrn21Ti",
"yuNSMjxN1",
"yuNtTjPEe"
],
"uid":"2111677503",
"parent":"yuN8hf9Bj",
"text":"xusheng威武",
"mid":"yuNk6kKVa",
"date":"2012-07-30 07:40:25"
},
{
"kids":[],
"uid":"nikyoikago",
"parent":"",
"text":"这个。。。为广大男同胞转",
"mid":"yuNezhzMz",
"date":"2012-07-30 07:26:47"
},
{
"kids":[],
"uid":"2470602887",
"parent":"",
"text":"@丨浮躁丶",
"mid":"yuNdmeeBL",
"date":"2012-07-30 07:23:48"
},
{
"kids":[
"yuRTziHqq",
"yuRemwdbY",
"yuODn7GoC",
"yuOxMcdTO",
"yuNCwrAqh"
],
"uid":"1746976722",
"parent":"",
"text":"[吃惊]",
"mid":"yuN8qqiiW",
"date":"2012-07-30 07:11:40"
},
{
"kids":[
"yuNk6kKVa"
],
"uid":"2893290721",
"parent":"",
"text":"与众不同[害羞]",
"mid":"yuN8hf9Bj",
"date":"2012-07-30 07:11:17"
},
{
"kids":[],
"uid":"2710389193",
"parent":"yuLAsnApp",
"text":"",
"mid":"yuN7fpoFT",
"date":"2012-07-30 07:08:45"
},
{
"kids":[
"yuOwC2Wjr"
],
"uid":"2831568797",
"parent":"",
"text":"[汗][汗][汗][汗][汗][樱花][樱花][樱花][樱花][樱花]@李小猪-可心妈 @小混蛋呦 @Coco爱可儿 @吖朵已被抢注",
"mid":"yuN4cgwjV",
"date":"2012-07-30 07:01:14"
},
{
"kids":[],
"uid":"2247313113",
"parent":"",
"text":"开放的很，尖端，成都不得敢嘛",
"mid":"yuN34zr0b",
"date":"2012-07-30 06:58:29"
},
{
"kids":[],
"uid":"katherinelane",
"parent":"",
"text":"@北平的烁 @李冰0321",
"mid":"yuMYWDk9X",
"date":"2012-07-30 06:48:19"
},
{
"kids":[
"yuRJDyalw",
"yuOgmbpgZ"
],
"uid":"1874234273",
"parent":"",
"text":"才三天啊。。。",
"mid":"yuMYqqSIU",
"date":"2012-07-30 06:47:01"
},
{
"kids":[],
"uid":"1367158521",
"parent":"",
"text":"哈哈，奇怪的节日",
"mid":"yuMUkDR0k",
"date":"2012-07-30 06:36:57"
},
{
"kids":[],
"uid":"teamoying",
"parent":"",
"text":"还有这样的节日！大家快去呀！",
"mid":"yuMzvDrpP",
"date":"2012-07-30 05:45:39"
},
{
"kids":[],
"uid":"lsc929",
"parent":"",
"text":"我勒个去，还有这节？",
"mid":"yuMxVxcML",
"date":"2012-07-30 05:41:44"
},
{
"kids":[],
"uid":"2559016373",
"parent":"",
"text":"转发微博。",
"mid":"yuMt2CG29",
"date":"2012-07-30 05:29:43"
},
{
"kids":[
"yvaKrlUcy"
],
"uid":"2686814575",
"parent":"",
"text":"男人们肯定都爱的节日……[挖鼻屎][挖鼻屎][挖鼻屎]",
"mid":"yuMfqoSIm",
"date":"2012-07-30 04:56:10"
},
{
"kids":[],
"uid":"2826416337",
"parent":"",
"text":"我我我操！不不不早说！！！",
"mid":"yuM8NnSAF",
"date":"2012-07-30 04:39:49"
},
{
"kids":[],
"uid":"2763419982",
"parent":"",
"text":"@夏天的Flora",
"mid":"yuM1Qw5ug",
"date":"2012-07-30 04:22:43"
},
{
"kids":[],
"uid":"526146234",
"parent":"",
"text":"",
"mid":"yuLPR6Qe1",
"date":"2012-07-30 03:53:10"
},
{
"kids":[],
"uid":"2415057071",
"parent":"",
"text":"@彬彬是鱼 去云南",
"mid":"yuLOItbo9",
"date":"2012-07-30 03:50:22"
},
{
"kids":[],
"uid":"2627801513",
"parent":"",
"text":"我失手转发的",
"mid":"yuLLVCxdY",
"date":"2012-07-30 03:43:29"
},
{
"kids":[],
"uid":"2248375491",
"parent":"",
"text":"这个节日好[可爱]",
"mid":"yuLLS4Lds",
"date":"2012-07-30 03:43:20"
},
{
"kids":[],
"uid":"lovingmf",
"parent":"",
"text":"",
"mid":"yuLJj6c9F",
"date":"2012-07-30 03:37:02"
},
{
"kids":[],
"uid":"feimao3xia",
"parent":"",
"text":"竟然鬼节摸奶？[挖鼻屎]",
"mid":"yuLH9gHcv",
"date":"2012-07-30 03:31:43"
},
{
"kids":[],
"uid":"yangrui1840",
"parent":"",
"text":"我喜欢民俗！",
"mid":"yuLCgCbOE",
"date":"2012-07-30 03:19:42"
},
{
"kids":[
"yuN7fpoFT"
],
"uid":"2172206852",
"parent":"",
"text":"牛逼啊！",
"mid":"yuLAsnApp",
"date":"2012-07-30 03:15:14"
},
{
"kids":[],
"uid":"1130947307",
"parent":"",
"text":"这节有点怪，真不可思议。",
"mid":"yuLyC0U4s",
"date":"2012-07-30 03:10:41"
},
{
"kids":[],
"uid":"sichuanwoman",
"parent":"",
"text":"@Wendy-Manchester 赶快叫ken去！",
"mid":"yuLypl0iF",
"date":"2012-07-30 03:10:11"
}
]