[
{
"kids":[],
"uid":"3338695170",
"parent":"",
"text":"妈的。什么都要钱。微信替代品在哪里？",
"mid":"zuvQPpEmx",
"date":"2013-04-30 09:55:56"
},
{
"kids":[],
"uid":"2789903422",
"parent":"zr9NM6Yvx",
"text":"",
"mid":"ztRFg3Lav",
"date":"2013-04-26 03:37:32"
},
{
"kids":[],
"uid":"2809716030",
"parent":"zr9NM6Yvx",
"text":"",
"mid":"ztJEhBI3A",
"date":"2013-04-25 07:13:09"
},
{
"kids":[],
"uid":"3044386264",
"parent":"zr9NM6Yvx",
"text":"",
"mid":"ztJEhB2Ml",
"date":"2013-04-25 07:13:09"
},
{
"kids":[],
"uid":"1589511511",
"parent":"",
"text":"",
"mid":"ztxLRlQNy",
"date":"2013-04-24 00:58:47"
},
{
"kids":[],
"uid":"2919733622",
"parent":"",
"text":"",
"mid":"ztocG8qJX",
"date":"2013-04-23 00:37:27"
},
{
"kids":[],
"uid":"2919355324",
"parent":"",
"text":"",
"mid":"ztocFvSeQ",
"date":"2013-04-23 00:37:27"
},
{
"kids":[],
"uid":"3044594502",
"parent":"zr9NM6Yvx",
"text":"",
"mid":"zsOgXeXCz",
"date":"2013-04-19 05:09:07"
},
{
"kids":[],
"uid":"1442297845",
"parent":"",
"text":"",
"mid":"zsG784Enh",
"date":"2013-04-18 08:22:56"
},
{
"kids":[],
"uid":"1581890105",
"parent":"zr9NM6Yvx",
"text":"",
"mid":"zsEHr2d2y",
"date":"2013-04-18 04:46:52"
},
{
"kids":[],
"uid":"2919548744",
"parent":"zr9NM6Yvx",
"text":"",
"mid":"zsEHr1wGY",
"date":"2013-04-18 04:46:52"
},
{
"kids":[],
"uid":"2790021092",
"parent":"zreaI0SSk",
"text":"",
"mid":"zsnCUva0v",
"date":"2013-04-16 09:19:02"
},
{
"kids":[],
"uid":"1582688073",
"parent":"zreaI0SSk",
"text":"",
"mid":"zsnCUew2z",
"date":"2013-04-16 09:19:02"
},
{
"kids":[],
"uid":"3043968090",
"parent":"zr9NM6Yvx",
"text":"",
"mid":"zrRVYc7is",
"date":"2013-04-13 00:38:03"
},
{
"kids":[],
"uid":"2790104110",
"parent":"zr9NM6Yvx",
"text":"",
"mid":"zrQWxhMUC",
"date":"2013-04-12 22:06:42"
},
{
"kids":[],
"uid":"2803753640",
"parent":"zr9NM6Yvx",
"text":"",
"mid":"zrQWxhMRO",
"date":"2013-04-12 22:06:45"
},
{
"kids":[],
"uid":"2804749230",
"parent":"zreaI0SSk",
"text":"",
"mid":"zrzylzhys",
"date":"2013-04-11 01:50:28"
},
{
"kids":[],
"uid":"2803528230",
"parent":"zreaI0SSk",
"text":"",
"mid":"zrqS9qQy2",
"date":"2013-04-10 03:44:32"
},
{
"kids":[],
"uid":"2920498154",
"parent":"zreaI0SSk",
"text":"",
"mid":"zrqS9qQvY",
"date":"2013-04-10 03:44:32"
},
{
"kids":[],
"uid":"2231357740",
"parent":"",
"text":"7月1日收费就取消微信。",
"mid":"zrfvrqHER",
"date":"2013-04-08 22:48:20"
},
{
"kids":[
"zsnCUva0v",
"zsnCUew2z",
"zrzylzhys",
"zrqS9qQy2",
"zrqS9qQvY"
],
"uid":"2159488784",
"parent":"",
"text":"对此表示不能接受，很痛心，狗日的运营商+工信部",
"mid":"zreaI0SSk",
"date":"2013-04-08 19:24:29"
},
{
"kids":[],
"uid":"qjtoby123",
"parent":"zr6GU8Tas",
"text":"",
"mid":"zrcUHm6A6",
"date":"2013-04-08 16:12:21"
},
{
"kids":[],
"uid":"3122527321",
"parent":"",
"text":"看来又要开始坑爹时代了，收费就没人玩咯",
"mid":"zrbtve0wm",
"date":"2013-04-08 12:32:36"
},
{
"kids":[],
"uid":"angela513",
"parent":"",
"text":"太把微信当回事了，没它又不是就过不了日子。[右哼哼]",
"mid":"zrbqrxMYt",
"date":"2013-04-08 12:25:04"
},
{
"kids":[],
"uid":"2060823063",
"parent":"",
"text":"哈哈~~还好我不玩",
"mid":"zrbhe1JIv",
"date":"2013-04-08 12:02:20"
},
{
"kids":[],
"uid":"2257598072",
"parent":"",
"text":"表示6月30号卸载！",
"mid":"zra0B1nRJ",
"date":"2013-04-08 08:48:38"
},
{
"kids":[],
"uid":"2276492040",
"parent":"",
"text":"很快就不用微信了。",
"mid":"zr9QvrMTa",
"date":"2013-04-08 08:23:47"
},
{
"kids":[
"ztRFg3Lav",
"ztJEhBI3A",
"ztJEhB2Ml",
"zsOgXeXCz",
"zsEHr2d2y",
"zsEHr1wGY",
"zrRVYc7is",
"zrQWxhMUC",
"zrQWxhMRO"
],
"uid":"2889272504",
"parent":"",
"text":"[浮云]微信要远离我们了。。",
"mid":"zr9NM6Yvx",
"date":"2013-04-08 08:17:03"
},
{
"kids":[],
"uid":"1882704703",
"parent":"",
"text":"双重收费",
"mid":"zr9zjB1rP",
"date":"2013-04-08 07:41:26"
},
{
"kids":[],
"uid":"2120821672",
"parent":"",
"text":"@Alice-Yoko ，@乌烧烧小姐 @chili-Yip ，@Guo--偉嫻- 看看吧！以后不能玩微信了。。。",
"mid":"zr7qmig9Q",
"date":"2013-04-08 02:13:52"
},
{
"kids":[],
"uid":"lllshhh",
"parent":"",
"text":"",
"mid":"zr72k6Nwm",
"date":"2013-04-08 01:14:39"
},
{
"kids":[],
"uid":"3199267234",
"parent":"",
"text":"哎。",
"mid":"zr71Yfys6",
"date":"2013-04-08 01:13:47"
},
{
"kids":[],
"uid":"734054678",
"parent":"zr6vTzYkO",
"text":"",
"mid":"zr6T3nBdm",
"date":"2013-04-08 00:51:50"
},
{
"kids":[],
"uid":"hnsyylx",
"parent":"zr6vTzYkO",
"text":"",
"mid":"zr6T2cKWL",
"date":"2013-04-08 00:51:44"
},
{
"kids":[],
"uid":"3230932410",
"parent":"zr6vTzYkO",
"text":"",
"mid":"zr6T1jvQl",
"date":"2013-04-08 00:51:44"
},
{
"kids":[],
"uid":"2602845422",
"parent":"zr6vTzYkO",
"text":"",
"mid":"zr6SZyuIX",
"date":"2013-04-08 00:51:39"
},
{
"kids":[],
"uid":"574013399",
"parent":"zr6vTzYkO",
"text":"",
"mid":"zr6SYDMOf",
"date":"2013-04-08 00:51:38"
},
{
"kids":[],
"uid":"2136164841",
"parent":"zr6vTzYkO",
"text":"",
"mid":"zr6SXblcH",
"date":"2013-04-08 00:51:30"
},
{
"kids":[],
"uid":"1236848177",
"parent":"",
"text":"[织]坚决不玩微信了！玩得是孙子！",
"mid":"zr6QOdwEX",
"date":"2013-04-08 00:46:17"
},
{
"kids":[],
"uid":"212344878",
"parent":"",
"text":"微信要是真敢这么收费我就真敢让他收不起费[愤怒]",
"mid":"zr6Qtf0L0",
"date":"2013-04-08 00:45:27"
},
{
"kids":[],
"uid":"1236848177",
"parent":"",
"text":"删了微信",
"mid":"zr6QesmJD",
"date":"2013-04-08 00:44:52"
},
{
"kids":[],
"uid":"3134172845",
"parent":"",
"text":"不错",
"mid":"zr6PvgJ48",
"date":"2013-04-08 00:43:04"
},
{
"kids":[],
"uid":"3263260781",
"parent":"",
"text":"转发求真相",
"mid":"zr6NM0uqK",
"date":"2013-04-08 00:38:48"
},
{
"kids":[],
"uid":"2798720074",
"parent":"",
"text":"这个不错推荐给大家。",
"mid":"zr6NB4pGG",
"date":"2013-04-08 00:38:22"
},
{
"kids":[],
"uid":"fenyy",
"parent":"",
"text":"卸载吧咱  无声的抗议",
"mid":"zr6N58YSA",
"date":"2013-04-08 00:37:06"
},
{
"kids":[],
"uid":"littleheb",
"parent":"",
"text":"那手机QQ呢，陌陌呢，米聊呢？这样的软件有的是，全都收钱？陌陌的春天来了",
"mid":"zr6MO0Drr",
"date":"2013-04-08 00:36:25"
},
{
"kids":[],
"uid":"2011916214",
"parent":"zr6vTzYkO",
"text":"",
"mid":"zr6Mjgtq1",
"date":"2013-04-08 00:35:12"
},
{
"kids":[],
"uid":"3177113272",
"parent":"zr6vTzYkO",
"text":"",
"mid":"zr6MiEPCu",
"date":"2013-04-08 00:35:11"
},
{
"kids":[],
"uid":"qqzonewenzikong",
"parent":"zr6vTzYkO",
"text":"",
"mid":"zr6MioMih",
"date":"2013-04-08 00:35:10"
},
{
"kids":[],
"uid":"2782406571",
"parent":"zr6vTzYkO",
"text":"",
"mid":"zr6MhdVRg",
"date":"2013-04-08 00:35:07"
},
{
"kids":[],
"uid":"1849568337",
"parent":"zr6vTzYkO",
"text":"",
"mid":"zr6Mgj8OI",
"date":"2013-04-08 00:35:06"
},
{
"kids":[],
"uid":"734532238",
"parent":"zr6vTzYkO",
"text":"",
"mid":"zr6MfrrB7",
"date":"2013-04-08 00:35:03"
},
{
"kids":[],
"uid":"2808158407",
"parent":"zr6vTzYkO",
"text":"",
"mid":"zr6MeycyE",
"date":"2013-04-08 00:35:01"
},
{
"kids":[],
"uid":"2613984403",
"parent":"zr6vTzYkO",
"text":"",
"mid":"zr6MegBj3",
"date":"2013-04-08 00:35:00"
},
{
"kids":[],
"uid":"2805491155",
"parent":"zr6vTzYkO",
"text":"",
"mid":"zr6MbjgPs",
"date":"2013-04-08 00:34:51"
},
{
"kids":[],
"uid":"2614872177",
"parent":"zr6vTzYkO",
"text":"",
"mid":"zr6Mb1Fw9",
"date":"2013-04-08 00:34:52"
},
{
"kids":[],
"uid":"i2uhuli",
"parent":"zr6vTzYkO",
"text":"",
"mid":"zr6Maq1IB",
"date":"2013-04-08 00:34:51"
},
{
"kids":[],
"uid":"1951098955",
"parent":"zr6vTzYkO",
"text":"",
"mid":"zr6Ma6Sne",
"date":"2013-04-08 00:34:47"
},
{
"kids":[],
"uid":"522607899",
"parent":"zr6vTzYkO",
"text":"",
"mid":"zr6M9dDlh",
"date":"2013-04-08 00:34:50"
},
{
"kids":[],
"uid":"wangqun199031",
"parent":"zr6vTzYkO",
"text":"",
"mid":"zr6M7sH9X",
"date":"2013-04-08 00:34:43"
},
{
"kids":[],
"uid":"3240455874",
"parent":"zr6vTzYkO",
"text":"",
"mid":"zr6M5EEOB",
"date":"2013-04-08 00:34:40"
},
{
"kids":[],
"uid":"3291712964",
"parent":"zr6vTzYkO",
"text":"",
"mid":"zr6M4cdeY",
"date":"2013-04-08 00:34:35"
},
{
"kids":[],
"uid":"3218026530",
"parent":"zr6vTzYkO",
"text":"",
"mid":"zr6M3C7yA",
"date":"2013-04-08 00:34:37"
},
{
"kids":[],
"uid":"1748732354",
"parent":"zr6vTzYkO",
"text":"",
"mid":"zr6M3kwjn",
"date":"2013-04-08 00:34:35"
},
{
"kids":[],
"uid":"2821803250",
"parent":"zr6vTzYkO",
"text":"",
"mid":"zr6M2pJ5b",
"date":"2013-04-08 00:34:33"
},
{
"kids":[],
"uid":"1783955903",
"parent":"zr6vTzYkO",
"text":"",
"mid":"zr6M0DeU7",
"date":"2013-04-08 00:34:28"
},
{
"kids":[],
"uid":"345989599",
"parent":"zr6vTzYkO",
"text":"",
"mid":"zr6M0lDDH",
"date":"2013-04-08 00:34:28"
},
{
"kids":[],
"uid":"3223767922",
"parent":"zr6vTzYkO",
"text":"",
"mid":"zr6M05Aqb",
"date":"2013-04-08 00:34:26"
},
{
"kids":[],
"uid":"3221039957",
"parent":"zr6vTzYkO",
"text":"",
"mid":"zr6LYz9mq",
"date":"2013-04-08 00:34:23"
},
{
"kids":[],
"uid":"540042305",
"parent":"zr6vTzYkO",
"text":"",
"mid":"zr6LXFUiY",
"date":"2013-04-08 00:34:21"
},
{
"kids":[],
"uid":"2255706203",
"parent":"zr6vTzYkO",
"text":"",
"mid":"zr6LX8fU8",
"date":"2013-04-08 00:34:19"
},
{
"kids":[],
"uid":"1584298751",
"parent":"zr6vTzYkO",
"text":"",
"mid":"zr6LWwC7k",
"date":"2013-04-08 00:34:17"
},
{
"kids":[],
"uid":"fcyxm",
"parent":"zr6vTzYkO",
"text":"",
"mid":"zr6LVlLOR",
"date":"2013-04-08 00:34:16"
},
{
"kids":[],
"uid":"3167212567",
"parent":"zr6vTzYkO",
"text":"",
"mid":"zr6LV2Chn",
"date":"2013-04-08 00:34:10"
},
{
"kids":[],
"uid":"1913963767",
"parent":"zr6vTzYkO",
"text":"",
"mid":"zr6LThGjw",
"date":"2013-04-08 00:34:10"
},
{
"kids":[],
"uid":"1885253357",
"parent":"zr6vTzYkO",
"text":"",
"mid":"zr6LRtDGM",
"date":"2013-04-08 00:34:03"
},
{
"kids":[],
"uid":"3210973164",
"parent":"zr6vTzYkO",
"text":"",
"mid":"zr6Llh1Fl",
"date":"2013-04-08 00:32:50"
},
{
"kids":[],
"uid":"2831428665",
"parent":"zr6vTzYkO",
"text":"",
"mid":"zr6Llh1xG",
"date":"2013-04-08 00:32:48"
},
{
"kids":[],
"uid":"youjianjietu",
"parent":"zr6vTzYkO",
"text":"",
"mid":"zr6LkFnKd",
"date":"2013-04-08 00:32:47"
},
{
"kids":[],
"uid":"1855591943",
"parent":"zr6vTzYkO",
"text":"",
"mid":"zr6LiCR5v",
"date":"2013-04-08 00:32:43"
},
{
"kids":[],
"uid":"723498955",
"parent":"zr6vTzYkO",
"text":"",
"mid":"zr6Li25L0",
"date":"2013-04-08 00:32:42"
},
{
"kids":[],
"uid":"3155638520",
"parent":"zr6vTzYkO",
"text":"",
"mid":"zr6Lh8QzT",
"date":"2013-04-08 00:32:39"
},
{
"kids":[],
"uid":"1593529641",
"parent":"zr6vTzYkO",
"text":"",
"mid":"zr6LghanR",
"date":"2013-04-08 00:32:38"
},
{
"kids":[],
"uid":"520donh",
"parent":"zr6vTzYkO",
"text":"",
"mid":"zr6LfnVl3",
"date":"2013-04-08 00:32:35"
},
{
"kids":[],
"uid":"542347518",
"parent":"zr6vTzYkO",
"text":"",
"mid":"zr6Let7gI",
"date":"2013-04-08 00:32:30"
},
{
"kids":[],
"uid":"2772670105",
"parent":"zr6vTzYkO",
"text":"",
"mid":"zr6LebvZP",
"date":"2013-04-08 00:32:32"
},
{
"kids":[],
"uid":"528997456",
"parent":"zr6vTzYkO",
"text":"",
"mid":"zr6LdBr6t",
"date":"2013-04-08 00:32:32"
},
{
"kids":[],
"uid":"2968250410",
"parent":"zr6vTzYkO",
"text":"",
"mid":"zr6LdjPQY",
"date":"2013-04-08 00:32:31"
},
{
"kids":[],
"uid":"3213455450",
"parent":"zr6vTzYkO",
"text":"",
"mid":"zr6Ld0FGW",
"date":"2013-04-08 00:32:28"
},
{
"kids":[],
"uid":"1566108091",
"parent":"zr6vTzYkO",
"text":"",
"mid":"zr6Lcp1Kt",
"date":"2013-04-08 00:32:24"
},
{
"kids":[],
"uid":"3227433064",
"parent":"zr6vTzYkO",
"text":"",
"mid":"zr6La4TZl",
"date":"2013-04-08 00:32:21"
},
{
"kids":[],
"uid":"207452444",
"parent":"zr6vTzYkO",
"text":"",
"mid":"zr6L9a5XM",
"date":"2013-04-08 00:32:22"
},
{
"kids":[],
"uid":"1727843702",
"parent":"zr6vTzYkO",
"text":"",
"mid":"zr6L8A184",
"date":"2013-04-08 00:32:16"
},
{
"kids":[],
"uid":"2038539221",
"parent":"",
"text":"好",
"mid":"zr6Jdcgvi",
"date":"2013-04-08 00:27:32"
},
{
"kids":[],
"uid":"524502678",
"parent":"",
"text":"bc",
"mid":"zr6H57YTC",
"date":"2013-04-08 00:22:19"
},
{
"kids":[
"zrcUHm6A6"
],
"uid":"3230629334",
"parent":"",
"text":"真的假的？太太太蛋疼了吧！",
"mid":"zr6GU8Tas",
"date":"2013-04-08 00:21:52"
},
{
"kids":[],
"uid":"2624433513",
"parent":"",
"text":"说的好",
"mid":"zr6FrbHpy",
"date":"2013-04-08 00:18:12"
},
{
"kids":[],
"uid":"2958293877",
"parent":"",
"text":"转发求真相",
"mid":"zr6FgfBn9",
"date":"2013-04-08 00:17:50"
},
{
"kids":[],
"uid":"3261663094",
"parent":"",
"text":"转给需要的人",
"mid":"zr6ECDoFr",
"date":"2013-04-08 00:16:17"
},
{
"kids":[],
"uid":"pveker",
"parent":"",
"text":"",
"mid":"zr6AtgLR0",
"date":"2013-04-08 00:06:02"
},
{
"kids":[],
"uid":"3172602322",
"parent":"",
"text":"支持一下",
"mid":"zr6zS2DWf",
"date":"2013-04-08 00:04:29"
},
{
"kids":[],
"uid":"hong007808",
"parent":"",
"text":"唉。。。有机会就出国吧",
"mid":"zr6zgcRup",
"date":"2013-04-08 00:03:01"
},
{
"kids":[],
"uid":"1053461015",
"parent":"",
"text":"转起来",
"mid":"zr6yPjbZL",
"date":"2013-04-08 00:01:56"
},
{
"kids":[],
"uid":"3209102250",
"parent":"",
"text":"貴~><",
"mid":"zr6yaxalk",
"date":"2013-04-08 00:00:18"
},
{
"kids":[
"zr6T3nBdm",
"zr6T2cKWL",
"zr6T1jvQl",
"zr6SZyuIX",
"zr6SYDMOf",
"zr6SXblcH",
"zr6Mjgtq1",
"zr6MiEPCu",
"zr6MioMih",
"zr6MhdVRg",
"zr6Mgj8OI",
"zr6MfrrB7",
"zr6MeycyE",
"zr6MegBj3",
"zr6MbjgPs",
"zr6Mb1Fw9",
"zr6Maq1IB",
"zr6Ma6Sne",
"zr6M9dDlh",
"zr6M7sH9X",
"zr6M5EEOB",
"zr6M4cdeY",
"zr6M3C7yA",
"zr6M3kwjn",
"zr6M2pJ5b",
"zr6M0DeU7",
"zr6M0lDDH",
"zr6M05Aqb",
"zr6LYz9mq",
"zr6LXFUiY",
"zr6LX8fU8",
"zr6LWwC7k",
"zr6LVlLOR",
"zr6LV2Chn",
"zr6LThGjw",
"zr6LRtDGM",
"zr6Llh1Fl",
"zr6Llh1xG",
"zr6LkFnKd",
"zr6LiCR5v",
"zr6Li25L0",
"zr6Lh8QzT",
"zr6LghanR",
"zr6LfnVl3",
"zr6Let7gI",
"zr6LebvZP",
"zr6LdBr6t",
"zr6LdjPQY",
"zr6Ld0FGW",
"zr6Lcp1Kt",
"zr6La4TZl",
"zr6L9a5XM",
"zr6L8A184"
],
"uid":"207445455",
"parent":"",
"text":"@有點小帥的小黑货 @Rainbow李二牛 @韦叮咚 @_RRRRRvv",
"mid":"zr6vTzYkO",
"date":"2013-04-07 23:54:44"
},
{
"kids":[],
"uid":"helloxwen",
"parent":"",
"text":"！",
"mid":"zr4hPtgQH",
"date":"2013-04-07 18:14:37"
}
]