[
{
"kids":[],
"uid":"1855081175",
"parent":"",
"text":"",
"mid":"yEQyMgA2x",
"date":"2012-10-04 10:17:50"
},
{
"kids":[],
"uid":"1501307815",
"parent":"yDIrA0SaL",
"text":"TMD，这坐骑也太好了吧！",
"mid":"yE6UJFl0n",
"date":"2012-09-29 14:05:36"
},
{
"kids":[],
"uid":"1974108167",
"parent":"yDJhTBuIV",
"text":"唉",
"mid":"yE51tmgsR",
"date":"2012-09-29 09:16:43"
},
{
"kids":[],
"uid":"2919315132",
"parent":"yDKVsf7cv",
"text":"",
"mid":"yE332cTua",
"date":"2012-09-29 04:15:04"
},
{
"kids":[],
"uid":"2920484172",
"parent":"yDKVsf7cv",
"text":"",
"mid":"yE332cmd7",
"date":"2012-09-29 04:15:04"
},
{
"kids":[],
"uid":"2480752037",
"parent":"",
"text":"",
"mid":"yE2Mv5Nmt",
"date":"2012-09-29 03:34:20"
},
{
"kids":[],
"uid":"1855081175",
"parent":"",
"text":"",
"mid":"yE0eK4E2R",
"date":"2012-09-28 21:05:38"
},
{
"kids":[],
"uid":"lzpkfg",
"parent":"yDRWkp4eA",
"text":"",
"mid":"yDTm22Lfo",
"date":"2012-09-28 03:34:24"
},
{
"kids":[],
"uid":"2273347331",
"parent":"yDRWkp4eA",
"text":"",
"mid":"yDS7cplDM",
"date":"2012-09-28 00:25:04"
},
{
"kids":[
"yDTm22Lfo",
"yDS7cplDM"
],
"uid":"315887999",
"parent":"yDI57BvQ0",
"text":"",
"mid":"yDRWkp4eA",
"date":"2012-09-27 23:58:20"
},
{
"kids":[],
"uid":"2831726702",
"parent":"",
"text":"我梦想中的车呀",
"mid":"yDRd5Adq8",
"date":"2012-09-27 22:06:54"
},
{
"kids":[],
"uid":"2458969757",
"parent":"yDOEpd6yr",
"text":"捐钱的人活该受气肚子痛",
"mid":"yDQvq0aKi",
"date":"2012-09-27 20:19:18"
},
{
"kids":[],
"uid":"weidotqiang",
"parent":"yDOEpd6yr",
"text":"企业都是趋利的。现在红会的招牌，应该没人给它捐。何况这么多。当然，还有个可能，就是PS的。",
"mid":"yDOJGikUG",
"date":"2012-09-27 15:48:53"
},
{
"kids":[
"yDQvq0aKi",
"yDOJGikUG"
],
"uid":"2139932153",
"parent":"yDOCS34ir",
"text":"捐的还是买的！",
"mid":"yDOEpd6yr",
"date":"2012-09-27 15:35:56"
},
{
"kids":[
"yDOEpd6yr"
],
"uid":"weidotqiang",
"parent":"",
"text":"红会还活着？？",
"mid":"yDOCS34ir",
"date":"2012-09-27 15:32:09"
},
{
"kids":[],
"uid":"1976072190",
"parent":"",
"text":"",
"mid":"yDNJ0h4KG",
"date":"2012-09-27 13:14:30"
},
{
"kids":[],
"uid":"2340937837",
"parent":"",
"text":"",
"mid":"yDNHhyrZE",
"date":"2012-09-27 13:10:17"
},
{
"kids":[],
"uid":"1818202735",
"parent":"",
"text":"还我的钱！草泥马！",
"mid":"yDNG2s9sv",
"date":"2012-09-27 13:07:13"
},
{
"kids":[],
"uid":"2531770683",
"parent":"",
"text":"都是tmd败家货",
"mid":"yDNyWvVfV",
"date":"2012-09-27 12:49:43"
},
{
"kids":[],
"uid":"achang",
"parent":"",
"text":"一次买空路虎",
"mid":"yDNyE9stE",
"date":"2012-09-27 12:49:00"
},
{
"kids":[],
"uid":"1869774812",
"parent":"",
"text":"",
"mid":"yDNxUFCXE",
"date":"2012-09-27 12:47:11"
},
{
"kids":[],
"uid":"2298783011",
"parent":"yDMl6Bv1z",
"text":"",
"mid":"yDNr0b7wm",
"date":"2012-09-27 12:30:10"
},
{
"kids":[],
"uid":"2346414623",
"parent":"",
"text":"",
"mid":"yDMFx4H1j",
"date":"2012-09-27 10:33:13"
},
{
"kids":[],
"uid":"1411074970",
"parent":"yDMl6Bv1z",
"text":"",
"mid":"yDMuDkt7v",
"date":"2012-09-27 10:06:22"
},
{
"kids":[
"yDNr0b7wm",
"yDMuDkt7v"
],
"uid":"renden",
"parent":"yDMkHcTfu",
"text":"",
"mid":"yDMl6Bv1z",
"date":"2012-09-27 09:42:53"
},
{
"kids":[
"yDMl6Bv1z"
],
"uid":"2318064591",
"parent":"",
"text":"",
"mid":"yDMkHcTfu",
"date":"2012-09-27 09:41:54"
},
{
"kids":[],
"uid":"mcriman",
"parent":"yDI6BtmZg",
"text":"求辟谣",
"mid":"yDM8by689",
"date":"2012-09-27 09:11:02"
},
{
"kids":[],
"uid":"1994946511",
"parent":"yDLpMrXES",
"text":"",
"mid":"yDLqewqi5",
"date":"2012-09-27 07:22:46"
},
{
"kids":[
"yDLqewqi5"
],
"uid":"2057700210",
"parent":"yDI6nC7ae",
"text":"",
"mid":"yDLpMrXES",
"date":"2012-09-27 07:21:39"
},
{
"kids":[],
"uid":"2182376684",
"parent":"yDKVsf7cv",
"text":"真狗",
"mid":"yDLjZ9fiQ",
"date":"2012-09-27 07:07:23"
},
{
"kids":[
"yE332cTua",
"yE332cmd7",
"yDLjZ9fiQ"
],
"uid":"2604068030",
"parent":"yDIbeqEx6",
"text":"",
"mid":"yDKVsf7cv",
"date":"2012-09-27 06:06:57"
},
{
"kids":[],
"uid":"2208925840",
"parent":"",
"text":"",
"mid":"yDJPFs44w",
"date":"2012-09-27 03:19:56"
},
{
"kids":[],
"uid":"1865775971",
"parent":"yDIrA0SaL",
"text":"从不自愿给丫的捐款！",
"mid":"yDJKolyiw",
"date":"2012-09-27 03:06:57"
},
{
"kids":[
"yE51tmgsR"
],
"uid":"liruke",
"parent":"yDItd2Y7i",
"text":"[怒][怒][怒][怒]",
"mid":"yDJhTBuIV",
"date":"2012-09-27 01:56:45"
},
{
"kids":[],
"uid":"2822983615",
"parent":"yDIDQA489",
"text":"",
"mid":"yDJdo4OFH",
"date":"2012-09-27 01:45:38"
},
{
"kids":[],
"uid":"1579324617",
"parent":"yDItOz2Tl",
"text":"",
"mid":"yDIOtfLoe",
"date":"2012-09-27 00:44:16"
},
{
"kids":[],
"uid":"2789987410",
"parent":"yDItOz2Tl",
"text":"",
"mid":"yDIOtfLlx",
"date":"2012-09-27 00:44:12"
},
{
"kids":[],
"uid":"gxzhouke",
"parent":"yDItd2Y7i",
"text":"好车，要是我们团队也能配上十辆八辆，我们全喷粉红色，一出门，那场面，是相当地气派。@特囧兵老K @御熙熙 @背包走天下-玉林 @肖楠2003",
"mid":"yDIMz0P05",
"date":"2012-09-27 00:39:33"
},
{
"kids":[],
"uid":"2127262637",
"parent":"",
"text":"",
"mid":"yDIL9guIR",
"date":"2012-09-27 00:36:01"
},
{
"kids":[
"yDJdo4OFH"
],
"uid":"1672236904",
"parent":"yDIeW3WK9",
"text":"",
"mid":"yDIDQA489",
"date":"2012-09-27 00:18:04"
},
{
"kids":[],
"uid":"fatepx",
"parent":"yDIrREjP6",
"text":"观猿",
"mid":"yDIBg5NEN",
"date":"2012-09-27 00:11:38"
},
{
"kids":[],
"uid":"xiadaying",
"parent":"yDIrA0SaL",
"text":"这是为了打提前量[偷笑]",
"mid":"yDIxEnSZ9",
"date":"2012-09-27 00:02:49"
},
{
"kids":[],
"uid":"2344819232",
"parent":"yDItd2Y7i",
"text":"看看捐给红十字会的钱是这么花的",
"mid":"yDIxxDAHg",
"date":"2012-09-27 00:02:33"
},
{
"kids":[],
"uid":"2263209701",
"parent":"",
"text":"应该是Discovery款",
"mid":"yDIxfgS4q",
"date":"2012-09-27 00:01:49"
},
{
"kids":[],
"uid":"1910645757",
"parent":"yDIuezvLN",
"text":"民转军储备用车！",
"mid":"yDIweooDb",
"date":"2012-09-26 23:59:19"
},
{
"kids":[],
"uid":"1098388753",
"parent":"yDI6nC7ae",
"text":"还是那句话，谁捐谁傻B",
"mid":"yDIw66Pm1",
"date":"2012-09-26 23:59:00"
},
{
"kids":[],
"uid":"jennygxcn",
"parent":"",
"text":"管你受不受得了",
"mid":"yDIvZhbnN",
"date":"2012-09-26 23:58:43"
},
{
"kids":[],
"uid":"1918131165",
"parent":"yDItd2Y7i",
"text":"某男去肯德基，服务员在其店餐后问是否要捐一元给贫困小学？该男说好的。在付钱前，问：你们怎么把钱给他们？服务员敬业的说：我们将转给红十字会。该男马上收回手中的钱：我不捐了。这是真实发生的。",
"mid":"yDIvJ4U08",
"date":"2012-09-26 23:58:04"
},
{
"kids":[
"yDIweooDb"
],
"uid":"1999143433",
"parent":"yDItd2Y7i",
"text":"[鄙视][鄙视][鄙视]",
"mid":"yDIuezvLN",
"date":"2012-09-26 23:54:24"
},
{
"kids":[
"yDIOtfLoe",
"yDIOtfLlx"
],
"uid":"2290234664",
"parent":"",
"text":"",
"mid":"yDItOz2Tl",
"date":"2012-09-26 23:53:23"
},
{
"kids":[
"yDJhTBuIV",
"yDIMz0P05",
"yDIxxDAHg",
"yDIvJ4U08",
"yDIuezvLN"
],
"uid":"maple227",
"parent":"yDIrA0SaL",
"text":"好车呀好车呀好车呀！！！！",
"mid":"yDItd2Y7i",
"date":"2012-09-26 23:51:49"
},
{
"kids":[],
"uid":"1301737464",
"parent":"yDIrA0SaL",
"text":"谁再捐款给红十字会死全家！",
"mid":"yDIsA2dFe",
"date":"2012-09-26 23:50:15"
},
{
"kids":[],
"uid":"2781819177",
"parent":"yDIqOobCM",
"text":"拉风，也不要这样的高调撒",
"mid":"yDIscDaS0",
"date":"2012-09-26 23:49:23"
},
{
"kids":[
"yDIBg5NEN"
],
"uid":"1641960272",
"parent":"yDIqOobCM",
"text":"鄙视",
"mid":"yDIrREjP6",
"date":"2012-09-26 23:48:35"
},
{
"kids":[
"yE6UJFl0n",
"yDJKolyiw",
"yDIxEnSZ9",
"yDItd2Y7i",
"yDIsA2dFe"
],
"uid":"2011802095",
"parent":"yDIqOobCM",
"text":"可不能再给丫的捐款了！",
"mid":"yDIrA0SaL",
"date":"2012-09-26 23:47:48"
},
{
"kids":[
"yDIscDaS0",
"yDIrREjP6",
"yDIrA0SaL"
],
"uid":"lwnn999",
"parent":"",
"text":"真威风！[弱]",
"mid":"yDIqOobCM",
"date":"2012-09-26 23:45:58"
},
{
"kids":[],
"uid":"2724226204",
"parent":"",
"text":"[威武]",
"mid":"yDIpeBc75",
"date":"2012-09-26 23:42:05"
},
{
"kids":[],
"uid":"2610143493",
"parent":"",
"text":"",
"mid":"yDIkQ8yL4",
"date":"2012-09-26 23:31:15"
},
{
"kids":[],
"uid":"1976975113",
"parent":"yDI6nC7ae",
"text":"",
"mid":"yDIkdrJ7g",
"date":"2012-09-26 23:29:41"
},
{
"kids":[],
"uid":"jackyjisz",
"parent":"yDIeW3WK9",
"text":"WK, 红十字会，全部清一色的路虎啊，捐钱给他们干什么，SB啊，供他们吃喝玩乐而已",
"mid":"yDIhA2Alr",
"date":"2012-09-26 23:23:14"
},
{
"kids":[
"yDIDQA489",
"yDIhA2Alr"
],
"uid":"2661706373",
"parent":"yDI57BvQ0",
"text":"",
"mid":"yDIeW3WK9",
"date":"2012-09-26 23:16:38"
},
{
"kids":[
"yDKVsf7cv"
],
"uid":"pangyuchuanshuo",
"parent":"yDI6nC7ae",
"text":"",
"mid":"yDIbeqEx6",
"date":"2012-09-26 23:07:36"
},
{
"kids":[],
"uid":"valley0fwind",
"parent":"yDI6BtmZg",
"text":"[吃惊]",
"mid":"yDI7QjFou",
"date":"2012-09-26 22:59:13"
},
{
"kids":[],
"uid":"2873228713",
"parent":"yDI6nC7ae",
"text":"随时受不了",
"mid":"yDI7mw6CS",
"date":"2012-09-26 22:58:03"
},
{
"kids":[],
"uid":"711237811",
"parent":"",
"text":"",
"mid":"yDI7jffZd",
"date":"2012-09-26 22:57:55"
},
{
"kids":[
"yDM8by689",
"yDI7QjFou"
],
"uid":"1720265801",
"parent":"",
"text":"",
"mid":"yDI6BtmZg",
"date":"2012-09-26 22:56:11"
},
{
"kids":[
"yDLpMrXES",
"yDIw66Pm1",
"yDIkdrJ7g",
"yDIbeqEx6",
"yDI7mw6CS"
],
"uid":"339056868",
"parent":"",
"text":"随时受不了",
"mid":"yDI6nC7ae",
"date":"2012-09-26 22:55:37"
},
{
"kids":[
"yDRWkp4eA",
"yDIeW3WK9"
],
"uid":"2205769814",
"parent":"",
"text":"",
"mid":"yDI57BvQ0",
"date":"2012-09-26 22:52:32"
},
{
"kids":[],
"uid":"2018763207",
"parent":"",
"text":"",
"mid":"yDI4ie7Fr",
"date":"2012-09-26 22:50:25"
},
{
"kids":[],
"uid":"2085699473",
"parent":"ycuaV4Qxb",
"text":"",
"mid":"ycA2akriR",
"date":"2012-04-01 12:45:02"
},
{
"kids":[],
"uid":"2621338953",
"parent":"yctSpprtY",
"text":"",
"mid":"ycuIKwacY",
"date":"2012-03-31 23:13:27"
},
{
"kids":[],
"uid":"yangzhangzhao",
"parent":"ycunUCLvZ",
"text":"",
"mid":"ycuC8knPA",
"date":"2012-03-31 22:57:10"
},
{
"kids":[],
"uid":"2073153963",
"parent":"ycuqaFN7e",
"text":"",
"mid":"ycutf0qin",
"date":"2012-03-31 22:35:16"
},
{
"kids":[],
"uid":"1304335500",
"parent":"ycuj9nWKp",
"text":"",
"mid":"ycusjnyZE",
"date":"2012-03-31 22:33:01"
},
{
"kids":[
"ycutf0qin"
],
"uid":"junsonburberry",
"parent":"yctTI7ab0",
"text":"",
"mid":"ycuqaFN7e",
"date":"2012-03-31 22:27:45"
},
{
"kids":[
"ycuC8knPA"
],
"uid":"mountainliu6",
"parent":"ycugWCI9T",
"text":"[怒]",
"mid":"ycunUCLvZ",
"date":"2012-03-31 22:22:10"
},
{
"kids":[
"ycusjnyZE"
],
"uid":"1825309933",
"parent":"",
"text":"",
"mid":"ycuj9nWKp",
"date":"2012-03-31 22:10:26"
},
{
"kids":[
"ycunUCLvZ"
],
"uid":"2205769814",
"parent":"",
"text":"",
"mid":"ycugWCI9T",
"date":"2012-03-31 22:05:00"
},
{
"kids":[
"ycA2akriR"
],
"uid":"huiheng3h",
"parent":"",
"text":"霸气的路虎，虚弱的孩子们在哪？",
"mid":"ycuaV4Qxb",
"date":"2012-03-31 21:50:09"
},
{
"kids":[],
"uid":"o0o0118110o0o",
"parent":"",
"text":"",
"mid":"ycuausZxF",
"date":"2012-03-31 21:49:05"
},
{
"kids":[],
"uid":"luying2956999",
"parent":"",
"text":"[微风]",
"mid":"ycu9VCHAy",
"date":"2012-03-31 21:47:42"
},
{
"kids":[],
"uid":"1419918615",
"parent":"",
"text":"",
"mid":"ycu8sitE3",
"date":"2012-03-31 21:44:04"
},
{
"kids":[],
"uid":"2163895815",
"parent":"",
"text":"",
"mid":"ycu5BBQz4",
"date":"2012-03-31 21:37:05"
},
{
"kids":[],
"uid":"2179317933",
"parent":"yctTI7ab0",
"text":"",
"mid":"ycu2DfSgC",
"date":"2012-03-31 21:29:44"
},
{
"kids":[],
"uid":"1263470430",
"parent":"",
"text":"",
"mid":"yctZOiEqm",
"date":"2012-03-31 21:22:48"
},
{
"kids":[],
"uid":"2150854843",
"parent":"yctTI7ab0",
"text":"",
"mid":"yctYnDzZZ",
"date":"2012-03-31 21:19:16"
},
{
"kids":[],
"uid":"2347500405",
"parent":"",
"text":"",
"mid":"yctXxmGd2",
"date":"2012-03-31 21:17:11"
},
{
"kids":[],
"uid":"2501852723",
"parent":"yctTI7ab0",
"text":"",
"mid":"yctVSxLJH",
"date":"2012-03-31 21:13:06"
},
{
"kids":[],
"uid":"1916245917",
"parent":"yctSpprtY",
"text":"",
"mid":"yctUPv09v",
"date":"2012-03-31 21:10:31"
},
{
"kids":[
"ycuqaFN7e",
"ycu2DfSgC",
"yctYnDzZZ",
"yctVSxLJH"
],
"uid":"1935991981",
"parent":"",
"text":"",
"mid":"yctTI7ab0",
"date":"2012-03-31 21:07:44"
},
{
"kids":[
"ycuIKwacY",
"yctUPv09v"
],
"uid":"2653649045",
"parent":"",
"text":"",
"mid":"yctSpprtY",
"date":"2012-03-31 21:04:33"
},
{
"kids":[],
"uid":"1299353797",
"parent":"",
"text":"",
"mid":"ybZHze6D8",
"date":"2012-03-28 16:15:25"
},
{
"kids":[],
"uid":"wangruojian",
"parent":"",
"text":"",
"mid":"ybZ2SnbsW",
"date":"2012-03-28 14:35:11"
}
]