[
{
"kids":[],
"uid":"3148770834",
"parent":"",
"text":"推荐@迎迎美食博 的帖子《【新闻】吃货们！！请立即停止使用微波炉！！！！最新进展直播！》，大家也来看看吧～",
"mid":"zhUhriJ8S",
"date":"2013-02-06 12:13:27"
},
{
"kids":[],
"uid":"1719822424",
"parent":"",
"text":"推荐@迎迎美食博 的帖子《【新闻】吃货们！！请立即停止使用微波炉！！！！最新进展直播！》，大家也来看看吧～",
"mid":"zhsZOwlfP",
"date":"2013-02-03 14:45:50"
},
{
"kids":[],
"uid":"3172787495",
"parent":"",
"text":"这个一定要看 http:",
"mid":"zhsPG0yhE",
"date":"2013-02-03 14:20:53"
},
{
"kids":[],
"uid":"2875061830",
"parent":"z7Ai54WAM",
"text":"",
"mid":"zcEvMbOaj",
"date":"2013-01-02 22:53:16"
},
{
"kids":[],
"uid":"2168529833",
"parent":"z7IbPtSKf",
"text":"",
"mid":"za976z3xm",
"date":"2012-12-17 11:16:45"
},
{
"kids":[],
"uid":"1060747995",
"parent":"",
"text":"[吃惊][吃惊]",
"mid":"z9Gr7t0E1",
"date":"2012-12-14 10:16:25"
},
{
"kids":[],
"uid":"1589002677",
"parent":"z7AHZ4Wnk",
"text":"",
"mid":"z9uRo9nUB",
"date":"2012-12-13 04:48:10"
},
{
"kids":[],
"uid":"2919301380",
"parent":"z82d7dBOE",
"text":"",
"mid":"z9tmN3I5a",
"date":"2012-12-13 00:59:58"
},
{
"kids":[],
"uid":"2919454184",
"parent":"z82d7dBOE",
"text":"",
"mid":"z9rCFuTHc",
"date":"2012-12-12 20:33:37"
},
{
"kids":[],
"uid":"2920154862",
"parent":"z82d7dBOE",
"text":"",
"mid":"z9rCFukIk",
"date":"2012-12-12 20:33:37"
},
{
"kids":[],
"uid":"2920189652",
"parent":"",
"text":"",
"mid":"z9gIYpapp",
"date":"2012-12-11 16:48:59"
},
{
"kids":[],
"uid":"2919647564",
"parent":"",
"text":"",
"mid":"z9gIY6J09",
"date":"2012-12-11 16:48:57"
},
{
"kids":[],
"uid":"2789913360",
"parent":"z7BJgAiiA",
"text":"",
"mid":"z9cmXAmx1",
"date":"2012-12-11 05:43:46"
},
{
"kids":[],
"uid":"2920081612",
"parent":"z7BJgAiiA",
"text":"",
"mid":"z9cmXjjXn",
"date":"2012-12-11 05:43:45"
},
{
"kids":[],
"uid":"2790132912",
"parent":"z7AnI3456",
"text":"",
"mid":"z91VQ0FV7",
"date":"2012-12-10 03:09:28"
},
{
"kids":[],
"uid":"2803184710",
"parent":"z7AnI3456",
"text":"",
"mid":"z91VPFN9b",
"date":"2012-12-10 03:09:27"
},
{
"kids":[],
"uid":"2919909234",
"parent":"z7BJgAiiA",
"text":"",
"mid":"z912EuIBG",
"date":"2012-12-10 00:53:31"
},
{
"kids":[],
"uid":"2789897952",
"parent":"z7AzHuXpi",
"text":"",
"mid":"z912u8dpM",
"date":"2012-12-10 00:53:03"
},
{
"kids":[],
"uid":"2790084652",
"parent":"",
"text":"",
"mid":"z8TOOzxM9",
"date":"2012-12-09 06:30:11"
},
{
"kids":[],
"uid":"2920624290",
"parent":"",
"text":"",
"mid":"z8TOOha8r",
"date":"2012-12-09 06:30:11"
},
{
"kids":[],
"uid":"2789852204",
"parent":"z7HLrDg6o",
"text":"",
"mid":"z8RZs1nTA",
"date":"2012-12-09 01:50:53"
},
{
"kids":[],
"uid":"2919941892",
"parent":"z7HLrDg6o",
"text":"",
"mid":"z8RZrpKcR",
"date":"2012-12-09 01:50:53"
},
{
"kids":[],
"uid":"2168491277",
"parent":"z7AHZ4Wnk",
"text":"",
"mid":"z8PTxc304",
"date":"2012-12-08 20:30:48"
},
{
"kids":[],
"uid":"1584061095",
"parent":"z7AHZ4Wnk",
"text":"",
"mid":"z8PTxc2XB",
"date":"2012-12-08 20:30:51"
},
{
"kids":[],
"uid":"2920575674",
"parent":"z7IbPtSKf",
"text":"",
"mid":"z8NkmCg12",
"date":"2012-12-08 13:58:40"
},
{
"kids":[],
"uid":"2803552594",
"parent":"",
"text":"",
"mid":"z8JDctmVJ",
"date":"2012-12-08 04:34:07"
},
{
"kids":[],
"uid":"1560982542",
"parent":"",
"text":"",
"mid":"z8JDctmUR",
"date":"2012-12-08 04:34:06"
},
{
"kids":[],
"uid":"2920019860",
"parent":"",
"text":"",
"mid":"z8IZkpN90",
"date":"2012-12-08 02:55:53"
},
{
"kids":[],
"uid":"1583741313",
"parent":"z7IbPtSKf",
"text":"",
"mid":"z8FHYm3m0",
"date":"2012-12-07 18:34:51"
},
{
"kids":[],
"uid":"2803405284",
"parent":"",
"text":"",
"mid":"z8EGnjko8",
"date":"2012-12-07 15:58:10"
},
{
"kids":[],
"uid":"2811314630",
"parent":"z7AHZ4Wnk",
"text":"",
"mid":"z8EyUxsg5",
"date":"2012-12-07 15:39:50"
},
{
"kids":[],
"uid":"1778203590",
"parent":"z7Asx5dB3",
"text":"",
"mid":"z8Beg1JwC",
"date":"2012-12-07 07:10:41"
},
{
"kids":[],
"uid":"2789837244",
"parent":"z7Asx5dB3",
"text":"",
"mid":"z8Befq5PX",
"date":"2012-12-07 07:10:40"
},
{
"kids":[],
"uid":"1588988404",
"parent":"",
"text":"",
"mid":"z8B8K9k7s",
"date":"2012-12-07 06:57:06"
},
{
"kids":[],
"uid":"2919357144",
"parent":"z7Afnu9dF",
"text":"",
"mid":"z8yZD4uO9",
"date":"2012-12-07 01:29:09"
},
{
"kids":[],
"uid":"2919284322",
"parent":"z82d7dBOE",
"text":"",
"mid":"z8yC3xbtB",
"date":"2012-12-07 00:31:03"
},
{
"kids":[],
"uid":"2943698820",
"parent":"",
"text":"",
"mid":"z8x9qaUsI",
"date":"2012-12-06 20:47:48"
},
{
"kids":[],
"uid":"2810355904",
"parent":"",
"text":"",
"mid":"z8vFc7iuB",
"date":"2012-12-06 17:00:31"
},
{
"kids":[],
"uid":"2789981962",
"parent":"",
"text":"",
"mid":"z8vFbuwrq",
"date":"2012-12-06 17:00:34"
},
{
"kids":[],
"uid":"1865887112",
"parent":"z7CrsDk90",
"text":"哪个是真？哪个是假？不用微波炉了，用烤箱行不行？那烤箱又是什么原理？谁来告诉我！谁来告诉我呀！",
"mid":"z8vvkahio",
"date":"2012-12-06 16:36:15"
},
{
"kids":[],
"uid":"2809741770",
"parent":"z7Aj83kpf",
"text":"",
"mid":"z8uhqqZlv",
"date":"2012-12-06 13:29:14"
},
{
"kids":[],
"uid":"2789913144",
"parent":"z7AktnfRt",
"text":"",
"mid":"z8ufc8YUm",
"date":"2012-12-06 13:23:46"
},
{
"kids":[],
"uid":"2804418072",
"parent":"z7Asx5dB3",
"text":"",
"mid":"z8sgOv5xM",
"date":"2012-12-06 08:22:15"
},
{
"kids":[],
"uid":"2790107472",
"parent":"",
"text":"",
"mid":"z8rpD6S3b",
"date":"2012-12-06 06:11:14"
},
{
"kids":[],
"uid":"1994860335",
"parent":"z8nu1jt5W",
"text":"",
"mid":"z8qZiwDdL",
"date":"2012-12-06 05:06:21"
},
{
"kids":[],
"uid":"2802832240",
"parent":"z7AkBEfd8",
"text":"",
"mid":"z8qPBaZZB",
"date":"2012-12-06 04:42:28"
},
{
"kids":[],
"uid":"2789919722",
"parent":"z7SvgudEc",
"text":"",
"mid":"z8q0ya28o",
"date":"2012-12-06 02:36:41"
},
{
"kids":[],
"uid":"1750440912",
"parent":"z7Aj83kpf",
"text":"无系怕 都无敢带饭去办公室了咯 简恐怖",
"mid":"z8oyBEufU",
"date":"2012-12-05 22:55:07"
},
{
"kids":[],
"uid":"2804190302",
"parent":"z7Aj83kpf",
"text":"",
"mid":"z8nyao8FH",
"date":"2012-12-05 20:21:14"
},
{
"kids":[],
"uid":"2809903280",
"parent":"z7AktnfRt",
"text":"",
"mid":"z8nu1kdAw",
"date":"2012-12-05 20:11:02"
},
{
"kids":[
"z8qZiwDdL"
],
"uid":"2808120714",
"parent":"z7AktnfRt",
"text":"",
"mid":"z8nu1jt5W",
"date":"2012-12-05 20:11:01"
},
{
"kids":[],
"uid":"2803492284",
"parent":"z7AzHuXpi",
"text":"",
"mid":"z8mSnx2jI",
"date":"2012-12-05 18:38:20"
},
{
"kids":[],
"uid":"2919783830",
"parent":"z7Afnu9dF",
"text":"",
"mid":"z8mibya7Z",
"date":"2012-12-05 17:09:08"
},
{
"kids":[],
"uid":"1461107954",
"parent":"z7Afnu9dF",
"text":"",
"mid":"z8mibwTbM",
"date":"2012-12-05 17:09:10"
},
{
"kids":[],
"uid":"2803951782",
"parent":"z82d7dBOE",
"text":"",
"mid":"z8lBdok6o",
"date":"2012-12-05 15:23:18"
},
{
"kids":[],
"uid":"2920347930",
"parent":"z82d7dBOE",
"text":"",
"mid":"z8lBd6IWE",
"date":"2012-12-05 15:23:15"
},
{
"kids":[],
"uid":"2790083340",
"parent":"z7AnI3456",
"text":"",
"mid":"z8kSZemsC",
"date":"2012-12-05 13:34:19"
},
{
"kids":[],
"uid":"3074370485",
"parent":"",
"text":"天啊，要是真的就太可怕了。",
"mid":"z8jW0w1ND",
"date":"2012-12-05 11:09:01"
},
{
"kids":[],
"uid":"2790039580",
"parent":"z7CtJkzju",
"text":"",
"mid":"z8iq5yiUQ",
"date":"2012-12-05 07:17:39"
},
{
"kids":[],
"uid":"2920239672",
"parent":"z7AkpwGxR",
"text":"",
"mid":"z8hVOABZ5",
"date":"2012-12-05 06:03:03"
},
{
"kids":[],
"uid":"2805536512",
"parent":"z7AkpwGxR",
"text":"",
"mid":"z8hVOyS0C",
"date":"2012-12-05 06:03:04"
},
{
"kids":[],
"uid":"2808861554",
"parent":"z7BJgAiiA",
"text":"",
"mid":"z8hH3s9dK",
"date":"2012-12-05 05:26:41"
},
{
"kids":[],
"uid":"1582737121",
"parent":"z7BJgAiiA",
"text":"",
"mid":"z8hH39WTO",
"date":"2012-12-05 05:26:41"
},
{
"kids":[],
"uid":"2919743320",
"parent":"",
"text":"",
"mid":"z8gWsqVKz",
"date":"2012-12-05 03:31:54"
},
{
"kids":[],
"uid":"2810069204",
"parent":"",
"text":"",
"mid":"z8gWs9kBH",
"date":"2012-12-05 03:31:53"
},
{
"kids":[],
"uid":"2920150184",
"parent":"z7AkBEfd8",
"text":"",
"mid":"z8fXtBMjO",
"date":"2012-12-05 01:01:40"
},
{
"kids":[],
"uid":"2920574642",
"parent":"z7AkBEfd8",
"text":"",
"mid":"z8fXtzUEz",
"date":"2012-12-05 01:01:40"
},
{
"kids":[],
"uid":"2808700760",
"parent":"z7AsLd1NU",
"text":"",
"mid":"z8fSccG3n",
"date":"2012-12-05 00:48:39"
},
{
"kids":[],
"uid":"1583689565",
"parent":"z7AsLd1NU",
"text":"",
"mid":"z8fScbWg8",
"date":"2012-12-05 00:48:40"
},
{
"kids":[],
"uid":"2654210733",
"parent":"",
"text":"@北京lomo",
"mid":"z8d1mzcSt",
"date":"2012-12-04 17:32:57"
},
{
"kids":[],
"uid":"2810653840",
"parent":"z7BJgAiiA",
"text":"",
"mid":"z8cTFBTfQ",
"date":"2012-12-04 17:14:03"
},
{
"kids":[],
"uid":"2920289020",
"parent":"z7BJgAiiA",
"text":"",
"mid":"z8cTFBTdC",
"date":"2012-12-04 17:14:00"
},
{
"kids":[],
"uid":"1776578850",
"parent":"z82d7dBOE",
"text":"",
"mid":"z8cLEkBVs",
"date":"2012-12-04 16:54:17"
},
{
"kids":[],
"uid":"2789935284",
"parent":"z82d7dBOE",
"text":"",
"mid":"z8cLE1RCf",
"date":"2012-12-04 16:54:15"
},
{
"kids":[],
"uid":"2920238150",
"parent":"z7ADnBbpO",
"text":"",
"mid":"z8chaly9v",
"date":"2012-12-04 15:39:10"
},
{
"kids":[],
"uid":"2805577134",
"parent":"z7AsLd1NU",
"text":"",
"mid":"z8cgrqs5J",
"date":"2012-12-04 15:37:24"
},
{
"kids":[],
"uid":"1581658890",
"parent":"z7AsLd1NU",
"text":"",
"mid":"z8cgr8QVH",
"date":"2012-12-04 15:37:22"
},
{
"kids":[],
"uid":"2789876302",
"parent":"z7AlIuIUV",
"text":"",
"mid":"z8cemBECg",
"date":"2012-12-04 15:32:15"
},
{
"kids":[],
"uid":"2919676950",
"parent":"z7Amob3F9",
"text":"",
"mid":"z8bYo7PKx",
"date":"2012-12-04 14:52:55"
},
{
"kids":[],
"uid":"2919491840",
"parent":"z7AkBEfd8",
"text":"",
"mid":"z8aUZmLiw",
"date":"2012-12-04 12:11:46"
},
{
"kids":[],
"uid":"2809326620",
"parent":"z7AkBEfd8",
"text":"",
"mid":"z8aUZ5a8L",
"date":"2012-12-04 12:11:46"
},
{
"kids":[],
"uid":"1778253552",
"parent":"z7Ig04gzC",
"text":"",
"mid":"z89viCf3C",
"date":"2012-12-04 08:35:45"
},
{
"kids":[],
"uid":"2789779674",
"parent":"z7Ig04gzC",
"text":"",
"mid":"z89vikDSZ",
"date":"2012-12-04 08:35:44"
},
{
"kids":[],
"uid":"1439595112",
"parent":"z7AnI3456",
"text":"",
"mid":"z89gmgbCL",
"date":"2012-12-04 07:58:56"
},
{
"kids":[],
"uid":"2805432392",
"parent":"z7AnI3456",
"text":"",
"mid":"z89glExVD",
"date":"2012-12-04 07:58:55"
},
{
"kids":[],
"uid":"2920062170",
"parent":"z7AzHuXpi",
"text":"",
"mid":"z88phEcnT",
"date":"2012-12-04 05:48:12"
},
{
"kids":[],
"uid":"2920338482",
"parent":"z7AzHuXpi",
"text":"",
"mid":"z88phClpa",
"date":"2012-12-04 05:48:12"
},
{
"kids":[],
"uid":"1583932065",
"parent":"z7CtJkzju",
"text":"",
"mid":"z86if5ZQT",
"date":"2012-12-04 00:25:18"
},
{
"kids":[],
"uid":"2920393832",
"parent":"z7CtJkzju",
"text":"",
"mid":"z86if5ZPb",
"date":"2012-12-04 00:25:18"
},
{
"kids":[],
"uid":"2607895900",
"parent":"",
"text":"",
"mid":"z85Bympud",
"date":"2012-12-03 22:40:10"
},
{
"kids":[
"z9tmN3I5a",
"z9rCFuTHc",
"z9rCFukIk",
"z8yC3xbtB",
"z8lBdok6o",
"z8lBd6IWE",
"z8cLEkBVs",
"z8cLE1RCf"
],
"uid":"2681740283",
"parent":"",
"text":"哪个医院用微波炉加热血液再给人体输入的？比死人才怪，你拿什么炉子温血再给人输入也得死。要是实验一下子就能验出，吃过微波炉食物，跟没吃过微波炉食物的人，体内有这么明显变化，那吃一星期微波炉做的东西，全世界都得挂了！这文章漏洞百出，大家好好... http:",
"mid":"z82d7dBOE",
"date":"2012-12-03 14:01:43"
},
{
"kids":[],
"uid":"2216191732",
"parent":"",
"text":"心情沉重[有鸭梨]",
"mid":"z828rCv8t",
"date":"2012-12-03 13:50:13"
},
{
"kids":[],
"uid":"2802883994",
"parent":"z7Ig04gzC",
"text":"",
"mid":"z825qA7AD",
"date":"2012-12-03 13:42:49"
},
{
"kids":[],
"uid":"1727762492",
"parent":"z7Ig04gzC",
"text":"",
"mid":"z825qyAdO",
"date":"2012-12-03 13:42:46"
},
{
"kids":[],
"uid":"2802972830",
"parent":"z7AkBEfd8",
"text":"",
"mid":"z810HprLv",
"date":"2012-12-03 10:58:22"
},
{
"kids":[],
"uid":"2167414380",
"parent":"",
"text":"不实信息…",
"mid":"z80rX0fD3",
"date":"2012-12-03 09:32:47"
},
{
"kids":[],
"uid":"3097020707",
"parent":"",
"text":"",
"mid":"z80qdpyYX",
"date":"2012-12-03 09:28:30"
},
{
"kids":[],
"uid":"2920303344",
"parent":"z7Amob3F9",
"text":"",
"mid":"z80lpwLnP",
"date":"2012-12-03 09:16:40"
},
{
"kids":[],
"uid":"2919975022",
"parent":"z7Amob3F9",
"text":"",
"mid":"z80lpfa8d",
"date":"2012-12-03 09:16:38"
},
{
"kids":[],
"uid":"falazhu",
"parent":"",
"text":"被微博证明为不实消息",
"mid":"z80fMhpFz",
"date":"2012-12-03 09:02:48"
},
{
"kids":[],
"uid":"2804005632",
"parent":"",
"text":"",
"mid":"z7YXkFqjW",
"date":"2012-12-03 05:44:36"
},
{
"kids":[],
"uid":"2789917790",
"parent":"",
"text":"",
"mid":"z7YXkFqjh",
"date":"2012-12-03 05:44:36"
},
{
"kids":[],
"uid":"2920575500",
"parent":"z7CrlB50u",
"text":"",
"mid":"z7YTK9VTe",
"date":"2012-12-03 05:35:45"
},
{
"kids":[],
"uid":"1776789587",
"parent":"z7CrlB50u",
"text":"",
"mid":"z7YTJyicI",
"date":"2012-12-03 05:35:45"
},
{
"kids":[],
"uid":"1581675010",
"parent":"",
"text":"",
"mid":"z7YKswVpf",
"date":"2012-12-03 05:12:53"
},
{
"kids":[],
"uid":"2919869452",
"parent":"z7HLrDg6o",
"text":"",
"mid":"z7YuWqiH5",
"date":"2012-12-03 04:34:40"
},
{
"kids":[],
"uid":"2920198542",
"parent":"z7HLrDg6o",
"text":"",
"mid":"z7YuWpjWI",
"date":"2012-12-03 04:34:40"
},
{
"kids":[],
"uid":"2919850622",
"parent":"z7Ak6itwA",
"text":"",
"mid":"z7YgdljzC",
"date":"2012-12-03 03:58:23"
},
{
"kids":[],
"uid":"2803103900",
"parent":"z7Ak6itwA",
"text":"",
"mid":"z7Ygd3Iqo",
"date":"2012-12-03 03:58:22"
},
{
"kids":[],
"uid":"1356250442",
"parent":"z7F827gEV",
"text":"",
"mid":"z7XCPop0N",
"date":"2012-12-03 02:21:21"
},
{
"kids":[],
"uid":"2803340152",
"parent":"z7F827gEV",
"text":"",
"mid":"z7XCPooZT",
"date":"2012-12-03 02:21:21"
},
{
"kids":[],
"uid":"2803517872",
"parent":"z7TTB1TGK",
"text":"",
"mid":"z7X99Fpcw",
"date":"2012-12-03 01:08:15"
},
{
"kids":[],
"uid":"1583992732",
"parent":"z7AATC3sZ",
"text":"",
"mid":"z7WUovOve",
"date":"2012-12-03 00:31:52"
},
{
"kids":[],
"uid":"2919905082",
"parent":"z7AATC3sZ",
"text":"",
"mid":"z7WUoedkK",
"date":"2012-12-03 00:31:50"
},
{
"kids":[],
"uid":"1440463875",
"parent":"z7ADnBbpO",
"text":"",
"mid":"z7WP9uVAC",
"date":"2012-12-03 00:18:59"
},
{
"kids":[],
"uid":"2920324752",
"parent":"z7ADnBbpO",
"text":"",
"mid":"z7WP9dkkw",
"date":"2012-12-03 00:18:54"
},
{
"kids":[],
"uid":"1680929493",
"parent":"",
"text":"",
"mid":"z7W0rdlfE",
"date":"2012-12-02 22:14:00"
},
{
"kids":[
"z7X99Fpcw"
],
"uid":"3101556117",
"parent":"",
"text":"",
"mid":"z7TTB1TGK",
"date":"2012-12-02 16:51:38"
},
{
"kids":[],
"uid":"2810263264",
"parent":"",
"text":"",
"mid":"z7SGDw7ET",
"date":"2012-12-02 13:46:58"
},
{
"kids":[],
"uid":"2809604194",
"parent":"",
"text":"",
"mid":"z7SGDewvi",
"date":"2012-12-02 13:46:58"
},
{
"kids":[
"z8q0ya28o"
],
"uid":"3169270653",
"parent":"",
"text":"[汗]@美食微吧:微波炉加热食物真的那么可怕吗？[思考]",
"mid":"z7SvgudEc",
"date":"2012-12-02 13:18:59"
},
{
"kids":[],
"uid":"1828567722",
"parent":"",
"text":"",
"mid":"z7SqyxSax",
"date":"2012-12-02 13:07:21"
},
{
"kids":[],
"uid":"1795768801",
"parent":"z7AhZ7dkj",
"text":"",
"mid":"z7RvRnwIp",
"date":"2012-12-02 10:47:42"
},
{
"kids":[],
"uid":"2920137592",
"parent":"z7AHZ4Wnk",
"text":"",
"mid":"z7QuBhLEA",
"date":"2012-12-02 08:11:50"
},
{
"kids":[],
"uid":"2920065774",
"parent":"z7AHZ4Wnk",
"text":"",
"mid":"z7QuBhLDO",
"date":"2012-12-02 08:11:51"
},
{
"kids":[],
"uid":"2802852140",
"parent":"z7F827gEV",
"text":"",
"mid":"z7Qs7lnr6",
"date":"2012-12-02 08:05:43"
},
{
"kids":[],
"uid":"2789841494",
"parent":"z7Alactj8",
"text":"",
"mid":"z7PYNaoq4",
"date":"2012-12-02 06:53:28"
},
{
"kids":[],
"uid":"2920533934",
"parent":"",
"text":"",
"mid":"z7PV8wtVM",
"date":"2012-12-02 06:44:29"
},
{
"kids":[],
"uid":"2920318900",
"parent":"",
"text":"",
"mid":"z7PV8wtUU",
"date":"2012-12-02 06:44:28"
},
{
"kids":[],
"uid":"2803774960",
"parent":"",
"text":"",
"mid":"z7PHdpC2p",
"date":"2012-12-02 06:10:10"
},
{
"kids":[],
"uid":"2804801900",
"parent":"",
"text":"",
"mid":"z7P5au6aJ",
"date":"2012-12-02 04:36:27"
},
{
"kids":[],
"uid":"2803096210",
"parent":"z7IbPtSKf",
"text":"",
"mid":"z7OeDzIVI",
"date":"2012-12-02 02:27:02"
},
{
"kids":[],
"uid":"3101076431",
"parent":"",
"text":"[吃惊]太可怕了。",
"mid":"z7N3R9Onv",
"date":"2012-12-01 23:27:39"
},
{
"kids":[],
"uid":"2810677294",
"parent":"z7Alactj8",
"text":"",
"mid":"z7N1Xdrb5",
"date":"2012-12-01 23:23:03"
},
{
"kids":[],
"uid":"2804906372",
"parent":"z7Alactj8",
"text":"",
"mid":"z7N1WCmPO",
"date":"2012-12-01 23:22:58"
},
{
"kids":[],
"uid":"windydon",
"parent":"",
"text":"顶",
"mid":"z7MUA81W9",
"date":"2012-12-01 23:04:53"
},
{
"kids":[],
"uid":"3169736833",
"parent":"",
"text":"",
"mid":"z7MyKceiO",
"date":"2012-12-01 22:11:04"
},
{
"kids":[],
"uid":"2213097661",
"parent":"",
"text":"微波炉有那么可怕吗?不觉得",
"mid":"z7Ma2Cotj",
"date":"2012-12-01 21:10:11"
},
{
"kids":[],
"uid":"howisgoing",
"parent":"",
"text":"不错，我们应该回到远古时代，钻木取火煮饭，保证健康安全！",
"mid":"z7M0WeLa2",
"date":"2012-12-01 20:47:48"
},
{
"kids":[],
"uid":"2263526164",
"parent":"",
"text":"推荐@迎迎美食博 的帖子《【新闻】吃货们！！请立即停止使用微波炉！！！！最新进展直播！》，大家也来看看吧～",
"mid":"z7LQHfs2l",
"date":"2012-12-01 20:22:33"
},
{
"kids":[],
"uid":"3067691071",
"parent":"",
"text":"哇塞！不看不知道，一看吓一跳。微波炉加热食物这么可怕呀！每天上班吃饭都是微波炉加热的撒。",
"mid":"z7LLxwa3q",
"date":"2012-12-01 20:09:51"
},
{
"kids":[],
"uid":"2015491101",
"parent":"",
"text":"",
"mid":"z7LFoiRVs",
"date":"2012-12-01 19:54:42"
},
{
"kids":[],
"uid":"2697097017",
"parent":"",
"text":"危害太大了大家一定要引起重视哟！",
"mid":"z7Lmlvmxe",
"date":"2012-12-01 19:07:45"
},
{
"kids":[],
"uid":"542278168",
"parent":"",
"text":"看着好可怕~~",
"mid":"z7LfcgmZM",
"date":"2012-12-01 18:50:08"
},
{
"kids":[],
"uid":"2805455290",
"parent":"z7ArzEQMZ",
"text":"",
"mid":"z7L3KvIdy",
"date":"2012-12-01 18:21:56"
},
{
"kids":[],
"uid":"Xiaoxuedimiandaigou",
"parent":"",
"text":"不管怎样能少用就少用些吧",
"mid":"z7KqDq8gW",
"date":"2012-12-01 16:45:34"
},
{
"kids":[],
"uid":"3063363137",
"parent":"z7AijusRs",
"text":"科学发达太恐怖，食品安全危机啊",
"mid":"z7K2ijjFf",
"date":"2012-12-01 15:45:38"
},
{
"kids":[],
"uid":"2717223633",
"parent":"z7DoZ4nRu",
"text":"@咪哆鱼鱼 你们营养界有这么一说吗？",
"mid":"z7JD4Ajma",
"date":"2012-12-01 14:43:30"
},
{
"kids":[],
"uid":"megalucifer",
"parent":"z7IY28asz",
"text":"微波应该是保持食物成份较好的烹饪方式。。。比起炸，烤好多了。。又不是用紫外线或者伽马射线烤。。。科普啊科普",
"mid":"z7Jfd4ycw",
"date":"2012-12-01 13:44:42"
},
{
"kids":[],
"uid":"gogovs",
"parent":"z7Fx2yjXN",
"text":"我感觉还是后面果壳网的分析比较靠谱，详细可以看microwave oven的wikipedia，分析的更加合理，感觉这种事情还是应该按照科学的合理性判断，不能道听途说。 而且德国人也用microwave,办公室的餐厅也有microwave。",
"mid":"z7J4D4wBh",
"date":"2012-12-01 13:18:37"
},
{
"kids":[
"z7Jfd4ycw"
],
"uid":"1993879611",
"parent":"z7Ig04gzC",
"text":"",
"mid":"z7IY28asz",
"date":"2012-12-01 13:02:23"
},
{
"kids":[],
"uid":"1737915475",
"parent":"",
"text":"看完这篇文章，还敢用微波炉吗？建议还是慎用吧！[思考]",
"mid":"z7IJ85zt0",
"date":"2012-12-01 12:25:40"
},
{
"kids":[],
"uid":"2935851542",
"parent":"",
"text":"",
"mid":"z7IIlnJcC",
"date":"2012-12-01 12:23:44"
},
{
"kids":[],
"uid":"1584044927",
"parent":"z7G53dflq",
"text":"",
"mid":"z7IG74ccG",
"date":"2012-12-01 12:18:14"
},
{
"kids":[],
"uid":"2789638290",
"parent":"z7G53dflq",
"text":"",
"mid":"z7IG74caL",
"date":"2012-12-01 12:18:13"
},
{
"kids":[],
"uid":"1642904585",
"parent":"",
"text":"我妈妈家每天中午用微波炉热剩饭，热剩菜。晚上再做新的饭菜，用了5-6年了，今年10月我妈妈做脑CT有严重的脑萎缩，我看还是别用了[江南style]",
"mid":"z7InQ8560",
"date":"2012-12-01 11:33:12"
},
{
"kids":[
"z89viCf3C",
"z89vikDSZ",
"z825qA7AD",
"z825qyAdO",
"z7IY28asz"
],
"uid":"2396369680",
"parent":"",
"text":"大人，买个加热锅，把微波炉当装饰吧",
"mid":"z7Ig04gzC",
"date":"2012-12-01 11:13:54"
},
{
"kids":[
"za976z3xm",
"z8NkmCg12",
"z8FHYm3m0",
"z7OeDzIVI"
],
"uid":"2842588727",
"parent":"",
"text":"是真的吗？",
"mid":"z7IbPtSKf",
"date":"2012-12-01 11:03:38"
},
{
"kids":[],
"uid":"2775824585",
"parent":"",
"text":"",
"mid":"z7HLOpJcB",
"date":"2012-12-01 09:59:31"
},
{
"kids":[
"z8RZs1nTA",
"z8RZrpKcR",
"z7YuWqiH5",
"z7YuWpjWI"
],
"uid":"3165970211",
"parent":"",
"text":"",
"mid":"z7HLrDg6o",
"date":"2012-12-01 09:58:37"
},
{
"kids":[],
"uid":"1460857992",
"parent":"z7CZ3kivp",
"text":"[吃惊]",
"mid":"z7HDfa2PA",
"date":"2012-12-01 09:38:24"
},
{
"kids":[],
"uid":"2804938464",
"parent":"",
"text":"",
"mid":"z7HBW9Wl4",
"date":"2012-12-01 09:35:12"
},
{
"kids":[],
"uid":"1584025983",
"parent":"",
"text":"",
"mid":"z7HBVxqXH",
"date":"2012-12-01 09:35:11"
},
{
"kids":[],
"uid":"3088079771",
"parent":"",
"text":"",
"mid":"z7HydCWAX",
"date":"2012-12-01 09:26:02"
},
{
"kids":[],
"uid":"1970534431",
"parent":"",
"text":"",
"mid":"z7Hvyegp9",
"date":"2012-12-01 09:19:28"
},
{
"kids":[],
"uid":"1923121050",
"parent":"",
"text":"@Tenky木 @要学会自娱自乐",
"mid":"z7HpkgbwO",
"date":"2012-12-01 09:04:08"
},
{
"kids":[],
"uid":"yurh",
"parent":"z7AIrnAoB",
"text":"这么吓人？！",
"mid":"z7HdkvyBr",
"date":"2012-12-01 08:34:35"
},
{
"kids":[],
"uid":"2736673741",
"parent":"",
"text":"真的很可怕啊！幸亏我至今没有买微波炉！",
"mid":"z7HbEdXYz",
"date":"2012-12-01 08:30:26"
},
{
"kids":[],
"uid":"1862721955",
"parent":"",
"text":"",
"mid":"z7HbBwkqt",
"date":"2012-12-01 08:30:20"
},
{
"kids":[],
"uid":"526756778",
"parent":"",
"text":"",
"mid":"z7H9f1TFt",
"date":"2012-12-01 08:24:30"
},
{
"kids":[],
"uid":"2707059705",
"parent":"",
"text":"",
"mid":"z7GM8qUa7",
"date":"2012-12-01 07:27:35"
},
{
"kids":[],
"uid":"1583191080",
"parent":"z7AHZ4Wnk",
"text":"",
"mid":"z7GtyBmZr",
"date":"2012-12-01 06:41:49"
},
{
"kids":[],
"uid":"2919569314",
"parent":"z7AiTxATP",
"text":"",
"mid":"z7GmlfvDK",
"date":"2012-12-01 06:24:02"
},
{
"kids":[],
"uid":"2120031485",
"parent":"",
"text":"@_小雲orz 亲，你仲带饭上班食啊？",
"mid":"z7Gc6fB3V",
"date":"2012-12-01 05:58:48"
},
{
"kids":[],
"uid":"2805482710",
"parent":"z7ANicrde",
"text":"",
"mid":"z7G5BsoCK",
"date":"2012-12-01 05:42:47"
},
{
"kids":[
"z7IG74ccG",
"z7IG74caL"
],
"uid":"yanzidetiankong1204",
"parent":"",
"text":"",
"mid":"z7G53dflq",
"date":"2012-12-01 05:41:26"
},
{
"kids":[],
"uid":"2803212040",
"parent":"z7ATgqJfB",
"text":"",
"mid":"z7FGOkcpV",
"date":"2012-12-01 04:41:42"
},
{
"kids":[],
"uid":"2809585544",
"parent":"z7ATgqJfB",
"text":"",
"mid":"z7FGOjAMM",
"date":"2012-12-01 04:41:43"
},
{
"kids":[],
"uid":"2789690212",
"parent":"",
"text":"",
"mid":"z7FDor1oj",
"date":"2012-12-01 04:33:17"
},
{
"kids":[],
"uid":"2790036380",
"parent":"",
"text":"",
"mid":"z7FDoa0Xe",
"date":"2012-12-01 04:33:17"
},
{
"kids":[
"z7J4D4wBh"
],
"uid":"tabithatao",
"parent":"",
"text":"再次转发此文，我热饭改用steam了，亚马逊上有可以steam的锅有同事买了放办公室里@Huang_Janet @韩bAoBa0晗 @兔子乖乖27",
"mid":"z7Fx2yjXN",
"date":"2012-12-01 04:17:39"
},
{
"kids":[
"z7XCPop0N",
"z7XCPooZT",
"z7Qs7lnr6"
],
"uid":"2139992390",
"parent":"z7BM3rjF5",
"text":"@爱丽丝陈",
"mid":"z7F827gEV",
"date":"2012-12-01 03:16:02"
},
{
"kids":[],
"uid":"2920251100",
"parent":"z7AoQn7WD",
"text":"",
"mid":"z7F2zctqp",
"date":"2012-12-01 03:02:33"
},
{
"kids":[],
"uid":"2802922072",
"parent":"z7AoQn7WD",
"text":"",
"mid":"z7F2yAPJN",
"date":"2012-12-01 03:02:33"
},
{
"kids":[],
"uid":"2703138073",
"parent":"",
"text":"看了有点恐怖，虽然有很多质疑，但总归少用较好，毕竟很多东西欲速则不达，短时间加热我想必然会破坏什么，目前没用微波以后少用就好",
"mid":"z7EqlD0tO",
"date":"2012-12-01 01:28:25"
},
{
"kids":[],
"uid":"2919624600",
"parent":"z7DejdqBG",
"text":"",
"mid":"z7Emm0Gly",
"date":"2012-12-01 01:18:34"
},
{
"kids":[],
"uid":"2804062350",
"parent":"z7Asx5dB3",
"text":"",
"mid":"z7E5Pf6UP",
"date":"2012-12-01 00:37:48"
},
{
"kids":[],
"uid":"2920215150",
"parent":"z7Asx5dB3",
"text":"",
"mid":"z7E5ODtdz",
"date":"2012-12-01 00:37:50"
},
{
"kids":[],
"uid":"yeemoon",
"parent":"z7DW20rWq",
"text":"确实很多德国人反对，我们家还是在我的坚持下买的，就用来解冻和热牛奶了",
"mid":"z7DZoCEDN",
"date":"2012-12-01 00:22:01"
},
{
"kids":[
"z7DZoCEDN"
],
"uid":"2030173711",
"parent":"z7D0y7Lol",
"text":"",
"mid":"z7DW20rWq",
"date":"2012-12-01 00:13:43"
},
{
"kids":[],
"uid":"2606979075",
"parent":"",
"text":"都注意吧，不知是真的不",
"mid":"z7DUj2Uaa",
"date":"2012-12-01 00:09:28"
},
{
"kids":[],
"uid":"1628167703",
"parent":"",
"text":"宝贝们为了自己的健康不要使用微波炉了",
"mid":"z7DU7vbg7",
"date":"2012-12-01 00:09:01"
},
{
"kids":[],
"uid":"1652914934",
"parent":"",
"text":"",
"mid":"z7DG3vuWa",
"date":"2012-11-30 23:34:22"
},
{
"kids":[],
"uid":"2380989741",
"parent":"",
"text":"以前有人置疑过，说无害。只是个加热器而已。",
"mid":"z7DBwcOwt",
"date":"2012-11-30 23:23:11"
},
{
"kids":[],
"uid":"pangshih",
"parent":"",
"text":"",
"mid":"z7DAX2T9m",
"date":"2012-11-30 23:21:47"
},
{
"kids":[],
"uid":"1987teayj",
"parent":"z7CBvhCxf",
"text":"此前看到过相关报道尽量还是少吃",
"mid":"z7DxZgzlL",
"date":"2012-11-30 23:14:29"
},
{
"kids":[],
"uid":"1846568520",
"parent":"",
"text":"",
"mid":"z7Dx7s123",
"date":"2012-11-30 23:12:22"
},
{
"kids":[],
"uid":"3087836003",
"parent":"",
"text":"",
"mid":"z7DuHDl75",
"date":"2012-11-30 23:06:24"
},
{
"kids":[],
"uid":"meiiamoyi",
"parent":"z7AlmjnzC",
"text":"情何以堪!!!",
"mid":"z7DtAg17c",
"date":"2012-11-30 23:03:38"
},
{
"kids":[
"z7JD4Ajma"
],
"uid":"2508792365",
"parent":"",
"text":"晕了，还是该干嘛干嘛吧！",
"mid":"z7DoZ4nRu",
"date":"2012-11-30 22:52:18"
},
{
"kids":[],
"uid":"2804257290",
"parent":"z7AxRpYHb",
"text":"",
"mid":"z7DmO1gh9",
"date":"2012-11-30 22:46:53"
},
{
"kids":[],
"uid":"2099038710",
"parent":"",
"text":"回复@IQ-无穷:同求",
"mid":"z7Dl6xubv",
"date":"2012-11-30 22:42:45"
},
{
"kids":[],
"uid":"zhongrl",
"parent":"",
"text":"@懒人June",
"mid":"z7Dh9hLxu",
"date":"2012-11-30 22:32:57"
},
{
"kids":[
"z7Emm0Gly"
],
"uid":"2791879980",
"parent":"",
"text":"中国人的抗打击力是很强的！！！！",
"mid":"z7DejdqBG",
"date":"2012-11-30 22:25:56"
},
{
"kids":[],
"uid":"2352505784",
"parent":"",
"text":"",
"mid":"z7Dd4ChYs",
"date":"2012-11-30 22:22:58"
},
{
"kids":[],
"uid":"1931659561",
"parent":"",
"text":"",
"mid":"z7D8x3bhV",
"date":"2012-11-30 22:11:46"
},
{
"kids":[],
"uid":"reallyma",
"parent":"",
"text":"说实在的, 越活越不知道吃什么安全! 无论吃什么, 怎么个吃法, 好象都不是很健康安全.",
"mid":"z7D7kBhQa",
"date":"2012-11-30 22:08:46"
},
{
"kids":[],
"uid":"jojo1112",
"parent":"",
"text":"破坏分子结构应该是真的",
"mid":"z7D6ugbbl",
"date":"2012-11-30 22:06:44"
},
{
"kids":[],
"uid":"2815451744",
"parent":"",
"text":"@菟尛桐 怎么办？",
"mid":"z7D5VFseL",
"date":"2012-11-30 22:05:23"
},
{
"kids":[],
"uid":"2128842151",
"parent":"z7D0y7Lol",
"text":"",
"mid":"z7D5ce8Pc",
"date":"2012-11-30 22:03:33"
},
{
"kids":[],
"uid":"1589036591",
"parent":"z7ANK00LT",
"text":"",
"mid":"z7D4ww9Ju",
"date":"2012-11-30 22:01:50"
},
{
"kids":[],
"uid":"2396776412",
"parent":"",
"text":"可怕",
"mid":"z7D4kFwcB",
"date":"2012-11-30 22:01:26"
},
{
"kids":[
"z7DW20rWq",
"z7D5ce8Pc"
],
"uid":"connyjiang",
"parent":"z7CZ3kivp",
"text":"又造谣了，我怎么看到每个德国人家里都用微波炉呢？",
"mid":"z7D0y7Lol",
"date":"2012-11-30 21:52:04"
},
{
"kids":[],
"uid":"2723299820",
"parent":"z7BdD6cyk",
"text":"看看@悠灵小屋",
"mid":"z7D09fZDq",
"date":"2012-11-30 21:51:08"
},
{
"kids":[],
"uid":"2291540735",
"parent":"",
"text":"[衰][衰][衰]",
"mid":"z7CZI7QQx",
"date":"2012-11-30 21:50:00"
},
{
"kids":[
"z7HDfa2PA",
"z7D0y7Lol"
],
"uid":"1462107835",
"parent":"z7CyjzlSm",
"text":"@小音子Kaetzchen ，有这回事吗？",
"mid":"z7CZ3kivp",
"date":"2012-11-30 21:48:25"
},
{
"kids":[],
"uid":"1424015567",
"parent":"",
"text":"我没看，有什么危害？",
"mid":"z7CYGg6gZ",
"date":"2012-11-30 21:47:30"
},
{
"kids":[],
"uid":"2387014754",
"parent":"",
"text":"[嘻嘻]",
"mid":"z7CYi0XL9",
"date":"2012-11-30 21:46:32"
},
{
"kids":[],
"uid":"2858500490",
"parent":"",
"text":"",
"mid":"z7CXjrcrF",
"date":"2012-11-30 21:44:08"
},
{
"kids":[],
"uid":"3033796093",
"parent":"",
"text":"[晕]，只能说现在还有什么是能让人放心的",
"mid":"z7CWzFw3F",
"date":"2012-11-30 21:42:20"
},
{
"kids":[],
"uid":"2804980322",
"parent":"",
"text":"",
"mid":"z7COOyGx1",
"date":"2012-11-30 21:23:09"
},
{
"kids":[],
"uid":"1973763221",
"parent":"z7AxmFsh8",
"text":"当初说好的也是这些人。中国人永远跟在人家后面悲催！",
"mid":"z7CNRcNnE",
"date":"2012-11-30 21:20:50"
},
{
"kids":[],
"uid":"1922188043",
"parent":"z7CiblJGT",
"text":"我父母家早不用了",
"mid":"z7CKO6e8x",
"date":"2012-11-30 21:13:18"
},
{
"kids":[],
"uid":"1418517061",
"parent":"",
"text":"其实微波炉最大的坏处就是波完以后的食物太干了，还得加水，难吃至极！",
"mid":"z7CKCxGAk",
"date":"2012-11-30 21:12:49"
},
{
"kids":[],
"uid":"2434727860",
"parent":"",
"text":"我家里没有微波炉，都是用蒸炉。",
"mid":"z7CKoomxw",
"date":"2012-11-30 21:12:16"
},
{
"kids":[],
"uid":"2060729137",
"parent":"",
"text":"停止使用微波炉！！！",
"mid":"z7CJiow82",
"date":"2012-11-30 21:09:36"
},
{
"kids":[],
"uid":"elenaa",
"parent":"z7AfwDJzf",
"text":"@无双-大君 虽然褒贬都有！ 可是尽量少用吧！！",
"mid":"z7CEpycmI",
"date":"2012-11-30 20:57:34"
},
{
"kids":[
"z7DxZgzlL"
],
"uid":"2372246570",
"parent":"",
"text":"真的假的啊？！",
"mid":"z7CBvhCxf",
"date":"2012-11-30 20:50:24"
},
{
"kids":[],
"uid":"lynn108",
"parent":"z7CsEevJT",
"text":"求鉴定@科学松鼠会",
"mid":"z7CzbmzR0",
"date":"2012-11-30 20:44:38"
},
{
"kids":[
"z7CZ3kivp"
],
"uid":"xiaojingzijessie",
"parent":"z7CrlB50u",
"text":"我觉得没这么可怕吧",
"mid":"z7CyjzlSm",
"date":"2012-11-30 20:42:30"
},
{
"kids":[],
"uid":"3080929911",
"parent":"",
"text":"[晕]",
"mid":"z7CxuamcL",
"date":"2012-11-30 20:40:30"
},
{
"kids":[
"z8iq5yiUQ",
"z86if5ZQT",
"z86if5ZPb"
],
"uid":"1405004820",
"parent":"z7Cr1tk01",
"text":"",
"mid":"z7CtJkzju",
"date":"2012-11-30 20:31:15"
},
{
"kids":[
"z7CzbmzR0"
],
"uid":"1828115073",
"parent":"z7CrlB50u",
"text":"",
"mid":"z7CsEevJT",
"date":"2012-11-30 20:28:35"
},
{
"kids":[],
"uid":"1423290593",
"parent":"",
"text":"停用。我们早不用了。我用烤炉",
"mid":"z7Csv65z0",
"date":"2012-11-30 20:28:13"
},
{
"kids":[
"z8vvkahio"
],
"uid":"1960005051",
"parent":"",
"text":"以后不用微波炉了[吃惊]",
"mid":"z7CrsDk90",
"date":"2012-11-30 20:25:38"
},
{
"kids":[
"z7YTK9VTe",
"z7YTJyicI",
"z7CyjzlSm",
"z7CsEevJT"
],
"uid":"1893838705",
"parent":"z7CqObuVa",
"text":"但是方便",
"mid":"z7CrlB50u",
"date":"2012-11-30 20:25:23"
},
{
"kids":[
"z7CtJkzju"
],
"uid":"1684573581",
"parent":"",
"text":"@善道H",
"mid":"z7Cr1tk01",
"date":"2012-11-30 20:24:35"
},
{
"kids":[
"z7CrlB50u"
],
"uid":"1079616762",
"parent":"z7Cd2eJ7e",
"text":"微波炉转出来的东西也确实不好吃！",
"mid":"z7CqObuVa",
"date":"2012-11-30 20:24:04"
},
{
"kids":[],
"uid":"2149797961",
"parent":"z7AGZiaRQ",
"text":"天下之事不能太较真",
"mid":"z7Co8pu9Q",
"date":"2012-11-30 20:17:27"
},
{
"kids":[],
"uid":"1752144517",
"parent":"",
"text":"",
"mid":"z7Co0boau",
"date":"2012-11-30 20:17:05"
},
{
"kids":[
"z7CKO6e8x"
],
"uid":"2130502222",
"parent":"z7AjudrKd",
"text":"@百福自庄严",
"mid":"z7CiblJGT",
"date":"2012-11-30 20:02:49"
},
{
"kids":[],
"uid":"3089149103",
"parent":"",
"text":"",
"mid":"z7Chjxts8",
"date":"2012-11-30 20:00:40"
},
{
"kids":[
"z7CqObuVa"
],
"uid":"1893838705",
"parent":"z7AL6AdIH",
"text":"以后得少用了",
"mid":"z7Cd2eJ7e",
"date":"2012-11-30 19:50:07"
},
{
"kids":[],
"uid":"1885803423",
"parent":"z7Ait02jM",
"text":"好可怕！~",
"mid":"z7Cbt18Dr",
"date":"2012-11-30 19:46:13"
},
{
"kids":[],
"uid":"1766020182",
"parent":"z7AfZlAkG",
"text":"求真相，但是个人认为用微波炉加热东西也不好！能不用就尽量少用！",
"mid":"z7C9X5BA3",
"date":"2012-11-30 19:42:31"
},
{
"kids":[],
"uid":"2600452557",
"parent":"",
"text":"",
"mid":"z7C9z83Pv",
"date":"2012-11-30 19:41:34"
},
{
"kids":[],
"uid":"2811027914",
"parent":"z7Aj83kpf",
"text":"",
"mid":"z7C8j5t6G",
"date":"2012-11-30 19:38:29"
},
{
"kids":[],
"uid":"1021442335",
"parent":"",
"text":"宁可信其有。以后能不用微波炉的尽量不用。",
"mid":"z7C8chz0A",
"date":"2012-11-30 19:38:12"
},
{
"kids":[],
"uid":"2789753124",
"parent":"z7AktnfRt",
"text":"",
"mid":"z7C5QA3a3",
"date":"2012-11-30 19:32:24"
},
{
"kids":[],
"uid":"2475654470",
"parent":"",
"text":"怎么办？偶离不了微波炉的方便省心啊！",
"mid":"z7C3K1paq",
"date":"2012-11-30 19:27:12"
},
{
"kids":[],
"uid":"3144093905",
"parent":"",
"text":"吓人哦 幸好我不是经常用 [兔子]",
"mid":"z7C1assPT",
"date":"2012-11-30 19:20:53"
},
{
"kids":[],
"uid":"2705735447",
"parent":"",
"text":"",
"mid":"z7BZ53aR5",
"date":"2012-11-30 19:15:44"
},
{
"kids":[],
"uid":"3085339931",
"parent":"",
"text":"",
"mid":"z7BURuGTX",
"date":"2012-11-30 19:05:21"
},
{
"kids":[],
"uid":"1714365434",
"parent":"z7BHax96r",
"text":"",
"mid":"z7BUGfYgd",
"date":"2012-11-30 19:04:54"
},
{
"kids":[],
"uid":"2919726012",
"parent":"z7ArzEQMZ",
"text":"",
"mid":"z7BODhEAe",
"date":"2012-11-30 18:49:57"
},
{
"kids":[],
"uid":"2805174160",
"parent":"",
"text":"",
"mid":"z7BOx5oOL",
"date":"2012-11-30 18:49:46"
},
{
"kids":[
"z7F827gEV"
],
"uid":"crystalz1025",
"parent":"",
"text":"转发微博。",
"mid":"z7BM3rjF5",
"date":"2012-11-30 18:43:38"
},
{
"kids":[],
"uid":"1653436785",
"parent":"",
"text":"天，知道微波炉有害，但一直没在意，不行，得少用了！！",
"mid":"z7BLDqZBX",
"date":"2012-11-30 18:42:37"
},
{
"kids":[],
"uid":"3042678893",
"parent":"",
"text":"",
"mid":"z7BLe3ctm",
"date":"2012-11-30 18:41:34"
},
{
"kids":[],
"uid":"2901741913",
"parent":"",
"text":"我家没微波炉，有微波炉的抓紧扔掉吧",
"mid":"z7BJiCJKK",
"date":"2012-11-30 18:36:52"
},
{
"kids":[
"z9cmXAmx1",
"z9cmXjjXn",
"z912EuIBG",
"z8hH3s9dK",
"z8hH39WTO",
"z8cTFBTfQ",
"z8cTFBTdC"
],
"uid":"1857525150",
"parent":"",
"text":"领结打法大全！！",
"mid":"z7BJgAiiA",
"date":"2012-11-30 18:36:47"
},
{
"kids":[],
"uid":"3115749521",
"parent":"",
"text":"",
"mid":"z7BILzfmq",
"date":"2012-11-30 18:35:32"
},
{
"kids":[],
"uid":"1665894074",
"parent":"z7AsP7cdR",
"text":"@净磐",
"mid":"z7BHszIBq",
"date":"2012-11-30 18:32:18"
},
{
"kids":[],
"uid":"2623359557",
"parent":"z7AxRpYHb",
"text":"额，，我天天带饭捏。。。",
"mid":"z7BHbrnND",
"date":"2012-11-30 18:31:39"
},
{
"kids":[
"z7BUGfYgd"
],
"uid":"207075579",
"parent":"",
"text":"其实看到下面评论说什么这么不好政府不通知这种话就好想笑。too simple sometimes naive. 这个时代，生存智慧不是靠别人给的，还得和各种洗脑利益斗智斗勇，真不容易啊～",
"mid":"z7BHax96r",
"date":"2012-11-30 18:31:36"
},
{
"kids":[],
"uid":"2277691050",
"parent":"z7AzLjWcd",
"text":"@大熊99",
"mid":"z7BGr4X6i",
"date":"2012-11-30 18:29:47"
},
{
"kids":[],
"uid":"1776178370",
"parent":"z7ALUflw9",
"text":"",
"mid":"z7BG63V4G",
"date":"2012-11-30 18:28:55"
},
{
"kids":[],
"uid":"attorneywilliamwen",
"parent":"z7AgVde6L",
"text":"都是假的，信不得。",
"mid":"z7BFUeBMO",
"date":"2012-11-30 18:28:30"
},
{
"kids":[],
"uid":"2463300741",
"parent":"",
"text":"",
"mid":"z7BFCf0x0",
"date":"2012-11-30 18:27:46"
},
{
"kids":[],
"uid":"2804190164",
"parent":"z7ASicRzA",
"text":"",
"mid":"z7BCbbb7U",
"date":"2012-11-30 18:19:17"
},
{
"kids":[],
"uid":"2938173570",
"parent":"",
"text":"大家看看。",
"mid":"z7Bxof2wa",
"date":"2012-11-30 18:07:31"
},
{
"kids":[],
"uid":"2675714601",
"parent":"",
"text":"真的这么恐怖吗？",
"mid":"z7Bv8sSIJ",
"date":"2012-11-30 18:01:58"
},
{
"kids":[],
"uid":"3148576683",
"parent":"",
"text":"[衰] 有三年时间都叮午饭",
"mid":"z7BuR2TTt",
"date":"2012-11-30 18:01:16"
},
{
"kids":[],
"uid":"2202824705",
"parent":"",
"text":"",
"mid":"z7BuipvVw",
"date":"2012-11-30 17:59:54"
},
{
"kids":[],
"uid":"2371959291",
"parent":"",
"text":"[囧]宫膳粥可都是用微波炉叮的~~~",
"mid":"z7Bs6cNcC",
"date":"2012-11-30 17:54:29"
},
{
"kids":[],
"uid":"2751696477",
"parent":"",
"text":"[晕]",
"mid":"z7BrSjoGW",
"date":"2012-11-30 17:53:56"
},
{
"kids":[],
"uid":"2920158620",
"parent":"z7Afnu9dF",
"text":"",
"mid":"z7BrkCSo0",
"date":"2012-11-30 17:52:37"
},
{
"kids":[],
"uid":"2262134507",
"parent":"z7BnzunBN",
"text":"我再也不用了",
"mid":"z7BpjCITZ",
"date":"2012-11-30 17:47:39"
},
{
"kids":[],
"uid":"2836503294",
"parent":"",
"text":"真的吗？@梦梦--LULU",
"mid":"z7BnYBrZh",
"date":"2012-11-30 17:44:19"
},
{
"kids":[],
"uid":"2930162827",
"parent":"",
"text":"",
"mid":"z7BnN5ge9",
"date":"2012-11-30 17:43:50"
},
{
"kids":[
"z7BpjCITZ"
],
"uid":"2964340533",
"parent":"",
"text":"",
"mid":"z7BnzunBN",
"date":"2012-11-30 17:43:20"
},
{
"kids":[],
"uid":"yanhaobaby",
"parent":"",
"text":"[失望]@艾林芯火",
"mid":"z7Bnionjk",
"date":"2012-11-30 17:42:39"
},
{
"kids":[],
"uid":"evadaai",
"parent":"",
"text":"[晕][泪]",
"mid":"z7BmX4DfT",
"date":"2012-11-30 17:41:47"
},
{
"kids":[],
"uid":"1744059033",
"parent":"",
"text":"",
"mid":"z7Bmh9o11",
"date":"2012-11-30 17:40:06"
},
{
"kids":[],
"uid":"2850626241",
"parent":"",
"text":"",
"mid":"z7BlMEiTW",
"date":"2012-11-30 17:38:54"
},
{
"kids":[],
"uid":"1855657407",
"parent":"",
"text":"@账房小姐- @自然卷yoyo 微波炉~~~~no",
"mid":"z7Bl5xGvJ",
"date":"2012-11-30 17:37:13"
},
{
"kids":[],
"uid":"2250873691",
"parent":"",
"text":"我天！现在每天都用！怎么办？",
"mid":"z7Bkl9ebb",
"date":"2012-11-30 17:35:22"
},
{
"kids":[],
"uid":"2979572417",
"parent":"",
"text":"如有科学依据则更能说明问题！",
"mid":"z7Bjg7NLu",
"date":"2012-11-30 17:32:42"
},
{
"kids":[],
"uid":"1822798352",
"parent":"z7BbQyQR7",
"text":"",
"mid":"z7BhKqBhg",
"date":"2012-11-30 17:28:59"
},
{
"kids":[],
"uid":"2311703964",
"parent":"",
"text":"[震撼]",
"mid":"z7BfGasSX",
"date":"2012-11-30 17:23:52"
},
{
"kids":[],
"uid":"2849957493",
"parent":"",
"text":"完了，我每天中午都用微波炉热饭的……",
"mid":"z7BeW4uKJ",
"date":"2012-11-30 17:22:01"
},
{
"kids":[],
"uid":"2822582932",
"parent":"",
"text":"再也不用微波炉烤红薯了........",
"mid":"z7BeTFucO",
"date":"2012-11-30 17:21:59"
},
{
"kids":[],
"uid":"2614065562",
"parent":"",
"text":"",
"mid":"z7BdGl8gn",
"date":"2012-11-30 17:18:58"
},
{
"kids":[
"z7D09fZDq"
],
"uid":"2865779324",
"parent":"",
"text":"做不到完全不用",
"mid":"z7BdD6cyk",
"date":"2012-11-30 17:18:50"
},
{
"kids":[],
"uid":"1939613162",
"parent":"",
"text":"",
"mid":"z7Bdmgz7j",
"date":"2012-11-30 17:18:08"
},
{
"kids":[],
"uid":"1784544051",
"parent":"",
"text":"这是真的假的啊，，，",
"mid":"z7BcQ4ERw",
"date":"2012-11-30 17:16:53"
},
{
"kids":[
"z7BhKqBhg"
],
"uid":"2274075782",
"parent":"",
"text":"",
"mid":"z7BbQyQR7",
"date":"2012-11-30 17:14:26"
},
{
"kids":[],
"uid":"2338038325",
"parent":"z7AhpDibF",
"text":"",
"mid":"z7BbQi7x4",
"date":"2012-11-30 17:14:24"
},
{
"kids":[],
"uid":"2010901753",
"parent":"",
"text":"",
"mid":"z7BaNhlzD",
"date":"2012-11-30 17:11:51"
},
{
"kids":[],
"uid":"1855498441",
"parent":"",
"text":"",
"mid":"z7Back5ER",
"date":"2012-11-30 17:10:24"
},
{
"kids":[],
"uid":"717745686",
"parent":"",
"text":"拒绝辐射...",
"mid":"z7Baayt49",
"date":"2012-11-30 17:10:19"
},
{
"kids":[],
"uid":"627899031",
"parent":"",
"text":"",
"mid":"z7B9jo5ia",
"date":"2012-11-30 17:08:12"
},
{
"kids":[],
"uid":"3089596313",
"parent":"",
"text":"听起来好可怕···",
"mid":"z7B734Sha",
"date":"2012-11-30 17:02:38"
},
{
"kids":[],
"uid":"2490016634",
"parent":"",
"text":"",
"mid":"z7B727ZIn",
"date":"2012-11-30 17:02:36"
},
{
"kids":[],
"uid":"1971475182",
"parent":"",
"text":"[吃惊]",
"mid":"z7B6qkzzQ",
"date":"2012-11-30 17:01:05"
},
{
"kids":[],
"uid":"2871430440",
"parent":"",
"text":"上班族带饭该如何过啊",
"mid":"z7B5NhSR6",
"date":"2012-11-30 16:59:32"
},
{
"kids":[],
"uid":"love1story",
"parent":"",
"text":"看到最后才知道，吓了一跳",
"mid":"z7B4Nx7rG",
"date":"2012-11-30 16:57:05"
},
{
"kids":[],
"uid":"1970342173",
"parent":"",
"text":"真的有那么可怕吗？[疑问]",
"mid":"z7B4JpMSs",
"date":"2012-11-30 16:56:55"
},
{
"kids":[],
"uid":"2511486671",
"parent":"",
"text":"",
"mid":"z7B4wpDaV",
"date":"2012-11-30 16:56:24"
},
{
"kids":[],
"uid":"2653977200",
"parent":"",
"text":"真的那么可怕啊？我家每天必用[疑问]",
"mid":"z7B3Tpa4h",
"date":"2012-11-30 16:54:51"
},
{
"kids":[],
"uid":"2409217370",
"parent":"",
"text":"@娟的小巷子",
"mid":"z7B3PgZqP",
"date":"2012-11-30 16:54:42"
},
{
"kids":[],
"uid":"2019627875",
"parent":"",
"text":"求真相!!!!",
"mid":"z7B3wFw7E",
"date":"2012-11-30 16:53:57"
},
{
"kids":[],
"uid":"2810747284",
"parent":"",
"text":"",
"mid":"z7B2Ez3Ev",
"date":"2012-11-30 16:51:48"
},
{
"kids":[],
"uid":"2551705701",
"parent":"",
"text":"真的么？[吃惊][疑问]",
"mid":"z7B1ylK4g",
"date":"2012-11-30 16:49:05"
},
{
"kids":[],
"uid":"2705072827",
"parent":"",
"text":"在QQ微博上也有看到相关的文章。感觉有点危言耸听的样子。中国人哪家不用微波炉啊，也没听说谁用了就有什么事了啊！还是得听专业人士来解读，民间的一些说法不靠谱，呵",
"mid":"z7B15kQGk",
"date":"2012-11-30 16:47:55"
},
{
"kids":[],
"uid":"1964762065",
"parent":"",
"text":"没有微波炉的飘过",
"mid":"z7B12nwo8",
"date":"2012-11-30 16:47:49"
},
{
"kids":[],
"uid":"lovenic321",
"parent":"z7B051IfD",
"text":"@新闻大求真 这个~是真的么~",
"mid":"z7B0EaMNt",
"date":"2012-11-30 16:46:48"
},
{
"kids":[],
"uid":"2553830752",
"parent":"",
"text":"",
"mid":"z7B05lmJy",
"date":"2012-11-30 16:45:28"
},
{
"kids":[
"z7B0EaMNt"
],
"uid":"2801275905",
"parent":"",
"text":"@Pan晓婷Lucky @王xiao爽 @救兵请De猴子 @水圆子-生 @孙栋梅",
"mid":"z7B051IfD",
"date":"2012-11-30 16:45:28"
},
{
"kids":[],
"uid":"1699413654",
"parent":"",
"text":"",
"mid":"z7B047Emq",
"date":"2012-11-30 16:45:23"
},
{
"kids":[],
"uid":"2833412147",
"parent":"",
"text":"",
"mid":"z7AZIx71f",
"date":"2012-11-30 16:44:34"
},
{
"kids":[],
"uid":"2032262973",
"parent":"z7Ai54WAM",
"text":"",
"mid":"z7AZqeL8Y",
"date":"2012-11-30 16:43:50"
},
{
"kids":[],
"uid":"2887834097",
"parent":"",
"text":"[做鬼脸][做鬼脸][汗]",
"mid":"z7AYUBofD",
"date":"2012-11-30 16:42:35"
},
{
"kids":[],
"uid":"2962661142",
"parent":"",
"text":"",
"mid":"z7AYwqh9z",
"date":"2012-11-30 16:41:36"
},
{
"kids":[],
"uid":"techfan",
"parent":"",
"text":"",
"mid":"z7AYo7d7g",
"date":"2012-11-30 16:41:18"
},
{
"kids":[],
"uid":"2886356400",
"parent":"",
"text":"",
"mid":"z7AY16OBV",
"date":"2012-11-30 16:40:21"
},
{
"kids":[],
"uid":"tutumisa69",
"parent":"z7Ap0oCUN",
"text":"光波炉OK不= =。。。不过家用电器里辐射最高的是吹风机。。。而且吹风机还是对着头的更加恐怖吧！！！！！！！！！！！吹风机辐射最高的地方是屁股。",
"mid":"z7AXFbgbb",
"date":"2012-11-30 16:39:30"
},
{
"kids":[],
"uid":"2433905047",
"parent":"",
"text":"这到底相信谁说的啊~~[懒得理你]",
"mid":"z7AXDoM4L",
"date":"2012-11-30 16:39:26"
},
{
"kids":[],
"uid":"327532157",
"parent":"",
"text":"@SNOWMAYLEE2011 @平凡的陆地水手",
"mid":"z7AXufbE0",
"date":"2012-11-30 16:39:05"
},
{
"kids":[],
"uid":"2094786344",
"parent":"",
"text":"吃货们！！请立即停止使用微波炉",
"mid":"z7AWTkIFf",
"date":"2012-11-30 16:37:34"
},
{
"kids":[],
"uid":"2341161510",
"parent":"z7AFQmgot",
"text":"@iason 求真相",
"mid":"z7AWtBcqO",
"date":"2012-11-30 16:36:35"
},
{
"kids":[],
"uid":"2643116014",
"parent":"",
"text":"家里的微波炉不可以再用了",
"mid":"z7AVyzYWz",
"date":"2012-11-30 16:34:17"
},
{
"kids":[],
"uid":"homo3939",
"parent":"z7AjLn4Tw",
"text":"除了辐射一项，其余纯粹无稽之谈！忽悠我们这些没去过德国的人！",
"mid":"z7AVx6JuB",
"date":"2012-11-30 16:34:15"
},
{
"kids":[],
"uid":"1851515760",
"parent":"z7AeDpE5I",
"text":"微波辐射太大了[闭嘴]",
"mid":"z7AViFsht",
"date":"2012-11-30 16:33:41"
},
{
"kids":[],
"uid":"1657037710",
"parent":"",
"text":"不会这么恐怖吧！",
"mid":"z7AVc7PS1",
"date":"2012-11-30 16:33:25"
},
{
"kids":[],
"uid":"345225094",
"parent":"",
"text":"真的假的？我天天用啊/。。。。[疑问]",
"mid":"z7AUVhUBI",
"date":"2012-11-30 16:32:45"
},
{
"kids":[],
"uid":"hediguiqu",
"parent":"",
"text":"第一眼看上去就有种民科的赶脚",
"mid":"z7AU1aLhj",
"date":"2012-11-30 16:30:29"
},
{
"kids":[],
"uid":"2661844967",
"parent":"",
"text":"[吃惊]",
"mid":"z7ATGbMkq",
"date":"2012-11-30 16:29:39"
},
{
"kids":[],
"uid":"2122408481",
"parent":"",
"text":"[疑问][汗]",
"mid":"z7ATlvmaN",
"date":"2012-11-30 16:28:52"
},
{
"kids":[
"z7FGOkcpV",
"z7FGOjAMM"
],
"uid":"2836683951",
"parent":"",
"text":"我百岁高寿又被微波炉掐去了几年",
"mid":"z7ATgqJfB",
"date":"2012-11-30 16:28:40"
},
{
"kids":[],
"uid":"2000880931",
"parent":"",
"text":"恩，那烤箱呢？",
"mid":"z7AT5hiEJ",
"date":"2012-11-30 16:28:13"
},
{
"kids":[
"z7BCbbb7U"
],
"uid":"k22664299",
"parent":"",
"text":"我家还每天微波牛奶",
"mid":"z7ASicRzA",
"date":"2012-11-30 16:26:14"
},
{
"kids":[],
"uid":"1079468035",
"parent":"",
"text":"纠结中",
"mid":"z7ARFd8Ug",
"date":"2012-11-30 16:24:42"
},
{
"kids":[],
"uid":"2959138074",
"parent":"",
"text":"@史路刚比 @Kathy茵茵 @艾利ggpd @小龙女0320 @李大小姐李尐倩 @yo蔸yo",
"mid":"z7ARBjRZO",
"date":"2012-11-30 16:24:33"
},
{
"kids":[],
"uid":"2176900357",
"parent":"",
"text":"乖乖",
"mid":"z7AR9ghgG",
"date":"2012-11-30 16:23:27"
},
{
"kids":[],
"uid":"2292366097",
"parent":"",
"text":"尽量不用",
"mid":"z7AQN8pVi",
"date":"2012-11-30 16:22:34"
},
{
"kids":[],
"uid":"1698144173",
"parent":"z7ApPcJSC",
"text":"作者应该弃文从政，能把狗屎说得这么绘声绘色，丰富多彩，不搞政治太屈才了。",
"mid":"z7APaCWVK",
"date":"2012-11-30 16:18:35"
},
{
"kids":[],
"uid":"1308843694",
"parent":"",
"text":"微波是好是坏看人选 择！量不要多就行",
"mid":"z7AOYwmyV",
"date":"2012-11-30 16:18:06"
},
{
"kids":[],
"uid":"2792797710",
"parent":"",
"text":"微波炉真可怕",
"mid":"z7AOCC0M8",
"date":"2012-11-30 16:17:12"
},
{
"kids":[],
"uid":"2513765525",
"parent":"",
"text":"",
"mid":"z7AOuEnaY",
"date":"2012-11-30 16:16:55"
},
{
"kids":[],
"uid":"2638221413",
"parent":"",
"text":"",
"mid":"z7AOhnptu",
"date":"2012-11-30 16:16:23"
},
{
"kids":[
"z7D4ww9Ju"
],
"uid":"2540379875",
"parent":"",
"text":"",
"mid":"z7ANK00LT",
"date":"2012-11-30 16:15:00"
},
{
"kids":[],
"uid":"3088619907",
"parent":"",
"text":"",
"mid":"z7ANAwoes",
"date":"2012-11-30 16:14:41"
},
{
"kids":[
"z7G5BsoCK"
],
"uid":"2996990903",
"parent":"",
"text":"假的吧？如今谁能给辟谣？谁能让大家找到安全感？",
"mid":"z7ANicrde",
"date":"2012-11-30 16:13:58"
},
{
"kids":[],
"uid":"1751888881",
"parent":"",
"text":"[疑问]",
"mid":"z7ANddBZP",
"date":"2012-11-30 16:13:45"
},
{
"kids":[
"z7BG63V4G"
],
"uid":"2464301370",
"parent":"",
"text":"了解下，能不用就尽量不用",
"mid":"z7ALUflw9",
"date":"2012-11-30 16:10:32"
},
{
"kids":[],
"uid":"209292321",
"parent":"",
"text":"晕倒。。我居然天天在用。。。",
"mid":"z7ALQpxpD",
"date":"2012-11-30 16:10:22"
},
{
"kids":[],
"uid":"2919334630",
"parent":"",
"text":"太嘿人了哦！哪个还敢用哦！！！",
"mid":"z7ALnoAuG",
"date":"2012-11-30 16:09:14"
},
{
"kids":[],
"uid":"2807873964",
"parent":"",
"text":"能告诉我这是假的吗？",
"mid":"z7ALhvOGe",
"date":"2012-11-30 16:09:00"
},
{
"kids":[],
"uid":"1704197157",
"parent":"",
"text":"@微笑的louis陆",
"mid":"z7ALdoUtz",
"date":"2012-11-30 16:08:48"
},
{
"kids":[
"z7Cd2eJ7e"
],
"uid":"1704197157",
"parent":"",
"text":"好恐怖呀",
"mid":"z7AL6AdIH",
"date":"2012-11-30 16:08:33"
},
{
"kids":[],
"uid":"2504148137",
"parent":"",
"text":"",
"mid":"z7AJQgttW",
"date":"2012-11-30 16:05:27"
},
{
"kids":[],
"uid":"2807348460",
"parent":"",
"text":"",
"mid":"z7AJEt8cG",
"date":"2012-11-30 16:04:57"
},
{
"kids":[],
"uid":"2038562752",
"parent":"",
"text":"中国人是铁打的",
"mid":"z7AJyeUwF",
"date":"2012-11-30 16:04:44"
},
{
"kids":[],
"uid":"3031377017",
"parent":"",
"text":"",
"mid":"z7AJmpBkv",
"date":"2012-11-30 16:04:16"
},
{
"kids":[],
"uid":"2906088153",
"parent":"",
"text":"",
"mid":"z7AJ3wCAg",
"date":"2012-11-30 16:03:31"
},
{
"kids":[],
"uid":"2469813014",
"parent":"",
"text":"",
"mid":"z7AIx0DNp",
"date":"2012-11-30 16:02:13"
},
{
"kids":[
"z7HdkvyBr"
],
"uid":"2138380593",
"parent":"",
"text":"@木土杜的杜 求证",
"mid":"z7AIrnAoB",
"date":"2012-11-30 16:02:00"
},
{
"kids":[],
"uid":"1766877664",
"parent":"z7AfZlAkG",
"text":"[衰]",
"mid":"z7AIpkhnD",
"date":"2012-11-30 16:01:55"
},
{
"kids":[
"z9uRo9nUB",
"z8PTxc304",
"z8PTxc2XB",
"z8EyUxsg5",
"z7QuBhLEA",
"z7QuBhLDO",
"z7GtyBmZr"
],
"uid":"1922271300",
"parent":"",
"text":"[吃惊]",
"mid":"z7AHZ4Wnk",
"date":"2012-11-30 16:00:50"
},
{
"kids":[],
"uid":"2860023750",
"parent":"",
"text":"",
"mid":"z7AHxePd8",
"date":"2012-11-30 15:59:46"
},
{
"kids":[],
"uid":"2462442627",
"parent":"z7AhpDibF",
"text":"",
"mid":"z7AGZzgs8",
"date":"2012-11-30 15:58:24"
},
{
"kids":[
"z7Co8pu9Q"
],
"uid":"2721890450",
"parent":"",
"text":"如此，我们还能带餐么@默默一一2011 @晓疯癫疯癫疯癫 @_bemyself_",
"mid":"z7AGZiaRQ",
"date":"2012-11-30 15:58:25"
},
{
"kids":[],
"uid":"1582802325",
"parent":"",
"text":"",
"mid":"z7AGy6wjD",
"date":"2012-11-30 15:57:17"
},
{
"kids":[],
"uid":"lovejay0110",
"parent":"",
"text":"",
"mid":"z7AFY3oI4",
"date":"2012-11-30 15:55:54"
},
{
"kids":[
"z7AWtBcqO"
],
"uid":"1808946314",
"parent":"",
"text":"微波炉加热食物真的那么可怕吗？",
"mid":"z7AFQmgot",
"date":"2012-11-30 15:55:36"
},
{
"kids":[],
"uid":"2384135720",
"parent":"",
"text":"太可怕了。准备买个加热器了",
"mid":"z7AFAo1gf",
"date":"2012-11-30 15:54:58"
},
{
"kids":[],
"uid":"2769201891",
"parent":"",
"text":"",
"mid":"z7AFa81nJ",
"date":"2012-11-30 15:53:55"
},
{
"kids":[],
"uid":"2367643992",
"parent":"",
"text":"",
"mid":"z7AExFESD",
"date":"2012-11-30 15:52:24"
},
{
"kids":[],
"uid":"2462690894",
"parent":"",
"text":"那我该怎么吃饭呢？",
"mid":"z7AEli3vk",
"date":"2012-11-30 15:51:54"
},
{
"kids":[],
"uid":"1786616371",
"parent":"",
"text":"转发微博。",
"mid":"z7AEeeeys",
"date":"2012-11-30 15:51:37"
},
{
"kids":[],
"uid":"2165871590",
"parent":"",
"text":"求证？",
"mid":"z7ADRqi4m",
"date":"2012-11-30 15:50:41"
},
{
"kids":[],
"uid":"2540141762",
"parent":"",
"text":"有点吓人～要知道现在我们每天都有用～～",
"mid":"z7ADDzjgq",
"date":"2012-11-30 15:50:09"
},
{
"kids":[],
"uid":"2878077642",
"parent":"",
"text":"不管真假，反正还是少用吧，传统的煤球灶才是最安全的阿门！@bullgear",
"mid":"z7ADC6gTq",
"date":"2012-11-30 15:50:06"
},
{
"kids":[
"z8chaly9v",
"z7WP9uVAC",
"z7WP9dkkw"
],
"uid":"1439730492",
"parent":"",
"text":"[吃惊]",
"mid":"z7ADnBbpO",
"date":"2012-11-30 15:49:32"
},
{
"kids":[
"z7WUovOve",
"z7WUoedkK"
],
"uid":"2331566813",
"parent":"",
"text":"@大当家的麻麻麻 @jixiangleilei @不上课的刘老师",
"mid":"z7AATC3sZ",
"date":"2012-11-30 15:43:25"
},
{
"kids":[],
"uid":"jefferyfang",
"parent":"z7Atbxa54",
"text":"[吃惊]",
"mid":"z7AAcwNQr",
"date":"2012-11-30 15:41:41"
},
{
"kids":[],
"uid":"2867081583",
"parent":"",
"text":"好好看看吧",
"mid":"z7AA0FPH0",
"date":"2012-11-30 15:41:14"
},
{
"kids":[
"z7BGr4X6i"
],
"uid":"2059643324",
"parent":"z7ApWk6v5",
"text":"我觉得有点危言耸听，还有，我问了一下周围同事（都是德国人哦），几乎每家都有微波炉，还有身边的朋友们亲戚们家里也都有，用的频率还很高，不知博主去的是德国哪里？[疑问]",
"mid":"z7AzLjWcd",
"date":"2012-11-30 15:40:37"
},
{
"kids":[
"z912u8dpM",
"z8mSnx2jI",
"z88phEcnT",
"z88phClpa"
],
"uid":"hw3889380",
"parent":"",
"text":"现在公司上班哪个不是用微波炉热饭的，饭馆的饭用地沟油不健康，这个也不健康，说的这么离谱，那干脆什么也别吃了，饿死的了........[失望][怒骂]",
"mid":"z7AzHuXpi",
"date":"2012-11-30 15:40:28"
},
{
"kids":[],
"uid":"1303412857",
"parent":"",
"text":"德国人的饭除了生的就是要烤的炸的，放着烤箱不用去买微波炉才是脑袋有病。不过，这要是真的的话，真挺危险",
"mid":"z7AzApqyp",
"date":"2012-11-30 15:40:10"
},
{
"kids":[],
"uid":"2231319154",
"parent":"z7AwU00UA",
"text":"@兰博de小屋",
"mid":"z7AzvCqsh",
"date":"2012-11-30 15:40:00"
},
{
"kids":[],
"uid":"2348246151",
"parent":"",
"text":"",
"mid":"z7AzlB8yt",
"date":"2012-11-30 15:39:36"
},
{
"kids":[],
"uid":"722012241",
"parent":"",
"text":"真的么？",
"mid":"z7Azdmmog",
"date":"2012-11-30 15:39:15"
},
{
"kids":[],
"uid":"2076118225",
"parent":"z7Awicfl9",
"text":"@迎迎美食博 ，我解释一下，不靠谱是纯种德国人....",
"mid":"z7AySBYPf",
"date":"2012-11-30 15:38:28"
},
{
"kids":[],
"uid":"2187346110",
"parent":"",
"text":"猪。血液用微波炉回温这是想当下酒菜吃吗",
"mid":"z7AyJt9BR",
"date":"2012-11-30 15:38:05"
},
{
"kids":[],
"uid":"1847188587",
"parent":"z7Axo8ulM",
"text":"我勒个去",
"mid":"z7AyD0ZJb",
"date":"2012-11-30 15:37:47"
},
{
"kids":[],
"uid":"2870309940",
"parent":"",
"text":"@颜色淡淡的小野花",
"mid":"z7AyC8eiO",
"date":"2012-11-30 15:37:47"
},
{
"kids":[],
"uid":"wurunguo",
"parent":"z7AuEen8Z",
"text":"怪不得ERP结果不好，原来是因为导电膏是用微波炉加热的，把收集的脑电都中和了。吴博士，赶快向老板报告这一重大发现！",
"mid":"z7AysE5P4",
"date":"2012-11-30 15:37:26"
},
{
"kids":[],
"uid":"2502615825",
"parent":"",
"text":"",
"mid":"z7AyniFcn",
"date":"2012-11-30 15:37:10"
},
{
"kids":[],
"uid":"wangshenjiao",
"parent":"",
"text":"",
"mid":"z7Ay8fb6Q",
"date":"2012-11-30 15:36:34"
},
{
"kids":[],
"uid":"1707820161",
"parent":"z7Aj8Fa6j",
"text":"不太好吧~~·",
"mid":"z7Ay3fkIz",
"date":"2012-11-30 15:36:24"
},
{
"kids":[
"z7DmO1gh9",
"z7BHbrnND"
],
"uid":"2818050245",
"parent":"",
"text":"《【新闻】吃货们！！请立即停止使用微波炉！！！！》，大家也来看看吧～",
"mid":"z7AxRpYHb",
"date":"2012-11-30 15:35:54"
},
{
"kids":[],
"uid":"2618230571",
"parent":"",
"text":"为了健康不用微波炉",
"mid":"z7AxMFKDS",
"date":"2012-11-30 15:35:45"
},
{
"kids":[
"z7AyD0ZJb"
],
"uid":"1799018027",
"parent":"",
"text":"很可怕，都不要再用了",
"mid":"z7Axo8ulM",
"date":"2012-11-30 15:34:47"
},
{
"kids":[
"z7CNRcNnE"
],
"uid":"1940503160",
"parent":"",
"text":"@七月晴夏 @laorui77 好可怕，以后还是别带饭了",
"mid":"z7AxmFsh8",
"date":"2012-11-30 15:34:43"
},
{
"kids":[],
"uid":"1155577380",
"parent":"",
"text":"[吃惊]",
"mid":"z7Ax97SWg",
"date":"2012-11-30 15:34:08"
},
{
"kids":[],
"uid":"2198283422",
"parent":"",
"text":"",
"mid":"z7Ax2icHP",
"date":"2012-11-30 15:33:53"
},
{
"kids":[
"z7AzvCqsh"
],
"uid":"janeywxy",
"parent":"z7AjLn4Tw",
"text":"不敢用了！",
"mid":"z7AwU00UA",
"date":"2012-11-30 15:33:33"
},
{
"kids":[],
"uid":"2590143784",
"parent":"",
"text":"真的这么可怕",
"mid":"z7AwU00Rb",
"date":"2012-11-30 15:33:32"
},
{
"kids":[],
"uid":"1411326732",
"parent":"",
"text":"",
"mid":"z7AwSwYGS",
"date":"2012-11-30 15:33:28"
},
{
"kids":[],
"uid":"2274461597",
"parent":"",
"text":"是不是真的呢[疑问]",
"mid":"z7AwAtyYZ",
"date":"2012-11-30 15:32:48"
},
{
"kids":[],
"uid":"1229164107",
"parent":"",
"text":"[衰]",
"mid":"z7AwxhH2K",
"date":"2012-11-30 15:32:40"
},
{
"kids":[],
"uid":"1wrs",
"parent":"z7AgJqyK9",
"text":"真的这么可怕吗 微波炉问题谁来证实",
"mid":"z7Awjn5CR",
"date":"2012-11-30 15:32:06"
},
{
"kids":[],
"uid":"1446539330",
"parent":"",
"text":"论文和大量的实验数据支撑呢？别人云亦云！微波炉的加热时间控制不当，液体会使其中的蛋白质受高温作用，由溶胶状态变成凝胶状态，导致沉积物出现，这就是不建议微波加热牛奶的原因。而且微波炉加热不均匀，用过的都知道。牛奶是直接饮用就罢了，微波加热的血液，血红蛋白都沉淀了，输入人体不死人就怪",
"mid":"z7Awj5uj8",
"date":"2012-11-30 15:32:06"
},
{
"kids":[
"z7AySBYPf"
],
"uid":"2076118225",
"parent":"",
"text":"@想有个Doraemon的mumu 德国真的不用微波炉吗?",
"mid":"z7Awicfl9",
"date":"2012-11-30 15:32:02"
},
{
"kids":[],
"uid":"1677651092",
"parent":"z7AtgirVZ",
"text":"这样啊…………那是不是代表以后都不能吃了？@炎凝向暖 @璐寶Qxl",
"mid":"z7Avrio5n",
"date":"2012-11-30 15:29:58"
},
{
"kids":[],
"uid":"1829390603",
"parent":"",
"text":"",
"mid":"z7AvnrOO3",
"date":"2012-11-30 15:29:49"
},
{
"kids":[],
"uid":"1146150197",
"parent":"",
"text":"",
"mid":"z7Ava9kab",
"date":"2012-11-30 15:29:17"
},
{
"kids":[],
"uid":"2804993347",
"parent":"",
"text":"",
"mid":"z7Av6iL1k",
"date":"2012-11-30 15:29:08"
},
{
"kids":[],
"uid":"2177423252",
"parent":"",
"text":"@KIKI-醬 @Cherry-佳洁 @S__nana",
"mid":"z7Av3maRL",
"date":"2012-11-30 15:29:01"
},
{
"kids":[],
"uid":"2792701525",
"parent":"",
"text":"",
"mid":"z7AuZvBID",
"date":"2012-11-30 15:28:51"
},
{
"kids":[],
"uid":"2169112920",
"parent":"",
"text":"",
"mid":"z7AuYBCFZ",
"date":"2012-11-30 15:28:50"
},
{
"kids":[],
"uid":"2714089455",
"parent":"",
"text":"使用微波炉会致癌啊，那中国家家户户都使用的哦，这可怎么办啊？这么久养成的热菜热饭蒸鱼的习惯一下子怎么改得过来啊，看来只有把微波炉扔了才不会使用它啦！现在开始扔吧！55555555",
"mid":"z7AuG3tsa",
"date":"2012-11-30 15:28:06"
},
{
"kids":[
"z7AysE5P4"
],
"uid":"1873892407",
"parent":"z7As2kZj8",
"text":"[哈哈]吴总V5啊",
"mid":"z7AuEen8Z",
"date":"2012-11-30 15:28:01"
},
{
"kids":[],
"uid":"1733206641",
"parent":"z7AoHtKYV",
"text":"",
"mid":"z7AuredG8",
"date":"2012-11-30 15:27:30"
},
{
"kids":[],
"uid":"2947307893",
"parent":"",
"text":"",
"mid":"z7Au3i0ui",
"date":"2012-11-30 15:26:32"
},
{
"kids":[],
"uid":"princessxinxianer",
"parent":"",
"text":"求解惑= =",
"mid":"z7AtUtVLS",
"date":"2012-11-30 15:26:10"
},
{
"kids":[],
"uid":"2965357437",
"parent":"",
"text":"不知真假，尽量不用",
"mid":"z7AtSEhCu",
"date":"2012-11-30 15:26:06"
},
{
"kids":[],
"uid":"2077488051",
"parent":"",
"text":"@小飞飞变身大萌萌 @Qian愁漫解嘉自累",
"mid":"z7AtQiBe1",
"date":"2012-11-30 15:26:01"
},
{
"kids":[],
"uid":"2971973155",
"parent":"",
"text":"[思考]",
"mid":"z7AtBveay",
"date":"2012-11-30 15:25:26"
},
{
"kids":[
"z7Avrio5n"
],
"uid":"1865945835",
"parent":"",
"text":"我们每天吃[衰]@好久没叫宝宝 @璐寶Qxl",
"mid":"z7AtgirVZ",
"date":"2012-11-30 15:24:34"
},
{
"kids":[],
"uid":"lanlanshen",
"parent":"",
"text":"[吃惊]太可怕了，那现在用什么来替代这种简单的加热方式呢？[思考]",
"mid":"z7AtdBfNp",
"date":"2012-11-30 15:24:29"
},
{
"kids":[],
"uid":"stubread",
"parent":"",
"text":"等科学砖家出来科普。。。就文中医学用血用微波炉的例子有点瞎编的感觉~~",
"mid":"z7Atd23fM",
"date":"2012-11-30 15:24:26"
},
{
"kids":[
"z7AAcwNQr"
],
"uid":"2526208462",
"parent":"",
"text":"现在没文化真的挺可怕的，谣言已经越来越向高端的伪科学发展了，没有专业知识确实挺容易受骗的。",
"mid":"z7Atbxa54",
"date":"2012-11-30 15:24:23"
},
{
"kids":[],
"uid":"1308843694",
"parent":"",
"text":"",
"mid":"z7At3gN3T",
"date":"2012-11-30 15:24:05"
},
{
"kids":[],
"uid":"2634234053",
"parent":"",
"text":"@丫丫臭鱼 看你还懒不",
"mid":"z7AsVhGF4",
"date":"2012-11-30 15:23:44"
},
{
"kids":[
"z7BHszIBq"
],
"uid":"1880107021",
"parent":"",
"text":"看着挺可怕，其实漏洞挺多的，至少这篇文很不严谨。数据都挺旧的，还前苏联。。。1976 1991。。。http:",
"mid":"z7AsP7cdR",
"date":"2012-11-30 15:23:30"
},
{
"kids":[],
"uid":"3058004987",
"parent":"",
"text":"",
"mid":"z7AsNCjaQ",
"date":"2012-11-30 15:23:28"
},
{
"kids":[
"z8fSccG3n",
"z8fScbWg8",
"z8cgrqs5J",
"z8cgr8QVH"
],
"uid":"1005972303",
"parent":"",
"text":"",
"mid":"z7AsLd1NU",
"date":"2012-11-30 15:23:22"
},
{
"kids":[
"z8Beg1JwC",
"z8Befq5PX",
"z8sgOv5xM",
"z7E5Pf6UP",
"z7E5ODtdz"
],
"uid":"2460846710",
"parent":"",
"text":"不看不知道，一看下一跳，看来真的不能再吃微波炉加工过的食品了。",
"mid":"z7Asx5dB3",
"date":"2012-11-30 15:22:48"
},
{
"kids":[],
"uid":"2054881283",
"parent":"",
"text":"真的吗？",
"mid":"z7As4ppF7",
"date":"2012-11-30 15:21:40"
},
{
"kids":[
"z7AuEen8Z"
],
"uid":"wurunguo",
"parent":"",
"text":"别再传播这样的搞笑的帖子了，还食物中的微波会中和脑电波，想象力太丰富了。",
"mid":"z7As2kZj8",
"date":"2012-11-30 15:21:32"
},
{
"kids":[],
"uid":"yuansutai",
"parent":"",
"text":"太可怕了！",
"mid":"z7ArZDirB",
"date":"2012-11-30 15:21:29"
},
{
"kids":[],
"uid":"lch19680125",
"parent":"",
"text":"这么可怕我经常用呀",
"mid":"z7ArM7gST",
"date":"2012-11-30 15:20:55"
},
{
"kids":[
"z7L3KvIdy",
"z7BODhEAe"
],
"uid":"2192304903",
"parent":"",
"text":"[心]",
"mid":"z7ArzEQMZ",
"date":"2012-11-30 15:20:28"
},
{
"kids":[],
"uid":"1739412360",
"parent":"",
"text":"@兔仔牙欣子酱",
"mid":"z7Arxi2IH",
"date":"2012-11-30 15:20:21"
},
{
"kids":[],
"uid":"2915661350",
"parent":"",
"text":"@洁希洁希希希希希 @纠结ing_文霞 @Jolenta_蓝婷 @",
"mid":"z7ArsgDfo",
"date":"2012-11-30 15:20:08"
},
{
"kids":[],
"uid":"2653532721",
"parent":"",
"text":"@pluto_Ray @刘海莹 @Vicky之三言两语",
"mid":"z7Arlaphm",
"date":"2012-11-30 15:19:52"
},
{
"kids":[],
"uid":"1553848571",
"parent":"",
"text":"好可怕",
"mid":"z7ArdbFqM",
"date":"2012-11-30 15:19:31"
},
{
"kids":[],
"uid":"2841869283",
"parent":"",
"text":"真的有这么恐怖吗？潜在的杀手哦！[失望]",
"mid":"z7Ar7AmhA",
"date":"2012-11-30 15:19:18"
},
{
"kids":[],
"uid":"zhisgood",
"parent":"",
"text":"",
"mid":"z7Ar2yVH4",
"date":"2012-11-30 15:19:08"
},
{
"kids":[],
"uid":"1912795260",
"parent":"",
"text":"只知道用微波炉不好，但有这么夸张吗？？？",
"mid":"z7AqZloEf",
"date":"2012-11-30 15:18:59"
},
{
"kids":[],
"uid":"3164896205",
"parent":"",
"text":"[可怜]@小振在路上",
"mid":"z7AqWEfIu",
"date":"2012-11-30 15:18:52"
},
{
"kids":[],
"uid":"1905452460",
"parent":"",
"text":"真的这么可怕吗？有辟谣的没有啊？",
"mid":"z7AqOEx8J",
"date":"2012-11-30 15:18:33"
},
{
"kids":[],
"uid":"2697815511",
"parent":"",
"text":"微波炉加热食物真的那么可怕吗？[思考]",
"mid":"z7AqziH9O",
"date":"2012-11-30 15:17:58"
},
{
"kids":[],
"uid":"2958690437",
"parent":"",
"text":"",
"mid":"z7Aqej4vT",
"date":"2012-11-30 15:17:08"
},
{
"kids":[],
"uid":"216878",
"parent":"",
"text":"[怒]尼玛国外不用微波炉因为他们用烤箱!!!烤箱是靠电器元件放辐射加热食物的,尼玛怎么不说烤箱有害!!!这什么鸟吧~放谣言竟然tmd的不封帖封号!!!艹",
"mid":"z7Aq6nfOu",
"date":"2012-11-30 15:16:48"
},
{
"kids":[
"z7AzLjWcd"
],
"uid":"2079306771",
"parent":"z7Akzg6zM",
"text":"木有啊。我们所厨房就有微波炉，我怀孕的时候还跟我同事说有辐射我离远点，他看我像看外星人啊。。。",
"mid":"z7ApWk6v5",
"date":"2012-11-30 15:16:25"
},
{
"kids":[],
"uid":"208585264",
"parent":"",
"text":"像我们这样带饭的，可咋整啊。。。",
"mid":"z7ApQnA9e",
"date":"2012-11-30 15:16:11"
},
{
"kids":[
"z7APaCWVK"
],
"uid":"kabase7en",
"parent":"",
"text":"又看到这种bs帖@河马的Spencer",
"mid":"z7ApPcJSC",
"date":"2012-11-30 15:16:08"
},
{
"kids":[],
"uid":"1867397521",
"parent":"",
"text":"那我以后吃什么啊！！！",
"mid":"z7ApG2r9b",
"date":"2012-11-30 15:15:46"
},
{
"kids":[],
"uid":"svvvips",
"parent":"",
"text":"[晕]",
"mid":"z7ApExylK",
"date":"2012-11-30 15:15:43"
},
{
"kids":[],
"uid":"1912710050",
"parent":"",
"text":"",
"mid":"z7ApuyA4Y",
"date":"2012-11-30 15:15:17"
},
{
"kids":[],
"uid":"zhubaoshop",
"parent":"",
"text":"",
"mid":"z7Ap9i0pk",
"date":"2012-11-30 15:14:28"
},
{
"kids":[],
"uid":"wnna2010",
"parent":"",
"text":"",
"mid":"z7Ap6CgLK",
"date":"2012-11-30 15:14:20"
},
{
"kids":[],
"uid":"1961403455",
"parent":"",
"text":"我的妈啊，眼睛都看痛了，这么长，就是一句话，不要用微波炉了撒！晓得了不？",
"mid":"z7Ap2b7ji",
"date":"2012-11-30 15:14:11"
},
{
"kids":[],
"uid":"2848427263",
"parent":"",
"text":"",
"mid":"z7Ap28JS6",
"date":"2012-11-30 15:14:11"
},
{
"kids":[],
"uid":"2726641307",
"parent":"",
"text":"",
"mid":"z7Ap1x61e",
"date":"2012-11-30 15:14:10"
},
{
"kids":[
"z7AXFbgbb"
],
"uid":"1324701953",
"parent":"",
"text":"要引起重视啊@ @刘璨2011 @桦桦252423 @crucis_南 @涂涂misa认真你就输",
"mid":"z7Ap0oCUN",
"date":"2012-11-30 15:14:07"
},
{
"kids":[],
"uid":"2170721983",
"parent":"z7Amob3F9",
"text":"@狐假虎威1912",
"mid":"z7AoRgngM",
"date":"2012-11-30 15:13:45"
},
{
"kids":[
"z7F2zctqp",
"z7F2yAPJN"
],
"uid":"1758891455",
"parent":"",
"text":"真的假的…好吓人吧…",
"mid":"z7AoQn7WD",
"date":"2012-11-30 15:13:42"
},
{
"kids":[
"z7AuredG8"
],
"uid":"518677899",
"parent":"",
"text":"太可怕了",
"mid":"z7AoHtKYV",
"date":"2012-11-30 15:13:22"
},
{
"kids":[],
"uid":"2808440277",
"parent":"",
"text":"",
"mid":"z7AoGgBf3",
"date":"2012-11-30 15:13:19"
},
{
"kids":[],
"uid":"desiree0207",
"parent":"",
"text":"啊",
"mid":"z7AoG0ONU",
"date":"2012-11-30 15:13:18"
},
{
"kids":[],
"uid":"1772945350",
"parent":"",
"text":"@myp27 @只恋君心 @向日葵爱暖暖 @活力小秋秋秋",
"mid":"z7AoyhRit",
"date":"2012-11-30 15:13:00"
},
{
"kids":[],
"uid":"2928105050",
"parent":"",
"text":"",
"mid":"z7Aout6RJ",
"date":"2012-11-30 15:12:49"
},
{
"kids":[],
"uid":"3135994015",
"parent":"",
"text":"好嘛 个人也不喜欢用微波炉",
"mid":"z7AoqCxDh",
"date":"2012-11-30 15:12:42"
},
{
"kids":[],
"uid":"1304393651",
"parent":"",
"text":"正方",
"mid":"z7AonpnDv",
"date":"2012-11-30 15:12:32"
},
{
"kids":[],
"uid":"2279062702",
"parent":"",
"text":"",
"mid":"z7Ao9sptq",
"date":"2012-11-30 15:12:00"
},
{
"kids":[],
"uid":"2241793232",
"parent":"",
"text":"@马梓瑜    不是啊吧",
"mid":"z7Ao04HAO",
"date":"2012-11-30 15:11:39"
},
{
"kids":[],
"uid":"2181010992",
"parent":"",
"text":"太可怕了、、、原来是就知道，但是从来不知道这第严重、、啊，幸亏我不用也没那爱好、、",
"mid":"z7AnN4g7B",
"date":"2012-11-30 15:11:07"
},
{
"kids":[
"z91VQ0FV7",
"z91VPFN9b",
"z8kSZemsC",
"z89gmgbCL",
"z89glExVD"
],
"uid":"1221403590",
"parent":"",
"text":"",
"mid":"z7AnI3456",
"date":"2012-11-30 15:10:54"
},
{
"kids":[],
"uid":"1926662717",
"parent":"",
"text":"",
"mid":"z7AnBwK42",
"date":"2012-11-30 15:10:40"
},
{
"kids":[],
"uid":"2857821840",
"parent":"",
"text":"我几乎每天都是用微波炉加热饭菜，额····这个真的这么恐怖？、@this曹丹丹 @丁皮皮- @sunshine小敏儿 @",
"mid":"z7Ani1bBG",
"date":"2012-11-30 15:09:53"
},
{
"kids":[],
"uid":"234059735",
"parent":"",
"text":"",
"mid":"z7AngwiKl",
"date":"2012-11-30 15:09:50"
},
{
"kids":[],
"uid":"2772796242",
"parent":"",
"text":"",
"mid":"z7An7EjPe",
"date":"2012-11-30 15:09:29"
},
{
"kids":[],
"uid":"cathypmc",
"parent":"",
"text":"这也太恐怖了吧[生病]",
"mid":"z7AmQvhCd",
"date":"2012-11-30 15:08:46"
},
{
"kids":[],
"uid":"1963103237",
"parent":"",
"text":"",
"mid":"z7AmOcLEE",
"date":"2012-11-30 15:08:42"
},
{
"kids":[],
"uid":"xiangsiye77",
"parent":"",
"text":"#请插入话题名称#@央大圣",
"mid":"z7AmN0BwX",
"date":"2012-11-30 15:08:38"
},
{
"kids":[],
"uid":"1907582352",
"parent":"",
"text":"好可怕！！！[生病]",
"mid":"z7AmKjJTe",
"date":"2012-11-30 15:08:32"
},
{
"kids":[],
"uid":"2260914933",
"parent":"",
"text":"真的假的？ @忘忧草2837785567",
"mid":"z7AmJsWif",
"date":"2012-11-30 15:08:31"
},
{
"kids":[],
"uid":"2993451983",
"parent":"",
"text":"以后不要买微波炉了[泪]",
"mid":"z7AmJquSn",
"date":"2012-11-30 15:08:31"
},
{
"kids":[],
"uid":"1834338074",
"parent":"",
"text":"用微波炉加热食物有那么可怕吗？国家应该出来解释清楚，不要令国民有疑虑。你说用微波炉加热血液输入人体内人就死了，也许因为装血的塑料袋有害物质溶到血浆里了，混在一起输到人体人就会死的。如果用温水热可能不就会。因为没到高温是有害物不会释出。不要耸人听闻，唯巩天下不乱。",
"mid":"z7Amqy3F7",
"date":"2012-11-30 15:07:45"
},
{
"kids":[
"z8bYo7PKx",
"z80lpwLnP",
"z80lpfa8d",
"z7AoRgngM"
],
"uid":"1410747454",
"parent":"",
"text":"@怡帆1234",
"mid":"z7Amob3F9",
"date":"2012-11-30 15:07:40"
},
{
"kids":[],
"uid":"2847975462",
"parent":"",
"text":"",
"mid":"z7AmcjYXI",
"date":"2012-11-30 15:07:11"
},
{
"kids":[],
"uid":"2729140123",
"parent":"",
"text":"注意。。孩子们，慎用",
"mid":"z7Am8dwgz",
"date":"2012-11-30 15:07:00"
},
{
"kids":[
"z8cemBECg"
],
"uid":"2979299102",
"parent":"",
"text":"",
"mid":"z7AlIuIUV",
"date":"2012-11-30 15:05:59"
},
{
"kids":[],
"uid":"1827360220",
"parent":"",
"text":"真的假的呀~都用了这么多年了[挖鼻屎]",
"mid":"z7AlGrJv0",
"date":"2012-11-30 15:05:56"
},
{
"kids":[],
"uid":"2704994171",
"parent":"",
"text":"坏了[话筒]传播一下",
"mid":"z7AlE43uU",
"date":"2012-11-30 15:05:50"
},
{
"kids":[],
"uid":"2479728872",
"parent":"",
"text":"[吃惊]",
"mid":"z7Alzkf94",
"date":"2012-11-30 15:05:39"
},
{
"kids":[
"z7DtAg17c"
],
"uid":"1769784167",
"parent":"",
"text":"",
"mid":"z7AlmjnzC",
"date":"2012-11-30 15:05:05"
},
{
"kids":[],
"uid":"1496947073",
"parent":"",
"text":"我家微波炉已经在6年前就消失了",
"mid":"z7AlhiFWG",
"date":"2012-11-30 15:04:56"
},
{
"kids":[],
"uid":"guxiaoyan86",
"parent":"",
"text":"那还带不带饭盒上班呀 [可怜]",
"mid":"z7Alg9Ju7",
"date":"2012-11-30 15:04:52"
},
{
"kids":[],
"uid":"1878831852",
"parent":"",
"text":"这是搞笑的文章吗？ 这原理能一样吗。还中和脑磁波呢。脑残才会相信。 不用微波炉加热血是因为加热不均匀会破坏血细胞。不用其加热婴儿牛奶也是怕局部受热不均匀烫伤婴儿。在众多烹饪方法中 微波加热是营养物损失最少最健康的方式。",
"mid":"z7Alc2Pn3",
"date":"2012-11-30 15:04:43"
},
{
"kids":[],
"uid":"1790960887",
"parent":"",
"text":"",
"mid":"z7Albo1ns",
"date":"2012-11-30 15:04:42"
},
{
"kids":[
"z7PYNaoq4",
"z7N1Xdrb5",
"z7N1WCmPO"
],
"uid":"3105085035",
"parent":"",
"text":"微波炉加热食物真的太可怕了[思考]",
"mid":"z7Alactj8",
"date":"2012-11-30 15:04:40"
},
{
"kids":[],
"uid":"2505219271",
"parent":"",
"text":"",
"mid":"z7Al64iIO",
"date":"2012-11-30 15:04:29"
},
{
"kids":[],
"uid":"2365332657",
"parent":"",
"text":"",
"mid":"z7Al4hOGO",
"date":"2012-11-30 15:04:25"
},
{
"kids":[],
"uid":"1756368107",
"parent":"",
"text":"",
"mid":"z7AkXwsti",
"date":"2012-11-30 15:04:09"
},
{
"kids":[],
"uid":"snowdeerforever",
"parent":"",
"text":"真的假的？？恐怖……求鉴定！！",
"mid":"z7AkVa2w5",
"date":"2012-11-30 15:04:03"
},
{
"kids":[],
"uid":"loveyingyingluo",
"parent":"",
"text":"",
"mid":"z7AkOBWgY",
"date":"2012-11-30 15:03:48"
},
{
"kids":[],
"uid":"maomaoshier",
"parent":"",
"text":"啊！！！",
"mid":"z7AkGnpbv",
"date":"2012-11-30 15:03:28"
},
{
"kids":[],
"uid":"qqsdxt",
"parent":"",
"text":"@熊小文-",
"mid":"z7AkE3DZ0",
"date":"2012-11-30 15:03:22"
},
{
"kids":[
"z8qPBaZZB",
"z8fXtBMjO",
"z8fXtzUEz",
"z8aUZmLiw",
"z8aUZ5a8L",
"z810HprLv"
],
"uid":"1778913682",
"parent":"",
"text":"",
"mid":"z7AkBEfd8",
"date":"2012-11-30 15:03:16"
},
{
"kids":[
"z7ApWk6v5"
],
"uid":"2109973215",
"parent":"",
"text":"真的假的啊？吃AILI蛋糕立马拉肚子，吃微波炉加热过的东西暂时还没啥不良反应@糊里糊涂的猪 你那边家庭都不用微波炉？",
"mid":"z7Akzg6zM",
"date":"2012-11-30 15:03:11"
},
{
"kids":[
"z8ufc8YUm",
"z8nu1kdAw",
"z8nu1jt5W",
"z7C5QA3a3"
],
"uid":"2026751053",
"parent":"",
"text":"微波炉加热食物真的那么可怕吗？[思考]",
"mid":"z7AktnfRt",
"date":"2012-11-30 15:02:55"
},
{
"kids":[],
"uid":"2272830892",
"parent":"",
"text":"微波加热后的食品真有这么可怕吗？中午看来得改到食堂排队买饭了。[晕]",
"mid":"z7AkpyxZE",
"date":"2012-11-30 15:02:48"
},
{
"kids":[
"z8hVOABZ5",
"z8hVOyS0C"
],
"uid":"1915579803",
"parent":"",
"text":"以后不敢带饭了！",
"mid":"z7AkpwGxR",
"date":"2012-11-30 15:02:47"
},
{
"kids":[],
"uid":"yangyijie510",
"parent":"",
"text":"",
"mid":"z7Ak7bIvM",
"date":"2012-11-30 15:02:04"
},
{
"kids":[
"z7YgdljzC",
"z7Ygd3Iqo"
],
"uid":"3109967495",
"parent":"",
"text":"看了微波炉加热食物的危害一文，以后还是少用微波炉为妙！",
"mid":"z7Ak6itwA",
"date":"2012-11-30 15:02:00"
},
{
"kids":[],
"uid":"1889026985",
"parent":"",
"text":"",
"mid":"z7AjXsisz",
"date":"2012-11-30 15:01:40"
},
{
"kids":[],
"uid":"1633754821",
"parent":"",
"text":"",
"mid":"z7AjWhWzT",
"date":"2012-11-30 15:01:38"
},
{
"kids":[],
"uid":"1557584424",
"parent":"",
"text":"慌慌，每天早上都用微波炉牛奶。这离那个啥有多近呀！今天回家要不要把微波炉砸了？[疑问]",
"mid":"z7AjLEGmF",
"date":"2012-11-30 15:01:13"
},
{
"kids":[
"z7AVx6JuB",
"z7AwU00UA"
],
"uid":"laobaiyanzi",
"parent":"",
"text":"我只知道微波炉会破坏食物结构，我家已经五年没用了",
"mid":"z7AjLn4Tw",
"date":"2012-11-30 15:01:11"
},
{
"kids":[],
"uid":"tingsiwon",
"parent":"",
"text":"真的假的？求科普啊",
"mid":"z7AjL3MVi",
"date":"2012-11-30 15:01:11"
},
{
"kids":[],
"uid":"2902449120",
"parent":"",
"text":"真的，假的。微波炉在中国普及也有20-30年了吧[悲伤]",
"mid":"z7AjA9mIw",
"date":"2012-11-30 15:00:45"
},
{
"kids":[],
"uid":"1956947894",
"parent":"",
"text":"",
"mid":"z7AjwhxyO",
"date":"2012-11-30 15:00:34"
},
{
"kids":[
"z7CiblJGT"
],
"uid":"peter0406",
"parent":"z7Ahh5lRR",
"text":"怎么办~",
"mid":"z7AjudrKd",
"date":"2012-11-30 15:00:31"
},
{
"kids":[],
"uid":"amberqian",
"parent":"",
"text":"@瑞拉de心情物語 @木小夕的闲言碎語",
"mid":"z7AjsoMoB",
"date":"2012-11-30 15:00:27"
},
{
"kids":[],
"uid":"2862476480",
"parent":"",
"text":"好久都没用了,呵呵",
"mid":"z7Ajq35YQ",
"date":"2012-11-30 15:00:22"
},
{
"kids":[],
"uid":"hsjy0",
"parent":"",
"text":"真不敢用了！",
"mid":"z7AjnqCAf",
"date":"2012-11-30 15:00:14"
},
{
"kids":[],
"uid":"1868998092",
"parent":"",
"text":"我擦！！外面的地沟油餐馆不能吃，自己带饭微波炉不能用，大家都活活饿死好了，还让不让人活了",
"mid":"z7AjiEEIj",
"date":"2012-11-30 15:00:04"
},
{
"kids":[],
"uid":"2159858102",
"parent":"",
"text":"",
"mid":"z7Aji5sd5",
"date":"2012-11-30 15:00:02"
},
{
"kids":[],
"uid":"2396767204",
"parent":"",
"text":"",
"mid":"z7AjgjFAj",
"date":"2012-11-30 14:59:58"
},
{
"kids":[
"z7Ay3fkIz"
],
"uid":"2185583950",
"parent":"",
"text":"如果是真的，那微波炉的生产商们赶快改行吧~~",
"mid":"z7Aj8Fa6j",
"date":"2012-11-30 14:59:39"
},
{
"kids":[
"z8uhqqZlv",
"z8oyBEufU",
"z8nyao8FH",
"z7C8j5t6G"
],
"uid":"2698179462",
"parent":"",
"text":"不知道是真是假，亲爱的你们还是要注意下哦！@雲ybfq_lzq @lollipop-YY要美好明天 @有个女生叫月儿",
"mid":"z7Aj83kpf",
"date":"2012-11-30 14:59:38"
},
{
"kids":[],
"uid":"1265036133",
"parent":"",
"text":"前两天还收了一个微波小食，准备这个星期天试试，下次买烤箱好了",
"mid":"z7Aj31du4",
"date":"2012-11-30 14:59:26"
},
{
"kids":[
"z7GmlfvDK"
],
"uid":"1750291495",
"parent":"",
"text":"回家扔掉！",
"mid":"z7AiTxATP",
"date":"2012-11-30 14:59:04"
},
{
"kids":[],
"uid":"2330110300",
"parent":"",
"text":"",
"mid":"z7AiSElV0",
"date":"2012-11-30 14:59:02"
},
{
"kids":[],
"uid":"jayandj",
"parent":"",
"text":"",
"mid":"z7AiMu71X",
"date":"2012-11-30 14:58:47"
},
{
"kids":[],
"uid":"2675459543",
"parent":"",
"text":"",
"mid":"z7AiMdJsM",
"date":"2012-11-30 14:58:44"
},
{
"kids":[],
"uid":"1136129891",
"parent":"",
"text":"微波炉不能用了，那用什么东西把食物加热呢。这个很焦虑啊。",
"mid":"z7AiEdKbU",
"date":"2012-11-30 14:58:27"
},
{
"kids":[],
"uid":"riwayat",
"parent":"",
"text":"",
"mid":"z7AivjMbM",
"date":"2012-11-30 14:58:06"
},
{
"kids":[],
"uid":"2314870595",
"parent":"",
"text":"@陳米奇米奇 @这货不是拉拉 @漂浮的落叶01 @变脸小丸子",
"mid":"z7Aitgo5K",
"date":"2012-11-30 14:57:59"
},
{
"kids":[
"z7Cbt18Dr"
],
"uid":"2295043782",
"parent":"",
"text":"@陈MM大童鞋 @菜刀帮帮主儿 @Jaby- @w-wendyyyy",
"mid":"z7Ait02jM",
"date":"2012-11-30 14:58:01"
},
{
"kids":[],
"uid":"sususansan7946",
"parent":"",
"text":"看了觉得真的很可怕！！",
"mid":"z7Aisn92I",
"date":"2012-11-30 14:57:59"
},
{
"kids":[],
"uid":"515080126",
"parent":"",
"text":"",
"mid":"z7Aimdkp7",
"date":"2012-11-30 14:57:44"
},
{
"kids":[
"z7K2ijjFf"
],
"uid":"zhlqyh11301011",
"parent":"",
"text":"",
"mid":"z7AijusRs",
"date":"2012-11-30 14:57:36"
},
{
"kids":[],
"uid":"3130889615",
"parent":"",
"text":"",
"mid":"z7Aii2Ith",
"date":"2012-11-30 14:57:33"
},
{
"kids":[],
"uid":"2139415841",
"parent":"",
"text":"",
"mid":"z7AihshSw",
"date":"2012-11-30 14:57:31"
},
{
"kids":[],
"uid":"shen262",
"parent":"",
"text":"我家的微波炉已经闲置好久~~偶尔用来消毒~",
"mid":"z7Aicat7f",
"date":"2012-11-30 14:57:20"
},
{
"kids":[],
"uid":"1210365563",
"parent":"",
"text":"",
"mid":"z7Ai9uJvL",
"date":"2012-11-30 14:57:15"
},
{
"kids":[
"zcEvMbOaj",
"z7AZqeL8Y"
],
"uid":"ph66food",
"parent":"",
"text":"求专家证实。",
"mid":"z7Ai54WAM",
"date":"2012-11-30 14:57:03"
},
{
"kids":[],
"uid":"1733391864",
"parent":"",
"text":"我有时候炒菜为了快些，会先把菜用微波炉热一下，尤其是豆角一类不好熟的菜。@福昕范惠珍",
"mid":"z7Ai0iKC2",
"date":"2012-11-30 14:56:53"
},
{
"kids":[
"z7RvRnwIp"
],
"uid":"qingtianxinli",
"parent":"",
"text":"",
"mid":"z7AhZ7dkj",
"date":"2012-11-30 14:56:49"
},
{
"kids":[],
"uid":"3114397897",
"parent":"",
"text":"",
"mid":"z7AhX3PaR",
"date":"2012-11-30 14:56:44"
},
{
"kids":[],
"uid":"1904241771",
"parent":"",
"text":"真的吗？太可怕了！",
"mid":"z7AhUnp4S",
"date":"2012-11-30 14:56:38"
},
{
"kids":[],
"uid":"2960979291",
"parent":"",
"text":"@赵梦茹--未来的瘦子 @何小婉-",
"mid":"z7AhTenRe",
"date":"2012-11-30 14:56:34"
},
{
"kids":[],
"uid":"1777883185",
"parent":"",
"text":"那么可怕@merryfish @Sunny-璨 @请给我一个好听的微博名 @付小月_figting",
"mid":"z7AhK3FS7",
"date":"2012-11-30 14:56:11"
},
{
"kids":[],
"uid":"1011364085",
"parent":"",
"text":"",
"mid":"z7AhF1znv",
"date":"2012-11-30 14:56:02"
},
{
"kids":[],
"uid":"renxingxiaoya",
"parent":"",
"text":"要是真的就可怕了",
"mid":"z7AhBvyiO",
"date":"2012-11-30 14:55:50"
},
{
"kids":[],
"uid":"2125737793",
"parent":"",
"text":"要让大家都知道！转了",
"mid":"z7AhA0QSO",
"date":"2012-11-30 14:55:48"
},
{
"kids":[],
"uid":"2020lh",
"parent":"",
"text":"",
"mid":"z7AhwrSOe",
"date":"2012-11-30 14:55:41"
},
{
"kids":[
"z7BbQi7x4",
"z7AGZzgs8"
],
"uid":"2204593007",
"parent":"",
"text":"",
"mid":"z7AhpDibF",
"date":"2012-11-30 14:55:24"
},
{
"kids":[],
"uid":"3124074335",
"parent":"",
"text":"天啊，太可怕了，，！！都过来看看，！",
"mid":"z7AhkCzxt",
"date":"2012-11-30 14:55:11"
},
{
"kids":[],
"uid":"csbusfans",
"parent":"",
"text":"",
"mid":"z7Ahk3n2k",
"date":"2012-11-30 14:55:11"
},
{
"kids":[
"z7AjudrKd"
],
"uid":"206678313",
"parent":"",
"text":"真的假的........",
"mid":"z7Ahh5lRR",
"date":"2012-11-30 14:55:04"
},
{
"kids":[],
"uid":"2448074793",
"parent":"",
"text":"我觉得吧，还是不要用的好！",
"mid":"z7AhdzeuU",
"date":"2012-11-30 14:54:55"
},
{
"kids":[],
"uid":"2891936910",
"parent":"",
"text":"转发@@",
"mid":"z7Ah5g2ZQ",
"date":"2012-11-30 14:54:36"
},
{
"kids":[
"z7BFUeBMO"
],
"uid":"1747925333",
"parent":"z7AeDpE5I",
"text":"@闻宇律师 这里怎么都是一个已经不存在的国家的人研究出来的？？",
"mid":"z7AgVde6L",
"date":"2012-11-30 14:54:12"
},
{
"kids":[],
"uid":"2063075351",
"parent":"",
"text":"以后我们怎么吃饭呢@o小米窝o",
"mid":"z7AgPE14u",
"date":"2012-11-30 14:53:59"
},
{
"kids":[
"z7Awjn5CR"
],
"uid":"szkelai",
"parent":"z7Ag4ECzN",
"text":"这种时候就要来求助@果壳网 @谣言粉碎机",
"mid":"z7AgJqyK9",
"date":"2012-11-30 14:53:44"
},
{
"kids":[],
"uid":"2001679251",
"parent":"",
"text":"我想把我家的微波炉给扔了~~~谁要谁要??",
"mid":"z7AgCl28L",
"date":"2012-11-30 14:53:25"
},
{
"kids":[],
"uid":"2280096035",
"parent":"",
"text":"微波炉做米饭~不知好不好？",
"mid":"z7Agyc2Pt",
"date":"2012-11-30 14:53:18"
},
{
"kids":[],
"uid":"galilei",
"parent":"",
"text":"",
"mid":"z7AgtcAxw",
"date":"2012-11-30 14:53:05"
},
{
"kids":[],
"uid":"1870387731",
"parent":"",
"text":"看来微波炉也不能用了@追逐属于偶的幸福 好可怕[吃惊]",
"mid":"z7AgsfBmV",
"date":"2012-11-30 14:53:03"
},
{
"kids":[],
"uid":"2850413204",
"parent":"",
"text":"",
"mid":"z7Agp0FUd",
"date":"2012-11-30 14:52:53"
},
{
"kids":[],
"uid":"1983733123",
"parent":"",
"text":"恐怖",
"mid":"z7Ago9dOa",
"date":"2012-11-30 14:52:53"
},
{
"kids":[],
"uid":"1856196614",
"parent":"",
"text":"这是真的吗？以前只听说过用微波炉热牛奶不好，但不好的原因并没有分析的很透彻[思考]",
"mid":"z7Agm3lGt",
"date":"2012-11-30 14:52:48"
},
{
"kids":[],
"uid":"3164578913",
"parent":"",
"text":"",
"mid":"z7Agm3lD4",
"date":"2012-11-30 14:52:48"
},
{
"kids":[],
"uid":"imsxx",
"parent":"",
"text":"这是真的吗~",
"mid":"z7Agf1xbu",
"date":"2012-11-30 14:52:31"
},
{
"kids":[],
"uid":"nydiakoo",
"parent":"",
"text":"",
"mid":"z7Ag9CoHU",
"date":"2012-11-30 14:52:17"
},
{
"kids":[
"z7AgJqyK9"
],
"uid":"lover830710",
"parent":"",
"text":"",
"mid":"z7Ag4ECzN",
"date":"2012-11-30 14:52:07"
},
{
"kids":[],
"uid":"2634025737",
"parent":"",
"text":"",
"mid":"z7Ag3q90H",
"date":"2012-11-30 14:52:04"
},
{
"kids":[],
"uid":"guojian329",
"parent":"",
"text":"以后不用微波炉热了。@幸福小熊Jim",
"mid":"z7Ag2h5zc",
"date":"2012-11-30 14:51:59"
},
{
"kids":[
"z7C9X5BA3",
"z7AIpkhnD"
],
"uid":"1626998361",
"parent":"",
"text":"帽吓人的。不过，医生是禁止小宝宝吃微波炉转过的食品的，难道就是这个道理？",
"mid":"z7AfZlAkG",
"date":"2012-11-30 14:51:54"
},
{
"kids":[],
"uid":"2312215053",
"parent":"",
"text":"",
"mid":"z7AfHzNIP",
"date":"2012-11-30 14:51:12"
},
{
"kids":[],
"uid":"zdlibs",
"parent":"",
"text":"好可怕[疑问][汗]",
"mid":"z7AfGoXrz",
"date":"2012-11-30 14:51:09"
},
{
"kids":[
"z7CEpycmI"
],
"uid":"2208615214",
"parent":"",
"text":"以前都不知道的，好恐怖啊！@何CLORIS @我家艾菲铁塔是内八 @妮妮妮Missicy",
"mid":"z7AfwDJzf",
"date":"2012-11-30 14:50:46"
},
{
"kids":[],
"uid":"2592688272",
"parent":"",
"text":"微波炉加热食物真的那么可怕吗？",
"mid":"z7AfuxRw0",
"date":"2012-11-30 14:50:41"
},
{
"kids":[],
"uid":"2612212637",
"parent":"",
"text":"用它都成习惯了，怎么办？#急#:O",
"mid":"z7AfsevhW",
"date":"2012-11-30 14:50:35"
},
{
"kids":[],
"uid":"2796224835",
"parent":"",
"text":"",
"mid":"z7Afr1kNc",
"date":"2012-11-30 14:50:32"
},
{
"kids":[
"z8yZD4uO9",
"z8mibya7Z",
"z8mibwTbM",
"z7BrkCSo0"
],
"uid":"1437692455",
"parent":"",
"text":"微波炉加热食物真的那么可怕吗？",
"mid":"z7Afnu9dF",
"date":"2012-11-30 14:50:23"
},
{
"kids":[],
"uid":"2867457000",
"parent":"",
"text":"",
"mid":"z7Afmjj1o",
"date":"2012-11-30 14:50:21"
},
{
"kids":[],
"uid":"monanxs",
"parent":"",
"text":"求辟谣！！！！",
"mid":"z7Af8FJ8p",
"date":"2012-11-30 14:49:49"
},
{
"kids":[],
"uid":"244475918",
"parent":"",
"text":"微波炉加热食物真的那么可怕吗？[思考]",
"mid":"z7AeV7tFs",
"date":"2012-11-30 14:49:16"
},
{
"kids":[
"z7AViFsht",
"z7AgVde6L"
],
"uid":"512395848",
"parent":"",
"text":"",
"mid":"z7AeDpE5I",
"date":"2012-11-30 14:48:34"
},
{
"kids":[],
"uid":"liuzhuojun",
"parent":"",
"text":"",
"mid":"z7AergBtG",
"date":"2012-11-30 14:48:06"
},
{
"kids":[],
"uid":"515567007",
"parent":"",
"text":"哎呦哎呦，万幸啊我家没微波炉，结婚时老公要买我没让，我说要买烤箱，意见不统一所以都没买，赶紧给家人说说不要微波炉",
"mid":"z7zXsc2Kh",
"date":"2012-11-30 14:06:15"
},
{
"kids":[],
"uid":"1884492764",
"parent":"z7zISy5z0",
"text":"可怕",
"mid":"z7zOc0HgX",
"date":"2012-11-30 13:43:25"
},
{
"kids":[
"z7zOc0HgX"
],
"uid":"1795510857",
"parent":"",
"text":"[生病]",
"mid":"z7zISy5z0",
"date":"2012-11-30 13:30:20"
},
{
"kids":[],
"uid":"2604858690",
"parent":"",
"text":"",
"mid":"z7zvoirM3",
"date":"2012-11-30 12:57:06"
},
{
"kids":[],
"uid":"xiaolvmary",
"parent":"",
"text":"我天天都用，有什么办法呢，现在这个世界怕这怕那的喝水都会中毒呢，难道就不吃不喝了",
"mid":"z7zg6Bs5y",
"date":"2012-11-30 12:19:27"
}
]