[
{
"kids":[],
"uid":"1271630462",
"parent":"",
"text":"",
"mid":"zhNUvjyhL",
"date":"2013-02-05 20:00:29"
},
{
"kids":[],
"uid":"roy311",
"parent":"",
"text":"哪里有什么国有资产，明明是＂官有党有＂",
"mid":"zfU1n4BPU",
"date":"2013-01-24 07:53:14"
},
{
"kids":[],
"uid":"2789867922",
"parent":"zf1tt7OMv",
"text":"",
"mid":"zfz9YnbsC",
"date":"2013-01-22 02:46:46"
},
{
"kids":[],
"uid":"2803644812",
"parent":"zfaybxAME",
"text":"",
"mid":"zfu08tRPe",
"date":"2013-01-21 13:38:48"
},
{
"kids":[],
"uid":"2920136262",
"parent":"zf1tt7OMv",
"text":"",
"mid":"zftbzBu52",
"date":"2013-01-21 11:34:13"
},
{
"kids":[],
"uid":"2237513637",
"parent":"zeXKi0GNK",
"text":"",
"mid":"zfeXh17St",
"date":"2013-01-19 23:20:33"
},
{
"kids":[],
"uid":"1694492304",
"parent":"zeWrexCCT",
"text":"",
"mid":"zfecKlb6c",
"date":"2013-01-19 21:25:53"
},
{
"kids":[],
"uid":"www12366org",
"parent":"zeWbWzhFH",
"text":"",
"mid":"zfdw6hLvU",
"date":"2013-01-19 19:40:52"
},
{
"kids":[],
"uid":"lwel",
"parent":"zf8hh38Sr",
"text":"",
"mid":"zfbaDBNcr",
"date":"2013-01-19 13:42:29"
},
{
"kids":[
"zfu08tRPe"
],
"uid":"1800045301",
"parent":"zf5ZmaHTA",
"text":"",
"mid":"zfaybxAME",
"date":"2013-01-19 12:07:45"
},
{
"kids":[],
"uid":"1366991633",
"parent":"",
"text":"",
"mid":"zfakG8Myb",
"date":"2013-01-19 11:34:26"
},
{
"kids":[],
"uid":"54dd",
"parent":"",
"text":"最喜欢打脸贴",
"mid":"zf9JS5Ex6",
"date":"2013-01-19 10:03:46"
},
{
"kids":[],
"uid":"2660465001",
"parent":"",
"text":"万分之0.7的年收益率？国家权力机构就这经营水平？",
"mid":"zf9gmnpX4",
"date":"2013-01-19 08:51:05"
},
{
"kids":[],
"uid":"love910825",
"parent":"",
"text":"",
"mid":"zf8ONyheb",
"date":"2013-01-19 07:43:11"
},
{
"kids":[],
"uid":"2458038464",
"parent":"zf8hh38Sr",
"text":"",
"mid":"zf8OddBtj",
"date":"2013-01-19 07:41:44"
},
{
"kids":[],
"uid":"1046216824",
"parent":"zeWbWzhFH",
"text":"",
"mid":"zf8LptQCu",
"date":"2013-01-19 07:34:50"
},
{
"kids":[],
"uid":"578222258",
"parent":"",
"text":"",
"mid":"zf8JjqHlU",
"date":"2013-01-19 07:29:40"
},
{
"kids":[
"zfbaDBNcr",
"zf8OddBtj"
],
"uid":"1403604440",
"parent":"zf5UnosIq",
"text":"尼玛的国有企业什么时候国有过？",
"mid":"zf8hh38Sr",
"date":"2013-01-19 06:20:35"
},
{
"kids":[],
"uid":"2282395795",
"parent":"",
"text":"转发微博。",
"mid":"zf86UEMoJ",
"date":"2013-01-19 05:55:03"
},
{
"kids":[],
"uid":"2288469667",
"parent":"zf5Lsvb8S",
"text":"[鄙视]",
"mid":"zf7HL2ydi",
"date":"2013-01-19 04:53:05"
},
{
"kids":[],
"uid":"2242576384",
"parent":"zf67j4m7a",
"text":"国家的繁荣与人民的幸福感是相关的，社会的稳定与百姓的乐业是相关的，民主民治权为民用，终究还是需要来自充分公平的竞争，让市场公平的竞争，定会有来自竞争的繁荣。这个不是丢脸不丢脸的事情，关系到我们民族能否健康的复兴。",
"mid":"zf6xJ0K41",
"date":"2013-01-19 01:55:37"
},
{
"kids":[],
"uid":"2167989583",
"parent":"",
"text":"",
"mid":"zf6uVuzzq",
"date":"2013-01-19 01:48:43"
},
{
"kids":[],
"uid":"1276804715",
"parent":"zf67j4m7a",
"text":"现在要搞私有话就更难了，剩下这些都是资产上百亿的大企业卖给谁?怎么分配利益？没准又便宜给了关系户，改革难度太大了。",
"mid":"zf6fev1DH",
"date":"2013-01-19 01:10:04"
},
{
"kids":[
"zf6xJ0K41",
"zf6fev1DH"
],
"uid":"1947013245",
"parent":"zf5Q8rkXx",
"text":"好象真的！",
"mid":"zf67j4m7a",
"date":"2013-01-19 00:50:32"
},
{
"kids":[],
"uid":"277772090",
"parent":"zf5ZmaHTA",
"text":"",
"mid":"zf6424KHd",
"date":"2013-01-19 00:42:28"
},
{
"kids":[],
"uid":"zhaohui178",
"parent":"zf60Npr3X",
"text":"[围观]",
"mid":"zf62TqRDD",
"date":"2013-01-19 00:39:40"
},
{
"kids":[
"zf62TqRDD"
],
"uid":"1448231743",
"parent":"zf5UnosIq",
"text":"肥了某些集团咯。垄断又不分股给百姓。",
"mid":"zf60Npr3X",
"date":"2013-01-19 00:34:30"
},
{
"kids":[
"zfaybxAME",
"zf6424KHd"
],
"uid":"2956502321",
"parent":"",
"text":"",
"mid":"zf5ZmaHTA",
"date":"2013-01-19 00:30:58"
},
{
"kids":[],
"uid":"2088954697",
"parent":"",
"text":"开源了，顺便也截了流。您说呢？",
"mid":"zf5WL9QyW",
"date":"2013-01-19 00:24:31"
},
{
"kids":[],
"uid":"1401238875",
"parent":"",
"text":"",
"mid":"zf5VApEDo",
"date":"2013-01-19 00:21:40"
},
{
"kids":[
"zf8hh38Sr",
"zf60Npr3X"
],
"uid":"1923220570",
"parent":"zf5Q8rkXx",
"text":"",
"mid":"zf5UnosIq",
"date":"2013-01-19 00:18:41"
},
{
"kids":[
"zf67j4m7a",
"zf5UnosIq"
],
"uid":"208083776",
"parent":"zf5Lsvb8S",
"text":"丢人现眼！[怒]",
"mid":"zf5Q8rkXx",
"date":"2013-01-19 00:08:14"
},
{
"kids":[],
"uid":"1309290112",
"parent":"zf5Lh1bok",
"text":"",
"mid":"zf5Q4xoqD",
"date":"2013-01-19 00:08:06"
},
{
"kids":[],
"uid":"1705250907",
"parent":"zf5Lsvb8S",
"text":"",
"mid":"zf5PSrLfY",
"date":"2013-01-19 00:07:36"
},
{
"kids":[],
"uid":"2392996062",
"parent":"zf5Lsvb8S",
"text":"",
"mid":"zf5MPk9OU",
"date":"2013-01-19 00:00:03"
},
{
"kids":[
"zf7HL2ydi",
"zf5Q8rkXx",
"zf5PSrLfY",
"zf5MPk9OU"
],
"uid":"2943802930",
"parent":"zf5Ksa8Y7",
"text":"全让你们贪污了 还有脸在这总结工作！",
"mid":"zf5Lsvb8S",
"date":"2013-01-18 23:56:43"
},
{
"kids":[],
"uid":"1599762067",
"parent":"zf5Ksa8Y7",
"text":"",
"mid":"zf5LquwQd",
"date":"2013-01-18 23:56:35"
},
{
"kids":[
"zf5Q4xoqD"
],
"uid":"2943802930",
"parent":"zf5Ksa8Y7",
"text":"",
"mid":"zf5Lh1bok",
"date":"2013-01-18 23:56:16"
},
{
"kids":[
"zf5Lsvb8S",
"zf5LquwQd",
"zf5Lh1bok"
],
"uid":"2235972447",
"parent":"",
"text":"[偷笑][哈哈]",
"mid":"zf5Ksa8Y7",
"date":"2013-01-18 23:54:15"
},
{
"kids":[],
"uid":"1946892584",
"parent":"",
"text":"",
"mid":"zf5GSwYkd",
"date":"2013-01-18 23:45:22"
},
{
"kids":[],
"uid":"2189549192",
"parent":"",
"text":"哎！知道太多也不是件好事@侯宁: 据中国财政部2012年6月１５日公布的数据显示，去年前５个月，全国有企业应交税费１万3千7百多亿元，已交税费15554．８亿元，那么所谓“国有资产经营收入800亿”“上缴财政70多亿”从何而来的呢？须知，这统计的可只是五个月的上缴啊",
"mid":"zf5G9lw1s",
"date":"2013-01-18 23:43:36"
},
{
"kids":[],
"uid":"stutostu",
"parent":"",
"text":"[good]微博谣言多，要自己动手查 http:",
"mid":"zf5mWcmh8",
"date":"2013-01-18 22:56:18"
},
{
"kids":[],
"uid":"1664286581",
"parent":"",
"text":"博主扯淡，中小民企都忙着偷漏税，国企才是纳税先锋。",
"mid":"zf57minC6",
"date":"2013-01-18 22:17:55"
},
{
"kids":[],
"uid":"1829333497",
"parent":"",
"text":"",
"mid":"zf56Og8Y8",
"date":"2013-01-18 22:16:31"
},
{
"kids":[],
"uid":"1432440665",
"parent":"",
"text":"黄总还挺帅的！",
"mid":"zf54GuWPe",
"date":"2013-01-18 22:11:19"
},
{
"kids":[],
"uid":"vengerre",
"parent":"",
"text":"垃圾营销账号。。。",
"mid":"zf53wo3R7",
"date":"2013-01-18 22:08:28"
},
{
"kids":[],
"uid":"2609419291",
"parent":"",
"text":"胖子: 12年的数据国企应缴税费3.35万亿，其中央企2.52万亿。",
"mid":"zf52BkMjv",
"date":"2013-01-18 22:06:09"
},
{
"kids":[],
"uid":"1879904224",
"parent":"",
"text":"",
"mid":"zf52zgGXw",
"date":"2013-01-18 22:06:08"
},
{
"kids":[],
"uid":"1879904224",
"parent":"zeWcLp3WO",
"text":"",
"mid":"zf4Wkboov",
"date":"2013-01-18 21:50:44"
},
{
"kids":[],
"uid":"hjq0927",
"parent":"zeW6dp2gg",
"text":"140万亿赚700亿相当于每140万赚700块钱啊!这是什么效率啊???",
"mid":"zf32TATQk",
"date":"2013-01-18 17:01:26"
},
{
"kids":[],
"uid":"2992739237",
"parent":"zeW6dp2gg",
"text":"不是返还给企业了？",
"mid":"zf2AZ9smD",
"date":"2013-01-18 15:52:39"
},
{
"kids":[],
"uid":"1979512577",
"parent":"",
"text":"",
"mid":"zf2fO0yhU",
"date":"2013-01-18 15:00:29"
},
{
"kids":[],
"uid":"2251053630",
"parent":"",
"text":"",
"mid":"zf23YgAHv",
"date":"2013-01-18 14:31:20"
},
{
"kids":[],
"uid":"2771249333",
"parent":"zeVYk8GrQ",
"text":"问题是国企完全没有加強自身管理的意愿，他们靠垄断赚取巨额特权利润，这样的国企，对国民有何用？",
"mid":"zf1XnkCVC",
"date":"2013-01-18 14:15:05"
},
{
"kids":[],
"uid":"2890831265",
"parent":"",
"text":"我擦累",
"mid":"zf1HWwsXG",
"date":"2013-01-18 13:37:02"
},
{
"kids":[],
"uid":"2664480953",
"parent":"zeWbWzhFH",
"text":"",
"mid":"zf1z1Cnby",
"date":"2013-01-18 13:15:06"
},
{
"kids":[
"zfz9YnbsC",
"zftbzBu52"
],
"uid":"2722526931",
"parent":"",
"text":"国资再不改革最后会形成负资产，应退出非战略性行业，充实社保资金。",
"mid":"zf1tt7OMv",
"date":"2013-01-18 13:01:24"
},
{
"kids":[],
"uid":"3008352157",
"parent":"zeW6dp2gg",
"text":"？？？疑问",
"mid":"zf1b4xXbP",
"date":"2013-01-18 12:16:05"
},
{
"kids":[],
"uid":"3018235057",
"parent":"zeW6dp2gg",
"text":"",
"mid":"zf0L7yftQ",
"date":"2013-01-18 11:12:09"
},
{
"kids":[],
"uid":"2168102265",
"parent":"zeWML0Mc3",
"text":"好好算算账，别乱说话",
"mid":"zf0c79qbp",
"date":"2013-01-18 09:45:54"
},
{
"kids":[],
"uid":"kitelovefeng918",
"parent":"zeWRJuvRj",
"text":"",
"mid":"zf0bnnWTb",
"date":"2013-01-18 09:44:05"
},
{
"kids":[],
"uid":"2155793867",
"parent":"zeW6dp2gg",
"text":"你居然相信统计。",
"mid":"zf09xib1B",
"date":"2013-01-18 09:39:32"
},
{
"kids":[],
"uid":"lianhuayoudao",
"parent":"zeW6dp2gg",
"text":"",
"mid":"zf06VDoo5",
"date":"2013-01-18 09:33:07"
},
{
"kids":[],
"uid":"2707080727",
"parent":"zeW6dp2gg",
"text":"",
"mid":"zeZXqbcoQ",
"date":"2013-01-18 09:09:42"
},
{
"kids":[],
"uid":"qishengfalvfengxian",
"parent":"zeWcLp3WO",
"text":"",
"mid":"zeZWCvy23",
"date":"2013-01-18 09:07:43"
},
{
"kids":[],
"uid":"1951714703",
"parent":"zeW6dp2gg",
"text":"",
"mid":"zeZV7rf43",
"date":"2013-01-18 09:04:02"
},
{
"kids":[],
"uid":"garfieldsu",
"parent":"zeZBKfWAo",
"text":"丢人哪，干不好换人吧。",
"mid":"zeZUdjPnH",
"date":"2013-01-18 09:01:48"
},
{
"kids":[],
"uid":"pidatou",
"parent":"zeWbYoSEb",
"text":"",
"mid":"zeZTC5Nl4",
"date":"2013-01-18 09:00:19"
},
{
"kids":[],
"uid":"hellorichard",
"parent":"zeWlc8G3N",
"text":"税是税，利润才是经营能力吧？[浮云]",
"mid":"zeZPCqCaI",
"date":"2013-01-18 08:50:28"
},
{
"kids":[],
"uid":"1793978743",
"parent":"zeW6dp2gg",
"text":"ROA约等于零",
"mid":"zeZOU7clh",
"date":"2013-01-18 08:48:42"
},
{
"kids":[],
"uid":"2718678802",
"parent":"zeW6dp2gg",
"text":"",
"mid":"zeZNVyzpi",
"date":"2013-01-18 08:46:17"
},
{
"kids":[],
"uid":"1617614824",
"parent":"",
"text":"",
"mid":"zeZLr1nYV",
"date":"2013-01-18 08:40:10"
},
{
"kids":[],
"uid":"1558574970",
"parent":"",
"text":"特色啊",
"mid":"zeZK4uhGd",
"date":"2013-01-18 08:36:49"
},
{
"kids":[],
"uid":"2972012440",
"parent":"zeWbWzhFH",
"text":"特色啊！特色！",
"mid":"zeZIVydVL",
"date":"2013-01-18 08:34:00"
},
{
"kids":[],
"uid":"ivanlaucom",
"parent":"zeZAYFc4M",
"text":"一年定期存款利率是3%，100万亿一年的机会成本可以看做是3万亿。。。当然不能这么简单地去评价，不过。。[嘻嘻]",
"mid":"zeZI6rFcy",
"date":"2013-01-18 08:31:58"
},
{
"kids":[],
"uid":"yejian66",
"parent":"zeW6dp2gg",
"text":"",
"mid":"zeZHdt4Bq",
"date":"2013-01-18 08:29:46"
},
{
"kids":[],
"uid":"2974001642",
"parent":"zeW6dp2gg",
"text":"",
"mid":"zeZDH8oTz",
"date":"2013-01-18 08:21:06"
},
{
"kids":[
"zeZUdjPnH"
],
"uid":"1878697262",
"parent":"zeZAYFc4M",
"text":"",
"mid":"zeZBKfWAo",
"date":"2013-01-18 08:16:18"
},
{
"kids":[],
"uid":"1182415764",
"parent":"zeW6dp2gg",
"text":"",
"mid":"zeZBautTr",
"date":"2013-01-18 08:14:52"
},
{
"kids":[
"zeZI6rFcy",
"zeZBKfWAo"
],
"uid":"imjames",
"parent":"zeZqNezyu",
"text":"这投入产出的效率也太差了",
"mid":"zeZAYFc4M",
"date":"2013-01-18 08:14:25"
},
{
"kids":[],
"uid":"1018311560",
"parent":"zeWiadrng",
"text":"国有资产是全民企业，必须透明。及时公布经营、税利、工资、福利、分红、消费等各方面的全面信息。接受全民监督。",
"mid":"zeZwe6arK",
"date":"2013-01-18 08:02:41"
},
{
"kids":[
"zeZAYFc4M"
],
"uid":"139101828",
"parent":"",
"text":"难道国企才是改革红利的享用者？",
"mid":"zeZqNezyu",
"date":"2013-01-18 07:49:19"
},
{
"kids":[],
"uid":"2716753803",
"parent":"zeW6dp2gg",
"text":"",
"mid":"zeZngzq4Q",
"date":"2013-01-18 07:40:37"
},
{
"kids":[],
"uid":"1770282643",
"parent":"zeWct9Ok4",
"text":"都TM垄断企业，还有什么困难[鄙视]",
"mid":"zeZklrV2a",
"date":"2013-01-18 07:33:26"
},
{
"kids":[],
"uid":"2305247141",
"parent":"zeW6dp2gg",
"text":"",
"mid":"zeZi2rlSI",
"date":"2013-01-18 07:27:45"
},
{
"kids":[],
"uid":"1256647711",
"parent":"zeW6dp2gg",
"text":"",
"mid":"zeZi0jGdK",
"date":"2013-01-18 07:27:39"
},
{
"kids":[],
"uid":"2567619155",
"parent":"",
"text":"现状是利益固化，身份地位固化，下层上升之路已堵死，社会矛盾将无法调和，不彻底打破政改僵局，后果无法想象。",
"mid":"zeZeNvT3e",
"date":"2013-01-18 07:19:46"
},
{
"kids":[],
"uid":"2337768317",
"parent":"",
"text":"",
"mid":"zeZcMbHck",
"date":"2013-01-18 07:14:47"
},
{
"kids":[],
"uid":"2098502781",
"parent":"zeW6dp2gg",
"text":"",
"mid":"zeZcikTXR",
"date":"2013-01-18 07:13:36"
},
{
"kids":[],
"uid":"zhyxun",
"parent":"zeWe9qDhO",
"text":"不改革，死路一条。",
"mid":"zeZaXlrAL",
"date":"2013-01-18 07:10:18"
},
{
"kids":[],
"uid":"3034375994",
"parent":"zeZ8l4vM6",
"text":"",
"mid":"zeZadtUWB",
"date":"2013-01-18 07:08:29"
},
{
"kids":[],
"uid":"2527451965",
"parent":"",
"text":"",
"mid":"zeZ9zC5ig",
"date":"2013-01-18 07:06:54"
},
{
"kids":[
"zeZadtUWB"
],
"uid":"1831383902",
"parent":"",
"text":"[衰]",
"mid":"zeZ8l4vM6",
"date":"2013-01-18 07:03:51"
},
{
"kids":[],
"uid":"1404377667",
"parent":"zeW6dp2gg",
"text":"数字对不上啊。",
"mid":"zeZ8eyeui",
"date":"2013-01-18 07:03:36"
},
{
"kids":[],
"uid":"1353158162",
"parent":"zeWbWzhFH",
"text":"",
"mid":"zeZ66uL1A",
"date":"2013-01-18 06:58:20"
},
{
"kids":[],
"uid":"chinainworld",
"parent":"zeWdW7nUY",
"text":"",
"mid":"zeYUFA4Qo",
"date":"2013-01-18 06:30:11"
},
{
"kids":[],
"uid":"2274802734",
"parent":"zeWrexCCT",
"text":"",
"mid":"zeYPA2G2C",
"date":"2013-01-18 06:17:37"
},
{
"kids":[],
"uid":"1896024341",
"parent":"zeWrexCCT",
"text":"",
"mid":"zeYJCpdjo",
"date":"2013-01-18 06:02:56"
},
{
"kids":[],
"uid":"1218629915",
"parent":"zeWdWarXM",
"text":"",
"mid":"zeYGEjwwh",
"date":"2013-01-18 05:55:38"
},
{
"kids":[],
"uid":"deephawk",
"parent":"zeW6dp2gg",
"text":"这充分体现了，国企是财富分配器的角色",
"mid":"zeYG1zJ6C",
"date":"2013-01-18 05:54:05"
},
{
"kids":[],
"uid":"1926599585",
"parent":"zeWcLp3WO",
"text":"",
"mid":"zeYBuwtKr",
"date":"2013-01-18 05:42:56"
},
{
"kids":[],
"uid":"szc999",
"parent":"zeW6dp2gg",
"text":"",
"mid":"zeYptAAvb",
"date":"2013-01-18 05:13:20"
},
{
"kids":[],
"uid":"3197712131",
"parent":"zeWbWzhFH",
"text":"",
"mid":"zeYplCAjJ",
"date":"2013-01-18 05:13:01"
},
{
"kids":[],
"uid":"1560967384",
"parent":"zeVv0vELL",
"text":"",
"mid":"zeY5WELBI",
"date":"2013-01-18 04:25:12"
},
{
"kids":[],
"uid":"mjcan",
"parent":"zeWrexCCT",
"text":"这收益率也太低了吧。",
"mid":"zeXNxvkqH",
"date":"2013-01-18 03:39:52"
},
{
"kids":[],
"uid":"322181889",
"parent":"zeW6dp2gg",
"text":"",
"mid":"zeXMIE2YY",
"date":"2013-01-18 03:37:50"
},
{
"kids":[
"zfeXh17St"
],
"uid":"2437626482",
"parent":"zeWbWzhFH",
"text":"严重关注！！！",
"mid":"zeXKi0GNK",
"date":"2013-01-18 03:31:51"
},
{
"kids":[],
"uid":"wjfb4954",
"parent":"zeWrexCCT",
"text":"",
"mid":"zeXhPBiQL",
"date":"2013-01-18 02:21:45"
},
{
"kids":[],
"uid":"1783360674",
"parent":"zeW6dp2gg",
"text":"辟谣可耻吗？",
"mid":"zeXhw7kcM",
"date":"2013-01-18 02:20:58"
},
{
"kids":[],
"uid":"1406746131",
"parent":"zeVD3lD1q",
"text":"给我3千亿国资，可荡平日本，收复钓鱼岛，",
"mid":"zeX5toIz1",
"date":"2013-01-18 01:51:18"
},
{
"kids":[],
"uid":"1041615255",
"parent":"zeWrexCCT",
"text":"值得思考",
"mid":"zeWX0Bi4v",
"date":"2013-01-18 01:30:27"
},
{
"kids":[],
"uid":"1713398237",
"parent":"",
"text":"国企(央企)的管理体系有弊病。国资委是央企的管理部门，但一些央企主要负责人的职级与国资委相当，且凭其在国家经济中举足轻重的地位，可以想像，他们某些时候的话语权会在国资委之上，加上央企主要负责人的任命体制等，造成对央企的监管真空，甚至造成一家独大。这就是问题所在。",
"mid":"zeWV67v34",
"date":"2013-01-18 01:25:44"
},
{
"kids":[
"zf0bnnWTb"
],
"uid":"1976853935",
"parent":"",
"text":"",
"mid":"zeWRJuvRj",
"date":"2013-01-18 01:17:27"
},
{
"kids":[],
"uid":"1510380412",
"parent":"",
"text":"",
"mid":"zeWRAj4VK",
"date":"2013-01-18 01:17:05"
},
{
"kids":[],
"uid":"1108983893",
"parent":"zeWbWzhFH",
"text":"",
"mid":"zeWPm1UG5",
"date":"2013-01-18 01:11:35"
},
{
"kids":[
"zf0c79qbp"
],
"uid":"2152213621",
"parent":"zeWrexCCT",
"text":"",
"mid":"zeWML0Mc3",
"date":"2013-01-18 01:05:11"
},
{
"kids":[],
"uid":"1937328813",
"parent":"zeWrexCCT",
"text":"这个产生税收收入的能力也太低了~",
"mid":"zeWM0h0HN",
"date":"2013-01-18 01:03:19"
},
{
"kids":[],
"uid":"2643802305",
"parent":"zeW6dp2gg",
"text":"假",
"mid":"zeWLHpL5V",
"date":"2013-01-18 01:02:34"
},
{
"kids":[],
"uid":"1741960831",
"parent":"",
"text":"狗屎国企",
"mid":"zeWIZgtBu",
"date":"2013-01-18 00:55:53"
},
{
"kids":[],
"uid":"2656778502",
"parent":"",
"text":"",
"mid":"zeWHBzoSA",
"date":"2013-01-18 00:52:30"
},
{
"kids":[],
"uid":"1399217562",
"parent":"zeW6dp2gg",
"text":"[疑问]",
"mid":"zeWG2CS8E",
"date":"2013-01-18 00:48:35"
},
{
"kids":[],
"uid":"1399217562",
"parent":"",
"text":"与国资委的解释正相反",
"mid":"zeWF7jksT",
"date":"2013-01-18 00:46:23"
},
{
"kids":[],
"uid":"2497038920",
"parent":"",
"text":"造谣",
"mid":"zeWAiAQnx",
"date":"2013-01-18 00:34:26"
},
{
"kids":[],
"uid":"302025688",
"parent":"zeWbYoSEb",
"text":"",
"mid":"zeWzPl7V5",
"date":"2013-01-18 00:33:17"
},
{
"kids":[],
"uid":"1786278935",
"parent":"zeW6dp2gg",
"text":"一直就不怎么当官方数据是一回事儿~",
"mid":"zeWzndKM1",
"date":"2013-01-18 00:32:13"
},
{
"kids":[],
"uid":"2893563827",
"parent":"",
"text":"不难解释，企业家基本都是地方人大代表，或县或市。地方企企业大了最终都是有党姓!!",
"mid":"zeWxVa3sj",
"date":"2013-01-18 00:28:36"
},
{
"kids":[],
"uid":"1760777875",
"parent":"zeWbWzhFH",
"text":"",
"mid":"zeWx9z41b",
"date":"2013-01-18 00:26:45"
},
{
"kids":[],
"uid":"2575289542",
"parent":"zeWtds0zb",
"text":"龙哥说，请问他们能交多少税？",
"mid":"zeWwB1NNd",
"date":"2013-01-18 00:25:20"
},
{
"kids":[],
"uid":"luhaiquan",
"parent":"",
"text":"",
"mid":"zeWvA3nGe",
"date":"2013-01-18 00:22:49"
},
{
"kids":[
"zeWwB1NNd"
],
"uid":"2575289542",
"parent":"",
"text":"龙哥说，请问他们能交多少税？",
"mid":"zeWtds0zb",
"date":"2013-01-18 00:17:02"
},
{
"kids":[],
"uid":"1145067804",
"parent":"",
"text":"税是税，利润是利润，要连税都不交是不是就忒不要脸了？",
"mid":"zeWsRzTgA",
"date":"2013-01-18 00:16:11"
},
{
"kids":[],
"uid":"2929437995",
"parent":"zeWkLhEiZ",
"text":"查！",
"mid":"zeWs9BB6s",
"date":"2013-01-18 00:14:23"
},
{
"kids":[],
"uid":"1736065760",
"parent":"zeW6dp2gg",
"text":"",
"mid":"zeWrBz2HI",
"date":"2013-01-18 00:13:04"
},
{
"kids":[],
"uid":"2651840611",
"parent":"",
"text":"",
"mid":"zeWrpvqYv",
"date":"2013-01-18 00:12:36"
},
{
"kids":[
"zfecKlb6c",
"zeYPA2G2C",
"zeYJCpdjo",
"zeXNxvkqH",
"zeXhPBiQL",
"zeWX0Bi4v",
"zeWML0Mc3",
"zeWM0h0HN"
],
"uid":"1112492684",
"parent":"",
"text":"税交了多少？",
"mid":"zeWrexCCT",
"date":"2013-01-18 00:12:10"
},
{
"kids":[],
"uid":"sunyanhai",
"parent":"",
"text":"",
"mid":"zeWra7QYa",
"date":"2013-01-18 00:11:59"
},
{
"kids":[],
"uid":"1761084007",
"parent":"zeWbWzhFH",
"text":"十万分之七？",
"mid":"zeWr54UiH",
"date":"2013-01-18 00:11:47"
},
{
"kids":[],
"uid":"2836560214",
"parent":"",
"text":"他是混工商联的~~每天被“民营企业家”包围，早被人家统战过去了，一张嘴当然就是这副sb样~",
"mid":"zeWpJswWl",
"date":"2013-01-18 00:08:28"
},
{
"kids":[],
"uid":"roomrich",
"parent":"zeW6dp2gg",
"text":"",
"mid":"zeWpxBH63",
"date":"2013-01-18 00:08:00"
},
{
"kids":[],
"uid":"2673710673",
"parent":"zeW6dp2gg",
"text":"已缴数大于应缴数，为何？",
"mid":"zeWpnCywF",
"date":"2013-01-18 00:07:35"
},
{
"kids":[],
"uid":"1917722427",
"parent":"",
"text":"",
"mid":"zeWoQd1uT",
"date":"2013-01-18 00:06:17"
},
{
"kids":[],
"uid":"2398211761",
"parent":"",
"text":"转发微博。",
"mid":"zeWor7MqB",
"date":"2013-01-18 00:05:16"
},
{
"kids":[],
"uid":"1625891065",
"parent":"zeWdiwncu",
"text":"",
"mid":"zeWolbjV8",
"date":"2013-01-18 00:05:03"
},
{
"kids":[],
"uid":"wormbo",
"parent":"zeW6dp2gg",
"text":"",
"mid":"zeWoifgXG",
"date":"2013-01-18 00:04:56"
},
{
"kids":[],
"uid":"1927497740",
"parent":"zeW6dp2gg",
"text":"",
"mid":"zeWnRC3LN",
"date":"2013-01-18 00:03:52"
},
{
"kids":[],
"uid":"glsh",
"parent":"",
"text":"佩服！",
"mid":"zeWnCxoSS",
"date":"2013-01-18 00:03:13"
},
{
"kids":[],
"uid":"2775487325",
"parent":"zeWdiwncu",
"text":"贡献巨大。",
"mid":"zeWnxwpXD",
"date":"2013-01-18 00:03:00"
},
{
"kids":[],
"uid":"80906278",
"parent":"zeWbWzhFH",
"text":"",
"mid":"zeWnsv0zK",
"date":"2013-01-18 00:02:52"
},
{
"kids":[],
"uid":"1260153044",
"parent":"zeWbWzhFH",
"text":"",
"mid":"zeWnjDW2b",
"date":"2013-01-18 00:02:31"
},
{
"kids":[],
"uid":"2309158261",
"parent":"zeVYk8GrQ",
"text":"",
"mid":"zeWniubyp",
"date":"2013-01-18 00:02:26"
},
{
"kids":[],
"uid":"1443913132",
"parent":"",
"text":"",
"mid":"zeWniaa61",
"date":"2013-01-18 00:02:27"
},
{
"kids":[],
"uid":"2972702525",
"parent":"zeW6dp2gg",
"text":"",
"mid":"zeWmVr4Dx",
"date":"2013-01-18 00:01:31"
},
{
"kids":[],
"uid":"1273542242",
"parent":"",
"text":"销售收入800亿元？怎么会这么低。回报率也是低了一些。但国家已经层层收取税收，还养活一大堆人呢",
"mid":"zeWm1hWQm",
"date":"2013-01-17 23:59:19"
},
{
"kids":[],
"uid":"2017708945",
"parent":"zeWbWzhFH",
"text":"",
"mid":"zeWlZvs9u",
"date":"2013-01-17 23:59:14"
},
{
"kids":[],
"uid":"1684639233",
"parent":"zeW6r0Q4P",
"text":"思想汇聚嘛～又不是搞经济赚钱的，靠想的。。。",
"mid":"zeWlX9KJ2",
"date":"2013-01-17 23:59:10"
},
{
"kids":[
"zeZPCqCaI"
],
"uid":"tianlulaoshi",
"parent":"zeWjTvPEc",
"text":"",
"mid":"zeWlc8G3N",
"date":"2013-01-17 23:57:17"
},
{
"kids":[],
"uid":"1687383931",
"parent":"zeWcLp3WO",
"text":"",
"mid":"zeWl5DU2E",
"date":"2013-01-17 23:57:02"
},
{
"kids":[
"zeWs9BB6s"
],
"uid":"2374976490",
"parent":"zeW0vsdtc",
"text":"",
"mid":"zeWkLhEiZ",
"date":"2013-01-17 23:56:12"
},
{
"kids":[],
"uid":"lc180",
"parent":"zeWe4qQWo",
"text":"[吃惊]",
"mid":"zeWkFozdd",
"date":"2013-01-17 23:55:59"
},
{
"kids":[],
"uid":"2018703431",
"parent":"zeWbWzhFH",
"text":"真的太少哦！",
"mid":"zeWkp5pjx",
"date":"2013-01-17 23:55:20"
},
{
"kids":[
"zeWlc8G3N"
],
"uid":"ginduan",
"parent":"zeW6dp2gg",
"text":"",
"mid":"zeWjTvPEc",
"date":"2013-01-17 23:54:06"
},
{
"kids":[],
"uid":"2455654975",
"parent":"zeW6dp2gg",
"text":"",
"mid":"zeWj8tY9i",
"date":"2013-01-17 23:52:11"
},
{
"kids":[],
"uid":"phex",
"parent":"zeW6dp2gg",
"text":"人云亦云真可怕。大部分国企还是很守责的。",
"mid":"zeWiR5LNv",
"date":"2013-01-17 23:51:31"
},
{
"kids":[],
"uid":"2128838901",
"parent":"zeWbWzhFH",
"text":"国有资产似乎不用给他的股东（政府或国民？）支付股利？！",
"mid":"zeWiBoAsT",
"date":"2013-01-17 23:50:51"
},
{
"kids":[],
"uid":"1735140152",
"parent":"zeWbWzhFH",
"text":"小金库更复杂",
"mid":"zeWirllyV",
"date":"2013-01-17 23:50:30"
},
{
"kids":[],
"uid":"1393779571",
"parent":"",
"text":"",
"mid":"zeWiphG5e",
"date":"2013-01-17 23:50:25"
},
{
"kids":[],
"uid":"1732013815",
"parent":"zeWbWzhFH",
"text":"",
"mid":"zeWihlDGZ",
"date":"2013-01-17 23:50:06"
},
{
"kids":[
"zeZwe6arK"
],
"uid":"1729142832",
"parent":"zeWbWzhFH",
"text":"",
"mid":"zeWiadrng",
"date":"2013-01-17 23:49:49"
},
{
"kids":[],
"uid":"2976037125",
"parent":"zeWbWzhFH",
"text":"",
"mid":"zeWhLqtt5",
"date":"2013-01-17 23:48:50"
},
{
"kids":[],
"uid":"2946242943",
"parent":"zeW6dp2gg",
"text":"@张诗琪大爷",
"mid":"zeWhJmnjR",
"date":"2013-01-17 23:48:43"
},
{
"kids":[],
"uid":"1841273617",
"parent":"zeW6dp2gg",
"text":"",
"mid":"zeWhHfozg",
"date":"2013-01-17 23:48:40"
},
{
"kids":[],
"uid":"1873496520",
"parent":"zeWbYoSEb",
"text":"",
"mid":"zeWhEkVKI",
"date":"2013-01-17 23:48:34"
},
{
"kids":[],
"uid":"1218449687",
"parent":"",
"text":"据中国财政部2012年6月１５日公布的数据显示，去年前５个月，全国有企业应交税费１万3千7百多亿元，已交税费15554．８亿元，那么所谓“国有资产经营收入800亿”“上缴财政70多亿”从何而来的呢？须知，这统计的可只是五个月的上缴啊",
"mid":"zeWhcxpV5",
"date":"2013-01-17 23:47:25"
},
{
"kids":[],
"uid":"2148630912",
"parent":"zeWbYoSEb",
"text":"税费一切市场主体都交，国资经营收入指国有股的分红，两回事",
"mid":"zeWh7xBW6",
"date":"2013-01-17 23:47:14"
},
{
"kids":[],
"uid":"peterkd37",
"parent":"zeWe8eiC0",
"text":"一笔糊涂帐。",
"mid":"zeWh3Fnbg",
"date":"2013-01-17 23:47:06"
},
{
"kids":[],
"uid":"1984409152",
"parent":"zeWbWzhFH",
"text":"",
"mid":"zeWgT4UOG",
"date":"2013-01-17 23:46:37"
},
{
"kids":[],
"uid":"2491697232",
"parent":"zeWbWzhFH",
"text":"什么时候会有第三方，为民请命？否则人民，，，",
"mid":"zeWgn9cpG",
"date":"2013-01-17 23:45:22"
},
{
"kids":[],
"uid":"dankypang",
"parent":"zeWbWzhFH",
"text":"强烈要求国企老总财产公示！顶一个！",
"mid":"zeWg6fB04",
"date":"2013-01-17 23:44:44"
},
{
"kids":[],
"uid":"3004031753",
"parent":"zeW6dp2gg",
"text":"差太多了，说清楚。",
"mid":"zeWg4uCFc",
"date":"2013-01-17 23:44:39"
},
{
"kids":[],
"uid":"2972702525",
"parent":"zeWbWzhFH",
"text":"钱那去了国企老板该晒太阳了",
"mid":"zeWfwgCLu",
"date":"2013-01-17 23:43:14"
},
{
"kids":[],
"uid":"1221545972",
"parent":"zeWbYoSEb",
"text":"",
"mid":"zeWfvjdJr",
"date":"2013-01-17 23:43:17"
},
{
"kids":[],
"uid":"1655476237",
"parent":"zeWcLp3WO",
"text":"所谓长子，败家子耳！",
"mid":"zeWfksAYo",
"date":"2013-01-17 23:42:47"
},
{
"kids":[],
"uid":"2013946737",
"parent":"",
"text":"",
"mid":"zeWfjdpoY",
"date":"2013-01-17 23:42:45"
},
{
"kids":[],
"uid":"1675956444",
"parent":"zeWbYoSEb",
"text":"世界奇观!",
"mid":"zeWfbzbJw",
"date":"2013-01-17 23:42:29"
},
{
"kids":[],
"uid":"clockworkedward",
"parent":"zeWct9Ok4",
"text":"",
"mid":"zeWeX3Fwm",
"date":"2013-01-17 23:41:55"
},
{
"kids":[],
"uid":"2108738575",
"parent":"zeWbYoSEb",
"text":"",
"mid":"zeWews7SD",
"date":"2013-01-17 23:40:47"
},
{
"kids":[
"zeZaXlrAL"
],
"uid":"1957448170",
"parent":"",
"text":"政治上的一党制，经济上的国有制，万恶之源。",
"mid":"zeWe9qDhO",
"date":"2013-01-17 23:39:52"
},
{
"kids":[
"zeWh3Fnbg"
],
"uid":"1679306030",
"parent":"zeW6dp2gg",
"text":"？",
"mid":"zeWe8eiC0",
"date":"2013-01-17 23:39:50"
},
{
"kids":[
"zeWkFozdd"
],
"uid":"julian1109",
"parent":"zeWct9Ok4",
"text":"[弱][弱][弱][怒][怒][怒]",
"mid":"zeWe4qQWo",
"date":"2013-01-17 23:39:44"
},
{
"kids":[],
"uid":"bydavy",
"parent":"",
"text":"不知经营收入800亿从何而来,国企交的税也超过8000亿.",
"mid":"zeWdX0dSC",
"date":"2013-01-17 23:39:26"
},
{
"kids":[
"zeYGEjwwh"
],
"uid":"keenk",
"parent":"",
"text":"",
"mid":"zeWdWarXM",
"date":"2013-01-17 23:39:22"
},
{
"kids":[
"zeYUFA4Qo"
],
"uid":"superkun1209",
"parent":"zeWcLp3WO",
"text":"是时候面对公众了 ！！！",
"mid":"zeWdW7nUY",
"date":"2013-01-17 23:39:21"
},
{
"kids":[],
"uid":"1372258144",
"parent":"zeWbWzhFH",
"text":"什么是公有私有，老马早把这实质关系颠倒了。",
"mid":"zeWdNwASK",
"date":"2013-01-17 23:38:59"
},
{
"kids":[],
"uid":"2002910735",
"parent":"",
"text":"[怒]",
"mid":"zeWdIvbju",
"date":"2013-01-17 23:38:52"
},
{
"kids":[],
"uid":"1744641822",
"parent":"zeW6dp2gg",
"text":"H",
"mid":"zeWdIdA6U",
"date":"2013-01-17 23:38:52"
},
{
"kids":[],
"uid":"2149970142",
"parent":"",
"text":"这里的水好深啊！",
"mid":"zeWdGusp6",
"date":"2013-01-17 23:38:46"
},
{
"kids":[],
"uid":"1229753764",
"parent":"zeWbWzhFH",
"text":"国企总的来讲是经济肌体的一颗肿瘤。",
"mid":"zeWdkCa30",
"date":"2013-01-17 23:37:55"
},
{
"kids":[],
"uid":"3201876613",
"parent":"zeWannpZm",
"text":"",
"mid":"zeWdj6vLY",
"date":"2013-01-17 23:37:50"
},
{
"kids":[
"zeWolbjV8",
"zeWnxwpXD"
],
"uid":"eshuyang",
"parent":"zeWct9Ok4",
"text":"",
"mid":"zeWdiwncu",
"date":"2013-01-17 23:37:50"
},
{
"kids":[],
"uid":"1598601235",
"parent":"zeW6dp2gg",
"text":"",
"mid":"zeWd2xo1H",
"date":"2013-01-17 23:37:09"
},
{
"kids":[],
"uid":"joy911",
"parent":"zeW6dp2gg",
"text":"",
"mid":"zeWcOmogN",
"date":"2013-01-17 23:36:35"
},
{
"kids":[
"zf4Wkboov",
"zeZWCvy23",
"zeYBuwtKr",
"zeWl5DU2E",
"zeWfksAYo",
"zeWdW7nUY"
],
"uid":"1910541140",
"parent":"zeW6dp2gg",
"text":"恐怖！",
"mid":"zeWcLp3WO",
"date":"2013-01-17 23:36:31"
},
{
"kids":[],
"uid":"2947918683",
"parent":"zeW6dp2gg",
"text":"",
"mid":"zeWcKfIRg",
"date":"2013-01-17 23:36:25"
},
{
"kids":[],
"uid":"1101598881",
"parent":"",
"text":"",
"mid":"zeWcxfz5x",
"date":"2013-01-17 23:35:54"
},
{
"kids":[
"zeZklrV2a",
"zeWeX3Fwm",
"zeWe4qQWo",
"zeWdiwncu"
],
"uid":"2531034472",
"parent":"",
"text":"",
"mid":"zeWct9Ok4",
"date":"2013-01-17 23:35:47"
},
{
"kids":[],
"uid":"2197311617",
"parent":"",
"text":"",
"mid":"zeWcqu3YI",
"date":"2013-01-17 23:35:41"
},
{
"kids":[],
"uid":"206200101",
"parent":"zeWbWzhFH",
"text":"",
"mid":"zeWc9AWnv",
"date":"2013-01-17 23:35:01"
},
{
"kids":[
"zeZTC5Nl4",
"zeWzPl7V5",
"zeWhEkVKI",
"zeWh7xBW6",
"zeWfvjdJr",
"zeWfbzbJw",
"zeWews7SD"
],
"uid":"1481638480",
"parent":"zeWannpZm",
"text":"",
"mid":"zeWbYoSEb",
"date":"2013-01-17 23:34:31"
},
{
"kids":[
"zfdw6hLvU",
"zf8LptQCu",
"zf1z1Cnby",
"zeZIVydVL",
"zeZ66uL1A",
"zeYplCAjJ",
"zeXKi0GNK",
"zeWPm1UG5",
"zeWx9z41b",
"zeWr54UiH",
"zeWnsv0zK",
"zeWnjDW2b",
"zeWlZvs9u",
"zeWkp5pjx",
"zeWiBoAsT",
"zeWirllyV",
"zeWihlDGZ",
"zeWiadrng",
"zeWhLqtt5",
"zeWgT4UOG",
"zeWgn9cpG",
"zeWg6fB04",
"zeWfwgCLu",
"zeWdNwASK",
"zeWdkCa30",
"zeWc9AWnv"
],
"uid":"houning",
"parent":"zeW6dp2gg",
"text":"回复@李炜d:你可以查查，单一个平煤集团四年间上缴税金就是88亿，全部国有企业呢 这一笔大帐算起来很复杂滴",
"mid":"zeWbWzhFH",
"date":"2013-01-17 23:34:30"
},
{
"kids":[],
"uid":"1286436484",
"parent":"zeW6dp2gg",
"text":"全民所有制，谁有",
"mid":"zeWbPfOx5",
"date":"2013-01-17 23:34:10"
},
{
"kids":[],
"uid":"2830635892",
"parent":"zeW6dp2gg",
"text":"",
"mid":"zeWbrfX6i",
"date":"2013-01-17 23:33:12"
},
{
"kids":[],
"uid":"1817044984",
"parent":"zeW6dp2gg",
"text":"",
"mid":"zeWb9yIZf",
"date":"2013-01-17 23:32:31"
},
{
"kids":[],
"uid":"2461944904",
"parent":"zeW6dp2gg",
"text":"屌 看不懂，所谓某费某某指标不知是啥意思，怎么个得出法？",
"mid":"zeWb5qwcn",
"date":"2013-01-17 23:32:20"
},
{
"kids":[],
"uid":"2963247963",
"parent":"zeW6dp2gg",
"text":"",
"mid":"zeWaThZGv",
"date":"2013-01-17 23:31:54"
},
{
"kids":[],
"uid":"2534010272",
"parent":"zeW6dp2gg",
"text":"",
"mid":"zeWaEe9fI",
"date":"2013-01-17 23:31:16"
},
{
"kids":[],
"uid":"3200672171",
"parent":"zeW6dp2gg",
"text":"",
"mid":"zeWaBzpYL",
"date":"2013-01-17 23:31:12"
},
{
"kids":[],
"uid":"1785491483",
"parent":"zeW6dp2gg",
"text":"谁吞了？问题大大滴。。。[嘻嘻]今年个鸡滴屁咋整涅？？？",
"mid":"zeWaxbj1F",
"date":"2013-01-17 23:30:58"
},
{
"kids":[],
"uid":"1965328234",
"parent":"",
"text":"全部尼玛拖出去阉三年！",
"mid":"zeWasor7N",
"date":"2013-01-17 23:30:50"
},
{
"kids":[
"zeWdj6vLY",
"zeWbYoSEb"
],
"uid":"206067281",
"parent":"zeW6dp2gg",
"text":"",
"mid":"zeWannpZm",
"date":"2013-01-17 23:30:39"
},
{
"kids":[],
"uid":"1789419040",
"parent":"zeW900t7T",
"text":"国企的利润不给作为股东的国家上交",
"mid":"zeWadmuWd",
"date":"2013-01-17 23:30:13"
},
{
"kids":[],
"uid":"westonjon",
"parent":"zeW6dp2gg",
"text":"",
"mid":"zeWa9c1jB",
"date":"2013-01-17 23:30:04"
},
{
"kids":[],
"uid":"2785131544",
"parent":"zeW6dp2gg",
"text":"全国企业?",
"mid":"zeW9TyTJu",
"date":"2013-01-17 23:29:24"
},
{
"kids":[],
"uid":"2607951433",
"parent":"",
"text":"[思考]",
"mid":"zeW9N4nM0",
"date":"2013-01-17 23:29:11"
},
{
"kids":[
"zeWadmuWd"
],
"uid":"xsllawyer",
"parent":"zeW6dp2gg",
"text":"",
"mid":"zeW900t7T",
"date":"2013-01-17 23:27:11"
},
{
"kids":[],
"uid":"ruiyuan008",
"parent":"zeW6dp2gg",
"text":"",
"mid":"zeW8x3VNr",
"date":"2013-01-17 23:26:04"
},
{
"kids":[],
"uid":"2180123993",
"parent":"zeW6dp2gg",
"text":"[围观]",
"mid":"zeW8u7cKq",
"date":"2013-01-17 23:25:56"
},
{
"kids":[],
"uid":"lxh001",
"parent":"zeW6dp2gg",
"text":"",
"mid":"zeW8tsmqS",
"date":"2013-01-17 23:25:58"
},
{
"kids":[],
"uid":"2613274095",
"parent":"zeW6dp2gg",
"text":"",
"mid":"zeW87k6wu",
"date":"2013-01-17 23:25:03"
},
{
"kids":[],
"uid":"2090795745",
"parent":"",
"text":"断章取义。",
"mid":"zeW7REdyH",
"date":"2013-01-17 23:24:23"
},
{
"kids":[],
"uid":"1696323562",
"parent":"zeW6dp2gg",
"text":"",
"mid":"zeW7rlUfv",
"date":"2013-01-17 23:23:24"
},
{
"kids":[],
"uid":"1407419480",
"parent":"",
"text":"",
"mid":"zeW7pC871",
"date":"2013-01-17 23:23:20"
},
{
"kids":[],
"uid":"2111837317",
"parent":"zeW6dp2gg",
"text":"",
"mid":"zeW7p0dFM",
"date":"2013-01-17 23:23:17"
},
{
"kids":[],
"uid":"2274949824",
"parent":"zeW6dp2gg",
"text":"转发",
"mid":"zeW7ne7DY",
"date":"2013-01-17 23:23:10"
},
{
"kids":[],
"uid":"1061826672",
"parent":"zeW6dp2gg",
"text":"算不清的帐，不管大帐还是小帐。",
"mid":"zeW7mE9gR",
"date":"2013-01-17 23:23:13"
},
{
"kids":[],
"uid":"2173567370",
"parent":"zeW6dp2gg",
"text":"",
"mid":"zeW7czgfl",
"date":"2013-01-17 23:22:46"
},
{
"kids":[],
"uid":"1686875920",
"parent":"zeW6dp2gg",
"text":"",
"mid":"zeW6tFKTK",
"date":"2013-01-17 23:21:01"
},
{
"kids":[
"zeWlX9KJ2"
],
"uid":"zhaoyayun",
"parent":"zeW2R5XDK",
"text":"回复@侯宁:原来如此",
"mid":"zeW6r0Q4P",
"date":"2013-01-17 23:20:55"
},
{
"kids":[
"zf32TATQk",
"zf2AZ9smD",
"zf1b4xXbP",
"zf0L7yftQ",
"zf09xib1B",
"zf06VDoo5",
"zeZXqbcoQ",
"zeZV7rf43",
"zeZOU7clh",
"zeZNVyzpi",
"zeZHdt4Bq",
"zeZDH8oTz",
"zeZBautTr",
"zeZngzq4Q",
"zeZi2rlSI",
"zeZi0jGdK",
"zeZcikTXR",
"zeZ8eyeui",
"zeYG1zJ6C",
"zeYptAAvb",
"zeXMIE2YY",
"zeXhw7kcM",
"zeWLHpL5V",
"zeWG2CS8E",
"zeWzndKM1",
"zeWrBz2HI",
"zeWpxBH63",
"zeWpnCywF",
"zeWoifgXG",
"zeWnRC3LN",
"zeWmVr4Dx",
"zeWjTvPEc",
"zeWj8tY9i",
"zeWiR5LNv",
"zeWhJmnjR",
"zeWhHfozg",
"zeWg4uCFc",
"zeWe8eiC0",
"zeWdIdA6U",
"zeWd2xo1H",
"zeWcOmogN",
"zeWcLp3WO",
"zeWcKfIRg",
"zeWbWzhFH",
"zeWbPfOx5",
"zeWbrfX6i",
"zeWb9yIZf",
"zeWb5qwcn",
"zeWaThZGv",
"zeWaEe9fI",
"zeWaBzpYL",
"zeWaxbj1F",
"zeWannpZm",
"zeWa9c1jB",
"zeW9TyTJu",
"zeW900t7T",
"zeW8x3VNr",
"zeW8u7cKq",
"zeW8tsmqS",
"zeW87k6wu",
"zeW7rlUfv",
"zeW7p0dFM",
"zeW7ne7DY",
"zeW7mE9gR",
"zeW7czgfl",
"zeW6tFKTK"
],
"uid":"houning",
"parent":"zeW2R5XDK",
"text":"据中国财政部2012年6月１５日公布的数据显示，去年前５个月，全国有企业应交税费１万3千7百多亿元，已交税费15554．８亿元，那么所谓“国有资产经营收入800亿”“上缴财政70多亿”从何而来的呢？须知，这统计的可只是五个月的上缴啊",
"mid":"zeW6dp2gg",
"date":"2013-01-17 23:20:23"
},
{
"kids":[],
"uid":"2731425605",
"parent":"",
"text":"",
"mid":"zeW63mcIA",
"date":"2013-01-17 23:19:59"
},
{
"kids":[],
"uid":"13934648969yhzq",
"parent":"zeW2R5XDK",
"text":"",
"mid":"zeW5UfIts",
"date":"2013-01-17 23:19:37"
},
{
"kids":[],
"uid":"2097130295",
"parent":"zeW0miycR",
"text":"[弱][衰]被他们以合法的名义吃了",
"mid":"zeW5gknh4",
"date":"2013-01-17 23:18:03"
},
{
"kids":[],
"uid":"1728453030",
"parent":"",
"text":"",
"mid":"zeW532C8q",
"date":"2013-01-17 23:17:30"
},
{
"kids":[],
"uid":"2893611007",
"parent":"",
"text":"坑爹啊",
"mid":"zeW4K9Xks",
"date":"2013-01-17 23:16:43"
},
{
"kids":[],
"uid":"1409329050",
"parent":"zeVYk8GrQ",
"text":"",
"mid":"zeW4v5AFm",
"date":"2013-01-17 23:16:09"
},
{
"kids":[],
"uid":"y55444",
"parent":"",
"text":"投资回报率万分之零点五。",
"mid":"zeW4tfA04",
"date":"2013-01-17 23:16:02"
},
{
"kids":[],
"uid":"2624479565",
"parent":"",
"text":"",
"mid":"zeW3HoAqg",
"date":"2013-01-17 23:14:08"
},
{
"kids":[],
"uid":"2128450113",
"parent":"",
"text":"",
"mid":"zeW3F2TJS",
"date":"2013-01-17 23:14:05"
},
{
"kids":[],
"uid":"2135537617",
"parent":"zeVNLirJX",
"text":"数据可靠吗?权威部门来说说",
"mid":"zeW3nlwW4",
"date":"2013-01-17 23:13:23"
},
{
"kids":[
"zeW6r0Q4P",
"zeW6dp2gg",
"zeW5UfIts"
],
"uid":"zhaoyayun",
"parent":"zeVUbAHay",
"text":"回复@谭翊飞:内容很详实。国企是有很多问题，也滋生了一些利益集团，必须改革，但要严防有些人瓜分。",
"mid":"zeW2R5XDK",
"date":"2013-01-17 23:12:07"
},
{
"kids":[],
"uid":"1052006360",
"parent":"",
"text":"",
"mid":"zeW2szWGp",
"date":"2013-01-17 23:11:07"
},
{
"kids":[],
"uid":"1974649561",
"parent":"",
"text":"国有资产对财政的贡献非问题的焦点",
"mid":"zeW1K0geL",
"date":"2013-01-17 23:09:19"
},
{
"kids":[],
"uid":"2146286380",
"parent":"",
"text":"国有就是全民所有，那就是钱都给全民了呀。他妈的，脑子真好使。",
"mid":"zeW17xZa9",
"date":"2013-01-17 23:07:48"
},
{
"kids":[],
"uid":"1800520850",
"parent":"zeVUbAHay",
"text":"",
"mid":"zeW14idTa",
"date":"2013-01-17 23:07:41"
},
{
"kids":[
"zeWkLhEiZ"
],
"uid":"1712097064",
"parent":"",
"text":"一交一返多少人经手，多少人肥了。",
"mid":"zeW0vsdtc",
"date":"2013-01-17 23:06:16"
},
{
"kids":[],
"uid":"1838603771",
"parent":"",
"text":"",
"mid":"zeW0tklKs",
"date":"2013-01-17 23:06:14"
},
{
"kids":[
"zeW5gknh4"
],
"uid":"1720823835",
"parent":"zeVYk8GrQ",
"text":"",
"mid":"zeW0miycR",
"date":"2013-01-17 23:05:56"
},
{
"kids":[],
"uid":"1058923611",
"parent":"zeVYk8GrQ",
"text":"关注怎么解决？",
"mid":"zeVZXsSdM",
"date":"2013-01-17 23:04:58"
},
{
"kids":[],
"uid":"2132512640",
"parent":"",
"text":"现任/前任政协副主席/@唯美哲思:【国有资产对财政贡献几何？】",
"mid":"zeVYYAQqd",
"date":"2013-01-17 23:02:33"
},
{
"kids":[],
"uid":"2723615211",
"parent":"",
"text":"国有资产流失到哪里去啦？",
"mid":"zeVYF6F8N",
"date":"2013-01-17 23:01:46"
},
{
"kids":[
"zf1XnkCVC",
"zeWniubyp",
"zeW4v5AFm",
"zeW0miycR",
"zeVZXsSdM"
],
"uid":"1735957792",
"parent":"zeVUbAHay",
"text":"早就关注了这个问题（最后几段）http:",
"mid":"zeVYk8GrQ",
"date":"2013-01-17 23:00:53"
},
{
"kids":[],
"uid":"1934473177",
"parent":"",
"text":"贡献财政那是民企的事",
"mid":"zeVYk8Go6",
"date":"2013-01-17 23:00:55"
},
{
"kids":[],
"uid":"orchidpavilion",
"parent":"",
"text":"这家伙干不久了，乱说话",
"mid":"zeVXRaMX0",
"date":"2013-01-17 22:59:46"
},
{
"kids":[],
"uid":"1238713795",
"parent":"",
"text":"中国特色之一",
"mid":"zeVXNBNil",
"date":"2013-01-17 22:59:39"
},
{
"kids":[],
"uid":"1934473177",
"parent":"",
"text":"分了如何？私有化如何？国有资产那是权贵官僚资本，",
"mid":"zeVXIzCMq",
"date":"2013-01-17 22:59:25"
},
{
"kids":[],
"uid":"2624518472",
"parent":"",
"text":"",
"mid":"zeVXIiJzS",
"date":"2013-01-17 22:59:27"
},
{
"kids":[],
"uid":"2400116290",
"parent":"",
"text":"",
"mid":"zeVXErpQS",
"date":"2013-01-17 22:59:15"
},
{
"kids":[],
"uid":"1408118651",
"parent":"zeVUbAHay",
"text":"",
"mid":"zeVX3tIqb",
"date":"2013-01-17 22:57:49"
},
{
"kids":[],
"uid":"2982817187",
"parent":"zeVwJvZmP",
"text":"",
"mid":"zeVWhBeLu",
"date":"2013-01-17 22:55:56"
},
{
"kids":[],
"uid":"1905651011",
"parent":"",
"text":"",
"mid":"zeVVMhxdS",
"date":"2013-01-17 22:54:40"
},
{
"kids":[],
"uid":"zhaoyayun",
"parent":"",
"text":"不是说不能卖国企，但一定要先卖亏损的，而且要按市价，不能预设条件，而且要把员工都包下来，其他社会责任也都要照样负担，税也要照样交。",
"mid":"zeVUTjyoK",
"date":"2013-01-17 22:52:27"
},
{
"kids":[],
"uid":"2365866827",
"parent":"",
"text":"不要也罢，但能不要么！",
"mid":"zeVUryc14",
"date":"2013-01-17 22:51:23"
},
{
"kids":[
"zeW2R5XDK",
"zeW14idTa",
"zeVYk8GrQ",
"zeVX3tIqb"
],
"uid":"zhaoyayun",
"parent":"",
"text":"然后得出结论，国企必须私有化。怎么私有化呢？当然是靓女先嫁，把盈利最好的卖掉。怎么卖呢？自然是折价。谁来买呢？当然是权贵子弟、管理层、外资。民企想买也是不成的，当初三一想买徐工，出价再搞也不卖，只能卖给美资。",
"mid":"zeVUbAHay",
"date":"2013-01-17 22:50:44"
},
{
"kids":[],
"uid":"2373074591",
"parent":"",
"text":"",
"mid":"zeVTv56AP",
"date":"2013-01-17 22:49:03"
},
{
"kids":[],
"uid":"2372676092",
"parent":"",
"text":"都跑哪里去了？国有我可有？你可有？",
"mid":"zeVThagjl",
"date":"2013-01-17 22:48:29"
},
{
"kids":[],
"uid":"2205961515",
"parent":"",
"text":"大型国有企业是安排高干及其子女的白米缸",
"mid":"zeVT4rHjG",
"date":"2013-01-17 22:48:00"
},
{
"kids":[],
"uid":"1250698091",
"parent":"",
"text":"",
"mid":"zeVSSkqwZ",
"date":"2013-01-17 22:47:30"
},
{
"kids":[],
"uid":"2402125484",
"parent":"",
"text":"国有就是政有、官有。私有就是民有。p民怎能pk政府官府[泪][泪]",
"mid":"zeVSH75Xi",
"date":"2013-01-17 22:47:01"
},
{
"kids":[
"zeW3nlwW4"
],
"uid":"512360510",
"parent":"",
"text":"应该！",
"mid":"zeVNLirJX",
"date":"2013-01-17 22:34:54"
},
{
"kids":[],
"uid":"2101439713",
"parent":"",
"text":"国企绑架中央。堂堂的中央政府管不了国企。必有猫腻。",
"mid":"zeVMbsybZ",
"date":"2013-01-17 22:31:02"
},
{
"kids":[],
"uid":"678322388",
"parent":"zeVwXEahb",
"text":"",
"mid":"zeVJLkVsc",
"date":"2013-01-17 22:25:00"
},
{
"kids":[],
"uid":"1105774262",
"parent":"",
"text":"",
"mid":"zeVHF6jJK",
"date":"2013-01-17 22:19:51"
},
{
"kids":[
"zeX5toIz1"
],
"uid":"1157768755",
"parent":"",
"text":"亲，利润太薄，包邮免谈@黄章晋ster  @哈哈同学",
"mid":"zeVD3lD1q",
"date":"2013-01-17 22:08:32"
},
{
"kids":[],
"uid":"1103045715",
"parent":"zeVwXEahb",
"text":"",
"mid":"zeVCK94xE",
"date":"2013-01-17 22:07:45"
},
{
"kids":[],
"uid":"2284688595",
"parent":"",
"text":"钱呢？",
"mid":"zeVBLfdFv",
"date":"2013-01-17 22:05:19"
},
{
"kids":[],
"uid":"2170501191",
"parent":"",
"text":"钱去哪了想必各级领导都清楚！贼一样的zF",
"mid":"zeVBAgOlk",
"date":"2013-01-17 22:04:53"
},
{
"kids":[],
"uid":"1956766492",
"parent":"zeVwJvZmP",
"text":"中国黑社会开创者，他设计了中国为美国打工，向美国借款，给美国送钱，送人，送特权。史称总设计师。是他让中国继续走在专制的道路上。",
"mid":"zeVzR55v6",
"date":"2013-01-17 22:00:39"
},
{
"kids":[],
"uid":"1777879184",
"parent":"",
"text":"说谁谁也不信!",
"mid":"zeVzIb7mQ",
"date":"2013-01-17 22:00:16"
},
{
"kids":[],
"uid":"1447236024",
"parent":"",
"text":"",
"mid":"zeVyI6fx8",
"date":"2013-01-17 21:57:49"
},
{
"kids":[],
"uid":"2321178541",
"parent":"",
"text":"钱都那去了",
"mid":"zeVyzvRIf",
"date":"2013-01-17 21:57:29"
},
{
"kids":[
"zeVJLkVsc",
"zeVCK94xE"
],
"uid":"2759675731",
"parent":"zeVwJvZmP",
"text":"",
"mid":"zeVwXEahb",
"date":"2013-01-17 21:53:32"
},
{
"kids":[
"zeVWhBeLu",
"zeVzR55v6",
"zeVwXEahb"
],
"uid":"2759675731",
"parent":"",
"text":"",
"mid":"zeVwJvZmP",
"date":"2013-01-17 21:52:58"
},
{
"kids":[],
"uid":"1869037025",
"parent":"",
"text":"",
"mid":"zeVwgvdPO",
"date":"2013-01-17 21:51:49"
},
{
"kids":[],
"uid":"2205365114",
"parent":"",
"text":"",
"mid":"zeVvFAH3W",
"date":"2013-01-17 21:50:21"
},
{
"kids":[],
"uid":"bjtingyulady",
"parent":"",
"text":"五十年代初，当局表面说是鼓励私营企业，其实处处为私营企业设阻，目的就是挤垮私营经济。——十年前，我为一家企业写店史才知道了。",
"mid":"zeVvr7Cr0",
"date":"2013-01-17 21:49:43"
},
{
"kids":[],
"uid":"2953619805",
"parent":"",
"text":"",
"mid":"zeVvhDZkq",
"date":"2013-01-17 21:49:23"
},
{
"kids":[],
"uid":"auvalley",
"parent":"",
"text":"国有资产收益吃光用光，增值靠增发人民币靠土地和固定资产",
"mid":"zeVv2i8PF",
"date":"2013-01-17 21:48:48"
},
{
"kids":[
"zeY5WELBI"
],
"uid":"2836987141",
"parent":"",
"text":"",
"mid":"zeVv0vELL",
"date":"2013-01-17 21:48:41"
},
{
"kids":[],
"uid":"1877840611",
"parent":"",
"text":"",
"mid":"zeVuNu6Jv",
"date":"2013-01-17 21:48:09"
},
{
"kids":[],
"uid":"minggel",
"parent":"",
"text":"是吗?!",
"mid":"zeVuy8gdw",
"date":"2013-01-17 21:47:33"
}
]