[
{
"kids":[],
"uid":"2120867630",
"parent":"yBqkC0nn9",
"text":"打！打死狗日的！不过是真的还是假[疑问]的？",
"mid":"z0Tz6znSz",
"date":"2012-10-17 15:09:03"
},
{
"kids":[],
"uid":"2805184960",
"parent":"yBuR0n96i",
"text":"",
"mid":"yBArtaOLa",
"date":"2012-09-12 23:44:56"
},
{
"kids":[],
"uid":"1670666523",
"parent":"",
"text":"真相？",
"mid":"yByUXehy0",
"date":"2012-09-12 19:52:08"
},
{
"kids":[],
"uid":"1928697463",
"parent":"yBuXV7LE4",
"text":"真希望是真的",
"mid":"yByFotLCb",
"date":"2012-09-12 19:13:46"
},
{
"kids":[],
"uid":"2347955292",
"parent":"",
"text":"╮(╯▽╰)╭和平解决问题嘛！如果不行，哼哼~打死打死打死！！！！",
"mid":"yBytddE2p",
"date":"2012-09-12 18:43:47"
},
{
"kids":[],
"uid":"1890226564",
"parent":"",
"text":"",
"mid":"yBy7E4iGt",
"date":"2012-09-12 17:50:40"
},
{
"kids":[],
"uid":"2804341230",
"parent":"",
"text":"",
"mid":"yBxw7FQ9G",
"date":"2012-09-12 16:18:15"
},
{
"kids":[],
"uid":"2693498025",
"parent":"yBvFLEzQ3",
"text":"好逼真哦",
"mid":"yBwL7gVuc",
"date":"2012-09-12 14:22:24"
},
{
"kids":[],
"uid":"1730613061",
"parent":"",
"text":"意淫吧~",
"mid":"yBwy7sooz",
"date":"2012-09-12 13:50:23"
},
{
"kids":[
"yBwL7gVuc"
],
"uid":"538805345",
"parent":"yBr4s1KxB",
"text":"假的",
"mid":"yBvFLEzQ3",
"date":"2012-09-12 11:36:29"
},
{
"kids":[],
"uid":"1978741277",
"parent":"yBtOirMgt",
"text":"求真相",
"mid":"yBvwr6ylW",
"date":"2012-09-12 11:13:30"
},
{
"kids":[],
"uid":"1706621404",
"parent":"",
"text":"",
"mid":"yBvnL1Gwm",
"date":"2012-09-12 10:52:07"
},
{
"kids":[],
"uid":"yobeleung",
"parent":"yBrfNBgWN",
"text":"",
"mid":"yBvmzqbV4",
"date":"2012-09-12 10:49:12"
},
{
"kids":[],
"uid":"2005741080",
"parent":"yBvdf9YFN",
"text":"回复 @我爱可乐的微博:你确实嗨了，把你弄去支援前线",
"mid":"yBvhod0JC",
"date":"2012-09-12 10:36:26"
},
{
"kids":[
"yBvhod0JC"
],
"uid":"2005741080",
"parent":"yBvcCqpxe",
"text":"本来就是假的，你个莽子",
"mid":"yBvdf9YFN",
"date":"2012-09-12 10:26:12"
},
{
"kids":[],
"uid":"vsanyecao",
"parent":"yBv0WaWBg",
"text":"真 假 啊",
"mid":"yBvdamFf3",
"date":"2012-09-12 10:26:01"
},
{
"kids":[
"yBvdf9YFN"
],
"uid":"1770466961",
"parent":"yBv3Irs5I",
"text":"不用激动了 据说是假新闻[鄙视]",
"mid":"yBvcCqpxe",
"date":"2012-09-12 10:24:39"
},
{
"kids":[
"yBvcCqpxe"
],
"uid":"1770466961",
"parent":"yBuLMdAHd",
"text":"真的假的 真的老娘就捐款",
"mid":"yBv3Irs5I",
"date":"2012-09-12 10:02:45"
},
{
"kids":[
"yBvdamFf3"
],
"uid":"229867575",
"parent":"yBrdhf7Tf",
"text":"真的假的！",
"mid":"yBv0WaWBg",
"date":"2012-09-12 09:55:54"
},
{
"kids":[
"yByFotLCb"
],
"uid":"jenniferwzm",
"parent":"yBuX1z5t7",
"text":"民心所向",
"mid":"yBuXV7LE4",
"date":"2012-09-12 09:48:28"
},
{
"kids":[],
"uid":"1983360870",
"parent":"yBusagHgN",
"text":"如果是真的！太爽了！",
"mid":"yBuXT4MB4",
"date":"2012-09-12 09:48:23"
},
{
"kids":[
"yBuXV7LE4"
],
"uid":"1611551725",
"parent":"yBrpTaCXx",
"text":"这个太离谱了，这个明显是在煽动愤青",
"mid":"yBuX1z5t7",
"date":"2012-09-12 09:46:16"
},
{
"kids":[],
"uid":"678061129",
"parent":"yBuKh6W02",
"text":"只是愿望而已",
"mid":"yBuU8tPDe",
"date":"2012-09-12 09:39:09"
},
{
"kids":[],
"uid":"2458376182",
"parent":"yBqj3Bc7h",
"text":"",
"mid":"yBuTVuv1i",
"date":"2012-09-12 09:38:38"
},
{
"kids":[
"yBArtaOLa"
],
"uid":"weiqianforever",
"parent":"yBuq1AxD0",
"text":"",
"mid":"yBuR0n96i",
"date":"2012-09-12 09:31:26"
},
{
"kids":[
"yBv3Irs5I"
],
"uid":"2005741080",
"parent":"yBruDbWOh",
"text":"假的吧，要真开战了，我去当护士",
"mid":"yBuLMdAHd",
"date":"2012-09-12 09:18:33"
},
{
"kids":[
"yBuU8tPDe"
],
"uid":"1918216971",
"parent":"yBuu6xeCN",
"text":"今早新闻还要坚决反对和呼吁呢，应该不是真的",
"mid":"yBuKh6W02",
"date":"2012-09-12 09:14:50"
},
{
"kids":[],
"uid":"2529250173",
"parent":"yBtOirMgt",
"text":"求证真伪？",
"mid":"yBuBmwsHP",
"date":"2012-09-12 08:52:54"
},
{
"kids":[],
"uid":"1494485935",
"parent":"",
"text":"[疑问]",
"mid":"yBuBke0Cd",
"date":"2012-09-12 08:52:48"
},
{
"kids":[],
"uid":"2130589375",
"parent":"yBtSPbMJy",
"text":"曾经当过兵+75后好应该主动上战场，为国家出分力。",
"mid":"yBuv5oGAI",
"date":"2012-09-12 08:37:25"
},
{
"kids":[
"yBuKh6W02"
],
"uid":"leafage",
"parent":"yBtYxrtms",
"text":"真假？有这志气吗？",
"mid":"yBuu6xeCN",
"date":"2012-09-12 08:35:01"
},
{
"kids":[
"yBuXT4MB4"
],
"uid":"1954558111",
"parent":"yBuq1AxD0",
"text":"真假",
"mid":"yBusagHgN",
"date":"2012-09-12 08:30:14"
},
{
"kids":[
"yBuR0n96i",
"yBusagHgN"
],
"uid":"1775321925",
"parent":"yBrCK4wrD",
"text":"部队是维稳",
"mid":"yBuq1AxD0",
"date":"2012-09-12 08:24:58"
},
{
"kids":[],
"uid":"1437811102",
"parent":"yBtYxrtms",
"text":"？",
"mid":"yBuhgrB8I",
"date":"2012-09-12 08:03:22"
},
{
"kids":[],
"uid":"1453951242",
"parent":"",
"text":"都TMD要打仗了，让海监船去作甚啊，当炮灰啊？",
"mid":"yBudQ1tmp",
"date":"2012-09-12 07:54:56"
},
{
"kids":[],
"uid":"1409607012",
"parent":"",
"text":"放屁！一群意淫的东西！",
"mid":"yBu6dcDAM",
"date":"2012-09-12 07:36:08"
},
{
"kids":[],
"uid":"1036018887",
"parent":"",
"text":"离220海里开火？",
"mid":"yBu6b9J5L",
"date":"2012-09-12 07:36:04"
},
{
"kids":[],
"uid":"2283597884",
"parent":"",
"text":"对于日本，中国人太需要这一仗解千年之气",
"mid":"yBu5CjKDy",
"date":"2012-09-12 07:34:40"
},
{
"kids":[
"yBuu6xeCN",
"yBuhgrB8I"
],
"uid":"1452712022",
"parent":"yBtHa6ydX",
"text":"哦？牛逼了",
"mid":"yBtYxrtms",
"date":"2012-09-12 07:17:15"
},
{
"kids":[
"yBuv5oGAI"
],
"uid":"1673761293",
"parent":"yBrEGlPgf",
"text":"打7日本仔[鼓掌][鼓掌]",
"mid":"yBtSPbMJy",
"date":"2012-09-12 07:03:10"
},
{
"kids":[],
"uid":"2406910105",
"parent":"",
"text":"希望是真的",
"mid":"yBtRxFCyD",
"date":"2012-09-12 07:00:01"
},
{
"kids":[
"yBvwr6ylW",
"yBuBmwsHP"
],
"uid":"2452762885",
"parent":"",
"text":"啊，真的假的？",
"mid":"yBtOirMgt",
"date":"2012-09-12 06:52:01"
},
{
"kids":[],
"uid":"539545600",
"parent":"",
"text":"真的假的？[吃惊]",
"mid":"yBtJooZVa",
"date":"2012-09-12 06:39:55"
},
{
"kids":[
"yBtYxrtms"
],
"uid":"1940477381",
"parent":"yBtsavpuO",
"text":"要是真的，顶一个[",
"mid":"yBtHa6ydX",
"date":"2012-09-12 06:34:26"
},
{
"kids":[],
"uid":"1111290213",
"parent":"yBrdhf7Tf",
"text":"@低配人生:真的？",
"mid":"yBtEh4i11",
"date":"2012-09-12 06:27:19"
},
{
"kids":[],
"uid":"erinlady",
"parent":"",
"text":"",
"mid":"yBtBpqe93",
"date":"2012-09-12 06:20:16"
},
{
"kids":[],
"uid":"1406942715",
"parent":"yBrkEFWuW",
"text":"高度怀疑其真实性，如果是真的，那太解气了",
"mid":"yBtzmFFeS",
"date":"2012-09-12 06:15:14"
},
{
"kids":[
"yBtHa6ydX"
],
"uid":"1863566925",
"parent":"yBrkEFWuW",
"text":"真的吗",
"mid":"yBtsavpuO",
"date":"2012-09-12 05:57:29"
},
{
"kids":[],
"uid":"1658344163",
"parent":"yBrs0BNfC",
"text":"中国还有这个胆子？老共不敢的，只有动动嘴巴，搞搞交涉，严正交涉之类的",
"mid":"yBst88O1N",
"date":"2012-09-12 03:27:07"
},
{
"kids":[],
"uid":"2087163114",
"parent":"yBr73nAnW",
"text":"意淫",
"mid":"yBs9YxqgY",
"date":"2012-09-12 02:39:56"
},
{
"kids":[],
"uid":"2020730701",
"parent":"",
"text":"真的吗？",
"mid":"yBs7b8kJB",
"date":"2012-09-12 02:33:02"
},
{
"kids":[],
"uid":"1581967423",
"parent":"yBrkEFWuW",
"text":"？？",
"mid":"yBrZVnafL",
"date":"2012-09-12 02:15:09"
},
{
"kids":[],
"uid":"1784389005",
"parent":"yBrs317Uy",
"text":"求真像",
"mid":"yBrU1ykUA",
"date":"2012-09-12 02:00:38"
},
{
"kids":[],
"uid":"1949587993",
"parent":"yBrs0BNfC",
"text":"我也想知道是不是真的- -",
"mid":"yBrOAplH6",
"date":"2012-09-12 01:47:14"
},
{
"kids":[],
"uid":"sce1231",
"parent":"yBrMixMmf",
"text":"真的?",
"mid":"yBrOdE0CN",
"date":"2012-09-12 01:46:20"
},
{
"kids":[
"yBrOdE0CN"
],
"uid":"1923484714",
"parent":"",
"text":"干死狗日的小日本，早该干死他直接打沉日本国！",
"mid":"yBrMixMmf",
"date":"2012-09-12 01:41:36"
},
{
"kids":[],
"uid":"2070785641",
"parent":"",
"text":"0708年的旧谣言。这个洪秀全的N代仔在骗粉，星光的各位",
"mid":"yBrJAojfV",
"date":"2012-09-12 01:34:54"
},
{
"kids":[
"yBtSPbMJy"
],
"uid":"1853239553",
"parent":"yBrfNBgWN",
"text":"打7日本仔[鼓掌][鼓掌]",
"mid":"yBrEGlPgf",
"date":"2012-09-12 01:22:50"
},
{
"kids":[],
"uid":"1907216174",
"parent":"",
"text":"真的假的？",
"mid":"yBrEnr2is",
"date":"2012-09-12 01:22:05"
},
{
"kids":[
"yBuq1AxD0"
],
"uid":"1838708044",
"parent":"yBromzOMt",
"text":"我不信！",
"mid":"yBrCK4wrD",
"date":"2012-09-12 01:18:03"
},
{
"kids":[
"yBuLMdAHd"
],
"uid":"unicababy",
"parent":"",
"text":"还是关心一下正事吧！！",
"mid":"yBruDbWOh",
"date":"2012-09-12 00:58:05"
},
{
"kids":[
"yBrU1ykUA"
],
"uid":"1784389005",
"parent":"",
"text":"打得好，干曰本别",
"mid":"yBrs317Uy",
"date":"2012-09-12 00:51:42"
},
{
"kids":[
"yBst88O1N",
"yBrOAplH6"
],
"uid":"338715670",
"parent":"",
"text":"打啊！",
"mid":"yBrs0BNfC",
"date":"2012-09-12 00:51:37"
},
{
"kids":[
"yBuX1z5t7"
],
"uid":"raul777",
"parent":"yBr4s1KxB",
"text":"@泥滴憨憨憨 ，找你求证。",
"mid":"yBrpTaCXx",
"date":"2012-09-12 00:46:24"
},
{
"kids":[],
"uid":"dvjcam",
"parent":"yBqyc9BE0",
"text":"",
"mid":"yBrpIvweA",
"date":"2012-09-12 00:45:57"
},
{
"kids":[],
"uid":"yuliangmoon",
"parent":"yBrkEFWuW",
"text":"翻滚吧、啧啧",
"mid":"yBrpE5K4c",
"date":"2012-09-12 00:45:43"
},
{
"kids":[
"yBrCK4wrD"
],
"uid":"ricky1201",
"parent":"",
"text":"不是吧？开战了?",
"mid":"yBromzOMt",
"date":"2012-09-12 00:42:39"
},
{
"kids":[],
"uid":"2266097944",
"parent":"",
"text":"",
"mid":"yBrnb106t",
"date":"2012-09-12 00:39:43"
},
{
"kids":[
"yBtzmFFeS",
"yBtsavpuO",
"yBrZVnafL",
"yBrpE5K4c"
],
"uid":"1919067687",
"parent":"yBqF1xNsl",
"text":"真的假的？",
"mid":"yBrkEFWuW",
"date":"2012-09-12 00:33:25"
},
{
"kids":[],
"uid":"1733109131",
"parent":"yBrfNBgWN",
"text":"",
"mid":"yBrjfvfyD",
"date":"2012-09-12 00:30:02"
},
{
"kids":[],
"uid":"2194819081",
"parent":"yBrcnqZCk",
"text":"真要开战了？[疑问]",
"mid":"yBrgTwzBX",
"date":"2012-09-12 00:24:14"
},
{
"kids":[],
"uid":"songofsilver",
"parent":"yBrdhf7Tf",
"text":"我还就不信共产党有这胆子！",
"mid":"yBrgvCbAU",
"date":"2012-09-12 00:23:18"
},
{
"kids":[
"yBvmzqbV4",
"yBrEGlPgf",
"yBrjfvfyD"
],
"uid":"dongqing131",
"parent":"yBr7TEYEj",
"text":"真心往死里打！！！",
"mid":"yBrfNBgWN",
"date":"2012-09-12 00:21:32"
},
{
"kids":[
"yBv0WaWBg",
"yBtEh4i11",
"yBrgvCbAU"
],
"uid":"lisbeeq",
"parent":"",
"text":"YY",
"mid":"yBrdhf7Tf",
"date":"2012-09-12 00:15:20"
},
{
"kids":[
"yBrgTwzBX"
],
"uid":"1938587463",
"parent":"yBr4s1KxB",
"text":"好啊。。。赶紧开。。",
"mid":"yBrcnqZCk",
"date":"2012-09-12 00:13:06"
},
{
"kids":[],
"uid":"1934689571",
"parent":"yBqIUDA2D",
"text":"多么希望这是真的啊！",
"mid":"yBragv86z",
"date":"2012-09-12 00:07:54"
},
{
"kids":[],
"uid":"1807289543",
"parent":"yBr73nAnW",
"text":"打死日本人，九一八快到了，血国耻！",
"mid":"yBr9k3cGs",
"date":"2012-09-12 00:05:33"
},
{
"kids":[],
"uid":"osman",
"parent":"yBr4s1KxB",
"text":"这个应该是军演而已",
"mid":"yBr9ix17C",
"date":"2012-09-12 00:05:32"
},
{
"kids":[
"yBrfNBgWN"
],
"uid":"529228678",
"parent":"yBr4s1KxB",
"text":"真?  求证",
"mid":"yBr7TEYEj",
"date":"2012-09-12 00:02:01"
},
{
"kids":[
"yBs9YxqgY",
"yBr9k3cGs"
],
"uid":"ariesliu",
"parent":"yBr5A2a9G",
"text":"天哪！这种假新闻竟然这么多人信！这是几年前的虚假段子，而且，请问中国哪儿来福建军区？！",
"mid":"yBr73nAnW",
"date":"2012-09-11 23:59:59"
},
{
"kids":[],
"uid":"1776558881",
"parent":"yBr2m1CsC",
"text":"有多狠打多狠！别手软！",
"mid":"yBr6FrdnI",
"date":"2012-09-11 23:59:02"
},
{
"kids":[],
"uid":"jackhuo",
"parent":"yBr5A2a9G",
"text":"假的",
"mid":"yBr6xq8Mm",
"date":"2012-09-11 23:58:44"
},
{
"kids":[
"yBr73nAnW",
"yBr6xq8Mm"
],
"uid":"jenniferwzm",
"parent":"yBr2m1CsC",
"text":"@今朝有酒醉 看看",
"mid":"yBr5A2a9G",
"date":"2012-09-11 23:56:18"
},
{
"kids":[],
"uid":"377720770",
"parent":"",
"text":"中国男儿要雄起吖",
"mid":"yBr56tjXn",
"date":"2012-09-11 23:55:11"
},
{
"kids":[
"yBvFLEzQ3",
"yBrpTaCXx",
"yBrcnqZCk",
"yBr9ix17C",
"yBr7TEYEj"
],
"uid":"jerrychen0100",
"parent":"yBr2m1CsC",
"text":"中午的事情，我们一点风没收到，刚关电脑呢，求证。",
"mid":"yBr4s1KxB",
"date":"2012-09-11 23:53:33"
},
{
"kids":[],
"uid":"1496982727",
"parent":"yBqOObivZ",
"text":"",
"mid":"yBr3LugtT",
"date":"2012-09-11 23:51:50"
},
{
"kids":[
"yBr6FrdnI",
"yBr5A2a9G",
"yBr4s1KxB"
],
"uid":"tracyjun",
"parent":"yBqYW9oem",
"text":"往死裡打!",
"mid":"yBr2m1CsC",
"date":"2012-09-11 23:48:24"
},
{
"kids":[],
"uid":"2154307481",
"parent":"",
"text":"最好是这样的…弄死他们…击落空军，击沉海军…",
"mid":"yBr1Y2EuT",
"date":"2012-09-11 23:47:26"
},
{
"kids":[],
"uid":"2479537135",
"parent":"yBqF3DcfX",
"text":"",
"mid":"yBr0Rt26c",
"date":"2012-09-11 23:44:44"
},
{
"kids":[],
"uid":"yangyang576",
"parent":"yBqQtmzud",
"text":"开火老~~~~~~~~~~~~~",
"mid":"yBqZ5BAhb",
"date":"2012-09-11 23:40:18"
},
{
"kids":[
"yBr2m1CsC"
],
"uid":"1948924060",
"parent":"yBqT68FKg",
"text":"求证啊~",
"mid":"yBqYW9oem",
"date":"2012-09-11 23:39:59"
},
{
"kids":[],
"uid":"1792278677",
"parent":"yBqT68FKg",
"text":"纳尼！",
"mid":"yBqY9ohRz",
"date":"2012-09-11 23:38:02"
},
{
"kids":[],
"uid":"1846136250",
"parent":"yBqCgd3Ji",
"text":"？？？？、",
"mid":"yBqUWvf0h",
"date":"2012-09-11 23:30:09"
},
{
"kids":[
"yBqYW9oem",
"yBqY9ohRz"
],
"uid":"jenniferwzm",
"parent":"",
"text":"這是真的呃嗎？求證。",
"mid":"yBqT68FKg",
"date":"2012-09-11 23:25:35"
},
{
"kids":[],
"uid":"2236115174",
"parent":"",
"text":"",
"mid":"yBqSP35M4",
"date":"2012-09-11 23:24:55"
},
{
"kids":[],
"uid":"2396494000",
"parent":"yBqQtmzud",
"text":"是不是真的哟。",
"mid":"yBqSelDFt",
"date":"2012-09-11 23:23:29"
},
{
"kids":[
"yBqZ5BAhb",
"yBqSelDFt"
],
"uid":"guoxiang23",
"parent":"yBqj3Bc7h",
"text":"虽然希望这是真的，但感觉像是假新闻。一艘常规潜艇加两艘海监船，可以干得赢两艘宙斯盾级的驱逐舰外加护卫舰？不是意淫就是小日本又被老大哥美国坑爹了[哈哈][哈哈][哈哈][哈哈][哈哈]",
"mid":"yBqQtmzud",
"date":"2012-09-11 23:19:07"
},
{
"kids":[
"yBr3LugtT"
],
"uid":"thomasv5",
"parent":"",
"text":"大V都是NC吗？？YY",
"mid":"yBqOObivZ",
"date":"2012-09-11 23:14:59"
},
{
"kids":[],
"uid":"209292028",
"parent":"",
"text":"求辟谣？@新浪军事 @点子正",
"mid":"yBqNig6rY",
"date":"2012-09-11 23:11:18"
},
{
"kids":[
"yBragv86z"
],
"uid":"1886673863",
"parent":"",
"text":"[吃惊]",
"mid":"yBqIUDA2D",
"date":"2012-09-11 23:00:29"
},
{
"kids":[],
"uid":"1786680277",
"parent":"",
"text":"中国给力。。。。。。",
"mid":"yBqITtYFe",
"date":"2012-09-11 23:00:28"
},
{
"kids":[],
"uid":"525355012",
"parent":"",
"text":"@新闻广播丁洋",
"mid":"yBqIJaRKj",
"date":"2012-09-11 23:00:01"
},
{
"kids":[],
"uid":"525355012",
"parent":"",
"text":"求真假？？？？",
"mid":"yBqI3dXF7",
"date":"2012-09-11 22:58:22"
},
{
"kids":[],
"uid":"1557349834",
"parent":"",
"text":"呵呵，上图是伊朗革命卫队的演戏",
"mid":"yBqHGqr7R",
"date":"2012-09-11 22:57:31"
},
{
"kids":[],
"uid":"1883252022",
"parent":"yBqpwkHf7",
"text":"哇，真的假的？[睡觉]",
"mid":"yBqGG6wDl",
"date":"2012-09-11 22:55:00"
},
{
"kids":[
"yBr0Rt26c"
],
"uid":"1744603652",
"parent":"",
"text":"冤枉啊，我就是转了一下啊。。",
"mid":"yBqF3DcfX",
"date":"2012-09-11 22:51:02"
},
{
"kids":[
"yBrkEFWuW"
],
"uid":"1837108413",
"parent":"yBqjYFpcW",
"text":"真的，假得？",
"mid":"yBqF1xNsl",
"date":"2012-09-11 22:50:55"
},
{
"kids":[],
"uid":"mh113",
"parent":"",
"text":"真的真的？那此时的暴雨和雷是在说明我们中国人的愤怒吗？小鬼子太欺负人了，真不能忍了~",
"mid":"yBqDobau9",
"date":"2012-09-11 22:46:54"
},
{
"kids":[],
"uid":"316321999",
"parent":"yBqwafpTb",
"text":"我们到底是怎么了，这种消息也能相信，当我们在嘲笑平壤神“崔”的时候，我们不妨反省反省自己的不足[衰]",
"mid":"yBqCPk0lZ",
"date":"2012-09-11 22:45:28"
},
{
"kids":[],
"uid":"1221041375",
"parent":"",
"text":"[疑问]",
"mid":"yBqCGvegb",
"date":"2012-09-11 22:45:10"
},
{
"kids":[],
"uid":"maxiaochuan1019",
"parent":"yBqjYFpcW",
"text":"@amber佳佳 操的累！干点什么吧！",
"mid":"yBqCx205w",
"date":"2012-09-11 22:44:47"
},
{
"kids":[],
"uid":"1141874981",
"parent":"",
"text":"晕！怎么是假的",
"mid":"yBqClv8lJ",
"date":"2012-09-11 22:44:20"
},
{
"kids":[
"yBqUWvf0h"
],
"uid":"1647095832",
"parent":"",
"text":"真的吗？",
"mid":"yBqCgd3Ji",
"date":"2012-09-11 22:44:06"
},
{
"kids":[],
"uid":"1616122210",
"parent":"yBqjYFpcW",
"text":"哪儿来的造谣者",
"mid":"yBqC9noAS",
"date":"2012-09-11 22:43:52"
},
{
"kids":[],
"uid":"2035582147",
"parent":"",
"text":"真假？",
"mid":"yBqB7fUj8",
"date":"2012-09-11 22:41:18"
},
{
"kids":[],
"uid":"2733926555",
"parent":"yBqwafpTb",
"text":"",
"mid":"yBqyv4B9x",
"date":"2012-09-11 22:34:51"
},
{
"kids":[
"yBrpIvweA"
],
"uid":"2244678293",
"parent":"yBqkC0nn9",
"text":"真的假的",
"mid":"yBqyc9BE0",
"date":"2012-09-11 22:34:06"
},
{
"kids":[],
"uid":"209474704",
"parent":"",
"text":"是啊，早该开火了。不过这是真的吗？",
"mid":"yBqxxlh7B",
"date":"2012-09-11 22:32:29"
},
{
"kids":[
"yBqCPk0lZ",
"yBqyv4B9x"
],
"uid":"yundongfeixia",
"parent":"",
"text":"假消息！已被辟谣！",
"mid":"yBqwafpTb",
"date":"2012-09-11 22:29:05"
},
{
"kids":[],
"uid":"2169936913",
"parent":"",
"text":"",
"mid":"yBqvUz3mc",
"date":"2012-09-11 22:28:30"
},
{
"kids":[],
"uid":"1968044101",
"parent":"",
"text":"",
"mid":"yBqtqmAy7",
"date":"2012-09-11 22:22:21"
},
{
"kids":[],
"uid":"2275863062",
"parent":"yBql9o4do",
"text":"不管真的还是假的，钓鱼岛自古以来都是中国的固有领土！是不变的事实~小日本跟中国打，不仅自取其辱，还要让你全军覆没~",
"mid":"yBqr2hXcV",
"date":"2012-09-11 22:16:28"
},
{
"kids":[],
"uid":"sure1999",
"parent":"yBqiHruiD",
"text":"",
"mid":"yBqqmBNXu",
"date":"2012-09-11 22:14:49"
},
{
"kids":[
"yBqGG6wDl"
],
"uid":"pengsuchiu",
"parent":"yBqiHruiD",
"text":"国外的新闻没有 所以应该是假新闻",
"mid":"yBqpwkHf7",
"date":"2012-09-11 22:12:44"
},
{
"kids":[],
"uid":"2154529385",
"parent":"yBqiHruiD",
"text":"要是真的就开心死了",
"mid":"yBqoaobAd",
"date":"2012-09-11 22:09:24"
},
{
"kids":[],
"uid":"125171839",
"parent":"yBqjYFpcW",
"text":"真的假的？",
"mid":"yBqlEq373",
"date":"2012-09-11 22:03:09"
},
{
"kids":[
"yBqr2hXcV"
],
"uid":"mbb850611",
"parent":"yBqkC0nn9",
"text":"真的假的？",
"mid":"yBql9o4do",
"date":"2012-09-11 22:01:59"
},
{
"kids":[
"z0Tz6znSz",
"yBqyc9BE0",
"yBql9o4do"
],
"uid":"1436765334",
"parent":"yBqj3Bc7h",
"text":"真的？",
"mid":"yBqkC0nn9",
"date":"2012-09-11 22:00:38"
},
{
"kids":[],
"uid":"1600476147",
"parent":"",
"text":"",
"mid":"yBqkpwFJn",
"date":"2012-09-11 22:00:09"
},
{
"kids":[
"yBqF1xNsl",
"yBqCx205w",
"yBqC9noAS",
"yBqlEq373"
],
"uid":"1744603652",
"parent":"yBqj3Bc7h",
"text":"开战了[",
"mid":"yBqjYFpcW",
"date":"2012-09-11 21:59:05"
},
{
"kids":[
"yBuTVuv1i",
"yBqQtmzud",
"yBqkC0nn9",
"yBqjYFpcW"
],
"uid":"1959671143",
"parent":"",
"text":"[威武][威武][威武]",
"mid":"yBqj3Bc7h",
"date":"2012-09-11 21:56:45"
},
{
"kids":[],
"uid":"2655643970",
"parent":"",
"text":"航母开去打，战斗机装上最强导弹，妈的",
"mid":"yBqiPu6jv",
"date":"2012-09-11 21:56:16"
},
{
"kids":[
"yBqqmBNXu",
"yBqpwkHf7",
"yBqoaobAd"
],
"uid":"1217930264",
"parent":"",
"text":"真的吗？",
"mid":"yBqiHruiD",
"date":"2012-09-11 21:55:54"
},
{
"kids":[],
"uid":"2201519970",
"parent":"",
"text":"[鼓掌]",
"mid":"yBqivEJmP",
"date":"2012-09-11 21:55:28"
},
{
"kids":[],
"uid":"2243898360",
"parent":"",
"text":"这也能瞎说[挖鼻屎]",
"mid":"yBqhZakKz",
"date":"2012-09-11 21:54:10"
},
{
"kids":[],
"uid":"2655643970",
"parent":"",
"text":"打，把小日本灭了，在扔几个原子弹",
"mid":"yBqhv2JCI",
"date":"2012-09-11 21:52:57"
}
]