[
{
"kids":[],
"uid":"2809794314",
"parent":"yCN3d9yaI",
"text":"",
"mid":"yDCtLA08I",
"date":"2012-09-26 08:36:46"
},
{
"kids":[],
"uid":"2810913620",
"parent":"yCN3d9yaI",
"text":"",
"mid":"yDCtLyCfO",
"date":"2012-09-26 08:36:45"
},
{
"kids":[],
"uid":"1588618154",
"parent":"yCN3d9yaI",
"text":"",
"mid":"yDsKUv2Z1",
"date":"2012-09-25 07:51:31"
},
{
"kids":[],
"uid":"1520863647",
"parent":"yCN3d9yaI",
"text":"",
"mid":"yDsKUdrOT",
"date":"2012-09-25 07:51:30"
},
{
"kids":[],
"uid":"cmccwch",
"parent":"yCN8eCQuT",
"text":"炒作吧",
"mid":"yCXf0dG5N",
"date":"2012-09-21 23:37:45"
},
{
"kids":[],
"uid":"2475261770",
"parent":"yCNDD0Lyb",
"text":"礼拜一之前别找我说话[晕]",
"mid":"yCSTvASRf",
"date":"2012-09-21 12:33:50"
},
{
"kids":[],
"uid":"izuojing",
"parent":"yCRA343gv",
"text":"不太可能，只是说永别了世界，估计是炒作。媒体喜跟风，她舍不得死的，她很聪明，娱乐大众反倒让大众觉得自己很娱乐",
"mid":"yCRGO4t5n",
"date":"2012-09-21 09:29:47"
},
{
"kids":[],
"uid":"2948610075",
"parent":"yCN3SfKGi",
"text":"求证",
"mid":"yCRFAoXh6",
"date":"2012-09-21 09:26:46"
},
{
"kids":[],
"uid":"1495089977",
"parent":"",
"text":"真的假的？",
"mid":"yCRE8hUDt",
"date":"2012-09-21 09:23:12"
},
{
"kids":[
"yCRGO4t5n"
],
"uid":"xumin3",
"parent":"yCN94kith",
"text":"@上官伊檬_zuoj @历史的又一巴掌 @西析娟 @lingyun雁 @胖子家的懒猫 @头条新闻这是真的吗？[委屈]",
"mid":"yCRA343gv",
"date":"2012-09-21 09:13:08"
},
{
"kids":[],
"uid":"yanjingzuizhen",
"parent":"yCNkopZik",
"text":"真的假的！！",
"mid":"yCRxbsUEO",
"date":"2012-09-21 09:06:05"
},
{
"kids":[],
"uid":"2805092514",
"parent":"yCN4H4ODp",
"text":"怎么可能啊？炒作吧？",
"mid":"yCRwtqdrS",
"date":"2012-09-21 09:04:19"
},
{
"kids":[],
"uid":"bingzainiuzai",
"parent":"yCN6NlFzo",
"text":"求真相！",
"mid":"yCRtbuhqA",
"date":"2012-09-21 08:56:14"
},
{
"kids":[],
"uid":"1850719467",
"parent":"yCQDE4ARG",
"text":"求证",
"mid":"yCRfzBCqV",
"date":"2012-09-21 08:22:42"
},
{
"kids":[],
"uid":"1729305605",
"parent":"yCNy4cZ68",
"text":"@蒋燕明-维尼老熊",
"mid":"yCR74tbqo",
"date":"2012-09-21 08:01:45"
},
{
"kids":[],
"uid":"1712735252",
"parent":"yCNbhaBVv",
"text":"求真相",
"mid":"yCR4kdHgr",
"date":"2012-09-21 07:54:59"
},
{
"kids":[],
"uid":"stevekang752",
"parent":"yCQDE4ARG",
"text":"[蜡烛]",
"mid":"yCQJKl9BS",
"date":"2012-09-21 07:04:16"
},
{
"kids":[
"yCRfzBCqV",
"yCQJKl9BS"
],
"uid":"lvyanlvyan",
"parent":"",
"text":"不是吧？",
"mid":"yCQDE4ARG",
"date":"2012-09-21 06:49:15"
},
{
"kids":[],
"uid":"mastershopping",
"parent":"yCNYCF6s9",
"text":"求真相",
"mid":"yCPaKtbNp",
"date":"2012-09-21 03:05:19"
},
{
"kids":[],
"uid":"2279101657",
"parent":"yCO9h8osK",
"text":"",
"mid":"yCOqcomFj",
"date":"2012-09-21 01:10:38"
},
{
"kids":[],
"uid":"1873324552",
"parent":"",
"text":"[吃惊]",
"mid":"yCOa783KM",
"date":"2012-09-21 00:31:00"
},
{
"kids":[
"yCOqcomFj"
],
"uid":"lizshao",
"parent":"yCNUf6QQw",
"text":"就是说她真的自杀了呀？！",
"mid":"yCO9h8osK",
"date":"2012-09-21 00:28:56"
},
{
"kids":[],
"uid":"1769330423",
"parent":"",
"text":"真的假的",
"mid":"yCO5YBKiA",
"date":"2012-09-21 00:20:49"
},
{
"kids":[],
"uid":"xuying37",
"parent":"yCNGkyZ9Y",
"text":"啊  是不是真的啊..",
"mid":"yCO3lelcQ",
"date":"2012-09-21 00:14:19"
},
{
"kids":[],
"uid":"2108474807",
"parent":"yCNVHxd6v",
"text":"真的吗[泪][泪][疑问][疑问]",
"mid":"yCNZX7CzL",
"date":"2012-09-21 00:05:55"
},
{
"kids":[],
"uid":"niuniuhuawen",
"parent":"yCNOmbo2J",
"text":"真的假的，求真相！",
"mid":"yCNZVAAfY",
"date":"2012-09-21 00:05:55"
},
{
"kids":[
"yCPaKtbNp"
],
"uid":"1749218475",
"parent":"yCNUq4PAc",
"text":"",
"mid":"yCNYCF6s9",
"date":"2012-09-21 00:02:43"
},
{
"kids":[],
"uid":"2376315944",
"parent":"yCN7fsuz4",
"text":"不会吧，她气场那么强大，有什么事可以击倒她的？",
"mid":"yCNYk5B7F",
"date":"2012-09-21 00:01:58"
},
{
"kids":[
"yCNZX7CzL"
],
"uid":"2019020861",
"parent":"",
"text":"生命脆弱，珍惜",
"mid":"yCNVHxd6v",
"date":"2012-09-20 23:55:30"
},
{
"kids":[
"yCNYCF6s9"
],
"uid":"janiya119",
"parent":"yCNGFgsFe",
"text":"[衰] 为撒呀",
"mid":"yCNUq4PAc",
"date":"2012-09-20 23:52:20"
},
{
"kids":[
"yCO9h8osK"
],
"uid":"1416957364",
"parent":"yCNj9AjoG",
"text":"@坏蓝眼睛 我有盆友给出这个消息嘛",
"mid":"yCNUf6QQw",
"date":"2012-09-20 23:51:54"
},
{
"kids":[
"yCNZVAAfY"
],
"uid":"2641058561",
"parent":"yCN7GjxVy",
"text":"不是吧，减肥过度@yuandw",
"mid":"yCNOmbo2J",
"date":"2012-09-20 23:37:24"
},
{
"kids":[],
"uid":"1903079167",
"parent":"yCN8MiKv2",
"text":"芙蓉姐姐起死回生了。",
"mid":"yCNJut5zH",
"date":"2012-09-20 23:25:26"
},
{
"kids":[],
"uid":"rhkygah",
"parent":"yCNIocjmh",
"text":"这是真的？！",
"mid":"yCNIP6ZdN",
"date":"2012-09-20 23:23:47"
},
{
"kids":[],
"uid":"wobaby",
"parent":"",
"text":"真的假的？",
"mid":"yCNIN3sk8",
"date":"2012-09-20 23:23:41"
},
{
"kids":[
"yCNIP6ZdN"
],
"uid":"2687183297",
"parent":"",
"text":"希望这不是真的！我倒觉得芙蓉姐姐是一个内心美好的人。",
"mid":"yCNIocjmh",
"date":"2012-09-20 23:22:43"
},
{
"kids":[],
"uid":"1224243114",
"parent":"yCNcp9py4",
"text":"求真相[吃惊]",
"mid":"yCNHhDNH0",
"date":"2012-09-20 23:19:59"
},
{
"kids":[
"yCNUq4PAc"
],
"uid":"whying0413",
"parent":"yCN8eCQuT",
"text":"不会吧？芙蓉自杀了",
"mid":"yCNGFgsFe",
"date":"2012-09-20 23:18:24"
},
{
"kids":[
"yCO3lelcQ"
],
"uid":"1913754460",
"parent":"",
"text":"啊？？？？？？不是她吧……",
"mid":"yCNGkyZ9Y",
"date":"2012-09-20 23:17:38"
},
{
"kids":[
"yCSTvASRf"
],
"uid":"2259320173",
"parent":"yCNkM5kxR",
"text":"败人品啊 前总",
"mid":"yCNDD0Lyb",
"date":"2012-09-20 23:10:58"
},
{
"kids":[],
"uid":"2155268123",
"parent":"yCN3r6lph",
"text":"[吃惊][吃惊][吃惊]",
"mid":"yCNDbdZzu",
"date":"2012-09-20 23:09:53"
},
{
"kids":[],
"uid":"2089684715",
"parent":"yCNxoeCtp",
"text":"母鸡！[挖鼻屎][挖鼻屎]",
"mid":"yCNzDq8n0",
"date":"2012-09-20 23:01:07"
},
{
"kids":[],
"uid":"2273959452",
"parent":"yCNl8eL9R",
"text":"怎么搞的？",
"mid":"yCNy8CNvY",
"date":"2012-09-20 22:57:27"
},
{
"kids":[
"yCR74tbqo"
],
"uid":"1039356724",
"parent":"",
"text":"求辟谣...",
"mid":"yCNy4cZ68",
"date":"2012-09-20 22:57:16"
},
{
"kids":[
"yCNzDq8n0"
],
"uid":"1963991237",
"parent":"yCN4xCdFo",
"text":"诈尸?还是觉得自己已功德圆满了,呵呵",
"mid":"yCNxoeCtp",
"date":"2012-09-20 22:55:34"
},
{
"kids":[],
"uid":"1933855103",
"parent":"",
"text":"昨说再见今就走了",
"mid":"yCNwquLsf",
"date":"2012-09-20 22:53:14"
},
{
"kids":[],
"uid":"1944052260",
"parent":"yCN64uiCS",
"text":"真的吗？",
"mid":"yCNukwNbQ",
"date":"2012-09-20 22:48:04"
},
{
"kids":[],
"uid":"qunqun822",
"parent":"",
"text":"求真相？",
"mid":"yCNs4qb4U",
"date":"2012-09-20 22:42:30"
},
{
"kids":[],
"uid":"yasashiku",
"parent":"",
"text":"操蛋求辟谣！",
"mid":"yCNr8fQ01",
"date":"2012-09-20 22:40:11"
},
{
"kids":[],
"uid":"2060542853",
"parent":"",
"text":"牺牲了",
"mid":"yCNqDvqlB",
"date":"2012-09-20 22:38:58"
},
{
"kids":[],
"uid":"1904578140",
"parent":"yCN9VuAM6",
"text":"吃惊[吃惊]人生苦短。外表越坚强的人，内心更脆弱。但愿是谣言",
"mid":"yCNpDaRQ5",
"date":"2012-09-20 22:36:28"
},
{
"kids":[],
"uid":"2475261770",
"parent":"yCNhGBcXm",
"text":"回复@优雅的西蒙:到时见分晓",
"mid":"yCNpBomSQ",
"date":"2012-09-20 22:36:25"
},
{
"kids":[],
"uid":"1881036481",
"parent":"yCNfdcIAV",
"text":"她助理谁啊",
"mid":"yCNoMfxcC",
"date":"2012-09-20 22:34:24"
},
{
"kids":[],
"uid":"1809688670",
"parent":"yCN7fsuz4",
"text":"真的吗？",
"mid":"yCNobkS8S",
"date":"2012-09-20 22:32:55"
},
{
"kids":[],
"uid":"1409891307",
"parent":"yCNkCl7OE",
"text":"同求",
"mid":"yCNo9iiMx",
"date":"2012-09-20 22:32:50"
},
{
"kids":[],
"uid":"1036412412",
"parent":"yCN9VuAM6",
"text":"那天她在微博告别，以为她又在吸引眼球。不曝料、不生存，死都要惊人。",
"mid":"yCNnrw2eK",
"date":"2012-09-20 22:31:07"
},
{
"kids":[],
"uid":"2475261770",
"parent":"yCNjeBLKA",
"text":"回复@优雅的西蒙:芙蓉姐乃开山鼻祖 境界当真很高希望是假消息",
"mid":"yCNn3kHxE",
"date":"2012-09-20 22:30:08"
},
{
"kids":[],
"uid":"phlpanda",
"parent":"yCNkopZik",
"text":"真的假的？",
"mid":"yCNmEdpHH",
"date":"2012-09-20 22:29:05"
},
{
"kids":[],
"uid":"1651162523",
"parent":"yCNaPoGh6",
"text":"确定是我们励志的芙蓉姐姐吗？应该不会吧……",
"mid":"yCNlUEtdZ",
"date":"2012-09-20 22:27:17"
},
{
"kids":[],
"uid":"1791265572",
"parent":"yCNkopZik",
"text":"[衰]不是谣言吗",
"mid":"yCNlSDfkZ",
"date":"2012-09-20 22:27:15"
},
{
"kids":[],
"uid":"1719245222",
"parent":"yCNkCl7OE",
"text":"",
"mid":"yCNlBbyUO",
"date":"2012-09-20 22:26:33"
},
{
"kids":[],
"uid":"carollying",
"parent":"",
"text":"芙蓉姐姐昨天发了一条微博，我还转了",
"mid":"yCNlnzDRt",
"date":"2012-09-20 22:26:01"
},
{
"kids":[],
"uid":"1978619360",
"parent":"",
"text":"不会吧，这姐姐也会自杀。[汗]",
"mid":"yCNlgvaXP",
"date":"2012-09-20 22:25:44"
},
{
"kids":[
"yCNy8CNvY"
],
"uid":"sunxingya",
"parent":"yCNfie7Ub",
"text":"啊啊啊!不可能吧?",
"mid":"yCNl8eL9R",
"date":"2012-09-20 22:25:22"
},
{
"kids":[],
"uid":"xiangyanan",
"parent":"yCNkpjevv",
"text":"为什么？？不是有个儿子吗？孩子肿么办？昨天刚看她微博说要离开北京，不再回来",
"mid":"yCNkXgP9J",
"date":"2012-09-20 22:24:56"
},
{
"kids":[
"yCNDD0Lyb"
],
"uid":"2475261770",
"parent":"yCNhGBcXm",
"text":"回复@优雅的西蒙:我纯今晚2:1那下无悬念，我都不带看，明早看新闻就行。小裤子一个，卡宝一个",
"mid":"yCNkM5kxR",
"date":"2012-09-20 22:24:31"
},
{
"kids":[
"yCNo9iiMx",
"yCNlBbyUO"
],
"uid":"emilysssss",
"parent":"yCNkopZik",
"text":"求辟谣",
"mid":"yCNkCl7OE",
"date":"2012-09-20 22:24:08"
},
{
"kids":[
"yCNkXgP9J"
],
"uid":"yangyangtianze",
"parent":"yCNjeBLKA",
"text":"@脱序的nannan",
"mid":"yCNkpjevv",
"date":"2012-09-20 22:23:34"
},
{
"kids":[
"yCRxbsUEO",
"yCNmEdpHH",
"yCNlSDfkZ",
"yCNkCl7OE"
],
"uid":"1661801210",
"parent":"",
"text":"莫名的伤感",
"mid":"yCNkopZik",
"date":"2012-09-20 22:23:36"
},
{
"kids":[
"yCNn3kHxE",
"yCNkpjevv"
],
"uid":"yangyangtianze",
"parent":"yCNgund96",
"text":"哎！！没必要啊！！好死不如赖活着啊！！一些都在向好的方向发展啊！",
"mid":"yCNjeBLKA",
"date":"2012-09-20 22:20:41"
},
{
"kids":[
"yCNUf6QQw"
],
"uid":"lizshao",
"parent":"yCNeVehgg",
"text":"google搜图可以搜出这张图片是去年5月韩国女主持人宋智善跳楼自杀时的新闻图……",
"mid":"yCNj9AjoG",
"date":"2012-09-20 22:20:33"
},
{
"kids":[],
"uid":"2879640681",
"parent":"yCN4plOmm",
"text":"她怎么可能自杀？不相信。。",
"mid":"yCNik9xLt",
"date":"2012-09-20 22:18:27"
},
{
"kids":[],
"uid":"2591870870",
"parent":"",
"text":"怎么会呢，芙蓉姐姐也是有追求有理想的啊！怎么会自杀呢？",
"mid":"yCNido1A0",
"date":"2012-09-20 22:18:11"
},
{
"kids":[],
"uid":"2242437952",
"parent":"",
"text":"轉發微博",
"mid":"yCNhZeFp4",
"date":"2012-09-20 22:17:39"
},
{
"kids":[
"yCNpBomSQ",
"yCNkM5kxR"
],
"uid":"2475261770",
"parent":"yCNgund96",
"text":"回复@优雅的西蒙:真是啊？昨晚还跟你开玩笑...罪过啊",
"mid":"yCNhGBcXm",
"date":"2012-09-20 22:16:55"
},
{
"kids":[],
"uid":"1835555400",
"parent":"",
"text":"真的还是假的",
"mid":"yCNhthEDq",
"date":"2012-09-20 22:16:23"
},
{
"kids":[
"yCNjeBLKA",
"yCNhGBcXm"
],
"uid":"2475261770",
"parent":"",
"text":"@优雅的西蒙",
"mid":"yCNgund96",
"date":"2012-09-20 22:13:58"
},
{
"kids":[],
"uid":"1600014031",
"parent":"",
"text":"",
"mid":"yCNfH61hb",
"date":"2012-09-20 22:11:57"
},
{
"kids":[],
"uid":"pushuloveme",
"parent":"",
"text":"不会真的死吧？真的永别了吗？",
"mid":"yCNfxBHfr",
"date":"2012-09-20 22:11:38"
},
{
"kids":[
"yCNl8eL9R"
],
"uid":"1768934500",
"parent":"",
"text":"不是吧？？？？[晕][晕]",
"mid":"yCNfie7Ub",
"date":"2012-09-20 22:10:59"
},
{
"kids":[
"yCNoMfxcC"
],
"uid":"1881036481",
"parent":"yCNangb6q",
"text":"骗人的吧[晕]",
"mid":"yCNfdcIAV",
"date":"2012-09-20 22:10:50"
},
{
"kids":[
"yCNj9AjoG"
],
"uid":"ibaixiaosan",
"parent":"yCN7fsuz4",
"text":"哈？？",
"mid":"yCNeVehgg",
"date":"2012-09-20 22:10:06"
},
{
"kids":[],
"uid":"1969644521",
"parent":"",
"text":"",
"mid":"yCNe41Jdw",
"date":"2012-09-20 22:07:59"
},
{
"kids":[],
"uid":"mcdull0",
"parent":"",
"text":"嚇？真咖？",
"mid":"yCNdZzu4g",
"date":"2012-09-20 22:07:50"
},
{
"kids":[],
"uid":"2392709714",
"parent":"yCNbhaBVv",
"text":"@虞美人久久盛开的山坡 @她是個大活寶 @白小白的窝 @baiqiqiu @八只脚的花 @星座秘语 @小杨的小媛 @xy_1110 取@取个昵称还真不容易 @悬崖若谷 ，求证，我不相信",
"mid":"yCNduec27",
"date":"2012-09-20 22:06:34"
},
{
"kids":[],
"uid":"2773426732",
"parent":"",
"text":"求真像[晕]",
"mid":"yCNd9AbLP",
"date":"2012-09-20 22:05:41"
},
{
"kids":[],
"uid":"1403521065",
"parent":"",
"text":"",
"mid":"yCNd9wV1w",
"date":"2012-09-20 22:05:45"
},
{
"kids":[],
"uid":"maimailsh",
"parent":"",
"text":"纳尼？",
"mid":"yCNd5oKHX",
"date":"2012-09-20 22:05:36"
},
{
"kids":[],
"uid":"1807711235",
"parent":"",
"text":"真的假的? 深圳潮流新闻:芙蓉姐姐？死了？",
"mid":"yCNcNqgAN",
"date":"2012-09-20 22:04:52"
},
{
"kids":[],
"uid":"2930655125",
"parent":"yCN7fsuz4",
"text":"走了！",
"mid":"yCNcHvzdw",
"date":"2012-09-20 22:04:38"
},
{
"kids":[],
"uid":"1885080783",
"parent":"",
"text":"她都會想不開？",
"mid":"yCNcxb3eh",
"date":"2012-09-20 22:04:12"
},
{
"kids":[],
"uid":"huangzhtao",
"parent":"yCNaBaJKz",
"text":"不能吧，心理这么强大的人",
"mid":"yCNcsqwQb",
"date":"2012-09-20 22:04:02"
},
{
"kids":[
"yCNHhDNH0"
],
"uid":"1761904677",
"parent":"yCNangb6q",
"text":"不会吧？",
"mid":"yCNcp9py4",
"date":"2012-09-20 22:03:54"
},
{
"kids":[],
"uid":"baichibuhuo",
"parent":"",
"text":"悼词里该给个什么封号呢？",
"mid":"yCNbY0bW7",
"date":"2012-09-20 22:02:49"
},
{
"kids":[],
"uid":"mekoo1987",
"parent":"",
"text":"真的？",
"mid":"yCNbOefDb",
"date":"2012-09-20 22:02:26"
},
{
"kids":[
"yCR4kdHgr",
"yCNduec27"
],
"uid":"2392709714",
"parent":"",
"text":"她怎么会死？",
"mid":"yCNbhaBVv",
"date":"2012-09-20 22:01:07"
},
{
"kids":[],
"uid":"billiebi",
"parent":"",
"text":"又炒作",
"mid":"yCNaUq8xq",
"date":"2012-09-20 22:00:13"
},
{
"kids":[
"yCNlUEtdZ"
],
"uid":"1378944360",
"parent":"yCN64uiCS",
"text":"真的还是假的？",
"mid":"yCNaPoGh6",
"date":"2012-09-20 21:59:59"
},
{
"kids":[
"yCNcsqwQb"
],
"uid":"1760266961",
"parent":"yCN9p1z9q",
"text":"[悲伤]",
"mid":"yCNaBaJKz",
"date":"2012-09-20 21:59:25"
},
{
"kids":[],
"uid":"1925998753",
"parent":"",
"text":"[泪流满面]谣言吧?",
"mid":"yCNavyF8N",
"date":"2012-09-20 21:59:14"
},
{
"kids":[],
"uid":"linlisen1978",
"parent":"",
"text":"啊。。芙蓉姐死了",
"mid":"yCNap5QQR",
"date":"2012-09-20 21:58:56"
},
{
"kids":[
"yCNfdcIAV",
"yCNcp9py4"
],
"uid":"lw8855",
"parent":"",
"text":"@微博辟谣  真的假的？她发过一个微博:别了，这个世界。",
"mid":"yCNangb6q",
"date":"2012-09-20 21:58:54"
},
{
"kids":[],
"uid":"suqingyi1962",
"parent":"",
"text":"会是真的吗？生于网络时代，崛起于网络，销陨于网络？都是网络惹的祸。",
"mid":"yCNadh9JG",
"date":"2012-09-20 21:58:30"
},
{
"kids":[],
"uid":"1400718870",
"parent":"",
"text":"第一网络红人就这样走了吗？",
"mid":"yCNaajOgn",
"date":"2012-09-20 21:58:20"
},
{
"kids":[],
"uid":"lange1320",
"parent":"",
"text":"求证实！",
"mid":"yCNa6ptgg",
"date":"2012-09-20 21:58:13"
},
{
"kids":[
"yCNpDaRQ5",
"yCNnrw2eK"
],
"uid":"1149140775",
"parent":"",
"text":"芙蓉姐姐，印象里很坚强的女子，不顾冷嘲热讽，依然故我的一个人，走向绝路了？",
"mid":"yCN9VuAM6",
"date":"2012-09-20 21:57:48"
},
{
"kids":[],
"uid":"xiaomu2011",
"parent":"",
"text":"嘿嘿，她总是能吸引大家眼球。",
"mid":"yCN9HBdhv",
"date":"2012-09-20 21:57:15"
},
{
"kids":[],
"uid":"820118123",
"parent":"",
"text":"真的假的？？？",
"mid":"yCN9s14hs",
"date":"2012-09-20 21:56:37"
},
{
"kids":[
"yCNaBaJKz"
],
"uid":"hellbox",
"parent":"yCN6H9q3T",
"text":"啊啊啊啊啊啊？一代偶像啊",
"mid":"yCN9p1z9q",
"date":"2012-09-20 21:56:30"
},
{
"kids":[],
"uid":"279207333",
"parent":"",
"text":"她都能自杀！！！",
"mid":"yCN9chQOJ",
"date":"2012-09-20 21:56:01"
},
{
"kids":[
"yCRA343gv"
],
"uid":"brucery",
"parent":"",
"text":"啊，真的假的？@无敌黑塔是Biu爹",
"mid":"yCN94kith",
"date":"2012-09-20 21:55:42"
},
{
"kids":[
"yCNJut5zH"
],
"uid":"1903079167",
"parent":"",
"text":"不会吧，她还是蛮喜欢她的[吃惊] 。",
"mid":"yCN8MiKv2",
"date":"2012-09-20 21:54:57"
},
{
"kids":[],
"uid":"chilinliew",
"parent":"",
"text":"春哥，用你的小宇宙复活火冰可儿吧。",
"mid":"yCN8l8r20",
"date":"2012-09-20 21:53:53"
},
{
"kids":[
"yCXf0dG5N",
"yCNGFgsFe"
],
"uid":"2859385965",
"parent":"yCN4ungxt",
"text":"不是吧？看到她的微博了，没当真，可是为什么呢？",
"mid":"yCN8eCQuT",
"date":"2012-09-20 21:53:38"
},
{
"kids":[],
"uid":"cicizhang0115",
"parent":"yCN6NlFzo",
"text":"？",
"mid":"yCN7O0G5J",
"date":"2012-09-20 21:52:35"
},
{
"kids":[
"yCNOmbo2J"
],
"uid":"1935882282",
"parent":"yCN77riCo",
"text":"[围观]",
"mid":"yCN7GjxVy",
"date":"2012-09-20 21:52:16"
},
{
"kids":[],
"uid":"1411063304",
"parent":"yCN6dizqM",
"text":"我汗，为啥要@我，待我调查一下，她不孩子都生了么？",
"mid":"yCN7Fqj0v",
"date":"2012-09-20 21:52:12"
},
{
"kids":[],
"uid":"shidandanagou",
"parent":"yCN4xkCbY",
"text":"[衰]@芙蓉姐姐",
"mid":"yCN7A8QO1",
"date":"2012-09-20 21:52:01"
},
{
"kids":[
"yCNYk5B7F",
"yCNobkS8S",
"yCNeVehgg",
"yCNcHvzdw"
],
"uid":"bobocheung729",
"parent":"",
"text":"天阿 真的假的 她在围脖还留了遗言",
"mid":"yCN7fsuz4",
"date":"2012-09-20 21:51:10"
},
{
"kids":[
"yCN7GjxVy"
],
"uid":"376425198",
"parent":"",
"text":"啊？[吃惊]",
"mid":"yCN77riCo",
"date":"2012-09-20 21:50:53"
},
{
"kids":[],
"uid":"quiqz",
"parent":"",
"text":"[疑问]",
"mid":"yCN77cRo2",
"date":"2012-09-20 21:50:50"
},
{
"kids":[],
"uid":"allfools",
"parent":"yCN5clX48",
"text":"回复@茶语传说:但愿如此",
"mid":"yCN6VDbga",
"date":"2012-09-20 21:50:22"
},
{
"kids":[],
"uid":"tiantianshisi",
"parent":"yCN4H4ODp",
"text":"[蜡烛]",
"mid":"yCN6SofVG",
"date":"2012-09-20 21:50:16"
},
{
"kids":[
"yCRtbuhqA",
"yCN7O0G5J"
],
"uid":"1760118497",
"parent":"yCN4H4ODp",
"text":"[吃惊][吃惊][吃惊][吃惊]",
"mid":"yCN6NlFzo",
"date":"2012-09-20 21:50:05"
},
{
"kids":[
"yCN9p1z9q"
],
"uid":"1765183052",
"parent":"yCN6mtk34",
"text":"shock",
"mid":"yCN6H9q3T",
"date":"2012-09-20 21:49:50"
},
{
"kids":[],
"uid":"fzh5568",
"parent":"yCN6mtk34",
"text":"",
"mid":"yCN6vBIHs",
"date":"2012-09-20 21:49:21"
},
{
"kids":[],
"uid":"2952359217",
"parent":"",
"text":"真的吗？压力太大啦。。。",
"mid":"yCN6uqSql",
"date":"2012-09-20 21:49:19"
},
{
"kids":[],
"uid":"hunlisiyiguange",
"parent":"",
"text":"爱国也不能殉国啊 就这么走了 ?咋有点不信呢",
"mid":"yCN6nnmGV",
"date":"2012-09-20 21:49:03"
},
{
"kids":[
"yCN6H9q3T",
"yCN6vBIHs"
],
"uid":"223454231",
"parent":"yCN5a2FHz",
"text":"",
"mid":"yCN6mtk34",
"date":"2012-09-20 21:49:02"
},
{
"kids":[
"yCN7Fqj0v"
],
"uid":"1767111592",
"parent":"",
"text":"假的吧？@蛮夷之花",
"mid":"yCN6dizqM",
"date":"2012-09-20 21:48:39"
},
{
"kids":[
"yCNukwNbQ",
"yCNaPoGh6"
],
"uid":"2177046210",
"parent":"yCN494L1u",
"text":"求真相",
"mid":"yCN64uiCS",
"date":"2012-09-20 21:48:18"
},
{
"kids":[],
"uid":"1399315582",
"parent":"",
"text":"脸皮那么厚的人也会自杀？不是自杀秀吧？",
"mid":"yCN5Zqn0O",
"date":"2012-09-20 21:48:07"
},
{
"kids":[],
"uid":"wenniexu",
"parent":"",
"text":"真的假的？！",
"mid":"yCN5RrDDH",
"date":"2012-09-20 21:47:46"
},
{
"kids":[],
"uid":"2889086720",
"parent":"yCN4DtHgJ",
"text":"啊，竟然是真的？[衰]",
"mid":"yCN5JcQ09",
"date":"2012-09-20 21:47:27"
},
{
"kids":[],
"uid":"1801876141",
"parent":"",
"text":"求证？【芙蓉姐姐就这么走了】芙蓉姐姐于下午13点左右在家中自杀身亡，原因不明！",
"mid":"yCN5HFfaM",
"date":"2012-09-20 21:47:24"
},
{
"kids":[],
"uid":"lovelyunyun",
"parent":"",
"text":"真的假的",
"mid":"yCN5gwzZi",
"date":"2012-09-20 21:46:19"
},
{
"kids":[],
"uid":"1849201651",
"parent":"",
"text":"求真相'[吃惊][吃惊][吃惊][吃惊]",
"mid":"yCN5fjhh7",
"date":"2012-09-20 21:46:16"
},
{
"kids":[],
"uid":"jckuang",
"parent":"",
"text":"昨天发的微博是真的？",
"mid":"yCN5eaSjn",
"date":"2012-09-20 21:46:13"
},
{
"kids":[],
"uid":"1905126585",
"parent":"",
"text":"假的，我绝不相信[怒]",
"mid":"yCN5d0POr",
"date":"2012-09-20 21:46:10"
},
{
"kids":[
"yCN6VDbga"
],
"uid":"allfools",
"parent":"",
"text":"阿！震惊，好人不长命呀。",
"mid":"yCN5clX48",
"date":"2012-09-20 21:46:09"
},
{
"kids":[],
"uid":"270595114",
"parent":"",
"text":"艹作吧。就那她强心脏。自杀，基本不可能吧",
"mid":"yCN5c6M3E",
"date":"2012-09-20 21:46:08"
},
{
"kids":[
"yCN6mtk34"
],
"uid":"1887497533",
"parent":"yCN4xCdFo",
"text":"求证？",
"mid":"yCN5a2FHz",
"date":"2012-09-20 21:46:01"
},
{
"kids":[],
"uid":"2680177954",
"parent":"yCN2gFxMz",
"text":"这个真假？求证！",
"mid":"yCN57Ex1h",
"date":"2012-09-20 21:45:57"
},
{
"kids":[],
"uid":"2621044001",
"parent":"yCN4DtHgJ",
"text":"[蜡烛]",
"mid":"yCN55gsDV",
"date":"2012-09-20 21:45:52"
},
{
"kids":[],
"uid":"1909531313",
"parent":"",
"text":"不可能，假的[右哼哼]",
"mid":"yCN4H6JMp",
"date":"2012-09-20 21:44:54"
},
{
"kids":[
"yCRwtqdrS",
"yCN6SofVG",
"yCN6NlFzo"
],
"uid":"234518178",
"parent":"",
"text":"[吃惊][吃惊][吃惊][吃惊]不是吧!",
"mid":"yCN4H4ODp",
"date":"2012-09-20 21:44:54"
},
{
"kids":[
"yCN5JcQ09",
"yCN55gsDV"
],
"uid":"2392076523",
"parent":"",
"text":"",
"mid":"yCN4DtHgJ",
"date":"2012-09-20 21:44:47"
},
{
"kids":[
"yCNxoeCtp",
"yCN5a2FHz"
],
"uid":"2089684715",
"parent":"",
"text":"啊0？[思考][思考]",
"mid":"yCN4xCdFo",
"date":"2012-09-20 21:44:31"
},
{
"kids":[
"yCN7A8QO1"
],
"uid":"1691053560",
"parent":"",
"text":"真的假的 不是说离开北京么？",
"mid":"yCN4xkCbY",
"date":"2012-09-20 21:44:28"
},
{
"kids":[],
"uid":"christianniuniu",
"parent":"",
"text":"",
"mid":"yCN4x30JF",
"date":"2012-09-20 21:44:28"
},
{
"kids":[
"yCN8eCQuT"
],
"uid":"2062968000",
"parent":"",
"text":"不是吧，希望不是真的",
"mid":"yCN4ungxt",
"date":"2012-09-20 21:44:24"
},
{
"kids":[],
"uid":"1909135484",
"parent":"",
"text":"芙蓉姐姐终于凑够钱买船票啦[泪]",
"mid":"yCN4qf3PL",
"date":"2012-09-20 21:44:14"
},
{
"kids":[
"yCNik9xLt"
],
"uid":"2077252185",
"parent":"",
"text":"转发微博。",
"mid":"yCN4plOmm",
"date":"2012-09-20 21:44:11"
},
{
"kids":[
"yCN64uiCS"
],
"uid":"1782637707",
"parent":"",
"text":"求真相！",
"mid":"yCN494L1u",
"date":"2012-09-20 21:43:33"
},
{
"kids":[],
"uid":"624866726",
"parent":"",
"text":"求辟谣",
"mid":"yCN421T3Y",
"date":"2012-09-20 21:43:16"
},
{
"kids":[
"yCRFAoXh6"
],
"uid":"1662936932",
"parent":"yCN3r6lph",
"text":"不是吧",
"mid":"yCN3SfKGi",
"date":"2012-09-20 21:42:53"
},
{
"kids":[],
"uid":"litian1987",
"parent":"",
"text":"确定？有人高兴，有人悲。。。",
"mid":"yCN3SfKED",
"date":"2012-09-20 21:42:53"
},
{
"kids":[],
"uid":"2462895280",
"parent":"",
"text":"真的吗？[疑问]",
"mid":"yCN3FfuYA",
"date":"2012-09-20 21:42:22"
},
{
"kids":[],
"uid":"1926224922",
"parent":"",
"text":"誓杀小日本，还我芙蓉姐！",
"mid":"yCN3AwuRt",
"date":"2012-09-20 21:42:08"
},
{
"kids":[
"yCNDbdZzu",
"yCN3SfKGi"
],
"uid":"xiaohuitailang",
"parent":"",
"text":"[吃惊]",
"mid":"yCN3r6lph",
"date":"2012-09-20 21:41:49"
},
{
"kids":[],
"uid":"1931401473",
"parent":"",
"text":"芙蓉也如此脆弱",
"mid":"yCN3r2VVB",
"date":"2012-09-20 21:41:49"
},
{
"kids":[],
"uid":"1935829983",
"parent":"",
"text":"真的？？假的？？？班长的菜啊。就这么挂了？？",
"mid":"yCN3hhIu0",
"date":"2012-09-20 21:41:25"
},
{
"kids":[
"yDCtLA08I",
"yDCtLyCfO",
"yDsKUv2Z1",
"yDsKUdrOT"
],
"uid":"2011943345",
"parent":"yCN1JyDaZ",
"text":"假的吧？？？",
"mid":"yCN3d9yaI",
"date":"2012-09-20 21:41:16"
},
{
"kids":[],
"uid":"1841680963",
"parent":"",
"text":"扯的吧",
"mid":"yCN3cjBjz",
"date":"2012-09-20 21:41:10"
},
{
"kids":[
"yCN57Ex1h"
],
"uid":"1909959627",
"parent":"",
"text":"不会吧?[吃惊][吃惊]",
"mid":"yCN2gFxMz",
"date":"2012-09-20 21:38:56"
},
{
"kids":[],
"uid":"feiyingalex",
"parent":"",
"text":"天妒英才，还我芙蓉！！[蜡烛][蜡烛]",
"mid":"yCN2aaM1f",
"date":"2012-09-20 21:38:37"
},
{
"kids":[],
"uid":"awen8756",
"parent":"",
"text":"。？",
"mid":"yCN1Nrcu3",
"date":"2012-09-20 21:37:46"
},
{
"kids":[
"yCN3d9yaI"
],
"uid":"duanshenglan",
"parent":"",
"text":"不是吧。。曾经内心如此强大的奇葩。。。。。",
"mid":"yCN1JyDaZ",
"date":"2012-09-20 21:37:33"
}
]