[
{
"kids":[],
"uid":"2691321762",
"parent":"",
"text":"",
"mid":"Aa0vGxbTJ",
"date":"2013-09-18 12:06:53"
},
{
"kids":[],
"uid":"diaocanling",
"parent":"",
"text":"不实？都百度了。",
"mid":"A5DjjCsrB",
"date":"2013-08-20 17:42:02"
},
{
"kids":[],
"uid":"2804624364",
"parent":"zgSL0sRV9",
"text":"",
"mid":"zoUCAtRWN",
"date":"2013-03-24 13:57:41"
},
{
"kids":[],
"uid":"2803729672",
"parent":"zgSL0sRV9",
"text":"",
"mid":"zoNL1ohvi",
"date":"2013-03-23 20:29:15"
},
{
"kids":[],
"uid":"2805493972",
"parent":"zgSL0sRV9",
"text":"",
"mid":"zoNL1ohrT",
"date":"2013-03-23 20:29:14"
},
{
"kids":[],
"uid":"2787173855",
"parent":"",
"text":"",
"mid":"zoNIy30Re",
"date":"2013-03-23 20:23:06"
},
{
"kids":[],
"uid":"2919342634",
"parent":"zgSL0sRV9",
"text":"",
"mid":"znWO6ilnz",
"date":"2013-03-18 05:41:14"
},
{
"kids":[],
"uid":"2919741812",
"parent":"zgSL0sRV9",
"text":"",
"mid":"zmQDYoLuk",
"date":"2013-03-11 00:09:29"
},
{
"kids":[],
"uid":"2919847642",
"parent":"zgSL0sRV9",
"text":"",
"mid":"zm6CMANOp",
"date":"2013-03-06 03:00:12"
},
{
"kids":[],
"uid":"3173238623",
"parent":"",
"text":"",
"mid":"zkoEDdHo6",
"date":"2013-02-22 21:13:35"
},
{
"kids":[],
"uid":"toro888",
"parent":"",
"text":"",
"mid":"zi7Dw8TSY",
"date":"2013-02-07 22:13:31"
},
{
"kids":[],
"uid":"2458987825",
"parent":"zi4lJctjB",
"text":"我操",
"mid":"zi4SN3HVu",
"date":"2013-02-07 15:12:56"
},
{
"kids":[],
"uid":"2702712024",
"parent":"",
"text":"[怒]",
"mid":"zi4QkxY0D",
"date":"2013-02-07 15:06:52"
},
{
"kids":[
"zi4SN3HVu"
],
"uid":"1894947693",
"parent":"",
"text":"还有王法没有啊",
"mid":"zi4lJctjB",
"date":"2013-02-07 13:51:27"
},
{
"kids":[],
"uid":"1931402924",
"parent":"",
"text":"转发微博。",
"mid":"zhYyQDbs4",
"date":"2013-02-06 23:07:20"
},
{
"kids":[],
"uid":"2920374924",
"parent":"",
"text":"",
"mid":"zhRfsbIfg",
"date":"2013-02-06 04:30:19"
},
{
"kids":[],
"uid":"2048459183",
"parent":"",
"text":"[怒][怒][怒]",
"mid":"zhPMRujq8",
"date":"2013-02-06 00:47:08"
},
{
"kids":[],
"uid":"1438656297",
"parent":"",
"text":"转发微博。",
"mid":"zhPi9CJhJ",
"date":"2013-02-05 23:31:25"
},
{
"kids":[],
"uid":"1560967631",
"parent":"",
"text":"",
"mid":"zhHRhdQFU",
"date":"2013-02-05 04:36:01"
},
{
"kids":[],
"uid":"2095534444",
"parent":"",
"text":"",
"mid":"zhDyK9iAr",
"date":"2013-02-04 17:39:22"
},
{
"kids":[],
"uid":"2108345344",
"parent":"",
"text":"",
"mid":"zhCElhRrC",
"date":"2013-02-04 15:20:25"
},
{
"kids":[],
"uid":"2688723252",
"parent":"",
"text":"[怒]",
"mid":"zhAdmqs17",
"date":"2013-02-04 09:08:28"
},
{
"kids":[],
"uid":"80661223",
"parent":"",
"text":"",
"mid":"zhhm95UE8",
"date":"2013-02-02 09:07:54"
},
{
"kids":[],
"uid":"1025486707",
"parent":"",
"text":"",
"mid":"zhdYed4Ao",
"date":"2013-02-02 00:30:46"
},
{
"kids":[],
"uid":"eva1208",
"parent":"",
"text":"老爸是市长？",
"mid":"zh9uXA14C",
"date":"2013-02-01 13:07:40"
},
{
"kids":[],
"uid":"2920424820",
"parent":"zgSUQ5anc",
"text":"",
"mid":"zh5lhwCJ6",
"date":"2013-02-01 02:32:50"
},
{
"kids":[],
"uid":"lingritian",
"parent":"",
"text":"这是什么社会",
"mid":"zh3q3eqUl",
"date":"2013-01-31 21:39:04"
},
{
"kids":[],
"uid":"2086899803",
"parent":"zgSoM1UcS",
"text":"太夸张了吧'铺张浪费算个屁啊'这个才老卵好伐",
"mid":"zh20YBkaL",
"date":"2013-01-31 18:04:32"
},
{
"kids":[],
"uid":"2477095987",
"parent":"zgV5O8Auf",
"text":"错桑阿",
"mid":"zh0oXq2Qr",
"date":"2013-01-31 13:58:09"
},
{
"kids":[],
"uid":"1904312257",
"parent":"",
"text":"好大一盘棋。",
"mid":"zh0o8A3pn",
"date":"2013-01-31 13:56:07"
},
{
"kids":[],
"uid":"2132385134",
"parent":"",
"text":"",
"mid":"zgZIYFwbv",
"date":"2013-01-31 12:14:43"
},
{
"kids":[],
"uid":"1768158630",
"parent":"",
"text":"现在发出来的意义何在呢？当事人没受到处理么？！那就帮转！",
"mid":"zgZE1EvCZ",
"date":"2013-01-31 12:02:33"
},
{
"kids":[],
"uid":"cynthia323",
"parent":"",
"text":":【震惊：打死同学不留情 市长老爸来撑腰】",
"mid":"zgZ4Vob2S",
"date":"2013-01-31 10:36:03"
},
{
"kids":[],
"uid":"yijialuo",
"parent":"zgSRlvZ5X",
"text":"[怒][怒][怒]",
"mid":"zgYWUEi1e",
"date":"2013-01-31 10:16:19"
},
{
"kids":[],
"uid":"2698708901",
"parent":"zgXYhEYLa",
"text":"帮扩散。李刚再现！请严惩。",
"mid":"zgYSuqjum",
"date":"2013-01-31 10:05:24"
},
{
"kids":[],
"uid":"angleofultraviolet",
"parent":"zgYir3jFy",
"text":"",
"mid":"zgYOY79Po",
"date":"2013-01-31 09:56:44"
},
{
"kids":[],
"uid":"1945645767",
"parent":"zgSRlvZ5X",
"text":"",
"mid":"zgYDV87PZ",
"date":"2013-01-31 09:29:31"
},
{
"kids":[],
"uid":"1782862891",
"parent":"",
"text":"晕，求扩散。。。。。。。。。。。",
"mid":"zgYDozSMY",
"date":"2013-01-31 09:28:13"
},
{
"kids":[],
"uid":"2788226017",
"parent":"zgSoM1UcS",
"text":"老师不是人",
"mid":"zgYzvbgjm",
"date":"2013-01-31 09:18:37"
},
{
"kids":[],
"uid":"2817954640",
"parent":"",
"text":"[怒]",
"mid":"zgYuyrUBV",
"date":"2013-01-31 09:06:26"
},
{
"kids":[],
"uid":"1609761133",
"parent":"zgWe4xOqu",
"text":"别怪我大清早就骂人。",
"mid":"zgYtAuXro",
"date":"2013-01-31 09:04:04"
},
{
"kids":[],
"uid":"1923156521",
"parent":"zgSa0ANll",
"text":"龌龊",
"mid":"zgYrhsDGU",
"date":"2013-01-31 08:58:23"
},
{
"kids":[],
"uid":"2420134100",
"parent":"",
"text":"",
"mid":"zgYqViqJO",
"date":"2013-01-31 08:57:29"
},
{
"kids":[],
"uid":"1823299980",
"parent":"",
"text":"学校应负全责并受法律制裁，打人者枪毙。",
"mid":"zgYolbrvY",
"date":"2013-01-31 08:51:06"
},
{
"kids":[],
"uid":"206066421",
"parent":"zgYmwgBIE",
"text":"",
"mid":"zgYmQmI1j",
"date":"2013-01-31 08:47:26"
},
{
"kids":[
"zgYmQmI1j"
],
"uid":"moon0721",
"parent":"zgYir3jFy",
"text":"",
"mid":"zgYmwgBIE",
"date":"2013-01-31 08:46:39"
},
{
"kids":[],
"uid":"2499273384",
"parent":"zgY6VanKp",
"text":"",
"mid":"zgYkRqlFz",
"date":"2013-01-31 08:42:33"
},
{
"kids":[
"zgYOY79Po",
"zgYmwgBIE"
],
"uid":"1915125615",
"parent":"zgY4LjoMF",
"text":"",
"mid":"zgYir3jFy",
"date":"2013-01-31 08:36:35"
},
{
"kids":[],
"uid":"3216908395",
"parent":"zgScO4CzI",
"text":"",
"mid":"zgYihiPfX",
"date":"2013-01-31 08:36:11"
},
{
"kids":[],
"uid":"matthew0605",
"parent":"",
"text":"[怒]",
"mid":"zgYg28Pqb",
"date":"2013-01-31 08:30:39"
},
{
"kids":[],
"uid":"2569973725",
"parent":"zgSpZ5LcH",
"text":"抓住枪毙！",
"mid":"zgYdTt0Bb",
"date":"2013-01-31 08:25:23"
},
{
"kids":[],
"uid":"1870055650",
"parent":"zgUIt5Uuz",
"text":"",
"mid":"zgYcFeByF",
"date":"2013-01-31 08:22:21"
},
{
"kids":[
"zgYkRqlFz"
],
"uid":"cecilia114",
"parent":"",
"text":"转发微博。",
"mid":"zgY6VanKp",
"date":"2013-01-31 08:08:12"
},
{
"kids":[
"zgYir3jFy"
],
"uid":"1685009065",
"parent":"",
"text":"",
"mid":"zgY4LjoMF",
"date":"2013-01-31 08:02:54"
},
{
"kids":[],
"uid":"775477477",
"parent":"zgSmdB8k0",
"text":"[怒]",
"mid":"zgY3Wawli",
"date":"2013-01-31 08:00:51"
},
{
"kids":[],
"uid":"1895840700",
"parent":"",
"text":"没有王法了！",
"mid":"zgY320WzS",
"date":"2013-01-31 07:58:38"
},
{
"kids":[
"zgYSuqjum"
],
"uid":"hayibaraxi",
"parent":"",
"text":"我靠，還有沒有王法了？",
"mid":"zgXYhEYLa",
"date":"2013-01-31 07:46:56"
},
{
"kids":[],
"uid":"2524524490",
"parent":"",
"text":"太乱了！！",
"mid":"zgXWJ530j",
"date":"2013-01-31 07:43:06"
},
{
"kids":[],
"uid":"1885264595",
"parent":"zgSx8AzPm",
"text":"@小温童鞋的一人一城 @梁小奕 为啥点名转林小胖呀",
"mid":"zgXSIyVbZ",
"date":"2013-01-31 07:33:14"
},
{
"kids":[],
"uid":"2470827743",
"parent":"zgTaP9wlA",
"text":"不是金刚钻就别揽瓷器活",
"mid":"zgXSkDaYz",
"date":"2013-01-31 07:32:15"
},
{
"kids":[],
"uid":"2804612302",
"parent":"",
"text":"",
"mid":"zgXP2pRmB",
"date":"2013-01-31 07:24:10"
},
{
"kids":[],
"uid":"blackiewzn",
"parent":"",
"text":"",
"mid":"zgXOgAsD4",
"date":"2013-01-31 07:22:15"
},
{
"kids":[],
"uid":"2789935340",
"parent":"zgSNiCIJE",
"text":"",
"mid":"zgWP8hOGj",
"date":"2013-01-31 04:51:39"
},
{
"kids":[
"zgYtAuXro"
],
"uid":"caitianchen",
"parent":"",
"text":"",
"mid":"zgWe4xOqu",
"date":"2013-01-31 03:20:21"
},
{
"kids":[
"zh0oXq2Qr"
],
"uid":"2168897037",
"parent":"zgSyxcbbm",
"text":"",
"mid":"zgV5O8Auf",
"date":"2013-01-31 00:27:14"
},
{
"kids":[],
"uid":"babyvee",
"parent":"zgSYWw5mH",
"text":"",
"mid":"zgV0p406p",
"date":"2013-01-31 00:13:56"
},
{
"kids":[],
"uid":"chenqi41234",
"parent":"",
"text":"[怒]",
"mid":"zgUNWhPZg",
"date":"2013-01-30 23:43:10"
},
{
"kids":[],
"uid":"1886551812",
"parent":"",
"text":"@南京零距离",
"mid":"zgUN5s9k8",
"date":"2013-01-30 23:41:08"
},
{
"kids":[],
"uid":"1595904531",
"parent":"",
"text":"[怒][怒][怒]",
"mid":"zgUKvz52F",
"date":"2013-01-30 23:34:42"
},
{
"kids":[],
"uid":"2104780213",
"parent":"",
"text":"狗娘养的",
"mid":"zgUJXBiye",
"date":"2013-01-30 23:33:25"
},
{
"kids":[
"zgYcFeByF"
],
"uid":"1874893353",
"parent":"zgThz1gss",
"text":"",
"mid":"zgUIt5Uuz",
"date":"2013-01-30 23:29:43"
},
{
"kids":[],
"uid":"1567174232",
"parent":"",
"text":"",
"mid":"zgUHNoXM4",
"date":"2013-01-30 23:28:05"
},
{
"kids":[],
"uid":"lesliemeat",
"parent":"",
"text":"妈的",
"mid":"zgUCMhER2",
"date":"2013-01-30 23:15:44"
},
{
"kids":[],
"uid":"bansonli",
"parent":"",
"text":"社会...一张嘴的社会.",
"mid":"zgUz9nj3z",
"date":"2013-01-30 23:06:45"
},
{
"kids":[],
"uid":"2976284803",
"parent":"",
"text":"",
"mid":"zgUyBq1p2",
"date":"2013-01-30 23:05:24"
},
{
"kids":[],
"uid":"1610650711",
"parent":"",
"text":"",
"mid":"zgUxNsMFC",
"date":"2013-01-30 23:03:27"
},
{
"kids":[],
"uid":"1463326965",
"parent":"zgUtn0JIf",
"text":"[吃惊]",
"mid":"zgUvAnIM3",
"date":"2013-01-30 22:58:00"
},
{
"kids":[
"zgUvAnIM3"
],
"uid":"littlebluestitch",
"parent":"zgTy4xbn1",
"text":"",
"mid":"zgUtn0JIf",
"date":"2013-01-30 22:52:33"
},
{
"kids":[],
"uid":"2588026561",
"parent":"zgTL45JNb",
"text":"操他妈妈比较合适",
"mid":"zgUt2gIE9",
"date":"2013-01-30 22:51:42"
},
{
"kids":[],
"uid":"1135753130",
"parent":"",
"text":"他玛德，实在罪大恶极，要严打",
"mid":"zgUpTyAEh",
"date":"2013-01-30 22:43:57"
},
{
"kids":[],
"uid":"1082454400",
"parent":"",
"text":"",
"mid":"zgUnR60BX",
"date":"2013-01-30 22:38:57"
},
{
"kids":[],
"uid":"2887520272",
"parent":"",
"text":"",
"mid":"zgUjx53Cp",
"date":"2013-01-30 22:28:18"
},
{
"kids":[],
"uid":"lhldg",
"parent":"",
"text":"[怒][怒][怒]严罚校长和老师.",
"mid":"zgUhZ3AJc",
"date":"2013-01-30 22:24:26"
},
{
"kids":[],
"uid":"2577610165",
"parent":"zgS9fBoBh",
"text":"",
"mid":"zgUhvejKy",
"date":"2013-01-30 22:23:16"
},
{
"kids":[],
"uid":"2406293293",
"parent":"",
"text":"找人打死那狗市长",
"mid":"zgUgO2mCz",
"date":"2013-01-30 22:21:35"
},
{
"kids":[],
"uid":"1239247651",
"parent":"",
"text":"",
"mid":"zgUfWyt60",
"date":"2013-01-30 22:19:29"
},
{
"kids":[],
"uid":"guanlanxuan",
"parent":"",
"text":"",
"mid":"zgUerukvR",
"date":"2013-01-30 22:15:44"
},
{
"kids":[],
"uid":"raffaelexia",
"parent":"",
"text":"",
"mid":"zgUcIe5mi",
"date":"2013-01-30 22:11:30"
},
{
"kids":[],
"uid":"1767431175",
"parent":"",
"text":"",
"mid":"zgUbG8HNV",
"date":"2013-01-30 22:08:57"
},
{
"kids":[],
"uid":"1048100072",
"parent":"",
"text":"",
"mid":"zgUaKuUNV",
"date":"2013-01-30 22:06:40"
},
{
"kids":[],
"uid":"371386225",
"parent":"",
"text":"通通切小弟弟，让他们成为没二代！",
"mid":"zgU9IDVdU",
"date":"2013-01-30 22:04:09"
},
{
"kids":[],
"uid":"1927838033",
"parent":"",
"text":"[怒]",
"mid":"zgU8ajgm2",
"date":"2013-01-30 22:00:16"
},
{
"kids":[],
"uid":"1578591351",
"parent":"",
"text":"满朝尽是高衙内。逃逸代表永生！",
"mid":"zgU6jF4j3",
"date":"2013-01-30 21:55:45"
},
{
"kids":[],
"uid":"1784173070",
"parent":"",
"text":"",
"mid":"zgU6gs5C4",
"date":"2013-01-30 21:55:35"
},
{
"kids":[],
"uid":"1586612311",
"parent":"",
"text":"！",
"mid":"zgU1Kk6gB",
"date":"2013-01-30 21:44:28"
},
{
"kids":[],
"uid":"1847892807",
"parent":"zgTS3zYcJ",
"text":"下辈子！",
"mid":"zgTZQ8s9T",
"date":"2013-01-30 21:39:46"
},
{
"kids":[],
"uid":"2411605032",
"parent":"",
"text":"",
"mid":"zgTYP8Sp4",
"date":"2013-01-30 21:37:17"
},
{
"kids":[],
"uid":"2124256987",
"parent":"",
"text":"[怒]",
"mid":"zgTVJ6Zcc",
"date":"2013-01-30 21:29:40"
},
{
"kids":[],
"uid":"2537970532",
"parent":"",
"text":"什么情况？",
"mid":"zgTTTDGUL",
"date":"2013-01-30 21:25:09"
},
{
"kids":[],
"uid":"2162268955",
"parent":"",
"text":"卧槽",
"mid":"zgTTDDCPi",
"date":"2013-01-30 21:24:31"
},
{
"kids":[],
"uid":"zhouyun110",
"parent":"",
"text":"",
"mid":"zgTTv9cEr",
"date":"2013-01-30 21:24:10"
},
{
"kids":[],
"uid":"2884155474",
"parent":"",
"text":"我靠，当好人居然还被人冷眼旁观",
"mid":"zgTSimHST",
"date":"2013-01-30 21:21:12"
},
{
"kids":[
"zgTZQ8s9T"
],
"uid":"2628503810",
"parent":"zgSe2yUoa",
"text":"人都挂了，还下次。。。",
"mid":"zgTS3zYcJ",
"date":"2013-01-30 21:20:35"
},
{
"kids":[],
"uid":"tongbinlinhubby",
"parent":"",
"text":"…",
"mid":"zgTP891RI",
"date":"2013-01-30 21:13:23"
},
{
"kids":[
"zgUt2gIE9"
],
"uid":"2269292864",
"parent":"",
"text":"我操你市长老爸",
"mid":"zgTL45JNb",
"date":"2013-01-30 21:03:21"
},
{
"kids":[],
"uid":"2640386244",
"parent":"",
"text":"",
"mid":"zgTKM5ge6",
"date":"2013-01-30 21:02:39"
},
{
"kids":[],
"uid":"1939283745",
"parent":"zgS8XfghX",
"text":"这个世界太可怕了 我要回火星[浮云]",
"mid":"zgTGigIRE",
"date":"2013-01-30 20:51:37"
},
{
"kids":[],
"uid":"2978382072",
"parent":"",
"text":"",
"mid":"zgTFVzglL",
"date":"2013-01-30 20:50:44"
},
{
"kids":[],
"uid":"1692579023",
"parent":"zgSF3rhZY",
"text":"",
"mid":"zgTFE6OQ2",
"date":"2013-01-30 20:50:02"
},
{
"kids":[],
"uid":"czhowen",
"parent":"",
"text":"",
"mid":"zgTETnOi4",
"date":"2013-01-30 20:48:09"
},
{
"kids":[],
"uid":"2012405982",
"parent":"",
"text":"无法无天",
"mid":"zgTCyj8rL",
"date":"2013-01-30 20:42:26"
},
{
"kids":[],
"uid":"2534898274",
"parent":"zgSqxjdpZ",
"text":"[汗][吃惊][吃惊][吃惊]",
"mid":"zgTBDjYoY",
"date":"2013-01-30 20:40:09"
},
{
"kids":[],
"uid":"1918270035",
"parent":"",
"text":"",
"mid":"zgTAYu9Ux",
"date":"2013-01-30 20:38:34"
},
{
"kids":[],
"uid":"2721257833",
"parent":"",
"text":"求证是不是真的！如果是老师和校长该先拉去枪毙了，身正为师都是说给猪听的吗？",
"mid":"zgTzb6Vzx",
"date":"2013-01-30 20:34:05"
},
{
"kids":[],
"uid":"officegaga",
"parent":"",
"text":"李刚！",
"mid":"zgTy9yAVp",
"date":"2013-01-30 20:31:32"
},
{
"kids":[
"zgUtn0JIf"
],
"uid":"allenbilei",
"parent":"",
"text":"",
"mid":"zgTy4xbn1",
"date":"2013-01-30 20:31:23"
},
{
"kids":[],
"uid":"ranfenghs",
"parent":"",
"text":"",
"mid":"zgTxSqgLG",
"date":"2013-01-30 20:30:54"
},
{
"kids":[],
"uid":"rickyloveyoyoandcici",
"parent":"",
"text":"[怒]",
"mid":"zgTxBCQ1Y",
"date":"2013-01-30 20:30:13"
},
{
"kids":[],
"uid":"3119863021",
"parent":"",
"text":"愤怒！",
"mid":"zgTxtANCW",
"date":"2013-01-30 20:29:55"
},
{
"kids":[],
"uid":"2861589231",
"parent":"",
"text":"",
"mid":"zgTwPpuMK",
"date":"2013-01-30 20:28:19"
},
{
"kids":[],
"uid":"2014738105",
"parent":"zgTjCE9oS",
"text":"",
"mid":"zgTucAQll",
"date":"2013-01-30 20:21:49"
},
{
"kids":[],
"uid":"1952494021",
"parent":"",
"text":"",
"mid":"zgTtmjXCc",
"date":"2013-01-30 20:19:44"
},
{
"kids":[],
"uid":"1662839054",
"parent":"",
"text":"这就是权利,老百姓敢怒不敢言,正意的力量太渺小了。",
"mid":"zgTr5FE3O",
"date":"2013-01-30 20:14:10"
},
{
"kids":[],
"uid":"2644994664",
"parent":"",
"text":"[怒]严惩！！！",
"mid":"zgTqLjNpL",
"date":"2013-01-30 20:13:22"
},
{
"kids":[],
"uid":"1597461090",
"parent":"zgSnnrp03",
"text":"什么社会啊?",
"mid":"zgTq9coKx",
"date":"2013-01-30 20:11:50"
},
{
"kids":[],
"uid":"2428196237",
"parent":"zgTpdfjhV",
"text":"严惩",
"mid":"zgTpNjNn4",
"date":"2013-01-30 20:10:57"
},
{
"kids":[
"zgTpNjNn4"
],
"uid":"1447186492",
"parent":"",
"text":"",
"mid":"zgTpdfjhV",
"date":"2013-01-30 20:09:31"
},
{
"kids":[],
"uid":"fmmu2011",
"parent":"",
"text":"[怒][怒][怒]",
"mid":"zgTni9EvC",
"date":"2013-01-30 20:04:47"
},
{
"kids":[],
"uid":"1758474617",
"parent":"",
"text":"这老师真不是东西",
"mid":"zgTkN3sgi",
"date":"2013-01-30 19:58:39"
},
{
"kids":[],
"uid":"2329507244",
"parent":"",
"text":"转发微博。",
"mid":"zgTjU4pMZ",
"date":"2013-01-30 19:56:28"
},
{
"kids":[],
"uid":"cyan1995",
"parent":"",
"text":"",
"mid":"zgTjPmyj4",
"date":"2013-01-30 19:56:17"
},
{
"kids":[],
"uid":"1775547172",
"parent":"",
"text":"气愤",
"mid":"zgTjNff4O",
"date":"2013-01-30 19:56:11"
},
{
"kids":[
"zgTucAQll"
],
"uid":"1959288184",
"parent":"",
"text":"",
"mid":"zgTjCE9oS",
"date":"2013-01-30 19:55:47"
},
{
"kids":[],
"uid":"qitongtong037",
"parent":"",
"text":"真假？",
"mid":"zgTjkAuq4",
"date":"2013-01-30 19:55:02"
},
{
"kids":[],
"uid":"2062869795",
"parent":"",
"text":"转发微博。",
"mid":"zgTi5vzHm",
"date":"2013-01-30 19:52:00"
},
{
"kids":[
"zgUIt5Uuz"
],
"uid":"minichung216",
"parent":"zgSiT3PzI",
"text":"在这神奇的国度里，神马都会发生",
"mid":"zgThz1gss",
"date":"2013-01-30 19:50:40"
},
{
"kids":[],
"uid":"2018387792",
"parent":"zgSYhptnr",
"text":"畜生",
"mid":"zgThi7LT8",
"date":"2013-01-30 19:50:00"
},
{
"kids":[],
"uid":"2671813061",
"parent":"",
"text":"人肉人肉",
"mid":"zgTggAIBH",
"date":"2013-01-30 19:47:29"
},
{
"kids":[],
"uid":"2159162982",
"parent":"",
"text":"简直就是无法无天[怒][怒]",
"mid":"zgTg0Fps0",
"date":"2013-01-30 19:46:53"
},
{
"kids":[],
"uid":"jiang1001",
"parent":"zgSty63oM",
"text":"",
"mid":"zgTf9rNhe",
"date":"2013-01-30 19:44:44"
},
{
"kids":[],
"uid":"2641236677",
"parent":"",
"text":"无论什么.封迠社会已经向我们走来.复古.死灰复燃.皇孙公子与农奴",
"mid":"zgTdDdfPK",
"date":"2013-01-30 19:40:59"
},
{
"kids":[],
"uid":"longzuli",
"parent":"",
"text":"草泥马！！！！",
"mid":"zgTdzmkZ8",
"date":"2013-01-30 19:40:52"
},
{
"kids":[],
"uid":"2077272355",
"parent":"",
"text":"求证",
"mid":"zgTccwiie",
"date":"2013-01-30 19:37:30"
},
{
"kids":[
"zgXSkDaYz"
],
"uid":"1661613732",
"parent":"",
"text":"",
"mid":"zgTaP9wlA",
"date":"2013-01-30 19:34:06"
},
{
"kids":[],
"uid":"1307880054",
"parent":"",
"text":"",
"mid":"zgTa78KOe",
"date":"2013-01-30 19:32:21"
},
{
"kids":[],
"uid":"fattyy",
"parent":"",
"text":"人肉人肉",
"mid":"zgT9nlQWV",
"date":"2013-01-30 19:30:31"
},
{
"kids":[],
"uid":"rangikugrimmjow",
"parent":"zgSUhvOAm",
"text":"",
"mid":"zgT8qeidb",
"date":"2013-01-30 19:28:10"
},
{
"kids":[],
"uid":"1809418830",
"parent":"zgSbaDQNg",
"text":"",
"mid":"zgT737Ti0",
"date":"2013-01-30 19:24:45"
},
{
"kids":[],
"uid":"xjnt",
"parent":"",
"text":"既然是新闻播出了，就转发一下（天朝威武！）",
"mid":"zgT5WhFss",
"date":"2013-01-30 19:22:04"
},
{
"kids":[],
"uid":"2565923234",
"parent":"",
"text":"",
"mid":"zgT4NmfVU",
"date":"2013-01-30 19:19:15"
},
{
"kids":[],
"uid":"2341920497",
"parent":"",
"text":"@小君最爱红玫瑰- @推倒二黄的猫藤黄 @佳臻儿",
"mid":"zgT3xEa1U",
"date":"2013-01-30 19:16:08"
},
{
"kids":[],
"uid":"1850398813",
"parent":"zgT0RjhXl",
"text":"",
"mid":"zgT3x5SSf",
"date":"2013-01-30 19:16:08"
},
{
"kids":[],
"uid":"2013330542",
"parent":"zgSrmcDTi",
"text":"回复@Hadeless:作弊被抓的人不适合做电影里那种特工这类工作！做个弊都暴露了，好low啊",
"mid":"zgT3dyrcG",
"date":"2013-01-30 19:15:21"
},
{
"kids":[],
"uid":"1207052795",
"parent":"",
"text":"市长老爸撑腰，肯定无罪释放！",
"mid":"zgT1XdCGd",
"date":"2013-01-30 19:12:15"
},
{
"kids":[],
"uid":"1610657271",
"parent":"zgSj1CESG",
"text":"现在都什么人啊，这样的人也能当市长，有什么样的儿子，就有什么样的老爸",
"mid":"zgT1d9X7l",
"date":"2013-01-30 19:10:25"
},
{
"kids":[
"zgT3x5SSf"
],
"uid":"2201045274",
"parent":"",
"text":"[怒]",
"mid":"zgT0RjhXl",
"date":"2013-01-30 19:09:33"
},
{
"kids":[],
"uid":"1676946514",
"parent":"",
"text":"",
"mid":"zgT0s9Bvd",
"date":"2013-01-30 19:08:31"
},
{
"kids":[],
"uid":"1316409623",
"parent":"zgSpdtN49",
"text":"[怒]",
"mid":"zgT0lmStM",
"date":"2013-01-30 19:08:17"
},
{
"kids":[],
"uid":"2417793470",
"parent":"zgSx8AzPm",
"text":"校长和老师都当入狱",
"mid":"zgT0gD49s",
"date":"2013-01-30 19:08:02"
},
{
"kids":[],
"uid":"2044778511",
"parent":"zgSRlvZ5X",
"text":"[怒]",
"mid":"zgSZNphOi",
"date":"2013-01-30 19:06:56"
},
{
"kids":[],
"uid":"2654790505",
"parent":"",
"text":"现在已非冷兵器时代…",
"mid":"zgSZx8LGz",
"date":"2013-01-30 19:06:16"
},
{
"kids":[
"zgV0p406p"
],
"uid":"1562910780",
"parent":"",
"text":"",
"mid":"zgSYWw5mH",
"date":"2013-01-30 19:04:48"
},
{
"kids":[],
"uid":"2698600522",
"parent":"zgSpysG9v",
"text":"",
"mid":"zgSYK7wOa",
"date":"2013-01-30 19:04:17"
},
{
"kids":[
"zgThi7LT8"
],
"uid":"queva",
"parent":"",
"text":"....................",
"mid":"zgSYhptnr",
"date":"2013-01-30 19:03:11"
},
{
"kids":[],
"uid":"maligu",
"parent":"zgSgoeRJw",
"text":"",
"mid":"zgSXBa5ZM",
"date":"2013-01-30 19:01:29"
},
{
"kids":[],
"uid":"1686536993",
"parent":"",
"text":"请正视",
"mid":"zgSVir9kE",
"date":"2013-01-30 18:55:51"
},
{
"kids":[],
"uid":"ccdian",
"parent":"",
"text":"孩子都这样父母歹是什么样？",
"mid":"zgSUV5rz6",
"date":"2013-01-30 18:54:56"
},
{
"kids":[
"zh5lhwCJ6"
],
"uid":"tanjulia",
"parent":"",
"text":"[怒][怒][怒]",
"mid":"zgSUQ5anc",
"date":"2013-01-30 18:54:43"
},
{
"kids":[],
"uid":"1765815952",
"parent":"",
"text":"真的假的[吃惊]",
"mid":"zgSUJg8H2",
"date":"2013-01-30 18:54:26"
},
{
"kids":[],
"uid":"1692873112",
"parent":"",
"text":"",
"mid":"zgSUiFkIZ",
"date":"2013-01-30 18:53:24"
},
{
"kids":[
"zgT8qeidb"
],
"uid":"1856253125",
"parent":"",
"text":"",
"mid":"zgSUhvOAm",
"date":"2013-01-30 18:53:20"
},
{
"kids":[],
"uid":"2609712994",
"parent":"",
"text":"[怒]",
"mid":"zgSSTc8Di",
"date":"2013-01-30 18:49:54"
},
{
"kids":[],
"uid":"2532256782",
"parent":"zgS9xD2kE",
"text":"[怒][怒]",
"mid":"zgSSrtd2w",
"date":"2013-01-30 18:48:47"
},
{
"kids":[],
"uid":"1611696670",
"parent":"",
"text":"求真相...",
"mid":"zgSSobxdI",
"date":"2013-01-30 18:48:41"
},
{
"kids":[],
"uid":"1768655433",
"parent":"",
"text":"",
"mid":"zgSRYdbnE",
"date":"2013-01-30 18:47:37"
},
{
"kids":[
"zgYWUEi1e",
"zgYDV87PZ",
"zgSZNphOi"
],
"uid":"1751367704",
"parent":"zgShkpK8z",
"text":"又是个坑爹的",
"mid":"zgSRlvZ5X",
"date":"2013-01-30 18:46:08"
},
{
"kids":[],
"uid":"2099556470",
"parent":"",
"text":"求辟谣。",
"mid":"zgSR9p25l",
"date":"2013-01-30 18:45:38"
},
{
"kids":[],
"uid":"1611643194",
"parent":"",
"text":"",
"mid":"zgSPJCzwQ",
"date":"2013-01-30 18:42:08"
},
{
"kids":[],
"uid":"2661640480",
"parent":"zgS9fBoBh",
"text":"三位学生凶手确实可恶，但是更可恶的是校长和3名老师竟然冷眼旁观。[怒]",
"mid":"zgSPFrelZ",
"date":"2013-01-30 18:41:58"
},
{
"kids":[],
"uid":"1974463971",
"parent":"",
"text":"",
"mid":"zgSOSaqbv",
"date":"2013-01-30 18:39:59"
},
{
"kids":[],
"uid":"1962433712",
"parent":"",
"text":"",
"mid":"zgSOB228f",
"date":"2013-01-30 18:39:17"
},
{
"kids":[],
"uid":"1015522490",
"parent":"",
"text":"转发微博。",
"mid":"zgSOprs3K",
"date":"2013-01-30 18:38:53"
},
{
"kids":[],
"uid":"2208918384",
"parent":"",
"text":"",
"mid":"zgSNGfRjS",
"date":"2013-01-30 18:37:03"
},
{
"kids":[
"zgWP8hOGj"
],
"uid":"1526144260",
"parent":"",
"text":"又是个坑爹的[鄙视][怒]",
"mid":"zgSNiCIJE",
"date":"2013-01-30 18:36:09"
},
{
"kids":[],
"uid":"christinahou",
"parent":"zgSeDsZZF",
"text":"",
"mid":"zgSN98YRS",
"date":"2013-01-30 18:35:46"
},
{
"kids":[],
"uid":"3074700123",
"parent":"zgSF3rhZY",
"text":"",
"mid":"zgSN3xQOL",
"date":"2013-01-30 18:35:32"
},
{
"kids":[],
"uid":"2683299705",
"parent":"",
"text":"",
"mid":"zgSLWoIrt",
"date":"2013-01-30 18:32:48"
},
{
"kids":[],
"uid":"2251498970",
"parent":"",
"text":"",
"mid":"zgSLOFTN0",
"date":"2013-01-30 18:32:31"
},
{
"kids":[
"zoUCAtRWN",
"zoNL1ohvi",
"zoNL1ohrT",
"znWO6ilnz",
"zmQDYoLuk",
"zm6CMANOp"
],
"uid":"3203064123",
"parent":"",
"text":"",
"mid":"zgSL0sRV9",
"date":"2013-01-30 18:30:30"
},
{
"kids":[],
"uid":"1921723765",
"parent":"",
"text":"就不该帮那些老师。",
"mid":"zgSKwkp3f",
"date":"2013-01-30 18:29:17"
},
{
"kids":[],
"uid":"2795288683",
"parent":"",
"text":"[怒][怒][怒]",
"mid":"zgSJY53Bf",
"date":"2013-01-30 18:27:55"
},
{
"kids":[],
"uid":"2495714592",
"parent":"",
"text":"",
"mid":"zgSJGCDKV",
"date":"2013-01-30 18:27:14"
},
{
"kids":[],
"uid":"3021986641",
"parent":"",
"text":"又现校园惨案[泪]",
"mid":"zgSJlDGFl",
"date":"2013-01-30 18:26:23"
},
{
"kids":[],
"uid":"2855014214",
"parent":"",
"text":"",
"mid":"zgSJ8Bkb2",
"date":"2013-01-30 18:25:51"
},
{
"kids":[],
"uid":"1900740383",
"parent":"",
"text":"[吃惊]",
"mid":"zgSItgiSj",
"date":"2013-01-30 18:24:13"
},
{
"kids":[
"zgTFE6OQ2",
"zgSN3xQOL"
],
"uid":"duhongfang",
"parent":"",
"text":"无法无天啊!",
"mid":"zgSF3rhZY",
"date":"2013-01-30 18:15:50"
},
{
"kids":[],
"uid":"1167630833",
"parent":"",
"text":"[怒][怒骂]",
"mid":"zgSE90jac",
"date":"2013-01-30 18:13:33"
},
{
"kids":[],
"uid":"2034255093",
"parent":"",
"text":"穷凶极恶",
"mid":"zgSCMcIzJ",
"date":"2013-01-30 18:10:09"
},
{
"kids":[],
"uid":"sofosogo",
"parent":"",
"text":"",
"mid":"zgSCDA1da",
"date":"2013-01-30 18:09:53"
},
{
"kids":[],
"uid":"lydialuyi",
"parent":"zgScL3jEH",
"text":"",
"mid":"zgSCrtSK3",
"date":"2013-01-30 18:09:22"
},
{
"kids":[],
"uid":"aluo",
"parent":"",
"text":"",
"mid":"zgSC2DF6N",
"date":"2013-01-30 18:08:25"
},
{
"kids":[],
"uid":"3117851893",
"parent":"",
"text":"",
"mid":"zgSBJ9F3o",
"date":"2013-01-30 18:07:37"
},
{
"kids":[],
"uid":"2568599191",
"parent":"zgSrmcDTi",
"text":"没有过人的实力当什么出头鸟，被打死了还没人敢拉",
"mid":"zgSBbaDgi",
"date":"2013-01-30 18:06:17"
},
{
"kids":[],
"uid":"1228363851",
"parent":"",
"text":"[怒]靠",
"mid":"zgSAPA6Gm",
"date":"2013-01-30 18:05:26"
},
{
"kids":[],
"uid":"1883885414",
"parent":"",
"text":"[衰]",
"mid":"zgSAjmycu",
"date":"2013-01-30 18:04:09"
},
{
"kids":[],
"uid":"nicolorder",
"parent":"zgS9nziLL",
"text":"嘿嘿",
"mid":"zgSA5fkHd",
"date":"2013-01-30 18:03:32"
},
{
"kids":[],
"uid":"2090727295",
"parent":"",
"text":"这是什么世界啊![衰]",
"mid":"zgSzxxLD6",
"date":"2013-01-30 18:02:14"
},
{
"kids":[],
"uid":"1778553261",
"parent":"zgSwazCDg",
"text":"真的假的",
"mid":"zgSzntpti",
"date":"2013-01-30 18:01:51"
},
{
"kids":[],
"uid":"1354606681",
"parent":"zgSrmcDTi",
"text":"艹！！",
"mid":"zgSzfuFHO",
"date":"2013-01-30 18:01:32"
},
{
"kids":[],
"uid":"1670388721",
"parent":"",
"text":"",
"mid":"zgSyDmsRX",
"date":"2013-01-30 18:00:00"
},
{
"kids":[
"zgV5O8Auf"
],
"uid":"2640515377",
"parent":"",
"text":"我去…老师校长吃屎的",
"mid":"zgSyxcbbm",
"date":"2013-01-30 17:59:46"
},
{
"kids":[],
"uid":"2163531934",
"parent":"",
"text":"",
"mid":"zgSyiFbfs",
"date":"2013-01-30 17:59:11"
},
{
"kids":[],
"uid":"1401269914",
"parent":"",
"text":"",
"mid":"zgSxk7DAv",
"date":"2013-01-30 17:56:45"
},
{
"kids":[
"zgXSIyVbZ",
"zgT0gD49s"
],
"uid":"1877865717",
"parent":"zgSvlvTTb",
"text":"@糖风色色 请转发林小胖",
"mid":"zgSx8AzPm",
"date":"2013-01-30 17:56:19"
},
{
"kids":[],
"uid":"2327881245",
"parent":"",
"text":"",
"mid":"zgSx6vQx1",
"date":"2013-01-30 17:56:15"
},
{
"kids":[],
"uid":"lisalovexuxu",
"parent":"",
"text":"",
"mid":"zgSwU91Hz",
"date":"2013-01-30 17:55:43"
},
{
"kids":[],
"uid":"2001168971",
"parent":"zgSpZ5LcH",
"text":"所以小孩在学校受委屈，父母只能怪自己没地位没钱",
"mid":"zgSwE8SMe",
"date":"2013-01-30 17:55:05"
},
{
"kids":[
"zgSzntpti"
],
"uid":"1868097975",
"parent":"",
"text":"[怒]！！",
"mid":"zgSwazCDg",
"date":"2013-01-30 17:53:57"
},
{
"kids":[],
"uid":"tangyiteng",
"parent":"",
"text":"",
"mid":"zgSvLaY4b",
"date":"2013-01-30 17:52:57"
},
{
"kids":[],
"uid":"unasing",
"parent":"zgSrmcDTi",
"text":"",
"mid":"zgSvCiZrg",
"date":"2013-01-30 17:52:33"
},
{
"kids":[
"zgSx8AzPm"
],
"uid":"1932615025",
"parent":"zgShZeTiY",
"text":"",
"mid":"zgSvlvTTb",
"date":"2013-01-30 17:51:55"
},
{
"kids":[],
"uid":"2180746532",
"parent":"",
"text":"这个社会怎么了",
"mid":"zgSuO8mLV",
"date":"2013-01-30 17:50:33"
},
{
"kids":[],
"uid":"2126892011",
"parent":"",
"text":"[吃惊]",
"mid":"zgSuzAWYH",
"date":"2013-01-30 17:50:01"
},
{
"kids":[],
"uid":"zwjlovewwj",
"parent":"",
"text":"",
"mid":"zgSugrT7G",
"date":"2013-01-30 17:49:14"
},
{
"kids":[],
"uid":"2559782037",
"parent":"",
"text":"[怒][怒][怒][怒]",
"mid":"zgStVqCTA",
"date":"2013-01-30 17:48:25"
},
{
"kids":[],
"uid":"2707554735",
"parent":"",
"text":"",
"mid":"zgStJBjOx",
"date":"2013-01-30 17:47:57"
},
{
"kids":[
"zgTf9rNhe"
],
"uid":"2828846885",
"parent":"",
"text":"官二代比富二代要狠",
"mid":"zgSty63oM",
"date":"2013-01-30 17:47:27"
},
{
"kids":[],
"uid":"2214508521",
"parent":"",
"text":"人神共愤。",
"mid":"zgStbjJbh",
"date":"2013-01-30 17:46:35"
},
{
"kids":[],
"uid":"xin5zhang8",
"parent":"",
"text":"[怒]",
"mid":"zgSsKag9e",
"date":"2013-01-30 17:45:30"
},
{
"kids":[],
"uid":"1794676533",
"parent":"",
"text":"[怒]",
"mid":"zgSsJwWZL",
"date":"2013-01-30 17:45:28"
},
{
"kids":[],
"uid":"1877428511",
"parent":"",
"text":"[怒]好儿子",
"mid":"zgSsf7PQz",
"date":"2013-01-30 17:44:16"
},
{
"kids":[],
"uid":"1752031360",
"parent":"zgSoM1UcS",
"text":"朝里有人真好",
"mid":"zgSrP98ch",
"date":"2013-01-30 17:43:12"
},
{
"kids":[],
"uid":"1971903091",
"parent":"",
"text":"[蜡烛][伤心][怒]",
"mid":"zgSrxFaVn",
"date":"2013-01-30 17:42:31"
},
{
"kids":[],
"uid":"1180341520",
"parent":"",
"text":"送坑爹的一程",
"mid":"zgSrtesBF",
"date":"2013-01-30 17:42:21"
},
{
"kids":[
"zgT3dyrcG",
"zgSBbaDgi",
"zgSzfuFHO",
"zgSvCiZrg"
],
"uid":"2013330542",
"parent":"",
"text":"WDF！！！",
"mid":"zgSrmcDTi",
"date":"2013-01-30 17:42:04"
},
{
"kids":[],
"uid":"the2079",
"parent":"",
"text":"",
"mid":"zgSr8zxSA",
"date":"2013-01-30 17:41:30"
},
{
"kids":[],
"uid":"sdarren2010",
"parent":"",
"text":"",
"mid":"zgSr74Jwh",
"date":"2013-01-30 17:41:26"
},
{
"kids":[],
"uid":"1929560253",
"parent":"zgSas2N5m",
"text":"@沃有沃精彩",
"mid":"zgSr47pkY",
"date":"2013-01-30 17:41:23"
},
{
"kids":[
"zgTBDjYoY"
],
"uid":"izziexu7",
"parent":"",
"text":"还有没有天理",
"mid":"zgSqxjdpZ",
"date":"2013-01-30 17:40:04"
},
{
"kids":[],
"uid":"1630190374",
"parent":"zgSjU0uiH",
"text":"高衙内",
"mid":"zgSqwpYt2",
"date":"2013-01-30 17:40:01"
},
{
"kids":[],
"uid":"1451744714",
"parent":"",
"text":"靠…",
"mid":"zgSqfCDrF",
"date":"2013-01-30 17:39:22"
},
{
"kids":[],
"uid":"flyer11",
"parent":"",
"text":"",
"mid":"zgSpZCSWD",
"date":"2013-01-30 17:38:44"
},
{
"kids":[
"zgYdTt0Bb",
"zgSwE8SMe"
],
"uid":"josehb",
"parent":"zgSeDsZZF",
"text":"现在的老师，特别是小学初中高中大部分都是嫌贫爱富媚官僚",
"mid":"zgSpZ5LcH",
"date":"2013-01-30 17:38:40"
},
{
"kids":[],
"uid":"1243101485",
"parent":"",
"text":"@wzdsdda 他自己贱，喊什么别打老师。。。。 大文革时期还把老师吊起来批斗呢，那群熊孩子现在说不定都当官了呢",
"mid":"zgSpAfa5V",
"date":"2013-01-30 17:37:43"
},
{
"kids":[
"zgSYK7wOa"
],
"uid":"1596945453",
"parent":"",
"text":"尼玛啊 什么社会啊 尼玛啊 尼玛",
"mid":"zgSpysG9v",
"date":"2013-01-30 17:37:39"
},
{
"kids":[],
"uid":"2073621280",
"parent":"",
"text":"....",
"mid":"zgSpujzVV",
"date":"2013-01-30 17:37:30"
},
{
"kids":[
"zgT0lmStM"
],
"uid":"1553132603",
"parent":"",
"text":"[怒]",
"mid":"zgSpdtN49",
"date":"2013-01-30 17:36:51"
},
{
"kids":[
"zh20YBkaL",
"zgYzvbgjm",
"zgSrP98ch"
],
"uid":"2051145097",
"parent":"zgSklcwMp",
"text":"有市长老爸就是好[怒][怒][怒]",
"mid":"zgSoM1UcS",
"date":"2013-01-30 17:35:43"
},
{
"kids":[],
"uid":"2083490711",
"parent":"",
"text":"家里有人当官就是霸道！[bm抓狂]",
"mid":"zgSoabrIv",
"date":"2013-01-30 17:34:13"
},
{
"kids":[],
"uid":"2263680584",
"parent":"",
"text":"太没人性了！！",
"mid":"zgSnylQiW",
"date":"2013-01-30 17:32:43"
},
{
"kids":[],
"uid":"1951057151",
"parent":"",
"text":"",
"mid":"zgSnvow4q",
"date":"2013-01-30 17:32:34"
},
{
"kids":[],
"uid":"wangbo19960223",
"parent":"",
"text":"学校领导阉了吧",
"mid":"zgSnt2PBN",
"date":"2013-01-30 17:32:31"
},
{
"kids":[],
"uid":"zellux",
"parent":"zgSi9gnnH",
"text":"不管是真是假，三年前的新闻了 http:",
"mid":"zgSnsqgYh",
"date":"2013-01-30 17:32:30"
},
{
"kids":[
"zgTq9coKx"
],
"uid":"1960542283",
"parent":"",
"text":"",
"mid":"zgSnnrp03",
"date":"2013-01-30 17:32:17"
},
{
"kids":[],
"uid":"1735691065",
"parent":"",
"text":"",
"mid":"zgSnbzyvD",
"date":"2013-01-30 17:31:49"
},
{
"kids":[],
"uid":"1781401924",
"parent":"zgS9hDkK3",
"text":"这社会没救了",
"mid":"zgSmEtLtC",
"date":"2013-01-30 17:30:30"
},
{
"kids":[],
"uid":"hengi7",
"parent":"",
"text":"什么社会啊！我们到底是在万恶的旧世界，还是在光辉的新世界啊！",
"mid":"zgSmucNmu",
"date":"2013-01-30 17:30:05"
},
{
"kids":[
"zgY3Wawli"
],
"uid":"shaosen0220",
"parent":"",
"text":"",
"mid":"zgSmdB8k0",
"date":"2013-01-30 17:29:24"
},
{
"kids":[],
"uid":"2327786040",
"parent":"",
"text":"我的老爸是市长[感冒]",
"mid":"zgSm9cFUU",
"date":"2013-01-30 17:29:15"
},
{
"kids":[],
"uid":"2707161393",
"parent":"",
"text":"转发微博。",
"mid":"zgSlP6WTj",
"date":"2013-01-30 17:28:26"
},
{
"kids":[],
"uid":"1672409212",
"parent":"",
"text":"",
"mid":"zgSlAibmT",
"date":"2013-01-30 17:27:52"
},
{
"kids":[],
"uid":"1958209595",
"parent":"",
"text":"",
"mid":"zgSlh8S6S",
"date":"2013-01-30 17:27:06"
},
{
"kids":[],
"uid":"ericmiaomiao",
"parent":"",
"text":"市长",
"mid":"zgSl6cLjd",
"date":"2013-01-30 17:26:40"
},
{
"kids":[],
"uid":"1152478855",
"parent":"",
"text":"天朝骇人听闻的消息就是多[怒]",
"mid":"zgSkDe5xC",
"date":"2013-01-30 17:25:31"
},
{
"kids":[
"zgSoM1UcS"
],
"uid":"1048595054",
"parent":"",
"text":"",
"mid":"zgSklcwMp",
"date":"2013-01-30 17:24:48"
},
{
"kids":[
"zgSqwpYt2"
],
"uid":"npnp",
"parent":"zgSaqh8P3",
"text":"市长的儿子当然可以打死同学了！这有什么大惊小怪的。这是社会主义基本国策！",
"mid":"zgSjU0uiH",
"date":"2013-01-30 17:23:42"
},
{
"kids":[],
"uid":"2714375102",
"parent":"",
"text":"严查",
"mid":"zgSjG8FAd",
"date":"2013-01-30 17:23:10"
},
{
"kids":[],
"uid":"1410573415",
"parent":"zgSiRCtnf",
"text":"",
"mid":"zgSjE4zPd",
"date":"2013-01-30 17:23:04"
},
{
"kids":[],
"uid":"2335014290",
"parent":"",
"text":"",
"mid":"zgSjro9CX",
"date":"2013-01-30 17:22:34"
},
{
"kids":[],
"uid":"jimibaby",
"parent":"",
"text":"",
"mid":"zgSj5aJOU",
"date":"2013-01-30 17:21:43"
},
{
"kids":[
"zgT1d9X7l"
],
"uid":"ericzhang02",
"parent":"zgS9xD2kE",
"text":"",
"mid":"zgSj1CESG",
"date":"2013-01-30 17:21:33"
},
{
"kids":[],
"uid":"viraxu",
"parent":"",
"text":"",
"mid":"zgSiXfyjJ",
"date":"2013-01-30 17:21:21"
},
{
"kids":[
"zgThz1gss"
],
"uid":"hong209",
"parent":"",
"text":"那老师还是人吗[怒][怒]",
"mid":"zgSiT3PzI",
"date":"2013-01-30 17:21:13"
},
{
"kids":[
"zgSjE4zPd"
],
"uid":"sudeki0228",
"parent":"",
"text":"震惊！",
"mid":"zgSiRCtnf",
"date":"2013-01-30 17:21:09"
},
{
"kids":[],
"uid":"3114977625",
"parent":"",
"text":"校长 老师 禽兽不如 仗着自己的爹就这样么 太让人气愤了 不过也显现出中国的社会是官僚社会，跟古时候那些恶霸有什么两样呢 ，有权的就是爷",
"mid":"zgSiv8vjU",
"date":"2013-01-30 17:20:16"
},
{
"kids":[],
"uid":"1450421033",
"parent":"",
"text":"",
"mid":"zgSiryErP",
"date":"2013-01-30 17:20:09"
},
{
"kids":[
"zgSnsqgYh"
],
"uid":"1881787850",
"parent":"zgSfOstFj",
"text":"求辟谣",
"mid":"zgSi9gnnH",
"date":"2013-01-30 17:19:24"
},
{
"kids":[],
"uid":"nini1983uk",
"parent":"",
"text":"",
"mid":"zgSi6lsQa",
"date":"2013-01-30 17:19:17"
},
{
"kids":[
"zgSvlvTTb"
],
"uid":"1877865717",
"parent":"zgShHb7bk",
"text":"[围观]",
"mid":"zgShZeTiY",
"date":"2013-01-30 17:18:58"
},
{
"kids":[],
"uid":"1919804992",
"parent":"zgSc33ptd",
"text":"必须严惩凶手",
"mid":"zgShXsoQr",
"date":"2013-01-30 17:18:56"
},
{
"kids":[],
"uid":"32476083",
"parent":"",
"text":"[怒][怒]",
"mid":"zgShVFUrC",
"date":"2013-01-30 17:18:52"
},
{
"kids":[],
"uid":"2506376811",
"parent":"",
"text":"[蜡烛]",
"mid":"zgShJfcou",
"date":"2013-01-30 17:18:22"
},
{
"kids":[
"zgShZeTiY"
],
"uid":"zhakrin",
"parent":"",
"text":"",
"mid":"zgShHb7bk",
"date":"2013-01-30 17:18:15"
},
{
"kids":[],
"uid":"2050173520",
"parent":"",
"text":"这是个怎样冷酷的世界啊。",
"mid":"zgShFqBP3",
"date":"2013-01-30 17:18:12"
},
{
"kids":[],
"uid":"1774351110",
"parent":"",
"text":"",
"mid":"zgShEfUZ0",
"date":"2013-01-30 17:18:08"
},
{
"kids":[
"zgSRlvZ5X"
],
"uid":"2059326340",
"parent":"",
"text":"[衰]",
"mid":"zgShkpK8z",
"date":"2013-01-30 17:17:24"
},
{
"kids":[],
"uid":"3100881143",
"parent":"",
"text":"",
"mid":"zgSgTzewy",
"date":"2013-01-30 17:16:20"
},
{
"kids":[],
"uid":"tufei0128",
"parent":"",
"text":"打死它爸爸",
"mid":"zgSgSnkGB",
"date":"2013-01-30 17:16:16"
},
{
"kids":[],
"uid":"gahg96",
"parent":"",
"text":"",
"mid":"zgSgAlLUV",
"date":"2013-01-30 17:15:31"
},
{
"kids":[],
"uid":"1844060167",
"parent":"",
"text":"太残忍了！",
"mid":"zgSgrbjXM",
"date":"2013-01-30 17:15:11"
},
{
"kids":[],
"uid":"xuyi1",
"parent":"",
"text":"",
"mid":"zgSgovAXC",
"date":"2013-01-30 17:15:05"
},
{
"kids":[
"zgSXBa5ZM"
],
"uid":"young1234",
"parent":"",
"text":"",
"mid":"zgSgoeRJw",
"date":"2013-01-30 17:15:03"
},
{
"kids":[],
"uid":"2020694981",
"parent":"",
"text":"这个社会真玩蛋了！",
"mid":"zgSgijlet",
"date":"2013-01-30 17:14:48"
},
{
"kids":[],
"uid":"1942081544",
"parent":"zgS9Nyi11",
"text":"",
"mid":"zgSgf5hLy",
"date":"2013-01-30 17:14:42"
},
{
"kids":[],
"uid":"2801351643",
"parent":"",
"text":"还是法制社会吗?咋有这样的事?",
"mid":"zgSg6u2ng",
"date":"2013-01-30 17:14:22"
},
{
"kids":[],
"uid":"jgenie",
"parent":"zgS9K0VTU",
"text":"",
"mid":"zgSg1sCXP",
"date":"2013-01-30 17:14:11"
},
{
"kids":[],
"uid":"1152830675",
"parent":"",
"text":"[怒骂]",
"mid":"zgSfVj2pZ",
"date":"2013-01-30 17:13:55"
},
{
"kids":[
"zgSi9gnnH"
],
"uid":"206019198",
"parent":"",
"text":"真的假的？",
"mid":"zgSfOstFj",
"date":"2013-01-30 17:13:39"
},
{
"kids":[],
"uid":"1789602397",
"parent":"",
"text":"帮了白眼狼了",
"mid":"zgSfAzX9P",
"date":"2013-01-30 17:13:06"
},
{
"kids":[],
"uid":"1937950644",
"parent":"zgSdZizn3",
"text":"",
"mid":"zgSfzofdh",
"date":"2013-01-30 17:13:03"
},
{
"kids":[],
"uid":"qinzi825",
"parent":"",
"text":"这世道",
"mid":"zgSfyv0h3",
"date":"2013-01-30 17:13:01"
},
{
"kids":[],
"uid":"2136903604",
"parent":"",
"text":"",
"mid":"zgSfx47Ap",
"date":"2013-01-30 17:12:55"
},
{
"kids":[],
"uid":"1246655934",
"parent":"",
"text":"那个学校？那个市长？求人肉。",
"mid":"zgSf23nzr",
"date":"2013-01-30 17:11:43"
},
{
"kids":[],
"uid":"2576585775",
"parent":"",
"text":"人性泯灭[怒][怒]",
"mid":"zgSeS1uLo",
"date":"2013-01-30 17:11:19"
},
{
"kids":[],
"uid":"1930773161",
"parent":"zgSe2yUoa",
"text":"[怒]",
"mid":"zgSeOrxeR",
"date":"2013-01-30 17:11:12"
},
{
"kids":[
"zgSN98YRS",
"zgSpZ5LcH"
],
"uid":"paopaogao",
"parent":"zgSepzBVI",
"text":"",
"mid":"zgSeDsZZF",
"date":"2013-01-30 17:10:45"
},
{
"kids":[],
"uid":"2923990667",
"parent":"",
"text":"现在这都是什么世道[怒]",
"mid":"zgSeDeNq1",
"date":"2013-01-30 17:10:44"
},
{
"kids":[],
"uid":"708626100",
"parent":"",
"text":"[蜡烛][蜡烛][蜡烛]",
"mid":"zgSeCkzLF",
"date":"2013-01-30 17:10:40"
},
{
"kids":[],
"uid":"1885874541",
"parent":"",
"text":"说什么好呢，有我国教师品格参差不齐的原因，也有他爸是李刚的原因，这人呐，就是喜欢欺善怕恶。初中打死人？长大了还得了？赶紧的抓捕归案，该咋判咋判，顺便吊销在场教师的教师证，然后下了此傻逼校长。",
"mid":"zgSezDi2k",
"date":"2013-01-30 17:10:36"
},
{
"kids":[],
"uid":"1761508112",
"parent":"",
"text":"不知道该说些什么了，太令人痛心了",
"mid":"zgSew6Llx",
"date":"2013-01-30 17:10:27"
},
{
"kids":[],
"uid":"1886360864",
"parent":"",
"text":"打死同学不留情 市长老爸来撑腰！",
"mid":"zgSer4uHR",
"date":"2013-01-30 17:10:15"
},
{
"kids":[
"zgSeDsZZF"
],
"uid":"cristianovic",
"parent":"",
"text":"",
"mid":"zgSepzBVI",
"date":"2013-01-30 17:10:12"
},
{
"kids":[],
"uid":"2430743181",
"parent":"",
"text":"啊？听说过贼会如此报复，现在的学生也如此啊？",
"mid":"zgSe4DXYg",
"date":"2013-01-30 17:09:22"
},
{
"kids":[
"zgTS3zYcJ",
"zgSeOrxeR"
],
"uid":"1847892807",
"parent":"",
"text":"下次喊：忘死里打，帮忙一起打",
"mid":"zgSe2yUoa",
"date":"2013-01-30 17:09:17"
},
{
"kids":[
"zgSfzofdh"
],
"uid":"317441777",
"parent":"",
"text":"",
"mid":"zgSdZizn3",
"date":"2013-01-30 17:09:09"
},
{
"kids":[],
"uid":"qinminmin",
"parent":"",
"text":"老师比恶少更可恶！",
"mid":"zgSdLFVlK",
"date":"2013-01-30 17:08:37"
},
{
"kids":[],
"uid":"371386225",
"parent":"",
"text":"这些畜生们！[怒]",
"mid":"zgSdnv9HG",
"date":"2013-01-30 17:07:39"
},
{
"kids":[],
"uid":"1597747855",
"parent":"",
"text":"[怒]想要做好人，得先练功夫啊。",
"mid":"zgSdns7cs",
"date":"2013-01-30 17:07:38"
},
{
"kids":[],
"uid":"2012426470",
"parent":"",
"text":"",
"mid":"zgSdejoaQ",
"date":"2013-01-30 17:07:18"
},
{
"kids":[],
"uid":"1772680851",
"parent":"zgScykLQ8",
"text":"天哪~~~~",
"mid":"zgSdb3BVx",
"date":"2013-01-30 17:07:08"
},
{
"kids":[],
"uid":"336555827",
"parent":"zgSaK5bP4",
"text":"哎看来闲事真不能多管啊，免得遭来杀生之祸",
"mid":"zgSdabdFB",
"date":"2013-01-30 17:07:05"
},
{
"kids":[],
"uid":"shenyannan",
"parent":"zgSc33ptd",
"text":"回复@下滑道太低:[握手][握手]对野蛮人用文明方法那就是白瞎！",
"mid":"zgSd1iolH",
"date":"2013-01-30 17:06:46"
},
{
"kids":[],
"uid":"2944157981",
"parent":"",
"text":"每次看到类似新闻报道都很担忧，作为一名孩子的母亲，今后该怎么教育孩子如何面对身边的不公和胡作非为呢？是冷眼旁观，或者冷眼旁观，还是冷眼旁观？",
"mid":"zgSd12MGV",
"date":"2013-01-30 17:06:45"
},
{
"kids":[],
"uid":"1874300607",
"parent":"",
"text":"",
"mid":"zgScUcTFN",
"date":"2013-01-30 17:06:27"
},
{
"kids":[
"zgYihiPfX"
],
"uid":"118810715",
"parent":"",
"text":"严查",
"mid":"zgScO4CzI",
"date":"2013-01-30 17:06:14"
},
{
"kids":[],
"uid":"2695991633",
"parent":"",
"text":"什么世道呀",
"mid":"zgScN7oXB",
"date":"2013-01-30 17:06:11"
},
{
"kids":[],
"uid":"2732723667",
"parent":"",
"text":"啥也不说了",
"mid":"zgScN7oVr",
"date":"2013-01-30 17:06:10"
},
{
"kids":[],
"uid":"1709637975",
"parent":"",
"text":"",
"mid":"zgScL6ljT",
"date":"2013-01-30 17:06:05"
},
{
"kids":[
"zgSCrtSK3"
],
"uid":"2856402540",
"parent":"",
"text":"之前刚看到失主追小偷，小偷自己跳河死，失主被判刑的新闻，坐等这个结果～",
"mid":"zgScL3jEH",
"date":"2013-01-30 17:06:06"
},
{
"kids":[],
"uid":"nicole20091022",
"parent":"",
"text":"",
"mid":"zgScKc1uZ",
"date":"2013-01-30 17:06:05"
},
{
"kids":[
"zgSdb3BVx"
],
"uid":"206062534",
"parent":"",
"text":"哎。社会变啦",
"mid":"zgScykLQ8",
"date":"2013-01-30 17:05:35"
},
{
"kids":[],
"uid":"1452746497",
"parent":"zgSc33ptd",
"text":"同意！",
"mid":"zgSctEQC0",
"date":"2013-01-30 17:05:25"
},
{
"kids":[],
"uid":"wendyaihuangmao",
"parent":"",
"text":"这是具有中国特色社会主义的产品",
"mid":"zgScrwSox",
"date":"2013-01-30 17:05:19"
},
{
"kids":[],
"uid":"xjtuyang",
"parent":"",
"text":"",
"mid":"zgSc3l0K6",
"date":"2013-01-30 17:04:23"
},
{
"kids":[
"zgShXsoQr",
"zgSd1iolH",
"zgSctEQC0"
],
"uid":"shenyannan",
"parent":"",
"text":"搞毛！！先毙老师，再发全国通知，不回来再毙凶手父母！尸体挂城门口…",
"mid":"zgSc33ptd",
"date":"2013-01-30 17:04:21"
},
{
"kids":[],
"uid":"1849600963",
"parent":"zgSbyisD0",
"text":"",
"mid":"zgSc0FhIY",
"date":"2013-01-30 17:04:16"
},
{
"kids":[],
"uid":"448594191",
"parent":"",
"text":"",
"mid":"zgSbWwgTw",
"date":"2013-01-30 17:04:07"
},
{
"kids":[],
"uid":"1981275985",
"parent":"",
"text":"这这这也太喪盡天良了吧",
"mid":"zgSbPvijg",
"date":"2013-01-30 17:03:48"
},
{
"kids":[],
"uid":"dagedada",
"parent":"",
"text":"瓦茨奥。。。",
"mid":"zgSbMtrXc",
"date":"2013-01-30 17:03:40"
},
{
"kids":[],
"uid":"2614068342",
"parent":"",
"text":"每一句呵呵后面都跟了句mlgb！[怒]",
"mid":"zgSbImWpg",
"date":"2013-01-30 17:03:33"
},
{
"kids":[],
"uid":"tangtang19871016",
"parent":"",
"text":"[怒]还有没有王法",
"mid":"zgSbF8021",
"date":"2013-01-30 17:03:23"
},
{
"kids":[
"zgSc0FhIY"
],
"uid":"1935396745",
"parent":"",
"text":"",
"mid":"zgSbyisD0",
"date":"2013-01-30 17:03:07"
},
{
"kids":[],
"uid":"1937446402",
"parent":"",
"text":"",
"mid":"zgSbsnO7W",
"date":"2013-01-30 17:02:55"
},
{
"kids":[
"zgT737Ti0"
],
"uid":"41446089",
"parent":"",
"text":"做个领导真难，不是死在小三手里，就是死在儿子手上！",
"mid":"zgSbaDQNg",
"date":"2013-01-30 17:02:13"
},
{
"kids":[],
"uid":"2233919",
"parent":"",
"text":"这个社会怎么了？为人师表说给谁听的？？",
"mid":"zgSb844Ae",
"date":"2013-01-30 17:02:07"
},
{
"kids":[],
"uid":"ewudi",
"parent":"",
"text":"",
"mid":"zgSb2F6ZA",
"date":"2013-01-30 17:01:54"
},
{
"kids":[],
"uid":"1748387103",
"parent":"",
"text":"转发微博。",
"mid":"zgSaV1RKY",
"date":"2013-01-30 17:01:32"
},
{
"kids":[],
"uid":"1690980850",
"parent":"",
"text":"",
"mid":"zgSaOdWJm",
"date":"2013-01-30 17:01:20"
},
{
"kids":[
"zgSdabdFB"
],
"uid":"1898009247",
"parent":"",
"text":"[怒]",
"mid":"zgSaK5bP4",
"date":"2013-01-30 17:01:09"
},
{
"kids":[],
"uid":"1594845625",
"parent":"",
"text":"校长和3名老师在旁冷眼旁观，因为畏惧其中一个打人孩子的市长老爸，谁给市长赋予那么大的影响力，在生命面前都可以冷漠。可惜那被打死的孩子，还不知道社会尽然是这么污浊。[怒][怒][怒][泪][泪][泪]",
"mid":"zgSaI2LvR",
"date":"2013-01-30 17:01:03"
},
{
"kids":[],
"uid":"2951209450",
"parent":"",
"text":"校长和3名老师 不作为啊，哎~",
"mid":"zgSaDy3Dn",
"date":"2013-01-30 17:00:54"
},
{
"kids":[],
"uid":"julieandronnie",
"parent":"",
"text":"擦！现在的小孩真是。。。",
"mid":"zgSaC8Ywd",
"date":"2013-01-30 17:00:48"
},
{
"kids":[],
"uid":"1428343832",
"parent":"",
"text":"",
"mid":"zgSaxDp1c",
"date":"2013-01-30 17:00:38"
},
{
"kids":[],
"uid":"1979953737",
"parent":"zgS9nziLL",
"text":"",
"mid":"zgSasCPh5",
"date":"2013-01-30 17:00:26"
},
{
"kids":[
"zgSr47pkY"
],
"uid":"huzheng1234",
"parent":"",
"text":"这基本达到了无法无天的境界。高逑的儿子？",
"mid":"zgSas2N5m",
"date":"2013-01-30 17:00:24"
},
{
"kids":[
"zgSjU0uiH"
],
"uid":"jeunemaitre",
"parent":"",
"text":"",
"mid":"zgSaqh8P3",
"date":"2013-01-30 17:00:21"
},
{
"kids":[],
"uid":"roger78",
"parent":"",
"text":"",
"mid":"zgSaqgj3P",
"date":"2013-01-30 17:00:21"
},
{
"kids":[],
"uid":"1750794437",
"parent":"",
"text":"",
"mid":"zgSah6IUu",
"date":"2013-01-30 17:00:00"
},
{
"kids":[],
"uid":"1405003362",
"parent":"",
"text":"[怒骂]",
"mid":"zgSagdtWD",
"date":"2013-01-30 16:59:56"
},
{
"kids":[],
"uid":"hamazhu",
"parent":"",
"text":"令人发指[怒]",
"mid":"zgSabcU3f",
"date":"2013-01-30 16:59:46"
},
{
"kids":[
"zgYrhsDGU"
],
"uid":"7g705",
"parent":"",
"text":"[汗]",
"mid":"zgSa0ANll",
"date":"2013-01-30 16:59:21"
},
{
"kids":[],
"uid":"2533506975",
"parent":"",
"text":"还有没有天理？",
"mid":"zgS9Z8lli",
"date":"2013-01-30 16:59:16"
},
{
"kids":[],
"uid":"baifayy",
"parent":"",
"text":"太常见了。。哎，公开财产吧",
"mid":"zgS9YbVhb",
"date":"2013-01-30 16:59:15"
},
{
"kids":[],
"uid":"zdh0327",
"parent":"",
"text":"严惩了吗。打的那么狠。",
"mid":"zgS9X152Q",
"date":"2013-01-30 16:59:10"
},
{
"kids":[],
"uid":"234580699",
"parent":"",
"text":"",
"mid":"zgS9UCXd0",
"date":"2013-01-30 16:59:07"
},
{
"kids":[],
"uid":"1970501007",
"parent":"",
"text":"畜生",
"mid":"zgS9Qe13Z",
"date":"2013-01-30 16:58:57"
},
{
"kids":[],
"uid":"1465759011",
"parent":"",
"text":"",
"mid":"zgS9Qdbze",
"date":"2013-01-30 16:58:55"
},
{
"kids":[
"zgSgf5hLy"
],
"uid":"1865265754",
"parent":"",
"text":"",
"mid":"zgS9Nyi11",
"date":"2013-01-30 16:58:48"
},
{
"kids":[],
"uid":"1927141013",
"parent":"",
"text":"真的是没王法了！！！！！！[怒][怒][怒][怒][怒]",
"mid":"zgS9NiYVu",
"date":"2013-01-30 16:58:47"
},
{
"kids":[
"zgSg1sCXP"
],
"uid":"1991218864",
"parent":"",
"text":"严惩凶手！！！校长老师一起抓！！！",
"mid":"zgS9K0VTU",
"date":"2013-01-30 16:58:41"
},
{
"kids":[],
"uid":"kennoki",
"parent":"",
"text":"[怒][怒]",
"mid":"zgS9IwSwB",
"date":"2013-01-30 16:58:36"
},
{
"kids":[],
"uid":"1803845364",
"parent":"",
"text":"么枉法饿 去死吧这种狗屎",
"mid":"zgS9HCO9q",
"date":"2013-01-30 16:58:36"
},
{
"kids":[],
"uid":"maoamox",
"parent":"zgS8ujyJU",
"text":"市长太多了，都打死楞还不少好多人。",
"mid":"zgS9HCO8h",
"date":"2013-01-30 16:58:36"
},
{
"kids":[],
"uid":"1198136315",
"parent":"",
"text":"哪里啊？[怒骂]",
"mid":"zgS9Hm2i1",
"date":"2013-01-30 16:58:35"
},
{
"kids":[],
"uid":"1607019455",
"parent":"",
"text":"没王法了！！！[怒][怒][怒]",
"mid":"zgS9H4r4A",
"date":"2013-01-30 16:58:33"
},
{
"kids":[],
"uid":"1863513007",
"parent":"",
"text":"",
"mid":"zgS9B9Muu",
"date":"2013-01-30 16:58:20"
},
{
"kids":[
"zgSSrtd2w",
"zgSj1CESG"
],
"uid":"aimeebing",
"parent":"",
"text":"畜生！宗桑！",
"mid":"zgS9xD2kE",
"date":"2013-01-30 16:58:11"
},
{
"kids":[
"zgSA5fkHd",
"zgSasCPh5"
],
"uid":"datouloveelva",
"parent":"",
"text":"[抓狂]",
"mid":"zgS9nziLL",
"date":"2013-01-30 16:57:48"
},
{
"kids":[
"zgSmEtLtC"
],
"uid":"1888447750",
"parent":"",
"text":"",
"mid":"zgS9hDkK3",
"date":"2013-01-30 16:57:34"
},
{
"kids":[
"zgUhvejKy",
"zgSPFrelZ"
],
"uid":"tracy117",
"parent":"",
"text":"",
"mid":"zgS9fBoBh",
"date":"2013-01-30 16:57:29"
},
{
"kids":[],
"uid":"yc19313",
"parent":"",
"text":"老师吃无额，",
"mid":"zgS9f2bTu",
"date":"2013-01-30 16:57:26"
},
{
"kids":[],
"uid":"2048432160",
"parent":"",
"text":"",
"mid":"zgS99p749",
"date":"2013-01-30 16:57:12"
},
{
"kids":[],
"uid":"wosuyu",
"parent":"",
"text":"",
"mid":"zgS945dBg",
"date":"2013-01-30 16:57:01"
},
{
"kids":[],
"uid":"2707856567",
"parent":"",
"text":"高衙内之流相较之下简直弱爆了！",
"mid":"zgS92huZG",
"date":"2013-01-30 16:56:58"
},
{
"kids":[],
"uid":"noviceblue",
"parent":"",
"text":"",
"mid":"zgS90cAxE",
"date":"2013-01-30 16:56:51"
},
{
"kids":[
"zgTGigIRE"
],
"uid":"2772568770",
"parent":"",
"text":"",
"mid":"zgS8XfghX",
"date":"2013-01-30 16:56:45"
},
{
"kids":[],
"uid":"2460920672",
"parent":"",
"text":"",
"mid":"zgS8WErFY",
"date":"2013-01-30 16:56:45"
},
{
"kids":[],
"uid":"1923227541",
"parent":"",
"text":"悲剧",
"mid":"zgS8VsMgb",
"date":"2013-01-30 16:56:38"
},
{
"kids":[],
"uid":"1830760983",
"parent":"",
"text":"[怒]",
"mid":"zgS8REdHI",
"date":"2013-01-30 16:56:32"
},
{
"kids":[],
"uid":"HANAGADA",
"parent":"",
"text":"……",
"mid":"zgS8OESMN",
"date":"2013-01-30 16:56:25"
},
{
"kids":[],
"uid":"1762177055",
"parent":"",
"text":"必须把老师和校长人！！肉！！出！！来！！！",
"mid":"zgS8J8caD",
"date":"2013-01-30 16:56:11"
},
{
"kids":[],
"uid":"quzhouhui245",
"parent":"",
"text":"",
"mid":"zgS8HlHsY",
"date":"2013-01-30 16:56:07"
},
{
"kids":[],
"uid":"1803981513",
"parent":"",
"text":"[怒]",
"mid":"zgS8EkstL",
"date":"2013-01-30 16:55:58"
},
{
"kids":[],
"uid":"qzqabc7295523",
"parent":"",
"text":"[怒][怒][怒]",
"mid":"zgS8B5x2B",
"date":"2013-01-30 16:55:52"
},
{
"kids":[],
"uid":"anchoret1",
"parent":"",
"text":"",
"mid":"zgS8zCzrH",
"date":"2013-01-30 16:55:49"
},
{
"kids":[],
"uid":"landygoo1124",
"parent":"",
"text":"天呐！！！@李小璐Super璐 @马伊琍",
"mid":"zgS8zj2ZT",
"date":"2013-01-30 16:55:47"
},
{
"kids":[
"zgS9HCO8h"
],
"uid":"1935225195",
"parent":"",
"text":"必须转了！",
"mid":"zgS8ujyJU",
"date":"2013-01-30 16:55:37"
},
{
"kids":[],
"uid":"3224211947",
"parent":"",
"text":"[怒骂]",
"mid":"zgS8qsZql",
"date":"2013-01-30 16:55:24"
},
{
"kids":[],
"uid":"2454126233",
"parent":"",
"text":"",
"mid":"zgS8j6W2f",
"date":"2013-01-30 16:55:09"
},
{
"kids":[],
"uid":"2291419044",
"parent":"",
"text":"哎....[蜡烛]",
"mid":"zgS8hkrm9",
"date":"2013-01-30 16:55:05"
},
{
"kids":[],
"uid":"jinlooloo",
"parent":"",
"text":"",
"mid":"zgS81k0VK",
"date":"2013-01-30 16:54:28"
}
]