[
{
"kids":[],
"uid":"2737471383",
"parent":"",
"text":"就这样的发言人还不如回家卖红薯",
"mid":"Afb0ZyV9K",
"date":"2013-10-22 12:03:00"
},
{
"kids":[],
"uid":"wangjianbowb",
"parent":"",
"text":"",
"mid":"A9LBNpenQ",
"date":"2013-09-16 22:10:45"
},
{
"kids":[],
"uid":"sotu123",
"parent":"zwz3nsxi6",
"text":"",
"mid":"zA9TaiM0w",
"date":"2013-06-06 13:03:03"
},
{
"kids":[],
"uid":"3219171753",
"parent":"",
"text":"",
"mid":"zx9zs3fPl",
"date":"2013-05-17 18:43:35"
},
{
"kids":[],
"uid":"2664824917",
"parent":"",
"text":"",
"mid":"zx06nnd7V",
"date":"2013-05-16 18:37:14"
},
{
"kids":[],
"uid":"3232401060",
"parent":"",
"text":"",
"mid":"zwZOh61hJ",
"date":"2013-05-16 17:52:38"
},
{
"kids":[],
"uid":"shanyexianren",
"parent":"",
"text":"",
"mid":"zwR8Taznw",
"date":"2013-05-15 19:48:39"
},
{
"kids":[],
"uid":"2440836302",
"parent":"zwyRZwa5n",
"text":"维稳第一！！",
"mid":"zwPpJDM7P",
"date":"2013-05-15 15:24:41"
},
{
"kids":[],
"uid":"2072038943",
"parent":"",
"text":"",
"mid":"zwN4FqlgH",
"date":"2013-05-15 09:27:19"
},
{
"kids":[],
"uid":"2885542665",
"parent":"",
"text":"自古最右出傻屄",
"mid":"zwKY94taN",
"date":"2013-05-15 04:05:44"
},
{
"kids":[],
"uid":"sylviecar",
"parent":"zwC1aw7PM",
"text":"最讨厌这个发言人",
"mid":"zwK7ct7ah",
"date":"2013-05-15 01:55:19"
},
{
"kids":[],
"uid":"3011074803",
"parent":"zwzlb661l",
"text":"",
"mid":"zwIiW83uu",
"date":"2013-05-14 21:18:45"
},
{
"kids":[],
"uid":"1436194501",
"parent":"",
"text":"明目张胆耍流氓！",
"mid":"zwHJE0Mzu",
"date":"2013-05-14 19:51:47"
},
{
"kids":[],
"uid":"insineratehymn",
"parent":"zwE8QDiY9",
"text":"",
"mid":"zwFTzpSql",
"date":"2013-05-14 15:10:47"
},
{
"kids":[],
"uid":"338008777",
"parent":"zwEDP60cm",
"text":"体制内当然不是一回事了，参考贪管们的量刑",
"mid":"zwEWceegl",
"date":"2013-05-14 12:44:26"
},
{
"kids":[],
"uid":"2105324215",
"parent":"zwEk1BVR4",
"text":"",
"mid":"zwER05V9U",
"date":"2013-05-14 12:31:40"
},
{
"kids":[],
"uid":"2291108397",
"parent":"zwEFfpFU2",
"text":"",
"mid":"zwEQV7CnO",
"date":"2013-05-14 12:31:26"
},
{
"kids":[],
"uid":"2387831617",
"parent":"",
"text":"事是两回事，党是一个党。官字两个口，国将不是国！",
"mid":"zwEOb94vm",
"date":"2013-05-14 12:24:43"
},
{
"kids":[],
"uid":"1856189085",
"parent":"zwCNexqLk",
"text":"",
"mid":"zwEM7cA7a",
"date":"2013-05-14 12:19:37"
},
{
"kids":[
"zwEQV7CnO"
],
"uid":"3193847300",
"parent":"",
"text":"",
"mid":"zwEFfpFU2",
"date":"2013-05-14 12:02:43"
},
{
"kids":[
"zwEWceegl"
],
"uid":"2071404311",
"parent":"zwEk1BVR4",
"text":"",
"mid":"zwEDP60cm",
"date":"2013-05-14 11:59:12"
},
{
"kids":[],
"uid":"526912308",
"parent":"zwzVZw7zO",
"text":"“这是两回事！”?道理是一祥的!",
"mid":"zwEBnfrKQ",
"date":"2013-05-14 11:53:08"
},
{
"kids":[],
"uid":"1433773062",
"parent":"zwEk1BVR4",
"text":"",
"mid":"zwEkU0Zqc",
"date":"2013-05-14 11:12:35"
},
{
"kids":[
"zwER05V9U",
"zwEDP60cm",
"zwEkU0Zqc"
],
"uid":"bingyucc",
"parent":"zwCGN4Y7j",
"text":"",
"mid":"zwEk1BVR4",
"date":"2013-05-14 11:10:25"
},
{
"kids":[],
"uid":"2171472242",
"parent":"",
"text":"",
"mid":"zwEe2rqxq",
"date":"2013-05-14 10:55:44"
},
{
"kids":[
"zwFTzpSql"
],
"uid":"2479285714",
"parent":"zwC1aw7PM",
"text":"不要脸世界第一",
"mid":"zwE8QDiY9",
"date":"2013-05-14 10:42:58"
},
{
"kids":[],
"uid":"1547356891",
"parent":"",
"text":"看来这个迎春花在现有体制下，也会变成淫春花",
"mid":"zwE7BhycZ",
"date":"2013-05-14 10:39:48"
},
{
"kids":[],
"uid":"kiyobaba",
"parent":"zwDICy8gX",
"text":"中国人多难搞阿.",
"mid":"zwDMoiAXE",
"date":"2013-05-14 09:47:33"
},
{
"kids":[],
"uid":"2935607335",
"parent":"",
"text":"抓小放大,避重就轻,老百姓的命本来就不值钱!",
"mid":"zwDKp5Rdq",
"date":"2013-05-14 09:42:39"
},
{
"kids":[
"zwDMoiAXE"
],
"uid":"1880688810",
"parent":"zwDleyFNM",
"text":"",
"mid":"zwDICy8gX",
"date":"2013-05-14 09:38:17"
},
{
"kids":[],
"uid":"1967327373",
"parent":"zwDleyFNM",
"text":"",
"mid":"zwDF7meXD",
"date":"2013-05-14 09:29:39"
},
{
"kids":[],
"uid":"2823610160",
"parent":"zwzrMpcw5",
"text":"精神分裂[哼]",
"mid":"zwDpimSoi",
"date":"2013-05-14 08:50:39"
},
{
"kids":[
"zwDICy8gX",
"zwDF7meXD"
],
"uid":"futureworker",
"parent":"zwCNexqLk",
"text":"",
"mid":"zwDleyFNM",
"date":"2013-05-14 08:40:40"
},
{
"kids":[],
"uid":"1419928073",
"parent":"",
"text":"",
"mid":"zwD8N2V1C",
"date":"2013-05-14 08:09:59"
},
{
"kids":[],
"uid":"1958148965",
"parent":"zwCNexqLk",
"text":"害怕了。。。",
"mid":"zwD326zUl",
"date":"2013-05-14 07:55:49"
},
{
"kids":[],
"uid":"2475210477",
"parent":"zwCM51Am9",
"text":"黑不是一个人，揪出一个，会连串整个官府。百姓之所以源源不断的被弄死，就是政府黑，强大的人民在被各个击破，许许多多人民的儿子正在被杀死。",
"mid":"zwD2U91et",
"date":"2013-05-14 07:55:29"
},
{
"kids":[],
"uid":"1910885535",
"parent":"zwz2RwmPB",
"text":"",
"mid":"zwCYUeGWe",
"date":"2013-05-14 07:45:38"
},
{
"kids":[],
"uid":"gestapo1942",
"parent":"",
"text":"这个记者问的好! 转起。",
"mid":"zwCSMwvqf",
"date":"2013-05-14 07:30:34"
},
{
"kids":[],
"uid":"navy26",
"parent":"zwCNexqLk",
"text":"",
"mid":"zwCPrmYiJ",
"date":"2013-05-14 07:22:20"
},
{
"kids":[
"zwEM7cA7a",
"zwDleyFNM",
"zwD326zUl",
"zwCPrmYiJ"
],
"uid":"1773497014",
"parent":"",
"text":"",
"mid":"zwCNexqLk",
"date":"2013-05-14 07:16:54"
},
{
"kids":[],
"uid":"3425410134",
"parent":"",
"text":"",
"mid":"zwCMaocYh",
"date":"2013-05-14 07:14:15"
},
{
"kids":[
"zwD2U91et"
],
"uid":"jizo",
"parent":"zwAoYoXTB",
"text":"",
"mid":"zwCM51Am9",
"date":"2013-05-14 07:14:03"
},
{
"kids":[],
"uid":"songdaxiang",
"parent":"",
"text":"",
"mid":"zwCL45Yhc",
"date":"2013-05-14 07:11:32"
},
{
"kids":[],
"uid":"1421570321",
"parent":"",
"text":"",
"mid":"zwCIbiEOB",
"date":"2013-05-14 07:04:27"
},
{
"kids":[
"zwEk1BVR4"
],
"uid":"2617929723",
"parent":"zwz3q9jhE",
"text":"[哼][哼]",
"mid":"zwCGN4Y7j",
"date":"2013-05-14 07:01:00"
},
{
"kids":[],
"uid":"3040166833",
"parent":"",
"text":"无耻！",
"mid":"zwCCA7LTs",
"date":"2013-05-14 06:50:38"
},
{
"kids":[],
"uid":"2967145475",
"parent":"zwzaswLxr",
"text":"谴责！",
"mid":"zwCxNsN6v",
"date":"2013-05-14 06:38:52"
},
{
"kids":[],
"uid":"wangjinde",
"parent":"zwzu54K9o",
"text":"在这里，人命无关天！",
"mid":"zwCsJkrYq",
"date":"2013-05-14 06:26:22"
},
{
"kids":[],
"uid":"1286529611",
"parent":"zwzPEufLB",
"text":"",
"mid":"zwCrMxKW4",
"date":"2013-05-14 06:24:03"
},
{
"kids":[],
"uid":"3094195854",
"parent":"",
"text":"",
"mid":"zwClxrS4h",
"date":"2013-05-14 06:08:39"
},
{
"kids":[
"zwK7ct7ah",
"zwE8QDiY9"
],
"uid":"1461337300",
"parent":"zwzwKflqw",
"text":"一国两制",
"mid":"zwC1aw7PM",
"date":"2013-05-14 05:18:29"
},
{
"kids":[],
"uid":"2992931202",
"parent":"",
"text":"这猪严格分裂！/@幸运的罗老师:",
"mid":"zwBT7pM7A",
"date":"2013-05-14 04:58:38"
},
{
"kids":[],
"uid":"1980727835",
"parent":"zwzD4mrLX",
"text":"蚁民要对自己的言论负责。官员不用[弱]",
"mid":"zwBDRh4Oh",
"date":"2013-05-14 04:21:02"
},
{
"kids":[],
"uid":"318009666",
"parent":"",
"text":"",
"mid":"zwAQ3mx8W",
"date":"2013-05-14 02:18:21"
},
{
"kids":[],
"uid":"3135266777",
"parent":"zwzrMpcw5",
"text":"软绵绵",
"mid":"zwAMQckqx",
"date":"2013-05-14 02:10:26"
},
{
"kids":[],
"uid":"havenothingon",
"parent":"zwzx3rMOx",
"text":"",
"mid":"zwAImtvsQ",
"date":"2013-05-14 01:59:24"
},
{
"kids":[],
"uid":"2475361437",
"parent":"zwzOX2UOP",
"text":"再巧言也不行了！",
"mid":"zwABK3vmq",
"date":"2013-05-14 01:43:05"
},
{
"kids":[
"zwCM51Am9"
],
"uid":"3246979344",
"parent":"",
"text":"那个严重？",
"mid":"zwAoYoXTB",
"date":"2013-05-14 01:11:38"
},
{
"kids":[],
"uid":"2413551463",
"parent":"",
"text":"",
"mid":"zwAhLir0j",
"date":"2013-05-14 00:53:52"
},
{
"kids":[],
"uid":"1113332093",
"parent":"zwzu2aZWq",
"text":"",
"mid":"zwAagcQV7",
"date":"2013-05-14 00:35:23"
},
{
"kids":[],
"uid":"2062877727",
"parent":"",
"text":"说揭露刘铁男丑行的人是造谣算不算造谣。现在CCTV也报道了，该怎么样办造谣的，还用实名吗！@草民I嘟囔 @礻申-亻山 @天圆地方3511E",
"mid":"zwA4woVK4",
"date":"2013-05-14 00:21:15"
},
{
"kids":[],
"uid":"3414233330",
"parent":"",
"text":"",
"mid":"zwA1Menod",
"date":"2013-05-14 00:14:29"
},
{
"kids":[],
"uid":"2785859954",
"parent":"",
"text":"",
"mid":"zwA0YBRE6",
"date":"2013-05-14 00:12:29"
},
{
"kids":[],
"uid":"2356791891",
"parent":"",
"text":"",
"mid":"zwA0Xpbuj",
"date":"2013-05-14 00:12:26"
},
{
"kids":[],
"uid":"1922784813",
"parent":"",
"text":"就瞎扯吧，奶奶的",
"mid":"zwA0i4FwS",
"date":"2013-05-14 00:10:49"
},
{
"kids":[],
"uid":"2854657530",
"parent":"",
"text":"你就是一SB，这和骂人是两回事。",
"mid":"zwzXKxuoK",
"date":"2013-05-14 00:04:34"
},
{
"kids":[
"zwEBnfrKQ"
],
"uid":"2542499897",
"parent":"zwzOX2UOP",
"text":"",
"mid":"zwzVZw7zO",
"date":"2013-05-14 00:00:14"
},
{
"kids":[],
"uid":"2238055021",
"parent":"zwzRI7ZKv",
"text":"只管百姓。不参贪污",
"mid":"zwzTgbNyd",
"date":"2013-05-13 23:53:28"
},
{
"kids":[],
"uid":"1658267455",
"parent":"zwzRI7ZKv",
"text":"这样的女人你叫她离开那个位置，最适合的职位就是老鸨了：“我们的姑娘个个赛天仙”。",
"mid":"zwzT68NfF",
"date":"2013-05-13 23:53:06"
},
{
"kids":[],
"uid":"1712190731",
"parent":"zwzPEufLB",
"text":"cctv天天骂美国双重标准，自己是什么货色没看到",
"mid":"zwzSVtdQm",
"date":"2013-05-13 23:52:41"
},
{
"kids":[
"zwzTgbNyd",
"zwzT68NfF"
],
"uid":"2049420291",
"parent":"",
"text":"这个岗位真不是人干的，说的每一句话都有顾忌，每一个眼神都有顾忌，每一个手式都有顾忌，因为说的大多都是假，大，空。",
"mid":"zwzRI7ZKv",
"date":"2013-05-13 23:49:41"
},
{
"kids":[],
"uid":"yubar",
"parent":"",
"text":"呵. 網民編段子 ,未免也太懶了. 發言人华春莹回答的內容 , 網上一搜 ,結果前任的發言人姜瑜也這麼講 , 竟然一字都不差. ( http:",
"mid":"zwzRbkRrM",
"date":"2013-05-13 23:48:20"
},
{
"kids":[],
"uid":"2291170573",
"parent":"zwzt8yQAC",
"text":"好个两回事",
"mid":"zwzRau4D8",
"date":"2013-05-13 23:48:21"
},
{
"kids":[],
"uid":"1498066174",
"parent":"zwzptnmPg",
"text":"问得好，可见人民的愤怒有多大，要关注这个记者，他们会迫害他的。@袁裕来律师 @黎津平 @读行阿康 @安持道人",
"mid":"zwzQCsxSz",
"date":"2013-05-13 23:46:59"
},
{
"kids":[],
"uid":"2149738022",
"parent":"zwzzbxDgY",
"text":"",
"mid":"zwzPZdzPo",
"date":"2013-05-13 23:45:24"
},
{
"kids":[],
"uid":"1868604700",
"parent":"zwzOX2UOP",
"text":"",
"mid":"zwzPT0of0",
"date":"2013-05-13 23:45:09"
},
{
"kids":[
"zwCrMxKW4",
"zwzSVtdQm"
],
"uid":"1498066174",
"parent":"zwzptnmPg",
"text":"无耻加无赖。@轻烟姐姐 @安持道人 @袁裕来律师 @黎津平 @读行阿康",
"mid":"zwzPEufLB",
"date":"2013-05-13 23:44:35"
},
{
"kids":[
"zwABK3vmq",
"zwzVZw7zO",
"zwzPT0of0"
],
"uid":"bxw0351",
"parent":"",
"text":"花春淫，这名字有点淫。",
"mid":"zwzOX2UOP",
"date":"2013-05-13 23:42:52"
},
{
"kids":[],
"uid":"1352960537",
"parent":"",
"text":"",
"mid":"zwzMOmBSz",
"date":"2013-05-13 23:37:35"
},
{
"kids":[],
"uid":"2342268865",
"parent":"",
"text":"你买了个表吧",
"mid":"zwzK7820J",
"date":"2013-05-13 23:30:56"
},
{
"kids":[],
"uid":"1498066174",
"parent":"zwzptnmPg",
"text":"是只要人民负责，政府不负一点责任。无耻。",
"mid":"zwzK0BJ54",
"date":"2013-05-13 23:30:44"
},
{
"kids":[],
"uid":"1498066174",
"parent":"zwzptnmPg",
"text":"记者的回答才是整聋发聩。",
"mid":"zwzJKmCKF",
"date":"2013-05-13 23:30:05"
},
{
"kids":[],
"uid":"2804365907",
"parent":"",
"text":"",
"mid":"zwzJm8LRC",
"date":"2013-05-13 23:29:03"
},
{
"kids":[],
"uid":"1421763150",
"parent":"",
"text":"战场？谁是敌人？网民吗？",
"mid":"zwzHFfgDK",
"date":"2013-05-13 23:24:55"
},
{
"kids":[],
"uid":"2235658684",
"parent":"zwzdYC9O1",
"text":"",
"mid":"zwzFDDpVn",
"date":"2013-05-13 23:19:54"
},
{
"kids":[],
"uid":"2143472915",
"parent":"zwyRZwa5n",
"text":"",
"mid":"zwzFv8Eke",
"date":"2013-05-13 23:19:34"
},
{
"kids":[],
"uid":"3225816323",
"parent":"zwz3nsxi6",
"text":"",
"mid":"zwzEZs4EI",
"date":"2013-05-13 23:18:21"
},
{
"kids":[],
"uid":"uc67692748",
"parent":"",
"text":"",
"mid":"zwzE4sw2r",
"date":"2013-05-13 23:16:05"
},
{
"kids":[],
"uid":"1793078857",
"parent":"",
"text":"",
"mid":"zwzDGuJQM",
"date":"2013-05-13 23:15:08"
},
{
"kids":[],
"uid":"2857798071",
"parent":"zwztIAVW4",
"text":"[失望]",
"mid":"zwzDfB9bt",
"date":"2013-05-13 23:14:04"
},
{
"kids":[
"zwBDRh4Oh"
],
"uid":"1916362005",
"parent":"",
"text":"家奴。",
"mid":"zwzD4mrLX",
"date":"2013-05-13 23:13:38"
},
{
"kids":[],
"uid":"908130793",
"parent":"zwz1juRXN",
"text":"",
"mid":"zwzB92Aix",
"date":"2013-05-13 23:08:49"
},
{
"kids":[],
"uid":"2676148947",
"parent":"",
"text":"",
"mid":"zwzAzwjY5",
"date":"2013-05-13 23:07:28"
},
{
"kids":[],
"uid":"2857866240",
"parent":"",
"text":"州官和P民當然是兩回事",
"mid":"zwzAlFUmY",
"date":"2013-05-13 23:06:55"
},
{
"kids":[],
"uid":"313046777",
"parent":"zwzu54K9o",
"text":"防民之口，甚于防川。重要性不一样，当然是两回事[怒][怒][怒]",
"mid":"zwzzK7gU8",
"date":"2013-05-13 23:05:25"
},
{
"kids":[],
"uid":"2147443592",
"parent":"",
"text":"伟光正的每一次表演都在印证着“人心比万物都诡诈”",
"mid":"zwzzBhnah",
"date":"2013-05-13 23:05:01"
},
{
"kids":[],
"uid":"beautypast",
"parent":"",
"text":"",
"mid":"zwzzq5oyR",
"date":"2013-05-13 23:04:36"
},
{
"kids":[
"zwzPZdzPo"
],
"uid":"2382610810",
"parent":"zwzx3rMOx",
"text":"",
"mid":"zwzzbxDgY",
"date":"2013-05-13 23:04:02"
},
{
"kids":[],
"uid":"1843135907",
"parent":"",
"text":"两码事就能把所有应该问责的事情撇的一干二净？呵呵。负责任？我在心里骂你一万遍你也不知道，我需要负责任吗？臭狗屎一坨！",
"mid":"zwzz28XFv",
"date":"2013-05-13 23:03:37"
},
{
"kids":[],
"uid":"2532921910",
"parent":"",
"text":"",
"mid":"zwzyq1fE1",
"date":"2013-05-13 23:02:06"
},
{
"kids":[],
"uid":"1056368810",
"parent":"",
"text":"",
"mid":"zwzybu5Ex",
"date":"2013-05-13 23:01:35"
},
{
"kids":[
"zwAImtvsQ",
"zwzzbxDgY"
],
"uid":"1823916622",
"parent":"",
"text":"",
"mid":"zwzx3rMOx",
"date":"2013-05-13 22:58:47"
},
{
"kids":[],
"uid":"1959930713",
"parent":"zwzmLeU16",
"text":"",
"mid":"zwzwSwG6r",
"date":"2013-05-13 22:58:20"
},
{
"kids":[],
"uid":"2950955711",
"parent":"zwyRZwa5n",
"text":"",
"mid":"zwzwKhKEu",
"date":"2013-05-13 22:58:02"
},
{
"kids":[
"zwC1aw7PM"
],
"uid":"2479285714",
"parent":"zwzt8yQAC",
"text":"",
"mid":"zwzwKflqw",
"date":"2013-05-13 22:58:00"
},
{
"kids":[],
"uid":"1239326065",
"parent":"zwz7urod8",
"text":"尼玛",
"mid":"zwzwhAmmS",
"date":"2013-05-13 22:56:54"
},
{
"kids":[],
"uid":"aha945",
"parent":"zwzse8mVM",
"text":"",
"mid":"zwzwg8T66",
"date":"2013-05-13 22:56:48"
},
{
"kids":[],
"uid":"1201972764",
"parent":"",
"text":"",
"mid":"zwzvWlR8V",
"date":"2013-05-13 22:56:02"
},
{
"kids":[],
"uid":"610856220",
"parent":"zwzt8yQAC",
"text":"",
"mid":"zwzvV9Xaz",
"date":"2013-05-13 22:56:00"
},
{
"kids":[],
"uid":"1879589403",
"parent":"",
"text":"分裂吧，人格！或是狗格？",
"mid":"zwzvMyApz",
"date":"2013-05-13 22:55:38"
},
{
"kids":[],
"uid":"1784067514",
"parent":"zwz2RwmPB",
"text":"",
"mid":"zwzvftHbU",
"date":"2013-05-13 22:54:21"
},
{
"kids":[],
"uid":"3017428625",
"parent":"zwzptnmPg",
"text":"不敢正面[弱]",
"mid":"zwzv94OLg",
"date":"2013-05-13 22:54:02"
},
{
"kids":[],
"uid":"2884160490",
"parent":"zwzt8yQAC",
"text":"",
"mid":"zwzuOz8rP",
"date":"2013-05-13 22:53:18"
},
{
"kids":[],
"uid":"binshushu",
"parent":"",
"text":"一张习惯横长竖用的嘴脸 [弱]",
"mid":"zwzuFpxg9",
"date":"2013-05-13 22:52:51"
},
{
"kids":[],
"uid":"2291330465",
"parent":"zwzmLeU16",
"text":"官员财产公示要容易得多",
"mid":"zwzunoTU9",
"date":"2013-05-13 22:52:12"
},
{
"kids":[],
"uid":"3107935827",
"parent":"zwzrFgXTW",
"text":"",
"mid":"zwzu7qqTA",
"date":"2013-05-13 22:51:34"
},
{
"kids":[
"zwCsJkrYq",
"zwzzK7gU8"
],
"uid":"2180809653",
"parent":"zwzrFgXTW",
"text":"",
"mid":"zwzu54K9o",
"date":"2013-05-13 22:51:29"
},
{
"kids":[
"zwAagcQV7"
],
"uid":"2720129101",
"parent":"",
"text":"",
"mid":"zwzu2aZWq",
"date":"2013-05-13 22:51:18"
},
{
"kids":[
"zwzDfB9bt"
],
"uid":"1733146064",
"parent":"zwzmLeU16",
"text":"",
"mid":"zwztIAVW4",
"date":"2013-05-13 22:50:33"
},
{
"kids":[],
"uid":"3196825941",
"parent":"",
"text":"",
"mid":"zwztI3MPy",
"date":"2013-05-13 22:50:32"
},
{
"kids":[],
"uid":"2050451732",
"parent":"zwz7FoRo1",
"text":"读稿机器",
"mid":"zwztnD6Gw",
"date":"2013-05-13 22:49:43"
},
{
"kids":[],
"uid":"2107061894",
"parent":"",
"text":"",
"mid":"zwztmcwxW",
"date":"2013-05-13 22:49:38"
},
{
"kids":[
"zwzRau4D8",
"zwzwKflqw",
"zwzvV9Xaz",
"zwzuOz8rP"
],
"uid":"2704099683",
"parent":"zwzse8mVM",
"text":"",
"mid":"zwzt8yQAC",
"date":"2013-05-13 22:49:09"
},
{
"kids":[],
"uid":"1238155957",
"parent":"",
"text":"",
"mid":"zwzsz8MD1",
"date":"2013-05-13 22:47:42"
},
{
"kids":[
"zwzwg8T66",
"zwzt8yQAC"
],
"uid":"1723758371",
"parent":"",
"text":"",
"mid":"zwzse8mVM",
"date":"2013-05-13 22:46:54"
},
{
"kids":[],
"uid":"2557440224",
"parent":"",
"text":"",
"mid":"zwzrPBppW",
"date":"2013-05-13 22:45:53"
},
{
"kids":[],
"uid":"1405638862",
"parent":"",
"text":"听这名字，还他妈迎春花，真该给丫扔窑子里迎客去",
"mid":"zwzrP1gjF",
"date":"2013-05-13 22:45:55"
},
{
"kids":[],
"uid":"1415919235",
"parent":"zwzmLeU16",
"text":"州官放火随便，百姓点灯不许",
"mid":"zwzrO8XMj",
"date":"2013-05-13 22:45:52"
},
{
"kids":[
"zwDpimSoi",
"zwAMQckqx"
],
"uid":"1044951065",
"parent":"",
"text":"中国的发言人，基本上就是花瓶加录音机。",
"mid":"zwzrMpcw5",
"date":"2013-05-13 22:45:47"
},
{
"kids":[
"zwzu7qqTA",
"zwzu54K9o"
],
"uid":"3199398221",
"parent":"",
"text":"",
"mid":"zwzrFgXTW",
"date":"2013-05-13 22:45:32"
},
{
"kids":[],
"uid":"1465902852",
"parent":"zwzmLeU16",
"text":"",
"mid":"zwzqHyaDH",
"date":"2013-05-13 22:43:07"
},
{
"kids":[],
"uid":"2311501167",
"parent":"zwzmLeU16",
"text":"",
"mid":"zwzqzhOu6",
"date":"2013-05-13 22:42:49"
},
{
"kids":[],
"uid":"2212635131",
"parent":"",
"text":"[弱]",
"mid":"zwzq1jOHl",
"date":"2013-05-13 22:41:27"
},
{
"kids":[
"zwzQCsxSz",
"zwzPEufLB",
"zwzK0BJ54",
"zwzJKmCKF",
"zwzv94OLg"
],
"uid":"337888388",
"parent":"zwzoEvNai",
"text":"",
"mid":"zwzptnmPg",
"date":"2013-05-13 22:40:06"
},
{
"kids":[],
"uid":"1277138911",
"parent":"zwz2RwmPB",
"text":"",
"mid":"zwzp8nRQH",
"date":"2013-05-13 22:39:17"
},
{
"kids":[
"zwzptnmPg"
],
"uid":"2782592712",
"parent":"",
"text":"",
"mid":"zwzoEvNai",
"date":"2013-05-13 22:38:03"
},
{
"kids":[],
"uid":"stephenhooo",
"parent":"",
"text":"全球最大的流氓組織不是浪得虛名的",
"mid":"zwzngxoWn",
"date":"2013-05-13 22:34:41"
},
{
"kids":[],
"uid":"5maoquanjiasiguang",
"parent":"zwzg5xEla",
"text":"这有啥的，有人还说要为人民服务呢。",
"mid":"zwzn3w0tn",
"date":"2013-05-13 22:34:11"
},
{
"kids":[],
"uid":"2325017543",
"parent":"",
"text":"",
"mid":"zwzn0h4AR",
"date":"2013-05-13 22:34:00"
},
{
"kids":[
"zwzwSwG6r",
"zwzunoTU9",
"zwztIAVW4",
"zwzrO8XMj",
"zwzqHyaDH",
"zwzqzhOu6"
],
"uid":"2284824187",
"parent":"",
"text":"",
"mid":"zwzmLeU16",
"date":"2013-05-13 22:33:25"
},
{
"kids":[],
"uid":"1929054882",
"parent":"",
"text":"",
"mid":"zwzmcmjwm",
"date":"2013-05-13 22:32:02"
},
{
"kids":[],
"uid":"1352235814",
"parent":"zwz2x95LH",
"text":"[弱][弱]",
"mid":"zwzlmjMee",
"date":"2013-05-13 22:29:58"
},
{
"kids":[
"zwIiW83uu"
],
"uid":"2811980620",
"parent":"",
"text":"哈哈，婊子就是婊子，换一个上来还是婊子。",
"mid":"zwzlb661l",
"date":"2013-05-13 22:29:30"
},
{
"kids":[],
"uid":"zc5805",
"parent":"",
"text":"",
"mid":"zwzkG4kSW",
"date":"2013-05-13 22:28:18"
},
{
"kids":[],
"uid":"206664080",
"parent":"",
"text":"轉發微博",
"mid":"zwzjE1is6",
"date":"2013-05-13 22:25:45"
},
{
"kids":[],
"uid":"1100646120",
"parent":"zwz148eA1",
"text":"",
"mid":"zwzjBD9KG",
"date":"2013-05-13 22:25:38"
},
{
"kids":[],
"uid":"3232931700",
"parent":"",
"text":"[哈哈]",
"mid":"zwzjfteMY",
"date":"2013-05-13 22:24:45"
},
{
"kids":[],
"uid":"2384704280",
"parent":"",
"text":"裸官实名制了！[哈哈]",
"mid":"zwziX9VDe",
"date":"2013-05-13 22:24:01"
},
{
"kids":[],
"uid":"1162240150",
"parent":"",
"text":"",
"mid":"zwziMbwjm",
"date":"2013-05-13 22:23:36"
},
{
"kids":[],
"uid":"1722573864",
"parent":"",
"text":"[衰]",
"mid":"zwzhigaQO",
"date":"2013-05-13 22:19:57"
},
{
"kids":[],
"uid":"2108072862",
"parent":"",
"text":"轉發微博",
"mid":"zwzh9r6Fj",
"date":"2013-05-13 22:19:38"
},
{
"kids":[],
"uid":"2853097550",
"parent":"zwzfphUR1",
"text":"",
"mid":"zwzgGbCWU",
"date":"2013-05-13 22:18:25"
},
{
"kids":[
"zwzn3w0tn"
],
"uid":"911056305",
"parent":"zwz4FxZmx",
"text":"这是两个世界",
"mid":"zwzg5xEla",
"date":"2013-05-13 22:16:57"
},
{
"kids":[],
"uid":"1443675070",
"parent":"",
"text":"不要脸则无敌~",
"mid":"zwzfDrBO9",
"date":"2013-05-13 22:15:52"
},
{
"kids":[
"zwzgGbCWU"
],
"uid":"3232401060",
"parent":"",
"text":"",
"mid":"zwzfphUR1",
"date":"2013-05-13 22:15:19"
},
{
"kids":[],
"uid":"2235658684",
"parent":"zwzdYC9O1",
"text":"",
"mid":"zwzflq0RH",
"date":"2013-05-13 22:15:10"
},
{
"kids":[],
"uid":"1748049604",
"parent":"",
"text":"中国同样可以查询国外官员财产，一提到国内就是两回事",
"mid":"zwzfjEOw1",
"date":"2013-05-13 22:15:03"
},
{
"kids":[
"zwzFDDpVn",
"zwzflq0RH"
],
"uid":"1012369244",
"parent":"zwz3q9jhE",
"text":"",
"mid":"zwzdYC9O1",
"date":"2013-05-13 22:11:46"
},
{
"kids":[],
"uid":"2168446021",
"parent":"zwz8T2w52",
"text":"",
"mid":"zwzdIpyPd",
"date":"2013-05-13 22:11:07"
},
{
"kids":[],
"uid":"1450079632",
"parent":"",
"text":"",
"mid":"zwzdFqlYA",
"date":"2013-05-13 22:11:02"
},
{
"kids":[],
"uid":"haogesuifeng",
"parent":"zwz1juRXN",
"text":"这是两回事",
"mid":"zwzdutCK4",
"date":"2013-05-13 22:10:33"
},
{
"kids":[],
"uid":"welcome0815",
"parent":"",
"text":"",
"mid":"zwzdf9kLA",
"date":"2013-05-13 22:09:57"
},
{
"kids":[],
"uid":"1913631021",
"parent":"",
"text":"两回事",
"mid":"zwzd27A5B",
"date":"2013-05-13 22:09:27"
},
{
"kids":[],
"uid":"1778496731",
"parent":"zwzcqByhO",
"text":"这是两回事！@邵融冰:问得好！",
"mid":"zwzcYh0t3",
"date":"2013-05-13 22:09:16"
},
{
"kids":[],
"uid":"1904023513",
"parent":"zwz2RwmPB",
"text":"这水平能把卵巢扯出来",
"mid":"zwzcxF0Ss",
"date":"2013-05-13 22:08:13"
},
{
"kids":[
"zwzcYh0t3"
],
"uid":"gzsrb",
"parent":"zwz3M1Ate",
"text":"问得好！",
"mid":"zwzcqByhO",
"date":"2013-05-13 22:07:59"
},
{
"kids":[],
"uid":"2180369100",
"parent":"",
"text":"",
"mid":"zwzbxj1mK",
"date":"2013-05-13 22:05:48"
},
{
"kids":[],
"uid":"xzxxzx1",
"parent":"",
"text":"",
"mid":"zwzbh6HdS",
"date":"2013-05-13 22:05:06"
},
{
"kids":[],
"uid":"1723863654",
"parent":"zwz2RwmPB",
"text":"这是1984！",
"mid":"zwzb8bUY0",
"date":"2013-05-13 22:04:47"
},
{
"kids":[],
"uid":"2171832785",
"parent":"",
"text":"",
"mid":"zwzaCzBLa",
"date":"2013-05-13 22:03:30"
},
{
"kids":[
"zwCxNsN6v"
],
"uid":"mayakefusiji",
"parent":"",
"text":"“造谣”的光靠嘴，好对付，豆腐渣的制造者，用自己的黑心肠可以把生命创造成财富，是实干者，不好惹",
"mid":"zwzaswLxr",
"date":"2013-05-13 22:03:08"
},
{
"kids":[],
"uid":"2878006363",
"parent":"",
"text":"",
"mid":"zwz9yoITi",
"date":"2013-05-13 22:00:53"
},
{
"kids":[],
"uid":"favii",
"parent":"",
"text":"估计又要一转没了",
"mid":"zwz9xwMFz",
"date":"2013-05-13 22:00:53"
},
{
"kids":[],
"uid":"1224012721",
"parent":"zwz7koyvK",
"text":"转发微博。",
"mid":"zwz9oCEyK",
"date":"2013-05-13 22:00:30"
},
{
"kids":[
"zwzdIpyPd"
],
"uid":"chenzi1018",
"parent":"zwz2jAdZw",
"text":"",
"mid":"zwz8T2w52",
"date":"2013-05-13 21:59:13"
},
{
"kids":[],
"uid":"2336800364",
"parent":"",
"text":"先装纯洁，再耍流氓，最后直接无赖",
"mid":"zwz8Jy3HY",
"date":"2013-05-13 21:58:54"
},
{
"kids":[],
"uid":"1923391060",
"parent":"",
"text":"这是尼玛的两回事",
"mid":"zwz8AaBip",
"date":"2013-05-13 21:58:30"
},
{
"kids":[],
"uid":"3170910391",
"parent":"zwz5C2lkJ",
"text":"[吐]",
"mid":"zwz7IDdDT",
"date":"2013-05-13 21:56:24"
},
{
"kids":[
"zwztnD6Gw"
],
"uid":"2659591955",
"parent":"",
"text":"[弱][弱]",
"mid":"zwz7FoRo1",
"date":"2013-05-13 21:56:14"
},
{
"kids":[
"zwzwhAmmS"
],
"uid":"1433454290",
"parent":"",
"text":"老百姓对郭嘉必须负责 否则 至于郭嘉负不负责就是两回事！",
"mid":"zwz7urod8",
"date":"2013-05-13 21:55:47"
},
{
"kids":[
"zwz9oCEyK"
],
"uid":"1649613444",
"parent":"",
"text":"为什么没有人为落马的高官负责？",
"mid":"zwz7koyvK",
"date":"2013-05-13 21:55:21"
},
{
"kids":[],
"uid":"2712585874",
"parent":"",
"text":"潘金莲",
"mid":"zwz7dBsNO",
"date":"2013-05-13 21:55:10"
},
{
"kids":[],
"uid":"zixiaba",
"parent":"zwyZrlPHl",
"text":"",
"mid":"zwz79stFu",
"date":"2013-05-13 21:54:58"
},
{
"kids":[],
"uid":"1690106805",
"parent":"",
"text":"",
"mid":"zwz6N17o5",
"date":"2013-05-13 21:54:05"
},
{
"kids":[],
"uid":"1010411235",
"parent":"",
"text":"转发微博。",
"mid":"zwz6DAvTR",
"date":"2013-05-13 21:53:41"
},
{
"kids":[],
"uid":"1102937544",
"parent":"",
"text":"",
"mid":"zwz6DfSNw",
"date":"2013-05-13 21:53:39"
},
{
"kids":[],
"uid":"2186373961",
"parent":"",
"text":"",
"mid":"zwz6n3Ivo",
"date":"2013-05-13 21:53:00"
},
{
"kids":[],
"uid":"1758634995",
"parent":"",
"text":"",
"mid":"zwz65yoUy",
"date":"2013-05-13 21:52:21"
},
{
"kids":[],
"uid":"3193041374",
"parent":"",
"text":"可耻",
"mid":"zwz5J9SmW",
"date":"2013-05-13 21:51:28"
},
{
"kids":[
"zwz7IDdDT"
],
"uid":"1926037037",
"parent":"",
"text":"发言人应该先把舌头捋直了再发言！",
"mid":"zwz5C2lkJ",
"date":"2013-05-13 21:51:12"
},
{
"kids":[],
"uid":"Qq11540",
"parent":"zwz1juRXN",
"text":"",
"mid":"zwz5yvkwN",
"date":"2013-05-13 21:51:03"
},
{
"kids":[],
"uid":"3136287290",
"parent":"",
"text":"这些天朝的逼筒子，逼长在她身上，她让谁肏都行。总之，我们不肏，脏！",
"mid":"zwz5iwYd7",
"date":"2013-05-13 21:50:25"
},
{
"kids":[],
"uid":"1977661212",
"parent":"",
"text":"Mlgb,不要脸",
"mid":"zwz4O7rbh",
"date":"2013-05-13 21:49:12"
},
{
"kids":[
"zwzg5xEla"
],
"uid":"xieyunstock",
"parent":"",
"text":"不要脸",
"mid":"zwz4FxZmx",
"date":"2013-05-13 21:48:52"
},
{
"kids":[],
"uid":"huangcike",
"parent":"zwz2RwmPB",
"text":"被摆上前台的人，你们是否觉得很无辜呢？",
"mid":"zwz4FwZNU",
"date":"2013-05-13 21:48:53"
},
{
"kids":[],
"uid":"1894654313",
"parent":"zwz2RwmPB",
"text":"州官与屁民",
"mid":"zwz44A3aZ",
"date":"2013-05-13 21:47:21"
},
{
"kids":[
"zwzcqByhO"
],
"uid":"thinkingliao",
"parent":"zwz2dkeJL",
"text":"傀儡、机器而已！",
"mid":"zwz3M1Ate",
"date":"2013-05-13 21:46:37"
},
{
"kids":[],
"uid":"okayok",
"parent":"",
"text":"两泥马",
"mid":"zwz3LnChL",
"date":"2013-05-13 21:46:38"
},
{
"kids":[],
"uid":"1247591911",
"parent":"",
"text":"",
"mid":"zwz3t3Dzi",
"date":"2013-05-13 21:45:53"
},
{
"kids":[
"zwCGN4Y7j",
"zwzdYC9O1"
],
"uid":"2935406044",
"parent":"",
"text":"[偷笑]",
"mid":"zwz3q9jhE",
"date":"2013-05-13 21:45:47"
},
{
"kids":[
"zA9TaiM0w",
"zwzEZs4EI"
],
"uid":"1929489515",
"parent":"",
"text":"",
"mid":"zwz3nsxi6",
"date":"2013-05-13 21:45:39"
},
{
"kids":[],
"uid":"jscjj001",
"parent":"",
"text":"无耻",
"mid":"zwz3hxQe8",
"date":"2013-05-13 21:45:27"
},
{
"kids":[
"zwCYUeGWe",
"zwzvftHbU",
"zwzp8nRQH",
"zwzcxF0Ss",
"zwzb8bUY0",
"zwz4FwZNU",
"zwz44A3aZ"
],
"uid":"dusheliewen",
"parent":"zwz1juRXN",
"text":"当天朝发言人必须具备无耻的品质，而且越无耻越合格！[酷]",
"mid":"zwz2RwmPB",
"date":"2013-05-13 21:44:24"
},
{
"kids":[],
"uid":"caohongxu",
"parent":"",
"text":"瞎扯",
"mid":"zwz2LCEPl",
"date":"2013-05-13 21:44:09"
},
{
"kids":[
"zwzlmjMee"
],
"uid":"2212635131",
"parent":"",
"text":"[弱]",
"mid":"zwz2x95LH",
"date":"2013-05-13 21:43:36"
},
{
"kids":[],
"uid":"1934669043",
"parent":"zwz1juRXN",
"text":"次奥！",
"mid":"zwz2souC6",
"date":"2013-05-13 21:43:25"
},
{
"kids":[
"zwz8T2w52"
],
"uid":"1621210085",
"parent":"zwz1juRXN",
"text":"不满嘴胡吣，华某一天也呆不下去的",
"mid":"zwz2jAdZw",
"date":"2013-05-13 21:43:03"
},
{
"kids":[
"zwz3M1Ate"
],
"uid":"1867295220",
"parent":"",
"text":"厚颜无耻",
"mid":"zwz2dkeJL",
"date":"2013-05-13 21:42:49"
},
{
"kids":[],
"uid":"1727660733",
"parent":"zwz1juRXN",
"text":"",
"mid":"zwz281dAv",
"date":"2013-05-13 21:42:34"
},
{
"kids":[],
"uid":"1879250723",
"parent":"",
"text":"这个发言人还需要训练呢。。。。流氓地不够智慧。。。",
"mid":"zwz24aDSF",
"date":"2013-05-13 21:42:26"
},
{
"kids":[],
"uid":"chenbingchina",
"parent":"",
"text":"“这是两回事！”",
"mid":"zwz1YhRt0",
"date":"2013-05-13 21:42:11"
},
{
"kids":[],
"uid":"1958824197",
"parent":"",
"text":"： (",
"mid":"zwz1PFAIC",
"date":"2013-05-13 21:41:50"
},
{
"kids":[],
"uid":"2109756401",
"parent":"zwyRZwa5n",
"text":"",
"mid":"zwz1FnARm",
"date":"2013-05-13 21:41:29"
},
{
"kids":[],
"uid":"1140391505",
"parent":"",
"text":"她生孩子了，至于孩子是不是她老公的，這也是兩回事……",
"mid":"zwz1wv2l2",
"date":"2013-05-13 21:41:03"
},
{
"kids":[],
"uid":"1914282975",
"parent":"",
"text":"[吐]",
"mid":"zwz1ocOdU",
"date":"2013-05-13 21:40:46"
},
{
"kids":[],
"uid":"2059683513",
"parent":"zwyZrlPHl",
"text":"",
"mid":"zwz1n4iys",
"date":"2013-05-13 21:40:44"
},
{
"kids":[
"zwzB92Aix",
"zwzdutCK4",
"zwz5yvkwN",
"zwz2RwmPB",
"zwz2souC6",
"zwz2jAdZw",
"zwz281dAv"
],
"uid":"1727712425",
"parent":"",
"text":"",
"mid":"zwz1juRXN",
"date":"2013-05-13 21:40:36"
},
{
"kids":[
"zwzjBD9KG"
],
"uid":"1228880563",
"parent":"",
"text":"",
"mid":"zwz148eA1",
"date":"2013-05-13 21:39:59"
},
{
"kids":[],
"uid":"2008870821",
"parent":"zwyW5kh9N",
"text":"MLGB",
"mid":"zwz0GumtN",
"date":"2013-05-13 21:39:03"
},
{
"kids":[],
"uid":"1563214495",
"parent":"zwyYcxwU3",
"text":"NND",
"mid":"zwz0eaBmW",
"date":"2013-05-13 21:37:53"
},
{
"kids":[],
"uid":"1972875893",
"parent":"zwyZrlPHl",
"text":"不要脸！",
"mid":"zwz0aAvnQ",
"date":"2013-05-13 21:37:47"
},
{
"kids":[],
"uid":"2918236787",
"parent":"",
"text":"好样的，不愧是发言人",
"mid":"zwyZvcpo7",
"date":"2013-05-13 21:36:08"
},
{
"kids":[],
"uid":"1812025993",
"parent":"zwyWLArB9",
"text":"",
"mid":"zwyZuBwWP",
"date":"2013-05-13 21:36:04"
},
{
"kids":[
"zwz79stFu",
"zwz1n4iys",
"zwz0aAvnQ"
],
"uid":"2174847535",
"parent":"",
"text":"",
"mid":"zwyZrlPHl",
"date":"2013-05-13 21:35:57"
},
{
"kids":[],
"uid":"1706203713",
"parent":"zwyW5kh9N",
"text":"[吃惊]",
"mid":"zwyYTElYX",
"date":"2013-05-13 21:34:39"
},
{
"kids":[],
"uid":"2028742510",
"parent":"",
"text":"",
"mid":"zwyYEDJjk",
"date":"2013-05-13 21:34:02"
},
{
"kids":[
"zwz0eaBmW"
],
"uid":"2508837235",
"parent":"",
"text":"",
"mid":"zwyYcxwU3",
"date":"2013-05-13 21:32:57"
},
{
"kids":[],
"uid":"1739912604",
"parent":"zwyW5kh9N",
"text":"中国特色、国际接轨",
"mid":"zwyY2sQ95",
"date":"2013-05-13 21:32:32"
},
{
"kids":[],
"uid":"3169357663",
"parent":"",
"text":"好一个两回事",
"mid":"zwyXJjHa4",
"date":"2013-05-13 21:31:44"
},
{
"kids":[],
"uid":"1947896455",
"parent":"",
"text":"",
"mid":"zwyXr0pjk",
"date":"2013-05-13 21:31:00"
},
{
"kids":[
"zwyZuBwWP"
],
"uid":"1588466235",
"parent":"zwyW5kh9N",
"text":"",
"mid":"zwyWLArB9",
"date":"2013-05-13 21:29:22"
},
{
"kids":[],
"uid":"2883372535",
"parent":"",
"text":"政府辟谣的谎言谁负责？",
"mid":"zwyWlhLVW",
"date":"2013-05-13 21:28:21"
},
{
"kids":[],
"uid":"1693102254",
"parent":"zwyW5kh9N",
"text":"",
"mid":"zwyWhu5hM",
"date":"2013-05-13 21:28:12"
},
{
"kids":[
"zwz0GumtN",
"zwyYTElYX",
"zwyY2sQ95",
"zwyWLArB9",
"zwyWhu5hM"
],
"uid":"1626679575",
"parent":"zwyVmqX19",
"text":"",
"mid":"zwyW5kh9N",
"date":"2013-05-13 21:27:44"
},
{
"kids":[],
"uid":"1766035442",
"parent":"",
"text":"",
"mid":"zwyVvAxRv",
"date":"2013-05-13 21:26:17"
},
{
"kids":[
"zwyW5kh9N"
],
"uid":"3206883793",
"parent":"",
"text":"",
"mid":"zwyVmqX19",
"date":"2013-05-13 21:25:56"
},
{
"kids":[],
"uid":"2815747644",
"parent":"",
"text":"",
"mid":"zwyT7wAuZ",
"date":"2013-05-13 21:20:24"
},
{
"kids":[],
"uid":"2056342142",
"parent":"",
"text":"她生孩子了，至于孩子是不是她老公的，这也是两回事。",
"mid":"zwyT6nux1",
"date":"2013-05-13 21:20:21"
},
{
"kids":[],
"uid":"3056049695",
"parent":"",
"text":"",
"mid":"zwyS1yrl6",
"date":"2013-05-13 21:17:43"
},
{
"kids":[
"zwPpJDM7P",
"zwzFv8Eke",
"zwzwKhKEu",
"zwz1FnARm"
],
"uid":"3197877895",
"parent":"zwyR2FN42",
"text":"惟恐天下不乱吗？国家稳定知道不？？？",
"mid":"zwyRZwa5n",
"date":"2013-05-13 21:17:38"
},
{
"kids":[],
"uid":"wjzhouqh",
"parent":"",
"text":"",
"mid":"zwyRWjbK5",
"date":"2013-05-13 21:17:28"
},
{
"kids":[
"zwyRZwa5n"
],
"uid":"2710127560",
"parent":"",
"text":"",
"mid":"zwyR2FN42",
"date":"2013-05-13 21:15:19"
},
{
"kids":[],
"uid":"2939789975",
"parent":"",
"text":"",
"mid":"zwyQK8bBy",
"date":"2013-05-13 21:14:31"
},
{
"kids":[],
"uid":"2205503903",
"parent":"",
"text":"",
"mid":"zwyQHaQsW",
"date":"2013-05-13 21:14:25"
}
]