[
{
"kids":[],
"uid":"2277978355",
"parent":"",
"text":"我就没有用过微信，我还不知道怎么用呢。",
"mid":"zsE2V2YtL",
"date":"2013-04-18 03:07:04"
},
{
"kids":[],
"uid":"3040166833",
"parent":"",
"text":"",
"mid":"zsm8osGi1",
"date":"2013-04-16 05:31:07"
},
{
"kids":[],
"uid":"2920428492",
"parent":"zqUDdDtp1",
"text":"",
"mid":"zroQzvVZR",
"date":"2013-04-09 22:35:09"
},
{
"kids":[],
"uid":"2919550480",
"parent":"zqUDdDtp1",
"text":"",
"mid":"zroQzvVWJ",
"date":"2013-04-09 22:35:06"
},
{
"kids":[],
"uid":"335661777",
"parent":"",
"text":"还好，我不是移动的客户，他收费收不到我，哈哈",
"mid":"zrgnC1uUP",
"date":"2013-04-09 01:01:49"
},
{
"kids":[],
"uid":"1798395477",
"parent":"",
"text":"@中国移动 @中国联通 @中国电信 世界通信界的三朵奇葩！终于做到世界第一…",
"mid":"zr095BC75",
"date":"2013-04-07 07:42:05"
},
{
"kids":[],
"uid":"2808354552",
"parent":"",
"text":"",
"mid":"zqYqjox3d",
"date":"2013-04-07 03:19:02"
},
{
"kids":[],
"uid":"cresting",
"parent":"zqMYq8VfA",
"text":"无耻！",
"mid":"zqVwApzWj",
"date":"2013-04-06 19:56:16"
},
{
"kids":[
"zroQzvVZR",
"zroQzvVWJ"
],
"uid":"2250051543",
"parent":"",
"text":"大不了不用呗",
"mid":"zqUDdDtp1",
"date":"2013-04-06 17:39:51"
},
{
"kids":[],
"uid":"3036016403",
"parent":"",
"text":"凭什么？我擦，我们不是扣了流量费的嘛",
"mid":"zqUCZtl8m",
"date":"2013-04-06 17:39:17"
},
{
"kids":[],
"uid":"2728669175",
"parent":"",
"text":"还好我用的是中国联通",
"mid":"zqUpMlmAu",
"date":"2013-04-06 17:06:43"
},
{
"kids":[],
"uid":"ziqiangyin",
"parent":"zqN2rhExm",
"text":"",
"mid":"zqTTd1jWB",
"date":"2013-04-06 15:46:27"
},
{
"kids":[],
"uid":"2682675475",
"parent":"zqT4ZFUft",
"text":"无耻。卸载",
"mid":"zqTdTkSdU",
"date":"2013-04-06 14:04:42"
},
{
"kids":[],
"uid":"2642053263",
"parent":"zqT4ZFUft",
"text":"",
"mid":"zqT7Fss7y",
"date":"2013-04-06 13:49:20"
},
{
"kids":[],
"uid":"1658654533",
"parent":"zqT4ZFUft",
"text":"[弱][怒骂]",
"mid":"zqT6of27D",
"date":"2013-04-06 13:46:12"
},
{
"kids":[],
"uid":"2792779360",
"parent":"zqT4ZFUft",
"text":"那就不用吧。让这些吸血鬼见鬼去吧。",
"mid":"zqT5p76pT",
"date":"2013-04-06 13:43:47"
},
{
"kids":[
"zqTdTkSdU",
"zqT7Fss7y",
"zqT6of27D",
"zqT5p76pT"
],
"uid":"1730481807",
"parent":"zqMYq8VfA",
"text":"流氓[弱]强盗[弱]吸血鬼[弱]",
"mid":"zqT4ZFUft",
"date":"2013-04-06 13:42:45"
},
{
"kids":[],
"uid":"2013caodan",
"parent":"zqOrH6IuR",
"text":"谣言吧！",
"mid":"zqSCHD2Jm",
"date":"2013-04-06 12:33:05"
},
{
"kids":[],
"uid":"1343409794",
"parent":"zqNf2fdKW",
"text":"我已成为电信用户。",
"mid":"zqSCtsG1r",
"date":"2013-04-06 12:32:30"
},
{
"kids":[],
"uid":"2627993963",
"parent":"",
"text":"那就赶紧换电信吧[哈哈]",
"mid":"zqS914dTG",
"date":"2013-04-06 11:19:56"
},
{
"kids":[],
"uid":"blackzoo",
"parent":"zqRXJ1YNe",
"text":"果断卸了装其他软件",
"mid":"zqS4AbLoR",
"date":"2013-04-06 11:09:00"
},
{
"kids":[],
"uid":"zhaozxm",
"parent":"zqMYq8VfA",
"text":"收费就不用了，把手机号码全部注销，启用BB机，满大街现在都是公用电话，怕个鸟。没手机更好，省得拿个这样的拴狗绳连个上下班时间都没有，打个电话就得赶快干工作上的事情。手机也不是什么好东西。",
"mid":"zqRYBoKCh",
"date":"2013-04-06 10:54:17"
},
{
"kids":[
"zqS4AbLoR"
],
"uid":"2011611052",
"parent":"zqNmGt04f",
"text":"只看不发吧",
"mid":"zqRXJ1YNe",
"date":"2013-04-06 10:52:07"
},
{
"kids":[],
"uid":"jacksonwin",
"parent":"",
"text":"又是传，其实最近微信曝光度太高了，连央视也爆，我在想这到底是不是在炒作。昨晚11点回到家，还在看电视的老妈问我“微信是什么[疑问]”。其实我的微信是刚出的时候开通的，但至今很久没上过。从爆要收费后才注意的手机有这应用，还是4.0的版本，更新后还没怎么使用。有兴趣的朋友与我交流下WinsonU",
"mid":"zqRSOEEBe",
"date":"2013-04-06 10:40:02"
},
{
"kids":[],
"uid":"2997536141",
"parent":"",
"text":"真好奇这能怎么去计[哈哈]",
"mid":"zqRSpdKkl",
"date":"2013-04-06 10:39:01"
},
{
"kids":[],
"uid":"1734144463",
"parent":"",
"text":"真好奇这能怎么去计[哈哈]",
"mid":"zqRPttKoc",
"date":"2013-04-06 10:31:48"
},
{
"kids":[],
"uid":"2800517180",
"parent":"",
"text":"真好奇这能怎么去计[哈哈]",
"mid":"zqRCgmFO0",
"date":"2013-04-06 09:59:15"
},
{
"kids":[],
"uid":"2068533567",
"parent":"zqN2rhExm",
"text":"",
"mid":"zqRx6p7qD",
"date":"2013-04-06 09:46:32"
},
{
"kids":[],
"uid":"2016704167",
"parent":"zqMYq8VfA",
"text":"超级无耻",
"mid":"zqRwjBQZc",
"date":"2013-04-06 09:44:36"
},
{
"kids":[],
"uid":"2172871265",
"parent":"",
"text":"老子用诺基亚1100去",
"mid":"zqRpY29kD",
"date":"2013-04-06 09:28:56"
},
{
"kids":[],
"uid":"2280778770",
"parent":"",
"text":"真好奇这能怎么去计[哈哈]",
"mid":"zqR9bzdgd",
"date":"2013-04-06 08:47:37"
},
{
"kids":[],
"uid":"234536056",
"parent":"",
"text":"真的假的？？",
"mid":"zqR7MoO8l",
"date":"2013-04-06 08:44:09"
},
{
"kids":[],
"uid":"2134984860",
"parent":"",
"text":"果断卸掉",
"mid":"zqR7oeZN9",
"date":"2013-04-06 08:43:11"
},
{
"kids":[],
"uid":"2623216454",
"parent":"",
"text":"[思考] 如果是实行了！我会把微博卸了！",
"mid":"zqQOnuQCj",
"date":"2013-04-06 07:56:21"
},
{
"kids":[],
"uid":"1835523420",
"parent":"zqNuI9Y6S",
"text":"",
"mid":"zqQKDcEZn",
"date":"2013-04-06 07:47:07"
},
{
"kids":[],
"uid":"1839506590",
"parent":"",
"text":"如果是这样，以后只好用ipad上微信了",
"mid":"zqQFvj0gA",
"date":"2013-04-06 07:34:29"
},
{
"kids":[],
"uid":"chuchunbiao",
"parent":"zqNhCq9EL",
"text":"它咋不对QQ，MSN，SKYPE收费呢？对了，游戏里也能人与人沟通的，最好也收费，它最好龟腚人与人见面不得说话，这样只要一开口它就可以源源不断地敛财了！",
"mid":"zqQulwPAq",
"date":"2013-04-06 07:06:59"
},
{
"kids":[],
"uid":"625012964",
"parent":"",
"text":"[给力][给力][给力]",
"mid":"zqQfGhPi8",
"date":"2013-04-06 06:30:52"
},
{
"kids":[],
"uid":"523449155",
"parent":"",
"text":"真好奇这能怎么去计[哈哈]",
"mid":"zqQ5ipdH2",
"date":"2013-04-06 06:05:16"
},
{
"kids":[],
"uid":"710685345",
"parent":"",
"text":"真好奇这能怎么去计[哈哈]",
"mid":"zqPJfrRcT",
"date":"2013-04-06 05:10:58"
},
{
"kids":[],
"uid":"1686042263",
"parent":"",
"text":"",
"mid":"zqP8wp9Yj",
"date":"2013-04-06 03:40:29"
},
{
"kids":[],
"uid":"2122938412",
"parent":"zqNyXoi1L",
"text":"劫贫济富！[哈哈]",
"mid":"zqOBuEfE3",
"date":"2013-04-06 02:19:07"
},
{
"kids":[
"zqSCHD2Jm"
],
"uid":"2561786727",
"parent":"",
"text":"如果真要收费，果断卸载玩QQ了！",
"mid":"zqOrH6IuR",
"date":"2013-04-06 01:54:57"
},
{
"kids":[],
"uid":"1879539910",
"parent":"zqMYq8VfA",
"text":"无耻，抢钱",
"mid":"zqOeuiz1q",
"date":"2013-04-06 01:22:25"
},
{
"kids":[],
"uid":"1565582793",
"parent":"zqO9Si6ZF",
"text":"微信收費就算了尼瑪微博也收費？！",
"mid":"zqOboys0n",
"date":"2013-04-06 01:14:49"
},
{
"kids":[
"zqOboys0n"
],
"uid":"2692054971",
"parent":"",
"text":"传闻这么久了，我只想说……微信是啥[挖鼻屎]",
"mid":"zqO9Si6ZF",
"date":"2013-04-06 01:11:04"
},
{
"kids":[],
"uid":"tanjye",
"parent":"",
"text":"系真咁我即将会退出微博同微信呢个坛~ 次奥",
"mid":"zqO0BevV5",
"date":"2013-04-06 00:48:14"
},
{
"kids":[],
"uid":"manip",
"parent":"zqN5K3Sz7",
"text":"系咁的話就會開始冇人用咯..",
"mid":"zqO0foyhp",
"date":"2013-04-06 00:47:21"
},
{
"kids":[],
"uid":"manip",
"parent":"zqN5K3Sz7",
"text":"",
"mid":"zqNZVAqeT",
"date":"2013-04-06 00:46:31"
},
{
"kids":[],
"uid":"2178863897",
"parent":"",
"text":"表示对微信不感冒！",
"mid":"zqNYh2QkR",
"date":"2013-04-06 00:42:29"
},
{
"kids":[],
"uid":"2130617953",
"parent":"zqMYq8VfA",
"text":"这是一石多鸟啊[怒]起码我现在能想到的鸟有：移动公司赚钱了；微博反腐可能玩不下去了；公知们要哭了而政府要笑了……还有吗？欢迎补充",
"mid":"zqNXabnFY",
"date":"2013-04-06 00:39:41"
},
{
"kids":[],
"uid":"3235232720",
"parent":"",
"text":"真好奇这能怎么去计[哈哈]",
"mid":"zqNVi47GK",
"date":"2013-04-06 00:35:09"
},
{
"kids":[],
"uid":"522789782",
"parent":"",
"text":"真好奇这能怎么去计[哈哈]",
"mid":"zqNUZ9hjA",
"date":"2013-04-06 00:34:23"
},
{
"kids":[],
"uid":"2236603250",
"parent":"zqMYq8VfA",
"text":"",
"mid":"zqNU6e57Y",
"date":"2013-04-06 00:32:09"
},
{
"kids":[],
"uid":"tangtangxiedian",
"parent":"",
"text":"真收的话，大家一起别使用移动产品，全改联通电信其它电信公司产品。",
"mid":"zqNThEN0I",
"date":"2013-04-06 00:30:12"
},
{
"kids":[],
"uid":"tangtangxiedian",
"parent":"",
"text":"传闻若真，中国移动想钱杨钱疯了！",
"mid":"zqNStqzJ2",
"date":"2013-04-06 00:28:13"
},
{
"kids":[],
"uid":"211815678",
"parent":"",
"text":"我靠不会吧！",
"mid":"zqNLGFDK7",
"date":"2013-04-06 00:11:29"
},
{
"kids":[],
"uid":"2606592342",
"parent":"",
"text":"真的假的",
"mid":"zqNKoyeQi",
"date":"2013-04-06 00:08:18"
},
{
"kids":[],
"uid":"2311058174",
"parent":"zqMYq8VfA",
"text":"无耻",
"mid":"zqNITtRPf",
"date":"2013-04-06 00:04:34"
},
{
"kids":[],
"uid":"208883839",
"parent":"zqN2rhExm",
"text":"技术怎么实现呢？就知道喷一些不靠谱的粪",
"mid":"zqNGqpvi1",
"date":"2013-04-05 23:58:31"
},
{
"kids":[],
"uid":"1888801071",
"parent":"",
"text":"9月1日，哪年啊？",
"mid":"zqNFI6V6L",
"date":"2013-04-05 23:56:45"
},
{
"kids":[],
"uid":"2110607974",
"parent":"",
"text":"@沙兜兜_shadow",
"mid":"zqNEBeDNL",
"date":"2013-04-05 23:54:01"
},
{
"kids":[],
"uid":"2337787942",
"parent":"",
"text":"不想猜了，说吧",
"mid":"zqNEdipzX",
"date":"2013-04-05 23:53:03"
},
{
"kids":[],
"uid":"2110607974",
"parent":"",
"text":"",
"mid":"zqNE3i1Of",
"date":"2013-04-05 23:52:40"
},
{
"kids":[],
"uid":"luoxinfei",
"parent":"",
"text":"果断放弃移动、",
"mid":"zqNDH5PVI",
"date":"2013-04-05 23:51:47"
},
{
"kids":[],
"uid":"2337787942",
"parent":"",
"text":"胖子？",
"mid":"zqNCz4IMT",
"date":"2013-04-05 23:48:58"
},
{
"kids":[],
"uid":"3286204872",
"parent":"zqN2rhExm",
"text":"",
"mid":"zqNCuDsrP",
"date":"2013-04-05 23:48:48"
},
{
"kids":[],
"uid":"1147220751",
"parent":"zqNyXoi1L",
"text":"太恶心了！！",
"mid":"zqNBne9BQ",
"date":"2013-04-05 23:46:03"
},
{
"kids":[],
"uid":"2337787942",
"parent":"",
"text":"你是谁？",
"mid":"zqNAA8AHK",
"date":"2013-04-05 23:44:05"
},
{
"kids":[],
"uid":"1444623807",
"parent":"zqNh6bGo3",
"text":"移动，你能再无耻一点儿吗?",
"mid":"zqNAl8y2J",
"date":"2013-04-05 23:43:31"
},
{
"kids":[],
"uid":"2406673102",
"parent":"zqNyqAUde",
"text":"我是不是该换手机顺便换号码了?",
"mid":"zqNA6jLCL",
"date":"2013-04-05 23:42:53"
},
{
"kids":[
"zqOBuEfE3",
"zqNBne9BQ"
],
"uid":"2441272917",
"parent":"",
"text":"真的要收费了啊！！[吃惊]",
"mid":"zqNyXoi1L",
"date":"2013-04-05 23:40:07"
},
{
"kids":[
"zqNA6jLCL"
],
"uid":"jaenschu",
"parent":"",
"text":"中国移动可以去死了",
"mid":"zqNyqAUde",
"date":"2013-04-05 23:38:49"
},
{
"kids":[],
"uid":"1413053445",
"parent":"zqMYq8VfA",
"text":"技术上无法实行,假消息;即使收费也只会找腾讯,像法国电信那样.这消息应是腾讯自已放出来的.鉴定完毕",
"mid":"zqNxh6J9W",
"date":"2013-04-05 23:35:58"
},
{
"kids":[],
"uid":"2799594771",
"parent":"",
"text":"移动那么积极。。。",
"mid":"zqNx9FQu7",
"date":"2013-04-05 23:35:41"
},
{
"kids":[
"zqQKDcEZn"
],
"uid":"317501777",
"parent":"",
"text":"收吧，用186去!",
"mid":"zqNuI9Y6S",
"date":"2013-04-05 23:29:40"
},
{
"kids":[],
"uid":"2681628281",
"parent":"",
"text":"国外软件没事，中国人都这样谁见见不了谁好，只能在看见别人影响到自己一点那就背后来一刀@糖糖AC @Won呆呆",
"mid":"zqNrLti9c",
"date":"2013-04-05 23:22:24"
},
{
"kids":[],
"uid":"tom526664456",
"parent":"",
"text":"甘扣扣要收费无。一样噶通讯软件。坑爹的移动联通电信，中国噶话费异常噶贵！人滴得闲视频通话都无你甘贵。",
"mid":"zqNrpEvgl",
"date":"2013-04-05 23:21:30"
},
{
"kids":[],
"uid":"robin1015",
"parent":"zqNbjaFlO",
"text":"我就不知道这些人不用脑袋想一想吗？我用wifi，网费我包年，你从哪收我费？微信收不了费！",
"mid":"zqNq4BJeI",
"date":"2013-04-05 23:18:13"
},
{
"kids":[],
"uid":"2475148321",
"parent":"",
"text":"",
"mid":"zqNpYE2vk",
"date":"2013-04-05 23:17:58"
},
{
"kids":[],
"uid":"gupiaofanbei",
"parent":"",
"text":"为什么我不用微信@现代家电-刘冬明 @京西定慧 @北京人不知道的北京事儿",
"mid":"zqNpcwuP1",
"date":"2013-04-05 23:16:05"
},
{
"kids":[],
"uid":"632112316",
"parent":"zqN8gEShF",
"text":"ATT万岁",
"mid":"zqNpcwuGQ",
"date":"2013-04-05 23:16:05"
},
{
"kids":[],
"uid":"koben",
"parent":"",
"text":"不要脸 中移动你麻痹",
"mid":"zqNpcey2G",
"date":"2013-04-05 23:16:02"
},
{
"kids":[],
"uid":"syf8112",
"parent":"zqMYq8VfA",
"text":"@中国移动 @北京移动10086热线 求证啦",
"mid":"zqNp9hdti",
"date":"2013-04-05 23:15:57"
},
{
"kids":[],
"uid":"1356185202",
"parent":"zqMYq8VfA",
"text":"妹的",
"mid":"zqNoSqtxV",
"date":"2013-04-05 23:15:14"
},
{
"kids":[],
"uid":"2186885893",
"parent":"zqNl66YyF",
"text":"",
"mid":"zqNnflksb",
"date":"2013-04-05 23:11:15"
},
{
"kids":[
"zqRXJ1YNe"
],
"uid":"alwaysforwardlooking",
"parent":"",
"text":"微博也收费？？？尼玛这是什么逻辑",
"mid":"zqNmGt04f",
"date":"2013-04-05 23:09:54"
},
{
"kids":[],
"uid":"312187333",
"parent":"zqNhCq9EL",
"text":"又想收费了？你大爷！你敢收，老子就敢不用",
"mid":"zqNlo8yOF",
"date":"2013-04-05 23:06:41"
},
{
"kids":[
"zqNnflksb"
],
"uid":"dlnudesign",
"parent":"",
"text":"不可能啦。哈哈。实现不了。",
"mid":"zqNl66YyF",
"date":"2013-04-05 23:05:58"
},
{
"kids":[],
"uid":"1882065420",
"parent":"",
"text":"[怒骂]",
"mid":"zqNkwlptP",
"date":"2013-04-05 23:04:33"
},
{
"kids":[],
"uid":"1952553163",
"parent":"zqMYq8VfA",
"text":"[最差]",
"mid":"zqNjW0DVr",
"date":"2013-04-05 23:03:04"
},
{
"kids":[],
"uid":"1864297175",
"parent":"zqNaXjRXE",
"text":"收费，老娘就不用了！[怒]",
"mid":"zqNj8oixx",
"date":"2013-04-05 23:01:08"
},
{
"kids":[],
"uid":"lihaowork",
"parent":"",
"text":"转其它两家不就得了[挖鼻屎]",
"mid":"zqNiJxo3l",
"date":"2013-04-05 23:00:09"
},
{
"kids":[],
"uid":"1528400557",
"parent":"zqNd79EhQ",
"text":"收钱可以，服务要到位！监管要得力，不要成犯罪工具就最好/！/@Lenovo程小春:去他大爷的。谁会再用啊！[弱][弱][弱][弱][弱]",
"mid":"zqNi7oOMY",
"date":"2013-04-05 22:58:38"
},
{
"kids":[],
"uid":"1782418263",
"parent":"zqMYq8VfA",
"text":"",
"mid":"zqNhQBhdO",
"date":"2013-04-05 22:57:59"
},
{
"kids":[
"zqQulwPAq",
"zqNlo8yOF"
],
"uid":"cindyxsq",
"parent":"",
"text":"移动发威啦？是想靠收微信的钱来补贴短彩的收入吗？[思考][思考]",
"mid":"zqNhCq9EL",
"date":"2013-04-05 22:57:21"
},
{
"kids":[
"zqNAl8y2J"
],
"uid":"weixiaobaozishu",
"parent":"zqNc034ii",
"text":"到时候删软件",
"mid":"zqNh6bGo3",
"date":"2013-04-05 22:56:06"
},
{
"kids":[],
"uid":"1805311685",
"parent":"",
"text":"无耻的国企！",
"mid":"zqNgVfBEU",
"date":"2013-04-05 22:55:38"
},
{
"kids":[],
"uid":"2619240295",
"parent":"zqNfR3NRV",
"text":"qq不是也有语音功能吗，难道也收费？",
"mid":"zqNgSih7V",
"date":"2013-04-05 22:55:34"
},
{
"kids":[],
"uid":"2008117031",
"parent":"zqN21wCYa",
"text":"",
"mid":"zqNgo9LWq",
"date":"2013-04-05 22:54:22"
},
{
"kids":[],
"uid":"bigbigtongue",
"parent":"zqNbjaFlO",
"text":"联通笑了",
"mid":"zqNg8b2XB",
"date":"2013-04-05 22:53:41"
},
{
"kids":[
"zqNgSih7V"
],
"uid":"liuxuzaihuawei",
"parent":"",
"text":"通信资深人士说话了。",
"mid":"zqNfR3NRV",
"date":"2013-04-05 22:53:04"
},
{
"kids":[],
"uid":"1325695365",
"parent":"",
"text":"真心的砖家[嘻嘻][挖鼻屎]没有腾讯协助的前提下，能准确计费么？不被用户投诉死才怪！",
"mid":"zqNfQcvRj",
"date":"2013-04-05 22:52:58"
},
{
"kids":[],
"uid":"208666069",
"parent":"zqN3jAiIZ",
"text":"它若收费,我就不用了,其实现在我有微信也很少用,只是无聊时看看附近是否有GAY出现,哈哈!其实有什么好微的,大把的聊天工具,总有些软件会马上跑出来替代它,让它去牛吧!@微信",
"mid":"zqNfDrZEm",
"date":"2013-04-05 22:52:32"
},
{
"kids":[],
"uid":"1767733411",
"parent":"",
"text":"如果微信收费，那qq,msn都应该收费，因为都影响了运营商短信的收入。这是绝对的倒退。",
"mid":"zqNfCyT1h",
"date":"2013-04-05 22:52:29"
},
{
"kids":[],
"uid":"532528567",
"parent":"zqMYcfSz7",
"text":"",
"mid":"zqNf38sKk",
"date":"2013-04-05 22:51:02"
},
{
"kids":[
"zqSCtsG1r"
],
"uid":"pengder83",
"parent":"zqNbjaFlO",
"text":"我已换联通",
"mid":"zqNf2fdKW",
"date":"2013-04-05 22:51:03"
},
{
"kids":[],
"uid":"yxhhao",
"parent":"zqMYq8VfA",
"text":"太无耻了",
"mid":"zqNdGzUCV",
"date":"2013-04-05 22:47:43"
},
{
"kids":[],
"uid":"2496889801",
"parent":"zqNcsEgiS",
"text":"",
"mid":"zqNdsoTRc",
"date":"2013-04-05 22:47:09"
},
{
"kids":[
"zqNi7oOMY"
],
"uid":"3042409453",
"parent":"",
"text":"去他大爷的。谁会再用啊！[弱][弱][弱][弱][弱]",
"mid":"zqNd79EhQ",
"date":"2013-04-05 22:46:17"
},
{
"kids":[],
"uid":"2594538272",
"parent":"zqMYq8VfA",
"text":"尼马，你大爷的[怒]",
"mid":"zqNd0oEIC",
"date":"2013-04-05 22:45:59"
},
{
"kids":[],
"uid":"2740822634",
"parent":"",
"text":"",
"mid":"zqNcUr5b0",
"date":"2013-04-05 22:45:49"
},
{
"kids":[
"zqNdsoTRc"
],
"uid":"1615358264",
"parent":"zqMYq8VfA",
"text":"垃圾啊",
"mid":"zqNcsEgiS",
"date":"2013-04-05 22:44:42"
},
{
"kids":[],
"uid":"biglazy",
"parent":"zqNbjaFlO",
"text":"谣言。那语音聊天，视频聊天怎么收费？",
"mid":"zqNckFvUD",
"date":"2013-04-05 22:44:23"
},
{
"kids":[
"zqNh6bGo3"
],
"uid":"haitandehuiyi",
"parent":"zqNbjaFlO",
"text":"太嫑脸了！[怒]",
"mid":"zqNc034ii",
"date":"2013-04-05 22:43:33"
},
{
"kids":[],
"uid":"1436600821",
"parent":"zqMYq8VfA",
"text":"[衰][怒骂]",
"mid":"zqNbIBEe1",
"date":"2013-04-05 22:42:52"
},
{
"kids":[],
"uid":"1802760060",
"parent":"",
"text":"[抓狂]",
"mid":"zqNbklYrv",
"date":"2013-04-05 22:41:55"
},
{
"kids":[
"zqNq4BJeI",
"zqNg8b2XB",
"zqNf2fdKW",
"zqNckFvUD",
"zqNc034ii"
],
"uid":"519800202",
"parent":"",
"text":"我已换联通~~",
"mid":"zqNbjaFlO",
"date":"2013-04-05 22:41:52"
},
{
"kids":[
"zqNj8oixx"
],
"uid":"alongzen",
"parent":"zqMYq8VfA",
"text":"微信收费就停用，中国移动这些家伙真TM无耻，当垄断利益被侵犯的时候，他们做的就是要挟",
"mid":"zqNaXjRXE",
"date":"2013-04-05 22:40:57"
},
{
"kids":[],
"uid":"2479652311",
"parent":"",
"text":"看CCAV最近一个劲的鼓噪，收费将是大概率事件，你会届时注销微信吗？[思考]",
"mid":"zqNaUCMiC",
"date":"2013-04-05 22:40:53"
},
{
"kids":[],
"uid":"2074434242",
"parent":"",
"text":"希望只是传闻！",
"mid":"zqNaGsZfM",
"date":"2013-04-05 22:40:17"
},
{
"kids":[],
"uid":"1652098022",
"parent":"zqMYq8VfA",
"text":"就会抢国内百姓的钱",
"mid":"zqNa8dHYs",
"date":"2013-04-05 22:38:57"
},
{
"kids":[],
"uid":"2291523733",
"parent":"",
"text":"我联通186[哈哈]",
"mid":"zqN9KdwJW",
"date":"2013-04-05 22:38:00"
},
{
"kids":[],
"uid":"12889799",
"parent":"zqMYq8VfA",
"text":"厌恶移动的垃圾网络很久了",
"mid":"zqN9w6a6T",
"date":"2013-04-05 22:37:27"
},
{
"kids":[],
"uid":"1855274420",
"parent":"",
"text":"谣言",
"mid":"zqN9vsbEM",
"date":"2013-04-05 22:37:25"
},
{
"kids":[],
"uid":"tuorenquan0970",
"parent":"zqN0n2Haw",
"text":"去死",
"mid":"zqN9ns7JJ",
"date":"2013-04-05 22:37:04"
},
{
"kids":[],
"uid":"kkofei",
"parent":"zqMZvvLOP",
"text":"又收老子流量费 又收老子使用费 太可以哦",
"mid":"zqN9m0ZBS",
"date":"2013-04-05 22:36:59"
},
{
"kids":[],
"uid":"1673798342",
"parent":"zqMYq8VfA",
"text":"如果移动率先收费，那么移动就离死不远了。3G网络本来就在三者中最差了。",
"mid":"zqN8GC8MM",
"date":"2013-04-05 22:35:24"
},
{
"kids":[],
"uid":"2201043142",
"parent":"zqN4t8P66",
"text":"。。。。。。无语了",
"mid":"zqN8EhVjn",
"date":"2013-04-05 22:35:18"
},
{
"kids":[
"zqNpcwuGQ"
],
"uid":"2337787942",
"parent":"",
"text":"联通没收费。哈哈",
"mid":"zqN8gEShF",
"date":"2013-04-05 22:34:20"
},
{
"kids":[],
"uid":"1452651402",
"parent":"",
"text":"[吃惊]",
"mid":"zqN6Yy3Co",
"date":"2013-04-05 22:31:09"
},
{
"kids":[],
"uid":"2261122513",
"parent":"",
"text":"[衰][衰]",
"mid":"zqN6HomOi",
"date":"2013-04-05 22:30:30"
},
{
"kids":[],
"uid":"1185132292",
"parent":"zqMYt89Ju",
"text":"收费也不是移动收啊",
"mid":"zqN6qxCNa",
"date":"2013-04-05 22:29:50"
},
{
"kids":[],
"uid":"cruisewise",
"parent":"zqMYcfSz7",
"text":"操他妈",
"mid":"zqN6l1HQD",
"date":"2013-04-05 22:29:32"
},
{
"kids":[],
"uid":"2090608012",
"parent":"zqMYq8VfA",
"text":"[怒][怒][怒]",
"mid":"zqN6gxfiE",
"date":"2013-04-05 22:29:25"
},
{
"kids":[],
"uid":"cqxxin",
"parent":"",
"text":"4月1日的新闻，不要拿出来说了。微信收费是否合理，还存在一定的问题。",
"mid":"zqN5R7crZ",
"date":"2013-04-05 22:28:22"
},
{
"kids":[
"zqO0foyhp",
"zqNZVAqeT"
],
"uid":"pushpan",
"parent":"zqMYq8VfA",
"text":"幸好我是中国电信",
"mid":"zqN5K3Sz7",
"date":"2013-04-05 22:28:05"
},
{
"kids":[],
"uid":"3001085847",
"parent":"",
"text":"那流量费还用收吗？收费坚决不用。",
"mid":"zqN5Ajoix",
"date":"2013-04-05 22:27:45"
},
{
"kids":[],
"uid":"1551279341",
"parent":"zqMYq8VfA",
"text":"",
"mid":"zqN5tvr16",
"date":"2013-04-05 22:27:27"
},
{
"kids":[
"zqN8EhVjn"
],
"uid":"duanjunwei",
"parent":"",
"text":"估计有不少人会第一时间卸载掉微信微博，倒退或者进步？在乎一念之间。",
"mid":"zqN4t8P66",
"date":"2013-04-05 22:24:58"
},
{
"kids":[],
"uid":"1867562812",
"parent":"",
"text":"",
"mid":"zqN4j5ZlR",
"date":"2013-04-05 22:24:37"
},
{
"kids":[],
"uid":"67891818",
"parent":"",
"text":"如果真的收费了，工信部也该关门了。",
"mid":"zqN3YETbG",
"date":"2013-04-05 22:23:47"
},
{
"kids":[],
"uid":"eddyatsh",
"parent":"zqN2rhExm",
"text":"真心没常识，好些个脑残V",
"mid":"zqN3BlG8t",
"date":"2013-04-05 22:22:52"
},
{
"kids":[],
"uid":"2939164571",
"parent":"",
"text":"",
"mid":"zqN3t3W4F",
"date":"2013-04-05 22:22:32"
},
{
"kids":[
"zqNfDrZEm"
],
"uid":"dubu1001ye",
"parent":"",
"text":"移动和腾讯是两个领域的垄断者，就算移动不收费，以腾讯一贯的作风，把微信养强壮后，迟早也会对用户收费，只不过移动扼住了腾讯的网络通道，腾讯不服也得服，羊毛都是出在用户身上，只不过移动抢先了一步收费，自然，微信对用户收费也会提前。从用户角度说，腾讯这强盗遇上移动这抢劫犯，都不是好东西",
"mid":"zqN3jAiIZ",
"date":"2013-04-05 22:22:10"
},
{
"kids":[],
"uid":"2170858170",
"parent":"",
"text":"近段时间刷的视力严重下降，如果真是这样，就起到保护眼睛的功能了！[哈哈]",
"mid":"zqN37tnv4",
"date":"2013-04-05 22:21:39"
},
{
"kids":[],
"uid":"2076263867",
"parent":"",
"text":"到时候看谁还用鸟国移不动！[鄙视][鄙视][鄙视]",
"mid":"zqN35pi7o",
"date":"2013-04-05 22:21:36"
},
{
"kids":[],
"uid":"1580716715",
"parent":"",
"text":"率先的话，就要掉用户了。这是反向市场运作吧，嫌用户数太多。",
"mid":"zqN333BlO",
"date":"2013-04-05 22:21:29"
},
{
"kids":[],
"uid":"2006412561",
"parent":"",
"text":"卑鄙",
"mid":"zqN2ZxDOr",
"date":"2013-04-05 22:21:22"
},
{
"kids":[],
"uid":"2315534733",
"parent":"zqMYq8VfA",
"text":"看来流氓政府开始明目张胆耍了",
"mid":"zqN2vpRpw",
"date":"2013-04-05 22:20:07"
},
{
"kids":[
"zqTTd1jWB",
"zqRx6p7qD",
"zqNGqpvi1",
"zqNCuDsrP",
"zqN3BlG8t"
],
"uid":"meihuainfo",
"parent":"",
"text":"有点常识吧！这种收费连技术上都无法实现。",
"mid":"zqN2rhExm",
"date":"2013-04-05 22:19:59"
},
{
"kids":[],
"uid":"1917730545",
"parent":"",
"text":"",
"mid":"zqN2caNdN",
"date":"2013-04-05 22:19:24"
},
{
"kids":[
"zqNgo9LWq"
],
"uid":"338098555",
"parent":"zqMZW7JAU",
"text":"回复@水晶守护者的结界:微信火了、中移动火了",
"mid":"zqN21wCYa",
"date":"2013-04-05 22:18:57"
},
{
"kids":[],
"uid":"3187852310",
"parent":"zqMYq8VfA",
"text":"还好我没用中国移动",
"mid":"zqN1Ms3OP",
"date":"2013-04-05 22:18:24"
},
{
"kids":[],
"uid":"3187852310",
"parent":"zqMYq8VfA",
"text":"鄙视中国移动，鄙视工信部。",
"mid":"zqN1juoDy",
"date":"2013-04-05 22:17:13"
},
{
"kids":[],
"uid":"1827944492",
"parent":"",
"text":"我好奇的是这是怎么个技术手段来计数?对于服务器发送的数据的次数吗 =.=",
"mid":"zqN1ha8ds",
"date":"2013-04-05 22:17:08"
},
{
"kids":[],
"uid":"1649094124",
"parent":"",
"text":"真假？这市场经济搞的，很中国吗！",
"mid":"zqN1ebnsf",
"date":"2013-04-05 22:16:58"
},
{
"kids":[],
"uid":"2299237633",
"parent":"",
"text":"转发微博。",
"mid":"zqN0S1Cs7",
"date":"2013-04-05 22:16:08"
},
{
"kids":[],
"uid":"1351749661",
"parent":"",
"text":"层层收费：月租费，漫游费，流量费，短信费，通话费，现在还要加[泪].••••••这都是企业垄断的结果！抗议！",
"mid":"zqN0JrebX",
"date":"2013-04-05 22:15:45"
},
{
"kids":[],
"uid":"1011833352",
"parent":"zqMYq8VfA",
"text":"收它妹",
"mid":"zqN0xBUjg",
"date":"2013-04-05 22:15:17"
},
{
"kids":[
"zqN9ns7JJ"
],
"uid":"2062082725",
"parent":"zqMYq8VfA",
"text":"同右->",
"mid":"zqN0n2Haw",
"date":"2013-04-05 22:14:51"
},
{
"kids":[],
"uid":"1766883881",
"parent":"zqMYq8VfA",
"text":"如果是真的，那将是不折不扣的流氓政府",
"mid":"zqN0aAlfX",
"date":"2013-04-05 22:14:24"
},
{
"kids":[],
"uid":"luke83",
"parent":"zqMYq8VfA",
"text":"这东西 敢收我就敢卸 分分钟的事儿。。。",
"mid":"zqN08yCmr",
"date":"2013-04-05 22:14:20"
},
{
"kids":[],
"uid":"119850909",
"parent":"",
"text":"真好奇这能怎么去计[哈哈]",
"mid":"zqN08xwUu",
"date":"2013-04-05 22:14:17"
},
{
"kids":[
"zqN21wCYa"
],
"uid":"338098555",
"parent":"",
"text":"不管最后是否收费！中国移动这次事件营销做得很好@o神的玩偶 @only189 @翼龙游天 @年志勇-剑魄琴心 @水晶守护者的结界 @翼龙游天",
"mid":"zqMZW7JAU",
"date":"2013-04-05 22:13:49"
},
{
"kids":[],
"uid":"537911230",
"parent":"",
"text":"",
"mid":"zqMZSyLkZ",
"date":"2013-04-05 22:13:43"
},
{
"kids":[
"zqN9m0ZBS"
],
"uid":"rzjhwmq",
"parent":"",
"text":"我不用，不行吗？",
"mid":"zqMZvvLOP",
"date":"2013-04-05 22:12:44"
},
{
"kids":[],
"uid":"2482745694",
"parent":"",
"text":"這太噁心了哈",
"mid":"zqMZuEBcl",
"date":"2013-04-05 22:12:44"
},
{
"kids":[],
"uid":"1266351951",
"parent":"zqMYq8VfA",
"text":"",
"mid":"zqMZuB59b",
"date":"2013-04-05 22:12:42"
},
{
"kids":[],
"uid":"yzzw001",
"parent":"",
"text":"智商堪忧，果断取消关注！",
"mid":"zqMZj5NQt",
"date":"2013-04-05 22:12:14"
},
{
"kids":[],
"uid":"1498206434",
"parent":"",
"text":"若真的话，封信封博！",
"mid":"zqMZifZHT",
"date":"2013-04-05 22:12:13"
},
{
"kids":[],
"uid":"haloulaotai",
"parent":"zqMYq8VfA",
"text":"",
"mid":"zqMZ1EwB6",
"date":"2013-04-05 22:11:34"
},
{
"kids":[],
"uid":"tetetetete",
"parent":"",
"text":"都已经辟谣了，就别总拿出来忽悠人了。",
"mid":"zqMYQ9BsG",
"date":"2013-04-05 22:11:06"
},
{
"kids":[],
"uid":"1875243431",
"parent":"",
"text":"这样的话，用个QQ就OK了。要不就用米聊或陌陌。",
"mid":"zqMYPjeRR",
"date":"2013-04-05 22:11:06"
},
{
"kids":[],
"uid":"2499825344",
"parent":"zqMYcfSz7",
"text":"",
"mid":"zqMYMAhcv",
"date":"2013-04-05 22:11:00"
},
{
"kids":[],
"uid":"1845744265",
"parent":"",
"text":"开学了...校园营销做准备...",
"mid":"zqMYKeWz9",
"date":"2013-04-05 22:10:54"
},
{
"kids":[],
"uid":"jeffjiao",
"parent":"",
"text":"个人觉得不太可能，会加速转网的。",
"mid":"zqMYy81IM",
"date":"2013-04-05 22:10:25"
},
{
"kids":[
"zqN6qxCNa"
],
"uid":"yoobao",
"parent":"",
"text":"扯王八蛋",
"mid":"zqMYt89Ju",
"date":"2013-04-05 22:10:10"
},
{
"kids":[
"zqVwApzWj",
"zqT4ZFUft",
"zqRYBoKCh",
"zqRwjBQZc",
"zqOeuiz1q",
"zqNXabnFY",
"zqNU6e57Y",
"zqNITtRPf",
"zqNxh6J9W",
"zqNp9hdti",
"zqNoSqtxV",
"zqNjW0DVr",
"zqNhQBhdO",
"zqNdGzUCV",
"zqNd0oEIC",
"zqNcsEgiS",
"zqNbIBEe1",
"zqNaXjRXE",
"zqNa8dHYs",
"zqN9w6a6T",
"zqN8GC8MM",
"zqN6gxfiE",
"zqN5K3Sz7",
"zqN5tvr16",
"zqN2vpRpw",
"zqN1Ms3OP",
"zqN1juoDy",
"zqN0xBUjg",
"zqN0n2Haw",
"zqN0aAlfX",
"zqN08yCmr",
"zqMZuB59b",
"zqMZ1EwB6"
],
"uid":"1445403190",
"parent":"",
"text":"无耻！",
"mid":"zqMYq8VfA",
"date":"2013-04-05 22:10:06"
},
{
"kids":[],
"uid":"kevinhsu2012",
"parent":"",
"text":"",
"mid":"zqMYpg2nw",
"date":"2013-04-05 22:10:01"
},
{
"kids":[],
"uid":"2127457845",
"parent":"",
"text":"[吃惊]消息可靠？",
"mid":"zqMYm0Kv4",
"date":"2013-04-05 22:09:54"
},
{
"kids":[
"zqNf38sKk",
"zqN6l1HQD",
"zqMYMAhcv"
],
"uid":"206512678",
"parent":"",
"text":"[疑问]",
"mid":"zqMYcfSz7",
"date":"2013-04-05 22:09:32"
}
]