[
{
"kids":[],
"uid":"2805225174",
"parent":"zC6VQoN5R",
"text":"",
"mid":"zCzsYFV4w",
"date":"2013-06-22 09:50:35"
},
{
"kids":[],
"uid":"1582581227",
"parent":"zC6VQoN5R",
"text":"",
"mid":"zCyNL1tac",
"date":"2013-06-22 08:09:00"
},
{
"kids":[],
"uid":"xiaozhu031",
"parent":"zCi3u31dd",
"text":"",
"mid":"zCpVlwUZ4",
"date":"2013-06-21 09:32:59"
},
{
"kids":[],
"uid":"kinna816",
"parent":"zC8v6cMFb",
"text":"啧啧哎西我去！这帮怂人干得怂事儿！",
"mid":"zClaUkqvz",
"date":"2013-06-20 21:27:36"
},
{
"kids":[],
"uid":"2059955542",
"parent":"zCdHHa7Pn",
"text":"",
"mid":"zCkdOfxyt",
"date":"2013-06-20 19:02:00"
},
{
"kids":[],
"uid":"2799714150",
"parent":"zCiHEtTb6",
"text":"唉，烤鱼吃不上了",
"mid":"zCk2TdvuU",
"date":"2013-06-20 18:35:06"
},
{
"kids":[],
"uid":"1750618212",
"parent":"zCi3BtarM",
"text":"他们在刷副本么。。。",
"mid":"zCjOtmSsV",
"date":"2013-06-20 17:59:33"
},
{
"kids":[],
"uid":"2776753147",
"parent":"zCiiUxlSw",
"text":"这就是传说中那个巨型哲罗鲑啊，这高山湖怎么养得动啊~~",
"mid":"zCjH3gSFQ",
"date":"2013-06-20 17:41:17"
},
{
"kids":[],
"uid":"aoyebuhao",
"parent":"zChMuCx2u",
"text":"肥猪赛大象，就是鼻子短，全社杀一口，足够吃半年。再拙劣的谎言也总有人相信，几十年过去了，我们却很难说进步了",
"mid":"zCjvC8p2l",
"date":"2013-06-20 17:13:07"
},
{
"kids":[],
"uid":"1948219502",
"parent":"zCi2FxzBQ",
"text":"",
"mid":"zCjhtFFCg",
"date":"2013-06-20 16:38:20"
},
{
"kids":[],
"uid":"1744563712",
"parent":"zChMuCx2u",
"text":"给@懒哞 看照片，她严肃的说我艹！这咋吃啊！",
"mid":"zCiVQaaFx",
"date":"2013-06-20 15:44:58"
},
{
"kids":[],
"uid":"1068227695",
"parent":"zCi1o3wLK",
"text":"O!M!G!这就是传说中的湖怪？！[吃惊][吃惊]",
"mid":"zCiTOxJGT",
"date":"2013-06-20 15:40:00"
},
{
"kids":[
"zCk2TdvuU"
],
"uid":"3447371562",
"parent":"zC9c8tm0P",
"text":"【辟谣】此消息经喀纳斯湖管理委员会确认为假的！",
"mid":"zCiHEtTb6",
"date":"2013-06-20 15:10:02"
},
{
"kids":[],
"uid":"1634465444",
"parent":"zCiBn1suo",
"text":"是啊，人类凭什么把捞出来！",
"mid":"zCiGGtT43",
"date":"2013-06-20 15:07:42"
},
{
"kids":[
"zCiGGtT43"
],
"uid":"cherrynut",
"parent":"zCiemmDL6",
"text":"为什么要把它捞上来？",
"mid":"zCiBn1suo",
"date":"2013-06-20 14:54:31"
},
{
"kids":[],
"uid":"jamesgao75",
"parent":"zChMuCx2u",
"text":"这肯定是吹牛B",
"mid":"zCiwSoTjm",
"date":"2013-06-20 14:43:27"
},
{
"kids":[],
"uid":"2216471024",
"parent":"zCi92Cfpl",
"text":"鲸鲨是世界上最大的鱼，仅仅生活在热带海洋中，喀纳斯湖中不可能出现鲸鲨，原博肯定是假的。图中的这条鲸鲨应该是不幸搁浅了。",
"mid":"zCimQ2GnU",
"date":"2013-06-20 14:18:43"
},
{
"kids":[],
"uid":"1697665907",
"parent":"zCi2dt1yL",
"text":"我滴乖乖，就是不怎么清洗，P的？",
"mid":"zCimJwo20",
"date":"2013-06-20 14:18:29"
},
{
"kids":[],
"uid":"1967932667",
"parent":"zChMuCx2u",
"text":"",
"mid":"zCimweD2u",
"date":"2013-06-20 14:17:58"
},
{
"kids":[],
"uid":"1220427407",
"parent":"zChMuCx2u",
"text":"",
"mid":"zCilslI9L",
"date":"2013-06-20 14:15:22"
},
{
"kids":[],
"uid":"2212913441",
"parent":"zCi3BtarM",
"text":"走近科学终于有答案了[太开心]",
"mid":"zCijr6IZO",
"date":"2013-06-20 14:10:20"
},
{
"kids":[],
"uid":"2611597641",
"parent":"zCbEogVRI",
"text":"好好的捞人家干嘛？哪个部门闲得蛋疼了批准打捞得真可笑",
"mid":"zCij2yKkX",
"date":"2013-06-20 14:09:25"
},
{
"kids":[
"zCjH3gSFQ"
],
"uid":"0wm0",
"parent":"zChMuCx2u",
"text":"哇塞！这不是食人塘鲺么[鄙视]",
"mid":"zCiiUxlSw",
"date":"2013-06-20 14:09:04"
},
{
"kids":[],
"uid":"cnxxj",
"parent":"zChMuCx2u",
"text":"",
"mid":"zCifVzR63",
"date":"2013-06-20 14:01:45"
},
{
"kids":[],
"uid":"shiniqi1029",
"parent":"zCi98ya3n",
"text":"[汗][汗][汗]",
"mid":"zCif1q6zV",
"date":"2013-06-20 13:59:29"
},
{
"kids":[],
"uid":"niqiudazheng",
"parent":"zCibD3W7m",
"text":"河蟹",
"mid":"zCieXlEVn",
"date":"2013-06-20 13:59:18"
},
{
"kids":[
"zCiGGtT43",
"zCiBn1suo"
],
"uid":"swpiqin",
"parent":"zChMuCx2u",
"text":"有点可怜",
"mid":"zCiemmDL6",
"date":"2013-06-20 13:57:51"
},
{
"kids":[],
"uid":"rococo1129",
"parent":"zCi0UdNYE",
"text":"新疆6月份还穿这么厚的衣服。",
"mid":"zCicZh8IA",
"date":"2013-06-20 13:54:29"
},
{
"kids":[],
"uid":"qingshui22145",
"parent":"zChMuCx2u",
"text":"看样子应该死了吧。。感觉像小号的鲸鲨。。。",
"mid":"zCicbCc4T",
"date":"2013-06-20 13:52:31"
},
{
"kids":[
"zCieXlEVn"
],
"uid":"1786803851",
"parent":"zCi1hwehI",
"text":"沙僧？",
"mid":"zCibD3W7m",
"date":"2013-06-20 13:51:08"
},
{
"kids":[],
"uid":"feiprince",
"parent":"zChMuCx2u",
"text":"@西雅小斯 @卡门在哪 @M_我爱不爱你日久见人心 @不屈的莫西干 @二爷的阿三哥 @见哥这是怎么了 @回不去了你要的单纯 @LL就是娄澜 @一kuo树上吊死了 @樊馨月_ @李良东henry",
"mid":"zCiaOfWbI",
"date":"2013-06-20 13:49:06"
},
{
"kids":[],
"uid":"2129102901",
"parent":"zChMuCx2u",
"text":"难道不是修行千年的奔不儿霸霸不儿奔？",
"mid":"zCi9f1Sb5",
"date":"2013-06-20 13:45:15"
},
{
"kids":[
"zCif1q6zV"
],
"uid":"rick0530",
"parent":"zCi24jo2i",
"text":"景区管委会核实是假新闻。",
"mid":"zCi98ya3n",
"date":"2013-06-20 13:44:58"
},
{
"kids":[
"zCimQ2GnU"
],
"uid":"littlelittlebai",
"parent":"zCi0V8ywV",
"text":"为什么人家活的好好的要被打捞上来[悲伤]",
"mid":"zCi92Cfpl",
"date":"2013-06-20 13:44:46"
},
{
"kids":[],
"uid":"pluto1993",
"parent":"zChMuCx2u",
"text":"这是鲸鲨[汗]某文化真可怕",
"mid":"zCi7O4Qpy",
"date":"2013-06-20 13:41:43"
},
{
"kids":[],
"uid":"1779217965",
"parent":"zCi0GAQ96",
"text":"电影里的跑出来了，被辐射了吧！",
"mid":"zCi6QEMZT",
"date":"2013-06-20 13:39:22"
},
{
"kids":[],
"uid":"2429165122",
"parent":"zCi107ion",
"text":"是真的吗？",
"mid":"zCi6Nbh4y",
"date":"2013-06-20 13:39:13"
},
{
"kids":[],
"uid":"taikooching",
"parent":"",
"text":"@雨田杨 @gene000 [吃惊]",
"mid":"zCi6I8xbw",
"date":"2013-06-20 13:39:01"
},
{
"kids":[],
"uid":"1059052122",
"parent":"zCi1ueMTR",
"text":"鲑鱼么",
"mid":"zCi6mxh73",
"date":"2013-06-20 13:38:10"
},
{
"kids":[],
"uid":"1886178285",
"parent":"",
"text":"这是鲸鲨吧？和湖怪有什么关系？",
"mid":"zCi6mhC17",
"date":"2013-06-20 13:38:09"
},
{
"kids":[],
"uid":"2126224605",
"parent":"zCi24jo2i",
"text":"就是啊！让人家继续当湖怪多好！凭什么剥夺人家的生命！",
"mid":"zCi61yUbm",
"date":"2013-06-20 13:37:19"
},
{
"kids":[],
"uid":"1881321140",
"parent":"zChMuCx2u",
"text":"[汗][汗][汗]",
"mid":"zCi5O0OLP",
"date":"2013-06-20 13:36:45"
},
{
"kids":[],
"uid":"2364437852",
"parent":"zCi1hwehI",
"text":"这是.........",
"mid":"zCi4ajpYT",
"date":"2013-06-20 13:32:45"
},
{
"kids":[],
"uid":"2675693203",
"parent":"",
"text":"[吃惊]",
"mid":"zCi3DcBOu",
"date":"2013-06-20 13:31:26"
},
{
"kids":[
"zCjOtmSsV",
"zCijr6IZO"
],
"uid":"1879538185",
"parent":"zCi2pzqPw",
"text":"放了吧……",
"mid":"zCi3BtarM",
"date":"2013-06-20 13:31:21"
},
{
"kids":[
"zCpVlwUZ4"
],
"uid":"1166700537",
"parent":"",
"text":"CCTV之前不是收喀纳斯里的是哲罗鲑么？？？呵呵……砖家在哪？",
"mid":"zCi3u31dd",
"date":"2013-06-20 13:31:04"
},
{
"kids":[],
"uid":"2652499452",
"parent":"",
"text":"真的假的？",
"mid":"zCi3gvzuj",
"date":"2013-06-20 13:30:31"
},
{
"kids":[],
"uid":"1356251737",
"parent":"",
"text":"",
"mid":"zCi2J8037",
"date":"2013-06-20 13:29:12"
},
{
"kids":[],
"uid":"1854455497",
"parent":"",
"text":"",
"mid":"zCi2J6yZj",
"date":"2013-06-20 13:29:12"
},
{
"kids":[
"zCjhtFFCg"
],
"uid":"8m589",
"parent":"zChMuCx2u",
"text":"刚从喀纳斯出来到布尔津咋没听说有这事？",
"mid":"zCi2FxzBQ",
"date":"2013-06-20 13:29:04"
},
{
"kids":[],
"uid":"2121167834",
"parent":"zChMuCx2u",
"text":"外星鱼，当心被刑拘",
"mid":"zCi2EmIMi",
"date":"2013-06-20 13:28:59"
},
{
"kids":[],
"uid":"2127421334",
"parent":"zChMuCx2u",
"text":"",
"mid":"zCi2swL8g",
"date":"2013-06-20 13:28:33"
},
{
"kids":[
"zCjOtmSsV",
"zCijr6IZO",
"zCi3BtarM"
],
"uid":"auv321",
"parent":"",
"text":"@jespile @砸锅上网 有时间带我去打鱼吧~~",
"mid":"zCi2pzqPw",
"date":"2013-06-20 13:28:25"
},
{
"kids":[],
"uid":"2191639445",
"parent":"zChMuCx2u",
"text":"[good]",
"mid":"zCi2lacTE",
"date":"2013-06-20 13:28:14"
},
{
"kids":[],
"uid":"1460001937",
"parent":"zChMuCx2u",
"text":"真的？！",
"mid":"zCi2kyyY2",
"date":"2013-06-20 13:28:12"
},
{
"kids":[],
"uid":"1762021250",
"parent":"zChMuCx2u",
"text":"起鸡皮疙瘩",
"mid":"zCi2kipHm",
"date":"2013-06-20 13:28:13"
},
{
"kids":[],
"uid":"1863368480",
"parent":"zChMuCx2u",
"text":"[吃惊]",
"mid":"zCi2kgXyZ",
"date":"2013-06-20 13:28:12"
},
{
"kids":[],
"uid":"1666878163",
"parent":"zChMuCx2u",
"text":"",
"mid":"zCi2h1ucM",
"date":"2013-06-20 13:28:05"
},
{
"kids":[
"zCimJwo20"
],
"uid":"2620562487",
"parent":"zChMuCx2u",
"text":"那也值",
"mid":"zCi2dt1yL",
"date":"2013-06-20 13:27:57"
},
{
"kids":[],
"uid":"1895695673",
"parent":"zChMuCx2u",
"text":"湖怪也是鱼[good]",
"mid":"zCi2avbBr",
"date":"2013-06-20 13:27:49"
},
{
"kids":[
"zCif1q6zV",
"zCi98ya3n",
"zCi61yUbm"
],
"uid":"boge2010",
"parent":"zChMuCx2u",
"text":"为什么捞人家？？人家活的好好的！？？",
"mid":"zCi24jo2i",
"date":"2013-06-20 13:27:34"
},
{
"kids":[],
"uid":"cuitaoqin",
"parent":"zChMuCx2u",
"text":"不就是一条鱼么",
"mid":"zCi21lBiZ",
"date":"2013-06-20 13:27:26"
},
{
"kids":[],
"uid":"aizaixiaochong",
"parent":"zChMuCx2u",
"text":"嚯~~~",
"mid":"zCi1OlrwT",
"date":"2013-06-20 13:26:57"
},
{
"kids":[],
"uid":"2168988175",
"parent":"zChMuCx2u",
"text":"应该不是PS的，看来真的是传说中的水怪[脸红][惊恐]",
"mid":"zCi1MiOH4",
"date":"2013-06-20 13:26:52"
},
{
"kids":[],
"uid":"jingjingliu",
"parent":"zCi0UdNYE",
"text":"[吃惊]这是什么?!",
"mid":"zCi1JD4vx",
"date":"2013-06-20 13:26:46"
},
{
"kids":[],
"uid":"lijiutai",
"parent":"zChMuCx2u",
"text":"晕",
"mid":"zCi1J1qMU",
"date":"2013-06-20 13:26:44"
},
{
"kids":[],
"uid":"changkui511",
"parent":"zChMuCx2u",
"text":"此乃鲸鲨……",
"mid":"zCi1FssE9",
"date":"2013-06-20 13:26:35"
},
{
"kids":[],
"uid":"2216685915",
"parent":"",
"text":"@Daniel大海",
"mid":"zCi1xw5Iz",
"date":"2013-06-20 13:26:17"
},
{
"kids":[
"zCi6mxh73"
],
"uid":"1829684581",
"parent":"",
"text":"@双鱼活着",
"mid":"zCi1ueMTR",
"date":"2013-06-20 13:26:09"
},
{
"kids":[],
"uid":"sudanerdaner",
"parent":"zChMuCx2u",
"text":"",
"mid":"zCi1q6CcB",
"date":"2013-06-20 13:26:02"
},
{
"kids":[
"zCiTOxJGT"
],
"uid":"1686096563",
"parent":"zChMuCx2u",
"text":"湖怪出现了@周小曼Jorlian @张小念念Frances @莊莊_now",
"mid":"zCi1o3wLK",
"date":"2013-06-20 13:25:54"
},
{
"kids":[],
"uid":"1884665347",
"parent":"zChMuCx2u",
"text":"咱刚离开就……@拽拽的狮子  @Claire_ht",
"mid":"zCi1nbBzr",
"date":"2013-06-20 13:25:52"
},
{
"kids":[
"zCieXlEVn",
"zCibD3W7m",
"zCi4ajpYT"
],
"uid":"2051438771",
"parent":"zChMuCx2u",
"text":"捞上来做什么用呢？让他自然的生长不好吗？",
"mid":"zCi1hwehI",
"date":"2013-06-20 13:25:37"
},
{
"kids":[],
"uid":"1805435554",
"parent":"zChMuCx2u",
"text":"",
"mid":"zCi16kN14",
"date":"2013-06-20 13:25:12"
},
{
"kids":[],
"uid":"302323415",
"parent":"zChMuCx2u",
"text":"有点模糊",
"mid":"zCi13oWoe",
"date":"2013-06-20 13:25:04"
},
{
"kids":[],
"uid":"daishi79",
"parent":"",
"text":"这是真的吗？为什么非要捞上来？",
"mid":"zCi10FuUe",
"date":"2013-06-20 13:24:58"
},
{
"kids":[
"zCi6Nbh4y"
],
"uid":"1813714491",
"parent":"zChMuCx2u",
"text":"为什么要抓它〜〜",
"mid":"zCi107ion",
"date":"2013-06-20 13:24:57"
},
{
"kids":[],
"uid":"1882147060",
"parent":"zChMuCx2u",
"text":"人就是见不得别人舒服一会儿。非要折腾人家@Bright0574 @水瓶座的月亮-星星",
"mid":"zCi0Y4oIS",
"date":"2013-06-20 13:24:52"
},
{
"kids":[],
"uid":"2122094634",
"parent":"zChMuCx2u",
"text":"都有毛病，捞它干嘛呢？捞起来鱼不要死啊",
"mid":"zCi0Xb9tw",
"date":"2013-06-20 13:24:50"
},
{
"kids":[
"zCimQ2GnU",
"zCi92Cfpl"
],
"uid":"gracie112",
"parent":"zChMuCx2u",
"text":"哇塞！莫非这是当年进我肚子的冷水鱼的老祖宗[呵呵]",
"mid":"zCi0V8ywV",
"date":"2013-06-20 13:24:45"
},
{
"kids":[
"zCicZh8IA",
"zCi1JD4vx"
],
"uid":"doushamami",
"parent":"zChMuCx2u",
"text":"这难道不是ジンベイ鮫？刚查了下中文叫＂鲸鲨＂〜可这淡水湖，怎么能有鲸鲨？[吃惊]",
"mid":"zCi0UdNYE",
"date":"2013-06-20 13:24:42"
},
{
"kids":[],
"uid":"1779364601",
"parent":"zChMuCx2u",
"text":"",
"mid":"zCi0T4sxq",
"date":"2013-06-20 13:24:40"
},
{
"kids":[],
"uid":"3276192120",
"parent":"zChMuCx2u",
"text":"好大啊[吃惊][吃惊][吃惊][吃惊]怪獸",
"mid":"zCi0RhY3u",
"date":"2013-06-20 13:24:36"
},
{
"kids":[],
"uid":"neoblue",
"parent":"zChMuCx2u",
"text":"@_妖七__ [可怜]",
"mid":"zCi0Qm4i5",
"date":"2013-06-20 13:24:32"
},
{
"kids":[],
"uid":"2338869965",
"parent":"",
"text":"假的，前几个月，就看到过这张照片。",
"mid":"zCi0OhYY7",
"date":"2013-06-20 13:24:29"
},
{
"kids":[],
"uid":"missgong",
"parent":"zChMuCx2u",
"text":"这个是西游降魔鱼精的原型",
"mid":"zCi0KrpCL",
"date":"2013-06-20 13:24:21"
},
{
"kids":[],
"uid":"2056619201",
"parent":"zChMuCx2u",
"text":"真的假的",
"mid":"zCi0J04hp",
"date":"2013-06-20 13:24:14"
},
{
"kids":[],
"uid":"2755034247",
"parent":"",
"text":"喀纳斯水怪?[吃惊]",
"mid":"zCi0GDrwL",
"date":"2013-06-20 13:24:09"
},
{
"kids":[],
"uid":"1846656360",
"parent":"zChMuCx2u",
"text":"我靠，这太吓人了吧，西游降魔传啊",
"mid":"zCi0GAQaR",
"date":"2013-06-20 13:24:10"
},
{
"kids":[
"zCi6QEMZT"
],
"uid":"1778782065",
"parent":"zChMuCx2u",
"text":"鱼，精！",
"mid":"zCi0GAQ96",
"date":"2013-06-20 13:24:10"
},
{
"kids":[],
"uid":"reneenj",
"parent":"zChMuCx2u",
"text":"想起了西游降魔篇~~~~",
"mid":"zCi0F7oxM",
"date":"2013-06-20 13:24:06"
},
{
"kids":[],
"uid":"shuierjuven",
"parent":"zChMuCx2u",
"text":"这。。。怎么看着像鲶鱼？",
"mid":"zCi0Cc8mX",
"date":"2013-06-20 13:24:01"
},
{
"kids":[],
"uid":"wsyjl",
"parent":"zChMuCx2u",
"text":"大红鱼哦亲！你见过吗？",
"mid":"zCi0yn3AQ",
"date":"2013-06-20 13:23:50"
},
{
"kids":[],
"uid":"1830306020",
"parent":"zChMuCx2u",
"text":"酷啊！！！",
"mid":"zCi0wz37X",
"date":"2013-06-20 13:23:47"
},
{
"kids":[],
"uid":"lukia11",
"parent":"",
"text":"为什么要捞出来？放人家回去啊[抓狂][抓狂]",
"mid":"zCi0whrx1",
"date":"2013-06-20 13:23:45"
},
{
"kids":[],
"uid":"1942118485",
"parent":"",
"text":"这就是传说中的水怪吗？[吃惊]",
"mid":"zCi0tlCqU",
"date":"2013-06-20 13:23:38"
},
{
"kids":[],
"uid":"3181146722",
"parent":"zChMuCx2u",
"text":"+1",
"mid":"zCi0q39AL",
"date":"2013-06-20 13:23:30"
},
{
"kids":[],
"uid":"1802145014",
"parent":"zChMuCx2u",
"text":"。。。",
"mid":"zCi0oiFaw",
"date":"2013-06-20 13:23:27"
},
{
"kids":[],
"uid":"234540694",
"parent":"zChMuCx2u",
"text":"瓦萨！还真的有？？？",
"mid":"zCi0bz6ZN",
"date":"2013-06-20 13:22:57"
},
{
"kids":[],
"uid":"1744371322",
"parent":"zChMuCx2u",
"text":"把人家放回去呀！",
"mid":"zCi0bz6Z6",
"date":"2013-06-20 13:22:59"
},
{
"kids":[],
"uid":"2643466185",
"parent":"zChMuCx2u",
"text":"真的？",
"mid":"zCi079l42",
"date":"2013-06-20 13:22:46"
},
{
"kids":[],
"uid":"2895255207",
"parent":"zChMuCx2u",
"text":"",
"mid":"zCi00lrgQ",
"date":"2013-06-20 13:22:28"
},
{
"kids":[],
"uid":"lilybabyq",
"parent":"zChMuCx2u",
"text":"[ali哇]为什么要打捞呢",
"mid":"zChZZsceZ",
"date":"2013-06-20 13:22:28"
},
{
"kids":[
"zCjH3gSFQ",
"zCjvC8p2l",
"zCjhtFFCg",
"zCiVQaaFx",
"zCiTOxJGT",
"zCiGGtT43",
"zCiBn1suo",
"zCiwSoTjm",
"zCimQ2GnU",
"zCimJwo20",
"zCimweD2u",
"zCilslI9L",
"zCiiUxlSw",
"zCifVzR63",
"zCif1q6zV",
"zCieXlEVn",
"zCiemmDL6",
"zCicZh8IA",
"zCicbCc4T",
"zCibD3W7m",
"zCiaOfWbI",
"zCi9f1Sb5",
"zCi98ya3n",
"zCi92Cfpl",
"zCi7O4Qpy",
"zCi6QEMZT",
"zCi6Nbh4y",
"zCi61yUbm",
"zCi5O0OLP",
"zCi4ajpYT",
"zCi2FxzBQ",
"zCi2EmIMi",
"zCi2swL8g",
"zCi2lacTE",
"zCi2kyyY2",
"zCi2kipHm",
"zCi2kgXyZ",
"zCi2h1ucM",
"zCi2dt1yL",
"zCi2avbBr",
"zCi24jo2i",
"zCi21lBiZ",
"zCi1OlrwT",
"zCi1MiOH4",
"zCi1JD4vx",
"zCi1J1qMU",
"zCi1FssE9",
"zCi1q6CcB",
"zCi1o3wLK",
"zCi1nbBzr",
"zCi1hwehI",
"zCi16kN14",
"zCi13oWoe",
"zCi107ion",
"zCi0Y4oIS",
"zCi0Xb9tw",
"zCi0V8ywV",
"zCi0UdNYE",
"zCi0T4sxq",
"zCi0RhY3u",
"zCi0Qm4i5",
"zCi0KrpCL",
"zCi0J04hp",
"zCi0GAQaR",
"zCi0GAQ96",
"zCi0F7oxM",
"zCi0Cc8mX",
"zCi0yn3AQ",
"zCi0wz37X",
"zCi0q39AL",
"zCi0oiFaw",
"zCi0bz6ZN",
"zCi0bz6Z6",
"zCi079l42",
"zCi00lrgQ",
"zChZZsceZ"
],
"uid":"2481567640",
"parent":"zC7bWf3w6",
"text":"",
"mid":"zChMuCx2u",
"date":"2013-06-20 12:49:12"
},
{
"kids":[],
"uid":"phagocyte",
"parent":"zCdtTnshg",
"text":"",
"mid":"zChbN2a1X",
"date":"2013-06-20 11:18:47"
},
{
"kids":[],
"uid":"tjdfyj",
"parent":"",
"text":"喀纳斯真的有水怪啊",
"mid":"zCgQJiX7D",
"date":"2013-06-20 10:26:53"
},
{
"kids":[],
"uid":"xingxing704",
"parent":"zCdZUwScE",
"text":"呃……",
"mid":"zCgaX2up1",
"date":"2013-06-20 08:43:58"
},
{
"kids":[],
"uid":"2613881813",
"parent":"zCd47m44R",
"text":"真的假的啊？",
"mid":"zCfQlzVWU",
"date":"2013-06-20 07:53:12"
},
{
"kids":[],
"uid":"2836981664",
"parent":"zC6Oh7r1j",
"text":"",
"mid":"zCfwECVzD",
"date":"2013-06-20 07:04:42"
},
{
"kids":[],
"uid":"1483131445",
"parent":"zC79R7Hy5",
"text":"[晕]",
"mid":"zCfmRDp0M",
"date":"2013-06-20 06:40:35"
},
{
"kids":[],
"uid":"theflyxpunks",
"parent":"",
"text":"",
"mid":"zCe1hlwRb",
"date":"2013-06-20 03:14:39"
},
{
"kids":[
"zCgaX2up1"
],
"uid":"1762180962",
"parent":"zCbSw68L2",
"text":"我也想说真的假的。。。。。。。。",
"mid":"zCdZUwScE",
"date":"2013-06-20 03:11:17"
},
{
"kids":[],
"uid":"1290245090",
"parent":"",
"text":"好残暴的人们啊，让我想起前日搁浅的海豚被游客给折腾死的事件，为了人类自己愚昧的好奇心就要剥夺这些生命",
"mid":"zCdResCI0",
"date":"2013-06-20 02:49:54"
},
{
"kids":[
"zCkdOfxyt"
],
"uid":"nan0609",
"parent":"zC2vI0MMy",
"text":"@腻歪太太",
"mid":"zCdHHa7Pn",
"date":"2013-06-20 02:26:24"
},
{
"kids":[
"zChbN2a1X"
],
"uid":"111987629",
"parent":"zCd47m44R",
"text":"@果壳网 @谣言粉碎机 求证！",
"mid":"zCdtTnshg",
"date":"2013-06-20 01:52:24"
},
{
"kids":[],
"uid":"1826991822",
"parent":"zCcU0FvnB",
"text":"回复@Janna_小静子:我五年前都见过这条鲶鱼。。",
"mid":"zCdhnaBAt",
"date":"2013-06-20 01:21:33"
},
{
"kids":[],
"uid":"2110368054",
"parent":"",
"text":"[汗][汗][汗]",
"mid":"zCdgbxPxs",
"date":"2013-06-20 01:18:38"
},
{
"kids":[
"zChbN2a1X",
"zCfQlzVWU",
"zCdtTnshg"
],
"uid":"3469395744",
"parent":"zC9c8tm0P",
"text":"假的吧",
"mid":"zCd47m44R",
"date":"2013-06-20 00:48:54"
},
{
"kids":[
"zCdhnaBAt"
],
"uid":"1826991822",
"parent":"",
"text":"。。。！",
"mid":"zCcU0FvnB",
"date":"2013-06-20 00:23:57"
},
{
"kids":[],
"uid":"2051061630",
"parent":"zCc6Csmy3",
"text":"",
"mid":"zCcz6CszC",
"date":"2013-06-19 23:32:30"
},
{
"kids":[],
"uid":"sunyingcheng",
"parent":"",
"text":"……假的……",
"mid":"zCcqajn7H",
"date":"2013-06-19 23:10:26"
},
{
"kids":[],
"uid":"2560872105",
"parent":"zC8v6cMFb",
"text":"What?crazy..",
"mid":"zCcjNvVj7",
"date":"2013-06-19 22:54:47"
},
{
"kids":[],
"uid":"loveforever823",
"parent":"zCbEogVRI",
"text":"淡水湖怎么会有鲸鲨呢。坐等辟谣",
"mid":"zCcdw2XVZ",
"date":"2013-06-19 22:39:15"
},
{
"kids":[],
"uid":"2043715453",
"parent":"",
"text":"",
"mid":"zCcb2nXpm",
"date":"2013-06-19 22:33:11"
},
{
"kids":[
"zCcz6CszC"
],
"uid":"2040066891",
"parent":"zC9vq4muz",
"text":"@闪光的废物SAGA @大东和大东 @HYS-Meach",
"mid":"zCc6Csmy3",
"date":"2013-06-19 22:22:16"
},
{
"kids":[],
"uid":"2259281004",
"parent":"zCc4RarTQ",
"text":"[吃惊]",
"mid":"zCc5edC00",
"date":"2013-06-19 22:18:53"
},
{
"kids":[
"zCc5edC00"
],
"uid":"rebeccamiyu",
"parent":"zCbQNaDrn",
"text":"那这货是啥[吃惊][吃惊][吃惊]",
"mid":"zCc4RarTQ",
"date":"2013-06-19 22:17:58"
},
{
"kids":[],
"uid":"2512255933",
"parent":"zCbSw68L2",
"text":"这不扯呢嘛？！湖里咋还出来鲸鲨了呢？！",
"mid":"zCc43aMYA",
"date":"2013-06-19 22:15:59"
},
{
"kids":[],
"uid":"2275215544",
"parent":"zCbSw68L2",
"text":"鲸鲨来的吧[汗]",
"mid":"zCbYnzBpk",
"date":"2013-06-19 22:01:59"
},
{
"kids":[],
"uid":"2761856584",
"parent":"",
"text":"",
"mid":"zCbTX2vM9",
"date":"2013-06-19 21:51:06"
},
{
"kids":[
"zCgaX2up1",
"zCdZUwScE",
"zCc43aMYA",
"zCbYnzBpk"
],
"uid":"311150757",
"parent":"",
"text":"真的加的？",
"mid":"zCbSw68L2",
"date":"2013-06-19 21:47:31"
},
{
"kids":[
"zCc5edC00",
"zCc4RarTQ"
],
"uid":"roger1008",
"parent":"zC79R7Hy5",
"text":"经当地权威证实 此新闻不属实 喀纳斯可以继续神秘下去了",
"mid":"zCbQNaDrn",
"date":"2013-06-19 21:43:19"
},
{
"kids":[],
"uid":"ciwei110",
"parent":"",
"text":"真的假的？？",
"mid":"zCbNEq6We",
"date":"2013-06-19 21:35:32"
},
{
"kids":[],
"uid":"2497767824",
"parent":"",
"text":"",
"mid":"zCbJF4z0F",
"date":"2013-06-19 21:25:46"
},
{
"kids":[
"zCij2yKkX",
"zCcdw2XVZ"
],
"uid":"1878025964",
"parent":"zCaMT772Y",
"text":"就是没盼头了",
"mid":"zCbEogVRI",
"date":"2013-06-19 21:12:43"
},
{
"kids":[],
"uid":"1286404002",
"parent":"",
"text":"鲸鲨！我没看图上当转了一次！",
"mid":"zCbDjulXw",
"date":"2013-06-19 21:10:05"
},
{
"kids":[],
"uid":"1286404002",
"parent":"",
"text":"",
"mid":"zCbCkkY4k",
"date":"2013-06-19 21:07:42"
},
{
"kids":[],
"uid":"2371602970",
"parent":"",
"text":"@像个爷们在奋斗 @Eminem8miles @theVII_OneKiss 还有什么神秘可言，就让他在湖底终老啊！！！！！希望此条消息是假的！假的！",
"mid":"zCb45uJTO",
"date":"2013-06-19 19:43:19"
},
{
"kids":[],
"uid":"39xp",
"parent":"",
"text":"本来好好的把人家捞起来干嘛嘛？",
"mid":"zCb1k5X1u",
"date":"2013-06-19 19:36:29"
},
{
"kids":[],
"uid":"eddyelf",
"parent":"zC7dw2nWN",
"text":"鲸鲨..",
"mid":"zCb0Fkg2o",
"date":"2013-06-19 19:34:53"
},
{
"kids":[],
"uid":"1749899077",
"parent":"zCaZX2uT0",
"text":"这么像我家鱼池的清道夫。。。",
"mid":"zCb0ihigO",
"date":"2013-06-19 19:33:57"
},
{
"kids":[
"zCb0ihigO"
],
"uid":"sm7184861",
"parent":"zC7HDiS0f",
"text":"谁前面和我说要去乌鲁木齐的来着",
"mid":"zCaZX2uT0",
"date":"2013-06-19 19:33:07"
},
{
"kids":[],
"uid":"2292779967",
"parent":"zCaMT772Y",
"text":"啊！！！！",
"mid":"zCaTPAHoq",
"date":"2013-06-19 19:18:03"
},
{
"kids":[
"zCij2yKkX",
"zCcdw2XVZ",
"zCbEogVRI",
"zCaTPAHoq"
],
"uid":"jiajia9053",
"parent":"zC9gyoS9l",
"text":"大的可以去拍西游降魔了，又把一大旅游特色破坏了",
"mid":"zCaMT772Y",
"date":"2013-06-19 19:00:57"
},
{
"kids":[],
"uid":"2245188497",
"parent":"zC7dw2nWN",
"text":"= =",
"mid":"zCaBsb1lv",
"date":"2013-06-19 18:32:46"
},
{
"kids":[],
"uid":"3108184742",
"parent":"",
"text":"@扬扬的小猫咪 小猫咪快来看，这么大的鱼鱼~",
"mid":"zCaaJCHsg",
"date":"2013-06-19 17:26:58"
},
{
"kids":[],
"uid":"2704330751",
"parent":"zC6Oh7r1j",
"text":"抓到这个中国人的第一个反应会是~~味道会怎么样啊？·····",
"mid":"zCa616HNl",
"date":"2013-06-19 17:15:21"
},
{
"kids":[],
"uid":"sxpm2003",
"parent":"zC9c8tm0P",
"text":"",
"mid":"zCa0rpNsk",
"date":"2013-06-19 17:01:35"
},
{
"kids":[],
"uid":"2278010915",
"parent":"",
"text":"@葵朵朵",
"mid":"zC9Pr97sH",
"date":"2013-06-19 16:34:29"
},
{
"kids":[],
"uid":"strikeback1988",
"parent":"zC9vq4muz",
"text":"鲸鲨",
"mid":"zC9PhErET",
"date":"2013-06-19 16:34:05"
},
{
"kids":[],
"uid":"2184004693",
"parent":"zC9gyoS9l",
"text":"以前看过央视的专题报道，但是这个图片也太模糊了吧 感觉不像真的",
"mid":"zC9ySx0fI",
"date":"2013-06-19 15:53:42"
},
{
"kids":[
"zCcz6CszC",
"zCc6Csmy3",
"zC9PhErET"
],
"uid":"1649393813",
"parent":"zC7054qcp",
"text":"哎呀干嘛捕捞它啊不要伤害它啊！！",
"mid":"zC9vq4muz",
"date":"2013-06-19 15:45:10"
},
{
"kids":[],
"uid":"10PERSIE",
"parent":"",
"text":"轉發微博",
"mid":"zC9tpkU7n",
"date":"2013-06-19 15:40:11"
},
{
"kids":[],
"uid":"3087717870",
"parent":"zC6Oh7r1j",
"text":"假的假的",
"mid":"zC9tgsVpw",
"date":"2013-06-19 15:39:51"
},
{
"kids":[],
"uid":"1889445943",
"parent":"zC9gsdyNd",
"text":"够我吃好久的口水鲶鱼了[花心]",
"mid":"zC9qutmYB",
"date":"2013-06-19 15:33:02"
},
{
"kids":[
"zCij2yKkX",
"zCcdw2XVZ",
"zCbEogVRI",
"zCaTPAHoq",
"zCaMT772Y",
"zC9ySx0fI"
],
"uid":"closeroom",
"parent":"zC9c8tm0P",
"text":"讨厌，以后野营、湖怪爱好者还有什么盼头，湖怪打出来都死了吧，好可怜！",
"mid":"zC9gyoS9l",
"date":"2013-06-19 15:08:33"
},
{
"kids":[
"zC9qutmYB"
],
"uid":"1774463595",
"parent":"zC7jxgpsl",
"text":"[震惊][震惊]这尼玛是成精怪了吧！鲶鱼？？",
"mid":"zC9gsdyNd",
"date":"2013-06-19 15:08:16"
},
{
"kids":[
"zCk2TdvuU",
"zCiHEtTb6",
"zCij2yKkX",
"zChbN2a1X",
"zCfQlzVWU",
"zCdtTnshg",
"zCd47m44R",
"zCcdw2XVZ",
"zCbEogVRI",
"zCaTPAHoq",
"zCaMT772Y",
"zCa0rpNsk",
"zC9ySx0fI",
"zC9gyoS9l"
],
"uid":"3447371562",
"parent":"zC8v6cMFb",
"text":"哎！求真的心有时真的是伴随着破坏！接下来又打算干什么？",
"mid":"zC9c8tm0P",
"date":"2013-06-19 14:57:40"
},
{
"kids":[],
"uid":"1114258552",
"parent":"",
"text":"为什么要杀死它",
"mid":"zC97u6kbO",
"date":"2013-06-19 14:46:10"
},
{
"kids":[],
"uid":"2976405527",
"parent":"zC792BerH",
"text":"求",
"mid":"zC8Z591DA",
"date":"2013-06-19 14:25:29"
},
{
"kids":[],
"uid":"1793476851",
"parent":"zC7yhwjhC",
"text":"一等一的假！旺季吸引游客的把戏",
"mid":"zC8XUqOhs",
"date":"2013-06-19 14:22:37"
},
{
"kids":[],
"uid":"1303516033",
"parent":"zC6Oh7r1j",
"text":"是假的！~ 别信了！~ 谣言！~[弱]",
"mid":"zC8FVvApV",
"date":"2013-06-19 13:38:17"
},
{
"kids":[],
"uid":"dayaya",
"parent":"zC7HX3zIR",
"text":"真的啊，好恐怖啊，我会吓死的",
"mid":"zC8DSbNxH",
"date":"2013-06-19 13:33:15"
},
{
"kids":[
"zClaUkqvz",
"zCk2TdvuU",
"zCiHEtTb6",
"zCij2yKkX",
"zChbN2a1X",
"zCfQlzVWU",
"zCdtTnshg",
"zCd47m44R",
"zCcjNvVj7",
"zCcdw2XVZ",
"zCbEogVRI",
"zCaTPAHoq",
"zCaMT772Y",
"zCa0rpNsk",
"zC9ySx0fI",
"zC9gyoS9l",
"zC9c8tm0P"
],
"uid":"525901243",
"parent":"",
"text":"干嘛把它捞起来。会不会很好吃",
"mid":"zC8v6cMFb",
"date":"2013-06-19 13:11:38"
},
{
"kids":[],
"uid":"lovetheworldandme",
"parent":"zC792BerH",
"text":"what？！！！",
"mid":"zC8npybjW",
"date":"2013-06-19 12:52:40"
},
{
"kids":[],
"uid":"qinloveart",
"parent":"zC7e1E0Sz",
"text":"不是纪录片有说水怪是哲罗鲑吗",
"mid":"zC8bwzSI1",
"date":"2013-06-19 12:23:25"
},
{
"kids":[],
"uid":"329069898",
"parent":"",
"text":"@tang义杰 快来看",
"mid":"zC844bIEd",
"date":"2013-06-19 12:05:02"
},
{
"kids":[],
"uid":"1736748884",
"parent":"zC7FLa0GZ",
"text":"还是放了吧= =",
"mid":"zC81Gq0p4",
"date":"2013-06-19 11:59:09"
},
{
"kids":[],
"uid":"1958825715",
"parent":"zC7bWf3w6",
"text":"AB里面那条！",
"mid":"zC7ZLADQg",
"date":"2013-06-19 11:54:27"
},
{
"kids":[],
"uid":"2345748153",
"parent":"zC6Tp5jSY",
"text":"好神奇",
"mid":"zC7IS4yxo",
"date":"2013-06-19 11:12:48"
},
{
"kids":[
"zC8DSbNxH"
],
"uid":"338459888",
"parent":"zC7eVuAaY",
"text":"",
"mid":"zC7HX3zIR",
"date":"2013-06-19 11:10:32"
},
{
"kids":[
"zCb0ihigO",
"zCaZX2uT0"
],
"uid":"lxk19970803",
"parent":"zC7FLa0GZ",
"text":"好大的鱼…吃什么活下来的？（道道道用酱牛肉喂出来的么＝ ＝？",
"mid":"zC7HDiS0f",
"date":"2013-06-19 11:09:46"
},
{
"kids":[
"zCb0ihigO",
"zCaZX2uT0",
"zC81Gq0p4",
"zC7HDiS0f"
],
"uid":"512322060",
"parent":"zC7bWf3w6",
"text":"(*´﹃｀*)卖鱼肉，详情私信本博【等",
"mid":"zC7FLa0GZ",
"date":"2013-06-19 11:05:08"
},
{
"kids":[
"zC8XUqOhs"
],
"uid":"1878512995",
"parent":"zC79R7Hy5",
"text":"太假了",
"mid":"zC7yhwjhC",
"date":"2013-06-19 10:46:43"
},
{
"kids":[],
"uid":"1878512995",
"parent":"zC79R7Hy5",
"text":"假的",
"mid":"zC7xpbaTN",
"date":"2013-06-19 10:44:33"
},
{
"kids":[],
"uid":"lingci",
"parent":"zC7ofukYj",
"text":"可以吃好久啦。。",
"mid":"zC7xbergk",
"date":"2013-06-19 10:44:01"
},
{
"kids":[],
"uid":"2236017313",
"parent":"",
"text":"太可怕了。",
"mid":"zC7sT1W7I",
"date":"2013-06-19 10:33:25"
},
{
"kids":[],
"uid":"wyymj",
"parent":"",
"text":"从小学关注它到高中毕业，终于晓得它是啥子了，不过很伤心。人类自私的好奇心害死了它，人家就是大点又没有做啥子坏事，凭啥子捕人家嘛。愚蠢的人类，你们现在看着这具尸体很有成就感吗？[怒][吐]",
"mid":"zC7pifArZ",
"date":"2013-06-19 10:24:35"
},
{
"kids":[],
"uid":"2003815625",
"parent":"zC7dw2nWN",
"text":"喀纳斯湖里有鲸鲨？你TM在逗我玩？",
"mid":"zC7p15fxQ",
"date":"2013-06-19 10:23:52"
},
{
"kids":[],
"uid":"2516204344",
"parent":"zC6Yf1R4w",
"text":"假的，是鲸鲨",
"mid":"zC7oNuNsJ",
"date":"2013-06-19 10:23:22"
},
{
"kids":[
"zC7xbergk"
],
"uid":"darewho",
"parent":"zC7jxgpsl",
"text":"假的啦…博物杂志辟过谣，这是海鲨，不可能在喀纳斯湖里出现的",
"mid":"zC7ofukYj",
"date":"2013-06-19 10:22:01"
},
{
"kids":[
"zC9qutmYB",
"zC9gsdyNd",
"zC7xbergk",
"zC7ofukYj"
],
"uid":"31798049",
"parent":"zC7bWf3w6",
"text":"太可怕了。",
"mid":"zC7jxgpsl",
"date":"2013-06-19 10:10:25"
},
{
"kids":[],
"uid":"2050106317",
"parent":"zC74nztx0",
"text":"卧槽",
"mid":"zC7hoA27E",
"date":"2013-06-19 10:05:07"
},
{
"kids":[
"zC8DSbNxH",
"zC7HX3zIR"
],
"uid":"2070251200",
"parent":"zC79R7Hy5",
"text":"这是鲸鲨，喀纳斯是淡水湖，不会有这东西哒",
"mid":"zC7eVuAaY",
"date":"2013-06-19 09:59:03"
},
{
"kids":[
"zC8bwzSI1"
],
"uid":"wangdanqingtimes",
"parent":"zC7dw2nWN",
"text":"哟西假新闻啊！！！",
"mid":"zC7e1E0Sz",
"date":"2013-06-19 09:56:50"
},
{
"kids":[
"zCb0Fkg2o",
"zCaBsb1lv",
"zC8bwzSI1",
"zC7p15fxQ",
"zC7e1E0Sz"
],
"uid":"acqlx",
"parent":"zC74nztx0",
"text":"这是鲸鲨啊 喀纳斯湖是咸水湖？",
"mid":"zC7dw2nWN",
"date":"2013-06-19 09:55:33"
},
{
"kids":[],
"uid":"2053435485",
"parent":"zC6Tp5jSY",
"text":"就是大鲶鱼。。。",
"mid":"zC7d919bi",
"date":"2013-06-19 09:54:41"
},
{
"kids":[],
"uid":"1314iYY",
"parent":"zC3xBA1s8",
"text":"目测可信度极低",
"mid":"zC7cW3fsI",
"date":"2013-06-19 09:54:07"
},
{
"kids":[
"zCjH3gSFQ",
"zCjvC8p2l",
"zCjhtFFCg",
"zCiVQaaFx",
"zCiTOxJGT",
"zCiGGtT43",
"zCiBn1suo",
"zCiwSoTjm",
"zCimQ2GnU",
"zCimJwo20",
"zCimweD2u",
"zCilslI9L",
"zCiiUxlSw",
"zCifVzR63",
"zCif1q6zV",
"zCieXlEVn",
"zCiemmDL6",
"zCicZh8IA",
"zCicbCc4T",
"zCibD3W7m",
"zCiaOfWbI",
"zCi9f1Sb5",
"zCi98ya3n",
"zCi92Cfpl",
"zCi7O4Qpy",
"zCi6QEMZT",
"zCi6Nbh4y",
"zCi61yUbm",
"zCi5O0OLP",
"zCi4ajpYT",
"zCi2FxzBQ",
"zCi2EmIMi",
"zCi2swL8g",
"zCi2lacTE",
"zCi2kyyY2",
"zCi2kipHm",
"zCi2kgXyZ",
"zCi2h1ucM",
"zCi2dt1yL",
"zCi2avbBr",
"zCi24jo2i",
"zCi21lBiZ",
"zCi1OlrwT",
"zCi1MiOH4",
"zCi1JD4vx",
"zCi1J1qMU",
"zCi1FssE9",
"zCi1q6CcB",
"zCi1o3wLK",
"zCi1nbBzr",
"zCi1hwehI",
"zCi16kN14",
"zCi13oWoe",
"zCi107ion",
"zCi0Y4oIS",
"zCi0Xb9tw",
"zCi0V8ywV",
"zCi0UdNYE",
"zCi0T4sxq",
"zCi0RhY3u",
"zCi0Qm4i5",
"zCi0KrpCL",
"zCi0J04hp",
"zCi0GAQaR",
"zCi0GAQ96",
"zCi0F7oxM",
"zCi0Cc8mX",
"zCi0yn3AQ",
"zCi0wz37X",
"zCi0q39AL",
"zCi0oiFaw",
"zCi0bz6ZN",
"zCi0bz6Z6",
"zCi079l42",
"zCi00lrgQ",
"zChZZsceZ",
"zChMuCx2u",
"zCb0ihigO",
"zCaZX2uT0",
"zC9qutmYB",
"zC9gsdyNd",
"zC81Gq0p4",
"zC7ZLADQg",
"zC7HDiS0f",
"zC7FLa0GZ",
"zC7xbergk",
"zC7ofukYj",
"zC7jxgpsl"
],
"uid":"2691783365",
"parent":"zC74nztx0",
"text":"卧槽三道湾@道道道冷静地说道",
"mid":"zC7bWf3w6",
"date":"2013-06-19 09:51:40"
},
{
"kids":[
"zCfmRDp0M",
"zCc5edC00",
"zCc4RarTQ",
"zCbQNaDrn",
"zC8XUqOhs",
"zC8DSbNxH",
"zC7HX3zIR",
"zC7yhwjhC",
"zC7xpbaTN",
"zC7eVuAaY"
],
"uid":"loveyan323",
"parent":"zC6UYySSJ",
"text":"好好的非捞出来弄死别人干嘛",
"mid":"zC79R7Hy5",
"date":"2013-06-19 09:46:33"
},
{
"kids":[
"zC8Z591DA",
"zC8npybjW"
],
"uid":"lclbmh",
"parent":"zC225dxC6",
"text":"求",
"mid":"zC792BerH",
"date":"2013-06-19 09:44:33"
},
{
"kids":[],
"uid":"1410516805",
"parent":"",
"text":"你们人类太可恶。。。",
"mid":"zC76io2fC",
"date":"2013-06-19 09:37:47"
},
{
"kids":[
"zCjH3gSFQ",
"zCjvC8p2l",
"zCjhtFFCg",
"zCiVQaaFx",
"zCiTOxJGT",
"zCiGGtT43",
"zCiBn1suo",
"zCiwSoTjm",
"zCimQ2GnU",
"zCimJwo20",
"zCimweD2u",
"zCilslI9L",
"zCiiUxlSw",
"zCifVzR63",
"zCif1q6zV",
"zCieXlEVn",
"zCiemmDL6",
"zCicZh8IA",
"zCicbCc4T",
"zCibD3W7m",
"zCiaOfWbI",
"zCi9f1Sb5",
"zCi98ya3n",
"zCi92Cfpl",
"zCi7O4Qpy",
"zCi6QEMZT",
"zCi6Nbh4y",
"zCi61yUbm",
"zCi5O0OLP",
"zCi4ajpYT",
"zCi2FxzBQ",
"zCi2EmIMi",
"zCi2swL8g",
"zCi2lacTE",
"zCi2kyyY2",
"zCi2kipHm",
"zCi2kgXyZ",
"zCi2h1ucM",
"zCi2dt1yL",
"zCi2avbBr",
"zCi24jo2i",
"zCi21lBiZ",
"zCi1OlrwT",
"zCi1MiOH4",
"zCi1JD4vx",
"zCi1J1qMU",
"zCi1FssE9",
"zCi1q6CcB",
"zCi1o3wLK",
"zCi1nbBzr",
"zCi1hwehI",
"zCi16kN14",
"zCi13oWoe",
"zCi107ion",
"zCi0Y4oIS",
"zCi0Xb9tw",
"zCi0V8ywV",
"zCi0UdNYE",
"zCi0T4sxq",
"zCi0RhY3u",
"zCi0Qm4i5",
"zCi0KrpCL",
"zCi0J04hp",
"zCi0GAQaR",
"zCi0GAQ96",
"zCi0F7oxM",
"zCi0Cc8mX",
"zCi0yn3AQ",
"zCi0wz37X",
"zCi0q39AL",
"zCi0oiFaw",
"zCi0bz6ZN",
"zCi0bz6Z6",
"zCi079l42",
"zCi00lrgQ",
"zChZZsceZ",
"zChMuCx2u",
"zCb0Fkg2o",
"zCb0ihigO",
"zCaZX2uT0",
"zCaBsb1lv",
"zC9qutmYB",
"zC9gsdyNd",
"zC8bwzSI1",
"zC81Gq0p4",
"zC7ZLADQg",
"zC7HDiS0f",
"zC7FLa0GZ",
"zC7xbergk",
"zC7p15fxQ",
"zC7ofukYj",
"zC7jxgpsl",
"zC7hoA27E",
"zC7e1E0Sz",
"zC7dw2nWN",
"zC7bWf3w6"
],
"uid":"1919160742",
"parent":"zC73r61zx",
"text":"成精了cc@AcFun微博9课",
"mid":"zC74nztx0",
"date":"2013-06-19 09:33:03"
},
{
"kids":[
"zCjH3gSFQ",
"zCjvC8p2l",
"zCjhtFFCg",
"zCiVQaaFx",
"zCiTOxJGT",
"zCiGGtT43",
"zCiBn1suo",
"zCiwSoTjm",
"zCimQ2GnU",
"zCimJwo20",
"zCimweD2u",
"zCilslI9L",
"zCiiUxlSw",
"zCifVzR63",
"zCif1q6zV",
"zCieXlEVn",
"zCiemmDL6",
"zCicZh8IA",
"zCicbCc4T",
"zCibD3W7m",
"zCiaOfWbI",
"zCi9f1Sb5",
"zCi98ya3n",
"zCi92Cfpl",
"zCi7O4Qpy",
"zCi6QEMZT",
"zCi6Nbh4y",
"zCi61yUbm",
"zCi5O0OLP",
"zCi4ajpYT",
"zCi2FxzBQ",
"zCi2EmIMi",
"zCi2swL8g",
"zCi2lacTE",
"zCi2kyyY2",
"zCi2kipHm",
"zCi2kgXyZ",
"zCi2h1ucM",
"zCi2dt1yL",
"zCi2avbBr",
"zCi24jo2i",
"zCi21lBiZ",
"zCi1OlrwT",
"zCi1MiOH4",
"zCi1JD4vx",
"zCi1J1qMU",
"zCi1FssE9",
"zCi1q6CcB",
"zCi1o3wLK",
"zCi1nbBzr",
"zCi1hwehI",
"zCi16kN14",
"zCi13oWoe",
"zCi107ion",
"zCi0Y4oIS",
"zCi0Xb9tw",
"zCi0V8ywV",
"zCi0UdNYE",
"zCi0T4sxq",
"zCi0RhY3u",
"zCi0Qm4i5",
"zCi0KrpCL",
"zCi0J04hp",
"zCi0GAQaR",
"zCi0GAQ96",
"zCi0F7oxM",
"zCi0Cc8mX",
"zCi0yn3AQ",
"zCi0wz37X",
"zCi0q39AL",
"zCi0oiFaw",
"zCi0bz6ZN",
"zCi0bz6Z6",
"zCi079l42",
"zCi00lrgQ",
"zChZZsceZ",
"zChMuCx2u",
"zCb0Fkg2o",
"zCb0ihigO",
"zCaZX2uT0",
"zCaBsb1lv",
"zC9qutmYB",
"zC9gsdyNd",
"zC8bwzSI1",
"zC81Gq0p4",
"zC7ZLADQg",
"zC7HDiS0f",
"zC7FLa0GZ",
"zC7xbergk",
"zC7p15fxQ",
"zC7ofukYj",
"zC7jxgpsl",
"zC7hoA27E",
"zC7e1E0Sz",
"zC7dw2nWN",
"zC7bWf3w6",
"zC74nztx0"
],
"uid":"wangdanqingtimes",
"parent":"zC6Tp5jSY",
"text":"大鲶鱼？",
"mid":"zC73r61zx",
"date":"2013-06-19 09:30:44"
},
{
"kids":[
"zCcz6CszC",
"zCc6Csmy3",
"zC9PhErET",
"zC9vq4muz"
],
"uid":"1816596223",
"parent":"",
"text":"@贝大贝Big-Peach    这个你给别人吧   我准备的盆儿小  给我个水煮鱼盆子能装下的就好啦。",
"mid":"zC7054qcp",
"date":"2013-06-19 09:22:27"
},
{
"kids":[
"zC7oNuNsJ"
],
"uid":"2362906155",
"parent":"zC3HRvOC0",
"text":"撒[吃惊][吃惊][思考]@胡_二妮 @王溯爱科比 @你是太阳-",
"mid":"zC6Yf1R4w",
"date":"2013-06-19 09:17:56"
},
{
"kids":[
"zCzsYFV4w",
"zCyNL1tac"
],
"uid":"3230250202",
"parent":"zC3LWdeLa",
"text":"",
"mid":"zC6VQoN5R",
"date":"2013-06-19 09:12:02"
},
{
"kids":[
"zCfmRDp0M",
"zCc5edC00",
"zCc4RarTQ",
"zCbQNaDrn",
"zC8XUqOhs",
"zC8DSbNxH",
"zC7HX3zIR",
"zC7yhwjhC",
"zC7xpbaTN",
"zC7eVuAaY",
"zC79R7Hy5"
],
"uid":"yifan611",
"parent":"",
"text":"我知道喀纳斯有水怪 不是说好的哲罗鲑么！[崩溃]",
"mid":"zC6UYySSJ",
"date":"2013-06-19 09:09:53"
},
{
"kids":[
"zCjH3gSFQ",
"zCjvC8p2l",
"zCjhtFFCg",
"zCiVQaaFx",
"zCiTOxJGT",
"zCiGGtT43",
"zCiBn1suo",
"zCiwSoTjm",
"zCimQ2GnU",
"zCimJwo20",
"zCimweD2u",
"zCilslI9L",
"zCiiUxlSw",
"zCifVzR63",
"zCif1q6zV",
"zCieXlEVn",
"zCiemmDL6",
"zCicZh8IA",
"zCicbCc4T",
"zCibD3W7m",
"zCiaOfWbI",
"zCi9f1Sb5",
"zCi98ya3n",
"zCi92Cfpl",
"zCi7O4Qpy",
"zCi6QEMZT",
"zCi6Nbh4y",
"zCi61yUbm",
"zCi5O0OLP",
"zCi4ajpYT",
"zCi2FxzBQ",
"zCi2EmIMi",
"zCi2swL8g",
"zCi2lacTE",
"zCi2kyyY2",
"zCi2kipHm",
"zCi2kgXyZ",
"zCi2h1ucM",
"zCi2dt1yL",
"zCi2avbBr",
"zCi24jo2i",
"zCi21lBiZ",
"zCi1OlrwT",
"zCi1MiOH4",
"zCi1JD4vx",
"zCi1J1qMU",
"zCi1FssE9",
"zCi1q6CcB",
"zCi1o3wLK",
"zCi1nbBzr",
"zCi1hwehI",
"zCi16kN14",
"zCi13oWoe",
"zCi107ion",
"zCi0Y4oIS",
"zCi0Xb9tw",
"zCi0V8ywV",
"zCi0UdNYE",
"zCi0T4sxq",
"zCi0RhY3u",
"zCi0Qm4i5",
"zCi0KrpCL",
"zCi0J04hp",
"zCi0GAQaR",
"zCi0GAQ96",
"zCi0F7oxM",
"zCi0Cc8mX",
"zCi0yn3AQ",
"zCi0wz37X",
"zCi0q39AL",
"zCi0oiFaw",
"zCi0bz6ZN",
"zCi0bz6Z6",
"zCi079l42",
"zCi00lrgQ",
"zChZZsceZ",
"zChMuCx2u",
"zCb0Fkg2o",
"zCb0ihigO",
"zCaZX2uT0",
"zCaBsb1lv",
"zC9qutmYB",
"zC9gsdyNd",
"zC8bwzSI1",
"zC81Gq0p4",
"zC7ZLADQg",
"zC7IS4yxo",
"zC7HDiS0f",
"zC7FLa0GZ",
"zC7xbergk",
"zC7p15fxQ",
"zC7ofukYj",
"zC7jxgpsl",
"zC7hoA27E",
"zC7e1E0Sz",
"zC7dw2nWN",
"zC7d919bi",
"zC7bWf3w6",
"zC74nztx0",
"zC73r61zx"
],
"uid":"badmovies",
"parent":"zC6Lug3lV",
"text":"也不就是个大鱼儿嘛，哈哈",
"mid":"zC6Tp5jSY",
"date":"2013-06-19 09:06:01"
},
{
"kids":[],
"uid":"achene1979",
"parent":"zC6Lug3lV",
"text":"回复@汞汞汞汞:查证了一下，是假新闻，这个物种说是鲸鲨",
"mid":"zC6S7zqw2",
"date":"2013-06-19 09:02:52"
},
{
"kids":[],
"uid":"chegolee",
"parent":"zC6Lug3lV",
"text":"这得吃多少天啊",
"mid":"zC6PTitmR",
"date":"2013-06-19 08:57:22"
},
{
"kids":[
"zCfwECVzD",
"zCa616HNl",
"zC9tgsVpw",
"zC8FVvApV"
],
"uid":"aegetlow",
"parent":"",
"text":"小学课本见过，原来是真的！",
"mid":"zC6Oh7r1j",
"date":"2013-06-19 08:53:22"
},
{
"kids":[
"zCjH3gSFQ",
"zCjvC8p2l",
"zCjhtFFCg",
"zCiVQaaFx",
"zCiTOxJGT",
"zCiGGtT43",
"zCiBn1suo",
"zCiwSoTjm",
"zCimQ2GnU",
"zCimJwo20",
"zCimweD2u",
"zCilslI9L",
"zCiiUxlSw",
"zCifVzR63",
"zCif1q6zV",
"zCieXlEVn",
"zCiemmDL6",
"zCicZh8IA",
"zCicbCc4T",
"zCibD3W7m",
"zCiaOfWbI",
"zCi9f1Sb5",
"zCi98ya3n",
"zCi92Cfpl",
"zCi7O4Qpy",
"zCi6QEMZT",
"zCi6Nbh4y",
"zCi61yUbm",
"zCi5O0OLP",
"zCi4ajpYT",
"zCi2FxzBQ",
"zCi2EmIMi",
"zCi2swL8g",
"zCi2lacTE",
"zCi2kyyY2",
"zCi2kipHm",
"zCi2kgXyZ",
"zCi2h1ucM",
"zCi2dt1yL",
"zCi2avbBr",
"zCi24jo2i",
"zCi21lBiZ",
"zCi1OlrwT",
"zCi1MiOH4",
"zCi1JD4vx",
"zCi1J1qMU",
"zCi1FssE9",
"zCi1q6CcB",
"zCi1o3wLK",
"zCi1nbBzr",
"zCi1hwehI",
"zCi16kN14",
"zCi13oWoe",
"zCi107ion",
"zCi0Y4oIS",
"zCi0Xb9tw",
"zCi0V8ywV",
"zCi0UdNYE",
"zCi0T4sxq",
"zCi0RhY3u",
"zCi0Qm4i5",
"zCi0KrpCL",
"zCi0J04hp",
"zCi0GAQaR",
"zCi0GAQ96",
"zCi0F7oxM",
"zCi0Cc8mX",
"zCi0yn3AQ",
"zCi0wz37X",
"zCi0q39AL",
"zCi0oiFaw",
"zCi0bz6ZN",
"zCi0bz6Z6",
"zCi079l42",
"zCi00lrgQ",
"zChZZsceZ",
"zChMuCx2u",
"zCb0Fkg2o",
"zCb0ihigO",
"zCaZX2uT0",
"zCaBsb1lv",
"zC9qutmYB",
"zC9gsdyNd",
"zC8bwzSI1",
"zC81Gq0p4",
"zC7ZLADQg",
"zC7IS4yxo",
"zC7HDiS0f",
"zC7FLa0GZ",
"zC7xbergk",
"zC7p15fxQ",
"zC7ofukYj",
"zC7jxgpsl",
"zC7hoA27E",
"zC7e1E0Sz",
"zC7dw2nWN",
"zC7d919bi",
"zC7bWf3w6",
"zC74nztx0",
"zC73r61zx",
"zC6Tp5jSY",
"zC6S7zqw2",
"zC6PTitmR"
],
"uid":"achene1979",
"parent":"",
"text":"[太开心]真de有湖怪，不是电影和传说",
"mid":"zC6Lug3lV",
"date":"2013-06-19 08:46:31"
},
{
"kids":[],
"uid":"1406526247",
"parent":"",
"text":"见怪不怪，看看旁边人的衣着不太像是在新疆的氛围！",
"mid":"zC656cBe6",
"date":"2013-06-19 07:02:05"
},
{
"kids":[],
"uid":"1939316737",
"parent":"zC1KV9xtv",
"text":"",
"mid":"zC4CkeSyK",
"date":"2013-06-19 03:18:27"
},
{
"kids":[],
"uid":"flytosand",
"parent":"zC3ffpvi2",
"text":"真的么！这么大！湖里就这一个还是还有？",
"mid":"zC4iTf6ef",
"date":"2013-06-19 02:30:33"
},
{
"kids":[
"zCzsYFV4w",
"zCyNL1tac",
"zC6VQoN5R"
],
"uid":"335615666",
"parent":"zC3KOpLQY",
"text":"",
"mid":"zC3LWdeLa",
"date":"2013-06-19 01:09:23"
},
{
"kids":[
"zCzsYFV4w",
"zCyNL1tac",
"zC6VQoN5R",
"zC3LWdeLa"
],
"uid":"1961812857",
"parent":"zC225dxC6",
"text":"能吃不？",
"mid":"zC3KOpLQY",
"date":"2013-06-19 01:06:37"
},
{
"kids":[],
"uid":"2296719803",
"parent":"",
"text":"真的假的～[爱你][哈哈]@人鱼姑娘其实离不开那片海呢",
"mid":"zC3JZl96Z",
"date":"2013-06-19 01:04:35"
},
{
"kids":[
"zC7oNuNsJ",
"zC6Yf1R4w"
],
"uid":"2914300682",
"parent":"",
"text":"我操，，真有这东西啊！！！",
"mid":"zC3HRvOC0",
"date":"2013-06-19 00:59:21"
},
{
"kids":[],
"uid":"2395487301",
"parent":"zC3xBA1s8",
"text":"回复@_张富贵:我谨记您的教诲！大哥早早歇息、小弟睡了。大哥晚安",
"mid":"zC3F5fbxm",
"date":"2013-06-19 00:52:30"
},
{
"kids":[],
"uid":"furkat888",
"parent":"",
"text":"",
"mid":"zC3ABswxB",
"date":"2013-06-19 00:41:27"
},
{
"kids":[
"zC7cW3fsI",
"zC3F5fbxm"
],
"uid":"2395487301",
"parent":"",
"text":"@Ji不花",
"mid":"zC3xBA1s8",
"date":"2013-06-19 00:34:05"
},
{
"kids":[],
"uid":"2890950641",
"parent":"",
"text":"",
"mid":"zC3tfwsa0",
"date":"2013-06-19 00:23:21"
},
{
"kids":[],
"uid":"2372408561",
"parent":"",
"text":"哇，还真有湖怪啊？这个跟西游降魔里的那只好像呀！",
"mid":"zC3ly3XJs",
"date":"2013-06-19 00:04:19"
},
{
"kids":[
"zC4iTf6ef"
],
"uid":"1117329687",
"parent":"zC1qFhWki",
"text":"喀纳斯真的有湖怪！[吃惊][吃惊][吃惊]",
"mid":"zC3ffpvi2",
"date":"2013-06-18 23:48:50"
},
{
"kids":[
"zCkdOfxyt",
"zCdHHa7Pn"
],
"uid":"2403239147",
"parent":"",
"text":"我打算明天去看看呢，有没有一起去看水怪的啊。[酷]",
"mid":"zC2vI0MMy",
"date":"2013-06-18 21:56:38"
},
{
"kids":[],
"uid":"2471307593",
"parent":"zC1kM57bX",
"text":"[鼓掌]",
"mid":"zC26TAWpN",
"date":"2013-06-18 20:55:30"
},
{
"kids":[
"zCzsYFV4w",
"zCyNL1tac",
"zC8Z591DA",
"zC8npybjW",
"zC792BerH",
"zC6VQoN5R",
"zC3LWdeLa",
"zC3KOpLQY"
],
"uid":"2239112611",
"parent":"",
"text":"[吃惊]",
"mid":"zC225dxC6",
"date":"2013-06-18 20:43:38"
},
{
"kids":[],
"uid":"2458710844",
"parent":"zC1kM57bX",
"text":"假的吧",
"mid":"zC1RKzhZJ",
"date":"2013-06-18 20:18:11"
},
{
"kids":[
"zC4CkeSyK"
],
"uid":"2453056765",
"parent":"",
"text":"转发",
"mid":"zC1KV9xtv",
"date":"2013-06-18 20:01:22"
},
{
"kids":[],
"uid":"2989895160",
"parent":"",
"text":"@翟小晓 @Estelle_闹闹你别闹",
"mid":"zC1DutktC",
"date":"2013-06-18 19:43:05"
},
{
"kids":[],
"uid":"gnnaaann",
"parent":"zC1kM57bX",
"text":"真假",
"mid":"zC1Dh9ruv",
"date":"2013-06-18 19:42:30"
},
{
"kids":[],
"uid":"377628012",
"parent":"zC1wqxwb8",
"text":"",
"mid":"zC1xn30P4",
"date":"2013-06-18 19:27:58"
},
{
"kids":[
"zC1xn30P4"
],
"uid":"2645619531",
"parent":"zC1kM57bX",
"text":"真的假的",
"mid":"zC1wqxwb8",
"date":"2013-06-18 19:25:41"
},
{
"kids":[],
"uid":"1880349055",
"parent":"zC1qFhWki",
"text":"？",
"mid":"zC1vXwZpm",
"date":"2013-06-18 19:24:30"
},
{
"kids":[],
"uid":"xuyuanshan",
"parent":"zC1qFhWki",
"text":"真的假的？？？",
"mid":"zC1rZovVu",
"date":"2013-06-18 19:14:43"
},
{
"kids":[
"zC4iTf6ef",
"zC3ffpvi2",
"zC1vXwZpm",
"zC1rZovVu"
],
"uid":"1914043783",
"parent":"",
"text":"",
"mid":"zC1qFhWki",
"date":"2013-06-18 19:11:27"
},
{
"kids":[],
"uid":"1415643451",
"parent":"",
"text":"P的痕迹好严重……",
"mid":"zC1qc0eSW",
"date":"2013-06-18 19:10:18"
},
{
"kids":[],
"uid":"1734806820",
"parent":"zC1kM57bX",
"text":"喀纳斯湖怪被打捞出来了？[吃惊][吃惊][吃惊][吃惊]",
"mid":"zC1nDERyJ",
"date":"2013-06-18 19:04:02"
},
{
"kids":[],
"uid":"1346634190",
"parent":"",
"text":"是真的吗？",
"mid":"zC1nDkwej",
"date":"2013-06-18 19:04:01"
},
{
"kids":[],
"uid":"herbjuice",
"parent":"zC1kM57bX",
"text":"可以吃鱼汤了，@荷a宝 到你们家吃铁板生鱼片嘛，我出芥末",
"mid":"zC1nk9TmM",
"date":"2013-06-18 19:03:13"
},
{
"kids":[
"zC26TAWpN",
"zC1RKzhZJ",
"zC1Dh9ruv",
"zC1xn30P4",
"zC1wqxwb8",
"zC1nDERyJ",
"zC1nk9TmM"
],
"uid":"2466479760",
"parent":"",
"text":"[围观][围观][围观]",
"mid":"zC1kM57bX",
"date":"2013-06-18 18:56:58"
},
{
"kids":[],
"uid":"1699706602",
"parent":"",
"text":"转发微博。",
"mid":"zC1kvu9k0",
"date":"2013-06-18 18:56:20"
},
{
"kids":[],
"uid":"1150137234",
"parent":"",
"text":"",
"mid":"zC1kt9hsG",
"date":"2013-06-18 18:56:13"
},
{
"kids":[],
"uid":"1892905087",
"parent":"",
"text":"这不是鲶鱼吗",
"mid":"zC1k13rh9",
"date":"2013-06-18 18:55:04"
}
]