[
{
"kids":[],
"uid":"2920303984",
"parent":"",
"text":"",
"mid":"zvbxpfOBm",
"date":"2013-05-04 20:03:24"
},
{
"kids":[],
"uid":"2790085490",
"parent":"",
"text":"",
"mid":"zvbxpe3L7",
"date":"2013-05-04 20:03:25"
},
{
"kids":[],
"uid":"3044515240",
"parent":"",
"text":"",
"mid":"zuBF8ytKd",
"date":"2013-05-01 00:43:36"
},
{
"kids":[],
"uid":"2805201702",
"parent":"",
"text":"",
"mid":"zux2zvtAB",
"date":"2013-04-30 12:57:36"
},
{
"kids":[],
"uid":"2919819000",
"parent":"",
"text":"",
"mid":"zux2zvtxZ",
"date":"2013-04-30 12:57:36"
},
{
"kids":[],
"uid":"2810398174",
"parent":"",
"text":"",
"mid":"zua8lyCYJ",
"date":"2013-04-28 02:38:38"
},
{
"kids":[],
"uid":"3044808622",
"parent":"",
"text":"",
"mid":"zu0AQ2oOn",
"date":"2013-04-27 02:21:21"
},
{
"kids":[],
"uid":"3044288150",
"parent":"",
"text":"",
"mid":"zu0APsimE",
"date":"2013-04-27 02:21:21"
},
{
"kids":[],
"uid":"1762956481",
"parent":"zsflUCAKo",
"text":"",
"mid":"ztl7YCe9f",
"date":"2013-04-22 16:47:39"
},
{
"kids":[],
"uid":"2809287210",
"parent":"",
"text":"",
"mid":"ztgTmpkc6",
"date":"2013-04-22 06:00:39"
},
{
"kids":[],
"uid":"2810126504",
"parent":"",
"text":"",
"mid":"zt9LLgTbF",
"date":"2013-04-21 11:52:42"
},
{
"kids":[],
"uid":"lxt2kzw",
"parent":"",
"text":"[生病]",
"mid":"zsZWk7SUY",
"date":"2013-04-20 10:51:15"
},
{
"kids":[],
"uid":"2919953142",
"parent":"",
"text":"",
"mid":"zsWCi0cFj",
"date":"2013-04-20 02:23:39"
},
{
"kids":[],
"uid":"3044181012",
"parent":"",
"text":"",
"mid":"zsWCi0cCu",
"date":"2013-04-20 02:23:39"
},
{
"kids":[],
"uid":"1997833997",
"parent":"zsf1N6Be7",
"text":"",
"mid":"zsLvXk9xO",
"date":"2013-04-18 22:07:50"
},
{
"kids":[],
"uid":"2089487461",
"parent":"zsxST0Ajj",
"text":"好人一生平安",
"mid":"zsAioA9BU",
"date":"2013-04-17 17:34:13"
},
{
"kids":[],
"uid":"2805095842",
"parent":"zsoUZoxHV",
"text":"",
"mid":"zsyxrmo9Z",
"date":"2013-04-17 13:05:47"
},
{
"kids":[],
"uid":"1599190357",
"parent":"",
"text":"害怕吗？去买炉甘石洗剂吧。刚叮咬过的用肥皂。它虽然有毒液，但不会对人喷射，打死它才会有毒汁出来。信不信由你",
"mid":"zsyx7vvrr",
"date":"2013-04-17 13:04:58"
},
{
"kids":[
"zsAioA9BU"
],
"uid":"1851875981",
"parent":"zstsyvny2",
"text":"",
"mid":"zsxST0Ajj",
"date":"2013-04-17 11:25:52"
},
{
"kids":[],
"uid":"2068589931",
"parent":"zssORCTdH",
"text":"@曦曦姐啊 @Jeanny-Yue @林林林小静- @林洁纯ljc @LD林-丹",
"mid":"zstF9bOGB",
"date":"2013-04-17 00:41:00"
},
{
"kids":[],
"uid":"3043529752",
"parent":"",
"text":"",
"mid":"zstEpDP3g",
"date":"2013-04-17 00:39:14"
},
{
"kids":[],
"uid":"1581761574",
"parent":"",
"text":"",
"mid":"zstEplBDj",
"date":"2013-04-17 00:39:11"
},
{
"kids":[],
"uid":"2479250560",
"parent":"zstt6sPXF",
"text":"@谢耿瓶中信 @wu-梅婷 @陈小小小小洁吖",
"mid":"zstB6hcaN",
"date":"2013-04-17 00:31:04"
},
{
"kids":[],
"uid":"heemiemie",
"parent":"zstsyvny2",
"text":"[生病][生病][生病]@seven陈陈陈 好恐怖",
"mid":"zstvgkg4c",
"date":"2013-04-17 00:16:39"
},
{
"kids":[
"zstB6hcaN"
],
"uid":"2456035062",
"parent":"zstdP5PGZ",
"text":"这东西太恐怖了。",
"mid":"zstt6sPXF",
"date":"2013-04-17 00:11:22"
},
{
"kids":[
"zsxST0Ajj",
"zstvgkg4c"
],
"uid":"fssxd1114",
"parent":"",
"text":"[生病][生病]",
"mid":"zstsyvny2",
"date":"2013-04-17 00:10:01"
},
{
"kids":[],
"uid":"2120424420",
"parent":"zst3n5Wmk",
"text":"华立确实有！小心哦！不过应该不那么恐怖的！华立的蚂蚁更可怕！呵呵",
"mid":"zstlBFax0",
"date":"2013-04-16 23:52:52"
},
{
"kids":[
"zstt6sPXF"
],
"uid":"1781551701",
"parent":"zst9Bhf3C",
"text":"@谢耿瓶中信 @xie-烁聪",
"mid":"zstdP5PGZ",
"date":"2013-04-16 23:33:43"
},
{
"kids":[],
"uid":"2165635827",
"parent":"",
"text":"",
"mid":"zstbNv6QX",
"date":"2013-04-16 23:28:43"
},
{
"kids":[],
"uid":"2307602162",
"parent":"",
"text":"无论真假，防着点总是比较好的[嘻嘻]我们这边也是在山脚下的赶脚、、、、、",
"mid":"zstb7xira",
"date":"2013-04-16 23:27:01"
},
{
"kids":[],
"uid":"2123774302",
"parent":"zst3n5Wmk",
"text":"那么夸张。[吃惊]",
"mid":"zst9ZfqWb",
"date":"2013-04-16 23:24:12"
},
{
"kids":[
"zstdP5PGZ"
],
"uid":"2307602162",
"parent":"",
"text":"@蔷薇岛上没有你 @娜妞二 @Koala-张文丽 @FENG-文豪在為夢想充電 大家也要小心小心",
"mid":"zst9Bhf3C",
"date":"2013-04-16 23:23:19"
},
{
"kids":[
"zstlBFax0",
"zst9ZfqWb"
],
"uid":"210107045",
"parent":"zssORCTdH",
"text":"注意啊！！好危险的说这虫子！！[吃惊]",
"mid":"zst3n5Wmk",
"date":"2013-04-16 23:07:56"
},
{
"kids":[],
"uid":"2255452524",
"parent":"",
"text":"[害羞][害羞]这么恐怖",
"mid":"zssZB6bhF",
"date":"2013-04-16 22:58:39"
},
{
"kids":[],
"uid":"2307602162",
"parent":"zssORCTdH",
"text":"@陈杨小晖晖爱维尼 @Lilac-林 @陈chen佩雯 @helon123 @哈喽Super薇 @枽綕颍 @许伱Y壹生 @俊奕同学 @让摇滚的声音响彻整个中国 @y-蜗牛",
"mid":"zssXX73dg",
"date":"2013-04-16 22:54:35"
},
{
"kids":[
"zstF9bOGB",
"zst3n5Wmk",
"zssXX73dg"
],
"uid":"2408162387",
"parent":"zssI5p8pg",
"text":"@叶哲芸不是叶哲云 @XUxuxu-Yuena @love-玉纯 @y杨淑珍 @凄凉de依夕纯 @林少炜L",
"mid":"zssORCTdH",
"date":"2013-04-16 22:32:14"
},
{
"kids":[
"zssORCTdH"
],
"uid":"2391168467",
"parent":"",
"text":"@杨环玲赚日肚妖甲目涩 @无双格式化 @奈-JD洁 @Hopejency @吖淼呢 @沫MO-洁虹 @Eva--翠翠 @陈莹莹_As @萌的凌乱 @爱睡的熊猫_熙",
"mid":"zssI5p8pg",
"date":"2013-04-16 22:15:31"
},
{
"kids":[],
"uid":"2561158632",
"parent":"",
"text":"",
"mid":"zss5A9sgn",
"date":"2013-04-16 20:40:39"
},
{
"kids":[],
"uid":"1889165284",
"parent":"",
"text":"冼冼--显微镜",
"mid":"zsrVZ1s4T",
"date":"2013-04-16 20:16:58"
},
{
"kids":[],
"uid":"hod4n",
"parent":"zsr6CfBxh",
"text":"[围观][围观][围观]",
"mid":"zsrCNpj7x",
"date":"2013-04-16 19:29:44"
},
{
"kids":[],
"uid":"2786341414",
"parent":"zsr6CfBxh",
"text":"@簡簡單單-lian",
"mid":"zsr7uAuhH",
"date":"2013-04-16 18:12:35"
},
{
"kids":[
"zsrCNpj7x",
"zsr7uAuhH"
],
"uid":"2423452967",
"parent":"",
"text":"",
"mid":"zsr6CfBxh",
"date":"2013-04-16 18:10:25"
},
{
"kids":[],
"uid":"1944346063",
"parent":"",
"text":"",
"mid":"zsqvDaEMd",
"date":"2013-04-16 16:39:21"
},
{
"kids":[],
"uid":"shangjinshaonvxin",
"parent":"",
"text":"",
"mid":"zsq3Qu5pA",
"date":"2013-04-16 15:30:54"
},
{
"kids":[],
"uid":"2920513533",
"parent":"zspv0r4Sp",
"text":"大家小心了、",
"mid":"zspT1oWFK",
"date":"2013-04-16 15:04:14"
},
{
"kids":[],
"uid":"1831123080",
"parent":"zsjQ5moX4",
"text":"要不要这么恐怖啊！",
"mid":"zspygem67",
"date":"2013-04-16 14:13:05"
},
{
"kids":[],
"uid":"3035422670",
"parent":"zskFLlqmY",
"text":"",
"mid":"zspwvugdw",
"date":"2013-04-16 14:08:46"
},
{
"kids":[
"zspT1oWFK"
],
"uid":"2219825265",
"parent":"zsoCQrNr1",
"text":"",
"mid":"zspv0r4Sp",
"date":"2013-04-16 14:05:05"
},
{
"kids":[],
"uid":"2247432484",
"parent":"",
"text":"[吃惊]",
"mid":"zspr443eD",
"date":"2013-04-16 13:55:21"
},
{
"kids":[],
"uid":"2615027362",
"parent":"zsoYbnawy",
"text":"",
"mid":"zsp6n1TaW",
"date":"2013-04-16 13:04:22"
},
{
"kids":[
"zsp6n1TaW"
],
"uid":"1747584323",
"parent":"zsoXuewcJ",
"text":"",
"mid":"zsoYbnawy",
"date":"2013-04-16 12:44:11"
},
{
"kids":[],
"uid":"veeds9228",
"parent":"zsoUZoxHV",
"text":"",
"mid":"zsoXMhDaD",
"date":"2013-04-16 12:43:12"
},
{
"kids":[
"zsoYbnawy"
],
"uid":"wenstyles",
"parent":"zskd6jkHj",
"text":"[生病][生病][生病]",
"mid":"zsoXuewcJ",
"date":"2013-04-16 12:42:28"
},
{
"kids":[
"zsyxrmo9Z",
"zsoXMhDaD"
],
"uid":"conghuaso",
"parent":"zsep294sf",
"text":"#隐翅虫#有点恐怖",
"mid":"zsoUZoxHV",
"date":"2013-04-16 12:36:19"
},
{
"kids":[],
"uid":"3036484681",
"parent":"",
"text":"没见过这种，不要出现在我们宿舍",
"mid":"zsoIB8fXA",
"date":"2013-04-16 12:05:47"
},
{
"kids":[
"zspv0r4Sp"
],
"uid":"2030817505",
"parent":"zsogfwySA",
"text":"大家小心了、",
"mid":"zsoCQrNr1",
"date":"2013-04-16 11:51:38"
},
{
"kids":[],
"uid":"1768725910",
"parent":"",
"text":"[吃惊]八栋即系边度啊！",
"mid":"zsoibuczm",
"date":"2013-04-16 11:00:43"
},
{
"kids":[
"zsoCQrNr1"
],
"uid":"2696004340",
"parent":"",
"text":"大家小心啦",
"mid":"zsogfwySA",
"date":"2013-04-16 10:55:58"
},
{
"kids":[],
"uid":"2070847675",
"parent":"zsjwXwPDq",
"text":"@闲人_彬 @陈俊美jm @陈绮晴QING @Jelly傑玲 @我爱喝益力多 @庄庄庄曼2 @zhuang欣宜",
"mid":"zsnZ7fSXj",
"date":"2013-04-16 10:13:44"
},
{
"kids":[],
"uid":"1922797967",
"parent":"",
"text":"",
"mid":"zsnSJgjGB",
"date":"2013-04-16 09:58:00"
},
{
"kids":[],
"uid":"2295580850",
"parent":"zsnhjD0kl",
"text":"",
"mid":"zsnHGlYeS",
"date":"2013-04-16 09:30:47"
},
{
"kids":[],
"uid":"2502782640",
"parent":"",
"text":"[衰]",
"mid":"zsnGN46x8",
"date":"2013-04-16 09:28:35"
},
{
"kids":[],
"uid":"2339652867",
"parent":"",
"text":"",
"mid":"zsnAN3dQH",
"date":"2013-04-16 09:13:48"
},
{
"kids":[],
"uid":"1871308642",
"parent":"",
"text":"",
"mid":"zsnvruaDO",
"date":"2013-04-16 09:00:39"
},
{
"kids":[],
"uid":"1856357804",
"parent":"",
"text":"@张静爱闹 @卓玛-mLin @细菌zxj @Vanora_洁莹 @叉叉很爱陳汝婷",
"mid":"zsns2uKiH",
"date":"2013-04-16 08:52:16"
},
{
"kids":[],
"uid":"2367370202",
"parent":"",
"text":"我家这边叫翘尾虫，高中经常见",
"mid":"zsnpx4C9c",
"date":"2013-04-16 08:46:04"
},
{
"kids":[],
"uid":"1109816787",
"parent":"zsk2jBk1V",
"text":"好恐怖！！",
"mid":"zsnp6e3DL",
"date":"2013-04-16 08:45:01"
},
{
"kids":[],
"uid":"jimmyhui",
"parent":"zsnhjD0kl",
"text":"原PO造谣，这虫充其量只会引起过敏性皮炎 http:",
"mid":"zsnogs6e6",
"date":"2013-04-16 08:42:58"
},
{
"kids":[],
"uid":"2920533040",
"parent":"zseZ6pdhL",
"text":"",
"mid":"zsni15EfY",
"date":"2013-04-16 08:27:33"
},
{
"kids":[
"zsnHGlYeS",
"zsnogs6e6"
],
"uid":"1762343987",
"parent":"zskjRyQea",
"text":"",
"mid":"zsnhjD0kl",
"date":"2013-04-16 08:25:51"
},
{
"kids":[],
"uid":"3005078811",
"parent":"",
"text":"我那边一到夏天好像有这种虫子啊，有那么毒吗[思考]#隐翅虫#！[衰]",
"mid":"zsn5Xwlnz",
"date":"2013-04-16 07:57:52"
},
{
"kids":[],
"uid":"2920813984",
"parent":"zsk5XAOlv",
"text":"",
"mid":"zsmUGo7Ig",
"date":"2013-04-16 07:30:05"
},
{
"kids":[],
"uid":"1588392840",
"parent":"",
"text":"",
"mid":"zsmyqoOfU",
"date":"2013-04-16 06:35:15"
},
{
"kids":[],
"uid":"epcn",
"parent":"",
"text":"",
"mid":"zsmgjyxmx",
"date":"2013-04-16 05:50:37"
},
{
"kids":[],
"uid":"1980311317",
"parent":"",
"text":"[吃惊]",
"mid":"zskKN6sc1",
"date":"2013-04-16 02:00:13"
},
{
"kids":[
"zspwvugdw"
],
"uid":"1787383531",
"parent":"zsjZOqLUs",
"text":"太恐怖啦！！救命啊！！求神保佑不要飞来18栋啊！",
"mid":"zskFLlqmY",
"date":"2013-04-16 01:47:50"
},
{
"kids":[],
"uid":"1866208711",
"parent":"",
"text":"SB",
"mid":"zskxlexaK",
"date":"2013-04-16 01:27:05"
},
{
"kids":[],
"uid":"2033883047",
"parent":"",
"text":"我勒个去[吃惊]",
"mid":"zsksFDg3C",
"date":"2013-04-16 01:15:35"
},
{
"kids":[],
"uid":"2919418660",
"parent":"zshd8dYFu",
"text":"",
"mid":"zskotBel2",
"date":"2013-04-16 01:05:15"
},
{
"kids":[
"zsnhjD0kl"
],
"uid":"liyunan1990",
"parent":"zskeswAPh",
"text":"",
"mid":"zskjRyQea",
"date":"2013-04-16 00:53:53"
},
{
"kids":[
"zskjRyQea"
],
"uid":"littlesecretwabow",
"parent":"zshPTpq8b",
"text":"真的假的？！[吃惊][吃惊][吃惊][衰]",
"mid":"zskeswAPh",
"date":"2013-04-16 00:40:32"
},
{
"kids":[
"zsoXuewcJ"
],
"uid":"2543481135",
"parent":"zsjQ5moX4",
"text":"[生病][生病]",
"mid":"zskd6jkHj",
"date":"2013-04-16 00:37:12"
},
{
"kids":[],
"uid":"lbnm",
"parent":"zsjZOqLUs",
"text":"为神马不能拍打啊？",
"mid":"zsk9UkuSA",
"date":"2013-04-16 00:29:19"
},
{
"kids":[],
"uid":"2328797011",
"parent":"zsjxavQ2Y",
"text":"太惊喜了！",
"mid":"zsk8q9vge",
"date":"2013-04-16 00:25:41"
},
{
"kids":[
"zsmUGo7Ig"
],
"uid":"3129589103",
"parent":"",
"text":"对啊。。。好恐怖",
"mid":"zsk5XAOlv",
"date":"2013-04-16 00:19:35"
},
{
"kids":[],
"uid":"jessica2l",
"parent":"",
"text":"(☄ฺ♛ฺд♛ฺ)大家小心",
"mid":"zsk4Dd3MA",
"date":"2013-04-16 00:16:22"
},
{
"kids":[],
"uid":"2032133151",
"parent":"zsjQ5moX4",
"text":"@华农珠江10财管2班 @长颈鹿长颈鹿00 @chen洁-830 @菜c篮l子 @菜籽紫大人",
"mid":"zsk3IqAzT",
"date":"2013-04-16 00:14:05"
},
{
"kids":[
"zsnp6e3DL"
],
"uid":"1803984045",
"parent":"zsjQ5moX4",
"text":"不致死…不过会皮肤炎…",
"mid":"zsk2jBk1V",
"date":"2013-04-16 00:10:38"
},
{
"kids":[],
"uid":"3129589103",
"parent":"zsjQ5moX4",
"text":"遇到后，要冷静，千万不要打它，吹走它就好了",
"mid":"zsk149eKs",
"date":"2013-04-16 00:07:34"
},
{
"kids":[
"zskFLlqmY",
"zsk9UkuSA"
],
"uid":"1825811240",
"parent":"zsjQ5moX4",
"text":"",
"mid":"zsjZOqLUs",
"date":"2013-04-16 00:04:31"
},
{
"kids":[],
"uid":"3thsnow0128",
"parent":"zsjQ5moX4",
"text":"当年晚自修无聊时还抓着玩来着...",
"mid":"zsjTNgTJp",
"date":"2013-04-15 23:49:37"
},
{
"kids":[],
"uid":"1926043942",
"parent":"zsjQ5moX4",
"text":"@小招娣 小心",
"mid":"zsjTMBDAb",
"date":"2013-04-15 23:49:37"
},
{
"kids":[],
"uid":"1751438504",
"parent":"zshiBoNkL",
"text":"@核喷式火箭者 你宿舍会不会有呢？",
"mid":"zsjThBVZZ",
"date":"2013-04-15 23:48:24"
},
{
"kids":[],
"uid":"2887283837",
"parent":"",
"text":"",
"mid":"zsjT8slVo",
"date":"2013-04-15 23:48:01"
},
{
"kids":[],
"uid":"2909389512",
"parent":"zsj6w9zsI",
"text":"[悲伤]那么恐怖",
"mid":"zsjT8bikp",
"date":"2013-04-15 23:47:58"
},
{
"kids":[],
"uid":"2431347612",
"parent":"zsjQ5moX4",
"text":"",
"mid":"zsjQDiQpp",
"date":"2013-04-15 23:41:50"
},
{
"kids":[],
"uid":"zora812zhang",
"parent":"zsjJXk2OP",
"text":"猛起鸡皮疙瘩[衰]",
"mid":"zsjQuaceI",
"date":"2013-04-15 23:41:30"
},
{
"kids":[
"zspygem67",
"zskd6jkHj",
"zsk3IqAzT",
"zsk2jBk1V",
"zsk149eKs",
"zsjZOqLUs",
"zsjTNgTJp",
"zsjTMBDAb",
"zsjQDiQpp"
],
"uid":"208880881",
"parent":"",
"text":"今天晚修还拿笔撩开一只！！！！！！！！！！[抓狂][抓狂][抓狂][抓狂][抓狂]",
"mid":"zsjQ5moX4",
"date":"2013-04-15 23:40:31"
},
{
"kids":[],
"uid":"2535021533",
"parent":"zsjbE5W4l",
"text":"虫啊！！",
"mid":"zsjLg3phd",
"date":"2013-04-15 23:28:35"
},
{
"kids":[],
"uid":"2950147203",
"parent":"",
"text":"恐怖！@她叫林小妍 @诗诗心动csm @恒少绝对唔讲大话咖 @慧怡-再也不当淑女了 @吃块饼",
"mid":"zsjL5ngkA",
"date":"2013-04-15 23:28:12"
},
{
"kids":[
"zsjQuaceI"
],
"uid":"heymerb",
"parent":"zshJi8yab",
"text":"",
"mid":"zsjJXk2OP",
"date":"2013-04-15 23:25:22"
},
{
"kids":[],
"uid":"cherrymonlam",
"parent":"zsjymFcdQ",
"text":"咁恐怖！！最近好多蟲蟲！！[抓狂]",
"mid":"zsjJgcol2",
"date":"2013-04-15 23:23:41"
},
{
"kids":[],
"uid":"2560259414",
"parent":"",
"text":"在太平镇[生病]",
"mid":"zsjEf4fbg",
"date":"2013-04-15 23:11:19"
},
{
"kids":[],
"uid":"wb1136217975",
"parent":"zsjuyktZA",
"text":"@波__boo @糯米团子_周莹莹 @华农珠江环境艺术设计1202班 @Art-蘇立琼 @吐鸡屎",
"mid":"zsjCitsFr",
"date":"2013-04-15 23:06:31"
},
{
"kids":[],
"uid":"2513183611",
"parent":"zshEIdjom",
"text":"大家注意啦",
"mid":"zsjCeBN3g",
"date":"2013-04-15 23:06:24"
},
{
"kids":[],
"uid":"hathway",
"parent":"",
"text":"OMG",
"mid":"zsjBXuyb4",
"date":"2013-04-15 23:05:42"
},
{
"kids":[],
"uid":"2829391030",
"parent":"",
"text":"小心啊",
"mid":"zsjB35dCe",
"date":"2013-04-15 23:03:26"
},
{
"kids":[],
"uid":"2186389191",
"parent":"zsjuyktZA",
"text":"轉發微博",
"mid":"zsjAHbWQc",
"date":"2013-04-15 23:02:32"
},
{
"kids":[],
"uid":"2574995832",
"parent":"zsjwXwPDq",
"text":"那么恐怖",
"mid":"zsjzhqPDD",
"date":"2013-04-15 22:59:05"
},
{
"kids":[],
"uid":"2047832541",
"parent":"",
"text":"@懵懵黄 @Li颖颖颖颖 @Heloise-菜 @Z_ZHAO桦 都注意了啊",
"mid":"zsjyIfLa8",
"date":"2013-04-15 22:57:43"
},
{
"kids":[
"zsjJgcol2"
],
"uid":"xjunxiaogui",
"parent":"zsjuyktZA",
"text":"",
"mid":"zsjymFcdQ",
"date":"2013-04-15 22:56:53"
},
{
"kids":[],
"uid":"lycyeah",
"parent":"zsjuyktZA",
"text":"大家小心点吧。",
"mid":"zsjxEEmpH",
"date":"2013-04-15 22:55:07"
},
{
"kids":[
"zsk8q9vge"
],
"uid":"lansnamm",
"parent":"",
"text":"何蕾，管好你儿子，不要放他出来咬人[lt切克闹]",
"mid":"zsjxavQ2Y",
"date":"2013-04-15 22:53:54"
},
{
"kids":[
"zsnZ7fSXj",
"zsjzhqPDD"
],
"uid":"happychange520",
"parent":"",
"text":"@吖CQQ @霞仔qai",
"mid":"zsjwXwPDq",
"date":"2013-04-15 22:53:25"
},
{
"kids":[],
"uid":"2839368452",
"parent":"zsjuyktZA",
"text":"这种虫确实很可怕！！",
"mid":"zsjwV9YR2",
"date":"2013-04-15 22:53:16"
},
{
"kids":[
"zsjCitsFr",
"zsjAHbWQc",
"zsjymFcdQ",
"zsjxEEmpH",
"zsjwV9YR2"
],
"uid":"2684998735",
"parent":"",
"text":"[思考][思考][思考]",
"mid":"zsjuyktZA",
"date":"2013-04-15 22:47:27"
},
{
"kids":[],
"uid":"3144570527",
"parent":"",
"text":"",
"mid":"zsjuapyZK",
"date":"2013-04-15 22:46:30"
},
{
"kids":[],
"uid":"1908025265",
"parent":"zsj4Ir7Lq",
"text":"春天多蚊虫，大家游玩时小心点！",
"mid":"zsjsybxij",
"date":"2013-04-15 22:42:30"
},
{
"kids":[],
"uid":"2005352393",
"parent":"zsjkE07sm",
"text":"好恐怖",
"mid":"zsjsu4zWf",
"date":"2013-04-15 22:42:23"
},
{
"kids":[],
"uid":"1978292612",
"parent":"zsj6w9zsI",
"text":"[吃惊]",
"mid":"zsjrkfGaz",
"date":"2013-04-15 22:39:28"
},
{
"kids":[],
"uid":"2286016150",
"parent":"",
"text":"[晕]",
"mid":"zsjnOu1C5",
"date":"2013-04-15 22:30:52"
},
{
"kids":[],
"uid":"liangjinpei",
"parent":"zsaVR1Wzv",
"text":"",
"mid":"zsjlntor2",
"date":"2013-04-15 22:24:50"
},
{
"kids":[
"zsjsu4zWf"
],
"uid":"1908469727",
"parent":"zsjfLEzxt",
"text":"[吃惊]",
"mid":"zsjkE07sm",
"date":"2013-04-15 22:23:03"
},
{
"kids":[],
"uid":"2583328874",
"parent":"",
"text":"",
"mid":"zsjkqoj2g",
"date":"2013-04-15 22:22:30"
},
{
"kids":[],
"uid":"caoxiufen",
"parent":"zsicLt3E1",
"text":"",
"mid":"zsjkq6HIV",
"date":"2013-04-15 22:22:31"
},
{
"kids":[],
"uid":"avaburning",
"parent":"zsiHvFtbQ",
"text":"",
"mid":"zsjgFxcLs",
"date":"2013-04-15 22:13:16"
},
{
"kids":[
"zsjkE07sm"
],
"uid":"1883545580",
"parent":"zsjbE5W4l",
"text":"",
"mid":"zsjfLEzxt",
"date":"2013-04-15 22:11:03"
},
{
"kids":[],
"uid":"joegee",
"parent":"zshHIlQNS",
"text":"救......",
"mid":"zsjcWb1pk",
"date":"2013-04-15 22:04:02"
},
{
"kids":[
"zsjLg3phd",
"zsjfLEzxt"
],
"uid":"redcrossofzjscau",
"parent":"",
"text":"[围观][围观]大家要注意了喔~！！！",
"mid":"zsjbE5W4l",
"date":"2013-04-15 22:00:51"
},
{
"kids":[
"zsjT8bikp",
"zsjrkfGaz"
],
"uid":"2890993905",
"parent":"zsj4Ir7Lq",
"text":"@charlene-yuyun @庄丽eva @巫卒卒_ @my谭敏怡 @爱画动漫de敏",
"mid":"zsj6w9zsI",
"date":"2013-04-15 21:48:14"
},
{
"kids":[
"zsjsybxij",
"zsj6w9zsI"
],
"uid":"2857432200",
"parent":"",
"text":"@BlX豪 @_Sum_怡祥丶 @微微伟胜大志安在",
"mid":"zsj4Ir7Lq",
"date":"2013-04-15 21:43:46"
},
{
"kids":[],
"uid":"lsixing",
"parent":"zsiZJlgzD",
"text":"[吃驚]注意哦@向日葵之念",
"mid":"zsj224lqT",
"date":"2013-04-15 21:37:11"
},
{
"kids":[
"zsj224lqT"
],
"uid":"lincye",
"parent":"zsiHvFtbQ",
"text":"",
"mid":"zsiZJlgzD",
"date":"2013-04-15 21:31:29"
},
{
"kids":[],
"uid":"3214744505",
"parent":"zseLeg5tv",
"text":"",
"mid":"zsiTntLoh",
"date":"2013-04-15 21:15:51"
},
{
"kids":[],
"uid":"2218764032",
"parent":"",
"text":"@歷歷扮家族的鄭力航 @Nustar-mango @燕丽_亚露 @梁_芷晴 [衰]",
"mid":"zsiS1eRIj",
"date":"2013-04-15 21:12:32"
},
{
"kids":[],
"uid":"2479699393",
"parent":"zsfaSyncO",
"text":"",
"mid":"zsiMmcP6a",
"date":"2013-04-15 20:58:36"
},
{
"kids":[],
"uid":"2396845122",
"parent":"zshPTpq8b",
"text":"",
"mid":"zsiISbAZO",
"date":"2013-04-15 20:50:00"
},
{
"kids":[
"zsjgFxcLs",
"zsiZJlgzD"
],
"uid":"chitstine",
"parent":"zsiyUBjLu",
"text":"@红红的澜 @NikiGD @屎忽敏_ @黄嘉文--hjw @modesty燕",
"mid":"zsiHvFtbQ",
"date":"2013-04-15 20:46:35"
},
{
"kids":[],
"uid":"1903852483",
"parent":"zshHIlQNS",
"text":"你奶奶的。。刚才在脸盆看到一只。。",
"mid":"zsiEQglN5",
"date":"2013-04-15 20:40:01"
},
{
"kids":[],
"uid":"xianyuwuxianxun",
"parent":"",
"text":"@英语_快到碗里来 @黄四娘hxc @饼饼Cake @yang嘉欣很棒 @Y蚊吱吱 @陈楚婵Ccc @潘家升 你们小心啊",
"mid":"zsiEz5PVO",
"date":"2013-04-15 20:39:22"
},
{
"kids":[],
"uid":"2439204057",
"parent":"zseUydxpb",
"text":"",
"mid":"zsiCuwKnD",
"date":"2013-04-15 20:34:18"
},
{
"kids":[
"zsiHvFtbQ"
],
"uid":"2874785142",
"parent":"zshd8dYFu",
"text":"",
"mid":"zsiyUBjLu",
"date":"2013-04-15 20:25:25"
},
{
"kids":[],
"uid":"hsqt",
"parent":"zsikKoUoF",
"text":"",
"mid":"zsixHg7FK",
"date":"2013-04-15 20:22:28"
},
{
"kids":[],
"uid":"2520373782",
"parent":"",
"text":"@庄家飞宏之橘宏",
"mid":"zsiwXbXXm",
"date":"2013-04-15 20:20:38"
},
{
"kids":[],
"uid":"2974681303",
"parent":"zsff39bTL",
"text":"那些怕虫虫的妞们，小心点儿哦[嘻嘻][嘻嘻]我爱虫虫",
"mid":"zsiw8D59o",
"date":"2013-04-15 20:18:35"
},
{
"kids":[],
"uid":"2868795600",
"parent":"",
"text":"",
"mid":"zsivUuYWl",
"date":"2013-04-15 20:18:02"
},
{
"kids":[],
"uid":"2443297177",
"parent":"",
"text":"那么可怕…",
"mid":"zsirWBRGY",
"date":"2013-04-15 20:08:18"
},
{
"kids":[],
"uid":"2479185897",
"parent":"zshEIdjom",
"text":":珠江学院出现了？",
"mid":"zsirE1X1J",
"date":"2013-04-15 20:07:33"
},
{
"kids":[],
"uid":"1877396045",
"parent":"",
"text":"安全起见，切记啊！",
"mid":"zsimSuuWy",
"date":"2013-04-15 19:55:49"
},
{
"kids":[
"zsixHg7FK"
],
"uid":"2953634207",
"parent":"zshLGujnU",
"text":"卧槽！！！！！！！不要乱拍！！！！",
"mid":"zsikKoUoF",
"date":"2013-04-15 19:50:33"
},
{
"kids":[],
"uid":"2612480245",
"parent":"",
"text":"甘恐怖",
"mid":"zsii3cjT4",
"date":"2013-04-15 19:43:55"
},
{
"kids":[],
"uid":"qingbi520",
"parent":"",
"text":"谢谢右边的→ →",
"mid":"zsihJ4Ud6",
"date":"2013-04-15 19:43:05"
},
{
"kids":[],
"uid":"mioling",
"parent":"zshljw6us",
"text":"呆在学校性命堪忧啊",
"mid":"zsihrmALR",
"date":"2013-04-15 19:42:25"
},
{
"kids":[
"zsjkq6HIV"
],
"uid":"1778051563",
"parent":"zsi6hzzA8",
"text":"[汗]这种虫有毒么？？？小时候经常抓。。。。。。",
"mid":"zsicLt3E1",
"date":"2013-04-15 19:30:54"
},
{
"kids":[],
"uid":"bibifrighting",
"parent":"",
"text":"科普下@coolbiaohuang",
"mid":"zsic3rd5I",
"date":"2013-04-15 19:29:09"
},
{
"kids":[],
"uid":"1916306077",
"parent":"",
"text":"",
"mid":"zsi7JqF37",
"date":"2013-04-15 19:18:31"
},
{
"kids":[
"zsicLt3E1"
],
"uid":"714753453",
"parent":"zsi1gsCY4",
"text":"[bm会心笑]THX[啦啦啦啦]好像看到过耶``` 不大惊小怪啦`` 没那么闲去伤害小动物`` [bm路过]",
"mid":"zsi6hzzA8",
"date":"2013-04-15 19:14:55"
},
{
"kids":[],
"uid":"2135748690",
"parent":"",
"text":"在你们校@毛线来了",
"mid":"zsi5GEk5b",
"date":"2013-04-15 19:13:26"
},
{
"kids":[],
"uid":"xlyao",
"parent":"",
"text":"",
"mid":"zsi5jD3FQ",
"date":"2013-04-15 19:12:30"
},
{
"kids":[],
"uid":"1799664854",
"parent":"",
"text":"你看猴哥是怎么@痞子的，痞子完全不知情",
"mid":"zsi2rpSEe",
"date":"2013-04-15 19:05:25"
},
{
"kids":[],
"uid":"hs383001306",
"parent":"zshHIlQNS",
"text":"@卫施叫patpat猪 最怕这玩意",
"mid":"zsi1iuv5s",
"date":"2013-04-15 19:02:39"
},
{
"kids":[
"zsi6hzzA8"
],
"uid":"2392795213",
"parent":"zshWenZSh",
"text":"[吃惊]Take care!@莊委業",
"mid":"zsi1gsCY4",
"date":"2013-04-15 19:02:35"
},
{
"kids":[],
"uid":"2268376297",
"parent":"",
"text":"",
"mid":"zsi0chXPr",
"date":"2013-04-15 18:59:56"
},
{
"kids":[],
"uid":"1859999127",
"parent":"",
"text":"额。甘恐怖",
"mid":"zsi0abQTB",
"date":"2013-04-15 18:59:52"
},
{
"kids":[],
"uid":"2692198171",
"parent":"zshEIdjom",
"text":"好恐怖，有滴惊。[衰]",
"mid":"zshXy0xLw",
"date":"2013-04-15 18:53:22"
},
{
"kids":[
"zsi1gsCY4"
],
"uid":"2452641454",
"parent":"zshNnmy1t",
"text":"[围观",
"mid":"zshWenZSh",
"date":"2013-04-15 18:50:09"
},
{
"kids":[],
"uid":"1899253607",
"parent":"zshLGujnU",
"text":"@小饼9 @姚深明哇 @殷景锋 @吃辣会tou痒的佬鹏 ……你哋住8栋噶小心啦！！！！",
"mid":"zshUoCFyo",
"date":"2013-04-15 18:45:39"
},
{
"kids":[
"zskeswAPh",
"zsiISbAZO"
],
"uid":"1822595485",
"parent":"",
"text":"在猪院，生于忧患啊！",
"mid":"zshPTpq8b",
"date":"2013-04-15 18:34:33"
},
{
"kids":[],
"uid":"2945426655",
"parent":"zshEIdjom",
"text":"恐怖",
"mid":"zshOY4JNV",
"date":"2013-04-15 18:32:16"
},
{
"kids":[],
"uid":"1891639284",
"parent":"zshLGujnU",
"text":"大家平时多注意一下",
"mid":"zshOdn9im",
"date":"2013-04-15 18:30:22"
},
{
"kids":[
"zshWenZSh"
],
"uid":"2440975180",
"parent":"",
"text":"",
"mid":"zshNnmy1t",
"date":"2013-04-15 18:28:21"
},
{
"kids":[
"zsikKoUoF",
"zshUoCFyo",
"zshOdn9im"
],
"uid":"1903852483",
"parent":"zshHIlQNS",
"text":"[衰][衰][衰]8栋。。。。",
"mid":"zshLGujnU",
"date":"2013-04-15 18:24:11"
},
{
"kids":[],
"uid":"2869823070",
"parent":"",
"text":"@jorhen_Luo @胡shuyi-恋上12 @学生时代_璇丫头 @大大大玉清 @谷蓝冰 @李丽敏-llm @林燕玲704 @从化论坛:#隐翅虫#亲，你地要注意啦",
"mid":"zshL8vSbb",
"date":"2013-04-15 18:22:48"
},
{
"kids":[],
"uid":"2669726221",
"parent":"zshEIdjom",
"text":"[衰][衰][怒]",
"mid":"zshJG7khi",
"date":"2013-04-15 18:19:13"
},
{
"kids":[],
"uid":"yezilele550",
"parent":"zshEIdjom",
"text":"",
"mid":"zshJl5SlZ",
"date":"2013-04-15 18:18:23"
},
{
"kids":[
"zsjJXk2OP"
],
"uid":"526113835",
"parent":"",
"text":"",
"mid":"zshJi8yab",
"date":"2013-04-15 18:18:17"
},
{
"kids":[
"zsjcWb1pk",
"zsiEQglN5",
"zsi1iuv5s",
"zshLGujnU"
],
"uid":"neyken",
"parent":"",
"text":"@花生叫bigbig猪 @LoGooda @joejoeFive @杰中王 @袁志_",
"mid":"zshHIlQNS",
"date":"2013-04-15 18:14:25"
},
{
"kids":[],
"uid":"3197587432",
"parent":"zshEIdjom",
"text":"乱说、谣言而已！",
"mid":"zshGKowWS",
"date":"2013-04-15 18:11:59"
},
{
"kids":[],
"uid":"1826974780",
"parent":"",
"text":"",
"mid":"zshGK4VzU",
"date":"2013-04-15 18:12:00"
},
{
"kids":[
"zsjCeBN3g",
"zsirE1X1J",
"zshXy0xLw",
"zshOY4JNV",
"zshJG7khi",
"zshJl5SlZ",
"zshGKowWS"
],
"uid":"chconghua",
"parent":"",
"text":"珠江学院出现了？",
"mid":"zshEIdjom",
"date":"2013-04-15 18:07:00"
},
{
"kids":[],
"uid":"1964451385",
"parent":"",
"text":"",
"mid":"zshycg3Bm",
"date":"2013-04-15 17:50:55"
},
{
"kids":[],
"uid":"2831800815",
"parent":"",
"text":"@Su闷潇",
"mid":"zshvfkLwx",
"date":"2013-04-15 17:43:40"
},
{
"kids":[],
"uid":"1785090260",
"parent":"zseiCoNDv",
"text":"@-January-29th @-王娥 @Reine-sy @_张XX不是好人 @月小姐VS大林蛇",
"mid":"zshuLc9OD",
"date":"2013-04-15 17:42:28"
},
{
"kids":[],
"uid":"2236385285",
"parent":"zsfaSyncO",
"text":"",
"mid":"zshsgCPXk",
"date":"2013-04-15 17:36:22"
},
{
"kids":[],
"uid":"1905704793",
"parent":"",
"text":"",
"mid":"zshrn5IEj",
"date":"2013-04-15 17:34:08"
},
{
"kids":[
"zsihrmALR"
],
"uid":"1824439680",
"parent":"",
"text":"",
"mid":"zshljw6us",
"date":"2013-04-15 17:19:13"
},
{
"kids":[],
"uid":"2287069707",
"parent":"",
"text":"",
"mid":"zshl8iroX",
"date":"2013-04-15 17:18:46"
},
{
"kids":[
"zsjThBVZZ"
],
"uid":"promiseluo",
"parent":"",
"text":"",
"mid":"zshiBoNkL",
"date":"2013-04-15 17:12:32"
},
{
"kids":[
"zskotBel2",
"zsiyUBjLu"
],
"uid":"2113456303",
"parent":"zsh4P7EHZ",
"text":"麻麻咪[衰]好可怕",
"mid":"zshd8dYFu",
"date":"2013-04-15 16:59:00"
},
{
"kids":[
"zshd8dYFu"
],
"uid":"1787292190",
"parent":"",
"text":"@Raisa_yu @Our_story_can_resume @LING-ZHI-HONG @菜园13妹kiki @ccCCAI玲 @Dora-白 @龔丹Danee @玄妹咯 @",
"mid":"zsh4P7EHZ",
"date":"2013-04-15 16:38:33"
},
{
"kids":[],
"uid":"2658220863",
"parent":"zsfpPirvL",
"text":"[泪]这么恐怖",
"mid":"zsh45AV8k",
"date":"2013-04-15 16:36:47"
},
{
"kids":[],
"uid":"2497158154",
"parent":"zsgtyEKkr",
"text":"",
"mid":"zsh16l2t7",
"date":"2013-04-15 16:29:24"
},
{
"kids":[],
"uid":"2819984953",
"parent":"",
"text":"@",
"mid":"zsgzWByA7",
"date":"2013-04-15 15:22:31"
},
{
"kids":[
"zsh16l2t7"
],
"uid":"2003887177",
"parent":"",
"text":"",
"mid":"zsgtyEKkr",
"date":"2013-04-15 15:06:48"
},
{
"kids":[],
"uid":"rainnny",
"parent":"",
"text":"shit!",
"mid":"zsgpYdlmb",
"date":"2013-04-15 14:57:56"
},
{
"kids":[],
"uid":"1868166770",
"parent":"zsfA9AcoL",
"text":"",
"mid":"zsgn6hJrz",
"date":"2013-04-15 14:50:52"
},
{
"kids":[],
"uid":"ziyanyexiang",
"parent":"",
"text":"好似好恐怖。。",
"mid":"zsgcmhvDq",
"date":"2013-04-15 14:24:23"
},
{
"kids":[],
"uid":"1908946764",
"parent":"zsfuLnPFM",
"text":"",
"mid":"zsg9U4lVe",
"date":"2013-04-15 14:18:21"
},
{
"kids":[],
"uid":"2250744595",
"parent":"zsfI2EIMR",
"text":"[衰]",
"mid":"zsg4az8ct",
"date":"2013-04-15 14:04:14"
},
{
"kids":[],
"uid":"2551141274",
"parent":"zsep294sf",
"text":"",
"mid":"zsg12bVIl",
"date":"2013-04-15 13:56:30"
},
{
"kids":[],
"uid":"1744050824",
"parent":"",
"text":"[吃驚]@丹娜之弛年易水 @心情超超超級低落的側埋邊 @鑫鑫向咏 快D睇下我地宿舍有无啊",
"mid":"zsfZM9yvw",
"date":"2013-04-15 13:53:24"
},
{
"kids":[],
"uid":"magginwu",
"parent":"",
"text":"@LinaH爱法国 @陈小吉cj @CCCherise",
"mid":"zsfW1B265",
"date":"2013-04-15 13:44:10"
},
{
"kids":[],
"uid":"2995940612",
"parent":"zsep294sf",
"text":"",
"mid":"zsfTvi3wP",
"date":"2013-04-15 13:37:56"
},
{
"kids":[],
"uid":"2039767527",
"parent":"zsfBml6Wg",
"text":"[围观]大家注意啦！",
"mid":"zsfSHD7Y6",
"date":"2013-04-15 13:35:58"
},
{
"kids":[],
"uid":"2509795757",
"parent":"zseLeg5tv",
"text":"真的假的",
"mid":"zsfRDqx6O",
"date":"2013-04-15 13:33:21"
},
{
"kids":[],
"uid":"wendytangyuan",
"parent":"",
"text":"",
"mid":"zsfKB0qhk",
"date":"2013-04-15 13:15:59"
},
{
"kids":[],
"uid":"2262654142",
"parent":"zseLeg5tv",
"text":"[衰][衰]",
"mid":"zsfK7r8ny",
"date":"2013-04-15 13:14:48"
},
{
"kids":[
"zsg4az8ct"
],
"uid":"2464298715",
"parent":"zsfeyoMHF",
"text":"从化都出现啦，[吃惊]要注意啊@奶嘴俊要快高长大 @LChL李春凌 @只是利伟城 @Ulquiorra_陸軒罒w罒 @Yumiko_戚小如 @巢某人",
"mid":"zsfI2EIMR",
"date":"2013-04-15 13:09:42"
},
{
"kids":[],
"uid":"1798298682",
"parent":"",
"text":"@奇了个奇啊 @小培培培_Chueng @Vinne-颖欣 @Viro-姿整君 @Vivian_珮 @李紫琪o @融掉的何可 @浩文_愿意做这种人 @木子森林love @Chan--J @蔡汏钊_  @李大叔只想对你说 @叶_蔚林 @豆瓜讨浮生 @这就是--美仪 @kakei_ho @邬222珈琳  @OLIVIA--舒萍",
"mid":"zsfCV1kWO",
"date":"2013-04-15 12:57:05"
},
{
"kids":[],
"uid":"crowgiotto",
"parent":"zsf1oiPdk",
"text":"",
"mid":"zsfCdvpco",
"date":"2013-04-15 12:55:21"
},
{
"kids":[],
"uid":"1896343373",
"parent":"",
"text":"那么恐怖[惊恐]",
"mid":"zsfCbtx3u",
"date":"2013-04-15 12:55:17"
},
{
"kids":[],
"uid":"lhlljm",
"parent":"zseLeg5tv",
"text":"[吃惊][衰]",
"mid":"zsfC73K4q",
"date":"2013-04-15 12:55:05"
},
{
"kids":[],
"uid":"1744736265",
"parent":"zsfjUi8Qo",
"text":"这么恐怖？？小心点好@冰糖葫芦-姗姗姗婷 @吉老2 @爱艾玉 @想早点毕业的孙丽敏 @Do_钦峰",
"mid":"zsfBwnW9U",
"date":"2013-04-15 12:53:38"
},
{
"kids":[
"zsfSHD7Y6"
],
"uid":"2028862807",
"parent":"",
"text":"[抓狂][抓狂][抓狂]中要翻去毕业答辩[惊恐]",
"mid":"zsfBml6Wg",
"date":"2013-04-15 12:53:14"
},
{
"kids":[
"zsgn6hJrz"
],
"uid":"1808475594",
"parent":"zseLeg5tv",
"text":"甘犀利",
"mid":"zsfA9AcoL",
"date":"2013-04-15 12:50:16"
},
{
"kids":[
"zsg9U4lVe"
],
"uid":"sampson0724",
"parent":"",
"text":"额....那么严重 @Elise_Yly @BH_黑粗 @-_Sola_- @邝生0811 @Chen-裕钧 @DzY誌恿 传播一下啊～",
"mid":"zsfuLnPFM",
"date":"2013-04-15 12:36:59"
},
{
"kids":[],
"uid":"2008424105",
"parent":"",
"text":"@-郑舒敏- @肖佶 @肖辉杰_ @27蓝天 从化好危险[害羞]大家注意咯!",
"mid":"zsfsTw1eZ",
"date":"2013-04-15 12:32:23"
},
{
"kids":[],
"uid":"2053529740",
"parent":"zseZ8uQQE",
"text":"不会吧··[吃驚]·",
"mid":"zsfr5x8dP",
"date":"2013-04-15 12:27:57"
},
{
"kids":[],
"uid":"1955945064",
"parent":"",
"text":"",
"mid":"zsfqjEGyk",
"date":"2013-04-15 12:26:02"
},
{
"kids":[
"zsh45AV8k"
],
"uid":"chenxijia",
"parent":"zsfaSyncO",
"text":"从化亲们。。。小心啦。。",
"mid":"zsfpPirvL",
"date":"2013-04-15 12:24:49"
},
{
"kids":[],
"uid":"2969977483",
"parent":"zseLeg5tv",
"text":"",
"mid":"zsfnJ03FH",
"date":"2013-04-15 12:19:38"
},
{
"kids":[
"ztl7YCe9f"
],
"uid":"1919708907",
"parent":"",
"text":"@尛璐子伊卡 @shirley唔叫雪梨吖 @曾大大大莹 @最爱既魂淡系银时_啊噜 小心啊",
"mid":"zsflUCAKo",
"date":"2013-04-15 12:15:12"
},
{
"kids":[],
"uid":"2972764220",
"parent":"",
"text":"",
"mid":"zsfkJnIZB",
"date":"2013-04-15 12:12:16"
},
{
"kids":[
"zsfBwnW9U"
],
"uid":"1936317532",
"parent":"zsfaSyncO",
"text":"",
"mid":"zsfjUi8Qo",
"date":"2013-04-15 12:10:14"
},
{
"kids":[],
"uid":"345110131",
"parent":"zsfeyoMHF",
"text":"[挖鼻屎]虫子飞不上来无压力啊",
"mid":"zsfhoeSzZ",
"date":"2013-04-15 12:04:02"
},
{
"kids":[],
"uid":"2368576270",
"parent":"",
"text":"",
"mid":"zsfgraQ3p",
"date":"2013-04-15 12:01:41"
},
{
"kids":[],
"uid":"shirleydingding",
"parent":"",
"text":"@Nicole-s0 @silvia_錢錢 @Garbo宝宝 @carol楚 @Sgmsyh @Jacky-SJ桀",
"mid":"zsfg2CUZ5",
"date":"2013-04-15 12:00:44"
},
{
"kids":[
"zsiw8D59o"
],
"uid":"3034141230",
"parent":"zsfaSyncO",
"text":"[衰][衰][衰]",
"mid":"zsff39bTL",
"date":"2013-04-15 11:58:15"
},
{
"kids":[
"zsfI2EIMR",
"zsfhoeSzZ"
],
"uid":"2646379294",
"parent":"zseLeg5tv",
"text":"好恐怖啊。转发转发。。。。。。",
"mid":"zsfeyoMHF",
"date":"2013-04-15 11:57:04"
},
{
"kids":[],
"uid":"o3oo3oo",
"parent":"",
"text":"[围观]",
"mid":"zsfdojYjc",
"date":"2013-04-15 11:54:12"
},
{
"kids":[
"zsiMmcP6a",
"zshsgCPXk",
"zsfpPirvL",
"zsfjUi8Qo",
"zsff39bTL"
],
"uid":"xinyuenews",
"parent":"zseLeg5tv",
"text":"这么恐怖啊[衰]",
"mid":"zsfaSyncO",
"date":"2013-04-15 11:48:01"
},
{
"kids":[],
"uid":"3301505937",
"parent":"zseLeg5tv",
"text":"",
"mid":"zsf9ncKpk",
"date":"2013-04-15 11:44:17"
},
{
"kids":[],
"uid":"1989704225",
"parent":"",
"text":"好恐怖",
"mid":"zsf7tBfk3",
"date":"2013-04-15 11:39:38"
},
{
"kids":[],
"uid":"tengkajiaju",
"parent":"zsep294sf",
"text":"",
"mid":"zsf6fmQO9",
"date":"2013-04-15 11:36:36"
},
{
"kids":[
"zsLvXk9xO"
],
"uid":"2021741174",
"parent":"zseZH5wST",
"text":"@DJX-桔 @邓颖shan @邓燕君-君君 [生病]",
"mid":"zsf1N6Be7",
"date":"2013-04-15 11:25:37"
},
{
"kids":[
"zsfCdvpco"
],
"uid":"1889911647",
"parent":"zseUydxpb",
"text":"我屋企發現一只。。老豆很彪悍甘挪拖鞋拍死了。。。",
"mid":"zsf1oiPdk",
"date":"2013-04-15 11:24:37"
},
{
"kids":[],
"uid":"3105195357",
"parent":"zseLeg5tv",
"text":"隐翅虫虽能引发部分人患上皮炎，但并不会致人死亡，上网搜一下吧，不要夸大事实制造恐慌好吗？@广州网警 @广州从化公安 @广州公安 @公安部打四黑除四害",
"mid":"zsf16hcAN",
"date":"2013-04-15 11:23:55"
},
{
"kids":[],
"uid":"2131351953",
"parent":"zseLeg5tv",
"text":"",
"mid":"zsf0Q24uz",
"date":"2013-04-15 11:23:16"
},
{
"kids":[],
"uid":"2795079287",
"parent":"zseLeg5tv",
"text":"@亚梨纱-",
"mid":"zseZUFazz",
"date":"2013-04-15 11:20:59"
},
{
"kids":[],
"uid":"3236634730",
"parent":"zseLeg5tv",
"text":"转发微博。",
"mid":"zseZUESzw",
"date":"2013-04-15 11:20:59"
},
{
"kids":[
"zsf1N6Be7"
],
"uid":"2517087044",
"parent":"",
"text":"[汗][汗][汗][汗][汗][汗][汗][汗][汗]",
"mid":"zseZH5wST",
"date":"2013-04-15 11:20:27"
},
{
"kids":[
"zsfr5x8dP"
],
"uid":"208265655",
"parent":"",
"text":"[衰]",
"mid":"zseZ8uQQE",
"date":"2013-04-15 11:19:05"
},
{
"kids":[
"zsni15EfY"
],
"uid":"2675095321",
"parent":"zsep294sf",
"text":"",
"mid":"zseZ6pdhL",
"date":"2013-04-15 11:18:59"
},
{
"kids":[
"zsiCuwKnD",
"zsf1oiPdk"
],
"uid":"1729627252",
"parent":"zseLeg5tv",
"text":"回复@内切摔倒谭小成:OH my god[生病]thx so much",
"mid":"zseUydxpb",
"date":"2013-04-15 11:07:47"
},
{
"kids":[],
"uid":"2189261722",
"parent":"zseLeg5tv",
"text":"",
"mid":"zseTDt7pR",
"date":"2013-04-15 11:05:32"
},
{
"kids":[],
"uid":"323290808",
"parent":"zseLeg5tv",
"text":"",
"mid":"zseTytjqd",
"date":"2013-04-15 11:05:18"
},
{
"kids":[],
"uid":"fulloulove",
"parent":"",
"text":"",
"mid":"zseTp3SSs",
"date":"2013-04-15 11:04:56"
},
{
"kids":[],
"uid":"2650961941",
"parent":"zseLeg5tv",
"text":"",
"mid":"zseRmf1GZ",
"date":"2013-04-15 10:59:55"
},
{
"kids":[],
"uid":"2515142397",
"parent":"zseLeg5tv",
"text":"@刘燕娴-家 @Elsa山 @你还是不董 @小东同梅仔@LYIng_Zi @食品药品学院微博主管 [衰]",
"mid":"zseReiDGE",
"date":"2013-04-15 10:59:35"
},
{
"kids":[],
"uid":"funnyq1u",
"parent":"zseLeg5tv",
"text":"[衰]",
"mid":"zseQ3A227",
"date":"2013-04-15 10:56:42"
},
{
"kids":[],
"uid":"1657740464",
"parent":"zseLeg5tv",
"text":"[生病][生病]",
"mid":"zseP8y1wo",
"date":"2013-04-15 10:54:27"
},
{
"kids":[],
"uid":"2652266965",
"parent":"zseLeg5tv",
"text":"离我家好近的，恐怖吖！",
"mid":"zseOhEbqR",
"date":"2013-04-15 10:52:21"
},
{
"kids":[],
"uid":"2092402430",
"parent":"zseLeg5tv",
"text":"",
"mid":"zseNPkZtZ",
"date":"2013-04-15 10:51:11"
},
{
"kids":[],
"uid":"2640678223",
"parent":"zseLeg5tv",
"text":"",
"mid":"zseNy9jsx",
"date":"2013-04-15 10:50:33"
},
{
"kids":[
"zsiTntLoh",
"zsfRDqx6O",
"zsfK7r8ny",
"zsfC73K4q",
"zsfA9AcoL",
"zsfnJ03FH",
"zsfeyoMHF",
"zsfaSyncO",
"zsf9ncKpk",
"zsf16hcAN",
"zsf0Q24uz",
"zseZUFazz",
"zseZUESzw",
"zseUydxpb",
"zseTDt7pR",
"zseTytjqd",
"zseRmf1GZ",
"zseReiDGE",
"zseQ3A227",
"zseP8y1wo",
"zseOhEbqR",
"zseNPkZtZ",
"zseNy9jsx"
],
"uid":"conghuashenbian",
"parent":"",
"text":"从化珠江学院惊现#隐翅虫#！[衰]",
"mid":"zseLeg5tv",
"date":"2013-04-15 10:44:49"
},
{
"kids":[],
"uid":"3090943361",
"parent":"zseiCoNDv",
"text":"@_格子先sang @华农珠江学院魔术协会 @_冯颖颖颖颖 @_冬冬丁 @我在-魔术师曾子健 @_哪有先森 @惠青Jennifer",
"mid":"zseKbeJHw",
"date":"2013-04-15 10:42:14"
},
{
"kids":[],
"uid":"2034456407",
"parent":"zsep294sf",
"text":"各位要注意啦，不要拍打，轻轻吹走就可以了",
"mid":"zseH11G8M",
"date":"2013-04-15 10:34:26"
},
{
"kids":[],
"uid":"2936475972",
"parent":"zsep294sf",
"text":"@FffyQ @小虫飞1204 @何子涤 @少爷也想逍遥 @謝丝瓜 :#隐翅虫#亲，你地要注意啦",
"mid":"zseGwCtNz",
"date":"2013-04-15 10:33:13"
},
{
"kids":[],
"uid":"2353405072",
"parent":"zsep294sf",
"text":"从化的亲友要注意啦！",
"mid":"zseyDz1s7",
"date":"2013-04-15 10:13:47"
},
{
"kids":[],
"uid":"1014924381",
"parent":"zsep294sf",
"text":"隐形虫恐怖",
"mid":"zsexWoH3Q",
"date":"2013-04-15 10:12:04"
},
{
"kids":[],
"uid":"2035267643",
"parent":"zseiCoNDv",
"text":"好似好严重啵！[吃惊]",
"mid":"zsexplv2Z",
"date":"2013-04-15 10:10:45"
},
{
"kids":[],
"uid":"2399422365",
"parent":"zsep294sf",
"text":"",
"mid":"zsesZFahD",
"date":"2013-04-15 09:59:54"
},
{
"kids":[],
"uid":"1780994283",
"parent":"zsep294sf",
"text":"求证，真的会致命吗？",
"mid":"zserFfAPH",
"date":"2013-04-15 09:56:35"
},
{
"kids":[],
"uid":"1880665580",
"parent":"zsep294sf",
"text":"转发周知...",
"mid":"zserc0mDo",
"date":"2013-04-15 09:55:28"
},
{
"kids":[],
"uid":"1865906751",
"parent":"zsep294sf",
"text":"",
"mid":"zseqZ1Sdg",
"date":"2013-04-15 09:54:55"
},
{
"kids":[
"zsoUZoxHV",
"zsg12bVIl",
"zsfTvi3wP",
"zsf6fmQO9",
"zseZ6pdhL",
"zseH11G8M",
"zseGwCtNz",
"zseyDz1s7",
"zsexWoH3Q",
"zsesZFahD",
"zserFfAPH",
"zserc0mDo",
"zseqZ1Sdg"
],
"uid":"conghuabbs",
"parent":"",
"text":"#隐翅虫#亲，你地要注意啦",
"mid":"zsep294sf",
"date":"2013-04-15 09:50:07"
},
{
"kids":[
"zshuLc9OD",
"zseKbeJHw",
"zsexplv2Z"
],
"uid":"2770990434",
"parent":"",
"text":"[囧]",
"mid":"zseiCoNDv",
"date":"2013-04-15 09:34:20"
},
{
"kids":[],
"uid":"208265655",
"parent":"zsaVR1Wzv",
"text":"[花心]",
"mid":"zse2yzCbc",
"date":"2013-04-15 08:54:46"
},
{
"kids":[
"zsjlntor2",
"zse2yzCbc"
],
"uid":"1836442801",
"parent":"",
"text":"@今日珠江",
"mid":"zsaVR1Wzv",
"date":"2013-04-15 00:59:57"
}
]