[
{
"kids":[],
"uid":"5698098986",
"parent":"",
"text":"",
"mid":"E6SFn71Jh",
"date":"09月05日 17:35"
},
{
"kids":[],
"uid":"5219133594",
"parent":"",
"text":"",
"mid":"BrpKKeZ3P",
"date":"2014-10-13 22:22:08"
},
{
"kids":[],
"uid":"2436896565",
"parent":"Bio5yjqyW",
"text":"",
"mid":"Bp3UUBffY",
"date":"2014-09-28 11:06:08"
},
{
"kids":[],
"uid":"2925794483",
"parent":"",
"text":"[害羞]",
"mid":"BnCIGaFEH",
"date":"2014-09-19 00:01:31"
},
{
"kids":[],
"uid":"1363073633",
"parent":"",
"text":"",
"mid":"BloEplAI9",
"date":"2014-09-04 08:31:57"
},
{
"kids":[],
"uid":"2651456497",
"parent":"",
"text":"",
"mid":"Bjl9NBI5e",
"date":"2014-08-21 19:57:42"
},
{
"kids":[],
"uid":"3616817391",
"parent":"",
"text":"",
"mid":"Bj7LUaYiV",
"date":"2014-08-20 09:53:07"
},
{
"kids":[],
"uid":"2320038871",
"parent":"",
"text":"",
"mid":"Bis4luSYc",
"date":"2014-08-15 23:43:11"
},
{
"kids":[
"Bp3UUBffY"
],
"uid":"1951021640",
"parent":"",
"text":"向往意大利[嘻嘻]",
"mid":"Bio5yjqyW",
"date":"2014-08-15 13:35:10"
},
{
"kids":[],
"uid":"1938635130",
"parent":"",
"text":"",
"mid":"BhkxU0rN0",
"date":"2014-08-08 14:43:43"
},
{
"kids":[],
"uid":"2897096685",
"parent":"",
"text":"",
"mid":"Bft2cto8N",
"date":"2014-07-27 08:39:43"
},
{
"kids":[],
"uid":"2403271127",
"parent":"",
"text":"转发微博。",
"mid":"BcB9GrcUz",
"date":"2014-07-08 11:49:13"
},
{
"kids":[],
"uid":"2371079090",
"parent":"",
"text":"",
"mid":"BcoVbrgqP",
"date":"2014-07-07 04:40:33"
},
{
"kids":[],
"uid":"2471966711",
"parent":"AD3dKhJub",
"text":"",
"mid":"B2Sasr9yg",
"date":"2014-05-05 12:44:48"
},
{
"kids":[],
"uid":"3349331894",
"parent":"",
"text":"",
"mid":"AF6AEpKYc",
"date":"2014-04-11 00:34:59"
},
{
"kids":[],
"uid":"1948288310",
"parent":"AD2MJotuw",
"text":"",
"mid":"AEX1ldMvU",
"date":"2014-04-10 00:13:19"
},
{
"kids":[],
"uid":"1878595511",
"parent":"",
"text":"",
"mid":"AEhgoqbhH",
"date":"2014-04-05 13:55:01"
},
{
"kids":[],
"uid":"2709050095",
"parent":"AD3aviYJO",
"text":"",
"mid":"ADG33DQY9",
"date":"2014-04-01 15:10:33"
},
{
"kids":[],
"uid":"1863745365",
"parent":"",
"text":"@潜海壹号",
"mid":"ADD25pgZt",
"date":"2014-04-01 07:29:55"
},
{
"kids":[],
"uid":"1691940132",
"parent":"",
"text":"",
"mid":"ADwx0bd6U",
"date":"2014-03-31 14:56:51"
},
{
"kids":[],
"uid":"3787206507",
"parent":"AD3yiux4w",
"text":"",
"mid":"ADuTGlooe",
"date":"2014-03-31 10:47:14"
},
{
"kids":[],
"uid":"1088164523",
"parent":"AD3aviYJO",
"text":"",
"mid":"ADoez85JG",
"date":"2014-03-30 17:49:27"
},
{
"kids":[],
"uid":"zh6637",
"parent":"",
"text":"真的假的？",
"mid":"ADoefxUBg",
"date":"2014-03-30 17:48:41"
},
{
"kids":[],
"uid":"2325625917",
"parent":"AD2Nma47D",
"text":"",
"mid":"ADnKJCrsW",
"date":"2014-03-30 16:35:58"
},
{
"kids":[],
"uid":"wang9549",
"parent":"AD2MJotuw",
"text":"",
"mid":"ADdWcCrPF",
"date":"2014-03-29 15:36:44"
},
{
"kids":[],
"uid":"2710467385",
"parent":"AD3dKhJub",
"text":"",
"mid":"ADdTuaisb",
"date":"2014-03-29 15:30:03"
},
{
"kids":[],
"uid":"234535795",
"parent":"AD44Uscyj",
"text":"",
"mid":"ADdB5iIvx",
"date":"2014-03-29 14:44:43"
},
{
"kids":[],
"uid":"1191410890",
"parent":"AD2MJotuw",
"text":"图片中未见男士目光聚焦在天蓝衣女臀部。",
"mid":"ADcuAslaI",
"date":"2014-03-29 11:55:58"
},
{
"kids":[],
"uid":"2535113923",
"parent":"AD2MJotuw",
"text":"",
"mid":"ADc3Sw6n2",
"date":"2014-03-29 10:50:10"
},
{
"kids":[],
"uid":"2355617901",
"parent":"AD2MJotuw",
"text":"",
"mid":"ADbHdqsLX",
"date":"2014-03-29 09:54:20"
},
{
"kids":[],
"uid":"2851806317",
"parent":"AD2MJotuw",
"text":"当你们真正明白“节俭”一词的含义，你们就不会取笑了！[哼]",
"mid":"ADbFG1e1Z",
"date":"2014-03-29 09:50:32"
},
{
"kids":[],
"uid":"2625360915",
"parent":"",
"text":"",
"mid":"AD89CnK2q",
"date":"2014-03-29 00:53:19"
},
{
"kids":[],
"uid":"2285942721",
"parent":"AD3yiux4w",
"text":"[哈哈]",
"mid":"AD7LGmltj",
"date":"2014-03-28 23:54:19"
},
{
"kids":[],
"uid":"2593839132",
"parent":"AD3e6pcxV",
"text":"[思考]",
"mid":"AD7E54J8d",
"date":"2014-03-28 23:35:37"
},
{
"kids":[],
"uid":"2628110105",
"parent":"AD2MJotuw",
"text":"",
"mid":"AD7noiuuk",
"date":"2014-03-28 22:54:30"
},
{
"kids":[],
"uid":"5049711364",
"parent":"AD47lsVoJ",
"text":"",
"mid":"AD77L2yPQ",
"date":"2014-03-28 22:15:59"
},
{
"kids":[],
"uid":"2675345705",
"parent":"",
"text":"",
"mid":"AD74kiiL9",
"date":"2014-03-28 22:07:29"
},
{
"kids":[],
"uid":"3426307784",
"parent":"AD34n1HcT",
"text":"",
"mid":"AD6WY5CP3",
"date":"2014-03-28 21:49:24"
},
{
"kids":[],
"uid":"1915303704",
"parent":"AD35Uv25z",
"text":"",
"mid":"AD6SNfLRY",
"date":"2014-03-28 21:39:07"
},
{
"kids":[],
"uid":"1803994277",
"parent":"AD2MJotuw",
"text":"",
"mid":"AD6OQenkm",
"date":"2014-03-28 21:29:23"
},
{
"kids":[],
"uid":"1814723227",
"parent":"AD44Uscyj",
"text":"",
"mid":"AD6HRlUBd",
"date":"2014-03-28 21:12:11"
},
{
"kids":[],
"uid":"232412389",
"parent":"AD2MJotuw",
"text":"",
"mid":"AD6C8aSIS",
"date":"2014-03-28 20:58:04"
},
{
"kids":[],
"uid":"2390060560",
"parent":"AD2MJotuw",
"text":"",
"mid":"AD6wnvUVc",
"date":"2014-03-28 20:43:53"
},
{
"kids":[],
"uid":"2161906755",
"parent":"AD2MJotuw",
"text":"",
"mid":"AD6hplKXU",
"date":"2014-03-28 20:07:01"
},
{
"kids":[],
"uid":"1011673510",
"parent":"",
"text":"",
"mid":"AD6eZhHqL",
"date":"2014-03-28 20:01:03"
},
{
"kids":[],
"uid":"1268418222",
"parent":"AD34n1HcT",
"text":"",
"mid":"AD67ijejO",
"date":"2014-03-28 19:42:06"
},
{
"kids":[],
"uid":"2141619131",
"parent":"AD2MJotuw",
"text":"",
"mid":"AD66E9mxy",
"date":"2014-03-28 19:40:30"
},
{
"kids":[],
"uid":"2291184402",
"parent":"AD35Uv25z",
"text":"",
"mid":"AD5SD5BMO",
"date":"2014-03-28 19:05:57"
},
{
"kids":[],
"uid":"1015749627",
"parent":"AD2MJotuw",
"text":"",
"mid":"AD5HqFa6I",
"date":"2014-03-28 18:38:23"
},
{
"kids":[],
"uid":"3257480012",
"parent":"AD44Uscyj",
"text":"",
"mid":"AD5yg9CFR",
"date":"2014-03-28 18:15:47"
},
{
"kids":[],
"uid":"2210759602",
"parent":"AD2MJotuw",
"text":"[哈哈]",
"mid":"AD5v0CTzt",
"date":"2014-03-28 18:07:47"
},
{
"kids":[],
"uid":"19900206mqz",
"parent":"AD3cNtYJ4",
"text":"[哈哈]",
"mid":"AD5lQ6JHP",
"date":"2014-03-28 17:45:11"
},
{
"kids":[],
"uid":"3249710222",
"parent":"AD2MJotuw",
"text":"",
"mid":"AD5lO50wL",
"date":"2014-03-28 17:45:06"
},
{
"kids":[],
"uid":"2997391245",
"parent":"AD2MJotuw",
"text":"",
"mid":"AD5j7FgvG",
"date":"2014-03-28 17:38:29"
},
{
"kids":[],
"uid":"3742803487",
"parent":"AD2MJotuw",
"text":"",
"mid":"AD5f4vYJd",
"date":"2014-03-28 17:28:31"
},
{
"kids":[],
"uid":"2703304537",
"parent":"",
"text":"",
"mid":"AD5ckkm5c",
"date":"2014-03-28 17:21:45"
},
{
"kids":[],
"uid":"2117422571",
"parent":"",
"text":"[哈哈]你亮了",
"mid":"AD5ceFgpS",
"date":"2014-03-28 17:21:32"
},
{
"kids":[],
"uid":"hanboyuan",
"parent":"AD44Uscyj",
"text":"",
"mid":"AD55zAm2O",
"date":"2014-03-28 17:05:07"
},
{
"kids":[],
"uid":"2627009211",
"parent":"AD484qde3",
"text":"没你重",
"mid":"AD551DMJ6",
"date":"2014-03-28 17:03:46"
},
{
"kids":[],
"uid":"2202915105",
"parent":"AD2MJotuw",
"text":"",
"mid":"AD52Mai0k",
"date":"2014-03-28 16:58:13"
},
{
"kids":[],
"uid":"2660177873",
"parent":"AD2MJotuw",
"text":"",
"mid":"AD52zaKIG",
"date":"2014-03-28 16:57:42"
},
{
"kids":[],
"uid":"2524879132",
"parent":"AD2MJotuw",
"text":"[哈哈]",
"mid":"AD51u6RL4",
"date":"2014-03-28 16:55:02"
},
{
"kids":[],
"uid":"qsdys",
"parent":"AD2MJotuw",
"text":"",
"mid":"AD50NwNWP",
"date":"2014-03-28 16:53:20"
},
{
"kids":[],
"uid":"1617717560",
"parent":"AD2MJotuw",
"text":"",
"mid":"AD4XI2sw6",
"date":"2014-03-28 16:45:44"
},
{
"kids":[],
"uid":"3454495262",
"parent":"AD34n1HcT",
"text":"",
"mid":"AD4WTgnhM",
"date":"2014-03-28 16:43:43"
},
{
"kids":[],
"uid":"1427399423",
"parent":"AD2MJotuw",
"text":"",
"mid":"AD4W8xeWy",
"date":"2014-03-28 16:41:52"
},
{
"kids":[],
"uid":"1227838367",
"parent":"AD44Uscyj",
"text":"",
"mid":"AD4VJFoRg",
"date":"2014-03-28 16:40:53"
},
{
"kids":[],
"uid":"1861694037",
"parent":"AD2MJotuw",
"text":"",
"mid":"AD4Vdfmga",
"date":"2014-03-28 16:39:35"
},
{
"kids":[],
"uid":"1880258357",
"parent":"AD2MJotuw",
"text":"",
"mid":"AD4SRwnRF",
"date":"2014-03-28 16:33:48"
},
{
"kids":[],
"uid":"fow807",
"parent":"AD2MJotuw",
"text":"原味的[衰][衰]",
"mid":"AD4Sue8Ii",
"date":"2014-03-28 16:32:52"
},
{
"kids":[],
"uid":"3315307243",
"parent":"",
"text":"",
"mid":"AD4RF5s4p",
"date":"2014-03-28 16:30:50"
},
{
"kids":[],
"uid":"2768183497",
"parent":"AD2MJotuw",
"text":"",
"mid":"AD4PK0arS",
"date":"2014-03-28 16:26:05"
},
{
"kids":[],
"uid":"3015418737",
"parent":"AD376m1fN",
"text":"[馋嘴][馋嘴]",
"mid":"AD4PH3UJ2",
"date":"2014-03-28 16:25:59"
},
{
"kids":[],
"uid":"3210186861",
"parent":"AD2MJotuw",
"text":"[哈哈]",
"mid":"AD4NfadZJ",
"date":"2014-03-28 16:19:57"
},
{
"kids":[],
"uid":"2478154542",
"parent":"",
"text":"[哈哈]",
"mid":"AD4MOzLAV",
"date":"2014-03-28 16:18:54"
},
{
"kids":[],
"uid":"5017989937",
"parent":"AD2MJotuw",
"text":"[鼓掌][鼓掌][鼓掌][鼓掌]",
"mid":"AD4Ms8gdH",
"date":"2014-03-28 16:18:00"
},
{
"kids":[],
"uid":"1563539511",
"parent":"AD2MJotuw",
"text":"",
"mid":"AD4LfAV42",
"date":"2014-03-28 16:15:03"
},
{
"kids":[],
"uid":"2805662741",
"parent":"",
"text":"",
"mid":"AD4K2yTDX",
"date":"2014-03-28 16:12:04"
},
{
"kids":[],
"uid":"2000736165",
"parent":"",
"text":"这是奔驰的广告吗？[哈哈][哈哈]",
"mid":"AD4JfeKme",
"date":"2014-03-28 16:10:06"
},
{
"kids":[],
"uid":"2034785570",
"parent":"AD4CCcCMV",
"text":"",
"mid":"AD4HFcTX9",
"date":"2014-03-28 16:06:10"
},
{
"kids":[],
"uid":"3780408875",
"parent":"AD4CCcCMV",
"text":"",
"mid":"AD4E4iECs",
"date":"2014-03-28 15:57:20"
},
{
"kids":[],
"uid":"80906153",
"parent":"AD4CCcCMV",
"text":"",
"mid":"AD4DY6oeP",
"date":"2014-03-28 15:57:06"
},
{
"kids":[],
"uid":"2626171795",
"parent":"AD2MJotuw",
"text":"应该是",
"mid":"AD4DTpuod",
"date":"2014-03-28 15:56:55"
},
{
"kids":[],
"uid":"2463274075",
"parent":"AD4CCcCMV",
"text":"",
"mid":"AD4DG8IzQ",
"date":"2014-03-28 15:56:23"
},
{
"kids":[
"AD4HFcTX9",
"AD4E4iECs",
"AD4DY6oeP",
"AD4DG8IzQ"
],
"uid":"312844404",
"parent":"AD2MJotuw",
"text":"此回复，吊炸天[哈哈]",
"mid":"AD4CCcCMV",
"date":"2014-03-28 15:53:46"
},
{
"kids":[],
"uid":"3251840410",
"parent":"AD2MJotuw",
"text":"[汗]",
"mid":"AD4Bk8YSi",
"date":"2014-03-28 15:50:35"
},
{
"kids":[],
"uid":"2325125523",
"parent":"AD2MJotuw",
"text":"醒目",
"mid":"AD4Bd193S",
"date":"2014-03-28 15:50:17"
},
{
"kids":[],
"uid":"2875127594",
"parent":"AD2MJotuw",
"text":"",
"mid":"AD4zS0CEC",
"date":"2014-03-28 15:47:00"
},
{
"kids":[],
"uid":"1416967050",
"parent":"AD44Uscyj",
"text":"[哈哈]最高端奔驰广告！[哈哈]",
"mid":"AD4z9EE69",
"date":"2014-03-28 15:45:15"
},
{
"kids":[],
"uid":"2421093237",
"parent":"AD2MJotuw",
"text":"这个广告植入的太牛逼了！",
"mid":"AD4xwi6Us",
"date":"2014-03-28 15:41:13"
},
{
"kids":[],
"uid":"3295909475",
"parent":"",
"text":"回复@凌少派:喜欢！",
"mid":"AD4wb00LI",
"date":"2014-03-28 15:37:54"
},
{
"kids":[],
"uid":"ltx2588",
"parent":"AD3cNtYJ4",
"text":"",
"mid":"AD4w9el66",
"date":"2014-03-28 15:37:49"
},
{
"kids":[],
"uid":"2696472257",
"parent":"AD3dKhJub",
"text":"[哈哈][哈哈]",
"mid":"AD4vTylR9",
"date":"2014-03-28 15:37:13"
},
{
"kids":[],
"uid":"1962306465",
"parent":"",
"text":"[哈哈]",
"mid":"AD4vAEwJ7",
"date":"2014-03-28 15:36:27"
},
{
"kids":[],
"uid":"2818948625",
"parent":"AD2MJotuw",
"text":"后面的肯定都“一条了”@袁腾飞 @作家崔成浩",
"mid":"AD4vjtwZB",
"date":"2014-03-28 15:35:47"
},
{
"kids":[],
"uid":"231333678",
"parent":"AD2MJotuw",
"text":"",
"mid":"AD4vjbVFl",
"date":"2014-03-28 15:35:46"
},
{
"kids":[],
"uid":"3909599194",
"parent":"AD2MJotuw",
"text":"[哈哈][哈哈]",
"mid":"AD4vaBxbc",
"date":"2014-03-28 15:35:26"
},
{
"kids":[],
"uid":"1602484581",
"parent":"AD2MJotuw",
"text":"",
"mid":"AD4u3ssVk",
"date":"2014-03-28 15:32:41"
},
{
"kids":[],
"uid":"2325809635",
"parent":"AD2MJotuw",
"text":"@winter-nuo",
"mid":"AD4sG6i0c",
"date":"2014-03-28 15:29:17"
},
{
"kids":[],
"uid":"3860326937",
"parent":"AD2MJotuw",
"text":"衣服颜色很漂亮。鞋子很诱人",
"mid":"AD4snuXoD",
"date":"2014-03-28 15:28:32"
},
{
"kids":[],
"uid":"1070302370",
"parent":"",
"text":"意大利[哈哈]",
"mid":"AD4r2t4J2",
"date":"2014-03-28 15:25:15"
},
{
"kids":[],
"uid":"2211314100",
"parent":"AD2MJotuw",
"text":"[嘻嘻][哈哈]",
"mid":"AD4qmesva",
"date":"2014-03-28 15:23:33"
},
{
"kids":[],
"uid":"leialin",
"parent":"AD3cNtYJ4",
"text":"",
"mid":"AD4qf9yLc",
"date":"2014-03-28 15:23:17"
},
{
"kids":[],
"uid":"2673300292",
"parent":"AD2MJotuw",
"text":"",
"mid":"AD4qb1pbT",
"date":"2014-03-28 15:23:07"
},
{
"kids":[],
"uid":"2918737971",
"parent":"AD2MJotuw",
"text":"[哈哈][哈哈]",
"mid":"AD4pYgTPU",
"date":"2014-03-28 15:22:36"
},
{
"kids":[],
"uid":"1908385102",
"parent":"AD2MJotuw",
"text":"",
"mid":"AD4oXzNSe",
"date":"2014-03-28 15:20:08"
},
{
"kids":[],
"uid":"hotman171872598",
"parent":"AD2MJotuw",
"text":"[哈哈]",
"mid":"AD4ok3yDZ",
"date":"2014-03-28 15:18:33"
},
{
"kids":[],
"uid":"2421689704",
"parent":"AD44Uscyj",
"text":"[给力]",
"mid":"AD4mRkoBB",
"date":"2014-03-28 15:14:57"
},
{
"kids":[],
"uid":"2243993812",
"parent":"AD3xi5ta8",
"text":"",
"mid":"AD4lZuaYv",
"date":"2014-03-28 15:12:49"
},
{
"kids":[],
"uid":"3646544084",
"parent":"AD44Uscyj",
"text":"[哈哈]",
"mid":"AD4kYB6f7",
"date":"2014-03-28 15:10:18"
},
{
"kids":[],
"uid":"2206887374",
"parent":"AD2MJotuw",
"text":"",
"mid":"AD4kgeGT3",
"date":"2014-03-28 15:08:32"
},
{
"kids":[],
"uid":"3128759561",
"parent":"AD3dKhJub",
"text":"[哈哈]诱惑还是性感！",
"mid":"AD4jcofJ0",
"date":"2014-03-28 15:05:56"
},
{
"kids":[],
"uid":"512678828",
"parent":"AD2MJotuw",
"text":"",
"mid":"AD4ip0sOn",
"date":"2014-03-28 15:03:58"
},
{
"kids":[],
"uid":"iamrenxin",
"parent":"AD44Uscyj",
"text":"有亮点",
"mid":"AD4imFBBD",
"date":"2014-03-28 15:03:52"
},
{
"kids":[],
"uid":"1400302573",
"parent":"AD2MJotuw",
"text":"赞",
"mid":"AD4hIajiT",
"date":"2014-03-28 15:02:16"
},
{
"kids":[],
"uid":"tiamowanglaoqi",
"parent":"AD44Uscyj",
"text":"奔驰@阮天元",
"mid":"AD4hbo9RI",
"date":"2014-03-28 15:00:58"
},
{
"kids":[],
"uid":"1319431331",
"parent":"AD2MJotuw",
"text":"哈哈，奔驰广告！",
"mid":"AD4gJAZUh",
"date":"2014-03-28 14:59:52"
},
{
"kids":[],
"uid":"2314526784",
"parent":"AD44Uscyj",
"text":"[哈哈][哈哈]",
"mid":"AD4ff9miC",
"date":"2014-03-28 14:56:11"
},
{
"kids":[],
"uid":"lincwins",
"parent":"AD3cNtYJ4",
"text":"",
"mid":"AD4dGugxm",
"date":"2014-03-28 14:52:21"
},
{
"kids":[],
"uid":"1935753485",
"parent":"AD44Uscyj",
"text":"",
"mid":"AD4dgbppt",
"date":"2014-03-28 14:51:18"
},
{
"kids":[],
"uid":"2156205923",
"parent":"AD2MJotuw",
"text":"",
"mid":"AD4cIbex8",
"date":"2014-03-28 14:49:57"
},
{
"kids":[],
"uid":"zixue16178899feiwu",
"parent":"AD2MJotuw",
"text":"[哈哈]",
"mid":"AD4cukt0g",
"date":"2014-03-28 14:49:24"
},
{
"kids":[],
"uid":"2337663217",
"parent":"AD2MJotuw",
"text":"Awesome.",
"mid":"AD4ce5gIO",
"date":"2014-03-28 14:48:44"
},
{
"kids":[],
"uid":"youxueteam",
"parent":"AD2MJotuw",
"text":"",
"mid":"AD4bMxs4P",
"date":"2014-03-28 14:47:40"
},
{
"kids":[],
"uid":"2284141363",
"parent":"AD49yz7m1",
"text":"这是什么节奏",
"mid":"AD4bKtmDr",
"date":"2014-03-28 14:47:35"
},
{
"kids":[],
"uid":"yl559",
"parent":"AD44Uscyj",
"text":"",
"mid":"AD4bKbLo7",
"date":"2014-03-28 14:47:34"
},
{
"kids":[],
"uid":"2275011860",
"parent":"AD3cNtYJ4",
"text":"[哈哈][哈哈]",
"mid":"AD4aTjZMs",
"date":"2014-03-28 14:45:28"
},
{
"kids":[],
"uid":"2683918251",
"parent":"AD44Uscyj",
"text":"最牛奔驰广告！[哈哈][哈哈]",
"mid":"AD4args7I",
"date":"2014-03-28 14:44:21"
},
{
"kids":[],
"uid":"3233993520",
"parent":"AD2MJotuw",
"text":"",
"mid":"AD4akdGK4",
"date":"2014-03-28 14:44:03"
},
{
"kids":[],
"uid":"linchangyu",
"parent":"AD2MJotuw",
"text":"奔驰的广告[汗]",
"mid":"AD49Gi2ao",
"date":"2014-03-28 14:42:28"
},
{
"kids":[],
"uid":"1702711617",
"parent":"AD2MJotuw",
"text":"ps的",
"mid":"AD49DnjJA",
"date":"2014-03-28 14:42:21"
},
{
"kids":[],
"uid":"2440083777",
"parent":"AD2MJotuw",
"text":"",
"mid":"AD49AlBs6",
"date":"2014-03-28 14:42:14"
},
{
"kids":[
"AD4bKtmDr"
],
"uid":"htxmd",
"parent":"",
"text":"这是释放的节奏吗？[嘻嘻]",
"mid":"AD49yz7m1",
"date":"2014-03-28 14:42:11"
},
{
"kids":[],
"uid":"2714209092",
"parent":"",
"text":"[偷笑]",
"mid":"AD48W97QJ",
"date":"2014-03-28 14:40:39"
},
{
"kids":[],
"uid":"2994659375",
"parent":"AD2MJotuw",
"text":"",
"mid":"AD48QfyL1",
"date":"2014-03-28 14:40:25"
},
{
"kids":[],
"uid":"2624695911",
"parent":"AD3cNtYJ4",
"text":"想去意大利！",
"mid":"AD48HFa2R",
"date":"2014-03-28 14:40:05"
},
{
"kids":[],
"uid":"3019355115",
"parent":"AD44Uscyj",
"text":"[哈哈]",
"mid":"AD48v0lGl",
"date":"2014-03-28 14:39:34"
},
{
"kids":[],
"uid":"3366005162",
"parent":"AD2MJotuw",
"text":"",
"mid":"AD489sRBZ",
"date":"2014-03-28 14:38:42"
},
{
"kids":[
"AD551DMJ6"
],
"uid":"2627009211",
"parent":"AD3dKhJub",
"text":"@晏浩km @小米砾儿 @R_叫我蛇子姐 [睡觉]",
"mid":"AD484qde3",
"date":"2014-03-28 14:38:30"
},
{
"kids":[],
"uid":"3041577482",
"parent":"AD44Uscyj",
"text":"",
"mid":"AD47Vw7Sl",
"date":"2014-03-28 14:38:10"
},
{
"kids":[],
"uid":"3189195374",
"parent":"AD44Uscyj",
"text":"",
"mid":"AD47H3v40",
"date":"2014-03-28 14:37:35"
},
{
"kids":[],
"uid":"2784357360",
"parent":"AD3cNtYJ4",
"text":"[哈哈][哈哈][哈哈]@丰乳肥臀v:这是奔驰的广告吗？[哈哈][哈哈]",
"mid":"AD47uEq5h",
"date":"2014-03-28 14:37:05"
},
{
"kids":[
"AD77L2yPQ"
],
"uid":"5032656649",
"parent":"AD2MJotuw",
"text":"",
"mid":"AD47lsVoJ",
"date":"2014-03-28 14:36:43"
},
{
"kids":[],
"uid":"3416507640",
"parent":"",
"text":"[哈哈]",
"mid":"AD46VaYdf",
"date":"2014-03-28 14:35:41"
},
{
"kids":[],
"uid":"1815928885",
"parent":"AD44Uscyj",
"text":"",
"mid":"AD46z3Qbt",
"date":"2014-03-28 14:34:48"
},
{
"kids":[],
"uid":"3454888650",
"parent":"AD44Uscyj",
"text":"[哈哈]",
"mid":"AD462cW3a",
"date":"2014-03-28 14:33:30"
},
{
"kids":[],
"uid":"1892728341",
"parent":"AD2MJotuw",
"text":"@红红的窝",
"mid":"AD45G4g80",
"date":"2014-03-28 14:32:37"
},
{
"kids":[],
"uid":"1064076757",
"parent":"AD44Uscyj",
"text":"",
"mid":"AD45xsJDC",
"date":"2014-03-28 14:32:17"
},
{
"kids":[
"ADdB5iIvx",
"AD6HRlUBd",
"AD5yg9CFR",
"AD55zAm2O",
"AD4VJFoRg",
"AD4z9EE69",
"AD4mRkoBB",
"AD4kYB6f7",
"AD4imFBBD",
"AD4hbo9RI",
"AD4ff9miC",
"AD4dgbppt",
"AD4bKbLo7",
"AD4args7I",
"AD48v0lGl",
"AD47Vw7Sl",
"AD47H3v40",
"AD46z3Qbt",
"AD462cW3a",
"AD45xsJDC"
],
"uid":"210108712",
"parent":"AD2MJotuw",
"text":"[哈哈]",
"mid":"AD44Uscyj",
"date":"2014-03-28 14:30:44"
},
{
"kids":[],
"uid":"1916350321",
"parent":"AD3dKhJub",
"text":"",
"mid":"AD44MbQpT",
"date":"2014-03-28 14:30:24"
},
{
"kids":[],
"uid":"5073666704",
"parent":"AD3BU7JQu",
"text":"",
"mid":"AD44xrlHd",
"date":"2014-03-28 14:29:48"
},
{
"kids":[],
"uid":"2938382273",
"parent":"AD2MJotuw",
"text":"广告语：“不能再低了”",
"mid":"AD44ozYV9",
"date":"2014-03-28 14:29:28"
},
{
"kids":[],
"uid":"1611812505",
"parent":"",
"text":"奔驰广告[哈哈]",
"mid":"AD44iq7sc",
"date":"2014-03-28 14:29:13"
},
{
"kids":[],
"uid":"superorangee",
"parent":"AD3aviYJO",
"text":"",
"mid":"AD43K5kRr",
"date":"2014-03-28 14:27:51"
},
{
"kids":[],
"uid":"1402601877",
"parent":"AD2MJotuw",
"text":"",
"mid":"AD43lxqFK",
"date":"2014-03-28 14:26:53"
},
{
"kids":[],
"uid":"2429121645",
"parent":"AD2MJotuw",
"text":"",
"mid":"AD42xAKNH",
"date":"2014-03-28 14:24:54"
},
{
"kids":[],
"uid":"2629615471",
"parent":"AD2MJotuw",
"text":"",
"mid":"AD421o89z",
"date":"2014-03-28 14:23:37"
},
{
"kids":[],
"uid":"1198458364",
"parent":"AD2MJotuw",
"text":"",
"mid":"AD41t8zEz",
"date":"2014-03-28 14:22:15"
},
{
"kids":[],
"uid":"3779434635",
"parent":"AD2MJotuw",
"text":"有点紧张",
"mid":"AD417xZPM",
"date":"2014-03-28 14:21:23"
},
{
"kids":[],
"uid":"1400688245",
"parent":"AD2MJotuw",
"text":"哈哈",
"mid":"AD40L6C9F",
"date":"2014-03-28 14:20:30"
},
{
"kids":[],
"uid":"zannejinghuai",
"parent":"AD3cNtYJ4",
"text":"",
"mid":"AD3ZHcoEL",
"date":"2014-03-28 14:17:54"
},
{
"kids":[],
"uid":"3267441612",
"parent":"AD2MJotuw",
"text":"",
"mid":"AD3ZfqJBd",
"date":"2014-03-28 14:16:47"
},
{
"kids":[],
"uid":"2416840983",
"parent":"AD3NglBEM",
"text":"最右[飞机]",
"mid":"AD3Y5CKv8",
"date":"2014-03-28 14:13:56"
},
{
"kids":[],
"uid":"xiaohan0215",
"parent":"AD3yiux4w",
"text":"丰田广告。。",
"mid":"AD3XunLk1",
"date":"2014-03-28 14:12:27"
},
{
"kids":[],
"uid":"2490239641",
"parent":"AD2MJotuw",
"text":"最右亮了→_→",
"mid":"AD3Xu93xa",
"date":"2014-03-28 14:12:25"
},
{
"kids":[],
"uid":"3638590522",
"parent":"AD2MJotuw",
"text":"",
"mid":"AD3XdwREu",
"date":"2014-03-28 14:11:47"
},
{
"kids":[],
"uid":"2036938703",
"parent":"AD2MJotuw",
"text":"女部长的标配",
"mid":"AD3X1uGBs",
"date":"2014-03-28 14:11:17"
},
{
"kids":[],
"uid":"2496838805",
"parent":"AD3QldnpF",
"text":"",
"mid":"AD3WqdY9B",
"date":"2014-03-28 14:09:49"
},
{
"kids":[],
"uid":"2977101982",
"parent":"AD2MJotuw",
"text":"HAHA",
"mid":"AD3WkiiRd",
"date":"2014-03-28 14:09:35"
},
{
"kids":[],
"uid":"zhbxt",
"parent":"AD2MJotuw",
"text":"",
"mid":"AD3VZ3xT5",
"date":"2014-03-28 14:08:43"
},
{
"kids":[],
"uid":"2591783890",
"parent":"AD2MJotuw",
"text":"[哼]方向反了吧",
"mid":"AD3VYrTPn",
"date":"2014-03-28 14:08:43"
},
{
"kids":[],
"uid":"3719894680",
"parent":"AD3NglBEM",
"text":"",
"mid":"AD3VRmiEs",
"date":"2014-03-28 14:08:25"
},
{
"kids":[],
"uid":"1314383892",
"parent":"AD2MJotuw",
"text":"",
"mid":"AD3Vt6DJr",
"date":"2014-03-28 14:07:28"
},
{
"kids":[],
"uid":"3170102147",
"parent":"",
"text":"",
"mid":"AD3UXdRrI",
"date":"2014-03-28 14:06:12"
},
{
"kids":[],
"uid":"sagitv5",
"parent":"AD2MJotuw",
"text":"谁在后面？！",
"mid":"AD3UpcflS",
"date":"2014-03-28 14:04:50"
},
{
"kids":[],
"uid":"3102552003",
"parent":"AD2MJotuw",
"text":"[哈哈][哈哈][哈哈][哈哈]",
"mid":"AD3TUtgIp",
"date":"2014-03-28 14:03:37"
},
{
"kids":[],
"uid":"2102363647",
"parent":"AD2MJotuw",
"text":"已经证实是ps的啦",
"mid":"AD3TQCGyG",
"date":"2014-03-28 14:03:29"
},
{
"kids":[],
"uid":"3189315780",
"parent":"AD2MJotuw",
"text":"",
"mid":"AD3Thcn8I",
"date":"2014-03-28 14:02:03"
},
{
"kids":[],
"uid":"2883082492",
"parent":"AD2MJotuw",
"text":"ps的啦",
"mid":"AD3TdlLb3",
"date":"2014-03-28 14:01:55"
},
{
"kids":[],
"uid":"oldm",
"parent":"AD3aviYJO",
"text":"[哈哈]",
"mid":"AD3SI0TkD",
"date":"2014-03-28 14:00:40"
},
{
"kids":[],
"uid":"2089646435",
"parent":"",
"text":"希望明年两会能见到像女部长一样认真的女委员！",
"mid":"AD3Sv2KPn",
"date":"2014-03-28 14:00:09"
},
{
"kids":[],
"uid":"3024458345",
"parent":"AD2MJotuw",
"text":"",
"mid":"AD3ShszZk",
"date":"2014-03-28 13:59:37"
},
{
"kids":[],
"uid":"wojerryfun",
"parent":"",
"text":"桌子挺红的[阴险]",
"mid":"AD3Sf569x",
"date":"2014-03-28 13:59:31"
},
{
"kids":[],
"uid":"2107513843",
"parent":"AD2MJotuw",
"text":"这是奔驰的广告吗？",
"mid":"AD3S5AOh7",
"date":"2014-03-28 13:59:09"
},
{
"kids":[],
"uid":"1873823355",
"parent":"AD3dKhJub",
"text":"",
"mid":"AD3RU61lZ",
"date":"2014-03-28 13:58:41"
},
{
"kids":[],
"uid":"1565849404",
"parent":"AD2MJotuw",
"text":"",
"mid":"AD3RABbc4",
"date":"2014-03-28 13:57:55"
},
{
"kids":[],
"uid":"1242808531",
"parent":"",
"text":"只转发不评论",
"mid":"AD3RtaDyE",
"date":"2014-03-28 13:57:37"
},
{
"kids":[],
"uid":"2728291013",
"parent":"AD2MJotuw",
"text":"[哈哈]",
"mid":"AD3QQa6hq",
"date":"2014-03-28 13:56:04"
},
{
"kids":[],
"uid":"dracula9527",
"parent":"AD2MJotuw",
"text":"",
"mid":"AD3QPzK30",
"date":"2014-03-28 13:56:03"
},
{
"kids":[],
"uid":"1833522127",
"parent":"AD2MJotuw",
"text":"",
"mid":"AD3Qndvcl",
"date":"2014-03-28 13:54:55"
},
{
"kids":[
"AD3WqdY9B"
],
"uid":"210107859",
"parent":"AD3NglBEM",
"text":"[哈哈][哈哈]",
"mid":"AD3QldnpF",
"date":"2014-03-28 13:54:49"
},
{
"kids":[],
"uid":"2106436487",
"parent":"AD3FK1k3A",
"text":"[害羞]",
"mid":"AD3QauVmj",
"date":"2014-03-28 13:54:25"
},
{
"kids":[],
"uid":"f110911",
"parent":"",
"text":"果然是浪漫的国家",
"mid":"AD3PMAUd0",
"date":"2014-03-28 13:53:28"
},
{
"kids":[],
"uid":"2453182517",
"parent":"AD2MJotuw",
"text":"",
"mid":"AD3PJBjW6",
"date":"2014-03-28 13:53:21"
},
{
"kids":[],
"uid":"eclosion",
"parent":"AD2MJotuw",
"text":"意大利真是一个可爱的，可亲的，呆萌的，国家[哈哈]",
"mid":"AD3PwnNRe",
"date":"2014-03-28 13:52:49"
},
{
"kids":[],
"uid":"trinitrotoluene",
"parent":"AD2MJotuw",
"text":"",
"mid":"AD3PqqajA",
"date":"2014-03-28 13:52:35"
},
{
"kids":[],
"uid":"1862657713",
"parent":"",
"text":"",
"mid":"AD3PokMr7",
"date":"2014-03-28 13:52:30"
},
{
"kids":[],
"uid":"2743229832",
"parent":"AD2MJotuw",
"text":"",
"mid":"AD3Pm2OIj",
"date":"2014-03-28 13:52:23"
},
{
"kids":[],
"uid":"dcyhaitao",
"parent":"AD2MJotuw",
"text":"你们只看到了屁股，却没看到胸部！",
"mid":"AD3PicdlS",
"date":"2014-03-28 13:52:14"
},
{
"kids":[],
"uid":"zochill",
"parent":"AD3hD639q",
"text":"[给力]",
"mid":"AD3OEyei1",
"date":"2014-03-28 13:50:41"
},
{
"kids":[],
"uid":"1877218287",
"parent":"AD3NglBEM",
"text":"奔驰强势植入[哈哈]",
"mid":"AD3Ops3b5",
"date":"2014-03-28 13:50:04"
},
{
"kids":[],
"uid":"2566485712",
"parent":"AD3xqkmou",
"text":"[鼓掌][鼓掌][鼓掌]",
"mid":"AD3Od6mRn",
"date":"2014-03-28 13:49:35"
},
{
"kids":[],
"uid":"nicnagisa",
"parent":"AD2MJotuw",
"text":"意大利",
"mid":"AD3NWx8t5",
"date":"2014-03-28 13:48:56"
},
{
"kids":[],
"uid":"3295609745",
"parent":"AD2MJotuw",
"text":"[嘻嘻]",
"mid":"AD3NVmhMD",
"date":"2014-03-28 13:48:53"
},
{
"kids":[],
"uid":"1866093543",
"parent":"AD3dKhJub",
"text":"[哈哈]",
"mid":"AD3NCpL2z",
"date":"2014-03-28 13:48:07"
},
{
"kids":[],
"uid":"1931251872",
"parent":"AD2MJotuw",
"text":"",
"mid":"AD3NzsqjX",
"date":"2014-03-28 13:48:01"
},
{
"kids":[
"AD3Y5CKv8",
"AD3WqdY9B",
"AD3VRmiEs",
"AD3QldnpF",
"AD3Ops3b5"
],
"uid":"3230553332",
"parent":"AD2MJotuw",
"text":"这是奔驰的广告吗？[哈哈][哈哈]",
"mid":"AD3NglBEM",
"date":"2014-03-28 13:47:14"
},
{
"kids":[],
"uid":"alanhyl",
"parent":"AD3FK1k3A",
"text":"品味独特",
"mid":"AD3MU91pi",
"date":"2014-03-28 13:46:22"
},
{
"kids":[],
"uid":"2714221492",
"parent":"AD3etuXR6",
"text":"好形象",
"mid":"AD3MkogsC",
"date":"2014-03-28 13:44:57"
},
{
"kids":[],
"uid":"1724275933",
"parent":"AD3LrrdAE",
"text":"",
"mid":"AD3MdAj3T",
"date":"2014-03-28 13:44:40"
},
{
"kids":[
"AD3MdAj3T"
],
"uid":"3176146942",
"parent":"AD3yiux4w",
"text":"[哈哈]",
"mid":"AD3LrrdAE",
"date":"2014-03-28 13:42:45"
},
{
"kids":[],
"uid":"2581920401",
"parent":"AD3cNtYJ4",
"text":"",
"mid":"AD3L39JCu",
"date":"2014-03-28 13:41:48"
},
{
"kids":[],
"uid":"xswin",
"parent":"AD3yiux4w",
"text":"",
"mid":"AD3KP4ayU",
"date":"2014-03-28 13:41:13"
},
{
"kids":[],
"uid":"3202494374",
"parent":"AD3dKhJub",
"text":"[花心]",
"mid":"AD3KNe1DC",
"date":"2014-03-28 13:41:10"
},
{
"kids":[],
"uid":"2308846245",
"parent":"AD3cNtYJ4",
"text":"",
"mid":"AD3KLrwLY",
"date":"2014-03-28 13:41:06"
},
{
"kids":[],
"uid":"2386922565",
"parent":"AD2MJotuw",
"text":"",
"mid":"AD3KJ42jy",
"date":"2014-03-28 13:41:00"
},
{
"kids":[],
"uid":"kelly99",
"parent":"AD3yiux4w",
"text":"",
"mid":"AD3KGrmnW",
"date":"2014-03-28 13:40:54"
},
{
"kids":[],
"uid":"2459036687",
"parent":"AD2MJotuw",
"text":"",
"mid":"AD3Kz1qYi",
"date":"2014-03-28 13:40:36"
},
{
"kids":[],
"uid":"2914180215",
"parent":"AD3cNtYJ4",
"text":"故意的！[哈哈][哈哈][哈哈][哈哈]",
"mid":"AD3KomH7B",
"date":"2014-03-28 13:40:11"
},
{
"kids":[],
"uid":"2566314111",
"parent":"",
"text":"意大利亞...",
"mid":"AD3Ke3AWp",
"date":"2014-03-28 13:39:46"
},
{
"kids":[],
"uid":"pepgypgy",
"parent":"AD3xqkmou",
"text":"[挖鼻屎][汗]哎！",
"mid":"AD3JR1W0W",
"date":"2014-03-28 13:38:51"
},
{
"kids":[],
"uid":"1408361900",
"parent":"AD2MJotuw",
"text":"",
"mid":"AD3Jtodhj",
"date":"2014-03-28 13:37:54"
},
{
"kids":[],
"uid":"1849874095",
"parent":"AD2MJotuw",
"text":"正点",
"mid":"AD3JiqRub",
"date":"2014-03-28 13:37:29"
},
{
"kids":[],
"uid":"3262944571",
"parent":"AD2MJotuw",
"text":"",
"mid":"AD3I6fhoP",
"date":"2014-03-28 13:34:32"
},
{
"kids":[],
"uid":"2326716067",
"parent":"AD3cNtYJ4",
"text":"[酷][酷][酷]",
"mid":"AD3HK5dpx",
"date":"2014-03-28 13:33:38"
},
{
"kids":[],
"uid":"1432299027",
"parent":"AD2MJotuw",
"text":"员外的裤子包二奶专用[哈哈]",
"mid":"AD3H5CvIt",
"date":"2014-03-28 13:32:02"
},
{
"kids":[],
"uid":"1970646400",
"parent":"AD3GshCcn",
"text":"",
"mid":"AD3GW9WKe",
"date":"2014-03-28 13:31:39"
},
{
"kids":[],
"uid":"cmf060111",
"parent":"AD2MJotuw",
"text":"[哈哈][哈哈][哈哈][哈哈][哈哈]@鸿牛1 @阿丹0007 @阿利利82",
"mid":"AD3GNzxYO",
"date":"2014-03-28 13:31:20"
},
{
"kids":[],
"uid":"lorrycui",
"parent":"AD3cNtYJ4",
"text":"[哈哈]",
"mid":"AD3GKmRXn",
"date":"2014-03-28 13:31:11"
},
{
"kids":[],
"uid":"5020407219",
"parent":"AD3dKhJub",
"text":"[哈哈]",
"mid":"AD3GI087H",
"date":"2014-03-28 13:31:05"
},
{
"kids":[],
"uid":"2513503177",
"parent":"AD2MJotuw",
"text":"这是奔驰的广告吗？[哈哈][哈哈]",
"mid":"AD3GA09UC",
"date":"2014-03-28 13:30:46"
},
{
"kids":[],
"uid":"2825043145",
"parent":"AD3dKhJub",
"text":"→_→",
"mid":"AD3GvhtMb",
"date":"2014-03-28 13:30:36"
},
{
"kids":[
"AD3GW9WKe"
],
"uid":"3465108712",
"parent":"AD2MJotuw",
"text":"[花心]",
"mid":"AD3GshCcn",
"date":"2014-03-28 13:30:29"
},
{
"kids":[],
"uid":"2997893460",
"parent":"AD3yiux4w",
"text":"",
"mid":"AD3G69deI",
"date":"2014-03-28 13:29:35"
},
{
"kids":[],
"uid":"1502296451",
"parent":"AD34n1HcT",
"text":"女部长好威武[围观][围观][哈哈][哈哈]",
"mid":"AD3FRpsER",
"date":"2014-03-28 13:29:01"
},
{
"kids":[],
"uid":"2411943134",
"parent":"AD2MJotuw",
"text":"",
"mid":"AD3FRmxuQ",
"date":"2014-03-28 13:29:01"
},
{
"kids":[
"AD3QauVmj",
"AD3MU91pi"
],
"uid":"2806753540",
"parent":"AD2MJotuw",
"text":"[哈哈]",
"mid":"AD3FK1k3A",
"date":"2014-03-28 13:28:42"
},
{
"kids":[],
"uid":"1850662285",
"parent":"AD3xqkmou",
"text":"这是奔驰的广告吗？[哈哈][哈哈]@牛山过客 @严三多 @Chocolate葉可樂",
"mid":"AD3FDdnop",
"date":"2014-03-28 13:28:26"
},
{
"kids":[],
"uid":"1582172594",
"parent":"AD2MJotuw",
"text":"",
"mid":"AD3Fnxnzj",
"date":"2014-03-28 13:27:49"
},
{
"kids":[],
"uid":"2529714871",
"parent":"AD2MJotuw",
"text":"[汗][汗][汗]",
"mid":"AD3FkxXFY",
"date":"2014-03-28 13:27:43"
},
{
"kids":[],
"uid":"1599191593",
"parent":"AD2MJotuw",
"text":"",
"mid":"AD3EZ1dwB",
"date":"2014-03-28 13:26:51"
},
{
"kids":[],
"uid":"5080865245",
"parent":"AD2MJotuw",
"text":"想拥有更多的人气吗？[可爱]看我简介[太开心]有惊喜",
"mid":"AD3EBl8im",
"date":"2014-03-28 13:25:55"
},
{
"kids":[],
"uid":"2824895171",
"parent":"AD3aviYJO",
"text":"",
"mid":"AD3Ey7YCk",
"date":"2014-03-28 13:25:47"
},
{
"kids":[],
"uid":"2524680894",
"parent":"AD2MJotuw",
"text":"这是奔驰的广告吗？[哈哈][哈哈]",
"mid":"AD3EnbOKY",
"date":"2014-03-28 13:25:21"
},
{
"kids":[],
"uid":"1069226837",
"parent":"AD2MJotuw",
"text":"",
"mid":"AD3DKuCJK",
"date":"2014-03-28 13:23:49"
},
{
"kids":[],
"uid":"2315816221",
"parent":"",
"text":"女部长好书法…",
"mid":"AD3DAa75N",
"date":"2014-03-28 13:23:24"
},
{
"kids":[],
"uid":"2383937900",
"parent":"AD3aviYJO",
"text":"[开心]",
"mid":"AD3DA87xj",
"date":"2014-03-28 13:23:23"
},
{
"kids":[],
"uid":"345900826",
"parent":"AD3cNtYJ4",
"text":"最右",
"mid":"AD3Dpsd57",
"date":"2014-03-28 13:22:59"
},
{
"kids":[],
"uid":"imilany",
"parent":"AD3efzoba",
"text":"如果总理还是贝秃[思考]",
"mid":"AD3Dg4iIW",
"date":"2014-03-28 13:22:36"
},
{
"kids":[],
"uid":"2849760341",
"parent":"AD3xqkmou",
"text":"[哈哈]",
"mid":"AD3DdoyqB",
"date":"2014-03-28 13:22:30"
},
{
"kids":[],
"uid":"3096195343",
"parent":"AD3bZeh0e",
"text":"广告？",
"mid":"AD3Da8Mv2",
"date":"2014-03-28 13:22:22"
},
{
"kids":[],
"uid":"peterlee",
"parent":"AD2MJotuw",
"text":"",
"mid":"AD3D28ZCP",
"date":"2014-03-28 13:22:03"
},
{
"kids":[],
"uid":"2842252322",
"parent":"AD2MJotuw",
"text":"",
"mid":"AD3CkpI6P",
"date":"2014-03-28 13:20:19"
},
{
"kids":[],
"uid":"209281810",
"parent":"AD3dKhJub",
"text":"",
"mid":"AD3C0izV4",
"date":"2014-03-28 13:19:31"
},
{
"kids":[],
"uid":"1889795687",
"parent":"AD2MJotuw",
"text":"明明是丰田广告",
"mid":"AD3BVh9oI",
"date":"2014-03-28 13:19:19"
},
{
"kids":[
"AD44xrlHd"
],
"uid":"3816670142",
"parent":"AD2MJotuw",
"text":"奔驰。。呵呵勒个呵呵。",
"mid":"AD3BU7JQu",
"date":"2014-03-28 13:19:16"
},
{
"kids":[],
"uid":"2818645590",
"parent":"AD2MJotuw",
"text":"嘿嘿",
"mid":"AD3BRap06",
"date":"2014-03-28 13:19:09"
},
{
"kids":[],
"uid":"2350414265",
"parent":"AD2MJotuw",
"text":"",
"mid":"AD3BnkW2u",
"date":"2014-03-28 13:17:58"
},
{
"kids":[],
"uid":"2448451674",
"parent":"AD3yiux4w",
"text":"",
"mid":"AD3BlwXSJ",
"date":"2014-03-28 13:17:53"
},
{
"kids":[],
"uid":"2713112340",
"parent":"AD3xqkmou",
"text":"",
"mid":"AD3B9q1Hk",
"date":"2014-03-28 13:17:25"
},
{
"kids":[],
"uid":"234255955",
"parent":"AD2MJotuw",
"text":"[哈哈][哈哈]",
"mid":"AD3AUn4Jc",
"date":"2014-03-28 13:16:49"
},
{
"kids":[],
"uid":"ymao01",
"parent":"AD3dKhJub",
"text":"→_→",
"mid":"AD3AM3WCy",
"date":"2014-03-28 13:16:29"
},
{
"kids":[],
"uid":"1974223382",
"parent":"AD2MJotuw",
"text":"[偷笑][偷笑][偷笑]",
"mid":"AD3AAzwDX",
"date":"2014-03-28 13:16:02"
},
{
"kids":[],
"uid":"2676477500",
"parent":"AD2MJotuw",
"text":"假的，ps的",
"mid":"AD3AmEdNc",
"date":"2014-03-28 13:15:29"
},
{
"kids":[],
"uid":"1108919097",
"parent":"AD2MJotuw",
"text":"",
"mid":"AD3Ajaw9s",
"date":"2014-03-28 13:15:20"
},
{
"kids":[],
"uid":"1704938624",
"parent":"AD2MJotuw",
"text":"[哈哈]",
"mid":"AD3AdvDAm",
"date":"2014-03-28 13:15:07"
},
{
"kids":[],
"uid":"hughdai",
"parent":"AD2MJotuw",
"text":"",
"mid":"AD3A9mpcD",
"date":"2014-03-28 13:14:57"
},
{
"kids":[],
"uid":"3524886431",
"parent":"AD2MJotuw",
"text":"",
"mid":"AD3zXi0NJ",
"date":"2014-03-28 13:14:27"
},
{
"kids":[],
"uid":"1769172521",
"parent":"AD2MJotuw",
"text":"",
"mid":"AD3zJEGv8",
"date":"2014-03-28 13:13:56"
},
{
"kids":[],
"uid":"3228500953",
"parent":"AD2MJotuw",
"text":"[抓狂]",
"mid":"AD3zCBtLu",
"date":"2014-03-28 13:13:39"
},
{
"kids":[],
"uid":"tyzb",
"parent":"AD2MJotuw",
"text":"动",
"mid":"AD3zwF4Ot",
"date":"2014-03-28 13:13:25"
},
{
"kids":[],
"uid":"2738727034",
"parent":"AD3yiux4w",
"text":"",
"mid":"AD3zhACCQ",
"date":"2014-03-28 13:12:49"
},
{
"kids":[],
"uid":"1824123967",
"parent":"",
"text":"哇哈哈",
"mid":"AD3z1jxIY",
"date":"2014-03-28 13:12:10"
},
{
"kids":[],
"uid":"2180013384",
"parent":"AD3xqkmou",
"text":"[哈哈][哈哈]",
"mid":"AD3yQ7hNS",
"date":"2014-03-28 13:11:43"
},
{
"kids":[],
"uid":"djn1",
"parent":"AD3xqkmou",
"text":"[嘻嘻]",
"mid":"AD3yKucNQ",
"date":"2014-03-28 13:11:30"
},
{
"kids":[],
"uid":"changchunguang",
"parent":"AD3xqkmou",
"text":"",
"mid":"AD3yAcnzD",
"date":"2014-03-28 13:11:04"
},
{
"kids":[],
"uid":"1255705791",
"parent":"AD2MJotuw",
"text":"",
"mid":"AD3yvpTBQ",
"date":"2014-03-28 13:10:54"
},
{
"kids":[],
"uid":"2256382605",
"parent":"AD3yiux4w",
"text":"假的，ps的",
"mid":"AD3yuwEss",
"date":"2014-03-28 13:10:52"
},
{
"kids":[],
"uid":"3340120812",
"parent":"AD3xqkmou",
"text":"[哈哈]",
"mid":"AD3ysaXmk",
"date":"2014-03-28 13:10:46"
},
{
"kids":[],
"uid":"1933595021",
"parent":"AD3xqkmou",
"text":"",
"mid":"AD3yqot3E",
"date":"2014-03-28 13:10:41"
},
{
"kids":[],
"uid":"1756921967",
"parent":"AD2MJotuw",
"text":"",
"mid":"AD3ylEE32",
"date":"2014-03-28 13:10:31"
},
{
"kids":[
"ADuTGlooe",
"AD7LGmltj",
"AD3XunLk1",
"AD3MdAj3T",
"AD3LrrdAE",
"AD3KP4ayU",
"AD3KGrmnW",
"AD3G69deI",
"AD3BlwXSJ",
"AD3zhACCQ",
"AD3yuwEss"
],
"uid":"1214219230",
"parent":"AD2MJotuw",
"text":"[哈哈]",
"mid":"AD3yiux4w",
"date":"2014-03-28 13:10:21"
},
{
"kids":[],
"uid":"2928337253",
"parent":"AD3xqkmou",
"text":"",
"mid":"AD3y8EqS7",
"date":"2014-03-28 13:10:00"
},
{
"kids":[],
"uid":"2852276671",
"parent":"AD2MJotuw",
"text":"",
"mid":"AD3y08k8y",
"date":"2014-03-28 13:09:39"
},
{
"kids":[],
"uid":"1907471177",
"parent":"",
"text":"[哈哈][哈哈]",
"mid":"AD3xZuO3v",
"date":"2014-03-28 13:09:38"
},
{
"kids":[],
"uid":"2055102181",
"parent":"AD2MJotuw",
"text":"",
"mid":"AD3xY4AGU",
"date":"2014-03-28 13:09:34"
},
{
"kids":[],
"uid":"1769759581",
"parent":"AD2MJotuw",
"text":"瞧人家，多性感",
"mid":"AD3xQkNlm",
"date":"2014-03-28 13:09:16"
},
{
"kids":[],
"uid":"3748692253",
"parent":"AD2MJotuw",
"text":"",
"mid":"AD3xNpAkV",
"date":"2014-03-28 13:09:09"
},
{
"kids":[],
"uid":"2655207603",
"parent":"AD2MJotuw",
"text":"意大利的女奔驰，部长级啊，在中国必然是奔驰，但在意大利可能就悬了。",
"mid":"AD3xJhlwi",
"date":"2014-03-28 13:08:58"
},
{
"kids":[],
"uid":"3087906765",
"parent":"AD2MJotuw",
"text":"",
"mid":"AD3xIpxCr",
"date":"2014-03-28 13:08:57"
},
{
"kids":[],
"uid":"526912308",
"parent":"AD3uCyToN",
"text":"[酷]",
"mid":"AD3xFsaLp",
"date":"2014-03-28 13:08:50"
},
{
"kids":[],
"uid":"2676620613",
"parent":"",
"text":"",
"mid":"AD3xDEdzY",
"date":"2014-03-28 13:08:46"
},
{
"kids":[],
"uid":"1772886902",
"parent":"AD3xqkmou",
"text":"",
"mid":"AD3xCsOMx",
"date":"2014-03-28 13:08:43"
},
{
"kids":[],
"uid":"2435356490",
"parent":"AD2MJotuw",
"text":"@咔嚓K [哈哈][哈哈]",
"mid":"AD3xzxpCO",
"date":"2014-03-28 13:08:36"
},
{
"kids":[],
"uid":"2301456153",
"parent":"AD2MJotuw",
"text":"奔驰",
"mid":"AD3xsosga",
"date":"2014-03-28 13:08:19"
},
{
"kids":[
"AD3Od6mRn",
"AD3JR1W0W",
"AD3FDdnop",
"AD3DdoyqB",
"AD3B9q1Hk",
"AD3yQ7hNS",
"AD3yKucNQ",
"AD3yAcnzD",
"AD3ysaXmk",
"AD3yqot3E",
"AD3y8EqS7",
"AD3xCsOMx"
],
"uid":"117283370",
"parent":"AD2MJotuw",
"text":"[哈哈]",
"mid":"AD3xqkmou",
"date":"2014-03-28 13:08:13"
},
{
"kids":[
"AD4lZuaYv"
],
"uid":"jon6688",
"parent":"AD2MJotuw",
"text":"[吃驚][偷笑]",
"mid":"AD3xi5ta8",
"date":"2014-03-28 13:07:53"
},
{
"kids":[],
"uid":"3198657161",
"parent":"AD3cNtYJ4",
"text":"",
"mid":"AD3xfr7VF",
"date":"2014-03-28 13:07:47"
},
{
"kids":[],
"uid":"zjucheng",
"parent":"AD2MJotuw",
"text":"",
"mid":"AD3xbxEJ3",
"date":"2014-03-28 13:07:39"
},
{
"kids":[],
"uid":"2002319665",
"parent":"AD2MJotuw",
"text":"招投标！",
"mid":"AD3x8Ajz9",
"date":"2014-03-28 13:07:31"
},
{
"kids":[],
"uid":"2648961731",
"parent":"",
"text":"[哈哈]",
"mid":"AD3x6g75J",
"date":"2014-03-28 13:07:25"
},
{
"kids":[],
"uid":"mayileblog",
"parent":"",
"text":"这是奔驰的广告吗？",
"mid":"AD3wZaAyg",
"date":"2014-03-28 13:07:09"
},
{
"kids":[],
"uid":"512336059",
"parent":"",
"text":"怪不得贝鲁斯科尼那么那什么呢。。。[哈哈]",
"mid":"AD3wX4ZLF",
"date":"2014-03-28 13:07:04"
},
{
"kids":[],
"uid":"1938635130",
"parent":"AD2MJotuw",
"text":"",
"mid":"AD3wWtlYq",
"date":"2014-03-28 13:07:03"
},
{
"kids":[],
"uid":"3197835871",
"parent":"AD2MJotuw",
"text":"",
"mid":"AD3wOgXot",
"date":"2014-03-28 13:06:43"
},
{
"kids":[],
"uid":"271100740",
"parent":"AD2MJotuw",
"text":"",
"mid":"AD3wN27R0",
"date":"2014-03-28 13:06:40"
},
{
"kids":[],
"uid":"3444125834",
"parent":"AD34n1HcT",
"text":"[吃惊]",
"mid":"AD3wGzGYE",
"date":"2014-03-28 13:06:24"
},
{
"kids":[],
"uid":"1035310693",
"parent":"AD34n1HcT",
"text":"看人家！！！！ [大笑] [大笑]",
"mid":"AD3wFnuR4",
"date":"2014-03-28 13:06:21"
},
{
"kids":[],
"uid":"2694977111",
"parent":"AD3cNtYJ4",
"text":"",
"mid":"AD3wpr7UJ",
"date":"2014-03-28 13:05:44"
},
{
"kids":[],
"uid":"2916382781",
"parent":"AD3kahYy4",
"text":"T Back",
"mid":"AD3wmtKWG",
"date":"2014-03-28 13:05:37"
},
{
"kids":[],
"uid":"2250543682",
"parent":"AD2MJotuw",
"text":"",
"mid":"AD3wmsrFb",
"date":"2014-03-28 13:05:37"
},
{
"kids":[],
"uid":"namehuishier",
"parent":"AD2MJotuw",
"text":"穿衣服么就是, 跟把皮带系高点儿有什么分别[挖鼻屎]",
"mid":"AD3w2nDRm",
"date":"2014-03-28 13:04:49"
},
{
"kids":[],
"uid":"oxszw",
"parent":"AD3cO5CLE",
"text":"@海马汽车",
"mid":"AD3w009lf",
"date":"2014-03-28 13:04:43"
},
{
"kids":[],
"uid":"3284207475",
"parent":"AD2MJotuw",
"text":"",
"mid":"AD3vOanhr",
"date":"2014-03-28 13:04:15"
},
{
"kids":[],
"uid":"1603085961",
"parent":"AD3fbegzq",
"text":"@真正的白银狮子",
"mid":"AD3vdygmZ",
"date":"2014-03-28 13:02:48"
},
{
"kids":[
"AD3xFsaLp"
],
"uid":"2329514235",
"parent":"AD3dKhJub",
"text":"",
"mid":"AD3uCyToN",
"date":"2014-03-28 13:01:20"
},
{
"kids":[],
"uid":"2510440930",
"parent":"AD3dKhJub",
"text":"",
"mid":"AD3uzE0Y3",
"date":"2014-03-28 13:01:13"
},
{
"kids":[],
"uid":"3910899696",
"parent":"AD2MJotuw",
"text":"",
"mid":"AD3ux1M0y",
"date":"2014-03-28 13:01:06"
},
{
"kids":[],
"uid":"song2332",
"parent":"AD2MJotuw",
"text":"She's hot!",
"mid":"AD3uo7LEc",
"date":"2014-03-28 13:00:45"
},
{
"kids":[],
"uid":"2275012622",
"parent":"AD3dKhJub",
"text":"",
"mid":"AD3u2hhdQ",
"date":"2014-03-28 12:59:53"
},
{
"kids":[],
"uid":"1827120805",
"parent":"AD2MJotuw",
"text":"[哈哈]",
"mid":"AD3ty6zsk",
"date":"2014-03-28 12:58:41"
},
{
"kids":[],
"uid":"rayallen34",
"parent":"AD2MJotuw",
"text":"@丰乳肥臀v:这是奔驰的广告吗？[哈哈][哈哈]",
"mid":"AD3trkBSZ",
"date":"2014-03-28 12:58:25"
},
{
"kids":[],
"uid":"xifengsuzui",
"parent":"AD3aviYJO",
"text":"[哈哈]",
"mid":"AD3tpio5E",
"date":"2014-03-28 12:58:19"
},
{
"kids":[],
"uid":"2147543667",
"parent":"AD3dKhJub",
"text":"[哈哈]",
"mid":"AD3tmBM4F",
"date":"2014-03-28 12:58:13"
},
{
"kids":[],
"uid":"2265663315",
"parent":"",
"text":"丰乳肥臀[偷笑]",
"mid":"AD3tjnKSN",
"date":"2014-03-28 12:58:06"
},
{
"kids":[],
"uid":"2204165140",
"parent":"AD3cNtYJ4",
"text":"",
"mid":"AD3ti92Vu",
"date":"2014-03-28 12:58:03"
},
{
"kids":[],
"uid":"1236864531",
"parent":"AD3dKhJub",
"text":"",
"mid":"AD3thfNGe",
"date":"2014-03-28 12:58:01"
},
{
"kids":[],
"uid":"1832394947",
"parent":"AD3dKhJub",
"text":"[爱你][爱你][爱你][爱你]",
"mid":"AD3sUcLbv",
"date":"2014-03-28 12:57:06"
},
{
"kids":[],
"uid":"3277232690",
"parent":"AD2MJotuw",
"text":"",
"mid":"AD3sQq2ZZ",
"date":"2014-03-28 12:56:57"
},
{
"kids":[],
"uid":"1927686445",
"parent":"AD3kbbdCN",
"text":"[衰][汗][汗]",
"mid":"AD3sEzEy3",
"date":"2014-03-28 12:56:28"
},
{
"kids":[],
"uid":"2639901830",
"parent":"AD3nnaOgA",
"text":"",
"mid":"AD3szycXX",
"date":"2014-03-28 12:56:17"
},
{
"kids":[],
"uid":"lzy888888",
"parent":"AD34n1HcT",
"text":"威武",
"mid":"AD3sdnarM",
"date":"2014-03-28 12:55:23"
},
{
"kids":[],
"uid":"1109012684",
"parent":"AD2MJotuw",
"text":"",
"mid":"AD3s8nNGw",
"date":"2014-03-28 12:55:11"
},
{
"kids":[],
"uid":"2082043463",
"parent":"",
"text":"",
"mid":"AD3rMbXaE",
"date":"2014-03-28 12:54:19"
},
{
"kids":[],
"uid":"1914441444",
"parent":"",
"text":"[花痴]",
"mid":"AD3rEe8Fr",
"date":"2014-03-28 12:54:00"
},
{
"kids":[],
"uid":"xueshanbaihu",
"parent":"AD3dKhJub",
"text":"[哈哈]",
"mid":"AD3rBAqcR",
"date":"2014-03-28 12:53:54"
},
{
"kids":[],
"uid":"canghaidaoke",
"parent":"AD3cNtYJ4",
"text":"",
"mid":"AD3rzsUxn",
"date":"2014-03-28 12:53:49"
},
{
"kids":[],
"uid":"1831516791",
"parent":"AD2MJotuw",
"text":"[偷笑]",
"mid":"AD3rmb7A1",
"date":"2014-03-28 12:53:17"
},
{
"kids":[],
"uid":"1260553181",
"parent":"AD2MJotuw",
"text":"如果后面站着的是贝卢斯科尼",
"mid":"AD3r6vF4K",
"date":"2014-03-28 12:52:40"
},
{
"kids":[],
"uid":"3485117055",
"parent":"AD3dKhJub",
"text":"她在给马自达代言[哈哈]",
"mid":"AD3qZ855f",
"date":"2014-03-28 12:52:22"
},
{
"kids":[],
"uid":"1911169900",
"parent":"AD3aviYJO",
"text":"[哈哈]",
"mid":"AD3qV34x8",
"date":"2014-03-28 12:52:12"
},
{
"kids":[],
"uid":"lqglovetwl",
"parent":"AD2MJotuw",
"text":"还得再画个圈[哈哈]",
"mid":"AD3qQgxtp",
"date":"2014-03-28 12:52:01"
},
{
"kids":[],
"uid":"1969138863",
"parent":"AD3dKhJub",
"text":"我发现了谢耳朵，",
"mid":"AD3qqhOc3",
"date":"2014-03-28 12:50:59"
},
{
"kids":[],
"uid":"1884999444",
"parent":"AD2MJotuw",
"text":"",
"mid":"AD3qotcZv",
"date":"2014-03-28 12:50:55"
},
{
"kids":[],
"uid":"2805599541",
"parent":"",
"text":"好像奔驰的标志",
"mid":"AD3q6byTr",
"date":"2014-03-28 12:50:11"
},
{
"kids":[],
"uid":"1252825567",
"parent":"AD2MJotuw",
"text":"",
"mid":"AD3pU4CqE",
"date":"2014-03-28 12:49:42"
},
{
"kids":[],
"uid":"1841625613",
"parent":"AD2MJotuw",
"text":"",
"mid":"AD3pM5Raz",
"date":"2014-03-28 12:49:23"
},
{
"kids":[],
"uid":"1751043871",
"parent":"AD3cNtYJ4",
"text":"",
"mid":"AD3pduBdP",
"date":"2014-03-28 12:48:01"
},
{
"kids":[],
"uid":"2212881670",
"parent":"AD35Uv25z",
"text":"配音：迂…",
"mid":"AD3pc4zMP",
"date":"2014-03-28 12:47:57"
},
{
"kids":[],
"uid":"1676185475",
"parent":"AD2MJotuw",
"text":"",
"mid":"AD3p2jf0Y",
"date":"2014-03-28 12:47:33"
},
{
"kids":[],
"uid":"LOVEjackson08",
"parent":"AD3nw2fca",
"text":"[哈哈][哈哈][哈哈]",
"mid":"AD3oQar8m",
"date":"2014-03-28 12:47:05"
},
{
"kids":[],
"uid":"2554086484",
"parent":"AD3aviYJO",
"text":"",
"mid":"AD3oBESjg",
"date":"2014-03-28 12:46:30"
},
{
"kids":[],
"uid":"1716327793",
"parent":"AD3dKhJub",
"text":"[哈哈]神评！",
"mid":"AD3oqrFe6",
"date":"2014-03-28 12:46:04"
},
{
"kids":[],
"uid":"1391074025",
"parent":"AD3cNtYJ4",
"text":"",
"mid":"AD3oafc3a",
"date":"2014-03-28 12:45:25"
},
{
"kids":[],
"uid":"1812712395",
"parent":"AD3cNtYJ4",
"text":"[嘻嘻][嘻嘻][嘻嘻]",
"mid":"AD3o63SbJ",
"date":"2014-03-28 12:45:15"
},
{
"kids":[],
"uid":"gordongordon",
"parent":"",
"text":"[哈哈]",
"mid":"AD3nVspMt",
"date":"2014-03-28 12:44:50"
},
{
"kids":[],
"uid":"1427590225",
"parent":"AD2MJotuw",
"text":"[哈哈]",
"mid":"AD3nTojyQ",
"date":"2014-03-28 12:44:44"
},
{
"kids":[],
"uid":"2974362721",
"parent":"AD2MJotuw",
"text":"[嘻嘻][嘻嘻][嘻嘻]@希希小屋 @手机用户2013870435",
"mid":"AD3nPwiHi",
"date":"2014-03-28 12:44:36"
},
{
"kids":[],
"uid":"1478282380",
"parent":"AD2MJotuw",
"text":"典型PS的图。高老师转发这个，低俗了！",
"mid":"AD3nJA2k3",
"date":"2014-03-28 12:44:22"
},
{
"kids":[],
"uid":"2410508131",
"parent":"AD3cNtYJ4",
"text":"奔驰 [眼泪] [眼泪] [眼泪]",
"mid":"AD3nw4DVI",
"date":"2014-03-28 12:43:49"
},
{
"kids":[
"AD3oQar8m"
],
"uid":"1248619815",
"parent":"AD34n1HcT",
"text":"",
"mid":"AD3nw2fca",
"date":"2014-03-28 12:43:49"
},
{
"kids":[],
"uid":"2655133030",
"parent":"AD34n1HcT",
"text":"",
"mid":"AD3nrACHx",
"date":"2014-03-28 12:43:39"
},
{
"kids":[],
"uid":"2165816575",
"parent":"AD34n1HcT",
"text":"[吃惊]",
"mid":"AD3nq89LE",
"date":"2014-03-28 12:43:35"
},
{
"kids":[],
"uid":"maithuna",
"parent":"AD376m1fN",
"text":"",
"mid":"AD3npukT7",
"date":"2014-03-28 12:43:33"
},
{
"kids":[
"AD3szycXX"
],
"uid":"1921352910",
"parent":"AD2MJotuw",
"text":"",
"mid":"AD3nnaOgA",
"date":"2014-03-28 12:43:28"
},
{
"kids":[],
"uid":"1978872553",
"parent":"",
"text":"[good]",
"mid":"AD3mZvyAQ",
"date":"2014-03-28 12:42:32"
},
{
"kids":[],
"uid":"1886812753",
"parent":"AD2MJotuw",
"text":"[哈哈]",
"mid":"AD3mV5LVz",
"date":"2014-03-28 12:42:21"
},
{
"kids":[],
"uid":"1878849682",
"parent":"AD3cNtYJ4",
"text":"[哈哈]",
"mid":"AD3mOjkEC",
"date":"2014-03-28 12:42:05"
},
{
"kids":[],
"uid":"3384164992",
"parent":"AD3dKhJub",
"text":"",
"mid":"AD3mEy21a",
"date":"2014-03-28 12:41:42"
},
{
"kids":[],
"uid":"1881300965",
"parent":"AD3cNtYJ4",
"text":"",
"mid":"AD3mymlfm",
"date":"2014-03-28 12:41:27"
},
{
"kids":[],
"uid":"2134330344",
"parent":"AD3iIb9Kh",
"text":"马自达",
"mid":"AD3moz54S",
"date":"2014-03-28 12:41:04"
},
{
"kids":[],
"uid":"xuxirong",
"parent":"AD2MJotuw",
"text":"",
"mid":"AD3m56fT5",
"date":"2014-03-28 12:40:17"
},
{
"kids":[],
"uid":"2449815567",
"parent":"",
"text":"",
"mid":"AD3m2oMmb",
"date":"2014-03-28 12:40:10"
},
{
"kids":[],
"uid":"gswzmn",
"parent":"",
"text":"",
"mid":"AD3m1fEJG",
"date":"2014-03-28 12:40:08"
},
{
"kids":[],
"uid":"13980857",
"parent":"AD2MJotuw",
"text":"[偷笑]",
"mid":"AD3lZrrGD",
"date":"2014-03-28 12:40:04"
},
{
"kids":[],
"uid":"qscxz",
"parent":"AD3cNtYJ4",
"text":"",
"mid":"AD3lVkWSj",
"date":"2014-03-28 12:39:53"
},
{
"kids":[],
"uid":"coooolwoo",
"parent":"AD2MJotuw",
"text":"",
"mid":"AD3lRtceV",
"date":"2014-03-28 12:39:45"
},
{
"kids":[],
"uid":"135748128",
"parent":"AD2MJotuw",
"text":"是的",
"mid":"AD3lQB6kJ",
"date":"2014-03-28 12:39:42"
},
{
"kids":[],
"uid":"3293243485",
"parent":"AD3dKhJub",
"text":"",
"mid":"AD3lMrgbD",
"date":"2014-03-28 12:39:33"
},
{
"kids":[],
"uid":"1956870790",
"parent":"AD2MJotuw",
"text":"[哈哈]",
"mid":"AD3lJ01ds",
"date":"2014-03-28 12:39:24"
},
{
"kids":[],
"uid":"zhangxiantao1984",
"parent":"AD2MJotuw",
"text":"[哈哈]",
"mid":"AD3lI1ZsP",
"date":"2014-03-28 12:39:22"
},
{
"kids":[],
"uid":"2530317602",
"parent":"AD2MJotuw",
"text":"",
"mid":"AD3lGwAIR",
"date":"2014-03-28 12:39:19"
},
{
"kids":[],
"uid":"lmclawyer",
"parent":"AD3aviYJO",
"text":"[花心]",
"mid":"AD3lo0EQr",
"date":"2014-03-28 12:38:34"
},
{
"kids":[],
"uid":"3501765833",
"parent":"",
"text":"",
"mid":"AD3l5CDUu",
"date":"2014-03-28 12:37:51"
},
{
"kids":[],
"uid":"1596150333",
"parent":"AD2MJotuw",
"text":"",
"mid":"AD3kKCNgu",
"date":"2014-03-28 12:37:01"
},
{
"kids":[],
"uid":"1996830001",
"parent":"AD34n1HcT",
"text":"看来中国很落后啊。",
"mid":"AD3kJqkj9",
"date":"2014-03-28 12:36:58"
},
{
"kids":[],
"uid":"209099086",
"parent":"AD3dKhJub",
"text":"[偷笑]",
"mid":"AD3kF0xMH",
"date":"2014-03-28 12:36:47"
},
{
"kids":[],
"uid":"1764220512",
"parent":"AD3efzoba",
"text":"[哈哈][哈哈]",
"mid":"AD3kwstwJ",
"date":"2014-03-28 12:36:27"
},
{
"kids":[],
"uid":"1678273232",
"parent":"AD3doEQ5Z",
"text":"",
"mid":"AD3krql8I",
"date":"2014-03-28 12:36:15"
},
{
"kids":[],
"uid":"5058782377",
"parent":"AD35Uv25z",
"text":"",
"mid":"AD3kh6wFU",
"date":"2014-03-28 12:35:50"
},
{
"kids":[],
"uid":"1449118097",
"parent":"AD2MJotuw",
"text":"很像很像",
"mid":"AD3kgwtNv",
"date":"2014-03-28 12:35:49"
},
{
"kids":[],
"uid":"guangzhijian",
"parent":"AD2TzafXO",
"text":"我这双毁型员滴，钛合金滴，大眼睛啊",
"mid":"AD3kc3VYA",
"date":"2014-03-28 12:35:37"
},
{
"kids":[
"AD3sEzEy3"
],
"uid":"yangwy6060",
"parent":"AD35Uv25z",
"text":"好靓[哈哈]",
"mid":"AD3kbbdCN",
"date":"2014-03-28 12:35:35"
},
{
"kids":[
"AD3wmtKWG"
],
"uid":"kcsz",
"parent":"AD3doEQ5Z",
"text":"",
"mid":"AD3kahYy4",
"date":"2014-03-28 12:35:34"
},
{
"kids":[],
"uid":"2211458863",
"parent":"",
"text":"部长，你这么做广告奔驰知道吗？",
"mid":"AD3kahYvs",
"date":"2014-03-28 12:35:34"
},
{
"kids":[],
"uid":"2277174493",
"parent":"AD2MJotuw",
"text":"",
"mid":"AD3k9ocB3",
"date":"2014-03-28 12:35:32"
},
{
"kids":[],
"uid":"3461512450",
"parent":"AD3jyrK1l",
"text":"",
"mid":"AD3k8dmak",
"date":"2014-03-28 12:35:29"
},
{
"kids":[],
"uid":"2630221383",
"parent":"",
"text":"女部长穿丁字裤•••",
"mid":"AD3jKAMZH",
"date":"2014-03-28 12:34:33"
},
{
"kids":[],
"uid":"3106515351",
"parent":"AD3cNtYJ4",
"text":"",
"mid":"AD3jB9xwx",
"date":"2014-03-28 12:34:10"
},
{
"kids":[
"AD3k8dmak"
],
"uid":"1822042715",
"parent":"AD3bZeh0e",
"text":"",
"mid":"AD3jyrK1l",
"date":"2014-03-28 12:34:04"
},
{
"kids":[],
"uid":"2086546433",
"parent":"AD34n1HcT",
"text":"[哈哈]",
"mid":"AD3jnhBPz",
"date":"2014-03-28 12:33:37"
},
{
"kids":[],
"uid":"529267809",
"parent":"AD3aviYJO",
"text":"这是专业美臀和内裤广告的集成！@深圳同城会 @科拓孙龙喜 @雷军 @卜正武 @慧聪安防网副总闫猛 @泰智安防-王炎伟 @漂之蒲公英-玉磊 @苏宁李斌 @我是西蒙周 @-智能家居-",
"mid":"AD3jeo0yu",
"date":"2014-03-28 12:33:16"
},
{
"kids":[],
"uid":"3145453194",
"parent":"",
"text":"",
"mid":"AD3iZlc10",
"date":"2014-03-28 12:32:40"
},
{
"kids":[],
"uid":"574999986",
"parent":"AD2MJotuw",
"text":"肯定是一辆好车[哈哈]",
"mid":"AD3iW4HNc",
"date":"2014-03-28 12:32:32"
},
{
"kids":[],
"uid":"3480085507",
"parent":"AD3aviYJO",
"text":"",
"mid":"AD3iW4HwO",
"date":"2014-03-28 12:32:32"
},
{
"kids":[],
"uid":"1768694593",
"parent":"",
"text":"哈哈哈",
"mid":"AD3iPzSiV",
"date":"2014-03-28 12:32:17"
},
{
"kids":[],
"uid":"3606785001",
"parent":"AD2MJotuw",
"text":"",
"mid":"AD3iO44un",
"date":"2014-03-28 12:32:12"
},
{
"kids":[],
"uid":"2103635261",
"parent":"AD3cNtYJ4",
"text":"[嘻嘻][嘻嘻][嘻嘻]",
"mid":"AD3iL8wbU",
"date":"2014-03-28 12:32:05"
},
{
"kids":[],
"uid":"1954943614",
"parent":"AD2MJotuw",
"text":"",
"mid":"AD3iJBQPs",
"date":"2014-03-28 12:32:03"
},
{
"kids":[],
"uid":"2710467385",
"parent":"AD3dKhJub",
"text":"渴望中国发生",
"mid":"AD3iJ4hR4",
"date":"2014-03-28 12:32:01"
},
{
"kids":[
"AD3moz54S"
],
"uid":"575220222",
"parent":"AD3dKhJub",
"text":"[哈哈][哈哈]",
"mid":"AD3iIb9Kh",
"date":"2014-03-28 12:31:58"
},
{
"kids":[],
"uid":"2304346411",
"parent":"AD3cNtYJ4",
"text":"",
"mid":"AD3iEiP6S",
"date":"2014-03-28 12:31:50"
},
{
"kids":[],
"uid":"1827347632",
"parent":"AD2MJotuw",
"text":"",
"mid":"AD3iAchOV",
"date":"2014-03-28 12:31:40"
},
{
"kids":[],
"uid":"5029734413",
"parent":"",
"text":"你确定不是PS的[晕]",
"mid":"AD3izj2Iq",
"date":"2014-03-28 12:31:38"
},
{
"kids":[],
"uid":"2076694377",
"parent":"AD34n1HcT",
"text":"",
"mid":"AD3it7SSa",
"date":"2014-03-28 12:31:23"
},
{
"kids":[],
"uid":"sgtory",
"parent":"AD2MJotuw",
"text":"",
"mid":"AD3irlMv8",
"date":"2014-03-28 12:31:18"
},
{
"kids":[],
"uid":"1808296950",
"parent":"AD3aviYJO",
"text":"[哈哈]",
"mid":"AD3io6pGg",
"date":"2014-03-28 12:31:11"
},
{
"kids":[],
"uid":"380k",
"parent":"AD3dKhJub",
"text":"这是假的",
"mid":"AD3ihxouQ",
"date":"2014-03-28 12:30:56"
},
{
"kids":[],
"uid":"younglondon",
"parent":"AD3dKhJub",
"text":"",
"mid":"AD3i8rRXW",
"date":"2014-03-28 12:30:34"
},
{
"kids":[],
"uid":"sealove24",
"parent":"AD2MJotuw",
"text":"[哈哈][吃惊]",
"mid":"AD3hYnurT",
"date":"2014-03-28 12:30:10"
},
{
"kids":[],
"uid":"1900689735",
"parent":"AD2MJotuw",
"text":"浪漫的法兰西[馋嘴]",
"mid":"AD3hV8wda",
"date":"2014-03-28 12:30:02"
},
{
"kids":[],
"uid":"chutao",
"parent":"AD3cNtYJ4",
"text":"好安逸",
"mid":"AD3hTF4NG",
"date":"2014-03-28 12:29:59"
},
{
"kids":[],
"uid":"2122260267",
"parent":"AD2MJotuw",
"text":"是部长吗？如此不拘小节。",
"mid":"AD3hO0uzT",
"date":"2014-03-28 12:29:45"
},
{
"kids":[],
"uid":"folkvalley",
"parent":"AD2MJotuw",
"text":"[呵呵]免赞助费",
"mid":"AD3hNbaAi",
"date":"2014-03-28 12:29:43"
},
{
"kids":[],
"uid":"1782879035",
"parent":"AD2MJotuw",
"text":"",
"mid":"AD3hMxfSS",
"date":"2014-03-28 12:29:42"
},
{
"kids":[],
"uid":"2720934823",
"parent":"AD2MJotuw",
"text":"@大干社会主义有功 @卍大飞卍",
"mid":"AD3hKtXO5",
"date":"2014-03-28 12:29:37"
},
{
"kids":[],
"uid":"roovoo",
"parent":"AD2MJotuw",
"text":"若是奔驰，那是下坡路[哈哈]",
"mid":"AD3hJAIuK",
"date":"2014-03-28 12:29:35"
},
{
"kids":[
"AD3OEyei1"
],
"uid":"toolssoft",
"parent":"",
"text":"[偷笑]",
"mid":"AD3hD639q",
"date":"2014-03-28 12:29:19"
},
{
"kids":[],
"uid":"2522675352",
"parent":"AD3aviYJO",
"text":"[哈哈][哈哈][哈哈][哈哈]",
"mid":"AD3hBkjSh",
"date":"2014-03-28 12:29:15"
},
{
"kids":[],
"uid":"2828443842",
"parent":"AD2MJotuw",
"text":"相当奔驰",
"mid":"AD3hAr4zy",
"date":"2014-03-28 12:29:13"
},
{
"kids":[],
"uid":"2802094842",
"parent":"AD3dKhJub",
"text":"",
"mid":"AD3hA9sMD",
"date":"2014-03-28 12:29:11"
},
{
"kids":[],
"uid":"2613893535",
"parent":"AD2MJotuw",
"text":"",
"mid":"AD3hx9Jhj",
"date":"2014-03-28 12:29:04"
},
{
"kids":[],
"uid":"2540813852",
"parent":"AD2MJotuw",
"text":"[嘻嘻]",
"mid":"AD3hwAsZ1",
"date":"2014-03-28 12:29:04"
},
{
"kids":[],
"uid":"3480332192",
"parent":"AD2MJotuw",
"text":"",
"mid":"AD3hue33R",
"date":"2014-03-28 12:28:58"
},
{
"kids":[],
"uid":"3712936223",
"parent":"AD2MJotuw",
"text":"",
"mid":"AD3ht3cxn",
"date":"2014-03-28 12:28:54"
},
{
"kids":[],
"uid":"1493623371",
"parent":"AD34n1HcT",
"text":"",
"mid":"AD3hssgmZ",
"date":"2014-03-28 12:28:54"
},
{
"kids":[],
"uid":"2096418377",
"parent":"AD2MJotuw",
"text":"[good]",
"mid":"AD3hgCRJZ",
"date":"2014-03-28 12:28:26"
},
{
"kids":[],
"uid":"2859645840",
"parent":"AD2MJotuw",
"text":"",
"mid":"AD3hgmmnX",
"date":"2014-03-28 12:28:25"
},
{
"kids":[],
"uid":"2801899802",
"parent":"AD3bZeh0e",
"text":"[哈哈]",
"mid":"AD3hce9PF",
"date":"2014-03-28 12:28:15"
},
{
"kids":[],
"uid":"1847839260",
"parent":"AD2MJotuw",
"text":"是",
"mid":"AD3hbjclI",
"date":"2014-03-28 12:28:12"
},
{
"kids":[],
"uid":"2705169595",
"parent":"AD2MJotuw",
"text":"",
"mid":"AD3h629uz",
"date":"2014-03-28 12:27:59"
},
{
"kids":[],
"uid":"123551853",
"parent":"",
"text":"这确定是女部长？",
"mid":"AD3h07sdU",
"date":"2014-03-28 12:27:46"
},
{
"kids":[],
"uid":"3194079435",
"parent":"AD2MJotuw",
"text":"",
"mid":"AD3gWgQXl",
"date":"2014-03-28 12:27:37"
},
{
"kids":[],
"uid":"3166416927",
"parent":"AD2MJotuw",
"text":"",
"mid":"AD3gSqfRn",
"date":"2014-03-28 12:27:28"
},
{
"kids":[],
"uid":"3762305404",
"parent":"AD2MJotuw",
"text":"",
"mid":"AD3gOxM1N",
"date":"2014-03-28 12:27:19"
},
{
"kids":[],
"uid":"3937607200",
"parent":"AD3dKhJub",
"text":"",
"mid":"AD3gFoaB8",
"date":"2014-03-28 12:26:56"
},
{
"kids":[],
"uid":"3101277181",
"parent":"AD3ga7wVD",
"text":"",
"mid":"AD3gDk516",
"date":"2014-03-28 12:26:51"
},
{
"kids":[],
"uid":"xiaomino1",
"parent":"AD2MJotuw",
"text":"",
"mid":"AD3gCc82y",
"date":"2014-03-28 12:26:49"
},
{
"kids":[],
"uid":"prophetpan",
"parent":"AD3cNtYJ4",
"text":"@斯文麦琪",
"mid":"AD3gBx1YM",
"date":"2014-03-28 12:26:47"
},
{
"kids":[],
"uid":"1842304820",
"parent":"AD3e6pcxV",
"text":"",
"mid":"AD3gtDpzi",
"date":"2014-03-28 12:26:29"
},
{
"kids":[],
"uid":"2950558321",
"parent":"AD3efzoba",
"text":"[哈哈]",
"mid":"AD3gqjl9f",
"date":"2014-03-28 12:26:21"
},
{
"kids":[],
"uid":"2973159450",
"parent":"AD3cNtYJ4",
"text":"",
"mid":"AD3gmex3Z",
"date":"2014-03-28 12:26:11"
},
{
"kids":[],
"uid":"1780815643",
"parent":"AD2MJotuw",
"text":"[哈哈]",
"mid":"AD3glzw2c",
"date":"2014-03-28 12:26:10"
},
{
"kids":[],
"uid":"3905967381",
"parent":"AD2MJotuw",
"text":"",
"mid":"AD3gecoHW",
"date":"2014-03-28 12:25:52"
},
{
"kids":[
"AD3gDk516"
],
"uid":"1115105955",
"parent":"",
"text":"严重鄙视奔驰在国家大事中插入广告。",
"mid":"AD3ga7wVD",
"date":"2014-03-28 12:25:42"
},
{
"kids":[],
"uid":"1353868725",
"parent":"AD34n1HcT",
"text":"虽然是部长，也还是女人[哈哈]",
"mid":"AD3g6ecMI",
"date":"2014-03-28 12:25:32"
},
{
"kids":[],
"uid":"1928587425",
"parent":"AD2MJotuw",
"text":"这是奔驰的广告吗？[哈哈][哈哈]",
"mid":"AD3g5nGc8",
"date":"2014-03-28 12:25:30"
},
{
"kids":[],
"uid":"1699417604",
"parent":"AD2MJotuw",
"text":"[哈哈][哈哈][哈哈]",
"mid":"AD3fOdSVR",
"date":"2014-03-28 12:24:50"
},
{
"kids":[],
"uid":"334541646",
"parent":"AD3cNtYJ4",
"text":"[哈哈]",
"mid":"AD3fN2Rf8",
"date":"2014-03-28 12:24:47"
},
{
"kids":[],
"uid":"1356879693",
"parent":"",
"text":"梅赛德斯奔驰",
"mid":"AD3fK70Dn",
"date":"2014-03-28 12:24:40"
},
{
"kids":[],
"uid":"3146769830",
"parent":"",
"text":"",
"mid":"AD3fFExGC",
"date":"2014-03-28 12:24:29"
},
{
"kids":[],
"uid":"1913866627",
"parent":"AD2MJotuw",
"text":"",
"mid":"AD3fC8cWS",
"date":"2014-03-28 12:24:21"
},
{
"kids":[],
"uid":"1694067015",
"parent":"AD34n1HcT",
"text":"莫怪 工作裤而已",
"mid":"AD3fxlhi5",
"date":"2014-03-28 12:24:10"
},
{
"kids":[],
"uid":"2707727243",
"parent":"AD2MJotuw",
"text":"奔驰公司最新标志[哈哈][哈哈]",
"mid":"AD3fwtHGI",
"date":"2014-03-28 12:24:08"
},
{
"kids":[],
"uid":"aidingding",
"parent":"AD3bLlShU",
"text":"他们希望部长名字长些吧[哈哈]",
"mid":"AD3fupC7L",
"date":"2014-03-28 12:24:03"
},
{
"kids":[],
"uid":"2328176110",
"parent":"AD3dKhJub",
"text":"[哈哈]",
"mid":"AD3ftd62w",
"date":"2014-03-28 12:24:00"
},
{
"kids":[],
"uid":"1876482305",
"parent":"AD2MJotuw",
"text":"难怪老贝无法自持",
"mid":"AD3frbR2u",
"date":"2014-03-28 12:23:55"
},
{
"kids":[
"AD3vdygmZ"
],
"uid":"yanghuaixing",
"parent":"AD3efzoba",
"text":"[哈哈]",
"mid":"AD3fbegzq",
"date":"2014-03-28 12:23:17"
},
{
"kids":[],
"uid":"2758105864",
"parent":"AD2MJotuw",
"text":"",
"mid":"AD3fa4HLT",
"date":"2014-03-28 12:23:13"
},
{
"kids":[],
"uid":"2450304537",
"parent":"AD3dKhJub",
"text":"这奔驰.. 刺激",
"mid":"AD3f8fPJF",
"date":"2014-03-28 12:23:10"
},
{
"kids":[],
"uid":"1749644262",
"parent":"AD2MJotuw",
"text":"@tiger6713 @L209",
"mid":"AD3f7EbS8",
"date":"2014-03-28 12:23:09"
},
{
"kids":[],
"uid":"3865860818",
"parent":"AD3cNtYJ4",
"text":"[偷笑]",
"mid":"AD3f7EbPD",
"date":"2014-03-28 12:23:09"
},
{
"kids":[],
"uid":"guojizhuanjia",
"parent":"AD3cNtYJ4",
"text":"窃早说过欧美完蛋了。",
"mid":"AD3f3w0EC",
"date":"2014-03-28 12:22:58"
},
{
"kids":[],
"uid":"1343057834",
"parent":"AD2MJotuw",
"text":"无耻的ps！为了博取一笑！起码的素质都不完了！！",
"mid":"AD3eUoIrX",
"date":"2014-03-28 12:22:36"
},
{
"kids":[],
"uid":"1114715604",
"parent":"",
"text":"",
"mid":"AD3eUmpAA",
"date":"2014-03-28 12:22:37"
},
{
"kids":[],
"uid":"2157136981",
"parent":"AD3doEQ5Z",
"text":"难怪意大利总理难抵诱惑。",
"mid":"AD3eQcyvT",
"date":"2014-03-28 12:22:27"
},
{
"kids":[],
"uid":"2176141662",
"parent":"AD2MJotuw",
"text":"",
"mid":"AD3ePkZlR",
"date":"2014-03-28 12:22:25"
},
{
"kids":[],
"uid":"2441374987",
"parent":"AD3cNtYJ4",
"text":"@Walker_Zhu @介介介似吗",
"mid":"AD3eLupFw",
"date":"2014-03-28 12:22:16"
},
{
"kids":[],
"uid":"1689103327",
"parent":"AD3dKhJub",
"text":"[哈哈]",
"mid":"AD3eGtW4U",
"date":"2014-03-28 12:22:04"
},
{
"kids":[],
"uid":"2618689184",
"parent":"AD3aviYJO",
"text":"无往不摧",
"mid":"AD3eEr6VC",
"date":"2014-03-28 12:21:59"
},
{
"kids":[],
"uid":"1073396864",
"parent":"AD2MJotuw",
"text":"[嘻嘻][嘻嘻]",
"mid":"AD3ezpEYu",
"date":"2014-03-28 12:21:47"
},
{
"kids":[],
"uid":"345889379",
"parent":"AD2MJotuw",
"text":"",
"mid":"AD3ewr2TM",
"date":"2014-03-28 12:21:39"
},
{
"kids":[
"AD3MkogsC"
],
"uid":"1784069784",
"parent":"AD2MJotuw",
"text":"[哈哈][哈哈][哈哈][哈哈][哈哈]",
"mid":"AD3etuXR6",
"date":"2014-03-28 12:21:33"
},
{
"kids":[],
"uid":"2925753711",
"parent":"",
"text":"浅薄的女子，不知是谁的二奶……",
"mid":"AD3em9oox",
"date":"2014-03-28 12:21:15"
},
{
"kids":[],
"uid":"1866154333",
"parent":"AD3cNtYJ4",
"text":"",
"mid":"AD3ekljGk",
"date":"2014-03-28 12:21:11"
},
{
"kids":[],
"uid":"wangyude001",
"parent":"AD3doEQ5Z",
"text":"[哈哈]",
"mid":"AD3ejpnQa",
"date":"2014-03-28 12:21:09"
},
{
"kids":[],
"uid":"pazhuyizhen88",
"parent":"AD2MJotuw",
"text":"",
"mid":"AD3ehlifp",
"date":"2014-03-28 12:21:04"
},
{
"kids":[
"AD3Dg4iIW",
"AD3vdygmZ",
"AD3kwstwJ",
"AD3gqjl9f",
"AD3fbegzq"
],
"uid":"315366691",
"parent":"AD2MJotuw",
"text":"[哈哈]",
"mid":"AD3efzoba",
"date":"2014-03-28 12:21:00"
},
{
"kids":[],
"uid":"1815492511",
"parent":"",
"text":"性感[馋嘴]",
"mid":"AD3ef0ZW2",
"date":"2014-03-28 12:20:58"
},
{
"kids":[],
"uid":"puerlvshi",
"parent":"",
"text":"",
"mid":"AD3e8ejdz",
"date":"2014-03-28 12:20:42"
},
{
"kids":[
"AD7E54J8d",
"AD3gtDpzi"
],
"uid":"1004760372",
"parent":"AD3bxbLAr",
"text":"[吃惊][吃惊][哈哈]",
"mid":"AD3e6pcxV",
"date":"2014-03-28 12:20:38"
},
{
"kids":[],
"uid":"marquessray",
"parent":"",
"text":"有意思，验证了法国佬浪漫故事，丁字裤外露才够勇敢。",
"mid":"AD3e5eWro",
"date":"2014-03-28 12:20:35"
},
{
"kids":[],
"uid":"2372153641",
"parent":"AD3cNtYJ4",
"text":"",
"mid":"AD3e3ujrj",
"date":"2014-03-28 12:20:31"
},
{
"kids":[],
"uid":"1215246652",
"parent":"AD34n1HcT",
"text":"身后那戴眼镜往哪儿看呢？说得就是你[嘻嘻]",
"mid":"AD3dZDHQZ",
"date":"2014-03-28 12:20:22"
},
{
"kids":[],
"uid":"1473842180",
"parent":"AD3cNtYJ4",
"text":"",
"mid":"AD3dYbfbg",
"date":"2014-03-28 12:20:18"
},
{
"kids":[],
"uid":"1622289951",
"parent":"AD3aviYJO",
"text":"[哈哈][哈哈][哈哈][威武][威武][威武]",
"mid":"AD3dKx15i",
"date":"2014-03-28 12:19:46"
},
{
"kids":[
"B2Sasr9yg",
"ADdTuaisb",
"AD551DMJ6",
"AD4vTylR9",
"AD4jcofJ0",
"AD484qde3",
"AD44MbQpT",
"AD3RU61lZ",
"AD3NCpL2z",
"AD3KNe1DC",
"AD3GI087H",
"AD3GvhtMb",
"AD3C0izV4",
"AD3AM3WCy",
"AD3xFsaLp",
"AD3uCyToN",
"AD3uzE0Y3",
"AD3u2hhdQ",
"AD3tmBM4F",
"AD3thfNGe",
"AD3sUcLbv",
"AD3rBAqcR",
"AD3qZ855f",
"AD3qqhOc3",
"AD3oqrFe6",
"AD3mEy21a",
"AD3moz54S",
"AD3lMrgbD",
"AD3kF0xMH",
"AD3iJ4hR4",
"AD3iIb9Kh",
"AD3ihxouQ",
"AD3i8rRXW",
"AD3hA9sMD",
"AD3gFoaB8",
"AD3ftd62w",
"AD3f8fPJF",
"AD3eGtW4U"
],
"uid":"532935012",
"parent":"AD2MJotuw",
"text":"[哈哈]",
"mid":"AD3dKhJub",
"date":"2014-03-28 12:19:45"
},
{
"kids":[],
"uid":"3057249397",
"parent":"AD2MJotuw",
"text":"这是部长吗?",
"mid":"AD3dIbUQ1",
"date":"2014-03-28 12:19:40"
},
{
"kids":[],
"uid":"2176108021",
"parent":"",
"text":"免费广告更有影响力！",
"mid":"AD3dH14os",
"date":"2014-03-28 12:19:37"
},
{
"kids":[],
"uid":"2075257411",
"parent":"",
"text":"这是奔驰的广告吗？[哈哈]",
"mid":"AD3dt73D2",
"date":"2014-03-28 12:19:03"
},
{
"kids":[],
"uid":"2386959122",
"parent":"AD2MJotuw",
"text":"",
"mid":"AD3dph4wP",
"date":"2014-03-28 12:18:55"
},
{
"kids":[
"AD3wmtKWG",
"AD3krql8I",
"AD3kahYy4",
"AD3eQcyvT",
"AD3ejpnQa"
],
"uid":"2127762053",
"parent":"AD3aviYJO",
"text":"",
"mid":"AD3doEQ5Z",
"date":"2014-03-28 12:18:55"
},
{
"kids":[],
"uid":"zhijieqinqin",
"parent":"AD3cNtYJ4",
"text":"这是奔驰的广告吗？[哈哈][哈哈]",
"mid":"AD3de3nLX",
"date":"2014-03-28 12:18:27"
},
{
"kids":[],
"uid":"1131531894",
"parent":"AD3aviYJO",
"text":"奔驰好广告",
"mid":"AD3ddcSjJ",
"date":"2014-03-28 12:18:25"
},
{
"kids":[
"AD3w009lf"
],
"uid":"319563999",
"parent":"AD3aviYJO",
"text":"海马汽车的标志？海马品牌代言人？",
"mid":"AD3cO5CLE",
"date":"2014-03-28 12:17:26"
},
{
"kids":[
"AD5lQ6JHP",
"AD4w9el66",
"AD4qf9yLc",
"AD4dGugxm",
"AD4aTjZMs",
"AD48HFa2R",
"AD47uEq5h",
"AD3ZHcoEL",
"AD3L39JCu",
"AD3KLrwLY",
"AD3KomH7B",
"AD3HK5dpx",
"AD3GKmRXn",
"AD3Dpsd57",
"AD3xfr7VF",
"AD3wpr7UJ",
"AD3ti92Vu",
"AD3rzsUxn",
"AD3pduBdP",
"AD3oafc3a",
"AD3o63SbJ",
"AD3nw4DVI",
"AD3mOjkEC",
"AD3mymlfm",
"AD3lVkWSj",
"AD3jB9xwx",
"AD3iL8wbU",
"AD3iEiP6S",
"AD3hTF4NG",
"AD3gBx1YM",
"AD3gmex3Z",
"AD3fN2Rf8",
"AD3f7EbPD",
"AD3f3w0EC",
"AD3eLupFw",
"AD3ekljGk",
"AD3e3ujrj",
"AD3dYbfbg",
"AD3de3nLX"
],
"uid":"1847426285",
"parent":"AD2MJotuw",
"text":"[哈哈]",
"mid":"AD3cNtYJ4",
"date":"2014-03-28 12:17:25"
},
{
"kids":[],
"uid":"2254044843",
"parent":"",
"text":"",
"mid":"AD3cEhbUO",
"date":"2014-03-28 12:17:02"
},
{
"kids":[],
"uid":"1672939397",
"parent":"AD2MJotuw",
"text":"给力[威武]",
"mid":"AD3cy6CAa",
"date":"2014-03-28 12:16:47"
},
{
"kids":[],
"uid":"3239164647",
"parent":"",
"text":"这是奔驰的广告吗？[哈哈][哈哈]",
"mid":"AD3cto6Qc",
"date":"2014-03-28 12:16:37"
},
{
"kids":[],
"uid":"1984326314",
"parent":"AD3bLlShU",
"text":"假的，ps过的，真心看不懂为毛这么做",
"mid":"AD3cmjIhI",
"date":"2014-03-28 12:16:19"
},
{
"kids":[],
"uid":"3664652527",
"parent":"AD2MJotuw",
"text":"好想过去把她的绳子拔了",
"mid":"AD3ccfFJM",
"date":"2014-03-28 12:15:56"
},
{
"kids":[],
"uid":"3544986970",
"parent":"AD2MJotuw",
"text":"",
"mid":"AD3c88BF2",
"date":"2014-03-28 12:15:46"
},
{
"kids":[
"AD3Da8Mv2",
"AD3k8dmak",
"AD3jyrK1l",
"AD3hce9PF"
],
"uid":"2275337915",
"parent":"AD3aviYJO",
"text":"这分明就是马自达广告嘛",
"mid":"AD3bZeh0e",
"date":"2014-03-28 12:15:25"
},
{
"kids":[],
"uid":"1881421164",
"parent":"AD3aviYJO",
"text":"",
"mid":"AD3bWwPXz",
"date":"2014-03-28 12:15:19"
},
{
"kids":[],
"uid":"1805932673",
"parent":"AD2MJotuw",
"text":"",
"mid":"AD3bUwG9z",
"date":"2014-03-28 12:15:14"
},
{
"kids":[],
"uid":"re7olution9",
"parent":"AD3aviYJO",
"text":"[哈哈]",
"mid":"AD3bTzvaV",
"date":"2014-03-28 12:15:12"
},
{
"kids":[],
"uid":"2677920282",
"parent":"AD2MJotuw",
"text":"",
"mid":"AD3bOjetf",
"date":"2014-03-28 12:14:59"
},
{
"kids":[
"AD3fupC7L",
"AD3cmjIhI"
],
"uid":"1097565313",
"parent":"AD3aviYJO",
"text":"明明是马自达广告",
"mid":"AD3bLlShU",
"date":"2014-03-28 12:14:52"
},
{
"kids":[],
"uid":"1651277857",
"parent":"AD2MJotuw",
"text":"",
"mid":"AD3bEeHnh",
"date":"2014-03-28 12:14:34"
},
{
"kids":[
"AD7E54J8d",
"AD3gtDpzi",
"AD3e6pcxV"
],
"uid":"2503697841",
"parent":"AD2MJotuw",
"text":"",
"mid":"AD3bxbLAr",
"date":"2014-03-28 12:14:17"
},
{
"kids":[],
"uid":"1748842352",
"parent":"AD2MJotuw",
"text":"奔驰...[偷笑][哈哈]",
"mid":"AD3boBgSX",
"date":"2014-03-28 12:13:58"
},
{
"kids":[],
"uid":"popykx",
"parent":"",
"text":"@小木柚子 @国军遇到马克思 @舞鹭82 BENZ",
"mid":"AD3bnFvyM",
"date":"2014-03-28 12:13:56"
},
{
"kids":[],
"uid":"2847692262",
"parent":"AD3aviYJO",
"text":"这广告还真有创意",
"mid":"AD3bgCtt1",
"date":"2014-03-28 12:13:39"
},
{
"kids":[],
"uid":"210828212",
"parent":"AD3aviYJO",
"text":"",
"mid":"AD3bgzYF3",
"date":"2014-03-28 12:13:39"
},
{
"kids":[],
"uid":"2706854750",
"parent":"AD2MJotuw",
"text":"",
"mid":"AD3bgkS2r",
"date":"2014-03-28 12:13:38"
},
{
"kids":[],
"uid":"chuanshanxiansheng",
"parent":"AD3aviYJO",
"text":"",
"mid":"AD3baojmT",
"date":"2014-03-28 12:13:24"
},
{
"kids":[],
"uid":"3233722524",
"parent":"AD2MJotuw",
"text":"",
"mid":"AD3aYBGpP",
"date":"2014-03-28 12:12:56"
},
{
"kids":[],
"uid":"lijiaxing5",
"parent":"AD2MJotuw",
"text":"[哈哈][哈哈][哈哈]",
"mid":"AD3aK6iE8",
"date":"2014-03-28 12:12:21"
},
{
"kids":[],
"uid":"2130370630",
"parent":"AD2MJotuw",
"text":"[赞]",
"mid":"AD3aH8kZD",
"date":"2014-03-28 12:12:14"
},
{
"kids":[],
"uid":"2642659605",
"parent":"AD2MJotuw",
"text":"",
"mid":"AD3ayzEaU",
"date":"2014-03-28 12:11:54"
},
{
"kids":[
"ADG33DQY9",
"ADoez85JG",
"AD43K5kRr",
"AD3SI0TkD",
"AD3Ey7YCk",
"AD3DA87xj",
"AD3Da8Mv2",
"AD3wmtKWG",
"AD3w009lf",
"AD3tpio5E",
"AD3qV34x8",
"AD3oBESjg",
"AD3lo0EQr",
"AD3krql8I",
"AD3kahYy4",
"AD3k8dmak",
"AD3jyrK1l",
"AD3jeo0yu",
"AD3iW4HwO",
"AD3io6pGg",
"AD3hBkjSh",
"AD3hce9PF",
"AD3fupC7L",
"AD3eQcyvT",
"AD3eEr6VC",
"AD3ejpnQa",
"AD3dKx15i",
"AD3doEQ5Z",
"AD3ddcSjJ",
"AD3cO5CLE",
"AD3cmjIhI",
"AD3bZeh0e",
"AD3bWwPXz",
"AD3bTzvaV",
"AD3bLlShU",
"AD3bgCtt1",
"AD3bgzYF3",
"AD3baojmT"
],
"uid":"wenjun6668",
"parent":"AD2MJotuw",
"text":"[哈哈]",
"mid":"AD3aviYJO",
"date":"2014-03-28 12:11:46"
},
{
"kids":[],
"uid":"songxiaochen6345",
"parent":"AD2MJotuw",
"text":"",
"mid":"AD3anBObu",
"date":"2014-03-28 12:11:28"
},
{
"kids":[],
"uid":"1418729491",
"parent":"AD2MJotuw",
"text":"",
"mid":"AD3agwhxZ",
"date":"2014-03-28 12:11:11"
},
{
"kids":[],
"uid":"dodoeffe",
"parent":"AD34n1HcT",
"text":"意大利威武",
"mid":"AD39XjNIL",
"date":"2014-03-28 12:10:23"
},
{
"kids":[],
"uid":"1191554712",
"parent":"",
"text":"[偷笑]",
"mid":"AD39R9gbe",
"date":"2014-03-28 12:10:10"
},
{
"kids":[],
"uid":"1718289427",
"parent":"AD2MJotuw",
"text":"[嘻嘻][嘻嘻][嘻嘻][嘻嘻]",
"mid":"AD39HpSZ3",
"date":"2014-03-28 12:09:46"
},
{
"kids":[],
"uid":"3262494242",
"parent":"AD2MJotuw",
"text":"",
"mid":"AD39FjhkP",
"date":"2014-03-28 12:09:42"
},
{
"kids":[],
"uid":"1401450733",
"parent":"AD2MJotuw",
"text":"",
"mid":"AD39C5Vq1",
"date":"2014-03-28 12:09:33"
},
{
"kids":[],
"uid":"3161140845",
"parent":"AD35Uv25z",
"text":"",
"mid":"AD39yfjHu",
"date":"2014-03-28 12:09:25"
},
{
"kids":[],
"uid":"2830934622",
"parent":"AD2MJotuw",
"text":"",
"mid":"AD39x5jRo",
"date":"2014-03-28 12:09:22"
},
{
"kids":[],
"uid":"anderson14",
"parent":"AD35Uv25z",
"text":"[害羞][害羞][花心]",
"mid":"AD39uFpwT",
"date":"2014-03-28 12:09:17"
},
{
"kids":[],
"uid":"2421920451",
"parent":"AD2MJotuw",
"text":"",
"mid":"AD39n4OK7",
"date":"2014-03-28 12:08:56"
},
{
"kids":[],
"uid":"1920414315",
"parent":"AD2MJotuw",
"text":"是奔驰的广告[哈哈]",
"mid":"AD398uWpy",
"date":"2014-03-28 12:08:24"
},
{
"kids":[],
"uid":"1795732355",
"parent":"AD2MJotuw",
"text":"哈哈哈右边",
"mid":"AD3969ToK",
"date":"2014-03-28 12:08:18"
},
{
"kids":[],
"uid":"cgq858",
"parent":"",
"text":"奔驰的广告。",
"mid":"AD38LagtJ",
"date":"2014-03-28 12:07:28"
},
{
"kids":[],
"uid":"3608439157",
"parent":"AD2MJotuw",
"text":"",
"mid":"AD38w5Y0F",
"date":"2014-03-28 12:06:52"
},
{
"kids":[],
"uid":"1337935360",
"parent":"AD35Uv25z",
"text":"",
"mid":"AD38rq4Aj",
"date":"2014-03-28 12:06:41"
},
{
"kids":[],
"uid":"2160867255",
"parent":"AD2MJotuw",
"text":"[哈哈]",
"mid":"AD382ylni",
"date":"2014-03-28 12:05:42"
},
{
"kids":[],
"uid":"1783290700",
"parent":"AD2MJotuw",
"text":"奔驰广告无疑",
"mid":"AD37Zjp8h",
"date":"2014-03-28 12:05:34"
},
{
"kids":[],
"uid":"2236723840",
"parent":"AD2MJotuw",
"text":"[太開心]",
"mid":"AD37RCeTT",
"date":"2014-03-28 12:05:16"
},
{
"kids":[],
"uid":"1764264522",
"parent":"AD37wETRx",
"text":"[汗]好奔放啊！",
"mid":"AD37R1gWb",
"date":"2014-03-28 12:05:14"
},
{
"kids":[],
"uid":"1864325071",
"parent":"AD2MJotuw",
"text":"惊呆了[吃惊][吃惊][吃惊]",
"mid":"AD37yrpy4",
"date":"2014-03-28 12:04:30"
},
{
"kids":[
"AD37R1gWb"
],
"uid":"lanzhoutudou",
"parent":"AD2MJotuw",
"text":"是奔驰的广告吗？[哈哈]",
"mid":"AD37wETRx",
"date":"2014-03-28 12:04:26"
},
{
"kids":[],
"uid":"274003350",
"parent":"AD35Uv25z",
"text":"故意的",
"mid":"AD37omV7H",
"date":"2014-03-28 12:04:05"
},
{
"kids":[],
"uid":"2269145584",
"parent":"AD2MJotuw",
"text":"",
"mid":"AD37gF5jp",
"date":"2014-03-28 12:03:48"
},
{
"kids":[
"AD4PH3UJ2",
"AD3npukT7"
],
"uid":"3031403761",
"parent":"AD2MJotuw",
"text":"嗯[做鬼脸]",
"mid":"AD376m1fN",
"date":"2014-03-28 12:03:22"
},
{
"kids":[],
"uid":"2042995283",
"parent":"AD34n1HcT",
"text":"",
"mid":"AD3738LAg",
"date":"2014-03-28 12:03:15"
},
{
"kids":[],
"uid":"2358434013",
"parent":"AD2MJotuw",
"text":"",
"mid":"AD36zwYSa",
"date":"2014-03-28 12:02:04"
},
{
"kids":[],
"uid":"3478639354",
"parent":"AD2MJotuw",
"text":"",
"mid":"AD36okHLB",
"date":"2014-03-28 12:01:37"
},
{
"kids":[],
"uid":"2187459500",
"parent":"AD35Uv25z",
"text":"",
"mid":"AD36fsCmQ",
"date":"2014-03-28 12:01:17"
},
{
"kids":[],
"uid":"1246258097",
"parent":"",
"text":"专心致志的男人们，见多不怪。",
"mid":"AD363BdKb",
"date":"2014-03-28 12:00:49"
},
{
"kids":[],
"uid":"2737034801",
"parent":"",
"text":"@欠一毛",
"mid":"AD362chP7",
"date":"2014-03-28 12:00:44"
},
{
"kids":[],
"uid":"qizhiyuanad",
"parent":"AD34n1HcT",
"text":"好坏啊这些人。。。",
"mid":"AD35WiPBw",
"date":"2014-03-28 12:00:31"
},
{
"kids":[
"AD6SNfLRY",
"AD5SD5BMO",
"AD3sEzEy3",
"AD3pc4zMP",
"AD3kh6wFU",
"AD3kbbdCN",
"AD39yfjHu",
"AD39uFpwT",
"AD38rq4Aj",
"AD37omV7H",
"AD36fsCmQ"
],
"uid":"2560339090",
"parent":"AD2MJotuw",
"text":"[哈哈]代言人",
"mid":"AD35Uv25z",
"date":"2014-03-28 12:00:26"
},
{
"kids":[],
"uid":"2861083494",
"parent":"AD34n1HcT",
"text":"",
"mid":"AD35MwbJA",
"date":"2014-03-28 12:00:08"
},
{
"kids":[],
"uid":"2892608980",
"parent":"AD2MJotuw",
"text":"p的",
"mid":"AD35I34bi",
"date":"2014-03-28 11:59:57"
},
{
"kids":[],
"uid":"278475577",
"parent":"AD34n1HcT",
"text":"[good]",
"mid":"AD35BA0pn",
"date":"2014-03-28 11:59:42"
},
{
"kids":[],
"uid":"3984708410",
"parent":"AD2MJotuw",
"text":"[嘻嘻]一群男流氓。",
"mid":"AD35qDpwJ",
"date":"2014-03-28 11:59:16"
},
{
"kids":[],
"uid":"1773315392",
"parent":"AD2MJotuw",
"text":"",
"mid":"AD35pbp2o",
"date":"2014-03-28 11:59:12"
},
{
"kids":[],
"uid":"jonson2431",
"parent":"AD2MJotuw",
"text":"都是老贝的",
"mid":"AD352pp38",
"date":"2014-03-28 11:58:17"
},
{
"kids":[],
"uid":"zlbj",
"parent":"AD34n1HcT",
"text":"[围观]",
"mid":"AD34S3tgE",
"date":"2014-03-28 11:57:53"
},
{
"kids":[],
"uid":"wyylovetcb",
"parent":"AD2MJotuw",
"text":"",
"mid":"AD34Paaia",
"date":"2014-03-28 11:57:45"
},
{
"kids":[],
"uid":"jcghq",
"parent":"AD34n1HcT",
"text":"",
"mid":"AD34BgP6B",
"date":"2014-03-28 11:57:12"
},
{
"kids":[],
"uid":"3835783362",
"parent":"AD2MJotuw",
"text":"神回复！",
"mid":"AD34slqzl",
"date":"2014-03-28 11:56:51"
},
{
"kids":[],
"uid":"3271077530",
"parent":"AD2MJotuw",
"text":"[嘻嘻]",
"mid":"AD34n2pc4",
"date":"2014-03-28 11:56:39"
},
{
"kids":[
"AD6WY5CP3",
"AD67ijejO",
"AD4WTgnhM",
"AD3FRpsER",
"AD3wGzGYE",
"AD3wFnuR4",
"AD3sdnarM",
"AD3oQar8m",
"AD3nw2fca",
"AD3nrACHx",
"AD3nq89LE",
"AD3kJqkj9",
"AD3jnhBPz",
"AD3it7SSa",
"AD3hssgmZ",
"AD3g6ecMI",
"AD3fxlhi5",
"AD3dZDHQZ",
"AD39XjNIL",
"AD3738LAg",
"AD35WiPBw",
"AD35MwbJA",
"AD35BA0pn",
"AD34S3tgE",
"AD34BgP6B"
],
"uid":"137010641",
"parent":"AD2MJotuw",
"text":"[哈哈]",
"mid":"AD34n1HcT",
"date":"2014-03-28 11:56:39"
},
{
"kids":[],
"uid":"2792990237",
"parent":"AD2MJotuw",
"text":"",
"mid":"AD33VhvcY",
"date":"2014-03-28 11:55:33"
},
{
"kids":[],
"uid":"1220817493",
"parent":"AD2MJotuw",
"text":"",
"mid":"AD33Qh9xB",
"date":"2014-03-28 11:55:20"
},
{
"kids":[],
"uid":"1613863710",
"parent":"AD2MJotuw",
"text":"",
"mid":"AD33KAn5p",
"date":"2014-03-28 11:55:07"
},
{
"kids":[],
"uid":"royeei",
"parent":"AD2MJotuw",
"text":"",
"mid":"AD32JFpm5",
"date":"2014-03-28 11:52:38"
},
{
"kids":[],
"uid":"2262219143",
"parent":"AD2MJotuw",
"text":"",
"mid":"AD32c2Ioe",
"date":"2014-03-28 11:51:17"
},
{
"kids":[],
"uid":"1765968454",
"parent":"AD2MJotuw",
"text":"",
"mid":"AD31OkXfK",
"date":"2014-03-28 11:50:21"
},
{
"kids":[],
"uid":"2655442733",
"parent":"AD2MJotuw",
"text":"",
"mid":"AD31I9qck",
"date":"2014-03-28 11:50:06"
},
{
"kids":[],
"uid":"cecizhang027",
"parent":"AD2MJotuw",
"text":"專登既",
"mid":"AD31Ce1q0",
"date":"2014-03-28 11:49:52"
},
{
"kids":[],
"uid":"lovestoryx",
"parent":"AD2MJotuw",
"text":"",
"mid":"AD31suhSd",
"date":"2014-03-28 11:49:29"
},
{
"kids":[],
"uid":"2640865932",
"parent":"",
"text":"奔驰的广告很有创意[哈哈][哈哈]",
"mid":"AD31ib746",
"date":"2014-03-28 11:49:04"
},
{
"kids":[],
"uid":"320223777",
"parent":"AD2MJotuw",
"text":"",
"mid":"AD30MidX3",
"date":"2014-03-28 11:47:48"
},
{
"kids":[],
"uid":"1698148850",
"parent":"AD2MJotuw",
"text":"",
"mid":"AD30wjn3q",
"date":"2014-03-28 11:47:09"
},
{
"kids":[],
"uid":"1668400951",
"parent":"AD2MJotuw",
"text":"",
"mid":"AD30ojkg2",
"date":"2014-03-28 11:46:51"
},
{
"kids":[],
"uid":"1989170117",
"parent":"AD2MJotuw",
"text":"[嘻嘻]",
"mid":"AD30hbyrQ",
"date":"2014-03-28 11:46:34"
},
{
"kids":[],
"uid":"1848871155",
"parent":"",
"text":"[吃惊]@linearzhx",
"mid":"AD2XUEjJk",
"date":"2014-03-28 11:40:45"
},
{
"kids":[],
"uid":"1701305781",
"parent":"AD2Rl8GA3",
"text":"",
"mid":"AD2XlrMrc",
"date":"2014-03-28 11:39:21"
},
{
"kids":[],
"uid":"1836676995",
"parent":"AD2MJotuw",
"text":"哈哈",
"mid":"AD2XdtNZ0",
"date":"2014-03-28 11:39:02"
},
{
"kids":[],
"uid":"2025966771",
"parent":"AD2MJotuw",
"text":"",
"mid":"AD2WZ3IXn",
"date":"2014-03-28 11:38:27"
},
{
"kids":[],
"uid":"fucs",
"parent":"AD2MJotuw",
"text":"镜头直了",
"mid":"AD2WXvvTp",
"date":"2014-03-28 11:38:23"
},
{
"kids":[],
"uid":"3293243485",
"parent":"AD2MJotuw",
"text":"",
"mid":"AD2WG7rsY",
"date":"2014-03-28 11:37:41"
},
{
"kids":[],
"uid":"1572667591",
"parent":"AD2MJotuw",
"text":"这是奔驰的广告，无处不再。",
"mid":"AD2WfdQpK",
"date":"2014-03-28 11:36:38"
},
{
"kids":[],
"uid":"2217581624",
"parent":"",
"text":"奔驰广告",
"mid":"AD2Vhfm4G",
"date":"2014-03-28 11:34:15"
},
{
"kids":[],
"uid":"2595410821",
"parent":"AD2MJotuw",
"text":"",
"mid":"AD2UPuo1J",
"date":"2014-03-28 11:33:09"
},
{
"kids":[],
"uid":"72749787",
"parent":"AD2MJotuw",
"text":"",
"mid":"AD2UEuEYW",
"date":"2014-03-28 11:32:43"
},
{
"kids":[],
"uid":"2613875803",
"parent":"AD2MJotuw",
"text":"[哈哈][哈哈]",
"mid":"AD2UD5Mpb",
"date":"2014-03-28 11:32:39"
},
{
"kids":[],
"uid":"1244507550",
"parent":"AD2MJotuw",
"text":"[哈哈]",
"mid":"AD2UucQ4u",
"date":"2014-03-28 11:32:18"
},
{
"kids":[
"AD3kc3VYA"
],
"uid":"2242767734",
"parent":"",
"text":"亮瞎你眼@雾野辰光",
"mid":"AD2TzafXO",
"date":"2014-03-28 11:30:02"
},
{
"kids":[],
"uid":"1646510472",
"parent":"AD2MJotuw",
"text":"[汗]",
"mid":"AD2Tu6FDY",
"date":"2014-03-28 11:29:50"
},
{
"kids":[],
"uid":"1618108843",
"parent":"AD2MJotuw",
"text":"[吃惊][吃惊][吃惊][汗][汗]",
"mid":"AD2T1cRCI",
"date":"2014-03-28 11:28:41"
},
{
"kids":[],
"uid":"dandanyoushang2011",
"parent":"AD2MJotuw",
"text":"",
"mid":"AD2SZnBaX",
"date":"2014-03-28 11:28:37"
},
{
"kids":[],
"uid":"3888321022",
"parent":"AD2MJotuw",
"text":"签字？指定是造福后人的事！[威武]",
"mid":"AD2SFF4nx",
"date":"2014-03-28 11:27:49"
},
{
"kids":[],
"uid":"521021235",
"parent":"AD2MJotuw",
"text":"[偷乐]",
"mid":"AD2Rr3lJP",
"date":"2014-03-28 11:24:47"
},
{
"kids":[],
"uid":"2793121595",
"parent":"AD2MJotuw",
"text":"我没看见[偷笑]",
"mid":"AD2RlqhMH",
"date":"2014-03-28 11:24:34"
},
{
"kids":[
"AD2XlrMrc"
],
"uid":"2622027862",
"parent":"AD2PEfYR6",
"text":"意大利现在连国防部长都是女的，整个欧洲有6个国防部长是女的，包括德国、瑞典等国。",
"mid":"AD2Rl8GA3",
"date":"2014-03-28 11:24:33"
},
{
"kids":[],
"uid":"1829146850",
"parent":"AD2MJotuw",
"text":"",
"mid":"AD2QVskT6",
"date":"2014-03-28 11:23:32"
},
{
"kids":[],
"uid":"1401031091",
"parent":"AD2MJotuw",
"text":"明明是海马广告啊[哈哈][哈哈]",
"mid":"AD2QFaP9s",
"date":"2014-03-28 11:22:53"
},
{
"kids":[],
"uid":"2013056713",
"parent":"AD2MJotuw",
"text":"原来奔驰灵感来自此",
"mid":"AD2QAdpBR",
"date":"2014-03-28 11:22:41"
},
{
"kids":[],
"uid":"3233092891",
"parent":"AD2MJotuw",
"text":"@霍霍_V 你们花多少钱？",
"mid":"AD2QchS4c",
"date":"2014-03-28 11:21:43"
},
{
"kids":[],
"uid":"daxaing",
"parent":"AD2MJotuw",
"text":"",
"mid":"AD2POiOVg",
"date":"2014-03-28 11:20:47"
},
{
"kids":[],
"uid":"2612428731",
"parent":"AD2MJotuw",
"text":"",
"mid":"AD2PI6yvD",
"date":"2014-03-28 11:20:32"
},
{
"kids":[
"AD2XlrMrc",
"AD2Rl8GA3"
],
"uid":"2622027862",
"parent":"AD2PpaRd2",
"text":"小伙子伦齐上台后，意大利女性部长数量大增，达到战后极致。",
"mid":"AD2PEfYR6",
"date":"2014-03-28 11:20:23"
},
{
"kids":[
"AD2XlrMrc",
"AD2Rl8GA3",
"AD2PEfYR6"
],
"uid":"2622027862",
"parent":"",
"text":"",
"mid":"AD2PpaRd2",
"date":"2014-03-28 11:19:47"
},
{
"kids":[],
"uid":"1413952894",
"parent":"",
"text":"部长开奔驰的",
"mid":"AD2Pccu85",
"date":"2014-03-28 11:19:16"
},
{
"kids":[],
"uid":"1254766343",
"parent":"",
"text":"",
"mid":"AD2P10lpq",
"date":"2014-03-28 11:18:49"
},
{
"kids":[],
"uid":"2739975121",
"parent":"AD2MJotuw",
"text":"",
"mid":"AD2OMtBHB",
"date":"2014-03-28 11:18:14"
},
{
"kids":[],
"uid":"2179925185",
"parent":"AD2MJotuw",
"text":"",
"mid":"AD2OAlRux",
"date":"2014-03-28 11:17:46"
},
{
"kids":[],
"uid":"1858556220",
"parent":"AD2MJotuw",
"text":"",
"mid":"AD2OvElTv",
"date":"2014-03-28 11:17:35"
},
{
"kids":[],
"uid":"1899935141",
"parent":"AD2MJotuw",
"text":"[吃惊]",
"mid":"AD2Ovmgxt",
"date":"2014-03-28 11:17:34"
},
{
"kids":[],
"uid":"2941023205",
"parent":"AD2MJotuw",
"text":"[哈哈]",
"mid":"AD2OrexZn",
"date":"2014-03-28 11:17:24"
},
{
"kids":[],
"uid":"24904344",
"parent":"AD2MJotuw",
"text":"",
"mid":"AD2ObjUSG",
"date":"2014-03-28 11:16:45"
},
{
"kids":[],
"uid":"fifacoral",
"parent":"AD2MJotuw",
"text":"是丰田",
"mid":"AD2NWrdzk",
"date":"2014-03-28 11:16:10"
},
{
"kids":[],
"uid":"1410172961",
"parent":"AD2MJotuw",
"text":"",
"mid":"AD2NPDjbV",
"date":"2014-03-28 11:15:55"
},
{
"kids":[],
"uid":"1117581520",
"parent":"AD2MJotuw",
"text":"[哈哈][哈哈]",
"mid":"AD2NGzURv",
"date":"2014-03-28 11:15:31"
},
{
"kids":[],
"uid":"2424213393",
"parent":"AD2MJotuw",
"text":"亮点很刺眼...",
"mid":"AD2NFAsXz",
"date":"2014-03-28 11:15:31"
},
{
"kids":[],
"uid":"jingyuanfengzi",
"parent":"",
"text":"想多啦，同志们",
"mid":"AD2NsE1EH",
"date":"2014-03-28 11:15:00"
},
{
"kids":[],
"uid":"3224747233",
"parent":"AD2MJotuw",
"text":"",
"mid":"AD2NqiiT9",
"date":"2014-03-28 11:14:54"
},
{
"kids":[
"ADnKJCrsW"
],
"uid":"2325625917",
"parent":"AD2MJotuw",
"text":"[哈哈][哈哈]",
"mid":"AD2Nma47D",
"date":"2014-03-28 11:14:44"
},
{
"kids":[],
"uid":"3968063350",
"parent":"AD2MJotuw",
"text":"",
"mid":"AD2N7CnZi",
"date":"2014-03-28 11:14:10"
},
{
"kids":[
"AD3cNtYJ4",
"AD3dKhJub",
"B2Sasr9yg",
"AEX1ldMvU",
"ADG33DQY9",
"ADuTGlooe",
"ADoez85JG",
"ADnKJCrsW",
"ADdWcCrPF",
"ADdTuaisb",
"ADdB5iIvx",
"ADcuAslaI",
"ADc3Sw6n2",
"ADbHdqsLX",
"ADbFG1e1Z",
"AD7LGmltj",
"AD7E54J8d",
"AD7noiuuk",
"AD77L2yPQ",
"AD6WY5CP3",
"AD6SNfLRY",
"AD6OQenkm",
"AD6HRlUBd",
"AD6C8aSIS",
"AD6wnvUVc",
"AD6hplKXU",
"AD67ijejO",
"AD66E9mxy",
"AD5SD5BMO",
"AD5HqFa6I",
"AD5yg9CFR",
"AD5v0CTzt",
"AD5lQ6JHP",
"AD5lO50wL",
"AD5j7FgvG",
"AD5f4vYJd",
"AD55zAm2O",
"AD551DMJ6",
"AD52Mai0k",
"AD52zaKIG",
"AD51u6RL4",
"AD50NwNWP",
"AD4XI2sw6",
"AD4WTgnhM",
"AD4W8xeWy",
"AD4VJFoRg",
"AD4Vdfmga",
"AD4SRwnRF",
"AD4Sue8Ii",
"AD4PK0arS",
"AD4PH3UJ2",
"AD4NfadZJ",
"AD4Ms8gdH",
"AD4LfAV42",
"AD4HFcTX9",
"AD4E4iECs",
"AD4DY6oeP",
"AD4DTpuod",
"AD4DG8IzQ",
"AD4CCcCMV",
"AD4Bk8YSi",
"AD4Bd193S",
"AD4zS0CEC",
"AD4z9EE69",
"AD4xwi6Us",
"AD4w9el66",
"AD4vTylR9",
"AD4vjtwZB",
"AD4vjbVFl",
"AD4vaBxbc",
"AD4u3ssVk",
"AD4sG6i0c",
"AD4snuXoD",
"AD4qmesva",
"AD4qf9yLc",
"AD4qb1pbT",
"AD4pYgTPU",
"AD4oXzNSe",
"AD4ok3yDZ",
"AD4mRkoBB",
"AD4lZuaYv",
"AD4kYB6f7",
"AD4kgeGT3",
"AD4jcofJ0",
"AD4ip0sOn",
"AD4imFBBD",
"AD4hIajiT",
"AD4hbo9RI",
"AD4gJAZUh",
"AD4ff9miC",
"AD4dGugxm",
"AD4dgbppt",
"AD4cIbex8",
"AD4cukt0g",
"AD4ce5gIO",
"AD4bMxs4P",
"AD4bKbLo7",
"AD4aTjZMs",
"AD4args7I",
"AD4akdGK4",
"AD49Gi2ao",
"AD49DnjJA",
"AD49AlBs6",
"AD48QfyL1",
"AD48HFa2R",
"AD48v0lGl",
"AD489sRBZ",
"AD484qde3",
"AD47Vw7Sl",
"AD47H3v40",
"AD47uEq5h",
"AD47lsVoJ",
"AD46z3Qbt",
"AD462cW3a",
"AD45G4g80",
"AD45xsJDC",
"AD44Uscyj",
"AD44MbQpT",
"AD44xrlHd",
"AD44ozYV9",
"AD43K5kRr",
"AD43lxqFK",
"AD42xAKNH",
"AD421o89z",
"AD41t8zEz",
"AD417xZPM",
"AD40L6C9F",
"AD3ZHcoEL",
"AD3ZfqJBd",
"AD3Y5CKv8",
"AD3XunLk1",
"AD3Xu93xa",
"AD3XdwREu",
"AD3X1uGBs",
"AD3WqdY9B",
"AD3WkiiRd",
"AD3VZ3xT5",
"AD3VYrTPn",
"AD3VRmiEs",
"AD3Vt6DJr",
"AD3UpcflS",
"AD3TUtgIp",
"AD3TQCGyG",
"AD3Thcn8I",
"AD3TdlLb3",
"AD3SI0TkD",
"AD3ShszZk",
"AD3S5AOh7",
"AD3RU61lZ",
"AD3RABbc4",
"AD3QQa6hq",
"AD3QPzK30",
"AD3Qndvcl",
"AD3QldnpF",
"AD3QauVmj",
"AD3PJBjW6",
"AD3PwnNRe",
"AD3PqqajA",
"AD3Pm2OIj",
"AD3PicdlS",
"AD3Ops3b5",
"AD3Od6mRn",
"AD3NWx8t5",
"AD3NVmhMD",
"AD3NCpL2z",
"AD3NzsqjX",
"AD3NglBEM",
"AD3MU91pi",
"AD3MkogsC",
"AD3MdAj3T",
"AD3LrrdAE",
"AD3L39JCu",
"AD3KP4ayU",
"AD3KNe1DC",
"AD3KLrwLY",
"AD3KJ42jy",
"AD3KGrmnW",
"AD3Kz1qYi",
"AD3KomH7B",
"AD3JR1W0W",
"AD3Jtodhj",
"AD3JiqRub",
"AD3I6fhoP",
"AD3HK5dpx",
"AD3H5CvIt",
"AD3GW9WKe",
"AD3GNzxYO",
"AD3GKmRXn",
"AD3GI087H",
"AD3GA09UC",
"AD3GvhtMb",
"AD3GshCcn",
"AD3G69deI",
"AD3FRpsER",
"AD3FRmxuQ",
"AD3FK1k3A",
"AD3FDdnop",
"AD3Fnxnzj",
"AD3FkxXFY",
"AD3EZ1dwB",
"AD3EBl8im",
"AD3Ey7YCk",
"AD3EnbOKY",
"AD3DKuCJK",
"AD3DA87xj",
"AD3Dpsd57",
"AD3Dg4iIW",
"AD3DdoyqB",
"AD3Da8Mv2",
"AD3D28ZCP",
"AD3CkpI6P",
"AD3C0izV4",
"AD3BVh9oI",
"AD3BU7JQu",
"AD3BRap06",
"AD3BnkW2u",
"AD3BlwXSJ",
"AD3B9q1Hk",
"AD3AUn4Jc",
"AD3AM3WCy",
"AD3AAzwDX",
"AD3AmEdNc",
"AD3Ajaw9s",
"AD3AdvDAm",
"AD3A9mpcD",
"AD3zXi0NJ",
"AD3zJEGv8",
"AD3zCBtLu",
"AD3zwF4Ot",
"AD3zhACCQ",
"AD3yQ7hNS",
"AD3yKucNQ",
"AD3yAcnzD",
"AD3yvpTBQ",
"AD3yuwEss",
"AD3ysaXmk",
"AD3yqot3E",
"AD3ylEE32",
"AD3yiux4w",
"AD3y8EqS7",
"AD3y08k8y",
"AD3xY4AGU",
"AD3xQkNlm",
"AD3xNpAkV",
"AD3xJhlwi",
"AD3xIpxCr",
"AD3xFsaLp",
"AD3xCsOMx",
"AD3xzxpCO",
"AD3xsosga",
"AD3xqkmou",
"AD3xi5ta8",
"AD3xfr7VF",
"AD3xbxEJ3",
"AD3x8Ajz9",
"AD3wWtlYq",
"AD3wOgXot",
"AD3wN27R0",
"AD3wGzGYE",
"AD3wFnuR4",
"AD3wpr7UJ",
"AD3wmtKWG",
"AD3wmsrFb",
"AD3w2nDRm",
"AD3w009lf",
"AD3vOanhr",
"AD3vdygmZ",
"AD3uCyToN",
"AD3uzE0Y3",
"AD3ux1M0y",
"AD3uo7LEc",
"AD3u2hhdQ",
"AD3ty6zsk",
"AD3trkBSZ",
"AD3tpio5E",
"AD3tmBM4F",
"AD3ti92Vu",
"AD3thfNGe",
"AD3sUcLbv",
"AD3sQq2ZZ",
"AD3sEzEy3",
"AD3szycXX",
"AD3sdnarM",
"AD3s8nNGw",
"AD3rBAqcR",
"AD3rzsUxn",
"AD3rmb7A1",
"AD3r6vF4K",
"AD3qZ855f",
"AD3qV34x8",
"AD3qQgxtp",
"AD3qqhOc3",
"AD3qotcZv",
"AD3pU4CqE",
"AD3pM5Raz",
"AD3pduBdP",
"AD3pc4zMP",
"AD3p2jf0Y",
"AD3oQar8m",
"AD3oBESjg",
"AD3oqrFe6",
"AD3oafc3a",
"AD3o63SbJ",
"AD3nTojyQ",
"AD3nPwiHi",
"AD3nJA2k3",
"AD3nw4DVI",
"AD3nw2fca",
"AD3nrACHx",
"AD3nq89LE",
"AD3npukT7",
"AD3nnaOgA",
"AD3mV5LVz",
"AD3mOjkEC",
"AD3mEy21a",
"AD3mymlfm",
"AD3moz54S",
"AD3m56fT5",
"AD3lZrrGD",
"AD3lVkWSj",
"AD3lRtceV",
"AD3lQB6kJ",
"AD3lMrgbD",
"AD3lJ01ds",
"AD3lI1ZsP",
"AD3lGwAIR",
"AD3lo0EQr",
"AD3kKCNgu",
"AD3kJqkj9",
"AD3kF0xMH",
"AD3kwstwJ",
"AD3krql8I",
"AD3kh6wFU",
"AD3kgwtNv",
"AD3kbbdCN",
"AD3kahYy4",
"AD3k9ocB3",
"AD3k8dmak",
"AD3jB9xwx",
"AD3jyrK1l",
"AD3jnhBPz",
"AD3jeo0yu",
"AD3iW4HNc",
"AD3iW4HwO",
"AD3iO44un",
"AD3iL8wbU",
"AD3iJBQPs",
"AD3iJ4hR4",
"AD3iIb9Kh",
"AD3iEiP6S",
"AD3iAchOV",
"AD3it7SSa",
"AD3irlMv8",
"AD3io6pGg",
"AD3ihxouQ",
"AD3i8rRXW",
"AD3hYnurT",
"AD3hV8wda",
"AD3hTF4NG",
"AD3hO0uzT",
"AD3hNbaAi",
"AD3hMxfSS",
"AD3hKtXO5",
"AD3hJAIuK",
"AD3hBkjSh",
"AD3hAr4zy",
"AD3hA9sMD",
"AD3hx9Jhj",
"AD3hwAsZ1",
"AD3hue33R",
"AD3ht3cxn",
"AD3hssgmZ",
"AD3hgCRJZ",
"AD3hgmmnX",
"AD3hce9PF",
"AD3hbjclI",
"AD3h629uz",
"AD3gWgQXl",
"AD3gSqfRn",
"AD3gOxM1N",
"AD3gFoaB8",
"AD3gCc82y",
"AD3gBx1YM",
"AD3gtDpzi",
"AD3gqjl9f",
"AD3gmex3Z",
"AD3glzw2c",
"AD3gecoHW",
"AD3g6ecMI",
"AD3g5nGc8",
"AD3fOdSVR",
"AD3fN2Rf8",
"AD3fC8cWS",
"AD3fxlhi5",
"AD3fwtHGI",
"AD3fupC7L",
"AD3ftd62w",
"AD3frbR2u",
"AD3fbegzq",
"AD3fa4HLT",
"AD3f8fPJF",
"AD3f7EbS8",
"AD3f7EbPD",
"AD3f3w0EC",
"AD3eUoIrX",
"AD3eQcyvT",
"AD3ePkZlR",
"AD3eLupFw",
"AD3eGtW4U",
"AD3eEr6VC",
"AD3ezpEYu",
"AD3ewr2TM",
"AD3etuXR6",
"AD3ekljGk",
"AD3ejpnQa",
"AD3ehlifp",
"AD3efzoba",
"AD3e6pcxV",
"AD3e3ujrj",
"AD3dZDHQZ",
"AD3dYbfbg",
"AD3dKx15i",
"AD3dKhJub",
"AD3dIbUQ1",
"AD3dph4wP",
"AD3doEQ5Z",
"AD3de3nLX",
"AD3ddcSjJ",
"AD3cO5CLE",
"AD3cNtYJ4",
"AD3cy6CAa",
"AD3cmjIhI",
"AD3ccfFJM",
"AD3c88BF2",
"AD3bZeh0e",
"AD3bWwPXz",
"AD3bUwG9z",
"AD3bTzvaV",
"AD3bOjetf",
"AD3bLlShU",
"AD3bEeHnh",
"AD3bxbLAr",
"AD3boBgSX",
"AD3bgCtt1",
"AD3bgzYF3",
"AD3bgkS2r",
"AD3baojmT",
"AD3aYBGpP",
"AD3aK6iE8",
"AD3aH8kZD",
"AD3ayzEaU",
"AD3aviYJO",
"AD3anBObu",
"AD3agwhxZ",
"AD39XjNIL",
"AD39HpSZ3",
"AD39FjhkP",
"AD39C5Vq1",
"AD39yfjHu",
"AD39x5jRo",
"AD39uFpwT",
"AD39n4OK7",
"AD398uWpy",
"AD3969ToK",
"AD38w5Y0F",
"AD38rq4Aj",
"AD382ylni",
"AD37Zjp8h",
"AD37RCeTT",
"AD37R1gWb",
"AD37yrpy4",
"AD37wETRx",
"AD37omV7H",
"AD37gF5jp",
"AD376m1fN",
"AD3738LAg",
"AD36zwYSa",
"AD36okHLB",
"AD36fsCmQ",
"AD35WiPBw",
"AD35Uv25z",
"AD35MwbJA",
"AD35I34bi",
"AD35BA0pn",
"AD35qDpwJ",
"AD35pbp2o",
"AD352pp38",
"AD34S3tgE",
"AD34Paaia",
"AD34BgP6B",
"AD34slqzl",
"AD34n2pc4",
"AD34n1HcT",
"AD33VhvcY",
"AD33Qh9xB",
"AD33KAn5p",
"AD32JFpm5",
"AD32c2Ioe",
"AD31OkXfK",
"AD31I9qck",
"AD31Ce1q0",
"AD31suhSd",
"AD30MidX3",
"AD30wjn3q",
"AD30ojkg2",
"AD30hbyrQ",
"AD2XdtNZ0",
"AD2WZ3IXn",
"AD2WXvvTp",
"AD2WG7rsY",
"AD2WfdQpK",
"AD2UPuo1J",
"AD2UEuEYW",
"AD2UD5Mpb",
"AD2UucQ4u",
"AD2Tu6FDY",
"AD2T1cRCI",
"AD2SZnBaX",
"AD2SFF4nx",
"AD2Rr3lJP",
"AD2RlqhMH",
"AD2QVskT6",
"AD2QFaP9s",
"AD2QAdpBR",
"AD2QchS4c",
"AD2POiOVg",
"AD2PI6yvD",
"AD2OMtBHB",
"AD2OAlRux",
"AD2OvElTv",
"AD2Ovmgxt",
"AD2OrexZn",
"AD2ObjUSG",
"AD2NWrdzk",
"AD2NPDjbV",
"AD2NGzURv",
"AD2NFAsXz",
"AD2NqiiT9",
"AD2Nma47D",
"AD2N7CnZi"
],
"uid":"x00x",
"parent":"",
"text":"这是奔驰的广告吗？[哈哈][哈哈]",
"mid":"AD2MJotuw",
"date":"2014-03-28 11:13:12"
},
{
"kids":[],
"uid":"232567668",
"parent":"",
"text":"贝卢最爱[花心]",
"mid":"AD2BU41po",
"date":"2014-03-28 10:46:31"
},
{
"kids":[],
"uid":"2005681985",
"parent":"",
"text":"亮点自己找…",
"mid":"AD2Bqd6T8",
"date":"2014-03-28 10:45:19"
},
{
"kids":[],
"uid":"2400628011",
"parent":"",
"text":"[吃惊][花心]",
"mid":"AD2uQpeOm",
"date":"2014-03-28 10:29:08"
},
{
"kids":[],
"uid":"2462755260",
"parent":"",
"text":"[生病]",
"mid":"AD2t2shR1",
"date":"2014-03-28 10:24:40"
},
{
"kids":[],
"uid":"5065214652",
"parent":"",
"text":"",
"mid":"AD2sGzZKE",
"date":"2014-03-28 10:23:48"
}
]