[
{
"kids":[],
"uid":"745628756",
"parent":"",
"text":"[吃惊]",
"mid":"Ao3DzFmP6",
"date":"2013-12-19 21:48:50"
},
{
"kids":[],
"uid":"3315878053",
"parent":"Ao3UleEpH",
"text":"政府已披露此为不实消息！",
"mid":"AA3nox6rL",
"date":"2014-03-08 19:12:37"
},
{
"kids":[],
"uid":"3779172985",
"parent":"",
"text":"",
"mid":"AouWWAXnJ",
"date":"2013-12-22 19:20:41"
},
{
"kids":[],
"uid":"2347515111",
"parent":"AodpWfAK7",
"text":"看看国家培养的高官  这就像家庭父母不作为孩子就无法无天横行霸道",
"mid":"AodtX5kga",
"date":"2013-12-20 22:52:36"
},
{
"kids":[],
"uid":"2613492463",
"parent":"AodpWfAK7",
"text":"他强由他强，清风拂山冈。他横任他横，明月照大江。他自狠来他自恶，我自一口真气足。金庸先生只是学问，不免可惜?也是修道真诀，更是处世灵药。时不到，一口气足？",
"mid":"AodtFl3iG",
"date":"2013-12-20 22:51:50"
},
{
"kids":[
"AodtX5kga",
"AodtFl3iG"
],
"uid":"2661706373",
"parent":"",
"text":"",
"mid":"AodpWfAK7",
"date":"2013-12-20 22:42:41"
},
{
"kids":[],
"uid":"3733600932",
"parent":"Aoby58EcU",
"text":"",
"mid":"AocXbfB1h",
"date":"2013-12-20 21:31:51"
},
{
"kids":[],
"uid":"3219553170",
"parent":"",
"text":"",
"mid":"AobXF2cwG",
"date":"2013-12-20 19:00:16"
},
{
"kids":[
"AocXbfB1h"
],
"uid":"1007697123",
"parent":"Ao3ThAYyt",
"text":"",
"mid":"Aoby58EcU",
"date":"2013-12-20 17:57:14"
},
{
"kids":[],
"uid":"3188545002",
"parent":"Ao3QUu3aS",
"text":"",
"mid":"Ao91Zd2sj",
"date":"2013-12-20 11:32:42"
},
{
"kids":[],
"uid":"2975406155",
"parent":"",
"text":"让他火",
"mid":"Ao8vQnsJI",
"date":"2013-12-20 10:13:30"
},
{
"kids":[],
"uid":"2242043693",
"parent":"Ao7CYnZ8q",
"text":"",
"mid":"Ao8mHB8Fm",
"date":"2013-12-20 09:51:00"
},
{
"kids":[],
"uid":"2900360807",
"parent":"Ao3QUu3aS",
"text":"",
"mid":"Ao8eJgU1h",
"date":"2013-12-20 09:31:20"
},
{
"kids":[],
"uid":"1729342323",
"parent":"Ao3RtBZTv",
"text":"[吃惊]",
"mid":"Ao7TynFx6",
"date":"2013-12-20 08:39:11"
},
{
"kids":[],
"uid":"1997587787",
"parent":"Ao3TZ35UC",
"text":"",
"mid":"Ao7PCkvXm",
"date":"2013-12-20 08:29:28"
},
{
"kids":[],
"uid":"1565609701",
"parent":"",
"text":"",
"mid":"Ao7N6BPhq",
"date":"2013-12-20 08:23:17"
},
{
"kids":[
"Ao8mHB8Fm"
],
"uid":"1944036051",
"parent":"Ao75exL7I",
"text":"合格的党员！",
"mid":"Ao7CYnZ8q",
"date":"2013-12-20 07:58:20"
},
{
"kids":[],
"uid":"3900035592",
"parent":"",
"text":"[围观][围观]",
"mid":"Ao7Bv497k",
"date":"2013-12-20 07:54:42"
},
{
"kids":[],
"uid":"1998835961",
"parent":"Ao75exL7I",
"text":"怎么又出现这条微博了？",
"mid":"Ao7AWvZh8",
"date":"2013-12-20 07:53:19"
},
{
"kids":[],
"uid":"2138150587",
"parent":"Ao42DCJCL",
"text":"20亿，60套房，一套房500万，23亿，如今都只是数字而已，早麻木了。",
"mid":"Ao7qV4VqH",
"date":"2013-12-20 07:28:36"
},
{
"kids":[],
"uid":"3425513994",
"parent":"Ao75exL7I",
"text":"[吃惊]",
"mid":"Ao79thMYO",
"date":"2013-12-20 06:45:38"
},
{
"kids":[
"Ao8mHB8Fm",
"Ao7CYnZ8q",
"Ao7AWvZh8",
"Ao79thMYO"
],
"uid":"yilihuijuan",
"parent":"Ao3Dr5GrV",
"text":"转发",
"mid":"Ao75exL7I",
"date":"2013-12-20 06:35:12"
},
{
"kids":[],
"uid":"2877225011",
"parent":"Ao3QUu3aS",
"text":"查查看",
"mid":"Ao6Rkm12l",
"date":"2013-12-20 06:00:57"
},
{
"kids":[],
"uid":"loveunixnet",
"parent":"Ao4Ibt2Rb",
"text":"",
"mid":"Ao5DebZIv",
"date":"2013-12-20 02:53:28"
},
{
"kids":[],
"uid":"2615782125",
"parent":"Ao4Ibt2Rb",
"text":"[吃惊]",
"mid":"Ao5Ao8PMm",
"date":"2013-12-20 02:46:27"
},
{
"kids":[],
"uid":"1075585082",
"parent":"Ao53H0KVw",
"text":"",
"mid":"Ao5iGnVZC",
"date":"2013-12-20 02:02:51"
},
{
"kids":[],
"uid":"1643995960",
"parent":"Ao3RtBZTv",
"text":"公安、司法系统内执法犯法胡作非为的贪官污吏是对社会公平正义与和谐稳定的最大威胁！[怒]",
"mid":"Ao5bdjcJI",
"date":"2013-12-20 01:44:26"
},
{
"kids":[
"Ao5iGnVZC"
],
"uid":"3212234883",
"parent":"Ao4Ibt2Rb",
"text":"严惩邪恶！",
"mid":"Ao53H0KVw",
"date":"2013-12-20 01:25:58"
},
{
"kids":[],
"uid":"1968626031",
"parent":"Ao3QUu3aS",
"text":"20多亿什么事摆不平呀，估计也就判个十多年...",
"mid":"Ao4UurmQm",
"date":"2013-12-20 01:03:15"
},
{
"kids":[],
"uid":"603567301",
"parent":"",
"text":"辟谣的速度来报道[怒]",
"mid":"Ao4KfqGDx",
"date":"2013-12-20 00:38:01"
},
{
"kids":[],
"uid":"313404557",
"parent":"Ao4Ibt2Rb",
"text":"",
"mid":"Ao4JYyv2y",
"date":"2013-12-20 00:37:21"
},
{
"kids":[],
"uid":"1974191497",
"parent":"Ao4Ibt2Rb",
"text":"天网恢恢",
"mid":"Ao4J9tQb8",
"date":"2013-12-20 00:35:20"
},
{
"kids":[
"Ao5DebZIv",
"Ao5Ao8PMm",
"Ao5iGnVZC",
"Ao53H0KVw",
"Ao4JYyv2y",
"Ao4J9tQb8"
],
"uid":"1245305734",
"parent":"Ao4BQaQX3",
"text":"知法犯法，罪加一等，如果属实，应严厉惩处[话筒]",
"mid":"Ao4Ibt2Rb",
"date":"2013-12-20 00:32:56"
},
{
"kids":[],
"uid":"3673038337",
"parent":"",
"text":"[汗][汗]太可怕了吧！",
"mid":"Ao4BZCFkV",
"date":"2013-12-20 00:17:39"
},
{
"kids":[
"Ao5DebZIv",
"Ao5Ao8PMm",
"Ao5iGnVZC",
"Ao53H0KVw",
"Ao4JYyv2y",
"Ao4J9tQb8",
"Ao4Ibt2Rb"
],
"uid":"3892113942",
"parent":"Ao4z02Vsk",
"text":"",
"mid":"Ao4BQaQX3",
"date":"2013-12-20 00:17:18"
},
{
"kids":[],
"uid":"3550334010",
"parent":"",
"text":"公安局长没有那么笨吧？",
"mid":"Ao4zTCRjg",
"date":"2013-12-20 00:12:29"
},
{
"kids":[
"Ao5DebZIv",
"Ao5Ao8PMm",
"Ao5iGnVZC",
"Ao53H0KVw",
"Ao4JYyv2y",
"Ao4J9tQb8",
"Ao4Ibt2Rb",
"Ao4BQaQX3"
],
"uid":"3706108712",
"parent":"Ao3RtBZTv",
"text":"国家利器、执法队伍让这样的人渣控掌，国家能好么？",
"mid":"Ao4z02Vsk",
"date":"2013-12-20 00:10:18"
},
{
"kids":[],
"uid":"2138126875",
"parent":"Ao3QUu3aS",
"text":"这年头心狠手辣才能当大官",
"mid":"Ao4slvWDA",
"date":"2013-12-19 23:53:55"
},
{
"kids":[],
"uid":"2526903214",
"parent":"Ao3QUu3aS",
"text":"",
"mid":"Ao4rOqaSD",
"date":"2013-12-19 23:52:36"
},
{
"kids":[],
"uid":"1734768062",
"parent":"Ao3QUu3aS",
"text":"@孟昌的微博",
"mid":"Ao4reFMj8",
"date":"2013-12-19 23:51:10"
},
{
"kids":[],
"uid":"duxl",
"parent":"Ao3QUu3aS",
"text":"",
"mid":"Ao4qElCEz",
"date":"2013-12-19 23:49:45"
},
{
"kids":[],
"uid":"wonglaye0108",
"parent":"Ao3QUu3aS",
"text":"[吃惊]",
"mid":"Ao4pgD65v",
"date":"2013-12-19 23:46:18"
},
{
"kids":[],
"uid":"1285093954",
"parent":"Ao3VFkUTw",
"text":"",
"mid":"Ao4oXtWTw",
"date":"2013-12-19 23:45:34"
},
{
"kids":[],
"uid":"dsy138",
"parent":"",
"text":"",
"mid":"Ao4mFlWGR",
"date":"2013-12-19 23:39:55"
},
{
"kids":[],
"uid":"3759714560",
"parent":"Ao4aLuuNN",
"text":"",
"mid":"Ao4kU2gT5",
"date":"2013-12-19 23:35:34"
},
{
"kids":[],
"uid":"3272311911",
"parent":"Ao3RtBZTv",
"text":"？？？",
"mid":"Ao4jDEmA3",
"date":"2013-12-19 23:32:28"
},
{
"kids":[],
"uid":"234623858",
"parent":"Ao3RtBZTv",
"text":"[吃惊]",
"mid":"Ao4j3CTAQ",
"date":"2013-12-19 23:31:01"
},
{
"kids":[],
"uid":"1443909017",
"parent":"",
"text":"",
"mid":"Ao4hteLHE",
"date":"2013-12-19 23:27:06"
},
{
"kids":[],
"uid":"2786895294",
"parent":"",
"text":"",
"mid":"Ao4gnxKme",
"date":"2013-12-19 23:24:24"
},
{
"kids":[],
"uid":"2786895294",
"parent":"",
"text":"",
"mid":"Ao4gcnB44",
"date":"2013-12-19 23:23:59"
},
{
"kids":[],
"uid":"2884358507",
"parent":"Ao3ThAYyt",
"text":"靠！这也新闻！！[打哈气]",
"mid":"Ao4fZEW3U",
"date":"2013-12-19 23:23:29"
},
{
"kids":[],
"uid":"1912946777",
"parent":"Ao3ThAYyt",
"text":"",
"mid":"Ao4fr4TnI",
"date":"2013-12-19 23:22:05"
},
{
"kids":[],
"uid":"1928267095",
"parent":"Ao4dlkS49",
"text":"真的假的？",
"mid":"Ao4eoBCzX",
"date":"2013-12-19 23:19:32"
},
{
"kids":[],
"uid":"1686324875",
"parent":"Ao49fgaSl",
"text":"",
"mid":"Ao4eirEpd",
"date":"2013-12-19 23:19:16"
},
{
"kids":[
"Ao4eoBCzX"
],
"uid":"yongshengprints",
"parent":"Ao3UABPwc",
"text":"",
"mid":"Ao4dlkS49",
"date":"2013-12-19 23:16:56"
},
{
"kids":[],
"uid":"1712850487",
"parent":"Ao3QUu3aS",
"text":"",
"mid":"Ao4di5Wo6",
"date":"2013-12-19 23:16:49"
},
{
"kids":[],
"uid":"zhuxunhang",
"parent":"Ao3TZ35UC",
"text":"相当不明觉厉",
"mid":"Ao4d0loVb",
"date":"2013-12-19 23:16:07"
},
{
"kids":[
"Ao4kU2gT5"
],
"uid":"3679407040",
"parent":"Ao43Sddj3",
"text":"一般能爬上去的人，都是能说会道，吃喝嫖赌玩得溜的人，贪赃枉法养情妇，不惜一切往上爬就是他们的一生！",
"mid":"Ao4aLuuNN",
"date":"2013-12-19 23:10:36"
},
{
"kids":[],
"uid":"100195533",
"parent":"",
"text":"俺不信。。。。。。。。20？",
"mid":"Ao49UAbME",
"date":"2013-12-19 23:08:30"
},
{
"kids":[
"Ao4eirEpd"
],
"uid":"2924278781",
"parent":"Ao3THBjaK",
"text":"",
"mid":"Ao49fgaSl",
"date":"2013-12-19 23:06:50"
},
{
"kids":[],
"uid":"2213504105",
"parent":"Ao3RtBZTv",
"text":"",
"mid":"Ao48HvklC",
"date":"2013-12-19 23:05:31"
},
{
"kids":[],
"uid":"3598307652",
"parent":"Ao3RfqZnq",
"text":"",
"mid":"Ao46Uow3S",
"date":"2013-12-19 23:01:07"
},
{
"kids":[],
"uid":"577008711",
"parent":"Ao3VFkUTw",
"text":"情妇们用胸前的两颗核弹和下面的无底洞，干翻贪官，事实多次证明，情妇比纪委反腐厉害多了。",
"mid":"Ao46BdM8g",
"date":"2013-12-19 23:00:20"
},
{
"kids":[],
"uid":"2659624334",
"parent":"",
"text":"作为程序猿我想说计算你贪的钱都不能用int了，你够狠！",
"mid":"Ao467DV5q",
"date":"2013-12-19 22:59:09"
},
{
"kids":[],
"uid":"1241042090",
"parent":"Ao3RfqZnq",
"text":"",
"mid":"Ao45szX7C",
"date":"2013-12-19 22:57:31"
},
{
"kids":[],
"uid":"2618426497",
"parent":"Ao3ThAYyt",
"text":"",
"mid":"Ao44LupCh",
"date":"2013-12-19 22:55:45"
},
{
"kids":[],
"uid":"3067962717",
"parent":"",
"text":"",
"mid":"Ao44K1Xs6",
"date":"2013-12-19 22:55:44"
},
{
"kids":[],
"uid":"2290975582",
"parent":"Ao3QUu3aS",
"text":"",
"mid":"Ao43Zyjg6",
"date":"2013-12-19 22:53:53"
},
{
"kids":[
"Ao4kU2gT5",
"Ao4aLuuNN"
],
"uid":"3540382937",
"parent":"Ao42hdVD5",
"text":"如果真的！这社会还有什么可信？？？",
"mid":"Ao43Sddj3",
"date":"2013-12-19 22:53:34"
},
{
"kids":[],
"uid":"1768746452",
"parent":"Ao3Xd5P2t",
"text":"",
"mid":"Ao43E28je",
"date":"2013-12-19 22:53:00"
},
{
"kids":[],
"uid":"1661883053",
"parent":"Ao3VFkUTw",
"text":"",
"mid":"Ao43saUnn",
"date":"2013-12-19 22:52:35"
},
{
"kids":[],
"uid":"1831706414",
"parent":"Ao3WoiTzA",
"text":"奶奶的、二十多亿、十几名美女情妇、真是头熊猪！",
"mid":"Ao43n9uKj",
"date":"2013-12-19 22:52:22"
},
{
"kids":[],
"uid":"1299925093",
"parent":"Ao3QUu3aS",
"text":"[疑问]",
"mid":"Ao43g5G0X",
"date":"2013-12-19 22:52:07"
},
{
"kids":[],
"uid":"exyq",
"parent":"",
"text":"这就是财产无法公开的一例！要是没有情妇举报，真不知道要逍遥到何时？另外纪检部门是混饭吃的？还是同流合污？",
"mid":"Ao43cxSCS",
"date":"2013-12-19 22:51:56"
},
{
"kids":[],
"uid":"my95588",
"parent":"",
"text":"求证伪。",
"mid":"Ao42V7R2i",
"date":"2013-12-19 22:51:14"
},
{
"kids":[],
"uid":"3697955952",
"parent":"",
"text":"",
"mid":"Ao42UwdbC",
"date":"2013-12-19 22:51:13"
},
{
"kids":[],
"uid":"2628558111",
"parent":"Ao3QUu3aS",
"text":"",
"mid":"Ao42UdxIM",
"date":"2013-12-19 22:51:14"
},
{
"kids":[
"Ao7qV4VqH"
],
"uid":"1744263293",
"parent":"Ao3VFkUTw",
"text":"",
"mid":"Ao42DCJCL",
"date":"2013-12-19 22:50:34"
},
{
"kids":[],
"uid":"3079043167",
"parent":"Ao3QUu3aS",
"text":"",
"mid":"Ao42vp05m",
"date":"2013-12-19 22:50:15"
},
{
"kids":[
"Ao4kU2gT5",
"Ao4aLuuNN",
"Ao43Sddj3"
],
"uid":"3679407040",
"parent":"Ao3ZLdqhh",
"text":"又一小N反腐，求实！",
"mid":"Ao42hdVD5",
"date":"2013-12-19 22:49:42"
},
{
"kids":[],
"uid":"adeliaoyuan",
"parent":"Ao3QUu3aS",
"text":"",
"mid":"Ao429vWh9",
"date":"2013-12-19 22:49:23"
},
{
"kids":[],
"uid":"2512897801",
"parent":"",
"text":"",
"mid":"Ao429f91C",
"date":"2013-12-19 22:49:22"
},
{
"kids":[],
"uid":"3026727412",
"parent":"Ao3QUu3aS",
"text":"",
"mid":"Ao40Obq4j",
"date":"2013-12-19 22:46:03"
},
{
"kids":[],
"uid":"3030362454",
"parent":"Ao3QUu3aS",
"text":"",
"mid":"Ao3ZZ742A",
"date":"2013-12-19 22:44:02"
},
{
"kids":[
"Ao4kU2gT5",
"Ao4aLuuNN",
"Ao43Sddj3",
"Ao42hdVD5"
],
"uid":"3121378985",
"parent":"Ao3Dr5GrV",
"text":"[哈哈]",
"mid":"Ao3ZLdqhh",
"date":"2013-12-19 22:43:29"
},
{
"kids":[],
"uid":"3585135193",
"parent":"",
"text":"",
"mid":"Ao3Zj6gwp",
"date":"2013-12-19 22:42:21"
},
{
"kids":[],
"uid":"2097286351",
"parent":"Ao3QUu3aS",
"text":"真的假的",
"mid":"Ao3Y6FbuN",
"date":"2013-12-19 22:39:23"
},
{
"kids":[],
"uid":"3168806917",
"parent":"Ao3QUu3aS",
"text":"[吃惊]",
"mid":"Ao3Y4BeBy",
"date":"2013-12-19 22:39:18"
},
{
"kids":[],
"uid":"3063772603",
"parent":"Ao3Xcw5V0",
"text":"",
"mid":"Ao3Y0t2Gp",
"date":"2013-12-19 22:39:10"
},
{
"kids":[],
"uid":"3169732532",
"parent":"Ao3QUu3aS",
"text":"",
"mid":"Ao3XQ9Ezb",
"date":"2013-12-19 22:38:44"
},
{
"kids":[],
"uid":"2584485281",
"parent":"Ao3QUu3aS",
"text":"[话筒][吃惊]",
"mid":"Ao3Xw2EsP",
"date":"2013-12-19 22:37:57"
},
{
"kids":[
"Ao43E28je"
],
"uid":"2198229210",
"parent":"Ao3RtBZTv",
"text":"韩大的保护伞？ [哈哈]",
"mid":"Ao3Xd5P2t",
"date":"2013-12-19 22:37:13"
},
{
"kids":[
"Ao3Y0t2Gp"
],
"uid":"1958723123",
"parent":"Ao3WoiTzA",
"text":"[汗]",
"mid":"Ao3Xcw5V0",
"date":"2013-12-19 22:37:11"
},
{
"kids":[],
"uid":"2763301831",
"parent":"Ao3RD7VYz",
"text":"",
"mid":"Ao3X2aleA",
"date":"2013-12-19 22:36:46"
},
{
"kids":[],
"uid":"3585135193",
"parent":"",
"text":"那个党校毕业的？？？",
"mid":"Ao3X0Fsww",
"date":"2013-12-19 22:36:43"
},
{
"kids":[],
"uid":"2073115661",
"parent":"Ao3QUu3aS",
"text":"",
"mid":"Ao3WInrlF",
"date":"2013-12-19 22:35:56"
},
{
"kids":[
"Ao43n9uKj",
"Ao3Y0t2Gp",
"Ao3Xcw5V0"
],
"uid":"3661270972",
"parent":"Ao3VFkUTw",
"text":"咋那么多的色贪管啊",
"mid":"Ao3WoiTzA",
"date":"2013-12-19 22:35:10"
},
{
"kids":[],
"uid":"3645088825",
"parent":"",
"text":"",
"mid":"Ao3W6ijGr",
"date":"2013-12-19 22:34:28"
},
{
"kids":[],
"uid":"2539147627",
"parent":"",
"text":"他是老虎还是苍蝇？",
"mid":"Ao3VP8DFM",
"date":"2013-12-19 22:33:46"
},
{
"kids":[],
"uid":"3320357495",
"parent":"Ao3QUu3aS",
"text":"[吃惊][吃惊]",
"mid":"Ao3VKDVXV",
"date":"2013-12-19 22:33:37"
},
{
"kids":[
"Ao7qV4VqH",
"Ao4oXtWTw",
"Ao46BdM8g",
"Ao43saUnn",
"Ao43n9uKj",
"Ao42DCJCL",
"Ao3Y0t2Gp",
"Ao3Xcw5V0",
"Ao3WoiTzA"
],
"uid":"1831706414",
"parent":"Ao3SHzmXn",
"text":"又是小三反水、勇敢的小三、国家反腐的精英、希望、值得提倡！",
"mid":"Ao3VFkUTw",
"date":"2013-12-19 22:33:24"
},
{
"kids":[],
"uid":"2951976522",
"parent":"Ao3QUu3aS",
"text":"",
"mid":"Ao3VwdG3N",
"date":"2013-12-19 22:33:03"
},
{
"kids":[],
"uid":"1908120593",
"parent":"Ao3RfqZnq",
"text":"求证",
"mid":"Ao3Vqim0u",
"date":"2013-12-19 22:32:48"
},
{
"kids":[],
"uid":"2476381451",
"parent":"",
"text":"",
"mid":"Ao3V3h0Ld",
"date":"2013-12-19 22:31:51"
},
{
"kids":[],
"uid":"2608089800",
"parent":"",
"text":"",
"mid":"Ao3UVyAzH",
"date":"2013-12-19 22:31:33"
},
{
"kids":[],
"uid":"jmxsy",
"parent":"",
"text":"",
"mid":"Ao3UUoXeD",
"date":"2013-12-19 22:31:32"
},
{
"kids":[],
"uid":"1743345730",
"parent":"Ao3QUu3aS",
"text":"",
"mid":"Ao3UPnnV0",
"date":"2013-12-19 22:31:20"
},
{
"kids":[],
"uid":"2779191821",
"parent":"Ao3QUu3aS",
"text":"休要诬蔑我英勇的公安领导[爱你]",
"mid":"Ao3UCEIwL",
"date":"2013-12-19 22:30:49"
},
{
"kids":[
"Ao4eoBCzX",
"Ao4dlkS49"
],
"uid":"1359213537",
"parent":"",
"text":"[围观]",
"mid":"Ao3UABPwc",
"date":"2013-12-19 22:30:42"
},
{
"kids":[],
"uid":"2655759361",
"parent":"",
"text":"[围观][话筒]",
"mid":"Ao3UveAa5",
"date":"2013-12-19 22:30:31"
},
{
"kids":[],
"uid":"3229816533",
"parent":"Ao3QUu3aS",
"text":"如果不是情妇，谁能扳倒他？",
"mid":"Ao3Us3ONK",
"date":"2013-12-19 22:30:21"
},
{
"kids":[
"AA3nox6rL"
],
"uid":"1919071231",
"parent":"Ao3QUu3aS",
"text":"[围观]",
"mid":"Ao3UleEpH",
"date":"2013-12-19 22:30:07"
},
{
"kids":[
"Ao7PCkvXm",
"Ao4d0loVb"
],
"uid":"2642678545",
"parent":"",
"text":"",
"mid":"Ao3TZ35UC",
"date":"2013-12-19 22:29:15"
},
{
"kids":[],
"uid":"271813066",
"parent":"Ao3QUu3aS",
"text":"",
"mid":"Ao3TNgxqi",
"date":"2013-12-19 22:28:47"
},
{
"kids":[
"Ao4eirEpd",
"Ao49fgaSl"
],
"uid":"oahsh",
"parent":"Ao3QUu3aS",
"text":"",
"mid":"Ao3THBjaK",
"date":"2013-12-19 22:28:32"
},
{
"kids":[
"AocXbfB1h",
"Aoby58EcU",
"Ao4fZEW3U",
"Ao4fr4TnI",
"Ao44LupCh"
],
"uid":"2327326922",
"parent":"Ao3QUu3aS",
"text":"",
"mid":"Ao3ThAYyt",
"date":"2013-12-19 22:27:32"
},
{
"kids":[
"Ao7qV4VqH",
"Ao4oXtWTw",
"Ao46BdM8g",
"Ao43saUnn",
"Ao43n9uKj",
"Ao42DCJCL",
"Ao3Y0t2Gp",
"Ao3Xcw5V0",
"Ao3WoiTzA",
"Ao3VFkUTw"
],
"uid":"3661270972",
"parent":"Ao3QUu3aS",
"text":"不会吧？[怒]",
"mid":"Ao3SHzmXn",
"date":"2013-12-19 22:26:04"
},
{
"kids":[],
"uid":"2244881913",
"parent":"",
"text":"他们才是真正的黑社会啊",
"mid":"Ao3RWjiaQ",
"date":"2013-12-19 22:24:11"
},
{
"kids":[],
"uid":"tangguohunshui",
"parent":"Ao3DznLvy",
"text":"最多判个死缓",
"mid":"Ao3RO2SID",
"date":"2013-12-19 22:23:53"
},
{
"kids":[
"Ao3X2aleA"
],
"uid":"1935498700",
"parent":"",
"text":"",
"mid":"Ao3RD7VYz",
"date":"2013-12-19 22:23:25"
},
{
"kids":[
"Ao7TynFx6",
"Ao5DebZIv",
"Ao5Ao8PMm",
"Ao5iGnVZC",
"Ao5bdjcJI",
"Ao53H0KVw",
"Ao4JYyv2y",
"Ao4J9tQb8",
"Ao4Ibt2Rb",
"Ao4BQaQX3",
"Ao4z02Vsk",
"Ao4jDEmA3",
"Ao4j3CTAQ",
"Ao48HvklC",
"Ao43E28je",
"Ao3Xd5P2t"
],
"uid":"2709704004",
"parent":"",
"text":"[吃惊]这几天抓贪官的节奏快的有点不适应啊。[汗]",
"mid":"Ao3RtBZTv",
"date":"2013-12-19 22:23:05"
},
{
"kids":[
"Ao46Uow3S",
"Ao45szX7C",
"Ao3Vqim0u"
],
"uid":"511467885",
"parent":"",
"text":"震惊世界的上海高院几名法官集体嫖娼风波未平，又有媒体人爆出上海市金山区公安局长马淮海因贪腐20多亿并谋杀市人大代表，遭情妇举报的丑闻。马淮海还包养了十几名年轻貌美的情妇，一名情妇惠儿因为马生了一个儿子，提出要与马结婚未果，一怒之下发帖举报马，被马打死[思考][疑问]500转",
"mid":"Ao3RfqZnq",
"date":"2013-12-19 22:22:31"
},
{
"kids":[
"Ao3VFkUTw",
"AA3nox6rL",
"AocXbfB1h",
"Aoby58EcU",
"Ao91Zd2sj",
"Ao8eJgU1h",
"Ao7qV4VqH",
"Ao6Rkm12l",
"Ao4UurmQm",
"Ao4slvWDA",
"Ao4rOqaSD",
"Ao4reFMj8",
"Ao4qElCEz",
"Ao4pgD65v",
"Ao4oXtWTw",
"Ao4fZEW3U",
"Ao4fr4TnI",
"Ao4eirEpd",
"Ao4di5Wo6",
"Ao49fgaSl",
"Ao46BdM8g",
"Ao44LupCh",
"Ao43Zyjg6",
"Ao43saUnn",
"Ao43n9uKj",
"Ao43g5G0X",
"Ao42UdxIM",
"Ao42DCJCL",
"Ao42vp05m",
"Ao429vWh9",
"Ao40Obq4j",
"Ao3ZZ742A",
"Ao3Y6FbuN",
"Ao3Y4BeBy",
"Ao3Y0t2Gp",
"Ao3XQ9Ezb",
"Ao3Xw2EsP",
"Ao3Xcw5V0",
"Ao3WInrlF",
"Ao3WoiTzA",
"Ao3VKDVXV",
"Ao3VFkUTw",
"Ao3VwdG3N",
"Ao3UPnnV0",
"Ao3UCEIwL",
"Ao3Us3ONK",
"Ao3UleEpH",
"Ao3TNgxqi",
"Ao3THBjaK",
"Ao3ThAYyt",
"Ao3SHzmXn"
],
"uid":"3034665022",
"parent":"Ao3DzFmP6",
"text":"[吃惊]",
"mid":"Ao3QUu3aS",
"date":"2013-12-19 22:21:38"
},
{
"kids":[],
"uid":"3188247442",
"parent":"Ao3DznLvy",
"text":"",
"mid":"Ao3MXcwWc",
"date":"2013-12-19 22:11:55"
},
{
"kids":[],
"uid":"2801803973",
"parent":"Ao3DznLvy",
"text":"[脸红]",
"mid":"Ao3MEyHE9",
"date":"2013-12-19 22:11:12"
},
{
"kids":[],
"uid":"1256146154",
"parent":"",
"text":"火",
"mid":"Ao3Lsq0kc",
"date":"2013-12-19 22:08:15"
},
{
"kids":[],
"uid":"1854584331",
"parent":"Ao3DznLvy",
"text":"",
"mid":"Ao3JMoHEt",
"date":"2013-12-19 22:04:07"
},
{
"kids":[],
"uid":"tangguohunshui",
"parent":"Ao3DzFmP6",
"text":"我靠，黑老虎！",
"mid":"Ao3H9Bcf0",
"date":"2013-12-19 21:57:39"
},
{
"kids":[],
"uid":"2632954803",
"parent":"",
"text":"@爱上海-彪彪哥 @壹号战神franck @直播君",
"mid":"Ao3Gg4VLL",
"date":"2013-12-19 21:55:24"
},
{
"kids":[],
"uid":"1196630110",
"parent":"Ao3DzFmP6",
"text":"博主这个报社的老谣言贩子认证是记者，微博上却都是乱七八糟道听途说的的负能量，我都多次打脸，一个报社的难道不是应该以真实为生命吗？有什么是自己调查研究的？实在不配做记者！",
"mid":"Ao3FI3RkB",
"date":"2013-12-19 21:54:04"
},
{
"kids":[
"Ao3QUu3aS",
"AA3nox6rL",
"AocXbfB1h",
"Aoby58EcU",
"Ao91Zd2sj",
"Ao8eJgU1h",
"Ao7qV4VqH",
"Ao6Rkm12l",
"Ao4UurmQm",
"Ao4slvWDA",
"Ao4rOqaSD",
"Ao4reFMj8",
"Ao4qElCEz",
"Ao4pgD65v",
"Ao4oXtWTw",
"Ao4fZEW3U",
"Ao4fr4TnI",
"Ao4eirEpd",
"Ao4di5Wo6",
"Ao49fgaSl",
"Ao46BdM8g",
"Ao44LupCh",
"Ao43Zyjg6",
"Ao43saUnn",
"Ao43n9uKj",
"Ao43g5G0X",
"Ao42UdxIM",
"Ao42DCJCL",
"Ao42vp05m",
"Ao429vWh9",
"Ao40Obq4j",
"Ao3ZZ742A",
"Ao3Y6FbuN",
"Ao3Y4BeBy",
"Ao3Y0t2Gp",
"Ao3XQ9Ezb",
"Ao3Xw2EsP",
"Ao3Xcw5V0",
"Ao3WInrlF",
"Ao3WoiTzA",
"Ao3VKDVXV",
"Ao3VFkUTw",
"Ao3VwdG3N",
"Ao3UPnnV0",
"Ao3UCEIwL",
"Ao3Us3ONK",
"Ao3UleEpH",
"Ao3TNgxqi",
"Ao3THBjaK",
"Ao3ThAYyt",
"Ao3SHzmXn",
"Ao3QUu3aS",
"Ao3H9Bcf0",
"Ao3FI3RkB"
],
"uid":"745628756",
"parent":"",
"text":"[吃惊]",
"mid":"Ao3DzFmP6",
"date":"2013-12-19 21:48:50"
},
{
"kids":[
"Ao3RO2SID",
"Ao3MXcwWc",
"Ao3MEyHE9",
"Ao3JMoHEt"
],
"uid":"2948640187",
"parent":"",
"text":"[吃惊]",
"mid":"Ao3DznLvy",
"date":"2013-12-19 21:48:49"
},
{
"kids":[
"Ao8mHB8Fm",
"Ao7CYnZ8q",
"Ao7AWvZh8",
"Ao79thMYO",
"Ao75exL7I",
"Ao4kU2gT5",
"Ao4aLuuNN",
"Ao43Sddj3",
"Ao42hdVD5",
"Ao3ZLdqhh"
],
"uid":"630012096",
"parent":"",
"text":"[吃惊]",
"mid":"Ao3Dr5GrV",
"date":"2013-12-19 21:48:29"
},
{
"kids":[],
"uid":"3122490125",
"parent":"Ao3B2s5oO",
"text":"",
"mid":"Ao3BFc5XS",
"date":"2013-12-19 21:44:05"
},
{
"kids":[],
"uid":"2268796491",
"parent":"",
"text":"",
"mid":"Ao3Bfbf4n",
"date":"2013-12-19 21:43:05"
},
{
"kids":[
"Ao3BFc5XS"
],
"uid":"3481079677",
"parent":"Ao3yfBUOU",
"text":"",
"mid":"Ao3B2s5oO",
"date":"2013-12-19 21:42:35"
},
{
"kids":[],
"uid":"1926747767",
"parent":"",
"text":"",
"mid":"Ao3AMd0ny",
"date":"2013-12-19 21:41:55"
},
{
"kids":[
"Ao3BFc5XS",
"Ao3B2s5oO"
],
"uid":"3558669137",
"parent":"Ao3xBqqsA",
"text":"这就是公安！",
"mid":"Ao3yfBUOU",
"date":"2013-12-19 21:35:41"
},
{
"kids":[],
"uid":"yilang1994421",
"parent":"Ao3xBqqsA",
"text":"知法犯法啊",
"mid":"Ao3yf3KrX",
"date":"2013-12-19 21:35:37"
},
{
"kids":[
"Ao3BFc5XS",
"Ao3B2s5oO",
"Ao3yfBUOU",
"Ao3yf3KrX"
],
"uid":"579967799",
"parent":"",
"text":"转发微博。",
"mid":"Ao3xBqqsA",
"date":"2013-12-19 21:34:05"
},
{
"kids":[],
"uid":"3266169295",
"parent":"",
"text":"",
"mid":"Ao3wYpuPE",
"date":"2013-12-19 21:32:34"
}
]