[
{
"kids":[],
"uid":"1054761807",
"parent":"zgBInAHN2",
"text":"",
"mid":"zlar5sWRd",
"date":"2013-02-27 22:52:05"
},
{
"kids":[],
"uid":"2676248313",
"parent":"",
"text":"",
"mid":"zhlOK2Vlm",
"date":"2013-02-02 20:29:20"
},
{
"kids":[],
"uid":"1376371121",
"parent":"",
"text":"",
"mid":"zhk7EobW3",
"date":"2013-02-02 16:10:27"
},
{
"kids":[],
"uid":"2809150900",
"parent":"zgBX9mfq6",
"text":"",
"mid":"zhisD2JtH",
"date":"2013-02-02 11:56:38"
},
{
"kids":[],
"uid":"2789821600",
"parent":"zgBRMkgi9",
"text":"",
"mid":"zh6OqefZw",
"date":"2013-02-01 06:17:22"
},
{
"kids":[],
"uid":"2803431934",
"parent":"zgBRMkgi9",
"text":"",
"mid":"zh0w6BQ0p",
"date":"2013-01-31 14:15:46"
},
{
"kids":[],
"uid":"2919930694",
"parent":"zgBPGgLq8",
"text":"",
"mid":"zgWnUqfp7",
"date":"2013-01-31 03:44:35"
},
{
"kids":[],
"uid":"2067665255",
"parent":"zgOTIFMeT",
"text":"@ChaosT @我是伍小满",
"mid":"zgPLQ16Ft",
"date":"2013-01-30 10:54:18"
},
{
"kids":[
"zgPLQ16Ft"
],
"uid":"1728047961",
"parent":"zgBPGgLq8",
"text":"",
"mid":"zgOTIFMeT",
"date":"2013-01-30 08:40:59"
},
{
"kids":[],
"uid":"2919413840",
"parent":"zgEyEnaR7",
"text":"",
"mid":"zgLyK5DeV",
"date":"2013-01-30 00:11:02"
},
{
"kids":[],
"uid":"1160681237",
"parent":"",
"text":"操NM的，5块竟然可以加饭！！！不说出来会死啊？？",
"mid":"zgKb6DOtt",
"date":"2013-01-29 20:40:03"
},
{
"kids":[],
"uid":"2051812457",
"parent":"",
"text":"是15元一盒大家们，你们都没看电视啊",
"mid":"zgJE89c86",
"date":"2013-01-29 19:18:50"
},
{
"kids":[],
"uid":"2103998790",
"parent":"zgI9kjLKu",
"text":"[哼] [哼] [哼] [哼] [哼] [哼]",
"mid":"zgJkQ1jj1",
"date":"2013-01-29 18:31:18"
},
{
"kids":[],
"uid":"1592765245",
"parent":"zgBtXrOBg",
"text":"大裤衩会吹牛逼又不是一天两天才！",
"mid":"zgJgapbBX",
"date":"2013-01-29 18:19:46"
},
{
"kids":[],
"uid":"2120962995",
"parent":"zgESefKTl",
"text":"睁着眼睛说瞎话",
"mid":"zgISXmAp7",
"date":"2013-01-29 17:22:36"
},
{
"kids":[
"zgJkQ1jj1"
],
"uid":"1956098015",
"parent":"zgHnyBNvi",
"text":"[哼]",
"mid":"zgI9kjLKu",
"date":"2013-01-29 15:30:11"
},
{
"kids":[],
"uid":"2308509135",
"parent":"zgFP1tfdv",
"text":"新闻联播的世界是不是人间啊",
"mid":"zgHCK3FrW",
"date":"2013-01-29 14:09:53"
},
{
"kids":[],
"uid":"2002676430",
"parent":"",
"text":"",
"mid":"zgHnEe3Ww",
"date":"2013-01-29 13:32:44"
},
{
"kids":[
"zgI9kjLKu"
],
"uid":"1199683452",
"parent":"",
"text":"太假了",
"mid":"zgHnyBNvi",
"date":"2013-01-29 13:32:29"
},
{
"kids":[],
"uid":"1885864817",
"parent":"",
"text":"",
"mid":"zgHiRgD1K",
"date":"2013-01-29 13:20:56"
},
{
"kids":[],
"uid":"2672958917",
"parent":"zgDafqE0J",
"text":"党讲真话，党的媒体一样讲真话！",
"mid":"zgGY9DQ3B",
"date":"2013-01-29 12:29:55"
},
{
"kids":[],
"uid":"1446823991",
"parent":"zgFtErOr5",
"text":"不过火车上卖饭滴确实牛逼，不论多挤，丫都能把卖饭的车推几个来回，就凭这本事，你说五块钱能买的来盒饭吗？",
"mid":"zgGWPu1mD",
"date":"2013-01-29 12:26:40"
},
{
"kids":[],
"uid":"2063323875",
"parent":"",
"text":"这个记者肯定是新来的，想表现一下",
"mid":"zgGVYCMr2",
"date":"2013-01-29 12:24:33"
},
{
"kids":[],
"uid":"1959101033",
"parent":"zgFvlmNLd",
"text":"央视亮了！",
"mid":"zgGTX2KWw",
"date":"2013-01-29 12:19:34"
},
{
"kids":[],
"uid":"2064942563",
"parent":"",
"text":"大家看看",
"mid":"zgGQHdJIX",
"date":"2013-01-29 12:11:31"
},
{
"kids":[],
"uid":"1880134141",
"parent":"zgAAka66M",
"text":"CCAV的记者们你们这么SB的报道都敢说啊，能动动脑子么？",
"mid":"zgGEruatm",
"date":"2013-01-29 11:41:21"
},
{
"kids":[],
"uid":"1968104987",
"parent":"",
"text":"听起来很假，看起来很假",
"mid":"zgGilhxm0",
"date":"2013-01-29 10:46:55"
},
{
"kids":[],
"uid":"2667398864",
"parent":"",
"text":"",
"mid":"zgG9E3yGX",
"date":"2013-01-29 10:25:29"
},
{
"kids":[],
"uid":"2165196102",
"parent":"",
"text":"确实有吃过5快的盒饭，一般情况下卧铺那里是10块，到硬座就5快了，如果没降价的话等回头再过来的时候也会降价到5快。",
"mid":"zgG26xjzS",
"date":"2013-01-29 10:06:54"
},
{
"kids":[],
"uid":"345881006",
"parent":"",
"text":"太假了嘛…",
"mid":"zgG1JulCK",
"date":"2013-01-29 10:05:58"
},
{
"kids":[],
"uid":"1749733104",
"parent":"",
"text":"[吃惊]",
"mid":"zgG1AlsZ1",
"date":"2013-01-29 10:05:37"
},
{
"kids":[],
"uid":"2071345510",
"parent":"",
"text":"",
"mid":"zgG0SAww2",
"date":"2013-01-29 10:03:54"
},
{
"kids":[],
"uid":"1944853205",
"parent":"",
"text":"人家都坐飞机",
"mid":"zgFZGqdJu",
"date":"2013-01-29 10:00:57"
},
{
"kids":[],
"uid":"2953669471",
"parent":"",
"text":"[哼]",
"mid":"zgFX3EXZ2",
"date":"2013-01-29 09:54:29"
},
{
"kids":[],
"uid":"1273123521",
"parent":"",
"text":"全球第一脑残台@夏花儿朵朵开 @lee-three13 @葛志超O_O",
"mid":"zgFWks9uJ",
"date":"2013-01-29 09:52:40"
},
{
"kids":[],
"uid":"wanci797",
"parent":"zgFKwuQyO",
"text":"一盒二十，整盒都没有肉这种东西……果然我和记者不在同一个时空",
"mid":"zgFVqxUL8",
"date":"2013-01-29 09:50:27"
},
{
"kids":[],
"uid":"xuzhaojie",
"parent":"zgFE0ysEq",
"text":"[打哈气]经常坐火车的人必须出来鄙视一下那个从来没有坐过火车的记者，要么她收钱了要么她太幼稚",
"mid":"zgFVlhPji",
"date":"2013-01-29 09:50:14"
},
{
"kids":[
"zgHCK3FrW"
],
"uid":"1523509313",
"parent":"zgFtErOr5",
"text":"作假可以，但别太假好吗。。。当大家从来没坐过火车啊[鄙视]",
"mid":"zgFP1tfdv",
"date":"2013-01-29 09:34:40"
},
{
"kids":[],
"uid":"futuresshanzhan",
"parent":"",
"text":"5块的盒饭，美金吧？",
"mid":"zgFNECgc9",
"date":"2013-01-29 09:31:19"
},
{
"kids":[],
"uid":"2659260641",
"parent":"",
"text":"[思考]",
"mid":"zgFNirSWR",
"date":"2013-01-29 09:30:26"
},
{
"kids":[],
"uid":"1130355847",
"parent":"zgFE0ysEq",
"text":"真是“不食人间烟火”！让她们座一次硬座，厕所上不了，挤得无法挪动，20块一份难吃的要死的盒饭看看！",
"mid":"zgFNcfDmW",
"date":"2013-01-29 09:30:11"
},
{
"kids":[
"zgFVqxUL8"
],
"uid":"1972075641",
"parent":"",
"text":"我想活在春运火车上，尼玛，比高校食堂还便宜啊！",
"mid":"zgFKwuQyO",
"date":"2013-01-29 09:23:35"
},
{
"kids":[],
"uid":"2051812457",
"parent":"",
"text":"你们看没看 是15元你们傻逼",
"mid":"zgFKfm7vz",
"date":"2013-01-29 09:22:55"
},
{
"kids":[],
"uid":"jxhgt",
"parent":"",
"text":"转发无罪！",
"mid":"zgFK2keFI",
"date":"2013-01-29 09:22:24"
},
{
"kids":[],
"uid":"2181216624",
"parent":"",
"text":"[怒]",
"mid":"zgFI9k2oq",
"date":"2013-01-29 09:17:44"
},
{
"kids":[],
"uid":"1817730377",
"parent":"",
"text":"我真怀疑cctv不是给地球人看的。",
"mid":"zgFFTAXJu",
"date":"2013-01-29 09:12:12"
},
{
"kids":[],
"uid":"1746629785",
"parent":"zgFvlmNLd",
"text":"大裤衩的员工不能做指望",
"mid":"zgFEzrJ2G",
"date":"2013-01-29 09:08:56"
},
{
"kids":[
"zgFVlhPji",
"zgFNcfDmW"
],
"uid":"1865793022",
"parent":"zgFvlmNLd",
"text":"太！不！靠！谱！了！",
"mid":"zgFE0ysEq",
"date":"2013-01-29 09:07:33"
},
{
"kids":[],
"uid":"1684789562",
"parent":"",
"text":"TMD",
"mid":"zgFDzEj07",
"date":"2013-01-29 09:06:28"
},
{
"kids":[],
"uid":"xinbing666",
"parent":"",
"text":"",
"mid":"zgFBKbnRC",
"date":"2013-01-29 09:01:58"
},
{
"kids":[],
"uid":"1247708523",
"parent":"",
"text":"央视，真实点好吗？",
"mid":"zgFyXj0GY",
"date":"2013-01-29 08:55:06"
},
{
"kids":[],
"uid":"1247708523",
"parent":"",
"text":"估计央视记者火车上盒饭只收5元。",
"mid":"zgFxSxy9P",
"date":"2013-01-29 08:52:27"
},
{
"kids":[
"zgGTX2KWw",
"zgFEzrJ2G",
"zgFE0ysEq"
],
"uid":"highgao",
"parent":"",
"text":"真假",
"mid":"zgFvlmNLd",
"date":"2013-01-29 08:46:13"
},
{
"kids":[
"zgGWPu1mD",
"zgFP1tfdv"
],
"uid":"1877898137",
"parent":"",
"text":"我擦，五块钱，还算便加饭。火车上五块钱可买方便面",
"mid":"zgFtErOr5",
"date":"2013-01-29 08:42:02"
},
{
"kids":[],
"uid":"2709901120",
"parent":"zgChB15Ea",
"text":"CCTV咋恁2B捏！",
"mid":"zgFqMfUJb",
"date":"2013-01-29 08:34:56"
},
{
"kids":[],
"uid":"1851966307",
"parent":"",
"text":"整个CCTV的破标，上哪看真事去，这新闻本来也不是给咱老百姓看的，怎一个虚伪了得",
"mid":"zgFp2FSVE",
"date":"2013-01-29 08:30:40"
},
{
"kids":[],
"uid":"2807177692",
"parent":"",
"text":"对于经常坐火车的我无语",
"mid":"zgFodyBfB",
"date":"2013-01-29 08:28:39"
},
{
"kids":[],
"uid":"1300567664",
"parent":"",
"text":"",
"mid":"zgFl87cAc",
"date":"2013-01-29 08:21:02"
},
{
"kids":[],
"uid":"cnewspace",
"parent":"zgAPUpmvP",
"text":"央记纯属娱乐，\"违者必究\"",
"mid":"zgFa9Bq3B",
"date":"2013-01-29 07:53:59"
},
{
"kids":[],
"uid":"1962633187",
"parent":"",
"text":"一袋瓜子都要五元十元的",
"mid":"zgF7Diblf",
"date":"2013-01-29 07:47:47"
},
{
"kids":[],
"uid":"bai5582",
"parent":"",
"text":"真不怕挨雷击呀！",
"mid":"zgF6CmSnS",
"date":"2013-01-29 07:45:17"
},
{
"kids":[],
"uid":"410249578",
"parent":"",
"text":"@中国铁路 @中国铁路网官方微博 @中国铁路局",
"mid":"zgF5J7oY4",
"date":"2013-01-29 07:43:05"
},
{
"kids":[],
"uid":"amshadow",
"parent":"",
"text":"我宁愿活在央视那个世界中，别让我醒来！",
"mid":"zgF3q5KJQ",
"date":"2013-01-29 07:37:24"
},
{
"kids":[],
"uid":"2962995705",
"parent":"zgF0IvG25",
"text":"中央电视，顾名思义，和那些人属于一伙的",
"mid":"zgF3dDTQL",
"date":"2013-01-29 07:36:54"
},
{
"kids":[],
"uid":"zcx900308",
"parent":"",
"text":"真是惊了，绿皮车都他妈十块",
"mid":"zgF2S6KPL",
"date":"2013-01-29 07:36:03"
},
{
"kids":[
"zgF3dDTQL"
],
"uid":"wdp1975",
"parent":"",
"text":"",
"mid":"zgF0IvG25",
"date":"2013-01-29 07:30:44"
},
{
"kids":[],
"uid":"2406116877",
"parent":"",
"text":"",
"mid":"zgEYQ6VG3",
"date":"2013-01-29 07:26:06"
},
{
"kids":[],
"uid":"2423156042",
"parent":"",
"text":"弱视记者！",
"mid":"zgEXLiJT1",
"date":"2013-01-29 07:23:28"
},
{
"kids":[],
"uid":"1424840603",
"parent":"zgEUz22WH",
"text":"",
"mid":"zgEXKpUim",
"date":"2013-01-29 07:23:26"
},
{
"kids":[],
"uid":"3033735027",
"parent":"",
"text":"",
"mid":"zgEVye6do",
"date":"2013-01-29 07:18:01"
},
{
"kids":[
"zgEXKpUim"
],
"uid":"2163091864",
"parent":"",
"text":"",
"mid":"zgEUz22WH",
"date":"2013-01-29 07:15:35"
},
{
"kids":[],
"uid":"1413547987",
"parent":"zgCKqrrRq",
"text":"这个怎么可能，+_+",
"mid":"zgEU70O10",
"date":"2013-01-29 07:14:27"
},
{
"kids":[],
"uid":"whqiu",
"parent":"",
"text":"",
"mid":"zgETO2Yrt",
"date":"2013-01-29 07:13:42"
},
{
"kids":[],
"uid":"1642118557",
"parent":"",
"text":"",
"mid":"zgETssuUq",
"date":"2013-01-29 07:12:52"
},
{
"kids":[],
"uid":"1438556173",
"parent":"",
"text":"请注意厨师的表情",
"mid":"zgET0FMFr",
"date":"2013-01-29 07:11:46"
},
{
"kids":[
"zgISXmAp7"
],
"uid":"171556622",
"parent":"zgEyEnaR7",
"text":"哈哈哈哈，铁道部的饭盒太能【装】了！",
"mid":"zgESefKTl",
"date":"2013-01-29 07:09:50"
},
{
"kids":[],
"uid":"2476928055",
"parent":"",
"text":"",
"mid":"zgERlguHd",
"date":"2013-01-29 07:07:39"
},
{
"kids":[],
"uid":"1047197495",
"parent":"zgAYE658i",
"text":",",
"mid":"zgENLmJMq",
"date":"2013-01-29 06:58:50"
},
{
"kids":[],
"uid":"3172242000",
"parent":"zgBsNDPSN",
"text":"",
"mid":"zgENzfRuO",
"date":"2013-01-29 06:58:21"
},
{
"kids":[],
"uid":"1583940774",
"parent":"zgEyEnaR7",
"text":"",
"mid":"zgELN2HsZ",
"date":"2013-01-29 06:53:58"
},
{
"kids":[],
"uid":"2802757990",
"parent":"",
"text":"",
"mid":"zgECehxle",
"date":"2013-01-29 06:30:25"
},
{
"kids":[
"zgLyK5DeV",
"zgESefKTl",
"zgELN2HsZ"
],
"uid":"1700826695",
"parent":"",
"text":"央视，你是在说建国初期的价格吗？",
"mid":"zgEyEnaR7",
"date":"2013-01-29 06:21:35"
},
{
"kids":[],
"uid":"1262100372",
"parent":"",
"text":"我 看了新闻，但听见的是15元，为什么在屏幕下方的字是5元",
"mid":"zgE3X8vg0",
"date":"2013-01-29 05:05:57"
},
{
"kids":[],
"uid":"yutian1983",
"parent":"zgBO0znhX",
"text":"是不是得有央视发的农民工证书才可以吃到啊",
"mid":"zgE1HkTXI",
"date":"2013-01-29 05:00:24"
},
{
"kids":[],
"uid":"1560966291",
"parent":"zgBkXe7mK",
"text":"",
"mid":"zgDrWgjXp",
"date":"2013-01-29 03:32:19"
},
{
"kids":[
"zgGY9DQ3B"
],
"uid":"2012167802",
"parent":"",
"text":"真讲真话。",
"mid":"zgDafqE0J",
"date":"2013-01-29 02:48:44"
},
{
"kids":[
"zgEU70O10"
],
"uid":"1780539127",
"parent":"",
"text":"这是女记者，卖盒饭的是男单身，女记说我让你摸摸奶子，盒饭P 便宜点",
"mid":"zgCKqrrRq",
"date":"2013-01-29 01:45:07"
},
{
"kids":[],
"uid":"wkchangetheworld",
"parent":"zgBPGgLq8",
"text":"",
"mid":"zgCFoD4xi",
"date":"2013-01-29 01:32:44"
},
{
"kids":[],
"uid":"2958534905",
"parent":"",
"text":"没吃过5元的，吃过20元的！[汗]",
"mid":"zgCwgfsG2",
"date":"2013-01-29 01:10:13"
},
{
"kids":[],
"uid":"vitochang",
"parent":"",
"text":"他们不要脸惯了。",
"mid":"zgCsoz5i8",
"date":"2013-01-29 01:00:41"
},
{
"kids":[],
"uid":"2695696491",
"parent":"",
"text":"奇怪？我坐过几次火车，盒饭都是20元/盒，央视[怒]",
"mid":"zgCshszCr",
"date":"2013-01-29 01:00:24"
},
{
"kids":[],
"uid":"2813243832",
"parent":"",
"text":"",
"mid":"zgCowEsrb",
"date":"2013-01-29 00:51:11"
},
{
"kids":[],
"uid":"2418018545",
"parent":"",
"text":"",
"mid":"zgCilmjOK",
"date":"2013-01-29 00:35:56"
},
{
"kids":[
"zgFqMfUJb"
],
"uid":"2671511637",
"parent":"zgBHz3kEa",
"text":"吹吧，总有一天吹暴掉！",
"mid":"zgChB15Ea",
"date":"2013-01-29 00:34:02"
},
{
"kids":[],
"uid":"2057758300",
"parent":"zgBqOokYy",
"text":"",
"mid":"zgCbt1F0I",
"date":"2013-01-29 00:18:59"
},
{
"kids":[],
"uid":"525567695",
"parent":"zgC7ScUSW",
"text":"",
"mid":"zgC9siV4w",
"date":"2013-01-29 00:14:01"
},
{
"kids":[],
"uid":"1492192561",
"parent":"",
"text":"怎么买到实名制火车票的？",
"mid":"zgC88q7Ow",
"date":"2013-01-29 00:10:48"
},
{
"kids":[
"zgC9siV4w"
],
"uid":"vivianloving",
"parent":"",
"text":"中国的新闻联播能更靠谱一点吗？到底还有什么事能是真的[愤怒][愤怒][愤怒]",
"mid":"zgC7ScUSW",
"date":"2013-01-29 00:10:09"
},
{
"kids":[],
"uid":"2755314611",
"parent":"",
"text":"你信吗？反正我不信！",
"mid":"zgC5yySeV",
"date":"2013-01-29 00:04:26"
},
{
"kids":[],
"uid":"2104162042",
"parent":"",
"text":"10年前的事了！现在是5欧元。",
"mid":"zgC53gkVu",
"date":"2013-01-29 00:03:11"
},
{
"kids":[],
"uid":"2779740137",
"parent":"",
"text":"如果没记错，矿泉水就要5块了吧",
"mid":"zgC4ZoZYL",
"date":"2013-01-29 00:03:00"
},
{
"kids":[],
"uid":"54yvxmtzy",
"parent":"",
"text":"",
"mid":"zgC1dF078",
"date":"2013-01-28 23:53:45"
},
{
"kids":[],
"uid":"1173210833",
"parent":"",
"text":"央视的节操掉了一火车啊。",
"mid":"zgC0crHa6",
"date":"2013-01-28 23:51:13"
},
{
"kids":[],
"uid":"missrome",
"parent":"",
"text":"",
"mid":"zgC054xSh",
"date":"2013-01-28 23:50:53"
},
{
"kids":[],
"uid":"1851505477",
"parent":"",
"text":"我坐的火车盒饭40，嫌贵没买却被告知不买盒饭不能在餐厅吃其他食品，脾气暴躁的我还因此大吵一架质问是不是铁道部规定，此次列车是北京到嘉兴的T31。我该艾特谁呢？",
"mid":"zgBZ9pYbc",
"date":"2013-01-28 23:48:38"
},
{
"kids":[],
"uid":"2074624127",
"parent":"",
"text":"",
"mid":"zgBYPDoDZ",
"date":"2013-01-28 23:47:50"
},
{
"kids":[],
"uid":"2258664933",
"parent":"",
"text":"高铁盒饭45元一盒",
"mid":"zgBXJnjHG",
"date":"2013-01-28 23:45:06"
},
{
"kids":[],
"uid":"dahuazuo",
"parent":"",
"text":"好像比食堂的量都大~",
"mid":"zgBXwDjCX",
"date":"2013-01-28 23:44:38"
},
{
"kids":[
"zhisD2JtH"
],
"uid":"1284198903",
"parent":"",
"text":"我要活在新闻联播里",
"mid":"zgBX9mfq6",
"date":"2013-01-28 23:43:40"
},
{
"kids":[],
"uid":"linmujie",
"parent":"zgBInAHN2",
"text":"[思考]",
"mid":"zgBWHelDN",
"date":"2013-01-28 23:42:34"
},
{
"kids":[],
"uid":"75jgn",
"parent":"",
"text":"树没皮能死，央视没脸何时亡？",
"mid":"zgBWG4Wqp",
"date":"2013-01-28 23:42:32"
},
{
"kids":[],
"uid":"1117227373",
"parent":"",
"text":"",
"mid":"zgBVV4iOI",
"date":"2013-01-28 23:40:41"
},
{
"kids":[],
"uid":"2721581672",
"parent":"zgAOlbwnj",
"text":"无耻[怒][怒]",
"mid":"zgBVO2M3X",
"date":"2013-01-28 23:40:24"
},
{
"kids":[],
"uid":"gfwolfe",
"parent":"zgBDDxTVu",
"text":"简直放P，这么明目张胆的采访岂能不好？你试试这几天给我订个票",
"mid":"zgBUC79s3",
"date":"2013-01-28 23:37:28"
},
{
"kids":[],
"uid":"a01001",
"parent":"zgBHk0iAE",
"text":"",
"mid":"zgBTLwhIA",
"date":"2013-01-28 23:35:20"
},
{
"kids":[],
"uid":"wolf928",
"parent":"zgBInAHN2",
"text":"另一种领导视察",
"mid":"zgBSlbJ2B",
"date":"2013-01-28 23:31:52"
},
{
"kids":[],
"uid":"2609093083",
"parent":"zgBsNDPSN",
"text":"",
"mid":"zgBSk03PW",
"date":"2013-01-28 23:31:49"
},
{
"kids":[
"zh6OqefZw",
"zh0w6BQ0p"
],
"uid":"532822290",
"parent":"zgASRAM2S",
"text":"5块钱荤素搭配快餐，米饭管饱！",
"mid":"zgBRMkgi9",
"date":"2013-01-28 23:30:26"
},
{
"kids":[],
"uid":"2053147047",
"parent":"zgATqe8TQ",
"text":"次奥，我到现在都没见过～",
"mid":"zgBQd6jQ7",
"date":"2013-01-28 23:26:37"
},
{
"kids":[
"zgWnUqfp7",
"zgOTIFMeT",
"zgCFoD4xi"
],
"uid":"yffny",
"parent":"",
"text":"央视你真够脏的！[怒]",
"mid":"zgBPGgLq8",
"date":"2013-01-28 23:25:19"
},
{
"kids":[],
"uid":"mfqy0917",
"parent":"zgBlCBc2r",
"text":"开玩笑，还管饱？记者是火车她亲戚吧[囧][囧]",
"mid":"zgBOYzegY",
"date":"2013-01-28 23:23:35"
},
{
"kids":[
"zgE1HkTXI"
],
"uid":"1724797831",
"parent":"zgBMzl7qf",
"text":"是的~西安的T跟那个哥们形容的一样样的！",
"mid":"zgBO0znhX",
"date":"2013-01-28 23:21:10"
},
{
"kids":[],
"uid":"fishczzh",
"parent":"zgBInAHN2",
"text":"真逗",
"mid":"zgBNCF0Je",
"date":"2013-01-28 23:20:15"
},
{
"kids":[
"zgBO0znhX"
],
"uid":"2496755460",
"parent":"",
"text":"长途车也没5块的吧",
"mid":"zgBMzl7qf",
"date":"2013-01-28 23:17:39"
},
{
"kids":[],
"uid":"2808752454",
"parent":"",
"text":"",
"mid":"zgBMz3vYo",
"date":"2013-01-28 23:17:36"
},
{
"kids":[],
"uid":"2627361085",
"parent":"",
"text":"逗",
"mid":"zgBMt7keh",
"date":"2013-01-28 23:17:25"
},
{
"kids":[],
"uid":"1621227704",
"parent":"",
"text":"轉發微博",
"mid":"zgBMh0pm0",
"date":"2013-01-28 23:16:55"
},
{
"kids":[],
"uid":"2372099417",
"parent":"",
"text":"这是哪个高档列车？居然还有5块钱的盒饭？",
"mid":"zgBLm1fyG",
"date":"2013-01-28 23:14:37"
},
{
"kids":[],
"uid":"scholl1981",
"parent":"zgBHk0iAE",
"text":"这假造的",
"mid":"zgBL8E9KV",
"date":"2013-01-28 23:14:08"
},
{
"kids":[],
"uid":"316352772",
"parent":"",
"text":"太假的新闻，当时看了都想吐。",
"mid":"zgBKWjpjZ",
"date":"2013-01-28 23:13:39"
},
{
"kids":[],
"uid":"1896784192",
"parent":"",
"text":"",
"mid":"zgBKF7jdf",
"date":"2013-01-28 23:12:54"
},
{
"kids":[],
"uid":"331818669",
"parent":"",
"text":"[威武]",
"mid":"zgBJNkbuZ",
"date":"2013-01-28 23:10:49"
},
{
"kids":[],
"uid":"2368457480",
"parent":"",
"text":"",
"mid":"zgBIYvujK",
"date":"2013-01-28 23:08:47"
},
{
"kids":[
"zlar5sWRd",
"zgBWHelDN",
"zgBSlbJ2B",
"zgBNCF0Je"
],
"uid":"1749766782",
"parent":"",
"text":"能不能别逗了？啥叫体验生活，今天算是领教了",
"mid":"zgBInAHN2",
"date":"2013-01-28 23:07:18"
},
{
"kids":[],
"uid":"1849159794",
"parent":"zgByxFDXy",
"text":"豁哥哥",
"mid":"zgBIcmDRg",
"date":"2013-01-28 23:06:54"
},
{
"kids":[],
"uid":"2212639711",
"parent":"",
"text":"CCTV1.... 啥时候播的哦?? 大家都翻出来看看吧~~ 火车盒饭5元..",
"mid":"zgBI4FuPt",
"date":"2013-01-28 23:06:35"
},
{
"kids":[],
"uid":"guangzhouxulei",
"parent":"zgBHk0iAE",
"text":"[哈哈][哈哈][哈哈]",
"mid":"zgBI20Z3B",
"date":"2013-01-28 23:06:28"
},
{
"kids":[
"zgChB15Ea"
],
"uid":"1400749505",
"parent":"zgBvFxdGo",
"text":"滚你妈的cctv",
"mid":"zgBHz3kEa",
"date":"2013-01-28 23:05:19"
},
{
"kids":[
"zgBTLwhIA",
"zgBL8E9KV",
"zgBI20Z3B"
],
"uid":"1923411502",
"parent":"",
"text":"大哥上去还不要钱呢，白送",
"mid":"zgBHk0iAE",
"date":"2013-01-28 23:04:41"
},
{
"kids":[],
"uid":"1896040702",
"parent":"",
"text":"我呸，真不要脸。。。[怒]",
"mid":"zgBF7cNLA",
"date":"2013-01-28 22:59:17"
},
{
"kids":[],
"uid":"1829609665",
"parent":"",
"text":"5块的盒饭？菜价都涨多高了...他们是不是也不买菜啊？",
"mid":"zgBE6vyuv",
"date":"2013-01-28 22:56:48"
},
{
"kids":[],
"uid":"3025678710",
"parent":"zgBfdcofw",
"text":"灾民就像过年一样高兴…海霞",
"mid":"zgBE6f7rN",
"date":"2013-01-28 22:56:44"
},
{
"kids":[
"zgBUC79s3"
],
"uid":"1732917137",
"parent":"",
"text":"矿泉水8块，果粒橙6块，盒饭40",
"mid":"zgBDDxTVu",
"date":"2013-01-28 22:55:38"
},
{
"kids":[],
"uid":"3034571633",
"parent":"",
"text":"那副对联咋说的？啤酒饮料矿泉水。。。",
"mid":"zgBCkD5gt",
"date":"2013-01-28 22:52:23"
},
{
"kids":[],
"uid":"2350214432",
"parent":"",
"text":"转发微博，没啥可说了！",
"mid":"zgBBMEP0g",
"date":"2013-01-28 22:51:02"
},
{
"kids":[],
"uid":"1098862953",
"parent":"zgB6cpdxr",
"text":"五块钱 可以买一个盒饭打包盒   没说里面带饭菜 。。央视记者买的空饭盒",
"mid":"zgBA7dPHl",
"date":"2013-01-28 22:46:55"
},
{
"kids":[],
"uid":"wunabuqi",
"parent":"",
"text":"@我叫吴大彬 那年夏天 你怎么拦都没拦住我去买那盒15的破盒饭 那叫一个难吃",
"mid":"zgBA3D18h",
"date":"2013-01-28 22:46:46"
},
{
"kids":[],
"uid":"2614379350",
"parent":"",
"text":"可能你们成都段的是这样吧",
"mid":"zgBz8Dq3T",
"date":"2013-01-28 22:44:33"
},
{
"kids":[
"zgBIcmDRg"
],
"uid":"kellyzll",
"parent":"",
"text":"豁别个哦~",
"mid":"zgByxFDXy",
"date":"2013-01-28 22:43:04"
},
{
"kids":[],
"uid":"2087891043",
"parent":"",
"text":"这个电视台要会看和懂看才能看明白,即竖着看,反过来想.",
"mid":"zgBwZmziU",
"date":"2013-01-28 22:39:13"
},
{
"kids":[],
"uid":"1814950503",
"parent":"zgBw0uTIQ",
"text":"说谁都不信呀，又不是没坐过火车",
"mid":"zgBwu5Qyz",
"date":"2013-01-28 22:38:01"
},
{
"kids":[],
"uid":"1443467397",
"parent":"zgBsNDPSN",
"text":"这该普及",
"mid":"zgBwnegD6",
"date":"2013-01-28 22:37:42"
},
{
"kids":[],
"uid":"tuibianzhuixun",
"parent":"zgBfIcfP5",
"text":"你妹的，这么便宜我咋没吃过啊！",
"mid":"zgBw4C5IO",
"date":"2013-01-28 22:37:01"
},
{
"kids":[
"zgBwu5Qyz"
],
"uid":"1923222650",
"parent":"",
"text":"尼玛尽骗领导，他们哪坐过火车买过盒饭",
"mid":"zgBw0uTIQ",
"date":"2013-01-28 22:36:47"
},
{
"kids":[
"zgBHz3kEa"
],
"uid":"2935406044",
"parent":"zgATKxDQm",
"text":"",
"mid":"zgBvFxdGo",
"date":"2013-01-28 22:36:01"
},
{
"kids":[],
"uid":"2164677515",
"parent":"",
"text":"纯特么扯犊子！",
"mid":"zgBvt5rsW",
"date":"2013-01-28 22:35:32"
},
{
"kids":[],
"uid":"1746106392",
"parent":"zgBoZvZjo",
"text":"",
"mid":"zgBvrAyBa",
"date":"2013-01-28 22:35:28"
},
{
"kids":[],
"uid":"2083123675",
"parent":"",
"text":"",
"mid":"zgBuSbazp",
"date":"2013-01-28 22:34:00"
},
{
"kids":[],
"uid":"1154526130",
"parent":"",
"text":"",
"mid":"zgBuRjJId",
"date":"2013-01-28 22:34:00"
},
{
"kids":[],
"uid":"woshixiachunqiu",
"parent":"",
"text":"",
"mid":"zgBun8p3z",
"date":"2013-01-28 22:32:49"
},
{
"kids":[
"zgJgapbBX"
],
"uid":"1836978470",
"parent":"",
"text":"放他中央台的屁！这种都要说假话的！要说么也说说不常遇到的呐！恶心的方便面都要10块，更别说一荤一素还加饭了。记者同志就你待遇好啊，公务员儿吧？？！！嘿嘿~~",
"mid":"zgBtXrOBg",
"date":"2013-01-28 22:31:48"
},
{
"kids":[],
"uid":"2548466127",
"parent":"",
"text":"妈的，嘴里没一句实话",
"mid":"zgBtPqVRV",
"date":"2013-01-28 22:31:25"
},
{
"kids":[],
"uid":"xiaomadegushi",
"parent":"",
"text":"",
"mid":"zgBtK7URa",
"date":"2013-01-28 22:31:15"
},
{
"kids":[],
"uid":"1911463202",
"parent":"",
"text":"",
"mid":"zgBt6hdeK",
"date":"2013-01-28 22:29:42"
},
{
"kids":[],
"uid":"1918365891",
"parent":"",
"text":"呸！",
"mid":"zgBsS65rO",
"date":"2013-01-28 22:29:06"
},
{
"kids":[
"zgENzfRuO",
"zgBSk03PW",
"zgBwnegD6"
],
"uid":"1249932422",
"parent":"zgBqpidyb",
"text":"那一定是某领导在视察",
"mid":"zgBsNDPSN",
"date":"2013-01-28 22:28:55"
},
{
"kids":[],
"uid":"champs",
"parent":"",
"text":"这个车长真敢说话",
"mid":"zgBsviMaN",
"date":"2013-01-28 22:28:13"
},
{
"kids":[],
"uid":"1911463202",
"parent":"zgBqb7cZR",
"text":"海霞说的是15元,不要听忽悠!",
"mid":"zgBsfEjia",
"date":"2013-01-28 22:27:34"
},
{
"kids":[],
"uid":"2754630385",
"parent":"",
"text":"童话都不敢这么写。",
"mid":"zgBqT9VEy",
"date":"2013-01-28 22:24:14"
},
{
"kids":[
"zgCbt1F0I"
],
"uid":"2834186250",
"parent":"",
"text":"能上CCTV的，盒饭那么多料的，还能加饭的，会是真的？",
"mid":"zgBqOokYy",
"date":"2013-01-28 22:24:03"
},
{
"kids":[],
"uid":"lx13820262780",
"parent":"zgAJKk6lz",
"text":"",
"mid":"zgBqJEwtJ",
"date":"2013-01-28 22:23:52"
},
{
"kids":[],
"uid":"2604671703",
"parent":"",
"text":"高铁梅菜扣肉盒饭加汤50多，便宜的都没货，爱吃不吃！",
"mid":"zgBqy9fiD",
"date":"2013-01-28 22:23:25"
},
{
"kids":[
"zgBsNDPSN"
],
"uid":"2134680352",
"parent":"",
"text":"[挖鼻屎][懒得理你]",
"mid":"zgBqpidyb",
"date":"2013-01-28 22:23:03"
},
{
"kids":[
"zgBsfEjia"
],
"uid":"3225764187",
"parent":"",
"text":"他们根本不会脸红的",
"mid":"zgBqb7cZR",
"date":"2013-01-28 22:22:28"
},
{
"kids":[],
"uid":"1948448042",
"parent":"",
"text":"央视毁了",
"mid":"zgBq41HEK",
"date":"2013-01-28 22:22:11"
},
{
"kids":[
"zgBvrAyBa"
],
"uid":"2235972447",
"parent":"",
"text":"[偷笑]",
"mid":"zgBoZvZjo",
"date":"2013-01-28 22:19:32"
},
{
"kids":[],
"uid":"1103625752",
"parent":"",
"text":"2b妓者",
"mid":"zgBoHtt3C",
"date":"2013-01-28 22:18:51"
},
{
"kids":[],
"uid":"2581651127",
"parent":"",
"text":"",
"mid":"zgBos8yqS",
"date":"2013-01-28 22:18:13"
},
{
"kids":[],
"uid":"1827602071",
"parent":"",
"text":"",
"mid":"zgBnOvuqb",
"date":"2013-01-28 22:16:41"
},
{
"kids":[],
"uid":"bangbang0114",
"parent":"",
"text":"",
"mid":"zgBnrvUFX",
"date":"2013-01-28 22:15:43"
},
{
"kids":[],
"uid":"yongyuandeyezi",
"parent":"",
"text":"可以的话，我也想这么的穿越一把",
"mid":"zgBnd1U7q",
"date":"2013-01-28 22:15:10"
},
{
"kids":[],
"uid":"2470363953",
"parent":"zgBbLwJDY",
"text":"骂错CCTV。。。人家海霞说的是15元。。。右边各位准备道歉么？",
"mid":"zgBn2F1S6",
"date":"2013-01-28 22:14:46"
},
{
"kids":[],
"uid":"HarshKnight",
"parent":"",
"text":"",
"mid":"zgBmLxNpI",
"date":"2013-01-28 22:14:05"
},
{
"kids":[],
"uid":"2719330363",
"parent":"",
"text":"普通火车盒饭20元。高铁50。",
"mid":"zgBmrr1aj",
"date":"2013-01-28 22:13:14"
},
{
"kids":[],
"uid":"1897033945",
"parent":"",
"text":"2001年坐火车去北京时，一个都要15元啦",
"mid":"zgBmigwjq",
"date":"2013-01-28 22:12:54"
},
{
"kids":[],
"uid":"1267700074",
"parent":"",
"text":"全民愤怒的时代。。。你还玩儿这套？",
"mid":"zgBmhESz7",
"date":"2013-01-28 22:12:54"
},
{
"kids":[],
"uid":"1715181233",
"parent":"",
"text":"[吃惊]",
"mid":"zgBmfjbMF",
"date":"2013-01-28 22:12:46"
},
{
"kids":[],
"uid":"43211520",
"parent":"zgBjyn7qn",
"text":"",
"mid":"zgBlP1g3i",
"date":"2013-01-28 22:11:41"
},
{
"kids":[],
"uid":"2013972213",
"parent":"",
"text":"现在一顿要五十块！记者他妈的去死吧！",
"mid":"zgBlEqoBL",
"date":"2013-01-28 22:11:20"
},
{
"kids":[
"zgBOYzegY"
],
"uid":"2189807947",
"parent":"",
"text":"",
"mid":"zgBlCBc2r",
"date":"2013-01-28 22:11:16"
},
{
"kids":[],
"uid":"2442589625",
"parent":"",
"text":"",
"mid":"zgBlfybTk",
"date":"2013-01-28 22:10:19"
},
{
"kids":[
"zgDrWgjXp"
],
"uid":"2414916291",
"parent":"",
"text":"CCAV又来出卖节操了",
"mid":"zgBkXe7mK",
"date":"2013-01-28 22:09:38"
},
{
"kids":[],
"uid":"2951265844",
"parent":"",
"text":"真是放他妈的狗屁，把全国老百姓当傻子",
"mid":"zgBkOFWYq",
"date":"2013-01-28 22:09:15"
},
{
"kids":[],
"uid":"2243567604",
"parent":"",
"text":"[哈哈]",
"mid":"zgBkOpkrE",
"date":"2013-01-28 22:09:16"
},
{
"kids":[],
"uid":"2163516415",
"parent":"",
"text":"都不好意思骂你了……",
"mid":"zgBkJkIhC",
"date":"2013-01-28 22:09:04"
},
{
"kids":[],
"uid":"1847718052",
"parent":"",
"text":"临睡前看到这么一条微博，真心恶心央视！",
"mid":"zgBk89IIg",
"date":"2013-01-28 22:07:35"
},
{
"kids":[],
"uid":"2306419120",
"parent":"",
"text":"",
"mid":"zgBjZ10yM",
"date":"2013-01-28 22:07:13"
},
{
"kids":[],
"uid":"zhangheming",
"parent":"",
"text":"",
"mid":"zgBjFrKKD",
"date":"2013-01-28 22:06:25"
},
{
"kids":[
"zgBlP1g3i"
],
"uid":"2868267181",
"parent":"",
"text":"",
"mid":"zgBjyn7qn",
"date":"2013-01-28 22:06:10"
},
{
"kids":[],
"uid":"334704666",
"parent":"zgBiYE57c",
"text":"翻滚吧牛宝宝 武汉到南京动车上 40元／份",
"mid":"zgBjwjNDr",
"date":"2013-01-28 22:06:05"
},
{
"kids":[
"zgBjwjNDr"
],
"uid":"334704666",
"parent":"",
"text":"武汉到南京动车上 40元／份",
"mid":"zgBiYE57c",
"date":"2013-01-28 22:04:45"
},
{
"kids":[],
"uid":"caoyouming",
"parent":"",
"text":"我cao!",
"mid":"zgBiQmLCb",
"date":"2013-01-28 22:04:25"
},
{
"kids":[],
"uid":"2216075021",
"parent":"",
"text":"天朝充斥着谎言",
"mid":"zgBig0rbt",
"date":"2013-01-28 22:02:54"
},
{
"kids":[],
"uid":"2208787627",
"parent":"",
"text":"真你妈假啊",
"mid":"zgBhr9MgX",
"date":"2013-01-28 22:00:55"
},
{
"kids":[],
"uid":"2270320222",
"parent":"",
"text":"",
"mid":"zgBhqyYFO",
"date":"2013-01-28 22:00:56"
},
{
"kids":[],
"uid":"anitamd",
"parent":"zgATkjrFj",
"text":"朝鲜！",
"mid":"zgBhnAO1s",
"date":"2013-01-28 22:00:49"
},
{
"kids":[],
"uid":"1892893585",
"parent":"zgBfNvgVK",
"text":"傻逼妓者来自火星，根本不属人类。",
"mid":"zgBgZqt5T",
"date":"2013-01-28 21:59:50"
},
{
"kids":[],
"uid":"2656580322",
"parent":"",
"text":"",
"mid":"zgBgYe3vd",
"date":"2013-01-28 21:59:46"
},
{
"kids":[],
"uid":"1817719513",
"parent":"zgBfdcofw",
"text":"以前坐火车的时候还真吃过5块的，开始15，后来10块，十点以后是5块。",
"mid":"zgBgVhrzI",
"date":"2013-01-28 21:59:39"
},
{
"kids":[],
"uid":"2111386591",
"parent":"",
"text":"央视，我CNM的，这种傻逼新闻不要再播了，别以为老百姓都是傻子@CCTV",
"mid":"zgBgLtyNw",
"date":"2013-01-28 21:59:18"
},
{
"kids":[],
"uid":"1466011232",
"parent":"",
"text":"坐飞机吃喝都不要钱[哈哈]",
"mid":"zgBgqe9wY",
"date":"2013-01-28 21:58:25"
},
{
"kids":[],
"uid":"2992118555",
"parent":"zgBf1EArD",
"text":"@焦点联播 @央视评论员 @芸宝儿2009 @扬仕集团王大川 @刘力博士 @任志强 @新闻晨报 @杜子建",
"mid":"zgBg2CyoM",
"date":"2013-01-28 21:57:28"
},
{
"kids":[
"zgBgZqt5T"
],
"uid":"2077902653",
"parent":"",
"text":"",
"mid":"zgBfNvgVK",
"date":"2013-01-28 21:56:55"
},
{
"kids":[
"zgBw4C5IO"
],
"uid":"2246209722",
"parent":"",
"text":"確實敢開牙[哼]",
"mid":"zgBfIcfP5",
"date":"2013-01-28 21:56:42"
},
{
"kids":[],
"uid":"1832671281",
"parent":"",
"text":"",
"mid":"zgBfhAhU9",
"date":"2013-01-28 21:55:39"
},
{
"kids":[
"zgBE6f7rN",
"zgBgVhrzI"
],
"uid":"1719221765",
"parent":"",
"text":"找到视频好好看一看，为你自以为是感到羞耻",
"mid":"zgBfdcofw",
"date":"2013-01-28 21:55:28"
},
{
"kids":[
"zgBg2CyoM"
],
"uid":"1752045951",
"parent":"",
"text":"",
"mid":"zgBf1EArD",
"date":"2013-01-28 21:54:58"
},
{
"kids":[],
"uid":"1241394645",
"parent":"",
"text":"五块钱？笑话",
"mid":"zgBcV1YJ1",
"date":"2013-01-28 21:49:48"
},
{
"kids":[],
"uid":"2709704004",
"parent":"zgBbLwJDY",
"text":"辟谣党速来辟谣，网民们都相信”谣言“，不再相信cctv啦。cc@点子歪",
"mid":"zgBcuf2Q9",
"date":"2013-01-28 21:48:41"
},
{
"kids":[
"zgBn2F1S6",
"zgBcuf2Q9"
],
"uid":"fengying528",
"parent":"zgB8xcnot",
"text":"太恶心了。",
"mid":"zgBbLwJDY",
"date":"2013-01-28 21:46:59"
},
{
"kids":[],
"uid":"1837787027",
"parent":"",
"text":"",
"mid":"zgBb2APQc",
"date":"2013-01-28 21:45:09"
},
{
"kids":[],
"uid":"2304018111",
"parent":"",
"text":"无语",
"mid":"zgB9ZBSkl",
"date":"2013-01-28 21:42:38"
},
{
"kids":[],
"uid":"2834319802",
"parent":"",
"text":"",
"mid":"zgB9TFnkI",
"date":"2013-01-28 21:42:23"
},
{
"kids":[],
"uid":"2171217895",
"parent":"zgB6qiCAz",
"text":"这算不算贿赂。。。",
"mid":"zgB8XtzJC",
"date":"2013-01-28 21:40:04"
},
{
"kids":[
"zgBbLwJDY"
],
"uid":"2803466343",
"parent":"zgATafx8L",
"text":"东北话这就叫扯犊子！",
"mid":"zgB8xcnot",
"date":"2013-01-28 21:39:00"
},
{
"kids":[],
"uid":"1935918552",
"parent":"",
"text":"央视你真够脏",
"mid":"zgB7AnPn1",
"date":"2013-01-28 21:36:39"
},
{
"kids":[],
"uid":"2932572177",
"parent":"",
"text":"这是哪列火车，有这么好吗？要平时都是这样就好了。",
"mid":"zgB7yjK1m",
"date":"2013-01-28 21:36:36"
},
{
"kids":[],
"uid":"1691861513",
"parent":"",
"text":"大概七、八年前坐火车去上海，卖的盖浇米饭十元一份，旁边一乘客跟卖饭的搞价说五元一份吧？你猜怎么着，卖饭的二话不说拿起一份盒饭“唰”的一下直接给扔车窗外面去了，完了整个车厢再没有一个讨价还价的[汗]",
"mid":"zgB6PqSgE",
"date":"2013-01-28 21:34:49"
},
{
"kids":[
"zgB8XtzJC"
],
"uid":"1422294732",
"parent":"zgAIIgsYl",
"text":"5块？5块的方便面都得没有合装没有开水。[挖鼻屎]",
"mid":"zgB6qiCAz",
"date":"2013-01-28 21:33:48"
},
{
"kids":[
"zgBA7dPHl"
],
"uid":"2128187524",
"parent":"",
"text":"前几年就十五元了，现在降了?所以铁道部巨亏啊!都扶贫了。",
"mid":"zgB6cpdxr",
"date":"2013-01-28 21:33:14"
},
{
"kids":[],
"uid":"2189559582",
"parent":"",
"text":"他们一般只打飞机",
"mid":"zgB5m5bAg",
"date":"2013-01-28 21:31:09"
},
{
"kids":[],
"uid":"1860574880",
"parent":"",
"text":"",
"mid":"zgB3U19PB",
"date":"2013-01-28 21:27:34"
},
{
"kids":[],
"uid":"2654098277",
"parent":"",
"text":"",
"mid":"zgB3PyUT9",
"date":"2013-01-28 21:27:25"
},
{
"kids":[],
"uid":"2400574610",
"parent":"",
"text":"反正我不会信!",
"mid":"zgB29gb2W",
"date":"2013-01-28 21:23:18"
},
{
"kids":[],
"uid":"1907512615",
"parent":"",
"text":"靠，这些畜生",
"mid":"zgB1WeW5o",
"date":"2013-01-28 21:22:46"
},
{
"kids":[],
"uid":"1921805465",
"parent":"",
"text":"饭盒倒是没吃过，好像是30／份，而且沪宁，京沪高铁最便宜的矿泉水是依云！",
"mid":"zgB1301c3",
"date":"2013-01-28 21:20:32"
},
{
"kids":[],
"uid":"2285727603",
"parent":"",
"text":"",
"mid":"zgAYRFxmG",
"date":"2013-01-28 21:15:09"
},
{
"kids":[],
"uid":"kee0527",
"parent":"zgAAi7xvG",
"text":"",
"mid":"zgAYRnVRw",
"date":"2013-01-28 21:15:11"
},
{
"kids":[],
"uid":"1764442540",
"parent":"",
"text":"少个零",
"mid":"zgAYM3FAV",
"date":"2013-01-28 21:14:58"
},
{
"kids":[
"zgENLmJMq"
],
"uid":"536382789",
"parent":"zgAVBxrpV",
"text":"[怒]动车上的30，生活在新闻联播中好啊",
"mid":"zgAYE658i",
"date":"2013-01-28 21:14:36"
},
{
"kids":[],
"uid":"jinfeng888",
"parent":"",
"text":"这个的确够坑爹！",
"mid":"zgAYAx5JL",
"date":"2013-01-28 21:14:32"
},
{
"kids":[],
"uid":"1528267903",
"parent":"",
"text":"",
"mid":"zgAY11Scv",
"date":"2013-01-28 21:13:06"
},
{
"kids":[],
"uid":"1528267903",
"parent":"",
"text":"",
"mid":"zgAXqobPp",
"date":"2013-01-28 21:11:39"
},
{
"kids":[],
"uid":"1993672271",
"parent":"",
"text":"第一轮推车路过20元，第二轮路过15元，第三轮10元，没有第四次了。先买的就吃亏，后买的吃冷的但是便宜",
"mid":"zgAWqCUrM",
"date":"2013-01-28 21:09:10"
},
{
"kids":[],
"uid":"2275731500",
"parent":"zgAPwbxf3",
"text":"[弱]",
"mid":"zgAVQBM5A",
"date":"2013-01-28 21:07:44"
},
{
"kids":[
"zgAYE658i"
],
"uid":"hanson9571",
"parent":"zgARPwkeC",
"text":"回复@可爱周多多:10年前，因为上学的原因坐过几次火车，那时候火车上盒饭是从15元开始卖，卖到都冷了才5元。已经多年没搭乘火车长途旅行，未在车上就餐，不知行情。@人民日报 @南方日报 @新华视点 @新华广东快讯 你们这些媒体应该每天和每趟车都去跟进采访，避免可以做秀。拜托！@香港文匯網",
"mid":"zgAVBxrpV",
"date":"2013-01-28 21:07:07"
},
{
"kids":[],
"uid":"puyangdianxinHLQ",
"parent":"",
"text":"喝猪奶长大的cc",
"mid":"zgAV6eZFw",
"date":"2013-01-28 21:05:55"
},
{
"kids":[
"zgBvFxdGo"
],
"uid":"piedpiper",
"parent":"",
"text":"",
"mid":"zgATKxDQm",
"date":"2013-01-28 21:02:36"
},
{
"kids":[
"zgBQd6jQ7"
],
"uid":"2159647213",
"parent":"zgAMuxoS1",
"text":"笑屎人",
"mid":"zgATqe8TQ",
"date":"2013-01-28 21:01:48"
},
{
"kids":[
"zgBhnAO1s"
],
"uid":"712367955",
"parent":"zgAFh9OxH",
"text":"真好是哪个国家啊[酷]",
"mid":"zgATkjrFj",
"date":"2013-01-28 21:01:33"
},
{
"kids":[
"zgB8xcnot"
],
"uid":"2216756875",
"parent":"",
"text":"",
"mid":"zgATafx8L",
"date":"2013-01-28 21:01:09"
},
{
"kids":[
"zgBRMkgi9"
],
"uid":"2358927160",
"parent":"",
"text":"他们真没坐过火车",
"mid":"zgASRAM2S",
"date":"2013-01-28 21:00:25"
},
{
"kids":[],
"uid":"207990777",
"parent":"",
"text":"最幸福的央视员工就是可以面带微笑的睁着眼睛说瞎话啊~！！啊~！！",
"mid":"zgARY490D",
"date":"2013-01-28 20:58:12"
},
{
"kids":[
"zgAVBxrpV"
],
"uid":"hanson9571",
"parent":"zgAMb5Xry",
"text":"@央视新闻 你们的记者座的哪趟车？",
"mid":"zgARPwkeC",
"date":"2013-01-28 20:57:51"
},
{
"kids":[],
"uid":"1552812274",
"parent":"",
"text":"只有一句真话＂北京时间七点整＂",
"mid":"zgARwjMVV",
"date":"2013-01-28 20:57:06"
},
{
"kids":[],
"uid":"liankun88",
"parent":"",
"text":"肉食者吗?",
"mid":"zgARaqiIs",
"date":"2013-01-28 20:56:12"
},
{
"kids":[],
"uid":"waterdong",
"parent":"zgAAka66M",
"text":"重点不在这，重点是一辆车就这一份好吗，摄影师的突出重点乃看不懂吗[挖鼻屎]",
"mid":"zgAQPtzJQ",
"date":"2013-01-28 20:55:21"
},
{
"kids":[
"zgFa9Bq3B"
],
"uid":"1980794627",
"parent":"",
"text":"是可以加饭，加钱就行，别说饭肉都可以加，人性化管理典范[感冒][感冒][感冒]",
"mid":"zgAPUpmvP",
"date":"2013-01-28 20:53:07"
},
{
"kids":[
"zgAVQBM5A"
],
"uid":"ywhdxlwb",
"parent":"",
"text":"[嘘]央视你牛爆了。5块钱的快餐你回几年前吃去吧。[鄙视]",
"mid":"zgAPwbxf3",
"date":"2013-01-28 20:52:10"
},
{
"kids":[],
"uid":"1862103560",
"parent":"",
"text":"",
"mid":"zgAPklIPc",
"date":"2013-01-28 20:51:40"
},
{
"kids":[
"zgBVO2M3X"
],
"uid":"328501818",
"parent":"",
"text":"无耻！",
"mid":"zgAOlbwnj",
"date":"2013-01-28 20:49:16"
},
{
"kids":[],
"uid":"3036699810",
"parent":"zgAv61jjQ",
"text":"太差劲了。。。央视。。。",
"mid":"zgANGqiBb",
"date":"2013-01-28 20:47:40"
},
{
"kids":[],
"uid":"2014690415",
"parent":"",
"text":"",
"mid":"zgANbmRfC",
"date":"2013-01-28 20:46:25"
},
{
"kids":[
"zgATqe8TQ"
],
"uid":"qiang2mao",
"parent":"",
"text":"加你妹啊，四十块的都不如翔能吃",
"mid":"zgAMuxoS1",
"date":"2013-01-28 20:44:42"
},
{
"kids":[],
"uid":"1508702035",
"parent":"",
"text":"是的，央视本来是中共的一条小狗",
"mid":"zgAMmfupC",
"date":"2013-01-28 20:44:20"
},
{
"kids":[
"zgARPwkeC"
],
"uid":"1879914432",
"parent":"",
"text":"呸",
"mid":"zgAMb5Xry",
"date":"2013-01-28 20:43:54"
},
{
"kids":[],
"uid":"2807110973",
"parent":"",
"text":"[神马][浮云]",
"mid":"zgAM2dV9U",
"date":"2013-01-28 20:43:35"
},
{
"kids":[],
"uid":"12070602",
"parent":"",
"text":"对这种自欺欺人的行为，我只想对央视报以最诚挚的语气词：“呵呵呵呵”",
"mid":"zgALQoxuk",
"date":"2013-01-28 20:43:05"
},
{
"kids":[],
"uid":"2807110973",
"parent":"",
"text":"[浮云][神马]",
"mid":"zgALDnz1M",
"date":"2013-01-28 20:42:34"
},
{
"kids":[],
"uid":"1862834945",
"parent":"",
"text":"不管你信不信，反正我是不信[怒]",
"mid":"zgALi5rl1",
"date":"2013-01-28 20:41:45"
},
{
"kids":[],
"uid":"2840813440",
"parent":"",
"text":"再不和谐一下",
"mid":"zgAJNzteV",
"date":"2013-01-28 20:38:03"
},
{
"kids":[
"zgBqJEwtJ"
],
"uid":"2758091467",
"parent":"zgAAAnK2C",
"text":"一亩地能种出几万斤粮食的时代又回来了！",
"mid":"zgAJKk6lz",
"date":"2013-01-28 20:37:57"
},
{
"kids":[
"zgB6qiCAz"
],
"uid":"maihuisi",
"parent":"",
"text":"",
"mid":"zgAIIgsYl",
"date":"2013-01-28 20:35:23"
},
{
"kids":[],
"uid":"2166398170",
"parent":"",
"text":"操！盒饭应该是5美元吧。",
"mid":"zgAHW43Vu",
"date":"2013-01-28 20:33:29"
},
{
"kids":[],
"uid":"2623995027",
"parent":"",
"text":"",
"mid":"zgAHwllQd",
"date":"2013-01-28 20:32:28"
},
{
"kids":[],
"uid":"3057586920",
"parent":"",
"text":"这是不是特贡?",
"mid":"zgAHhiVBM",
"date":"2013-01-28 20:31:49"
},
{
"kids":[],
"uid":"1841817175",
"parent":"",
"text":"",
"mid":"zgAH9imVe",
"date":"2013-01-28 20:31:33"
},
{
"kids":[],
"uid":"acauliflower",
"parent":"",
"text":"央视人民都很幸福[怒][鄙视]",
"mid":"zgAH7ehEL",
"date":"2013-01-28 20:31:27"
},
{
"kids":[
"zgATkjrFj"
],
"uid":"failpig",
"parent":"",
"text":"",
"mid":"zgAFh9OxH",
"date":"2013-01-28 20:26:56"
},
{
"kids":[],
"uid":"2972858570",
"parent":"",
"text":"[怒][怒]还好我只看微博，不看电视",
"mid":"zgAFeu5ra",
"date":"2013-01-28 20:26:49"
},
{
"kids":[],
"uid":"54088y",
"parent":"",
"text":"我们希望在央视节目里听到的是人话而不是神话！！",
"mid":"zgAFdlhax",
"date":"2013-01-28 20:26:47"
},
{
"kids":[],
"uid":"1948040295",
"parent":"",
"text":"",
"mid":"zgAExmWl4",
"date":"2013-01-28 20:25:03"
},
{
"kids":[],
"uid":"hetaiguo",
"parent":"",
"text":"呸[吐][吐]",
"mid":"zgAEurvZT",
"date":"2013-01-28 20:25:00"
},
{
"kids":[],
"uid":"2734749462",
"parent":"",
"text":"http:",
"mid":"zgAEpmIou",
"date":"2013-01-28 20:24:46"
},
{
"kids":[],
"uid":"2440270871",
"parent":"",
"text":"这个记者怎么了？",
"mid":"zgAEikx2W",
"date":"2013-01-28 20:24:31"
},
{
"kids":[],
"uid":"2653410931",
"parent":"",
"text":"没事就唱唱歌呗",
"mid":"zgADIfz1A",
"date":"2013-01-28 20:23:04"
},
{
"kids":[],
"uid":"1644343455",
"parent":"",
"text":"高铁上我知道是超过5元一份的。",
"mid":"zgADtbjWT",
"date":"2013-01-28 20:22:29"
},
{
"kids":[],
"uid":"335120999",
"parent":"",
"text":"",
"mid":"zgADfy3hH",
"date":"2013-01-28 20:21:54"
},
{
"kids":[],
"uid":"526531789",
"parent":"",
"text":"你说的是方便面吧。那才是5块。",
"mid":"zgADeEOkc",
"date":"2013-01-28 20:21:52"
},
{
"kids":[],
"uid":"freedolphinlove",
"parent":"",
"text":"我忍不住想笑一下 可以不[挤火车][笑哈哈]",
"mid":"zgADe5BQr",
"date":"2013-01-28 20:21:54"
},
{
"kids":[],
"uid":"2570851497",
"parent":"",
"text":"",
"mid":"zgACR460K",
"date":"2013-01-28 20:20:58"
},
{
"kids":[],
"uid":"1722172963",
"parent":"",
"text":"这菜都盛得冒尖了,尼玛盖的上盒盖儿吗?",
"mid":"zgACBnQT8",
"date":"2013-01-28 20:20:20"
},
{
"kids":[],
"uid":"1408093145",
"parent":"",
"text":"",
"mid":"zgAC6oEJi",
"date":"2013-01-28 20:19:04"
},
{
"kids":[],
"uid":"1878152155",
"parent":"",
"text":"吹牛不带这样的。无耻却有加。真是殃屎[怒]。给殃屎的记者说句公道话。我日你祖宗。操你妈的。",
"mid":"zgABW1I0U",
"date":"2013-01-28 20:18:42"
},
{
"kids":[],
"uid":"54088y",
"parent":"zgAAXqIIK",
"text":"不知道这样的谎言在央视还有多少！",
"mid":"zgABvbyLV",
"date":"2013-01-28 20:17:37"
},
{
"kids":[],
"uid":"jasonlovezhang",
"parent":"",
"text":"这个我可以证明，真没5块的。动车最便宜30块，直达普快可以炒菜，加饭真的要钱，但炒菜比那动车盒饭要好吃点。",
"mid":"zgABstSV5",
"date":"2013-01-28 20:17:31"
},
{
"kids":[],
"uid":"williamzlazycat",
"parent":"",
"text":"四十块一个盒饭。央视的记者拿五块钱就能买一个真TM黑！鄙视特权阶层！呸！",
"mid":"zgABlqhvR",
"date":"2013-01-28 20:17:15"
},
{
"kids":[
"zgABvbyLV"
],
"uid":"54088y",
"parent":"",
"text":"这是我看到的最真实的谎言！！",
"mid":"zgAAXqIIK",
"date":"2013-01-28 20:16:15"
},
{
"kids":[],
"uid":"ndhuangyi",
"parent":"zgAuPtd5Z",
"text":"转而不评",
"mid":"zgAAS9pfl",
"date":"2013-01-28 20:16:03"
},
{
"kids":[
"zgAJKk6lz"
],
"uid":"ruishengxu",
"parent":"",
"text":"",
"mid":"zgAAAnK2C",
"date":"2013-01-28 20:15:23"
},
{
"kids":[
"zgGEruatm",
"zgAQPtzJQ"
],
"uid":"phytosuccivorous",
"parent":"",
"text":"5欧元好吗亲~",
"mid":"zgAAka66M",
"date":"2013-01-28 20:14:44"
},
{
"kids":[],
"uid":"2342395472",
"parent":"",
"text":"央视还有人看？",
"mid":"zgAAjx1iZ",
"date":"2013-01-28 20:14:43"
},
{
"kids":[
"zgAYRnVRw"
],
"uid":"xjqok",
"parent":"",
"text":"",
"mid":"zgAAi7xvG",
"date":"2013-01-28 20:14:39"
},
{
"kids":[],
"uid":"shenger0204",
"parent":"",
"text":"你妹！",
"mid":"zgAzX8bGa",
"date":"2013-01-28 20:13:48"
},
{
"kids":[],
"uid":"312912000",
"parent":"",
"text":"估计没坐过火车，真可怜",
"mid":"zgAzHc3Yw",
"date":"2013-01-28 20:13:11"
},
{
"kids":[],
"uid":"2670953303",
"parent":"",
"text":"",
"mid":"zgAzqiULf",
"date":"2013-01-28 20:12:29"
},
{
"kids":[],
"uid":"1770449464",
"parent":"",
"text":"[怒][伤心]",
"mid":"zgAzk6EQZ",
"date":"2013-01-28 20:12:17"
},
{
"kids":[],
"uid":"2287654783",
"parent":"",
"text":"灰机上的餐餐不要钱呢，5块，你穿越了，CCTV",
"mid":"zgAz8yWE0",
"date":"2013-01-28 20:11:47"
},
{
"kids":[],
"uid":"1678025983",
"parent":"",
"text":"笑而不语",
"mid":"zgAyAhYLW",
"date":"2013-01-28 20:10:27"
},
{
"kids":[],
"uid":"1007705482",
"parent":"",
"text":"",
"mid":"zgAxWoATC",
"date":"2013-01-28 20:08:52"
},
{
"kids":[],
"uid":"1552970105",
"parent":"",
"text":"我亲眼所见高铁上40元一盒饭，论起质量来，不如街边10元的",
"mid":"zgAxVdrtk",
"date":"2013-01-28 20:08:50"
},
{
"kids":[],
"uid":"2932212941",
"parent":"",
"text":"",
"mid":"zgAxS0mJK",
"date":"2013-01-28 20:08:39"
},
{
"kids":[],
"uid":"fatsheepoo",
"parent":"",
"text":"那饭真的好丰富。。。",
"mid":"zgAxF1waU",
"date":"2013-01-28 20:08:10"
},
{
"kids":[],
"uid":"jackyhht",
"parent":"",
"text":"我操，哪里的火车",
"mid":"zgAxzljaN",
"date":"2013-01-28 20:07:55"
},
{
"kids":[],
"uid":"peiyangwu",
"parent":"",
"text":"",
"mid":"zgAwEDHsm",
"date":"2013-01-28 20:05:41"
},
{
"kids":[],
"uid":"2401759567",
"parent":"",
"text":"昧着良心说呗[怒]",
"mid":"zgAwpiSHT",
"date":"2013-01-28 20:05:04"
},
{
"kids":[],
"uid":"1324826234",
"parent":"",
"text":"",
"mid":"zgAwjkoP1",
"date":"2013-01-28 20:04:52"
},
{
"kids":[],
"uid":"poetring",
"parent":"",
"text":"",
"mid":"zgAwawadz",
"date":"2013-01-28 20:04:27"
},
{
"kids":[],
"uid":"1739537335",
"parent":"",
"text":"要吃这个盒饭的人估计要自己走到餐车才能吃到。春运期间。可能吗？",
"mid":"zgAvLmKj8",
"date":"2013-01-28 20:03:28"
},
{
"kids":[],
"uid":"2145855975",
"parent":"",
"text":"",
"mid":"zgAvtlbb9",
"date":"2013-01-28 20:02:45"
},
{
"kids":[
"zgANGqiBb"
],
"uid":"liuqibin",
"parent":"",
"text":"央视你真够脏的！[怒]",
"mid":"zgAv61jjQ",
"date":"2013-01-28 20:01:50"
},
{
"kids":[],
"uid":"2098702202",
"parent":"",
"text":"太不接地气咯@作业本",
"mid":"zgAuY0u04",
"date":"2013-01-28 20:01:33"
},
{
"kids":[
"zgAAS9pfl"
],
"uid":"000xyz",
"parent":"",
"text":"真的吗？那太好了。要是假的，尼玛！",
"mid":"zgAuPtd5Z",
"date":"2013-01-28 20:01:10"
},
{
"kids":[],
"uid":"1951784471",
"parent":"",
"text":"",
"mid":"zgAuPrtOo",
"date":"2013-01-28 20:01:13"
}
]