[
{
"kids":[],
"uid":"2244031134",
"parent":"",
"text":"",
"mid":"BhjQOdLsD",
"date":"2014-08-08 12:57:33"
},
{
"kids":[],
"uid":"1904152542",
"parent":"zppDYaJ1l",
"text":"",
"mid":"zA3jftaGz",
"date":"2013-06-05 20:18:05"
},
{
"kids":[],
"uid":"2808428980",
"parent":"znSybs2Ia",
"text":"",
"mid":"zpWACdwOj",
"date":"2013-03-31 08:48:38"
},
{
"kids":[],
"uid":"2789839924",
"parent":"znSybs2Ia",
"text":"",
"mid":"zpKxwDFzh",
"date":"2013-03-30 02:08:02"
},
{
"kids":[
"zA3jftaGz"
],
"uid":"1745961753",
"parent":"zpofQ1QLF",
"text":"最经典的是，标注这个消息不属实，已经被删除了",
"mid":"zppDYaJ1l",
"date":"2013-03-27 20:56:14"
},
{
"kids":[
"zA3jftaGz",
"zppDYaJ1l"
],
"uid":"1880416203",
"parent":"",
"text":"喜迎的事多了，请习惯[神马][浮云]",
"mid":"zpofQ1QLF",
"date":"2013-03-27 17:24:03"
},
{
"kids":[],
"uid":"2789897790",
"parent":"znSybs2Ia",
"text":"",
"mid":"zp037cdLt",
"date":"2013-03-25 03:46:45"
},
{
"kids":[],
"uid":"2803921914",
"parent":"znSybs2Ia",
"text":"",
"mid":"zp036zbcf",
"date":"2013-03-25 03:46:45"
},
{
"kids":[],
"uid":"2789960602",
"parent":"znSmeiThH",
"text":"",
"mid":"zoSCReHpe",
"date":"2013-03-24 08:52:51"
},
{
"kids":[],
"uid":"2919922634",
"parent":"znSmeiThH",
"text":"",
"mid":"zoSCRcZpo",
"date":"2013-03-24 08:52:50"
},
{
"kids":[],
"uid":"1777380910",
"parent":"znSybs2Ia",
"text":"",
"mid":"zoQWsslAD",
"date":"2013-03-24 04:35:38"
},
{
"kids":[],
"uid":"2920399234",
"parent":"znSybs2Ia",
"text":"",
"mid":"zoQWsaKoC",
"date":"2013-03-24 04:35:38"
},
{
"kids":[],
"uid":"2373890467",
"parent":"",
"text":"怒其不争，不如自省吾身",
"mid":"zod8leDCS",
"date":"2013-03-19 23:15:01"
},
{
"kids":[],
"uid":"1698250425",
"parent":"",
"text":"",
"mid":"zo7LCmxEA",
"date":"2013-03-19 09:35:19"
},
{
"kids":[],
"uid":"1154143660",
"parent":"zo7ITBSKa",
"text":"哈，真不实",
"mid":"zo7KoapzY",
"date":"2013-03-19 09:32:18"
},
{
"kids":[
"zo7KoapzY"
],
"uid":"wangxiaoshu73",
"parent":"zo7IdE6SP",
"text":"真是不实啊",
"mid":"zo7ITBSKa",
"date":"2013-03-19 09:28:38"
},
{
"kids":[
"zo7ITBSKa"
],
"uid":"2128053775",
"parent":"",
"text":"哈哈，介个居然是不实信息，新浪V5",
"mid":"zo7IdE6SP",
"date":"2013-03-19 09:26:58"
},
{
"kids":[],
"uid":"2099375072",
"parent":"",
"text":"",
"mid":"zo7EDd2S4",
"date":"2013-03-19 09:18:07"
},
{
"kids":[],
"uid":"1970951391",
"parent":"",
"text":"",
"mid":"zo6Pypa7l",
"date":"2013-03-19 07:12:17"
},
{
"kids":[],
"uid":"1910987780",
"parent":"",
"text":"如果有一天、我老无所依，请把我埋葬在新闻联播里。[话筒]",
"mid":"zo4xHDIts",
"date":"2013-03-19 01:22:49"
},
{
"kids":[],
"uid":"sevenbad",
"parent":"zo1xGhG3z",
"text":"关注了也不会发表滴，人家知道的，比我们可多的多的多了去鸟~",
"mid":"zo1RpE6y8",
"date":"2013-03-18 18:33:09"
},
{
"kids":[
"zo1RpE6y8"
],
"uid":"1449896727",
"parent":"zo0KO2Lyv",
"text":"cctv是政治频道，这民生问题人家不关注滴～",
"mid":"zo1xGhG3z",
"date":"2013-03-18 17:44:31"
},
{
"kids":[],
"uid":"2083095895",
"parent":"",
"text":"",
"mid":"zo1ujEPAb",
"date":"2013-03-18 17:36:12"
},
{
"kids":[
"zo1xGhG3z"
],
"uid":"1231657887",
"parent":"zo0CMqxHY",
"text":"光骂不行，你得@cctv1 @胡锦涛 @习近平",
"mid":"zo0KO2Lyv",
"date":"2013-03-18 15:44:04"
},
{
"kids":[
"zo0KO2Lyv"
],
"uid":"1449896727",
"parent":"znRMn1NoN",
"text":"啊呸呸呸",
"mid":"zo0CMqxHY",
"date":"2013-03-18 15:24:19"
},
{
"kids":[],
"uid":"1879018284",
"parent":"",
"text":"",
"mid":"znYLV40II",
"date":"2013-03-18 10:41:21"
},
{
"kids":[],
"uid":"1935996305",
"parent":"",
"text":"",
"mid":"znYLQlo0A",
"date":"2013-03-18 10:41:10"
},
{
"kids":[],
"uid":"2076073905",
"parent":"znRSV3opf",
"text":"",
"mid":"znYpoxiTB",
"date":"2013-03-18 09:45:51"
},
{
"kids":[],
"uid":"2919303510",
"parent":"",
"text":"",
"mid":"znY61n1aQ",
"date":"2013-03-18 08:58:07"
},
{
"kids":[],
"uid":"2086955357",
"parent":"",
"text":"哈哈",
"mid":"znY0HjblH",
"date":"2013-03-18 08:45:02"
},
{
"kids":[],
"uid":"2789691262",
"parent":"znSmeiThH",
"text":"",
"mid":"znWxtA2Qq",
"date":"2013-03-18 05:00:17"
},
{
"kids":[],
"uid":"2660195275",
"parent":"",
"text":"能再假点吗？",
"mid":"znVGzFAvK",
"date":"2013-03-18 02:49:57"
},
{
"kids":[],
"uid":"1790233887",
"parent":"",
"text":"没节操没下限",
"mid":"znULCvO5Y",
"date":"2013-03-18 00:29:37"
},
{
"kids":[],
"uid":"2192604915",
"parent":"",
"text":"厚颜无耻！",
"mid":"znUB9lGrS",
"date":"2013-03-18 00:03:47"
},
{
"kids":[],
"uid":"2040915647",
"parent":"",
"text":"",
"mid":"znUmxCgLm",
"date":"2013-03-17 23:27:51"
},
{
"kids":[],
"uid":"1449651954",
"parent":"",
"text":"各种无良，都快习惯了",
"mid":"znU9rC8XZ",
"date":"2013-03-17 22:55:35"
},
{
"kids":[],
"uid":"2004104945",
"parent":"",
"text":"",
"mid":"znTTEn6Ft",
"date":"2013-03-17 22:16:40"
},
{
"kids":[],
"uid":"2356309833",
"parent":"",
"text":"央视没有“言论自由”",
"mid":"znTSo4wul",
"date":"2013-03-17 22:13:30"
},
{
"kids":[],
"uid":"1613030860",
"parent":"",
"text":"",
"mid":"znTSgpiyj",
"date":"2013-03-17 22:13:15"
},
{
"kids":[],
"uid":"1886149651",
"parent":"",
"text":"",
"mid":"znTP0hrhD",
"date":"2013-03-17 22:05:13"
},
{
"kids":[],
"uid":"1723740181",
"parent":"",
"text":"转发微博。",
"mid":"znTO70X1s",
"date":"2013-03-17 22:03:01"
},
{
"kids":[],
"uid":"1371974397",
"parent":"",
"text":"",
"mid":"znTMn8FOU",
"date":"2013-03-17 21:58:42"
},
{
"kids":[],
"uid":"chuangyezaijinzhao",
"parent":"",
"text":"请@薛蛮子 能不能搞个调查，看看网友们对央视都是持啥态度啊？",
"mid":"znTKxpEtE",
"date":"2013-03-17 21:54:13"
},
{
"kids":[],
"uid":"1183164392",
"parent":"znRBMuf4i",
"text":"图总是亮点",
"mid":"znTDhD8iK",
"date":"2013-03-17 21:36:19"
},
{
"kids":[],
"uid":"1791384315",
"parent":"",
"text":"还能指望它?!有这念头就先呸自己吧!",
"mid":"znTxF0NMs",
"date":"2013-03-17 21:22:27"
},
{
"kids":[],
"uid":"1971185645",
"parent":"",
"text":"轉發微博",
"mid":"znThtaaPK",
"date":"2013-03-17 20:42:36"
},
{
"kids":[],
"uid":"1267746043",
"parent":"",
"text":"@李小萌",
"mid":"znTbixe85",
"date":"2013-03-17 20:27:23"
},
{
"kids":[],
"uid":"2230884537",
"parent":"",
"text":"呸+1",
"mid":"znT1u7kWA",
"date":"2013-03-17 20:03:13"
},
{
"kids":[],
"uid":"wp13986889408",
"parent":"",
"text":"八点二十发",
"mid":"znT1s4QgI",
"date":"2013-03-17 20:03:08"
},
{
"kids":[],
"uid":"1851920675",
"parent":"znSVH7047",
"text":"",
"mid":"znSZ4jQDn",
"date":"2013-03-17 19:57:17"
},
{
"kids":[],
"uid":"ykdsg",
"parent":"",
"text":"今天看到了央视满大街找人访问苹果的霸道问题，唉，中国人太幸福了，这么多人都买得起那么贵的手机，确实不用太关心其他问题。o yeah YEAH!!， 喜迎物价上涨",
"mid":"znSYa91wh",
"date":"2013-03-17 19:55:03"
},
{
"kids":[
"znSZ4jQDn"
],
"uid":"1685473912",
"parent":"",
"text":"[鼓掌]",
"mid":"znSVH7047",
"date":"2013-03-17 19:48:57"
},
{
"kids":[],
"uid":"2389091902",
"parent":"",
"text":"@习近平@中国共产党@李克强",
"mid":"znSQaA2Aw",
"date":"2013-03-17 19:35:19"
},
{
"kids":[],
"uid":"2505764810",
"parent":"",
"text":"呸",
"mid":"znSPz583m",
"date":"2013-03-17 19:33:52"
},
{
"kids":[],
"uid":"shanghaicounty",
"parent":"znRultXco",
"text":"真是极品啊，指出博主造谣，结果右边传谣的跟我杠上了，真有吃屎以后被人揭穿的恼羞成怒状啊，辩了几句就拉黑我了，这水平",
"mid":"znSFmp9PF",
"date":"2013-03-17 19:08:40"
},
{
"kids":[],
"uid":"2381271813",
"parent":"",
"text":"",
"mid":"znSF759Fk",
"date":"2013-03-17 19:08:06"
},
{
"kids":[],
"uid":"lrhong",
"parent":"znSp81uCJ",
"text":"这图片是亮点",
"mid":"znSAV54ac",
"date":"2013-03-17 18:57:43"
},
{
"kids":[],
"uid":"2842834220",
"parent":"",
"text":"精灵转发。",
"mid":"znSzU6LLM",
"date":"2013-03-17 18:55:13"
},
{
"kids":[
"zpWACdwOj",
"zpKxwDFzh",
"zp037cdLt",
"zp036zbcf",
"zoQWsslAD",
"zoQWsaKoC"
],
"uid":"3284763171",
"parent":"znRmlEgdR",
"text":"嘻嘻哈哈",
"mid":"znSybs2Ia",
"date":"2013-03-17 18:51:00"
},
{
"kids":[],
"uid":"zhangzhan501",
"parent":"",
"text":"",
"mid":"znSy9Dh5h",
"date":"2013-03-17 18:50:57"
},
{
"kids":[],
"uid":"2615861815",
"parent":"",
"text":"omg",
"mid":"znSwKdcl4",
"date":"2013-03-17 18:47:29"
},
{
"kids":[],
"uid":"swblcc",
"parent":"",
"text":"祝他们都漂在黄浦江里",
"mid":"znSvoiupS",
"date":"2013-03-17 18:44:08"
},
{
"kids":[],
"uid":"2571078351",
"parent":"",
"text":"",
"mid":"znStNfc6Y",
"date":"2013-03-17 18:40:14"
},
{
"kids":[],
"uid":"jack2web",
"parent":"znSg8qdq0",
"text":"对头，[给力]",
"mid":"znSstrMrA",
"date":"2013-03-17 18:36:57"
},
{
"kids":[],
"uid":"1993102135",
"parent":"",
"text":"您居然还在看央视的节目，尤其是新闻节目?岂止是自欺欺人，简直就是自欺欺人!",
"mid":"znSs5ugi2",
"date":"2013-03-17 18:35:59"
},
{
"kids":[],
"uid":"shanghaicounty",
"parent":"znSkn5X3K",
"text":"回复@航天小C罗:真是奇了怪了，我骂造谣的人碍着你了么，造谣的人自己倒不吭声，你跳出来反过来帮着造谣的骂人，没说你素质低就不错了",
"mid":"znSq8CCon",
"date":"2013-03-17 18:31:12"
},
{
"kids":[],
"uid":"1967680614",
"parent":"znSp81uCJ",
"text":"[睡觉][鄙视]",
"mid":"znSpBdmGe",
"date":"2013-03-17 18:29:52"
},
{
"kids":[
"znSAV54ac",
"znSpBdmGe"
],
"uid":"jianshuo7",
"parent":"znRn3moHD",
"text":"对不起。现在央视只做让人觉得弱智的事。",
"mid":"znSp81uCJ",
"date":"2013-03-17 18:28:43"
},
{
"kids":[],
"uid":"2684408503",
"parent":"",
"text":"",
"mid":"znSoEpZbd",
"date":"2013-03-17 18:27:33"
},
{
"kids":[
"zoSCReHpe",
"zoSCRcZpo",
"znWxtA2Qq"
],
"uid":"1987622433",
"parent":"",
"text":"",
"mid":"znSmeiThH",
"date":"2013-03-17 18:21:35"
},
{
"kids":[],
"uid":"523445010",
"parent":"znSibrsge",
"text":"",
"mid":"znSlkc1zB",
"date":"2013-03-17 18:19:21"
},
{
"kids":[
"znSq8CCon"
],
"uid":"shanghaicounty",
"parent":"znRwGjG6G",
"text":"回复@航天小C罗:这种造谣的营销号就该死绝，把微博搞的乌烟瘴气，难道你喜欢并支持造谣？",
"mid":"znSkn5X3K",
"date":"2013-03-17 18:16:57"
},
{
"kids":[
"znSlkc1zB"
],
"uid":"1514490150",
"parent":"znRH79Qbb",
"text":"——>",
"mid":"znSibrsge",
"date":"2013-03-17 18:11:37"
},
{
"kids":[],
"uid":"2172002491",
"parent":"",
"text":"你幸福吗？？",
"mid":"znShqruc8",
"date":"2013-03-17 18:09:43"
},
{
"kids":[
"znSstrMrA"
],
"uid":"blackwhite1982",
"parent":"",
"text":"支持华为D2@刘璐lucia ，最近谋划购入一台，坚决拒绝苹果",
"mid":"znSg8qdq0",
"date":"2013-03-17 18:06:33"
},
{
"kids":[],
"uid":"1823138095",
"parent":"",
"text":"轉發微博",
"mid":"znSetfHpb",
"date":"2013-03-17 18:02:26"
},
{
"kids":[],
"uid":"1993102135",
"parent":"",
"text":"呵呵",
"mid":"znSe82uz7",
"date":"2013-03-17 18:01:35"
},
{
"kids":[],
"uid":"2520120390",
"parent":"znS980UNj",
"text":"喜迎油价上涨~比喜当爹大块人心@那厮放下武器速速束手就擒兽不如",
"mid":"znSbPxDp4",
"date":"2013-03-17 17:55:59"
},
{
"kids":[],
"uid":"zhoulau",
"parent":"znRCaqwPT",
"text":"[汗]。。。",
"mid":"znSbCyCeZ",
"date":"2013-03-17 17:55:27"
},
{
"kids":[
"znSbPxDp4"
],
"uid":"2415054302",
"parent":"",
"text":"难以置信，，，，，",
"mid":"znS980UNj",
"date":"2013-03-17 17:49:18"
},
{
"kids":[],
"uid":"shanghaicounty",
"parent":"znRwGjG6G",
"text":"回复@航天小C罗:就事论事，那张图的确是ps的，辟谣说是ps的就是五毛？孰是孰非自己知道。可以有立场，但不要不分是非！",
"mid":"znS6O6UYb",
"date":"2013-03-17 17:43:35"
},
{
"kids":[],
"uid":"phoenix1314",
"parent":"",
"text":"迎你妹！sb央视！",
"mid":"znS6M4aq6",
"date":"2013-03-17 17:43:31"
},
{
"kids":[],
"uid":"1653837472",
"parent":"",
"text":"",
"mid":"znS67Av3T",
"date":"2013-03-17 17:41:54"
},
{
"kids":[],
"uid":"xujie66",
"parent":"",
"text":"截图真恶心！",
"mid":"znS5W5crz",
"date":"2013-03-17 17:41:24"
},
{
"kids":[],
"uid":"1895844235",
"parent":"",
"text":"轉發微博",
"mid":"znS2yvjmn",
"date":"2013-03-17 17:33:05"
},
{
"kids":[],
"uid":"yingcong1314",
"parent":"",
"text":"粉饰太平是@央视新闻 的专长。",
"mid":"znS2xkt6n",
"date":"2013-03-17 17:33:04"
},
{
"kids":[],
"uid":"1020882892",
"parent":"",
"text":"中国肿么了？",
"mid":"znRWTbMto",
"date":"2013-03-17 17:19:06"
},
{
"kids":[],
"uid":"2694298127",
"parent":"znREwlAz8",
"text":"你读读，CCTV说的啥，我听着不像人话@小东读世界",
"mid":"znRVr38i0",
"date":"2013-03-17 17:15:34"
},
{
"kids":[],
"uid":"reyism",
"parent":"",
"text":"",
"mid":"znRUqpc7F",
"date":"2013-03-17 17:13:05"
},
{
"kids":[],
"uid":"tianlanxiang",
"parent":"",
"text":"没药可救了",
"mid":"znRU4hs6m",
"date":"2013-03-17 17:12:12"
},
{
"kids":[],
"uid":"1999136023",
"parent":"",
"text":"央视，呸呸呸！",
"mid":"znRTVnuR0",
"date":"2013-03-17 17:11:50"
},
{
"kids":[
"znYpoxiTB"
],
"uid":"1497051700",
"parent":"",
"text":"@堕落夜游神",
"mid":"znRSV3opf",
"date":"2013-03-17 17:09:22"
},
{
"kids":[],
"uid":"zhy286185089",
"parent":"",
"text":"殃 屎!!!!!!!!!!!!!!!!!!!!!!!!!!!!!!!!!!!!!!!!!!!!!!!!!!!!!!!!!!!! 为什么这样 ??",
"mid":"znRSEuhx0",
"date":"2013-03-17 17:08:41"
},
{
"kids":[],
"uid":"xu61",
"parent":"",
"text":"",
"mid":"znRQ95AsV",
"date":"2013-03-17 17:02:31"
},
{
"kids":[],
"uid":"2110275702",
"parent":"",
"text":"",
"mid":"znRQ4D5S4",
"date":"2013-03-17 17:02:22"
},
{
"kids":[],
"uid":"yivianbao",
"parent":"",
"text":"",
"mid":"znROHvPAS",
"date":"2013-03-17 16:59:00"
},
{
"kids":[],
"uid":"keiyue",
"parent":"",
"text":"[威武][威武][威武]",
"mid":"znRNJzBqO",
"date":"2013-03-17 16:56:35"
},
{
"kids":[],
"uid":"2435627242",
"parent":"",
"text":"转发微博。",
"mid":"znRNEw15T",
"date":"2013-03-17 16:56:23"
},
{
"kids":[],
"uid":"stonnybath",
"parent":"",
"text":"",
"mid":"znRNkqnBb",
"date":"2013-03-17 16:55:36"
},
{
"kids":[
"zo0CMqxHY"
],
"uid":"sevenbad",
"parent":"znRFki55G",
"text":"呸！",
"mid":"znRMn1NoN",
"date":"2013-03-17 16:53:11"
},
{
"kids":[],
"uid":"baldanzoso",
"parent":"",
"text":"现在的央视貌似又不醒了，曾经醒过那么一小段时间",
"mid":"znRL6a4J7",
"date":"2013-03-17 16:50:04"
},
{
"kids":[],
"uid":"dukecheng0625",
"parent":"",
"text":"",
"mid":"znRL2idlO",
"date":"2013-03-17 16:49:56"
},
{
"kids":[],
"uid":"qq57439621",
"parent":"",
"text":"[围观]",
"mid":"znRKJ88pG",
"date":"2013-03-17 16:49:11"
},
{
"kids":[],
"uid":"taiyangyeshao",
"parent":"",
"text":"",
"mid":"znRJPzAnD",
"date":"2013-03-17 16:46:59"
},
{
"kids":[],
"uid":"2047712272",
"parent":"",
"text":"搞笑电视台",
"mid":"znRIlC0UB",
"date":"2013-03-17 16:43:20"
},
{
"kids":[],
"uid":"wangshiyuan800",
"parent":"",
"text":"",
"mid":"znRI349n4",
"date":"2013-03-17 16:42:33"
},
{
"kids":[],
"uid":"2445248031",
"parent":"",
"text":"",
"mid":"znRHF53il",
"date":"2013-03-17 16:41:38"
},
{
"kids":[
"znSibrsge"
],
"uid":"sagarhea",
"parent":"znRsi8g2l",
"text":"呸",
"mid":"znRH79Qbb",
"date":"2013-03-17 16:40:17"
},
{
"kids":[
"znRMn1NoN"
],
"uid":"dtxv5",
"parent":"",
"text":"呸！",
"mid":"znRFki55G",
"date":"2013-03-17 16:35:52"
},
{
"kids":[],
"uid":"evattt",
"parent":"",
"text":"太tm的狗血了吧！还喜迎油价上涨…次奥[挖鼻屎]",
"mid":"znREUl8F0",
"date":"2013-03-17 16:34:49"
},
{
"kids":[
"znRVr38i0"
],
"uid":"cpuc",
"parent":"",
"text":"确实挺可笑的",
"mid":"znREwlAz8",
"date":"2013-03-17 16:33:54"
},
{
"kids":[],
"uid":"1325591643",
"parent":"",
"text":"喜迎油价上涨。。。[笑哈哈]",
"mid":"znRE7x5gE",
"date":"2013-03-17 16:32:54"
},
{
"kids":[],
"uid":"enternchen",
"parent":"",
"text":"可笑~iphone的中国问题是售后问题，不仅仅是一个后盖，就事论事应该就问题讲问题，把其他不作为问题拿过来制造民愤实为可笑~每天没事找事黑政府发泄情绪有意思么？",
"mid":"znRDwBQ84",
"date":"2013-03-17 16:31:27"
},
{
"kids":[],
"uid":"shaochangqing",
"parent":"",
"text":"",
"mid":"znRD61ftQ",
"date":"2013-03-17 16:30:23"
},
{
"kids":[
"znSbCyCeZ"
],
"uid":"1835909823",
"parent":"",
"text":"群众喜迎房价上涨(ps：我不在群众之列，你在吗？@FFFFFFFFFtaO @5i5j念钰 @苗苗5323 @ ）",
"mid":"znRCaqwPT",
"date":"2013-03-17 16:28:06"
},
{
"kids":[
"znTDhD8iK"
],
"uid":"3225395307",
"parent":"",
"text":"@idodolook 这图我[嘻嘻]嘭了…",
"mid":"znRBMuf4i",
"date":"2013-03-17 16:27:09"
},
{
"kids":[],
"uid":"2725380815",
"parent":"",
"text":"",
"mid":"znRBqgKEO",
"date":"2013-03-17 16:26:15"
},
{
"kids":[],
"uid":"2210910494",
"parent":"",
"text":"不再关注此微博，没学到什么，尽看到造谣！",
"mid":"znRzZlSDu",
"date":"2013-03-17 16:22:43"
},
{
"kids":[],
"uid":"1767351644",
"parent":"",
"text":"转发只是转发",
"mid":"znRyuiRGH",
"date":"2013-03-17 16:19:02"
},
{
"kids":[],
"uid":"aizhimin",
"parent":"",
"text":"",
"mid":"znRyqrpUe",
"date":"2013-03-17 16:18:51"
},
{
"kids":[],
"uid":"2087629137",
"parent":"znRp6t3wc",
"text":"",
"mid":"znRyjEmUL",
"date":"2013-03-17 16:18:37"
},
{
"kids":[
"znSkn5X3K",
"znS6O6UYb"
],
"uid":"shanghaicounty",
"parent":"znRultXco",
"text":"ps的图，造谣死全家，营销号死爹娘！",
"mid":"znRwGjG6G",
"date":"2013-03-17 16:14:35"
},
{
"kids":[],
"uid":"sudaxuzhou",
"parent":"",
"text":"脸还要吗？",
"mid":"znRwtxoCa",
"date":"2013-03-17 16:14:05"
},
{
"kids":[],
"uid":"3cwinner",
"parent":"",
"text":"虽已多年未看CCTV,但还是要：呸！呸！呸！",
"mid":"znRv0gRFg",
"date":"2013-03-17 16:10:25"
},
{
"kids":[],
"uid":"2316272443",
"parent":"",
"text":"",
"mid":"znRupjxZq",
"date":"2013-03-17 16:09:00"
},
{
"kids":[
"znSFmp9PF",
"znRwGjG6G"
],
"uid":"1731688122",
"parent":"",
"text":"喜迎，无耻到什么程度才能说出这样不知羞耻的词啊",
"mid":"znRultXco",
"date":"2013-03-17 16:08:50"
},
{
"kids":[],
"uid":"1790933155",
"parent":"",
"text":"干点实事",
"mid":"znRsXumM8",
"date":"2013-03-17 16:05:23"
},
{
"kids":[],
"uid":"1710341614",
"parent":"",
"text":"我们应该抵制央视！拒绝收看央视，并直到他们做出整改！",
"mid":"znRsokvth",
"date":"2013-03-17 16:04:01"
},
{
"kids":[
"znRH79Qbb"
],
"uid":"1947610661",
"parent":"znRpWcPd4",
"text":"",
"mid":"znRsi8g2l",
"date":"2013-03-17 16:03:47"
},
{
"kids":[],
"uid":"yzbsxcl",
"parent":"",
"text":"",
"mid":"znRs9hlp0",
"date":"2013-03-17 16:03:23"
},
{
"kids":[],
"uid":"1927372234",
"parent":"",
"text":"",
"mid":"znRs61mcz",
"date":"2013-03-17 16:03:18"
},
{
"kids":[],
"uid":"531086123",
"parent":"znRmHuhqi",
"text":"[弱]",
"mid":"znRrNoakr",
"date":"2013-03-17 16:02:33"
},
{
"kids":[],
"uid":"zqcneed",
"parent":"",
"text":"呸！",
"mid":"znRrpd3N1",
"date":"2013-03-17 16:01:35"
},
{
"kids":[],
"uid":"cyfrain",
"parent":"",
"text":"这图片是PS的不？！",
"mid":"znRqRu2QS",
"date":"2013-03-17 16:00:13"
},
{
"kids":[],
"uid":"2174038493",
"parent":"",
"text":"",
"mid":"znRqzaToF",
"date":"2013-03-17 15:59:31"
},
{
"kids":[],
"uid":"1416443021",
"parent":"",
"text":"神一般的央视",
"mid":"znRqmslLe",
"date":"2013-03-17 15:59:00"
},
{
"kids":[],
"uid":"moligbang",
"parent":"",
"text":"焦点在配图",
"mid":"znRqalrWK",
"date":"2013-03-17 15:58:32"
},
{
"kids":[],
"uid":"fenghua6599",
"parent":"",
"text":"[围观][给力]",
"mid":"znRq30K9G",
"date":"2013-03-17 15:58:14"
},
{
"kids":[],
"uid":"3169153622",
"parent":"",
"text":"",
"mid":"znRpXnFLw",
"date":"2013-03-17 15:58:01"
},
{
"kids":[
"znRsi8g2l"
],
"uid":"1934560732",
"parent":"",
"text":"",
"mid":"znRpWcPd4",
"date":"2013-03-17 15:57:58"
},
{
"kids":[],
"uid":"1872985717",
"parent":"",
"text":"就冲你这条微博，你以后再怎么打广告搞营销我都不取消你关注了。",
"mid":"znRpSAvCa",
"date":"2013-03-17 15:57:49"
},
{
"kids":[],
"uid":"kuailemuyukunny",
"parent":"",
"text":"",
"mid":"znRpR93w2",
"date":"2013-03-17 15:57:45"
},
{
"kids":[],
"uid":"zhangbo2000",
"parent":"",
"text":"你绝望了，还要拉上全国人民陪葬？博主，我鄙视你",
"mid":"znRpNCq9j",
"date":"2013-03-17 15:57:38"
},
{
"kids":[],
"uid":"1910749592",
"parent":"",
"text":"央视已经变了味道",
"mid":"znRpH6eXr",
"date":"2013-03-17 15:57:22"
},
{
"kids":[],
"uid":"wankazhuoyou",
"parent":"",
"text":"中央出品，必属精品",
"mid":"znRpqhMgS",
"date":"2013-03-17 15:56:42"
},
{
"kids":[],
"uid":"ashleyshu0526",
"parent":"",
"text":"只求可以健康活",
"mid":"znRppDTbS",
"date":"2013-03-17 15:56:41"
},
{
"kids":[
"znRyjEmUL"
],
"uid":"2093199810",
"parent":"",
"text":"看到这张图片我有种想打人的冲动",
"mid":"znRp6t3wc",
"date":"2013-03-17 15:55:53"
},
{
"kids":[],
"uid":"1934288065",
"parent":"",
"text":"表示无语，媒体请坚守你们的底线，否则愧对你们的世界同行，愧对你们的列祖列宗[酷]",
"mid":"znRp2luqL",
"date":"2013-03-17 15:55:42"
},
{
"kids":[],
"uid":"1822775513",
"parent":"",
"text":"转发微博。",
"mid":"znRoM4ga9",
"date":"2013-03-17 15:55:06"
},
{
"kids":[],
"uid":"jlmk",
"parent":"",
"text":"",
"mid":"znRoLsCqR",
"date":"2013-03-17 15:55:05"
},
{
"kids":[],
"uid":"toczte",
"parent":"",
"text":"在有限的空间内，它选择做好它能做的事，仅此而已，也只能如此。",
"mid":"znRoropUm",
"date":"2013-03-17 15:54:16"
},
{
"kids":[],
"uid":"2983030845",
"parent":"",
"text":"没看过那个图吧",
"mid":"znRo2wy64",
"date":"2013-03-17 15:53:18"
},
{
"kids":[],
"uid":"boxindajiaju",
"parent":"",
"text":"别去指望央视[汗]",
"mid":"znRnR1hS4",
"date":"2013-03-17 15:52:48"
},
{
"kids":[],
"uid":"1059717537",
"parent":"",
"text":"",
"mid":"znRnMD3J6",
"date":"2013-03-17 15:52:40"
},
{
"kids":[],
"uid":"2178289661",
"parent":"",
"text":"",
"mid":"znRnpx72M",
"date":"2013-03-17 15:51:46"
},
{
"kids":[],
"uid":"1763157047",
"parent":"",
"text":"wwwwwwwwwwwwwwww[转发]",
"mid":"znRnkuHYT",
"date":"2013-03-17 15:51:32"
},
{
"kids":[],
"uid":"1423259574",
"parent":"",
"text":"CCAV，我只看5",
"mid":"znRncie5t",
"date":"2013-03-17 15:51:13"
},
{
"kids":[],
"uid":"xiaopangmd",
"parent":"",
"text":"",
"mid":"znRn5b2H9",
"date":"2013-03-17 15:50:56"
},
{
"kids":[
"znSp81uCJ"
],
"uid":"2093901220",
"parent":"",
"text":"@zD调 @Vacant_Lee 对不起，我笑点低了[膜拜了]",
"mid":"znRn3moHD",
"date":"2013-03-17 15:50:51"
},
{
"kids":[],
"uid":"1377153074",
"parent":"",
"text":"是真的么?还涨不?",
"mid":"znRmZ0r2U",
"date":"2013-03-17 15:50:41"
},
{
"kids":[],
"uid":"2128053775",
"parent":"",
"text":"CCTV，我呸",
"mid":"znRmXb920",
"date":"2013-03-17 15:50:37"
},
{
"kids":[
"znRrNoakr"
],
"uid":"wanqingmu",
"parent":"",
"text":"[酷]",
"mid":"znRmHuhqi",
"date":"2013-03-17 15:50:00"
},
{
"kids":[
"znSybs2Ia"
],
"uid":"jingwuyouzi",
"parent":"",
"text":"",
"mid":"znRmlEgdR",
"date":"2013-03-17 15:49:07"
},
{
"kids":[],
"uid":"1562719982",
"parent":"",
"text":"不亏是ccav啊！说谎都理直气壮的",
"mid":"znRmj0YBt",
"date":"2013-03-17 15:48:59"
},
{
"kids":[],
"uid":"819820209",
"parent":"",
"text":"",
"mid":"znRlWwdF5",
"date":"2013-03-17 15:48:09"
}
]