[
{
"kids":[],
"uid":"1846567617",
"parent":"zbEsZ3orW",
"text":"",
"mid":"zeQBuotUf",
"date":"2013-01-17 09:20:56"
},
{
"kids":[],
"uid":"2201408280",
"parent":"za7X9e2q6",
"text":"",
"mid":"zepIYALgZ",
"date":"2013-01-14 12:55:15"
},
{
"kids":[],
"uid":"ken9786",
"parent":"",
"text":"反贪功臣啊",
"mid":"zbROefcF1",
"date":"2012-12-28 18:54:10"
},
{
"kids":[
"zeQBuotUf"
],
"uid":"1846567617",
"parent":"za7jLhTfa",
"text":"",
"mid":"zbEsZ3orW",
"date":"2012-12-27 08:56:07"
},
{
"kids":[],
"uid":"2936330265",
"parent":"",
"text":"公共厕所[挖鼻屎]",
"mid":"zaX5hejjH",
"date":"2012-12-22 18:29:35"
},
{
"kids":[],
"uid":"2804562150",
"parent":"zadLAot1B",
"text":"",
"mid":"zaQlpmIfG",
"date":"2012-12-22 01:20:07"
},
{
"kids":[],
"uid":"2190406293",
"parent":"",
"text":"一看就是不实信息!",
"mid":"zaPtucWT7",
"date":"2012-12-21 23:07:14"
},
{
"kids":[],
"uid":"2350568152",
"parent":"",
"text":"",
"mid":"zaNuRaiDO",
"date":"2012-12-21 18:05:09"
},
{
"kids":[],
"uid":"2669727664",
"parent":"",
"text":"",
"mid":"zaMiDeaaF",
"date":"2012-12-21 15:02:16"
},
{
"kids":[],
"uid":"2919727142",
"parent":"zadLAot1B",
"text":"",
"mid":"zaKGphc77",
"date":"2012-12-21 10:55:20"
},
{
"kids":[],
"uid":"2139365875",
"parent":"",
"text":"",
"mid":"zaGHhrpQ5",
"date":"2012-12-21 00:46:32"
},
{
"kids":[],
"uid":"yipinguangmang",
"parent":"zaCoDenOd",
"text":"回复@noles:呵呵。闹大了",
"mid":"zaCqXrrAU",
"date":"2012-12-20 13:55:18"
},
{
"kids":[
"zaCqXrrAU"
],
"uid":"yipinguangmang",
"parent":"",
"text":"回复@多多-猫婶:少不了台面的耍孩子，干出这种操蛋的事也正常",
"mid":"zaCoDenOd",
"date":"2012-12-20 13:49:36"
},
{
"kids":[],
"uid":"716524568",
"parent":"",
"text":"新浪说：此内容为不实消息，已处理。",
"mid":"zaBRk3hSh",
"date":"2012-12-20 12:27:32"
},
{
"kids":[],
"uid":"yipinguangmang",
"parent":"",
"text":"大脑子，懂得利用资源，并且有手腕！",
"mid":"zaBRdwKIt",
"date":"2012-12-20 12:27:17"
},
{
"kids":[],
"uid":"xhbstdq",
"parent":"",
"text":"",
"mid":"zavSWrnlN",
"date":"2012-12-19 21:15:03"
},
{
"kids":[],
"uid":"2355623811",
"parent":"",
"text":"公共XX？ 这是什么社会？ 四大名捕呢？",
"mid":"zan1PEnM3",
"date":"2012-12-18 22:42:13"
},
{
"kids":[],
"uid":"2562989950",
"parent":"",
"text":"",
"mid":"zamZRBlsI",
"date":"2012-12-18 22:37:20"
},
{
"kids":[],
"uid":"2416478363",
"parent":"",
"text":"",
"mid":"zalWw7Ihh",
"date":"2012-12-18 19:56:23"
},
{
"kids":[],
"uid":"2236284091",
"parent":"",
"text":"",
"mid":"zakB1nj5H",
"date":"2012-12-18 16:30:39"
},
{
"kids":[],
"uid":"1408482182",
"parent":"",
"text":"",
"mid":"zakwLvH8i",
"date":"2012-12-18 16:20:09"
},
{
"kids":[],
"uid":"2711425533",
"parent":"",
"text":"",
"mid":"zahQjrJTl",
"date":"2012-12-18 09:30:07"
},
{
"kids":[],
"uid":"1408363523",
"parent":"",
"text":"是跟公供汽车一样刷卡就能上吗？？要是在北京四毛一次，不过在上海就按公里计费了吧。贵:-(   @襄阳小螺",
"mid":"zaggOB0NT",
"date":"2012-12-18 05:29:54"
},
{
"kids":[],
"uid":"2920087162",
"parent":"za7C8Fpm5",
"text":"",
"mid":"zag8si6fy",
"date":"2012-12-18 05:09:19"
},
{
"kids":[],
"uid":"1581743530",
"parent":"za7C8Fpm5",
"text":"",
"mid":"zag8si6ew",
"date":"2012-12-18 05:09:18"
},
{
"kids":[],
"uid":"2803804490",
"parent":"za85vey02",
"text":"",
"mid":"zaeYybKNu",
"date":"2012-12-18 02:12:10"
},
{
"kids":[],
"uid":"1582897032",
"parent":"za5e9lRCb",
"text":"",
"mid":"zaeWZxRlj",
"date":"2012-12-18 02:08:20"
},
{
"kids":[],
"uid":"2919351624",
"parent":"za4QhhKoB",
"text":"",
"mid":"zaeWI7Yz4",
"date":"2012-12-18 02:07:38"
},
{
"kids":[],
"uid":"1520977997",
"parent":"za7sXiYlW",
"text":"",
"mid":"zaei4ttxJ",
"date":"2012-12-18 00:27:32"
},
{
"kids":[],
"uid":"2920393652",
"parent":"za8qMljgz",
"text":"",
"mid":"zaecGh4CQ",
"date":"2012-12-18 00:14:14"
},
{
"kids":[
"zaQlpmIfG",
"zaKGphc77"
],
"uid":"1800890503",
"parent":"",
"text":"@李螃蟹 @城堡外的尾巴 @and-o @ai麗莎儿",
"mid":"zadLAot1B",
"date":"2012-12-17 23:07:28"
},
{
"kids":[],
"uid":"2562363245",
"parent":"",
"text":"",
"mid":"zadE8f8y5",
"date":"2012-12-17 22:49:04"
},
{
"kids":[],
"uid":"94702821",
"parent":"",
"text":"",
"mid":"zacWn2CjV",
"date":"2012-12-17 21:01:19"
},
{
"kids":[],
"uid":"2153202302",
"parent":"",
"text":"",
"mid":"zacRNmIP3",
"date":"2012-12-17 20:50:03"
},
{
"kids":[],
"uid":"2707161393",
"parent":"",
"text":"",
"mid":"zac7i1l97",
"date":"2012-12-17 18:55:26"
},
{
"kids":[],
"uid":"1942790735",
"parent":"za8AqmwI2",
"text":"",
"mid":"zabQoronD",
"date":"2012-12-17 18:13:49"
},
{
"kids":[],
"uid":"1723898615",
"parent":"za53syHcf",
"text":"",
"mid":"zabynsrII",
"date":"2012-12-17 17:29:27"
},
{
"kids":[],
"uid":"2036807827",
"parent":"za7HYnvKF",
"text":"共产共妻",
"mid":"zabtm1tcl",
"date":"2012-12-17 17:17:03"
},
{
"kids":[],
"uid":"2255845853",
"parent":"",
"text":"",
"mid":"zab0JBuVt",
"date":"2012-12-17 16:06:33"
},
{
"kids":[],
"uid":"1874055232",
"parent":"za7XVEjPN",
"text":"",
"mid":"zaaYF6mFk",
"date":"2012-12-17 16:01:28"
},
{
"kids":[],
"uid":"2789977422",
"parent":"",
"text":"",
"mid":"zaaS9oQwj",
"date":"2012-12-17 15:45:23"
},
{
"kids":[],
"uid":"2556986952",
"parent":"",
"text":"",
"mid":"zaaFVsOrb",
"date":"2012-12-17 15:15:18"
},
{
"kids":[],
"uid":"2270987413",
"parent":"",
"text":"",
"mid":"za9Xe3BN1",
"date":"2012-12-17 13:25:10"
},
{
"kids":[],
"uid":"2178084811",
"parent":"za7HYnvKF",
"text":"斯巴达以后，共产主义的新高潮！",
"mid":"za9MEF0OT",
"date":"2012-12-17 12:59:08"
},
{
"kids":[],
"uid":"2957631973",
"parent":"",
"text":"",
"mid":"za9LRlK7O",
"date":"2012-12-17 12:57:09"
},
{
"kids":[],
"uid":"634678669",
"parent":"",
"text":"狗屁张曼玉",
"mid":"za9IS2eYC",
"date":"2012-12-17 12:49:48"
},
{
"kids":[],
"uid":"1764816874",
"parent":"",
"text":"妖精，拿命来",
"mid":"za9GFfzP8",
"date":"2012-12-17 12:44:22"
},
{
"kids":[],
"uid":"1098600674",
"parent":"",
"text":"实现共产共妻，大同社会了",
"mid":"za9Dyy7Nf",
"date":"2012-12-17 12:36:42"
},
{
"kids":[],
"uid":"2596337491",
"parent":"",
"text":"",
"mid":"za9CluvhR",
"date":"2012-12-17 12:33:44"
},
{
"kids":[],
"uid":"1853850555",
"parent":"",
"text":"",
"mid":"za9svDpzu",
"date":"2012-12-17 12:09:30"
},
{
"kids":[],
"uid":"1261380447",
"parent":"za8tPFOTV",
"text":"[晕]",
"mid":"za9nyivu6",
"date":"2012-12-17 11:57:16"
},
{
"kids":[],
"uid":"baohetaihe",
"parent":"",
"text":"功夫女熊猫！",
"mid":"za9jTmkgK",
"date":"2012-12-17 11:48:16"
},
{
"kids":[],
"uid":"2811233680",
"parent":"za7Ie4kZA",
"text":"",
"mid":"za9eKe9qI",
"date":"2012-12-17 11:35:34"
},
{
"kids":[],
"uid":"2920574920",
"parent":"za7Ie4kZA",
"text":"",
"mid":"za9eJCvIK",
"date":"2012-12-17 11:35:34"
},
{
"kids":[],
"uid":"2789658294",
"parent":"",
"text":"",
"mid":"za9bH7vZk",
"date":"2012-12-17 11:28:02"
},
{
"kids":[],
"uid":"2919375402",
"parent":"",
"text":"",
"mid":"za9bGvSgm",
"date":"2012-12-17 11:28:02"
},
{
"kids":[],
"uid":"2874723143",
"parent":"",
"text":"",
"mid":"za99qboMf",
"date":"2012-12-17 11:22:28"
},
{
"kids":[],
"uid":"1726828787",
"parent":"za7C8Fpm5",
"text":"",
"mid":"za98NsvOX",
"date":"2012-12-17 11:20:56"
},
{
"kids":[],
"uid":"1584057331",
"parent":"za7C8Fpm5",
"text":"",
"mid":"za98Ns3Jo",
"date":"2012-12-17 11:20:55"
},
{
"kids":[],
"uid":"zxt19760629",
"parent":"za7XVEjPN",
"text":"反腐利器",
"mid":"za97N9rGY",
"date":"2012-12-17 11:18:27"
},
{
"kids":[],
"uid":"1684023012",
"parent":"za7kkcwPx",
"text":"共党万岁！",
"mid":"za97zvanM",
"date":"2012-12-17 11:17:55"
},
{
"kids":[],
"uid":"colin0603",
"parent":"za86Rskqu",
"text":"挺好，不浪费。",
"mid":"za92i6zk8",
"date":"2012-12-17 11:04:55"
},
{
"kids":[],
"uid":"1707431722",
"parent":"",
"text":"",
"mid":"za8XZ2VGX",
"date":"2012-12-17 10:54:17"
},
{
"kids":[],
"uid":"1589463585",
"parent":"",
"text":"",
"mid":"za8X6k3aD",
"date":"2012-12-17 10:52:07"
},
{
"kids":[],
"uid":"2173305702",
"parent":"",
"text":"",
"mid":"za8TJ7HLg",
"date":"2012-12-17 10:43:48"
},
{
"kids":[],
"uid":"1588267261",
"parent":"",
"text":"",
"mid":"za8Ox1Ice",
"date":"2012-12-17 10:30:59"
},
{
"kids":[],
"uid":"2789850580",
"parent":"",
"text":"",
"mid":"za8Ox1Iaz",
"date":"2012-12-17 10:31:00"
},
{
"kids":[],
"uid":"2300747125",
"parent":"za7FDi0rU",
"text":"横看竖看不像张曼玉好伐[哼]",
"mid":"za8Nm5wiY",
"date":"2012-12-17 10:28:05"
},
{
"kids":[],
"uid":"2659430183",
"parent":"",
"text":"",
"mid":"za8N5brzD",
"date":"2012-12-17 10:27:26"
},
{
"kids":[],
"uid":"2405339583",
"parent":"",
"text":"",
"mid":"za8MwCchU",
"date":"2012-12-17 10:26:04"
},
{
"kids":[],
"uid":"2332042513",
"parent":"za7MQElen",
"text":"",
"mid":"za8LegEPf",
"date":"2012-12-17 10:22:52"
},
{
"kids":[],
"uid":"1931738934",
"parent":"",
"text":"",
"mid":"za8KzcWJ4",
"date":"2012-12-17 10:21:14"
},
{
"kids":[],
"uid":"1828380361",
"parent":"",
"text":"博主的不实信息也不是第一次，昨天连人日微博也发这个。都特么能靠谱些吗？",
"mid":"za8KqiDsR",
"date":"2012-12-17 10:20:52"
},
{
"kids":[],
"uid":"1948114601",
"parent":"za7XVEjPN",
"text":"",
"mid":"za8HuAAfu",
"date":"2012-12-17 10:13:40"
},
{
"kids":[],
"uid":"2390897604",
"parent":"",
"text":"不实？",
"mid":"za8Fuc3hh",
"date":"2012-12-17 10:08:43"
},
{
"kids":[],
"uid":"1653543624",
"parent":"",
"text":"",
"mid":"za8Ffp3vu",
"date":"2012-12-17 10:08:08"
},
{
"kids":[],
"uid":"1651826051",
"parent":"",
"text":"反腐无需剑，女侠善嘿咻，事了拂衣去，沧海泛轻舟。",
"mid":"za8F54YhD",
"date":"2012-12-17 10:07:42"
},
{
"kids":[],
"uid":"518123285",
"parent":"za4CIjIvK",
"text":"反腐标兵",
"mid":"za8CC2gSn",
"date":"2012-12-17 10:01:37"
},
{
"kids":[],
"uid":"x1aomao259758",
"parent":"za7z1pZWu",
"text":"哈哈",
"mid":"za8CaeFLS",
"date":"2012-12-17 10:00:32"
},
{
"kids":[],
"uid":"2047953185",
"parent":"",
"text":"",
"mid":"za8B90mIB",
"date":"2012-12-17 09:58:01"
},
{
"kids":[],
"uid":"1597456272",
"parent":"za7UhFrf3",
"text":"公用牙刷〜",
"mid":"za8B65xh6",
"date":"2012-12-17 09:57:54"
},
{
"kids":[
"zabQoronD"
],
"uid":"311699906",
"parent":"za8za7Fye",
"text":"长得不错，怪不得呢",
"mid":"za8AqmwI2",
"date":"2012-12-17 09:56:15"
},
{
"kids":[],
"uid":"1967991504",
"parent":"",
"text":"一双勾人眼",
"mid":"za8zVmeSO",
"date":"2012-12-17 09:55:01"
},
{
"kids":[],
"uid":"2198390864",
"parent":"",
"text":"[呵呵][呵呵][呵呵][呵呵]",
"mid":"za8zPcicc",
"date":"2012-12-17 09:54:46"
},
{
"kids":[],
"uid":"2647241683",
"parent":"za8hR7UvM",
"text":"",
"mid":"za8zggfsY",
"date":"2012-12-17 09:53:22"
},
{
"kids":[
"za8AqmwI2"
],
"uid":"jackiewell",
"parent":"",
"text":"中国的贪官们最先做到了GPL",
"mid":"za8za7Fye",
"date":"2012-12-17 09:53:08"
},
{
"kids":[],
"uid":"2840565915",
"parent":"",
"text":"#热门微博# http:",
"mid":"za8xzEOrn",
"date":"2012-12-17 09:49:13"
},
{
"kids":[],
"uid":"xiaobu78a",
"parent":"",
"text":"",
"mid":"za8xgs586",
"date":"2012-12-17 09:48:28"
},
{
"kids":[],
"uid":"123690530",
"parent":"",
"text":"人家有这个本事.你有吗？公共情妇这么好当？",
"mid":"za8wmAUrx",
"date":"2012-12-17 09:46:15"
},
{
"kids":[],
"uid":"2799124372",
"parent":"",
"text":"",
"mid":"za8weCu9I",
"date":"2012-12-17 09:45:56"
},
{
"kids":[],
"uid":"xiaodege",
"parent":"za8uzfAm8",
"text":"像蛇妖",
"mid":"za8w6nfm0",
"date":"2012-12-17 09:45:34"
},
{
"kids":[],
"uid":"2725237803",
"parent":"",
"text":"",
"mid":"za8vEBh9W",
"date":"2012-12-17 09:44:30"
},
{
"kids":[
"za8w6nfm0"
],
"uid":"2191298271",
"parent":"za4CfBidd",
"text":"不过人还是可以",
"mid":"za8uzfAm8",
"date":"2012-12-17 09:41:48"
},
{
"kids":[],
"uid":"1832095562",
"parent":"za8sJ9CtA",
"text":"我很好奇在什么情况下会去拍这种照片。。。",
"mid":"za8usrFXK",
"date":"2012-12-17 09:41:33"
},
{
"kids":[
"za9nyivu6"
],
"uid":"2650808823",
"parent":"za5qpEr0x",
"text":"[鄙视]公交公司的[哈哈]",
"mid":"za8tPFOTV",
"date":"2012-12-17 09:40:00"
},
{
"kids":[],
"uid":"1465648493",
"parent":"za4WWFQa7",
"text":"挺漂亮的。情商很高",
"mid":"za8tOgrUC",
"date":"2012-12-17 09:39:56"
},
{
"kids":[
"za8usrFXK"
],
"uid":"1889103791",
"parent":"za7DRoGIt",
"text":"看来我发微博还真需要自己校对一下，又发错字了，公共！哎！",
"mid":"za8sJ9CtA",
"date":"2012-12-17 09:37:17"
},
{
"kids":[],
"uid":"jianpuchina",
"parent":"",
"text":"第一，根本不像张曼玉。第二，干嘛要躺在渔网上拍照？表示早晚要被抓捕入网吗？",
"mid":"za8sCDjZa",
"date":"2012-12-17 09:37:00"
},
{
"kids":[],
"uid":"2690822594",
"parent":"",
"text":"",
"mid":"za8qPgn42",
"date":"2012-12-17 09:32:36"
},
{
"kids":[
"zaecGh4CQ"
],
"uid":"lidanny",
"parent":"za817m8QS",
"text":"一看就知道是妖精",
"mid":"za8qMljgz",
"date":"2012-12-17 09:32:28"
},
{
"kids":[],
"uid":"2204109165",
"parent":"",
"text":"",
"mid":"za8qxxF7f",
"date":"2012-12-17 09:31:53"
},
{
"kids":[],
"uid":"2382137515",
"parent":"",
"text":"",
"mid":"za8oLAcYQ",
"date":"2012-12-17 09:27:32"
},
{
"kids":[],
"uid":"1841589163",
"parent":"",
"text":"做了好事不留名！[good]",
"mid":"za8nrsueL",
"date":"2012-12-17 09:24:16"
},
{
"kids":[],
"uid":"532596123",
"parent":"",
"text":"",
"mid":"za8lnc4cx",
"date":"2012-12-17 09:19:10"
},
{
"kids":[],
"uid":"dlsml",
"parent":"za7XVEjPN",
"text":"“小公汽”",
"mid":"za8l9k38O",
"date":"2012-12-17 09:18:37"
},
{
"kids":[],
"uid":"337619190",
"parent":"",
"text":"#热门微博# http:",
"mid":"za8konyD0",
"date":"2012-12-17 09:16:45"
},
{
"kids":[],
"uid":"1962173601",
"parent":"za7kb0wYz",
"text":"",
"mid":"za8khwXIF",
"date":"2012-12-17 09:16:29"
},
{
"kids":[],
"uid":"1340890687",
"parent":"",
"text":"",
"mid":"za8kg4wce",
"date":"2012-12-17 09:16:25"
},
{
"kids":[],
"uid":"1254773480",
"parent":"",
"text":"传说中的高档出租车？美吗？没看出来。。。",
"mid":"za8jo0UrO",
"date":"2012-12-17 09:14:16"
},
{
"kids":[],
"uid":"515812220",
"parent":"za8h2B6d0",
"text":"情妇威武！",
"mid":"za8jexhGC",
"date":"2012-12-17 09:13:54"
},
{
"kids":[],
"uid":"1668369374",
"parent":"",
"text":"[吐血]从图片上就看的出来，这个女子很厉害专门“吃”大条的。",
"mid":"za8ilkgVr",
"date":"2012-12-17 09:11:41"
},
{
"kids":[
"za8zggfsY"
],
"uid":"3088653775",
"parent":"za7jwvi1p",
"text":"",
"mid":"za8hR7UvM",
"date":"2012-12-17 09:10:30"
},
{
"kids":[
"za8jexhGC"
],
"uid":"qinggele123",
"parent":"za8fKefJe",
"text":"[思考]",
"mid":"za8h2B6d0",
"date":"2012-12-17 09:08:28"
},
{
"kids":[
"za8h2B6d0"
],
"uid":"wulijiphoto",
"parent":"za7HYnvKF",
"text":"发扬和谐精神",
"mid":"za8fKefJe",
"date":"2012-12-17 09:05:18"
},
{
"kids":[],
"uid":"2651936653",
"parent":"za7XxaeKW",
"text":"",
"mid":"za8eVqWRY",
"date":"2012-12-17 09:03:17"
},
{
"kids":[],
"uid":"mengqioubai521",
"parent":"za7XtkW7D",
"text":"",
"mid":"za8eOlrhL",
"date":"2012-12-17 09:03:00"
},
{
"kids":[],
"uid":"2710181525",
"parent":"za8aId4g6",
"text":"微博反贪，效果真不错！做人勿忘不贪，不恶，不懒！",
"mid":"za8dI3jVv",
"date":"2012-12-17 09:00:17"
},
{
"kids":[],
"uid":"1852579662",
"parent":"",
"text":"上面真乱",
"mid":"za8cjtmFY",
"date":"2012-12-17 08:56:51"
},
{
"kids":[],
"uid":"1736574887",
"parent":"",
"text":"@元芳杂谈",
"mid":"za8bFzFkH",
"date":"2012-12-17 08:55:16"
},
{
"kids":[],
"uid":"1736574887",
"parent":"",
"text":"@元芳杂谈",
"mid":"za8bm5pPe",
"date":"2012-12-17 08:54:29"
},
{
"kids":[],
"uid":"2059511733",
"parent":"",
"text":"",
"mid":"za8b21709",
"date":"2012-12-17 08:53:41"
},
{
"kids":[
"za8dI3jVv"
],
"uid":"2765305234",
"parent":"za88VFA49",
"text":"",
"mid":"za8aId4g6",
"date":"2012-12-17 08:52:53"
},
{
"kids":[
"za8aId4g6"
],
"uid":"531001269",
"parent":"",
"text":"[ppb鼓掌][花心][花心][心]",
"mid":"za88VFA49",
"date":"2012-12-17 08:48:31"
},
{
"kids":[],
"uid":"1973277833",
"parent":"za7Ie4kZA",
"text":"",
"mid":"za88A7uhi",
"date":"2012-12-17 08:47:39"
},
{
"kids":[],
"uid":"2114261174",
"parent":"",
"text":"转发微博。",
"mid":"za88wgV1a",
"date":"2012-12-17 08:47:30"
},
{
"kids":[],
"uid":"haibao7",
"parent":"",
"text":"",
"mid":"za88v64M7",
"date":"2012-12-17 08:47:26"
},
{
"kids":[],
"uid":"1485509241",
"parent":"",
"text":"",
"mid":"za88bgHc1",
"date":"2012-12-17 08:46:40"
},
{
"kids":[],
"uid":"1868114875",
"parent":"",
"text":"肯定是国外的分离份子派来的女间谍",
"mid":"za87Ee1QJ",
"date":"2012-12-17 08:45:21"
},
{
"kids":[],
"uid":"yuqinzhuzhu",
"parent":"za5hBBQiz",
"text":"",
"mid":"za87CrxLJ",
"date":"2012-12-17 08:45:17"
},
{
"kids":[],
"uid":"1433755624",
"parent":"",
"text":"真恶心",
"mid":"za87marBn",
"date":"2012-12-17 08:44:38"
},
{
"kids":[],
"uid":"1015017325",
"parent":"",
"text":"叫逃亡？享受吧?[挖鼻屎]",
"mid":"za871v9Mu",
"date":"2012-12-17 08:43:48"
},
{
"kids":[
"za92i6zk8"
],
"uid":"2828419220",
"parent":"",
"text":"史来一直有贱货，共产主义特别多",
"mid":"za86Rskqu",
"date":"2012-12-17 08:43:25"
},
{
"kids":[],
"uid":"1098676202",
"parent":"",
"text":"",
"mid":"za863vb7M",
"date":"2012-12-17 08:41:26"
},
{
"kids":[
"zaeYybKNu"
],
"uid":"1237410055",
"parent":"",
"text":"[吃惊]",
"mid":"za85vey02",
"date":"2012-12-17 08:40:04"
},
{
"kids":[],
"uid":"1609046865",
"parent":"",
"text":"",
"mid":"za84JCp5k",
"date":"2012-12-17 08:38:12"
},
{
"kids":[],
"uid":"2366923764",
"parent":"za7XVEjPN",
"text":"表示这斯贡献很大",
"mid":"za84ooZZ5",
"date":"2012-12-17 08:37:20"
},
{
"kids":[],
"uid":"desertfalcon",
"parent":"za7XVEjPN",
"text":"",
"mid":"za83Uv4OT",
"date":"2012-12-17 08:36:09"
},
{
"kids":[],
"uid":"1698536845",
"parent":"",
"text":"",
"mid":"za83PgcZo",
"date":"2012-12-17 08:35:56"
},
{
"kids":[],
"uid":"2833643173",
"parent":"za7XVEjPN",
"text":"",
"mid":"za83J2Ikk",
"date":"2012-12-17 08:35:40"
},
{
"kids":[],
"uid":"dynamitesun",
"parent":"za7XVEjPN",
"text":"",
"mid":"za83A7PPq",
"date":"2012-12-17 08:35:19"
},
{
"kids":[],
"uid":"1261013812",
"parent":"",
"text":"",
"mid":"za83vplZp",
"date":"2012-12-17 08:35:09"
},
{
"kids":[],
"uid":"1409825463",
"parent":"za7XVEjPN",
"text":"不错啊 领导们爽了",
"mid":"za821v6l6",
"date":"2012-12-17 08:31:30"
},
{
"kids":[],
"uid":"1969498941",
"parent":"za7XVEjPN",
"text":"我天朝官员先进！",
"mid":"za81gvIqM",
"date":"2012-12-17 08:29:38"
},
{
"kids":[],
"uid":"2037053074",
"parent":"",
"text":"",
"mid":"za81dzIqk",
"date":"2012-12-17 08:29:31"
},
{
"kids":[],
"uid":"2490302210",
"parent":"za4DyhSzO",
"text":"红颜祸水，都是连襟！",
"mid":"za81c7h24",
"date":"2012-12-17 08:29:27"
},
{
"kids":[
"za8qMljgz"
],
"uid":"liangdahai",
"parent":"za7XVEjPN",
"text":"[吃惊]",
"mid":"za817m8QS",
"date":"2012-12-17 08:29:16"
},
{
"kids":[],
"uid":"378989012",
"parent":"za7XVEjPN",
"text":"",
"mid":"za812CkNN",
"date":"2012-12-17 08:29:05"
},
{
"kids":[],
"uid":"2026507017",
"parent":"za7XVEjPN",
"text":"",
"mid":"za80DyddG",
"date":"2012-12-17 08:28:05"
},
{
"kids":[],
"uid":"fishzh0u",
"parent":"",
"text":"褲子都脫了，就沒有文明可言，來幾個算幾個",
"mid":"za80n4hEi",
"date":"2012-12-17 08:27:25"
},
{
"kids":[],
"uid":"820328989",
"parent":"",
"text":"我觉得国家应该花钱把这类人才招回来，为反贪腐作贡献[拳头]",
"mid":"za800g9K3",
"date":"2012-12-17 08:26:30"
},
{
"kids":[],
"uid":"1883484060",
"parent":"za4MPACAz",
"text":"恭祝情妇反腐又一次成了反腐的主力军~",
"mid":"za7ZW56Hv",
"date":"2012-12-17 08:26:20"
},
{
"kids":[],
"uid":"yuchjun78",
"parent":"za67Ukp8M",
"text":"",
"mid":"za7ZVdbGl",
"date":"2012-12-17 08:26:18"
},
{
"kids":[],
"uid":"2907140655",
"parent":"",
"text":"真不知道。",
"mid":"za7Zpigrb",
"date":"2012-12-17 08:25:03"
},
{
"kids":[],
"uid":"chenyajundisy",
"parent":"za4P6fAvO",
"text":"美女惹的祸啊[偷笑]",
"mid":"za7ZnyoGW",
"date":"2012-12-17 08:24:58"
},
{
"kids":[],
"uid":"2187639084",
"parent":"za7JXDilQ",
"text":"",
"mid":"za7YArdZB",
"date":"2012-12-17 08:23:01"
},
{
"kids":[],
"uid":"1944128691",
"parent":"",
"text":"",
"mid":"za7XXbNOn",
"date":"2012-12-17 08:21:28"
},
{
"kids":[
"zaaYF6mFk",
"za97N9rGY",
"za8HuAAfu",
"za8l9k38O",
"za84ooZZ5",
"za83Uv4OT",
"za83J2Ikk",
"za83A7PPq",
"za821v6l6",
"za81gvIqM",
"za817m8QS",
"za812CkNN",
"za80DyddG"
],
"uid":"2209699603",
"parent":"",
"text":"",
"mid":"za7XVEjPN",
"date":"2012-12-17 08:21:25"
},
{
"kids":[
"za8eVqWRY"
],
"uid":"678910001",
"parent":"za6Rgyz1X",
"text":"有谁不心动？@火箭 @矿工的风采 @杨桐",
"mid":"za7XxaeKW",
"date":"2012-12-17 08:20:25"
},
{
"kids":[
"za8eOlrhL"
],
"uid":"2641461440",
"parent":"za7ixFjrJ",
"text":"",
"mid":"za7XtkW7D",
"date":"2012-12-17 08:20:17"
},
{
"kids":[],
"uid":"1071757124",
"parent":"",
"text":"",
"mid":"za7XinBZS",
"date":"2012-12-17 08:19:51"
},
{
"kids":[
"zepIYALgZ"
],
"uid":"2469446582",
"parent":"za7HYnvKF",
"text":"",
"mid":"za7X9e2q6",
"date":"2012-12-17 08:19:29"
},
{
"kids":[],
"uid":"cqshcz",
"parent":"",
"text":"野战派？",
"mid":"za7WUrcgI",
"date":"2012-12-17 08:18:54"
},
{
"kids":[],
"uid":"1864973827",
"parent":"",
"text":"",
"mid":"za7WRdJKO",
"date":"2012-12-17 08:18:45"
},
{
"kids":[],
"uid":"1882797180",
"parent":"",
"text":"公交车！",
"mid":"za7WHr3ik",
"date":"2012-12-17 08:18:23"
},
{
"kids":[],
"uid":"2597627575",
"parent":"",
"text":"Hehe,good for her! Mission accomplished !",
"mid":"za7VBcK0q",
"date":"2012-12-17 08:15:40"
},
{
"kids":[],
"uid":"1519765043",
"parent":"za5cAslSo",
"text":"",
"mid":"za7VfCera",
"date":"2012-12-17 08:14:48"
},
{
"kids":[],
"uid":"2937780025",
"parent":"",
"text":"",
"mid":"za7V5hOKZ",
"date":"2012-12-17 08:14:24"
},
{
"kids":[],
"uid":"2756093447",
"parent":"",
"text":"别糟蹋张曼玉了",
"mid":"za7UMlIp6",
"date":"2012-12-17 08:13:39"
},
{
"kids":[
"za8B65xh6"
],
"uid":"1862932620",
"parent":"",
"text":"回复@焱_王俊:哪里？",
"mid":"za7UhFrf3",
"date":"2012-12-17 08:12:26"
},
{
"kids":[],
"uid":"1650792717",
"parent":"",
"text":"@国色摄影网 盗用照片了",
"mid":"za7U8tn6F",
"date":"2012-12-17 08:12:04"
},
{
"kids":[],
"uid":"2881528784",
"parent":"",
"text":"",
"mid":"za7TG9SDW",
"date":"2012-12-17 08:10:55"
},
{
"kids":[],
"uid":"2725722521",
"parent":"",
"text":"",
"mid":"za7TwEX0U",
"date":"2012-12-17 08:10:34"
},
{
"kids":[],
"uid":"1862932620",
"parent":"za7Bl31CP",
"text":"群p？",
"mid":"za7T1AOAr",
"date":"2012-12-17 08:09:20"
},
{
"kids":[],
"uid":"1188143827",
"parent":"",
"text":"[围观]",
"mid":"za7SrBtf5",
"date":"2012-12-17 08:07:54"
},
{
"kids":[],
"uid":"1718162682",
"parent":"",
"text":"",
"mid":"za7SbCGct",
"date":"2012-12-17 08:07:16"
},
{
"kids":[],
"uid":"2447175640",
"parent":"",
"text":"",
"mid":"za7SaqKrZ",
"date":"2012-12-17 08:07:14"
},
{
"kids":[],
"uid":"2261182292",
"parent":"",
"text":"现在可以说了啊，官方也允许了。",
"mid":"za7S7tqn6",
"date":"2012-12-17 08:07:06"
},
{
"kids":[],
"uid":"1806199627",
"parent":"",
"text":"",
"mid":"za7S34KjP",
"date":"2012-12-17 08:06:55"
},
{
"kids":[],
"uid":"1502283724",
"parent":"",
"text":"[挖鼻屎][挖鼻屎][挖鼻屎]",
"mid":"za7R29rT0",
"date":"2012-12-17 08:04:25"
},
{
"kids":[],
"uid":"1680159823",
"parent":"",
"text":"",
"mid":"za7QUqZ5T",
"date":"2012-12-17 08:04:07"
},
{
"kids":[],
"uid":"1875793325",
"parent":"",
"text":"",
"mid":"za7QRuZme",
"date":"2012-12-17 08:04:00"
},
{
"kids":[],
"uid":"poetdaodao",
"parent":"",
"text":"能算我一份吗[馋嘴]",
"mid":"za7Qu7Npb",
"date":"2012-12-17 08:03:04"
},
{
"kids":[],
"uid":"zhengqiang7564",
"parent":"",
"text":"漂亮。。",
"mid":"za7QnDQHH",
"date":"2012-12-17 08:02:49"
},
{
"kids":[],
"uid":"2707916230",
"parent":"",
"text":"",
"mid":"za7Qd0KD4",
"date":"2012-12-17 08:02:23"
},
{
"kids":[],
"uid":"1958427551",
"parent":"",
"text":"他们先一步实现共产主义。。。先共情妇",
"mid":"za7Q2mfRJ",
"date":"2012-12-17 08:01:58"
},
{
"kids":[],
"uid":"1586575021",
"parent":"",
"text":"[哈哈][哈哈]",
"mid":"za7Q0kysT",
"date":"2012-12-17 08:01:52"
},
{
"kids":[],
"uid":"1841921080",
"parent":"",
"text":"",
"mid":"za7PNygEv",
"date":"2012-12-17 08:01:23"
},
{
"kids":[],
"uid":"2586636947",
"parent":"",
"text":"",
"mid":"za7PJ9N6e",
"date":"2012-12-17 08:01:12"
},
{
"kids":[],
"uid":"2278132445",
"parent":"",
"text":"",
"mid":"za7Pz5D0r",
"date":"2012-12-17 08:00:46"
},
{
"kids":[],
"uid":"1213839685",
"parent":"za7FDi0rU",
"text":"",
"mid":"za7PxEsBL",
"date":"2012-12-17 08:00:45"
},
{
"kids":[],
"uid":"2287279753",
"parent":"",
"text":"",
"mid":"za7PxkrT9",
"date":"2012-12-17 08:00:44"
},
{
"kids":[],
"uid":"1102352091",
"parent":"",
"text":"是不是呀？这照片我几年前就看过了。",
"mid":"za7PaBs7R",
"date":"2012-12-17 07:59:50"
},
{
"kids":[],
"uid":"1724442803",
"parent":"",
"text":"sb！这是日本av女优若菜光。",
"mid":"za7P6pz3p",
"date":"2012-12-17 07:59:41"
},
{
"kids":[],
"uid":"308320838",
"parent":"",
"text":"臭鱼烂虾！",
"mid":"za7P16yLo",
"date":"2012-12-17 07:59:27"
},
{
"kids":[],
"uid":"newlifefrom20121221",
"parent":"",
"text":"回复@General_Snus:没有！太脏!",
"mid":"za7OY9eL4",
"date":"2012-12-17 07:59:19"
},
{
"kids":[],
"uid":"1467413461",
"parent":"",
"text":"",
"mid":"za7OzCIJ4",
"date":"2012-12-17 07:58:21"
},
{
"kids":[],
"uid":"2652320767",
"parent":"",
"text":"",
"mid":"za7Okzyjy",
"date":"2012-12-17 07:57:46"
},
{
"kids":[],
"uid":"newlifefrom20121221",
"parent":"",
"text":"考虑到什么因素? 官员都落马了，她（“卢佳丽”）还要保密?莫非她与胡哥或宝哥有一腿不成?令人不得不如此猜测!",
"mid":"za7NKu7S4",
"date":"2012-12-17 07:56:20"
},
{
"kids":[],
"uid":"209717155",
"parent":"",
"text":"",
"mid":"za7Nvrdzq",
"date":"2012-12-17 07:55:44"
},
{
"kids":[],
"uid":"2709262011",
"parent":"",
"text":"",
"mid":"za7NcwrqJ",
"date":"2012-12-17 07:54:59"
},
{
"kids":[],
"uid":"2557545523",
"parent":"",
"text":"",
"mid":"za7N4fUne",
"date":"2012-12-17 07:54:38"
},
{
"kids":[
"za8LegEPf"
],
"uid":"1892051515",
"parent":"za7IKzOZj",
"text":"",
"mid":"za7MQElen",
"date":"2012-12-17 07:54:06"
},
{
"kids":[],
"uid":"1142720873",
"parent":"",
"text":"",
"mid":"za7MNpq0K",
"date":"2012-12-17 07:53:59"
},
{
"kids":[],
"uid":"2232110975",
"parent":"",
"text":"",
"mid":"za7MHuLYN",
"date":"2012-12-17 07:53:45"
},
{
"kids":[],
"uid":"532949678",
"parent":"",
"text":"",
"mid":"za7My3Bwz",
"date":"2012-12-17 07:53:22"
},
{
"kids":[],
"uid":"1653879817",
"parent":"",
"text":"",
"mid":"za7MjgZwN",
"date":"2012-12-17 07:52:47"
},
{
"kids":[],
"uid":"1808792493",
"parent":"",
"text":"",
"mid":"za7McvcZt",
"date":"2012-12-17 07:52:30"
},
{
"kids":[],
"uid":"1400133270",
"parent":"",
"text":"杜青真有才[偷笑]",
"mid":"za7LBhigJ",
"date":"2012-12-17 07:51:02"
},
{
"kids":[],
"uid":"2947171077",
"parent":"",
"text":"",
"mid":"za7LztO0S",
"date":"2012-12-17 07:50:58"
},
{
"kids":[],
"uid":"2190611883",
"parent":"",
"text":"",
"mid":"za7Ltz9XA",
"date":"2012-12-17 07:50:44"
},
{
"kids":[],
"uid":"2718267760",
"parent":"za4Exr95p",
"text":"身材好，脸蛋漂亮，鉴定完华[威武]转椅[酷]",
"mid":"za7L9cWTG",
"date":"2012-12-17 07:49:54"
},
{
"kids":[],
"uid":"anwww",
"parent":"",
"text":"间谍大片！",
"mid":"za7KNCrPG",
"date":"2012-12-17 07:49:04"
},
{
"kids":[],
"uid":"firstknight",
"parent":"",
"text":"当官的提前实现共产主义",
"mid":"za7KKE7kk",
"date":"2012-12-17 07:48:57"
},
{
"kids":[],
"uid":"daly150",
"parent":"",
"text":"真牛……",
"mid":"za7KkERCz",
"date":"2012-12-17 07:47:54"
},
{
"kids":[],
"uid":"2803711580",
"parent":"za7mXzyYY",
"text":"",
"mid":"za7KjbpBo",
"date":"2012-12-17 07:47:50"
},
{
"kids":[],
"uid":"2920215500",
"parent":"za7mXzyYY",
"text":"",
"mid":"za7KizLUO",
"date":"2012-12-17 07:47:50"
},
{
"kids":[],
"uid":"2880383414",
"parent":"",
"text":"",
"mid":"za7JYcyve",
"date":"2012-12-17 07:47:01"
},
{
"kids":[
"za7YArdZB"
],
"uid":"1625974003",
"parent":"za7IKzOZj",
"text":"",
"mid":"za7JXDilQ",
"date":"2012-12-17 07:47:00"
},
{
"kids":[],
"uid":"2047127937",
"parent":"",
"text":"",
"mid":"za7JVxQgr",
"date":"2012-12-17 07:46:55"
},
{
"kids":[],
"uid":"2668978011",
"parent":"",
"text":"你怎么交待？@周腾霄Milo",
"mid":"za7JsAfzH",
"date":"2012-12-17 07:45:46"
},
{
"kids":[],
"uid":"2538157122",
"parent":"",
"text":"",
"mid":"za7IQ9d5i",
"date":"2012-12-17 07:44:14"
},
{
"kids":[
"za7MQElen",
"za7JXDilQ"
],
"uid":"1498578943",
"parent":"",
"text":"",
"mid":"za7IKzOZj",
"date":"2012-12-17 07:44:00"
},
{
"kids":[],
"uid":"2268175900",
"parent":"",
"text":"图片不一定是她吧",
"mid":"za7IfcTS8",
"date":"2012-12-17 07:42:46"
},
{
"kids":[
"za9eKe9qI",
"za9eJCvIK",
"za88A7uhi"
],
"uid":"1858279120",
"parent":"",
"text":"",
"mid":"za7Ie4kZA",
"date":"2012-12-17 07:42:43"
},
{
"kids":[],
"uid":"2442498465",
"parent":"",
"text":"官逼",
"mid":"za7HZzk22",
"date":"2012-12-17 07:42:08"
},
{
"kids":[
"zabtm1tcl",
"za9MEF0OT",
"za8fKefJe",
"za7X9e2q6"
],
"uid":"323205728",
"parent":"za7C89QGI",
"text":"[偷笑]",
"mid":"za7HYnvKF",
"date":"2012-12-17 07:42:07"
},
{
"kids":[],
"uid":"2800760454",
"parent":"",
"text":"这个。。。。",
"mid":"za7HVr9Tz",
"date":"2012-12-17 07:41:59"
},
{
"kids":[],
"uid":"1960664441",
"parent":"",
"text":"回复@苍南凯隆汽车用品:[怒]",
"mid":"za7HT4vtG",
"date":"2012-12-17 07:41:53"
},
{
"kids":[],
"uid":"2740193031",
"parent":"",
"text":"轉發微博",
"mid":"za7HT4vtr",
"date":"2012-12-17 07:41:53"
},
{
"kids":[],
"uid":"1944056752",
"parent":"",
"text":"回复@马革裹诗走沙场:[哈哈]",
"mid":"za7HnpTKy",
"date":"2012-12-17 07:40:38"
},
{
"kids":[],
"uid":"1704019655",
"parent":"",
"text":"",
"mid":"za7H62hAz",
"date":"2012-12-17 07:39:56"
},
{
"kids":[],
"uid":"2409730575",
"parent":"",
"text":"",
"mid":"za7H56LnK",
"date":"2012-12-17 07:39:54"
},
{
"kids":[],
"uid":"1503008193",
"parent":"",
"text":"",
"mid":"za7GMuT4w",
"date":"2012-12-17 07:39:10"
},
{
"kids":[],
"uid":"f15815801",
"parent":"",
"text":"香炉",
"mid":"za7GKpvpB",
"date":"2012-12-17 07:39:05"
},
{
"kids":[],
"uid":"1810796651",
"parent":"",
"text":"",
"mid":"za7GF6vhV",
"date":"2012-12-17 07:38:52"
},
{
"kids":[],
"uid":"xgbear",
"parent":"",
"text":"公共汽车#热门微博# http:",
"mid":"za7G6ehCE",
"date":"2012-12-17 07:37:29"
},
{
"kids":[
"za8Nm5wiY",
"za7PxEsBL"
],
"uid":"2192730365",
"parent":"",
"text":"",
"mid":"za7FDi0rU",
"date":"2012-12-17 07:36:19"
},
{
"kids":[],
"uid":"2332404087",
"parent":"",
"text":"一人搞定一堆",
"mid":"za7FygBtv",
"date":"2012-12-17 07:36:08"
},
{
"kids":[],
"uid":"2148506230",
"parent":"",
"text":"可否人肉真实身份",
"mid":"za7FlxSgI",
"date":"2012-12-17 07:35:38"
},
{
"kids":[],
"uid":"2716607540",
"parent":"",
"text":"这也是水平啊！",
"mid":"za7Fkpiz2",
"date":"2012-12-17 07:35:35"
},
{
"kids":[],
"uid":"naonaomuzhen",
"parent":"za7By4rGv",
"text":"继续！扯！",
"mid":"za7FiD6KF",
"date":"2012-12-17 07:35:31"
},
{
"kids":[],
"uid":"2040761763",
"parent":"",
"text":"",
"mid":"za7Fake7k",
"date":"2012-12-17 07:35:10"
},
{
"kids":[],
"uid":"2932182934",
"parent":"",
"text":"",
"mid":"za7F1aF8S",
"date":"2012-12-17 07:34:49"
},
{
"kids":[],
"uid":"1278854011",
"parent":"",
"text":"",
"mid":"za7EV0Gdd",
"date":"2012-12-17 07:34:33"
},
{
"kids":[],
"uid":"1856040765",
"parent":"za5k0xeBH",
"text":"到监狱看看,全她妈的是党员。",
"mid":"za7EpE1qK",
"date":"2012-12-17 07:33:19"
},
{
"kids":[],
"uid":"yanght",
"parent":"",
"text":"看看这些贪官们有多么不要皮脸！",
"mid":"za7Ep64pM",
"date":"2012-12-17 07:33:18"
},
{
"kids":[],
"uid":"1789542233",
"parent":"",
"text":"",
"mid":"za7EixeTR",
"date":"2012-12-17 07:33:02"
},
{
"kids":[],
"uid":"2288930787",
"parent":"",
"text":"[笑哈哈]",
"mid":"za7E97nbS",
"date":"2012-12-17 07:32:39"
},
{
"kids":[],
"uid":"sunlihe",
"parent":"",
"text":"这些官都成亲戚了，连襟！",
"mid":"za7DVwQLM",
"date":"2012-12-17 07:32:08"
},
{
"kids":[
"za8sJ9CtA"
],
"uid":"1889103791",
"parent":"",
"text":"应该叫巩固厕所",
"mid":"za7DRoGIt",
"date":"2012-12-17 07:31:58"
},
{
"kids":[],
"uid":"2207623243",
"parent":"",
"text":"",
"mid":"za7D9lEQj",
"date":"2012-12-17 07:30:13"
},
{
"kids":[],
"uid":"533078959",
"parent":"",
"text":"实现共产共妻，大同社会了。",
"mid":"za7CTqybS",
"date":"2012-12-17 07:29:35"
},
{
"kids":[],
"uid":"2028201387",
"parent":"",
"text":"",
"mid":"za7CwnCx0",
"date":"2012-12-17 07:28:39"
},
{
"kids":[],
"uid":"1707460032",
"parent":"",
"text":"",
"mid":"za7Ct6m22",
"date":"2012-12-17 07:28:31"
},
{
"kids":[
"zag8si6fy",
"zag8si6ew",
"za98NsvOX",
"za98Ns3Jo"
],
"uid":"1264004287",
"parent":"",
"text":"身材很棒，但眉角上挑，颧骨很高，一脸寡妇相。",
"mid":"za7C8Fpm5",
"date":"2012-12-17 07:27:43"
},
{
"kids":[
"za7HYnvKF"
],
"uid":"2440836302",
"parent":"",
"text":"大家分享！！",
"mid":"za7C89QGI",
"date":"2012-12-17 07:27:41"
},
{
"kids":[],
"uid":"207899303",
"parent":"",
"text":"终于出终极版小三 了。",
"mid":"za7C5qugQ",
"date":"2012-12-17 07:27:36"
},
{
"kids":[],
"uid":"2812503484",
"parent":"",
"text":"",
"mid":"za7BUy59Y",
"date":"2012-12-17 07:27:10"
},
{
"kids":[],
"uid":"2691265653",
"parent":"",
"text":"",
"mid":"za7BPcJE1",
"date":"2012-12-17 07:26:57"
},
{
"kids":[],
"uid":"2088045965",
"parent":"",
"text":"又一批",
"mid":"za7BD6N8p",
"date":"2012-12-17 07:26:28"
},
{
"kids":[],
"uid":"2122602207",
"parent":"",
"text":"",
"mid":"za7BBi4zl",
"date":"2012-12-17 07:26:24"
},
{
"kids":[
"za7FiD6KF"
],
"uid":"1433795281",
"parent":"za7kkcwPx",
"text":"扯！",
"mid":"za7By4rGv",
"date":"2012-12-17 07:26:16"
},
{
"kids":[],
"uid":"3089616113",
"parent":"za7AzcULX",
"text":"",
"mid":"za7Bw0mFY",
"date":"2012-12-17 07:26:10"
},
{
"kids":[],
"uid":"1222572601",
"parent":"",
"text":"脱网的美人鱼",
"mid":"za7Bsq6Je",
"date":"2012-12-17 07:26:02"
},
{
"kids":[
"za7T1AOAr"
],
"uid":"1433996814",
"parent":"",
"text":"長得很有資本[哈哈]",
"mid":"za7Bl31CP",
"date":"2012-12-17 07:25:45"
},
{
"kids":[],
"uid":"1699435170",
"parent":"",
"text":"",
"mid":"za7Bkv1Dk",
"date":"2012-12-17 07:25:43"
},
{
"kids":[],
"uid":"2288677053",
"parent":"",
"text":"共厕",
"mid":"za7BehnmN",
"date":"2012-12-17 07:25:29"
},
{
"kids":[],
"uid":"1969024927",
"parent":"",
"text":"",
"mid":"za7BcdijC",
"date":"2012-12-17 07:25:24"
},
{
"kids":[],
"uid":"2387448274",
"parent":"",
"text":"",
"mid":"za7B8Ekyo",
"date":"2012-12-17 07:25:16"
},
{
"kids":[],
"uid":"3167236275",
"parent":"",
"text":"",
"mid":"za7B3kotS",
"date":"2012-12-17 07:25:03"
},
{
"kids":[],
"uid":"oceaner",
"parent":"",
"text":"反腐尖兵。",
"mid":"za7AS95BJ",
"date":"2012-12-17 07:24:36"
},
{
"kids":[],
"uid":"1667669453",
"parent":"",
"text":"",
"mid":"za7AEc5Ci",
"date":"2012-12-17 07:24:03"
},
{
"kids":[
"za7Bw0mFY"
],
"uid":"2884493745",
"parent":"za7A5jSbE",
"text":"反腐",
"mid":"za7AzcULX",
"date":"2012-12-17 07:23:51"
},
{
"kids":[],
"uid":"1312297743",
"parent":"za7z1pZWu",
"text":"确实有几分姿色阿，干得好",
"mid":"za7Amtsfc",
"date":"2012-12-17 07:23:21"
},
{
"kids":[],
"uid":"1676234400",
"parent":"",
"text":"",
"mid":"za7AcpmaG",
"date":"2012-12-17 07:22:57"
},
{
"kids":[],
"uid":"2021933155",
"parent":"",
"text":"",
"mid":"za7Aa5Udh",
"date":"2012-12-17 07:22:50"
},
{
"kids":[],
"uid":"2205377862",
"parent":"",
"text":"真和谐哦[挖鼻屎][挖鼻屎]",
"mid":"za7A9bJeQ",
"date":"2012-12-17 07:22:49"
},
{
"kids":[
"za7AzcULX"
],
"uid":"uc14120200",
"parent":"",
"text":"",
"mid":"za7A5jSbE",
"date":"2012-12-17 07:22:40"
},
{
"kids":[],
"uid":"ldwshj",
"parent":"",
"text":"地方密切联系中央的纽带",
"mid":"za7zHrlvz",
"date":"2012-12-17 07:21:43"
},
{
"kids":[],
"uid":"2122769563",
"parent":"",
"text":"",
"mid":"za7zGy6Ah",
"date":"2012-12-17 07:21:41"
},
{
"kids":[],
"uid":"2110736367",
"parent":"",
"text":"",
"mid":"za7zyvJCw",
"date":"2012-12-17 07:21:22"
},
{
"kids":[],
"uid":"1071575592",
"parent":"",
"text":"[偷笑]",
"mid":"za7z69NGk",
"date":"2012-12-17 07:20:13"
},
{
"kids":[
"za8CaeFLS",
"za7Amtsfc"
],
"uid":"tjparis",
"parent":"",
"text":"是个打入敌人内部的好同志。",
"mid":"za7z1pZWu",
"date":"2012-12-17 07:20:02"
},
{
"kids":[],
"uid":"bohanbo",
"parent":"",
"text":"这个女子不简单！",
"mid":"za7yVxAXB",
"date":"2012-12-17 07:19:49"
},
{
"kids":[],
"uid":"1300390351",
"parent":"",
"text":"好DY",
"mid":"za7yMo20w",
"date":"2012-12-17 07:19:27"
},
{
"kids":[],
"uid":"1862310970",
"parent":"",
"text":"哪里酷似张曼玉？不要侮辱大家的女神！",
"mid":"za7yLeBxW",
"date":"2012-12-17 07:19:24"
},
{
"kids":[],
"uid":"2175549511",
"parent":"",
"text":"第一张照片还行，二失败",
"mid":"za7ygqUc3",
"date":"2012-12-17 07:18:11"
},
{
"kids":[],
"uid":"2417451624",
"parent":"",
"text":"",
"mid":"za7y0tswk",
"date":"2012-12-17 07:17:33"
},
{
"kids":[],
"uid":"2362004974",
"parent":"",
"text":"",
"mid":"za7xbniFm",
"date":"2012-12-17 07:15:31"
},
{
"kids":[],
"uid":"809099583",
"parent":"za7qLEH6l",
"text":"先有公共则所，后有公共情妇。",
"mid":"za7x64unG",
"date":"2012-12-17 07:15:18"
},
{
"kids":[],
"uid":"2942420111",
"parent":"",
"text":"",
"mid":"za7wBBQLn",
"date":"2012-12-17 07:14:06"
},
{
"kids":[],
"uid":"739678527",
"parent":"za7oh5VFu",
"text":"",
"mid":"za7w5qEoJ",
"date":"2012-12-17 07:12:49"
},
{
"kids":[],
"uid":"0629a",
"parent":"",
"text":"呵呵，共产共妻说的是啊！",
"mid":"za7vCrN9F",
"date":"2012-12-17 07:11:39"
},
{
"kids":[],
"uid":"2633626630",
"parent":"",
"text":"",
"mid":"za7vg2Jr8",
"date":"2012-12-17 07:10:46"
},
{
"kids":[],
"uid":"2584473967",
"parent":"",
"text":"",
"mid":"za7uKndIO",
"date":"2012-12-17 07:09:31"
},
{
"kids":[
"zaei4ttxJ"
],
"uid":"2151571174",
"parent":"za7kkcwPx",
"text":"怎么都喜欢这种长得像服务员的女的",
"mid":"za7sXiYlW",
"date":"2012-12-17 07:05:06"
},
{
"kids":[],
"uid":"2139214663",
"parent":"",
"text":"",
"mid":"za7qYCD6U",
"date":"2012-12-17 07:00:14"
},
{
"kids":[
"za7x64unG"
],
"uid":"207767693",
"parent":"",
"text":"#热门微博# http:",
"mid":"za7qLEH6l",
"date":"2012-12-17 06:59:43"
},
{
"kids":[],
"uid":"tdxly",
"parent":"",
"text":"",
"mid":"za7qDmbwH",
"date":"2012-12-17 06:59:23"
},
{
"kids":[],
"uid":"dacaoguangbo",
"parent":"",
"text":"批判地看",
"mid":"za7pY3Mjv",
"date":"2012-12-17 06:57:43"
},
{
"kids":[],
"uid":"1908062803",
"parent":"",
"text":"长相和身材确实是捞钱的资本！这看她会不会用。",
"mid":"za7pNFuKM",
"date":"2012-12-17 06:57:20"
},
{
"kids":[],
"uid":"2709048780",
"parent":"",
"text":"",
"mid":"za7pN462Y",
"date":"2012-12-17 06:57:18"
},
{
"kids":[],
"uid":"1997201297",
"parent":"",
"text":"啥时候共产",
"mid":"za7pDmxrC",
"date":"2012-12-17 06:56:55"
},
{
"kids":[],
"uid":"2045506023",
"parent":"",
"text":"镇江神女御九牛！真是应了俗话，没有耕坏的田！",
"mid":"za7p28F0J",
"date":"2012-12-17 06:55:26"
},
{
"kids":[],
"uid":"xuedacheng",
"parent":"",
"text":"",
"mid":"za7oK3uzn",
"date":"2012-12-17 06:54:43"
},
{
"kids":[],
"uid":"2349264947",
"parent":"",
"text":"",
"mid":"za7oJafGA",
"date":"2012-12-17 06:54:41"
},
{
"kids":[],
"uid":"1029159043",
"parent":"",
"text":"",
"mid":"za7oGf8wf",
"date":"2012-12-17 06:54:34"
},
{
"kids":[],
"uid":"2793421423",
"parent":"",
"text":"贪官贪女色",
"mid":"za7oC6YzD",
"date":"2012-12-17 06:54:23"
},
{
"kids":[
"za7w5qEoJ"
],
"uid":"xiaoqun0790",
"parent":"",
"text":"卢嘉丽http:",
"mid":"za7oh5VFu",
"date":"2012-12-17 06:53:33"
},
{
"kids":[],
"uid":"2092251977",
"parent":"",
"text":"",
"mid":"za7o8wFrw",
"date":"2012-12-17 06:53:14"
},
{
"kids":[],
"uid":"xfws",
"parent":"",
"text":"转",
"mid":"za7o3vgzj",
"date":"2012-12-17 06:53:02"
},
{
"kids":[],
"uid":"1893580315",
"parent":"za7kkcwPx",
"text":"卄",
"mid":"za7nZnhuf",
"date":"2012-12-17 06:52:51"
},
{
"kids":[],
"uid":"2465232807",
"parent":"",
"text":"",
"mid":"za7nE6Qad",
"date":"2012-12-17 06:52:00"
},
{
"kids":[],
"uid":"2966072724",
"parent":"",
"text":"",
"mid":"za7nB9lxO",
"date":"2012-12-17 06:51:55"
},
{
"kids":[],
"uid":"512363050",
"parent":"",
"text":"",
"mid":"za7nnzNML",
"date":"2012-12-17 06:51:22"
},
{
"kids":[],
"uid":"1953256101",
"parent":"",
"text":"",
"mid":"za7nieL6r",
"date":"2012-12-17 06:51:09"
},
{
"kids":[
"za7KjbpBo",
"za7KizLUO"
],
"uid":"1131665927",
"parent":"",
"text":"",
"mid":"za7mXzyYY",
"date":"2012-12-17 06:50:19"
},
{
"kids":[],
"uid":"2486090203",
"parent":"za7kkcwPx",
"text":"建议以后当官必须先净身……这样的事肯定会减少",
"mid":"za7mwoukU",
"date":"2012-12-17 06:49:15"
},
{
"kids":[],
"uid":"2210262950",
"parent":"",
"text":"一人干几个人的活儿'辛苦了'''[鄙视][鄙视][鄙视]",
"mid":"za7mm1Ru2",
"date":"2012-12-17 06:48:50"
},
{
"kids":[],
"uid":"2434392410",
"parent":"",
"text":"",
"mid":"za7mhCfaI",
"date":"2012-12-17 06:48:40"
},
{
"kids":[],
"uid":"124003155",
"parent":"",
"text":"",
"mid":"za7lR0dJ0",
"date":"2012-12-17 06:47:35"
},
{
"kids":[],
"uid":"2357601741",
"parent":"",
"text":"怎么办？",
"mid":"za7lQray7",
"date":"2012-12-17 06:47:34"
},
{
"kids":[],
"uid":"crucelee",
"parent":"",
"text":"俺老家出美女啊[偷笑]",
"mid":"za7kGl6rx",
"date":"2012-12-17 06:44:42"
},
{
"kids":[
"za97zvanM",
"za7By4rGv",
"za7sXiYlW",
"za7nZnhuf",
"za7mwoukU"
],
"uid":"shenduxiaozhu",
"parent":"za7ixFjrJ",
"text":"哪里像张曼玉？扯！",
"mid":"za7kkcwPx",
"date":"2012-12-17 06:43:50"
},
{
"kids":[
"za8khwXIF"
],
"uid":"1828364740",
"parent":"",
"text":"真这样?[酷][怒]",
"mid":"za7kb0wYz",
"date":"2012-12-17 06:43:28"
},
{
"kids":[],
"uid":"2381522895",
"parent":"",
"text":"",
"mid":"za7jWww1U",
"date":"2012-12-17 06:42:54"
},
{
"kids":[
"zbEsZ3orW"
],
"uid":"1495476111",
"parent":"",
"text":"",
"mid":"za7jLhTfa",
"date":"2012-12-17 06:42:27"
},
{
"kids":[],
"uid":"1990607823",
"parent":"",
"text":"",
"mid":"za7jI2YdB",
"date":"2012-12-17 06:42:19"
},
{
"kids":[
"za8hR7UvM"
],
"uid":"1577701164",
"parent":"",
"text":"实话实说长的还真不错",
"mid":"za7jwvi1p",
"date":"2012-12-17 06:41:52"
},
{
"kids":[],
"uid":"1079218000",
"parent":"",
"text":"其实她是中南海派来反腐女特工[神马][浮云]",
"mid":"za7jdlnLy",
"date":"2012-12-17 06:41:06"
},
{
"kids":[],
"uid":"1745930937",
"parent":"",
"text":"镇江出名啦",
"mid":"za7jbwrY8",
"date":"2012-12-17 06:41:01"
},
{
"kids":[],
"uid":"1779174901",
"parent":"",
"text":"",
"mid":"za7jaklr6",
"date":"2012-12-17 06:40:59"
},
{
"kids":[],
"uid":"2272708084",
"parent":"",
"text":"",
"mid":"za7j9bLqU",
"date":"2012-12-17 06:40:55"
},
{
"kids":[],
"uid":"1622289951",
"parent":"",
"text":"醋吃多了",
"mid":"za7iUEvoO",
"date":"2012-12-17 06:40:21"
},
{
"kids":[],
"uid":"1657173463",
"parent":"",
"text":"",
"mid":"za7iS1e4C",
"date":"2012-12-17 06:40:15"
},
{
"kids":[],
"uid":"1452213914",
"parent":"",
"text":"",
"mid":"za7iKBHSR",
"date":"2012-12-17 06:39:58"
},
{
"kids":[
"za7XtkW7D",
"za7kkcwPx"
],
"uid":"2058624294",
"parent":"",
"text":"",
"mid":"za7ixFjrJ",
"date":"2012-12-17 06:39:27"
},
{
"kids":[],
"uid":"516201259",
"parent":"",
"text":"实现共产共妻，大同社会了 [鄙视]",
"mid":"za7isAbSV",
"date":"2012-12-17 06:39:15"
},
{
"kids":[],
"uid":"1868361912",
"parent":"",
"text":"",
"mid":"za7ioe9G2",
"date":"2012-12-17 06:39:04"
},
{
"kids":[],
"uid":"1103687191",
"parent":"",
"text":"哦。张曼玉。please。要点节操行不行。",
"mid":"za7ik4xez",
"date":"2012-12-17 06:38:54"
},
{
"kids":[],
"uid":"2110475337",
"parent":"",
"text":"@织条更新的围脖",
"mid":"za7ijrTCK",
"date":"2012-12-17 06:38:52"
},
{
"kids":[],
"uid":"2628024860",
"parent":"",
"text":"鎮江出名了，鎮江人感想如何？",
"mid":"za7hFx2pk",
"date":"2012-12-17 06:37:16"
},
{
"kids":[],
"uid":"2859041984",
"parent":"",
"text":"",
"mid":"za7hE5RtE",
"date":"2012-12-17 06:37:13"
},
{
"kids":[],
"uid":"1956768072",
"parent":"",
"text":"一个人搞定九个？太牛了！",
"mid":"za7hBsBNP",
"date":"2012-12-17 06:37:07"
},
{
"kids":[],
"uid":"2604042767",
"parent":"",
"text":"与其称人家为情妇，不如称贪官为情夫，人家把几个爷们玩弄无胯下，悲哀我党公仆的情商啊，被互带绿帽子",
"mid":"za7cN1BqA",
"date":"2012-12-17 06:25:15"
},
{
"kids":[],
"uid":"313404557",
"parent":"za5vVis3I",
"text":"向为反腐牺牲自己的小三们致敬！[哈哈]",
"mid":"za79LD5YH",
"date":"2012-12-17 06:17:50"
},
{
"kids":[],
"uid":"1582738843",
"parent":"",
"text":"",
"mid":"za79reES8",
"date":"2012-12-17 06:17:00"
},
{
"kids":[],
"uid":"2920496462",
"parent":"",
"text":"",
"mid":"za79qEgpi",
"date":"2012-12-17 06:17:00"
},
{
"kids":[],
"uid":"2870410984",
"parent":"",
"text":"在狼群里扔这么美丽的肉，谁不抢？",
"mid":"za717m9EQ",
"date":"2012-12-17 05:56:31"
},
{
"kids":[],
"uid":"2344382215",
"parent":"za5cAslSo",
"text":"珍爱生命，远离祸水！",
"mid":"za6VPj5gI",
"date":"2012-12-17 05:43:29"
},
{
"kids":[],
"uid":"uc274512",
"parent":"",
"text":"",
"mid":"za6TUdYkz",
"date":"2012-12-17 05:38:45"
},
{
"kids":[],
"uid":"2111407810",
"parent":"",
"text":"",
"mid":"za6RBvvI0",
"date":"2012-12-17 05:33:04"
},
{
"kids":[
"za7XxaeKW"
],
"uid":"2477050800",
"parent":"",
"text":"",
"mid":"za6Rgyz1X",
"date":"2012-12-17 05:32:15"
},
{
"kids":[],
"uid":"1583905820",
"parent":"za4YDeSev",
"text":"",
"mid":"za6Qpkbcv",
"date":"2012-12-17 05:30:08"
},
{
"kids":[],
"uid":"1959962827",
"parent":"za5vVis3I",
"text":"",
"mid":"za6OnrbMi",
"date":"2012-12-17 05:25:08"
},
{
"kids":[],
"uid":"1717836052",
"parent":"za4y782RS",
"text":"",
"mid":"za6ND4Xro",
"date":"2012-12-17 05:23:17"
},
{
"kids":[],
"uid":"2288469667",
"parent":"za4AjkRAy",
"text":"这个女人是祸水！[吃惊]",
"mid":"za6LiyJ7C",
"date":"2012-12-17 05:17:33"
},
{
"kids":[],
"uid":"2638197343",
"parent":"",
"text":"到国外就不用抓是吧？这就是中国…",
"mid":"za6EC1LsH",
"date":"2012-12-17 05:01:04"
},
{
"kids":[],
"uid":"anqierxingyun",
"parent":"za4AUhhOh",
"text":"",
"mid":"za6APDO1T",
"date":"2012-12-17 04:51:46"
},
{
"kids":[],
"uid":"2585597267",
"parent":"",
"text":"",
"mid":"za6A2j435",
"date":"2012-12-17 04:49:47"
},
{
"kids":[],
"uid":"1776581072",
"parent":"za4yqC4FA",
"text":"",
"mid":"za6yRkVkG",
"date":"2012-12-17 04:46:54"
},
{
"kids":[],
"uid":"1440441334",
"parent":"",
"text":"",
"mid":"za6ypgC5n",
"date":"2012-12-17 04:45:47"
},
{
"kids":[],
"uid":"2808400652",
"parent":"",
"text":"",
"mid":"za6ypfsCP",
"date":"2012-12-17 04:45:47"
},
{
"kids":[],
"uid":"1092827501",
"parent":"za4YDeSev",
"text":"",
"mid":"za6uWrYxg",
"date":"2012-12-17 04:37:15"
},
{
"kids":[],
"uid":"2606781763",
"parent":"za4y782RS",
"text":"",
"mid":"za6uSjOHi",
"date":"2012-12-17 04:37:05"
},
{
"kids":[],
"uid":"2870410984",
"parent":"za67Ukp8M",
"text":"线条美！",
"mid":"za6tPlImQ",
"date":"2012-12-17 04:34:29"
},
{
"kids":[],
"uid":"2547893964",
"parent":"",
"text":"",
"mid":"za6rcde92",
"date":"2012-12-17 04:28:01"
},
{
"kids":[
"za7ZVdbGl",
"za6tPlImQ"
],
"uid":"guzexu",
"parent":"",
"text":"",
"mid":"za67Ukp8M",
"date":"2012-12-17 03:40:29"
},
{
"kids":[],
"uid":"2605057985",
"parent":"za5vVis3I",
"text":"确实漂亮",
"mid":"za67FBL4T",
"date":"2012-12-17 03:39:54"
},
{
"kids":[],
"uid":"2919353080",
"parent":"za5e9lRCb",
"text":"",
"mid":"za5VW4bLG",
"date":"2012-12-17 03:11:00"
},
{
"kids":[],
"uid":"2920454202",
"parent":"za5e9lRCb",
"text":"",
"mid":"za5VW38cw",
"date":"2012-12-17 03:10:59"
},
{
"kids":[],
"uid":"2919726282",
"parent":"",
"text":"",
"mid":"za5Odmd9B",
"date":"2012-12-17 02:51:59"
},
{
"kids":[],
"uid":"1688628747",
"parent":"",
"text":"倒是卢嘉丽的名字更性感些",
"mid":"za5M46628",
"date":"2012-12-17 02:46:41"
},
{
"kids":[],
"uid":"1469194930",
"parent":"za5vVis3I",
"text":"丑闻救中国",
"mid":"za5H8gxiG",
"date":"2012-12-17 02:34:32"
},
{
"kids":[],
"uid":"pku1984",
"parent":"za5hBBQiz",
"text":"[围观]",
"mid":"za5zekaiy",
"date":"2012-12-17 02:15:04"
},
{
"kids":[],
"uid":"2542499897",
"parent":"za5hBBQiz",
"text":"的确！",
"mid":"za5yIa2nr",
"date":"2012-12-17 02:13:47"
},
{
"kids":[],
"uid":"3178574187",
"parent":"",
"text":"",
"mid":"za5xyAMCQ",
"date":"2012-12-17 02:10:57"
},
{
"kids":[],
"uid":"2562072272",
"parent":"za5k0xeBH",
"text":"",
"mid":"za5wY0QHq",
"date":"2012-12-17 02:09:29"
},
{
"kids":[
"za79LD5YH",
"za6OnrbMi",
"za67FBL4T",
"za5H8gxiG"
],
"uid":"2834161500",
"parent":"za5ul9b62",
"text":"她们是英雄，帮我们把贪淫的狗官拉下马；[赞]",
"mid":"za5vVis3I",
"date":"2012-12-17 02:06:54"
},
{
"kids":[
"za5vVis3I"
],
"uid":"1879407050",
"parent":"",
"text":"和你舒服的我在沙发里，一杯红酒灌醉你，一个肉洞搞定你，不要和我谈党性，不要和我装淡定，姐姐的肉身把你们全搞定[哈哈]，",
"mid":"za5ul9b62",
"date":"2012-12-17 02:03:01"
},
{
"kids":[],
"uid":"2790334525",
"parent":"",
"text":"",
"mid":"za5sqFlQr",
"date":"2012-12-17 01:58:19"
},
{
"kids":[
"za8tPFOTV"
],
"uid":"2570632462",
"parent":"",
"text":"",
"mid":"za5qpEr0x",
"date":"2012-12-17 01:53:20"
},
{
"kids":[],
"uid":"2166342324",
"parent":"za5i9hAcb",
"text":"[汗]",
"mid":"za5nxcCHg",
"date":"2012-12-17 01:46:15"
},
{
"kids":[],
"uid":"3061979447",
"parent":"",
"text":"",
"mid":"za5mYkp1F",
"date":"2012-12-17 01:44:51"
},
{
"kids":[
"za7EpE1qK",
"za5wY0QHq"
],
"uid":"1769799853",
"parent":"za5hBBQiz",
"text":"",
"mid":"za5k0xeBH",
"date":"2012-12-17 01:37:34"
},
{
"kids":[],
"uid":"2802387302",
"parent":"za4CyyqRz",
"text":"",
"mid":"za5ikeBuH",
"date":"2012-12-17 01:33:25"
},
{
"kids":[
"za5nxcCHg"
],
"uid":"carolyn168",
"parent":"",
"text":"公車嘉麗 ? [陰險]",
"mid":"za5i9hAcb",
"date":"2012-12-17 01:32:59"
},
{
"kids":[],
"uid":"hubinatbj",
"parent":"za5hBBQiz",
"text":"",
"mid":"za5i7wMrC",
"date":"2012-12-17 01:32:55"
},
{
"kids":[
"za87CrxLJ",
"za5zekaiy",
"za5yIa2nr",
"za5k0xeBH",
"za5i7wMrC"
],
"uid":"1923220570",
"parent":"za4RQvnXT",
"text":"没被暗杀就不错了",
"mid":"za5hBBQiz",
"date":"2012-12-17 01:31:39"
},
{
"kids":[],
"uid":"2173470717",
"parent":"",
"text":"转发微博。",
"mid":"za5gUa3cD",
"date":"2012-12-17 01:29:55"
},
{
"kids":[],
"uid":"2119328435",
"parent":"",
"text":"",
"mid":"za5eHCshF",
"date":"2012-12-17 01:24:30"
},
{
"kids":[
"zaeWZxRlj",
"za5VW4bLG",
"za5VW38cw"
],
"uid":"bigones123",
"parent":"",
"text":"很想说句糙话：到底是个什么逼，咋就那么好？！",
"mid":"za5e9lRCb",
"date":"2012-12-17 01:23:08"
},
{
"kids":[],
"uid":"2646980671",
"parent":"",
"text":"",
"mid":"za5dHBypm",
"date":"2012-12-17 01:22:01"
},
{
"kids":[],
"uid":"1664267835",
"parent":"za5bzuNTD",
"text":"",
"mid":"za5d3s91c",
"date":"2012-12-17 01:20:26"
},
{
"kids":[],
"uid":"519523123",
"parent":"za4FdoWOK",
"text":"苍蝇不叮无缝的蛋！",
"mid":"za5d12cal",
"date":"2012-12-17 01:20:20"
},
{
"kids":[
"za7VfCera",
"za6VPj5gI"
],
"uid":"9bcwtr19",
"parent":"",
"text":"祸水",
"mid":"za5cAslSo",
"date":"2012-12-17 01:19:17"
},
{
"kids":[
"za5d3s91c"
],
"uid":"1167431713",
"parent":"",
"text":"",
"mid":"za5bzuNTD",
"date":"2012-12-17 01:16:47"
},
{
"kids":[],
"uid":"2995885840",
"parent":"",
"text":"快说说当红的都谁呀!",
"mid":"za5bnoSc4",
"date":"2012-12-17 01:16:18"
},
{
"kids":[],
"uid":"2796822137",
"parent":"",
"text":"",
"mid":"za59Nht2X",
"date":"2012-12-17 01:12:24"
},
{
"kids":[],
"uid":"hanmuandy",
"parent":"za4EPvLbH",
"text":"",
"mid":"za54H9C92",
"date":"2012-12-17 00:59:48"
},
{
"kids":[],
"uid":"livvvv",
"parent":"za53syHcf",
"text":"",
"mid":"za548A0wJ",
"date":"2012-12-17 00:58:24"
},
{
"kids":[],
"uid":"2650239153",
"parent":"",
"text":"祸水啊，人总还是习惯于看看墙外的花草树木，但是不能扰民，悄悄的",
"mid":"za53U3Rip",
"date":"2012-12-17 00:57:55"
},
{
"kids":[
"zabynsrII",
"za548A0wJ"
],
"uid":"1494113883",
"parent":"za4TDhs4w",
"text":"她叫子旋，青岛模特，度娘可查  非卢嘉丽，而且邱哓华落马是跟上海女记者，跟卢没关系",
"mid":"za53syHcf",
"date":"2012-12-17 00:56:48"
},
{
"kids":[],
"uid":"2810490810",
"parent":"za4A1llFf",
"text":"",
"mid":"za52z1Bbn",
"date":"2012-12-17 00:54:32"
},
{
"kids":[],
"uid":"2790073254",
"parent":"za4A1llFf",
"text":"",
"mid":"za52z1B9G",
"date":"2012-12-17 00:54:31"
},
{
"kids":[],
"uid":"hopehui",
"parent":"",
"text":"共产共妻共骑！[鄙视][鄙视][鄙视]",
"mid":"za51Vpwus",
"date":"2012-12-17 00:53:01"
},
{
"kids":[],
"uid":"1750846233",
"parent":"",
"text":"",
"mid":"za51v9Gfl",
"date":"2012-12-17 00:51:58"
},
{
"kids":[],
"uid":"2742086470",
"parent":"",
"text":"",
"mid":"za50Y3TlK",
"date":"2012-12-17 00:50:38"
},
{
"kids":[],
"uid":"zt621502",
"parent":"",
"text":"",
"mid":"za4ZlzgKa",
"date":"2012-12-17 00:46:41"
},
{
"kids":[],
"uid":"1668369374",
"parent":"",
"text":"一看就是个专门吃“大条”的。",
"mid":"za4ZdCAzu",
"date":"2012-12-17 00:46:20"
},
{
"kids":[],
"uid":"wuloudenanren",
"parent":"za4Firkfl",
"text":"",
"mid":"za4Z77Kmw",
"date":"2012-12-17 00:46:03"
},
{
"kids":[],
"uid":"2741694343",
"parent":"",
"text":"",
"mid":"za4YVhnD9",
"date":"2012-12-17 00:45:37"
},
{
"kids":[
"za6Qpkbcv",
"za6uWrYxg"
],
"uid":"1971837355",
"parent":"za4X93XdQ",
"text":"",
"mid":"za4YDeSev",
"date":"2012-12-17 00:44:53"
},
{
"kids":[],
"uid":"wanggamtok",
"parent":"",
"text":"",
"mid":"za4Y45WOZ",
"date":"2012-12-17 00:43:30"
},
{
"kids":[
"za4YDeSev"
],
"uid":"emmy999",
"parent":"za4FdoWOK",
"text":"这年代美女干嘛嘛成[黑线]",
"mid":"za4X93XdQ",
"date":"2012-12-17 00:41:14"
},
{
"kids":[
"za8tOgrUC"
],
"uid":"1855130357",
"parent":"",
"text":"@豆妈的生活S",
"mid":"za4WWFQa7",
"date":"2012-12-17 00:40:46"
},
{
"kids":[
"za53syHcf"
],
"uid":"1654824974",
"parent":"",
"text":"确实不错。",
"mid":"za4TDhs4w",
"date":"2012-12-17 00:32:34"
},
{
"kids":[],
"uid":"1102374351",
"parent":"",
"text":"",
"mid":"za4S6rO6q",
"date":"2012-12-17 00:28:49"
},
{
"kids":[
"za5hBBQiz"
],
"uid":"276769651",
"parent":"",
"text":"红颜祸水",
"mid":"za4RQvnXT",
"date":"2012-12-17 00:28:11"
},
{
"kids":[],
"uid":"2626473751",
"parent":"",
"text":"",
"mid":"za4R3q8z9",
"date":"2012-12-17 00:26:14"
},
{
"kids":[],
"uid":"2182657222",
"parent":"za4zcdVKZ",
"text":"向战斗在反腐一线的妇女致敬",
"mid":"za4QTDXzR",
"date":"2012-12-17 00:25:51"
},
{
"kids":[],
"uid":"1926301593",
"parent":"",
"text":"漂亮，难怪这些贪官都迷恋！",
"mid":"za4QQ9070",
"date":"2012-12-17 00:25:42"
},
{
"kids":[],
"uid":"gracechueh",
"parent":"",
"text":"[衰]",
"mid":"za4QxvJmy",
"date":"2012-12-17 00:24:57"
},
{
"kids":[
"zaeWI7Yz4"
],
"uid":"kaosiyouzi",
"parent":"",
"text":"毫无特别之处。只因我们都是局外人",
"mid":"za4QhhKoB",
"date":"2012-12-17 00:24:15"
},
{
"kids":[],
"uid":"1886267615",
"parent":"",
"text":"",
"mid":"za4Q0ootd",
"date":"2012-12-17 00:23:38"
},
{
"kids":[
"za7ZnyoGW"
],
"uid":"1470279547",
"parent":"",
"text":"",
"mid":"za4P6fAvO",
"date":"2012-12-17 00:21:25"
},
{
"kids":[],
"uid":"2919574672",
"parent":"za4MJpjpq",
"text":"",
"mid":"za4Oa2HYF",
"date":"2012-12-17 00:19:03"
},
{
"kids":[],
"uid":"wjwswdw",
"parent":"",
"text":"",
"mid":"za4MTt16o",
"date":"2012-12-17 00:15:55"
},
{
"kids":[
"za7ZW56Hv"
],
"uid":"1927995687",
"parent":"",
"text":"无图无真相，有图毁真相。",
"mid":"za4MPACAz",
"date":"2012-12-17 00:15:51"
},
{
"kids":[
"za4Oa2HYF"
],
"uid":"1169887845",
"parent":"",
"text":"",
"mid":"za4MJpjpq",
"date":"2012-12-17 00:15:35"
},
{
"kids":[],
"uid":"sanhaklei",
"parent":"za4KWlhQ8",
"text":"",
"mid":"za4McixPp",
"date":"2012-12-17 00:14:17"
},
{
"kids":[],
"uid":"2821030455",
"parent":"",
"text":"",
"mid":"za4LR2ZJ9",
"date":"2012-12-17 00:13:25"
},
{
"kids":[],
"uid":"2182114973",
"parent":"",
"text":"无",
"mid":"za4Lu2Tdu",
"date":"2012-12-17 00:12:29"
},
{
"kids":[],
"uid":"2034544013",
"parent":"",
"text":"国家统计局长都搞上啦",
"mid":"za4Le1zQy",
"date":"2012-12-17 00:11:52"
},
{
"kids":[
"za4McixPp"
],
"uid":"tianmeilaw",
"parent":"",
"text":"回复@88baba:太忍辱负重了",
"mid":"za4KWlhQ8",
"date":"2012-12-17 00:11:10"
},
{
"kids":[],
"uid":"2246405800",
"parent":"",
"text":"",
"mid":"za4KT6l9a",
"date":"2012-12-17 00:11:01"
},
{
"kids":[],
"uid":"1465520824",
"parent":"",
"text":"真丑",
"mid":"za4KSr2P5",
"date":"2012-12-17 00:11:01"
},
{
"kids":[],
"uid":"2213414425",
"parent":"",
"text":"",
"mid":"za4Kv8w2V",
"date":"2012-12-17 00:10:05"
},
{
"kids":[],
"uid":"2820283363",
"parent":"",
"text":"估计又卷走不少国家资源，",
"mid":"za4KtjYNh",
"date":"2012-12-17 00:10:01"
},
{
"kids":[],
"uid":"2946176564",
"parent":"za4y782RS",
"text":"书上说国民党讲共产党共产共妻，奋斗了这么多年，终于在改革开放的春风里有了开端。这也只是万里长征第一步；也只是冰山一角。也只是这几位权高位重，党性原则及思想觉悟出众的领导能开先河，树榜样。",
"mid":"za4Kq8A9y",
"date":"2012-12-17 00:09:53"
},
{
"kids":[],
"uid":"1869819990",
"parent":"",
"text":"",
"mid":"za4Jrv8ES",
"date":"2012-12-17 00:07:30"
},
{
"kids":[],
"uid":"1839982663",
"parent":"za4y782RS",
"text":"",
"mid":"za4JjwoAN",
"date":"2012-12-17 00:07:10"
},
{
"kids":[],
"uid":"1406453381",
"parent":"",
"text":"不跑交代的鸡巴更多。",
"mid":"za4IrbI5n",
"date":"2012-12-17 00:05:00"
},
{
"kids":[],
"uid":"2493305500",
"parent":"",
"text":"",
"mid":"za4HClgng",
"date":"2012-12-17 00:02:59"
},
{
"kids":[],
"uid":"2071765473",
"parent":"",
"text":"回复@88baba:[哈哈]",
"mid":"za4Hod4Rr",
"date":"2012-12-17 00:02:22"
},
{
"kids":[],
"uid":"1851165500",
"parent":"",
"text":"一个女人，忍辱负重，战斗在反腐第一线，这是蛇么精神？这就是国妓主义精神啊！",
"mid":"za4GQrPlO",
"date":"2012-12-17 00:01:06"
},
{
"kids":[],
"uid":"316583335",
"parent":"za4zhuSox",
"text":"",
"mid":"za4GP0l6c",
"date":"2012-12-17 00:01:00"
},
{
"kids":[],
"uid":"1431729252",
"parent":"",
"text":"我靠",
"mid":"za4GB9xqu",
"date":"2012-12-17 00:00:28"
},
{
"kids":[],
"uid":"206133939",
"parent":"za4C0x2nj",
"text":"[花心]",
"mid":"za4Gui4wi",
"date":"2012-12-17 00:00:12"
},
{
"kids":[],
"uid":"1460762227",
"parent":"",
"text":"使枪无数。",
"mid":"za4FxdYJY",
"date":"2012-12-16 23:57:48"
},
{
"kids":[],
"uid":"2147426681",
"parent":"",
"text":"好像是打鱼的！",
"mid":"za4FvslbO",
"date":"2012-12-16 23:57:47"
},
{
"kids":[],
"uid":"2107863922",
"parent":"",
"text":"",
"mid":"za4FjCaBN",
"date":"2012-12-16 23:57:19"
},
{
"kids":[
"za4Z77Kmw"
],
"uid":"touranbj",
"parent":"",
"text":"翻旧账意欲何为",
"mid":"za4Firkfl",
"date":"2012-12-16 23:57:16"
},
{
"kids":[],
"uid":"2180813423",
"parent":"",
"text":"",
"mid":"za4FeBwnL",
"date":"2012-12-16 23:57:07"
},
{
"kids":[
"za5d12cal",
"za4X93XdQ"
],
"uid":"yangyi0417",
"parent":"za4BLtKUR",
"text":"[给力]",
"mid":"za4FdoWOK",
"date":"2012-12-16 23:57:04"
},
{
"kids":[],
"uid":"patricktian",
"parent":"",
"text":"",
"mid":"za4FbCsHc",
"date":"2012-12-16 23:57:00"
},
{
"kids":[],
"uid":"2714236553",
"parent":"za4Brn7ms",
"text":"",
"mid":"za4FadaPI",
"date":"2012-12-16 23:56:55"
},
{
"kids":[
"za54H9C92"
],
"uid":"kickboxer78831",
"parent":"",
"text":"有陈圆圆的范儿，呵呵呵",
"mid":"za4EPvLbH",
"date":"2012-12-16 23:56:07"
},
{
"kids":[
"za7L9cWTG"
],
"uid":"1970997455",
"parent":"",
"text":"",
"mid":"za4Exr95p",
"date":"2012-12-16 23:55:25"
},
{
"kids":[],
"uid":"2245026327",
"parent":"",
"text":"",
"mid":"za4EtlvsE",
"date":"2012-12-16 23:55:14"
},
{
"kids":[],
"uid":"2091616835",
"parent":"",
"text":"",
"mid":"za4DUa1sv",
"date":"2012-12-16 23:53:49"
},
{
"kids":[],
"uid":"1760309641",
"parent":"",
"text":"",
"mid":"za4DLzDHs",
"date":"2012-12-16 23:53:30"
},
{
"kids":[],
"uid":"2613515245",
"parent":"",
"text":"",
"mid":"za4DK8vyd",
"date":"2012-12-16 23:53:26"
},
{
"kids":[
"za81c7h24"
],
"uid":"2490302210",
"parent":"",
"text":"红颜祸水，都是连襟！",
"mid":"za4DyhSzO",
"date":"2012-12-16 23:52:58"
},
{
"kids":[],
"uid":"208082838",
"parent":"",
"text":"这女的赚了",
"mid":"za4DvC9vk",
"date":"2012-12-16 23:52:49"
},
{
"kids":[],
"uid":"3173898221",
"parent":"za4y782RS",
"text":"",
"mid":"za4DrcnuT",
"date":"2012-12-16 23:52:40"
},
{
"kids":[],
"uid":"206009797",
"parent":"za4zhuSox",
"text":"张曼玉躺着也中枪",
"mid":"za4D55dJT",
"date":"2012-12-16 23:51:48"
},
{
"kids":[
"za8CC2gSn"
],
"uid":"206390125",
"parent":"za4Atsa8i",
"text":"",
"mid":"za4CIjIvK",
"date":"2012-12-16 23:50:54"
},
{
"kids":[],
"uid":"yidcc",
"parent":"za4Brn7ms",
"text":"",
"mid":"za4CGxdN1",
"date":"2012-12-16 23:50:49"
},
{
"kids":[
"za5ikeBuH"
],
"uid":"1923351620",
"parent":"",
"text":"这女的張冠李戴早就澄清了，为什么今天又捞起？",
"mid":"za4CyyqRz",
"date":"2012-12-16 23:50:31"
},
{
"kids":[],
"uid":"1093648051",
"parent":"za4BLtKUR",
"text":"美女在扮“美人鱼”吗？",
"mid":"za4CwboYw",
"date":"2012-12-16 23:50:25"
},
{
"kids":[],
"uid":"2878418530",
"parent":"",
"text":"＂党＂的觉悟出奇的一致",
"mid":"za4Cp6K5e",
"date":"2012-12-16 23:50:08"
},
{
"kids":[],
"uid":"1634988242",
"parent":"",
"text":"",
"mid":"za4ChoKqt",
"date":"2012-12-16 23:49:51"
},
{
"kids":[],
"uid":"canglangzi",
"parent":"",
"text":"又一辆公交车",
"mid":"za4Cgvvlb",
"date":"2012-12-16 23:49:47"
},
{
"kids":[
"za8uzfAm8"
],
"uid":"superyu2016",
"parent":"za4zhuSox",
"text":"这个...像张曼玉？哪个部分像？是我打开方式不对还是眼睛分辨率不够？",
"mid":"za4CfBidd",
"date":"2012-12-16 23:49:45"
},
{
"kids":[],
"uid":"3113049783",
"parent":"",
"text":"不会吧 这么多人都和她那个了的呀",
"mid":"za4Ca0FNd",
"date":"2012-12-16 23:49:33"
},
{
"kids":[],
"uid":"1884729065",
"parent":"",
"text":"",
"mid":"za4C2B7R7",
"date":"2012-12-16 23:49:15"
},
{
"kids":[
"za4Gui4wi"
],
"uid":"1617536850",
"parent":"",
"text":"",
"mid":"za4C0x2nj",
"date":"2012-12-16 23:49:07"
},
{
"kids":[],
"uid":"1779688495",
"parent":"",
"text":"",
"mid":"za4BYd1lH",
"date":"2012-12-16 23:49:03"
},
{
"kids":[],
"uid":"1909434927",
"parent":"",
"text":"@DJ立华 @当时我就震惊了",
"mid":"za4BU48Tn",
"date":"2012-12-16 23:48:53"
},
{
"kids":[],
"uid":"1889839751",
"parent":"",
"text":"[左哼哼][左哼哼][左哼哼]",
"mid":"za4BT9VMU",
"date":"2012-12-16 23:48:48"
},
{
"kids":[],
"uid":"bufans",
"parent":"",
"text":"",
"mid":"za4BPkkml",
"date":"2012-12-16 23:48:42"
},
{
"kids":[
"za4FdoWOK",
"za4CwboYw"
],
"uid":"519800330",
"parent":"",
"text":"[酷]",
"mid":"za4BLtKUR",
"date":"2012-12-16 23:48:34"
},
{
"kids":[],
"uid":"1273331144",
"parent":"za4zugXDR",
"text":"哪像张曼玉啦？",
"mid":"za4BK0lfA",
"date":"2012-12-16 23:48:27"
},
{
"kids":[],
"uid":"2673385441",
"parent":"za4AQtze0",
"text":"",
"mid":"za4BH4Aem",
"date":"2012-12-16 23:48:23"
},
{
"kids":[],
"uid":"2201139007",
"parent":"",
"text":"",
"mid":"za4BGaJJH",
"date":"2012-12-16 23:48:20"
},
{
"kids":[],
"uid":"2384083093",
"parent":"",
"text":"经典的党员干部试金石，来吧，让类似的美女来的更猛烈些吧！",
"mid":"za4BF23Fr",
"date":"2012-12-16 23:48:18"
},
{
"kids":[],
"uid":"1007955983",
"parent":"za4zcdVKZ",
"text":"",
"mid":"za4BCkJWS",
"date":"2012-12-16 23:48:12"
},
{
"kids":[],
"uid":"1775416390",
"parent":"za4y782RS",
"text":"",
"mid":"za4BAg4Pc",
"date":"2012-12-16 23:48:08"
},
{
"kids":[],
"uid":"2394660174",
"parent":"",
"text":"",
"mid":"za4BysCyD",
"date":"2012-12-16 23:48:03"
},
{
"kids":[],
"uid":"ypcsyt",
"parent":"",
"text":"领导同志们的审美准则还是相当一致的",
"mid":"za4BxiKkH",
"date":"2012-12-16 23:48:00"
},
{
"kids":[
"za4FadaPI",
"za4CGxdN1"
],
"uid":"why163",
"parent":"",
"text":"",
"mid":"za4Brn7ms",
"date":"2012-12-16 23:47:43"
},
{
"kids":[],
"uid":"hhz1979",
"parent":"",
"text":"",
"mid":"za4Bm54ie",
"date":"2012-12-16 23:47:29"
},
{
"kids":[],
"uid":"dongqiufei",
"parent":"za4ywxI30",
"text":"特别是老婆怀孕的男人一看，帐篷更大[偷笑][偷笑]",
"mid":"za4BeEykA",
"date":"2012-12-16 23:47:16"
},
{
"kids":[],
"uid":"1734315731",
"parent":"za4zVshWA",
"text":"镇江妹子！[花心]",
"mid":"za4Bc1gr4",
"date":"2012-12-16 23:47:09"
},
{
"kids":[],
"uid":"1916672757",
"parent":"",
"text":"",
"mid":"za4B8uLbV",
"date":"2012-12-16 23:47:01"
},
{
"kids":[],
"uid":"3165227347",
"parent":"",
"text":"",
"mid":"za4AZiHw9",
"date":"2012-12-16 23:46:37"
},
{
"kids":[],
"uid":"2111871635",
"parent":"",
"text":"回复@玉皇山顶:这就是张老照片，挂羊头卖狗肉，恶心",
"mid":"za4AWFmOu",
"date":"2012-12-16 23:46:30"
},
{
"kids":[],
"uid":"809078931",
"parent":"",
"text":"一只鱼？",
"mid":"za4AUzR8p",
"date":"2012-12-16 23:46:26"
},
{
"kids":[
"za6APDO1T"
],
"uid":"bjdq",
"parent":"",
"text":"实现共产共妻，大同社会了",
"mid":"za4AUhhOh",
"date":"2012-12-16 23:46:28"
},
{
"kids":[
"za4BH4Aem"
],
"uid":"315965557",
"parent":"",
"text":"[哈哈]",
"mid":"za4AQtze0",
"date":"2012-12-16 23:46:17"
},
{
"kids":[],
"uid":"youxianlang",
"parent":"",
"text":"美女，男人抗不住！[赞]",
"mid":"za4ABoJ8Y",
"date":"2012-12-16 23:45:42"
},
{
"kids":[
"za4CIjIvK"
],
"uid":"1355094271",
"parent":"za4y782RS",
"text":"躺在鱼网上的【美人鱼】！[偷笑]",
"mid":"za4Atsa8i",
"date":"2012-12-16 23:45:23"
},
{
"kids":[],
"uid":"44531205",
"parent":"",
"text":"没觉得像张曼玉啊，手段太高了吧",
"mid":"za4ArCbHK",
"date":"2012-12-16 23:45:20"
},
{
"kids":[
"za6LiyJ7C"
],
"uid":"1915604115",
"parent":"",
"text":"",
"mid":"za4AjkRAy",
"date":"2012-12-16 23:45:00"
},
{
"kids":[],
"uid":"1087723872",
"parent":"",
"text":"",
"mid":"za4Ah097D",
"date":"2012-12-16 23:44:54"
},
{
"kids":[],
"uid":"dtksolar",
"parent":"",
"text":"反腐利器，必须女人也[花心][花心][花心]",
"mid":"za4AenduP",
"date":"2012-12-16 23:44:44"
},
{
"kids":[],
"uid":"1411868840",
"parent":"",
"text":"男人都是用下半身思考的动物！但动物如果用下半身思考的话，结果可想而知！",
"mid":"za4AelAJv",
"date":"2012-12-16 23:44:47"
},
{
"kids":[],
"uid":"123198209",
"parent":"",
"text":"",
"mid":"za4A5txXP",
"date":"2012-12-16 23:44:26"
},
{
"kids":[],
"uid":"dalin1888",
"parent":"za4y782RS",
"text":"",
"mid":"za4A37QqA",
"date":"2012-12-16 23:44:20"
},
{
"kids":[
"za52z1Bbn",
"za52z1B9G"
],
"uid":"qudayun88",
"parent":"",
"text":"",
"mid":"za4A1llFf",
"date":"2012-12-16 23:44:13"
},
{
"kids":[
"za4Bc1gr4"
],
"uid":"xqchust",
"parent":"",
"text":"一点都没有张曼玉的气质，不能相提并论啊[鄙视][吐]",
"mid":"za4zVshWA",
"date":"2012-12-16 23:44:01"
},
{
"kids":[],
"uid":"3162193761",
"parent":"",
"text":"",
"mid":"za4zOAIcf",
"date":"2012-12-16 23:43:46"
},
{
"kids":[],
"uid":"1759082637",
"parent":"za4y782RS",
"text":"[吃惊]和日本有一拼的",
"mid":"za4zLlMxK",
"date":"2012-12-16 23:43:39"
},
{
"kids":[],
"uid":"2318415915",
"parent":"za4zhuSox",
"text":"张。。。卖。。。鱼？！",
"mid":"za4zJkL2g",
"date":"2012-12-16 23:43:33"
},
{
"kids":[],
"uid":"3132586247",
"parent":"za4ywxI30",
"text":"都是战友…",
"mid":"za4zGkmEK",
"date":"2012-12-16 23:43:26"
},
{
"kids":[],
"uid":"2325145774",
"parent":"",
"text":"",
"mid":"za4zE2fsm",
"date":"2012-12-16 23:43:20"
},
{
"kids":[],
"uid":"2120268134",
"parent":"",
"text":"",
"mid":"za4zv6Gt8",
"date":"2012-12-16 23:42:59"
},
{
"kids":[
"za4BK0lfA"
],
"uid":"2215026892",
"parent":"",
"text":"",
"mid":"za4zugXDR",
"date":"2012-12-16 23:42:57"
},
{
"kids":[],
"uid":"3139651777",
"parent":"",
"text":"",
"mid":"za4zsqXje",
"date":"2012-12-16 23:42:54"
},
{
"kids":[],
"uid":"constantinelin",
"parent":"",
"text":"她念了EMBA没有？@汇普-敬天爱人 @靖之博",
"mid":"za4zptCLD",
"date":"2012-12-16 23:42:46"
},
{
"kids":[],
"uid":"2445090822",
"parent":"za4y782RS",
"text":"",
"mid":"za4zoCscY",
"date":"2012-12-16 23:42:45"
},
{
"kids":[],
"uid":"liang1978",
"parent":"",
"text":"不会是国家专门整了帮美女渗透到各地搞腐败吧？",
"mid":"za4zokQY0",
"date":"2012-12-16 23:42:44"
},
{
"kids":[
"za4GP0l6c",
"za4D55dJT",
"za4CfBidd",
"za4zJkL2g"
],
"uid":"cnbfans",
"parent":"",
"text":"张曼玉哭了吧。。。。",
"mid":"za4zhuSox",
"date":"2012-12-16 23:42:27"
},
{
"kids":[
"za4QTDXzR",
"za4BCkJWS"
],
"uid":"1424743673",
"parent":"",
"text":"",
"mid":"za4zcdVKZ",
"date":"2012-12-16 23:42:14"
},
{
"kids":[],
"uid":"2047657901",
"parent":"",
"text":"",
"mid":"za4yX8HJq",
"date":"2012-12-16 23:41:38"
},
{
"kids":[],
"uid":"whisper001",
"parent":"za4y782RS",
"text":"群P？原来党内已经实现共产主义了？[哈哈]",
"mid":"za4yTlrfG",
"date":"2012-12-16 23:41:29"
},
{
"kids":[],
"uid":"2946402081",
"parent":"",
"text":"",
"mid":"za4yTi8dw",
"date":"2012-12-16 23:41:29"
},
{
"kids":[],
"uid":"1895107810",
"parent":"",
"text":"几年前就知道了",
"mid":"za4yPtaou",
"date":"2012-12-16 23:41:20"
},
{
"kids":[],
"uid":"2336754485",
"parent":"",
"text":"真滴假滳?[晕]",
"mid":"za4yIDEKk",
"date":"2012-12-16 23:41:04"
},
{
"kids":[],
"uid":"2760982847",
"parent":"",
"text":"这个女人不一般！",
"mid":"za4yDCeML",
"date":"2012-12-16 23:40:52"
},
{
"kids":[],
"uid":"1495202687",
"parent":"",
"text":"",
"mid":"za4yCaLDd",
"date":"2012-12-16 23:40:48"
},
{
"kids":[
"za4BeEykA",
"za4zGkmEK"
],
"uid":"1865886352",
"parent":"",
"text":"男人看一眼，下面就支小帐篷了，唉！",
"mid":"za4ywxI30",
"date":"2012-12-16 23:40:35"
},
{
"kids":[],
"uid":"2009130471",
"parent":"",
"text":"为什么用逃亡？是移民了!",
"mid":"za4ytCylo",
"date":"2012-12-16 23:40:27"
},
{
"kids":[
"za6yRkVkG"
],
"uid":"huahuadiguo",
"parent":"",
"text":"@谁煮牛肉",
"mid":"za4yqC4FA",
"date":"2012-12-16 23:40:21"
},
{
"kids":[],
"uid":"1105489975",
"parent":"",
"text":"",
"mid":"za4yq3QAj",
"date":"2012-12-16 23:40:19"
},
{
"kids":[],
"uid":"1684749993",
"parent":"",
"text":"我看她象张曼玉的脚后跟[哼]",
"mid":"za4yoB6AY",
"date":"2012-12-16 23:40:16"
},
{
"kids":[],
"uid":"tyk999",
"parent":"",
"text":"[吃惊]",
"mid":"za4yksUnp",
"date":"2012-12-16 23:40:06"
},
{
"kids":[],
"uid":"315109998",
"parent":"",
"text":"好么！厉害",
"mid":"za4ykpOtb",
"date":"2012-12-16 23:40:07"
},
{
"kids":[],
"uid":"caticqh",
"parent":"",
"text":"",
"mid":"za4ygk7bY",
"date":"2012-12-16 23:39:56"
},
{
"kids":[],
"uid":"2434392410",
"parent":"",
"text":"",
"mid":"za4yb1END",
"date":"2012-12-16 23:39:42"
},
{
"kids":[
"za6ND4Xro",
"za6uSjOHi",
"za4Kq8A9y",
"za4JjwoAN",
"za4DrcnuT",
"za4BAg4Pc",
"za4Atsa8i",
"za4A37QqA",
"za4zLlMxK",
"za4zoCscY",
"za4yTlrfG"
],
"uid":"bruceliuzhen",
"parent":"",
"text":"哇靠",
"mid":"za4y782RS",
"date":"2012-12-16 23:39:36"
},
{
"kids":[],
"uid":"1792905733",
"parent":"",
"text":"英雄难过“美人关”，更何况是狗熊！",
"mid":"za4xRt7Ed",
"date":"2012-12-16 23:38:58"
},
{
"kids":[],
"uid":"1788143361",
"parent":"",
"text":"",
"mid":"za4xKFdkW",
"date":"2012-12-16 23:38:42"
},
{
"kids":[],
"uid":"1955810305",
"parent":"",
"text":"美人鱼……",
"mid":"za4xs3rzX",
"date":"2012-12-16 23:37:56"
},
{
"kids":[],
"uid":"1967890663",
"parent":"",
"text":"",
"mid":"za4xppTd5",
"date":"2012-12-16 23:37:50"
},
{
"kids":[],
"uid":"339300018",
"parent":"",
"text":"粗略的了解下，只能说这个女人不简单，她还真能利用人性弱点。。",
"mid":"za4xpoGTC",
"date":"2012-12-16 23:37:51"
},
{
"kids":[],
"uid":"2594509290",
"parent":"",
"text":"张曼玉很伤心",
"mid":"za4wLclAJ",
"date":"2012-12-16 23:36:14"
},
{
"kids":[],
"uid":"2060878807",
"parent":"",
"text":"",
"mid":"za4wE6Q1e",
"date":"2012-12-16 23:35:56"
},
{
"kids":[],
"uid":"2023280621",
"parent":"",
"text":"",
"mid":"za4wCFC4o",
"date":"2012-12-16 23:35:53"
},
{
"kids":[],
"uid":"skydong2010",
"parent":"",
"text":"",
"mid":"za4wuEbom",
"date":"2012-12-16 23:35:35"
},
{
"kids":[],
"uid":"1855665214",
"parent":"",
"text":"转发微博。",
"mid":"za4wdg6s4",
"date":"2012-12-16 23:34:53"
}
]