[
{
"kids":[],
"uid":"2919598124",
"parent":"",
"text":"",
"mid":"zb1xyjJk9",
"date":"2012-12-23 05:50:15"
},
{
"kids":[],
"uid":"2804045790",
"parent":"",
"text":"",
"mid":"zaYKf4wKy",
"date":"2012-12-22 22:43:16"
},
{
"kids":[],
"uid":"1898613194",
"parent":"zaqMuEx6B",
"text":"",
"mid":"zaqNaFDry",
"date":"2012-12-19 08:17:06"
},
{
"kids":[],
"uid":"1583358344",
"parent":"",
"text":"",
"mid":"zaqMuEx7S",
"date":"2012-12-19 08:15:26"
},
{
"kids":[
"zaqNaFDry"
],
"uid":"2920224950",
"parent":"",
"text":"",
"mid":"zaqMuEx6B",
"date":"2012-12-19 08:15:25"
},
{
"kids":[],
"uid":"2789787460",
"parent":"",
"text":"",
"mid":"zaghsblC9",
"date":"2012-12-18 05:31:29"
},
{
"kids":[],
"uid":"1724079591",
"parent":"",
"text":"",
"mid":"zaghsblBx",
"date":"2012-12-18 05:31:29"
},
{
"kids":[],
"uid":"2803163382",
"parent":"",
"text":"",
"mid":"za8z9tMe0",
"date":"2012-12-17 09:53:06"
},
{
"kids":[],
"uid":"2919979544",
"parent":"",
"text":"",
"mid":"za8z9aKrW",
"date":"2012-12-17 09:53:05"
},
{
"kids":[],
"uid":"2010024111",
"parent":"z9d1Jw22j",
"text":"",
"mid":"z9Uazai1c",
"date":"2012-12-15 21:14:04"
},
{
"kids":[],
"uid":"2804511924",
"parent":"",
"text":"",
"mid":"z9NEc6uo8",
"date":"2012-12-15 04:37:50"
},
{
"kids":[],
"uid":"2805618062",
"parent":"",
"text":"",
"mid":"z9JjGnGoe",
"date":"2012-12-14 17:36:20"
},
{
"kids":[],
"uid":"2804161940",
"parent":"",
"text":"",
"mid":"z9wC4yo9A",
"date":"2012-12-13 09:15:56"
},
{
"kids":[],
"uid":"1583142201",
"parent":"",
"text":"",
"mid":"z9wC4yo7q",
"date":"2012-12-13 09:15:55"
},
{
"kids":[],
"uid":"2903475763",
"parent":"",
"text":"",
"mid":"z9png4HCv",
"date":"2012-12-12 14:50:12"
},
{
"kids":[],
"uid":"phoenixamy",
"parent":"z9hY12i6w",
"text":"赶紧回到父母身边",
"mid":"z9oRNvZm1",
"date":"2012-12-12 13:32:42"
},
{
"kids":[],
"uid":"2808966362",
"parent":"",
"text":"",
"mid":"z9nu29f11",
"date":"2012-12-12 10:01:22"
},
{
"kids":[],
"uid":"2805503244",
"parent":"",
"text":"",
"mid":"z9nu27VHo",
"date":"2012-12-12 10:01:23"
},
{
"kids":[],
"uid":"2919261632",
"parent":"z9es9x2n2",
"text":"",
"mid":"z9n7DC3Kb",
"date":"2012-12-12 09:06:14"
},
{
"kids":[],
"uid":"1677552172",
"parent":"z9iPQCgJ0",
"text":"",
"mid":"z9mEBd0AP",
"date":"2012-12-12 07:54:40"
},
{
"kids":[],
"uid":"2808748972",
"parent":"",
"text":"",
"mid":"z9k8lcbhq",
"date":"2012-12-12 01:29:43"
},
{
"kids":[],
"uid":"2156541883",
"parent":"",
"text":"帮小朋友回家！",
"mid":"z9jYs5pYZ",
"date":"2012-12-12 01:05:20"
},
{
"kids":[],
"uid":"swordinthesky",
"parent":"z9fa1fR6y",
"text":"",
"mid":"z9jYp5MkB",
"date":"2012-12-12 01:05:14"
},
{
"kids":[],
"uid":"2834568825",
"parent":"",
"text":"",
"mid":"z9jIesE3u",
"date":"2012-12-12 00:25:23"
},
{
"kids":[],
"uid":"1290506700",
"parent":"z9dR5scMy",
"text":"[心][心]",
"mid":"z9jtZyEyW",
"date":"2012-12-11 23:50:17"
},
{
"kids":[],
"uid":"1583944551",
"parent":"",
"text":"",
"mid":"z9iXXgawY",
"date":"2012-12-11 22:31:20"
},
{
"kids":[],
"uid":"2919627892",
"parent":"",
"text":"",
"mid":"z9iXXeJSd",
"date":"2012-12-11 22:31:23"
},
{
"kids":[
"z9mEBd0AP"
],
"uid":"1960452613",
"parent":"z9dXDaEFu",
"text":"",
"mid":"z9iPQCgJ0",
"date":"2012-12-11 22:11:25"
},
{
"kids":[],
"uid":"sissy1028",
"parent":"z9iNbrEGn",
"text":"",
"mid":"z9iNCjRRf",
"date":"2012-12-11 22:05:52"
},
{
"kids":[
"z9iNCjRRf"
],
"uid":"2193698653",
"parent":"z9i9Jorwg",
"text":"@水吃吃 @雪白白和小埋汰 @蘑菇头与小叮当的幸福生活",
"mid":"z9iNbrEGn",
"date":"2012-12-11 22:04:51"
},
{
"kids":[],
"uid":"2132296082",
"parent":"",
"text":"",
"mid":"z9iAScqdK",
"date":"2012-12-11 21:34:31"
},
{
"kids":[],
"uid":"1881748524",
"parent":"z9dL08Ln2",
"text":"拐孩子的都应该拉出去毙了",
"mid":"z9irS0rTL",
"date":"2012-12-11 21:12:20"
},
{
"kids":[
"z9iNbrEGn"
],
"uid":"cqj1986",
"parent":"",
"text":"长得真可爱！快来接走啊",
"mid":"z9i9Jorwg",
"date":"2012-12-11 20:27:39"
},
{
"kids":[],
"uid":"1920140781",
"parent":"",
"text":"好可怜啊！",
"mid":"z9i7N6ilA",
"date":"2012-12-11 20:22:53"
},
{
"kids":[],
"uid":"206317176",
"parent":"",
"text":"轉發微博",
"mid":"z9i78ASwD",
"date":"2012-12-11 20:21:16"
},
{
"kids":[],
"uid":"2329692507",
"parent":"",
"text":"",
"mid":"z9hZe8EHt",
"date":"2012-12-11 20:01:46"
},
{
"kids":[
"z9oRNvZm1"
],
"uid":"huayue231645",
"parent":"z9foPBmkD",
"text":"",
"mid":"z9hY12i6w",
"date":"2012-12-11 19:58:47"
},
{
"kids":[],
"uid":"1932450007",
"parent":"",
"text":"",
"mid":"z9heQEVpx",
"date":"2012-12-11 18:07:31"
},
{
"kids":[],
"uid":"2216893301",
"parent":"z9gseCXX6",
"text":"",
"mid":"z9gMWyUnz",
"date":"2012-12-11 16:58:46"
},
{
"kids":[
"z9gMWyUnz"
],
"uid":"1884854867",
"parent":"z9ghadMlS",
"text":"",
"mid":"z9gseCXX6",
"date":"2012-12-11 16:07:45"
},
{
"kids":[
"z9gseCXX6"
],
"uid":"1852393885",
"parent":"z9foPBmkD",
"text":"",
"mid":"z9ghadMlS",
"date":"2012-12-11 15:40:28"
},
{
"kids":[],
"uid":"pigspirit",
"parent":"z9foPBmkD",
"text":"这个孩子看着真可爱。祝早日回家！",
"mid":"z9fxj3l76",
"date":"2012-12-11 13:47:27"
},
{
"kids":[
"z9hY12i6w",
"z9ghadMlS",
"z9fxj3l76"
],
"uid":"huinasw",
"parent":"z9dlkiura",
"text":"",
"mid":"z9foPBmkD",
"date":"2012-12-11 13:26:37"
},
{
"kids":[],
"uid":"2090771984",
"parent":"",
"text":"转发微博。",
"mid":"z9fjAihdS",
"date":"2012-12-11 13:13:41"
},
{
"kids":[],
"uid":"2546921912",
"parent":"z9cAnpyTl",
"text":"",
"mid":"z9fjsB608",
"date":"2012-12-11 13:13:23"
},
{
"kids":[
"z9jYp5MkB"
],
"uid":"smile0793",
"parent":"",
"text":"睡前转发一下，愿你早点跟爸妈团聚 详情:http:",
"mid":"z9fa1fR6y",
"date":"2012-12-11 12:50:07"
},
{
"kids":[],
"uid":"1868861652",
"parent":"",
"text":"",
"mid":"z9f9BwrGe",
"date":"2012-12-11 12:49:06"
},
{
"kids":[],
"uid":"2970087090",
"parent":"",
"text":"",
"mid":"z9f896z7y",
"date":"2012-12-11 12:45:30"
},
{
"kids":[],
"uid":"2213747433",
"parent":"",
"text":"@zcj洁 @rainy莫泪 @Hi潘小雅 @草莓嘉人 @陈曙瑜 @Zz的庄庄庄可爱 @媓詬 @慧子星空 @韩韩麻麻 转起转起",
"mid":"z9f32jU6A",
"date":"2012-12-11 12:32:54"
},
{
"kids":[],
"uid":"2809028970",
"parent":"z9es9x2n2",
"text":"",
"mid":"z9eHra4q8",
"date":"2012-12-11 11:39:41"
},
{
"kids":[],
"uid":"2789767212",
"parent":"z9es9x2n2",
"text":"",
"mid":"z9eHqxMG1",
"date":"2012-12-11 11:39:42"
},
{
"kids":[],
"uid":"1238508615",
"parent":"",
"text":"@姚晨",
"mid":"z9eB0zfbZ",
"date":"2012-12-11 11:23:51"
},
{
"kids":[],
"uid":"1418494182",
"parent":"z9dCSzRU3",
"text":"",
"mid":"z9eyExkPb",
"date":"2012-12-11 11:18:03"
},
{
"kids":[],
"uid":"2810028480",
"parent":"z9esV8sBt",
"text":"",
"mid":"z9exgzkWw",
"date":"2012-12-11 11:14:38"
},
{
"kids":[],
"uid":"2808276392",
"parent":"z9esV8sBt",
"text":"",
"mid":"z9exghJLL",
"date":"2012-12-11 11:14:37"
},
{
"kids":[],
"uid":"1834984231",
"parent":"z9dlkiura",
"text":"",
"mid":"z9ewLgzQM",
"date":"2012-12-11 11:13:24"
},
{
"kids":[],
"uid":"2937972464",
"parent":"",
"text":"",
"mid":"z9evGb8D3",
"date":"2012-12-11 11:10:44"
},
{
"kids":[
"z9exgzkWw",
"z9exghJLL"
],
"uid":"1873735110",
"parent":"",
"text":"",
"mid":"z9esV8sBt",
"date":"2012-12-11 11:03:57"
},
{
"kids":[
"z9n7DC3Kb",
"z9eHra4q8",
"z9eHqxMG1"
],
"uid":"1829403895",
"parent":"",
"text":"",
"mid":"z9es9x2n2",
"date":"2012-12-11 11:02:02"
},
{
"kids":[],
"uid":"2612747353",
"parent":"",
"text":"朋友就是要相互支持与关注",
"mid":"z9es1ygvh",
"date":"2012-12-11 11:01:44"
},
{
"kids":[],
"uid":"2303982567",
"parent":"",
"text":"[转发]",
"mid":"z9eqZakT1",
"date":"2012-12-11 10:59:10"
},
{
"kids":[],
"uid":"2304376831",
"parent":"",
"text":"",
"mid":"z9eqBubXX",
"date":"2012-12-11 10:58:14"
},
{
"kids":[],
"uid":"2304376831",
"parent":"",
"text":"[转发]",
"mid":"z9eqvjkCJ",
"date":"2012-12-11 10:57:58"
},
{
"kids":[],
"uid":"532198345",
"parent":"",
"text":"给力支持。",
"mid":"z9eqh8hd4",
"date":"2012-12-11 10:57:25"
},
{
"kids":[],
"uid":"2363365604",
"parent":"",
"text":"大家一起来转转吧",
"mid":"z9ephlUy2",
"date":"2012-12-11 10:54:58"
},
{
"kids":[],
"uid":"1583139280",
"parent":"z9cZxleo4",
"text":"",
"mid":"z9enRytiD",
"date":"2012-12-11 10:51:27"
},
{
"kids":[],
"uid":"2919823232",
"parent":"z9cZxleo4",
"text":"",
"mid":"z9enRxRVK",
"date":"2012-12-11 10:51:29"
},
{
"kids":[],
"uid":"2176095104",
"parent":"",
"text":"",
"mid":"z9ek72XCE",
"date":"2012-12-11 10:42:14"
},
{
"kids":[],
"uid":"2693184101",
"parent":"z9dCSzRU3",
"text":"",
"mid":"z9egWvoJF",
"date":"2012-12-11 10:34:25"
},
{
"kids":[],
"uid":"1935747781",
"parent":"z9cAnpyTl",
"text":"",
"mid":"z9e9cFfB4",
"date":"2012-12-11 10:15:22"
},
{
"kids":[],
"uid":"fengchunwei",
"parent":"z9dgObp0s",
"text":"@微博平湖",
"mid":"z9e8mDAWy",
"date":"2012-12-11 10:13:18"
},
{
"kids":[],
"uid":"2671634473",
"parent":"",
"text":"",
"mid":"z9e3f0CTK",
"date":"2012-12-11 10:00:39"
},
{
"kids":[
"z9iPQCgJ0"
],
"uid":"1424906282",
"parent":"",
"text":"转发微博 话题详情:http:",
"mid":"z9dXDaEFu",
"date":"2012-12-11 09:46:49"
},
{
"kids":[],
"uid":"wzgzxs",
"parent":"z9d1Jw22j",
"text":"",
"mid":"z9dWO3gQH",
"date":"2012-12-11 09:44:49"
},
{
"kids":[],
"uid":"shaoyinfeng",
"parent":"",
"text":"转转更健康 详情:http:",
"mid":"z9dVzwm5g",
"date":"2012-12-11 09:41:46"
},
{
"kids":[
"z9jtZyEyW"
],
"uid":"1248621780",
"parent":"",
"text":"宝贝快回家吧！",
"mid":"z9dR5scMy",
"date":"2012-12-11 09:30:44"
},
{
"kids":[],
"uid":"1893716253",
"parent":"",
"text":"",
"mid":"z9dMcB2pe",
"date":"2012-12-11 09:18:42"
},
{
"kids":[],
"uid":"2154613713",
"parent":"",
"text":"",
"mid":"z9dMb7c8u",
"date":"2012-12-11 09:18:37"
},
{
"kids":[
"z9irS0rTL"
],
"uid":"1733646667",
"parent":"z9dlkiura",
"text":"",
"mid":"z9dL08Ln2",
"date":"2012-12-11 09:15:44"
},
{
"kids":[
"z9eyExkPb",
"z9egWvoJF"
],
"uid":"2284092933",
"parent":"",
"text":"",
"mid":"z9dCSzRU3",
"date":"2012-12-11 08:55:44"
},
{
"kids":[],
"uid":"1424192673",
"parent":"",
"text":"",
"mid":"z9duuw2us",
"date":"2012-12-11 08:35:03"
},
{
"kids":[],
"uid":"1074189815",
"parent":"z9dlkiura",
"text":"速帮转",
"mid":"z9dqe4tXQ",
"date":"2012-12-11 08:24:33"
},
{
"kids":[],
"uid":"1884159351",
"parent":"",
"text":"转发微博 话题详情:http:",
"mid":"z9dpSwUcm",
"date":"2012-12-11 08:23:42"
},
{
"kids":[],
"uid":"2728705013",
"parent":"",
"text":"转发微博 话题详情:http:",
"mid":"z9dp9ySAe",
"date":"2012-12-11 08:21:54"
},
{
"kids":[
"z9foPBmkD",
"z9ewLgzQM",
"z9dL08Ln2",
"z9dqe4tXQ"
],
"uid":"1420579555",
"parent":"",
"text":"",
"mid":"z9dlkiura",
"date":"2012-12-11 08:12:27"
},
{
"kids":[],
"uid":"ruoshuitianxie",
"parent":"z9dhDlgv5",
"text":"云南昭通的请转发!@aiwaa",
"mid":"z9diRfDAq",
"date":"2012-12-11 08:06:24"
},
{
"kids":[
"z9diRfDAq"
],
"uid":"1860757652",
"parent":"z9d2yoEoR",
"text":"",
"mid":"z9dhDlgv5",
"date":"2012-12-11 08:03:23"
},
{
"kids":[
"z9e8mDAWy"
],
"uid":"zhumingbaby",
"parent":"",
"text":"",
"mid":"z9dgObp0s",
"date":"2012-12-11 08:01:21"
},
{
"kids":[],
"uid":"maxl0807",
"parent":"",
"text":"转发微博。",
"mid":"z9d64s7jZ",
"date":"2012-12-11 07:34:54"
},
{
"kids":[],
"uid":"1867760814",
"parent":"z9cAnpyTl",
"text":"",
"mid":"z9d5jrTLo",
"date":"2012-12-11 07:33:02"
},
{
"kids":[
"z9dhDlgv5"
],
"uid":"1861777154",
"parent":"",
"text":"",
"mid":"z9d2yoEoR",
"date":"2012-12-11 07:26:14"
},
{
"kids":[
"z9Uazai1c",
"z9dWO3gQH"
],
"uid":"1789510087",
"parent":"",
"text":"[爱心传递][爱心传递]",
"mid":"z9d1Jw22j",
"date":"2012-12-11 07:24:13"
},
{
"kids":[
"z9enRytiD",
"z9enRxRVK"
],
"uid":"1238508615",
"parent":"",
"text":"@黄夕倍就是黄嘘嘘",
"mid":"z9cZxleo4",
"date":"2012-12-11 07:18:47"
},
{
"kids":[],
"uid":"1427393872",
"parent":"z9cAnpyTl",
"text":"必须转",
"mid":"z9cV5BipJ",
"date":"2012-12-11 07:07:51"
},
{
"kids":[
"z9fjsB608",
"z9e9cFfB4",
"z9d5jrTLo",
"z9cV5BipJ"
],
"uid":"2720040080",
"parent":"",
"text":"请大家帮忙一下。",
"mid":"z9cAnpyTl",
"date":"2012-12-11 06:16:49"
}
]