[
{
"kids":[],
"uid":"caria6",
"parent":"yE8eZ0CqJ",
"text":"[吃惊]",
"mid":"z7LKwxLBD",
"date":"2012-12-01 20:07:21"
},
{
"kids":[],
"uid":"2805171342",
"parent":"yEovHzPqr",
"text":"",
"mid":"z6QQMiiA1",
"date":"2012-11-25 19:16:08"
},
{
"kids":[],
"uid":"2805419424",
"parent":"yEovHzPqr",
"text":"",
"mid":"z6FBnf47m",
"date":"2012-11-24 14:38:00"
},
{
"kids":[],
"uid":"2920493642",
"parent":"yEovHzPqr",
"text":"",
"mid":"z6FBnf469",
"date":"2012-11-24 14:37:59"
},
{
"kids":[],
"uid":"1776516954",
"parent":"yEovHzPqr",
"text":"",
"mid":"z5UvdaxAY",
"date":"2012-11-19 14:43:42"
},
{
"kids":[],
"uid":"2528961695",
"parent":"yE8To9mzm",
"text":"",
"mid":"z5KNwcP7k",
"date":"2012-11-18 14:01:23"
},
{
"kids":[],
"uid":"1778247272",
"parent":"yEovHzPqr",
"text":"",
"mid":"z5HRNo3Nf",
"date":"2012-11-18 06:33:40"
},
{
"kids":[],
"uid":"2920403710",
"parent":"yEovHzPqr",
"text":"",
"mid":"z5HRNn55T",
"date":"2012-11-18 06:33:39"
},
{
"kids":[],
"uid":"2706716323",
"parent":"yE8To9mzm",
"text":"坑我还是坑我？",
"mid":"z5EA2wFMD",
"date":"2012-11-17 22:11:41"
},
{
"kids":[],
"uid":"1583387970",
"parent":"yEovHzPqr",
"text":"",
"mid":"z4XzX80tk",
"date":"2012-11-13 08:43:20"
},
{
"kids":[],
"uid":"1776527140",
"parent":"yEovHzPqr",
"text":"",
"mid":"z4QQFBN6I",
"date":"2012-11-12 15:35:19"
},
{
"kids":[],
"uid":"2789846890",
"parent":"yEovHzPqr",
"text":"",
"mid":"z4QQFBN5t",
"date":"2012-11-12 15:35:17"
},
{
"kids":[],
"uid":"336991010",
"parent":"yE8To9mzm",
"text":"吓死了",
"mid":"z3vt1spV2",
"date":"2012-11-03 19:19:02"
},
{
"kids":[],
"uid":"2483282571",
"parent":"yE8To9mzm",
"text":"",
"mid":"z2QAbE5En",
"date":"2012-10-30 11:14:07"
},
{
"kids":[],
"uid":"2920491252",
"parent":"yFl4wa1xs",
"text":"",
"mid":"z2Ni4k63h",
"date":"2012-10-30 02:51:12"
},
{
"kids":[],
"uid":"1579024574",
"parent":"yFl4wa1xs",
"text":"",
"mid":"z2GuM1DVN",
"date":"2012-10-29 09:33:16"
},
{
"kids":[],
"uid":"2919679620",
"parent":"yFl4wa1xs",
"text":"",
"mid":"z2GuLq09B",
"date":"2012-10-29 09:33:16"
},
{
"kids":[],
"uid":"2460248785",
"parent":"yE8To9mzm",
"text":"[吃惊][汗][怒]",
"mid":"z2iDabQrI",
"date":"2012-10-26 20:48:02"
},
{
"kids":[],
"uid":"2919331392",
"parent":"yE9gwstAI",
"text":"",
"mid":"z1SYFc3ZB",
"date":"2012-10-24 03:29:34"
},
{
"kids":[],
"uid":"1584037611",
"parent":"yE9gwstAI",
"text":"",
"mid":"z1P2bCm44",
"date":"2012-10-23 17:27:16"
},
{
"kids":[],
"uid":"1582748221",
"parent":"yE9gwstAI",
"text":"",
"mid":"z1P2bBxtB",
"date":"2012-10-23 17:27:17"
},
{
"kids":[],
"uid":"2803121402",
"parent":"yFl4wa1xs",
"text":"",
"mid":"z1MWc5fdi",
"date":"2012-10-23 12:06:59"
},
{
"kids":[],
"uid":"2919852090",
"parent":"yFl4wa1xs",
"text":"",
"mid":"z1MWc5fba",
"date":"2012-10-23 12:07:00"
},
{
"kids":[],
"uid":"1842549847",
"parent":"yE8To9mzm",
"text":"我喷。。。",
"mid":"z1HW0gFiL",
"date":"2012-10-22 23:22:49"
},
{
"kids":[],
"uid":"1379083614",
"parent":"yE8To9mzm",
"text":"这也太搞了吧",
"mid":"z1HjZqorJ",
"date":"2012-10-22 21:49:10"
},
{
"kids":[],
"uid":"1582054072",
"parent":"yE9gwstAI",
"text":"",
"mid":"z1C70ws1y",
"date":"2012-10-22 08:33:26"
},
{
"kids":[],
"uid":"2805278424",
"parent":"yE9gwstAI",
"text":"",
"mid":"z1C70ws0B",
"date":"2012-10-22 08:33:26"
},
{
"kids":[],
"uid":"2804203164",
"parent":"yE9gwstAI",
"text":"",
"mid":"z1uCYfc4G",
"date":"2012-10-21 13:30:12"
},
{
"kids":[],
"uid":"2804272340",
"parent":"yE9gwstAI",
"text":"",
"mid":"z1uCYePgJ",
"date":"2012-10-21 13:30:11"
},
{
"kids":[],
"uid":"2207163193",
"parent":"z0l9Ar8AW",
"text":"Oh 靠my天天brother",
"mid":"z0psokTRQ",
"date":"2012-10-14 10:30:07"
},
{
"kids":[
"z0psokTRQ"
],
"uid":"justinwoo0911",
"parent":"",
"text":"去SHI吧",
"mid":"z0l9Ar8AW",
"date":"2012-10-13 23:32:49"
},
{
"kids":[],
"uid":"2826240554",
"parent":"yE8To9mzm",
"text":"",
"mid":"z0bbk2IyW",
"date":"2012-10-12 22:09:36"
},
{
"kids":[],
"uid":"2304246032",
"parent":"yE8To9mzm",
"text":"。。。。。",
"mid":"yFPRO2hv4",
"date":"2012-10-10 22:22:18"
},
{
"kids":[],
"uid":"1958479855",
"parent":"yE8To9mzm",
"text":"真假？",
"mid":"yFOBghOWO",
"date":"2012-10-10 19:08:48"
},
{
"kids":[],
"uid":"535583453",
"parent":"yE8To9mzm",
"text":"谣言吧",
"mid":"yFOrhzpp6",
"date":"2012-10-10 18:44:13"
},
{
"kids":[],
"uid":"2965494125",
"parent":"yE8To9mzm",
"text":"@冰冰冰冰-冰冰刘",
"mid":"yFNnIcYe4",
"date":"2012-10-10 16:02:40"
},
{
"kids":[],
"uid":"210606870",
"parent":"yE8To9mzm",
"text":"加入中国国籍好了",
"mid":"yFLpD93aQ",
"date":"2012-10-10 11:01:54"
},
{
"kids":[],
"uid":"1718705505",
"parent":"",
"text":"好喜感的呢",
"mid":"yFGkm3X3E",
"date":"2012-10-09 22:05:10"
},
{
"kids":[],
"uid":"xlhsclz",
"parent":"",
"text":"[嘻嘻]",
"mid":"yFFGwkx4j",
"date":"2012-10-09 20:27:03"
},
{
"kids":[],
"uid":"2966141145",
"parent":"yE8To9mzm",
"text":"哈哈",
"mid":"yFDKpEfvF",
"date":"2012-10-09 15:31:08"
},
{
"kids":[],
"uid":"1951118760",
"parent":"yE8To9mzm",
"text":"哈哈哈哈哈哈哈哈哈哈",
"mid":"yFDIismPv",
"date":"2012-10-09 15:25:55"
},
{
"kids":[],
"uid":"2979348357",
"parent":"yE8To9mzm",
"text":"顶天天向上",
"mid":"yFt6pj9K5",
"date":"2012-10-08 12:25:05"
},
{
"kids":[],
"uid":"2055476430",
"parent":"yE8To9mzm",
"text":"分明就是谣言",
"mid":"yFsNpu3Sx",
"date":"2012-10-08 11:38:17"
},
{
"kids":[],
"uid":"1743946152",
"parent":"",
"text":"@左岸拉拉C",
"mid":"yFreJnQ69",
"date":"2012-10-08 07:40:07"
},
{
"kids":[],
"uid":"1788827565",
"parent":"yE8To9mzm",
"text":"谣言满天飞！ 笑死人[哈哈]浩二还不错喔'''",
"mid":"yFoD9mVxk",
"date":"2012-10-08 01:02:02"
},
{
"kids":[],
"uid":"2171378617",
"parent":"yE8To9mzm",
"text":"",
"mid":"yFn8RsfOQ",
"date":"2012-10-07 21:14:37"
},
{
"kids":[
"z2Ni4k63h",
"z2GuM1DVN",
"z2GuLq09B",
"z1MWc5fdi",
"z1MWc5fba"
],
"uid":"2206020603",
"parent":"",
"text":"...",
"mid":"yFl4wa1xs",
"date":"2012-10-07 15:58:28"
},
{
"kids":[],
"uid":"1765718762",
"parent":"yE8To9mzm",
"text":"这个也太搞笑了",
"mid":"yFdMpbAua",
"date":"2012-10-06 21:24:34"
},
{
"kids":[],
"uid":"wangmumu0211",
"parent":"yE8To9mzm",
"text":"@戆子的艹蛋人生备忘录 哎哟我操这个好笑",
"mid":"yF5u7eNK5",
"date":"2012-10-06 00:17:32"
},
{
"kids":[],
"uid":"2164080203",
"parent":"yE8To9mzm",
"text":"[哈哈]",
"mid":"yF4uZdkaO",
"date":"2012-10-05 21:46:58"
},
{
"kids":[],
"uid":"3016519171",
"parent":"yE8To9mzm",
"text":"",
"mid":"yF3Yy7wKK",
"date":"2012-10-05 20:27:01"
},
{
"kids":[],
"uid":"2911011031",
"parent":"yE8To9mzm",
"text":"转发微博。",
"mid":"yEVJLmBag",
"date":"2012-10-04 23:28:40"
},
{
"kids":[],
"uid":"2946076780",
"parent":"yE8To9mzm",
"text":"好搞笑哦，今天才见浩二发微博捏。。",
"mid":"yEVAVuvDq",
"date":"2012-10-04 23:06:54"
},
{
"kids":[],
"uid":"narcissistmachine",
"parent":"",
"text":"这都行。。。",
"mid":"yETxBr3LK",
"date":"2012-10-04 17:53:12"
},
{
"kids":[],
"uid":"2478661514",
"parent":"yEaFnfvjg",
"text":"莫名好搞笑。。[偷笑]",
"mid":"yETwg5vs3",
"date":"2012-10-04 17:49:55"
},
{
"kids":[],
"uid":"2056732621",
"parent":"yE8To9mzm",
"text":"[衰]这都行了",
"mid":"yESFJcJk5",
"date":"2012-10-04 15:40:26"
},
{
"kids":[],
"uid":"2747107451",
"parent":"",
"text":"",
"mid":"yES2xlaPH",
"date":"2012-10-04 14:03:55"
},
{
"kids":[],
"uid":"jiangyu001",
"parent":"yE8To9mzm",
"text":"",
"mid":"yEQ1dnw4P",
"date":"2012-10-04 08:55:10"
},
{
"kids":[],
"uid":"1832327480",
"parent":"yE8To9mzm",
"text":"假的吧，，，",
"mid":"yEMzZ7mRd",
"date":"2012-10-04 00:09:51"
},
{
"kids":[],
"uid":"2839465472",
"parent":"yE8To9mzm",
"text":"哈哈",
"mid":"yEMaDBf2t",
"date":"2012-10-03 23:07:22"
},
{
"kids":[],
"uid":"2318188451",
"parent":"yE8To9mzm",
"text":"",
"mid":"yEL87gsBz",
"date":"2012-10-03 20:28:27"
},
{
"kids":[],
"uid":"2729013175",
"parent":"yE8To9mzm",
"text":"真是谣言满天飞",
"mid":"yEJDpCwlV",
"date":"2012-10-03 16:40:05"
},
{
"kids":[],
"uid":"2944694051",
"parent":"yE8To9mzm",
"text":"制造谣言有意思吗？日本右翼也没那么大本事，他们做的事情在日本国内都没多少人支持",
"mid":"yEFi0nzLG",
"date":"2012-10-03 05:36:20"
},
{
"kids":[],
"uid":"2423576761",
"parent":"yE8To9mzm",
"text":"真的假的[吃惊]",
"mid":"yEEDs3oN0",
"date":"2012-10-03 03:56:25"
},
{
"kids":[],
"uid":"2819213752",
"parent":"yE8To9mzm",
"text":"浩二不会死的。",
"mid":"yED8zvU7J",
"date":"2012-10-03 00:07:36"
},
{
"kids":[],
"uid":"fanxinx",
"parent":"yE8To9mzm",
"text":"吓死我了，我以为真的呢@国际范儿_",
"mid":"yEBYByX2c",
"date":"2012-10-02 21:10:19"
},
{
"kids":[],
"uid":"2307094495",
"parent":"yE8To9mzm",
"text":"",
"mid":"yEzRJjrDi",
"date":"2012-10-02 15:47:52"
},
{
"kids":[],
"uid":"2384087184",
"parent":"",
"text":"枫哥告诉我，这是谣言。莫悲伤。",
"mid":"yEzEutb2W",
"date":"2012-10-02 15:15:15"
},
{
"kids":[],
"uid":"1817311791",
"parent":"yE8To9mzm",
"text":"无聊[汗][汗]",
"mid":"yEzemgZf9",
"date":"2012-10-02 14:10:53"
},
{
"kids":[],
"uid":"2384087184",
"parent":"yE8To9mzm",
"text":"浩二啊。这一期录制节目的时候应该让出来证实一下，免得我们忠实的天天向上迷担心。[汗]",
"mid":"yEyI2zarL",
"date":"2012-10-02 12:51:15"
},
{
"kids":[],
"uid":"2607334917",
"parent":"yE8To9mzm",
"text":"真搞笑~",
"mid":"yEy3ehJRN",
"date":"2012-10-02 11:10:41"
},
{
"kids":[],
"uid":"dorothy8maple",
"parent":"yE8To9mzm",
"text":"",
"mid":"yExY2dg41",
"date":"2012-10-02 10:57:54"
},
{
"kids":[],
"uid":"1582543795",
"parent":"yEbM8jqzl",
"text":"",
"mid":"yEw0L6GM4",
"date":"2012-10-02 05:59:07"
},
{
"kids":[],
"uid":"2460611430",
"parent":"yE8To9mzm",
"text":"浩二被造谣了！",
"mid":"yErwHvFsv",
"date":"2012-10-01 18:34:05"
},
{
"kids":[],
"uid":"2907573313",
"parent":"",
"text":"",
"mid":"yEqR962qo",
"date":"2012-10-01 16:51:42"
},
{
"kids":[],
"uid":"Marchu",
"parent":"yE8To9mzm",
"text":"太扯淡了！[怒]",
"mid":"yEqtHzoHi",
"date":"2012-10-01 15:53:56"
},
{
"kids":[],
"uid":"1854473660",
"parent":"yE8UN2BwG",
"text":"[吃惊]",
"mid":"yEqnYnqNk",
"date":"2012-10-01 15:39:50"
},
{
"kids":[],
"uid":"2506172675",
"parent":"yE8To9mzm",
"text":"谁这么损？白浪费我感情了……",
"mid":"yEpIdh2xY",
"date":"2012-10-01 13:56:57"
},
{
"kids":[],
"uid":"2956537731",
"parent":"yE8To9mzm",
"text":"搞笑",
"mid":"yEptZfY2Z",
"date":"2012-10-01 13:21:52"
},
{
"kids":[],
"uid":"2919601864",
"parent":"",
"text":"",
"mid":"yEp338JvC",
"date":"2012-10-01 12:15:31"
},
{
"kids":[],
"uid":"1647708691",
"parent":"",
"text":"+1",
"mid":"yEoJKFKYx",
"date":"2012-10-01 11:28:00"
},
{
"kids":[
"z6QQMiiA1",
"z6FBnf47m",
"z6FBnf469",
"z5UvdaxAY",
"z5HRNo3Nf",
"z5HRNn55T",
"z4XzX80tk",
"z4QQFBN6I",
"z4QQFBN5t"
],
"uid":"2090617814",
"parent":"",
"text":"",
"mid":"yEovHzPqr",
"date":"2012-10-01 10:53:22"
},
{
"kids":[],
"uid":"chinaliping",
"parent":"yE8To9mzm",
"text":"擦、、、、",
"mid":"yEo3zwubi",
"date":"2012-10-01 09:44:05"
},
{
"kids":[],
"uid":"2789820104",
"parent":"yE9Jcp8YL",
"text":"",
"mid":"yEo0vgVNF",
"date":"2012-10-01 09:36:32"
},
{
"kids":[],
"uid":"faithandwela",
"parent":"",
"text":"转发微博。",
"mid":"yEnyCB4Ra",
"date":"2012-10-01 08:27:50"
},
{
"kids":[],
"uid":"hqsama",
"parent":"yE8To9mzm",
"text":"支持浩二～",
"mid":"yEnqHeLEp",
"date":"2012-10-01 08:08:18"
},
{
"kids":[],
"uid":"2679035892",
"parent":"yE9g23lOE",
"text":"不要吧？",
"mid":"yEmdfzX30",
"date":"2012-10-01 05:02:26"
},
{
"kids":[],
"uid":"2805024842",
"parent":"yE9jHwSfK",
"text":"",
"mid":"yEkRTssqB",
"date":"2012-10-01 01:37:04"
},
{
"kids":[],
"uid":"1707273245",
"parent":"",
"text":"[衰]",
"mid":"yEkGhAAEp",
"date":"2012-10-01 01:08:28"
},
{
"kids":[],
"uid":"2919681160",
"parent":"",
"text":"",
"mid":"yEjuZhH8n",
"date":"2012-09-30 22:07:52"
},
{
"kids":[],
"uid":"2096016671",
"parent":"yE8To9mzm",
"text":"看前面半段，吓死我了！",
"mid":"yEjjOCCGF",
"date":"2012-09-30 21:40:21"
},
{
"kids":[],
"uid":"2803567860",
"parent":"yE9Jcp8YL",
"text":"",
"mid":"yEj8stJk6",
"date":"2012-09-30 21:12:23"
},
{
"kids":[],
"uid":"1777198512",
"parent":"yE9Jcp8YL",
"text":"",
"mid":"yEj8sc86B",
"date":"2012-09-30 21:12:22"
},
{
"kids":[],
"uid":"2919510354",
"parent":"",
"text":"",
"mid":"yEij8kIxc",
"date":"2012-09-30 19:05:55"
},
{
"kids":[],
"uid":"2919432334",
"parent":"",
"text":"",
"mid":"yEij81ufw",
"date":"2012-09-30 19:05:53"
},
{
"kids":[],
"uid":"2747083553",
"parent":"yE8To9mzm",
"text":"",
"mid":"yEhIXe0rp",
"date":"2012-09-30 17:36:48"
},
{
"kids":[],
"uid":"2679058752",
"parent":"yE8To9mzm",
"text":"",
"mid":"yEhB4dMto",
"date":"2012-09-30 17:17:22"
},
{
"kids":[],
"uid":"2010917923",
"parent":"yE8To9mzm",
"text":"",
"mid":"yEhvHsYmP",
"date":"2012-09-30 17:04:07"
},
{
"kids":[],
"uid":"1951871967",
"parent":"yEfApA9rc",
"text":"把我吓死了，浩二加油，小日本毁灭",
"mid":"yEgnac5x2",
"date":"2012-09-30 14:10:20"
},
{
"kids":[],
"uid":"2258394251",
"parent":"yE8To9mzm",
"text":"嚇我一跳，誰那麼無聊[怒]",
"mid":"yEg8XBSDu",
"date":"2012-09-30 13:35:22"
},
{
"kids":[
"yEgnac5x2"
],
"uid":"2117347320",
"parent":"yE8To9mzm",
"text":"开国际大玩笑@Justin-oneD雯子很nice @苏坡曼杨大科",
"mid":"yEfApA9rc",
"date":"2012-09-30 12:10:16"
},
{
"kids":[],
"uid":"2942902705",
"parent":"",
"text":"回复@小獒-快跑:呵呵",
"mid":"yEfzLqVzu",
"date":"2012-09-30 12:08:40"
},
{
"kids":[],
"uid":"2919726770",
"parent":"yE948tmHC",
"text":"",
"mid":"yEfx8AA2e",
"date":"2012-09-30 12:02:12"
},
{
"kids":[],
"uid":"1583040873",
"parent":"yE948tmHC",
"text":"",
"mid":"yEfx8iYQL",
"date":"2012-09-30 12:02:10"
},
{
"kids":[],
"uid":"1797461977",
"parent":"yE8To9mzm",
"text":"现在谁还下毒啊，鹤顶红，还是砒霜？幽默！！",
"mid":"yEfm0kWt7",
"date":"2012-09-30 11:34:46"
},
{
"kids":[],
"uid":"2166539645",
"parent":"yE8To9mzm",
"text":"受不了，，瞎说什么啊",
"mid":"yEfkWo5fn",
"date":"2012-09-30 11:32:09"
},
{
"kids":[],
"uid":"2942902705",
"parent":"yE8To9mzm",
"text":"[怒]骗人，混蛋！浩二怎可能飞了！",
"mid":"yEf8J5ITa",
"date":"2012-09-30 11:02:02"
},
{
"kids":[],
"uid":"2002291741",
"parent":"yE8To9mzm",
"text":"真的吗？",
"mid":"yEePAnn9n",
"date":"2012-09-30 10:14:54"
},
{
"kids":[],
"uid":"2603195941",
"parent":"yE91xajFk",
"text":"喔水真假?",
"mid":"yEeutEEsQ",
"date":"2012-09-30 09:22:54"
},
{
"kids":[],
"uid":"2423881403",
"parent":"yE8To9mzm",
"text":"谣言有时候真的挺可怕 人别出名 一出名谣言就满天飞",
"mid":"yEetsnBMB",
"date":"2012-09-30 09:20:22"
},
{
"kids":[],
"uid":"2324976012",
"parent":"yE91qkHCs",
"text":"浩二被死亡",
"mid":"yEebACJKv",
"date":"2012-09-30 08:36:21"
},
{
"kids":[],
"uid":"2932662625",
"parent":"yE8To9mzm",
"text":"太坑妈的新闻",
"mid":"yEe1mtl9E",
"date":"2012-09-30 08:11:10"
},
{
"kids":[],
"uid":"2513251334",
"parent":"yE8To9mzm",
"text":"倒",
"mid":"yEdZjqb0n",
"date":"2012-09-30 08:06:07"
},
{
"kids":[],
"uid":"1584089457",
"parent":"yE97tiQLn",
"text":"",
"mid":"yEdNCjcWr",
"date":"2012-09-30 07:37:17"
},
{
"kids":[],
"uid":"2919592160",
"parent":"yE97tiQLn",
"text":"",
"mid":"yEdNCiAnX",
"date":"2012-09-30 07:37:17"
},
{
"kids":[],
"uid":"2122731350",
"parent":"",
"text":"不会吧。",
"mid":"yEdHjDRy1",
"date":"2012-09-30 07:21:47"
},
{
"kids":[],
"uid":"2789919164",
"parent":"",
"text":"",
"mid":"yEdE5jVnU",
"date":"2012-09-30 07:13:48"
},
{
"kids":[],
"uid":"2920623052",
"parent":"yE9jHwSfK",
"text":"",
"mid":"yEdyGdNKU",
"date":"2012-09-30 07:00:30"
},
{
"kids":[],
"uid":"HKXH666",
"parent":"yE8To9mzm",
"text":"尽是些狗嘴里吐不出象牙还在这里胡说八道的混帐东西！[怒骂]",
"mid":"yEdlqtPXt",
"date":"2012-09-30 06:27:50"
},
{
"kids":[],
"uid":"2919329262",
"parent":"",
"text":"",
"mid":"yEcO4jNXG",
"date":"2012-09-30 05:05:40"
},
{
"kids":[],
"uid":"2920025650",
"parent":"",
"text":"",
"mid":"yEcO4jNX2",
"date":"2012-09-30 05:05:40"
},
{
"kids":[],
"uid":"1776507602",
"parent":"",
"text":"",
"mid":"yEcmZkTAV",
"date":"2012-09-30 03:58:57"
},
{
"kids":[],
"uid":"2808897650",
"parent":"",
"text":"",
"mid":"yEcmZ35jC",
"date":"2012-09-30 03:58:56"
},
{
"kids":[],
"uid":"1779516757",
"parent":"yE8To9mzm",
"text":"",
"mid":"yEcivi7A3",
"date":"2012-09-30 03:47:54"
},
{
"kids":[],
"uid":"1671267421",
"parent":"yE8To9mzm",
"text":"谣言可耻！尤其是将国家利益公然报复在个人身上这种缺心眼的事看了就生气。对这些缺心少肺的人真是没辙没辙的。",
"mid":"yEc4XrUFv",
"date":"2012-09-30 03:14:31"
},
{
"kids":[],
"uid":"2919980230",
"parent":"",
"text":"",
"mid":"yEbOeiDnn",
"date":"2012-09-30 02:33:19"
},
{
"kids":[
"yEw0L6GM4"
],
"uid":"2594795152",
"parent":"yE8To9mzm",
"text":"",
"mid":"yEbM8jqzl",
"date":"2012-09-30 02:28:09"
},
{
"kids":[],
"uid":"hatsukiaoi0809",
"parent":"yEa0ucCpP",
"text":"真的假的？",
"mid":"yEbM5DHFn",
"date":"2012-09-30 02:28:03"
},
{
"kids":[],
"uid":"1777506190",
"parent":"",
"text":"",
"mid":"yEbJjm1GL",
"date":"2012-09-30 02:21:12"
},
{
"kids":[],
"uid":"1583944063",
"parent":"",
"text":"",
"mid":"yEbJjm1F9",
"date":"2012-09-30 02:21:11"
},
{
"kids":[],
"uid":"1756343155",
"parent":"yE8cBxa75",
"text":"不会吧？[吃惊][吃惊]",
"mid":"yEblcade0",
"date":"2012-09-30 01:21:46"
},
{
"kids":[],
"uid":"2803458974",
"parent":"",
"text":"",
"mid":"yEbkOfqK4",
"date":"2012-09-30 01:20:50"
},
{
"kids":[],
"uid":"2919938300",
"parent":"",
"text":"",
"mid":"yEbkOf3Av",
"date":"2012-09-30 01:20:50"
},
{
"kids":[],
"uid":"xixi867057883",
"parent":"yE8To9mzm",
"text":"浩二要是真这样牺牲了我清明为你烧纸",
"mid":"yEbkwc2sg",
"date":"2012-09-30 01:20:07"
},
{
"kids":[],
"uid":"acufake",
"parent":"yE8To9mzm",
"text":"小日本都像浩二这样 就太平了",
"mid":"yEbei05pt",
"date":"2012-09-30 01:04:46"
},
{
"kids":[],
"uid":"2566435447",
"parent":"yE8To9mzm",
"text":"谣言啊",
"mid":"yEbboDzfv",
"date":"2012-09-30 00:57:39"
},
{
"kids":[],
"uid":"2919514370",
"parent":"yE97tiQLn",
"text":"",
"mid":"yEb716f7E",
"date":"2012-09-30 00:46:48"
},
{
"kids":[],
"uid":"2920067254",
"parent":"yE97tiQLn",
"text":"",
"mid":"yEb715qUT",
"date":"2012-09-30 00:46:48"
},
{
"kids":[],
"uid":"2457785543",
"parent":"yE8To9mzm",
"text":"",
"mid":"yEb663avK",
"date":"2012-09-30 00:44:32"
},
{
"kids":[],
"uid":"2388750432",
"parent":"yE8To9mzm",
"text":"真不知道是那些一天没得事做的，头和屁股装反了",
"mid":"yEaW0dOnZ",
"date":"2012-09-30 00:19:41"
},
{
"kids":[],
"uid":"luyan0924",
"parent":"yE8To9mzm",
"text":"这个厉害了",
"mid":"yEaTS7bXT",
"date":"2012-09-30 00:14:28"
},
{
"kids":[],
"uid":"2421426100",
"parent":"yE8To9mzm",
"text":"[偷笑][偷笑][偷笑]",
"mid":"yEaTEuvZ7",
"date":"2012-09-30 00:13:55"
},
{
"kids":[],
"uid":"2029915585",
"parent":"yE8To9mzm",
"text":"",
"mid":"yEaOKr5Vg",
"date":"2012-09-30 00:01:47"
},
{
"kids":[],
"uid":"1766111240",
"parent":"yE8To9mzm",
"text":"真是扯淡••",
"mid":"yEaM2litc",
"date":"2012-09-29 23:55:09"
},
{
"kids":[],
"uid":"masixiang",
"parent":"yEaFnfvjg",
"text":"这样的人~中国人会保护的好着呢~",
"mid":"yEaJgC9th",
"date":"2012-09-29 23:48:17"
},
{
"kids":[],
"uid":"1664323677",
"parent":"",
"text":"不会吧？真的假的？！！",
"mid":"yEaHbu1f7",
"date":"2012-09-29 23:43:12"
},
{
"kids":[
"yETwg5vs3",
"yEaJgC9th"
],
"uid":"1073889397",
"parent":"yE90yfCe0",
"text":"乱说！！昨天还给他送月饼来着！",
"mid":"yEaFnfvjg",
"date":"2012-09-29 23:38:46"
},
{
"kids":[],
"uid":"1779691481",
"parent":"yE8To9mzm",
"text":"躺着又中枪",
"mid":"yEaELEARv",
"date":"2012-09-29 23:37:16"
},
{
"kids":[],
"uid":"2253010740",
"parent":"yEal53pbP",
"text":"- - 无语了",
"mid":"yEaExdvuv",
"date":"2012-09-29 23:36:37"
},
{
"kids":[],
"uid":"2940245707",
"parent":"yE8To9mzm",
"text":"",
"mid":"yEaE9j1UI",
"date":"2012-09-29 23:35:43"
},
{
"kids":[],
"uid":"1278668284",
"parent":"",
"text":"[可怜][可怜]",
"mid":"yEaCPpYla",
"date":"2012-09-29 23:32:25"
},
{
"kids":[],
"uid":"2029802794",
"parent":"yE8To9mzm",
"text":"求浩二出来辟谣",
"mid":"yEaB19xri",
"date":"2012-09-29 23:28:00"
},
{
"kids":[],
"uid":"1278024470",
"parent":"",
"text":"",
"mid":"yEaz4hzli",
"date":"2012-09-29 23:23:12"
},
{
"kids":[],
"uid":"2219706592",
"parent":"yE8To9mzm",
"text":"/是真的吗？/@钱枫:谣言满天飞！",
"mid":"yEaxF7pSW",
"date":"2012-09-29 23:19:44"
},
{
"kids":[],
"uid":"2659497037",
"parent":"yE8To9mzm",
"text":"",
"mid":"yEawlvH2S",
"date":"2012-09-29 23:16:31"
},
{
"kids":[],
"uid":"1917321662",
"parent":"yE8To9mzm",
"text":"假的。不要相信",
"mid":"yEavobRvF",
"date":"2012-09-29 23:14:09"
},
{
"kids":[],
"uid":"1955077825",
"parent":"yE93seTMk",
"text":"求真相~是不是真的啊~是否还健在？！！！",
"mid":"yEauwphED",
"date":"2012-09-29 23:12:01"
},
{
"kids":[],
"uid":"xiyoon",
"parent":"yE8To9mzm",
"text":"喜欢驼鸟哦[鼓掌][鼓掌][鼓掌][鼓掌]@钱枫",
"mid":"yEau8rLTG",
"date":"2012-09-29 23:11:05"
},
{
"kids":[],
"uid":"1921370253",
"parent":"yE8To9mzm",
"text":"太离谱了。。。",
"mid":"yEart05r1",
"date":"2012-09-29 23:04:28"
},
{
"kids":[],
"uid":"1986964427",
"parent":"yE8To9mzm",
"text":"这太扯了吧?",
"mid":"yEamQl62O",
"date":"2012-09-29 22:53:03"
},
{
"kids":[],
"uid":"zhouwolong",
"parent":"",
"text":"",
"mid":"yEamFooqj",
"date":"2012-09-29 22:52:37"
},
{
"kids":[],
"uid":"1844293572",
"parent":"yE8To9mzm",
"text":"可怕的妖言",
"mid":"yEamq1dmF",
"date":"2012-09-29 22:52:02"
},
{
"kids":[],
"uid":"2932093994",
"parent":"yE8To9mzm",
"text":"",
"mid":"yEalowhmu",
"date":"2012-09-29 22:49:32"
},
{
"kids":[
"yEaExdvuv"
],
"uid":"1146460355",
"parent":"yE8To9mzm",
"text":"什么情况？！！！",
"mid":"yEal53pbP",
"date":"2012-09-29 22:48:45"
},
{
"kids":[],
"uid":"nicolassiren",
"parent":"yE8To9mzm",
"text":"我靠说这种话你他妈还是不是人！",
"mid":"yEajgovwy",
"date":"2012-09-29 22:44:17"
},
{
"kids":[],
"uid":"1851194191",
"parent":"yE8To9mzm",
"text":"晕死还有这种谣言。。@季末寂寞就好",
"mid":"yEaiQ9C0e",
"date":"2012-09-29 22:43:10"
},
{
"kids":[],
"uid":"zhi299183zhu",
"parent":"",
"text":"真的假的啊…",
"mid":"yEaiejF0T",
"date":"2012-09-29 22:41:44"
},
{
"kids":[],
"uid":"freetopaint",
"parent":"yE8To9mzm",
"text":"",
"mid":"yEagHteyP",
"date":"2012-09-29 22:37:56"
},
{
"kids":[],
"uid":"2276168333",
"parent":"yE8To9mzm",
"text":"",
"mid":"yEaf97Ujw",
"date":"2012-09-29 22:34:08"
},
{
"kids":[],
"uid":"2656296681",
"parent":"yE8To9mzm",
"text":"",
"mid":"yEaeClSO5",
"date":"2012-09-29 22:32:50"
},
{
"kids":[],
"uid":"1854456860",
"parent":"yE8To9mzm",
"text":"百姓又被无辜中枪！支持浩二！",
"mid":"yEadPhrfH",
"date":"2012-09-29 22:30:53"
},
{
"kids":[],
"uid":"1969774167",
"parent":"yE8To9mzm",
"text":"威武",
"mid":"yEabN88p3",
"date":"2012-09-29 22:25:52"
},
{
"kids":[],
"uid":"2661536007",
"parent":"yE8To9mzm",
"text":"笑死我了 哈哈哈",
"mid":"yEab8BWZS",
"date":"2012-09-29 22:24:15"
},
{
"kids":[],
"uid":"2011085315",
"parent":"",
"text":"可是他的年龄暴漏了",
"mid":"yEa99nYFm",
"date":"2012-09-29 22:19:22"
},
{
"kids":[],
"uid":"2617944285",
"parent":"yE8To9mzm",
"text":"真的假的，",
"mid":"yEa946NGm",
"date":"2012-09-29 22:19:09"
},
{
"kids":[],
"uid":"1773149557",
"parent":"yE8To9mzm",
"text":"我晕。。。这个太。。。",
"mid":"yEa8zm94D",
"date":"2012-09-29 22:17:56"
},
{
"kids":[],
"uid":"1909782924",
"parent":"yE8To9mzm",
"text":"真的，假的",
"mid":"yEa8ne0kc",
"date":"2012-09-29 22:17:24"
},
{
"kids":[],
"uid":"ytt1991",
"parent":"",
"text":"妈呀，日本人没人性！一条人命啊啊[伤心][伤心]",
"mid":"yEa7v9nuA",
"date":"2012-09-29 22:15:19"
},
{
"kids":[],
"uid":"2405043874",
"parent":"yE90yfCe0",
"text":"",
"mid":"yEa6y5LUu",
"date":"2012-09-29 22:12:57"
},
{
"kids":[],
"uid":"2832879011",
"parent":"yE8To9mzm",
"text":"浩二 最棒的浩二。",
"mid":"yEa5GzMfB",
"date":"2012-09-29 22:10:50"
},
{
"kids":[],
"uid":"2334783535",
"parent":"yE8To9mzm",
"text":"这是想说什么？？不是所有日本人都是坏人，不能一杆子打死！辩证法思想去哪儿了？！！",
"mid":"yEa5n3DF6",
"date":"2012-09-29 22:10:01"
},
{
"kids":[],
"uid":"1996499785",
"parent":"yE8To9mzm",
"text":"oh my god [思考]",
"mid":"yEa5k6jtA",
"date":"2012-09-29 22:09:56"
},
{
"kids":[],
"uid":"2033111595",
"parent":"yE8To9mzm",
"text":"@蝌蚪小花 @E米粒lou 谣言的力量啊，浩二躺着也中枪，就这么被说死了",
"mid":"yEa3um4Ko",
"date":"2012-09-29 22:05:26"
},
{
"kids":[],
"uid":"2646762683",
"parent":"yE8To9mzm",
"text":"过不了几天，就又活过来了。[汗]",
"mid":"yEa2t8rzv",
"date":"2012-09-29 22:02:54"
},
{
"kids":[],
"uid":"2547920630",
"parent":"yE8To9mzm",
"text":"这种话也说的出口，会有报应的",
"mid":"yEa1v8EVA",
"date":"2012-09-29 22:00:31"
},
{
"kids":[
"yEbM5DHFn"
],
"uid":"1872364565",
"parent":"yE8To9mzm",
"text":"",
"mid":"yEa0ucCpP",
"date":"2012-09-29 21:58:00"
},
{
"kids":[],
"uid":"1806630915",
"parent":"yE8To9mzm",
"text":"",
"mid":"yE9ZPoswH",
"date":"2012-09-29 21:56:24"
},
{
"kids":[],
"uid":"2792168257",
"parent":"yE8To9mzm",
"text":"@miss七斤 ，信吗",
"mid":"yE9Z47otC",
"date":"2012-09-29 21:54:28"
},
{
"kids":[],
"uid":"2217991007",
"parent":"yE8To9mzm",
"text":"不要难为浩二",
"mid":"yE9XxiCbU",
"date":"2012-09-29 21:50:45"
},
{
"kids":[],
"uid":"2647598232",
"parent":"yE8To9mzm",
"text":"吓我一跳！",
"mid":"yE9XnfdpX",
"date":"2012-09-29 21:50:18"
},
{
"kids":[],
"uid":"1804672963",
"parent":"",
"text":"真的假的阿...",
"mid":"yE9TA261D",
"date":"2012-09-29 21:41:00"
},
{
"kids":[],
"uid":"heying626",
"parent":"yE8To9mzm",
"text":"太离谱啦！",
"mid":"yE9Qfu0Vt",
"date":"2012-09-29 21:32:49"
},
{
"kids":[],
"uid":"537204561",
"parent":"",
"text":"k姨说的对",
"mid":"yE9LOnV5f",
"date":"2012-09-29 21:21:53"
},
{
"kids":[],
"uid":"sunnydayrainrecord",
"parent":"yE8To9mzm",
"text":"偶好想笑啊，这也口以的，好久米有完整看过一期天天向上了，天家兄弟记得保持队形啊～",
"mid":"yE9JgA2aL",
"date":"2012-09-29 21:15:36"
},
{
"kids":[
"yEo0vgVNF",
"yEj8stJk6",
"yEj8sc86B"
],
"uid":"2187970385",
"parent":"",
"text":"S B       臭不要脸的！！！！！    嘴不贱会死啊？！！[怒]",
"mid":"yE9Jcp8YL",
"date":"2012-09-29 21:15:27"
},
{
"kids":[],
"uid":"2182114973",
"parent":"yE8To9mzm",
"text":"[吃惊]",
"mid":"yE9IYhjzr",
"date":"2012-09-29 21:14:53"
},
{
"kids":[],
"uid":"1977262857",
"parent":"",
"text":"",
"mid":"yE9H7jOtS",
"date":"2012-09-29 21:10:18"
},
{
"kids":[],
"uid":"1740164822",
"parent":"yE8To9mzm",
"text":"脑壳有包，有脾气在这制造谣言，就应该有脾气去日本自雷撒",
"mid":"yE9FyoWjK",
"date":"2012-09-29 21:06:27"
},
{
"kids":[],
"uid":"2880207803",
"parent":"",
"text":"胡说八道",
"mid":"yE9EQlaoe",
"date":"2012-09-29 21:04:41"
},
{
"kids":[],
"uid":"2405404300",
"parent":"yE8To9mzm",
"text":"吓死我。",
"mid":"yE9Ey4Ae9",
"date":"2012-09-29 21:03:57"
},
{
"kids":[],
"uid":"2783489615",
"parent":"yE8To9mzm",
"text":"转发博文",
"mid":"yE9DlhU8M",
"date":"2012-09-29 21:00:57"
},
{
"kids":[],
"uid":"sleepyQS",
"parent":"",
"text":"不是的吧[汗]",
"mid":"yE9CsCuOA",
"date":"2012-09-29 20:58:47"
},
{
"kids":[],
"uid":"1837795027",
"parent":"yE8To9mzm",
"text":"吓死人啊...朋友~！",
"mid":"yE9CfhJm7",
"date":"2012-09-29 20:58:18"
},
{
"kids":[],
"uid":"2007435573",
"parent":"yE8To9mzm",
"text":"忍不住了，容我说句脏话！我嘞个去~",
"mid":"yE9B64Pih",
"date":"2012-09-29 20:55:27"
},
{
"kids":[],
"uid":"2355820502",
"parent":"yE8To9mzm",
"text":"",
"mid":"yE9zNaB6c",
"date":"2012-09-29 20:52:15"
},
{
"kids":[],
"uid":"lingshantang03",
"parent":"yE8To9mzm",
"text":"哎",
"mid":"yE9y1e8uv",
"date":"2012-09-29 20:47:51"
},
{
"kids":[],
"uid":"2154428651",
"parent":"yE8To9mzm",
"text":"",
"mid":"yE9xYgNb2",
"date":"2012-09-29 20:47:46"
},
{
"kids":[],
"uid":"amisp",
"parent":"yE8To9mzm",
"text":"说话要有证据的好不好~这也太毒了吧~博主还带V的啊~说话注意点~",
"mid":"yE9wN1g0m",
"date":"2012-09-29 20:44:48"
},
{
"kids":[],
"uid":"1985633973",
"parent":"",
"text":"[哼][哼]P！这人怎么这么欠",
"mid":"yE9vNeanW",
"date":"2012-09-29 20:42:24"
},
{
"kids":[],
"uid":"2771080917",
"parent":"",
"text":"哈…假的= =.",
"mid":"yE9unbJjf",
"date":"2012-09-29 20:38:52"
},
{
"kids":[],
"uid":"albb40mz",
"parent":"yE8To9mzm",
"text":"。。。。。。",
"mid":"yE9tucKx5",
"date":"2012-09-29 20:36:40"
},
{
"kids":[],
"uid":"2321146217",
"parent":"yE9oSugG7",
"text":"",
"mid":"yE9s1chLY",
"date":"2012-09-29 20:33:07"
},
{
"kids":[],
"uid":"2722745031",
"parent":"yE8To9mzm",
"text":"吓死我了[吃惊]",
"mid":"yE9qu1Iow",
"date":"2012-09-29 20:29:20"
},
{
"kids":[],
"uid":"maskofearth",
"parent":"yE8To9mzm",
"text":"日本人要对付当然是那些正义的日本学者啦！",
"mid":"yE9qgbLkh",
"date":"2012-09-29 20:28:45"
},
{
"kids":[],
"uid":"allensuxiaomo",
"parent":"",
"text":"上边已经显示此消息不属实咯啊",
"mid":"yE9pTqeGL",
"date":"2012-09-29 20:27:52"
},
{
"kids":[],
"uid":"2031757611",
"parent":"yE8To9mzm",
"text":"第一次遇到这种人，无聊挖",
"mid":"yE9pzC451",
"date":"2012-09-29 20:27:03"
},
{
"kids":[],
"uid":"2738914015",
"parent":"yE8To9mzm",
"text":"真搞笑",
"mid":"yE9pmBPtM",
"date":"2012-09-29 20:26:34"
},
{
"kids":[],
"uid":"2127722881",
"parent":"yE8To9mzm",
"text":"哈哈哈　笑死我了，真的是谣言呐",
"mid":"yE9pkxi1J",
"date":"2012-09-29 20:26:26"
},
{
"kids":[
"yE9s1chLY"
],
"uid":"1707578835",
"parent":"yE91lzjCH",
"text":"@Liya许",
"mid":"yE9oSugG7",
"date":"2012-09-29 20:25:22"
},
{
"kids":[],
"uid":"2191277352",
"parent":"yE9jhyhSo",
"text":"现在假消息会这样。",
"mid":"yE9ozgeKy",
"date":"2012-09-29 20:24:37"
},
{
"kids":[],
"uid":"qunex",
"parent":"yE8To9mzm",
"text":"网上那些吃多了没事干的，怎么不被人毒死 天天散播谣言",
"mid":"yE9nNlH7R",
"date":"2012-09-29 20:22:42"
},
{
"kids":[],
"uid":"yuanmingyoung",
"parent":"yE8To9mzm",
"text":"",
"mid":"yE9n8jT9N",
"date":"2012-09-29 20:21:04"
},
{
"kids":[],
"uid":"2213146344",
"parent":"yE8To9mzm",
"text":"唉！！一听就是假的！浩二说钓鱼岛是中国的，那他就不会那么傻回日本吧！他应该知道现在是非常时期啊！",
"mid":"yE9mTexrH",
"date":"2012-09-29 20:20:28"
},
{
"kids":[],
"uid":"1780757265",
"parent":"yE8To9mzm",
"text":"吓死我啦！",
"mid":"yE9lX1LEq",
"date":"2012-09-29 20:18:09"
},
{
"kids":[],
"uid":"2171395501",
"parent":"yE8To9mzm",
"text":"真无聊，整天瞎传，支持浩二",
"mid":"yE9lNgyNi",
"date":"2012-09-29 20:17:47"
},
{
"kids":[],
"uid":"chengtongxue",
"parent":"yE8To9mzm",
"text":"这也太假了吧，浩二我们爱你！~！",
"mid":"yE9lIf9Lp",
"date":"2012-09-29 20:17:33"
},
{
"kids":[],
"uid":"postmodern",
"parent":"",
"text":"",
"mid":"yE9lsC9BU",
"date":"2012-09-29 20:16:56"
},
{
"kids":[],
"uid":"1763177203",
"parent":"yE8To9mzm",
"text":"谣言[鄙视]",
"mid":"yE9kWmmou",
"date":"2012-09-29 20:15:40"
},
{
"kids":[],
"uid":"2697566780",
"parent":"yE93NdSzJ",
"text":"[鄙视]誰shi了，別亂散佈謠言",
"mid":"yE9kFfGMa",
"date":"2012-09-29 20:14:56"
},
{
"kids":[],
"uid":"359949fjxhy",
"parent":"yE8To9mzm",
"text":"爬哟。乱说，浩二不会的",
"mid":"yE9kj5PPF",
"date":"2012-09-29 20:14:06"
},
{
"kids":[],
"uid":"2072930647",
"parent":"yE8To9mzm",
"text":"压根是放屁",
"mid":"yE9k9kyLn",
"date":"2012-09-29 20:13:44"
},
{
"kids":[],
"uid":"1828919177",
"parent":"yE8To9mzm",
"text":"泥煤= =...",
"mid":"yE9k92Xm1",
"date":"2012-09-29 20:13:43"
},
{
"kids":[],
"uid":"2759248220",
"parent":"yE8To9mzm",
"text":"呵呵",
"mid":"yE9jVpNtA",
"date":"2012-09-29 20:13:07"
},
{
"kids":[],
"uid":"2272705672",
"parent":"",
"text":"谁说的？他不是好好的吗…",
"mid":"yE9jKw4qH",
"date":"2012-09-29 20:12:44"
},
{
"kids":[
"yEkRTssqB",
"yEdyGdNKU"
],
"uid":"2193268870",
"parent":"yE8To9mzm",
"text":"",
"mid":"yE9jHwSfK",
"date":"2012-09-29 20:12:35"
},
{
"kids":[],
"uid":"2824085145",
"parent":"yE9jhyhSo",
"text":"那些人有病是吧 胡说什么 真是够烦死人的",
"mid":"yE9jCdS6F",
"date":"2012-09-29 20:12:21"
},
{
"kids":[
"yE9ozgeKy",
"yE9jCdS6F"
],
"uid":"crazyxinxin",
"parent":"",
"text":"可怜的左井",
"mid":"yE9jhyhSo",
"date":"2012-09-29 20:11:35"
},
{
"kids":[],
"uid":"2813228573",
"parent":"yE8To9mzm",
"text":"",
"mid":"yE9hMb7c6",
"date":"2012-09-29 20:07:52"
},
{
"kids":[],
"uid":"2813108412",
"parent":"yE8To9mzm",
"text":"求证啊",
"mid":"yE9hLk2q4",
"date":"2012-09-29 20:07:49"
},
{
"kids":[],
"uid":"2277485901",
"parent":"yE8To9mzm",
"text":"",
"mid":"yE9hBwFcr",
"date":"2012-09-29 20:07:28"
},
{
"kids":[],
"uid":"gxtgc",
"parent":"yE8To9mzm",
"text":"…",
"mid":"yE9hgwfGs",
"date":"2012-09-29 20:06:37"
},
{
"kids":[],
"uid":"noahishere",
"parent":"yE8To9mzm",
"text":"真敢说！",
"mid":"yE9h9ucL3",
"date":"2012-09-29 20:06:19"
},
{
"kids":[
"z1SYFc3ZB",
"z1P2bCm44",
"z1P2bBxtB",
"z1C70ws1y",
"z1C70ws0B",
"z1uCYfc4G",
"z1uCYePgJ"
],
"uid":"2571319271",
"parent":"",
"text":"我晕！这都行...",
"mid":"yE9gwstAI",
"date":"2012-09-29 20:04:45"
},
{
"kids":[],
"uid":"forevershinee",
"parent":"yE8To9mzm",
"text":"咋怎搞笑泥~~~~~~~~~",
"mid":"yE9gtuBqr",
"date":"2012-09-29 20:04:40"
},
{
"kids":[],
"uid":"2463661812",
"parent":"yE8To9mzm",
"text":"",
"mid":"yE9g5iipP",
"date":"2012-09-29 20:03:42"
},
{
"kids":[
"yEmdfzX30"
],
"uid":"1993603983",
"parent":"",
"text":"真的假的呀",
"mid":"yE9g23lOE",
"date":"2012-09-29 20:03:34"
},
{
"kids":[],
"uid":"newhuster",
"parent":"yE8To9mzm",
"text":"",
"mid":"yE9fRF3rV",
"date":"2012-09-29 20:03:11"
},
{
"kids":[],
"uid":"2746449911",
"parent":"yE8To9mzm",
"text":"吓一跳，恐怖啊",
"mid":"yE9fwn2vC",
"date":"2012-09-29 20:02:19"
},
{
"kids":[],
"uid":"Fancy1018949130",
"parent":"yE8To9mzm",
"text":"坑爹！[奥特曼]",
"mid":"yE9f722dl",
"date":"2012-09-29 20:01:16"
},
{
"kids":[],
"uid":"2255351393",
"parent":"yE8To9mzm",
"text":"[怒]",
"mid":"yE9f1nYVi",
"date":"2012-09-29 20:01:05"
},
{
"kids":[],
"uid":"2031632017",
"parent":"yE8To9mzm",
"text":"哎呀，这以后说实话还有生命危险啊！",
"mid":"yE9eToczU",
"date":"2012-09-29 20:00:46"
},
{
"kids":[],
"uid":"1761117583",
"parent":"yE8To9mzm",
"text":"跪求真相",
"mid":"yE9er57AJ",
"date":"2012-09-29 19:59:38"
},
{
"kids":[],
"uid":"jokery27",
"parent":"",
"text":"应该是享年50岁。。",
"mid":"yE9ep11u9",
"date":"2012-09-29 19:59:30"
},
{
"kids":[],
"uid":"1586557857",
"parent":"yE8To9mzm",
"text":"哎…",
"mid":"yE9e9CFir",
"date":"2012-09-29 19:58:56"
},
{
"kids":[],
"uid":"2351976861",
"parent":"yE8Wf9IH6",
"text":"他才不会呢！！！",
"mid":"yE9dR1NFA",
"date":"2012-09-29 19:58:10"
},
{
"kids":[],
"uid":"panda723",
"parent":"yE8To9mzm",
"text":"骗人的",
"mid":"yE9dIrn9x",
"date":"2012-09-29 19:57:52"
},
{
"kids":[],
"uid":"1843828362",
"parent":"yE8To9mzm",
"text":"我草，绝对的谣言！！！nisil他都不会死！！！[鄙视][汗][黑线]",
"mid":"yE9cIlufz",
"date":"2012-09-29 19:55:21"
},
{
"kids":[],
"uid":"tuyuelei",
"parent":"",
"text":"诶。躺着被黑",
"mid":"yE9crelPZ",
"date":"2012-09-29 19:54:43"
},
{
"kids":[],
"uid":"2715712493",
"parent":"yE8To9mzm",
"text":"真不要脸，什么都敢说，",
"mid":"yE9bYxd0R",
"date":"2012-09-29 19:53:35"
},
{
"kids":[],
"uid":"1946060112",
"parent":"",
"text":"假死。",
"mid":"yE9bxoOi2",
"date":"2012-09-29 19:52:31"
},
{
"kids":[],
"uid":"317291777",
"parent":"",
"text":"你丫才死了呢，你全家都死了！新浪怎么什么人都加v",
"mid":"yE9bvkIbg",
"date":"2012-09-29 19:52:25"
},
{
"kids":[],
"uid":"1713616324",
"parent":"yE8To9mzm",
"text":"？？夸张的很",
"mid":"yE9aXizYH",
"date":"2012-09-29 19:51:03"
},
{
"kids":[],
"uid":"2728130752",
"parent":"yE8To9mzm",
"text":"谣言！！[怒]",
"mid":"yE9aMqstI",
"date":"2012-09-29 19:50:38"
},
{
"kids":[],
"uid":"1677895283",
"parent":"yE8To9mzm",
"text":"绝对是谣言，他应该不止38岁了吧。。",
"mid":"yE9aFAGaT",
"date":"2012-09-29 19:50:22"
},
{
"kids":[],
"uid":"1835385221",
"parent":"yE8To9mzm",
"text":"我擦，谁啊？尼玛吓死我了",
"mid":"yE9aF10I6",
"date":"2012-09-29 19:50:21"
},
{
"kids":[],
"uid":"1805017681",
"parent":"",
"text":"唉、腾讯今天也有发的",
"mid":"yE99Ujus3",
"date":"2012-09-29 19:48:27"
},
{
"kids":[],
"uid":"aaaaaxuan6",
"parent":"",
"text":"2333333333333333",
"mid":"yE99QuSUq",
"date":"2012-09-29 19:48:17"
},
{
"kids":[],
"uid":"1864873725",
"parent":"yE8To9mzm",
"text":"",
"mid":"yE99Ib280",
"date":"2012-09-29 19:48:01"
},
{
"kids":[],
"uid":"2608234973",
"parent":"yE90yfCe0",
"text":"扯淡[怒]",
"mid":"yE99E4r9x",
"date":"2012-09-29 19:47:46"
},
{
"kids":[],
"uid":"2169288967",
"parent":"yE8To9mzm",
"text":"",
"mid":"yE99xhGxB",
"date":"2012-09-29 19:47:33"
},
{
"kids":[],
"uid":"522733844",
"parent":"",
"text":"虽然说浩二真的很喜欢中国，可他妈的也没必要把他说成烈士啊。",
"mid":"yE99lskl2",
"date":"2012-09-29 19:47:06"
},
{
"kids":[],
"uid":"sandylovetc",
"parent":"yE8To9mzm",
"text":"怎么可能 坑人",
"mid":"yE98YpUm7",
"date":"2012-09-29 19:46:12"
},
{
"kids":[],
"uid":"1794056992",
"parent":"",
"text":"",
"mid":"yE98VaiLC",
"date":"2012-09-29 19:46:04"
},
{
"kids":[],
"uid":"2579162051",
"parent":"",
"text":"这个谣言碉堡了 - -",
"mid":"yE98V9oOS",
"date":"2012-09-29 19:46:00"
},
{
"kids":[],
"uid":"2693194640",
"parent":"",
"text":"有病啊！还官博？！ 前几天看见一条谣言说“徐浩因学车出车祸，享年18” 艺人们到底怎么惹你们了？有必要么？",
"mid":"yE98irgVp",
"date":"2012-09-29 19:44:28"
},
{
"kids":[],
"uid":"2298051782",
"parent":"",
"text":"[怒][怒][怒][怒][怒]有病没吃药吧",
"mid":"yE98hzKCJ",
"date":"2012-09-29 19:44:29"
},
{
"kids":[],
"uid":"1364352675",
"parent":"yE8To9mzm",
"text":"又一个 “被”害死了",
"mid":"yE985oU6g",
"date":"2012-09-29 19:44:01"
},
{
"kids":[],
"uid":"1833516774",
"parent":"",
"text":"",
"mid":"yE97YEeFj",
"date":"2012-09-29 19:43:44"
},
{
"kids":[
"yEdNCjcWr",
"yEdNCiAnX",
"yEb716f7E",
"yEb715qUT"
],
"uid":"1869705591",
"parent":"yE8To9mzm",
"text":"浩二一个日本人在中国打拼真的不容易，况且现在钓鱼岛的事又闹得这么剧烈，希望大家理智爱国！不要伤害无辜的人和物",
"mid":"yE97tiQLn",
"date":"2012-09-29 19:42:29"
},
{
"kids":[],
"uid":"1909649847",
"parent":"",
"text":"pei!",
"mid":"yE97kb9i2",
"date":"2012-09-29 19:42:07"
},
{
"kids":[],
"uid":"1779391211",
"parent":"yE8To9mzm",
"text":"无聊",
"mid":"yE97eh2Gg",
"date":"2012-09-29 19:41:51"
},
{
"kids":[],
"uid":"gdragononly",
"parent":"",
"text":"浩二挺好的不要这样嘛",
"mid":"yE9729vsi",
"date":"2012-09-29 19:41:25"
},
{
"kids":[],
"uid":"345890320",
"parent":"yE8To9mzm",
"text":"太过分了，怎么这么造谣咒人家！",
"mid":"yE96OhHCP",
"date":"2012-09-29 19:40:50"
},
{
"kids":[],
"uid":"1936663404",
"parent":"yE8To9mzm",
"text":"",
"mid":"yE96JxRN2",
"date":"2012-09-29 19:40:39"
},
{
"kids":[],
"uid":"2520378584",
"parent":"yE8To9mzm",
"text":"啊？是不是哦？希望不是！",
"mid":"yE96GAwGH",
"date":"2012-09-29 19:40:31"
},
{
"kids":[],
"uid":"13142xc",
"parent":"",
"text":"好假！",
"mid":"yE96xnGko",
"date":"2012-09-29 19:40:11"
},
{
"kids":[],
"uid":"2036415901",
"parent":"",
"text":"",
"mid":"yE96qiFH8",
"date":"2012-09-29 19:39:54"
},
{
"kids":[],
"uid":"WellLee5201314184",
"parent":"",
"text":"完全是造谣，人家浩二正在日本的呢",
"mid":"yE96k94mX",
"date":"2012-09-29 19:39:39"
},
{
"kids":[],
"uid":"1739614922",
"parent":"",
"text":"真是没长脑子！",
"mid":"yE96jfOYK",
"date":"2012-09-29 19:39:37"
},
{
"kids":[],
"uid":"yfy6220339",
"parent":"yE8To9mzm",
"text":"牛啊！谣言啊~就是这么牛叉啊！",
"mid":"yE96hbJ7s",
"date":"2012-09-29 19:39:32"
},
{
"kids":[],
"uid":"306295717",
"parent":"",
"text":"为了出名的煞笔",
"mid":"yE96anNrU",
"date":"2012-09-29 19:39:17"
},
{
"kids":[],
"uid":"guoheer",
"parent":"",
"text":"转转转  萌萌姐!",
"mid":"yE95U87wG",
"date":"2012-09-29 19:38:37"
},
{
"kids":[],
"uid":"1659678405",
"parent":"yE94HBqEg",
"text":"无语",
"mid":"yE95SDJJ0",
"date":"2012-09-29 19:38:34"
},
{
"kids":[],
"uid":"theappleofmine",
"parent":"yE8To9mzm",
"text":"你吓死我了 浩二是个好人",
"mid":"yE95GeFjB",
"date":"2012-09-29 19:38:04"
},
{
"kids":[],
"uid":"1965013043",
"parent":"yE8To9mzm",
"text":"吓死我了，还好还好，好人一身平安啊",
"mid":"yE95FDw5i",
"date":"2012-09-29 19:38:03"
},
{
"kids":[],
"uid":"2550886991",
"parent":"yE8To9mzm",
"text":"真的么？不会吧？",
"mid":"yE95FlUyx",
"date":"2012-09-29 19:38:00"
},
{
"kids":[],
"uid":"1951177255",
"parent":"yE8To9mzm",
"text":"",
"mid":"yE95Flq4G",
"date":"2012-09-29 19:38:01"
},
{
"kids":[],
"uid":"1886829403",
"parent":"yE8To9mzm",
"text":"切，假",
"mid":"yE95rqbAg",
"date":"2012-09-29 19:37:29"
},
{
"kids":[],
"uid":"loveloveinhome",
"parent":"yE8To9mzm",
"text":"骗人的！骗人的！",
"mid":"yE95ramlf",
"date":"2012-09-29 19:37:28"
},
{
"kids":[],
"uid":"2650184780",
"parent":"yE931leKs",
"text":"我觉得@郡梓Paris @爱你目的不纯 不可能是真的，假的",
"mid":"yE95pDHJb",
"date":"2012-09-29 19:37:26"
},
{
"kids":[],
"uid":"2122659154",
"parent":"yE8To9mzm",
"text":"[國旗][國旗][國旗]",
"mid":"yE95nBnsE",
"date":"2012-09-29 19:37:20"
},
{
"kids":[],
"uid":"2121407843",
"parent":"yE8To9mzm",
"text":"不會吧[吃惊][吃惊]",
"mid":"yE95bcOd0",
"date":"2012-09-29 19:36:47"
},
{
"kids":[],
"uid":"279944121",
"parent":"",
"text":"吓死了！",
"mid":"yE958vps6",
"date":"2012-09-29 19:36:43"
},
{
"kids":[],
"uid":"shulanxiamo",
"parent":"yE8To9mzm",
"text":"哎哟我去。。。",
"mid":"yE953fB0S",
"date":"2012-09-29 19:36:28"
},
{
"kids":[],
"uid":"577338617",
"parent":"yE8To9mzm",
"text":"钓鱼岛本来就是中国的!浩二说的没错。",
"mid":"yE950wGwZ",
"date":"2012-09-29 19:36:25"
},
{
"kids":[],
"uid":"2238317984",
"parent":"yE8To9mzm",
"text":"缺德！散步谣言者！",
"mid":"yE94Wowoi",
"date":"2012-09-29 19:36:14"
},
{
"kids":[
"yE95SDJJ0"
],
"uid":"silingchen",
"parent":"yE8To9mzm",
"text":"次奥，我要笑死了，哈哈哈哈，无语啊",
"mid":"yE94HBqEg",
"date":"2012-09-29 19:35:39"
},
{
"kids":[],
"uid":"1923075622",
"parent":"yE8To9mzm",
"text":"打死我我都不信。。。上次那个醉酒驾驶让我抠鼻屎扣得鼻血都出来了。。[挖鼻屎]",
"mid":"yE94DvdD7",
"date":"2012-09-29 19:35:30"
},
{
"kids":[],
"uid":"2707583884",
"parent":"",
"text":"造谣，绝对造谣!",
"mid":"yE94gtFiT",
"date":"2012-09-29 19:34:34"
},
{
"kids":[
"yEfx8AA2e",
"yEfx8iYQL"
],
"uid":"1649209374",
"parent":"yE8To9mzm",
"text":"謠言止於智者。@吸血鬼唐糖 @楠瓜VS莎拉果酱 @怜V星",
"mid":"yE948tmHC",
"date":"2012-09-29 19:34:13"
},
{
"kids":[],
"uid":"333861013",
"parent":"yE8To9mzm",
"text":"太扯了……",
"mid":"yE93P0nbF",
"date":"2012-09-29 19:33:29"
},
{
"kids":[
"yE9kFfGMa"
],
"uid":"1733670462",
"parent":"yE8Xtoz0d",
"text":"[鄙视]",
"mid":"yE93NdSzJ",
"date":"2012-09-29 19:33:25"
},
{
"kids":[],
"uid":"1783368451",
"parent":"yE8To9mzm",
"text":"那到底现在浩二怎么样了？很捉急！！！",
"mid":"yE93E1zgn",
"date":"2012-09-29 19:33:03"
},
{
"kids":[
"yEauwphED"
],
"uid":"lms0000",
"parent":"yE8To9mzm",
"text":"",
"mid":"yE93seTMk",
"date":"2012-09-29 19:32:33"
},
{
"kids":[],
"uid":"1742567647",
"parent":"",
"text":"",
"mid":"yE93m2Ckx",
"date":"2012-09-29 19:32:20"
},
{
"kids":[],
"uid":"2417453153",
"parent":"",
"text":"你们相信吗@草摩家的小七-雪腾 @a_周柳娟 @狐狸家的小歪 @万事屋的小四-芽头 @姚小木头",
"mid":"yE93ky6Lj",
"date":"2012-09-29 19:32:15"
},
{
"kids":[],
"uid":"jazz182829",
"parent":"yE8To9mzm",
"text":"",
"mid":"yE936o8Cs",
"date":"2012-09-29 19:31:41"
},
{
"kids":[
"yE95pDHJb"
],
"uid":"jisoncase88",
"parent":"",
"text":"这是造谣的吧",
"mid":"yE931leKs",
"date":"2012-09-29 19:31:32"
},
{
"kids":[],
"uid":"maee",
"parent":"yE8To9mzm",
"text":"还好@钱枫来辟谣",
"mid":"yE92VapLO",
"date":"2012-09-29 19:31:15"
},
{
"kids":[],
"uid":"2340251397",
"parent":"yE8To9mzm",
"text":"我去",
"mid":"yE92Peh8X",
"date":"2012-09-29 19:31:02"
},
{
"kids":[],
"uid":"1824082587",
"parent":"yE8To9mzm",
"text":"这加V的也造谣............这什么世道？",
"mid":"yE92OCD9q",
"date":"2012-09-29 19:31:01"
},
{
"kids":[],
"uid":"maee",
"parent":"yE8To9mzm",
"text":"诈一看吓一大跳、还好@钱枫",
"mid":"yE92Kei2G",
"date":"2012-09-29 19:30:49"
},
{
"kids":[],
"uid":"1932750727",
"parent":"yE8To9mzm",
"text":"不过浩二真的很多期没出现了",
"mid":"yE92jA9iu",
"date":"2012-09-29 19:29:47"
},
{
"kids":[],
"uid":"yuyueqingtian",
"parent":"yE8To9mzm",
"text":"好吧，浩二被“去世”了么？",
"mid":"yE92iFke6",
"date":"2012-09-29 19:29:45"
},
{
"kids":[],
"uid":"1910101574",
"parent":"yE8To9mzm",
"text":"靠靠靠靠。。。@llllllllam @Aweless_Lee_海琪 @__Briers杨婉婷",
"mid":"yE92e08nm",
"date":"2012-09-29 19:29:33"
},
{
"kids":[],
"uid":"2593013252",
"parent":"",
"text":"[悲伤]求真相，别没事瞎造谣",
"mid":"yE926ipRm",
"date":"2012-09-29 19:29:15"
},
{
"kids":[],
"uid":"2926488035",
"parent":"yE8To9mzm",
"text":"",
"mid":"yE91TiKUk",
"date":"2012-09-29 19:28:44"
},
{
"kids":[],
"uid":"melody0991",
"parent":"yE8To9mzm",
"text":"我去，这也可以！",
"mid":"yE91RxFBf",
"date":"2012-09-29 19:28:39"
},
{
"kids":[],
"uid":"2192318035",
"parent":"",
"text":"",
"mid":"yE91NpaT4",
"date":"2012-09-29 19:28:27"
},
{
"kids":[],
"uid":"kusofish",
"parent":"yE8To9mzm",
"text":"这个po主是有多希望浩二死？真特么可恨！",
"mid":"yE91NnDN7",
"date":"2012-09-29 19:28:30"
},
{
"kids":[],
"uid":"51466952",
"parent":"yE8To9mzm",
"text":"太过分了！连我八十岁的娭毑都觉得浩二是个好人，他很可怜。[哼]",
"mid":"yE91L3tRn",
"date":"2012-09-29 19:28:22"
},
{
"kids":[],
"uid":"2192318035",
"parent":"",
"text":"？？？不会吧。。。",
"mid":"yE91C8pon",
"date":"2012-09-29 19:28:04"
},
{
"kids":[
"yEeutEEsQ"
],
"uid":"1861908524",
"parent":"",
"text":"天哪！！！求证实",
"mid":"yE91xajFk",
"date":"2012-09-29 19:27:51"
},
{
"kids":[],
"uid":"2344678993",
"parent":"yE8To9mzm",
"text":"233",
"mid":"yE91qCiQn",
"date":"2012-09-29 19:27:37"
},
{
"kids":[
"yEebACJKv"
],
"uid":"1769681532",
"parent":"yE8To9mzm",
"text":"，...@半个海洋yy @玥然妈咪",
"mid":"yE91qkHCs",
"date":"2012-09-29 19:27:35"
},
{
"kids":[],
"uid":"1928068473",
"parent":"yE8To9mzm",
"text":"@NAIBOBO_黎黎",
"mid":"yE91oi0ow",
"date":"2012-09-29 19:27:30"
},
{
"kids":[
"yE9oSugG7"
],
"uid":"louis128",
"parent":"yE8To9mzm",
"text":"@LUFFY大米 @陈百万小姐",
"mid":"yE91lzjCH",
"date":"2012-09-29 19:27:24"
},
{
"kids":[],
"uid":"2412564582",
"parent":"yE8To9mzm",
"text":"",
"mid":"yE91lkWYO",
"date":"2012-09-29 19:27:23"
},
{
"kids":[],
"uid":"yunmoqingtian",
"parent":"yE8To9mzm",
"text":"神马？",
"mid":"yE913zmSr",
"date":"2012-09-29 19:26:41"
},
{
"kids":[],
"uid":"xiaohudie7",
"parent":"yE8To9mzm",
"text":"人言可畏",
"mid":"yE90XoljC",
"date":"2012-09-29 19:26:23"
},
{
"kids":[],
"uid":"1790247767",
"parent":"yE8To9mzm",
"text":"放你的屁！",
"mid":"yE90RstFK",
"date":"2012-09-29 19:26:12"
},
{
"kids":[],
"uid":"2111071062",
"parent":"yE8To9mzm",
"text":"真假？",
"mid":"yE90ND4N7",
"date":"2012-09-29 19:26:03"
},
{
"kids":[],
"uid":"jouhjin",
"parent":"yE8To9mzm",
"text":"[哈哈]是想说日本不允许不同的声音出现吗？",
"mid":"yE90LyZ7I",
"date":"2012-09-29 19:25:58"
},
{
"kids":[],
"uid":"1855805094",
"parent":"yE8To9mzm",
"text":"吓死了，还以为是真的呢，浩二挺有意思的",
"mid":"yE90Jc9q7",
"date":"2012-09-29 19:25:52"
},
{
"kids":[],
"uid":"1880395530",
"parent":"yE8To9mzm",
"text":"放过皓二吧→_→",
"mid":"yE90DByUW",
"date":"2012-09-29 19:25:36"
},
{
"kids":[],
"uid":"2597430327",
"parent":"yE8To9mzm",
"text":"浩二啊 快出来吧 谣言都把你害死了",
"mid":"yE90Cogxx",
"date":"2012-09-29 19:25:37"
},
{
"kids":[],
"uid":"1828037685",
"parent":"yE8To9mzm",
"text":"还真是不靠谱",
"mid":"yE90BxsUN",
"date":"2012-09-29 19:25:34"
},
{
"kids":[
"yEaFnfvjg",
"yEa6y5LUu",
"yE99E4r9x"
],
"uid":"lyy522",
"parent":"yE8To9mzm",
"text":"强烈鄙视造谣的人...[怒][怒]",
"mid":"yE90yfCe0",
"date":"2012-09-29 19:25:25"
},
{
"kids":[],
"uid":"1793827547",
"parent":"yE8To9mzm",
"text":"这种谣言真缺德，散播谣言的人更缺德！！[鄙视]",
"mid":"yE90qip8M",
"date":"2012-09-29 19:25:07"
},
{
"kids":[],
"uid":"1967084611",
"parent":"yE8To9mzm",
"text":"",
"mid":"yE90pFfrh",
"date":"2012-09-29 19:25:07"
},
{
"kids":[],
"uid":"1919593044",
"parent":"yE8UN2BwG",
"text":"真的吓一跳了",
"mid":"yE90fDTxQ",
"date":"2012-09-29 19:24:42"
},
{
"kids":[],
"uid":"1774129705",
"parent":"yE8To9mzm",
"text":"太过分浩二还是不错的日本人，不管那有好的也有坏的，不能全都一概而论[怒]",
"mid":"yE90eunmv",
"date":"2012-09-29 19:24:39"
},
{
"kids":[],
"uid":"2010462311",
"parent":"yE8To9mzm",
"text":"吓我一跳",
"mid":"yE9025NLg",
"date":"2012-09-29 19:24:08"
},
{
"kids":[],
"uid":"2386725303",
"parent":"yE8To9mzm",
"text":"真的假的？",
"mid":"yE8ZZ6gVP",
"date":"2012-09-29 19:24:02"
},
{
"kids":[],
"uid":"2692578482",
"parent":"yE8Zk4PaU",
"text":"卧槽 真的假的",
"mid":"yE8ZWb7wZ",
"date":"2012-09-29 19:23:55"
},
{
"kids":[],
"uid":"2153488083",
"parent":"yE8zx9ROd",
"text":"浩二死了？？",
"mid":"yE8ZUnjri",
"date":"2012-09-29 19:23:48"
},
{
"kids":[],
"uid":"1937858890",
"parent":"yE8To9mzm",
"text":"",
"mid":"yE8ZRpYjV",
"date":"2012-09-29 19:23:44"
},
{
"kids":[],
"uid":"1919593044",
"parent":"",
"text":"怎么这样子啊，他还有老婆孩子呢！真可怜！大家转起来",
"mid":"yE8ZP4hlZ",
"date":"2012-09-29 19:23:37"
},
{
"kids":[],
"uid":"pengzhao0717",
"parent":"yE8To9mzm",
"text":"枫哥火了！",
"mid":"yE8ZtaSkA",
"date":"2012-09-29 19:22:46"
},
{
"kids":[],
"uid":"2034932493",
"parent":"yE8To9mzm",
"text":"不要在这胡扯，乱造谣言。。。。。",
"mid":"yE8Zm8UYw",
"date":"2012-09-29 19:22:29"
},
{
"kids":[
"yE8ZWb7wZ"
],
"uid":"2078244143",
"parent":"yE8TKgQnb",
"text":"造谣死全家",
"mid":"yE8Zk4PaU",
"date":"2012-09-29 19:22:24"
},
{
"kids":[],
"uid":"1662513603",
"parent":"yE8To9mzm",
"text":"真恐怖…",
"mid":"yE8Z73kdJ",
"date":"2012-09-29 19:21:53"
},
{
"kids":[],
"uid":"fkhyl",
"parent":"yE8To9mzm",
"text":"po主造谣死全家",
"mid":"yE8Z3e12F",
"date":"2012-09-29 19:21:44"
},
{
"kids":[],
"uid":"1776254633",
"parent":"yE8To9mzm",
"text":"有意思吗？造这种低级的谣",
"mid":"yE8YYsUmG",
"date":"2012-09-29 19:21:32"
},
{
"kids":[],
"uid":"2608773617",
"parent":"yE8UgwVl9",
"text":"[鄙视]造谣的人全去shi",
"mid":"yE8YT8iiq",
"date":"2012-09-29 19:21:21"
},
{
"kids":[],
"uid":"1750415967",
"parent":"yE8To9mzm",
"text":"sb楼主",
"mid":"yE8YSyek1",
"date":"2012-09-29 19:21:19"
},
{
"kids":[],
"uid":"1702078965",
"parent":"yE8To9mzm",
"text":"[汗]",
"mid":"yE8YR733F",
"date":"2012-09-29 19:21:15"
},
{
"kids":[],
"uid":"1869971977",
"parent":"yE8To9mzm",
"text":"那个混蛋造的摇[怒]",
"mid":"yE8YQcxal",
"date":"2012-09-29 19:21:13"
},
{
"kids":[],
"uid":"1944749452",
"parent":"yE8To9mzm",
"text":"",
"mid":"yE8YFwwws",
"date":"2012-09-29 19:20:49"
},
{
"kids":[],
"uid":"2204175293",
"parent":"yE8To9mzm",
"text":"去你的",
"mid":"yE8YE6PqV",
"date":"2012-09-29 19:20:44"
},
{
"kids":[],
"uid":"1772052420",
"parent":"yE8To9mzm",
"text":"吓死我了，我挺喜欢他的。",
"mid":"yE8YDsrql",
"date":"2012-09-29 19:20:43"
},
{
"kids":[],
"uid":"274191975",
"parent":"",
"text":"求证！",
"mid":"yE8YCyI4H",
"date":"2012-09-29 19:20:41"
},
{
"kids":[],
"uid":"lovesuper13",
"parent":"yE8To9mzm",
"text":"艹吓死我了",
"mid":"yE8Yx02TJ",
"date":"2012-09-29 19:20:28"
},
{
"kids":[],
"uid":"1916237443",
"parent":"yE8To9mzm",
"text":"我还在想好久没见二了",
"mid":"yE8YuD9Qc",
"date":"2012-09-29 19:20:22"
},
{
"kids":[],
"uid":"xxyugan",
"parent":"yE8To9mzm",
"text":"真是可怕的谣言。",
"mid":"yE8Yp1gPh",
"date":"2012-09-29 19:20:08"
},
{
"kids":[],
"uid":"shalou11",
"parent":"",
"text":"我靠SB!!!!!!!!!!!!!!",
"mid":"yE8Ykg43S",
"date":"2012-09-29 19:19:57"
},
{
"kids":[],
"uid":"2668504483",
"parent":"",
"text":"直接举报啊！",
"mid":"yE8Y0ux1m",
"date":"2012-09-29 19:19:08"
},
{
"kids":[],
"uid":"melodytq",
"parent":"yE8To9mzm",
"text":"太过分了！昨天浩二还更博了现在能不能别造谣啊！！搞不懂一些人什么心态，浩二是好人，我们都爱他！",
"mid":"yE8XZ0R8z",
"date":"2012-09-29 19:19:06"
},
{
"kids":[],
"uid":"2628121067",
"parent":"yE8To9mzm",
"text":"这也可以！[嘻嘻] 不可能吧",
"mid":"yE8XXueFJ",
"date":"2012-09-29 19:19:03"
},
{
"kids":[],
"uid":"1945885237",
"parent":"yE8To9mzm",
"text":"",
"mid":"yE8XToZZe",
"date":"2012-09-29 19:18:51"
},
{
"kids":[],
"uid":"yuswen",
"parent":"yE8To9mzm",
"text":"真的才38岁吗？",
"mid":"yE8XQ8PNt",
"date":"2012-09-29 19:18:41"
},
{
"kids":[],
"uid":"234196939",
"parent":"yE8To9mzm",
"text":"",
"mid":"yE8XM1RL8",
"date":"2012-09-29 19:18:35"
},
{
"kids":[],
"uid":"2000041337",
"parent":"yE8To9mzm",
"text":"不要啊 浩二",
"mid":"yE8XBkxxa",
"date":"2012-09-29 19:18:10"
},
{
"kids":[],
"uid":"2242019360",
"parent":"yE8To9mzm",
"text":"TMD差点吓死了",
"mid":"yE8Xw4iWe",
"date":"2012-09-29 19:17:57"
},
{
"kids":[
"yE93NdSzJ"
],
"uid":"lizi1117",
"parent":"",
"text":"[鄙视]",
"mid":"yE8Xtoz0d",
"date":"2012-09-29 19:17:49"
},
{
"kids":[],
"uid":"31041217",
"parent":"",
"text":"[挖鼻屎]各種謠言，有意思嗎，不過也只能怪也真的有人相信",
"mid":"yE8Xq9wkl",
"date":"2012-09-29 19:17:42"
},
{
"kids":[],
"uid":"1797895754",
"parent":"yE8To9mzm",
"text":"真的吗",
"mid":"yE8Xelm6O",
"date":"2012-09-29 19:17:13"
},
{
"kids":[],
"uid":"feeney",
"parent":"",
"text":"不是在拍金田一？",
"mid":"yE8X85mzY",
"date":"2012-09-29 19:16:57"
},
{
"kids":[],
"uid":"520jln",
"parent":"yE8To9mzm",
"text":"",
"mid":"yE8X2cjBX",
"date":"2012-09-29 19:16:46"
},
{
"kids":[],
"uid":"2788123372",
"parent":"yE8To9mzm",
"text":"怎么老是有那些喜欢造谣的人？！",
"mid":"yE8X12mhs",
"date":"2012-09-29 19:16:42"
},
{
"kids":[],
"uid":"1854914270",
"parent":"yE8UgwVl9",
"text":"造谣人全去死！！！",
"mid":"yE8WYnNB6",
"date":"2012-09-29 19:16:35"
},
{
"kids":[],
"uid":"2036586152",
"parent":"yE8To9mzm",
"text":"开玩乐！",
"mid":"yE8WV8QQW",
"date":"2012-09-29 19:16:28"
},
{
"kids":[],
"uid":"kaidokid1412",
"parent":"yE8To9mzm",
"text":"造谣啊！！",
"mid":"yE8WTiKIS",
"date":"2012-09-29 19:16:25"
},
{
"kids":[],
"uid":"1472042872",
"parent":"yE8To9mzm",
"text":"[晕]",
"mid":"yE8WSbvMk",
"date":"2012-09-29 19:16:22"
},
{
"kids":[],
"uid":"happywxtong",
"parent":"yE8To9mzm",
"text":"",
"mid":"yE8WRwgRZ",
"date":"2012-09-29 19:16:18"
},
{
"kids":[],
"uid":"520g00",
"parent":"",
"text":"。。。。。不能吧",
"mid":"yE8WNo6SC",
"date":"2012-09-29 19:16:12"
},
{
"kids":[],
"uid":"2622649133",
"parent":"",
"text":"。。。。谣言满天飞。。。。。[右哼哼][右哼哼][右哼哼]",
"mid":"yE8WKcJnC",
"date":"2012-09-29 19:16:02"
},
{
"kids":[],
"uid":"miqing",
"parent":"yE8To9mzm",
"text":"好像今天还看浩二更新了！造谣之人无耻……",
"mid":"yE8WIqeOR",
"date":"2012-09-29 19:15:57"
},
{
"kids":[],
"uid":"1758060857",
"parent":"yE8To9mzm",
"text":"是不是真的，希望是假的",
"mid":"yE8WGkdVS",
"date":"2012-09-29 19:15:54"
},
{
"kids":[],
"uid":"1952391390",
"parent":"yE8To9mzm",
"text":"混蛋",
"mid":"yE8WF9nNL",
"date":"2012-09-29 19:15:51"
},
{
"kids":[],
"uid":"2581041904",
"parent":"yE8To9mzm",
"text":"巨假！@钱枫是不？！",
"mid":"yE8WD62kI",
"date":"2012-09-29 19:15:44"
},
{
"kids":[],
"uid":"1834311527",
"parent":"yE8To9mzm",
"text":"额。。。。",
"mid":"yE8WB36n5",
"date":"2012-09-29 19:15:39"
},
{
"kids":[],
"uid":"1771870747",
"parent":"",
"text":"",
"mid":"yE8WzydfA",
"date":"2012-09-29 19:15:39"
},
{
"kids":[],
"uid":"1688630947",
"parent":"yE8To9mzm",
"text":"我的妈呀！",
"mid":"yE8WyEXWE",
"date":"2012-09-29 19:15:34"
},
{
"kids":[],
"uid":"1948427183",
"parent":"yE8To9mzm",
"text":"骗人的吧！[围观][围观]",
"mid":"yE8WyjTYS",
"date":"2012-09-29 19:15:33"
},
{
"kids":[],
"uid":"2292571714",
"parent":"yE8To9mzm",
"text":"太扯了",
"mid":"yE8Wt4k3t",
"date":"2012-09-29 19:15:19"
},
{
"kids":[],
"uid":"313017778",
"parent":"yE8UN2BwG",
"text":"要不要这么的无聊啊！",
"mid":"yE8Wqnr0g",
"date":"2012-09-29 19:15:16"
},
{
"kids":[],
"uid":"1935413640",
"parent":"yE8To9mzm",
"text":"不可能吧？！！",
"mid":"yE8Wn9DND",
"date":"2012-09-29 19:15:06"
},
{
"kids":[],
"uid":"1964263045",
"parent":"",
"text":"博主是傻逼 没有小鸡鸡 对着镜子摞吧",
"mid":"yE8WjyT7L",
"date":"2012-09-29 19:14:57"
},
{
"kids":[],
"uid":"jojozhangxiaojie",
"parent":"yE8To9mzm",
"text":"真能扯。哈哈",
"mid":"yE8Wj0iXb",
"date":"2012-09-29 19:14:59"
},
{
"kids":[],
"uid":"1828534340",
"parent":"yE8To9mzm",
"text":"我们会保护浩二的  他是好人  谣言止于智者",
"mid":"yE8WfssR8",
"date":"2012-09-29 19:14:50"
},
{
"kids":[
"yE9dR1NFA"
],
"uid":"1786690192",
"parent":"yE8To9mzm",
"text":"不可能吧",
"mid":"yE8Wf9IH6",
"date":"2012-09-29 19:14:46"
},
{
"kids":[],
"uid":"2806680500",
"parent":"yE8To9mzm",
"text":"",
"mid":"yE8W9w4Y8",
"date":"2012-09-29 19:14:35"
},
{
"kids":[],
"uid":"2663773193",
"parent":"yE8To9mzm",
"text":"但愿是谣言..",
"mid":"yE8W5pB0D",
"date":"2012-09-29 19:14:26"
},
{
"kids":[],
"uid":"2018362185",
"parent":"yE8To9mzm",
"text":"对啊对啊，怎么能“屎”了类！",
"mid":"yE8W2qATw",
"date":"2012-09-29 19:14:19"
},
{
"kids":[],
"uid":"ameliefuture",
"parent":"yE8To9mzm",
"text":"。。。什么乱七八糟的。。",
"mid":"yE8VZdjm7",
"date":"2012-09-29 19:14:11"
},
{
"kids":[],
"uid":"2550478562",
"parent":"yE8To9mzm",
"text":"真假如何？？",
"mid":"yE8VUsloL",
"date":"2012-09-29 19:14:00"
},
{
"kids":[],
"uid":"1462952704",
"parent":"yE8To9mzm",
"text":"吓死我了，以为是真的",
"mid":"yE8VNFxD6",
"date":"2012-09-29 19:13:42"
},
{
"kids":[],
"uid":"2961721050",
"parent":"yE8To9mzm",
"text":"",
"mid":"yE8VMbY21",
"date":"2012-09-29 19:13:40"
},
{
"kids":[],
"uid":"1768252832",
"parent":"yE8Ueabeo",
"text":"太可怕了！假的吧！",
"mid":"yE8VL2eYz",
"date":"2012-09-29 19:13:38"
},
{
"kids":[],
"uid":"hnly951223",
"parent":"yE8To9mzm",
"text":"坑爹啊",
"mid":"yE8VKF4mR",
"date":"2012-09-29 19:13:35"
},
{
"kids":[],
"uid":"2128496407",
"parent":"yE8To9mzm",
"text":"感觉是胡扯…但是好久没看到浩二了…[思考][思考]",
"mid":"yE8VKptr7",
"date":"2012-09-29 19:13:36"
},
{
"kids":[],
"uid":"mayyatou",
"parent":"yE8To9mzm",
"text":"傻逼怎么那么多！！",
"mid":"yE8VK7t5C",
"date":"2012-09-29 19:13:35"
},
{
"kids":[],
"uid":"1964263045",
"parent":"yE8VrvGpv",
"text":"[怒][怒][怒][怒]求证！",
"mid":"yE8VJvPnG",
"date":"2012-09-29 19:13:34"
},
{
"kids":[],
"uid":"2694502083",
"parent":"yE8To9mzm",
"text":"不会吧？",
"mid":"yE8VCrODg",
"date":"2012-09-29 19:13:14"
},
{
"kids":[],
"uid":"2143108115",
"parent":"yE8To9mzm",
"text":"有病啊！真是！浩二好久没上天天了，哪来的言论！瞎！真没道德！这种死死死的谬传真讨厌！",
"mid":"yE8VyivCh",
"date":"2012-09-29 19:13:07"
},
{
"kids":[],
"uid":"2517423744",
"parent":"yE8To9mzm",
"text":"尼玛讲话太缺了",
"mid":"yE8VtiaT5",
"date":"2012-09-29 19:12:55"
},
{
"kids":[
"yE8VJvPnG"
],
"uid":"1787281981",
"parent":"yE8To9mzm",
"text":"浩二是好人！",
"mid":"yE8VrvGpv",
"date":"2012-09-29 19:12:52"
},
{
"kids":[],
"uid":"1583509885",
"parent":"",
"text":"屁！",
"mid":"yE8Vl2TzN",
"date":"2012-09-29 19:12:35"
},
{
"kids":[],
"uid":"13142jn",
"parent":"yE8To9mzm",
"text":"这也太离谱了吧！！！",
"mid":"yE8Vk9Eeu",
"date":"2012-09-29 19:12:33"
},
{
"kids":[],
"uid":"2116063745",
"parent":"yE8To9mzm",
"text":"哈哈哈，看吧@轩宝要向帮主学习",
"mid":"yE8VhciZi",
"date":"2012-09-29 19:12:24"
},
{
"kids":[],
"uid":"jiahui0120",
"parent":"yE8To9mzm",
"text":"[黑线]",
"mid":"yE8VesAmK",
"date":"2012-09-29 19:12:17"
},
{
"kids":[],
"uid":"1849566112",
"parent":"yE8To9mzm",
"text":"坑爹啊。。",
"mid":"yE8VbgwOM",
"date":"2012-09-29 19:12:12"
},
{
"kids":[],
"uid":"1803354925",
"parent":"yE8To9mzm",
"text":"我去，这也太狠了吧@胡海燕Coral@寻一株槲寄生",
"mid":"yE8V8glpX",
"date":"2012-09-29 19:12:06"
},
{
"kids":[],
"uid":"641867835",
"parent":"",
"text":"浩二根本冇事好咩.......Po主乃冚家铲嘅~~~~~~~~[鄙视][鄙视][鄙视]",
"mid":"yE8V79qn7",
"date":"2012-09-29 19:12:01"
},
{
"kids":[],
"uid":"1786024202",
"parent":"yE8To9mzm",
"text":"吓死我了 浩二是好人啊!!",
"mid":"yE8V78kQ6",
"date":"2012-09-29 19:12:01"
},
{
"kids":[],
"uid":"majiemj",
"parent":"yE8To9mzm",
"text":"",
"mid":"yE8V5j1sp",
"date":"2012-09-29 19:11:55"
},
{
"kids":[],
"uid":"2124640997",
"parent":"yE8To9mzm",
"text":"就是",
"mid":"yE8V3iPZ1",
"date":"2012-09-29 19:11:54"
},
{
"kids":[],
"uid":"1644305750",
"parent":"yE8To9mzm",
"text":"假的假的[月儿圆][月儿圆]",
"mid":"yE8V2pAxJ",
"date":"2012-09-29 19:11:48"
},
{
"kids":[],
"uid":"axjlxywhhh",
"parent":"yE8To9mzm",
"text":"操！又特么咒别人，活腻歪了吧？",
"mid":"yE8UX6y74",
"date":"2012-09-29 19:11:35"
},
{
"kids":[],
"uid":"2462711650",
"parent":"yE8To9mzm",
"text":"[汗][汗]",
"mid":"yE8UWcdWG",
"date":"2012-09-29 19:11:35"
},
{
"kids":[],
"uid":"1771870747",
"parent":"yE8Kbyvvi",
"text":"[衰]不是吧",
"mid":"yE8UVk3DF",
"date":"2012-09-29 19:11:32"
},
{
"kids":[],
"uid":"2769416315",
"parent":"yE8To9mzm",
"text":"",
"mid":"yE8UUmYzc",
"date":"2012-09-29 19:11:32"
},
{
"kids":[],
"uid":"4584141lqx",
"parent":"yE8To9mzm",
"text":"==",
"mid":"yE8UQwpGB",
"date":"2012-09-29 19:11:22"
},
{
"kids":[],
"uid":"1985465287",
"parent":"yE8To9mzm",
"text":"浩二真是有国际主义精神",
"mid":"yE8UP6HnF",
"date":"2012-09-29 19:11:17"
},
{
"kids":[
"yEqnYnqNk",
"yE90fDTxQ",
"yE8Wqnr0g"
],
"uid":"574499439",
"parent":"",
"text":"[黑线]",
"mid":"yE8UN2BwG",
"date":"2012-09-29 19:11:14"
},
{
"kids":[],
"uid":"1933631491",
"parent":"yE8To9mzm",
"text":"。。。。我今天好像看到浩二发微博了。。。鬼么？。。。。吐槽无力。。。",
"mid":"yE8UMs29K",
"date":"2012-09-29 19:11:10"
},
{
"kids":[],
"uid":"celayl",
"parent":"yE8To9mzm",
"text":"这，炒作么？",
"mid":"yE8UJtCDv",
"date":"2012-09-29 19:11:05"
},
{
"kids":[],
"uid":"2465266452",
"parent":"",
"text":"造谣の人才被毒shi了 呢 ！[哼]",
"mid":"yE8UACFBS",
"date":"2012-09-29 19:10:45"
},
{
"kids":[],
"uid":"nofuckin",
"parent":"",
"text":"再见浩二 浩二是谁啊[汗]。",
"mid":"yE8UuojPR",
"date":"2012-09-29 19:10:30"
},
{
"kids":[],
"uid":"1696640772",
"parent":"yE8To9mzm",
"text":"不要乱说话!",
"mid":"yE8UtbSnC",
"date":"2012-09-29 19:10:25"
},
{
"kids":[],
"uid":"kuixiaoai",
"parent":"yE8To9mzm",
"text":"噗！我还以为只有腾讯有这种谣言呢没想到渣浪一样有...还是那句话造谣死全家……PO主到底怎么想的= =",
"mid":"yE8UsDTv6",
"date":"2012-09-29 19:10:23"
},
{
"kids":[],
"uid":"1728572720",
"parent":"yE8To9mzm",
"text":"那就好，我还想看你们一起主持天天向上呢[偷笑][偷笑][偷笑]",
"mid":"yE8Uoc4DZ",
"date":"2012-09-29 19:10:12"
},
{
"kids":[],
"uid":"206103456",
"parent":"yE8To9mzm",
"text":"吓死我了",
"mid":"yE8UmrBQ9",
"date":"2012-09-29 19:10:12"
},
{
"kids":[],
"uid":"sszzt",
"parent":"yE8To9mzm",
"text":"",
"mid":"yE8Uma0qY",
"date":"2012-09-29 19:10:08"
},
{
"kids":[],
"uid":"1828393272",
"parent":"yE8To9mzm",
"text":"那 浩2 还上天天向上么？",
"mid":"yE8UizY01",
"date":"2012-09-29 19:10:02"
},
{
"kids":[
"yE8YT8iiq",
"yE8WYnNB6"
],
"uid":"313327850",
"parent":"yE8To9mzm",
"text":"[鄙视]造谣的人才shi了呢",
"mid":"yE8UgwVl9",
"date":"2012-09-29 19:09:57"
},
{
"kids":[],
"uid":"1785329304",
"parent":"yE8To9mzm",
"text":"谁在造谣啊，浩二真可怜",
"mid":"yE8UgegVL",
"date":"2012-09-29 19:09:53"
},
{
"kids":[],
"uid":"1583650533",
"parent":"yE8To9mzm",
"text":"晕，吓我一跳。原来是谣言",
"mid":"yE8Uf0U9f",
"date":"2012-09-29 19:09:53"
},
{
"kids":[
"yE8VL2eYz"
],
"uid":"1767295047",
"parent":"yE8To9mzm",
"text":"吓死我了~~~~发布谣言的人真该死！！！！",
"mid":"yE8Ueabeo",
"date":"2012-09-29 19:09:51"
},
{
"kids":[],
"uid":"yvonnebest0720",
"parent":"yE8To9mzm",
"text":"又来被死亡了 = =",
"mid":"yE8UbcQ9E",
"date":"2012-09-29 19:09:41"
},
{
"kids":[],
"uid":"2798726000",
"parent":"yE8To9mzm",
"text":"有点搞笑",
"mid":"yE8U9nRlB",
"date":"2012-09-29 19:09:39"
},
{
"kids":[],
"uid":"2598357487",
"parent":"yE8To9mzm",
"text":"噢闹-_-#",
"mid":"yE8U97Rvc",
"date":"2012-09-29 19:09:38"
},
{
"kids":[],
"uid":"seraphimk25712",
"parent":"yE8To9mzm",
"text":"不可能！",
"mid":"yE8U8y9ec",
"date":"2012-09-29 19:09:35"
},
{
"kids":[],
"uid":"1802996333",
"parent":"yE8To9mzm",
"text":"这博主开这玩笑？[哼]",
"mid":"yE8U5yTOf",
"date":"2012-09-29 19:09:32"
},
{
"kids":[],
"uid":"2016531202",
"parent":"yE8To9mzm",
"text":"我去，[汗][汗][汗] 无聊",
"mid":"yE8U4msjd",
"date":"2012-09-29 19:09:26"
},
{
"kids":[],
"uid":"sabrinayi",
"parent":"yE8To9mzm",
"text":"真的假的？",
"mid":"yE8U48m5t",
"date":"2012-09-29 19:09:28"
},
{
"kids":[],
"uid":"2352177677",
"parent":"yE8To9mzm",
"text":"什么啊！",
"mid":"yE8U2infY",
"date":"2012-09-29 19:09:23"
},
{
"kids":[],
"uid":"1829448302",
"parent":"yE8To9mzm",
"text":"太恶毒了吧？",
"mid":"yE8U1p8kH",
"date":"2012-09-29 19:09:20"
},
{
"kids":[],
"uid":"foxlynnhoo",
"parent":"yE8To9mzm",
"text":"。。。。。。。",
"mid":"yE8TZ6V6h",
"date":"2012-09-29 19:09:15"
},
{
"kids":[],
"uid":"207474229",
"parent":"yE8To9mzm",
"text":"求真相",
"mid":"yE8TX1MUk",
"date":"2012-09-29 19:09:10"
},
{
"kids":[],
"uid":"1865302653",
"parent":"yE8To9mzm",
"text":"可怜的浩二就这样被死亡了！！唉，这个社会…[怒]",
"mid":"yE8TVxVOk",
"date":"2012-09-29 19:09:06"
},
{
"kids":[],
"uid":"dyl1228",
"parent":"",
"text":"这么假的东西也好意思发啊……",
"mid":"yE8TU4rRE",
"date":"2012-09-29 19:09:01"
},
{
"kids":[],
"uid":"bowdeweibo",
"parent":"",
"text":"[疑问]真的假的！",
"mid":"yE8TSfzoo",
"date":"2012-09-29 19:08:59"
},
{
"kids":[],
"uid":"2129683377",
"parent":"yE8To9mzm",
"text":"=\"=",
"mid":"yE8TRFx5S",
"date":"2012-09-29 19:08:56"
},
{
"kids":[],
"uid":"lovetakun",
"parent":"yE8To9mzm",
"text":"造谣死全家！",
"mid":"yE8TMnhhn",
"date":"2012-09-29 19:08:45"
},
{
"kids":[
"yE8Zk4PaU"
],
"uid":"1931871943",
"parent":"yE8To9mzm",
"text":"。。。。[汗]",
"mid":"yE8TKgQnb",
"date":"2012-09-29 19:08:40"
},
{
"kids":[
"z5KNwcP7k",
"z5EA2wFMD",
"z3vt1spV2",
"z2QAbE5En",
"z2iDabQrI",
"z1HW0gFiL",
"z1HjZqorJ",
"z0bbk2IyW",
"yFPRO2hv4",
"yFOBghOWO",
"yFOrhzpp6",
"yFNnIcYe4",
"yFLpD93aQ",
"yFDKpEfvF",
"yFDIismPv",
"yFt6pj9K5",
"yFsNpu3Sx",
"yFoD9mVxk",
"yFn8RsfOQ",
"yFdMpbAua",
"yF5u7eNK5",
"yF4uZdkaO",
"yF3Yy7wKK",
"yEVJLmBag",
"yEVAVuvDq",
"yESFJcJk5",
"yEQ1dnw4P",
"yEMzZ7mRd",
"yEMaDBf2t",
"yEL87gsBz",
"yEJDpCwlV",
"yEFi0nzLG",
"yEEDs3oN0",
"yED8zvU7J",
"yEBYByX2c",
"yEzRJjrDi",
"yEzemgZf9",
"yEyI2zarL",
"yEy3ehJRN",
"yExY2dg41",
"yErwHvFsv",
"yEqtHzoHi",
"yEpIdh2xY",
"yEptZfY2Z",
"yEo3zwubi",
"yEnqHeLEp",
"yEjjOCCGF",
"yEhIXe0rp",
"yEhB4dMto",
"yEhvHsYmP",
"yEg8XBSDu",
"yEfApA9rc",
"yEfm0kWt7",
"yEfkWo5fn",
"yEf8J5ITa",
"yEePAnn9n",
"yEetsnBMB",
"yEe1mtl9E",
"yEdZjqb0n",
"yEdlqtPXt",
"yEcivi7A3",
"yEc4XrUFv",
"yEbM8jqzl",
"yEbkwc2sg",
"yEbei05pt",
"yEbboDzfv",
"yEb663avK",
"yEaW0dOnZ",
"yEaTS7bXT",
"yEaTEuvZ7",
"yEaOKr5Vg",
"yEaM2litc",
"yEaELEARv",
"yEaE9j1UI",
"yEaB19xri",
"yEaxF7pSW",
"yEawlvH2S",
"yEavobRvF",
"yEau8rLTG",
"yEart05r1",
"yEamQl62O",
"yEamq1dmF",
"yEalowhmu",
"yEal53pbP",
"yEajgovwy",
"yEaiQ9C0e",
"yEagHteyP",
"yEaf97Ujw",
"yEaeClSO5",
"yEadPhrfH",
"yEabN88p3",
"yEab8BWZS",
"yEa946NGm",
"yEa8zm94D",
"yEa8ne0kc",
"yEa5GzMfB",
"yEa5n3DF6",
"yEa5k6jtA",
"yEa3um4Ko",
"yEa2t8rzv",
"yEa1v8EVA",
"yEa0ucCpP",
"yE9ZPoswH",
"yE9Z47otC",
"yE9XxiCbU",
"yE9XnfdpX",
"yE9Qfu0Vt",
"yE9JgA2aL",
"yE9IYhjzr",
"yE9FyoWjK",
"yE9Ey4Ae9",
"yE9DlhU8M",
"yE9CfhJm7",
"yE9B64Pih",
"yE9zNaB6c",
"yE9y1e8uv",
"yE9xYgNb2",
"yE9wN1g0m",
"yE9tucKx5",
"yE9qu1Iow",
"yE9qgbLkh",
"yE9pzC451",
"yE9pmBPtM",
"yE9pkxi1J",
"yE9nNlH7R",
"yE9n8jT9N",
"yE9mTexrH",
"yE9lX1LEq",
"yE9lNgyNi",
"yE9lIf9Lp",
"yE9kWmmou",
"yE9kj5PPF",
"yE9k9kyLn",
"yE9k92Xm1",
"yE9jVpNtA",
"yE9jHwSfK",
"yE9hMb7c6",
"yE9hLk2q4",
"yE9hBwFcr",
"yE9hgwfGs",
"yE9h9ucL3",
"yE9gtuBqr",
"yE9g5iipP",
"yE9fRF3rV",
"yE9fwn2vC",
"yE9f722dl",
"yE9f1nYVi",
"yE9eToczU",
"yE9er57AJ",
"yE9e9CFir",
"yE9dIrn9x",
"yE9cIlufz",
"yE9bYxd0R",
"yE9aXizYH",
"yE9aMqstI",
"yE9aFAGaT",
"yE9aF10I6",
"yE99Ib280",
"yE99xhGxB",
"yE98YpUm7",
"yE985oU6g",
"yE97tiQLn",
"yE97eh2Gg",
"yE96OhHCP",
"yE96JxRN2",
"yE96GAwGH",
"yE96hbJ7s",
"yE95GeFjB",
"yE95FDw5i",
"yE95FlUyx",
"yE95Flq4G",
"yE95rqbAg",
"yE95ramlf",
"yE95nBnsE",
"yE95bcOd0",
"yE953fB0S",
"yE950wGwZ",
"yE94Wowoi",
"yE94HBqEg",
"yE94DvdD7",
"yE948tmHC",
"yE93P0nbF",
"yE93E1zgn",
"yE93seTMk",
"yE936o8Cs",
"yE92VapLO",
"yE92Peh8X",
"yE92OCD9q",
"yE92Kei2G",
"yE92jA9iu",
"yE92iFke6",
"yE92e08nm",
"yE91TiKUk",
"yE91RxFBf",
"yE91NnDN7",
"yE91L3tRn",
"yE91qCiQn",
"yE91qkHCs",
"yE91oi0ow",
"yE91lzjCH",
"yE91lkWYO",
"yE913zmSr",
"yE90XoljC",
"yE90RstFK",
"yE90ND4N7",
"yE90LyZ7I",
"yE90Jc9q7",
"yE90DByUW",
"yE90Cogxx",
"yE90BxsUN",
"yE90yfCe0",
"yE90qip8M",
"yE90pFfrh",
"yE90eunmv",
"yE9025NLg",
"yE8ZZ6gVP",
"yE8ZRpYjV",
"yE8ZtaSkA",
"yE8Zm8UYw",
"yE8Z73kdJ",
"yE8Z3e12F",
"yE8YYsUmG",
"yE8YSyek1",
"yE8YR733F",
"yE8YQcxal",
"yE8YFwwws",
"yE8YE6PqV",
"yE8YDsrql",
"yE8Yx02TJ",
"yE8YuD9Qc",
"yE8Yp1gPh",
"yE8XZ0R8z",
"yE8XXueFJ",
"yE8XToZZe",
"yE8XQ8PNt",
"yE8XM1RL8",
"yE8XBkxxa",
"yE8Xw4iWe",
"yE8Xelm6O",
"yE8X2cjBX",
"yE8X12mhs",
"yE8WV8QQW",
"yE8WTiKIS",
"yE8WSbvMk",
"yE8WRwgRZ",
"yE8WIqeOR",
"yE8WGkdVS",
"yE8WF9nNL",
"yE8WD62kI",
"yE8WB36n5",
"yE8WyEXWE",
"yE8WyjTYS",
"yE8Wt4k3t",
"yE8Wn9DND",
"yE8Wj0iXb",
"yE8WfssR8",
"yE8Wf9IH6",
"yE8W9w4Y8",
"yE8W5pB0D",
"yE8W2qATw",
"yE8VZdjm7",
"yE8VUsloL",
"yE8VNFxD6",
"yE8VMbY21",
"yE8VKF4mR",
"yE8VKptr7",
"yE8VK7t5C",
"yE8VCrODg",
"yE8VyivCh",
"yE8VtiaT5",
"yE8VrvGpv",
"yE8Vk9Eeu",
"yE8VhciZi",
"yE8VesAmK",
"yE8VbgwOM",
"yE8V8glpX",
"yE8V78kQ6",
"yE8V5j1sp",
"yE8V3iPZ1",
"yE8V2pAxJ",
"yE8UX6y74",
"yE8UWcdWG",
"yE8UUmYzc",
"yE8UQwpGB",
"yE8UP6HnF",
"yE8UMs29K",
"yE8UJtCDv",
"yE8UtbSnC",
"yE8UsDTv6",
"yE8Uoc4DZ",
"yE8UmrBQ9",
"yE8Uma0qY",
"yE8UizY01",
"yE8UgwVl9",
"yE8UgegVL",
"yE8Uf0U9f",
"yE8Ueabeo",
"yE8UbcQ9E",
"yE8U9nRlB",
"yE8U97Rvc",
"yE8U8y9ec",
"yE8U5yTOf",
"yE8U4msjd",
"yE8U48m5t",
"yE8U2infY",
"yE8U1p8kH",
"yE8TZ6V6h",
"yE8TX1MUk",
"yE8TVxVOk",
"yE8TRFx5S",
"yE8TMnhhn",
"yE8TKgQnb"
],
"uid":"oscarqianfeng",
"parent":"yE8GfqUDn",
"text":"谣言满天飞！",
"mid":"yE8To9mzm",
"date":"2012-09-29 19:07:45"
},
{
"kids":[],
"uid":"2162327101",
"parent":"yE8LGBzm5",
"text":"真的假的啊",
"mid":"yE8ST6Akk",
"date":"2012-09-29 19:06:34"
},
{
"kids":[],
"uid":"temmyhan",
"parent":"",
"text":"真的假的真的假的…不会吧…",
"mid":"yE8SKgBMM",
"date":"2012-09-29 19:06:09"
},
{
"kids":[],
"uid":"duoduoccq",
"parent":"yE8c1tSbh",
"text":"不会吧……",
"mid":"yE8RM0mFh",
"date":"2012-09-29 19:03:48"
},
{
"kids":[],
"uid":"1877052943",
"parent":"",
"text":"真的假的啊@Mobius六毛姗淳公主",
"mid":"yE8RCeapm",
"date":"2012-09-29 19:03:24"
},
{
"kids":[],
"uid":"1467541014",
"parent":"yE8Nq9WSi",
"text":"还是鬼子很!",
"mid":"yE8QBAQh7",
"date":"2012-09-29 19:00:55"
},
{
"kids":[],
"uid":"2373560145",
"parent":"yE8LHuhH7",
"text":"不会吧[吃惊]",
"mid":"yE8QuuqNG",
"date":"2012-09-29 19:00:37"
},
{
"kids":[],
"uid":"feifeidexiaoweibo",
"parent":"",
"text":"不是吧………求证!!!!!!",
"mid":"yE8Phsuk1",
"date":"2012-09-29 18:57:40"
},
{
"kids":[
"yE8QBAQh7"
],
"uid":"1418770041",
"parent":"yE8Dc35Le",
"text":"？",
"mid":"yE8Nq9WSi",
"date":"2012-09-29 18:53:05"
},
{
"kids":[],
"uid":"1805499572",
"parent":"yE8Lfa2BG",
"text":"",
"mid":"yE8LY5jyE",
"date":"2012-09-29 18:49:30"
},
{
"kids":[
"yE8QuuqNG"
],
"uid":"1574907007",
"parent":"yE8zx9ROd",
"text":"真的假的[吃惊]",
"mid":"yE8LHuhH7",
"date":"2012-09-29 18:48:51"
},
{
"kids":[
"yE8ST6Akk"
],
"uid":"lixiang82",
"parent":"yE8IC1jio",
"text":"能再家些吗？",
"mid":"yE8LGBzm5",
"date":"2012-09-29 18:48:47"
},
{
"kids":[],
"uid":"338630303",
"parent":"yE8zx9ROd",
"text":"会是真的？",
"mid":"yE8Lj0CEQ",
"date":"2012-09-29 18:47:50"
},
{
"kids":[
"yE8LY5jyE"
],
"uid":"tianjia021",
"parent":"",
"text":"抗日",
"mid":"yE8Lfa2BG",
"date":"2012-09-29 18:47:40"
},
{
"kids":[
"yE8UVk3DF"
],
"uid":"jingjingershi",
"parent":"",
"text":"!!!!!!!!!!有点不太信!!!!!!!!!",
"mid":"yE8Kbyvvi",
"date":"2012-09-29 18:45:04"
},
{
"kids":[
"yE8LGBzm5"
],
"uid":"123zhanglina",
"parent":"yE8zx9ROd",
"text":"假的",
"mid":"yE8IC1jio",
"date":"2012-09-29 18:41:13"
},
{
"kids":[
"yE8To9mzm"
],
"uid":"1728572720",
"parent":"",
"text":"@钱枫 求证！",
"mid":"yE8GfqUDn",
"date":"2012-09-29 18:35:26"
},
{
"kids":[],
"uid":"1826058911",
"parent":"",
"text":"这个阶段他应该避避嫌[汗][汗]坚决抵制日货[威武][威武][威武]",
"mid":"yE8FN4Y7u",
"date":"2012-09-29 18:34:17"
},
{
"kids":[
"yE8Nq9WSi"
],
"uid":"liuhongda110",
"parent":"yE8ActZpc",
"text":"！！！！真的假的？",
"mid":"yE8Dc35Le",
"date":"2012-09-29 18:27:53"
},
{
"kids":[],
"uid":"hoylefour",
"parent":"yE8ActZpc",
"text":"我去，这是真的假的啊·····[怒]",
"mid":"yE8BFtf0x",
"date":"2012-09-29 18:24:08"
},
{
"kids":[
"yE8Dc35Le",
"yE8BFtf0x"
],
"uid":"devilcuibin",
"parent":"yE8zx9ROd",
"text":"？？？[汗]",
"mid":"yE8ActZpc",
"date":"2012-09-29 18:20:31"
},
{
"kids":[
"yE8ZUnjri",
"yE8LHuhH7",
"yE8Lj0CEQ",
"yE8IC1jio",
"yE8ActZpc"
],
"uid":"1992601943",
"parent":"",
"text":"真的假的???????",
"mid":"yE8zx9ROd",
"date":"2012-09-29 18:18:52"
},
{
"kids":[],
"uid":"jiayibingdinghy",
"parent":"yE8eZ0CqJ",
"text":"真假？起码那半土半洋的调还是好听的",
"mid":"yE8wnwdwQ",
"date":"2012-09-29 18:11:07"
},
{
"kids":[],
"uid":"2115228154",
"parent":"yE8c1tSbh",
"text":"真的吗？",
"mid":"yE8kvrR5x",
"date":"2012-09-29 17:41:50"
},
{
"kids":[],
"uid":"pan0814",
"parent":"yE8eZ0CqJ",
"text":"不会吧！！！[晕][抓狂]",
"mid":"yE8jInsci",
"date":"2012-09-29 17:39:54"
},
{
"kids":[],
"uid":"2119768603",
"parent":"",
"text":"[吃惊]不是吧。",
"mid":"yE8jo2Mpa",
"date":"2012-09-29 17:39:03"
},
{
"kids":[],
"uid":"1827463573",
"parent":"yE8eZ0CqJ",
"text":"真的假的？",
"mid":"yE8h3v7iW",
"date":"2012-09-29 17:33:21"
},
{
"kids":[
"z7LKwxLBD",
"yE8wnwdwQ",
"yE8jInsci",
"yE8h3v7iW"
],
"uid":"1735944550",
"parent":"yE87UbF3M",
"text":"",
"mid":"yE8eZ0CqJ",
"date":"2012-09-29 17:28:12"
},
{
"kids":[
"yEblcade0"
],
"uid":"2002824587",
"parent":"yE82Ey60f",
"text":"可能是假的哦！[疑问]",
"mid":"yE8cBxa75",
"date":"2012-09-29 17:22:21"
},
{
"kids":[
"yE8RM0mFh",
"yE8kvrR5x"
],
"uid":"1771666097",
"parent":"",
"text":"这不是真的吧？！",
"mid":"yE8c1tSbh",
"date":"2012-09-29 17:20:57"
},
{
"kids":[
"yE8eZ0CqJ"
],
"uid":"shitou87",
"parent":"",
"text":"求辟谣",
"mid":"yE87UbF3M",
"date":"2012-09-29 17:10:47"
},
{
"kids":[],
"uid":"1589991917",
"parent":"yE82Ey60f",
"text":"/",
"mid":"yE85J9f6q",
"date":"2012-09-29 17:05:24"
},
{
"kids":[],
"uid":"2617737043",
"parent":"",
"text":"。。。。。",
"mid":"yE845bJAa",
"date":"2012-09-29 17:01:24"
},
{
"kids":[
"yE8cBxa75",
"yE85J9f6q"
],
"uid":"1246991921",
"parent":"",
"text":"真假？",
"mid":"yE82Ey60f",
"date":"2012-09-29 16:57:52"
}
]