[
{
"kids":[],
"uid":"2919790554",
"parent":"z1NlwC7ar",
"text":"",
"mid":"z6tY7fxC0",
"date":"2012-11-23 09:01:05"
},
{
"kids":[],
"uid":"2919614230",
"parent":"z1NlwC7ar",
"text":"",
"mid":"z6tY7fxAu",
"date":"2012-11-23 09:01:05"
},
{
"kids":[],
"uid":"2920423864",
"parent":"z1NlwC7ar",
"text":"",
"mid":"z5GWrpjMG",
"date":"2012-11-18 04:12:22"
},
{
"kids":[],
"uid":"2810516630",
"parent":"z1NlwC7ar",
"text":"",
"mid":"z5y2zvqcq",
"date":"2012-11-17 05:32:44"
},
{
"kids":[],
"uid":"2920258742",
"parent":"z1NlwC7ar",
"text":"",
"mid":"z5y2zdP3W",
"date":"2012-11-17 05:32:44"
},
{
"kids":[],
"uid":"1584012980",
"parent":"z1NlwC7ar",
"text":"",
"mid":"z4OAadktQ",
"date":"2012-11-12 09:49:08"
},
{
"kids":[],
"uid":"2803604754",
"parent":"z1NlwC7ar",
"text":"",
"mid":"z4IhakXWY",
"date":"2012-11-11 17:45:52"
},
{
"kids":[],
"uid":"2919452652",
"parent":"z1NlwC7ar",
"text":"",
"mid":"z4IhakXVp",
"date":"2012-11-11 17:45:50"
},
{
"kids":[],
"uid":"2919602110",
"parent":"z1NlwC7ar",
"text":"",
"mid":"z3Jqjv4JC",
"date":"2012-11-05 06:50:51"
},
{
"kids":[],
"uid":"1776497594",
"parent":"z1NlwC7ar",
"text":"",
"mid":"z3CUvmVr1",
"date":"2012-11-04 14:15:58"
},
{
"kids":[],
"uid":"1778083940",
"parent":"z1NlwC7ar",
"text":"",
"mid":"z3CUvmVpE",
"date":"2012-11-04 14:16:00"
},
{
"kids":[],
"uid":"1968261995",
"parent":"z1N8Sr0iv",
"text":"",
"mid":"z3wq17JyA",
"date":"2012-11-03 21:44:24"
},
{
"kids":[],
"uid":"2920295162",
"parent":"z1NlwC7ar",
"text":"",
"mid":"z2ORXqAhG",
"date":"2012-10-30 06:52:23"
},
{
"kids":[],
"uid":"2919927354",
"parent":"z1NlwC7ar",
"text":"",
"mid":"z2Fi27gD6",
"date":"2012-10-29 06:29:08"
},
{
"kids":[],
"uid":"2920235510",
"parent":"z1NlwC7ar",
"text":"",
"mid":"z2Fi26G4L",
"date":"2012-10-29 06:29:09"
},
{
"kids":[],
"uid":"1972260873",
"parent":"z1LTRgrdB",
"text":"",
"mid":"z2gcl6MRE",
"date":"2012-10-26 14:36:26"
},
{
"kids":[],
"uid":"1557481713",
"parent":"z1M08pJE7",
"text":"",
"mid":"z1YCGa7B9",
"date":"2012-10-24 17:51:54"
},
{
"kids":[],
"uid":"amyxll1985",
"parent":"z1LTRgrdB",
"text":"",
"mid":"z1XpcaQR6",
"date":"2012-10-24 14:45:57"
},
{
"kids":[],
"uid":"2073264811",
"parent":"z1N8Sr0iv",
"text":"早前就发过了 现在继续发 我不知道当时怎么没人去管呢",
"mid":"z1WFGcspl",
"date":"2012-10-24 12:53:48"
},
{
"kids":[],
"uid":"2269329713",
"parent":"z1LX47z80",
"text":"老爸装文艺范儿，却带小儿来乞讨。右手有脚得体验人生[疑问]",
"mid":"z1WAGeIKu",
"date":"2012-10-24 12:41:29"
},
{
"kids":[],
"uid":"2268561070",
"parent":"z1LTRgrdB",
"text":"",
"mid":"z1Vfs4S39",
"date":"2012-10-24 09:16:26"
},
{
"kids":[],
"uid":"1723974165",
"parent":"z1N1fCLCK",
"text":"",
"mid":"z1TajnoHn",
"date":"2012-10-24 03:58:17"
},
{
"kids":[],
"uid":"2919560394",
"parent":"z1NlwC7ar",
"text":"",
"mid":"z1SNBDc6H",
"date":"2012-10-24 03:02:21"
},
{
"kids":[],
"uid":"llovefanny",
"parent":"z1LX47z80",
"text":"回复@轨交警花:是亲生父母最好，大家也只是善意。在现在社会做好人，需要鼓励。不能打击，告诉他本来就没有善良。造成越来越多的人选择回避和漠视。[爱你]",
"mid":"z1Rv9sCKH",
"date":"2012-10-23 23:44:07"
},
{
"kids":[],
"uid":"1804293480",
"parent":"z1LTRgrdB",
"text":"可怜的孩子，亲生父母要哭死了吧，希望快点找到自己的亲生父母，人贩子枪毙掉！",
"mid":"z1QnTn7m8",
"date":"2012-10-23 20:53:27"
},
{
"kids":[],
"uid":"1934490900",
"parent":"z1PAboKKQ",
"text":"[阳光]",
"mid":"z1PW5uKfK",
"date":"2012-10-23 19:45:00"
},
{
"kids":[
"z1PW5uKfK"
],
"uid":"2652610435",
"parent":"z1LXVjlR3",
"text":"就算是亲生的，也得好好教育这个父亲！",
"mid":"z1PAboKKQ",
"date":"2012-10-23 18:51:02"
},
{
"kids":[],
"uid":"vivianweibo",
"parent":"z1LYUuFMI",
"text":"[爱心传递]",
"mid":"z1Psbikv9",
"date":"2012-10-23 18:31:19"
},
{
"kids":[],
"uid":"1829182194",
"parent":"z1LTRgrdB",
"text":"",
"mid":"z1PrC8j50",
"date":"2012-10-23 18:29:55"
},
{
"kids":[],
"uid":"2199313754",
"parent":"z1OKQ2WqO",
"text":"[围脖][手套][温暖帽子]",
"mid":"z1Paz5MIj",
"date":"2012-10-23 17:47:55"
},
{
"kids":[],
"uid":"1760246812",
"parent":"z1LTRgrdB",
"text":"",
"mid":"z1OVHbMK9",
"date":"2012-10-23 17:11:17"
},
{
"kids":[],
"uid":"1598149127",
"parent":"z1ORq9TzZ",
"text":"",
"mid":"z1OUYz8uu",
"date":"2012-10-23 17:09:31"
},
{
"kids":[],
"uid":"2480358770",
"parent":"z1ORq9TzZ",
"text":"转",
"mid":"z1OTDgpZD",
"date":"2012-10-23 17:06:12"
},
{
"kids":[
"z1OUYz8uu",
"z1OTDgpZD"
],
"uid":"freshbull",
"parent":"z1OMootm4",
"text":"艹 便衣很多，上前盘问的太少，太少~应该学学香港",
"mid":"z1ORq9TzZ",
"date":"2012-10-23 17:00:45"
},
{
"kids":[
"z1ORq9TzZ"
],
"uid":"2600872252",
"parent":"",
"text":"",
"mid":"z1OMootm4",
"date":"2012-10-23 16:48:22"
},
{
"kids":[
"z1Paz5MIj"
],
"uid":"2072744160",
"parent":"z1Mdf3aTa",
"text":"XXX那个万恶的屎男人",
"mid":"z1OKQ2WqO",
"date":"2012-10-23 16:44:30"
},
{
"kids":[],
"uid":"2939088007",
"parent":"z1NQnFETL",
"text":"遭天谴的男人，人肉他！！！",
"mid":"z1Om5i76p",
"date":"2012-10-23 15:43:32"
},
{
"kids":[],
"uid":"emmise",
"parent":"z1NpRycKM",
"text":"",
"mid":"z1OkTqaro",
"date":"2012-10-23 15:40:37"
},
{
"kids":[],
"uid":"2249825307",
"parent":"z1LIB2LQa",
"text":"这时候有几个人男人上去围着这个人，然后把警察叫来，孩子不就得救了吗！",
"mid":"z1OkP0nFF",
"date":"2012-10-23 15:40:25"
},
{
"kids":[],
"uid":"daodanguixuanxuan",
"parent":"",
"text":"转！",
"mid":"z1OgSyuue",
"date":"2012-10-23 15:30:45"
},
{
"kids":[],
"uid":"2579220384",
"parent":"z1M7tuy9o",
"text":"",
"mid":"z1Ogh59Se",
"date":"2012-10-23 15:29:14"
},
{
"kids":[],
"uid":"1866918714",
"parent":"z1LIB2LQa",
"text":"",
"mid":"z1O9h1kmq",
"date":"2012-10-23 15:11:59"
},
{
"kids":[],
"uid":"1743318130",
"parent":"z1LTRgrdB",
"text":"",
"mid":"z1O7jxCbT",
"date":"2012-10-23 15:07:10"
},
{
"kids":[],
"uid":"2474146930",
"parent":"z1O1YkgGu",
"text":"可怜的孩子[抓狂]",
"mid":"z1O3W4Pl9",
"date":"2012-10-23 14:58:50"
},
{
"kids":[
"z1O3W4Pl9"
],
"uid":"1969920470",
"parent":"z1NQI4c7D",
"text":"这种人因该毙了。[怒]",
"mid":"z1O1YkgGu",
"date":"2012-10-23 14:54:00"
},
{
"kids":[],
"uid":"2686644650",
"parent":"z1LTRgrdB",
"text":"[疑问][思考]",
"mid":"z1NVkFuUz",
"date":"2012-10-23 14:37:37"
},
{
"kids":[
"z1O1YkgGu"
],
"uid":"1072863382",
"parent":"z1N8Sr0iv",
"text":"",
"mid":"z1NQI4c7D",
"date":"2012-10-23 14:26:13"
},
{
"kids":[
"z1Om5i76p"
],
"uid":"2684266132",
"parent":"z1LTRgrdB",
"text":"[心]",
"mid":"z1NQnFETL",
"date":"2012-10-23 14:25:26"
},
{
"kids":[],
"uid":"1671745371",
"parent":"z1LIB2LQa",
"text":"说英文吧！",
"mid":"z1NM7sOAL",
"date":"2012-10-23 14:14:57"
},
{
"kids":[],
"uid":"2164545042",
"parent":"",
"text":"",
"mid":"z1NLxrhi3",
"date":"2012-10-23 14:13:30"
},
{
"kids":[],
"uid":"dysry",
"parent":"z1LTRgrdB",
"text":"",
"mid":"z1NLdDakN",
"date":"2012-10-23 14:12:43"
},
{
"kids":[],
"uid":"1738433683",
"parent":"z1LTRgrdB",
"text":"",
"mid":"z1NJObSme",
"date":"2012-10-23 14:09:15"
},
{
"kids":[],
"uid":"1721091894",
"parent":"z1LTRgrdB",
"text":"",
"mid":"z1NtcFNBE",
"date":"2012-10-23 13:28:21"
},
{
"kids":[
"z1OkTqaro"
],
"uid":"2350308501",
"parent":"z1Ly2uMfm",
"text":"转发！@mischatterbox @NanaWillRockU",
"mid":"z1NpRycKM",
"date":"2012-10-23 13:20:06"
},
{
"kids":[],
"uid":"fanny1120",
"parent":"z1LTRgrdB",
"text":"[围观]",
"mid":"z1NoSF6i8",
"date":"2012-10-23 13:17:43"
},
{
"kids":[],
"uid":"1354609285",
"parent":"",
"text":"",
"mid":"z1NmczSS4",
"date":"2012-10-23 13:11:06"
},
{
"kids":[
"z6tY7fxC0",
"z6tY7fxAu",
"z5GWrpjMG",
"z5y2zvqcq",
"z5y2zdP3W",
"z4OAadktQ",
"z4IhakXWY",
"z4IhakXVp",
"z3Jqjv4JC",
"z3CUvmVr1",
"z3CUvmVpE",
"z2ORXqAhG",
"z2Fi27gD6",
"z2Fi26G4L",
"z1SNBDc6H"
],
"uid":"chenpengchengfhl",
"parent":"",
"text":"",
"mid":"z1NlwC7ar",
"date":"2012-10-23 13:09:25"
},
{
"kids":[],
"uid":"1727573835",
"parent":"",
"text":"",
"mid":"z1NkNavrs",
"date":"2012-10-23 13:07:35"
},
{
"kids":[],
"uid":"1859447094",
"parent":"z1LTRgrdB",
"text":"[泪]",
"mid":"z1NgHB7oW",
"date":"2012-10-23 12:57:33"
},
{
"kids":[],
"uid":"1233333750",
"parent":"",
"text":"",
"mid":"z1Ng6mXss",
"date":"2012-10-23 12:56:03"
},
{
"kids":[],
"uid":"2376712152",
"parent":"",
"text":"这孩子好像以前新闻上就见过。但愿他能早日找到父母。",
"mid":"z1NbIeWSS",
"date":"2012-10-23 12:45:14"
},
{
"kids":[],
"uid":"1790449247",
"parent":"z1N8Sr0iv",
"text":"",
"mid":"z1NabCNbo",
"date":"2012-10-23 12:41:28"
},
{
"kids":[],
"uid":"lucy1112",
"parent":"z1LVZmc0R",
"text":"可怜",
"mid":"z1N9ji2NP",
"date":"2012-10-23 12:39:19"
},
{
"kids":[
"z3wq17JyA",
"z1WFGcspl",
"z1NQI4c7D",
"z1NabCNbo"
],
"uid":"2451079510",
"parent":"z1N5vdl7q",
"text":"",
"mid":"z1N8Sr0iv",
"date":"2012-10-23 12:38:14"
},
{
"kids":[],
"uid":"1377174415",
"parent":"z1MM7psze",
"text":"",
"mid":"z1N87pW5B",
"date":"2012-10-23 12:36:22"
},
{
"kids":[],
"uid":"1740763263",
"parent":"z1LTRgrdB",
"text":"",
"mid":"z1N7ma1r3",
"date":"2012-10-23 12:34:31"
},
{
"kids":[
"z1N8Sr0iv"
],
"uid":"2705652700",
"parent":"",
"text":"谁家的孩子啊，爸妈快出现，救救孩子吧，真是可怜的，这种人该枪毙，多么天真的孩子啊，怎么可以这样对待孩子。",
"mid":"z1N5vdl7q",
"date":"2012-10-23 12:29:56"
},
{
"kids":[],
"uid":"2967929913",
"parent":"z1LTRgrdB",
"text":"",
"mid":"z1N4v7qRb",
"date":"2012-10-23 12:27:29"
},
{
"kids":[],
"uid":"1729576262",
"parent":"z1LTRgrdB",
"text":"每次看到这些，就会很心痛。",
"mid":"z1N2PqKia",
"date":"2012-10-23 12:23:22"
},
{
"kids":[],
"uid":"1790965557",
"parent":"z1MeGzM39",
"text":"恩恩，白白嫩嫩的，很有可能是被拐卖的",
"mid":"z1N1JcaIX",
"date":"2012-10-23 12:20:39"
},
{
"kids":[
"z1TajnoHn"
],
"uid":"2486050183",
"parent":"",
"text":"",
"mid":"z1N1fCLCK",
"date":"2012-10-23 12:19:29"
},
{
"kids":[],
"uid":"2134341512",
"parent":"z1HZ7hOYB",
"text":"",
"mid":"z1MZDbc2a",
"date":"2012-10-23 12:15:27"
},
{
"kids":[],
"uid":"2793417060",
"parent":"z1Mxy7PZn",
"text":"",
"mid":"z1MUuB9By",
"date":"2012-10-23 12:02:49"
},
{
"kids":[
"z1N87pW5B"
],
"uid":"1881726342",
"parent":"",
"text":"",
"mid":"z1MM7psze",
"date":"2012-10-23 11:42:12"
},
{
"kids":[],
"uid":"2154183615",
"parent":"",
"text":"",
"mid":"z1MLAAIDN",
"date":"2012-10-23 11:40:54"
},
{
"kids":[],
"uid":"1779670023",
"parent":"",
"text":"转！",
"mid":"z1MI91qX8",
"date":"2012-10-23 11:32:24"
},
{
"kids":[],
"uid":"1932860991",
"parent":"z1LTRgrdB",
"text":"真可怜[泪] 希望能解救。。。",
"mid":"z1MHArFFX",
"date":"2012-10-23 11:31:02"
},
{
"kids":[],
"uid":"1945669855",
"parent":"",
"text":"",
"mid":"z1MEzkM1F",
"date":"2012-10-23 11:23:35"
},
{
"kids":[],
"uid":"2325199191",
"parent":"z1LTRgrdB",
"text":"这个已经转了好多次的",
"mid":"z1Myyt9Yk",
"date":"2012-10-23 11:08:47"
},
{
"kids":[
"z1MUuB9By"
],
"uid":"1880207575",
"parent":"z1LTRgrdB",
"text":"可爱的小孩，希望不是被拐的",
"mid":"z1Mxy7PZn",
"date":"2012-10-23 11:06:18"
},
{
"kids":[],
"uid":"1733658375",
"parent":"",
"text":"",
"mid":"z1Mu6bZEF",
"date":"2012-10-23 10:57:47"
},
{
"kids":[],
"uid":"realliming",
"parent":"z1McRpxHZ",
"text":"",
"mid":"z1MpThFwg",
"date":"2012-10-23 10:47:25"
},
{
"kids":[],
"uid":"1828523683",
"parent":"z1MlT1aje",
"text":"",
"mid":"z1MoUme9o",
"date":"2012-10-23 10:45:01"
},
{
"kids":[],
"uid":"fei131221",
"parent":"z1M08pJE7",
"text":"",
"mid":"z1MmJAX87",
"date":"2012-10-23 10:39:40"
},
{
"kids":[
"z1MoUme9o"
],
"uid":"1943709887",
"parent":"z1Mfv53s8",
"text":"",
"mid":"z1MlT1aje",
"date":"2012-10-23 10:37:34"
},
{
"kids":[],
"uid":"2086524670",
"parent":"z1LTRgrdB",
"text":"[爱心传递]",
"mid":"z1MlCs3p7",
"date":"2012-10-23 10:36:55"
},
{
"kids":[],
"uid":"2604490110",
"parent":"z1LTRgrdB",
"text":"这个帖子好像已经很久了",
"mid":"z1MlfqSPs",
"date":"2012-10-23 10:35:59"
},
{
"kids":[],
"uid":"2834551642",
"parent":"",
"text":"",
"mid":"z1MkEdN3y",
"date":"2012-10-23 10:34:30"
},
{
"kids":[],
"uid":"2614865705",
"parent":"z1LTRgrdB",
"text":"",
"mid":"z1MjF52qQ",
"date":"2012-10-23 10:32:04"
},
{
"kids":[],
"uid":"2887689780",
"parent":"z1MgR0ASf",
"text":"",
"mid":"z1MjtfFK5",
"date":"2012-10-23 10:31:37"
},
{
"kids":[],
"uid":"2539219045",
"parent":"z1LTRgrdB",
"text":"小孩细皮嫩肉的不象农村出来的可怜",
"mid":"z1Mipmsms",
"date":"2012-10-23 10:29:00"
},
{
"kids":[],
"uid":"ruruxinxin1020",
"parent":"",
"text":"扩",
"mid":"z1MhqataH",
"date":"2012-10-23 10:26:34"
},
{
"kids":[],
"uid":"2566805321",
"parent":"",
"text":"",
"mid":"z1MhneDOj",
"date":"2012-10-23 10:26:26"
},
{
"kids":[],
"uid":"1710220361",
"parent":"z1LTRgrdB",
"text":"[爱心传递]",
"mid":"z1MhkgN7H",
"date":"2012-10-23 10:26:20"
},
{
"kids":[],
"uid":"1230385245",
"parent":"",
"text":"小孩长得好可爱~~太可怜了",
"mid":"z1MhfxsZB",
"date":"2012-10-23 10:26:07"
},
{
"kids":[
"z1MjtfFK5"
],
"uid":"2946753602",
"parent":"z1LTRgrdB",
"text":"",
"mid":"z1MgR0ASf",
"date":"2012-10-23 10:25:09"
},
{
"kids":[],
"uid":"1394115290",
"parent":"z1LTRgrdB",
"text":"110 在哪里，去搜查一下啊！！！@110",
"mid":"z1Mg8nLn7",
"date":"2012-10-23 10:23:24"
},
{
"kids":[
"z1MlT1aje"
],
"uid":"2745810341",
"parent":"z1LTRgrdB",
"text":"",
"mid":"z1Mfv53s8",
"date":"2012-10-23 10:21:50"
},
{
"kids":[
"z1N1JcaIX"
],
"uid":"1769545781",
"parent":"z1M7tuy9o",
"text":"",
"mid":"z1MeGzM39",
"date":"2012-10-23 10:19:50"
},
{
"kids":[],
"uid":"1668570864",
"parent":"z1LTRgrdB",
"text":"",
"mid":"z1MdFzxMI",
"date":"2012-10-23 10:17:20"
},
{
"kids":[],
"uid":"piganddog",
"parent":"z1HXJ0QQZ",
"text":"回复@轨交警花:虽然辟谣是亲生父子，但利用未成年人进行乞讨，治安管理处罚法不是明确规定可以处罚吗？请问警方怎么看待？如果是亲生父子我更要让这个微博留着，让这孩子长大后记住这个父亲的作为，然后再决定重阳节让他怎么过[怒]",
"mid":"z1Mdyfka2",
"date":"2012-10-23 10:17:01"
},
{
"kids":[
"z1OKQ2WqO"
],
"uid":"1110958662",
"parent":"z1LTRgrdB",
"text":"",
"mid":"z1Mdf3aTa",
"date":"2012-10-23 10:16:15"
},
{
"kids":[],
"uid":"1931880980",
"parent":"z1LTRgrdB",
"text":"",
"mid":"z1McSgwdy",
"date":"2012-10-23 10:15:22"
},
{
"kids":[
"z1MpThFwg"
],
"uid":"1880175461",
"parent":"",
"text":"[泪]",
"mid":"z1McRpxHZ",
"date":"2012-10-23 10:15:20"
},
{
"kids":[],
"uid":"1654329107",
"parent":"",
"text":"",
"mid":"z1Mbw5fPR",
"date":"2012-10-23 10:12:01"
},
{
"kids":[
"z1Ogh59Se",
"z1MeGzM39"
],
"uid":"2794460240",
"parent":"z1LTRgrdB",
"text":"",
"mid":"z1M7tuy9o",
"date":"2012-10-23 10:02:03"
},
{
"kids":[],
"uid":"1630523173",
"parent":"z1LTRgrdB",
"text":"上海警方能否调查下呢",
"mid":"z1M797dzc",
"date":"2012-10-23 10:01:15"
},
{
"kids":[],
"uid":"1868730583",
"parent":"z1LTRgrdB",
"text":"",
"mid":"z1M6VdLhh",
"date":"2012-10-23 10:00:41"
},
{
"kids":[],
"uid":"yaowei616",
"parent":"z1LTRgrdB",
"text":"",
"mid":"z1M6iaXWV",
"date":"2012-10-23 09:59:08"
},
{
"kids":[],
"uid":"2043647443",
"parent":"z1LIB2LQa",
"text":"",
"mid":"z1M613q6U",
"date":"2012-10-23 09:58:28"
},
{
"kids":[],
"uid":"1774308504",
"parent":"z1LrYkq3g",
"text":"回复@轨交警花:警方辟谣了，但是像这样连孩子最基本的尊严都不能给予的亲生父亲，是否该立法暂停他的抚养权呢?@胡新社",
"mid":"z1M59A9C5",
"date":"2012-10-23 09:56:21"
},
{
"kids":[],
"uid":"2307446112",
"parent":"z1LTRgrdB",
"text":"",
"mid":"z1M4Dnsk5",
"date":"2012-10-23 09:55:03"
},
{
"kids":[],
"uid":"1873508304",
"parent":"z1LTRgrdB",
"text":"现在实在见不得这个，看见就忍不住~~~~~，转~~~~",
"mid":"z1M4i49fY",
"date":"2012-10-23 09:54:13"
},
{
"kids":[],
"uid":"1746075152",
"parent":"",
"text":"",
"mid":"z1M3ICPwE",
"date":"2012-10-23 09:52:49"
},
{
"kids":[],
"uid":"2118397027",
"parent":"z1LTRgrdB",
"text":"",
"mid":"z1M3Fm5TQ",
"date":"2012-10-23 09:52:39"
},
{
"kids":[],
"uid":"1752011483",
"parent":"z1LTRgrdB",
"text":"",
"mid":"z1M33xBjK",
"date":"2012-10-23 09:51:11"
},
{
"kids":[],
"uid":"lantublue",
"parent":"",
"text":"",
"mid":"z1M2m7M86",
"date":"2012-10-23 09:49:27"
},
{
"kids":[],
"uid":"1791534330",
"parent":"z1LTRgrdB",
"text":"心疼",
"mid":"z1M2izPAK",
"date":"2012-10-23 09:49:19"
},
{
"kids":[],
"uid":"2952741182",
"parent":"z1M08pJE7",
"text":"",
"mid":"z1M2fBsAv",
"date":"2012-10-23 09:49:12"
},
{
"kids":[],
"uid":"2636859872",
"parent":"z1LTRgrdB",
"text":"",
"mid":"z1M2cE7FH",
"date":"2012-10-23 09:49:06"
},
{
"kids":[],
"uid":"1748388490",
"parent":"",
"text":"",
"mid":"z1M1DvdaQ",
"date":"2012-10-23 09:47:41"
},
{
"kids":[],
"uid":"2315904300",
"parent":"z1LX47z80",
"text":"有这样的父母真是孩子的不幸！",
"mid":"z1M1xyuql",
"date":"2012-10-23 09:47:27"
},
{
"kids":[],
"uid":"2570889800",
"parent":"z1LTRgrdB",
"text":"",
"mid":"z1M1ujz7v",
"date":"2012-10-23 09:47:19"
},
{
"kids":[],
"uid":"2455352935",
"parent":"z1LTRgrdB",
"text":"",
"mid":"z1M1lbYJY",
"date":"2012-10-23 09:46:56"
},
{
"kids":[],
"uid":"2044646423",
"parent":"z1LX47z80",
"text":"那也该对着这样不负责任的父母进行处罚教育吧",
"mid":"z1M1jqusG",
"date":"2012-10-23 09:46:53"
},
{
"kids":[],
"uid":"2793674257",
"parent":"z1LTRgrdB",
"text":"[泪]",
"mid":"z1M0Wnqfu",
"date":"2012-10-23 09:45:58"
},
{
"kids":[],
"uid":"2284490694",
"parent":"",
"text":"",
"mid":"z1M0Q95e8",
"date":"2012-10-23 09:45:43"
},
{
"kids":[],
"uid":"526781890",
"parent":"",
"text":"",
"mid":"z1M0bma9V",
"date":"2012-10-23 09:44:06"
},
{
"kids":[
"z1YCGa7B9",
"z1MmJAX87",
"z1M2fBsAv"
],
"uid":"vestaquarius",
"parent":"z1LX47z80",
"text":"【辟谣】有些东西就是要说反复、反反复说、说反复、反反复说",
"mid":"z1M08pJE7",
"date":"2012-10-23 09:43:59"
},
{
"kids":[],
"uid":"1922529600",
"parent":"z1LTRgrdB",
"text":"",
"mid":"z1LZUd36M",
"date":"2012-10-23 09:43:23"
},
{
"kids":[],
"uid":"2665077225",
"parent":"z1LTRgrdB",
"text":"[泪]",
"mid":"z1LZQnhlC",
"date":"2012-10-23 09:43:16"
},
{
"kids":[],
"uid":"1689578263",
"parent":"z1LTRgrdB",
"text":"好想哭。。。当妈的把宝贝悉心养大，却给人贩子虐待打骂[怒][怒]",
"mid":"z1LZEzRLz",
"date":"2012-10-23 09:42:48"
},
{
"kids":[],
"uid":"1016091605",
"parent":"",
"text":"虐待也是犯罪",
"mid":"z1LZuv9Pe",
"date":"2012-10-23 09:42:24"
},
{
"kids":[],
"uid":"angel0508066",
"parent":"z1LLP5XaV",
"text":"",
"mid":"z1LZku98t",
"date":"2012-10-23 09:42:00"
},
{
"kids":[
"z1Psbikv9"
],
"uid":"2050031724",
"parent":"z1LTRgrdB",
"text":"[温暖帽子][围脖][手套][围观][围观][围观]",
"mid":"z1LYUuFMI",
"date":"2012-10-23 09:40:58"
},
{
"kids":[],
"uid":"2162956212",
"parent":"",
"text":"这种总桑枉为人父母，不配做人啊！[怒][弱][鄙视]",
"mid":"z1LYQlz8r",
"date":"2012-10-23 09:40:48"
},
{
"kids":[],
"uid":"209096920",
"parent":"z1LYg0HSS",
"text":"这种父母...太差劲！",
"mid":"z1LYEcZ2z",
"date":"2012-10-23 09:40:19"
},
{
"kids":[
"z1LYEcZ2z"
],
"uid":"susanguo",
"parent":"z1LX47z80",
"text":"这对儿在地铁见过几次啦",
"mid":"z1LYg0HSS",
"date":"2012-10-23 09:39:21"
},
{
"kids":[
"z1PAboKKQ"
],
"uid":"1557493760",
"parent":"z1LIB2LQa",
"text":"",
"mid":"z1LXVjlR3",
"date":"2012-10-23 09:38:32"
},
{
"kids":[],
"uid":"1797064727",
"parent":"z1LTRgrdB",
"text":"",
"mid":"z1LXE8LPD",
"date":"2012-10-23 09:37:51"
},
{
"kids":[],
"uid":"1954990984",
"parent":"z1LLP5XaV",
"text":"有疑问马上拨打110，至少可以核查清楚",
"mid":"z1LX4qqGH",
"date":"2012-10-23 09:36:24"
},
{
"kids":[
"z1WAGeIKu",
"z1Rv9sCKH",
"z1M1xyuql",
"z1M1jqusG",
"z1M08pJE7",
"z1LYg0HSS"
],
"uid":"urbanrailpolice",
"parent":"",
"text":"#网友关注#每周辟谣一两次！照片中的孩子和父亲是亲生父子。最近其被亲生母亲带着在地铁一号线乞讨。宝宝确实很可爱，爸妈确实是亲生父母，请大家别再误传了！他也不是罗超凡！@新民周刊杨江 @陈士渠",
"mid":"z1LX47z80",
"date":"2012-10-23 09:36:25"
},
{
"kids":[],
"uid":"1809535604",
"parent":"z1LTRgrdB",
"text":"",
"mid":"z1LWX4alK",
"date":"2012-10-23 09:36:08"
},
{
"kids":[],
"uid":"sunshinewoman",
"parent":"z1LVfdBG1",
"text":"",
"mid":"z1LWP5oAt",
"date":"2012-10-23 09:35:49"
},
{
"kids":[],
"uid":"2247450165",
"parent":"z1LTRgrdB",
"text":"",
"mid":"z1LWC4lLL",
"date":"2012-10-23 09:35:18"
},
{
"kids":[],
"uid":"1752906783",
"parent":"z1LTRgrdB",
"text":"转",
"mid":"z1LWklaaE",
"date":"2012-10-23 09:34:36"
},
{
"kids":[],
"uid":"2668262561",
"parent":"z1LTRgrdB",
"text":"",
"mid":"z1LWhnP9m",
"date":"2012-10-23 09:34:29"
},
{
"kids":[],
"uid":"1879909095",
"parent":"z1LTRgrdB",
"text":"",
"mid":"z1LW9FPdd",
"date":"2012-10-23 09:34:11"
},
{
"kids":[
"z1N9ji2NP"
],
"uid":"qqloverrr",
"parent":"z1LVfdBG1",
"text":"",
"mid":"z1LVZmc0R",
"date":"2012-10-23 09:33:46"
},
{
"kids":[],
"uid":"1662295954",
"parent":"z1LTRgrdB",
"text":"",
"mid":"z1LVonbLD",
"date":"2012-10-23 09:32:18"
},
{
"kids":[],
"uid":"ariel521",
"parent":"z1LTRgrdB",
"text":"这个标题不给力啊",
"mid":"z1LVgaq2I",
"date":"2012-10-23 09:31:58"
},
{
"kids":[
"z1LWP5oAt",
"z1LVZmc0R"
],
"uid":"2315904300",
"parent":"z1LTRgrdB",
"text":"转！希望有责任感的警察能看到",
"mid":"z1LVfdBG1",
"date":"2012-10-23 09:31:55"
},
{
"kids":[],
"uid":"three9999",
"parent":"z1LTRgrdB",
"text":"",
"mid":"z1LUXcS7p",
"date":"2012-10-23 09:31:13"
},
{
"kids":[],
"uid":"1695688021",
"parent":"z1LTRgrdB",
"text":"[泪]",
"mid":"z1LUWkoZW",
"date":"2012-10-23 09:31:10"
},
{
"kids":[],
"uid":"820120615",
"parent":"z1LTRgrdB",
"text":"我擦，我也觉得这孩子像是被拐卖的@上海发布 求公安介入",
"mid":"z1LUD7ePd",
"date":"2012-10-23 09:30:25"
},
{
"kids":[],
"uid":"1609760464",
"parent":"z1LTRgrdB",
"text":"",
"mid":"z1LUq8PqM",
"date":"2012-10-23 09:29:54"
},
{
"kids":[
"z2gcl6MRE",
"z1XpcaQR6",
"z1Vfs4S39",
"z1QnTn7m8",
"z1PrC8j50",
"z1OVHbMK9",
"z1O7jxCbT",
"z1NVkFuUz",
"z1NQnFETL",
"z1NLdDakN",
"z1NJObSme",
"z1NtcFNBE",
"z1NoSF6i8",
"z1NgHB7oW",
"z1N7ma1r3",
"z1N4v7qRb",
"z1N2PqKia",
"z1MHArFFX",
"z1Myyt9Yk",
"z1Mxy7PZn",
"z1MlCs3p7",
"z1MlfqSPs",
"z1MjF52qQ",
"z1Mipmsms",
"z1MhkgN7H",
"z1MgR0ASf",
"z1Mg8nLn7",
"z1Mfv53s8",
"z1MdFzxMI",
"z1Mdf3aTa",
"z1McSgwdy",
"z1M7tuy9o",
"z1M797dzc",
"z1M6VdLhh",
"z1M6iaXWV",
"z1M4Dnsk5",
"z1M4i49fY",
"z1M3Fm5TQ",
"z1M33xBjK",
"z1M2izPAK",
"z1M2cE7FH",
"z1M1ujz7v",
"z1M1lbYJY",
"z1M0Wnqfu",
"z1LZUd36M",
"z1LZQnhlC",
"z1LZEzRLz",
"z1LYUuFMI",
"z1LXE8LPD",
"z1LWX4alK",
"z1LWC4lLL",
"z1LWklaaE",
"z1LWhnP9m",
"z1LW9FPdd",
"z1LVonbLD",
"z1LVgaq2I",
"z1LVfdBG1",
"z1LUXcS7p",
"z1LUWkoZW",
"z1LUD7ePd",
"z1LUq8PqM"
],
"uid":"1786930504",
"parent":"z1LrYkq3g",
"text":"[手套]",
"mid":"z1LTRgrdB",
"date":"2012-10-23 09:28:30"
},
{
"kids":[],
"uid":"1972478811",
"parent":"z1LLP5XaV",
"text":"转起来,救孩子.",
"mid":"z1LPPij7d",
"date":"2012-10-23 09:18:35"
},
{
"kids":[
"z1LZku98t",
"z1LX4qqGH",
"z1LPPij7d"
],
"uid":"1608978594",
"parent":"z1Ly2uMfm",
"text":"一看就是城里的孩子！@上海市公安局",
"mid":"z1LLP5XaV",
"date":"2012-10-23 09:08:42"
},
{
"kids":[
"z1OkP0nFF",
"z1O9h1kmq",
"z1NM7sOAL",
"z1M613q6U",
"z1LXVjlR3"
],
"uid":"inlovezoe",
"parent":"z1LBTgxce",
"text":"又看了一遍，是不是该要想想如何教会孩子万一出了这种事，怎么做能少受毒打并且逃脱。比如，刚被抓到时，尽量顺从，避免受太多打;到了公共场合时，瞅准车厢里面的中年女性，还是年轻小伙求救?求救的时候是说中文，上海话，还是英文?怎么做能最大限度的引起注意，表现出是被拐儿童?",
"mid":"z1LIB2LQa",
"date":"2012-10-23 09:00:46"
},
{
"kids":[
"z1LIB2LQa"
],
"uid":"inlovezoe",
"parent":"z1Ly2uMfm",
"text":"",
"mid":"z1LBTgxce",
"date":"2012-10-23 08:44:15"
},
{
"kids":[
"z1NpRycKM",
"z1LLP5XaV",
"z1LBTgxce"
],
"uid":"liuyanhua66",
"parent":"z1HXJ0QQZ",
"text":"有没有公安人员来管一下！",
"mid":"z1Ly2uMfm",
"date":"2012-10-23 08:34:46"
},
{
"kids":[
"z1M59A9C5",
"z1LTRgrdB"
],
"uid":"1774308504",
"parent":"z1HXJ0QQZ",
"text":"[泪]",
"mid":"z1LrYkq3g",
"date":"2012-10-23 08:19:49"
},
{
"kids":[],
"uid":"1803492283",
"parent":"z1HXJ0QQZ",
"text":"求转发！",
"mid":"z1I8Zx42e",
"date":"2012-10-22 23:54:46"
},
{
"kids":[],
"uid":"1886301821",
"parent":"z1HXJ0QQZ",
"text":"救救孩子！／@胡新社:这条只at给在我心中经常闪现慈母光辉的朋友们@宝熙妈 @电台梦晓 @佛教徒-Fanny @光芒万丈的小鸡 @浩然牛 @猢娘 @江小静新民周刊总监 @九月的孙小艾 @卷毛婷 @可乐不可乐-美爷荟 @快乐就简单 @兰馨990 @刘晏华 @田芳家年华 @王大-小姐 @我是OO @夏晓婷Ting @世说--新语 @星尚陈睿",
"mid":"z1I3oCSfy",
"date":"2012-10-22 23:41:02"
},
{
"kids":[],
"uid":"llovefanny",
"parent":"z1I13vMsO",
"text":"当了妈妈后，看到这样的新闻就有种无力悲凉的感觉，会把他们想象成自己的孩子。真心祈望天下所有的孩子都快乐，健康。。。。。。",
"mid":"z1I3g2vwP",
"date":"2012-10-22 23:40:41"
},
{
"kids":[
"z1I3g2vwP"
],
"uid":"2296720103",
"parent":"z1HXJ0QQZ",
"text":"",
"mid":"z1I13vMsO",
"date":"2012-10-22 23:35:14"
},
{
"kids":[
"z1MZDbc2a"
],
"uid":"1980198061",
"parent":"z1HXJ0QQZ",
"text":"",
"mid":"z1HZ7hOYB",
"date":"2012-10-22 23:30:29"
},
{
"kids":[
"z1Mdyfka2",
"z1Ly2uMfm",
"z1LrYkq3g",
"z1I8Zx42e",
"z1I3oCSfy",
"z1I13vMsO",
"z1HZ7hOYB"
],
"uid":"piganddog",
"parent":"",
"text":"这条只at给在我心中经常闪现慈母光辉的朋友们@安心的味道 @宝熙妈 @电台梦晓 @佛教徒-Fanny @光芒万丈的小鸡 @浩然牛 @猢娘 @江小静新民周刊总监 @九月的孙小艾 @卷毛婷 @可乐不可乐-美爷荟 @快乐就简单 @兰馨990 @刘晏华 @田芳家年华 @王大-小姐 @我是OO @夏晓婷Ting @世说--新语 @星尚陈睿",
"mid":"z1HXJ0QQZ",
"date":"2012-10-22 23:27:03"
},
{
"kids":[],
"uid":"2257516325",
"parent":"z1G5Pd8sY",
"text":"",
"mid":"z1HQtw2Dz",
"date":"2012-10-22 23:09:12"
},
{
"kids":[],
"uid":"2825304827",
"parent":"z1Go15AeF",
"text":"@逆生长的Dannybaby",
"mid":"z1H4g1TAc",
"date":"2012-10-22 21:10:24"
},
{
"kids":[
"z1H4g1TAc"
],
"uid":"1871893077",
"parent":"",
"text":"拍的人当时为什么没有直接质问??",
"mid":"z1Go15AeF",
"date":"2012-10-22 19:26:20"
},
{
"kids":[],
"uid":"2264590200",
"parent":"z1G5Pd8sY",
"text":"现在特别看不得这个",
"mid":"z1G7axTB8",
"date":"2012-10-22 18:44:51"
},
{
"kids":[
"z1HQtw2Dz",
"z1G7axTB8"
],
"uid":"1686895272",
"parent":"",
"text":"好可怜的小孩[泪][泪][泪]",
"mid":"z1G5Pd8sY",
"date":"2012-10-22 18:41:31"
},
{
"kids":[],
"uid":"2044646423",
"parent":"",
"text":"[怒][怒]",
"mid":"z1FPqpa4H",
"date":"2012-10-22 18:01:07"
},
{
"kids":[],
"uid":"1958762514",
"parent":"",
"text":"为什么不当场报地铁公安呢？！[怒]",
"mid":"z1FJ06gLG",
"date":"2012-10-22 17:45:16"
}
]