[
{
"kids":[],
"uid":"1440406123",
"parent":"yCLinkgmD",
"text":"",
"mid":"yEEac3aNl",
"date":"2012-10-03 02:44:19"
},
{
"kids":[],
"uid":"2803934654",
"parent":"yCLinkgmD",
"text":"",
"mid":"yEyuiEhDk",
"date":"2012-10-02 12:17:22"
},
{
"kids":[],
"uid":"2920301612",
"parent":"yCLinkgmD",
"text":"",
"mid":"yDN9ZA6Mb",
"date":"2012-09-27 11:48:15"
},
{
"kids":[],
"uid":"2919954700",
"parent":"yCLinkgmD",
"text":"",
"mid":"yDIyKFs1n",
"date":"2012-09-27 00:05:32"
},
{
"kids":[],
"uid":"2919735942",
"parent":"yCLinkgmD",
"text":"",
"mid":"yDIyKFrWS",
"date":"2012-09-27 00:05:29"
},
{
"kids":[],
"uid":"mamba2011",
"parent":"",
"text":"",
"mid":"yDHZ1FD0N",
"date":"2012-09-26 22:37:27"
},
{
"kids":[],
"uid":"1150472862",
"parent":"",
"text":"哈哈哈",
"mid":"yDuzC0iDD",
"date":"2012-09-25 12:29:10"
},
{
"kids":[],
"uid":"2804859322",
"parent":"yCLRMvIQz",
"text":"",
"mid":"yDcPrtgHu",
"date":"2012-09-23 15:18:43"
},
{
"kids":[],
"uid":"2803986734",
"parent":"yCLRMvIQz",
"text":"",
"mid":"yDcPrdeFI",
"date":"2012-09-23 15:18:41"
},
{
"kids":[],
"uid":"2730418831",
"parent":"yCWcZszKI",
"text":"威武]",
"mid":"yCWBkcnnW",
"date":"2012-09-21 22:00:01"
},
{
"kids":[],
"uid":"1975043801",
"parent":"yCM94AGjc",
"text":"[围观]",
"mid":"yCWAn6jyh",
"date":"2012-09-21 21:57:41"
},
{
"kids":[
"yCWBkcnnW"
],
"uid":"bachunwujiaochang",
"parent":"",
"text":"",
"mid":"yCWcZszKI",
"date":"2012-09-21 21:00:04"
},
{
"kids":[],
"uid":"maojun660",
"parent":"",
"text":"好内涵啊",
"mid":"yCU69Ayjc",
"date":"2012-09-21 15:37:44"
},
{
"kids":[],
"uid":"chriswb",
"parent":"yCLkkcDSR",
"text":"[汗][汗]",
"mid":"yCNMkjevp",
"date":"2012-09-20 23:32:21"
},
{
"kids":[],
"uid":"1565169324",
"parent":"",
"text":"转发微博。",
"mid":"yCNnKb1ih",
"date":"2012-09-20 22:31:50"
},
{
"kids":[],
"uid":"2237076174",
"parent":"yCM94AGjc",
"text":"[惊恐]",
"mid":"yCMEzbEF7",
"date":"2012-09-20 20:40:32"
},
{
"kids":[],
"uid":"2074242701",
"parent":"yCMgS1Xgh",
"text":"哈哈 不得不邪恶",
"mid":"yCMx69uJ5",
"date":"2012-09-20 20:22:08"
},
{
"kids":[],
"uid":"2193557472",
"parent":"yCMoJyMEO",
"text":"凌乱",
"mid":"yCMtUsFBf",
"date":"2012-09-20 20:14:18"
},
{
"kids":[
"yCMtUsFBf"
],
"uid":"hans308",
"parent":"",
"text":"",
"mid":"yCMoJyMEO",
"date":"2012-09-20 20:01:32"
},
{
"kids":[],
"uid":"2614493270",
"parent":"yCKvIlPiC",
"text":"卧槽！！！！中间是黄瓜君啊！！！",
"mid":"yCMilBuJ6",
"date":"2012-09-20 19:45:46"
},
{
"kids":[],
"uid":"npqueen",
"parent":"yCKekENmK",
"text":"卧槽。无法直视啊",
"mid":"yCMhbw2C0",
"date":"2012-09-20 19:42:55"
},
{
"kids":[
"yCMx69uJ5"
],
"uid":"mike0705",
"parent":"",
"text":"你邪恶[哈哈]",
"mid":"yCMgS1Xgh",
"date":"2012-09-20 19:42:09"
},
{
"kids":[],
"uid":"312884666",
"parent":"yCKYD50J5",
"text":"侬豪靰啦！！",
"mid":"yCMfelvAb",
"date":"2012-09-20 19:38:04"
},
{
"kids":[
"yCWAn6jyh",
"yCMEzbEF7"
],
"uid":"2269069977",
"parent":"yCKrSdf6E",
"text":"",
"mid":"yCM94AGjc",
"date":"2012-09-20 19:22:57"
},
{
"kids":[],
"uid":"1413218527",
"parent":"yCLkkcDSR",
"text":"有点意思，哈哈",
"mid":"yCM5JraNT",
"date":"2012-09-20 19:14:43"
},
{
"kids":[],
"uid":"quhujun",
"parent":"yCL0mEpSa",
"text":"争夺腐女市场么",
"mid":"yCM04pIow",
"date":"2012-09-20 19:00:46"
},
{
"kids":[
"yDcPrtgHu",
"yDcPrdeFI"
],
"uid":"1700116613",
"parent":"yCKf9eiI6",
"text":"我感觉看懂了[哈哈]",
"mid":"yCLRMvIQz",
"date":"2012-09-20 18:40:21"
},
{
"kids":[],
"uid":"2173906270",
"parent":"yCKxXxoTY",
"text":"",
"mid":"yCLHIrCLd",
"date":"2012-09-20 18:15:33"
},
{
"kids":[],
"uid":"2515063773",
"parent":"yCKLQhKKP",
"text":"[吃惊]",
"mid":"yCLGt1yWG",
"date":"2012-09-20 18:12:26"
},
{
"kids":[],
"uid":"jifeng168",
"parent":"yCLmYrOW5",
"text":"？？不懂，谁给示范示范呗！",
"mid":"yCLGl4pPh",
"date":"2012-09-20 18:12:07"
},
{
"kids":[],
"uid":"roadchina",
"parent":"",
"text":"[嘻嘻]",
"mid":"yCLDp0WHB",
"date":"2012-09-20 18:04:56"
},
{
"kids":[],
"uid":"1198003845",
"parent":"yCKSEdtHD",
"text":"[汗]",
"mid":"yCLC2fG8Y",
"date":"2012-09-20 18:01:31"
},
{
"kids":[],
"uid":"ssrgarfield",
"parent":"yCKVCEfNU",
"text":"懂了 就是彭菊爆",
"mid":"yCLBFtjGe",
"date":"2012-09-20 18:00:39"
},
{
"kids":[],
"uid":"2041305123",
"parent":"yCKsbFbxE",
"text":"开放的国度[good]",
"mid":"yCLAyi5dD",
"date":"2012-09-20 17:57:55"
},
{
"kids":[],
"uid":"1787078933",
"parent":"yCKhchXK4",
"text":"邪恶了…[偷笑]",
"mid":"yCLxFzlPe",
"date":"2012-09-20 17:50:48"
},
{
"kids":[],
"uid":"2189492035",
"parent":"yCLinkgmD",
"text":"[吃惊][吃惊]",
"mid":"yCLsOrQLd",
"date":"2012-09-20 17:38:50"
},
{
"kids":[],
"uid":"777520521",
"parent":"",
"text":"有人可以解释一下么？",
"mid":"yCLqgkEKw",
"date":"2012-09-20 17:32:33"
},
{
"kids":[],
"uid":"1853234563",
"parent":"yCLmYrOW5",
"text":"哎哟，人鬼情未了。。。",
"mid":"yCLo8wPtl",
"date":"2012-09-20 17:27:20"
},
{
"kids":[],
"uid":"sijiuchenger",
"parent":"",
"text":"这真费解[哈哈][哈哈]",
"mid":"yCLo5CA4A",
"date":"2012-09-20 17:27:12"
},
{
"kids":[
"yCLGl4pPh",
"yCLo8wPtl"
],
"uid":"1737514071",
"parent":"",
"text":"我真是太不纯洁了[阴险]",
"mid":"yCLmYrOW5",
"date":"2012-09-20 17:24:27"
},
{
"kids":[],
"uid":"2163174501",
"parent":"",
"text":"原来行李箱还有这功效。",
"mid":"yCLmp1O6M",
"date":"2012-09-20 17:23:00"
},
{
"kids":[],
"uid":"1689100417",
"parent":"yCLgGnSfv",
"text":"太直白要含蓄！",
"mid":"yCLlL5D24",
"date":"2012-09-20 17:21:27"
},
{
"kids":[
"yCNMkjevp",
"yCM5JraNT"
],
"uid":"sweetman945",
"parent":"",
"text":"人家有钟点房，这难道是钟点飞机[晕]",
"mid":"yCLkkcDSR",
"date":"2012-09-20 17:17:53"
},
{
"kids":[],
"uid":"2899651330",
"parent":"",
"text":"@地瓜小姐不生气 看这架势，你喜欢的。。。[偷笑]",
"mid":"yCLjyABcn",
"date":"2012-09-20 17:16:02"
},
{
"kids":[
"yEEac3aNl",
"yEyuiEhDk",
"yDN9ZA6Mb",
"yDIyKFs1n",
"yDIyKFrWS",
"yCLsOrQLd"
],
"uid":"2141543157",
"parent":"yCKZNunhI",
"text":"这是什么意思？[疑问][疑问]",
"mid":"yCLinkgmD",
"date":"2012-09-20 17:13:07"
},
{
"kids":[],
"uid":"zhaoweitong",
"parent":"",
"text":"@土猫贝小姐 [汗][鄙视]",
"mid":"yCLi2jiLe",
"date":"2012-09-20 17:12:17"
},
{
"kids":[
"yCLlL5D24"
],
"uid":"1918750985",
"parent":"",
"text":"内涵LOGO",
"mid":"yCLgGnSfv",
"date":"2012-09-20 17:08:57"
},
{
"kids":[],
"uid":"keya416",
"parent":"",
"text":"次凹!凌乱了",
"mid":"yCLgwl46r",
"date":"2012-09-20 17:08:33"
},
{
"kids":[],
"uid":"sooooonw",
"parent":"yCL97qZB9",
"text":"…………",
"mid":"yCLg93TSi",
"date":"2012-09-20 17:07:37"
},
{
"kids":[],
"uid":"manicat",
"parent":"yCLemx0AW",
"text":"[汗]",
"mid":"yCLfEiE3a",
"date":"2012-09-20 17:06:24"
},
{
"kids":[
"yCLfEiE3a"
],
"uid":"2785207322",
"parent":"yCL6z6PiS",
"text":"好重口味",
"mid":"yCLemx0AW",
"date":"2012-09-20 17:03:14"
},
{
"kids":[],
"uid":"528034556",
"parent":"",
"text":"",
"mid":"yCLcjbIN3",
"date":"2012-09-20 16:58:10"
},
{
"kids":[],
"uid":"537521232",
"parent":"",
"text":"",
"mid":"yCLcdxDe1",
"date":"2012-09-20 16:57:57"
},
{
"kids":[],
"uid":"coldnight11",
"parent":"",
"text":"这能reflect什么new values啊[哼]",
"mid":"yCLc3sQeT",
"date":"2012-09-20 16:57:34"
},
{
"kids":[],
"uid":"1813201287",
"parent":"",
"text":"",
"mid":"yCL9ZyPHG",
"date":"2012-09-20 16:52:26"
},
{
"kids":[
"yCLg93TSi"
],
"uid":"1898340761",
"parent":"",
"text":"这……",
"mid":"yCL97qZB9",
"date":"2012-09-20 16:50:20"
},
{
"kids":[],
"uid":"1767489085",
"parent":"",
"text":"热爱生活的航班",
"mid":"yCL8GBiBj",
"date":"2012-09-20 16:49:14"
},
{
"kids":[],
"uid":"zhaoxiaonan1206",
"parent":"",
"text":"哈哈哈",
"mid":"yCL85DKrd",
"date":"2012-09-20 16:47:48"
},
{
"kids":[],
"uid":"zhi154351269",
"parent":"",
"text":"",
"mid":"yCL827cNB",
"date":"2012-09-20 16:47:39"
},
{
"kids":[],
"uid":"rockyan8",
"parent":"",
"text":"口味相当重",
"mid":"yCL7CDAWv",
"date":"2012-09-20 16:46:38"
},
{
"kids":[],
"uid":"2808548224",
"parent":"yCKVAz8fd",
"text":"[good][good][good]",
"mid":"yCL7c6mHe",
"date":"2012-09-20 16:45:34"
},
{
"kids":[],
"uid":"1986535305",
"parent":"",
"text":"这。。。。。。",
"mid":"yCL6zmryZ",
"date":"2012-09-20 16:44:02"
},
{
"kids":[
"yCLemx0AW"
],
"uid":"gylovezp",
"parent":"",
"text":"[哈哈]",
"mid":"yCL6z6PiS",
"date":"2012-09-20 16:44:02"
},
{
"kids":[],
"uid":"1228151925",
"parent":"",
"text":"",
"mid":"yCL5ffZd4",
"date":"2012-09-20 16:40:46"
},
{
"kids":[],
"uid":"2133789002",
"parent":"",
"text":"难以言喻",
"mid":"yCL4D7qLH",
"date":"2012-09-20 16:39:15"
},
{
"kids":[],
"uid":"1701570767",
"parent":"",
"text":"好凌乱",
"mid":"yCL4gnc5j",
"date":"2012-09-20 16:38:21"
},
{
"kids":[],
"uid":"1944004142",
"parent":"",
"text":"@恶魔的步调1031 @Wei美Xie幕",
"mid":"yCL3yjaYU",
"date":"2012-09-20 16:36:36"
},
{
"kids":[],
"uid":"1641944995",
"parent":"",
"text":"偶邪恶鸟[汗]",
"mid":"yCL3rydqJ",
"date":"2012-09-20 16:36:20"
},
{
"kids":[],
"uid":"1599685323",
"parent":"",
"text":"这个LOGO很强！",
"mid":"yCL3pt69j",
"date":"2012-09-20 16:36:15"
},
{
"kids":[],
"uid":"206219888",
"parent":"",
"text":"nnd特意去百度了一下,还好不是真的",
"mid":"yCL2VC5Nn",
"date":"2012-09-20 16:35:02"
},
{
"kids":[],
"uid":"2327534597",
"parent":"",
"text":"",
"mid":"yCL2Iljee",
"date":"2012-09-20 16:34:32"
},
{
"kids":[],
"uid":"2781868167",
"parent":"yCKZDrvgR",
"text":"再次转发",
"mid":"yCL2GyOHH",
"date":"2012-09-20 16:34:27"
},
{
"kids":[],
"uid":"2659914670",
"parent":"",
"text":"转发微博。",
"mid":"yCL2ygWJ2",
"date":"2012-09-20 16:34:08"
},
{
"kids":[],
"uid":"2722552303",
"parent":"",
"text":"",
"mid":"yCL24p0Ac",
"date":"2012-09-20 16:33:04"
},
{
"kids":[],
"uid":"1928260931",
"parent":"",
"text":"有没有人答疑解惑[晕][晕][晕]",
"mid":"yCL1fBvXp",
"date":"2012-09-20 16:30:56"
},
{
"kids":[],
"uid":"1455815987",
"parent":"yCKS4dwoM",
"text":"",
"mid":"yCL116Kmi",
"date":"2012-09-20 16:30:21"
},
{
"kids":[],
"uid":"2101399862",
"parent":"",
"text":"",
"mid":"yCL0J8dEN",
"date":"2012-09-20 16:29:36"
},
{
"kids":[],
"uid":"sebastianlaw",
"parent":"",
"text":"[熊貓]",
"mid":"yCL0w6YOq",
"date":"2012-09-20 16:29:07"
},
{
"kids":[
"yCM04pIow"
],
"uid":"veronica418",
"parent":"",
"text":"ryanair 疯了？",
"mid":"yCL0mEpSa",
"date":"2012-09-20 16:28:44"
},
{
"kids":[],
"uid":"2610560747",
"parent":"yCKWlfv9R",
"text":"太有内涵了！",
"mid":"yCL0c3n14",
"date":"2012-09-20 16:28:19"
},
{
"kids":[],
"uid":"1900421121",
"parent":"",
"text":"哈哈，求解释",
"mid":"yCL014wrH",
"date":"2012-09-20 16:27:50"
},
{
"kids":[],
"uid":"dongchunlei",
"parent":"",
"text":"瑞尔航空，好基友，一辈子？",
"mid":"yCKZWkIEQ",
"date":"2012-09-20 16:27:42"
},
{
"kids":[],
"uid":"1143881240",
"parent":"yCKXEfsDM",
"text":"[汗]",
"mid":"yCKZT8tXA",
"date":"2012-09-20 16:27:32"
},
{
"kids":[
"yCLinkgmD"
],
"uid":"allyoume",
"parent":"",
"text":"",
"mid":"yCKZNunhI",
"date":"2012-09-20 16:27:21"
},
{
"kids":[],
"uid":"1868158917",
"parent":"",
"text":"我真的太凌乱了，我现在很好奇，航空公司对新LOGO的解释是什么",
"mid":"yCKZNdNHK",
"date":"2012-09-20 16:27:20"
},
{
"kids":[],
"uid":"1430619902",
"parent":"",
"text":"[汗]",
"mid":"yCKZMB81u",
"date":"2012-09-20 16:27:17"
},
{
"kids":[],
"uid":"2216132403",
"parent":"yCKIAcpic",
"text":"基情四射！",
"mid":"yCKZL74x3",
"date":"2012-09-20 16:27:13"
},
{
"kids":[],
"uid":"2273448751",
"parent":"",
"text":"",
"mid":"yCKZE1ApU",
"date":"2012-09-20 16:26:57"
},
{
"kids":[
"yCL2GyOHH"
],
"uid":"1454439941",
"parent":"yCKX8zcBl",
"text":"",
"mid":"yCKZDrvgR",
"date":"2012-09-20 16:26:57"
},
{
"kids":[],
"uid":"2354895510",
"parent":"",
"text":"",
"mid":"yCKYWBk11",
"date":"2012-09-20 16:25:16"
},
{
"kids":[],
"uid":"1637902807",
"parent":"",
"text":"节操在哪里",
"mid":"yCKYN941F",
"date":"2012-09-20 16:24:50"
},
{
"kids":[],
"uid":"219780518",
"parent":"",
"text":"[神马][浮云]",
"mid":"yCKYFsV6B",
"date":"2012-09-20 16:24:34"
},
{
"kids":[
"yCMfelvAb"
],
"uid":"fanleidh",
"parent":"",
"text":"好标致！！！",
"mid":"yCKYD50J5",
"date":"2012-09-20 16:24:29"
},
{
"kids":[],
"uid":"interbossliu",
"parent":"",
"text":"亮了",
"mid":"yCKYyCNYu",
"date":"2012-09-20 16:24:18"
},
{
"kids":[],
"uid":"1928664907",
"parent":"yCKeH9NpI",
"text":"凌乱",
"mid":"yCKYbD0YU",
"date":"2012-09-20 16:23:24"
},
{
"kids":[],
"uid":"pengbonbon",
"parent":"",
"text":"噗",
"mid":"yCKY2bMIA",
"date":"2012-09-20 16:23:00"
},
{
"kids":[],
"uid":"1787092030",
"parent":"",
"text":"重口味",
"mid":"yCKXV6fTT",
"date":"2012-09-20 16:22:40"
},
{
"kids":[
"yCKZT8tXA"
],
"uid":"gaga35",
"parent":"yCKHre8Zk",
"text":"[黑线]",
"mid":"yCKXEfsDM",
"date":"2012-09-20 16:22:03"
},
{
"kids":[],
"uid":"2536845904",
"parent":"",
"text":"凌乱了。。。",
"mid":"yCKXee10V",
"date":"2012-09-20 16:20:59"
},
{
"kids":[
"yCKZDrvgR"
],
"uid":"1402452352",
"parent":"yCKxXxoTY",
"text":"",
"mid":"yCKX8zcBl",
"date":"2012-09-20 16:20:48"
},
{
"kids":[],
"uid":"2716216604",
"parent":"",
"text":"转发微博。",
"mid":"yCKWIjWHr",
"date":"2012-09-20 16:19:45"
},
{
"kids":[],
"uid":"1410710492",
"parent":"",
"text":"嘿嘿",
"mid":"yCKWzpmZy",
"date":"2012-09-20 16:19:24"
},
{
"kids":[],
"uid":"1911541885",
"parent":"",
"text":"@箹錠壞女圭女圭 @MouseStudio @莫非-猫头鹰",
"mid":"yCKWtd7P2",
"date":"2012-09-20 16:19:09"
},
{
"kids":[
"yCL0c3n14"
],
"uid":"238789275",
"parent":"",
"text":"太HAPPY了，这个……",
"mid":"yCKWlfv9R",
"date":"2012-09-20 16:18:50"
},
{
"kids":[],
"uid":"044642nwy",
"parent":"",
"text":"[衰]",
"mid":"yCKW0fxIG",
"date":"2012-09-20 16:17:59"
},
{
"kids":[],
"uid":"1878891344",
"parent":"",
"text":"带你直上云霄的意思么?",
"mid":"yCKVNAn1W",
"date":"2012-09-20 16:17:28"
},
{
"kids":[],
"uid":"1662318055",
"parent":"",
"text":"奇葩的logo,微博果然也有了@会导电的汤团 @两颗心的喵星人 @辰辰辰启辰",
"mid":"yCKVKC0e8",
"date":"2012-09-20 16:17:23"
},
{
"kids":[
"yCLBFtjGe"
],
"uid":"graygolf",
"parent":"yCKV5fFNj",
"text":"懂了。。",
"mid":"yCKVCEfNU",
"date":"2012-09-20 16:17:04"
},
{
"kids":[],
"uid":"1678172200",
"parent":"",
"text":"",
"mid":"yCKVCAXBL",
"date":"2012-09-20 16:17:04"
},
{
"kids":[],
"uid":"liuxinheng",
"parent":"",
"text":"基佬们快来看",
"mid":"yCKVC6X76",
"date":"2012-09-20 16:16:59"
},
{
"kids":[
"yCL7c6mHe"
],
"uid":"1841486211",
"parent":"yCKT1Ao2f",
"text":"[威武]",
"mid":"yCKVAz8fd",
"date":"2012-09-20 16:16:59"
},
{
"kids":[],
"uid":"1403437513",
"parent":"",
"text":"基友",
"mid":"yCKVtropd",
"date":"2012-09-20 16:16:42"
},
{
"kids":[
"yCKVCEfNU"
],
"uid":"rottara",
"parent":"yCKSF9YOU",
"text":"这个叫雄鹏展翅爆菊开我会告诉你们么你们又不懂[挖鼻屎]",
"mid":"yCKV5fFNj",
"date":"2012-09-20 16:15:44"
},
{
"kids":[],
"uid":"2192851120",
"parent":"",
"text":"Ryanair疯了吧。。。[衰]",
"mid":"yCKUZm1iO",
"date":"2012-09-20 16:15:29"
},
{
"kids":[],
"uid":"sammiichigo",
"parent":"",
"text":"",
"mid":"yCKUXgTBf",
"date":"2012-09-20 16:15:23"
},
{
"kids":[],
"uid":"2818716470",
"parent":"",
"text":"我邪恶了。",
"mid":"yCKUFwQTD",
"date":"2012-09-20 16:14:43"
},
{
"kids":[],
"uid":"2604687360",
"parent":"",
"text":"邪恶的中国人",
"mid":"yCKUenISe",
"date":"2012-09-20 16:13:38"
},
{
"kids":[],
"uid":"1929231933",
"parent":"",
"text":"",
"mid":"yCKUdbQqQ",
"date":"2012-09-20 16:13:32"
},
{
"kids":[],
"uid":"2667517447",
"parent":"",
"text":"",
"mid":"yCKUcAcva",
"date":"2012-09-20 16:13:32"
},
{
"kids":[],
"uid":"2099319231",
"parent":"",
"text":"节操碎了一地~~~",
"mid":"yCKU9irHF",
"date":"2012-09-20 16:13:26"
},
{
"kids":[],
"uid":"1109871807",
"parent":"",
"text":"内心乱了",
"mid":"yCKU4kRaa",
"date":"2012-09-20 16:13:15"
},
{
"kids":[],
"uid":"kkkonglingnan",
"parent":"",
"text":"哈哈哈哈哈",
"mid":"yCKT6lfgc",
"date":"2012-09-20 16:10:49"
},
{
"kids":[
"yCKVAz8fd"
],
"uid":"zyjlovecx",
"parent":"",
"text":"我勒个去！",
"mid":"yCKT1Ao2f",
"date":"2012-09-20 16:10:40"
},
{
"kids":[
"yCKV5fFNj"
],
"uid":"1617751814",
"parent":"yCKGjvWgp",
"text":"坐等狼总解释",
"mid":"yCKSF9YOU",
"date":"2012-09-20 16:09:46"
},
{
"kids":[
"yCLC2fG8Y"
],
"uid":"1445801235",
"parent":"yCKS4dwoM",
"text":"[思考]",
"mid":"yCKSEdtHD",
"date":"2012-09-20 16:09:44"
},
{
"kids":[],
"uid":"14671812",
"parent":"",
"text":"[黑线]不解释～",
"mid":"yCKS78Q1W",
"date":"2012-09-20 16:08:26"
},
{
"kids":[
"yCL116Kmi",
"yCKSEdtHD"
],
"uid":"awadaseven",
"parent":"",
"text":"AUV是我太邪恶了嘛？[偷笑]",
"mid":"yCKS4dwoM",
"date":"2012-09-20 16:08:19"
},
{
"kids":[],
"uid":"unicorn227",
"parent":"",
"text":"[嘻嘻]",
"mid":"yCKRZc5w4",
"date":"2012-09-20 16:08:06"
},
{
"kids":[],
"uid":"hei123",
"parent":"",
"text":"V5啊",
"mid":"yCKRImk6R",
"date":"2012-09-20 16:07:26"
},
{
"kids":[],
"uid":"vivihw",
"parent":"",
"text":"",
"mid":"yCKRH7u0O",
"date":"2012-09-20 16:07:21"
},
{
"kids":[],
"uid":"22918537",
"parent":"",
"text":"好基友",
"mid":"yCKQx3TLe",
"date":"2012-09-20 16:04:29"
},
{
"kids":[],
"uid":"2755077205",
"parent":"yCKx12I6P",
"text":"",
"mid":"yCKOM15Pl",
"date":"2012-09-20 16:00:11"
},
{
"kids":[
"yCLGt1yWG"
],
"uid":"chendong7712",
"parent":"yCKpikk1e",
"text":"",
"mid":"yCKLQhKKP",
"date":"2012-09-20 15:52:58"
},
{
"kids":[],
"uid":"207074800",
"parent":"yCKw0lonA",
"text":"[疑问]",
"mid":"yCKKsBuBa",
"date":"2012-09-20 15:49:32"
},
{
"kids":[
"yCKZL74x3"
],
"uid":"2362284431",
"parent":"",
"text":"基情无限啊",
"mid":"yCKIAcpic",
"date":"2012-09-20 15:44:54"
},
{
"kids":[],
"uid":"2742039274",
"parent":"yCKHre8Zk",
"text":"[威武][给力]",
"mid":"yCKIa9bgr",
"date":"2012-09-20 15:43:54"
},
{
"kids":[],
"uid":"2693082390",
"parent":"",
"text":"[思考][偷笑]",
"mid":"yCKHs7nUO",
"date":"2012-09-20 15:42:07"
},
{
"kids":[
"yCKXEfsDM",
"yCKIa9bgr"
],
"uid":"hss3334",
"parent":"yCKGjvWgp",
"text":"[衰]",
"mid":"yCKHre8Zk",
"date":"2012-09-20 15:42:05"
},
{
"kids":[
"yCKSF9YOU",
"yCKHre8Zk"
],
"uid":"graygolf",
"parent":"yCKpikk1e",
"text":"@狼辣个狼 解释下。。",
"mid":"yCKGjvWgp",
"date":"2012-09-20 15:39:19"
},
{
"kids":[],
"uid":"208363337",
"parent":"",
"text":"",
"mid":"yCKG1s953",
"date":"2012-09-20 15:38:38"
},
{
"kids":[],
"uid":"1030978930",
"parent":"",
"text":"",
"mid":"yCKD9kcB4",
"date":"2012-09-20 15:31:33"
},
{
"kids":[],
"uid":"2867338674",
"parent":"",
"text":"风中凌乱了",
"mid":"yCKzH5QPR",
"date":"2012-09-20 15:23:00"
},
{
"kids":[],
"uid":"mrbusy",
"parent":"",
"text":"[哈哈]我想我知道了点什么，哈哈。",
"mid":"yCKzGvfuh",
"date":"2012-09-20 15:23:02"
},
{
"kids":[],
"uid":"1972820621",
"parent":"yCKeH9NpI",
"text":"[哈哈]",
"mid":"yCKzAyrez",
"date":"2012-09-20 15:22:46"
},
{
"kids":[],
"uid":"newyoungerhao",
"parent":"",
"text":"",
"mid":"yCKzh4sHP",
"date":"2012-09-20 15:22:00"
},
{
"kids":[
"yCLHIrCLd",
"yCKX8zcBl"
],
"uid":"wanglei19791013",
"parent":"yCKa8DZWh",
"text":"[威武]",
"mid":"yCKxXxoTY",
"date":"2012-09-20 15:18:43"
},
{
"kids":[],
"uid":"aphrodnelee",
"parent":"",
"text":"[带感]",
"mid":"yCKxpxbRN",
"date":"2012-09-20 15:17:25"
},
{
"kids":[
"yCKOM15Pl"
],
"uid":"1937687900",
"parent":"",
"text":"",
"mid":"yCKx12I6P",
"date":"2012-09-20 15:16:26"
},
{
"kids":[],
"uid":"1404822552",
"parent":"",
"text":"",
"mid":"yCKwS9EBj",
"date":"2012-09-20 15:16:05"
},
{
"kids":[],
"uid":"1762768623",
"parent":"",
"text":"[汗][汗][汗][汗]",
"mid":"yCKwBydOU",
"date":"2012-09-20 15:15:26"
},
{
"kids":[
"yCKKsBuBa"
],
"uid":"2588939404",
"parent":"",
"text":"求解释",
"mid":"yCKw0lonA",
"date":"2012-09-20 15:13:57"
},
{
"kids":[
"yCMilBuJ6"
],
"uid":"eileen1850",
"parent":"",
"text":"有翼人繁衍後代的盛事 邀咱共襄盛舉!!!歡喜出席",
"mid":"yCKvIlPiC",
"date":"2012-09-20 15:13:14"
},
{
"kids":[],
"uid":"1244347424",
"parent":"",
"text":"@潜行的四爷 @莔小奇 @农夫三拳很疼 @别人加班我加薪 @加泰罗尼亚的猪 @玉树林枫2012",
"mid":"yCKvwxvIA",
"date":"2012-09-20 15:12:47"
},
{
"kids":[],
"uid":"xiechris",
"parent":"",
"text":"Oh![吃惊]",
"mid":"yCKvn4vFs",
"date":"2012-09-20 15:12:24"
},
{
"kids":[],
"uid":"2319767533",
"parent":"",
"text":"",
"mid":"yCKtZFyEi",
"date":"2012-09-20 15:09:00"
},
{
"kids":[],
"uid":"2271926063",
"parent":"yCKpikk1e",
"text":"很黄很暴力",
"mid":"yCKtcC5Uz",
"date":"2012-09-20 15:07:02"
},
{
"kids":[
"yCLAyi5dD"
],
"uid":"1789425124",
"parent":"",
"text":"",
"mid":"yCKsbFbxE",
"date":"2012-09-20 15:04:33"
},
{
"kids":[
"yCM94AGjc"
],
"uid":"liaoqianlin",
"parent":"",
"text":"[吃惊]两男人搞基, 直入主题",
"mid":"yCKrSdf6E",
"date":"2012-09-20 15:03:47"
},
{
"kids":[],
"uid":"sukey41lj",
"parent":"",
"text":"[bed凌乱]",
"mid":"yCKqNEVBb",
"date":"2012-09-20 15:01:06"
},
{
"kids":[],
"uid":"anatanomakuro",
"parent":"yCKguvBYF",
"text":"我觉得是俩男纸啊@摇摆在2012的某个3 @dolphin_xue",
"mid":"yCKqk9mXy",
"date":"2012-09-20 14:59:55"
},
{
"kids":[],
"uid":"vvsuki",
"parent":"yCKpikk1e",
"text":"很欧洲",
"mid":"yCKqefJsf",
"date":"2012-09-20 14:59:43"
},
{
"kids":[
"yCKLQhKKP",
"yCKGjvWgp",
"yCKtcC5Uz",
"yCKqefJsf"
],
"uid":"1667394712",
"parent":"",
"text":"不解释[笑哈哈]",
"mid":"yCKpikk1e",
"date":"2012-09-20 14:57:25"
},
{
"kids":[],
"uid":"nitch",
"parent":"",
"text":"我境界太低了，欣赏不动",
"mid":"yCKpeuLXX",
"date":"2012-09-20 14:57:15"
},
{
"kids":[],
"uid":"2785113890",
"parent":"",
"text":"@红小福47D81 @蓓v丽 @coldforest @我爱我家孙小虎 @hedy_huang",
"mid":"yCKpdiTcU",
"date":"2012-09-20 14:57:13"
},
{
"kids":[],
"uid":"cougar1031",
"parent":"",
"text":"[汗][汗][汗]",
"mid":"yCKovgPO2",
"date":"2012-09-20 14:55:28"
},
{
"kids":[],
"uid":"gujingjingcf",
"parent":"",
"text":"玩车震已经嫩爆了",
"mid":"yCKmMiVAq",
"date":"2012-09-20 14:51:12"
},
{
"kids":[],
"uid":"jerryshanghai",
"parent":"",
"text":"飞机。。。飞机[挖鼻屎]",
"mid":"yCKkgz6cu",
"date":"2012-09-20 14:45:01"
},
{
"kids":[],
"uid":"1765655402",
"parent":"yCKbyqAhW",
"text":"[xb压力]",
"mid":"yCKiidK91",
"date":"2012-09-20 14:40:10"
},
{
"kids":[
"yCLxFzlPe"
],
"uid":"lanxinyiyi0626",
"parent":"",
"text":"重口味，不解释",
"mid":"yCKhchXK4",
"date":"2012-09-20 14:37:26"
},
{
"kids":[],
"uid":"2395694990",
"parent":"yCKck0slw",
"text":"",
"mid":"yCKgyDM8k",
"date":"2012-09-20 14:35:55"
},
{
"kids":[
"yCKqk9mXy"
],
"uid":"windinfingers",
"parent":"",
"text":"[囧]",
"mid":"yCKguvBYF",
"date":"2012-09-20 14:35:44"
},
{
"kids":[],
"uid":"110926789",
"parent":"",
"text":"我看这是假的",
"mid":"yCKgtmEqM",
"date":"2012-09-20 14:35:40"
},
{
"kids":[],
"uid":"1723461331",
"parent":"",
"text":"[懒得理你]",
"mid":"yCKg10wMT",
"date":"2012-09-20 14:34:33"
},
{
"kids":[],
"uid":"1910309353",
"parent":"",
"text":"转发微博。",
"mid":"yCKfF8iCF",
"date":"2012-09-20 14:33:41"
},
{
"kids":[],
"uid":"2104647270",
"parent":"",
"text":"好吧 我承认我邪恶了",
"mid":"yCKfapbF9",
"date":"2012-09-20 14:32:26"
},
{
"kids":[
"yCLRMvIQz"
],
"uid":"1784476180",
"parent":"",
"text":"[吃惊]则Logo是撒情况？？[疑问]",
"mid":"yCKf9eiI6",
"date":"2012-09-20 14:32:25"
},
{
"kids":[],
"uid":"bingxian",
"parent":"",
"text":"[黑线]...这，暗示着什么。。。",
"mid":"yCKeZczp9",
"date":"2012-09-20 14:31:59"
},
{
"kids":[
"yCKYbD0YU",
"yCKzAyrez"
],
"uid":"2087242994",
"parent":"",
"text":"好有基情的LOGO",
"mid":"yCKeH9NpI",
"date":"2012-09-20 14:31:18"
},
{
"kids":[],
"uid":"2267370521",
"parent":"",
"text":"好XE～！！！[阴险]",
"mid":"yCKerrCCG",
"date":"2012-09-20 14:30:41"
},
{
"kids":[],
"uid":"1814744514",
"parent":"",
"text":"转发微博。",
"mid":"yCKepqU4X",
"date":"2012-09-20 14:30:36"
},
{
"kids":[
"yCMhbw2C0"
],
"uid":"muramasa",
"parent":"",
"text":"怎么这么微妙呢 @君逸lilyth @零崎耶识",
"mid":"yCKekENmK",
"date":"2012-09-20 14:30:24"
},
{
"kids":[],
"uid":"521867818",
"parent":"",
"text":"。。。。。这",
"mid":"yCKdNiotR",
"date":"2012-09-20 14:29:05"
},
{
"kids":[],
"uid":"1880066227",
"parent":"",
"text":"",
"mid":"yCKdCnqNg",
"date":"2012-09-20 14:28:37"
},
{
"kids":[],
"uid":"1967985410",
"parent":"",
"text":"。。。。",
"mid":"yCKdtdOu3",
"date":"2012-09-20 14:28:17"
},
{
"kids":[],
"uid":"2187681564",
"parent":"",
"text":"",
"mid":"yCKcZ44n8",
"date":"2012-09-20 14:27:03"
},
{
"kids":[],
"uid":"1055023191",
"parent":"",
"text":"我靠，我凌乱了",
"mid":"yCKcZ44jQ",
"date":"2012-09-20 14:27:02"
},
{
"kids":[],
"uid":"1949398837",
"parent":"",
"text":"转发微博。",
"mid":"yCKcUiyFn",
"date":"2012-09-20 14:26:54"
},
{
"kids":[],
"uid":"edwin123",
"parent":"yCK8lz6kZ",
"text":"",
"mid":"yCKcAvBqZ",
"date":"2012-09-20 14:26:07"
},
{
"kids":[],
"uid":"111314925",
"parent":"",
"text":"@君君小阿姨",
"mid":"yCKcAcWID",
"date":"2012-09-20 14:26:06"
},
{
"kids":[],
"uid":"maletutu",
"parent":"",
"text":"[吃惊]",
"mid":"yCKcu4tD1",
"date":"2012-09-20 14:25:51"
},
{
"kids":[
"yCKgyDM8k"
],
"uid":"2316407275",
"parent":"",
"text":"转发微博。",
"mid":"yCKck0slw",
"date":"2012-09-20 14:25:27"
},
{
"kids":[],
"uid":"1802015894",
"parent":"",
"text":"空中公交车。。。",
"mid":"yCKbMAtNZ",
"date":"2012-09-20 14:24:09"
},
{
"kids":[
"yCKiidK91"
],
"uid":"1769107793",
"parent":"",
"text":"这个LOGO的确让人费解",
"mid":"yCKbyqAhW",
"date":"2012-09-20 14:23:33"
},
{
"kids":[],
"uid":"2318322925",
"parent":"",
"text":"",
"mid":"yCKbomyly",
"date":"2012-09-20 14:23:10"
},
{
"kids":[],
"uid":"2167722644",
"parent":"",
"text":"@淘气小肉丸 @狂人暐",
"mid":"yCKb7fk79",
"date":"2012-09-20 14:22:29"
},
{
"kids":[],
"uid":"1663173433",
"parent":"",
"text":"[哈哈]",
"mid":"yCKaMxWGO",
"date":"2012-09-20 14:21:41"
},
{
"kids":[],
"uid":"1746656193",
"parent":"",
"text":"[汗]",
"mid":"yCKaykS9d",
"date":"2012-09-20 14:21:06"
},
{
"kids":[
"yCKxXxoTY"
],
"uid":"1401862410",
"parent":"",
"text":"意思是~坐我们的飞机不用打飞机,福利噶好?[思考]",
"mid":"yCKa8DZWh",
"date":"2012-09-20 14:20:04"
},
{
"kids":[],
"uid":"2102562291",
"parent":"",
"text":"",
"mid":"yCK9Jfe2Q",
"date":"2012-09-20 14:19:04"
},
{
"kids":[],
"uid":"2806031102",
"parent":"",
"text":"@草的来要西 我觉得 这个我们可以发一个",
"mid":"yCK9FoDD1",
"date":"2012-09-20 14:18:55"
},
{
"kids":[],
"uid":"1864306113",
"parent":"",
"text":"@MM小生活",
"mid":"yCK9DDkJH",
"date":"2012-09-20 14:18:51"
},
{
"kids":[],
"uid":"hunphy",
"parent":"",
"text":"三观粉粉碎",
"mid":"yCK9y1vuU",
"date":"2012-09-20 14:18:37"
},
{
"kids":[],
"uid":"1679193435",
"parent":"",
"text":"GAY ON LINE?",
"mid":"yCK9vDn7N",
"date":"2012-09-20 14:18:30"
},
{
"kids":[],
"uid":"micwxm",
"parent":"",
"text":"",
"mid":"yCK9qlwFS",
"date":"2012-09-20 14:18:20"
},
{
"kids":[],
"uid":"tanruizhubao",
"parent":"",
"text":"给力啊",
"mid":"yCK8I0wZX",
"date":"2012-09-20 14:16:33"
},
{
"kids":[],
"uid":"2622926262",
"parent":"",
"text":"[汗]",
"mid":"yCK8GvEjB",
"date":"2012-09-20 14:16:31"
},
{
"kids":[],
"uid":"1391653612",
"parent":"",
"text":"@看嘴型就知道我爱不爱国",
"mid":"yCK8CoNeC",
"date":"2012-09-20 14:16:20"
},
{
"kids":[],
"uid":"2271475370",
"parent":"",
"text":"基情四射",
"mid":"yCK8pnm7I",
"date":"2012-09-20 14:15:49"
},
{
"kids":[
"yCKcAvBqZ"
],
"uid":"1887761935",
"parent":"",
"text":"转发微博。",
"mid":"yCK8lz6kZ",
"date":"2012-09-20 14:15:39"
}
]