[
{
"kids":[],
"uid":"terryhuangjunxi",
"parent":"z4xRpzb8g",
"text":"",
"mid":"z6okXwdZI",
"date":"2012-11-22 18:40:50"
},
{
"kids":[],
"uid":"1557615172",
"parent":"",
"text":"不要放屁",
"mid":"z5eiy4shk",
"date":"2012-11-15 03:17:10"
},
{
"kids":[],
"uid":"nothingcool",
"parent":"",
"text":"啥情况",
"mid":"z5cQ3ic1o",
"date":"2012-11-14 23:34:13"
},
{
"kids":[],
"uid":"1583506700",
"parent":"z4ynOkLN8",
"text":"",
"mid":"z56suijhM",
"date":"2012-11-14 07:19:39"
},
{
"kids":[],
"uid":"2807696670",
"parent":"z4ynOkLN8",
"text":"",
"mid":"z4YQwCmgI",
"date":"2012-11-13 11:56:55"
},
{
"kids":[],
"uid":"1440476733",
"parent":"z4ynOkLN8",
"text":"",
"mid":"z4YQwjJSy",
"date":"2012-11-13 11:56:54"
},
{
"kids":[],
"uid":"1931535775",
"parent":"z4ASfs7aW",
"text":"哈哈，这年头最大的谎言制造者就是记者",
"mid":"z4PD1jBFs",
"date":"2012-11-12 12:28:56"
},
{
"kids":[],
"uid":"1584065600",
"parent":"z4xRpzb8g",
"text":"",
"mid":"z4Npo4wsB",
"date":"2012-11-12 06:49:51"
},
{
"kids":[],
"uid":"2790059702",
"parent":"z4CFIEV0r",
"text":"",
"mid":"z4KZjjb1D",
"date":"2012-11-12 00:40:03"
},
{
"kids":[],
"uid":"2357247575",
"parent":"z4yNUp5RN",
"text":"",
"mid":"z4HkZhYaT",
"date":"2012-11-11 15:22:32"
},
{
"kids":[],
"uid":"2811298494",
"parent":"z4CFIEV0r",
"text":"",
"mid":"z4GXi7mBi",
"date":"2012-11-11 14:24:08"
},
{
"kids":[],
"uid":"2790011932",
"parent":"z4CFIEV0r",
"text":"",
"mid":"z4GXi60Dj",
"date":"2012-11-11 14:24:09"
},
{
"kids":[],
"uid":"2191860991",
"parent":"z4F1PCtRW",
"text":"求辟谣！",
"mid":"z4GP8fzjd",
"date":"2012-11-11 14:04:02"
},
{
"kids":[],
"uid":"2768324205",
"parent":"z4B3ccRUX",
"text":"提个醒",
"mid":"z4GCPAkJY",
"date":"2012-11-11 13:33:44"
},
{
"kids":[],
"uid":"1588135497",
"parent":"z4G1J9JbK",
"text":"",
"mid":"z4G2LgkYK",
"date":"2012-11-11 12:04:53"
},
{
"kids":[
"z4G2LgkYK"
],
"uid":"guanjian1",
"parent":"",
"text":"",
"mid":"z4G1J9JbK",
"date":"2012-11-11 12:02:20"
},
{
"kids":[],
"uid":"zymaomao",
"parent":"z4Bky3bZA",
"text":"哈哈，我们一直都遵守",
"mid":"z4FZCzBQK",
"date":"2012-11-11 11:57:09"
},
{
"kids":[],
"uid":"2963171081",
"parent":"",
"text":"",
"mid":"z4FMFo0Zg",
"date":"2012-11-11 11:25:14"
},
{
"kids":[],
"uid":"aleicaptain",
"parent":"z4AVX1q5o",
"text":"是全国吗？还是苏州[哈哈]",
"mid":"z4FM6fYyt",
"date":"2012-11-11 11:23:49"
},
{
"kids":[],
"uid":"2994983061",
"parent":"",
"text":"",
"mid":"z4FwA7A6q",
"date":"2012-11-11 10:45:34"
},
{
"kids":[],
"uid":"1007460447",
"parent":"z4EAsgROB",
"text":"@放飞的小Q @雯宝宝228",
"mid":"z4FnMmbuj",
"date":"2012-11-11 10:23:55"
},
{
"kids":[],
"uid":"2142373491",
"parent":"",
"text":"[吃惊]",
"mid":"z4FibrmTW",
"date":"2012-11-11 10:10:08"
},
{
"kids":[],
"uid":"2919353662",
"parent":"z4xzmfLSn",
"text":"",
"mid":"z4F8j9F50",
"date":"2012-11-11 09:45:48"
},
{
"kids":[
"z4GP8fzjd"
],
"uid":"1898505113",
"parent":"z4EYl2eSr",
"text":"",
"mid":"z4F1PCtRW",
"date":"2012-11-11 09:29:51"
},
{
"kids":[],
"uid":"1850398813",
"parent":"z4EtSwa0Q",
"text":"不相信",
"mid":"z4F1OpuMp",
"date":"2012-11-11 09:29:48"
},
{
"kids":[],
"uid":"2468697762",
"parent":"",
"text":"@起个昵称也这么复杂",
"mid":"z4F0QrFNz",
"date":"2012-11-11 09:27:25"
},
{
"kids":[],
"uid":"weilong0130",
"parent":"",
"text":"真的吗？全国都是吗？",
"mid":"z4EYs7Kxc",
"date":"2012-11-11 09:21:30"
},
{
"kids":[
"z4F1PCtRW"
],
"uid":"cuijun081751",
"parent":"",
"text":"大家注意了！早知道临时车牌再混两天...",
"mid":"z4EYl2eSr",
"date":"2012-11-11 09:21:13"
},
{
"kids":[],
"uid":"1014350762",
"parent":"z4EAsgROB",
"text":"",
"mid":"z4EUzALMA",
"date":"2012-11-11 09:11:58"
},
{
"kids":[],
"uid":"1450591642",
"parent":"z4DO2q3qJ",
"text":"",
"mid":"z4EMDhzsk",
"date":"2012-11-11 08:52:24"
},
{
"kids":[],
"uid":"2293002272",
"parent":"z4EtSwa0Q",
"text":"开自已的车，做守法的公民，不怕不怕！",
"mid":"z4EEPzdbK",
"date":"2012-11-11 08:33:12"
},
{
"kids":[],
"uid":"2920550930",
"parent":"z4B0Iw5N2",
"text":"",
"mid":"z4ECRuzr2",
"date":"2012-11-11 08:28:18"
},
{
"kids":[],
"uid":"1776555980",
"parent":"z4B0Iw5N2",
"text":"",
"mid":"z4ECRdFQG",
"date":"2012-11-11 08:28:18"
},
{
"kids":[
"z4FnMmbuj",
"z4EUzALMA"
],
"uid":"1832152121",
"parent":"z4EtSwa0Q",
"text":"",
"mid":"z4EAsgROB",
"date":"2012-11-11 08:22:24"
},
{
"kids":[],
"uid":"2881906184",
"parent":"z4DO2q3qJ",
"text":"",
"mid":"z4ExMfWxc",
"date":"2012-11-11 08:15:47"
},
{
"kids":[
"z4F1OpuMp",
"z4EEPzdbK",
"z4EAsgROB"
],
"uid":"xgemini",
"parent":"",
"text":"听着好恐怖，不得不转！",
"mid":"z4EtSwa0Q",
"date":"2012-11-11 08:06:12"
},
{
"kids":[],
"uid":"2375807801",
"parent":"",
"text":"",
"mid":"z4EbcuXUL",
"date":"2012-11-11 07:20:11"
},
{
"kids":[],
"uid":"2919508582",
"parent":"z4BoThCFG",
"text":"",
"mid":"z4E61gBTt",
"date":"2012-11-11 07:07:24"
},
{
"kids":[
"z4EMDhzsk",
"z4ExMfWxc"
],
"uid":"2065971615",
"parent":"z4AS7bGsg",
"text":"@田园秋色598",
"mid":"z4DO2q3qJ",
"date":"2012-11-11 06:23:06"
},
{
"kids":[
"z4KZjjb1D",
"z4GXi7mBi",
"z4GXi60Dj"
],
"uid":"2086375763",
"parent":"",
"text":"",
"mid":"z4CFIEV0r",
"date":"2012-11-11 03:29:53"
},
{
"kids":[],
"uid":"1588281862",
"parent":"z4AS7bGsg",
"text":"",
"mid":"z4CpBBUDS",
"date":"2012-11-11 02:50:10"
},
{
"kids":[],
"uid":"2920570324",
"parent":"z4AS7bGsg",
"text":"",
"mid":"z4CpBkjve",
"date":"2012-11-11 02:50:10"
},
{
"kids":[
"z4E61gBTt"
],
"uid":"2423801691",
"parent":"z4BaHk91A",
"text":"开车朋友友情提醒",
"mid":"z4BoThCFG",
"date":"2012-11-11 00:15:40"
},
{
"kids":[],
"uid":"1003958781",
"parent":"z4yFJDlnf",
"text":"不刚说闯红灯停车越线也不处罚吗",
"mid":"z4Bl7vtoZ",
"date":"2012-11-11 00:06:23"
},
{
"kids":[
"z4FZCzBQK"
],
"uid":"1003958781",
"parent":"z4yFJDlnf",
"text":"真的假的，副驾安全带已经立法了吗?",
"mid":"z4Bky3bZA",
"date":"2012-11-11 00:04:58"
},
{
"kids":[],
"uid":"2804143140",
"parent":"z4AZbocIt",
"text":"",
"mid":"z4Bk0nBNv",
"date":"2012-11-11 00:03:35"
},
{
"kids":[],
"uid":"1582850141",
"parent":"z4AZbocIt",
"text":"",
"mid":"z4Bk0nBLw",
"date":"2012-11-11 00:03:37"
},
{
"kids":[],
"uid":"2123560295",
"parent":"",
"text":"@曦曦__",
"mid":"z4Bew0VJ1",
"date":"2012-11-10 23:50:05"
},
{
"kids":[
"z4BoThCFG"
],
"uid":"miniedison",
"parent":"",
"text":"[围观][围观][围观]",
"mid":"z4BaHk91A",
"date":"2012-11-10 23:40:42"
},
{
"kids":[],
"uid":"zeno1124",
"parent":"",
"text":"[围观][围观][围观][围观][围观][围观][围观][围观][围观]",
"mid":"z4BabFrPC",
"date":"2012-11-10 23:39:28"
},
{
"kids":[],
"uid":"2589439125",
"parent":"z4AN3kRjZ",
"text":"[晕][晕]谢谢提醒，",
"mid":"z4B6rnQLC",
"date":"2012-11-10 23:30:13"
},
{
"kids":[
"z4GCPAkJY"
],
"uid":"jaeyiekings",
"parent":"",
"text":"吓人[衰]这下一定要用耳机了，不然要被罚S了",
"mid":"z4B3ccRUX",
"date":"2012-11-10 23:22:13"
},
{
"kids":[],
"uid":"2104168891",
"parent":"z4AsemRMF",
"text":"老公，记住啦。。",
"mid":"z4B1ij6ty",
"date":"2012-11-10 23:17:29"
},
{
"kids":[
"z4ECRuzr2",
"z4ECRdFQG"
],
"uid":"1769870864",
"parent":"z4xwCE4kx",
"text":"",
"mid":"z4B0Iw5N2",
"date":"2012-11-10 23:16:07"
},
{
"kids":[
"z4Bk0nBNv",
"z4Bk0nBLw"
],
"uid":"1735579903",
"parent":"",
"text":"@胆小de胖子",
"mid":"z4AZbocIt",
"date":"2012-11-10 23:12:20"
},
{
"kids":[
"z4FM6fYyt"
],
"uid":"3089365193",
"parent":"",
"text":"@维嘉猫粮 @gu_qiqi @琳释怀 @玩摄影的阿雷船长 @瓶子里的紫金鱼 注意哦[睡觉]",
"mid":"z4AVX1q5o",
"date":"2012-11-10 23:04:22"
},
{
"kids":[],
"uid":"2817925100",
"parent":"z4xW08Y38",
"text":"",
"mid":"z4AV6b5rv",
"date":"2012-11-10 23:02:16"
},
{
"kids":[],
"uid":"morecar",
"parent":"z4AFK2KO2",
"text":"这个象狼来了的故事一样，还是日常注意一些就好。",
"mid":"z4ASllJrZ",
"date":"2012-11-10 22:55:27"
},
{
"kids":[
"z4PD1jBFs"
],
"uid":"1931535775",
"parent":"z4ANHhhSE",
"text":"反正没牌照，怕毛，@顾家小夏",
"mid":"z4ASfs7aW",
"date":"2012-11-10 22:55:15"
},
{
"kids":[
"z4DO2q3qJ",
"z4CpBBUDS",
"z4CpBkjve"
],
"uid":"1882029007",
"parent":"",
"text":"@ShangHai小菜一碟",
"mid":"z4AS7bGsg",
"date":"2012-11-10 22:54:55"
},
{
"kids":[],
"uid":"1886911257",
"parent":"",
"text":"[围观][围观][围观][围观][围观][围观]",
"mid":"z4ARweVJQ",
"date":"2012-11-10 22:53:27"
},
{
"kids":[],
"uid":"2642806997",
"parent":"z4AySiisL",
"text":"",
"mid":"z4AQYz4NO",
"date":"2012-11-10 22:52:08"
},
{
"kids":[],
"uid":"1994575980",
"parent":"",
"text":"",
"mid":"z4AQh8jXT",
"date":"2012-11-10 22:50:24"
},
{
"kids":[],
"uid":"sandralwt",
"parent":"",
"text":"",
"mid":"z4AOSd019",
"date":"2012-11-10 22:46:55"
},
{
"kids":[
"z4ASfs7aW"
],
"uid":"1893676247",
"parent":"z4AFK2KO2",
"text":"他不会忽悠我们吧[挖鼻屎] @Ekin-周",
"mid":"z4ANHhhSE",
"date":"2012-11-10 22:44:01"
},
{
"kids":[],
"uid":"morninganata",
"parent":"",
"text":"@岚雨枫的小窝 @逆水小鲨鱼 @宝宝的粑粑是Laughing @_天使之城",
"mid":"z4ANrzHNd",
"date":"2012-11-10 22:43:24"
},
{
"kids":[
"z4B6rnQLC"
],
"uid":"lihuiping1981",
"parent":"",
"text":"[晕][晕]",
"mid":"z4AN3kRjZ",
"date":"2012-11-10 22:42:25"
},
{
"kids":[],
"uid":"1759783791",
"parent":"z4AE9Fy2F",
"text":"@BlueSonic",
"mid":"z4AIwmeEX",
"date":"2012-11-10 22:31:18"
},
{
"kids":[],
"uid":"712950129",
"parent":"",
"text":"@俞晓莉honey @徐洁love @没有围脖的猪先生 @拐角的小老鼠 @小桥灰尘多 @不会贴膜的老司机不是小四哥 @快樂尛TOM @星阿哥-zcf @淳真年华Jose @怡雯妈jly",
"mid":"z4AI64dD7",
"date":"2012-11-10 22:30:14"
},
{
"kids":[],
"uid":"2218318127",
"parent":"z4z2CCyp0",
"text":"@憨厚的豆仔",
"mid":"z4AHFsRbA",
"date":"2012-11-10 22:29:12"
},
{
"kids":[],
"uid":"1729107971",
"parent":"z4ABOgWSh",
"text":"@俺对象是马磊 @香槟兔子兰 @比利的伊莲helene",
"mid":"z4AHmv3Q6",
"date":"2012-11-10 22:28:26"
},
{
"kids":[
"z4ASllJrZ",
"z4ANHhhSE"
],
"uid":"mmaotian",
"parent":"",
"text":"插了5根毛的鸡毛信[汽车][话筒]@at雨水星球土壤 @MARS老麦 @魔卡morecar @张丹zhangdan-utopia",
"mid":"z4AFK2KO2",
"date":"2012-11-10 22:24:23"
},
{
"kids":[
"z4AIwmeEX"
],
"uid":"1806299212",
"parent":"z4z7WlWrj",
"text":"@木木小安 我们刚刚前后四位都带了[嘻嘻]但是好像你有冲黄闪",
"mid":"z4AE9Fy2F",
"date":"2012-11-10 22:20:30"
},
{
"kids":[],
"uid":"1450395285",
"parent":"z4ABOgWSh",
"text":"",
"mid":"z4ACWzvPZ",
"date":"2012-11-10 22:17:33"
},
{
"kids":[
"z4AHmv3Q6",
"z4ACWzvPZ"
],
"uid":"cynthiaruyue",
"parent":"z4yan41Ac",
"text":"@胖胖龟的微博",
"mid":"z4ABOgWSh",
"date":"2012-11-10 22:14:45"
},
{
"kids":[],
"uid":"1863554680",
"parent":"",
"text":"完蛋了，真这样我会被抓很多次。[泪][汗]",
"mid":"z4ABjzO3Z",
"date":"2012-11-10 22:13:33"
},
{
"kids":[],
"uid":"735867818",
"parent":"",
"text":"@长大的小鱼儿 @",
"mid":"z4AB0DAzN",
"date":"2012-11-10 22:12:47"
},
{
"kids":[],
"uid":"206123167",
"parent":"",
"text":"",
"mid":"z4AAyA2gj",
"date":"2012-11-10 22:11:40"
},
{
"kids":[],
"uid":"1649204175",
"parent":"z4yrP73iT",
"text":"",
"mid":"z4AzQg9nU",
"date":"2012-11-10 22:09:55"
},
{
"kids":[
"z4AQYz4NO"
],
"uid":"2671511637",
"parent":"z4AwYmPce",
"text":"",
"mid":"z4AySiisL",
"date":"2012-11-10 22:07:30"
},
{
"kids":[],
"uid":"1769833261",
"parent":"",
"text":"假的吧，副驾驶安全带已经换成保鲜袋了，嘎嘎",
"mid":"z4AxOFtj8",
"date":"2012-11-10 22:04:56"
},
{
"kids":[
"z4AySiisL"
],
"uid":"2817925100",
"parent":"z4yNUp5RN",
"text":"",
"mid":"z4AwYmPce",
"date":"2012-11-10 22:02:50"
},
{
"kids":[],
"uid":"1845813724",
"parent":"z4Ag11pZg",
"text":"能照得清嗎[疑问]",
"mid":"z4AwAsdBR",
"date":"2012-11-10 22:01:53"
},
{
"kids":[],
"uid":"sunnyjaychou",
"parent":"z4yX3smD7",
"text":"",
"mid":"z4AwyDTPa",
"date":"2012-11-10 22:01:49"
},
{
"kids":[
"z4B1ij6ty"
],
"uid":"2341168527",
"parent":"",
"text":"注意啦[围观][围观]",
"mid":"z4AsemRMF",
"date":"2012-11-10 21:51:08"
},
{
"kids":[],
"uid":"2533522111",
"parent":"z4yrljfsi",
"text":"@睡宝小小鱼 @糖糖的糖果店 @会飞的渔鱼 @祺祺小宝的天使",
"mid":"z4ArSvCmZ",
"date":"2012-11-10 21:50:15"
},
{
"kids":[],
"uid":"2931259025",
"parent":"z4xsFDGrx",
"text":"",
"mid":"z4AqsoVGP",
"date":"2012-11-10 21:46:46"
},
{
"kids":[],
"uid":"2919664942",
"parent":"z4z1gnvHA",
"text":"",
"mid":"z4AndsXcv",
"date":"2012-11-10 21:38:45"
},
{
"kids":[],
"uid":"kaixindailuomuji",
"parent":"z4AbSupMf",
"text":"好严啊，大家要留神啊",
"mid":"z4AjAl8ET",
"date":"2012-11-10 21:29:48"
},
{
"kids":[
"z4AwAsdBR"
],
"uid":"2652775153",
"parent":"",
"text":"",
"mid":"z4Ag11pZg",
"date":"2012-11-10 21:21:03"
},
{
"kids":[],
"uid":"2708114773",
"parent":"z4ydem2UL",
"text":"@大宝闯天涯",
"mid":"z4AdNkYmg",
"date":"2012-11-10 21:15:35"
},
{
"kids":[
"z4AjAl8ET"
],
"uid":"2311025280",
"parent":"z4yrP73iT",
"text":"@开心呆若木鸡",
"mid":"z4AbSupMf",
"date":"2012-11-10 21:10:51"
},
{
"kids":[],
"uid":"1655162035",
"parent":"z4yBI0jYv",
"text":"早该这样了",
"mid":"z4A9ByKrJ",
"date":"2012-11-10 21:05:16"
},
{
"kids":[],
"uid":"1918212640",
"parent":"z4yrljfsi",
"text":"",
"mid":"z4A2jaM1g",
"date":"2012-11-10 20:47:17"
},
{
"kids":[],
"uid":"2456265634",
"parent":"",
"text":"啊。。",
"mid":"z4zUsvsdZ",
"date":"2012-11-10 20:27:57"
},
{
"kids":[],
"uid":"2251734300",
"parent":"z4xsFDGrx",
"text":"不知道是不是真的额''可以注意一下'@宁小喵 @梨落飞天 @coco阔 @Bernice_dansir @豆汁儿一 @Q无知无畏Q",
"mid":"z4zOZy1dg",
"date":"2012-11-10 20:14:29"
},
{
"kids":[],
"uid":"2866990210",
"parent":"z4yHkn8C2",
"text":"",
"mid":"z4zOkdloK",
"date":"2012-11-10 20:12:47"
},
{
"kids":[],
"uid":"1998277235",
"parent":"z4zAWteqC",
"text":"@amanda_gll @阿拉丁417 @大兔白白--家有一对姐妹花 @丽萨丝Home @Tom古",
"mid":"z4zMCq2ln",
"date":"2012-11-10 20:08:38"
},
{
"kids":[],
"uid":"2804452734",
"parent":"z4zbXrRQ5",
"text":"",
"mid":"z4zKnvIIM",
"date":"2012-11-10 20:03:04"
},
{
"kids":[],
"uid":"2645418182",
"parent":"z4zAWteqC",
"text":"@Tim-Ding @努米汤团-胡强 @我是昆仑山上的一颗草 @谁也没有看见风吹过 @平常人DD 要注意啦",
"mid":"z4zIJit60",
"date":"2012-11-10 19:59:04"
},
{
"kids":[
"z4zMCq2ln",
"z4zIJit60"
],
"uid":"1998277235",
"parent":"z4ynOkLN8",
"text":"@咪瑞JULY @会游泳的公牛 @Henryzhang55555 大家小心勒",
"mid":"z4zAWteqC",
"date":"2012-11-10 19:39:52"
},
{
"kids":[],
"uid":"1753080932",
"parent":"z4zoPC8U3",
"text":"管他呢 老娘横竖横",
"mid":"z4zuorWfu",
"date":"2012-11-10 19:23:42"
},
{
"kids":[],
"uid":"2189698842",
"parent":"",
"text":"",
"mid":"z4ztNdLJ6",
"date":"2012-11-10 19:22:16"
},
{
"kids":[],
"uid":"2942827491",
"parent":"z4yCJuZYK",
"text":"转",
"mid":"z4zruv7dC",
"date":"2012-11-10 19:16:35"
},
{
"kids":[],
"uid":"1847841215",
"parent":"z4zffFjHL",
"text":"虽然这消息今年听过4次，但还是喜欢这种善意的谎言。",
"mid":"z4zqSnHu9",
"date":"2012-11-10 19:15:03"
},
{
"kids":[
"z4zuorWfu"
],
"uid":"2328748301",
"parent":"z4zlJgFew",
"text":"@次不胖滴娃儿 @最嗳蛋蛋 你信吗?",
"mid":"z4zoPC8U3",
"date":"2012-11-10 19:10:01"
},
{
"kids":[],
"uid":"1682029811",
"parent":"z4ydem2UL",
"text":"@奔四di小米粒儿",
"mid":"z4zmvnVaE",
"date":"2012-11-10 19:04:18"
},
{
"kids":[
"z4zoPC8U3"
],
"uid":"2520434382",
"parent":"z4yMgbM4n",
"text":"不相信",
"mid":"z4zlJgFew",
"date":"2012-11-10 19:02:23"
},
{
"kids":[],
"uid":"2319767533",
"parent":"",
"text":"",
"mid":"z4zl30CBv",
"date":"2012-11-10 19:00:43"
},
{
"kids":[],
"uid":"wanglina1028",
"parent":"z4yIyklkS",
"text":"jc叔叔可观的年终奖啊[抓狂]",
"mid":"z4ziw7gnz",
"date":"2012-11-10 18:54:28"
},
{
"kids":[],
"uid":"fans566",
"parent":"z4yG431Pj",
"text":"小心为妙",
"mid":"z4zgaoaCX",
"date":"2012-11-10 18:48:41"
},
{
"kids":[
"z4zqSnHu9"
],
"uid":"2288034860",
"parent":"z4xP05tmE",
"text":"",
"mid":"z4zffFjHL",
"date":"2012-11-10 18:46:26"
},
{
"kids":[],
"uid":"2106250954",
"parent":"z4xxWuPmR",
"text":"",
"mid":"z4zf98MJ7",
"date":"2012-11-10 18:46:10"
},
{
"kids":[],
"uid":"1763378637",
"parent":"z4z3tesp0",
"text":"",
"mid":"z4zc3FT1O",
"date":"2012-11-10 18:38:34"
},
{
"kids":[
"z4zKnvIIM"
],
"uid":"2006718357",
"parent":"",
"text":"我要罚死了",
"mid":"z4zbXrRQ5",
"date":"2012-11-10 18:38:19"
},
{
"kids":[],
"uid":"2854796387",
"parent":"",
"text":"",
"mid":"z4zbEjef8",
"date":"2012-11-10 18:37:33"
},
{
"kids":[],
"uid":"1874294014",
"parent":"",
"text":"@拿着调羹喝酸奶",
"mid":"z4zb2aPcq",
"date":"2012-11-10 18:36:02"
},
{
"kids":[],
"uid":"gurenya",
"parent":"",
"text":"额。。。@Amy_Jilin @酒窝窝1984 @小胖子斌斌 @R-MT",
"mid":"z4zaruCYO",
"date":"2012-11-10 18:34:34"
},
{
"kids":[],
"uid":"476157484",
"parent":"",
"text":"",
"mid":"z4z9vCoLU",
"date":"2012-11-10 18:32:17"
},
{
"kids":[],
"uid":"2027857711",
"parent":"z4xRpzb8g",
"text":"",
"mid":"z4z8bcnBX",
"date":"2012-11-10 18:28:59"
},
{
"kids":[
"z4AE9Fy2F"
],
"uid":"1740104250",
"parent":"",
"text":"今天晚上不开车了呀",
"mid":"z4z7WlWrj",
"date":"2012-11-10 18:28:25"
},
{
"kids":[],
"uid":"2826680770",
"parent":"",
"text":"",
"mid":"z4z53ieOy",
"date":"2012-11-10 18:21:18"
},
{
"kids":[
"z4zc3FT1O"
],
"uid":"2233108562",
"parent":"z4xRpzb8g",
"text":"谣言",
"mid":"z4z3tesp0",
"date":"2012-11-10 18:17:24"
},
{
"kids":[
"z4AHFsRbA"
],
"uid":"1043664375",
"parent":"z4z1gnvHA",
"text":"[委屈]",
"mid":"z4z2CCyp0",
"date":"2012-11-10 18:15:20"
},
{
"kids":[],
"uid":"1982436360",
"parent":"z4xEkqL83",
"text":"来势汹汹呀",
"mid":"z4z1oojIX",
"date":"2012-11-10 18:12:17"
},
{
"kids":[
"z4AndsXcv",
"z4z2CCyp0"
],
"uid":"2815088114",
"parent":"",
"text":"真的假的！",
"mid":"z4z1gnvHA",
"date":"2012-11-10 18:11:58"
},
{
"kids":[],
"uid":"1043649140",
"parent":"z4y3j7tFf",
"text":"@仲马也 @马壹壹s @RachelLM",
"mid":"z4z0gnpqI",
"date":"2012-11-10 18:09:30"
},
{
"kids":[],
"uid":"2251135022",
"parent":"z4yPv6bwy",
"text":"散播。",
"mid":"z4yX8tyRH",
"date":"2012-11-10 18:01:49"
},
{
"kids":[
"z4AwyDTPa"
],
"uid":"2207823382",
"parent":"z4ywwuLSR",
"text":"@love_sunnyyuan @施凯蒂 @roro的最爱 @j凤舞九天",
"mid":"z4yX3smD7",
"date":"2012-11-10 18:01:36"
},
{
"kids":[],
"uid":"1766088602",
"parent":"z4yv21TLI",
"text":"不用这么狠吧",
"mid":"z4yWTa9Xt",
"date":"2012-11-10 18:01:11"
},
{
"kids":[],
"uid":"1731756485",
"parent":"z4yTUsipM",
"text":"@小侎吥帥",
"mid":"z4yUdCggr",
"date":"2012-11-10 17:54:36"
},
{
"kids":[
"z4yUdCggr"
],
"uid":"happyyijiaren",
"parent":"z4yRxiuNQ",
"text":"[话筒]",
"mid":"z4yTUsipM",
"date":"2012-11-10 17:53:51"
},
{
"kids":[],
"uid":"1560968174",
"parent":"z4yBI0jYv",
"text":"",
"mid":"z4yS3c5fw",
"date":"2012-11-10 17:49:16"
},
{
"kids":[],
"uid":"1573990457",
"parent":"z4yBI0jYv",
"text":"",
"mid":"z4yS2BO7V",
"date":"2012-11-10 17:49:14"
},
{
"kids":[
"z4yTUsipM"
],
"uid":"ljma",
"parent":"",
"text":"[吃惊]",
"mid":"z4yRxiuNQ",
"date":"2012-11-10 17:47:57"
},
{
"kids":[],
"uid":"1405078152",
"parent":"",
"text":"闯黄灯终于也要开罚了",
"mid":"z4yRop97O",
"date":"2012-11-10 17:47:39"
},
{
"kids":[],
"uid":"2038367993",
"parent":"z4yHkn8C2",
"text":"@evelinwang @简永志",
"mid":"z4yQUkvIL",
"date":"2012-11-10 17:46:26"
},
{
"kids":[],
"uid":"1770733831",
"parent":"",
"text":"哈哈，我肯定不会吃罚单额！",
"mid":"z4yQ881kC",
"date":"2012-11-10 17:44:32"
},
{
"kids":[
"z4yX8tyRH"
],
"uid":"2381974124",
"parent":"",
"text":"",
"mid":"z4yPv6bwy",
"date":"2012-11-10 17:42:59"
},
{
"kids":[],
"uid":"2212965882",
"parent":"z4xQMffVC",
"text":"严打啊？",
"mid":"z4yPhxJ4j",
"date":"2012-11-10 17:42:27"
},
{
"kids":[],
"uid":"1902101364",
"parent":"z4yCJuZYK",
"text":"",
"mid":"z4yOq4w28",
"date":"2012-11-10 17:40:19"
},
{
"kids":[],
"uid":"yoyochan7253",
"parent":"z4yCi3DjJ",
"text":"这是真的么，完了[泪][晕][抓狂][悲伤][伤心][伤心]",
"mid":"z4yOaozgT",
"date":"2012-11-10 17:39:42"
},
{
"kids":[
"z4HkZhYaT",
"z4AwYmPce"
],
"uid":"2675858783",
"parent":"z4xW08Y38",
"text":"",
"mid":"z4yNUp5RN",
"date":"2012-11-10 17:39:04"
},
{
"kids":[
"z4zlJgFew"
],
"uid":"1718959124",
"parent":"z4yCJuZYK",
"text":"[吃惊][吃惊]",
"mid":"z4yMgbM4n",
"date":"2012-11-10 17:34:59"
},
{
"kids":[
"z4ziw7gnz"
],
"uid":"2030307487",
"parent":"z4xQMffVC",
"text":"@王小5童鞋",
"mid":"z4yIyklkS",
"date":"2012-11-10 17:25:49"
},
{
"kids":[],
"uid":"1972525107",
"parent":"",
"text":"@張鈦_小辮子",
"mid":"z4yHIB4L3",
"date":"2012-11-10 17:23:47"
},
{
"kids":[
"z4zOkdloK",
"z4yQUkvIL"
],
"uid":"1115279527",
"parent":"",
"text":"大家要注意哦",
"mid":"z4yHkn8C2",
"date":"2012-11-10 17:22:51"
},
{
"kids":[
"z4zgaoaCX"
],
"uid":"1906533690",
"parent":"z4yuNdcXU",
"text":"[话筒]",
"mid":"z4yG431Pj",
"date":"2012-11-10 17:19:43"
},
{
"kids":[
"z4Bl7vtoZ",
"z4Bky3bZA"
],
"uid":"nx5108",
"parent":"z4yCZa2K3",
"text":"扩散",
"mid":"z4yFJDlnf",
"date":"2012-11-10 17:18:56"
},
{
"kids":[],
"uid":"1140231333",
"parent":"z4xRpzb8g",
"text":"真的假的？还让不让开车了？",
"mid":"z4yFr48xn",
"date":"2012-11-10 17:18:09"
},
{
"kids":[],
"uid":"1821136873",
"parent":"z4yDwyu1D",
"text":"",
"mid":"z4yE9xTrr",
"date":"2012-11-10 17:15:00"
},
{
"kids":[
"z4yE9xTrr"
],
"uid":"haxun",
"parent":"z4yCJuZYK",
"text":"扩散",
"mid":"z4yDwyu1D",
"date":"2012-11-10 17:13:27"
},
{
"kids":[
"z4yFJDlnf"
],
"uid":"1805521025",
"parent":"z4ywwuLSR",
"text":"晕倒，算了，罢了。这车开的会紧张屎吗",
"mid":"z4yCZa2K3",
"date":"2012-11-10 17:12:09"
},
{
"kids":[],
"uid":"1000813757",
"parent":"",
"text":"不知道真假",
"mid":"z4yCK89U5",
"date":"2012-11-10 17:11:33"
},
{
"kids":[
"z4zruv7dC",
"z4yOq4w28",
"z4yMgbM4n",
"z4yDwyu1D"
],
"uid":"2073935543",
"parent":"z4ywwuLSR",
"text":"转起来！",
"mid":"z4yCJuZYK",
"date":"2012-11-10 17:11:32"
},
{
"kids":[
"z4yOaozgT"
],
"uid":"xyy1220",
"parent":"z4yvFiZyz",
"text":"@小龙_TK @上海阿夫 @长宁慧玲",
"mid":"z4yCi3DjJ",
"date":"2012-11-10 17:10:26"
},
{
"kids":[],
"uid":"liwen1212",
"parent":"z4yrP73iT",
"text":"",
"mid":"z4yCdjNor",
"date":"2012-11-10 17:10:15"
},
{
"kids":[
"z4A9ByKrJ",
"z4yS3c5fw",
"z4yS2BO7V"
],
"uid":"sangelshi",
"parent":"",
"text":"OMGD[爱心传递][爱心传递][爱心传递]",
"mid":"z4yBI0jYv",
"date":"2012-11-10 17:09:00"
},
{
"kids":[],
"uid":"masterkevinyu",
"parent":"z4yzl8dtu",
"text":"想钱想疯了，就差明抢了。[衰]",
"mid":"z4yBfCR30",
"date":"2012-11-10 17:07:54"
},
{
"kids":[],
"uid":"2024968895",
"parent":"",
"text":"这回看来狼真得要来勒，各位亲路上开车要小心哦~@三拽拽三 @SERENA麦  @KARENCAIYAN @徐伟红1968 @艺山艺水艺江南 @总在纠结的吴先生",
"mid":"z4yB8ehl8",
"date":"2012-11-10 17:07:33"
},
{
"kids":[],
"uid":"1496866073",
"parent":"",
"text":"是说北京呢吗？",
"mid":"z4yAswb3z",
"date":"2012-11-10 17:05:56"
},
{
"kids":[],
"uid":"2426043677",
"parent":"z4yrP73iT",
"text":"",
"mid":"z4yzLp6l9",
"date":"2012-11-10 17:04:14"
},
{
"kids":[
"z4yBfCR30"
],
"uid":"lovelyjolin725",
"parent":"z4yxxqF0c",
"text":"曾的假的啊？",
"mid":"z4yzl8dtu",
"date":"2012-11-10 17:03:10"
},
{
"kids":[],
"uid":"2000234217",
"parent":"z4ywwuLSR",
"text":"",
"mid":"z4yyvmFiW",
"date":"2012-11-10 17:01:07"
},
{
"kids":[],
"uid":"2682775654",
"parent":"z4yxxqF0c",
"text":"",
"mid":"z4yy5ozGw",
"date":"2012-11-10 17:00:05"
},
{
"kids":[
"z4yzl8dtu",
"z4yy5ozGw"
],
"uid":"209383848",
"parent":"z4ywwuLSR",
"text":"转转转@奥友会-木头",
"mid":"z4yxxqF0c",
"date":"2012-11-10 16:58:44"
},
{
"kids":[],
"uid":"darious",
"parent":"z4ywwuLSR",
"text":"转",
"mid":"z4yxsF4as",
"date":"2012-11-10 16:58:33"
},
{
"kids":[],
"uid":"1956902575",
"parent":"z4yrP73iT",
"text":"[衰]",
"mid":"z4yxlCoAz",
"date":"2012-11-10 16:58:16"
},
{
"kids":[
"z4yX3smD7",
"z4yCZa2K3",
"z4yCJuZYK",
"z4yyvmFiW",
"z4yxxqF0c",
"z4yxsF4as"
],
"uid":"208066652",
"parent":"",
"text":"见到快速转起吧！今晚开车很危险。",
"mid":"z4ywwuLSR",
"date":"2012-11-10 16:56:14"
},
{
"kids":[
"z4yCi3DjJ"
],
"uid":"1889636512",
"parent":"z4xP05tmE",
"text":"",
"mid":"z4yvFiZyz",
"date":"2012-11-10 16:54:07"
},
{
"kids":[],
"uid":"traviszhai",
"parent":"z4yrP73iT",
"text":"@菲比Febe",
"mid":"z4yv4BxBl",
"date":"2012-11-10 16:52:38"
},
{
"kids":[
"z4yWTa9Xt"
],
"uid":"axuan423",
"parent":"",
"text":"[国旗]",
"mid":"z4yv21TLI",
"date":"2012-11-10 16:52:33"
},
{
"kids":[
"z4yG431Pj"
],
"uid":"2037479201",
"parent":"z4xu85xum",
"text":"",
"mid":"z4yuNdcXU",
"date":"2012-11-10 16:51:56"
},
{
"kids":[],
"uid":"otherboy",
"parent":"z4yrP73iT",
"text":"",
"mid":"z4yuj6zoY",
"date":"2012-11-10 16:50:46"
},
{
"kids":[],
"uid":"2034183413",
"parent":"z4ydem2UL",
"text":"",
"mid":"z4ysiFa5y",
"date":"2012-11-10 16:45:48"
},
{
"kids":[],
"uid":"1085628692",
"parent":"z4xP05tmE",
"text":"好事！警察叔叔。记得别忘记查下白牌子的车！！",
"mid":"z4ysdEIEn",
"date":"2012-11-10 16:45:37"
},
{
"kids":[
"z4AzQg9nU",
"z4AbSupMf",
"z4yCdjNor",
"z4yzLp6l9",
"z4yxlCoAz",
"z4yv4BxBl",
"z4yuj6zoY"
],
"uid":"reagan",
"parent":"",
"text":"本身交通法是靠个人的自觉性来执行的，但如果不自觉就只能靠严厉的处罚来强迫养成习惯，习惯的行为持久了也就变成本能了。",
"mid":"z4yrP73iT",
"date":"2012-11-10 16:44:39"
},
{
"kids":[],
"uid":"2120449417",
"parent":"",
"text":"",
"mid":"z4yrGwFPL",
"date":"2012-11-10 16:44:19"
},
{
"kids":[
"z4ArSvCmZ",
"z4A2jaM1g"
],
"uid":"2283698667",
"parent":"z4ynOkLN8",
"text":"@春日偶成之云淡风轻 @薇薇安_田 @Chris_Ronaldo @casper乐园007 @world_atlas @薇薇安_田 @LIJIAN0081 @睡宝小小鱼",
"mid":"z4yrljfsi",
"date":"2012-11-10 16:43:26"
},
{
"kids":[],
"uid":"2162723952",
"parent":"z4y3j7tFf",
"text":"要告诉我公公了",
"mid":"z4yoQaZXY",
"date":"2012-11-10 16:37:16"
},
{
"kids":[
"z56suijhM",
"z4YQwCmgI",
"z4YQwjJSy",
"z4zAWteqC",
"z4yrljfsi"
],
"uid":"1826173694",
"parent":"z4xUl0cwP",
"text":"小心了",
"mid":"z4ynOkLN8",
"date":"2012-11-10 16:34:44"
},
{
"kids":[],
"uid":"1714259877",
"parent":"",
"text":"",
"mid":"z4ymMaLOX",
"date":"2012-11-10 16:32:14"
},
{
"kids":[],
"uid":"1909269811",
"parent":"",
"text":"转发微博。",
"mid":"z4ylcnXRF",
"date":"2012-11-10 16:28:18"
},
{
"kids":[],
"uid":"2487448782",
"parent":"",
"text":"@房翔在哪里",
"mid":"z4yl1rQCV",
"date":"2012-11-10 16:27:54"
},
{
"kids":[],
"uid":"2458757242",
"parent":"z4xRpzb8g",
"text":"60天内偶还上不了路，否则逃不了被罚",
"mid":"z4yhG40Tv",
"date":"2012-11-10 16:19:37"
},
{
"kids":[],
"uid":"leejun1987",
"parent":"z4ycT5so2",
"text":"",
"mid":"z4ydLoLlO",
"date":"2012-11-10 16:09:59"
},
{
"kids":[
"z4AdNkYmg",
"z4zmvnVaE",
"z4ysiFa5y"
],
"uid":"2043845930",
"parent":"z4xX6put2",
"text":"@醉醉小杰杰 @毛勒个球 @Mr_Biby",
"mid":"z4ydem2UL",
"date":"2012-11-10 16:08:39"
},
{
"kids":[
"z4ydLoLlO"
],
"uid":"zy831028",
"parent":"",
"text":"蜡烛伐点伐亮[挖鼻屎]",
"mid":"z4ycT5so2",
"date":"2012-11-10 16:07:51"
},
{
"kids":[
"z4ABOgWSh"
],
"uid":"1787198971",
"parent":"z4xwnerV0",
"text":"[哈哈][哈哈][哈哈]",
"mid":"z4yan41Ac",
"date":"2012-11-10 16:01:36"
},
{
"kids":[],
"uid":"2207754753",
"parent":"z4xsMqs4v",
"text":"[汗]",
"mid":"z4y5dhrS2",
"date":"2012-11-10 15:48:55"
},
{
"kids":[],
"uid":"1888015087",
"parent":"",
"text":"",
"mid":"z4y4m8t11",
"date":"2012-11-10 15:46:49"
},
{
"kids":[],
"uid":"2594537802",
"parent":"z4xWVbM2m",
"text":"",
"mid":"z4y3XBq9A",
"date":"2012-11-10 15:45:52"
},
{
"kids":[
"z4z0gnpqI",
"z4yoQaZXY"
],
"uid":"2277990710",
"parent":"",
"text":"副驾驶保险带和闯黄灯还真得小心。",
"mid":"z4y3j7tFf",
"date":"2012-11-10 15:44:15"
},
{
"kids":[],
"uid":"1341500052",
"parent":"z4xRpzb8g",
"text":"我擦，玩儿真的了啊！",
"mid":"z4y1D7LEa",
"date":"2012-11-10 15:40:05"
},
{
"kids":[],
"uid":"1358478480",
"parent":"z4xRpzb8g",
"text":"[奥特曼]",
"mid":"z4y1l5lz1",
"date":"2012-11-10 15:39:24"
},
{
"kids":[],
"uid":"1928064281",
"parent":"z4xRpzb8g",
"text":"好吧，对驾车的人是一个警示",
"mid":"z4xZf24ck",
"date":"2012-11-10 15:34:14"
},
{
"kids":[],
"uid":"metalcover",
"parent":"",
"text":"因为他是有时有会儿的",
"mid":"z4xYhFODD",
"date":"2012-11-10 15:31:53"
},
{
"kids":[
"z4ydem2UL"
],
"uid":"2050238423",
"parent":"",
"text":"@梦之雪妍",
"mid":"z4xX6put2",
"date":"2012-11-10 15:28:56"
},
{
"kids":[
"z4y3XBq9A"
],
"uid":"1893786677",
"parent":"z4xRpzb8g",
"text":"假的吧！",
"mid":"z4xWVbM2m",
"date":"2012-11-10 15:28:32"
},
{
"kids":[],
"uid":"kevinlog",
"parent":"",
"text":"查得好，应该再严一点。",
"mid":"z4xWHijxw",
"date":"2012-11-10 15:27:58"
},
{
"kids":[
"z4AV6b5rv",
"z4yNUp5RN"
],
"uid":"1818979255",
"parent":"",
"text":"@Godblessme121028 @方糖1706 @番茄j鸡蛋 @漂浮的女孩7622",
"mid":"z4xW08Y38",
"date":"2012-11-10 15:26:13"
},
{
"kids":[],
"uid":"2502218804",
"parent":"z4xRpzb8g",
"text":"@LULU想做纸片人 @芹菜和园子 @咯咯的窝窝 @海葵大泡泡jimmy @海葵小泡泡 @焕城爱小猪 @坚决不再纠结的处女座 @鲸鲸宝宝 @凯艺Sasha @瘌痢头尼子自家额好 @marsling522 @O型滴鱼儿 @师太竟敢跟贫道抢秃驴 '不要开车了[汗][汗][汗]",
"mid":"z4xVJibca",
"date":"2012-11-10 15:25:35"
},
{
"kids":[],
"uid":"1790054290",
"parent":"",
"text":"[晕]",
"mid":"z4xVEhfH1",
"date":"2012-11-10 15:25:21"
},
{
"kids":[],
"uid":"1440403105",
"parent":"z4xsMqs4v",
"text":"",
"mid":"z4xVl1Hrx",
"date":"2012-11-10 15:24:35"
},
{
"kids":[],
"uid":"1540496252",
"parent":"",
"text":"@天天快乐的天天and大伟",
"mid":"z4xV8Dh13",
"date":"2012-11-10 15:24:08"
},
{
"kids":[],
"uid":"yuhongsen",
"parent":"",
"text":"",
"mid":"z4xUZbuQQ",
"date":"2012-11-10 15:23:43"
},
{
"kids":[],
"uid":"2706123031",
"parent":"",
"text":"@请叫我慢先生 @Vickey_57 要小心呐！",
"mid":"z4xULBM22",
"date":"2012-11-10 15:23:13"
},
{
"kids":[
"z4ynOkLN8"
],
"uid":"friedmanchen",
"parent":"z4xRpzb8g",
"text":"指标告急，各位小心",
"mid":"z4xUl0cwP",
"date":"2012-11-10 15:22:09"
},
{
"kids":[],
"uid":"1858508982",
"parent":"",
"text":"怕怕… [可怜]",
"mid":"z4xSsiW6X",
"date":"2012-11-10 15:17:31"
},
{
"kids":[],
"uid":"1866319451",
"parent":"z4xRpzb8g",
"text":"这样严厉的举措应该365天不间断,在年底集中整治,原因么大家懂的........",
"mid":"z4xSgqhcA",
"date":"2012-11-10 15:17:03"
},
{
"kids":[],
"uid":"29dphoto",
"parent":"z4xsbg425",
"text":"",
"mid":"z4xSgax8d",
"date":"2012-11-10 15:17:00"
},
{
"kids":[
"z6okXwdZI",
"z4Npo4wsB",
"z4z8bcnBX",
"z4z3tesp0",
"z4yFr48xn",
"z4yhG40Tv",
"z4y1D7LEa",
"z4y1l5lz1",
"z4xZf24ck",
"z4xWVbM2m",
"z4xVJibca",
"z4xUl0cwP",
"z4xSgqhcA"
],
"uid":"1997970731",
"parent":"",
"text":"狼终于来了！！闯黄的效益应该最好吧。。。",
"mid":"z4xRpzb8g",
"date":"2012-11-10 15:14:57"
},
{
"kids":[],
"uid":"1889559700",
"parent":"",
"text":"挺好",
"mid":"z4xR1lgqA",
"date":"2012-11-10 15:13:58"
},
{
"kids":[
"z4yPhxJ4j",
"z4yIyklkS"
],
"uid":"chocolate001",
"parent":"",
"text":"好可怕",
"mid":"z4xQMffVC",
"date":"2012-11-10 15:13:23"
},
{
"kids":[
"z4zffFjHL",
"z4yvFiZyz",
"z4ysdEIEn"
],
"uid":"330420691",
"parent":"",
"text":"[吃惊]",
"mid":"z4xP05tmE",
"date":"2012-11-10 15:09:00"
},
{
"kids":[],
"uid":"81332083",
"parent":"",
"text":"《小新》好消息，要转。大家注意《小新》",
"mid":"z4xIK6wsP",
"date":"2012-11-10 14:53:33"
},
{
"kids":[],
"uid":"antchan",
"parent":"",
"text":"@上海陈实 @Holle_Nokia @biubiu来了 @F的空间 @蒋峰峰 @静处世间 @Max_Mr_F @Mr牛二 @Snake_young @兲槑囧 @尾声鲸 @谢秘不泄密 @咻咻sure @-地球几亿几千万个人",
"mid":"z4xHzEoQP",
"date":"2012-11-10 14:50:43"
},
{
"kids":[
"z4z1oojIX"
],
"uid":"2053829781",
"parent":"",
"text":"",
"mid":"z4xEkqL83",
"date":"2012-11-10 14:42:41"
},
{
"kids":[],
"uid":"1855004294",
"parent":"z4xu85xum",
"text":"#极速互联随我行#",
"mid":"z4xARi0ZI",
"date":"2012-11-10 14:34:10"
},
{
"kids":[],
"uid":"2186737923",
"parent":"z4xwCE4kx",
"text":"",
"mid":"z4xAcv4rW",
"date":"2012-11-10 14:32:33"
},
{
"kids":[
"z4F8j9F50"
],
"uid":"axutou",
"parent":"z4xtimVWn",
"text":"这条谣言被辟了不要再辟了，醒醒吧孩纸…",
"mid":"z4xzmfLSn",
"date":"2012-11-10 14:30:28"
},
{
"kids":[],
"uid":"qcxfsyb",
"parent":"z4xwCE4kx",
"text":"",
"mid":"z4xz29lNo",
"date":"2012-11-10 14:29:40"
},
{
"kids":[],
"uid":"otherboy",
"parent":"",
"text":"夜别去在乎真假了，交通法规人人有责啊！",
"mid":"z4xyG0dEF",
"date":"2012-11-10 14:28:47"
},
{
"kids":[],
"uid":"1248307192",
"parent":"",
"text":"是真的么？我经常闯黄灯。。。",
"mid":"z4xyBwlms",
"date":"2012-11-10 14:28:36"
},
{
"kids":[
"z4zf98MJ7"
],
"uid":"xujunjian",
"parent":"z4xwCE4kx",
"text":"",
"mid":"z4xxWuPmR",
"date":"2012-11-10 14:26:58"
},
{
"kids":[
"z4B0Iw5N2",
"z4xAcv4rW",
"z4xz29lNo",
"z4xxWuPmR"
],
"uid":"1902524443",
"parent":"",
"text":"转发微博。",
"mid":"z4xwCE4kx",
"date":"2012-11-10 14:23:44"
},
{
"kids":[
"z4yan41Ac"
],
"uid":"mina33",
"parent":"z4xu85xum",
"text":"@ai静文 @安萌儿 @威久英国-大岳岳 @钟勇-中国青北 @不吃萝卜的藏兔子-青北 @石百万",
"mid":"z4xwnerV0",
"date":"2012-11-10 14:23:07"
},
{
"kids":[],
"uid":"2309476722",
"parent":"z4xue0PAS",
"text":"@龙泉雪芽 又麻将又喝酒的同学请注意",
"mid":"z4xvrmju2",
"date":"2012-11-10 14:20:49"
},
{
"kids":[],
"uid":"1848725314",
"parent":"",
"text":"李主编的消息不会假！无论真假，按交规安全行车，是对你和路人生命的负责！",
"mid":"z4xufbG7d",
"date":"2012-11-10 14:17:52"
},
{
"kids":[
"z4xvrmju2"
],
"uid":"mczhang0617",
"parent":"z4xtimVWn",
"text":"[吃惊]",
"mid":"z4xue0PAS",
"date":"2012-11-10 14:17:49"
},
{
"kids":[
"z4yuNdcXU",
"z4xARi0ZI",
"z4xwnerV0"
],
"uid":"lmtzj",
"parent":"",
"text":"@新浪汽车",
"mid":"z4xu85xum",
"date":"2012-11-10 14:17:34"
},
{
"kids":[],
"uid":"518831123",
"parent":"",
"text":"",
"mid":"z4xtReOSL",
"date":"2012-11-10 14:16:55"
},
{
"kids":[
"z4xzmfLSn",
"z4xue0PAS"
],
"uid":"1760181160",
"parent":"",
"text":"",
"mid":"z4xtimVWn",
"date":"2012-11-10 14:15:32"
},
{
"kids":[
"z4y5dhrS2",
"z4xVl1Hrx"
],
"uid":"maronitorten",
"parent":"",
"text":"",
"mid":"z4xsMqs4v",
"date":"2012-11-10 14:14:16"
},
{
"kids":[
"z4AqsoVGP",
"z4zOZy1dg"
],
"uid":"2407552373",
"parent":"",
"text":"[疑问]",
"mid":"z4xsFDGrx",
"date":"2012-11-10 14:14:00"
},
{
"kids":[
"z4xSgax8d"
],
"uid":"1639107387",
"parent":"",
"text":"",
"mid":"z4xsbg425",
"date":"2012-11-10 14:12:45"
}
]