[
{
"kids":[],
"uid":"2920559664",
"parent":"",
"text":"",
"mid":"zh7cqk6Tl",
"date":"2013-02-01 07:16:30"
},
{
"kids":[],
"uid":"2919954090",
"parent":"",
"text":"",
"mid":"zgjry5dQt",
"date":"2013-01-27 00:36:21"
},
{
"kids":[],
"uid":"2810307642",
"parent":"",
"text":"",
"mid":"zgeJDb7zd",
"date":"2013-01-26 12:37:14"
},
{
"kids":[],
"uid":"57696238",
"parent":"zg3fcqtef",
"text":"谁攻击你了 都网友爆料的",
"mid":"zg6R91UYi",
"date":"2013-01-25 16:33:44"
},
{
"kids":[],
"uid":"1867553744",
"parent":"zg3fcqtef",
"text":"可以合理质疑免费午餐，但是，孙教授不要以讹传讹，到底是哪个网友质疑的？请孙教授承认之前的不当言行及错误。目前，免费午餐是全国最优秀的公益组织之一。",
"mid":"zg3Wqy0EH",
"date":"2013-01-25 09:08:32"
},
{
"kids":[],
"uid":"2437272571",
"parent":"zg3fcqtef",
"text":"你以讹传讹，有错在先。是哪个网友爆料的？请说出来",
"mid":"zg3Ii8CHY",
"date":"2013-01-25 08:33:43"
},
{
"kids":[],
"uid":"1885215475",
"parent":"",
"text":"还是赚了10万啊 又做了宣传 没啥不好",
"mid":"zg3qW0FoY",
"date":"2013-01-25 07:50:56"
},
{
"kids":[],
"uid":"alexcardiacsurgery",
"parent":"zg3fcqtef",
"text":"是否是真的，也同样会说是假的，同情某些人，不代表我们没有发言权，适当的质疑应该正面回应，而不是找举报和申诉这样的手段掩盖不可告人的秘密，不过，政府在此事中也要插手管理，使民间活动更规范",
"mid":"zg3ja0md8",
"date":"2013-01-25 07:31:48"
},
{
"kids":[
"zg6R91UYi",
"zg3Wqy0EH",
"zg3Ii8CHY",
"zg3ja0md8"
],
"uid":"drsunht",
"parent":"",
"text":"这就是我被攻击的原因，新来的同学可以看看",
"mid":"zg3fcqtef",
"date":"2013-01-25 07:22:03"
},
{
"kids":[],
"uid":"junglejungle2009",
"parent":"zbRCZbaxx",
"text":"以讹传讹? 人家求证不行么 要不你就公开说 你们的事不能过问 好吧?",
"mid":"zdr0Z6ioX",
"date":"2013-01-08 02:22:01"
},
{
"kids":[],
"uid":"1213622733",
"parent":"",
"text":"回复@优利安:万一不是呢，还是听听@安利公益基金会 关于8月17日慈善晚宴全额出资的解释吧，因为安利他们很多个儿童慈善公益项目是挂在@中华儿慈会 下面做的。",
"mid":"zc6gR8Pxj",
"date":"2012-12-30 07:43:08"
},
{
"kids":[],
"uid":"2479671597",
"parent":"zc1qJ7fPP",
"text":"[围观]求证?/@阜外医院孙宏涛:",
"mid":"zc34k9RSY",
"date":"2012-12-29 23:34:02"
},
{
"kids":[],
"uid":"2479671597",
"parent":"zc19U14h9",
"text":"[围观][围观][围观]",
"mid":"zc33k5ZOo",
"date":"2012-12-29 23:31:32"
},
{
"kids":[],
"uid":"2479671597",
"parent":"zc19U14h9",
"text":"[围观][围观]",
"mid":"zc2m31Gxk",
"date":"2012-12-29 21:44:56"
},
{
"kids":[],
"uid":"guizhouzhuxue",
"parent":"",
"text":"你先把你买粉事件交代清楚",
"mid":"zc1TND5jt",
"date":"2012-12-29 20:35:19"
},
{
"kids":[],
"uid":"1213622733",
"parent":"zc0d8CRSu",
"text":"？",
"mid":"zc1Lag6Cp",
"date":"2012-12-29 20:14:02"
},
{
"kids":[
"zc34k9RSY"
],
"uid":"drsunht",
"parent":"zc1ojzgHx",
"text":"",
"mid":"zc1qJ7fPP",
"date":"2012-12-29 19:23:44"
},
{
"kids":[
"zc1qJ7fPP"
],
"uid":"1213622733",
"parent":"",
"text":"回复@贵州省扶贫助学促进会:贵州省一个机构的官方微博如此所作所为，不知羞耻！这个微博真的是贵州扶贫助学促进会的吗？请贵州官方与媒体明鉴。@黔办之声 @贵州省公安厅 @微博贵州 @贵州省民政厅 @共青团贵州省委 @贵州都市报官方微博",
"mid":"zc1ojzgHx",
"date":"2012-12-29 19:17:46"
},
{
"kids":[],
"uid":"2832985260",
"parent":"",
"text":"定性为不实反而让人觉得是真实的！",
"mid":"zc1dei08U",
"date":"2012-12-29 18:50:28"
},
{
"kids":[],
"uid":"1408335613",
"parent":"",
"text":"",
"mid":"zc1cs6Y8l",
"date":"2012-12-29 18:48:35"
},
{
"kids":[
"zc33k5ZOo",
"zc2m31Gxk"
],
"uid":"1825162977",
"parent":"zc18Vs9Sb",
"text":"[路过这儿]",
"mid":"zc19U14h9",
"date":"2012-12-29 18:42:17"
},
{
"kids":[
"zc19U14h9"
],
"uid":"2260912135",
"parent":"",
"text":"哎呦，网络公关做的真好，直接来了个不实，免午敢不敢把证据拿出来证明清白？他妈的现在捐款真好骗，钱真好！洗，上面有人就是好办事！！！贱！贱！贱！",
"mid":"zc18Vs9Sb",
"date":"2012-12-29 18:39:51"
},
{
"kids":[],
"uid":"1847406757",
"parent":"zbYT6hvOe",
"text":"早见过有人爆料，说这是一种新的洗钱手法",
"mid":"zc13o8VB0",
"date":"2012-12-29 18:26:12"
},
{
"kids":[],
"uid":"guizhouzhuxue",
"parent":"",
"text":"你脸还没丢尽？公开支持心血管医生可以模病人乳房查血管 ？",
"mid":"zc0WlErhH",
"date":"2012-12-29 18:08:54"
},
{
"kids":[],
"uid":"2358138473",
"parent":"zc0vVuAfR",
"text":"",
"mid":"zc0F2oGZv",
"date":"2012-12-29 17:26:13"
},
{
"kids":[],
"uid":"1400831224",
"parent":"zbYJYpi61",
"text":"回复@别处风声:既然钱是安利出的，活动是安利办的，那为什么要问免午？而且人家免午只是说捐款大概多少。起码说免午出上百万这一条，爆料人该有个态度。",
"mid":"zc0C9mH65",
"date":"2012-12-29 17:19:06"
},
{
"kids":[
"zc0F2oGZv"
],
"uid":"1213622733",
"parent":"",
"text":"",
"mid":"zc0vVuAfR",
"date":"2012-12-29 17:03:47"
},
{
"kids":[],
"uid":"1409859220",
"parent":"zbYJYpi61",
"text":"回复@dxbdl:你看回应人的说法，只说钱是安利出的，对于其他的并没有否认。",
"mid":"zc0vmhJQD",
"date":"2012-12-29 17:02:24"
},
{
"kids":[],
"uid":"1400831224",
"parent":"zbYJYpi61",
"text":"回复@别处风声:活动成功与否与免午是否出钱上百万是两回事吧？而且你怎么知道成本多少，如果你相信那个网友的爆料，那也该等他拿出证据啊。",
"mid":"zc0uEfRtI",
"date":"2012-12-29 17:00:40"
},
{
"kids":[],
"uid":"1409859220",
"parent":"zbYJYpi61",
"text":"回复@dxbdl:参加活动的绝对不是到了晚会才想起捐钱，这么贵的晚会更不可能存在募捐失败说，没有人会组织这样的活动。",
"mid":"zc0sk3nzb",
"date":"2012-12-29 16:54:55"
},
{
"kids":[],
"uid":"1400831224",
"parent":"zbYJYpi61",
"text":"回复@别处风声:可以说是募捐活动失败，别说130万，一分没有就不可能么？再说，免午到底出钱没有，这才是关键，说人家出上百万到底有没有证据？有就说，没有就道歉。安利的事情他们应该问安利去。",
"mid":"zc0qoo7Ys",
"date":"2012-12-29 16:50:09"
},
{
"kids":[],
"uid":"1739303404",
"parent":"zbYyh15oq",
"text":"邓飞一句否认就是判断谣言的依据，红会真要哭死了！那也帮博主问一句 为何8月的善款到年底还没未入帐？看邓飞的微博，这个项目筹了半亿，那个拍卖又开锣，这个电视宣传，那个媒体报道，您真是个品牌经理的好料！",
"mid":"zc0f3nGVc",
"date":"2012-12-29 16:22:11"
},
{
"kids":[
"zc1Lag6Cp"
],
"uid":"1945442162",
"parent":"",
"text":"看来定不定不实信息的根据不在于信息本身，而在于人的势力大小，我举报的明显不实信息的从来就没有通过的，这个信息反而可能是真的。md",
"mid":"zc0d8CRSu",
"date":"2012-12-29 16:17:29"
},
{
"kids":[],
"uid":"1409859220",
"parent":"zbYJYpi61",
"text":"回复@dxbdl:怎么就胜诉了？安利掏400万办晚会，募捐130万？这么说对吗？干嘛不直接赞助400万",
"mid":"zc03n9VhN",
"date":"2012-12-29 15:53:27"
},
{
"kids":[],
"uid":"deadoralive",
"parent":"",
"text":"",
"mid":"zbZYqoQe1",
"date":"2012-12-29 15:41:14"
},
{
"kids":[],
"uid":"1400831224",
"parent":"",
"text":"既然已经被标上不实信息，那么孙大夫是不是应该有个态度？要么公开道歉，要么拿出自己的证据来。不吭声是不好的。",
"mid":"zbZPGvjVs",
"date":"2012-12-29 15:19:44"
},
{
"kids":[],
"uid":"kigin",
"parent":"zbYHf9INr",
"text":"",
"mid":"zbZJfxUYp",
"date":"2012-12-29 15:03:53"
},
{
"kids":[],
"uid":"2270381612",
"parent":"zbZyJqjlw",
"text":"",
"mid":"zbZCscuGd",
"date":"2012-12-29 14:47:08"
},
{
"kids":[],
"uid":"1432194445",
"parent":"zbZyJqjlw",
"text":"相信这是事实，最反感本身没钱的人打着慈善的幌子赚钱。慈善这东西要么政府做，要么巨富做，其他都是扯淡",
"mid":"zbZAewyNj",
"date":"2012-12-29 14:41:39"
},
{
"kids":[
"zbZCscuGd",
"zbZAewyNj"
],
"uid":"kuhe",
"parent":"",
"text":"回复@八宝山丧尸队:[哈哈]",
"mid":"zbZyJqjlw",
"date":"2012-12-29 14:37:58"
},
{
"kids":[],
"uid":"1652277302",
"parent":"zbYT6hvOe",
"text":"",
"mid":"zbZupFRFP",
"date":"2012-12-29 14:27:19"
},
{
"kids":[],
"uid":"21092209",
"parent":"zbYSsoUhW",
"text":"转给现在还相信免费午餐的各位，拜托那种不要出现在我首页",
"mid":"zbZcU4hK7",
"date":"2012-12-29 13:44:10"
},
{
"kids":[],
"uid":"2050491620",
"parent":"zbYKEEFIL",
"text":"",
"mid":"zbZ8Q2uXs",
"date":"2012-12-29 13:34:10"
},
{
"kids":[],
"uid":"1400831224",
"parent":"",
"text":"回复@八宝山丧尸队:如果主办的确不是他们，他们当然拿不出明细来。所以我才说质疑者也该拿出自己的证据来。",
"mid":"zbZ51mtXF",
"date":"2012-12-29 13:24:46"
},
{
"kids":[],
"uid":"1892489942",
"parent":"zbYvrcllV",
"text":"",
"mid":"zbZ3f7GAt",
"date":"2012-12-29 13:20:23"
},
{
"kids":[],
"uid":"kimiamber",
"parent":"zbYTqqmI8",
"text":"他们会说红会的账都没清你们凭啥查我们",
"mid":"zbYZcwWI9",
"date":"2012-12-29 13:10:24"
},
{
"kids":[],
"uid":"pimaozi",
"parent":"zbYTg3ZEe",
"text":"",
"mid":"zbYUOFFQM",
"date":"2012-12-29 12:59:37"
},
{
"kids":[],
"uid":"1962838677",
"parent":"zbYT6hvOe",
"text":"噗",
"mid":"zbYUBEg0M",
"date":"2012-12-29 12:59:07"
},
{
"kids":[
"zbYZcwWI9"
],
"uid":"lihuayanyu",
"parent":"zbYSsoUhW",
"text":"这……是真的吗",
"mid":"zbYTqqmI8",
"date":"2012-12-29 12:56:10"
},
{
"kids":[
"zbYUOFFQM"
],
"uid":"1743443235",
"parent":"zbYOGnp9l",
"text":"是谁赚了呢",
"mid":"zbYTg3ZEe",
"date":"2012-12-29 12:55:46"
},
{
"kids":[
"zc13o8VB0",
"zbZupFRFP",
"zbYUBEg0M"
],
"uid":"1497389274",
"parent":"zbYOGnp9l",
"text":"[哈哈]好想笑，花四百万募得一百三十万[笑哈哈]这帮垃圾是不是又要说点错小数点呀",
"mid":"zbYT6hvOe",
"date":"2012-12-29 12:55:24"
},
{
"kids":[
"zbZcU4hK7",
"zbYTqqmI8"
],
"uid":"1497389274",
"parent":"zbYHTjjSf",
"text":"高端洗钱呀，啧啧啧，贪污腐败什么的可比他们低端多了",
"mid":"zbYSsoUhW",
"date":"2012-12-29 12:53:49"
},
{
"kids":[],
"uid":"1400831224",
"parent":"",
"text":"同时，质疑者也该有自己的证据，而且也该拿出来给大家看看。",
"mid":"zbYP7j5BD",
"date":"2012-12-29 12:45:35"
},
{
"kids":[
"zbYTg3ZEe",
"zbYT6hvOe"
],
"uid":"1827633631",
"parent":"zbYKhBHa2",
"text":"多新鲜呐，花四百万募得一三十万。",
"mid":"zbYOGnp9l",
"date":"2012-12-29 12:44:29"
},
{
"kids":[],
"uid":"1400831224",
"parent":"",
"text":"希望尽快公布明细，起码先给大家一个时间表。",
"mid":"zbYOpf4VT",
"date":"2012-12-29 12:43:48"
},
{
"kids":[],
"uid":"yousitasi",
"parent":"",
"text":"",
"mid":"zbYLf327b",
"date":"2012-12-29 12:36:01"
},
{
"kids":[
"zbZ8Q2uXs"
],
"uid":"1063679281",
"parent":"",
"text":"",
"mid":"zbYKEEFIL",
"date":"2012-12-29 12:34:35"
},
{
"kids":[
"zbYOGnp9l"
],
"uid":"1213622733",
"parent":"",
"text":"回复@善养浩然:主要成本是安利出的，次要成本是谁出的呢？晚宴的投入和募集的捐款相抵，是盈余还是亏损？即使没有达到预期的募集额度，也是可以理解的。既然晚宴晚会的募捐款项都是捐给了免费午餐，你们总有一个基本账目吧？",
"mid":"zbYKhBHa2",
"date":"2012-12-29 12:33:40"
},
{
"kids":[
"zc0C9mH65",
"zc0vmhJQD",
"zc0uEfRtI",
"zc0sk3nzb",
"zc0qoo7Ys",
"zc03n9VhN"
],
"uid":"1409859220",
"parent":"zbYC32H5g",
"text":"对，就是洗钱",
"mid":"zbYJYpi61",
"date":"2012-12-29 12:32:55"
},
{
"kids":[
"zbYSsoUhW"
],
"uid":"1827633631",
"parent":"zbYC32H5g",
"text":"",
"mid":"zbYHTjjSf",
"date":"2012-12-29 12:27:45"
},
{
"kids":[],
"uid":"2213175277",
"parent":"zbYyh15oq",
"text":"孙先生接到网友质疑，自己也觉得有问题，公开询问一声。邓飞公开做答。孙先生认为解开了自己的疑惑。双方开诚布公，坦坦荡荡，此事已经了结。何来“再出示，应该道歉”之说。",
"mid":"zbYHK9JMF",
"date":"2012-12-29 12:27:26"
},
{
"kids":[
"zbZJfxUYp"
],
"uid":"guyuanwanli",
"parent":"",
"text":"回复@善养浩然:奇怪，儿慈会把钱转给成龙基金会有没有问过捐赠人意愿？天使妈妈把死亡儿童的救助款转走有没有问过捐赠人意愿？！既然他们没有，你们免午怎么就不能被问了呢？！",
"mid":"zbYHf9INr",
"date":"2012-12-29 12:26:11"
},
{
"kids":[],
"uid":"guyuanwanli",
"parent":"",
"text":"回复@善养浩然:企业没有披露义务，哈哈哈，真是人不要脸天下无敌！邓飞质疑别人别企业的时候何等义正词严，到自己被问就怂了？！",
"mid":"zbYEpD8Tn",
"date":"2012-12-29 12:19:12"
},
{
"kids":[],
"uid":"guyuanwanli",
"parent":"zbYvrcllV",
"text":"转，同问@邓飞",
"mid":"zbYCXdury",
"date":"2012-12-29 12:15:36"
},
{
"kids":[
"zbYJYpi61",
"zbYHTjjSf"
],
"uid":"2260912135",
"parent":"",
"text":"把承办晚会的明细拿出来就得了，他们敢吗？邓飞们不是最钟爱谣言倒逼真相吗。现在装死，打死也缩龟壳里。他敢不敢说谁承办的晚会？什么鸡巴晚会要成本400万，承办的组织者还居然是他们的前同事，这叫洗钱捞钱不？",
"mid":"zbYC32H5g",
"date":"2012-12-29 12:13:21"
},
{
"kids":[],
"uid":"339395878",
"parent":"zbYyh15oq",
"text":"",
"mid":"zbYAFnpfg",
"date":"2012-12-29 12:09:59"
},
{
"kids":[],
"uid":"311733367",
"parent":"zbYyh15oq",
"text":"持续关注",
"mid":"zbYAnj4sm",
"date":"2012-12-29 12:09:16"
},
{
"kids":[
"zc0f3nGVc",
"zbYHK9JMF",
"zbYAFnpfg",
"zbYAnj4sm"
],
"uid":"maitian",
"parent":"",
"text":"回复@邓飞:转邓飞的回应。孙先生应该再出示质疑的证据，不能以“网友曝料”为托词，否则应该向邓飞和免午道歉。",
"mid":"zbYyh15oq",
"date":"2012-12-29 12:04:05"
},
{
"kids":[
"zbZ3f7GAt",
"zbYCXdury"
],
"uid":"2260912135",
"parent":"",
"text":"免午洗地团集体出动了，大家转起来，早就知道这事了，不要脸的玩意@rl_lee @青砖猫印 @故园湾里 @1153621670qq",
"mid":"zbYvrcllV",
"date":"2012-12-29 11:57:06"
},
{
"kids":[],
"uid":"wuxuxin",
"parent":"zbU44wrU7",
"text":"这个项目最初本来就是安利自己玩的游戏，其实最好办法就是让他们自己玩下去，大家全看着，看他往下如何玩，真没必要陪着他玩。想帮助贫困孩子有各种途径。",
"mid":"zbXsr1roO",
"date":"2012-12-29 09:16:57"
},
{
"kids":[],
"uid":"2323221303",
"parent":"zbUyulAzJ",
"text":"+1",
"mid":"zbUF9bdLb",
"date":"2012-12-29 02:10:02"
},
{
"kids":[],
"uid":"57696238",
"parent":"zbUvqmStt",
"text":"劝了怎么样",
"mid":"zbUA03Va4",
"date":"2012-12-29 01:57:21"
},
{
"kids":[
"zbUF9bdLb"
],
"uid":"57696238",
"parent":"zbUvqmStt",
"text":"我说折腾 没说你起哄 关于免费午餐 任何人可以质疑 唯独你不可以 为什么 自己去反思",
"mid":"zbUyulAzJ",
"date":"2012-12-29 01:53:38"
},
{
"kids":[
"zbUA03Va4",
"zbUyulAzJ"
],
"uid":"57696238",
"parent":"zbUtAAFSR",
"text":"你是否要看毛病 就这些瞎起哄的 用的着你来劝 ？我今天是免费午餐的一员 我这样回复和争论是有点过和没说服力 但这是我个人微博 谈自己看法 不可以啊最后问你 是否要看毛病 是态主次位子也没搞清楚 就瞎折腾",
"mid":"zbUvqmStt",
"date":"2012-12-29 01:46:05"
},
{
"kids":[
"zbUvqmStt"
],
"uid":"57696238",
"parent":"zbUqUfR9t",
"text":"这里你不要管 我帮你继续红 你就和2个妹子先微信吧",
"mid":"zbUtAAFSR",
"date":"2012-12-29 01:41:34"
},
{
"kids":[
"zbUtAAFSR"
],
"uid":"57696238",
"parent":"zbUqst7wb",
"text":"无所谓",
"mid":"zbUqUfR9t",
"date":"2012-12-29 01:34:57"
},
{
"kids":[],
"uid":"1901895551",
"parent":"zbUcdxdeP",
"text":"@安利基金会应该出来解释一下啊！干嘛自己在那吆呵啊！再说了，这些跟贴评论也太没素质了吧",
"mid":"zbUqzh0lD",
"date":"2012-12-29 01:34:07"
},
{
"kids":[
"zbUqUfR9t"
],
"uid":"57696238",
"parent":"zbUpInfAT",
"text":"知道你对妹子扏着",
"mid":"zbUqst7wb",
"date":"2012-12-29 01:33:51"
},
{
"kids":[
"zbUqst7wb"
],
"uid":"57696238",
"parent":"",
"text":"批准",
"mid":"zbUpInfAT",
"date":"2012-12-29 01:32:01"
},
{
"kids":[],
"uid":"57696238",
"parent":"",
"text":"没闹 为妹子要面子 要理解呀",
"mid":"zbUpFodDo",
"date":"2012-12-29 01:31:54"
},
{
"kids":[],
"uid":"57696238",
"parent":"zbUks8BdF",
"text":"你已经红了",
"mid":"zbUmo75iE",
"date":"2012-12-29 01:23:49"
},
{
"kids":[],
"uid":"57696238",
"parent":"",
"text":"买粉的虚荣心超强 你要理解",
"mid":"zbUkJhtEf",
"date":"2012-12-29 01:19:44"
},
{
"kids":[
"zbUmo75iE"
],
"uid":"57696238",
"parent":"zbUjq2Sdf",
"text":"你不是要帮这2个妹子看你面子吗？",
"mid":"zbUks8BdF",
"date":"2012-12-29 01:19:03"
},
{
"kids":[],
"uid":"57696238",
"parent":"zbTXOfDEo",
"text":"继续 帮你红",
"mid":"zbUjEtLol",
"date":"2012-12-29 01:17:05"
},
{
"kids":[],
"uid":"bingshasha",
"parent":"",
"text":"嗯我碰到过真的需要帮助额是学校的老师来问有没有旧衣服给学生穿冬天太冷了，人家没提出过要一分钱，衣服收到后还穷谢你",
"mid":"zbUjyANyP",
"date":"2012-12-29 01:16:50"
},
{
"kids":[
"zbUks8BdF"
],
"uid":"57696238",
"parent":"zbUf8Edh9",
"text":"你已经红了 知道你和2个妹子关系好",
"mid":"zbUjq2Sdf",
"date":"2012-12-29 01:16:30"
},
{
"kids":[],
"uid":"57696238",
"parent":"zbUho9IwT",
"text":"你想臭？",
"mid":"zbUj7pHm5",
"date":"2012-12-29 01:15:46"
},
{
"kids":[],
"uid":"57696238",
"parent":"",
"text":"证据没 只会网友爆料 蠢到极点",
"mid":"zbUitesAJ",
"date":"2012-12-29 01:14:10"
},
{
"kids":[],
"uid":"57696238",
"parent":"",
"text":"拿钱帮人家发的 怎么删 删了 不结帐了",
"mid":"zbUi5ycSJ",
"date":"2012-12-29 01:13:13"
},
{
"kids":[],
"uid":"57696238",
"parent":"",
"text":"人家是这种东西 你难道不是东西？",
"mid":"zbUhPj9uN",
"date":"2012-12-29 01:12:35"
},
{
"kids":[],
"uid":"57696238",
"parent":"",
"text":"你们要理解 看她的认证就是批判家 这样起哄正常 不批判 对不起自己这个认证",
"mid":"zbUhx1GyC",
"date":"2012-12-29 01:11:50"
},
{
"kids":[
"zbUj7pHm5"
],
"uid":"1866922960",
"parent":"zbTZVtj6O",
"text":"慈善把自己名声弄臭了",
"mid":"zbUho9IwT",
"date":"2012-12-29 01:11:30"
},
{
"kids":[],
"uid":"57696238",
"parent":"",
"text":"[偷笑]",
"mid":"zbUh39bME",
"date":"2012-12-29 01:10:39"
},
{
"kids":[],
"uid":"57696238",
"parent":"",
"text":"那你买粉就买粉 瞎起哄干什么",
"mid":"zbUgIbqLM",
"date":"2012-12-29 01:09:50"
},
{
"kids":[],
"uid":"57696238",
"parent":"",
"text":"先不要乱摸病人做到再讲",
"mid":"zbUgelak2",
"date":"2012-12-29 01:08:38"
},
{
"kids":[],
"uid":"bingshasha",
"parent":"zbUc24qNG",
"text":"绝对的",
"mid":"zbUg8s1hu",
"date":"2012-12-29 01:08:25"
},
{
"kids":[
"zbUjq2Sdf"
],
"uid":"57696238",
"parent":"zbTXOfDEo",
"text":"不否则 是有帮人想红",
"mid":"zbUf8Edh9",
"date":"2012-12-29 01:05:57"
},
{
"kids":[],
"uid":"1350093405",
"parent":"zbTVGrENU",
"text":"同右，我只捐猫猫狗狗",
"mid":"zbUdCq0pG",
"date":"2012-12-29 01:02:13"
},
{
"kids":[],
"uid":"57696238",
"parent":"",
"text":"就是让大家知道 他怎么被人利用 晒一晒",
"mid":"zbUdn4bE4",
"date":"2012-12-29 01:01:36"
},
{
"kids":[],
"uid":"2531004680",
"parent":"zbUcNh3LT",
"text":"",
"mid":"zbUcYeKWW",
"date":"2012-12-29 01:00:37"
},
{
"kids":[
"zbUcYeKWW"
],
"uid":"1901895551",
"parent":"zbUcdxdeP",
"text":"好吧，那就等着看吧",
"mid":"zbUcNh3LT",
"date":"2012-12-29 01:00:11"
},
{
"kids":[
"zbUqzh0lD",
"zbUcNh3LT"
],
"uid":"1213622733",
"parent":"",
"text":"回复@照在儿童明天的太阳:@邓飞 先生在前面回答了，免费午餐一分钱没有出，全部慈善晚会晚宴由安利独家出资。我们等着看资料吧。",
"mid":"zbUcdxdeP",
"date":"2012-12-29 00:58:46"
},
{
"kids":[
"zbUg8s1hu"
],
"uid":"tracylu0121",
"parent":"zbUbwpvdJ",
"text":"宁愿给猫狗",
"mid":"zbUc24qNG",
"date":"2012-12-29 00:58:16"
},
{
"kids":[],
"uid":"57696238",
"parent":"",
"text":"不懂 跟着高跟鞋和买粉教授瞎起哄",
"mid":"zbUbyr5ha",
"date":"2012-12-29 00:57:08"
},
{
"kids":[
"zbUc24qNG"
],
"uid":"bingshasha",
"parent":"zbUaCei3f",
"text":"所以我从不相信那种要钱的",
"mid":"zbUbwpvdJ",
"date":"2012-12-29 00:57:02"
},
{
"kids":[
"zbUbwpvdJ"
],
"uid":"tracylu0121",
"parent":"zbU9ufsVu",
"text":"很多都这样的，而且受捐助的日子比其他学生好多很多！一味索取！",
"mid":"zbUaCei3f",
"date":"2012-12-29 00:54:45"
},
{
"kids":[],
"uid":"57696238",
"parent":"zbU5zC25c",
"text":"笑什么 仁爱医院老院长走了 出奇葩了[偷笑]",
"mid":"zbUawCSeu",
"date":"2012-12-29 00:54:36"
},
{
"kids":[],
"uid":"2141551340",
"parent":"zbU9exqRS",
"text":"[哈哈][哈哈][嘻嘻]",
"mid":"zbUa4AfPt",
"date":"2012-12-29 00:53:30"
},
{
"kids":[
"zbUaCei3f"
],
"uid":"bingshasha",
"parent":"zbU5go2LS",
"text":"丛飞跟他老婆捐助了一群白眼狼，他们出殡竟然没有一个受助者去参加葬礼",
"mid":"zbU9ufsVu",
"date":"2012-12-29 00:52:00"
},
{
"kids":[
"zbUa4AfPt"
],
"uid":"1213622733",
"parent":"",
"text":"回复@吕笋:你那泡的网上做什么呢？洗地吗？",
"mid":"zbU9exqRS",
"date":"2012-12-29 00:51:24"
},
{
"kids":[],
"uid":"pulao",
"parent":"",
"text":"这就叫“杀人放火金腰带，修桥铺路无尸骸”",
"mid":"zbU9arK0o",
"date":"2012-12-29 00:51:12"
},
{
"kids":[],
"uid":"1901895551",
"parent":"",
"text":"啊！这料太劲爆了啊！这可要好好说道说道！",
"mid":"zbU93jMkL",
"date":"2012-12-29 00:50:59"
},
{
"kids":[],
"uid":"1785997782",
"parent":"zbU7Occ4U",
"text":"[泪] 我又凹凸了",
"mid":"zbU85kuUZ",
"date":"2012-12-29 00:48:31"
},
{
"kids":[
"zbU85kuUZ"
],
"uid":"1742411904",
"parent":"zbU5h3uoL",
"text":"这个story我也听过",
"mid":"zbU7Occ4U",
"date":"2012-12-29 00:47:55"
},
{
"kids":[],
"uid":"57696238",
"parent":"zbU5MCaKH",
"text":"你不看 会有人看",
"mid":"zbU7vhpmw",
"date":"2012-12-29 00:47:05"
},
{
"kids":[],
"uid":"1213622733",
"parent":"",
"text":"回复@吕笋:回答的有资格代表免费午餐吗？这个是需要免费午餐官方和@邓飞 先生解释的吧，当然邓飞先生作为发起人，他现在也不是免午的CEO，慈善晚宴的账目问题，需要官方代表来回答。",
"mid":"zbU7leAOz",
"date":"2012-12-29 00:46:42"
},
{
"kids":[],
"uid":"1744112742",
"parent":"",
"text":"",
"mid":"zbU79srfm",
"date":"2012-12-29 00:46:12"
},
{
"kids":[],
"uid":"57696238",
"parent":"zbU619zEj",
"text":"买粉教授质疑正常 恶意诽谤被团队当枪发微博 就2回事 懂了伐",
"mid":"zbU6Os1ZU",
"date":"2012-12-29 00:45:26"
},
{
"kids":[],
"uid":"2531004680",
"parent":"zbU5go2LS",
"text":"龌龊呀[衰]",
"mid":"zbU6Lt6dt",
"date":"2012-12-29 00:45:20"
},
{
"kids":[
"zbU6Os1ZU"
],
"uid":"1236519724",
"parent":"zbU0mkpeo",
"text":"",
"mid":"zbU619zEj",
"date":"2012-12-29 00:43:29"
},
{
"kids":[
"zbU7vhpmw"
],
"uid":"57696238",
"parent":"zbU3Q3REH",
"text":"可是口子打开了 我总要尽力缝好",
"mid":"zbU5MCaKH",
"date":"2012-12-29 00:42:55"
},
{
"kids":[
"zbUawCSeu"
],
"uid":"57696238",
"parent":"zbU4ar6jP",
"text":"让她们红红 医院没出名 这里出名了",
"mid":"zbU5zC25c",
"date":"2012-12-29 00:42:24"
},
{
"kids":[
"zbU7Occ4U"
],
"uid":"1785997782",
"parent":"",
"text":"东郭先生",
"mid":"zbU5h3uoL",
"date":"2012-12-29 00:41:39"
},
{
"kids":[
"zbU9ufsVu",
"zbU6Lt6dt"
],
"uid":"tracylu0121",
"parent":"",
"text":"我公单位定点捐助云南一个学校的，然后时间快到了， 伊拉去考察，看了以后，决定第二年不捐助了，维萨，大家都知道",
"mid":"zbU5go2LS",
"date":"2012-12-29 00:41:39"
},
{
"kids":[
"zbU5zC25c"
],
"uid":"57696238",
"parent":"zbU173yEl",
"text":"说总有说的道理 他们无知 你也无知？",
"mid":"zbU4ar6jP",
"date":"2012-12-29 00:38:56"
},
{
"kids":[
"zbXsr1roO"
],
"uid":"1213622733",
"parent":"",
"text":"回复@吕笋:你现在可以代表免午回答问题吗？孙大夫得到的信息是免午和安利联合出资举办慈善晚宴，捐款数额没有达到所预期的指标。如果你曾经参与并且可以负责的话，为什么不针对质疑找当时的项目负责人了解情况？别说那人是外国人已经离开，也别说当时的责任人已经辞职。国外慈善是遇到质疑就亮账单。",
"mid":"zbU44wrU7",
"date":"2012-12-29 00:38:39"
},
{
"kids":[
"zbU5MCaKH"
],
"uid":"57696238",
"parent":"zbTZIrPd4",
"text":"我们什么货色不用你研究 肯定做的事比你有意义多了",
"mid":"zbU3Q3REH",
"date":"2012-12-29 00:38:07"
},
{
"kids":[],
"uid":"1785997782",
"parent":"zbU3n6JSO",
"text":"做好事不留名懂伐？",
"mid":"zbU3PaCIz",
"date":"2012-12-29 00:38:02"
},
{
"kids":[
"zbU3PaCIz"
],
"uid":"57696238",
"parent":"zbTZVtj6O",
"text":"你心寒 什么 免费午餐数据放在这里 160多所学校天天受惠 你心寒什么",
"mid":"zbU3n6JSO",
"date":"2012-12-29 00:36:58"
},
{
"kids":[],
"uid":"1785997782",
"parent":"",
"text":"[哈哈][哈哈][哈哈] 笑喷了",
"mid":"zbU3mwHIS",
"date":"2012-12-29 00:36:57"
},
{
"kids":[],
"uid":"2531004680",
"parent":"zbTYzi5HP",
"text":"回复@宇宙无敌臭西瓜:断人家财路了，发老急了[偷笑]",
"mid":"zbU2NnZM1",
"date":"2012-12-29 00:35:30"
},
{
"kids":[],
"uid":"2141551340",
"parent":"",
"text":"怪不得之前有微薄指控博主，原来是这么回事，慈善果然是动不得的。",
"mid":"zbU2xpcrs",
"date":"2012-12-29 00:34:53"
},
{
"kids":[],
"uid":"vitohuang",
"parent":"",
"text":"",
"mid":"zbU1wbPy2",
"date":"2012-12-29 00:32:24"
},
{
"kids":[
"zbU4ar6jP"
],
"uid":"57696238",
"parent":"zbTZ08mIo",
"text":"你什么面子 站在诽谤一面的面子 人家不了解 免费午餐 你也不了解了？",
"mid":"zbU173yEl",
"date":"2012-12-29 00:31:24"
},
{
"kids":[
"zbU619zEj"
],
"uid":"1213622733",
"parent":"",
"text":"回复@吕笋:以慈善为乐，以公益为善，是众多公民的认同和经验。不然那么多志愿者从何而来？那么多善款从何而来？慈善从业者很多也是因此而投入的，但是不能以自己做了慈善作为道德豁免权去要求和规范他人。遇到质疑知道的不去回答，不了解的参与谩骂，其实在拉低了慈善的水准。",
"mid":"zbU0mkpeo",
"date":"2012-12-29 00:29:28"
},
{
"kids":[],
"uid":"57696238",
"parent":"zbTYxaJXp",
"text":"这是 @阿彦和他的朋友们 的合作项目 OK",
"mid":"zbU0joEhR",
"date":"2012-12-29 00:29:26"
},
{
"kids":[],
"uid":"57696238",
"parent":"zbTXOfDEo",
"text":"做到现在了 数据不断上升 OK",
"mid":"zbU05dETN",
"date":"2012-12-29 00:28:49"
},
{
"kids":[
"zbUho9IwT",
"zbU3n6JSO"
],
"uid":"1785997782",
"parent":"zbTZ08mIo",
"text":"谁跟什么教授站一边，认都不认识，我只是说了我个人观点，对于慈善为什么让人心寒，难道怪捐助者？",
"mid":"zbTZVtj6O",
"date":"2012-12-29 00:28:28"
},
{
"kids":[
"zbU3Q3REH"
],
"uid":"57696238",
"parent":"zbTYzi5HP",
"text":"水军 ？冒失就我一个人在调教他们",
"mid":"zbTZIrPd4",
"date":"2012-12-29 00:27:55"
},
{
"kids":[],
"uid":"melonyu",
"parent":"zbTYzi5HP",
"text":"慈善本来就靠口碑和信誉来募钱，所以一旦有损口碑必须立刻剿灭之，否则断了财路。",
"mid":"zbTZ6FCAA",
"date":"2012-12-29 00:26:28"
},
{
"kids":[
"zbU173yEl",
"zbTZVtj6O"
],
"uid":"57696238",
"parent":"zbTXOfDEo",
"text":"去跟这个下流教授站一边 悲哀[汗]",
"mid":"zbTZ08mIo",
"date":"2012-12-29 00:26:09"
},
{
"kids":[
"zbU2NnZM1",
"zbTZIrPd4",
"zbTZ6FCAA"
],
"uid":"2531004680",
"parent":"zbTXlBaoE",
"text":"不要跟这帮人争了，这些慈善组织的水军比卖切糕 的还狠，早领教过了",
"mid":"zbTYzi5HP",
"date":"2012-12-29 00:25:07"
},
{
"kids":[
"zbU0joEhR"
],
"uid":"57696238",
"parent":"zbTXJyRS6",
"text":"你慢慢听 一我没和这医院合作过 请指出合作过什么项目？你们除了假消息还会什么 质疑慈善 引起大家关注？",
"mid":"zbTYxaJXp",
"date":"2012-12-29 00:25:03"
},
{
"kids":[],
"uid":"1751253074",
"parent":"zbTRiBW9Y",
"text":"哦~~~~",
"mid":"zbTXRg2mV",
"date":"2012-12-29 00:23:23"
},
{
"kids":[
"zbUjEtLol",
"zbUf8Edh9",
"zbU05dETN",
"zbTZ08mIo"
],
"uid":"57696238",
"parent":"zbTXmcObO",
"text":"没事 我不放弃对你的训练提高",
"mid":"zbTXOfDEo",
"date":"2012-12-29 00:23:16"
},
{
"kids":[
"zbTYxaJXp"
],
"uid":"1785997782",
"parent":"zbTXlBaoE",
"text":"怎么嘎搞笑，听说还是和仁爱合作过的[汗]",
"mid":"zbTXJyRS6",
"date":"2012-12-29 00:23:04"
},
{
"kids":[
"zbTXOfDEo"
],
"uid":"1785997782",
"parent":"zbTX8B11w",
"text":"智商是不如你呀！我承认的！",
"mid":"zbTXmcObO",
"date":"2012-12-29 00:22:09"
},
{
"kids":[
"zbTYzi5HP",
"zbTXJyRS6"
],
"uid":"xnnhz",
"parent":"zbTWqBlXZ",
"text":"右边可以去睡觉了 费神啊",
"mid":"zbTXlBaoE",
"date":"2012-12-29 00:22:08"
},
{
"kids":[
"zbTXmcObO"
],
"uid":"57696238",
"parent":"zbTWqBlXZ",
"text":"谁骗你了？智商又出问题了 哎",
"mid":"zbTX8B11w",
"date":"2012-12-29 00:21:33"
},
{
"kids":[],
"uid":"2531004680",
"parent":"zbTvdzym6",
"text":"现在慈善募捐的人比卖切糕的还狠呀[偷笑]",
"mid":"zbTWGyUmK",
"date":"2012-12-29 00:20:30"
},
{
"kids":[],
"uid":"57696238",
"parent":"zbTVbrtH7",
"text":"可以呀 对猫猫狗狗的好 讲给你听 你会大吃一惊 算了 你不要被一些脑瘫误导",
"mid":"zbTWGducK",
"date":"2012-12-29 00:20:26"
},
{
"kids":[
"zbTXlBaoE",
"zbTX8B11w"
],
"uid":"1785997782",
"parent":"zbTVM6fq5",
"text":"智商没有骗子高，动机就是不捐！又让你多虑了！",
"mid":"zbTWqBlXZ",
"date":"2012-12-29 00:19:52"
},
{
"kids":[],
"uid":"2531004680",
"parent":"zbTzSjfuD",
"text":"",
"mid":"zbTWiyRHr",
"date":"2012-12-29 00:19:33"
},
{
"kids":[
"zbTWqBlXZ"
],
"uid":"57696238",
"parent":"zbTUx1jy4",
"text":"对的继续在搞慈善 错的贪污违规在监狱 OK 我真的在怀疑你的智商和动机哎",
"mid":"zbTVM6fq5",
"date":"2012-12-29 00:18:16"
},
{
"kids":[
"zbUdCq0pG"
],
"uid":"1282057112",
"parent":"zbTUOov7r",
"text":"来了个只断命郭嘉一切的捐款都不会参加",
"mid":"zbTVGrENU",
"date":"2012-12-29 00:18:01"
},
{
"kids":[],
"uid":"57696238",
"parent":"zbTUOov7r",
"text":"慈善方法很多种 这也是一种 可以呀",
"mid":"zbTVhlHsf",
"date":"2012-12-29 00:17:02"
},
{
"kids":[
"zbTWGducK"
],
"uid":"1785997782",
"parent":"zbTUOov7r",
"text":"捐给猫猫狗狗[哈哈]",
"mid":"zbTVbrtH7",
"date":"2012-12-29 00:16:48"
},
{
"kids":[
"zbTVGrENU",
"zbTVhlHsf",
"zbTVbrtH7"
],
"uid":"xnnhz",
"parent":"zbTTYqskT",
"text":"捐助喏 直接平困山区找个小孩一对一帮困",
"mid":"zbTUOov7r",
"date":"2012-12-29 00:15:53"
},
{
"kids":[
"zbTVM6fq5"
],
"uid":"1785997782",
"parent":"zbTU4A9o3",
"text":"错对又不是你一个人说了算！",
"mid":"zbTUx1jy4",
"date":"2012-12-29 00:15:08"
},
{
"kids":[
"zbTUx1jy4"
],
"uid":"57696238",
"parent":"zbTTtozNQ",
"text":"不要用慈善来约束某些态度 错就错 对就对 认为违规违法 报警 没必要微博诽谤和谈理论",
"mid":"zbTU4A9o3",
"date":"2012-12-29 00:14:04"
},
{
"kids":[
"zbTUOov7r"
],
"uid":"1785997782",
"parent":"zbTTtozNQ",
"text":"[哈哈][哈哈][哈哈] 不捐是大爷",
"mid":"zbTTYqskT",
"date":"2012-12-29 00:13:49"
},
{
"kids":[],
"uid":"1495169702",
"parent":"",
"text":"我倒是不太相信免午会买这么贵的非必须品。也许我太善良，总希望把人往好的方面想。但感觉@邓飞 摊子铺太大，能先搞好免午吗？这个医生话语恳切，只求澄清。摆出事实即可。相信医生会有合适回应。这些谩骂之人实在像老鼠屎。",
"mid":"zbTTUyTtS",
"date":"2012-12-29 00:13:39"
},
{
"kids":[
"zbTU4A9o3",
"zbTTYqskT"
],
"uid":"iantyii",
"parent":"zbTRN2Wsh",
"text":"做慈善的也要客气一点。[挖鼻屎]",
"mid":"zbTTtozNQ",
"date":"2012-12-29 00:12:33"
},
{
"kids":[],
"uid":"57696238",
"parent":"zbTSkrRqb",
"text":"你抱和不抱 天天捐款刷新 所以随你抱不抱",
"mid":"zbTTj2Rr4",
"date":"2012-12-29 00:12:06"
},
{
"kids":[],
"uid":"xnnhz",
"parent":"zbTSt0IXy",
"text":"了中国真正做慈善的能有多少",
"mid":"zbTSPs3Sr",
"date":"2012-12-29 00:10:58"
},
{
"kids":[],
"uid":"2531004680",
"parent":"zbTQC4xOM",
"text":"儿希，天使妈妈，都一泡货色",
"mid":"zbTSyCR1B",
"date":"2012-12-29 00:10:17"
},
{
"kids":[],
"uid":"57696238",
"parent":"zbTPid2WA",
"text":"我在等@胡益华律师 睡什么 晕",
"mid":"zbTSvmpt5",
"date":"2012-12-29 00:10:13"
},
{
"kids":[
"zbTSPs3Sr"
],
"uid":"1785997782",
"parent":"zbTQC4xOM",
"text":"不是，是上次新闻里放额，请财务做账，小数点点错，把项目归类归错，最后找了会计事务所审核才查出毛病[哈哈]",
"mid":"zbTSt0IXy",
"date":"2012-12-29 00:10:07"
},
{
"kids":[
"zbTTj2Rr4"
],
"uid":"1866922960",
"parent":"zbTRN2Wsh",
"text":"慈善爱不起来",
"mid":"zbTSkrRqb",
"date":"2012-12-29 00:09:47"
},
{
"kids":[],
"uid":"57696238",
"parent":"zbTR514Bl",
"text":"我不是这个组织 但我知道执行一个项目和采购 是调研决定的 如果违规 会被理事们否决",
"mid":"zbTS3jxpb",
"date":"2012-12-29 00:09:05"
},
{
"kids":[
"zbTTtozNQ",
"zbTSkrRqb"
],
"uid":"1785997782",
"parent":"zbTQUFIm9",
"text":"我又没对你们抱希望！你多虑了！",
"mid":"zbTRN2Wsh",
"date":"2012-12-29 00:08:26"
},
{
"kids":[
"zbTXRg2mV"
],
"uid":"57696238",
"parent":"zbTQbaZAj",
"text":"一个支持免费午餐的网友 答案满意吗？",
"mid":"zbTRiBW9Y",
"date":"2012-12-29 00:07:14"
},
{
"kids":[
"zbTS3jxpb"
],
"uid":"xnnhz",
"parent":"zbTQrqtZY",
"text":"[汗]你不是去过当地的嘛 不是应该了解情况的嘛 不然怎么斩钉截铁说总有用的道理啊？",
"mid":"zbTR514Bl",
"date":"2012-12-29 00:06:42"
},
{
"kids":[
"zbTRN2Wsh"
],
"uid":"57696238",
"parent":"zbTPPCiRi",
"text":"放心没倒 天天捐款刷新 不好意思 让你失望了",
"mid":"zbTQUFIm9",
"date":"2012-12-29 00:06:16"
},
{
"kids":[
"zbTSyCR1B",
"zbTSt0IXy"
],
"uid":"xnnhz",
"parent":"zbTQfja9v",
"text":"之前不是有个天使妈妈嘛 是这个名字伐 捐款给孩子开刀的那个 啊一天世界的",
"mid":"zbTQC4xOM",
"date":"2012-12-29 00:05:29"
},
{
"kids":[
"zbTR514Bl"
],
"uid":"57696238",
"parent":"zbTPRnlgy",
"text":"这个问题我确实不清楚 一起请@免费午餐 回答",
"mid":"zbTQrqtZY",
"date":"2012-12-29 00:05:07"
},
{
"kids":[
"zbTQC4xOM"
],
"uid":"1785997782",
"parent":"zbTPRnlgy",
"text":"上次看新闻，哪个公益组织连帐都不平，笑死我了！",
"mid":"zbTQfja9v",
"date":"2012-12-29 00:04:35"
},
{
"kids":[
"zbTRiBW9Y"
],
"uid":"xnnhz",
"parent":"zbTPid2WA",
"text":"人家不是问起你是谁了嘛 哪里跑题了",
"mid":"zbTQbaZAj",
"date":"2012-12-29 00:04:28"
},
{
"kids":[],
"uid":"syppily",
"parent":"",
"text":"既然就问是不是事实，兜仔回答就好了，扯其他的干啥",
"mid":"zbTQ5ylfL",
"date":"2012-12-29 00:04:15"
},
{
"kids":[
"zbTQrqtZY",
"zbTQfja9v"
],
"uid":"xnnhz",
"parent":"zbTOT5YZg",
"text":"为啥不请当地人切 还能解决就业问题",
"mid":"zbTPRnlgy",
"date":"2012-12-29 00:03:39"
},
{
"kids":[
"zbTQUFIm9"
],
"uid":"1785997782",
"parent":"zbTOT5YZg",
"text":"公益组织都是自己把自己牌子做瘫掉的！",
"mid":"zbTPPCiRi",
"date":"2012-12-29 00:03:37"
},
{
"kids":[
"zbTSvmpt5",
"zbTQbaZAj"
],
"uid":"57696238",
"parent":"zbTO12LAU",
"text":"请不要跑题 现在讨论免费午餐 OK",
"mid":"zbTPid2WA",
"date":"2012-12-29 00:02:17"
},
{
"kids":[],
"uid":"melonyu",
"parent":"zbTNzyi7m",
"text":"邓飞的马仔?",
"mid":"zbTOZzQa1",
"date":"2012-12-29 00:01:32"
},
{
"kids":[
"zbTPRnlgy",
"zbTPPCiRi"
],
"uid":"57696238",
"parent":"zbTNasbpp",
"text":"高根鞋 用切菜器总有用的道理 你没去过当地 你了解多少 当然你不捐是你的自由 那么多数据和孩子受惠摆在面前 懂的人都懂的",
"mid":"zbTOT5YZg",
"date":"2012-12-29 00:01:17"
},
{
"kids":[],
"uid":"xnnhz",
"parent":"zbTOscqGq",
"text":"嘴巴很老的",
"mid":"zbTOKx69A",
"date":"2012-12-29 00:00:54"
},
{
"kids":[
"zbTOKx69A"
],
"uid":"1785997782",
"parent":"zbTNMg7uW",
"text":"有人爱特我了，说他叫王刚，手机号都肉出来了[汗]",
"mid":"zbTOscqGq",
"date":"2012-12-29 00:00:12"
},
{
"kids":[
"zbTPid2WA"
],
"uid":"xnnhz",
"parent":"zbTNzyi7m",
"text":"去V了 以前是个大V 跟伊能静掐过",
"mid":"zbTO12LAU",
"date":"2012-12-28 23:59:08"
},
{
"kids":[
"zbTOscqGq"
],
"uid":"xnnhz",
"parent":"zbTNasbpp",
"text":"最早跟我吵架为了只主持人火锅店 然后跟伊能静互掐最后互相原谅",
"mid":"zbTNMg7uW",
"date":"2012-12-28 23:58:32"
},
{
"kids":[
"zbTOZzQa1",
"zbTO12LAU"
],
"uid":"1751253074",
"parent":"zbTLPFmjz",
"text":"[可怜]最右是名人?",
"mid":"zbTNzyi7m",
"date":"2012-12-28 23:58:03"
},
{
"kids":[
"zbTOT5YZg",
"zbTNMg7uW"
],
"uid":"1785997782",
"parent":"zbTLPFmjz",
"text":"这人谁啊？还转发我的来",
"mid":"zbTNasbpp",
"date":"2012-12-28 23:57:03"
},
{
"kids":[],
"uid":"206050571",
"parent":"",
"text":"",
"mid":"zbTMRfFdy",
"date":"2012-12-28 23:56:17"
},
{
"kids":[
"zbTNzyi7m",
"zbTNasbpp"
],
"uid":"xnnhz",
"parent":"",
"text":"又看到右右了",
"mid":"zbTLPFmjz",
"date":"2012-12-28 23:53:42"
},
{
"kids":[],
"uid":"57696238",
"parent":"zbTIy67tZ",
"text":"这个蠢货连我们不捐孩子吃饭钱 做什么项目都不知道 就说我侵吞孩子吃饭钱 你天天微博质疑我 和他人留言 你不可以直接报警干脆点 蠢到极点",
"mid":"zbTJujojI",
"date":"2012-12-28 23:48:00"
},
{
"kids":[
"zbTJujojI"
],
"uid":"57696238",
"parent":"",
"text":"[汗]",
"mid":"zbTIy67tZ",
"date":"2012-12-28 23:45:40"
},
{
"kids":[],
"uid":"syppily",
"parent":"",
"text":"",
"mid":"zbTFOdzLF",
"date":"2012-12-28 23:38:55"
},
{
"kids":[],
"uid":"57696238",
"parent":"zbTC56hBi",
"text":"高根鞋 你家做饭不用锅的 ？生米买回来直接吃的？还有个湖北教授你继续发挥 你要炫耀你贵州省里有关系 你尽管搞 我等你 垃圾教授粉丝也要买的虚伪透顶",
"mid":"zbTECj5rD",
"date":"2012-12-28 23:35:59"
},
{
"kids":[
"zbTECj5rD"
],
"uid":"1785997782",
"parent":"",
"text":"谁捐谁傻",
"mid":"zbTC56hBi",
"date":"2012-12-28 23:29:44"
},
{
"kids":[
"zbTWiyRHr"
],
"uid":"1213622733",
"parent":"",
"text":"这次这个@贵州省扶贫助学促进会 @兜率仔仔 蹦得可真欢实，不记得自己大照片放着被网友质疑了吗？ 要不要与贵州专管教育和慈善的省委副书记、副省长联络一下，问问他们手下的这些机构究竟用的是什么人？这个顶着贵州省名义的扶贫助学促进会 在上海干嘛？",
"mid":"zbTzSjfuD",
"date":"2012-12-28 23:24:15"
},
{
"kids":[],
"uid":"57696238",
"parent":"zbTvdzym6",
"text":"没什么顶不顶 不要以为弄个V 很有学问很有想法 装人人会装 @免费午餐 走到这一天 不是你们这些诽谤起哄能乱造谣的 用数据说话 懂吗",
"mid":"zbTx4wYQu",
"date":"2012-12-28 23:17:23"
},
{
"kids":[
"zbTWGyUmK",
"zbTx4wYQu"
],
"uid":"1213622733",
"parent":"",
"text":"回复@阜外医院孙宏涛:可惜他们还顶着公益慈善的头衔和帽子,长见识。",
"mid":"zbTvdzym6",
"date":"2012-12-28 23:12:48"
},
{
"kids":[],
"uid":"57696238",
"parent":"",
"text":"可以呀 但不是这么诽谤性的质疑懂吗 小朋友",
"mid":"zbTfVEXuQ",
"date":"2012-12-28 22:35:10"
},
{
"kids":[],
"uid":"wyb6300",
"parent":"",
"text":"",
"mid":"zbSTQ6ree",
"date":"2012-12-28 21:40:44"
},
{
"kids":[],
"uid":"1213622733",
"parent":"",
"text":"@免午午餐 不能提问，不能质疑吗？@邓飞 先生。",
"mid":"zbSSjbWlf",
"date":"2012-12-28 21:36:55"
},
{
"kids":[],
"uid":"turnrightwy",
"parent":"zbSxk8Nvg",
"text":"@于建嵘 同求证",
"mid":"zbSzGqodZ",
"date":"2012-12-28 20:51:02"
},
{
"kids":[],
"uid":"1321417737",
"parent":"zbSxk8Nvg",
"text":"",
"mid":"zbSzFeybC",
"date":"2012-12-28 20:51:02"
},
{
"kids":[
"zbSzGqodZ",
"zbSzFeybC"
],
"uid":"207191966",
"parent":"",
"text":"求证！@医院那点事",
"mid":"zbSxk8Nvg",
"date":"2012-12-28 20:45:16"
},
{
"kids":[],
"uid":"2595706311",
"parent":"zbRN0AOCX",
"text":"",
"mid":"zbSsr0hVP",
"date":"2012-12-28 20:33:12"
},
{
"kids":[],
"uid":"chinakingli",
"parent":"",
"text":"太有可能！",
"mid":"zbSeu4QjI",
"date":"2012-12-28 19:58:52"
},
{
"kids":[],
"uid":"guizhouzhuxue",
"parent":"",
"text":"请问你质疑 @免费午餐 你领导知道吗？",
"mid":"zbS6Dpns8",
"date":"2012-12-28 19:39:28"
},
{
"kids":[],
"uid":"guizhouzhuxue",
"parent":"",
"text":"骂你什么 ？在质疑你医院做得违规事 请你回应",
"mid":"zbS60FHLz",
"date":"2012-12-28 19:37:59"
},
{
"kids":[],
"uid":"guizhouzhuxue",
"parent":"",
"text":"网友举报你，就是人身攻击，你要脸吗？!求阜外医院院办电话，举报你这条色狼，还学人删号",
"mid":"zbS3oa5hV",
"date":"2012-12-28 19:31:31"
},
{
"kids":[],
"uid":"guizhouzhuxue",
"parent":"",
"text":"所以他利用工种摸病人乳房 也请他回应 可以质疑 可以辟谣",
"mid":"zbS2SxygW",
"date":"2012-12-28 19:30:14"
},
{
"kids":[],
"uid":"guizhouzhuxue",
"parent":"",
"text":"我们欢迎尊重用心去做参加慈善得每一个人 但我们不能容忍利用慈善乱造谣乱起哄得人 @阜外医院孙宏涛 你对得起你得认证吗 你没参加这次慈善会 就少诽谤",
"mid":"zbRZhreSv",
"date":"2012-12-28 19:21:24"
},
{
"kids":[],
"uid":"guizhouzhuxue",
"parent":"",
"text":"@阜外医院孙宏涛 就是他",
"mid":"zbRVxx9du",
"date":"2012-12-28 19:12:08"
},
{
"kids":[],
"uid":"guizhouzhuxue",
"parent":"",
"text":"他想利用慈善出名 必须暴他光",
"mid":"zbRUexrOT",
"date":"2012-12-28 19:08:58"
},
{
"kids":[],
"uid":"1915701222",
"parent":"",
"text":"转发微博。",
"mid":"zbRTl1gge",
"date":"2012-12-28 19:06:43"
},
{
"kids":[],
"uid":"guizhouzhuxue",
"parent":"zbRG96UaW",
"text":"真相来了",
"mid":"zbRSs4lfl",
"date":"2012-12-28 19:04:34"
},
{
"kids":[],
"uid":"guizhouzhuxue",
"parent":"",
"text":"博主在造谣",
"mid":"zbRS3vgtd",
"date":"2012-12-28 19:03:35"
},
{
"kids":[],
"uid":"3200512247",
"parent":"",
"text":"",
"mid":"zbRPOkU4h",
"date":"2012-12-28 18:58:04"
},
{
"kids":[],
"uid":"23qz",
"parent":"",
"text":"围观",
"mid":"zbROImE0n",
"date":"2012-12-28 18:55:22"
},
{
"kids":[],
"uid":"zjolxx",
"parent":"",
"text":"又是据网友爆料…你好歹拿出点实际的证据出来啊…[汗]",
"mid":"zbROqjaka",
"date":"2012-12-28 18:54:38"
},
{
"kids":[
"zbSsr0hVP"
],
"uid":"2607898175",
"parent":"",
"text":"不会吧？！",
"mid":"zbRN0AOCX",
"date":"2012-12-28 18:51:07"
},
{
"kids":[],
"uid":"2786895294",
"parent":"",
"text":"",
"mid":"zbRMPkwdk",
"date":"2012-12-28 18:50:43"
},
{
"kids":[],
"uid":"zwpla",
"parent":"",
"text":"",
"mid":"zbRLb5Qms",
"date":"2012-12-28 18:46:37"
},
{
"kids":[],
"uid":"guizhouzhuxue",
"parent":"",
"text":"为什么要诽谤",
"mid":"zbRJCrMDq",
"date":"2012-12-28 18:42:49"
},
{
"kids":[],
"uid":"2310376175",
"parent":"zbRw7l1UR",
"text":"",
"mid":"zbRIz9sAq",
"date":"2012-12-28 18:40:12"
},
{
"kids":[],
"uid":"tianxincheng",
"parent":"zbRCZbaxx",
"text":"请勿以讹传讹！鄙视！",
"mid":"zbRGp0WWL",
"date":"2012-12-28 18:34:53"
},
{
"kids":[
"zbRSs4lfl"
],
"uid":"2278491672",
"parent":"",
"text":"我是免午的定向捐款人，本人有幸参加了这次晚会，并以12万拍得了一幅画作，我可以确认这笔款项已一分不少的花到我的学校。据我所知，本次晚会由安利全款筹办，免午未出一分费用!我还知道很多慈善晚会达不到预期募款额。但组织者的善意是毋庸置疑的!愽主以质疑贴形式巧妙行传播谣言之实，居心颇测呀!",
"mid":"zbRG96UaW",
"date":"2012-12-28 18:34:15"
},
{
"kids":[
"zdr0Z6ioX",
"zbRGp0WWL"
],
"uid":"media3w",
"parent":"",
"text":"孙医生，免费午餐在该次募捐活动中实际支出是一些宣传材料的印刷费等，花销在几千元左右，近几天会有详细项目公布。作为公众人物，请勿以讹传讹，谢谢。",
"mid":"zbRCZbaxx",
"date":"2012-12-28 18:26:27"
},
{
"kids":[],
"uid":"57696238",
"parent":"",
"text":"狗屁不通",
"mid":"zbRCLgqCf",
"date":"2012-12-28 18:25:55"
},
{
"kids":[],
"uid":"2128399855",
"parent":"",
"text":"这人有够不要脸得",
"mid":"zbRCm9n6w",
"date":"2012-12-28 18:24:54"
},
{
"kids":[],
"uid":"1080552231",
"parent":"zbRw7l1UR",
"text":"让公益更清楚,更放心[呵呵]~",
"mid":"zbRBRqrhI",
"date":"2012-12-28 18:23:42"
},
{
"kids":[],
"uid":"2113890164",
"parent":"",
"text":"[衰]等删除。",
"mid":"zbRBO9GfI",
"date":"2012-12-28 18:23:34"
},
{
"kids":[],
"uid":"3036491995",
"parent":"",
"text":"",
"mid":"zbRBk1TfS",
"date":"2012-12-28 18:22:22"
},
{
"kids":[],
"uid":"tangqingqing",
"parent":"zbRyrvIpG",
"text":"最不要脸的就是听见那些据说、听说、据传、有网友爆料神马的，要质疑就拿出证据，别像方舟子一样做小丑",
"mid":"zbRz0pJxx",
"date":"2012-12-28 18:16:39"
},
{
"kids":[],
"uid":"1825162977",
"parent":"zbRyrvIpG",
"text":"[吃惊]",
"mid":"zbRyTA5Iu",
"date":"2012-12-28 18:16:24"
},
{
"kids":[
"zbRz0pJxx",
"zbRyTA5Iu"
],
"uid":"lvsun",
"parent":"",
"text":"回复@邓飞:需要质疑，更需要证据！！！要和平。",
"mid":"zbRyrvIpG",
"date":"2012-12-28 18:15:15"
},
{
"kids":[],
"uid":"238199678",
"parent":"",
"text":"",
"mid":"zbRxvCeqx",
"date":"2012-12-28 18:12:59"
},
{
"kids":[
"zbRIz9sAq",
"zbRBRqrhI"
],
"uid":"lvsun",
"parent":"",
"text":"回复@邓飞:免费午餐未出一分钱",
"mid":"zbRw7l1UR",
"date":"2012-12-28 18:09:33"
},
{
"kids":[],
"uid":"51855099",
"parent":"",
"text":"如果连@邓飞 都沦陷了哥以后再也不会信公益了，有钱自己想办法直送需要者……",
"mid":"zbRuBoQJe",
"date":"2012-12-28 18:05:47"
},
{
"kids":[],
"uid":"1442692110",
"parent":"",
"text":"捐款都是他妈扯淡的.真正需要捐款的人出来都没有得到过捐款",
"mid":"zbRtPtEhl",
"date":"2012-12-28 18:03:55"
},
{
"kids":[],
"uid":"scientificflunky",
"parent":"",
"text":"支持~",
"mid":"zbRotlEMS",
"date":"2012-12-28 17:50:42"
},
{
"kids":[],
"uid":"1213622733",
"parent":"",
"text":"同问@邓飞",
"mid":"zbRld1H4N",
"date":"2012-12-28 17:42:37"
},
{
"kids":[],
"uid":"danse",
"parent":"",
"text":"#腾讯小卧底#",
"mid":"zbRkvuQQ6",
"date":"2012-12-28 17:40:58"
}
]