[
{
"kids":[],
"uid":"2805455892",
"parent":"zgF356Tf6",
"text":"",
"mid":"zjGs4sGPF",
"date":"2013-02-18 04:41:48"
},
{
"kids":[],
"uid":"1439702934",
"parent":"zgF356Tf6",
"text":"",
"mid":"zjBuky2vc",
"date":"2013-02-17 16:03:38"
},
{
"kids":[],
"uid":"2408926322",
"parent":"",
"text":"胡鸡巴扯",
"mid":"zivhO23gG",
"date":"2013-02-10 10:25:58"
},
{
"kids":[],
"uid":"2790089822",
"parent":"zgF356Tf6",
"text":"",
"mid":"zhR6PDu44",
"date":"2013-02-06 04:09:05"
},
{
"kids":[],
"uid":"2920618182",
"parent":"zgF356Tf6",
"text":"",
"mid":"zhJcS9Lov",
"date":"2013-02-05 08:01:58"
},
{
"kids":[],
"uid":"2656578364",
"parent":"",
"text":"呵呵。。",
"mid":"zhl7Vzakk",
"date":"2013-02-02 18:43:50"
},
{
"kids":[],
"uid":"2920539630",
"parent":"zgF356Tf6",
"text":"",
"mid":"zgY1SbYsP",
"date":"2013-01-31 07:55:46"
},
{
"kids":[],
"uid":"1722279462",
"parent":"",
"text":"不要脸。",
"mid":"zgRKexLO2",
"date":"2013-01-30 15:55:51"
},
{
"kids":[],
"uid":"2808675204",
"parent":"zgF356Tf6",
"text":"",
"mid":"zgPJLs2A2",
"date":"2013-01-30 10:49:12"
},
{
"kids":[],
"uid":"jrdanny",
"parent":"",
"text":"毛....我记得火车上的这种快餐饭一开始很贵...没什么人吃...到晚上10点之后,最后降到5块,3块的都有.....-0-....那是好久以前的事儿了...发现这个事儿以后,火车上再没买过饭....0.0",
"mid":"zgPnqcc9m",
"date":"2013-01-30 09:54:08"
},
{
"kids":[],
"uid":"1588601893",
"parent":"zgHf1nIm7",
"text":"",
"mid":"zgOsXvhDf",
"date":"2013-01-30 07:35:02"
},
{
"kids":[],
"uid":"1763182537",
"parent":"",
"text":"",
"mid":"zgLvv8oVo",
"date":"2013-01-30 00:03:03"
},
{
"kids":[],
"uid":"2450996414",
"parent":"zgKIBnNQa",
"text":"/应该是记者同志只带了五元，等着卖饭的阿姨一趟躺从30元降到五元/@巴塞罗那尔多:这是要逆天了，麻烦给我来杯张裕解百纳",
"mid":"zgKR03IxI",
"date":"2013-01-29 22:23:16"
},
{
"kids":[
"zgKR03IxI"
],
"uid":"2299431215",
"parent":"zgKmIbc0j",
"text":"这是要逆天了，麻烦给我来杯张裕解百纳",
"mid":"zgKIBnNQa",
"date":"2013-01-29 22:02:36"
},
{
"kids":[],
"uid":"2648919664",
"parent":"",
"text":"笑尿了，这帮人真心逗比",
"mid":"zgKoL0v67",
"date":"2013-01-29 21:13:42"
},
{
"kids":[
"zgKIBnNQa"
],
"uid":"1292239935",
"parent":"",
"text":"比我们学校食堂还便宜，以后决定充饭卡到铁道部。开你大爷的玩笑[愤怒]，五块钱盒饭敢不敢再配瓶红酒吖[顶]",
"mid":"zgKmIbc0j",
"date":"2013-01-29 21:08:40"
},
{
"kids":[],
"uid":"2321969247",
"parent":"zgHf1nIm7",
"text":"@露露lucc",
"mid":"zgK4W46v4",
"date":"2013-01-29 20:24:50"
},
{
"kids":[],
"uid":"2537480132",
"parent":"zgJmolkL4",
"text":"最他妈傻逼的行为就是自欺欺人……",
"mid":"zgK1igLav",
"date":"2013-01-29 20:15:52"
},
{
"kids":[],
"uid":"mengzhidian",
"parent":"",
"text":"真TMD放屁，一瓶水就不止这个价，我不知CCAV作秀做到什么时候",
"mid":"zgK0y8GyW",
"date":"2013-01-29 20:14:04"
},
{
"kids":[
"zgK1igLav"
],
"uid":"1861543751",
"parent":"zgAVerYiq",
"text":"呵呵~",
"mid":"zgJmolkL4",
"date":"2013-01-29 18:35:06"
},
{
"kids":[],
"uid":"2111512",
"parent":"",
"text":"这压根就是央视在吹铁道部的马屁",
"mid":"zgJ8m87Wg",
"date":"2013-01-29 18:00:33"
},
{
"kids":[],
"uid":"2582596212",
"parent":"",
"text":"诶哟卧槽",
"mid":"zgIPm2bJ9",
"date":"2013-01-29 17:13:44"
},
{
"kids":[],
"uid":"1873277813",
"parent":"",
"text":"好象幾十年前,有過五塊的.",
"mid":"zgIAhClyj",
"date":"2013-01-29 16:36:35"
},
{
"kids":[],
"uid":"1911412410",
"parent":"zgHHMpMf6",
"text":"",
"mid":"zgHKe1lyf",
"date":"2013-01-29 14:28:21"
},
{
"kids":[
"zgHKe1lyf"
],
"uid":"1985118715",
"parent":"zgFQIBfwq",
"text":"哎，这新闻应该是报道的未来的火车事件吧。",
"mid":"zgHHMpMf6",
"date":"2013-01-29 14:22:20"
},
{
"kids":[],
"uid":"1037987510",
"parent":"zgEXc8Wtv",
"text":"还贼难吃！",
"mid":"zgHFAv4A5",
"date":"2013-01-29 14:16:56"
},
{
"kids":[],
"uid":"1655586820",
"parent":"zgBg72ypp",
"text":"还可以加饭？来，给我加个鲍鱼。。。",
"mid":"zgHzDr04r",
"date":"2013-01-29 14:02:16"
},
{
"kids":[],
"uid":"1055055217",
"parent":"zgHtVpzmo",
"text":"",
"mid":"zgHxc9oKk",
"date":"2013-01-29 13:56:15"
},
{
"kids":[
"zgHxc9oKk"
],
"uid":"humengting1206",
"parent":"zgGOhodfr",
"text":"同意佩姐的",
"mid":"zgHtVpzmo",
"date":"2013-01-29 13:48:11"
},
{
"kids":[],
"uid":"zhou118",
"parent":"zgHaa0sVX",
"text":"这……",
"mid":"zgHlxlCwa",
"date":"2013-01-29 13:27:31"
},
{
"kids":[],
"uid":"goodgirls7",
"parent":"zgBbR9Nmq",
"text":"从来没吃过火车上盒饭的飘过，下次要勇敢尝试",
"mid":"zgHfIzc8x",
"date":"2013-01-29 13:13:13"
},
{
"kids":[
"zgOsXvhDf",
"zgK4W46v4"
],
"uid":"iassacchow",
"parent":"",
"text":"@胡恆henrywu @震荡波W",
"mid":"zgHf1nIm7",
"date":"2013-01-29 13:11:28"
},
{
"kids":[
"zgHlxlCwa"
],
"uid":"1823989017",
"parent":"zgBG2uqMV",
"text":"@铁道部 。。。。。这两天冷，别讲冷笑话了好吗？",
"mid":"zgHaa0sVX",
"date":"2013-01-29 12:59:30"
},
{
"kids":[],
"uid":"dukang113",
"parent":"zgGOhodfr",
"text":"笑死了，欺负我没坐过火车？",
"mid":"zgH1YC1h3",
"date":"2013-01-29 12:39:21"
},
{
"kids":[],
"uid":"2540825132",
"parent":"",
"text":"铁盗部 殃屎 [吐][吐][吐][吐][吐] 你麻痹当我们坐飞机长大的是吧 艹 忽悠你姐夫",
"mid":"zgGVSnVNl",
"date":"2013-01-29 12:24:18"
},
{
"kids":[],
"uid":"3134320041",
"parent":"zgEXc8Wtv",
"text":"高铁40！",
"mid":"zgGUUqrTm",
"date":"2013-01-29 12:21:55"
},
{
"kids":[
"zgHtVpzmo",
"zgH1YC1h3"
],
"uid":"1760040993",
"parent":"",
"text":"果然活在央视新闻里才是最幸福的。",
"mid":"zgGOhodfr",
"date":"2013-01-29 12:05:36"
},
{
"kids":[],
"uid":"zzitachi",
"parent":"zgBrp47dQ",
"text":"为莫斯非要流行搞到你信不得捏 这是一种搞笑的潮流么",
"mid":"zgGKd3rQO",
"date":"2013-01-29 11:55:34"
},
{
"kids":[],
"uid":"2803751750",
"parent":"",
"text":"",
"mid":"zgFXKsHTf",
"date":"2013-01-29 09:56:11"
},
{
"kids":[
"zgHHMpMf6"
],
"uid":"1642298281",
"parent":"zgBrj9sfv",
"text":"中央电视台的这条新闻告诉我们，如果以后遇到火车上卖5块钱以上的盒饭，可以砸了他们的推车，如果5块钱的盒饭不能加饭，可以跑到餐车上自己乘。",
"mid":"zgFQIBfwq",
"date":"2013-01-29 09:38:52"
},
{
"kids":[],
"uid":"1750190303",
"parent":"zgCmIBCas",
"text":"嘻嘻，不可能。",
"mid":"zgFNqteqp",
"date":"2013-01-29 09:30:44"
},
{
"kids":[],
"uid":"2919975780",
"parent":"",
"text":"",
"mid":"zgFIfeGPx",
"date":"2013-01-29 09:17:59"
},
{
"kids":[],
"uid":"nfar",
"parent":"",
"text":"人家说的是饭要五块钱，还没算菜呢[偷笑]",
"mid":"zgFEovDCD",
"date":"2013-01-29 09:08:29"
},
{
"kids":[],
"uid":"cchenjj",
"parent":"",
"text":"呵呵一笑",
"mid":"zgFv5n0lo",
"date":"2013-01-29 08:45:33"
},
{
"kids":[],
"uid":"omgufo",
"parent":"",
"text":"这尼玛是宣传么，怎么不说不要钱呢，瞎放屁",
"mid":"zgFsJpR1d",
"date":"2013-01-29 08:39:46"
},
{
"kids":[],
"uid":"2012623253",
"parent":"zgBKby18i",
"text":"实践是检验真象的唯一办法。也许ta们都是坐灰机出行嘀，哪见过火车是啥[闭嘴]。",
"mid":"zgFpZuQjD",
"date":"2013-01-29 08:33:00"
},
{
"kids":[],
"uid":"1626484350",
"parent":"",
"text":"我也想活在新闻联播里[害羞][害羞][害羞][害羞][害羞][害羞]",
"mid":"zgFlhja1T",
"date":"2013-01-29 08:21:23"
},
{
"kids":[],
"uid":"2735352383",
"parent":"",
"text":"礼物,你懂的",
"mid":"zgFhp1GoX",
"date":"2013-01-29 08:11:51"
},
{
"kids":[
"zjGs4sGPF",
"zjBuky2vc",
"zhR6PDu44",
"zhJcS9Lov",
"zgY1SbYsP",
"zgPJLs2A2"
],
"uid":"2901507401",
"parent":"zgBrj9sfv",
"text":"哎！对于国家的某些机构真的是无话可说啊！[怒骂]",
"mid":"zgF356Tf6",
"date":"2013-01-29 07:36:34"
},
{
"kids":[
"zgHFAv4A5",
"zgGUUqrTm"
],
"uid":"1447215215",
"parent":"",
"text":"动车30",
"mid":"zgEXc8Wtv",
"date":"2013-01-29 07:22:03"
},
{
"kids":[],
"uid":"HL644103660",
"parent":"zgCdjkzRS",
"text":"一位老外，天天坐着船来码头送货，我的朋友每天拉他看新闻联播，两个星期后，老外急着要移民我大天朝",
"mid":"zgESn7IlT",
"date":"2013-01-29 07:10:11"
},
{
"kids":[],
"uid":"2919879410",
"parent":"zgASId2yg",
"text":"",
"mid":"zgERbfayC",
"date":"2013-01-29 07:07:15"
},
{
"kids":[],
"uid":"2071923971",
"parent":"",
"text":"欧元",
"mid":"zgDLS2lnw",
"date":"2013-01-29 04:21:24"
},
{
"kids":[],
"uid":"2589175080",
"parent":"",
"text":"看来他们麻麻没有教他们闭着眼睛说真话",
"mid":"zgDJjmwBc",
"date":"2013-01-29 04:15:07"
},
{
"kids":[],
"uid":"2805424232",
"parent":"",
"text":"",
"mid":"zgDHKow3P",
"date":"2013-01-29 04:11:16"
},
{
"kids":[],
"uid":"1583929810",
"parent":"zgC7kt8Kb",
"text":"",
"mid":"zgDmv6fNc",
"date":"2013-01-29 03:18:55"
},
{
"kids":[],
"uid":"kino10",
"parent":"zgCmIBCas",
"text":"傻逼，这是特供餐，只供拍摄专用饭盒。CCAV果然是YY不止。",
"mid":"zgCChrdiR",
"date":"2013-01-29 01:25:03"
},
{
"kids":[],
"uid":"1016377960",
"parent":"",
"text":"尼玛的，我怎么从来没碰到过这种好事@落絮_fly",
"mid":"zgCtjBd2y",
"date":"2013-01-29 01:02:57"
},
{
"kids":[],
"uid":"207740888",
"parent":"",
"text":"这个是真的！！！！！我坐火车最爱吃饭盒了 又便宜又好吃！CCTV果然又没骗人！",
"mid":"zgCsEdV0b",
"date":"2013-01-29 01:01:19"
},
{
"kids":[],
"uid":"seedtwj",
"parent":"",
"text":"这只是一节经过装饰的车厢，拍摄道具而已。主要功能就是歌颂，在……的领导下，干了……的事，歌功颂德，年终表政绩，为来年往上爬做积累。新闻都要被控制，你丫的什么时候见过春运的火车上还有空间能推车买盒饭，白痴央视",
"mid":"zgCsCsvsV",
"date":"2013-01-29 01:01:15"
},
{
"kids":[
"zgFNqteqp",
"zgCChrdiR"
],
"uid":"2006224187",
"parent":"",
"text":"我看到菜满到快掉出来了！！[噢耶][噢耶]",
"mid":"zgCmIBCas",
"date":"2013-01-29 00:46:43"
},
{
"kids":[],
"uid":"2204751241",
"parent":"",
"text":"扯他的蛋，饭比石头还硬，我呸，还管饱，我怎么就没遇到。[挖鼻屎]",
"mid":"zgCk422XO",
"date":"2013-01-29 00:40:10"
},
{
"kids":[],
"uid":"jnfzth",
"parent":"",
"text":"记者那非正常拍摄的手法呢？找个农民工问问，别听他吹牛逼，还是你们串通好的，在年关将至的时候拉低大家的智商？？",
"mid":"zgCdO325n",
"date":"2013-01-29 00:24:44"
},
{
"kids":[
"zgESn7IlT"
],
"uid":"234807211",
"parent":"zgC9WosPB",
"text":"",
"mid":"zgCdjkzRS",
"date":"2013-01-29 00:23:32"
},
{
"kids":[
"zgCdjkzRS"
],
"uid":"2919608274",
"parent":"zgAH0rwnz",
"text":"",
"mid":"zgC9WosPB",
"date":"2013-01-29 00:15:11"
},
{
"kids":[],
"uid":"2973589332",
"parent":"",
"text":"大家误解了，它说的是盒“饭”五块钱。。。",
"mid":"zgC8fycx0",
"date":"2013-01-29 00:11:01"
},
{
"kids":[
"zgDmv6fNc"
],
"uid":"born2dance",
"parent":"zgBG2uqMV",
"text":"最少20",
"mid":"zgC7kt8Kb",
"date":"2013-01-29 00:08:48"
},
{
"kids":[],
"uid":"1857549434",
"parent":"zgC3db84n",
"text":"遥记当年15元一碗的清汤面[泪]",
"mid":"zgC4zphjP",
"date":"2013-01-29 00:02:00"
},
{
"kids":[
"zgC4zphjP"
],
"uid":"32062393",
"parent":"zgBIFBTTZ",
"text":"呵呵。呵呵，，呵呵 铁道部，新闻电视台 呵呵",
"mid":"zgC3db84n",
"date":"2013-01-28 23:58:36"
},
{
"kids":[],
"uid":"1863690812",
"parent":"zgBY7kX2B",
"text":"5块？？？？我怀疑我坐的估计是火箭",
"mid":"zgBZ0jjgs",
"date":"2013-01-28 23:48:18"
},
{
"kids":[
"zgBZ0jjgs"
],
"uid":"blisstvxq",
"parent":"zgBH0tPHF",
"text":"我去....",
"mid":"zgBY7kX2B",
"date":"2013-01-28 23:46:06"
},
{
"kids":[],
"uid":"2477542157",
"parent":"",
"text":"两个字，我干！对了还要说我们都很＂幸福＂，因为对于很多人来说吃饱喝好穿暖就很幸福啦。所以我们很＂幸福＂央视！[弱]",
"mid":"zgBSwozXL",
"date":"2013-01-28 23:32:20"
},
{
"kids":[],
"uid":"2298928275",
"parent":"",
"text":"CCAV是走这个路线的。天朝大国，万国朝宗。",
"mid":"zgBQ6yG6W",
"date":"2013-01-28 23:26:22"
},
{
"kids":[],
"uid":"2735352383",
"parent":"zgB6ljgaT",
"text":"在哪辆火车能卖到?",
"mid":"zgBPevim7",
"date":"2013-01-28 23:24:13"
},
{
"kids":[],
"uid":"bboychair",
"parent":"zgBIFBTTZ",
"text":"sb啊 无语 这也 说的出来",
"mid":"zgBLqpoZB",
"date":"2013-01-28 23:14:50"
},
{
"kids":[
"zgFpZuQjD"
],
"uid":"2243613884",
"parent":"zgAGB2HL8",
"text":"能不能不骗我吗咧！！！ 10年前都没有5块的，还加饭？？",
"mid":"zgBKby18i",
"date":"2013-01-28 23:11:46"
},
{
"kids":[
"zgC3db84n",
"zgBLqpoZB"
],
"uid":"wenhao528",
"parent":"zgAWcrUgI",
"text":"哈哈哈 这是央视拍的喜剧片",
"mid":"zgBIFBTTZ",
"date":"2013-01-28 23:07:59"
},
{
"kids":[
"zgBY7kX2B"
],
"uid":"2230174483",
"parent":"",
"text":"真情大奉送，盒饭五元，真的只要五元！挥泪大甩卖，跳楼价，世界毁灭价，老板娘跑了，老板判刑了！走过路过千万不要错过！机不可失，失不再来啊！[鄙视][鄙视][鄙视][挖鼻屎]",
"mid":"zgBH0tPHF",
"date":"2013-01-28 23:03:57"
},
{
"kids":[
"zgHaa0sVX",
"zgC7kt8Kb"
],
"uid":"1685934433",
"parent":"",
"text":"你们都别闹了··20？？ 我前天刚坐的·30素 45荤！",
"mid":"zgBG2uqMV",
"date":"2013-01-28 23:01:34"
},
{
"kids":[],
"uid":"2307421414",
"parent":"zgAGQ5XgX",
"text":"",
"mid":"zgBBbFfaS",
"date":"2013-01-28 22:49:37"
},
{
"kids":[],
"uid":"2158507150",
"parent":"",
"text":"大过年的,能不开玩笑了么?",
"mid":"zgBAJFVI6",
"date":"2013-01-28 22:48:30"
},
{
"kids":[],
"uid":"1816422113",
"parent":"",
"text":"你当我们中国人没坐过火车啊？[鄙视]",
"mid":"zgBz6gmvX",
"date":"2013-01-28 22:44:27"
},
{
"kids":[],
"uid":"1881724450",
"parent":"",
"text":"一个泡面都10块，你还盒饭五块，我笑了！",
"mid":"zgByKbbBs",
"date":"2013-01-28 22:43:35"
},
{
"kids":[],
"uid":"foxnchen",
"parent":"zgBshqOoM",
"text":"真逗~",
"mid":"zgBwDupIg",
"date":"2013-01-28 22:38:24"
},
{
"kids":[],
"uid":"1826593951",
"parent":"",
"text":"3个馒头一碗稀饭15快、记者没吃过么？",
"mid":"zgBwork6e",
"date":"2013-01-28 22:37:47"
},
{
"kids":[],
"uid":"zouruogu",
"parent":"",
"text":"呵呵~~~",
"mid":"zgBwlrMu5",
"date":"2013-01-28 22:37:41"
},
{
"kids":[],
"uid":"1955881424",
"parent":"",
"text":"从来没有见过五块钱的盒饭，泡面都要六块钱了！",
"mid":"zgBu05pdn",
"date":"2013-01-28 22:31:53"
},
{
"kids":[],
"uid":"2690329443",
"parent":"",
"text":"这位记者你不知道看到的不一定是真的吗，",
"mid":"zgBtyjBH5",
"date":"2013-01-28 22:30:46"
},
{
"kids":[
"zgBwDupIg"
],
"uid":"1784394493",
"parent":"",
"text":"5元只能在车上买瓶可乐。",
"mid":"zgBshqOoM",
"date":"2013-01-28 22:27:40"
},
{
"kids":[
"zgGKd3rQO"
],
"uid":"fuffy",
"parent":"zgAYCjAmq",
"text":"[偷笑]",
"mid":"zgBrp47dQ",
"date":"2013-01-28 22:25:30"
},
{
"kids":[
"zgFQIBfwq",
"zgF356Tf6"
],
"uid":"311198865",
"parent":"",
"text":"早餐十五块钱一份，特别丰盛：一个冷馒头，一小碗白粥，几块榨菜丝加一个鸡蛋。吃过一次就不想吃第二次了。",
"mid":"zgBrj9sfv",
"date":"2013-01-28 22:25:15"
},
{
"kids":[],
"uid":"1730479614",
"parent":"",
"text":"还加饭？？？亲 蛋都快被扯破了",
"mid":"zgBr9FOXs",
"date":"2013-01-28 22:24:54"
},
{
"kids":[],
"uid":"3167139935",
"parent":"",
"text":"CCAV好大的脸啊 五块钱买的吃完还给加，给跪下了",
"mid":"zgBloqbm9",
"date":"2013-01-28 22:10:39"
},
{
"kids":[],
"uid":"2198147615",
"parent":"zgAWcrUgI",
"text":"卧槽……打死那个记者我都不信……",
"mid":"zgBkmBivh",
"date":"2013-01-28 22:08:10"
},
{
"kids":[],
"uid":"1922772161",
"parent":"",
"text":"咱能别扯犊子么？",
"mid":"zgBiXbCW5",
"date":"2013-01-28 22:04:41"
},
{
"kids":[],
"uid":"gokudigo",
"parent":"zgAZ95MpA",
"text":"火车上从来我只吃泡面充饥…耳边只听到盒饭二十",
"mid":"zgBhp5GXC",
"date":"2013-01-28 22:00:49"
},
{
"kids":[],
"uid":"2017849673",
"parent":"",
"text":"喷了[哈哈]",
"mid":"zgBh4onDB",
"date":"2013-01-28 22:00:01"
},
{
"kids":[
"zgHzDr04r"
],
"uid":"1877606604",
"parent":"",
"text":"bullshit!!!据说还难吃的一比。。",
"mid":"zgBg72ypp",
"date":"2013-01-28 21:57:41"
},
{
"kids":[
"zgHfIzc8x"
],
"uid":"1858538302",
"parent":"",
"text":"我真不明白cctv那帮人的智商是有多低，歌功颂德黑别国你份内事就罢了，这种新闻你也播。[泪][泪]",
"mid":"zgBbR9Nmq",
"date":"2013-01-28 21:47:11"
},
{
"kids":[],
"uid":"2784305842",
"parent":"",
"text":"什么时候火车盒饭5元，共产主义也就不远了[打哈气]",
"mid":"zgBbHqi9K",
"date":"2013-01-28 21:46:47"
},
{
"kids":[],
"uid":"2509096453",
"parent":"zgB4Ya3j5",
"text":"你没看错，五块钱，，只要五块钱。。一菜一肉白饭任装，，没看错，不要二三十，不要四五十，，只要五块钱。",
"mid":"zgBayaK7b",
"date":"2013-01-28 21:43:56"
},
{
"kids":[],
"uid":"2874048941",
"parent":"",
"text":"[衰]哎～～～～啥也不说了。餐车的一把椅子坐都要二十",
"mid":"zgB9JFNWm",
"date":"2013-01-28 21:42:00"
},
{
"kids":[],
"uid":"2813656430",
"parent":"",
"text":"[弱]",
"mid":"zgB94id0F",
"date":"2013-01-28 21:40:18"
},
{
"kids":[],
"uid":"2253981673",
"parent":"zgAGB2HL8",
"text":"靠，还能再假一点吗？",
"mid":"zgB8GlY5o",
"date":"2013-01-28 21:39:23"
},
{
"kids":[],
"uid":"2116134514",
"parent":"zgAWcrUgI",
"text":"我大中华帝国牛逼啊，餐车盒饭5元一份呀！分量那是相当的足啊！有图有真相啊！5块钱管饱！尽在餐车盒饭！话说您餐车里备了不少米吧[草泥马]",
"mid":"zgB7gz3Cy",
"date":"2013-01-28 21:35:51"
},
{
"kids":[],
"uid":"716891235",
"parent":"zgB6ljgaT",
"text":"这难道是通往丰都滴火车！？[晕][汗][晕]",
"mid":"zgB7dmRbj",
"date":"2013-01-28 21:35:45"
},
{
"kids":[],
"uid":"2329570965",
"parent":"",
"text":"骗人！就跟大家没坐过火车一样！大骗子！[怒][怒]",
"mid":"zgB7dk843",
"date":"2013-01-28 21:35:47"
},
{
"kids":[],
"uid":"hb101",
"parent":"",
"text":"习李二位老总若上了车，盒饭可能是1元，外加一杯茅台",
"mid":"zgB6pFbr6",
"date":"2013-01-28 21:33:46"
},
{
"kids":[
"zgBPevim7",
"zgB7dmRbj"
],
"uid":"fangzjs",
"parent":"",
"text":"后悔当初冒好好学习，，应该克当记者，，！",
"mid":"zgB6ljgaT",
"date":"2013-01-28 21:33:35"
},
{
"kids":[],
"uid":"1942711237",
"parent":"",
"text":"",
"mid":"zgB5JrySJ",
"date":"2013-01-28 21:32:07"
},
{
"kids":[],
"uid":"2129728123",
"parent":"",
"text":"…矿泉水都5块钱一瓶……",
"mid":"zgB5h6M8g",
"date":"2013-01-28 21:30:55"
},
{
"kids":[
"zgBayaK7b"
],
"uid":"1930147691",
"parent":"",
"text":"脸是自己丢的！！！",
"mid":"zgB4Ya3j5",
"date":"2013-01-28 21:30:13"
},
{
"kids":[],
"uid":"207041777",
"parent":"",
"text":"[衰]雷死我了",
"mid":"zgB4wnfxz",
"date":"2013-01-28 21:29:08"
},
{
"kids":[],
"uid":"foreverbbdd",
"parent":"",
"text":"我也要去吃那个盒饭。。。",
"mid":"zgB48r1hj",
"date":"2013-01-28 21:28:11"
},
{
"kids":[],
"uid":"1959873694",
"parent":"zgAM4furC",
"text":"转发一个玩玩→_→@王利芬 @张泉灵",
"mid":"zgAZr7nZL",
"date":"2013-01-28 21:16:36"
},
{
"kids":[
"zgBhp5GXC"
],
"uid":"1765592222",
"parent":"",
"text":"劳资这辈子都没有吃过这样的盒饭 萝卜干 咸蛋！！才是火车盒饭的内容 真是蛋逼",
"mid":"zgAZ95MpA",
"date":"2013-01-28 21:15:53"
},
{
"kids":[],
"uid":"2787537580",
"parent":"zgAJHpWMr",
"text":"TMD别逗了，火车上面有低于10块钱的饭？还可以添？",
"mid":"zgAYW5CC6",
"date":"2013-01-28 21:15:20"
},
{
"kids":[
"zgBrp47dQ"
],
"uid":"1948021295",
"parent":"zgAVerYiq",
"text":"噗哈哈哈哈哈哈哈哈哈哈",
"mid":"zgAYCjAmq",
"date":"2013-01-28 21:14:32"
},
{
"kids":[],
"uid":"570011048",
"parent":"",
"text":"永远活在新闻联播中！@感性的豆豆老公 [疑问]",
"mid":"zgAYqcAwt",
"date":"2013-01-28 21:14:05"
},
{
"kids":[],
"uid":"2653474773",
"parent":"",
"text":"",
"mid":"zgAY894pX",
"date":"2013-01-28 21:13:23"
},
{
"kids":[],
"uid":"winza",
"parent":"zgAVerYiq",
"text":"呵呵。。",
"mid":"zgAY0rVyC",
"date":"2013-01-28 21:13:02"
},
{
"kids":[],
"uid":"dingdangxiaohuai",
"parent":"",
"text":"怂",
"mid":"zgAXMiC6V",
"date":"2013-01-28 21:12:30"
},
{
"kids":[],
"uid":"244819709",
"parent":"zgAVerYiq",
"text":"你妹啊，全中国那么多人坐火车，CCAV你是想要骗谁啊我次奥",
"mid":"zgAXi7QwY",
"date":"2013-01-28 21:11:19"
},
{
"kids":[
"zgBIFBTTZ",
"zgBkmBivh",
"zgB7gz3Cy"
],
"uid":"2976521677",
"parent":"zgAVerYiq",
"text":"打死我都不信！！！看来采访的人确实没坐过火车！",
"mid":"zgAWcrUgI",
"date":"2013-01-28 21:08:36"
},
{
"kids":[],
"uid":"2012104993",
"parent":"",
"text":"火车上几粒葡萄都不是这个价 太扯了吧",
"mid":"zgAVTCaww",
"date":"2013-01-28 21:07:52"
},
{
"kids":[],
"uid":"2252886572",
"parent":"zgAGQ5XgX",
"text":"",
"mid":"zgAVrtNbs",
"date":"2013-01-28 21:06:45"
},
{
"kids":[
"zgJmolkL4",
"zgAYCjAmq",
"zgAY0rVyC",
"zgAXi7QwY",
"zgAWcrUgI"
],
"uid":"poppintheo",
"parent":"zgAHCw5E2",
"text":"。。。。。。QNMLGB",
"mid":"zgAVerYiq",
"date":"2013-01-28 21:06:13"
},
{
"kids":[
"zgERbfayC"
],
"uid":"ting890720",
"parent":"",
"text":"搞笑吧！哼..央视真是什么都敢报啊..5元？！十几年前的价格吧！[哼][哼][鄙视][鄙视]",
"mid":"zgASId2yg",
"date":"2013-01-28 21:00:02"
},
{
"kids":[],
"uid":"2049182033",
"parent":"",
"text":"捏到鼻子哄眼睛[哼]",
"mid":"zgASu0XXj",
"date":"2013-01-28 20:59:29"
},
{
"kids":[],
"uid":"1843321261",
"parent":"",
"text":"傻B",
"mid":"zgARb0jWO",
"date":"2013-01-28 20:56:15"
},
{
"kids":[],
"uid":"1824653040",
"parent":"",
"text":"坐了这么多年火车，从来没吃过5元的盒饭，至少都是7-8块的，一般是火车快到终点的时候，图片上这份盒饭是给央视特制的吧，5元，央视这次丢人丢大了。@武汉晚报 @武汉晨报 @湖北经视江涛",
"mid":"zgAQ79O6m",
"date":"2013-01-28 20:53:35"
},
{
"kids":[],
"uid":"2710101043",
"parent":"",
"text":"轰 炸 北京",
"mid":"zgAPwvTAh",
"date":"2013-01-28 20:52:09"
},
{
"kids":[],
"uid":"2007261235",
"parent":"",
"text":"当今社会，戏子卖身不卖艺，他们卖艺又卖身！",
"mid":"zgAPbwRWf",
"date":"2013-01-28 20:51:20"
},
{
"kids":[
"zgAZr7nZL"
],
"uid":"2430402725",
"parent":"",
"text":"我多想生活在新闻联播里",
"mid":"zgAM4furC",
"date":"2013-01-28 20:43:40"
},
{
"kids":[],
"uid":"519637895",
"parent":"",
"text":"忽悠不上税！",
"mid":"zgALYltGW",
"date":"2013-01-28 20:43:26"
},
{
"kids":[],
"uid":"1236223800",
"parent":"",
"text":"CCTV老爱讲童话",
"mid":"zgALVDxGZ",
"date":"2013-01-28 20:43:18"
},
{
"kids":[],
"uid":"1875643095",
"parent":"",
"text":"扯鸡把蛋，刚买的十五……[衰]",
"mid":"zgALryUWw",
"date":"2013-01-28 20:42:06"
},
{
"kids":[],
"uid":"1732632537",
"parent":"",
"text":"那是不是我们每次买的都是直接三个盒饭份量的？这算强制消费么[挖鼻屎][挖鼻屎][挖鼻屎]",
"mid":"zgAL56IKb",
"date":"2013-01-28 20:41:13"
},
{
"kids":[],
"uid":"1428903023",
"parent":"zgAGB2HL8",
"text":"过愚人节吗？扯淡",
"mid":"zgAKX8Eg9",
"date":"2013-01-28 20:40:55"
},
{
"kids":[],
"uid":"1869702752",
"parent":"",
"text":"睁到眼睛说瞎话[怒][怒]",
"mid":"zgAKQBBhU",
"date":"2013-01-28 20:40:38"
},
{
"kids":[],
"uid":"1808845870",
"parent":"",
"text":"如果我没记错，明明是十元！有时十五呢！ shit！！就喜欢表面功夫[抓狂]",
"mid":"zgAJI1AHj",
"date":"2013-01-28 20:37:52"
},
{
"kids":[
"zgAYW5CC6"
],
"uid":"2691382782",
"parent":"",
"text":"",
"mid":"zgAJHpWMr",
"date":"2013-01-28 20:37:50"
},
{
"kids":[],
"uid":"2726921381",
"parent":"",
"text":"哥是来看评论的[阴险]",
"mid":"zgAJu7rG1",
"date":"2013-01-28 20:37:19"
},
{
"kids":[],
"uid":"1919047383",
"parent":"",
"text":"[泪]",
"mid":"zgAIaf3Q1",
"date":"2013-01-28 20:34:03"
},
{
"kids":[
"zgAVerYiq"
],
"uid":"loganlee",
"parent":"",
"text":"虚假 表面功夫",
"mid":"zgAHCw5E2",
"date":"2013-01-28 20:32:40"
},
{
"kids":[],
"uid":"2706685612",
"parent":"",
"text":"一瓶矿泉水5块。",
"mid":"zgAHuAawe",
"date":"2013-01-28 20:32:24"
},
{
"kids":[],
"uid":"2573272260",
"parent":"",
"text":"这是在坑爹吧",
"mid":"zgAHcgTzd",
"date":"2013-01-28 20:31:39"
},
{
"kids":[
"zgC9WosPB"
],
"uid":"uc34351022",
"parent":"",
"text":"五块钱，确定是天朝的火车~",
"mid":"zgAH0rwnz",
"date":"2013-01-28 20:31:10"
},
{
"kids":[
"zgBBbFfaS",
"zgAVrtNbs"
],
"uid":"2118357481",
"parent":"",
"text":"",
"mid":"zgAGQ5XgX",
"date":"2013-01-28 20:30:47"
},
{
"kids":[],
"uid":"iseeithink",
"parent":"",
"text":"新闻不是给老百姓看的",
"mid":"zgAGJj61C",
"date":"2013-01-28 20:30:31"
},
{
"kids":[
"zgBKby18i",
"zgB8GlY5o",
"zgAKX8Eg9"
],
"uid":"zsiel",
"parent":"",
"text":"扯淡，坐了10几年的火车没见过5块钱的盒饭，装这么满怎么也要15-20块钱了，还加饭？！要双筷子都跟要命一样，能不能不自己打自己的嘴巴？？？",
"mid":"zgAGB2HL8",
"date":"2013-01-28 20:30:10"
},
{
"kids":[],
"uid":"626209188",
"parent":"",
"text":"是的，随时间变化的梯形票价。收摊前最后一次叫卖的确是5块，貌似是凌晨12点左右。。最开始是20。。。",
"mid":"zgAG62sF3",
"date":"2013-01-28 20:28:56"
},
{
"kids":[],
"uid":"2168869462",
"parent":"",
"text":"@JJB-AL 你信？",
"mid":"zgAG4v6uW",
"date":"2013-01-28 20:28:54"
},
{
"kids":[],
"uid":"1871396992",
"parent":"",
"text":"加你M[鄙视]",
"mid":"zgAG4v6tD",
"date":"2013-01-28 20:28:54"
}
]