[
{
"kids":[],
"uid":"tieqinglv",
"parent":"",
"text":"",
"mid":"yBAd6xx5h",
"date":"2012-09-12 23:09:35"
},
{
"kids":[],
"uid":"1679846923",
"parent":"yBveEyXav",
"text":"",
"mid":"yBzRq32a6",
"date":"2012-09-12 22:16:09"
},
{
"kids":[],
"uid":"stsoso",
"parent":"",
"text":"律师群体已经成为微博上被打假的主力群体了，律师是个靠智力吃饭的行业，但实际上律师同志们表现得很不智力",
"mid":"yBy8CnHcX",
"date":"2012-09-12 17:53:04"
},
{
"kids":[],
"uid":"lucieni",
"parent":"yBv8GDC0y",
"text":"微博毁职业~怎么微博上喜欢造谣的律师行业的特别多？~现在我在微博上看见“律师”，“作家”......之类的，本能第一反应就是厌恶感╮(╯_╰)╭~~真糟糕 = =",
"mid":"yBwOgyP6K",
"date":"2012-09-12 14:30:09"
},
{
"kids":[],
"uid":"1821475143",
"parent":"",
"text":"转发微博。",
"mid":"yBwxYhfdg",
"date":"2012-09-12 13:50:02"
},
{
"kids":[],
"uid":"2295630853",
"parent":"",
"text":"嗯嗯，很真实",
"mid":"yBwcVDAHG",
"date":"2012-09-12 12:58:13"
},
{
"kids":[],
"uid":"2164491887",
"parent":"yBvbFzhUW",
"text":"确实二",
"mid":"yBw8SdYzR",
"date":"2012-09-12 12:48:10"
},
{
"kids":[],
"uid":"1781524384",
"parent":"yBvb98Xi2",
"text":"儿子孝敬老干爹，应该的",
"mid":"yBvXqacUT",
"date":"2012-09-12 12:19:56"
},
{
"kids":[],
"uid":"2454781743",
"parent":"",
"text":"",
"mid":"yBvVq3W8C",
"date":"2012-09-12 12:15:03"
},
{
"kids":[],
"uid":"2296254417",
"parent":"",
"text":"",
"mid":"yBvTR8W0m",
"date":"2012-09-12 12:11:12"
},
{
"kids":[],
"uid":"1228866590",
"parent":"yBv5m47vk",
"text":"",
"mid":"yBvOYdb4A",
"date":"2012-09-12 11:59:10"
},
{
"kids":[],
"uid":"2855606972",
"parent":"yBv43qqfg",
"text":"[围观]求辟谣",
"mid":"yBvM0b55v",
"date":"2012-09-12 11:51:51"
},
{
"kids":[],
"uid":"1826689664",
"parent":"",
"text":"不实消息，已处理。",
"mid":"yBvKilvI1",
"date":"2012-09-12 11:47:38"
},
{
"kids":[],
"uid":"2945282255",
"parent":"",
"text":"",
"mid":"yBvIwa83c",
"date":"2012-09-12 11:43:14"
},
{
"kids":[],
"uid":"keelykey",
"parent":"yBv8GDC0y",
"text":"又给律师界丢脸的货",
"mid":"yBvEDD9XL",
"date":"2012-09-12 11:33:43"
},
{
"kids":[],
"uid":"1506935802",
"parent":"",
"text":"",
"mid":"yBvDfADeJ",
"date":"2012-09-12 11:30:18"
},
{
"kids":[],
"uid":"311620008",
"parent":"yBvqtENmD",
"text":"",
"mid":"yBvCQtCpY",
"date":"2012-09-12 11:29:18"
},
{
"kids":[],
"uid":"1749253941",
"parent":"",
"text":"",
"mid":"yBvCLbcDO",
"date":"2012-09-12 11:29:05"
},
{
"kids":[],
"uid":"1718793713",
"parent":"yBvgpCQjA",
"text":"小利你要搞哪样？和小中一样玩钓鱼？[挖鼻屎]",
"mid":"yBvAS9tvP",
"date":"2012-09-12 11:24:24"
},
{
"kids":[],
"uid":"urnumber1",
"parent":"",
"text":"“此内容为不实消息，已处理。 详情>>”大V律师果然都是好样的",
"mid":"yBvAG64wc",
"date":"2012-09-12 11:23:57"
},
{
"kids":[],
"uid":"doubleye",
"parent":"",
"text":"好吧= =在编辑的时候新浪通知我已经完成判定了= =那么看来要恭喜这位律师又被骗了一次。[挖鼻屎]",
"mid":"yBvyrcZlf",
"date":"2012-09-12 11:18:26"
},
{
"kids":[],
"uid":"2935859311",
"parent":"",
"text":"",
"mid":"yBvygxC33",
"date":"2012-09-12 11:18:01"
},
{
"kids":[],
"uid":"doubleye",
"parent":"",
"text":"举报备存。1945年苏未承诺归还海参崴，该谣言出自大陆网文，称《中苏友好同盟条约》中约定“50年后收回六十四屯和海参崴”但条约实际早已公开，对岸“外交部”也可查询。并无任何关于海参崴的条文。只约定“中国政府声明于日本战败后，如外蒙古之公民投票证实此项愿望，中国政府当承认外蒙古之独立”",
"mid":"yBvxZq3jh",
"date":"2012-09-12 11:17:18"
},
{
"kids":[],
"uid":"1942295561",
"parent":"",
"text":"谁拿回来海参威谁做总统",
"mid":"yBvx0vOdR",
"date":"2012-09-12 11:14:55"
},
{
"kids":[],
"uid":"shileilvshi",
"parent":"yBvvcdU4g",
"text":"",
"mid":"yBvwh2QoU",
"date":"2012-09-12 11:13:06"
},
{
"kids":[],
"uid":"tmsmf",
"parent":"yBvvcdU4g",
"text":"",
"mid":"yBvvUggeS",
"date":"2012-09-12 11:12:10"
},
{
"kids":[],
"uid":"2174432204",
"parent":"",
"text":"",
"mid":"yBvvBmrUU",
"date":"2012-09-12 11:11:27"
},
{
"kids":[
"yBvwh2QoU",
"yBvvUggeS"
],
"uid":"1863185713",
"parent":"yBvulmhx5",
"text":"支持吕律师！",
"mid":"yBvvcdU4g",
"date":"2012-09-12 11:10:28"
},
{
"kids":[],
"uid":"2887575870",
"parent":"",
"text":"",
"mid":"yBvusad0d",
"date":"2012-09-12 11:08:37"
},
{
"kids":[
"yBvvcdU4g"
],
"uid":"2270216380",
"parent":"yBvqtENmD",
"text":"",
"mid":"yBvulmhx5",
"date":"2012-09-12 11:08:21"
},
{
"kids":[],
"uid":"2683630081",
"parent":"",
"text":"",
"mid":"yBvu8m4xI",
"date":"2012-09-12 11:07:49"
},
{
"kids":[],
"uid":"fly261606",
"parent":"yBvcqB38d",
"text":"这是见证发明历史的时刻",
"mid":"yBvthqfVP",
"date":"2012-09-12 11:05:44"
},
{
"kids":[],
"uid":"2216016544",
"parent":"yBvqtENmD",
"text":"",
"mid":"yBvsS4izx",
"date":"2012-09-12 11:04:43"
},
{
"kids":[],
"uid":"allensuforever",
"parent":"yBv8GDC0y",
"text":"BZ快点给我们看一下，记得要双方认可，当时双方领导人签字同意的。谢谢了。",
"mid":"yBvsNlcDt",
"date":"2012-09-12 11:04:31"
},
{
"kids":[],
"uid":"1842188802",
"parent":"",
"text":"第二次雅片战争期间，沙俄趁火打劫，与大清咸丰朝签订不平等的《瑷晖城条约》，霸占包括海参崴在内的60万平方公里中国领土。这是历史事实。",
"mid":"yBvsa2db3",
"date":"2012-09-12 11:02:58"
},
{
"kids":[],
"uid":"1738148901",
"parent":"yBv43qqfg",
"text":"",
"mid":"yBvs6bCVS",
"date":"2012-09-12 11:02:49"
},
{
"kids":[],
"uid":"1737108911",
"parent":"",
"text":"",
"mid":"yBvqJ5Tbk",
"date":"2012-09-12 10:59:26"
},
{
"kids":[
"yBvCQtCpY",
"yBvulmhx5",
"yBvsS4izx"
],
"uid":"1863185713",
"parent":"yBv6AAylb",
"text":"",
"mid":"yBvqtENmD",
"date":"2012-09-12 10:58:50"
},
{
"kids":[],
"uid":"2846402637",
"parent":"",
"text":"[good]",
"mid":"yBvqeCfTz",
"date":"2012-09-12 10:58:14"
},
{
"kids":[],
"uid":"1028192042",
"parent":"",
"text":"",
"mid":"yBvoZcyAr",
"date":"2012-09-12 10:55:08"
},
{
"kids":[],
"uid":"1096351543",
"parent":"yBv43qqfg",
"text":"问题是海参威被某代表签约送给俄罗斯了，再也要不回来了！",
"mid":"yBvoUdVXN",
"date":"2012-09-12 10:54:56"
},
{
"kids":[],
"uid":"2252260075",
"parent":"",
"text":"赶快打官司去呀，不然要你这个律师有什么用",
"mid":"yBvnrv9in",
"date":"2012-09-12 10:51:21"
},
{
"kids":[],
"uid":"1798435391",
"parent":"",
"text":"+1",
"mid":"yBvnk812M",
"date":"2012-09-12 10:51:03"
},
{
"kids":[],
"uid":"polymerxiaxia",
"parent":"",
"text":"我爸去那里出差过！",
"mid":"yBvlZme8M",
"date":"2012-09-12 10:47:46"
},
{
"kids":[],
"uid":"1138915172",
"parent":"",
"text":"",
"mid":"yBvlYsYYl",
"date":"2012-09-12 10:47:43"
},
{
"kids":[],
"uid":"stardust1218",
"parent":"",
"text":"当然能，替有钱人打总能赢。。。",
"mid":"yBvlY9VAg",
"date":"2012-09-12 10:47:43"
},
{
"kids":[],
"uid":"cuixiaobo",
"parent":"",
"text":"",
"mid":"yBvlMnLBP",
"date":"2012-09-12 10:47:15"
},
{
"kids":[],
"uid":"huangqing517",
"parent":"yBvc0kDR3",
"text":"",
"mid":"yBvle6X9a",
"date":"2012-09-12 10:45:53"
},
{
"kids":[],
"uid":"1455302477",
"parent":"yBvkh0yGv",
"text":"",
"mid":"yBvkZA8O8",
"date":"2012-09-12 10:45:19"
},
{
"kids":[],
"uid":"2721787980",
"parent":"yBvkh0yGv",
"text":"",
"mid":"yBvkGoIhl",
"date":"2012-09-12 10:44:33"
},
{
"kids":[],
"uid":"2201093615",
"parent":"yBvaHDDDE",
"text":"回复@Tara_Masquerade:是",
"mid":"yBvkDrn5p",
"date":"2012-09-12 10:44:25"
},
{
"kids":[],
"uid":"alice1111",
"parent":"yBvkh0yGv",
"text":"伸爪",
"mid":"yBvkuzYOo",
"date":"2012-09-12 10:44:04"
},
{
"kids":[],
"uid":"2446891362",
"parent":"",
"text":"",
"mid":"yBvktp868",
"date":"2012-09-12 10:44:01"
},
{
"kids":[
"yBvkZA8O8",
"yBvkGoIhl",
"yBvkuzYOo"
],
"uid":"xiaoxiaogeng",
"parent":"yBv8GDC0y",
"text":"同伸爪.",
"mid":"yBvkh0yGv",
"date":"2012-09-12 10:43:32"
},
{
"kids":[],
"uid":"2267995233",
"parent":"yBv43qqfg",
"text":"牢记、转发",
"mid":"yBvk58c7l",
"date":"2012-09-12 10:43:04"
},
{
"kids":[],
"uid":"1147071504",
"parent":"yBvhADgyO",
"text":"sb律师，给我吕氏丢脸",
"mid":"yBvj57WzQ",
"date":"2012-09-12 10:40:36"
},
{
"kids":[],
"uid":"1400259721",
"parent":"",
"text":"",
"mid":"yBviFp7JH",
"date":"2012-09-12 10:39:33"
},
{
"kids":[
"yBvj57WzQ"
],
"uid":"pimaozi",
"parent":"yBv8GDC0y",
"text":"伸手",
"mid":"yBvhADgyO",
"date":"2012-09-12 10:36:56"
},
{
"kids":[],
"uid":"1026702813",
"parent":"",
"text":"能打赢官司的律师被判了死缓？[衰]",
"mid":"yBvhizVSF",
"date":"2012-09-12 10:36:13"
},
{
"kids":[],
"uid":"jordanwang",
"parent":"",
"text":"软蛋的正腐！",
"mid":"yBvgXC2Me",
"date":"2012-09-12 10:35:22"
},
{
"kids":[],
"uid":"1804539357",
"parent":"yBvc74qG3",
"text":"还不让评论了？速度蛮快的嘛，不要拿年纪说事，哪本书给指点下迷津呗。这不年纪轻还得学嘛~有些人岁数活狗身了，没办法哎，求解惑呢正@吕国华律师",
"mid":"yBvgH3anr",
"date":"2012-09-12 10:34:43"
},
{
"kids":[],
"uid":"1029958311",
"parent":"",
"text":"",
"mid":"yBvgEpxZs",
"date":"2012-09-12 10:34:37"
},
{
"kids":[],
"uid":"1718162682",
"parent":"",
"text":"",
"mid":"yBvgCDDgu",
"date":"2012-09-12 10:34:33"
},
{
"kids":[
"yBvAS9tvP"
],
"uid":"1723136545",
"parent":"",
"text":"1945年列宁与孙文签署协议，约定50年后归还整个远东区！才不光是一个海参崴，po主五毛狗、不解释！",
"mid":"yBvgpCQjA",
"date":"2012-09-12 10:34:02"
},
{
"kids":[],
"uid":"1821136873",
"parent":"yBv5VgjyE",
"text":"",
"mid":"yBvfNvt3g",
"date":"2012-09-12 10:32:31"
},
{
"kids":[],
"uid":"2053360110",
"parent":"",
"text":"其实很多中国人不知道，最可怕的敌人不是日本，不是美国，也不是阿三哥，而是这个躺在我们身边的大狗熊",
"mid":"yBvfJ4tOf",
"date":"2012-09-12 10:32:20"
},
{
"kids":[],
"uid":"1427263011",
"parent":"yBv5VgjyE",
"text":"对的，ccav一口一个符拉迪沃斯托克，真亲切啊。罗刹国如不被赶到勒拿河以西，绝对是中华的第一祸患",
"mid":"yBvfu32eJ",
"date":"2012-09-12 10:31:43"
},
{
"kids":[],
"uid":"2904500197",
"parent":"",
"text":"钓鱼岛以后会被官方叫做坚阁利岛",
"mid":"yBvf09rEB",
"date":"2012-09-12 10:30:33"
},
{
"kids":[
"yBzRq32a6"
],
"uid":"1668484085",
"parent":"",
"text":"只能说明中国的律师是多么的没文化 讼棍就是讼棍 只适合贱民的身份",
"mid":"yBveEyXav",
"date":"2012-09-12 10:29:41"
},
{
"kids":[],
"uid":"1575859001",
"parent":"",
"text":"[哈哈]",
"mid":"yBvexbjMb",
"date":"2012-09-12 10:29:24"
},
{
"kids":[],
"uid":"yangshiyulawyer",
"parent":"yBv43qqfg",
"text":"",
"mid":"yBvetnFaC",
"date":"2012-09-12 10:29:15"
},
{
"kids":[],
"uid":"2466195242",
"parent":"yBvc0kDR3",
"text":"那个条约没有说归还海参崴啊，割让的领土老毛子怎么会吐出来",
"mid":"yBvetkKTg",
"date":"2012-09-12 10:29:15"
},
{
"kids":[],
"uid":"1932362437",
"parent":"",
"text":"求证啊，真假？",
"mid":"yBverhe8i",
"date":"2012-09-12 10:29:08"
},
{
"kids":[],
"uid":"1273472925",
"parent":"yBvcikFBJ",
"text":"唉……杵窝子！",
"mid":"yBveq8aKE",
"date":"2012-09-12 10:29:06"
},
{
"kids":[],
"uid":"2826230024",
"parent":"",
"text":"",
"mid":"yBvemhAlM",
"date":"2012-09-12 10:28:58"
},
{
"kids":[],
"uid":"1645934511",
"parent":"yBv43qqfg",
"text":"",
"mid":"yBve2bjAc",
"date":"2012-09-12 10:28:10"
},
{
"kids":[],
"uid":"1908539097",
"parent":"",
"text":"中国律师这样能打赢官司么？",
"mid":"yBve1BQeu",
"date":"2012-09-12 10:28:08"
},
{
"kids":[],
"uid":"falalaojiang",
"parent":"yBv43qqfg",
"text":"苏联解体后的俄罗斯，估计提都没敢提吧？去年边界勘定，是不是已经确定给人家了吧？！",
"mid":"yBve0qZHe",
"date":"2012-09-12 10:28:05"
},
{
"kids":[],
"uid":"111983820",
"parent":"",
"text":"我一直知道那里是海参崴",
"mid":"yBvdOgicO",
"date":"2012-09-12 10:27:37"
},
{
"kids":[],
"uid":"mxhhr",
"parent":"",
"text":"",
"mid":"yBvdNoHD4",
"date":"2012-09-12 10:27:35"
},
{
"kids":[],
"uid":"gloriousmoonlight",
"parent":"",
"text":"931海战忘记了？雅加达之兽？",
"mid":"yBvdMxxeB",
"date":"2012-09-12 10:27:33"
},
{
"kids":[],
"uid":"2293966703",
"parent":"yBv8GDC0y",
"text":"铜球，木地址，上文件照片也行，我们有人懂俄语",
"mid":"yBvdrwUNY",
"date":"2012-09-12 10:26:43"
},
{
"kids":[],
"uid":"suweizhai",
"parent":"",
"text":"岂不是一直被骗吗？殊不知，后来我们自己也会思考了，于是就改变了办法：....",
"mid":"yBvdqk779",
"date":"2012-09-12 10:26:40"
},
{
"kids":[],
"uid":"1655476237",
"parent":"yBv5VgjyE",
"text":"老毛子和小日本都是中国最大的敌人，一个都不能掉以轻心。现钓鱼岛箭在弦上，先关注钓鱼岛吧；一个已够呛，还要弄得腹背受敌？",
"mid":"yBvdpcQJd",
"date":"2012-09-12 10:26:37"
},
{
"kids":[],
"uid":"iamsteelma",
"parent":"yBvcqB38d",
"text":"手机怎么举报？",
"mid":"yBvdog26V",
"date":"2012-09-12 10:26:35"
},
{
"kids":[],
"uid":"314159222",
"parent":"yBv8GDC0y",
"text":"博主是一个毫无地理和历史知识的2B，看看海参崴的地理位置再好好想想苏联有没有可能约定归还吧。",
"mid":"yBvdk9MK2",
"date":"2012-09-12 10:26:24"
},
{
"kids":[],
"uid":"yiri3123",
"parent":"yBv8GDC0y",
"text":"微博真是利器啊，杀起律师的智商和RP来歘歘歘的！",
"mid":"yBvd8Abra",
"date":"2012-09-12 10:25:58"
},
{
"kids":[],
"uid":"1746512814",
"parent":"",
"text":"妹子[花心]打到莫斯科！",
"mid":"yBvd7plkq",
"date":"2012-09-12 10:25:55"
},
{
"kids":[],
"uid":"shakecs",
"parent":"",
"text":"天诛普沙皇，还我毛妹子",
"mid":"yBvcXpVH9",
"date":"2012-09-12 10:25:31"
},
{
"kids":[],
"uid":"suweizhai",
"parent":"",
"text":"",
"mid":"yBvcWuWND",
"date":"2012-09-12 10:25:27"
},
{
"kids":[],
"uid":"1914150791",
"parent":"",
"text":"打到莫斯科，收服金丝猫",
"mid":"yBvcTyOAG",
"date":"2012-09-12 10:25:22"
},
{
"kids":[],
"uid":"1410144962",
"parent":"",
"text":"杯具啊，苏联为了永久霸占海参崴，竟然选择悲壮的自爆了啊。。。",
"mid":"yBvcK7Aqn",
"date":"2012-09-12 10:24:59"
},
{
"kids":[
"yBvthqfVP",
"yBvdog26V"
],
"uid":"1401227000",
"parent":"",
"text":"擦，有举报权的ID上手啊",
"mid":"yBvcqB38d",
"date":"2012-09-12 10:24:13"
},
{
"kids":[],
"uid":"2403573854",
"parent":"",
"text":"",
"mid":"yBvclA881",
"date":"2012-09-12 10:24:01"
},
{
"kids":[],
"uid":"1312300620",
"parent":"yBv8GDC0y",
"text":"",
"mid":"yBvck7GfF",
"date":"2012-09-12 10:23:56"
},
{
"kids":[
"yBveq8aKE"
],
"uid":"2300760760",
"parent":"",
"text":"历史课本有太多的。。。。。",
"mid":"yBvcikFBJ",
"date":"2012-09-12 10:23:53"
},
{
"kids":[],
"uid":"2201093615",
"parent":"yBvbBdthU",
"text":"对啊，这个词就是这个意思",
"mid":"yBvcdjKKl",
"date":"2012-09-12 10:23:41"
},
{
"kids":[
"yBvgH3anr"
],
"uid":"1804539357",
"parent":"",
"text":"那造谣的还貌似是个成年人，你是成年人嘛？别吓我。。。大家都向你求解释求原文，你怎么成乌龟了？",
"mid":"yBvc74qG3",
"date":"2012-09-12 10:23:24"
},
{
"kids":[
"yBvle6X9a",
"yBvetkKTg"
],
"uid":"forestmorning",
"parent":"yBv43qqfg",
"text":"renew历史。",
"mid":"yBvc0kDR3",
"date":"2012-09-12 10:23:10"
},
{
"kids":[
"yBw8SdYzR"
],
"uid":"1428031081",
"parent":"",
"text":"2货！1945年正是毛子最牛的时候！还个屁啊！",
"mid":"yBvbFzhUW",
"date":"2012-09-12 10:22:20"
},
{
"kids":[
"yBvcdjKKl"
],
"uid":"1588354954",
"parent":"yBvb2jqD5",
"text":"Владивосток 征服东方",
"mid":"yBvbBdthU",
"date":"2012-09-12 10:22:10"
},
{
"kids":[
"yBvXqacUT"
],
"uid":"1037797640",
"parent":"yBv43qqfg",
"text":"",
"mid":"yBvb98Xi2",
"date":"2012-09-12 10:21:04"
},
{
"kids":[],
"uid":"fanqietaniang",
"parent":"yBv8ln1GN",
"text":"博主只是又被骗了。。。因为他太好骗了",
"mid":"yBvb5gLz9",
"date":"2012-09-12 10:20:52"
},
{
"kids":[
"yBvbBdthU"
],
"uid":"2201093615",
"parent":"yBvaHDDDE",
"text":"哪句？",
"mid":"yBvb2jqD5",
"date":"2012-09-12 10:20:47"
},
{
"kids":[],
"uid":"2033759702",
"parent":"",
"text":"是的。海参崴从陆路可达，较海中孤岛夺回来更方便！",
"mid":"yBvaUmfxw",
"date":"2012-09-12 10:20:28"
},
{
"kids":[
"yBvkDrn5p",
"yBvb2jqD5"
],
"uid":"jadepeony",
"parent":"yBv8GDC0y",
"text":"@十项全能普大帝 看看这句俄语翻译得对不",
"mid":"yBvaHDDDE",
"date":"2012-09-12 10:19:58"
},
{
"kids":[],
"uid":"1219955825",
"parent":"yBv8ln1GN",
"text":"",
"mid":"yBvaECJqk",
"date":"2012-09-12 10:19:51"
},
{
"kids":[],
"uid":"1037797640",
"parent":"yBv43qqfg",
"text":"",
"mid":"yBvax1z3U",
"date":"2012-09-12 10:19:32"
},
{
"kids":[],
"uid":"bubblek",
"parent":"",
"text":"支持铝国华，打到莫斯科！！",
"mid":"yBvaltjxH",
"date":"2012-09-12 10:19:04"
},
{
"kids":[],
"uid":"1634688100",
"parent":"yBv6AAylb",
"text":"",
"mid":"yBvabqWjv",
"date":"2012-09-12 10:18:40"
},
{
"kids":[],
"uid":"1736366667",
"parent":"yBv43qqfg",
"text":"",
"mid":"yBv9Yqfb5",
"date":"2012-09-12 10:18:10"
},
{
"kids":[],
"uid":"2354125623",
"parent":"yBv8ln1GN",
"text":"",
"mid":"yBv9XvhUH",
"date":"2012-09-12 10:18:08"
},
{
"kids":[],
"uid":"2686543565",
"parent":"yBv43qqfg",
"text":"",
"mid":"yBv9M3gsC",
"date":"2012-09-12 10:17:38"
},
{
"kids":[],
"uid":"1401227000",
"parent":"yBv8ln1GN",
"text":"右边赶紧举报吧，我们跟进投票",
"mid":"yBv9JF8a9",
"date":"2012-09-12 10:17:35"
},
{
"kids":[],
"uid":"2129234885",
"parent":"",
"text":"法律上俄罗斯不是继承了苏联么，所以对俄罗斯这法律文书应该也是有效的。但为啥就丢了呢？有些人是否应该解释清楚？",
"mid":"yBv9D9Fcz",
"date":"2012-09-12 10:17:19"
},
{
"kids":[],
"uid":"1827213415",
"parent":"yBv8GDC0y",
"text":"这人是傻的吧",
"mid":"yBv9B5zp0",
"date":"2012-09-12 10:17:14"
},
{
"kids":[],
"uid":"1149190194",
"parent":"yBv8GDC0y",
"text":"同求！！",
"mid":"yBv9zCgiw",
"date":"2012-09-12 10:17:11"
},
{
"kids":[],
"uid":"hgyq",
"parent":"yBv8GDC0y",
"text":"",
"mid":"yBv9wlJQe",
"date":"2012-09-12 10:17:03"
},
{
"kids":[],
"uid":"1740062322",
"parent":"yBv8GDC0y",
"text":"",
"mid":"yBv9qb2oQ",
"date":"2012-09-12 10:16:47"
},
{
"kids":[],
"uid":"2751425153",
"parent":"yBv6K3CpK",
"text":"只恨委员长亲卫队被日军八路夹攻于南京全军覆没！",
"mid":"yBv9iaGJC",
"date":"2012-09-12 10:16:30"
},
{
"kids":[],
"uid":"berkliu",
"parent":"yBv8ln1GN",
"text":"@petriv 律师真是不造谣会死的行业么-_-",
"mid":"yBv9g5Gnv",
"date":"2012-09-12 10:16:22"
},
{
"kids":[],
"uid":"1933060631",
"parent":"yBv8ln1GN",
"text":"直接举报就是了还等啥",
"mid":"yBv990ckV",
"date":"2012-09-12 10:16:05"
},
{
"kids":[
"yBwOgyP6K",
"yBvEDD9XL",
"yBvsNlcDt",
"yBvkh0yGv",
"yBvhADgyO",
"yBvdrwUNY",
"yBvdk9MK2",
"yBvd8Abra",
"yBvck7GfF",
"yBvaHDDDE",
"yBv9B5zp0",
"yBv9zCgiw",
"yBv9wlJQe",
"yBv9qb2oQ"
],
"uid":"1865807363",
"parent":"yBv8ln1GN",
"text":"伸手，给地址",
"mid":"yBv8GDC0y",
"date":"2012-09-12 10:15:00"
},
{
"kids":[],
"uid":"2128699385",
"parent":"",
"text":"果粉，仔细看看45年的《中苏友好同盟条约》吧。http:",
"mid":"yBv8FbDkJ",
"date":"2012-09-12 10:14:56"
},
{
"kids":[],
"uid":"2162067584",
"parent":"",
"text":"",
"mid":"yBv8uf34m",
"date":"2012-09-12 10:14:30"
},
{
"kids":[],
"uid":"731901244",
"parent":"",
"text":"真替你的客人担忧。。。",
"mid":"yBv8tlNK1",
"date":"2012-09-12 10:14:28"
},
{
"kids":[
"yBvb5gLz9",
"yBvaECJqk",
"yBv9XvhUH",
"yBv9JF8a9",
"yBv9g5Gnv",
"yBv990ckV",
"yBv8GDC0y"
],
"uid":"2295630853",
"parent":"",
"text":"博主你有种，就把提出50年后归还海参崴的条约让我们看一下。否则我们立刻举报你造谣",
"mid":"yBv8ln1GN",
"date":"2012-09-12 10:14:09"
},
{
"kids":[],
"uid":"1427448261",
"parent":"yBv43qqfg",
"text":"如何对前政府干的都可不承认，那么靠的只有现政府的意愿与力量，中国也是如此",
"mid":"yBv8hwUj1",
"date":"2012-09-12 10:13:59"
},
{
"kids":[],
"uid":"1096533962",
"parent":"yBv43qqfg",
"text":"",
"mid":"yBv752txS",
"date":"2012-09-12 10:11:01"
},
{
"kids":[],
"uid":"1153624764",
"parent":"",
"text":"",
"mid":"yBv74rnpd",
"date":"2012-09-12 10:11:01"
},
{
"kids":[],
"uid":"2942449311",
"parent":"",
"text":"比钓鱼岛大多了",
"mid":"yBv7304vN",
"date":"2012-09-12 10:10:56"
},
{
"kids":[],
"uid":"1406612847",
"parent":"yBv62CFyi",
"text":"向毛主席保证，该驴不会混淆百元大钞和擦屁股纸",
"mid":"yBv6TwpBV",
"date":"2012-09-12 10:10:35"
},
{
"kids":[],
"uid":"2625370483",
"parent":"",
"text":"千古罪人，一地鸡毛！",
"mid":"yBv6PFPpe",
"date":"2012-09-12 10:10:25"
},
{
"kids":[
"yBv9iaGJC"
],
"uid":"2782989535",
"parent":"yBv0V06dp",
"text":"还有割让琉球的《豆尼丸宣言》[哈哈]",
"mid":"yBv6K3CpK",
"date":"2012-09-12 10:10:12"
},
{
"kids":[],
"uid":"2654174697",
"parent":"yBv43qqfg",
"text":"",
"mid":"yBv6H6irt",
"date":"2012-09-12 10:10:04"
},
{
"kids":[
"yBvqtENmD",
"yBvabqWjv"
],
"uid":"yinxueyu",
"parent":"yBv5VgjyE",
"text":"",
"mid":"yBv6AAylb",
"date":"2012-09-12 10:09:50"
},
{
"kids":[],
"uid":"2632531861",
"parent":"yBv43qqfg",
"text":"",
"mid":"yBv6Aipyr",
"date":"2012-09-12 10:09:49"
},
{
"kids":[],
"uid":"ifb1987",
"parent":"",
"text":"作为律师，p主没有求证的精神",
"mid":"yBv6ihq7m",
"date":"2012-09-12 10:09:05"
},
{
"kids":[],
"uid":"ruiber",
"parent":"yBv43qqfg",
"text":"",
"mid":"yBv6f4rF8",
"date":"2012-09-12 10:08:58"
},
{
"kids":[
"yBv6TwpBV"
],
"uid":"1686199162",
"parent":"",
"text":"该驴师智商堪忧!从业时必定混淆黑白,玷污法律!",
"mid":"yBv62CFyi",
"date":"2012-09-12 10:08:28"
},
{
"kids":[],
"uid":"1965730625",
"parent":"yBv43qqfg",
"text":"",
"mid":"yBv61aedk",
"date":"2012-09-12 10:08:23"
},
{
"kids":[
"yBvfNvt3g",
"yBvfu32eJ",
"yBvdpcQJd",
"yBv6AAylb"
],
"uid":"easilife",
"parent":"yBv43qqfg",
"text":"与其举国保钓，不如呼吁东北大片土地，APEC在海参崴举行，本身就很JOKE的，中国的最大敌人与其说是日本，不如说是老毛子。沙皇、苏共和资本主义俄罗斯都一个德行",
"mid":"yBv5VgjyE",
"date":"2012-09-12 10:08:11"
},
{
"kids":[],
"uid":"ziyou1989",
"parent":"yBv43qqfg",
"text":"",
"mid":"yBv5s2uBl",
"date":"2012-09-12 10:07:00"
},
{
"kids":[
"yBvOYdb4A"
],
"uid":"1109198035",
"parent":"",
"text":"[怒]",
"mid":"yBv5m47vk",
"date":"2012-09-12 10:06:47"
},
{
"kids":[],
"uid":"2313603381",
"parent":"",
"text":"",
"mid":"yBv5h4QTZ",
"date":"2012-09-12 10:06:35"
},
{
"kids":[],
"uid":"1406612847",
"parent":"",
"text":"她的屁股坐在对面鬼子的大腿上",
"mid":"yBv5bbHFv",
"date":"2012-09-12 10:06:21"
},
{
"kids":[],
"uid":"guoguoboshi",
"parent":"yBv43qqfg",
"text":"应该看看你国民政府与苏联签订的条约",
"mid":"yBv546aMB",
"date":"2012-09-12 10:06:03"
},
{
"kids":[],
"uid":"1487105535",
"parent":"yBv43qqfg",
"text":"[泪]",
"mid":"yBv51mRGd",
"date":"2012-09-12 10:05:56"
},
{
"kids":[],
"uid":"1958320367",
"parent":"",
"text":"",
"mid":"yBv4SfifT",
"date":"2012-09-12 10:05:35"
},
{
"kids":[],
"uid":"1660198970",
"parent":"",
"text":"",
"mid":"yBv4RFaDc",
"date":"2012-09-12 10:05:35"
},
{
"kids":[],
"uid":"1653148274",
"parent":"",
"text":"",
"mid":"yBv4R4rDd",
"date":"2012-09-12 10:05:32"
},
{
"kids":[],
"uid":"1817614510",
"parent":"",
"text":"",
"mid":"yBv4rlrG4",
"date":"2012-09-12 10:04:32"
},
{
"kids":[],
"uid":"twostones",
"parent":"yBuXjAIoI",
"text":"@吕国华律师 明知介是个假货，却仍然要向大众贩卖——浪妹乐于为他提供摊位哈！",
"mid":"yBv4lstoz",
"date":"2012-09-12 10:04:17"
},
{
"kids":[
"yBvM0b55v",
"yBvs6bCVS",
"yBvoUdVXN",
"yBvk58c7l",
"yBvetnFaC",
"yBve2bjAc",
"yBve0qZHe",
"yBvc0kDR3",
"yBvb98Xi2",
"yBvax1z3U",
"yBv9Yqfb5",
"yBv9M3gsC",
"yBv8hwUj1",
"yBv752txS",
"yBv6H6irt",
"yBv6Aipyr",
"yBv6f4rF8",
"yBv61aedk",
"yBv5VgjyE",
"yBv5s2uBl",
"yBv546aMB",
"yBv51mRGd"
],
"uid":"fzx59",
"parent":"",
"text":"",
"mid":"yBv43qqfg",
"date":"2012-09-12 10:03:34"
},
{
"kids":[],
"uid":"uc35249585",
"parent":"",
"text":"[哈哈]",
"mid":"yBv2YmOpJ",
"date":"2012-09-12 10:00:54"
},
{
"kids":[],
"uid":"2135200651",
"parent":"",
"text":"",
"mid":"yBv2Y5d37",
"date":"2012-09-12 10:00:54"
},
{
"kids":[],
"uid":"1770504353",
"parent":"",
"text":"回复@童进军-朴智咨询:造谣死全家",
"mid":"yBv1Y17Vi",
"date":"2012-09-12 09:58:25"
},
{
"kids":[
"yBv6K3CpK"
],
"uid":"2330252594",
"parent":"",
"text":"乌兰巴托大海战呢？",
"mid":"yBv0V06dp",
"date":"2012-09-12 09:55:51"
},
{
"kids":[],
"uid":"1978285044",
"parent":"",
"text":"这鱼是被钓傻了",
"mid":"yBv0SlQ1b",
"date":"2012-09-12 09:55:45"
},
{
"kids":[],
"uid":"1770504353",
"parent":"",
"text":"回复@吕国华律师:嗯 黑名单的长度 就是你智商的下限[bed凌乱] 话说 北大就培育出这种东西？",
"mid":"yBv0Lwrfu",
"date":"2012-09-12 09:55:29"
},
{
"kids":[],
"uid":"iamtango",
"parent":"",
"text":"",
"mid":"yBv0hnQvR",
"date":"2012-09-12 09:54:17"
},
{
"kids":[],
"uid":"sxhfrn",
"parent":"",
"text":"总共才24条评论啊！怎么二十几个撕咬不放呢？",
"mid":"yBuZ3adka",
"date":"2012-09-12 09:51:14"
},
{
"kids":[],
"uid":"2741649970",
"parent":"",
"text":"",
"mid":"yBuYZl5rW",
"date":"2012-09-12 09:51:06"
},
{
"kids":[],
"uid":"2732441567",
"parent":"",
"text":"回复@吕国华律师:SB",
"mid":"yBuYMz5F3",
"date":"2012-09-12 09:50:36"
},
{
"kids":[],
"uid":"berkliu",
"parent":"",
"text":"大家一起举报吧，没有任何文献上有苏联在1945年承诺50年后归还海参崴",
"mid":"yBuYsbSly",
"date":"2012-09-12 09:49:48"
},
{
"kids":[],
"uid":"1888584907",
"parent":"",
"text":"回复 @吕国华律师:这个条约在哪里能查到啊？",
"mid":"yBuYkeVQG",
"date":"2012-09-12 09:49:28"
},
{
"kids":[
"yBv4lstoz"
],
"uid":"1406612847",
"parent":"",
"text":"傻B律师又把造谣贴挂出来了。今天进步了，学会查字典了。把昨天的微博删了，改了个字。不容易。@成都双石",
"mid":"yBuXjAIoI",
"date":"2012-09-12 09:46:59"
},
{
"kids":[],
"uid":"2295630853",
"parent":"",
"text":"而且我确定博主是蓄意造谣，昨天博主发了内容一模一样的内容，被网友指出是造谣，谁知昨天删掉之后今天又重新发了一个出来",
"mid":"yBuSM0IvE",
"date":"2012-09-12 09:35:47"
},
{
"kids":[],
"uid":"gloomyoneonone",
"parent":"",
"text":"文人误国啊。。。其实现在看着各种纯人文社科背景的人进入公务员队伍，真心很捉急",
"mid":"yBuM1wAYY",
"date":"2012-09-12 09:19:10"
},
{
"kids":[],
"uid":"2752385974",
"parent":"yBuxj4koF",
"text":"",
"mid":"yBuKTx4HO",
"date":"2012-09-12 09:16:23"
},
{
"kids":[],
"uid":"wangzixiang1990",
"parent":"",
"text":"接着造谣",
"mid":"yBuKSnxlJ",
"date":"2012-09-12 09:16:19"
},
{
"kids":[
"yBuKTx4HO"
],
"uid":"1009744165",
"parent":"",
"text":"轉發微博",
"mid":"yBuxj4koF",
"date":"2012-09-12 08:42:54"
},
{
"kids":[],
"uid":"2595831432",
"parent":"",
"text":"",
"mid":"yBusnysMq",
"date":"2012-09-12 08:30:46"
},
{
"kids":[],
"uid":"2538547542",
"parent":"",
"text":"[生病][生病][生病]",
"mid":"yBupXq1Ur",
"date":"2012-09-12 08:24:47"
},
{
"kids":[],
"uid":"1805684895",
"parent":"",
"text":"对于几百万肥沃领土和面向日本海的不冻港，某党无视加承认了[抓狂]",
"mid":"yBunlfjm0",
"date":"2012-09-12 08:18:21"
},
{
"kids":[],
"uid":"1798585630",
"parent":"",
"text":"",
"mid":"yBuiz82aY",
"date":"2012-09-12 08:06:35"
},
{
"kids":[],
"uid":"sceg",
"parent":"yBucsB69f",
"text":"",
"mid":"yBud7pbcD",
"date":"2012-09-12 07:53:10"
},
{
"kids":[
"yBud7pbcD"
],
"uid":"1481814940",
"parent":"",
"text":"俄毛子承诺过吗？无论如何中华早晚收回这部分领土。",
"mid":"yBucsB69f",
"date":"2012-09-12 07:51:33"
},
{
"kids":[],
"uid":"1371982065",
"parent":"",
"text":"",
"mid":"yBu8x9I84",
"date":"2012-09-12 07:41:51"
},
{
"kids":[],
"uid":"ppc750",
"parent":"",
"text":"又是在意淫？91年以前中国官方哪本书哪份官方文件提到过？",
"mid":"yBu3qEclA",
"date":"2012-09-12 07:29:18"
},
{
"kids":[],
"uid":"2703483127",
"parent":"",
"text":"",
"mid":"yBtRhsfUK",
"date":"2012-09-12 06:59:22"
},
{
"kids":[],
"uid":"1781963610",
"parent":"",
"text":"",
"mid":"yBtEshVmK",
"date":"2012-09-12 06:27:45"
},
{
"kids":[],
"uid":"2536213992",
"parent":"",
"text":"",
"mid":"yBtxIrNSx",
"date":"2012-09-12 06:11:10"
},
{
"kids":[],
"uid":"inm717",
"parent":"",
"text":"",
"mid":"yBtxisIvN",
"date":"2012-09-12 06:10:08"
},
{
"kids":[],
"uid":"doorback",
"parent":"yBrBjrovn",
"text":"",
"mid":"yBsEiafhY",
"date":"2012-09-12 03:54:37"
},
{
"kids":[],
"uid":"2562299802",
"parent":"yBrlKBRNi",
"text":"",
"mid":"yBrL5dEF3",
"date":"2012-09-12 01:38:36"
},
{
"kids":[],
"uid":"1199151377",
"parent":"",
"text":"",
"mid":"yBrKbkytx",
"date":"2012-09-12 01:36:23"
},
{
"kids":[],
"uid":"zqing666",
"parent":"",
"text":"",
"mid":"yBrFfwyYk",
"date":"2012-09-12 01:24:13"
},
{
"kids":[
"yBsEiafhY"
],
"uid":"1519279417",
"parent":"",
"text":"",
"mid":"yBrBjrovn",
"date":"2012-09-12 01:14:32"
},
{
"kids":[],
"uid":"2325740952",
"parent":"",
"text":"",
"mid":"yBrzVpvEu",
"date":"2012-09-12 01:11:07"
},
{
"kids":[],
"uid":"woyouzhiai",
"parent":"",
"text":"转发微博。",
"mid":"yBryFbaqh",
"date":"2012-09-12 01:08:00"
},
{
"kids":[],
"uid":"2197016602",
"parent":"",
"text":"",
"mid":"yBrxK7gju",
"date":"2012-09-12 01:05:44"
},
{
"kids":[],
"uid":"2023453600",
"parent":"",
"text":"租赁50年，赖着不走又延长10年，最后就成了他们的啦。",
"mid":"yBrwRbbpp",
"date":"2012-09-12 01:03:33"
},
{
"kids":[],
"uid":"1984318883",
"parent":"",
"text":"",
"mid":"yBrwiiSNS",
"date":"2012-09-12 01:02:10"
},
{
"kids":[],
"uid":"1416992090",
"parent":"",
"text":"伟大的盟友",
"mid":"yBrska8RT",
"date":"2012-09-12 00:52:24"
},
{
"kids":[],
"uid":"1273125211",
"parent":"",
"text":"",
"mid":"yBrr4q50A",
"date":"2012-09-12 00:49:15"
},
{
"kids":[
"yBrL5dEF3"
],
"uid":"1722771337",
"parent":"",
"text":"",
"mid":"yBrlKBRNi",
"date":"2012-09-12 00:36:12"
},
{
"kids":[],
"uid":"eastzhouyoung",
"parent":"",
"text":"台灣媒體（例如中廣整點新聞）今日仍稱海參崴。",
"mid":"yBrlsluxR",
"date":"2012-09-12 00:35:25"
},
{
"kids":[],
"uid":"aha945",
"parent":"yBrf2AsJO",
"text":"",
"mid":"yBrjGqqUS",
"date":"2012-09-12 00:31:02"
},
{
"kids":[
"yBrjGqqUS"
],
"uid":"2583736184",
"parent":"",
"text":"@伊商Danuta @伊商Ellen",
"mid":"yBrf2AsJO",
"date":"2012-09-12 00:19:36"
},
{
"kids":[],
"uid":"1828264001",
"parent":"",
"text":"",
"mid":"yBre40Hl4",
"date":"2012-09-12 00:17:15"
},
{
"kids":[],
"uid":"1206569734",
"parent":"",
"text":"转发微博。",
"mid":"yBrdUiZBu",
"date":"2012-09-12 00:16:52"
},
{
"kids":[],
"uid":"max531",
"parent":"",
"text":"",
"mid":"yBrdGo85L",
"date":"2012-09-12 00:16:16"
},
{
"kids":[],
"uid":"yuxiaoyu123",
"parent":"",
"text":"次奥、现在俄罗斯不认帐了、当局又没有要回来的胆量、",
"mid":"yBrdr3ED7",
"date":"2012-09-12 00:15:42"
},
{
"kids":[],
"uid":"qflq",
"parent":"",
"text":"",
"mid":"yBrcV5rJh",
"date":"2012-09-12 00:14:27"
},
{
"kids":[],
"uid":"renjianzhengdao",
"parent":"",
"text":"还是美英帝国主义说话算数",
"mid":"yBrb79fDb",
"date":"2012-09-12 00:09:59"
},
{
"kids":[],
"uid":"2312064794",
"parent":"",
"text":"[蜡烛]",
"mid":"yBraJtcKz",
"date":"2012-09-12 00:09:02"
},
{
"kids":[],
"uid":"275542233",
"parent":"yBralgCXA",
"text":"[嘻嘻]",
"mid":"yBraClHIn",
"date":"2012-09-12 00:08:46"
},
{
"kids":[],
"uid":"1883242293",
"parent":"",
"text":"谁他妈的在卖国啊。。。。",
"mid":"yBravjuwP",
"date":"2012-09-12 00:08:28"
},
{
"kids":[
"yBraClHIn"
],
"uid":"1283050744",
"parent":"",
"text":"",
"mid":"yBralgCXA",
"date":"2012-09-12 00:08:05"
}
]